# Histogram: 111
# File: K47_T1_002-6.his
#X  N  dN
0.5 21299 145.942
1.5 20 4.47214
2.5 10 3.16228
3.5 15 3.87298
4.5 15 3.87298
5.5 21 4.58258
6.5 18 4.24264
7.5 23 4.79583
8.5 31 5.56776
9.5 18 4.24264
10.5 30 5.47723
11.5 27 5.19615
12.5 31 5.56776
13.5 31 5.56776
14.5 30 5.47723
15.5 35 5.91608
16.5 33 5.74456
17.5 41 6.40312
18.5 42 6.48074
19.5 44 6.63325
20.5 57 7.54983
21.5 54 7.34847
22.5 70 8.3666
23.5 75 8.66025
24.5 73 8.544
25.5 80 8.94427
26.5 105 10.247
27.5 90 9.48683
28.5 100 10
29.5 107 10.3441
30.5 116 10.7703
31.5 145 12.0416
32.5 149 12.2066
33.5 160 12.6491
34.5 147 12.1244
35.5 170 13.0384
36.5 192 13.8564
37.5 199 14.1067
38.5 202 14.2127
39.5 208 14.4222
40.5 240 15.4919
41.5 227 15.0665
42.5 269 16.4012
43.5 266 16.3095
44.5 275 16.5831
45.5 335 18.303
46.5 247 15.7162
47.5 286 16.9115
48.5 285 16.8819
49.5 292 17.088
50.5 325 18.0278
51.5 312 17.6635
52.5 320 17.8885
53.5 319 17.8606
54.5 320 17.8885
55.5 317 17.8045
56.5 351 18.735
57.5 351 18.735
58.5 348 18.6548
59.5 342 18.4932
60.5 333 18.2483
61.5 369 19.2094
62.5 366 19.1311
63.5 338 18.3848
64.5 347 18.6279
65.5 357 18.8944
66.5 357 18.8944
67.5 334 18.2757
68.5 384 19.5959
69.5 345 18.5742
70.5 366 19.1311
71.5 355 18.8414
72.5 342 18.4932
73.5 374 19.3391
74.5 361 19
75.5 348 18.6548
76.5 332 18.2209
77.5 369 19.2094
78.5 366 19.1311
79.5 349 18.6815
80.5 374 19.3391
81.5 379 19.4679
82.5 357 18.8944
83.5 358 18.9209
84.5 396 19.8997
85.5 346 18.6011
86.5 381 19.5192
87.5 370 19.2354
88.5 355 18.8414
89.5 362 19.0263
90.5 345 18.5742
91.5 380 19.4936
92.5 384 19.5959
93.5 375 19.3649
94.5 347 18.6279
95.5 331 18.1934
96.5 335 18.303
97.5 372 19.2873
98.5 333 18.2483
99.5 366 19.1311
100.5 371 19.2614
101.5 352 18.7617
102.5 350 18.7083
103.5 372 19.2873
104.5 360 18.9737
105.5 369 19.2094
106.5 350 18.7083
107.5 377 19.4165
108.5 403 20.0749
109.5 369 19.2094
110.5 357 18.8944
111.5 378 19.4422
112.5 339 18.412
113.5 353 18.7883
114.5 381 19.5192
115.5 377 19.4165
116.5 369 19.2094
117.5 398 19.9499
118.5 383 19.5704
119.5 373 19.3132
120.5 403 20.0749
121.5 371 19.2614
122.5 372 19.2873
123.5 369 19.2094
124.5 410 20.2485
125.5 377 19.4165
126.5 353 18.7883
127.5 402 20.0499
128.5 392 19.799
129.5 380 19.4936
130.5 412 20.2978
131.5 368 19.1833
132.5 402 20.0499
133.5 382 19.5448
134.5 388 19.6977
135.5 403 20.0749
136.5 392 19.799
137.5 391 19.7737
138.5 387 19.6723
139.5 402 20.0499
140.5 391 19.7737
141.5 380 19.4936
142.5 416 20.3961
143.5 397 19.9249
144.5 395 19.8746
145.5 426 20.6398
146.5 434 20.8327
147.5 434 20.8327
148.5 398 19.9499
149.5 421 20.5183
150.5 416 20.3961
151.5 411 20.2731
152.5 422 20.5426
153.5 386 19.6469
154.5 400 20
155.5 391 19.7737
156.5 431 20.7605
157.5 430 20.7364
158.5 438 20.9284
159.5 440 20.9762
160.5 409 20.2237
161.5 449 21.1896
162.5 373 19.3132
163.5 417 20.4206
164.5 411 20.2731
165.5 419 20.4695
166.5 395 19.8746
167.5 400 20
168.5 409 20.2237
169.5 396 19.8997
170.5 442 21.0238
171.5 414 20.347
172.5 406 20.1494
173.5 420 20.4939
174.5 406 20.1494
175.5 462 21.4942
176.5 428 20.6882
177.5 415 20.3715
178.5 392 19.799
179.5 405 20.1246
180.5 434 20.8327
181.5 462 21.4942
182.5 444 21.0713
183.5 385 19.6214
184.5 427 20.664
185.5 462 21.4942
186.5 439 20.9523
187.5 428 20.6882
188.5 411 20.2731
189.5 439 20.9523
190.5 441 21
191.5 445 21.095
192.5 441 21
193.5 426 20.6398
194.5 429 20.7123
195.5 451 21.2368
196.5 421 20.5183
197.5 432 20.7846
198.5 435 20.8567
199.5 445 21.095
200.5 453 21.2838
201.5 447 21.1424
202.5 443 21.0476
203.5 396 19.8997
204.5 415 20.3715
205.5 420 20.4939
206.5 450 21.2132
207.5 469 21.6564
208.5 422 20.5426
209.5 452 21.2603
210.5 485 22.0227
211.5 434 20.8327
212.5 438 20.9284
213.5 446 21.1187
214.5 452 21.2603
215.5 484 22
216.5 452 21.2603
217.5 457 21.3776
218.5 426 20.6398
219.5 428 20.6882
220.5 437 20.9045
221.5 464 21.5407
222.5 455 21.3307
223.5 469 21.6564
224.5 427 20.664
225.5 471 21.7025
226.5 473 21.7486
227.5 457 21.3776
228.5 475 21.7945
229.5 470 21.6795
230.5 457 21.3776
231.5 483 21.9773
232.5 469 21.6564
233.5 473 21.7486
234.5 456 21.3542
235.5 483 21.9773
236.5 458 21.4009
237.5 433 20.8087
238.5 453 21.2838
239.5 457 21.3776
240.5 476 21.8174
241.5 449 21.1896
242.5 489 22.1133
243.5 494 22.2261
244.5 475 21.7945
245.5 453 21.2838
246.5 481 21.9317
247.5 473 21.7486
248.5 454 21.3073
249.5 471 21.7025
250.5 450 21.2132
251.5 484 22
252.5 486 22.0454
253.5 481 21.9317
254.5 465 21.5639
255.5 460 21.4476
256.5 485 22.0227
257.5 500 22.3607
258.5 483 21.9773
259.5 432 20.7846
260.5 454 21.3073
261.5 480 21.9089
262.5 488 22.0907
263.5 485 22.0227
264.5 449 21.1896
265.5 449 21.1896
266.5 470 21.6795
267.5 445 21.095
268.5 443 21.0476
269.5 500 22.3607
270.5 512 22.6274
271.5 440 20.9762
272.5 463 21.5174
273.5 461 21.4709
274.5 481 21.9317
275.5 500 22.3607
276.5 493 22.2036
277.5 523 22.8692
278.5 473 21.7486
279.5 485 22.0227
280.5 510 22.5832
281.5 484 22
282.5 525 22.9129
283.5 471 21.7025
284.5 492 22.1811
285.5 509 22.561
286.5 472 21.7256
287.5 498 22.3159
288.5 483 21.9773
289.5 505 22.4722
290.5 512 22.6274
291.5 485 22.0227
292.5 438 20.9284
293.5 505 22.4722
294.5 527 22.9565
295.5 463 21.5174
296.5 499 22.3383
297.5 504 22.4499
298.5 509 22.561
299.5 509 22.561
300.5 490 22.1359
301.5 510 22.5832
302.5 501 22.383
303.5 500 22.3607
304.5 503 22.4277
305.5 473 21.7486
306.5 470 21.6795
307.5 511 22.6053
308.5 485 22.0227
309.5 505 22.4722
310.5 490 22.1359
311.5 519 22.7816
312.5 517 22.7376
313.5 486 22.0454
314.5 505 22.4722
315.5 511 22.6053
316.5 526 22.9347
317.5 478 21.8632
318.5 501 22.383
319.5 482 21.9545
320.5 527 22.9565
321.5 512 22.6274
322.5 537 23.1733
323.5 479 21.8861
324.5 546 23.3666
325.5 534 23.1084
326.5 473 21.7486
327.5 475 21.7945
328.5 513 22.6495
329.5 475 21.7945
330.5 559 23.6432
331.5 552 23.4947
332.5 521 22.8254
333.5 551 23.4734
334.5 517 22.7376
335.5 486 22.0454
336.5 541 23.2594
337.5 562 23.7065
338.5 486 22.0454
339.5 517 22.7376
340.5 511 22.6053
341.5 517 22.7376
342.5 480 21.9089
343.5 513 22.6495
344.5 504 22.4499
345.5 517 22.7376
346.5 574 23.9583
347.5 524 22.891
348.5 531 23.0434
349.5 532 23.0651
350.5 524 22.891
351.5 555 23.5584
352.5 535 23.1301
353.5 506 22.4944
354.5 552 23.4947
355.5 558 23.622
356.5 537 23.1733
357.5 498 22.3159
358.5 518 22.7596
359.5 552 23.4947
360.5 507 22.5167
361.5 567 23.8118
362.5 517 22.7376
363.5 495 22.2486
364.5 555 23.5584
365.5 527 22.9565
366.5 552 23.4947
367.5 526 22.9347
368.5 536 23.1517
369.5 586 24.2074
370.5 538 23.1948
371.5 566 23.7908
372.5 561 23.6854
373.5 537 23.1733
374.5 510 22.5832
375.5 566 23.7908
376.5 544 23.3238
377.5 557 23.6008
378.5 523 22.8692
379.5 547 23.388
380.5 545 23.3452
381.5 569 23.8537
382.5 487 22.0681
383.5 578 24.0416
384.5 602 24.5357
385.5 582 24.1247
386.5 567 23.8118
387.5 546 23.3666
388.5 531 23.0434
389.5 538 23.1948
390.5 581 24.1039
391.5 592 24.3311
392.5 561 23.6854
393.5 601 24.5153
394.5 545 23.3452
395.5 553 23.516
396.5 555 23.5584
397.5 543 23.3024
398.5 531 23.0434
399.5 607 24.6374
400.5 551 23.4734
401.5 567 23.8118
402.5 537 23.1733
403.5 561 23.6854
404.5 562 23.7065
405.5 564 23.7487
406.5 574 23.9583
407.5 611 24.7184
408.5 606 24.6171
409.5 552 23.4947
410.5 586 24.2074
411.5 616 24.8193
412.5 580 24.0832
413.5 588 24.2487
414.5 586 24.2074
415.5 589 24.2693
416.5 570 23.8747
417.5 542 23.2809
418.5 558 23.622
419.5 597 24.4336
420.5 580 24.0832
421.5 552 23.4947
422.5 593 24.3516
423.5 619 24.8797
424.5 565 23.7697
425.5 545 23.3452
426.5 587 24.2281
427.5 570 23.8747
428.5 590 24.2899
429.5 556 23.5797
430.5 516 22.7156
431.5 614 24.779
432.5 556 23.5797
433.5 587 24.2281
434.5 578 24.0416
435.5 553 23.516
436.5 594 24.3721
437.5 529 23
438.5 557 23.6008
439.5 603 24.5561
440.5 543 23.3024
441.5 581 24.1039
442.5 535 23.1301
443.5 556 23.5797
444.5 578 24.0416
445.5 561 23.6854
446.5 554 23.5372
447.5 614 24.779
448.5 600 24.4949
449.5 586 24.2074
450.5 586 24.2074
451.5 553 23.516
452.5 596 24.4131
453.5 571 23.8956
454.5 560 23.6643
455.5 594 24.3721
456.5 580 24.0832
457.5 538 23.1948
458.5 600 24.4949
459.5 580 24.0832
460.5 567 23.8118
461.5 553 23.516
462.5 568 23.8328
463.5 579 24.0624
464.5 555 23.5584
465.5 601 24.5153
466.5 619 24.8797
467.5 587 24.2281
468.5 605 24.5967
469.5 584 24.1661
470.5 615 24.7992
471.5 535 23.1301
472.5 559 23.6432
473.5 613 24.7588
474.5 556 23.5797
475.5 576 24
476.5 589 24.2693
477.5 593 24.3516
478.5 577 24.0208
479.5 631 25.1197
480.5 625 25
481.5 602 24.5357
482.5 557 23.6008
483.5 568 23.8328
484.5 617 24.8395
485.5 590 24.2899
486.5 604 24.5764
487.5 590 24.2899
488.5 614 24.779
489.5 580 24.0832
490.5 544 23.3238
491.5 591 24.3105
492.5 569 23.8537
493.5 609 24.6779
494.5 570 23.8747
495.5 585 24.1868
496.5 587 24.2281
497.5 595 24.3926
498.5 619 24.8797
499.5 611 24.7184
500.5 615 24.7992
501.5 609 24.6779
502.5 613 24.7588
503.5 583 24.1454
504.5 628 25.0599
505.5 598 24.454
506.5 591 24.3105
507.5 585 24.1868
508.5 588 24.2487
509.5 627 25.04
510.5 608 24.6577
511.5 575 23.9792
512.5 596 24.4131
513.5 583 24.1454
514.5 620 24.8998
515.5 574 23.9583
516.5 605 24.5967
517.5 612 24.7386
518.5 573 23.9374
519.5 569 23.8537
520.5 653 25.5539
521.5 579 24.0624
522.5 542 23.2809
523.5 598 24.454
524.5 614 24.779
525.5 612 24.7386
526.5 607 24.6374
527.5 563 23.7276
528.5 580 24.0832
529.5 586 24.2074
530.5 603 24.5561
531.5 612 24.7386
532.5 683 26.1343
533.5 628 25.0599
534.5 604 24.5764
535.5 640 25.2982
536.5 564 23.7487
537.5 586 24.2074
538.5 597 24.4336
539.5 589 24.2693
540.5 631 25.1197
541.5 564 23.7487
542.5 637 25.2389
543.5 628 25.0599
544.5 635 25.1992
545.5 617 24.8395
546.5 626 25.02
547.5 628 25.0599
548.5 600 24.4949
549.5 608 24.6577
550.5 632 25.1396
551.5 583 24.1454
552.5 613 24.7588
553.5 622 24.9399
554.5 591 24.3105
555.5 628 25.0599
556.5 631 25.1197
557.5 594 24.3721
558.5 633 25.1595
559.5 608 24.6577
560.5 619 24.8797
561.5 592 24.3311
562.5 638 25.2587
563.5 626 25.02
564.5 637 25.2389
565.5 606 24.6171
566.5 611 24.7184
567.5 611 24.7184
568.5 571 23.8956
569.5 604 24.5764
570.5 633 25.1595
571.5 602 24.5357
572.5 570 23.8747
573.5 640 25.2982
574.5 587 24.2281
575.5 628 25.0599
576.5 645 25.3969
577.5 626 25.02
578.5 639 25.2784
579.5 619 24.8797
580.5 614 24.779
581.5 617 24.8395
582.5 659 25.671
583.5 658 25.6515
584.5 649 25.4755
585.5 612 24.7386
586.5 643 25.3574
587.5 597 24.4336
588.5 665 25.7876
589.5 640 25.2982
590.5 616 24.8193
591.5 611 24.7184
592.5 640 25.2982
593.5 658 25.6515
594.5 649 25.4755
595.5 617 24.8395
596.5 583 24.1454
597.5 640 25.2982
598.5 611 24.7184
599.5 605 24.5967
600.5 599 24.4745
601.5 625 25
602.5 615 24.7992
603.5 634 25.1794
604.5 647 25.4362
605.5 611 24.7184
606.5 647 25.4362
607.5 647 25.4362
608.5 642 25.3377
609.5 635 25.1992
610.5 616 24.8193
611.5 637 25.2389
612.5 636 25.219
613.5 662 25.7294
614.5 639 25.2784
615.5 640 25.2982
616.5 640 25.2982
617.5 694 26.3439
618.5 620 24.8998
619.5 652 25.5343
620.5 655 25.593
621.5 640 25.2982
622.5 620 24.8998
623.5 650 25.4951
624.5 636 25.219
625.5 637 25.2389
626.5 672 25.923
627.5 630 25.0998
628.5 609 24.6779
629.5 639 25.2784
630.5 640 25.2982
631.5 681 26.096
632.5 621 24.9199
633.5 608 24.6577
634.5 624 24.98
635.5 612 24.7386
636.5 655 25.593
637.5 622 24.9399
638.5 669 25.865
639.5 652 25.5343
640.5 669 25.865
641.5 593 24.3516
642.5 646 25.4165
643.5 702 26.4953
644.5 609 24.6779
645.5 647 25.4362
646.5 609 24.6779
647.5 624 24.98
648.5 629 25.0799
649.5 633 25.1595
650.5 694 26.3439
651.5 713 26.7021
652.5 663 25.7488
653.5 630 25.0998
654.5 650 25.4951
655.5 695 26.3629
656.5 627 25.04
657.5 623 24.96
658.5 691 26.2869
659.5 657 25.632
660.5 662 25.7294
661.5 626 25.02
662.5 675 25.9808
663.5 611 24.7184
664.5 697 26.4008
665.5 627 25.04
666.5 589 24.2693
667.5 676 26
668.5 694 26.3439
669.5 652 25.5343
670.5 682 26.1151
671.5 701 26.4764
672.5 654 25.5734
673.5 677 26.0192
674.5 668 25.8457
675.5 651 25.5147
676.5 673 25.9422
677.5 628 25.0599
678.5 626 25.02
679.5 660 25.6905
680.5 615 24.7992
681.5 678 26.0384
682.5 665 25.7876
683.5 687 26.2107
684.5 684 26.1534
685.5 680 26.0768
686.5 645 25.3969
687.5 610 24.6982
688.5 643 25.3574
689.5 665 25.7876
690.5 668 25.8457
691.5 643 25.3574
692.5 631 25.1197
693.5 675 25.9808
694.5 625 25
695.5 696 26.3818
696.5 633 25.1595
697.5 631 25.1197
698.5 637 25.2389
699.5 652 25.5343
700.5 659 25.671
701.5 638 25.2587
702.5 681 26.096
703.5 582 24.1247
704.5 679 26.0576
705.5 654 25.5734
706.5 647 25.4362
707.5 663 25.7488
708.5 681 26.096
709.5 642 25.3377
710.5 657 25.632
711.5 660 25.6905
712.5 677 26.0192
713.5 684 26.1534
714.5 684 26.1534
715.5 641 25.318
716.5 614 24.779
717.5 649 25.4755
718.5 691 26.2869
719.5 668 25.8457
720.5 672 25.923
721.5 629 25.0799
722.5 649 25.4755
723.5 702 26.4953
724.5 690 26.2679
725.5 669 25.865
726.5 677 26.0192
727.5 663 25.7488
728.5 714 26.7208
729.5 647 25.4362
730.5 667 25.8263
731.5 601 24.5153
732.5 615 24.7992
733.5 655 25.593
734.5 640 25.2982
735.5 711 26.6646
736.5 669 25.865
737.5 655 25.593
738.5 690 26.2679
739.5 663 25.7488
740.5 659 25.671
741.5 671 25.9037
742.5 700 26.4575
743.5 639 25.2784
744.5 644 25.3772
745.5 679 26.0576
746.5 668 25.8457
747.5 671 25.9037
748.5 668 25.8457
749.5 605 24.5967
750.5 623 24.96
751.5 670 25.8844
752.5 610 24.6982
753.5 654 25.5734
754.5 688 26.2298
755.5 667 25.8263
756.5 626 25.02
757.5 625 25
758.5 624 24.98
759.5 678 26.0384
760.5 609 24.6779
761.5 599 24.4745
762.5 666 25.807
763.5 634 25.1794
764.5 675 25.9808
765.5 653 25.5539
766.5 651 25.5147
767.5 670 25.8844
768.5 647 25.4362
769.5 596 24.4131
770.5 712 26.6833
771.5 636 25.219
772.5 690 26.2679
773.5 651 25.5147
774.5 624 24.98
775.5 643 25.3574
776.5 629 25.0799
777.5 638 25.2587
778.5 639 25.2784
779.5 640 25.2982
780.5 605 24.5967
781.5 683 26.1343
782.5 642 25.3377
783.5 659 25.671
784.5 621 24.9199
785.5 608 24.6577
786.5 692 26.3059
787.5 615 24.7992
788.5 636 25.219
789.5 677 26.0192
790.5 688 26.2298
791.5 655 25.593
792.5 641 25.318
793.5 636 25.219
794.5 658 25.6515
795.5 614 24.779
796.5 680 26.0768
797.5 613 24.7588
798.5 668 25.8457
799.5 616 24.8193
800.5 697 26.4008
801.5 672 25.923
802.5 645 25.3969
803.5 659 25.671
804.5 665 25.7876
805.5 662 25.7294
806.5 655 25.593
807.5 623 24.96
808.5 677 26.0192
809.5 622 24.9399
810.5 664 25.7682
811.5 673 25.9422
812.5 666 25.807
813.5 666 25.807
814.5 664 25.7682
815.5 674 25.9615
816.5 663 25.7488
817.5 638 25.2587
818.5 624 24.98
819.5 604 24.5764
820.5 637 25.2389
821.5 668 25.8457
822.5 667 25.8263
823.5 628 25.0599
824.5 630 25.0998
825.5 691 26.2869
826.5 665 25.7876
827.5 636 25.219
828.5 626 25.02
829.5 570 23.8747
830.5 596 24.4131
831.5 647 25.4362
832.5 621 24.9199
833.5 644 25.3772
834.5 604 24.5764
835.5 666 25.807
836.5 699 26.4386
837.5 640 25.2982
838.5 648 25.4558
839.5 623 24.96
840.5 667 25.8263
841.5 672 25.923
842.5 626 25.02
843.5 676 26
844.5 663 25.7488
845.5 666 25.807
846.5 657 25.632
847.5 616 24.8193
848.5 690 26.2679
849.5 631 25.1197
850.5 653 25.5539
851.5 631 25.1197
852.5 651 25.5147
853.5 607 24.6374
854.5 675 25.9808
855.5 618 24.8596
856.5 669 25.865
857.5 637 25.2389
858.5 641 25.318
859.5 685 26.1725
860.5 637 25.2389
861.5 609 24.6779
862.5 650 25.4951
863.5 621 24.9199
864.5 615 24.7992
865.5 606 24.6171
866.5 684 26.1534
867.5 636 25.219
868.5 661 25.7099
869.5 660 25.6905
870.5 653 25.5539
871.5 661 25.7099
872.5 637 25.2389
873.5 660 25.6905
874.5 598 24.454
875.5 620 24.8998
876.5 631 25.1197
877.5 648 25.4558
878.5 599 24.4745
879.5 597 24.4336
880.5 643 25.3574
881.5 605 24.5967
882.5 663 25.7488
883.5 608 24.6577
884.5 647 25.4362
885.5 629 25.0799
886.5 645 25.3969
887.5 621 24.9199
888.5 600 24.4949
889.5 584 24.1661
890.5 655 25.593
891.5 612 24.7386
892.5 675 25.9808
893.5 572 23.9165
894.5 630 25.0998
895.5 625 25
896.5 652 25.5343
897.5 628 25.0599
898.5 619 24.8797
899.5 621 24.9199
900.5 644 25.3772
901.5 579 24.0624
902.5 598 24.454
903.5 638 25.2587
904.5 621 24.9199
905.5 623 24.96
906.5 644 25.3772
907.5 633 25.1595
908.5 592 24.3311
909.5 620 24.8998
910.5 615 24.7992
911.5 625 25
912.5 638 25.2587
913.5 624 24.98
914.5 646 25.4165
915.5 674 25.9615
916.5 662 25.7294
917.5 613 24.7588
918.5 643 25.3574
919.5 655 25.593
920.5 632 25.1396
921.5 625 25
922.5 601 24.5153
923.5 657 25.632
924.5 642 25.3377
925.5 619 24.8797
926.5 660 25.6905
927.5 595 24.3926
928.5 642 25.3377
929.5 628 25.0599
930.5 622 24.9399
931.5 597 24.4336
932.5 650 25.4951
933.5 682 26.1151
934.5 683 26.1343
935.5 683 26.1343
936.5 666 25.807
937.5 653 25.5539
938.5 631 25.1197
939.5 599 24.4745
940.5 646 25.4165
941.5 642 25.3377
942.5 611 24.7184
943.5 626 25.02
944.5 613 24.7588
945.5 666 25.807
946.5 577 24.0208
947.5 626 25.02
948.5 660 25.6905
949.5 663 25.7488
950.5 655 25.593
951.5 646 25.4165
952.5 662 25.7294
953.5 647 25.4362
954.5 639 25.2784
955.5 668 25.8457
956.5 647 25.4362
957.5 645 25.3969
958.5 672 25.923
959.5 669 25.865
960.5 709 26.6271
961.5 689 26.2488
962.5 644 25.3772
963.5 625 25
964.5 729 27
965.5 652 25.5343
966.5 663 25.7488
967.5 682 26.1151
968.5 720 26.8328
969.5 654 25.5734
970.5 685 26.1725
971.5 700 26.4575
972.5 666 25.807
973.5 730 27.0185
974.5 661 25.7099
975.5 666 25.807
976.5 703 26.5141
977.5 677 26.0192
978.5 696 26.3818
979.5 716 26.7582
980.5 717 26.7769
981.5 755 27.4773
982.5 740 27.2029
983.5 667 25.8263
984.5 697 26.4008
985.5 694 26.3439
986.5 661 25.7099
987.5 719 26.8142
988.5 688 26.2298
989.5 691 26.2869
990.5 752 27.4226
991.5 665 25.7876
992.5 722 26.8701
993.5 730 27.0185
994.5 712 26.6833
995.5 705 26.5518
996.5 734 27.0924
997.5 768 27.7128
998.5 709 26.6271
999.5 728 26.9815
1000.5 720 26.8328
1001.5 675 25.9808
1002.5 696 26.3818
1003.5 707 26.5895
1004.5 749 27.3679
1005.5 729 27
1006.5 693 26.3249
1007.5 732 27.0555
1008.5 729 27
1009.5 742 27.2397
1010.5 716 26.7582
1011.5 710 26.6458
1012.5 724 26.9072
1013.5 712 26.6833
1014.5 770 27.7489
1015.5 714 26.7208
1016.5 663 25.7488
1017.5 739 27.1846
1018.5 700 26.4575
1019.5 696 26.3818
1020.5 751 27.4044
1021.5 708 26.6083
1022.5 736 27.1293
1023.5 702 26.4953
1024.5 728 26.9815
1025.5 688 26.2298
1026.5 676 26
1027.5 676 26
1028.5 735 27.1109
1029.5 677 26.0192
1030.5 716 26.7582
1031.5 731 27.037
1032.5 712 26.6833
1033.5 741 27.2213
1034.5 678 26.0384
1035.5 691 26.2869
1036.5 702 26.4953
1037.5 673 25.9422
1038.5 670 25.8844
1039.5 678 26.0384
1040.5 669 25.865
1041.5 700 26.4575
1042.5 715 26.7395
1043.5 696 26.3818
1044.5 673 25.9422
1045.5 694 26.3439
1046.5 645 25.3969
1047.5 695 26.3629
1048.5 727 26.9629
1049.5 696 26.3818
1050.5 654 25.5734
1051.5 641 25.318
1052.5 686 26.1916
1053.5 688 26.2298
1054.5 684 26.1534
1055.5 672 25.923
1056.5 731 27.037
1057.5 708 26.6083
1058.5 687 26.2107
1059.5 654 25.5734
1060.5 661 25.7099
1061.5 688 26.2298
1062.5 658 25.6515
1063.5 634 25.1794
1064.5 683 26.1343
1065.5 715 26.7395
1066.5 621 24.9199
1067.5 690 26.2679
1068.5 713 26.7021
1069.5 691 26.2869
1070.5 679 26.0576
1071.5 694 26.3439
1072.5 681 26.096
1073.5 668 25.8457
1074.5 650 25.4951
1075.5 674 25.9615
1076.5 685 26.1725
1077.5 668 25.8457
1078.5 677 26.0192
1079.5 657 25.632
1080.5 657 25.632
1081.5 643 25.3574
1082.5 660 25.6905
1083.5 644 25.3772
1084.5 620 24.8998
1085.5 652 25.5343
1086.5 614 24.779
1087.5 644 25.3772
1088.5 667 25.8263
1089.5 646 25.4165
1090.5 669 25.865
1091.5 622 24.9399
1092.5 632 25.1396
1093.5 644 25.3772
1094.5 651 25.5147
1095.5 619 24.8797
1096.5 697 26.4008
1097.5 649 25.4755
1098.5 658 25.6515
1099.5 626 25.02
1100.5 591 24.3105
1101.5 597 24.4336
1102.5 640 25.2982
1103.5 636 25.219
1104.5 613 24.7588
1105.5 632 25.1396
1106.5 592 24.3311
1107.5 623 24.96
1108.5 607 24.6374
1109.5 614 24.779
1110.5 662 25.7294
1111.5 597 24.4336
1112.5 624 24.98
1113.5 645 25.3969
1114.5 661 25.7099
1115.5 622 24.9399
1116.5 606 24.6171
1117.5 642 25.3377
1118.5 633 25.1595
1119.5 581 24.1039
1120.5 593 24.3516
1121.5 612 24.7386
1122.5 619 24.8797
1123.5 620 24.8998
1124.5 631 25.1197
1125.5 597 24.4336
1126.5 606 24.6171
1127.5 579 24.0624
1128.5 591 24.3105
1129.5 635 25.1992
1130.5 608 24.6577
1131.5 614 24.779
1132.5 613 24.7588
1133.5 595 24.3926
1134.5 614 24.779
1135.5 611 24.7184
1136.5 639 25.2784
1137.5 570 23.8747
1138.5 597 24.4336
1139.5 585 24.1868
1140.5 597 24.4336
1141.5 587 24.2281
1142.5 619 24.8797
1143.5 582 24.1247
1144.5 566 23.7908
1145.5 569 23.8537
1146.5 538 23.1948
1147.5 559 23.6432
1148.5 548 23.4094
1149.5 565 23.7697
1150.5 597 24.4336
1151.5 562 23.7065
1152.5 597 24.4336
1153.5 575 23.9792
1154.5 604 24.5764
1155.5 563 23.7276
1156.5 566 23.7908
1157.5 595 24.3926
1158.5 590 24.2899
1159.5 535 23.1301
1160.5 534 23.1084
1161.5 581 24.1039
1162.5 601 24.5153
1163.5 555 23.5584
1164.5 563 23.7276
1165.5 578 24.0416
1166.5 533 23.0868
1167.5 558 23.622
1168.5 586 24.2074
1169.5 572 23.9165
1170.5 547 23.388
1171.5 567 23.8118
1172.5 583 24.1454
1173.5 560 23.6643
1174.5 598 24.454
1175.5 561 23.6854
1176.5 553 23.516
1177.5 522 22.8473
1178.5 585 24.1868
1179.5 576 24
1180.5 579 24.0624
1181.5 580 24.0832
1182.5 600 24.4949
1183.5 596 24.4131
1184.5 562 23.7065
1185.5 601 24.5153
1186.5 541 23.2594
1187.5 538 23.1948
1188.5 589 24.2693
1189.5 540 23.2379
1190.5 583 24.1454
1191.5 540 23.2379
1192.5 551 23.4734
1193.5 541 23.2594
1194.5 561 23.6854
1195.5 538 23.1948
1196.5 565 23.7697
1197.5 625 25
1198.5 579 24.0624
1199.5 538 23.1948
1200.5 561 23.6854
1201.5 549 23.4307
1202.5 541 23.2594
1203.5 532 23.0651
1204.5 499 22.3383
1205.5 578 24.0416
1206.5 542 23.2809
1207.5 509 22.561
1208.5 517 22.7376
1209.5 598 24.454
1210.5 544 23.3238
1211.5 522 22.8473
1212.5 541 23.2594
1213.5 546 23.3666
1214.5 554 23.5372
1215.5 505 22.4722
1216.5 536 23.1517
1217.5 569 23.8537
1218.5 526 22.9347
1219.5 539 23.2164
1220.5 528 22.9783
1221.5 531 23.0434
1222.5 505 22.4722
1223.5 524 22.891
1224.5 517 22.7376
1225.5 544 23.3238
1226.5 519 22.7816
1227.5 532 23.0651
1228.5 535 23.1301
1229.5 561 23.6854
1230.5 568 23.8328
1231.5 538 23.1948
1232.5 541 23.2594
1233.5 493 22.2036
1234.5 526 22.9347
1235.5 561 23.6854
1236.5 511 22.6053
1237.5 536 23.1517
1238.5 555 23.5584
1239.5 520 22.8035
1240.5 548 23.4094
1241.5 559 23.6432
1242.5 548 23.4094
1243.5 508 22.5389
1244.5 513 22.6495
1245.5 486 22.0454
1246.5 548 23.4094
1247.5 567 23.8118
1248.5 508 22.5389
1249.5 541 23.2594
1250.5 495 22.2486
1251.5 533 23.0868
1252.5 519 22.7816
1253.5 545 23.3452
1254.5 535 23.1301
1255.5 499 22.3383
1256.5 511 22.6053
1257.5 564 23.7487
1258.5 541 23.2594
1259.5 559 23.6432
1260.5 507 22.5167
1261.5 489 22.1133
1262.5 482 21.9545
1263.5 531 23.0434
1264.5 519 22.7816
1265.5 550 23.4521
1266.5 560 23.6643
1267.5 529 23
1268.5 500 22.3607
1269.5 566 23.7908
1270.5 524 22.891
1271.5 533 23.0868
1272.5 490 22.1359
1273.5 555 23.5584
1274.5 546 23.3666
1275.5 518 22.7596
1276.5 494 22.2261
1277.5 499 22.3383
1278.5 523 22.8692
1279.5 500 22.3607
1280.5 523 22.8692
1281.5 563 23.7276
1282.5 532 23.0651
1283.5 526 22.9347
1284.5 511 22.6053
1285.5 536 23.1517
1286.5 526 22.9347
1287.5 511 22.6053
1288.5 493 22.2036
1289.5 504 22.4499
1290.5 479 21.8861
1291.5 482 21.9545
1292.5 529 23
1293.5 510 22.5832
1294.5 518 22.7596
1295.5 531 23.0434
1296.5 488 22.0907
1297.5 549 23.4307
1298.5 513 22.6495
1299.5 548 23.4094
1300.5 495 22.2486
1301.5 490 22.1359
1302.5 541 23.2594
1303.5 560 23.6643
1304.5 475 21.7945
1305.5 470 21.6795
1306.5 517 22.7376
1307.5 516 22.7156
1308.5 505 22.4722
1309.5 517 22.7376
1310.5 476 21.8174
1311.5 466 21.587
1312.5 511 22.6053
1313.5 493 22.2036
1314.5 518 22.7596
1315.5 499 22.3383
1316.5 488 22.0907
1317.5 526 22.9347
1318.5 486 22.0454
1319.5 517 22.7376
1320.5 516 22.7156
1321.5 468 21.6333
1322.5 496 22.2711
1323.5 509 22.561
1324.5 492 22.1811
1325.5 494 22.2261
1326.5 516 22.7156
1327.5 473 21.7486
1328.5 510 22.5832
1329.5 504 22.4499
1330.5 501 22.383
1331.5 513 22.6495
1332.5 466 21.587
1333.5 477 21.8403
1334.5 517 22.7376
1335.5 463 21.5174
1336.5 468 21.6333
1337.5 507 22.5167
1338.5 485 22.0227
1339.5 481 21.9317
1340.5 469 21.6564
1341.5 478 21.8632
1342.5 480 21.9089
1343.5 456 21.3542
1344.5 476 21.8174
1345.5 496 22.2711
1346.5 522 22.8473
1347.5 526 22.9347
1348.5 515 22.6936
1349.5 480 21.9089
1350.5 457 21.3776
1351.5 465 21.5639
1352.5 472 21.7256
1353.5 536 23.1517
1354.5 514 22.6716
1355.5 510 22.5832
1356.5 452 21.2603
1357.5 485 22.0227
1358.5 473 21.7486
1359.5 468 21.6333
1360.5 458 21.4009
1361.5 481 21.9317
1362.5 478 21.8632
1363.5 502 22.4054
1364.5 447 21.1424
1365.5 470 21.6795
1366.5 463 21.5174
1367.5 456 21.3542
1368.5 455 21.3307
1369.5 479 21.8861
1370.5 454 21.3073
1371.5 429 20.7123
1372.5 457 21.3776
1373.5 500 22.3607
1374.5 457 21.3776
1375.5 443 21.0476
1376.5 425 20.6155
1377.5 424 20.5913
1378.5 446 21.1187
1379.5 435 20.8567
1380.5 450 21.2132
1381.5 458 21.4009
1382.5 428 20.6882
1383.5 457 21.3776
1384.5 477 21.8403
1385.5 446 21.1187
1386.5 446 21.1187
1387.5 436 20.8806
1388.5 471 21.7025
1389.5 474 21.7715
1390.5 436 20.8806
1391.5 455 21.3307
1392.5 491 22.1585
1393.5 480 21.9089
1394.5 463 21.5174
1395.5 464 21.5407
1396.5 419 20.4695
1397.5 465 21.5639
1398.5 431 20.7605
1399.5 456 21.3542
1400.5 427 20.664
1401.5 446 21.1187
1402.5 435 20.8567
1403.5 442 21.0238
1404.5 447 21.1424
1405.5 466 21.587
1406.5 453 21.2838
1407.5 468 21.6333
1408.5 459 21.4243
1409.5 420 20.4939
1410.5 458 21.4009
1411.5 423 20.567
1412.5 447 21.1424
1413.5 473 21.7486
1414.5 434 20.8327
1415.5 454 21.3073
1416.5 429 20.7123
1417.5 447 21.1424
1418.5 446 21.1187
1419.5 427 20.664
1420.5 431 20.7605
1421.5 410 20.2485
1422.5 440 20.9762
1423.5 444 21.0713
1424.5 448 21.166
1425.5 428 20.6882
1426.5 417 20.4206
1427.5 453 21.2838
1428.5 441 21
1429.5 453 21.2838
1430.5 456 21.3542
1431.5 436 20.8806
1432.5 438 20.9284
1433.5 475 21.7945
1434.5 405 20.1246
1435.5 408 20.199
1436.5 417 20.4206
1437.5 409 20.2237
1438.5 426 20.6398
1439.5 452 21.2603
1440.5 429 20.7123
1441.5 440 20.9762
1442.5 408 20.199
1443.5 432 20.7846
1444.5 416 20.3961
1445.5 422 20.5426
1446.5 467 21.6102
1447.5 438 20.9284
1448.5 430 20.7364
1449.5 413 20.3224
1450.5 445 21.095
1451.5 430 20.7364
1452.5 447 21.1424
1453.5 402 20.0499
1454.5 435 20.8567
1455.5 421 20.5183
1456.5 384 19.5959
1457.5 418 20.445
1458.5 432 20.7846
1459.5 393 19.8242
1460.5 441 21
1461.5 421 20.5183
1462.5 418 20.445
1463.5 433 20.8087
1464.5 438 20.9284
1465.5 405 20.1246
1466.5 427 20.664
1467.5 450 21.2132
1468.5 419 20.4695
1469.5 398 19.9499
1470.5 434 20.8327
1471.5 415 20.3715
1472.5 410 20.2485
1473.5 416 20.3961
1474.5 437 20.9045
1475.5 408 20.199
1476.5 412 20.2978
1477.5 408 20.199
1478.5 389 19.7231
1479.5 422 20.5426
1480.5 421 20.5183
1481.5 439 20.9523
1482.5 431 20.7605
1483.5 454 21.3073
1484.5 398 19.9499
1485.5 402 20.0499
1486.5 407 20.1742
1487.5 448 21.166
1488.5 398 19.9499
1489.5 435 20.8567
1490.5 386 19.6469
1491.5 401 20.025
1492.5 407 20.1742
1493.5 404 20.0998
1494.5 431 20.7605
1495.5 421 20.5183
1496.5 404 20.0998
1497.5 426 20.6398
1498.5 415 20.3715
1499.5 419 20.4695
1500.5 449 21.1896
1501.5 416 20.3961
1502.5 365 19.105
1503.5 437 20.9045
1504.5 385 19.6214
1505.5 382 19.5448
1506.5 407 20.1742
1507.5 430 20.7364
1508.5 425 20.6155
1509.5 365 19.105
1510.5 374 19.3391
1511.5 396 19.8997
1512.5 443 21.0476
1513.5 412 20.2978
1514.5 426 20.6398
1515.5 446 21.1187
1516.5 387 19.6723
1517.5 383 19.5704
1518.5 398 19.9499
1519.5 421 20.5183
1520.5 407 20.1742
1521.5 392 19.799
1522.5 389 19.7231
1523.5 400 20
1524.5 373 19.3132
1525.5 376 19.3907
1526.5 383 19.5704
1527.5 379 19.4679
1528.5 431 20.7605
1529.5 422 20.5426
1530.5 409 20.2237
1531.5 394 19.8494
1532.5 374 19.3391
1533.5 347 18.6279
1534.5 368 19.1833
1535.5 430 20.7364
1536.5 402 20.0499
1537.5 360 18.9737
1538.5 397 19.9249
1539.5 384 19.5959
1540.5 405 20.1246
1541.5 397 19.9249
1542.5 360 18.9737
1543.5 437 20.9045
1544.5 369 19.2094
1545.5 375 19.3649
1546.5 406 20.1494
1547.5 385 19.6214
1548.5 368 19.1833
1549.5 374 19.3391
1550.5 390 19.7484
1551.5 368 19.1833
1552.5 383 19.5704
1553.5 403 20.0749
1554.5 383 19.5704
1555.5 376 19.3907
1556.5 406 20.1494
1557.5 399 19.975
1558.5 398 19.9499
1559.5 418 20.445
1560.5 378 19.4422
1561.5 386 19.6469
1562.5 370 19.2354
1563.5 396 19.8997
1564.5 376 19.3907
1565.5 381 19.5192
1566.5 416 20.3961
1567.5 367 19.1572
1568.5 385 19.6214
1569.5 394 19.8494
1570.5 361 19
1571.5 387 19.6723
1572.5 368 19.1833
1573.5 390 19.7484
1574.5 416 20.3961
1575.5 385 19.6214
1576.5 398 19.9499
1577.5 360 18.9737
1578.5 380 19.4936
1579.5 368 19.1833
1580.5 359 18.9473
1581.5 403 20.0749
1582.5 397 19.9249
1583.5 381 19.5192
1584.5 396 19.8997
1585.5 384 19.5959
1586.5 388 19.6977
1587.5 347 18.6279
1588.5 410 20.2485
1589.5 380 19.4936
1590.5 405 20.1246
1591.5 353 18.7883
1592.5 392 19.799
1593.5 343 18.5203
1594.5 397 19.9249
1595.5 369 19.2094
1596.5 409 20.2237
1597.5 374 19.3391
1598.5 403 20.0749
1599.5 397 19.9249
1600.5 372 19.2873
1601.5 392 19.799
1602.5 389 19.7231
1603.5 367 19.1572
1604.5 356 18.868
1605.5 409 20.2237
1606.5 340 18.4391
1607.5 372 19.2873
1608.5 330 18.1659
1609.5 374 19.3391
1610.5 418 20.445
1611.5 370 19.2354
1612.5 377 19.4165
1613.5 360 18.9737
1614.5 379 19.4679
1615.5 365 19.105
1616.5 373 19.3132
1617.5 385 19.6214
1618.5 363 19.0526
1619.5 352 18.7617
1620.5 354 18.8149
1621.5 362 19.0263
1622.5 405 20.1246
1623.5 370 19.2354
1624.5 364 19.0788
1625.5 371 19.2614
1626.5 369 19.2094
1627.5 359 18.9473
1628.5 400 20
1629.5 376 19.3907
1630.5 353 18.7883
1631.5 374 19.3391
1632.5 362 19.0263
1633.5 354 18.8149
1634.5 367 19.1572
1635.5 385 19.6214
1636.5 379 19.4679
1637.5 374 19.3391
1638.5 365 19.105
1639.5 387 19.6723
1640.5 390 19.7484
1641.5 338 18.3848
1642.5 364 19.0788
1643.5 410 20.2485
1644.5 352 18.7617
1645.5 324 18
1646.5 342 18.4932
1647.5 344 18.5472
1648.5 380 19.4936
1649.5 359 18.9473
1650.5 328 18.1108
1651.5 375 19.3649
1652.5 342 18.4932
1653.5 363 19.0526
1654.5 352 18.7617
1655.5 352 18.7617
1656.5 352 18.7617
1657.5 347 18.6279
1658.5 385 19.6214
1659.5 354 18.8149
1660.5 373 19.3132
1661.5 381 19.5192
1662.5 340 18.4391
1663.5 339 18.412
1664.5 371 19.2614
1665.5 408 20.199
1666.5 355 18.8414
1667.5 346 18.6011
1668.5 366 19.1311
1669.5 333 18.2483
1670.5 359 18.9473
1671.5 405 20.1246
1672.5 387 19.6723
1673.5 344 18.5472
1674.5 326 18.0555
1675.5 320 17.8885
1676.5 326 18.0555
1677.5 325 18.0278
1678.5 358 18.9209
1679.5 381 19.5192
1680.5 364 19.0788
1681.5 332 18.2209
1682.5 380 19.4936
1683.5 359 18.9473
1684.5 339 18.412
1685.5 357 18.8944
1686.5 374 19.3391
1687.5 327 18.0831
1688.5 362 19.0263
1689.5 394 19.8494
1690.5 354 18.8149
1691.5 357 18.8944
1692.5 366 19.1311
1693.5 352 18.7617
1694.5 344 18.5472
1695.5 343 18.5203
1696.5 353 18.7883
1697.5 369 19.2094
1698.5 385 19.6214
1699.5 345 18.5742
1700.5 365 19.105
1701.5 360 18.9737
1702.5 323 17.9722
1703.5 378 19.4422
1704.5 320 17.8885
1705.5 343 18.5203
1706.5 396 19.8997
1707.5 349 18.6815
1708.5 338 18.3848
1709.5 332 18.2209
1710.5 326 18.0555
1711.5 329 18.1384
1712.5 347 18.6279
1713.5 339 18.412
1714.5 325 18.0278
1715.5 369 19.2094
1716.5 345 18.5742
1717.5 348 18.6548
1718.5 348 18.6548
1719.5 308 17.5499
1720.5 352 18.7617
1721.5 347 18.6279
1722.5 338 18.3848
1723.5 392 19.799
1724.5 351 18.735
1725.5 299 17.2916
1726.5 318 17.8326
1727.5 333 18.2483
1728.5 315 17.7482
1729.5 333 18.2483
1730.5 342 18.4932
1731.5 351 18.735
1732.5 285 16.8819
1733.5 354 18.8149
1734.5 331 18.1934
1735.5 355 18.8414
1736.5 362 19.0263
1737.5 334 18.2757
1738.5 355 18.8414
1739.5 341 18.4662
1740.5 380 19.4936
1741.5 289 17
1742.5 348 18.6548
1743.5 360 18.9737
1744.5 361 19
1745.5 335 18.303
1746.5 345 18.5742
1747.5 347 18.6279
1748.5 319 17.8606
1749.5 333 18.2483
1750.5 341 18.4662
1751.5 348 18.6548
1752.5 368 19.1833
1753.5 317 17.8045
1754.5 337 18.3576
1755.5 317 17.8045
1756.5 329 18.1384
1757.5 345 18.5742
1758.5 350 18.7083
1759.5 343 18.5203
1760.5 351 18.735
1761.5 331 18.1934
1762.5 323 17.9722
1763.5 312 17.6635
1764.5 343 18.5203
1765.5 355 18.8414
1766.5 369 19.2094
1767.5 339 18.412
1768.5 353 18.7883
1769.5 348 18.6548
1770.5 334 18.2757
1771.5 314 17.72
1772.5 342 18.4932
1773.5 333 18.2483
1774.5 316 17.7764
1775.5 343 18.5203
1776.5 339 18.412
1777.5 338 18.3848
1778.5 332 18.2209
1779.5 362 19.0263
1780.5 317 17.8045
1781.5 317 17.8045
1782.5 351 18.735
1783.5 341 18.4662
1784.5 371 19.2614
1785.5 325 18.0278
1786.5 324 18
1787.5 306 17.4929
1788.5 362 19.0263
1789.5 336 18.3303
1790.5 332 18.2209
1791.5 334 18.2757
1792.5 314 17.72
1793.5 323 17.9722
1794.5 341 18.4662
1795.5 365 19.105
1796.5 317 17.8045
1797.5 350 18.7083
1798.5 326 18.0555
1799.5 338 18.3848
1800.5 329 18.1384
1801.5 355 18.8414
1802.5 351 18.735
1803.5 350 18.7083
1804.5 312 17.6635
1805.5 319 17.8606
1806.5 353 18.7883
1807.5 344 18.5472
1808.5 348 18.6548
1809.5 351 18.735
1810.5 355 18.8414
1811.5 305 17.4642
1812.5 336 18.3303
1813.5 341 18.4662
1814.5 310 17.6068
1815.5 342 18.4932
1816.5 325 18.0278
1817.5 373 19.3132
1818.5 348 18.6548
1819.5 319 17.8606
1820.5 328 18.1108
1821.5 340 18.4391
1822.5 311 17.6352
1823.5 340 18.4391
1824.5 315 17.7482
1825.5 343 18.5203
1826.5 310 17.6068
1827.5 319 17.8606
1828.5 320 17.8885
1829.5 312 17.6635
1830.5 342 18.4932
1831.5 300 17.3205
1832.5 353 18.7883
1833.5 348 18.6548
1834.5 341 18.4662
1835.5 357 18.8944
1836.5 323 17.9722
1837.5 324 18
1838.5 335 18.303
1839.5 346 18.6011
1840.5 307 17.5214
1841.5 354 18.8149
1842.5 296 17.2047
1843.5 308 17.5499
1844.5 330 18.1659
1845.5 324 18
1846.5 336 18.3303
1847.5 320 17.8885
1848.5 319 17.8606
1849.5 300 17.3205
1850.5 348 18.6548
1851.5 338 18.3848
1852.5 328 18.1108
1853.5 335 18.303
1854.5 327 18.0831
1855.5 291 17.0587
1856.5 319 17.8606
1857.5 310 17.6068
1858.5 324 18
1859.5 360 18.9737
1860.5 333 18.2483
1861.5 341 18.4662
1862.5 319 17.8606
1863.5 343 18.5203
1864.5 307 17.5214
1865.5 302 17.3781
1866.5 348 18.6548
1867.5 305 17.4642
1868.5 319 17.8606
1869.5 331 18.1934
1870.5 328 18.1108
1871.5 339 18.412
1872.5 323 17.9722
1873.5 305 17.4642
1874.5 357 18.8944
1875.5 333 18.2483
1876.5 310 17.6068
1877.5 310 17.6068
1878.5 321 17.9165
1879.5 323 17.9722
1880.5 333 18.2483
1881.5 329 18.1384
1882.5 307 17.5214
1883.5 307 17.5214
1884.5 339 18.412
1885.5 324 18
1886.5 304 17.4356
1887.5 319 17.8606
1888.5 318 17.8326
1889.5 356 18.868
1890.5 333 18.2483
1891.5 340 18.4391
1892.5 327 18.0831
1893.5 286 16.9115
1894.5 309 17.5784
1895.5 323 17.9722
1896.5 341 18.4662
1897.5 342 18.4932
1898.5 345 18.5742
1899.5 327 18.0831
1900.5 302 17.3781
1901.5 330 18.1659
1902.5 308 17.5499
1903.5 323 17.9722
1904.5 335 18.303
1905.5 322 17.9444
1906.5 326 18.0555
1907.5 321 17.9165
1908.5 353 18.7883
1909.5 300 17.3205
1910.5 314 17.72
1911.5 319 17.8606
1912.5 363 19.0526
1913.5 294 17.1464
1914.5 316 17.7764
1915.5 341 18.4662
1916.5 324 18
1917.5 322 17.9444
1918.5 351 18.735
1919.5 341 18.4662
1920.5 329 18.1384
1921.5 299 17.2916
1922.5 311 17.6352
1923.5 336 18.3303
1924.5 331 18.1934
1925.5 300 17.3205
1926.5 321 17.9165
1927.5 324 18
1928.5 320 17.8885
1929.5 343 18.5203
1930.5 307 17.5214
1931.5 305 17.4642
1932.5 299 17.2916
1933.5 326 18.0555
1934.5 296 17.2047
1935.5 347 18.6279
1936.5 349 18.6815
1937.5 326 18.0555
1938.5 360 18.9737
1939.5 335 18.303
1940.5 293 17.1172
1941.5 346 18.6011
1942.5 320 17.8885
1943.5 298 17.2627
1944.5 298 17.2627
1945.5 312 17.6635
1946.5 329 18.1384
1947.5 326 18.0555
1948.5 339 18.412
1949.5 305 17.4642
1950.5 329 18.1384
1951.5 296 17.2047
1952.5 327 18.0831
1953.5 337 18.3576
1954.5 326 18.0555
1955.5 331 18.1934
1956.5 329 18.1384
1957.5 318 17.8326
1958.5 370 19.2354
1959.5 281 16.7631
1960.5 298 17.2627
1961.5 317 17.8045
1962.5 346 18.6011
1963.5 314 17.72
1964.5 327 18.0831
1965.5 304 17.4356
1966.5 319 17.8606
1967.5 335 18.303
1968.5 303 17.4069
1969.5 310 17.6068
1970.5 324 18
1971.5 372 19.2873
1972.5 358 18.9209
1973.5 309 17.5784
1974.5 315 17.7482
1975.5 291 17.0587
1976.5 342 18.4932
1977.5 343 18.5203
1978.5 304 17.4356
1979.5 313 17.6918
1980.5 350 18.7083
1981.5 350 18.7083
1982.5 360 18.9737
1983.5 319 17.8606
1984.5 320 17.8885
1985.5 333 18.2483
1986.5 344 18.5472
1987.5 334 18.2757
1988.5 315 17.7482
1989.5 359 18.9473
1990.5 310 17.6068
1991.5 350 18.7083
1992.5 328 18.1108
1993.5 334 18.2757
1994.5 336 18.3303
1995.5 349 18.6815
1996.5 316 17.7764
1997.5 352 18.7617
1998.5 329 18.1384
1999.5 333 18.2483
2000.5 327 18.0831
2001.5 366 19.1311
2002.5 320 17.8885
2003.5 344 18.5472
2004.5 380 19.4936
2005.5 330 18.1659
2006.5 333 18.2483
2007.5 313 17.6918
2008.5 295 17.1756
2009.5 341 18.4662
2010.5 341 18.4662
2011.5 375 19.3649
2012.5 331 18.1934
2013.5 292 17.088
2014.5 306 17.4929
2015.5 313 17.6918
2016.5 316 17.7764
2017.5 340 18.4391
2018.5 338 18.3848
2019.5 313 17.6918
2020.5 339 18.412
2021.5 327 18.0831
2022.5 315 17.7482
2023.5 295 17.1756
2024.5 315 17.7482
2025.5 336 18.3303
2026.5 309 17.5784
2027.5 324 18
2028.5 355 18.8414
2029.5 317 17.8045
2030.5 312 17.6635
2031.5 322 17.9444
2032.5 346 18.6011
2033.5 342 18.4932
2034.5 316 17.7764
2035.5 341 18.4662
2036.5 342 18.4932
2037.5 373 19.3132
2038.5 340 18.4391
2039.5 354 18.8149
2040.5 305 17.4642
2041.5 351 18.735
2042.5 333 18.2483
2043.5 345 18.5742
2044.5 314 17.72
2045.5 343 18.5203
2046.5 338 18.3848
2047.5 365 19.105
2048.5 354 18.8149
2049.5 342 18.4932
2050.5 323 17.9722
2051.5 362 19.0263
2052.5 333 18.2483
2053.5 334 18.2757
2054.5 329 18.1384
2055.5 313 17.6918
2056.5 346 18.6011
2057.5 313 17.6918
2058.5 322 17.9444
2059.5 301 17.3494
2060.5 348 18.6548
2061.5 359 18.9473
2062.5 332 18.2209
2063.5 323 17.9722
2064.5 336 18.3303
2065.5 304 17.4356
2066.5 326 18.0555
2067.5 367 19.1572
2068.5 342 18.4932
2069.5 321 17.9165
2070.5 316 17.7764
2071.5 330 18.1659
2072.5 350 18.7083
2073.5 328 18.1108
2074.5 334 18.2757
2075.5 303 17.4069
2076.5 352 18.7617
2077.5 349 18.6815
2078.5 334 18.2757
2079.5 322 17.9444
2080.5 355 18.8414
2081.5 335 18.303
2082.5 320 17.8885
2083.5 344 18.5472
2084.5 332 18.2209
2085.5 336 18.3303
2086.5 333 18.2483
2087.5 316 17.7764
2088.5 326 18.0555
2089.5 344 18.5472
2090.5 327 18.0831
2091.5 319 17.8606
2092.5 344 18.5472
2093.5 332 18.2209
2094.5 348 18.6548
2095.5 383 19.5704
2096.5 321 17.9165
2097.5 343 18.5203
2098.5 317 17.8045
2099.5 358 18.9209
2100.5 310 17.6068
2101.5 317 17.8045
2102.5 347 18.6279
2103.5 312 17.6635
2104.5 340 18.4391
2105.5 323 17.9722
2106.5 322 17.9444
2107.5 313 17.6918
2108.5 324 18
2109.5 318 17.8326
2110.5 330 18.1659
2111.5 312 17.6635
2112.5 349 18.6815
2113.5 348 18.6548
2114.5 332 18.2209
2115.5 317 17.8045
2116.5 334 18.2757
2117.5 304 17.4356
2118.5 310 17.6068
2119.5 305 17.4642
2120.5 343 18.5203
2121.5 328 18.1108
2122.5 362 19.0263
2123.5 329 18.1384
2124.5 350 18.7083
2125.5 329 18.1384
2126.5 304 17.4356
2127.5 337 18.3576
2128.5 362 19.0263
2129.5 326 18.0555
2130.5 348 18.6548
2131.5 331 18.1934
2132.5 341 18.4662
2133.5 341 18.4662
2134.5 328 18.1108
2135.5 336 18.3303
2136.5 318 17.8326
2137.5 306 17.4929
2138.5 316 17.7764
2139.5 316 17.7764
2140.5 351 18.735
2141.5 345 18.5742
2142.5 336 18.3303
2143.5 296 17.2047
2144.5 279 16.7033
2145.5 321 17.9165
2146.5 322 17.9444
2147.5 376 19.3907
2148.5 334 18.2757
2149.5 323 17.9722
2150.5 317 17.8045
2151.5 328 18.1108
2152.5 311 17.6352
2153.5 332 18.2209
2154.5 338 18.3848
2155.5 317 17.8045
2156.5 321 17.9165
2157.5 317 17.8045
2158.5 309 17.5784
2159.5 311 17.6352
2160.5 384 19.5959
2161.5 338 18.3848
2162.5 311 17.6352
2163.5 351 18.735
2164.5 348 18.6548
2165.5 302 17.3781
2166.5 303 17.4069
2167.5 319 17.8606
2168.5 326 18.0555
2169.5 335 18.303
2170.5 337 18.3576
2171.5 348 18.6548
2172.5 345 18.5742
2173.5 306 17.4929
2174.5 322 17.9444
2175.5 340 18.4391
2176.5 303 17.4069
2177.5 322 17.9444
2178.5 335 18.303
2179.5 334 18.2757
2180.5 297 17.2337
2181.5 328 18.1108
2182.5 326 18.0555
2183.5 317 17.8045
2184.5 300 17.3205
2185.5 308 17.5499
2186.5 323 17.9722
2187.5 318 17.8326
2188.5 296 17.2047
2189.5 345 18.5742
2190.5 337 18.3576
2191.5 357 18.8944
2192.5 296 17.2047
2193.5 292 17.088
2194.5 330 18.1659
2195.5 318 17.8326
2196.5 325 18.0278
2197.5 294 17.1464
2198.5 294 17.1464
2199.5 313 17.6918
2200.5 314 17.72
2201.5 332 18.2209
2202.5 313 17.6918
2203.5 329 18.1384
2204.5 310 17.6068
2205.5 337 18.3576
2206.5 298 17.2627
2207.5 329 18.1384
2208.5 290 17.0294
2209.5 295 17.1756
2210.5 278 16.6733
2211.5 308 17.5499
2212.5 276 16.6132
2213.5 295 17.1756
2214.5 262 16.1864
2215.5 266 16.3095
2216.5 290 17.0294
2217.5 266 16.3095
2218.5 301 17.3494
2219.5 285 16.8819
2220.5 278 16.6733
2221.5 276 16.6132
2222.5 273 16.5227
2223.5 277 16.6433
2224.5 271 16.4621
2225.5 270 16.4317
2226.5 294 17.1464
2227.5 266 16.3095
2228.5 278 16.6733
2229.5 281 16.7631
2230.5 241 15.5242
2231.5 266 16.3095
2232.5 232 15.2315
2233.5 253 15.906
2234.5 236 15.3623
2235.5 252 15.8745
2236.5 259 16.0935
2237.5 246 15.6844
2238.5 252 15.8745
2239.5 251 15.843
2240.5 226 15.0333
2241.5 268 16.3707
2242.5 202 14.2127
2243.5 237 15.3948
2244.5 241 15.5242
2245.5 243 15.5885
2246.5 212 14.5602
2247.5 243 15.5885
2248.5 245 15.6525
2249.5 255 15.9687
2250.5 255 15.9687
2251.5 240 15.4919
2252.5 224 14.9666
2253.5 208 14.4222
2254.5 243 15.5885
2255.5 209 14.4568
2256.5 222 14.8997
2257.5 214 14.6287
2258.5 221 14.8661
2259.5 226 15.0333
2260.5 232 15.2315
2261.5 226 15.0333
2262.5 236 15.3623
2263.5 231 15.1987
2264.5 219 14.7986
2265.5 235 15.3297
2266.5 220 14.8324
2267.5 217 14.7309
2268.5 220 14.8324
2269.5 234 15.2971
2270.5 231 15.1987
2271.5 199 14.1067
2272.5 230 15.1658
2273.5 229 15.1327
2274.5 251 15.843
2275.5 205 14.3178
2276.5 219 14.7986
2277.5 213 14.5945
2278.5 190 13.784
2279.5 213 14.5945
2280.5 229 15.1327
2281.5 216 14.6969
2282.5 234 15.2971
2283.5 215 14.6629
2284.5 223 14.9332
2285.5 241 15.5242
2286.5 192 13.8564
2287.5 197 14.0357
2288.5 221 14.8661
2289.5 216 14.6969
2290.5 244 15.6205
2291.5 211 14.5258
2292.5 215 14.6629
2293.5 201 14.1774
2294.5 206 14.3527
2295.5 228 15.0997
2296.5 206 14.3527
2297.5 209 14.4568
2298.5 224 14.9666
2299.5 227 15.0665
2300.5 207 14.3875
2301.5 204 14.2829
2302.5 196 14
2303.5 205 14.3178
2304.5 213 14.5945
2305.5 216 14.6969
2306.5 215 14.6629
2307.5 210 14.4914
2308.5 194 13.9284
2309.5 193 13.8924
2310.5 190 13.784
2311.5 195 13.9642
2312.5 201 14.1774
2313.5 213 14.5945
2314.5 201 14.1774
2315.5 203 14.2478
2316.5 195 13.9642
2317.5 173 13.1529
2318.5 205 14.3178
2319.5 192 13.8564
2320.5 207 14.3875
2321.5 202 14.2127
2322.5 214 14.6287
2323.5 197 14.0357
2324.5 206 14.3527
2325.5 197 14.0357
2326.5 188 13.7113
2327.5 180 13.4164
2328.5 203 14.2478
2329.5 212 14.5602
2330.5 205 14.3178
2331.5 216 14.6969
2332.5 197 14.0357
2333.5 221 14.8661
2334.5 207 14.3875
2335.5 180 13.4164
2336.5 178 13.3417
2337.5 199 14.1067
2338.5 193 13.8924
2339.5 176 13.2665
2340.5 216 14.6969
2341.5 187 13.6748
2342.5 190 13.784
2343.5 175 13.2288
2344.5 187 13.6748
2345.5 187 13.6748
2346.5 184 13.5647
2347.5 158 12.5698
2348.5 171 13.0767
2349.5 183 13.5277
2350.5 173 13.1529
2351.5 168 12.9615
2352.5 197 14.0357
2353.5 191 13.8203
2354.5 188 13.7113
2355.5 199 14.1067
2356.5 177 13.3041
2357.5 196 14
2358.5 184 13.5647
2359.5 190 13.784
2360.5 189 13.7477
2361.5 193 13.8924
2362.5 169 13
2363.5 168 12.9615
2364.5 180 13.4164
2365.5 192 13.8564
2366.5 208 14.4222
2367.5 207 14.3875
2368.5 179 13.3791
2369.5 193 13.8924
2370.5 156 12.49
2371.5 206 14.3527
2372.5 146 12.083
2373.5 195 13.9642
2374.5 181 13.4536
2375.5 173 13.1529
2376.5 175 13.2288
2377.5 193 13.8924
2378.5 196 14
2379.5 188 13.7113
2380.5 170 13.0384
2381.5 182 13.4907
2382.5 173 13.1529
2383.5 180 13.4164
2384.5 179 13.3791
2385.5 188 13.7113
2386.5 185 13.6015
2387.5 162 12.7279
2388.5 169 13
2389.5 170 13.0384
2390.5 171 13.0767
2391.5 169 13
2392.5 152 12.3288
2393.5 186 13.6382
2394.5 174 13.1909
2395.5 175 13.2288
2396.5 168 12.9615
2397.5 193 13.8924
2398.5 180 13.4164
2399.5 169 13
2400.5 162 12.7279
2401.5 185 13.6015
2402.5 158 12.5698
2403.5 183 13.5277
2404.5 214 14.6287
2405.5 177 13.3041
2406.5 168 12.9615
2407.5 198 14.0712
2408.5 191 13.8203
2409.5 162 12.7279
2410.5 181 13.4536
2411.5 163 12.7671
2412.5 178 13.3417
2413.5 164 12.8062
2414.5 176 13.2665
2415.5 175 13.2288
2416.5 177 13.3041
2417.5 147 12.1244
2418.5 166 12.8841
2419.5 159 12.6095
2420.5 158 12.5698
2421.5 176 13.2665
2422.5 174 13.1909
2423.5 161 12.6886
2424.5 171 13.0767
2425.5 174 13.1909
2426.5 170 13.0384
2427.5 142 11.9164
2428.5 142 11.9164
2429.5 160 12.6491
2430.5 161 12.6886
2431.5 166 12.8841
2432.5 166 12.8841
2433.5 176 13.2665
2434.5 168 12.9615
2435.5 149 12.2066
2436.5 146 12.083
2437.5 174 13.1909
2438.5 166 12.8841
2439.5 150 12.2474
2440.5 162 12.7279
2441.5 171 13.0767
2442.5 174 13.1909
2443.5 156 12.49
2444.5 165 12.8452
2445.5 153 12.3693
2446.5 160 12.6491
2447.5 143 11.9583
2448.5 162 12.7279
2449.5 151 12.2882
2450.5 165 12.8452
2451.5 156 12.49
2452.5 144 12
2453.5 190 13.784
2454.5 153 12.3693
2455.5 152 12.3288
2456.5 155 12.4499
2457.5 167 12.9228
2458.5 135 11.619
2459.5 153 12.3693
2460.5 174 13.1909
2461.5 143 11.9583
2462.5 141 11.8743
2463.5 136 11.6619
2464.5 154 12.4097
2465.5 165 12.8452
2466.5 157 12.53
2467.5 135 11.619
2468.5 149 12.2066
2469.5 145 12.0416
2470.5 165 12.8452
2471.5 154 12.4097
2472.5 157 12.53
2473.5 154 12.4097
2474.5 150 12.2474
2475.5 152 12.3288
2476.5 161 12.6886
2477.5 165 12.8452
2478.5 167 12.9228
2479.5 160 12.6491
2480.5 117 10.8167
2481.5 147 12.1244
2482.5 140 11.8322
2483.5 160 12.6491
2484.5 156 12.49
2485.5 142 11.9164
2486.5 143 11.9583
2487.5 143 11.9583
2488.5 140 11.8322
2489.5 139 11.7898
2490.5 162 12.7279
2491.5 126 11.225
2492.5 131 11.4455
2493.5 137 11.7047
2494.5 171 13.0767
2495.5 140 11.8322
2496.5 137 11.7047
2497.5 168 12.9615
2498.5 145 12.0416
2499.5 127 11.2694
2500.5 167 12.9228
2501.5 159 12.6095
2502.5 156 12.49
2503.5 152 12.3288
2504.5 138 11.7473
2505.5 148 12.1655
2506.5 134 11.5758
2507.5 141 11.8743
2508.5 152 12.3288
2509.5 113 10.6301
2510.5 144 12
2511.5 154 12.4097
2512.5 141 11.8743
2513.5 159 12.6095
2514.5 125 11.1803
2515.5 148 12.1655
2516.5 160 12.6491
2517.5 139 11.7898
2518.5 141 11.8743
2519.5 128 11.3137
2520.5 134 11.5758
2521.5 140 11.8322
2522.5 144 12
2523.5 131 11.4455
2524.5 136 11.6619
2525.5 138 11.7473
2526.5 129 11.3578
2527.5 143 11.9583
2528.5 139 11.7898
2529.5 139 11.7898
2530.5 148 12.1655
2531.5 137 11.7047
2532.5 134 11.5758
2533.5 126 11.225
2534.5 126 11.225
2535.5 127 11.2694
2536.5 137 11.7047
2537.5 138 11.7473
2538.5 127 11.2694
2539.5 143 11.9583
2540.5 129 11.3578
2541.5 127 11.2694
2542.5 136 11.6619
2543.5 147 12.1244
2544.5 118 10.8628
2545.5 124 11.1355
2546.5 120 10.9545
2547.5 135 11.619
2548.5 120 10.9545
2549.5 125 11.1803
2550.5 138 11.7473
2551.5 149 12.2066
2552.5 133 11.5326
2553.5 112 10.583
2554.5 139 11.7898
2555.5 108 10.3923
2556.5 113 10.6301
2557.5 119 10.9087
2558.5 148 12.1655
2559.5 121 11
2560.5 124 11.1355
2561.5 124 11.1355
2562.5 122 11.0454
2563.5 136 11.6619
2564.5 118 10.8628
2565.5 152 12.3288
2566.5 117 10.8167
2567.5 131 11.4455
2568.5 120 10.9545
2569.5 133 11.5326
2570.5 125 11.1803
2571.5 111 10.5357
2572.5 148 12.1655
2573.5 129 11.3578
2574.5 132 11.4891
2575.5 135 11.619
2576.5 127 11.2694
2577.5 124 11.1355
2578.5 109 10.4403
2579.5 138 11.7473
2580.5 126 11.225
2581.5 138 11.7473
2582.5 115 10.7238
2583.5 139 11.7898
2584.5 104 10.198
2585.5 105 10.247
2586.5 112 10.583
2587.5 105 10.247
2588.5 134 11.5758
2589.5 134 11.5758
2590.5 131 11.4455
2591.5 122 11.0454
2592.5 119 10.9087
2593.5 124 11.1355
2594.5 128 11.3137
2595.5 117 10.8167
2596.5 89 9.43398
2597.5 129 11.3578
2598.5 116 10.7703
2599.5 115 10.7238
2600.5 121 11
2601.5 130 11.4018
2602.5 118 10.8628
2603.5 124 11.1355
2604.5 122 11.0454
2605.5 125 11.1803
2606.5 107 10.3441
2607.5 126 11.225
2608.5 112 10.583
2609.5 125 11.1803
2610.5 87 9.32738
2611.5 121 11
2612.5 120 10.9545
2613.5 112 10.583
2614.5 122 11.0454
2615.5 115 10.7238
2616.5 131 11.4455
2617.5 126 11.225
2618.5 116 10.7703
2619.5 111 10.5357
2620.5 121 11
2621.5 122 11.0454
2622.5 116 10.7703
2623.5 101 10.0499
2624.5 107 10.3441
2625.5 123 11.0905
2626.5 126 11.225
2627.5 121 11
2628.5 114 10.6771
2629.5 115 10.7238
2630.5 95 9.74679
2631.5 112 10.583
2632.5 84 9.16515
2633.5 111 10.5357
2634.5 93 9.64365
2635.5 113 10.6301
2636.5 124 11.1355
2637.5 102 10.0995
2638.5 112 10.583
2639.5 104 10.198
2640.5 118 10.8628
2641.5 112 10.583
2642.5 92 9.59166
2643.5 121 11
2644.5 90 9.48683
2645.5 128 11.3137
2646.5 115 10.7238
2647.5 111 10.5357
2648.5 102 10.0995
2649.5 106 10.2956
2650.5 116 10.7703
2651.5 95 9.74679
2652.5 109 10.4403
2653.5 117 10.8167
2654.5 104 10.198
2655.5 105 10.247
2656.5 121 11
2657.5 113 10.6301
2658.5 103 10.1489
2659.5 103 10.1489
2660.5 94 9.69536
2661.5 117 10.8167
2662.5 113 10.6301
2663.5 107 10.3441
2664.5 116 10.7703
2665.5 113 10.6301
2666.5 129 11.3578
2667.5 117 10.8167
2668.5 114 10.6771
2669.5 108 10.3923
2670.5 108 10.3923
2671.5 116 10.7703
2672.5 110 10.4881
2673.5 98 9.89949
2674.5 122 11.0454
2675.5 104 10.198
2676.5 110 10.4881
2677.5 116 10.7703
2678.5 131 11.4455
2679.5 131 11.4455
2680.5 97 9.84886
2681.5 103 10.1489
2682.5 111 10.5357
2683.5 106 10.2956
2684.5 110 10.4881
2685.5 99 9.94987
2686.5 103 10.1489
2687.5 120 10.9545
2688.5 102 10.0995
2689.5 116 10.7703
2690.5 107 10.3441
2691.5 88 9.38083
2692.5 102 10.0995
2693.5 110 10.4881
2694.5 110 10.4881
2695.5 96 9.79796
2696.5 101 10.0499
2697.5 118 10.8628
2698.5 111 10.5357
2699.5 115 10.7238
2700.5 105 10.247
2701.5 78 8.83176
2702.5 108 10.3923
2703.5 111 10.5357
2704.5 113 10.6301
2705.5 90 9.48683
2706.5 103 10.1489
2707.5 98 9.89949
2708.5 97 9.84886
2709.5 109 10.4403
2710.5 118 10.8628
2711.5 86 9.27362
2712.5 102 10.0995
2713.5 114 10.6771
2714.5 103 10.1489
2715.5 109 10.4403
2716.5 100 10
2717.5 115 10.7238
2718.5 105 10.247
2719.5 103 10.1489
2720.5 105 10.247
2721.5 94 9.69536
2722.5 112 10.583
2723.5 96 9.79796
2724.5 103 10.1489
2725.5 90 9.48683
2726.5 93 9.64365
2727.5 95 9.74679
2728.5 89 9.43398
2729.5 108 10.3923
2730.5 83 9.11043
2731.5 95 9.74679
2732.5 100 10
2733.5 92 9.59166
2734.5 99 9.94987
2735.5 105 10.247
2736.5 93 9.64365
2737.5 101 10.0499
2738.5 113 10.6301
2739.5 110 10.4881
2740.5 111 10.5357
2741.5 96 9.79796
2742.5 88 9.38083
2743.5 90 9.48683
2744.5 97 9.84886
2745.5 83 9.11043
2746.5 104 10.198
2747.5 112 10.583
2748.5 106 10.2956
2749.5 109 10.4403
2750.5 98 9.89949
2751.5 110 10.4881
2752.5 93 9.64365
2753.5 114 10.6771
2754.5 117 10.8167
2755.5 105 10.247
2756.5 109 10.4403
2757.5 94 9.69536
2758.5 98 9.89949
2759.5 79 8.88819
2760.5 120 10.9545
2761.5 101 10.0499
2762.5 105 10.247
2763.5 121 11
2764.5 115 10.7238
2765.5 105 10.247
2766.5 118 10.8628
2767.5 131 11.4455
2768.5 139 11.7898
2769.5 140 11.8322
2770.5 130 11.4018
2771.5 160 12.6491
2772.5 156 12.49
2773.5 151 12.2882
2774.5 164 12.8062
2775.5 174 13.1909
2776.5 164 12.8062
2777.5 161 12.6886
2778.5 183 13.5277
2779.5 178 13.3417
2780.5 179 13.3791
2781.5 184 13.5647
2782.5 193 13.8924
2783.5 218 14.7648
2784.5 191 13.8203
2785.5 211 14.5258
2786.5 202 14.2127
2787.5 202 14.2127
2788.5 193 13.8924
2789.5 191 13.8203
2790.5 197 14.0357
2791.5 205 14.3178
2792.5 208 14.4222
2793.5 205 14.3178
2794.5 178 13.3417
2795.5 189 13.7477
2796.5 187 13.6748
2797.5 198 14.0712
2798.5 187 13.6748
2799.5 155 12.4499
2800.5 168 12.9615
2801.5 146 12.083
2802.5 171 13.0767
2803.5 154 12.4097
2804.5 139 11.7898
2805.5 148 12.1655
2806.5 123 11.0905
2807.5 152 12.3288
2808.5 133 11.5326
2809.5 124 11.1355
2810.5 131 11.4455
2811.5 121 11
2812.5 111 10.5357
2813.5 99 9.94987
2814.5 116 10.7703
2815.5 104 10.198
2816.5 106 10.2956
2817.5 107 10.3441
2818.5 96 9.79796
2819.5 89 9.43398
2820.5 100 10
2821.5 107 10.3441
2822.5 104 10.198
2823.5 109 10.4403
2824.5 87 9.32738
2825.5 106 10.2956
2826.5 100 10
2827.5 104 10.198
2828.5 109 10.4403
2829.5 76 8.7178
2830.5 117 10.8167
2831.5 107 10.3441
2832.5 92 9.59166
2833.5 86 9.27362
2834.5 101 10.0499
2835.5 78 8.83176
2836.5 96 9.79796
2837.5 95 9.74679
2838.5 100 10
2839.5 95 9.74679
2840.5 106 10.2956
2841.5 101 10.0499
2842.5 81 9
2843.5 93 9.64365
2844.5 97 9.84886
2845.5 88 9.38083
2846.5 95 9.74679
2847.5 79 8.88819
2848.5 78 8.83176
2849.5 81 9
2850.5 98 9.89949
2851.5 95 9.74679
2852.5 72 8.48528
2853.5 115 10.7238
2854.5 105 10.247
2855.5 77 8.77496
2856.5 84 9.16515
2857.5 86 9.27362
2858.5 86 9.27362
2859.5 90 9.48683
2860.5 89 9.43398
2861.5 96 9.79796
2862.5 105 10.247
2863.5 97 9.84886
2864.5 98 9.89949
2865.5 109 10.4403
2866.5 85 9.21954
2867.5 86 9.27362
2868.5 100 10
2869.5 90 9.48683
2870.5 86 9.27362
2871.5 95 9.74679
2872.5 72 8.48528
2873.5 88 9.38083
2874.5 86 9.27362
2875.5 91 9.53939
2876.5 88 9.38083
2877.5 96 9.79796
2878.5 85 9.21954
2879.5 88 9.38083
2880.5 97 9.84886
2881.5 87 9.32738
2882.5 89 9.43398
2883.5 86 9.27362
2884.5 93 9.64365
2885.5 82 9.05539
2886.5 92 9.59166
2887.5 87 9.32738
2888.5 74 8.60233
2889.5 90 9.48683
2890.5 76 8.7178
2891.5 87 9.32738
2892.5 86 9.27362
2893.5 98 9.89949
2894.5 74 8.60233
2895.5 92 9.59166
2896.5 96 9.79796
2897.5 76 8.7178
2898.5 94 9.69536
2899.5 77 8.77496
2900.5 78 8.83176
2901.5 83 9.11043
2902.5 99 9.94987
2903.5 81 9
2904.5 92 9.59166
2905.5 94 9.69536
2906.5 78 8.83176
2907.5 77 8.77496
2908.5 75 8.66025
2909.5 83 9.11043
2910.5 92 9.59166
2911.5 79 8.88819
2912.5 81 9
2913.5 100 10
2914.5 77 8.77496
2915.5 87 9.32738
2916.5 80 8.94427
2917.5 84 9.16515
2918.5 85 9.21954
2919.5 87 9.32738
2920.5 82 9.05539
2921.5 87 9.32738
2922.5 90 9.48683
2923.5 79 8.88819
2924.5 71 8.42615
2925.5 75 8.66025
2926.5 89 9.43398
2927.5 90 9.48683
2928.5 78 8.83176
2929.5 80 8.94427
2930.5 84 9.16515
2931.5 82 9.05539
2932.5 91 9.53939
2933.5 93 9.64365
2934.5 78 8.83176
2935.5 96 9.79796
2936.5 82 9.05539
2937.5 102 10.0995
2938.5 77 8.77496
2939.5 95 9.74679
2940.5 85 9.21954
2941.5 85 9.21954
2942.5 68 8.24621
2943.5 99 9.94987
2944.5 72 8.48528
2945.5 100 10
2946.5 80 8.94427
2947.5 83 9.11043
2948.5 106 10.2956
2949.5 97 9.84886
2950.5 78 8.83176
2951.5 90 9.48683
2952.5 75 8.66025
2953.5 74 8.60233
2954.5 95 9.74679
2955.5 86 9.27362
2956.5 69 8.30662
2957.5 92 9.59166
2958.5 105 10.247
2959.5 84 9.16515
2960.5 63 7.93725
2961.5 100 10
2962.5 95 9.74679
2963.5 88 9.38083
2964.5 81 9
2965.5 73 8.544
2966.5 91 9.53939
2967.5 68 8.24621
2968.5 91 9.53939
2969.5 100 10
2970.5 76 8.7178
2971.5 79 8.88819
2972.5 86 9.27362
2973.5 85 9.21954
2974.5 81 9
2975.5 85 9.21954
2976.5 78 8.83176
2977.5 68 8.24621
2978.5 74 8.60233
2979.5 69 8.30662
2980.5 76 8.7178
2981.5 103 10.1489
2982.5 81 9
2983.5 84 9.16515
2984.5 86 9.27362
2985.5 81 9
2986.5 91 9.53939
2987.5 94 9.69536
2988.5 80 8.94427
2989.5 83 9.11043
2990.5 93 9.64365
2991.5 91 9.53939
2992.5 87 9.32738
2993.5 76 8.7178
2994.5 94 9.69536
2995.5 81 9
2996.5 96 9.79796
2997.5 89 9.43398
2998.5 94 9.69536
2999.5 74 8.60233
3000.5 75 8.66025
3001.5 90 9.48683
3002.5 92 9.59166
3003.5 82 9.05539
3004.5 81 9
3005.5 89 9.43398
3006.5 70 8.3666
3007.5 90 9.48683
3008.5 74 8.60233
3009.5 91 9.53939
3010.5 83 9.11043
3011.5 86 9.27362
3012.5 97 9.84886
3013.5 91 9.53939
3014.5 71 8.42615
3015.5 99 9.94987
3016.5 99 9.94987
3017.5 89 9.43398
3018.5 78 8.83176
3019.5 84 9.16515
3020.5 100 10
3021.5 100 10
3022.5 79 8.88819
3023.5 82 9.05539
3024.5 76 8.7178
3025.5 63 7.93725
3026.5 79 8.88819
3027.5 86 9.27362
3028.5 88 9.38083
3029.5 78 8.83176
3030.5 92 9.59166
3031.5 74 8.60233
3032.5 72 8.48528
3033.5 84 9.16515
3034.5 69 8.30662
3035.5 78 8.83176
3036.5 80 8.94427
3037.5 93 9.64365
3038.5 79 8.88819
3039.5 83 9.11043
3040.5 92 9.59166
3041.5 82 9.05539
3042.5 88 9.38083
3043.5 80 8.94427
3044.5 89 9.43398
3045.5 80 8.94427
3046.5 87 9.32738
3047.5 80 8.94427
3048.5 86 9.27362
3049.5 85 9.21954
3050.5 96 9.79796
3051.5 89 9.43398
3052.5 82 9.05539
3053.5 81 9
3054.5 92 9.59166
3055.5 96 9.79796
3056.5 97 9.84886
3057.5 123 11.0905
3058.5 111 10.5357
3059.5 103 10.1489
3060.5 143 11.9583
3061.5 135 11.619
3062.5 146 12.083
3063.5 147 12.1244
3064.5 146 12.083
3065.5 158 12.5698
3066.5 174 13.1909
3067.5 207 14.3875
3068.5 215 14.6629
3069.5 242 15.5563
3070.5 318 17.8326
3071.5 298 17.2627
3072.5 341 18.4662
3073.5 373 19.3132
3074.5 434 20.8327
3075.5 460 21.4476
3076.5 453 21.2838
3077.5 555 23.5584
3078.5 596 24.4131
3079.5 632 25.1396
3080.5 636 25.219
3081.5 715 26.7395
3082.5 758 27.5318
3083.5 720 26.8328
3084.5 837 28.931
3085.5 849 29.1376
3086.5 786 28.0357
3087.5 796 28.2135
3088.5 777 27.8747
3089.5 794 28.178
3090.5 787 28.0535
3091.5 738 27.1662
3092.5 697 26.4008
3093.5 741 27.2213
3094.5 643 25.3574
3095.5 600 24.4949
3096.5 546 23.3666
3097.5 502 22.4054
3098.5 445 21.095
3099.5 458 21.4009
3100.5 414 20.347
3101.5 367 19.1572
3102.5 306 17.4929
3103.5 299 17.2916
3104.5 226 15.0333
3105.5 261 16.1555
3106.5 210 14.4914
3107.5 183 13.5277
3108.5 178 13.3417
3109.5 168 12.9615
3110.5 145 12.0416
3111.5 141 11.8743
3112.5 128 11.3137
3113.5 132 11.4891
3114.5 119 10.9087
3115.5 130 11.4018
3116.5 142 11.9164
3117.5 129 11.3578
3118.5 102 10.0995
3119.5 113 10.6301
3120.5 105 10.247
3121.5 130 11.4018
3122.5 114 10.6771
3123.5 115 10.7238
3124.5 112 10.583
3125.5 106 10.2956
3126.5 106 10.2956
3127.5 109 10.4403
3128.5 101 10.0499
3129.5 111 10.5357
3130.5 120 10.9545
3131.5 108 10.3923
3132.5 104 10.198
3133.5 112 10.583
3134.5 109 10.4403
3135.5 109 10.4403
3136.5 110 10.4881
3137.5 126 11.225
3138.5 93 9.64365
3139.5 101 10.0499
3140.5 100 10
3141.5 95 9.74679
3142.5 99 9.94987
3143.5 100 10
3144.5 101 10.0499
3145.5 99 9.94987
3146.5 102 10.0995
3147.5 114 10.6771
3148.5 102 10.0995
3149.5 103 10.1489
3150.5 107 10.3441
3151.5 98 9.89949
3152.5 114 10.6771
3153.5 116 10.7703
3154.5 108 10.3923
3155.5 102 10.0995
3156.5 118 10.8628
3157.5 93 9.64365
3158.5 103 10.1489
3159.5 105 10.247
3160.5 109 10.4403
3161.5 114 10.6771
3162.5 101 10.0499
3163.5 125 11.1803
3164.5 125 11.1803
3165.5 131 11.4455
3166.5 134 11.5758
3167.5 122 11.0454
3168.5 140 11.8322
3169.5 135 11.619
3170.5 170 13.0384
3171.5 173 13.1529
3172.5 169 13
3173.5 207 14.3875
3174.5 232 15.2315
3175.5 235 15.3297
3176.5 282 16.7929
3177.5 310 17.6068
3178.5 354 18.8149
3179.5 418 20.445
3180.5 494 22.2261
3181.5 590 24.2899
3182.5 675 25.9808
3183.5 737 27.1477
3184.5 912 30.1993
3185.5 1037 32.2025
3186.5 1165 34.1321
3187.5 1283 35.819
3188.5 1436 37.8946
3189.5 1703 41.2674
3190.5 1973 44.4185
3191.5 2191 46.8081
3192.5 2377 48.7545
3193.5 2712 52.0769
3194.5 2915 53.9907
3195.5 3247 56.9825
3196.5 3554 59.6154
3197.5 3676 60.63
3198.5 3983 63.111
3199.5 4047 63.616
3200.5 4275 65.3835
3201.5 4190 64.7302
3202.5 4432 66.5733
3203.5 4383 66.2042
3204.5 4295 65.5362
3205.5 4300 65.5744
3206.5 4065 63.7574
3207.5 3853 62.0725
3208.5 3706 60.8769
3209.5 3600 60
3210.5 3334 57.7408
3211.5 2915 53.9907
3212.5 2686 51.8266
3213.5 2436 49.3559
3214.5 2221 47.1275
3215.5 1905 43.6463
3216.5 1757 41.9166
3217.5 1484 38.5227
3218.5 1350 36.7423
3219.5 1198 34.6121
3220.5 986 31.4006
3221.5 874 29.5635
3222.5 719 26.8142
3223.5 619 24.8797
3224.5 585 24.1868
3225.5 503 22.4277
3226.5 463 21.5174
3227.5 416 20.3961
3228.5 344 18.5472
3229.5 326 18.0555
3230.5 313 17.6918
3231.5 279 16.7033
3232.5 266 16.3095
3233.5 253 15.906
3234.5 234 15.2971
3235.5 215 14.6629
3236.5 228 15.0997
3237.5 200 14.1421
3238.5 197 14.0357
3239.5 170 13.0384
3240.5 184 13.5647
3241.5 149 12.2066
3242.5 205 14.3178
3243.5 163 12.7671
3244.5 179 13.3791
3245.5 174 13.1909
3246.5 167 12.9228
3247.5 132 11.4891
3248.5 148 12.1655
3249.5 148 12.1655
3250.5 146 12.083
3251.5 130 11.4018
3252.5 125 11.1803
3253.5 99 9.94987
3254.5 107 10.3441
3255.5 115 10.7238
3256.5 107 10.3441
3257.5 120 10.9545
3258.5 124 11.1355
3259.5 96 9.79796
3260.5 91 9.53939
3261.5 105 10.247
3262.5 107 10.3441
3263.5 98 9.89949
3264.5 97 9.84886
3265.5 109 10.4403
3266.5 94 9.69536
3267.5 91 9.53939
3268.5 110 10.4881
3269.5 76 8.7178
3270.5 87 9.32738
3271.5 76 8.7178
3272.5 89 9.43398
3273.5 96 9.79796
3274.5 84 9.16515
3275.5 87 9.32738
3276.5 80 8.94427
3277.5 63 7.93725
3278.5 72 8.48528
3279.5 73 8.544
3280.5 70 8.3666
3281.5 83 9.11043
3282.5 76 8.7178
3283.5 76 8.7178
3284.5 64 8
3285.5 78 8.83176
3286.5 76 8.7178
3287.5 59 7.68115
3288.5 73 8.544
3289.5 72 8.48528
3290.5 82 9.05539
3291.5 81 9
3292.5 74 8.60233
3293.5 71 8.42615
3294.5 71 8.42615
3295.5 71 8.42615
3296.5 67 8.18535
3297.5 57 7.54983
3298.5 55 7.4162
3299.5 58 7.61577
3300.5 55 7.4162
3301.5 60 7.74597
3302.5 66 8.12404
3303.5 48 6.9282
3304.5 56 7.48331
3305.5 52 7.2111
3306.5 69 8.30662
3307.5 56 7.48331
3308.5 56 7.48331
3309.5 58 7.61577
3310.5 49 7
3311.5 60 7.74597
3312.5 54 7.34847
3313.5 50 7.07107
3314.5 60 7.74597
3315.5 62 7.87401
3316.5 57 7.54983
3317.5 44 6.63325
3318.5 55 7.4162
3319.5 49 7
3320.5 52 7.2111
3321.5 56 7.48331
3322.5 41 6.40312
3323.5 48 6.9282
3324.5 52 7.2111
3325.5 60 7.74597
3326.5 53 7.28011
3327.5 47 6.85565
3328.5 52 7.2111
3329.5 46 6.78233
3330.5 54 7.34847
3331.5 51 7.14143
3332.5 51 7.14143
3333.5 43 6.55744
3334.5 58 7.61577
3335.5 51 7.14143
3336.5 55 7.4162
3337.5 52 7.2111
3338.5 54 7.34847
3339.5 62 7.87401
3340.5 54 7.34847
3341.5 57 7.54983
3342.5 61 7.81025
3343.5 56 7.48331
3344.5 62 7.87401
3345.5 50 7.07107
3346.5 49 7
3347.5 44 6.63325
3348.5 52 7.2111
3349.5 62 7.87401
3350.5 52 7.2111
3351.5 45 6.7082
3352.5 55 7.4162
3353.5 64 8
3354.5 51 7.14143
3355.5 54 7.34847
3356.5 50 7.07107
3357.5 40 6.32456
3358.5 47 6.85565
3359.5 53 7.28011
3360.5 49 7
3361.5 68 8.24621
3362.5 63 7.93725
3363.5 64 8
3364.5 65 8.06226
3365.5 47 6.85565
3366.5 53 7.28011
3367.5 50 7.07107
3368.5 45 6.7082
3369.5 58 7.61577
3370.5 52 7.2111
3371.5 48 6.9282
3372.5 42 6.48074
3373.5 46 6.78233
3374.5 43 6.55744
3375.5 51 7.14143
3376.5 42 6.48074
3377.5 47 6.85565
3378.5 41 6.40312
3379.5 52 7.2111
3380.5 39 6.245
3381.5 58 7.61577
3382.5 54 7.34847
3383.5 47 6.85565
3384.5 42 6.48074
3385.5 46 6.78233
3386.5 46 6.78233
3387.5 41 6.40312
3388.5 57 7.54983
3389.5 38 6.16441
3390.5 44 6.63325
3391.5 49 7
3392.5 52 7.2111
3393.5 48 6.9282
3394.5 48 6.9282
3395.5 44 6.63325
3396.5 53 7.28011
3397.5 51 7.14143
3398.5 51 7.14143
3399.5 53 7.28011
3400.5 38 6.16441
3401.5 31 5.56776
3402.5 45 6.7082
3403.5 44 6.63325
3404.5 44 6.63325
3405.5 42 6.48074
3406.5 42 6.48074
3407.5 49 7
3408.5 43 6.55744
3409.5 40 6.32456
3410.5 48 6.9282
3411.5 41 6.40312
3412.5 52 7.2111
3413.5 43 6.55744
3414.5 46 6.78233
3415.5 45 6.7082
3416.5 57 7.54983
3417.5 51 7.14143
3418.5 46 6.78233
3419.5 30 5.47723
3420.5 49 7
3421.5 31 5.56776
3422.5 54 7.34847
3423.5 41 6.40312
3424.5 39 6.245
3425.5 36 6
3426.5 45 6.7082
3427.5 33 5.74456
3428.5 44 6.63325
3429.5 45 6.7082
3430.5 36 6
3431.5 48 6.9282
3432.5 46 6.78233
3433.5 52 7.2111
3434.5 48 6.9282
3435.5 47 6.85565
3436.5 57 7.54983
3437.5 43 6.55744
3438.5 57 7.54983
3439.5 53 7.28011
3440.5 45 6.7082
3441.5 45 6.7082
3442.5 40 6.32456
3443.5 35 5.91608
3444.5 43 6.55744
3445.5 44 6.63325
3446.5 41 6.40312
3447.5 51 7.14143
3448.5 41 6.40312
3449.5 42 6.48074
3450.5 47 6.85565
3451.5 52 7.2111
3452.5 43 6.55744
3453.5 45 6.7082
3454.5 51 7.14143
3455.5 45 6.7082
3456.5 56 7.48331
3457.5 47 6.85565
3458.5 39 6.245
3459.5 40 6.32456
3460.5 40 6.32456
3461.5 44 6.63325
3462.5 51 7.14143
3463.5 55 7.4162
3464.5 53 7.28011
3465.5 41 6.40312
3466.5 42 6.48074
3467.5 52 7.2111
3468.5 57 7.54983
3469.5 43 6.55744
3470.5 38 6.16441
3471.5 49 7
3472.5 40 6.32456
3473.5 50 7.07107
3474.5 46 6.78233
3475.5 46 6.78233
3476.5 47 6.85565
3477.5 47 6.85565
3478.5 60 7.74597
3479.5 52 7.2111
3480.5 57 7.54983
3481.5 46 6.78233
3482.5 37 6.08276
3483.5 58 7.61577
3484.5 45 6.7082
3485.5 51 7.14143
3486.5 41 6.40312
3487.5 51 7.14143
3488.5 46 6.78233
3489.5 39 6.245
3490.5 39 6.245
3491.5 42 6.48074
3492.5 35 5.91608
3493.5 40 6.32456
3494.5 49 7
3495.5 48 6.9282
3496.5 50 7.07107
3497.5 41 6.40312
3498.5 42 6.48074
3499.5 44 6.63325
3500.5 46 6.78233
3501.5 43 6.55744
3502.5 35 5.91608
3503.5 46 6.78233
3504.5 42 6.48074
3505.5 36 6
3506.5 47 6.85565
3507.5 34 5.83095
3508.5 49 7
3509.5 55 7.4162
3510.5 53 7.28011
3511.5 49 7
3512.5 34 5.83095
3513.5 40 6.32456
3514.5 36 6
3515.5 42 6.48074
3516.5 49 7
3517.5 46 6.78233
3518.5 42 6.48074
3519.5 43 6.55744
3520.5 42 6.48074
3521.5 47 6.85565
3522.5 51 7.14143
3523.5 38 6.16441
3524.5 43 6.55744
3525.5 42 6.48074
3526.5 47 6.85565
3527.5 38 6.16441
3528.5 48 6.9282
3529.5 54 7.34847
3530.5 47 6.85565
3531.5 49 7
3532.5 43 6.55744
3533.5 51 7.14143
3534.5 44 6.63325
3535.5 41 6.40312
3536.5 42 6.48074
3537.5 31 5.56776
3538.5 49 7
3539.5 40 6.32456
3540.5 46 6.78233
3541.5 38 6.16441
3542.5 54 7.34847
3543.5 49 7
3544.5 44 6.63325
3545.5 50 7.07107
3546.5 53 7.28011
3547.5 42 6.48074
3548.5 42 6.48074
3549.5 57 7.54983
3550.5 50 7.07107
3551.5 48 6.9282
3552.5 40 6.32456
3553.5 48 6.9282
3554.5 43 6.55744
3555.5 47 6.85565
3556.5 47 6.85565
3557.5 45 6.7082
3558.5 44 6.63325
3559.5 39 6.245
3560.5 39 6.245
3561.5 51 7.14143
3562.5 50 7.07107
3563.5 48 6.9282
3564.5 33 5.74456
3565.5 47 6.85565
3566.5 42 6.48074
3567.5 45 6.7082
3568.5 59 7.68115
3569.5 42 6.48074
3570.5 48 6.9282
3571.5 51 7.14143
3572.5 48 6.9282
3573.5 40 6.32456
3574.5 48 6.9282
3575.5 33 5.74456
3576.5 57 7.54983
3577.5 30 5.47723
3578.5 41 6.40312
3579.5 49 7
3580.5 36 6
3581.5 45 6.7082
3582.5 33 5.74456
3583.5 53 7.28011
3584.5 52 7.2111
3585.5 49 7
3586.5 46 6.78233
3587.5 61 7.81025
3588.5 45 6.7082
3589.5 43 6.55744
3590.5 49 7
3591.5 35 5.91608
3592.5 46 6.78233
3593.5 53 7.28011
3594.5 40 6.32456
3595.5 60 7.74597
3596.5 46 6.78233
3597.5 45 6.7082
3598.5 38 6.16441
3599.5 49 7
3600.5 48 6.9282
3601.5 42 6.48074
3602.5 49 7
3603.5 37 6.08276
3604.5 40 6.32456
3605.5 50 7.07107
3606.5 48 6.9282
3607.5 47 6.85565
3608.5 44 6.63325
3609.5 37 6.08276
3610.5 47 6.85565
3611.5 45 6.7082
3612.5 42 6.48074
3613.5 46 6.78233
3614.5 50 7.07107
3615.5 48 6.9282
3616.5 39 6.245
3617.5 54 7.34847
3618.5 45 6.7082
3619.5 42 6.48074
3620.5 45 6.7082
3621.5 53 7.28011
3622.5 44 6.63325
3623.5 47 6.85565
3624.5 46 6.78233
3625.5 32 5.65685
3626.5 45 6.7082
3627.5 42 6.48074
3628.5 50 7.07107
3629.5 54 7.34847
3630.5 37 6.08276
3631.5 46 6.78233
3632.5 39 6.245
3633.5 42 6.48074
3634.5 49 7
3635.5 44 6.63325
3636.5 38 6.16441
3637.5 41 6.40312
3638.5 51 7.14143
3639.5 51 7.14143
3640.5 34 5.83095
3641.5 47 6.85565
3642.5 38 6.16441
3643.5 47 6.85565
3644.5 44 6.63325
3645.5 41 6.40312
3646.5 45 6.7082
3647.5 45 6.7082
3648.5 44 6.63325
3649.5 48 6.9282
3650.5 35 5.91608
3651.5 47 6.85565
3652.5 45 6.7082
3653.5 39 6.245
3654.5 39 6.245
3655.5 45 6.7082
3656.5 42 6.48074
3657.5 52 7.2111
3658.5 42 6.48074
3659.5 43 6.55744
3660.5 35 5.91608
3661.5 39 6.245
3662.5 43 6.55744
3663.5 60 7.74597
3664.5 40 6.32456
3665.5 47 6.85565
3666.5 56 7.48331
3667.5 46 6.78233
3668.5 35 5.91608
3669.5 46 6.78233
3670.5 42 6.48074
3671.5 47 6.85565
3672.5 39 6.245
3673.5 33 5.74456
3674.5 34 5.83095
3675.5 41 6.40312
3676.5 47 6.85565
3677.5 46 6.78233
3678.5 57 7.54983
3679.5 52 7.2111
3680.5 50 7.07107
3681.5 51 7.14143
3682.5 59 7.68115
3683.5 47 6.85565
3684.5 51 7.14143
3685.5 36 6
3686.5 40 6.32456
3687.5 36 6
3688.5 43 6.55744
3689.5 53 7.28011
3690.5 42 6.48074
3691.5 32 5.65685
3692.5 51 7.14143
3693.5 39 6.245
3694.5 46 6.78233
3695.5 47 6.85565
3696.5 37 6.08276
3697.5 48 6.9282
3698.5 44 6.63325
3699.5 38 6.16441
3700.5 49 7
3701.5 45 6.7082
3702.5 44 6.63325
3703.5 60 7.74597
3704.5 48 6.9282
3705.5 44 6.63325
3706.5 54 7.34847
3707.5 53 7.28011
3708.5 45 6.7082
3709.5 56 7.48331
3710.5 47 6.85565
3711.5 48 6.9282
3712.5 44 6.63325
3713.5 38 6.16441
3714.5 41 6.40312
3715.5 42 6.48074
3716.5 50 7.07107
3717.5 31 5.56776
3718.5 44 6.63325
3719.5 34 5.83095
3720.5 45 6.7082
3721.5 45 6.7082
3722.5 63 7.93725
3723.5 53 7.28011
3724.5 43 6.55744
3725.5 49 7
3726.5 48 6.9282
3727.5 47 6.85565
3728.5 38 6.16441
3729.5 43 6.55744
3730.5 38 6.16441
3731.5 40 6.32456
3732.5 38 6.16441
3733.5 39 6.245
3734.5 49 7
3735.5 42 6.48074
3736.5 37 6.08276
3737.5 42 6.48074
3738.5 34 5.83095
3739.5 49 7
3740.5 44 6.63325
3741.5 37 6.08276
3742.5 41 6.40312
3743.5 45 6.7082
3744.5 50 7.07107
3745.5 48 6.9282
3746.5 27 5.19615
3747.5 32 5.65685
3748.5 39 6.245
3749.5 34 5.83095
3750.5 42 6.48074
3751.5 33 5.74456
3752.5 55 7.4162
3753.5 43 6.55744
3754.5 38 6.16441
3755.5 26 5.09902
3756.5 48 6.9282
3757.5 39 6.245
3758.5 52 7.2111
3759.5 50 7.07107
3760.5 32 5.65685
3761.5 41 6.40312
3762.5 37 6.08276
3763.5 32 5.65685
3764.5 42 6.48074
3765.5 47 6.85565
3766.5 40 6.32456
3767.5 43 6.55744
3768.5 45 6.7082
3769.5 41 6.40312
3770.5 39 6.245
3771.5 31 5.56776
3772.5 49 7
3773.5 37 6.08276
3774.5 38 6.16441
3775.5 39 6.245
3776.5 48 6.9282
3777.5 35 5.91608
3778.5 44 6.63325
3779.5 47 6.85565
3780.5 51 7.14143
3781.5 41 6.40312
3782.5 53 7.28011
3783.5 55 7.4162
3784.5 42 6.48074
3785.5 47 6.85565
3786.5 52 7.2111
3787.5 46 6.78233
3788.5 52 7.2111
3789.5 54 7.34847
3790.5 31 5.56776
3791.5 42 6.48074
3792.5 44 6.63325
3793.5 49 7
3794.5 45 6.7082
3795.5 39 6.245
3796.5 43 6.55744
3797.5 57 7.54983
3798.5 38 6.16441
3799.5 45 6.7082
3800.5 48 6.9282
3801.5 43 6.55744
3802.5 38 6.16441
3803.5 53 7.28011
3804.5 41 6.40312
3805.5 44 6.63325
3806.5 33 5.74456
3807.5 43 6.55744
3808.5 46 6.78233
3809.5 34 5.83095
3810.5 43 6.55744
3811.5 58 7.61577
3812.5 43 6.55744
3813.5 44 6.63325
3814.5 39 6.245
3815.5 39 6.245
3816.5 54 7.34847
3817.5 42 6.48074
3818.5 41 6.40312
3819.5 39 6.245
3820.5 39 6.245
3821.5 45 6.7082
3822.5 44 6.63325
3823.5 51 7.14143
3824.5 50 7.07107
3825.5 38 6.16441
3826.5 49 7
3827.5 33 5.74456
3828.5 52 7.2111
3829.5 38 6.16441
3830.5 40 6.32456
3831.5 48 6.9282
3832.5 47 6.85565
3833.5 37 6.08276
3834.5 43 6.55744
3835.5 38 6.16441
3836.5 28 5.2915
3837.5 41 6.40312
3838.5 42 6.48074
3839.5 50 7.07107
3840.5 40 6.32456
3841.5 44 6.63325
3842.5 22 4.69042
3843.5 37 6.08276
3844.5 56 7.48331
3845.5 61 7.81025
3846.5 39 6.245
3847.5 34 5.83095
3848.5 45 6.7082
3849.5 39 6.245
3850.5 37 6.08276
3851.5 42 6.48074
3852.5 52 7.2111
3853.5 38 6.16441
3854.5 25 5
3855.5 48 6.9282
3856.5 43 6.55744
3857.5 34 5.83095
3858.5 47 6.85565
3859.5 40 6.32456
3860.5 38 6.16441
3861.5 36 6
3862.5 43 6.55744
3863.5 23 4.79583
3864.5 49 7
3865.5 46 6.78233
3866.5 49 7
3867.5 43 6.55744
3868.5 46 6.78233
3869.5 42 6.48074
3870.5 55 7.4162
3871.5 34 5.83095
3872.5 48 6.9282
3873.5 32 5.65685
3874.5 45 6.7082
3875.5 30 5.47723
3876.5 38 6.16441
3877.5 38 6.16441
3878.5 37 6.08276
3879.5 35 5.91608
3880.5 46 6.78233
3881.5 39 6.245
3882.5 43 6.55744
3883.5 44 6.63325
3884.5 48 6.9282
3885.5 52 7.2111
3886.5 36 6
3887.5 37 6.08276
3888.5 51 7.14143
3889.5 39 6.245
3890.5 36 6
3891.5 38 6.16441
3892.5 46 6.78233
3893.5 44 6.63325
3894.5 33 5.74456
3895.5 32 5.65685
3896.5 38 6.16441
3897.5 38 6.16441
3898.5 35 5.91608
3899.5 40 6.32456
3900.5 53 7.28011
3901.5 45 6.7082
3902.5 51 7.14143
3903.5 45 6.7082
3904.5 29 5.38516
3905.5 47 6.85565
3906.5 37 6.08276
3907.5 48 6.9282
3908.5 38 6.16441
3909.5 42 6.48074
3910.5 37 6.08276
3911.5 40 6.32456
3912.5 39 6.245
3913.5 39 6.245
3914.5 30 5.47723
3915.5 42 6.48074
3916.5 39 6.245
3917.5 37 6.08276
3918.5 41 6.40312
3919.5 35 5.91608
3920.5 35 5.91608
3921.5 37 6.08276
3922.5 45 6.7082
3923.5 38 6.16441
3924.5 44 6.63325
3925.5 50 7.07107
3926.5 50 7.07107
3927.5 45 6.7082
3928.5 45 6.7082
3929.5 40 6.32456
3930.5 38 6.16441
3931.5 40 6.32456
3932.5 43 6.55744
3933.5 41 6.40312
3934.5 51 7.14143
3935.5 46 6.78233
3936.5 38 6.16441
3937.5 40 6.32456
3938.5 42 6.48074
3939.5 31 5.56776
3940.5 39 6.245
3941.5 43 6.55744
3942.5 48 6.9282
3943.5 51 7.14143
3944.5 46 6.78233
3945.5 35 5.91608
3946.5 40 6.32456
3947.5 33 5.74456
3948.5 31 5.56776
3949.5 40 6.32456
3950.5 45 6.7082
3951.5 41 6.40312
3952.5 25 5
3953.5 41 6.40312
3954.5 45 6.7082
3955.5 37 6.08276
3956.5 34 5.83095
3957.5 43 6.55744
3958.5 46 6.78233
3959.5 49 7
3960.5 35 5.91608
3961.5 38 6.16441
3962.5 30 5.47723
3963.5 30 5.47723
3964.5 48 6.9282
3965.5 44 6.63325
3966.5 26 5.09902
3967.5 32 5.65685
3968.5 38 6.16441
3969.5 32 5.65685
3970.5 44 6.63325
3971.5 29 5.38516
3972.5 32 5.65685
3973.5 31 5.56776
3974.5 45 6.7082
3975.5 47 6.85565
3976.5 36 6
3977.5 29 5.38516
3978.5 41 6.40312
3979.5 36 6
3980.5 49 7
3981.5 43 6.55744
3982.5 39 6.245
3983.5 38 6.16441
3984.5 35 5.91608
3985.5 39 6.245
3986.5 42 6.48074
3987.5 42 6.48074
3988.5 45 6.7082
3989.5 31 5.56776
3990.5 40 6.32456
3991.5 41 6.40312
3992.5 43 6.55744
3993.5 50 7.07107
3994.5 36 6
3995.5 46 6.78233
3996.5 34 5.83095
3997.5 45 6.7082
3998.5 44 6.63325
3999.5 34 5.83095
4000.5 37 6.08276
4001.5 51 7.14143
4002.5 44 6.63325
4003.5 44 6.63325
4004.5 35 5.91608
4005.5 47 6.85565
4006.5 50 7.07107
4007.5 51 7.14143
4008.5 42 6.48074
4009.5 35 5.91608
4010.5 35 5.91608
4011.5 35 5.91608
4012.5 34 5.83095
4013.5 34 5.83095
4014.5 44 6.63325
4015.5 40 6.32456
4016.5 46 6.78233
4017.5 54 7.34847
4018.5 37 6.08276
4019.5 43 6.55744
4020.5 36 6
4021.5 38 6.16441
4022.5 47 6.85565
4023.5 43 6.55744
4024.5 43 6.55744
4025.5 34 5.83095
4026.5 46 6.78233
4027.5 44 6.63325
4028.5 33 5.74456
4029.5 45 6.7082
4030.5 46 6.78233
4031.5 31 5.56776
4032.5 42 6.48074
4033.5 38 6.16441
4034.5 35 5.91608
4035.5 35 5.91608
4036.5 48 6.9282
4037.5 38 6.16441
4038.5 46 6.78233
4039.5 40 6.32456
4040.5 34 5.83095
4041.5 55 7.4162
4042.5 32 5.65685
4043.5 32 5.65685
4044.5 36 6
4045.5 37 6.08276
4046.5 27 5.19615
4047.5 51 7.14143
4048.5 43 6.55744
4049.5 53 7.28011
4050.5 48 6.9282
4051.5 41 6.40312
4052.5 46 6.78233
4053.5 50 7.07107
4054.5 34 5.83095
4055.5 45 6.7082
4056.5 48 6.9282
4057.5 28 5.2915
4058.5 48 6.9282
4059.5 34 5.83095
4060.5 27 5.19615
4061.5 39 6.245
4062.5 36 6
4063.5 39 6.245
4064.5 27 5.19615
4065.5 44 6.63325
4066.5 36 6
4067.5 41 6.40312
4068.5 34 5.83095
4069.5 42 6.48074
4070.5 36 6
4071.5 37 6.08276
4072.5 33 5.74456
4073.5 45 6.7082
4074.5 38 6.16441
4075.5 25 5
4076.5 38 6.16441
4077.5 35 5.91608
4078.5 29 5.38516
4079.5 51 7.14143
4080.5 29 5.38516
4081.5 27 5.19615
4082.5 34 5.83095
4083.5 41 6.40312
4084.5 48 6.9282
4085.5 44 6.63325
4086.5 40 6.32456
4087.5 36 6
4088.5 42 6.48074
4089.5 31 5.56776
4090.5 45 6.7082
4091.5 37 6.08276
4092.5 44 6.63325
4093.5 37 6.08276
4094.5 37 6.08276
4095.5 52 7.2111
4096.5 36 6
4097.5 35 5.91608
4098.5 38 6.16441
4099.5 31 5.56776
4100.5 35 5.91608
4101.5 37 6.08276
4102.5 43 6.55744
4103.5 40 6.32456
4104.5 35 5.91608
4105.5 33 5.74456
4106.5 27 5.19615
4107.5 41 6.40312
4108.5 28 5.2915
4109.5 34 5.83095
4110.5 44 6.63325
4111.5 38 6.16441
4112.5 36 6
4113.5 35 5.91608
4114.5 40 6.32456
4115.5 36 6
4116.5 33 5.74456
4117.5 51 7.14143
4118.5 36 6
4119.5 33 5.74456
4120.5 41 6.40312
4121.5 24 4.89898
4122.5 44 6.63325
4123.5 41 6.40312
4124.5 41 6.40312
4125.5 51 7.14143
4126.5 31 5.56776
4127.5 44 6.63325
4128.5 34 5.83095
4129.5 35 5.91608
4130.5 39 6.245
4131.5 38 6.16441
4132.5 48 6.9282
4133.5 41 6.40312
4134.5 46 6.78233
4135.5 35 5.91608
4136.5 32 5.65685
4137.5 28 5.2915
4138.5 29 5.38516
4139.5 32 5.65685
4140.5 56 7.48331
4141.5 30 5.47723
4142.5 32 5.65685
4143.5 37 6.08276
4144.5 43 6.55744
4145.5 43 6.55744
4146.5 42 6.48074
4147.5 32 5.65685
4148.5 39 6.245
4149.5 46 6.78233
4150.5 45 6.7082
4151.5 34 5.83095
4152.5 32 5.65685
4153.5 25 5
4154.5 28 5.2915
4155.5 38 6.16441
4156.5 41 6.40312
4157.5 46 6.78233
4158.5 44 6.63325
4159.5 43 6.55744
4160.5 34 5.83095
4161.5 33 5.74456
4162.5 39 6.245
4163.5 37 6.08276
4164.5 40 6.32456
4165.5 36 6
4166.5 41 6.40312
4167.5 40 6.32456
4168.5 45 6.7082
4169.5 44 6.63325
4170.5 30 5.47723
4171.5 40 6.32456
4172.5 51 7.14143
4173.5 39 6.245
4174.5 45 6.7082
4175.5 49 7
4176.5 36 6
4177.5 41 6.40312
4178.5 35 5.91608
4179.5 35 5.91608
4180.5 26 5.09902
4181.5 52 7.2111
4182.5 24 4.89898
4183.5 35 5.91608
4184.5 38 6.16441
4185.5 31 5.56776
4186.5 38 6.16441
4187.5 48 6.9282
4188.5 46 6.78233
4189.5 41 6.40312
4190.5 40 6.32456
4191.5 42 6.48074
4192.5 39 6.245
4193.5 40 6.32456
4194.5 38 6.16441
4195.5 38 6.16441
4196.5 35 5.91608
4197.5 40 6.32456
4198.5 40 6.32456
4199.5 32 5.65685
4200.5 46 6.78233
4201.5 37 6.08276
4202.5 43 6.55744
4203.5 36 6
4204.5 40 6.32456
4205.5 25 5
4206.5 33 5.74456
4207.5 38 6.16441
4208.5 36 6
4209.5 43 6.55744
4210.5 29 5.38516
4211.5 43 6.55744
4212.5 44 6.63325
4213.5 43 6.55744
4214.5 50 7.07107
4215.5 33 5.74456
4216.5 38 6.16441
4217.5 37 6.08276
4218.5 36 6
4219.5 52 7.2111
4220.5 44 6.63325
4221.5 41 6.40312
4222.5 39 6.245
4223.5 35 5.91608
4224.5 45 6.7082
4225.5 40 6.32456
4226.5 46 6.78233
4227.5 28 5.2915
4228.5 37 6.08276
4229.5 38 6.16441
4230.5 41 6.40312
4231.5 29 5.38516
4232.5 37 6.08276
4233.5 32 5.65685
4234.5 34 5.83095
4235.5 29 5.38516
4236.5 31 5.56776
4237.5 44 6.63325
4238.5 51 7.14143
4239.5 42 6.48074
4240.5 42 6.48074
4241.5 40 6.32456
4242.5 41 6.40312
4243.5 29 5.38516
4244.5 57 7.54983
4245.5 45 6.7082
4246.5 42 6.48074
4247.5 35 5.91608
4248.5 49 7
4249.5 34 5.83095
4250.5 49 7
4251.5 35 5.91608
4252.5 37 6.08276
4253.5 48 6.9282
4254.5 45 6.7082
4255.5 31 5.56776
4256.5 46 6.78233
4257.5 41 6.40312
4258.5 33 5.74456
4259.5 44 6.63325
4260.5 42 6.48074
4261.5 42 6.48074
4262.5 35 5.91608
4263.5 36 6
4264.5 43 6.55744
4265.5 42 6.48074
4266.5 45 6.7082
4267.5 52 7.2111
4268.5 39 6.245
4269.5 40 6.32456
4270.5 33 5.74456
4271.5 35 5.91608
4272.5 37 6.08276
4273.5 34 5.83095
4274.5 51 7.14143
4275.5 40 6.32456
4276.5 35 5.91608
4277.5 35 5.91608
4278.5 37 6.08276
4279.5 37 6.08276
4280.5 39 6.245
4281.5 41 6.40312
4282.5 41 6.40312
4283.5 38 6.16441
4284.5 36 6
4285.5 54 7.34847
4286.5 28 5.2915
4287.5 37 6.08276
4288.5 35 5.91608
4289.5 46 6.78233
4290.5 40 6.32456
4291.5 36 6
4292.5 38 6.16441
4293.5 41 6.40312
4294.5 42 6.48074
4295.5 47 6.85565
4296.5 51 7.14143
4297.5 43 6.55744
4298.5 41 6.40312
4299.5 37 6.08276
4300.5 39 6.245
4301.5 34 5.83095
4302.5 43 6.55744
4303.5 36 6
4304.5 46 6.78233
4305.5 40 6.32456
4306.5 45 6.7082
4307.5 49 7
4308.5 37 6.08276
4309.5 50 7.07107
4310.5 36 6
4311.5 41 6.40312
4312.5 38 6.16441
4313.5 42 6.48074
4314.5 48 6.9282
4315.5 40 6.32456
4316.5 24 4.89898
4317.5 35 5.91608
4318.5 37 6.08276
4319.5 42 6.48074
4320.5 35 5.91608
4321.5 33 5.74456
4322.5 26 5.09902
4323.5 47 6.85565
4324.5 46 6.78233
4325.5 34 5.83095
4326.5 31 5.56776
4327.5 46 6.78233
4328.5 38 6.16441
4329.5 43 6.55744
4330.5 40 6.32456
4331.5 42 6.48074
4332.5 43 6.55744
4333.5 35 5.91608
4334.5 41 6.40312
4335.5 39 6.245
4336.5 40 6.32456
4337.5 27 5.19615
4338.5 28 5.2915
4339.5 42 6.48074
4340.5 42 6.48074
4341.5 53 7.28011
4342.5 32 5.65685
4343.5 43 6.55744
4344.5 29 5.38516
4345.5 27 5.19615
4346.5 40 6.32456
4347.5 38 6.16441
4348.5 37 6.08276
4349.5 32 5.65685
4350.5 35 5.91608
4351.5 36 6
4352.5 40 6.32456
4353.5 47 6.85565
4354.5 35 5.91608
4355.5 36 6
4356.5 36 6
4357.5 32 5.65685
4358.5 34 5.83095
4359.5 36 6
4360.5 44 6.63325
4361.5 37 6.08276
4362.5 35 5.91608
4363.5 43 6.55744
4364.5 38 6.16441
4365.5 46 6.78233
4366.5 28 5.2915
4367.5 39 6.245
4368.5 47 6.85565
4369.5 44 6.63325
4370.5 39 6.245
4371.5 40 6.32456
4372.5 24 4.89898
4373.5 44 6.63325
4374.5 34 5.83095
4375.5 43 6.55744
4376.5 33 5.74456
4377.5 36 6
4378.5 44 6.63325
4379.5 43 6.55744
4380.5 37 6.08276
4381.5 48 6.9282
4382.5 33 5.74456
4383.5 36 6
4384.5 51 7.14143
4385.5 46 6.78233
4386.5 37 6.08276
4387.5 37 6.08276
4388.5 36 6
4389.5 56 7.48331
4390.5 52 7.2111
4391.5 35 5.91608
4392.5 34 5.83095
4393.5 44 6.63325
4394.5 34 5.83095
4395.5 37 6.08276
4396.5 53 7.28011
4397.5 37 6.08276
4398.5 44 6.63325
4399.5 43 6.55744
4400.5 45 6.7082
4401.5 31 5.56776
4402.5 46 6.78233
4403.5 44 6.63325
4404.5 50 7.07107
4405.5 30 5.47723
4406.5 53 7.28011
4407.5 51 7.14143
4408.5 50 7.07107
4409.5 47 6.85565
4410.5 43 6.55744
4411.5 64 8
4412.5 43 6.55744
4413.5 57 7.54983
4414.5 38 6.16441
4415.5 40 6.32456
4416.5 30 5.47723
4417.5 52 7.2111
4418.5 47 6.85565
4419.5 49 7
4420.5 56 7.48331
4421.5 34 5.83095
4422.5 49 7
4423.5 38 6.16441
4424.5 43 6.55744
4425.5 37 6.08276
4426.5 46 6.78233
4427.5 35 5.91608
4428.5 47 6.85565
4429.5 40 6.32456
4430.5 47 6.85565
4431.5 38 6.16441
4432.5 50 7.07107
4433.5 46 6.78233
4434.5 35 5.91608
4435.5 45 6.7082
4436.5 51 7.14143
4437.5 44 6.63325
4438.5 40 6.32456
4439.5 42 6.48074
4440.5 35 5.91608
4441.5 31 5.56776
4442.5 43 6.55744
4443.5 30 5.47723
4444.5 44 6.63325
4445.5 42 6.48074
4446.5 32 5.65685
4447.5 47 6.85565
4448.5 38 6.16441
4449.5 41 6.40312
4450.5 39 6.245
4451.5 38 6.16441
4452.5 49 7
4453.5 41 6.40312
4454.5 33 5.74456
4455.5 41 6.40312
4456.5 41 6.40312
4457.5 49 7
4458.5 47 6.85565
4459.5 38 6.16441
4460.5 41 6.40312
4461.5 37 6.08276
4462.5 45 6.7082
4463.5 27 5.19615
4464.5 37 6.08276
4465.5 30 5.47723
4466.5 59 7.68115
4467.5 37 6.08276
4468.5 33 5.74456
4469.5 34 5.83095
4470.5 46 6.78233
4471.5 36 6
4472.5 33 5.74456
4473.5 32 5.65685
4474.5 41 6.40312
4475.5 42 6.48074
4476.5 37 6.08276
4477.5 40 6.32456
4478.5 47 6.85565
4479.5 45 6.7082
4480.5 39 6.245
4481.5 36 6
4482.5 36 6
4483.5 44 6.63325
4484.5 36 6
4485.5 45 6.7082
4486.5 47 6.85565
4487.5 41 6.40312
4488.5 35 5.91608
4489.5 42 6.48074
4490.5 46 6.78233
4491.5 39 6.245
4492.5 33 5.74456
4493.5 38 6.16441
4494.5 33 5.74456
4495.5 34 5.83095
4496.5 39 6.245
4497.5 43 6.55744
4498.5 41 6.40312
4499.5 45 6.7082
4500.5 38 6.16441
4501.5 45 6.7082
4502.5 35 5.91608
4503.5 44 6.63325
4504.5 29 5.38516
4505.5 41 6.40312
4506.5 43 6.55744
4507.5 35 5.91608
4508.5 46 6.78233
4509.5 44 6.63325
4510.5 44 6.63325
4511.5 35 5.91608
4512.5 38 6.16441
4513.5 40 6.32456
4514.5 43 6.55744
4515.5 35 5.91608
4516.5 44 6.63325
4517.5 42 6.48074
4518.5 48 6.9282
4519.5 37 6.08276
4520.5 38 6.16441
4521.5 36 6
4522.5 32 5.65685
4523.5 36 6
4524.5 31 5.56776
4525.5 37 6.08276
4526.5 38 6.16441
4527.5 39 6.245
4528.5 47 6.85565
4529.5 36 6
4530.5 42 6.48074
4531.5 41 6.40312
4532.5 44 6.63325
4533.5 39 6.245
4534.5 52 7.2111
4535.5 48 6.9282
4536.5 44 6.63325
4537.5 24 4.89898
4538.5 51 7.14143
4539.5 40 6.32456
4540.5 28 5.2915
4541.5 31 5.56776
4542.5 29 5.38516
4543.5 32 5.65685
4544.5 34 5.83095
4545.5 43 6.55744
4546.5 39 6.245
4547.5 36 6
4548.5 45 6.7082
4549.5 36 6
4550.5 32 5.65685
4551.5 33 5.74456
4552.5 43 6.55744
4553.5 26 5.09902
4554.5 44 6.63325
4555.5 30 5.47723
4556.5 41 6.40312
4557.5 44 6.63325
4558.5 33 5.74456
4559.5 35 5.91608
4560.5 43 6.55744
4561.5 39 6.245
4562.5 52 7.2111
4563.5 37 6.08276
4564.5 40 6.32456
4565.5 25 5
4566.5 37 6.08276
4567.5 42 6.48074
4568.5 35 5.91608
4569.5 47 6.85565
4570.5 48 6.9282
4571.5 41 6.40312
4572.5 36 6
4573.5 35 5.91608
4574.5 46 6.78233
4575.5 42 6.48074
4576.5 38 6.16441
4577.5 42 6.48074
4578.5 39 6.245
4579.5 38 6.16441
4580.5 34 5.83095
4581.5 43 6.55744
4582.5 40 6.32456
4583.5 43 6.55744
4584.5 44 6.63325
4585.5 38 6.16441
4586.5 39 6.245
4587.5 37 6.08276
4588.5 37 6.08276
4589.5 39 6.245
4590.5 43 6.55744
4591.5 36 6
4592.5 36 6
4593.5 56 7.48331
4594.5 52 7.2111
4595.5 37 6.08276
4596.5 35 5.91608
4597.5 33 5.74456
4598.5 50 7.07107
4599.5 55 7.4162
4600.5 30 5.47723
4601.5 43 6.55744
4602.5 45 6.7082
4603.5 47 6.85565
4604.5 38 6.16441
4605.5 28 5.2915
4606.5 31 5.56776
4607.5 33 5.74456
4608.5 36 6
4609.5 33 5.74456
4610.5 52 7.2111
4611.5 33 5.74456
4612.5 31 5.56776
4613.5 44 6.63325
4614.5 42 6.48074
4615.5 36 6
4616.5 32 5.65685
4617.5 39 6.245
4618.5 41 6.40312
4619.5 41 6.40312
4620.5 39 6.245
4621.5 37 6.08276
4622.5 35 5.91608
4623.5 27 5.19615
4624.5 35 5.91608
4625.5 31 5.56776
4626.5 40 6.32456
4627.5 39 6.245
4628.5 38 6.16441
4629.5 40 6.32456
4630.5 32 5.65685
4631.5 48 6.9282
4632.5 38 6.16441
4633.5 35 5.91608
4634.5 34 5.83095
4635.5 43 6.55744
4636.5 28 5.2915
4637.5 37 6.08276
4638.5 39 6.245
4639.5 36 6
4640.5 37 6.08276
4641.5 35 5.91608
4642.5 35 5.91608
4643.5 40 6.32456
4644.5 37 6.08276
4645.5 38 6.16441
4646.5 39 6.245
4647.5 39 6.245
4648.5 39 6.245
4649.5 37 6.08276
4650.5 41 6.40312
4651.5 31 5.56776
4652.5 39 6.245
4653.5 36 6
4654.5 36 6
4655.5 29 5.38516
4656.5 39 6.245
4657.5 35 5.91608
4658.5 37 6.08276
4659.5 47 6.85565
4660.5 32 5.65685
4661.5 36 6
4662.5 43 6.55744
4663.5 36 6
4664.5 41 6.40312
4665.5 30 5.47723
4666.5 33 5.74456
4667.5 39 6.245
4668.5 29 5.38516
4669.5 39 6.245
4670.5 39 6.245
4671.5 43 6.55744
4672.5 35 5.91608
4673.5 48 6.9282
4674.5 39 6.245
4675.5 41 6.40312
4676.5 33 5.74456
4677.5 47 6.85565
4678.5 32 5.65685
4679.5 39 6.245
4680.5 48 6.9282
4681.5 42 6.48074
4682.5 42 6.48074
4683.5 57 7.54983
4684.5 35 5.91608
4685.5 38 6.16441
4686.5 36 6
4687.5 41 6.40312
4688.5 44 6.63325
4689.5 45 6.7082
4690.5 33 5.74456
4691.5 43 6.55744
4692.5 36 6
4693.5 38 6.16441
4694.5 39 6.245
4695.5 36 6
4696.5 37 6.08276
4697.5 44 6.63325
4698.5 39 6.245
4699.5 34 5.83095
4700.5 44 6.63325
4701.5 54 7.34847
4702.5 44 6.63325
4703.5 37 6.08276
4704.5 30 5.47723
4705.5 44 6.63325
4706.5 46 6.78233
4707.5 48 6.9282
4708.5 41 6.40312
4709.5 37 6.08276
4710.5 39 6.245
4711.5 44 6.63325
4712.5 54 7.34847
4713.5 38 6.16441
4714.5 33 5.74456
4715.5 38 6.16441
4716.5 51 7.14143
4717.5 41 6.40312
4718.5 41 6.40312
4719.5 34 5.83095
4720.5 38 6.16441
4721.5 43 6.55744
4722.5 28 5.2915
4723.5 32 5.65685
4724.5 40 6.32456
4725.5 41 6.40312
4726.5 41 6.40312
4727.5 33 5.74456
4728.5 42 6.48074
4729.5 43 6.55744
4730.5 30 5.47723
4731.5 45 6.7082
4732.5 33 5.74456
4733.5 41 6.40312
4734.5 37 6.08276
4735.5 31 5.56776
4736.5 52 7.2111
4737.5 25 5
4738.5 30 5.47723
4739.5 35 5.91608
4740.5 44 6.63325
4741.5 50 7.07107
4742.5 53 7.28011
4743.5 41 6.40312
4744.5 34 5.83095
4745.5 35 5.91608
4746.5 28 5.2915
4747.5 34 5.83095
4748.5 33 5.74456
4749.5 36 6
4750.5 33 5.74456
4751.5 46 6.78233
4752.5 41 6.40312
4753.5 44 6.63325
4754.5 37 6.08276
4755.5 38 6.16441
4756.5 34 5.83095
4757.5 44 6.63325
4758.5 40 6.32456
4759.5 30 5.47723
4760.5 41 6.40312
4761.5 35 5.91608
4762.5 39 6.245
4763.5 42 6.48074
4764.5 40 6.32456
4765.5 31 5.56776
4766.5 39 6.245
4767.5 41 6.40312
4768.5 33 5.74456
4769.5 46 6.78233
4770.5 33 5.74456
4771.5 32 5.65685
4772.5 26 5.09902
4773.5 50 7.07107
4774.5 32 5.65685
4775.5 25 5
4776.5 32 5.65685
4777.5 45 6.7082
4778.5 35 5.91608
4779.5 30 5.47723
4780.5 33 5.74456
4781.5 36 6
4782.5 43 6.55744
4783.5 39 6.245
4784.5 34 5.83095
4785.5 50 7.07107
4786.5 39 6.245
4787.5 37 6.08276
4788.5 45 6.7082
4789.5 37 6.08276
4790.5 30 5.47723
4791.5 37 6.08276
4792.5 40 6.32456
4793.5 46 6.78233
4794.5 32 5.65685
4795.5 31 5.56776
4796.5 25 5
4797.5 38 6.16441
4798.5 30 5.47723
4799.5 29 5.38516
4800.5 44 6.63325
4801.5 48 6.9282
4802.5 39 6.245
4803.5 38 6.16441
4804.5 36 6
4805.5 35 5.91608
4806.5 46 6.78233
4807.5 31 5.56776
4808.5 39 6.245
4809.5 27 5.19615
4810.5 30 5.47723
4811.5 30 5.47723
4812.5 37 6.08276
4813.5 40 6.32456
4814.5 39 6.245
4815.5 34 5.83095
4816.5 42 6.48074
4817.5 31 5.56776
4818.5 24 4.89898
4819.5 39 6.245
4820.5 48 6.9282
4821.5 38 6.16441
4822.5 34 5.83095
4823.5 47 6.85565
4824.5 36 6
4825.5 34 5.83095
4826.5 36 6
4827.5 47 6.85565
4828.5 33 5.74456
4829.5 35 5.91608
4830.5 38 6.16441
4831.5 28 5.2915
4832.5 32 5.65685
4833.5 35 5.91608
4834.5 34 5.83095
4835.5 30 5.47723
4836.5 33 5.74456
4837.5 30 5.47723
4838.5 46 6.78233
4839.5 44 6.63325
4840.5 41 6.40312
4841.5 38 6.16441
4842.5 36 6
4843.5 34 5.83095
4844.5 51 7.14143
4845.5 35 5.91608
4846.5 37 6.08276
4847.5 41 6.40312
4848.5 36 6
4849.5 42 6.48074
4850.5 43 6.55744
4851.5 30 5.47723
4852.5 25 5
4853.5 47 6.85565
4854.5 30 5.47723
4855.5 43 6.55744
4856.5 38 6.16441
4857.5 51 7.14143
4858.5 35 5.91608
4859.5 34 5.83095
4860.5 40 6.32456
4861.5 36 6
4862.5 38 6.16441
4863.5 36 6
4864.5 43 6.55744
4865.5 47 6.85565
4866.5 28 5.2915
4867.5 35 5.91608
4868.5 33 5.74456
4869.5 28 5.2915
4870.5 39 6.245
4871.5 33 5.74456
4872.5 39 6.245
4873.5 31 5.56776
4874.5 34 5.83095
4875.5 40 6.32456
4876.5 34 5.83095
4877.5 34 5.83095
4878.5 49 7
4879.5 42 6.48074
4880.5 31 5.56776
4881.5 48 6.9282
4882.5 45 6.7082
4883.5 37 6.08276
4884.5 35 5.91608
4885.5 45 6.7082
4886.5 48 6.9282
4887.5 35 5.91608
4888.5 41 6.40312
4889.5 41 6.40312
4890.5 37 6.08276
4891.5 32 5.65685
4892.5 43 6.55744
4893.5 35 5.91608
4894.5 49 7
4895.5 36 6
4896.5 34 5.83095
4897.5 36 6
4898.5 30 5.47723
4899.5 37 6.08276
4900.5 33 5.74456
4901.5 32 5.65685
4902.5 32 5.65685
4903.5 42 6.48074
4904.5 40 6.32456
4905.5 33 5.74456
4906.5 41 6.40312
4907.5 47 6.85565
4908.5 27 5.19615
4909.5 42 6.48074
4910.5 41 6.40312
4911.5 32 5.65685
4912.5 45 6.7082
4913.5 32 5.65685
4914.5 30 5.47723
4915.5 28 5.2915
4916.5 26 5.09902
4917.5 36 6
4918.5 38 6.16441
4919.5 46 6.78233
4920.5 42 6.48074
4921.5 40 6.32456
4922.5 31 5.56776
4923.5 41 6.40312
4924.5 40 6.32456
4925.5 29 5.38516
4926.5 41 6.40312
4927.5 35 5.91608
4928.5 38 6.16441
4929.5 43 6.55744
4930.5 40 6.32456
4931.5 34 5.83095
4932.5 34 5.83095
4933.5 32 5.65685
4934.5 37 6.08276
4935.5 44 6.63325
4936.5 32 5.65685
4937.5 37 6.08276
4938.5 37 6.08276
4939.5 33 5.74456
4940.5 40 6.32456
4941.5 36 6
4942.5 26 5.09902
4943.5 42 6.48074
4944.5 46 6.78233
4945.5 35 5.91608
4946.5 33 5.74456
4947.5 36 6
4948.5 43 6.55744
4949.5 35 5.91608
4950.5 42 6.48074
4951.5 37 6.08276
4952.5 27 5.19615
4953.5 35 5.91608
4954.5 46 6.78233
4955.5 33 5.74456
4956.5 36 6
4957.5 31 5.56776
4958.5 36 6
4959.5 38 6.16441
4960.5 38 6.16441
4961.5 35 5.91608
4962.5 51 7.14143
4963.5 36 6
4964.5 48 6.9282
4965.5 40 6.32456
4966.5 34 5.83095
4967.5 37 6.08276
4968.5 31 5.56776
4969.5 26 5.09902
4970.5 24 4.89898
4971.5 35 5.91608
4972.5 32 5.65685
4973.5 50 7.07107
4974.5 38 6.16441
4975.5 36 6
4976.5 33 5.74456
4977.5 39 6.245
4978.5 25 5
4979.5 26 5.09902
4980.5 51 7.14143
4981.5 41 6.40312
4982.5 30 5.47723
4983.5 38 6.16441
4984.5 40 6.32456
4985.5 49 7
4986.5 35 5.91608
4987.5 43 6.55744
4988.5 45 6.7082
4989.5 22 4.69042
4990.5 28 5.2915
4991.5 42 6.48074
4992.5 39 6.245
4993.5 38 6.16441
4994.5 40 6.32456
4995.5 36 6
4996.5 36 6
4997.5 28 5.2915
4998.5 42 6.48074
4999.5 45 6.7082
5000.5 34 5.83095
5001.5 46 6.78233
5002.5 48 6.9282
5003.5 38 6.16441
5004.5 28 5.2915
5005.5 35 5.91608
5006.5 41 6.40312
5007.5 29 5.38516
5008.5 37 6.08276
5009.5 52 7.2111
5010.5 32 5.65685
5011.5 29 5.38516
5012.5 48 6.9282
5013.5 35 5.91608
5014.5 31 5.56776
5015.5 33 5.74456
5016.5 33 5.74456
5017.5 42 6.48074
5018.5 35 5.91608
5019.5 37 6.08276
5020.5 32 5.65685
5021.5 40 6.32456
5022.5 41 6.40312
5023.5 27 5.19615
5024.5 41 6.40312
5025.5 32 5.65685
5026.5 36 6
5027.5 44 6.63325
5028.5 35 5.91608
5029.5 30 5.47723
5030.5 29 5.38516
5031.5 37 6.08276
5032.5 37 6.08276
5033.5 35 5.91608
5034.5 24 4.89898
5035.5 44 6.63325
5036.5 51 7.14143
5037.5 43 6.55744
5038.5 39 6.245
5039.5 49 7
5040.5 29 5.38516
5041.5 26 5.09902
5042.5 42 6.48074
5043.5 35 5.91608
5044.5 38 6.16441
5045.5 40 6.32456
5046.5 30 5.47723
5047.5 44 6.63325
5048.5 34 5.83095
5049.5 34 5.83095
5050.5 31 5.56776
5051.5 37 6.08276
5052.5 52 7.2111
5053.5 43 6.55744
5054.5 29 5.38516
5055.5 43 6.55744
5056.5 36 6
5057.5 45 6.7082
5058.5 35 5.91608
5059.5 32 5.65685
5060.5 35 5.91608
5061.5 36 6
5062.5 49 7
5063.5 42 6.48074
5064.5 27 5.19615
5065.5 33 5.74456
5066.5 35 5.91608
5067.5 34 5.83095
5068.5 42 6.48074
5069.5 37 6.08276
5070.5 45 6.7082
5071.5 39 6.245
5072.5 37 6.08276
5073.5 42 6.48074
5074.5 39 6.245
5075.5 38 6.16441
5076.5 40 6.32456
5077.5 32 5.65685
5078.5 29 5.38516
5079.5 30 5.47723
5080.5 45 6.7082
5081.5 42 6.48074
5082.5 31 5.56776
5083.5 35 5.91608
5084.5 32 5.65685
5085.5 27 5.19615
5086.5 37 6.08276
5087.5 30 5.47723
5088.5 49 7
5089.5 29 5.38516
5090.5 35 5.91608
5091.5 37 6.08276
5092.5 33 5.74456
5093.5 33 5.74456
5094.5 37 6.08276
5095.5 33 5.74456
5096.5 37 6.08276
5097.5 31 5.56776
5098.5 48 6.9282
5099.5 38 6.16441
5100.5 29 5.38516
5101.5 45 6.7082
5102.5 43 6.55744
5103.5 36 6
5104.5 36 6
5105.5 34 5.83095
5106.5 44 6.63325
5107.5 42 6.48074
5108.5 33 5.74456
5109.5 28 5.2915
5110.5 40 6.32456
5111.5 38 6.16441
5112.5 38 6.16441
5113.5 41 6.40312
5114.5 45 6.7082
5115.5 34 5.83095
5116.5 33 5.74456
5117.5 43 6.55744
5118.5 42 6.48074
5119.5 43 6.55744
5120.5 44 6.63325
5121.5 25 5
5122.5 48 6.9282
5123.5 36 6
5124.5 33 5.74456
5125.5 33 5.74456
5126.5 44 6.63325
5127.5 29 5.38516
5128.5 31 5.56776
5129.5 45 6.7082
5130.5 37 6.08276
5131.5 38 6.16441
5132.5 41 6.40312
5133.5 47 6.85565
5134.5 34 5.83095
5135.5 40 6.32456
5136.5 35 5.91608
5137.5 37 6.08276
5138.5 41 6.40312
5139.5 35 5.91608
5140.5 38 6.16441
5141.5 41 6.40312
5142.5 46 6.78233
5143.5 26 5.09902
5144.5 33 5.74456
5145.5 24 4.89898
5146.5 41 6.40312
5147.5 31 5.56776
5148.5 38 6.16441
5149.5 33 5.74456
5150.5 33 5.74456
5151.5 34 5.83095
5152.5 31 5.56776
5153.5 35 5.91608
5154.5 41 6.40312
5155.5 36 6
5156.5 33 5.74456
5157.5 32 5.65685
5158.5 36 6
5159.5 49 7
5160.5 37 6.08276
5161.5 46 6.78233
5162.5 43 6.55744
5163.5 35 5.91608
5164.5 37 6.08276
5165.5 32 5.65685
5166.5 34 5.83095
5167.5 40 6.32456
5168.5 35 5.91608
5169.5 44 6.63325
5170.5 44 6.63325
5171.5 42 6.48074
5172.5 37 6.08276
5173.5 46 6.78233
5174.5 36 6
5175.5 39 6.245
5176.5 47 6.85565
5177.5 27 5.19615
5178.5 31 5.56776
5179.5 38 6.16441
5180.5 37 6.08276
5181.5 40 6.32456
5182.5 30 5.47723
5183.5 31 5.56776
5184.5 25 5
5185.5 35 5.91608
5186.5 38 6.16441
5187.5 32 5.65685
5188.5 38 6.16441
5189.5 47 6.85565
5190.5 47 6.85565
5191.5 37 6.08276
5192.5 32 5.65685
5193.5 41 6.40312
5194.5 36 6
5195.5 34 5.83095
5196.5 36 6
5197.5 40 6.32456
5198.5 37 6.08276
5199.5 40 6.32456
5200.5 42 6.48074
5201.5 42 6.48074
5202.5 34 5.83095
5203.5 37 6.08276
5204.5 33 5.74456
5205.5 36 6
5206.5 33 5.74456
5207.5 33 5.74456
5208.5 46 6.78233
5209.5 24 4.89898
5210.5 40 6.32456
5211.5 29 5.38516
5212.5 31 5.56776
5213.5 38 6.16441
5214.5 31 5.56776
5215.5 32 5.65685
5216.5 35 5.91608
5217.5 34 5.83095
5218.5 36 6
5219.5 28 5.2915
5220.5 37 6.08276
5221.5 26 5.09902
5222.5 32 5.65685
5223.5 30 5.47723
5224.5 46 6.78233
5225.5 35 5.91608
5226.5 47 6.85565
5227.5 41 6.40312
5228.5 30 5.47723
5229.5 44 6.63325
5230.5 43 6.55744
5231.5 35 5.91608
5232.5 29 5.38516
5233.5 30 5.47723
5234.5 34 5.83095
5235.5 38 6.16441
5236.5 40 6.32456
5237.5 37 6.08276
5238.5 39 6.245
5239.5 39 6.245
5240.5 37 6.08276
5241.5 42 6.48074
5242.5 36 6
5243.5 43 6.55744
5244.5 41 6.40312
5245.5 33 5.74456
5246.5 50 7.07107
5247.5 27 5.19615
5248.5 35 5.91608
5249.5 38 6.16441
5250.5 34 5.83095
5251.5 49 7
5252.5 48 6.9282
5253.5 30 5.47723
5254.5 26 5.09902
5255.5 30 5.47723
5256.5 37 6.08276
5257.5 32 5.65685
5258.5 27 5.19615
5259.5 31 5.56776
5260.5 39 6.245
5261.5 31 5.56776
5262.5 32 5.65685
5263.5 38 6.16441
5264.5 24 4.89898
5265.5 45 6.7082
5266.5 42 6.48074
5267.5 32 5.65685
5268.5 37 6.08276
5269.5 36 6
5270.5 34 5.83095
5271.5 31 5.56776
5272.5 39 6.245
5273.5 31 5.56776
5274.5 41 6.40312
5275.5 35 5.91608
5276.5 40 6.32456
5277.5 45 6.7082
5278.5 29 5.38516
5279.5 35 5.91608
5280.5 24 4.89898
5281.5 34 5.83095
5282.5 34 5.83095
5283.5 35 5.91608
5284.5 28 5.2915
5285.5 33 5.74456
5286.5 34 5.83095
5287.5 37 6.08276
5288.5 41 6.40312
5289.5 33 5.74456
5290.5 33 5.74456
5291.5 36 6
5292.5 40 6.32456
5293.5 37 6.08276
5294.5 40 6.32456
5295.5 35 5.91608
5296.5 49 7
5297.5 39 6.245
5298.5 41 6.40312
5299.5 48 6.9282
5300.5 37 6.08276
5301.5 32 5.65685
5302.5 46 6.78233
5303.5 40 6.32456
5304.5 28 5.2915
5305.5 53 7.28011
5306.5 29 5.38516
5307.5 30 5.47723
5308.5 43 6.55744
5309.5 33 5.74456
5310.5 37 6.08276
5311.5 41 6.40312
5312.5 48 6.9282
5313.5 34 5.83095
5314.5 35 5.91608
5315.5 33 5.74456
5316.5 37 6.08276
5317.5 41 6.40312
5318.5 33 5.74456
5319.5 40 6.32456
5320.5 40 6.32456
5321.5 41 6.40312
5322.5 35 5.91608
5323.5 33 5.74456
5324.5 38 6.16441
5325.5 29 5.38516
5326.5 38 6.16441
5327.5 31 5.56776
5328.5 29 5.38516
5329.5 50 7.07107
5330.5 36 6
5331.5 42 6.48074
5332.5 43 6.55744
5333.5 41 6.40312
5334.5 39 6.245
5335.5 42 6.48074
5336.5 40 6.32456
5337.5 39 6.245
5338.5 42 6.48074
5339.5 37 6.08276
5340.5 33 5.74456
5341.5 29 5.38516
5342.5 41 6.40312
5343.5 32 5.65685
5344.5 35 5.91608
5345.5 44 6.63325
5346.5 36 6
5347.5 43 6.55744
5348.5 36 6
5349.5 30 5.47723
5350.5 29 5.38516
5351.5 39 6.245
5352.5 42 6.48074
5353.5 33 5.74456
5354.5 38 6.16441
5355.5 39 6.245
5356.5 37 6.08276
5357.5 31 5.56776
5358.5 40 6.32456
5359.5 35 5.91608
5360.5 30 5.47723
5361.5 40 6.32456
5362.5 40 6.32456
5363.5 44 6.63325
5364.5 56 7.48331
5365.5 37 6.08276
5366.5 39 6.245
5367.5 44 6.63325
5368.5 32 5.65685
5369.5 42 6.48074
5370.5 42 6.48074
5371.5 43 6.55744
5372.5 33 5.74456
5373.5 40 6.32456
5374.5 45 6.7082
5375.5 43 6.55744
5376.5 38 6.16441
5377.5 45 6.7082
5378.5 40 6.32456
5379.5 42 6.48074
5380.5 46 6.78233
5381.5 33 5.74456
5382.5 41 6.40312
5383.5 45 6.7082
5384.5 36 6
5385.5 34 5.83095
5386.5 38 6.16441
5387.5 38 6.16441
5388.5 36 6
5389.5 44 6.63325
5390.5 45 6.7082
5391.5 46 6.78233
5392.5 32 5.65685
5393.5 30 5.47723
5394.5 40 6.32456
5395.5 53 7.28011
5396.5 43 6.55744
5397.5 31 5.56776
5398.5 41 6.40312
5399.5 59 7.68115
5400.5 46 6.78233
5401.5 50 7.07107
5402.5 59 7.68115
5403.5 59 7.68115
5404.5 77 8.77496
5405.5 75 8.66025
5406.5 83 9.11043
5407.5 82 9.05539
5408.5 85 9.21954
5409.5 115 10.7238
5410.5 121 11
5411.5 111 10.5357
5412.5 112 10.583
5413.5 118 10.8628
5414.5 131 11.4455
5415.5 133 11.5326
5416.5 127 11.2694
5417.5 142 11.9164
5418.5 133 11.5326
5419.5 144 12
5420.5 160 12.6491
5421.5 146 12.083
5422.5 122 11.0454
5423.5 136 11.6619
5424.5 150 12.2474
5425.5 153 12.3693
5426.5 132 11.4891
5427.5 131 11.4455
5428.5 136 11.6619
5429.5 108 10.3923
5430.5 104 10.198
5431.5 116 10.7703
5432.5 97 9.84886
5433.5 100 10
5434.5 83 9.11043
5435.5 58 7.61577
5436.5 77 8.77496
5437.5 71 8.42615
5438.5 68 8.24621
5439.5 49 7
5440.5 55 7.4162
5441.5 57 7.54983
5442.5 49 7
5443.5 50 7.07107
5444.5 61 7.81025
5445.5 47 6.85565
5446.5 58 7.61577
5447.5 49 7
5448.5 57 7.54983
5449.5 37 6.08276
5450.5 42 6.48074
5451.5 39 6.245
5452.5 49 7
5453.5 55 7.4162
5454.5 39 6.245
5455.5 60 7.74597
5456.5 43 6.55744
5457.5 41 6.40312
5458.5 47 6.85565
5459.5 24 4.89898
5460.5 44 6.63325
5461.5 39 6.245
5462.5 40 6.32456
5463.5 40 6.32456
5464.5 49 7
5465.5 50 7.07107
5466.5 33 5.74456
5467.5 37 6.08276
5468.5 46 6.78233
5469.5 37 6.08276
5470.5 45 6.7082
5471.5 36 6
5472.5 40 6.32456
5473.5 38 6.16441
5474.5 49 7
5475.5 50 7.07107
5476.5 52 7.2111
5477.5 39 6.245
5478.5 43 6.55744
5479.5 29 5.38516
5480.5 45 6.7082
5481.5 37 6.08276
5482.5 40 6.32456
5483.5 47 6.85565
5484.5 36 6
5485.5 40 6.32456
5486.5 49 7
5487.5 33 5.74456
5488.5 54 7.34847
5489.5 37 6.08276
5490.5 41 6.40312
5491.5 31 5.56776
5492.5 37 6.08276
5493.5 44 6.63325
5494.5 49 7
5495.5 47 6.85565
5496.5 43 6.55744
5497.5 43 6.55744
5498.5 35 5.91608
5499.5 33 5.74456
5500.5 39 6.245
5501.5 39 6.245
5502.5 41 6.40312
5503.5 40 6.32456
5504.5 40 6.32456
5505.5 44 6.63325
5506.5 40 6.32456
5507.5 31 5.56776
5508.5 48 6.9282
5509.5 50 7.07107
5510.5 41 6.40312
5511.5 36 6
5512.5 48 6.9282
5513.5 42 6.48074
5514.5 41 6.40312
5515.5 37 6.08276
5516.5 48 6.9282
5517.5 36 6
5518.5 47 6.85565
5519.5 40 6.32456
5520.5 35 5.91608
5521.5 47 6.85565
5522.5 53 7.28011
5523.5 41 6.40312
5524.5 39 6.245
5525.5 45 6.7082
5526.5 28 5.2915
5527.5 41 6.40312
5528.5 35 5.91608
5529.5 45 6.7082
5530.5 51 7.14143
5531.5 38 6.16441
5532.5 43 6.55744
5533.5 39 6.245
5534.5 47 6.85565
5535.5 49 7
5536.5 38 6.16441
5537.5 42 6.48074
5538.5 41 6.40312
5539.5 38 6.16441
5540.5 31 5.56776
5541.5 40 6.32456
5542.5 42 6.48074
5543.5 47 6.85565
5544.5 46 6.78233
5545.5 34 5.83095
5546.5 29 5.38516
5547.5 45 6.7082
5548.5 37 6.08276
5549.5 41 6.40312
5550.5 44 6.63325
5551.5 32 5.65685
5552.5 42 6.48074
5553.5 39 6.245
5554.5 36 6
5555.5 39 6.245
5556.5 36 6
5557.5 62 7.87401
5558.5 47 6.85565
5559.5 40 6.32456
5560.5 50 7.07107
5561.5 44 6.63325
5562.5 50 7.07107
5563.5 33 5.74456
5564.5 31 5.56776
5565.5 32 5.65685
5566.5 47 6.85565
5567.5 35 5.91608
5568.5 35 5.91608
5569.5 32 5.65685
5570.5 47 6.85565
5571.5 35 5.91608
5572.5 38 6.16441
5573.5 44 6.63325
5574.5 28 5.2915
5575.5 53 7.28011
5576.5 37 6.08276
5577.5 31 5.56776
5578.5 35 5.91608
5579.5 34 5.83095
5580.5 34 5.83095
5581.5 34 5.83095
5582.5 39 6.245
5583.5 45 6.7082
5584.5 46 6.78233
5585.5 48 6.9282
5586.5 44 6.63325
5587.5 43 6.55744
5588.5 46 6.78233
5589.5 45 6.7082
5590.5 37 6.08276
5591.5 32 5.65685
5592.5 37 6.08276
5593.5 40 6.32456
5594.5 44 6.63325
5595.5 51 7.14143
5596.5 40 6.32456
5597.5 61 7.81025
5598.5 47 6.85565
5599.5 40 6.32456
5600.5 33 5.74456
5601.5 34 5.83095
5602.5 42 6.48074
5603.5 42 6.48074
5604.5 47 6.85565
5605.5 46 6.78233
5606.5 42 6.48074
5607.5 35 5.91608
5608.5 48 6.9282
5609.5 44 6.63325
5610.5 35 5.91608
5611.5 34 5.83095
5612.5 38 6.16441
5613.5 46 6.78233
5614.5 41 6.40312
5615.5 49 7
5616.5 44 6.63325
5617.5 38 6.16441
5618.5 32 5.65685
5619.5 42 6.48074
5620.5 41 6.40312
5621.5 37 6.08276
5622.5 44 6.63325
5623.5 35 5.91608
5624.5 40 6.32456
5625.5 38 6.16441
5626.5 28 5.2915
5627.5 35 5.91608
5628.5 45 6.7082
5629.5 33 5.74456
5630.5 36 6
5631.5 40 6.32456
5632.5 27 5.19615
5633.5 34 5.83095
5634.5 36 6
5635.5 40 6.32456
5636.5 48 6.9282
5637.5 41 6.40312
5638.5 55 7.4162
5639.5 48 6.9282
5640.5 41 6.40312
5641.5 39 6.245
5642.5 50 7.07107
5643.5 41 6.40312
5644.5 50 7.07107
5645.5 36 6
5646.5 39 6.245
5647.5 44 6.63325
5648.5 32 5.65685
5649.5 45 6.7082
5650.5 34 5.83095
5651.5 38 6.16441
5652.5 46 6.78233
5653.5 29 5.38516
5654.5 35 5.91608
5655.5 30 5.47723
5656.5 38 6.16441
5657.5 40 6.32456
5658.5 49 7
5659.5 39 6.245
5660.5 44 6.63325
5661.5 48 6.9282
5662.5 43 6.55744
5663.5 43 6.55744
5664.5 37 6.08276
5665.5 42 6.48074
5666.5 52 7.2111
5667.5 48 6.9282
5668.5 38 6.16441
5669.5 36 6
5670.5 47 6.85565
5671.5 45 6.7082
5672.5 42 6.48074
5673.5 54 7.34847
5674.5 38 6.16441
5675.5 41 6.40312
5676.5 53 7.28011
5677.5 46 6.78233
5678.5 34 5.83095
5679.5 42 6.48074
5680.5 47 6.85565
5681.5 41 6.40312
5682.5 34 5.83095
5683.5 45 6.7082
5684.5 44 6.63325
5685.5 40 6.32456
5686.5 34 5.83095
5687.5 45 6.7082
5688.5 35 5.91608
5689.5 39 6.245
5690.5 37 6.08276
5691.5 38 6.16441
5692.5 47 6.85565
5693.5 38 6.16441
5694.5 43 6.55744
5695.5 32 5.65685
5696.5 52 7.2111
5697.5 50 7.07107
5698.5 39 6.245
5699.5 53 7.28011
5700.5 43 6.55744
5701.5 28 5.2915
5702.5 39 6.245
5703.5 36 6
5704.5 33 5.74456
5705.5 42 6.48074
5706.5 44 6.63325
5707.5 45 6.7082
5708.5 44 6.63325
5709.5 31 5.56776
5710.5 34 5.83095
5711.5 35 5.91608
5712.5 47 6.85565
5713.5 43 6.55744
5714.5 45 6.7082
5715.5 45 6.7082
5716.5 43 6.55744
5717.5 32 5.65685
5718.5 48 6.9282
5719.5 34 5.83095
5720.5 44 6.63325
5721.5 35 5.91608
5722.5 35 5.91608
5723.5 35 5.91608
5724.5 36 6
5725.5 34 5.83095
5726.5 37 6.08276
5727.5 48 6.9282
5728.5 40 6.32456
5729.5 47 6.85565
5730.5 34 5.83095
5731.5 35 5.91608
5732.5 34 5.83095
5733.5 38 6.16441
5734.5 31 5.56776
5735.5 39 6.245
5736.5 45 6.7082
5737.5 38 6.16441
5738.5 47 6.85565
5739.5 43 6.55744
5740.5 47 6.85565
5741.5 54 7.34847
5742.5 45 6.7082
5743.5 37 6.08276
5744.5 42 6.48074
5745.5 37 6.08276
5746.5 51 7.14143
5747.5 47 6.85565
5748.5 54 7.34847
5749.5 36 6
5750.5 38 6.16441
5751.5 41 6.40312
5752.5 30 5.47723
5753.5 33 5.74456
5754.5 38 6.16441
5755.5 26 5.09902
5756.5 45 6.7082
5757.5 41 6.40312
5758.5 43 6.55744
5759.5 41 6.40312
5760.5 45 6.7082
5761.5 34 5.83095
5762.5 32 5.65685
5763.5 40 6.32456
5764.5 59 7.68115
5765.5 52 7.2111
5766.5 43 6.55744
5767.5 59 7.68115
5768.5 43 6.55744
5769.5 38 6.16441
5770.5 48 6.9282
5771.5 38 6.16441
5772.5 38 6.16441
5773.5 27 5.19615
5774.5 42 6.48074
5775.5 32 5.65685
5776.5 40 6.32456
5777.5 34 5.83095
5778.5 43 6.55744
5779.5 39 6.245
5780.5 38 6.16441
5781.5 48 6.9282
5782.5 37 6.08276
5783.5 35 5.91608
5784.5 29 5.38516
5785.5 43 6.55744
5786.5 31 5.56776
5787.5 37 6.08276
5788.5 45 6.7082
5789.5 53 7.28011
5790.5 52 7.2111
5791.5 40 6.32456
5792.5 44 6.63325
5793.5 46 6.78233
5794.5 42 6.48074
5795.5 55 7.4162
5796.5 41 6.40312
5797.5 47 6.85565
5798.5 40 6.32456
5799.5 38 6.16441
5800.5 40 6.32456
5801.5 37 6.08276
5802.5 38 6.16441
5803.5 39 6.245
5804.5 39 6.245
5805.5 53 7.28011
5806.5 48 6.9282
5807.5 49 7
5808.5 49 7
5809.5 36 6
5810.5 51 7.14143
5811.5 45 6.7082
5812.5 38 6.16441
5813.5 49 7
5814.5 48 6.9282
5815.5 38 6.16441
5816.5 37 6.08276
5817.5 35 5.91608
5818.5 33 5.74456
5819.5 37 6.08276
5820.5 34 5.83095
5821.5 34 5.83095
5822.5 29 5.38516
5823.5 36 6
5824.5 37 6.08276
5825.5 40 6.32456
5826.5 42 6.48074
5827.5 46 6.78233
5828.5 45 6.7082
5829.5 36 6
5830.5 38 6.16441
5831.5 34 5.83095
5832.5 55 7.4162
5833.5 38 6.16441
5834.5 25 5
5835.5 37 6.08276
5836.5 34 5.83095
5837.5 36 6
5838.5 46 6.78233
5839.5 31 5.56776
5840.5 43 6.55744
5841.5 48 6.9282
5842.5 44 6.63325
5843.5 49 7
5844.5 34 5.83095
5845.5 38 6.16441
5846.5 41 6.40312
5847.5 35 5.91608
5848.5 41 6.40312
5849.5 48 6.9282
5850.5 46 6.78233
5851.5 43 6.55744
5852.5 33 5.74456
5853.5 41 6.40312
5854.5 45 6.7082
5855.5 40 6.32456
5856.5 39 6.245
5857.5 40 6.32456
5858.5 36 6
5859.5 39 6.245
5860.5 28 5.2915
5861.5 37 6.08276
5862.5 48 6.9282
5863.5 36 6
5864.5 36 6
5865.5 50 7.07107
5866.5 51 7.14143
5867.5 34 5.83095
5868.5 38 6.16441
5869.5 36 6
5870.5 30 5.47723
5871.5 46 6.78233
5872.5 39 6.245
5873.5 39 6.245
5874.5 43 6.55744
5875.5 37 6.08276
5876.5 32 5.65685
5877.5 44 6.63325
5878.5 40 6.32456
5879.5 38 6.16441
5880.5 43 6.55744
5881.5 38 6.16441
5882.5 48 6.9282
5883.5 42 6.48074
5884.5 41 6.40312
5885.5 49 7
5886.5 40 6.32456
5887.5 35 5.91608
5888.5 27 5.19615
5889.5 30 5.47723
5890.5 48 6.9282
5891.5 38 6.16441
5892.5 33 5.74456
5893.5 40 6.32456
5894.5 37 6.08276
5895.5 32 5.65685
5896.5 48 6.9282
5897.5 43 6.55744
5898.5 41 6.40312
5899.5 41 6.40312
5900.5 42 6.48074
5901.5 50 7.07107
5902.5 48 6.9282
5903.5 37 6.08276
5904.5 39 6.245
5905.5 42 6.48074
5906.5 37 6.08276
5907.5 33 5.74456
5908.5 32 5.65685
5909.5 37 6.08276
5910.5 36 6
5911.5 30 5.47723
5912.5 39 6.245
5913.5 39 6.245
5914.5 37 6.08276
5915.5 42 6.48074
5916.5 28 5.2915
5917.5 40 6.32456
5918.5 39 6.245
5919.5 38 6.16441
5920.5 42 6.48074
5921.5 36 6
5922.5 45 6.7082
5923.5 46 6.78233
5924.5 39 6.245
5925.5 40 6.32456
5926.5 36 6
5927.5 35 5.91608
5928.5 45 6.7082
5929.5 35 5.91608
5930.5 44 6.63325
5931.5 39 6.245
5932.5 38 6.16441
5933.5 46 6.78233
5934.5 35 5.91608
5935.5 57 7.54983
5936.5 46 6.78233
5937.5 37 6.08276
5938.5 36 6
5939.5 44 6.63325
5940.5 42 6.48074
5941.5 40 6.32456
5942.5 42 6.48074
5943.5 36 6
5944.5 43 6.55744
5945.5 32 5.65685
5946.5 43 6.55744
5947.5 35 5.91608
5948.5 40 6.32456
5949.5 33 5.74456
5950.5 36 6
5951.5 38 6.16441
5952.5 39 6.245
5953.5 42 6.48074
5954.5 43 6.55744
5955.5 50 7.07107
5956.5 34 5.83095
5957.5 44 6.63325
5958.5 41 6.40312
5959.5 40 6.32456
5960.5 31 5.56776
5961.5 50 7.07107
5962.5 41 6.40312
5963.5 46 6.78233
5964.5 48 6.9282
5965.5 31 5.56776
5966.5 39 6.245
5967.5 41 6.40312
5968.5 47 6.85565
5969.5 33 5.74456
5970.5 37 6.08276
5971.5 36 6
5972.5 35 5.91608
5973.5 34 5.83095
5974.5 48 6.9282
5975.5 34 5.83095
5976.5 43 6.55744
5977.5 42 6.48074
5978.5 48 6.9282
5979.5 36 6
5980.5 32 5.65685
5981.5 35 5.91608
5982.5 48 6.9282
5983.5 32 5.65685
5984.5 31 5.56776
5985.5 29 5.38516
5986.5 40 6.32456
5987.5 48 6.9282
5988.5 41 6.40312
5989.5 50 7.07107
5990.5 28 5.2915
5991.5 35 5.91608
5992.5 37 6.08276
5993.5 47 6.85565
5994.5 35 5.91608
5995.5 36 6
5996.5 40 6.32456
5997.5 39 6.245
5998.5 43 6.55744
5999.5 24 4.89898
6000.5 39 6.245
6001.5 57 7.54983
6002.5 44 6.63325
6003.5 33 5.74456
6004.5 53 7.28011
6005.5 37 6.08276
6006.5 49 7
6007.5 42 6.48074
6008.5 46 6.78233
6009.5 55 7.4162
6010.5 29 5.38516
6011.5 38 6.16441
6012.5 47 6.85565
6013.5 33 5.74456
6014.5 38 6.16441
6015.5 31 5.56776
6016.5 43 6.55744
6017.5 26 5.09902
6018.5 41 6.40312
6019.5 43 6.55744
6020.5 40 6.32456
6021.5 40 6.32456
6022.5 38 6.16441
6023.5 42 6.48074
6024.5 40 6.32456
6025.5 29 5.38516
6026.5 34 5.83095
6027.5 37 6.08276
6028.5 30 5.47723
6029.5 45 6.7082
6030.5 30 5.47723
6031.5 32 5.65685
6032.5 49 7
6033.5 42 6.48074
6034.5 40 6.32456
6035.5 41 6.40312
6036.5 34 5.83095
6037.5 33 5.74456
6038.5 34 5.83095
6039.5 35 5.91608
6040.5 33 5.74456
6041.5 33 5.74456
6042.5 43 6.55744
6043.5 47 6.85565
6044.5 38 6.16441
6045.5 31 5.56776
6046.5 39 6.245
6047.5 34 5.83095
6048.5 41 6.40312
6049.5 32 5.65685
6050.5 41 6.40312
6051.5 37 6.08276
6052.5 44 6.63325
6053.5 42 6.48074
6054.5 37 6.08276
6055.5 52 7.2111
6056.5 45 6.7082
6057.5 44 6.63325
6058.5 25 5
6059.5 30 5.47723
6060.5 44 6.63325
6061.5 37 6.08276
6062.5 33 5.74456
6063.5 36 6
6064.5 42 6.48074
6065.5 41 6.40312
6066.5 38 6.16441
6067.5 40 6.32456
6068.5 28 5.2915
6069.5 45 6.7082
6070.5 39 6.245
6071.5 43 6.55744
6072.5 29 5.38516
6073.5 46 6.78233
6074.5 34 5.83095
6075.5 39 6.245
6076.5 46 6.78233
6077.5 45 6.7082
6078.5 29 5.38516
6079.5 43 6.55744
6080.5 36 6
6081.5 40 6.32456
6082.5 46 6.78233
6083.5 44 6.63325
6084.5 42 6.48074
6085.5 30 5.47723
6086.5 43 6.55744
6087.5 38 6.16441
6088.5 42 6.48074
6089.5 38 6.16441
6090.5 30 5.47723
6091.5 29 5.38516
6092.5 43 6.55744
6093.5 39 6.245
6094.5 40 6.32456
6095.5 38 6.16441
6096.5 39 6.245
6097.5 34 5.83095
6098.5 43 6.55744
6099.5 33 5.74456
6100.5 41 6.40312
6101.5 32 5.65685
6102.5 55 7.4162
6103.5 38 6.16441
6104.5 49 7
6105.5 43 6.55744
6106.5 37 6.08276
6107.5 56 7.48331
6108.5 41 6.40312
6109.5 34 5.83095
6110.5 45 6.7082
6111.5 36 6
6112.5 36 6
6113.5 36 6
6114.5 37 6.08276
6115.5 37 6.08276
6116.5 45 6.7082
6117.5 53 7.28011
6118.5 28 5.2915
6119.5 43 6.55744
6120.5 39 6.245
6121.5 41 6.40312
6122.5 42 6.48074
6123.5 33 5.74456
6124.5 41 6.40312
6125.5 44 6.63325
6126.5 43 6.55744
6127.5 52 7.2111
6128.5 32 5.65685
6129.5 48 6.9282
6130.5 42 6.48074
6131.5 37 6.08276
6132.5 45 6.7082
6133.5 44 6.63325
6134.5 35 5.91608
6135.5 39 6.245
6136.5 48 6.9282
6137.5 31 5.56776
6138.5 36 6
6139.5 40 6.32456
6140.5 46 6.78233
6141.5 37 6.08276
6142.5 40 6.32456
6143.5 42 6.48074
6144.5 37 6.08276
6145.5 37 6.08276
6146.5 35 5.91608
6147.5 24 4.89898
6148.5 50 7.07107
6149.5 45 6.7082
6150.5 39 6.245
6151.5 51 7.14143
6152.5 34 5.83095
6153.5 49 7
6154.5 42 6.48074
6155.5 40 6.32456
6156.5 33 5.74456
6157.5 39 6.245
6158.5 42 6.48074
6159.5 43 6.55744
6160.5 32 5.65685
6161.5 32 5.65685
6162.5 35 5.91608
6163.5 52 7.2111
6164.5 44 6.63325
6165.5 36 6
6166.5 45 6.7082
6167.5 39 6.245
6168.5 42 6.48074
6169.5 34 5.83095
6170.5 35 5.91608
6171.5 33 5.74456
6172.5 44 6.63325
6173.5 37 6.08276
6174.5 29 5.38516
6175.5 40 6.32456
6176.5 54 7.34847
6177.5 37 6.08276
6178.5 37 6.08276
6179.5 40 6.32456
6180.5 37 6.08276
6181.5 41 6.40312
6182.5 44 6.63325
6183.5 30 5.47723
6184.5 49 7
6185.5 46 6.78233
6186.5 41 6.40312
6187.5 42 6.48074
6188.5 44 6.63325
6189.5 45 6.7082
6190.5 44 6.63325
6191.5 46 6.78233
6192.5 35 5.91608
6193.5 48 6.9282
6194.5 39 6.245
6195.5 40 6.32456
6196.5 38 6.16441
6197.5 30 5.47723
6198.5 36 6
6199.5 24 4.89898
6200.5 49 7
6201.5 42 6.48074
6202.5 42 6.48074
6203.5 39 6.245
6204.5 49 7
6205.5 30 5.47723
6206.5 40 6.32456
6207.5 34 5.83095
6208.5 32 5.65685
6209.5 32 5.65685
6210.5 38 6.16441
6211.5 40 6.32456
6212.5 34 5.83095
6213.5 44 6.63325
6214.5 29 5.38516
6215.5 38 6.16441
6216.5 40 6.32456
6217.5 45 6.7082
6218.5 37 6.08276
6219.5 45 6.7082
6220.5 46 6.78233
6221.5 34 5.83095
6222.5 35 5.91608
6223.5 33 5.74456
6224.5 37 6.08276
6225.5 50 7.07107
6226.5 33 5.74456
6227.5 30 5.47723
6228.5 42 6.48074
6229.5 33 5.74456
6230.5 45 6.7082
6231.5 42 6.48074
6232.5 37 6.08276
6233.5 34 5.83095
6234.5 32 5.65685
6235.5 42 6.48074
6236.5 32 5.65685
6237.5 35 5.91608
6238.5 48 6.9282
6239.5 38 6.16441
6240.5 38 6.16441
6241.5 44 6.63325
6242.5 42 6.48074
6243.5 42 6.48074
6244.5 42 6.48074
6245.5 47 6.85565
6246.5 42 6.48074
6247.5 40 6.32456
6248.5 30 5.47723
6249.5 43 6.55744
6250.5 40 6.32456
6251.5 37 6.08276
6252.5 36 6
6253.5 41 6.40312
6254.5 45 6.7082
6255.5 35 5.91608
6256.5 40 6.32456
6257.5 51 7.14143
6258.5 27 5.19615
6259.5 44 6.63325
6260.5 52 7.2111
6261.5 39 6.245
6262.5 39 6.245
6263.5 31 5.56776
6264.5 36 6
6265.5 41 6.40312
6266.5 40 6.32456
6267.5 42 6.48074
6268.5 43 6.55744
6269.5 35 5.91608
6270.5 43 6.55744
6271.5 30 5.47723
6272.5 28 5.2915
6273.5 44 6.63325
6274.5 27 5.19615
6275.5 28 5.2915
6276.5 40 6.32456
6277.5 41 6.40312
6278.5 37 6.08276
6279.5 49 7
6280.5 42 6.48074
6281.5 37 6.08276
6282.5 34 5.83095
6283.5 39 6.245
6284.5 38 6.16441
6285.5 35 5.91608
6286.5 35 5.91608
6287.5 49 7
6288.5 47 6.85565
6289.5 47 6.85565
6290.5 46 6.78233
6291.5 28 5.2915
6292.5 30 5.47723
6293.5 43 6.55744
6294.5 51 7.14143
6295.5 33 5.74456
6296.5 48 6.9282
6297.5 30 5.47723
6298.5 39 6.245
6299.5 28 5.2915
6300.5 33 5.74456
6301.5 41 6.40312
6302.5 32 5.65685
6303.5 38 6.16441
6304.5 40 6.32456
6305.5 39 6.245
6306.5 40 6.32456
6307.5 39 6.245
6308.5 37 6.08276
6309.5 38 6.16441
6310.5 42 6.48074
6311.5 38 6.16441
6312.5 41 6.40312
6313.5 43 6.55744
6314.5 42 6.48074
6315.5 49 7
6316.5 28 5.2915
6317.5 40 6.32456
6318.5 43 6.55744
6319.5 45 6.7082
6320.5 40 6.32456
6321.5 44 6.63325
6322.5 37 6.08276
6323.5 57 7.54983
6324.5 38 6.16441
6325.5 32 5.65685
6326.5 38 6.16441
6327.5 37 6.08276
6328.5 38 6.16441
6329.5 39 6.245
6330.5 42 6.48074
6331.5 42 6.48074
6332.5 36 6
6333.5 37 6.08276
6334.5 39 6.245
6335.5 29 5.38516
6336.5 36 6
6337.5 47 6.85565
6338.5 42 6.48074
6339.5 31 5.56776
6340.5 23 4.79583
6341.5 40 6.32456
6342.5 35 5.91608
6343.5 26 5.09902
6344.5 37 6.08276
6345.5 29 5.38516
6346.5 34 5.83095
6347.5 38 6.16441
6348.5 42 6.48074
6349.5 47 6.85565
6350.5 43 6.55744
6351.5 40 6.32456
6352.5 32 5.65685
6353.5 31 5.56776
6354.5 45 6.7082
6355.5 39 6.245
6356.5 42 6.48074
6357.5 51 7.14143
6358.5 47 6.85565
6359.5 27 5.19615
6360.5 36 6
6361.5 53 7.28011
6362.5 44 6.63325
6363.5 27 5.19615
6364.5 47 6.85565
6365.5 49 7
6366.5 49 7
6367.5 40 6.32456
6368.5 41 6.40312
6369.5 38 6.16441
6370.5 37 6.08276
6371.5 46 6.78233
6372.5 37 6.08276
6373.5 41 6.40312
6374.5 41 6.40312
6375.5 36 6
6376.5 41 6.40312
6377.5 57 7.54983
6378.5 40 6.32456
6379.5 46 6.78233
6380.5 37 6.08276
6381.5 39 6.245
6382.5 42 6.48074
6383.5 43 6.55744
6384.5 38 6.16441
6385.5 43 6.55744
6386.5 43 6.55744
6387.5 37 6.08276
6388.5 33 5.74456
6389.5 33 5.74456
6390.5 45 6.7082
6391.5 27 5.19615
6392.5 58 7.61577
6393.5 40 6.32456
6394.5 45 6.7082
6395.5 37 6.08276
6396.5 48 6.9282
6397.5 28 5.2915
6398.5 37 6.08276
6399.5 47 6.85565
6400.5 44 6.63325
6401.5 37 6.08276
6402.5 39 6.245
6403.5 40 6.32456
6404.5 40 6.32456
6405.5 32 5.65685
6406.5 33 5.74456
6407.5 37 6.08276
6408.5 39 6.245
6409.5 42 6.48074
6410.5 27 5.19615
6411.5 41 6.40312
6412.5 53 7.28011
6413.5 36 6
6414.5 37 6.08276
6415.5 36 6
6416.5 50 7.07107
6417.5 33 5.74456
6418.5 39 6.245
6419.5 43 6.55744
6420.5 38 6.16441
6421.5 52 7.2111
6422.5 30 5.47723
6423.5 40 6.32456
6424.5 38 6.16441
6425.5 50 7.07107
6426.5 32 5.65685
6427.5 42 6.48074
6428.5 24 4.89898
6429.5 28 5.2915
6430.5 35 5.91608
6431.5 45 6.7082
6432.5 41 6.40312
6433.5 34 5.83095
6434.5 40 6.32456
6435.5 37 6.08276
6436.5 36 6
6437.5 45 6.7082
6438.5 42 6.48074
6439.5 48 6.9282
6440.5 42 6.48074
6441.5 40 6.32456
6442.5 48 6.9282
6443.5 36 6
6444.5 45 6.7082
6445.5 39 6.245
6446.5 43 6.55744
6447.5 46 6.78233
6448.5 51 7.14143
6449.5 43 6.55744
6450.5 37 6.08276
6451.5 48 6.9282
6452.5 30 5.47723
6453.5 39 6.245
6454.5 39 6.245
6455.5 43 6.55744
6456.5 32 5.65685
6457.5 42 6.48074
6458.5 44 6.63325
6459.5 35 5.91608
6460.5 37 6.08276
6461.5 39 6.245
6462.5 33 5.74456
6463.5 45 6.7082
6464.5 50 7.07107
6465.5 42 6.48074
6466.5 47 6.85565
6467.5 35 5.91608
6468.5 51 7.14143
6469.5 37 6.08276
6470.5 29 5.38516
6471.5 41 6.40312
6472.5 43 6.55744
6473.5 46 6.78233
6474.5 37 6.08276
6475.5 36 6
6476.5 42 6.48074
6477.5 46 6.78233
6478.5 53 7.28011
6479.5 46 6.78233
6480.5 40 6.32456
6481.5 34 5.83095
6482.5 45 6.7082
6483.5 32 5.65685
6484.5 40 6.32456
6485.5 53 7.28011
6486.5 44 6.63325
6487.5 38 6.16441
6488.5 41 6.40312
6489.5 44 6.63325
6490.5 36 6
6491.5 41 6.40312
6492.5 41 6.40312
6493.5 41 6.40312
6494.5 39 6.245
6495.5 43 6.55744
6496.5 36 6
6497.5 37 6.08276
6498.5 38 6.16441
6499.5 45 6.7082
6500.5 39 6.245
6501.5 30 5.47723
6502.5 43 6.55744
6503.5 47 6.85565
6504.5 33 5.74456
6505.5 40 6.32456
6506.5 31 5.56776
6507.5 41 6.40312
6508.5 35 5.91608
6509.5 25 5
6510.5 45 6.7082
6511.5 40 6.32456
6512.5 26 5.09902
6513.5 42 6.48074
6514.5 28 5.2915
6515.5 37 6.08276
6516.5 33 5.74456
6517.5 43 6.55744
6518.5 42 6.48074
6519.5 53 7.28011
6520.5 44 6.63325
6521.5 54 7.34847
6522.5 45 6.7082
6523.5 34 5.83095
6524.5 37 6.08276
6525.5 36 6
6526.5 41 6.40312
6527.5 40 6.32456
6528.5 40 6.32456
6529.5 40 6.32456
6530.5 52 7.2111
6531.5 32 5.65685
6532.5 33 5.74456
6533.5 39 6.245
6534.5 36 6
6535.5 46 6.78233
6536.5 31 5.56776
6537.5 39 6.245
6538.5 39 6.245
6539.5 47 6.85565
6540.5 41 6.40312
6541.5 39 6.245
6542.5 37 6.08276
6543.5 39 6.245
6544.5 51 7.14143
6545.5 35 5.91608
6546.5 37 6.08276
6547.5 31 5.56776
6548.5 40 6.32456
6549.5 32 5.65685
6550.5 48 6.9282
6551.5 34 5.83095
6552.5 47 6.85565
6553.5 49 7
6554.5 43 6.55744
6555.5 32 5.65685
6556.5 31 5.56776
6557.5 42 6.48074
6558.5 37 6.08276
6559.5 43 6.55744
6560.5 32 5.65685
6561.5 31 5.56776
6562.5 34 5.83095
6563.5 34 5.83095
6564.5 30 5.47723
6565.5 38 6.16441
6566.5 39 6.245
6567.5 42 6.48074
6568.5 35 5.91608
6569.5 47 6.85565
6570.5 46 6.78233
6571.5 30 5.47723
6572.5 40 6.32456
6573.5 44 6.63325
6574.5 38 6.16441
6575.5 41 6.40312
6576.5 37 6.08276
6577.5 46 6.78233
6578.5 45 6.7082
6579.5 38 6.16441
6580.5 38 6.16441
6581.5 40 6.32456
6582.5 31 5.56776
6583.5 27 5.19615
6584.5 36 6
6585.5 26 5.09902
6586.5 40 6.32456
6587.5 40 6.32456
6588.5 36 6
6589.5 48 6.9282
6590.5 40 6.32456
6591.5 35 5.91608
6592.5 39 6.245
6593.5 37 6.08276
6594.5 47 6.85565
6595.5 31 5.56776
6596.5 27 5.19615
6597.5 50 7.07107
6598.5 38 6.16441
6599.5 39 6.245
6600.5 31 5.56776
6601.5 33 5.74456
6602.5 45 6.7082
6603.5 37 6.08276
6604.5 38 6.16441
6605.5 56 7.48331
6606.5 40 6.32456
6607.5 42 6.48074
6608.5 38 6.16441
6609.5 42 6.48074
6610.5 37 6.08276
6611.5 46 6.78233
6612.5 35 5.91608
6613.5 38 6.16441
6614.5 42 6.48074
6615.5 51 7.14143
6616.5 22 4.69042
6617.5 41 6.40312
6618.5 31 5.56776
6619.5 38 6.16441
6620.5 38 6.16441
6621.5 46 6.78233
6622.5 41 6.40312
6623.5 22 4.69042
6624.5 44 6.63325
6625.5 42 6.48074
6626.5 35 5.91608
6627.5 38 6.16441
6628.5 34 5.83095
6629.5 33 5.74456
6630.5 39 6.245
6631.5 28 5.2915
6632.5 47 6.85565
6633.5 32 5.65685
6634.5 39 6.245
6635.5 37 6.08276
6636.5 46 6.78233
6637.5 40 6.32456
6638.5 26 5.09902
6639.5 45 6.7082
6640.5 51 7.14143
6641.5 43 6.55744
6642.5 18 4.24264
6643.5 53 7.28011
6644.5 53 7.28011
6645.5 42 6.48074
6646.5 35 5.91608
6647.5 26 5.09902
6648.5 42 6.48074
6649.5 48 6.9282
6650.5 38 6.16441
6651.5 39 6.245
6652.5 44 6.63325
6653.5 42 6.48074
6654.5 32 5.65685
6655.5 49 7
6656.5 33 5.74456
6657.5 49 7
6658.5 33 5.74456
6659.5 34 5.83095
6660.5 24 4.89898
6661.5 40 6.32456
6662.5 43 6.55744
6663.5 33 5.74456
6664.5 52 7.2111
6665.5 35 5.91608
6666.5 49 7
6667.5 30 5.47723
6668.5 36 6
6669.5 27 5.19615
6670.5 37 6.08276
6671.5 36 6
6672.5 33 5.74456
6673.5 33 5.74456
6674.5 35 5.91608
6675.5 35 5.91608
6676.5 51 7.14143
6677.5 40 6.32456
6678.5 35 5.91608
6679.5 40 6.32456
6680.5 33 5.74456
6681.5 36 6
6682.5 39 6.245
6683.5 56 7.48331
6684.5 33 5.74456
6685.5 39 6.245
6686.5 56 7.48331
6687.5 52 7.2111
6688.5 45 6.7082
6689.5 40 6.32456
6690.5 49 7
6691.5 35 5.91608
6692.5 35 5.91608
6693.5 46 6.78233
6694.5 41 6.40312
6695.5 38 6.16441
6696.5 35 5.91608
6697.5 34 5.83095
6698.5 48 6.9282
6699.5 47 6.85565
6700.5 33 5.74456
6701.5 31 5.56776
6702.5 41 6.40312
6703.5 31 5.56776
6704.5 47 6.85565
6705.5 54 7.34847
6706.5 44 6.63325
6707.5 44 6.63325
6708.5 55 7.4162
6709.5 38 6.16441
6710.5 30 5.47723
6711.5 26 5.09902
6712.5 37 6.08276
6713.5 29 5.38516
6714.5 48 6.9282
6715.5 38 6.16441
6716.5 34 5.83095
6717.5 27 5.19615
6718.5 37 6.08276
6719.5 54 7.34847
6720.5 41 6.40312
6721.5 38 6.16441
6722.5 43 6.55744
6723.5 44 6.63325
6724.5 37 6.08276
6725.5 53 7.28011
6726.5 35 5.91608
6727.5 48 6.9282
6728.5 50 7.07107
6729.5 39 6.245
6730.5 42 6.48074
6731.5 34 5.83095
6732.5 45 6.7082
6733.5 44 6.63325
6734.5 31 5.56776
6735.5 39 6.245
6736.5 31 5.56776
6737.5 34 5.83095
6738.5 44 6.63325
6739.5 35 5.91608
6740.5 36 6
6741.5 44 6.63325
6742.5 27 5.19615
6743.5 38 6.16441
6744.5 37 6.08276
6745.5 30 5.47723
6746.5 26 5.09902
6747.5 32 5.65685
6748.5 42 6.48074
6749.5 46 6.78233
6750.5 45 6.7082
6751.5 31 5.56776
6752.5 37 6.08276
6753.5 40 6.32456
6754.5 42 6.48074
6755.5 38 6.16441
6756.5 57 7.54983
6757.5 48 6.9282
6758.5 31 5.56776
6759.5 31 5.56776
6760.5 55 7.4162
6761.5 39 6.245
6762.5 42 6.48074
6763.5 42 6.48074
6764.5 41 6.40312
6765.5 42 6.48074
6766.5 48 6.9282
6767.5 29 5.38516
6768.5 36 6
6769.5 50 7.07107
6770.5 45 6.7082
6771.5 40 6.32456
6772.5 39 6.245
6773.5 42 6.48074
6774.5 39 6.245
6775.5 44 6.63325
6776.5 30 5.47723
6777.5 38 6.16441
6778.5 38 6.16441
6779.5 35 5.91608
6780.5 46 6.78233
6781.5 45 6.7082
6782.5 53 7.28011
6783.5 39 6.245
6784.5 44 6.63325
6785.5 37 6.08276
6786.5 43 6.55744
6787.5 33 5.74456
6788.5 43 6.55744
6789.5 49 7
6790.5 49 7
6791.5 40 6.32456
6792.5 41 6.40312
6793.5 39 6.245
6794.5 36 6
6795.5 42 6.48074
6796.5 47 6.85565
6797.5 36 6
6798.5 32 5.65685
6799.5 30 5.47723
6800.5 56 7.48331
6801.5 39 6.245
6802.5 38 6.16441
6803.5 56 7.48331
6804.5 38 6.16441
6805.5 61 7.81025
6806.5 49 7
6807.5 44 6.63325
6808.5 35 5.91608
6809.5 33 5.74456
6810.5 38 6.16441
6811.5 40 6.32456
6812.5 41 6.40312
6813.5 45 6.7082
6814.5 34 5.83095
6815.5 30 5.47723
6816.5 46 6.78233
6817.5 37 6.08276
6818.5 39 6.245
6819.5 38 6.16441
6820.5 25 5
6821.5 66 8.12404
6822.5 29 5.38516
6823.5 27 5.19615
6824.5 43 6.55744
6825.5 38 6.16441
6826.5 36 6
6827.5 32 5.65685
6828.5 34 5.83095
6829.5 46 6.78233
6830.5 41 6.40312
6831.5 28 5.2915
6832.5 44 6.63325
6833.5 34 5.83095
6834.5 44 6.63325
6835.5 40 6.32456
6836.5 36 6
6837.5 49 7
6838.5 34 5.83095
6839.5 50 7.07107
6840.5 36 6
6841.5 46 6.78233
6842.5 42 6.48074
6843.5 37 6.08276
6844.5 45 6.7082
6845.5 42 6.48074
6846.5 46 6.78233
6847.5 36 6
6848.5 34 5.83095
6849.5 44 6.63325
6850.5 40 6.32456
6851.5 34 5.83095
6852.5 50 7.07107
6853.5 35 5.91608
6854.5 49 7
6855.5 39 6.245
6856.5 35 5.91608
6857.5 45 6.7082
6858.5 41 6.40312
6859.5 32 5.65685
6860.5 44 6.63325
6861.5 36 6
6862.5 38 6.16441
6863.5 51 7.14143
6864.5 36 6
6865.5 37 6.08276
6866.5 40 6.32456
6867.5 38 6.16441
6868.5 38 6.16441
6869.5 38 6.16441
6870.5 35 5.91608
6871.5 34 5.83095
6872.5 46 6.78233
6873.5 38 6.16441
6874.5 44 6.63325
6875.5 27 5.19615
6876.5 31 5.56776
6877.5 37 6.08276
6878.5 38 6.16441
6879.5 34 5.83095
6880.5 41 6.40312
6881.5 40 6.32456
6882.5 38 6.16441
6883.5 40 6.32456
6884.5 40 6.32456
6885.5 54 7.34847
6886.5 33 5.74456
6887.5 42 6.48074
6888.5 41 6.40312
6889.5 39 6.245
6890.5 44 6.63325
6891.5 37 6.08276
6892.5 55 7.4162
6893.5 43 6.55744
6894.5 43 6.55744
6895.5 33 5.74456
6896.5 39 6.245
6897.5 34 5.83095
6898.5 48 6.9282
6899.5 46 6.78233
6900.5 40 6.32456
6901.5 36 6
6902.5 41 6.40312
6903.5 43 6.55744
6904.5 46 6.78233
6905.5 32 5.65685
6906.5 38 6.16441
6907.5 50 7.07107
6908.5 41 6.40312
6909.5 44 6.63325
6910.5 35 5.91608
6911.5 47 6.85565
6912.5 46 6.78233
6913.5 50 7.07107
6914.5 36 6
6915.5 39 6.245
6916.5 38 6.16441
6917.5 43 6.55744
6918.5 45 6.7082
6919.5 38 6.16441
6920.5 40 6.32456
6921.5 45 6.7082
6922.5 45 6.7082
6923.5 49 7
6924.5 35 5.91608
6925.5 48 6.9282
6926.5 33 5.74456
6927.5 38 6.16441
6928.5 41 6.40312
6929.5 32 5.65685
6930.5 36 6
6931.5 54 7.34847
6932.5 32 5.65685
6933.5 41 6.40312
6934.5 43 6.55744
6935.5 58 7.61577
6936.5 46 6.78233
6937.5 53 7.28011
6938.5 47 6.85565
6939.5 45 6.7082
6940.5 39 6.245
6941.5 39 6.245
6942.5 37 6.08276
6943.5 39 6.245
6944.5 41 6.40312
6945.5 48 6.9282
6946.5 43 6.55744
6947.5 54 7.34847
6948.5 38 6.16441
6949.5 38 6.16441
6950.5 44 6.63325
6951.5 37 6.08276
6952.5 48 6.9282
6953.5 39 6.245
6954.5 41 6.40312
6955.5 46 6.78233
6956.5 46 6.78233
6957.5 49 7
6958.5 45 6.7082
6959.5 42 6.48074
6960.5 41 6.40312
6961.5 43 6.55744
6962.5 45 6.7082
6963.5 37 6.08276
6964.5 42 6.48074
6965.5 36 6
6966.5 40 6.32456
6967.5 37 6.08276
6968.5 41 6.40312
6969.5 40 6.32456
6970.5 36 6
6971.5 31 5.56776
6972.5 31 5.56776
6973.5 45 6.7082
6974.5 53 7.28011
6975.5 40 6.32456
6976.5 45 6.7082
6977.5 38 6.16441
6978.5 42 6.48074
6979.5 53 7.28011
6980.5 39 6.245
6981.5 43 6.55744
6982.5 43 6.55744
6983.5 32 5.65685
6984.5 42 6.48074
6985.5 34 5.83095
6986.5 39 6.245
6987.5 48 6.9282
6988.5 36 6
6989.5 36 6
6990.5 40 6.32456
6991.5 43 6.55744
6992.5 54 7.34847
6993.5 33 5.74456
6994.5 33 5.74456
6995.5 39 6.245
6996.5 40 6.32456
6997.5 36 6
6998.5 40 6.32456
6999.5 52 7.2111
7000.5 46 6.78233
7001.5 38 6.16441
7002.5 47 6.85565
7003.5 44 6.63325
7004.5 33 5.74456
7005.5 38 6.16441
7006.5 40 6.32456
7007.5 38 6.16441
7008.5 42 6.48074
7009.5 29 5.38516
7010.5 35 5.91608
7011.5 35 5.91608
7012.5 35 5.91608
7013.5 44 6.63325
7014.5 45 6.7082
7015.5 33 5.74456
7016.5 50 7.07107
7017.5 47 6.85565
7018.5 33 5.74456
7019.5 32 5.65685
7020.5 52 7.2111
7021.5 43 6.55744
7022.5 35 5.91608
7023.5 35 5.91608
7024.5 33 5.74456
7025.5 44 6.63325
7026.5 42 6.48074
7027.5 39 6.245
7028.5 36 6
7029.5 51 7.14143
7030.5 43 6.55744
7031.5 51 7.14143
7032.5 38 6.16441
7033.5 36 6
7034.5 59 7.68115
7035.5 33 5.74456
7036.5 40 6.32456
7037.5 38 6.16441
7038.5 41 6.40312
7039.5 41 6.40312
7040.5 44 6.63325
7041.5 33 5.74456
7042.5 36 6
7043.5 40 6.32456
7044.5 55 7.4162
7045.5 42 6.48074
7046.5 51 7.14143
7047.5 49 7
7048.5 36 6
7049.5 35 5.91608
7050.5 36 6
7051.5 40 6.32456
7052.5 51 7.14143
7053.5 45 6.7082
7054.5 46 6.78233
7055.5 41 6.40312
7056.5 42 6.48074
7057.5 32 5.65685
7058.5 53 7.28011
7059.5 51 7.14143
7060.5 45 6.7082
7061.5 50 7.07107
7062.5 45 6.7082
7063.5 42 6.48074
7064.5 54 7.34847
7065.5 55 7.4162
7066.5 38 6.16441
7067.5 52 7.2111
7068.5 43 6.55744
7069.5 52 7.2111
7070.5 42 6.48074
7071.5 57 7.54983
7072.5 62 7.87401
7073.5 44 6.63325
7074.5 44 6.63325
7075.5 63 7.93725
7076.5 72 8.48528
7077.5 73 8.544
7078.5 68 8.24621
7079.5 62 7.87401
7080.5 82 9.05539
7081.5 84 9.16515
7082.5 85 9.21954
7083.5 89 9.43398
7084.5 90 9.48683
7085.5 89 9.43398
7086.5 88 9.38083
7087.5 118 10.8628
7088.5 113 10.6301
7089.5 100 10
7090.5 114 10.6771
7091.5 105 10.247
7092.5 103 10.1489
7093.5 96 9.79796
7094.5 89 9.43398
7095.5 93 9.64365
7096.5 106 10.2956
7097.5 96 9.79796
7098.5 71 8.42615
7099.5 78 8.83176
7100.5 80 8.94427
7101.5 84 9.16515
7102.5 63 7.93725
7103.5 79 8.88819
7104.5 64 8
7105.5 56 7.48331
7106.5 52 7.2111
7107.5 45 6.7082
7108.5 52 7.2111
7109.5 53 7.28011
7110.5 55 7.4162
7111.5 57 7.54983
7112.5 72 8.48528
7113.5 40 6.32456
7114.5 43 6.55744
7115.5 47 6.85565
7116.5 46 6.78233
7117.5 49 7
7118.5 54 7.34847
7119.5 44 6.63325
7120.5 45 6.7082
7121.5 37 6.08276
7122.5 33 5.74456
7123.5 39 6.245
7124.5 54 7.34847
7125.5 42 6.48074
7126.5 35 5.91608
7127.5 41 6.40312
7128.5 53 7.28011
7129.5 40 6.32456
7130.5 33 5.74456
7131.5 35 5.91608
7132.5 38 6.16441
7133.5 42 6.48074
7134.5 46 6.78233
7135.5 53 7.28011
7136.5 38 6.16441
7137.5 28 5.2915
7138.5 50 7.07107
7139.5 39 6.245
7140.5 53 7.28011
7141.5 38 6.16441
7142.5 32 5.65685
7143.5 35 5.91608
7144.5 41 6.40312
7145.5 62 7.87401
7146.5 45 6.7082
7147.5 41 6.40312
7148.5 37 6.08276
7149.5 38 6.16441
7150.5 44 6.63325
7151.5 42 6.48074
7152.5 37 6.08276
7153.5 43 6.55744
7154.5 38 6.16441
7155.5 46 6.78233
7156.5 37 6.08276
7157.5 48 6.9282
7158.5 47 6.85565
7159.5 40 6.32456
7160.5 51 7.14143
7161.5 41 6.40312
7162.5 48 6.9282
7163.5 48 6.9282
7164.5 41 6.40312
7165.5 45 6.7082
7166.5 43 6.55744
7167.5 42 6.48074
7168.5 35 5.91608
7169.5 45 6.7082
7170.5 40 6.32456
7171.5 50 7.07107
7172.5 51 7.14143
7173.5 45 6.7082
7174.5 46 6.78233
7175.5 42 6.48074
7176.5 42 6.48074
7177.5 54 7.34847
7178.5 45 6.7082
7179.5 42 6.48074
7180.5 46 6.78233
7181.5 58 7.61577
7182.5 38 6.16441
7183.5 38 6.16441
7184.5 31 5.56776
7185.5 45 6.7082
7186.5 53 7.28011
7187.5 31 5.56776
7188.5 41 6.40312
7189.5 45 6.7082
7190.5 38 6.16441
7191.5 38 6.16441
7192.5 35 5.91608
7193.5 41 6.40312
7194.5 36 6
7195.5 43 6.55744
7196.5 52 7.2111
7197.5 42 6.48074
7198.5 45 6.7082
7199.5 46 6.78233
7200.5 48 6.9282
7201.5 35 5.91608
7202.5 33 5.74456
7203.5 39 6.245
7204.5 41 6.40312
7205.5 39 6.245
7206.5 50 7.07107
7207.5 47 6.85565
7208.5 42 6.48074
7209.5 55 7.4162
7210.5 38 6.16441
7211.5 42 6.48074
7212.5 44 6.63325
7213.5 43 6.55744
7214.5 48 6.9282
7215.5 48 6.9282
7216.5 32 5.65685
7217.5 48 6.9282
7218.5 44 6.63325
7219.5 54 7.34847
7220.5 47 6.85565
7221.5 55 7.4162
7222.5 50 7.07107
7223.5 45 6.7082
7224.5 40 6.32456
7225.5 36 6
7226.5 41 6.40312
7227.5 46 6.78233
7228.5 31 5.56776
7229.5 51 7.14143
7230.5 30 5.47723
7231.5 49 7
7232.5 44 6.63325
7233.5 33 5.74456
7234.5 39 6.245
7235.5 37 6.08276
7236.5 43 6.55744
7237.5 41 6.40312
7238.5 44 6.63325
7239.5 33 5.74456
7240.5 48 6.9282
7241.5 32 5.65685
7242.5 34 5.83095
7243.5 41 6.40312
7244.5 49 7
7245.5 35 5.91608
7246.5 52 7.2111
7247.5 48 6.9282
7248.5 52 7.2111
7249.5 47 6.85565
7250.5 49 7
7251.5 35 5.91608
7252.5 47 6.85565
7253.5 43 6.55744
7254.5 47 6.85565
7255.5 42 6.48074
7256.5 38 6.16441
7257.5 44 6.63325
7258.5 49 7
7259.5 43 6.55744
7260.5 39 6.245
7261.5 51 7.14143
7262.5 52 7.2111
7263.5 52 7.2111
7264.5 46 6.78233
7265.5 51 7.14143
7266.5 43 6.55744
7267.5 31 5.56776
7268.5 56 7.48331
7269.5 35 5.91608
7270.5 41 6.40312
7271.5 47 6.85565
7272.5 41 6.40312
7273.5 34 5.83095
7274.5 41 6.40312
7275.5 45 6.7082
7276.5 41 6.40312
7277.5 39 6.245
7278.5 43 6.55744
7279.5 45 6.7082
7280.5 33 5.74456
7281.5 45 6.7082
7282.5 49 7
7283.5 35 5.91608
7284.5 35 5.91608
7285.5 47 6.85565
7286.5 42 6.48074
7287.5 30 5.47723
7288.5 59 7.68115
7289.5 35 5.91608
7290.5 41 6.40312
7291.5 38 6.16441
7292.5 42 6.48074
7293.5 44 6.63325
7294.5 32 5.65685
7295.5 36 6
7296.5 42 6.48074
7297.5 35 5.91608
7298.5 40 6.32456
7299.5 38 6.16441
7300.5 38 6.16441
7301.5 50 7.07107
7302.5 45 6.7082
7303.5 35 5.91608
7304.5 51 7.14143
7305.5 38 6.16441
7306.5 36 6
7307.5 43 6.55744
7308.5 45 6.7082
7309.5 30 5.47723
7310.5 33 5.74456
7311.5 33 5.74456
7312.5 40 6.32456
7313.5 36 6
7314.5 47 6.85565
7315.5 43 6.55744
7316.5 45 6.7082
7317.5 37 6.08276
7318.5 54 7.34847
7319.5 44 6.63325
7320.5 50 7.07107
7321.5 55 7.4162
7322.5 35 5.91608
7323.5 43 6.55744
7324.5 37 6.08276
7325.5 41 6.40312
7326.5 32 5.65685
7327.5 52 7.2111
7328.5 44 6.63325
7329.5 53 7.28011
7330.5 46 6.78233
7331.5 42 6.48074
7332.5 48 6.9282
7333.5 47 6.85565
7334.5 45 6.7082
7335.5 40 6.32456
7336.5 44 6.63325
7337.5 44 6.63325
7338.5 36 6
7339.5 36 6
7340.5 36 6
7341.5 37 6.08276
7342.5 29 5.38516
7343.5 38 6.16441
7344.5 40 6.32456
7345.5 55 7.4162
7346.5 38 6.16441
7347.5 40 6.32456
7348.5 34 5.83095
7349.5 34 5.83095
7350.5 38 6.16441
7351.5 34 5.83095
7352.5 41 6.40312
7353.5 46 6.78233
7354.5 42 6.48074
7355.5 33 5.74456
7356.5 37 6.08276
7357.5 42 6.48074
7358.5 43 6.55744
7359.5 46 6.78233
7360.5 35 5.91608
7361.5 50 7.07107
7362.5 51 7.14143
7363.5 54 7.34847
7364.5 25 5
7365.5 44 6.63325
7366.5 42 6.48074
7367.5 32 5.65685
7368.5 44 6.63325
7369.5 42 6.48074
7370.5 45 6.7082
7371.5 42 6.48074
7372.5 60 7.74597
7373.5 40 6.32456
7374.5 40 6.32456
7375.5 37 6.08276
7376.5 59 7.68115
7377.5 44 6.63325
7378.5 40 6.32456
7379.5 33 5.74456
7380.5 32 5.65685
7381.5 40 6.32456
7382.5 44 6.63325
7383.5 48 6.9282
7384.5 30 5.47723
7385.5 42 6.48074
7386.5 45 6.7082
7387.5 48 6.9282
7388.5 45 6.7082
7389.5 38 6.16441
7390.5 51 7.14143
7391.5 43 6.55744
7392.5 42 6.48074
7393.5 40 6.32456
7394.5 39 6.245
7395.5 53 7.28011
7396.5 38 6.16441
7397.5 42 6.48074
7398.5 44 6.63325
7399.5 41 6.40312
7400.5 40 6.32456
7401.5 44 6.63325
7402.5 47 6.85565
7403.5 45 6.7082
7404.5 46 6.78233
7405.5 46 6.78233
7406.5 33 5.74456
7407.5 41 6.40312
7408.5 32 5.65685
7409.5 38 6.16441
7410.5 37 6.08276
7411.5 42 6.48074
7412.5 47 6.85565
7413.5 32 5.65685
7414.5 39 6.245
7415.5 53 7.28011
7416.5 35 5.91608
7417.5 30 5.47723
7418.5 47 6.85565
7419.5 34 5.83095
7420.5 34 5.83095
7421.5 40 6.32456
7422.5 47 6.85565
7423.5 40 6.32456
7424.5 28 5.2915
7425.5 40 6.32456
7426.5 46 6.78233
7427.5 47 6.85565
7428.5 46 6.78233
7429.5 48 6.9282
7430.5 51 7.14143
7431.5 46 6.78233
7432.5 43 6.55744
7433.5 43 6.55744
7434.5 41 6.40312
7435.5 39 6.245
7436.5 47 6.85565
7437.5 56 7.48331
7438.5 40 6.32456
7439.5 45 6.7082
7440.5 47 6.85565
7441.5 53 7.28011
7442.5 49 7
7443.5 38 6.16441
7444.5 35 5.91608
7445.5 32 5.65685
7446.5 43 6.55744
7447.5 54 7.34847
7448.5 41 6.40312
7449.5 39 6.245
7450.5 34 5.83095
7451.5 39 6.245
7452.5 41 6.40312
7453.5 28 5.2915
7454.5 46 6.78233
7455.5 40 6.32456
7456.5 48 6.9282
7457.5 50 7.07107
7458.5 51 7.14143
7459.5 41 6.40312
7460.5 40 6.32456
7461.5 40 6.32456
7462.5 39 6.245
7463.5 34 5.83095
7464.5 43 6.55744
7465.5 27 5.19615
7466.5 45 6.7082
7467.5 48 6.9282
7468.5 35 5.91608
7469.5 47 6.85565
7470.5 43 6.55744
7471.5 45 6.7082
7472.5 39 6.245
7473.5 34 5.83095
7474.5 47 6.85565
7475.5 36 6
7476.5 38 6.16441
7477.5 46 6.78233
7478.5 30 5.47723
7479.5 42 6.48074
7480.5 45 6.7082
7481.5 39 6.245
7482.5 40 6.32456
7483.5 41 6.40312
7484.5 44 6.63325
7485.5 48 6.9282
7486.5 37 6.08276
7487.5 44 6.63325
7488.5 42 6.48074
7489.5 33 5.74456
7490.5 54 7.34847
7491.5 40 6.32456
7492.5 32 5.65685
7493.5 37 6.08276
7494.5 38 6.16441
7495.5 40 6.32456
7496.5 50 7.07107
7497.5 42 6.48074
7498.5 49 7
7499.5 40 6.32456
7500.5 49 7
7501.5 39 6.245
7502.5 43 6.55744
7503.5 41 6.40312
7504.5 39 6.245
7505.5 42 6.48074
7506.5 37 6.08276
7507.5 50 7.07107
7508.5 45 6.7082
7509.5 43 6.55744
7510.5 48 6.9282
7511.5 43 6.55744
7512.5 42 6.48074
7513.5 39 6.245
7514.5 51 7.14143
7515.5 48 6.9282
7516.5 39 6.245
7517.5 42 6.48074
7518.5 44 6.63325
7519.5 40 6.32456
7520.5 49 7
7521.5 48 6.9282
7522.5 38 6.16441
7523.5 41 6.40312
7524.5 49 7
7525.5 34 5.83095
7526.5 55 7.4162
7527.5 55 7.4162
7528.5 51 7.14143
7529.5 34 5.83095
7530.5 51 7.14143
7531.5 50 7.07107
7532.5 43 6.55744
7533.5 47 6.85565
7534.5 44 6.63325
7535.5 52 7.2111
7536.5 41 6.40312
7537.5 41 6.40312
7538.5 36 6
7539.5 50 7.07107
7540.5 39 6.245
7541.5 46 6.78233
7542.5 50 7.07107
7543.5 51 7.14143
7544.5 48 6.9282
7545.5 34 5.83095
7546.5 31 5.56776
7547.5 50 7.07107
7548.5 45 6.7082
7549.5 33 5.74456
7550.5 36 6
7551.5 44 6.63325
7552.5 40 6.32456
7553.5 34 5.83095
7554.5 49 7
7555.5 39 6.245
7556.5 43 6.55744
7557.5 57 7.54983
7558.5 44 6.63325
7559.5 35 5.91608
7560.5 50 7.07107
7561.5 35 5.91608
7562.5 40 6.32456
7563.5 38 6.16441
7564.5 38 6.16441
7565.5 46 6.78233
7566.5 38 6.16441
7567.5 36 6
7568.5 35 5.91608
7569.5 37 6.08276
7570.5 53 7.28011
7571.5 42 6.48074
7572.5 45 6.7082
7573.5 41 6.40312
7574.5 44 6.63325
7575.5 39 6.245
7576.5 29 5.38516
7577.5 47 6.85565
7578.5 32 5.65685
7579.5 51 7.14143
7580.5 48 6.9282
7581.5 40 6.32456
7582.5 38 6.16441
7583.5 44 6.63325
7584.5 46 6.78233
7585.5 40 6.32456
7586.5 39 6.245
7587.5 41 6.40312
7588.5 44 6.63325
7589.5 34 5.83095
7590.5 41 6.40312
7591.5 40 6.32456
7592.5 60 7.74597
7593.5 47 6.85565
7594.5 36 6
7595.5 45 6.7082
7596.5 42 6.48074
7597.5 48 6.9282
7598.5 47 6.85565
7599.5 41 6.40312
7600.5 48 6.9282
7601.5 44 6.63325
7602.5 33 5.74456
7603.5 33 5.74456
7604.5 34 5.83095
7605.5 48 6.9282
7606.5 33 5.74456
7607.5 39 6.245
7608.5 56 7.48331
7609.5 35 5.91608
7610.5 57 7.54983
7611.5 48 6.9282
7612.5 32 5.65685
7613.5 46 6.78233
7614.5 31 5.56776
7615.5 36 6
7616.5 49 7
7617.5 43 6.55744
7618.5 32 5.65685
7619.5 41 6.40312
7620.5 51 7.14143
7621.5 51 7.14143
7622.5 53 7.28011
7623.5 44 6.63325
7624.5 40 6.32456
7625.5 43 6.55744
7626.5 44 6.63325
7627.5 43 6.55744
7628.5 51 7.14143
7629.5 49 7
7630.5 53 7.28011
7631.5 43 6.55744
7632.5 28 5.2915
7633.5 51 7.14143
7634.5 39 6.245
7635.5 39 6.245
7636.5 44 6.63325
7637.5 44 6.63325
7638.5 50 7.07107
7639.5 37 6.08276
7640.5 29 5.38516
7641.5 39 6.245
7642.5 36 6
7643.5 39 6.245
7644.5 40 6.32456
7645.5 33 5.74456
7646.5 37 6.08276
7647.5 47 6.85565
7648.5 37 6.08276
7649.5 35 5.91608
7650.5 41 6.40312
7651.5 56 7.48331
7652.5 47 6.85565
7653.5 35 5.91608
7654.5 40 6.32456
7655.5 38 6.16441
7656.5 42 6.48074
7657.5 41 6.40312
7658.5 46 6.78233
7659.5 42 6.48074
7660.5 43 6.55744
7661.5 51 7.14143
7662.5 40 6.32456
7663.5 36 6
7664.5 44 6.63325
7665.5 42 6.48074
7666.5 51 7.14143
7667.5 32 5.65685
7668.5 46 6.78233
7669.5 36 6
7670.5 41 6.40312
7671.5 41 6.40312
7672.5 48 6.9282
7673.5 38 6.16441
7674.5 27 5.19615
7675.5 57 7.54983
7676.5 40 6.32456
7677.5 49 7
7678.5 42 6.48074
7679.5 42 6.48074
7680.5 42 6.48074
7681.5 40 6.32456
7682.5 51 7.14143
7683.5 40 6.32456
7684.5 39 6.245
7685.5 47 6.85565
7686.5 41 6.40312
7687.5 35 5.91608
7688.5 46 6.78233
7689.5 52 7.2111
7690.5 48 6.9282
7691.5 50 7.07107
7692.5 42 6.48074
7693.5 48 6.9282
7694.5 55 7.4162
7695.5 43 6.55744
7696.5 51 7.14143
7697.5 42 6.48074
7698.5 43 6.55744
7699.5 38 6.16441
7700.5 42 6.48074
7701.5 33 5.74456
7702.5 48 6.9282
7703.5 49 7
7704.5 42 6.48074
7705.5 39 6.245
7706.5 52 7.2111
7707.5 40 6.32456
7708.5 36 6
7709.5 43 6.55744
7710.5 48 6.9282
7711.5 55 7.4162
7712.5 45 6.7082
7713.5 46 6.78233
7714.5 47 6.85565
7715.5 43 6.55744
7716.5 40 6.32456
7717.5 47 6.85565
7718.5 40 6.32456
7719.5 40 6.32456
7720.5 47 6.85565
7721.5 43 6.55744
7722.5 48 6.9282
7723.5 48 6.9282
7724.5 41 6.40312
7725.5 44 6.63325
7726.5 45 6.7082
7727.5 40 6.32456
7728.5 42 6.48074
7729.5 53 7.28011
7730.5 44 6.63325
7731.5 45 6.7082
7732.5 43 6.55744
7733.5 40 6.32456
7734.5 35 5.91608
7735.5 36 6
7736.5 41 6.40312
7737.5 49 7
7738.5 40 6.32456
7739.5 39 6.245
7740.5 39 6.245
7741.5 49 7
7742.5 42 6.48074
7743.5 44 6.63325
7744.5 32 5.65685
7745.5 38 6.16441
7746.5 41 6.40312
7747.5 51 7.14143
7748.5 38 6.16441
7749.5 36 6
7750.5 48 6.9282
7751.5 40 6.32456
7752.5 52 7.2111
7753.5 39 6.245
7754.5 45 6.7082
7755.5 39 6.245
7756.5 36 6
7757.5 40 6.32456
7758.5 50 7.07107
7759.5 28 5.2915
7760.5 38 6.16441
7761.5 43 6.55744
7762.5 46 6.78233
7763.5 36 6
7764.5 46 6.78233
7765.5 45 6.7082
7766.5 54 7.34847
7767.5 38 6.16441
7768.5 45 6.7082
7769.5 40 6.32456
7770.5 50 7.07107
7771.5 42 6.48074
7772.5 42 6.48074
7773.5 51 7.14143
7774.5 35 5.91608
7775.5 47 6.85565
7776.5 37 6.08276
7777.5 45 6.7082
7778.5 48 6.9282
7779.5 47 6.85565
7780.5 36 6
7781.5 48 6.9282
7782.5 39 6.245
7783.5 46 6.78233
7784.5 32 5.65685
7785.5 38 6.16441
7786.5 43 6.55744
7787.5 44 6.63325
7788.5 42 6.48074
7789.5 37 6.08276
7790.5 42 6.48074
7791.5 41 6.40312
7792.5 45 6.7082
7793.5 40 6.32456
7794.5 38 6.16441
7795.5 46 6.78233
7796.5 38 6.16441
7797.5 44 6.63325
7798.5 45 6.7082
7799.5 53 7.28011
7800.5 44 6.63325
7801.5 39 6.245
7802.5 36 6
7803.5 51 7.14143
7804.5 47 6.85565
7805.5 43 6.55744
7806.5 47 6.85565
7807.5 43 6.55744
7808.5 41 6.40312
7809.5 45 6.7082
7810.5 53 7.28011
7811.5 61 7.81025
7812.5 47 6.85565
7813.5 46 6.78233
7814.5 45 6.7082
7815.5 52 7.2111
7816.5 31 5.56776
7817.5 37 6.08276
7818.5 42 6.48074
7819.5 35 5.91608
7820.5 49 7
7821.5 42 6.48074
7822.5 51 7.14143
7823.5 45 6.7082
7824.5 36 6
7825.5 45 6.7082
7826.5 39 6.245
7827.5 44 6.63325
7828.5 43 6.55744
7829.5 42 6.48074
7830.5 41 6.40312
7831.5 47 6.85565
7832.5 28 5.2915
7833.5 48 6.9282
7834.5 35 5.91608
7835.5 46 6.78233
7836.5 44 6.63325
7837.5 53 7.28011
7838.5 52 7.2111
7839.5 41 6.40312
7840.5 42 6.48074
7841.5 51 7.14143
7842.5 47 6.85565
7843.5 40 6.32456
7844.5 43 6.55744
7845.5 48 6.9282
7846.5 43 6.55744
7847.5 41 6.40312
7848.5 49 7
7849.5 45 6.7082
7850.5 42 6.48074
7851.5 44 6.63325
7852.5 53 7.28011
7853.5 51 7.14143
7854.5 55 7.4162
7855.5 42 6.48074
7856.5 38 6.16441
7857.5 41 6.40312
7858.5 38 6.16441
7859.5 44 6.63325
7860.5 46 6.78233
7861.5 51 7.14143
7862.5 42 6.48074
7863.5 47 6.85565
7864.5 44 6.63325
7865.5 49 7
7866.5 49 7
7867.5 36 6
7868.5 53 7.28011
7869.5 44 6.63325
7870.5 56 7.48331
7871.5 37 6.08276
7872.5 45 6.7082
7873.5 46 6.78233
7874.5 43 6.55744
7875.5 36 6
7876.5 48 6.9282
7877.5 42 6.48074
7878.5 38 6.16441
7879.5 56 7.48331
7880.5 42 6.48074
7881.5 41 6.40312
7882.5 68 8.24621
7883.5 40 6.32456
7884.5 34 5.83095
7885.5 32 5.65685
7886.5 54 7.34847
7887.5 51 7.14143
7888.5 38 6.16441
7889.5 48 6.9282
7890.5 54 7.34847
7891.5 41 6.40312
7892.5 38 6.16441
7893.5 44 6.63325
7894.5 40 6.32456
7895.5 46 6.78233
7896.5 33 5.74456
7897.5 43 6.55744
7898.5 46 6.78233
7899.5 58 7.61577
7900.5 51 7.14143
7901.5 39 6.245
7902.5 42 6.48074
7903.5 52 7.2111
7904.5 43 6.55744
7905.5 49 7
7906.5 39 6.245
7907.5 46 6.78233
7908.5 57 7.54983
7909.5 36 6
7910.5 53 7.28011
7911.5 53 7.28011
7912.5 45 6.7082
7913.5 41 6.40312
7914.5 50 7.07107
7915.5 34 5.83095
7916.5 32 5.65685
7917.5 42 6.48074
7918.5 40 6.32456
7919.5 46 6.78233
7920.5 39 6.245
7921.5 38 6.16441
7922.5 43 6.55744
7923.5 46 6.78233
7924.5 53 7.28011
7925.5 56 7.48331
7926.5 52 7.2111
7927.5 55 7.4162
7928.5 32 5.65685
7929.5 55 7.4162
7930.5 46 6.78233
7931.5 47 6.85565
7932.5 48 6.9282
7933.5 39 6.245
7934.5 49 7
7935.5 34 5.83095
7936.5 47 6.85565
7937.5 22 4.69042
7938.5 39 6.245
7939.5 51 7.14143
7940.5 44 6.63325
7941.5 44 6.63325
7942.5 44 6.63325
7943.5 44 6.63325
7944.5 38 6.16441
7945.5 30 5.47723
7946.5 40 6.32456
7947.5 42 6.48074
7948.5 48 6.9282
7949.5 42 6.48074
7950.5 43 6.55744
7951.5 46 6.78233
7952.5 46 6.78233
7953.5 47 6.85565
7954.5 41 6.40312
7955.5 47 6.85565
7956.5 44 6.63325
7957.5 50 7.07107
7958.5 46 6.78233
7959.5 34 5.83095
7960.5 44 6.63325
7961.5 51 7.14143
7962.5 43 6.55744
7963.5 40 6.32456
7964.5 41 6.40312
7965.5 39 6.245
7966.5 47 6.85565
7967.5 42 6.48074
7968.5 46 6.78233
7969.5 52 7.2111
7970.5 67 8.18535
7971.5 45 6.7082
7972.5 46 6.78233
7973.5 42 6.48074
7974.5 49 7
7975.5 43 6.55744
7976.5 46 6.78233
7977.5 42 6.48074
7978.5 48 6.9282
7979.5 56 7.48331
7980.5 57 7.54983
7981.5 43 6.55744
7982.5 46 6.78233
7983.5 40 6.32456
7984.5 53 7.28011
7985.5 50 7.07107
7986.5 37 6.08276
7987.5 45 6.7082
7988.5 55 7.4162
7989.5 42 6.48074
7990.5 37 6.08276
7991.5 45 6.7082
7992.5 50 7.07107
7993.5 46 6.78233
7994.5 60 7.74597
7995.5 36 6
7996.5 41 6.40312
7997.5 45 6.7082
7998.5 44 6.63325
7999.5 45 6.7082
8000.5 56 7.48331
8001.5 50 7.07107
8002.5 39 6.245
8003.5 50 7.07107
8004.5 45 6.7082
8005.5 42 6.48074
8006.5 41 6.40312
8007.5 48 6.9282
8008.5 44 6.63325
8009.5 39 6.245
8010.5 39 6.245
8011.5 42 6.48074
8012.5 43 6.55744
8013.5 48 6.9282
8014.5 36 6
8015.5 48 6.9282
8016.5 52 7.2111
8017.5 33 5.74456
8018.5 43 6.55744
8019.5 50 7.07107
8020.5 31 5.56776
8021.5 42 6.48074
8022.5 51 7.14143
8023.5 32 5.65685
8024.5 37 6.08276
8025.5 42 6.48074
8026.5 36 6
8027.5 60 7.74597
8028.5 47 6.85565
8029.5 40 6.32456
8030.5 44 6.63325
8031.5 53 7.28011
8032.5 49 7
8033.5 53 7.28011
8034.5 59 7.68115
8035.5 41 6.40312
8036.5 39 6.245
8037.5 50 7.07107
8038.5 45 6.7082
8039.5 44 6.63325
8040.5 57 7.54983
8041.5 25 5
8042.5 40 6.32456
8043.5 53 7.28011
8044.5 46 6.78233
8045.5 43 6.55744
8046.5 52 7.2111
8047.5 47 6.85565
8048.5 65 8.06226
8049.5 38 6.16441
8050.5 43 6.55744
8051.5 44 6.63325
8052.5 45 6.7082
8053.5 39 6.245
8054.5 39 6.245
8055.5 45 6.7082
8056.5 61 7.81025
8057.5 48 6.9282
8058.5 47 6.85565
8059.5 42 6.48074
8060.5 32 5.65685
8061.5 49 7
8062.5 50 7.07107
8063.5 52 7.2111
8064.5 58 7.61577
8065.5 35 5.91608
8066.5 53 7.28011
8067.5 40 6.32456
8068.5 42 6.48074
8069.5 50 7.07107
8070.5 44 6.63325
8071.5 46 6.78233
8072.5 37 6.08276
8073.5 45 6.7082
8074.5 38 6.16441
8075.5 46 6.78233
8076.5 51 7.14143
8077.5 46 6.78233
8078.5 52 7.2111
8079.5 54 7.34847
8080.5 40 6.32456
8081.5 66 8.12404
8082.5 42 6.48074
8083.5 45 6.7082
8084.5 53 7.28011
8085.5 40 6.32456
8086.5 44 6.63325
8087.5 41 6.40312
8088.5 39 6.245
8089.5 42 6.48074
8090.5 53 7.28011
8091.5 40 6.32456
8092.5 38 6.16441
8093.5 35 5.91608
8094.5 53 7.28011
8095.5 49 7
8096.5 40 6.32456
8097.5 40 6.32456
8098.5 48 6.9282
8099.5 43 6.55744
8100.5 47 6.85565
8101.5 52 7.2111
8102.5 50 7.07107
8103.5 51 7.14143
8104.5 40 6.32456
8105.5 43 6.55744
8106.5 42 6.48074
8107.5 33 5.74456
8108.5 37 6.08276
8109.5 52 7.2111
8110.5 49 7
8111.5 38 6.16441
8112.5 36 6
8113.5 37 6.08276
8114.5 30 5.47723
8115.5 41 6.40312
8116.5 53 7.28011
8117.5 49 7
8118.5 54 7.34847
8119.5 46 6.78233
8120.5 38 6.16441
8121.5 61 7.81025
8122.5 48 6.9282
8123.5 53 7.28011
8124.5 50 7.07107
8125.5 38 6.16441
8126.5 51 7.14143
8127.5 59 7.68115
8128.5 50 7.07107
8129.5 48 6.9282
8130.5 47 6.85565
8131.5 37 6.08276
8132.5 45 6.7082
8133.5 44 6.63325
8134.5 43 6.55744
8135.5 55 7.4162
8136.5 43 6.55744
8137.5 43 6.55744
8138.5 48 6.9282
8139.5 56 7.48331
8140.5 54 7.34847
8141.5 47 6.85565
8142.5 51 7.14143
8143.5 45 6.7082
8144.5 44 6.63325
8145.5 47 6.85565
8146.5 45 6.7082
8147.5 58 7.61577
8148.5 46 6.78233
8149.5 53 7.28011
8150.5 57 7.54983
8151.5 50 7.07107
8152.5 51 7.14143
8153.5 45 6.7082
8154.5 55 7.4162
8155.5 46 6.78233
8156.5 49 7
8157.5 42 6.48074
8158.5 45 6.7082
8159.5 50 7.07107
8160.5 47 6.85565
8161.5 46 6.78233
8162.5 49 7
8163.5 65 8.06226
8164.5 57 7.54983
8165.5 56 7.48331
8166.5 38 6.16441
8167.5 43 6.55744
8168.5 40 6.32456
8169.5 43 6.55744
8170.5 39 6.245
8171.5 54 7.34847
8172.5 40 6.32456
8173.5 50 7.07107
8174.5 55 7.4162
8175.5 37 6.08276
8176.5 42 6.48074
8177.5 43 6.55744
8178.5 58 7.61577
8179.5 51 7.14143
8180.5 47 6.85565
8181.5 63 7.93725
8182.5 56 7.48331
8183.5 44 6.63325
8184.5 68 8.24621
8185.5 51 7.14143
8186.5 58 7.61577
8187.5 52 7.2111
8188.5 71 8.42615
8189.5 78 8.83176
8190.5 66 8.12404
8191.5 71 8.42615
8192.5 76 8.7178
8193.5 73 8.544
8194.5 80 8.94427
8195.5 68 8.24621
8196.5 84 9.16515
8197.5 82 9.05539
8198.5 97 9.84886
8199.5 84 9.16515
8200.5 112 10.583
8201.5 115 10.7238
8202.5 121 11
8203.5 131 11.4455
8204.5 120 10.9545
8205.5 113 10.6301
8206.5 134 11.5758
8207.5 135 11.619
8208.5 132 11.4891
8209.5 124 11.1355
8210.5 145 12.0416
8211.5 146 12.083
8212.5 158 12.5698
8213.5 128 11.3137
8214.5 117 10.8167
8215.5 137 11.7047
8216.5 127 11.2694
8217.5 125 11.1803
8218.5 123 11.0905
8219.5 133 11.5326
8220.5 116 10.7703
8221.5 124 11.1355
8222.5 108 10.3923
8223.5 99 9.94987
8224.5 106 10.2956
8225.5 93 9.64365
8226.5 100 10
8227.5 88 9.38083
8228.5 85 9.21954
8229.5 85 9.21954
8230.5 91 9.53939
8231.5 64 8
8232.5 88 9.38083
8233.5 80 8.94427
8234.5 64 8
8235.5 74 8.60233
8236.5 70 8.3666
8237.5 56 7.48331
8238.5 57 7.54983
8239.5 52 7.2111
8240.5 61 7.81025
8241.5 50 7.07107
8242.5 58 7.61577
8243.5 60 7.74597
8244.5 67 8.18535
8245.5 52 7.2111
8246.5 43 6.55744
8247.5 55 7.4162
8248.5 46 6.78233
8249.5 55 7.4162
8250.5 55 7.4162
8251.5 66 8.12404
8252.5 44 6.63325
8253.5 45 6.7082
8254.5 55 7.4162
8255.5 39 6.245
8256.5 56 7.48331
8257.5 53 7.28011
8258.5 52 7.2111
8259.5 56 7.48331
8260.5 50 7.07107
8261.5 45 6.7082
8262.5 48 6.9282
8263.5 56 7.48331
8264.5 56 7.48331
8265.5 47 6.85565
8266.5 57 7.54983
8267.5 48 6.9282
8268.5 51 7.14143
8269.5 52 7.2111
8270.5 60 7.74597
8271.5 47 6.85565
8272.5 46 6.78233
8273.5 46 6.78233
8274.5 38 6.16441
8275.5 50 7.07107
8276.5 46 6.78233
8277.5 47 6.85565
8278.5 54 7.34847
8279.5 55 7.4162
8280.5 56 7.48331
8281.5 47 6.85565
8282.5 68 8.24621
8283.5 43 6.55744
8284.5 58 7.61577
8285.5 49 7
8286.5 62 7.87401
8287.5 55 7.4162
8288.5 61 7.81025
8289.5 47 6.85565
8290.5 57 7.54983
8291.5 53 7.28011
8292.5 56 7.48331
8293.5 36 6
8294.5 58 7.61577
8295.5 54 7.34847
8296.5 46 6.78233
8297.5 47 6.85565
8298.5 48 6.9282
8299.5 55 7.4162
8300.5 55 7.4162
8301.5 42 6.48074
8302.5 51 7.14143
8303.5 48 6.9282
8304.5 49 7
8305.5 40 6.32456
8306.5 48 6.9282
8307.5 42 6.48074
8308.5 50 7.07107
8309.5 45 6.7082
8310.5 51 7.14143
8311.5 49 7
8312.5 51 7.14143
8313.5 49 7
8314.5 54 7.34847
8315.5 51 7.14143
8316.5 49 7
8317.5 48 6.9282
8318.5 50 7.07107
8319.5 66 8.12404
8320.5 52 7.2111
8321.5 61 7.81025
8322.5 71 8.42615
8323.5 41 6.40312
8324.5 48 6.9282
8325.5 59 7.68115
8326.5 49 7
8327.5 48 6.9282
8328.5 53 7.28011
8329.5 50 7.07107
8330.5 58 7.61577
8331.5 55 7.4162
8332.5 48 6.9282
8333.5 53 7.28011
8334.5 55 7.4162
8335.5 50 7.07107
8336.5 56 7.48331
8337.5 44 6.63325
8338.5 47 6.85565
8339.5 44 6.63325
8340.5 52 7.2111
8341.5 44 6.63325
8342.5 49 7
8343.5 42 6.48074
8344.5 49 7
8345.5 48 6.9282
8346.5 49 7
8347.5 52 7.2111
8348.5 54 7.34847
8349.5 62 7.87401
8350.5 50 7.07107
8351.5 58 7.61577
8352.5 58 7.61577
8353.5 43 6.55744
8354.5 61 7.81025
8355.5 51 7.14143
8356.5 53 7.28011
8357.5 50 7.07107
8358.5 45 6.7082
8359.5 48 6.9282
8360.5 43 6.55744
8361.5 54 7.34847
8362.5 60 7.74597
8363.5 37 6.08276
8364.5 60 7.74597
8365.5 61 7.81025
8366.5 57 7.54983
8367.5 55 7.4162
8368.5 63 7.93725
8369.5 62 7.87401
8370.5 45 6.7082
8371.5 49 7
8372.5 65 8.06226
8373.5 62 7.87401
8374.5 67 8.18535
8375.5 62 7.87401
8376.5 50 7.07107
8377.5 41 6.40312
8378.5 44 6.63325
8379.5 54 7.34847
8380.5 49 7
8381.5 47 6.85565
8382.5 50 7.07107
8383.5 44 6.63325
8384.5 45 6.7082
8385.5 57 7.54983
8386.5 69 8.30662
8387.5 40 6.32456
8388.5 50 7.07107
8389.5 41 6.40312
8390.5 52 7.2111
8391.5 57 7.54983
8392.5 54 7.34847
8393.5 49 7
8394.5 58 7.61577
8395.5 53 7.28011
8396.5 57 7.54983
8397.5 40 6.32456
8398.5 41 6.40312
8399.5 49 7
8400.5 55 7.4162
8401.5 59 7.68115
8402.5 58 7.61577
8403.5 54 7.34847
8404.5 51 7.14143
8405.5 55 7.4162
8406.5 51 7.14143
8407.5 46 6.78233
8408.5 51 7.14143
8409.5 39 6.245
8410.5 54 7.34847
8411.5 48 6.9282
8412.5 45 6.7082
8413.5 65 8.06226
8414.5 49 7
8415.5 52 7.2111
8416.5 49 7
8417.5 58 7.61577
8418.5 64 8
8419.5 47 6.85565
8420.5 49 7
8421.5 46 6.78233
8422.5 55 7.4162
8423.5 57 7.54983
8424.5 46 6.78233
8425.5 44 6.63325
8426.5 53 7.28011
8427.5 43 6.55744
8428.5 50 7.07107
8429.5 64 8
8430.5 49 7
8431.5 44 6.63325
8432.5 55 7.4162
8433.5 39 6.245
8434.5 49 7
8435.5 50 7.07107
8436.5 47 6.85565
8437.5 50 7.07107
8438.5 52 7.2111
8439.5 48 6.9282
8440.5 55 7.4162
8441.5 53 7.28011
8442.5 63 7.93725
8443.5 51 7.14143
8444.5 48 6.9282
8445.5 55 7.4162
8446.5 56 7.48331
8447.5 53 7.28011
8448.5 49 7
8449.5 46 6.78233
8450.5 43 6.55744
8451.5 44 6.63325
8452.5 52 7.2111
8453.5 63 7.93725
8454.5 53 7.28011
8455.5 42 6.48074
8456.5 27 5.19615
8457.5 47 6.85565
8458.5 49 7
8459.5 47 6.85565
8460.5 52 7.2111
8461.5 48 6.9282
8462.5 58 7.61577
8463.5 63 7.93725
8464.5 61 7.81025
8465.5 50 7.07107
8466.5 56 7.48331
8467.5 54 7.34847
8468.5 57 7.54983
8469.5 45 6.7082
8470.5 40 6.32456
8471.5 43 6.55744
8472.5 61 7.81025
8473.5 39 6.245
8474.5 44 6.63325
8475.5 58 7.61577
8476.5 53 7.28011
8477.5 53 7.28011
8478.5 62 7.87401
8479.5 43 6.55744
8480.5 53 7.28011
8481.5 52 7.2111
8482.5 66 8.12404
8483.5 54 7.34847
8484.5 42 6.48074
8485.5 42 6.48074
8486.5 56 7.48331
8487.5 49 7
8488.5 48 6.9282
8489.5 49 7
8490.5 72 8.48528
8491.5 58 7.61577
8492.5 50 7.07107
8493.5 46 6.78233
8494.5 53 7.28011
8495.5 72 8.48528
8496.5 42 6.48074
8497.5 55 7.4162
8498.5 50 7.07107
8499.5 69 8.30662
8500.5 48 6.9282
8501.5 54 7.34847
8502.5 68 8.24621
8503.5 56 7.48331
8504.5 66 8.12404
8505.5 55 7.4162
8506.5 61 7.81025
8507.5 68 8.24621
8508.5 64 8
8509.5 60 7.74597
8510.5 54 7.34847
8511.5 65 8.06226
8512.5 60 7.74597
8513.5 72 8.48528
8514.5 52 7.2111
8515.5 58 7.61577
8516.5 62 7.87401
8517.5 70 8.3666
8518.5 52 7.2111
8519.5 55 7.4162
8520.5 60 7.74597
8521.5 52 7.2111
8522.5 40 6.32456
8523.5 57 7.54983
8524.5 50 7.07107
8525.5 57 7.54983
8526.5 50 7.07107
8527.5 50 7.07107
8528.5 55 7.4162
8529.5 53 7.28011
8530.5 40 6.32456
8531.5 44 6.63325
8532.5 54 7.34847
8533.5 51 7.14143
8534.5 55 7.4162
8535.5 58 7.61577
8536.5 57 7.54983
8537.5 49 7
8538.5 55 7.4162
8539.5 55 7.4162
8540.5 65 8.06226
8541.5 53 7.28011
8542.5 57 7.54983
8543.5 52 7.2111
8544.5 51 7.14143
8545.5 66 8.12404
8546.5 58 7.61577
8547.5 48 6.9282
8548.5 64 8
8549.5 67 8.18535
8550.5 59 7.68115
8551.5 66 8.12404
8552.5 48 6.9282
8553.5 54 7.34847
8554.5 60 7.74597
8555.5 40 6.32456
8556.5 45 6.7082
8557.5 56 7.48331
8558.5 63 7.93725
8559.5 54 7.34847
8560.5 58 7.61577
8561.5 61 7.81025
8562.5 60 7.74597
8563.5 62 7.87401
8564.5 63 7.93725
8565.5 58 7.61577
8566.5 39 6.245
8567.5 44 6.63325
8568.5 51 7.14143
8569.5 48 6.9282
8570.5 60 7.74597
8571.5 51 7.14143
8572.5 61 7.81025
8573.5 65 8.06226
8574.5 54 7.34847
8575.5 59 7.68115
8576.5 58 7.61577
8577.5 55 7.4162
8578.5 72 8.48528
8579.5 51 7.14143
8580.5 54 7.34847
8581.5 47 6.85565
8582.5 53 7.28011
8583.5 44 6.63325
8584.5 46 6.78233
8585.5 63 7.93725
8586.5 59 7.68115
8587.5 65 8.06226
8588.5 53 7.28011
8589.5 56 7.48331
8590.5 50 7.07107
8591.5 43 6.55744
8592.5 64 8
8593.5 50 7.07107
8594.5 66 8.12404
8595.5 62 7.87401
8596.5 50 7.07107
8597.5 63 7.93725
8598.5 67 8.18535
8599.5 49 7
8600.5 62 7.87401
8601.5 44 6.63325
8602.5 62 7.87401
8603.5 58 7.61577
8604.5 61 7.81025
8605.5 64 8
8606.5 66 8.12404
8607.5 59 7.68115
8608.5 62 7.87401
8609.5 60 7.74597
8610.5 48 6.9282
8611.5 59 7.68115
8612.5 51 7.14143
8613.5 54 7.34847
8614.5 52 7.2111
8615.5 61 7.81025
8616.5 46 6.78233
8617.5 56 7.48331
8618.5 50 7.07107
8619.5 47 6.85565
8620.5 45 6.7082
8621.5 52 7.2111
8622.5 62 7.87401
8623.5 61 7.81025
8624.5 50 7.07107
8625.5 55 7.4162
8626.5 48 6.9282
8627.5 49 7
8628.5 59 7.68115
8629.5 54 7.34847
8630.5 66 8.12404
8631.5 61 7.81025
8632.5 50 7.07107
8633.5 63 7.93725
8634.5 49 7
8635.5 61 7.81025
8636.5 55 7.4162
8637.5 58 7.61577
8638.5 42 6.48074
8639.5 51 7.14143
8640.5 68 8.24621
8641.5 43 6.55744
8642.5 39 6.245
8643.5 54 7.34847
8644.5 52 7.2111
8645.5 64 8
8646.5 58 7.61577
8647.5 62 7.87401
8648.5 54 7.34847
8649.5 45 6.7082
8650.5 50 7.07107
8651.5 49 7
8652.5 46 6.78233
8653.5 52 7.2111
8654.5 54 7.34847
8655.5 65 8.06226
8656.5 55 7.4162
8657.5 57 7.54983
8658.5 58 7.61577
8659.5 60 7.74597
8660.5 55 7.4162
8661.5 56 7.48331
8662.5 51 7.14143
8663.5 55 7.4162
8664.5 63 7.93725
8665.5 49 7
8666.5 50 7.07107
8667.5 56 7.48331
8668.5 48 6.9282
8669.5 47 6.85565
8670.5 57 7.54983
8671.5 65 8.06226
8672.5 55 7.4162
8673.5 50 7.07107
8674.5 55 7.4162
8675.5 56 7.48331
8676.5 58 7.61577
8677.5 53 7.28011
8678.5 55 7.4162
8679.5 57 7.54983
8680.5 57 7.54983
8681.5 42 6.48074
8682.5 52 7.2111
8683.5 64 8
8684.5 49 7
8685.5 55 7.4162
8686.5 52 7.2111
8687.5 61 7.81025
8688.5 66 8.12404
8689.5 43 6.55744
8690.5 55 7.4162
8691.5 45 6.7082
8692.5 61 7.81025
8693.5 54 7.34847
8694.5 55 7.4162
8695.5 55 7.4162
8696.5 54 7.34847
8697.5 60 7.74597
8698.5 49 7
8699.5 51 7.14143
8700.5 59 7.68115
8701.5 58 7.61577
8702.5 65 8.06226
8703.5 52 7.2111
8704.5 60 7.74597
8705.5 55 7.4162
8706.5 47 6.85565
8707.5 57 7.54983
8708.5 44 6.63325
8709.5 46 6.78233
8710.5 54 7.34847
8711.5 53 7.28011
8712.5 57 7.54983
8713.5 66 8.12404
8714.5 62 7.87401
8715.5 57 7.54983
8716.5 67 8.18535
8717.5 49 7
8718.5 62 7.87401
8719.5 41 6.40312
8720.5 73 8.544
8721.5 41 6.40312
8722.5 63 7.93725
8723.5 50 7.07107
8724.5 70 8.3666
8725.5 51 7.14143
8726.5 57 7.54983
8727.5 56 7.48331
8728.5 54 7.34847
8729.5 54 7.34847
8730.5 51 7.14143
8731.5 63 7.93725
8732.5 55 7.4162
8733.5 58 7.61577
8734.5 54 7.34847
8735.5 56 7.48331
8736.5 51 7.14143
8737.5 56 7.48331
8738.5 57 7.54983
8739.5 60 7.74597
8740.5 59 7.68115
8741.5 50 7.07107
8742.5 56 7.48331
8743.5 54 7.34847
8744.5 76 8.7178
8745.5 57 7.54983
8746.5 54 7.34847
8747.5 61 7.81025
8748.5 66 8.12404
8749.5 57 7.54983
8750.5 58 7.61577
8751.5 59 7.68115
8752.5 58 7.61577
8753.5 49 7
8754.5 55 7.4162
8755.5 60 7.74597
8756.5 61 7.81025
8757.5 62 7.87401
8758.5 64 8
8759.5 53 7.28011
8760.5 54 7.34847
8761.5 60 7.74597
8762.5 66 8.12404
8763.5 47 6.85565
8764.5 50 7.07107
8765.5 54 7.34847
8766.5 63 7.93725
8767.5 52 7.2111
8768.5 56 7.48331
8769.5 73 8.544
8770.5 55 7.4162
8771.5 43 6.55744
8772.5 63 7.93725
8773.5 60 7.74597
8774.5 62 7.87401
8775.5 52 7.2111
8776.5 64 8
8777.5 52 7.2111
8778.5 73 8.544
8779.5 67 8.18535
8780.5 70 8.3666
8781.5 62 7.87401
8782.5 63 7.93725
8783.5 50 7.07107
8784.5 63 7.93725
8785.5 69 8.30662
8786.5 52 7.2111
8787.5 62 7.87401
8788.5 75 8.66025
8789.5 62 7.87401
8790.5 54 7.34847
8791.5 58 7.61577
8792.5 50 7.07107
8793.5 54 7.34847
8794.5 50 7.07107
8795.5 59 7.68115
8796.5 54 7.34847
8797.5 53 7.28011
8798.5 73 8.544
8799.5 56 7.48331
8800.5 78 8.83176
8801.5 54 7.34847
8802.5 58 7.61577
8803.5 42 6.48074
8804.5 61 7.81025
8805.5 56 7.48331
8806.5 57 7.54983
8807.5 54 7.34847
8808.5 64 8
8809.5 65 8.06226
8810.5 58 7.61577
8811.5 50 7.07107
8812.5 55 7.4162
8813.5 69 8.30662
8814.5 64 8
8815.5 61 7.81025
8816.5 55 7.4162
8817.5 75 8.66025
8818.5 67 8.18535
8819.5 51 7.14143
8820.5 58 7.61577
8821.5 46 6.78233
8822.5 47 6.85565
8823.5 55 7.4162
8824.5 67 8.18535
8825.5 60 7.74597
8826.5 58 7.61577
8827.5 60 7.74597
8828.5 62 7.87401
8829.5 65 8.06226
8830.5 64 8
8831.5 51 7.14143
8832.5 69 8.30662
8833.5 56 7.48331
8834.5 57 7.54983
8835.5 51 7.14143
8836.5 74 8.60233
8837.5 73 8.544
8838.5 58 7.61577
8839.5 55 7.4162
8840.5 68 8.24621
8841.5 56 7.48331
8842.5 55 7.4162
8843.5 71 8.42615
8844.5 54 7.34847
8845.5 72 8.48528
8846.5 60 7.74597
8847.5 52 7.2111
8848.5 61 7.81025
8849.5 56 7.48331
8850.5 62 7.87401
8851.5 63 7.93725
8852.5 59 7.68115
8853.5 58 7.61577
8854.5 65 8.06226
8855.5 62 7.87401
8856.5 59 7.68115
8857.5 62 7.87401
8858.5 54 7.34847
8859.5 55 7.4162
8860.5 56 7.48331
8861.5 49 7
8862.5 57 7.54983
8863.5 63 7.93725
8864.5 59 7.68115
8865.5 56 7.48331
8866.5 51 7.14143
8867.5 64 8
8868.5 50 7.07107
8869.5 63 7.93725
8870.5 75 8.66025
8871.5 67 8.18535
8872.5 68 8.24621
8873.5 58 7.61577
8874.5 55 7.4162
8875.5 66 8.12404
8876.5 49 7
8877.5 57 7.54983
8878.5 54 7.34847
8879.5 54 7.34847
8880.5 56 7.48331
8881.5 60 7.74597
8882.5 54 7.34847
8883.5 70 8.3666
8884.5 58 7.61577
8885.5 55 7.4162
8886.5 62 7.87401
8887.5 67 8.18535
8888.5 65 8.06226
8889.5 63 7.93725
8890.5 66 8.12404
8891.5 60 7.74597
8892.5 76 8.7178
8893.5 46 6.78233
8894.5 69 8.30662
8895.5 52 7.2111
8896.5 58 7.61577
8897.5 66 8.12404
8898.5 65 8.06226
8899.5 74 8.60233
8900.5 63 7.93725
8901.5 65 8.06226
8902.5 53 7.28011
8903.5 58 7.61577
8904.5 65 8.06226
8905.5 58 7.61577
8906.5 58 7.61577
8907.5 53 7.28011
8908.5 72 8.48528
8909.5 57 7.54983
8910.5 55 7.4162
8911.5 72 8.48528
8912.5 58 7.61577
8913.5 61 7.81025
8914.5 65 8.06226
8915.5 66 8.12404
8916.5 67 8.18535
8917.5 84 9.16515
8918.5 72 8.48528
8919.5 57 7.54983
8920.5 65 8.06226
8921.5 59 7.68115
8922.5 67 8.18535
8923.5 57 7.54983
8924.5 59 7.68115
8925.5 62 7.87401
8926.5 43 6.55744
8927.5 55 7.4162
8928.5 65 8.06226
8929.5 60 7.74597
8930.5 69 8.30662
8931.5 70 8.3666
8932.5 52 7.2111
8933.5 76 8.7178
8934.5 69 8.30662
8935.5 59 7.68115
8936.5 59 7.68115
8937.5 72 8.48528
8938.5 65 8.06226
8939.5 60 7.74597
8940.5 49 7
8941.5 64 8
8942.5 50 7.07107
8943.5 69 8.30662
8944.5 61 7.81025
8945.5 63 7.93725
8946.5 57 7.54983
8947.5 55 7.4162
8948.5 54 7.34847
8949.5 62 7.87401
8950.5 44 6.63325
8951.5 67 8.18535
8952.5 61 7.81025
8953.5 64 8
8954.5 66 8.12404
8955.5 63 7.93725
8956.5 56 7.48331
8957.5 55 7.4162
8958.5 51 7.14143
8959.5 69 8.30662
8960.5 50 7.07107
8961.5 67 8.18535
8962.5 52 7.2111
8963.5 66 8.12404
8964.5 61 7.81025
8965.5 57 7.54983
8966.5 70 8.3666
8967.5 71 8.42615
8968.5 49 7
8969.5 71 8.42615
8970.5 65 8.06226
8971.5 64 8
8972.5 74 8.60233
8973.5 56 7.48331
8974.5 53 7.28011
8975.5 64 8
8976.5 54 7.34847
8977.5 59 7.68115
8978.5 61 7.81025
8979.5 72 8.48528
8980.5 59 7.68115
8981.5 69 8.30662
8982.5 59 7.68115
8983.5 61 7.81025
8984.5 77 8.77496
8985.5 66 8.12404
8986.5 53 7.28011
8987.5 54 7.34847
8988.5 61 7.81025
8989.5 56 7.48331
8990.5 76 8.7178
8991.5 65 8.06226
8992.5 71 8.42615
8993.5 55 7.4162
8994.5 59 7.68115
8995.5 61 7.81025
8996.5 62 7.87401
8997.5 54 7.34847
8998.5 66 8.12404
8999.5 59 7.68115
9000.5 68 8.24621
9001.5 69 8.30662
9002.5 64 8
9003.5 61 7.81025
9004.5 56 7.48331
9005.5 77 8.77496
9006.5 68 8.24621
9007.5 62 7.87401
9008.5 48 6.9282
9009.5 60 7.74597
9010.5 86 9.27362
9011.5 66 8.12404
9012.5 64 8
9013.5 82 9.05539
9014.5 58 7.61577
9015.5 62 7.87401
9016.5 52 7.2111
9017.5 61 7.81025
9018.5 63 7.93725
9019.5 57 7.54983
9020.5 59 7.68115
9021.5 70 8.3666
9022.5 70 8.3666
9023.5 59 7.68115
9024.5 54 7.34847
9025.5 67 8.18535
9026.5 73 8.544
9027.5 69 8.30662
9028.5 71 8.42615
9029.5 68 8.24621
9030.5 57 7.54983
9031.5 73 8.544
9032.5 58 7.61577
9033.5 67 8.18535
9034.5 62 7.87401
9035.5 57 7.54983
9036.5 62 7.87401
9037.5 67 8.18535
9038.5 62 7.87401
9039.5 72 8.48528
9040.5 68 8.24621
9041.5 59 7.68115
9042.5 68 8.24621
9043.5 72 8.48528
9044.5 71 8.42615
9045.5 60 7.74597
9046.5 62 7.87401
9047.5 63 7.93725
9048.5 78 8.83176
9049.5 63 7.93725
9050.5 59 7.68115
9051.5 63 7.93725
9052.5 65 8.06226
9053.5 75 8.66025
9054.5 53 7.28011
9055.5 51 7.14143
9056.5 76 8.7178
9057.5 69 8.30662
9058.5 81 9
9059.5 75 8.66025
9060.5 58 7.61577
9061.5 66 8.12404
9062.5 61 7.81025
9063.5 70 8.3666
9064.5 67 8.18535
9065.5 51 7.14143
9066.5 56 7.48331
9067.5 56 7.48331
9068.5 67 8.18535
9069.5 66 8.12404
9070.5 82 9.05539
9071.5 67 8.18535
9072.5 58 7.61577
9073.5 76 8.7178
9074.5 58 7.61577
9075.5 55 7.4162
9076.5 59 7.68115
9077.5 93 9.64365
9078.5 76 8.7178
9079.5 56 7.48331
9080.5 79 8.88819
9081.5 65 8.06226
9082.5 58 7.61577
9083.5 74 8.60233
9084.5 65 8.06226
9085.5 64 8
9086.5 71 8.42615
9087.5 66 8.12404
9088.5 64 8
9089.5 64 8
9090.5 59 7.68115
9091.5 68 8.24621
9092.5 66 8.12404
9093.5 70 8.3666
9094.5 69 8.30662
9095.5 71 8.42615
9096.5 66 8.12404
9097.5 65 8.06226
9098.5 76 8.7178
9099.5 56 7.48331
9100.5 59 7.68115
9101.5 71 8.42615
9102.5 56 7.48331
9103.5 65 8.06226
9104.5 68 8.24621
9105.5 59 7.68115
9106.5 70 8.3666
9107.5 56 7.48331
9108.5 79 8.88819
9109.5 55 7.4162
9110.5 64 8
9111.5 71 8.42615
9112.5 62 7.87401
9113.5 73 8.544
9114.5 60 7.74597
9115.5 73 8.544
9116.5 83 9.11043
9117.5 69 8.30662
9118.5 69 8.30662
9119.5 63 7.93725
9120.5 72 8.48528
9121.5 68 8.24621
9122.5 64 8
9123.5 61 7.81025
9124.5 52 7.2111
9125.5 80 8.94427
9126.5 70 8.3666
9127.5 66 8.12404
9128.5 57 7.54983
9129.5 71 8.42615
9130.5 73 8.544
9131.5 61 7.81025
9132.5 61 7.81025
9133.5 62 7.87401
9134.5 77 8.77496
9135.5 70 8.3666
9136.5 60 7.74597
9137.5 66 8.12404
9138.5 80 8.94427
9139.5 66 8.12404
9140.5 69 8.30662
9141.5 54 7.34847
9142.5 65 8.06226
9143.5 60 7.74597
9144.5 64 8
9145.5 69 8.30662
9146.5 74 8.60233
9147.5 65 8.06226
9148.5 66 8.12404
9149.5 70 8.3666
9150.5 67 8.18535
9151.5 65 8.06226
9152.5 85 9.21954
9153.5 66 8.12404
9154.5 66 8.12404
9155.5 67 8.18535
9156.5 81 9
9157.5 80 8.94427
9158.5 81 9
9159.5 64 8
9160.5 65 8.06226
9161.5 81 9
9162.5 67 8.18535
9163.5 68 8.24621
9164.5 68 8.24621
9165.5 64 8
9166.5 78 8.83176
9167.5 53 7.28011
9168.5 68 8.24621
9169.5 65 8.06226
9170.5 77 8.77496
9171.5 74 8.60233
9172.5 63 7.93725
9173.5 73 8.544
9174.5 73 8.544
9175.5 56 7.48331
9176.5 66 8.12404
9177.5 56 7.48331
9178.5 73 8.544
9179.5 75 8.66025
9180.5 83 9.11043
9181.5 80 8.94427
9182.5 68 8.24621
9183.5 65 8.06226
9184.5 52 7.2111
9185.5 63 7.93725
9186.5 63 7.93725
9187.5 70 8.3666
9188.5 71 8.42615
9189.5 77 8.77496
9190.5 55 7.4162
9191.5 69 8.30662
9192.5 61 7.81025
9193.5 71 8.42615
9194.5 71 8.42615
9195.5 78 8.83176
9196.5 63 7.93725
9197.5 63 7.93725
9198.5 64 8
9199.5 77 8.77496
9200.5 53 7.28011
9201.5 72 8.48528
9202.5 66 8.12404
9203.5 78 8.83176
9204.5 80 8.94427
9205.5 79 8.88819
9206.5 68 8.24621
9207.5 66 8.12404
9208.5 67 8.18535
9209.5 78 8.83176
9210.5 73 8.544
9211.5 67 8.18535
9212.5 69 8.30662
9213.5 66 8.12404
9214.5 65 8.06226
9215.5 66 8.12404
9216.5 72 8.48528
9217.5 65 8.06226
9218.5 60 7.74597
9219.5 75 8.66025
9220.5 82 9.05539
9221.5 65 8.06226
9222.5 65 8.06226
9223.5 56 7.48331
9224.5 64 8
9225.5 68 8.24621
9226.5 81 9
9227.5 81 9
9228.5 74 8.60233
9229.5 81 9
9230.5 72 8.48528
9231.5 71 8.42615
9232.5 66 8.12404
9233.5 65 8.06226
9234.5 64 8
9235.5 76 8.7178
9236.5 80 8.94427
9237.5 92 9.59166
9238.5 76 8.7178
9239.5 71 8.42615
9240.5 74 8.60233
9241.5 79 8.88819
9242.5 79 8.88819
9243.5 64 8
9244.5 99 9.94987
9245.5 71 8.42615
9246.5 84 9.16515
9247.5 59 7.68115
9248.5 87 9.32738
9249.5 74 8.60233
9250.5 84 9.16515
9251.5 71 8.42615
9252.5 80 8.94427
9253.5 78 8.83176
9254.5 64 8
9255.5 72 8.48528
9256.5 64 8
9257.5 67 8.18535
9258.5 69 8.30662
9259.5 82 9.05539
9260.5 88 9.38083
9261.5 71 8.42615
9262.5 82 9.05539
9263.5 55 7.4162
9264.5 60 7.74597
9265.5 76 8.7178
9266.5 89 9.43398
9267.5 70 8.3666
9268.5 87 9.32738
9269.5 72 8.48528
9270.5 76 8.7178
9271.5 94 9.69536
9272.5 85 9.21954
9273.5 66 8.12404
9274.5 74 8.60233
9275.5 64 8
9276.5 71 8.42615
9277.5 71 8.42615
9278.5 93 9.64365
9279.5 83 9.11043
9280.5 72 8.48528
9281.5 74 8.60233
9282.5 107 10.3441
9283.5 64 8
9284.5 77 8.77496
9285.5 67 8.18535
9286.5 82 9.05539
9287.5 75 8.66025
9288.5 96 9.79796
9289.5 78 8.83176
9290.5 76 8.7178
9291.5 80 8.94427
9292.5 51 7.14143
9293.5 69 8.30662
9294.5 59 7.68115
9295.5 75 8.66025
9296.5 80 8.94427
9297.5 96 9.79796
9298.5 70 8.3666
9299.5 53 7.28011
9300.5 78 8.83176
9301.5 78 8.83176
9302.5 79 8.88819
9303.5 70 8.3666
9304.5 78 8.83176
9305.5 73 8.544
9306.5 79 8.88819
9307.5 74 8.60233
9308.5 87 9.32738
9309.5 80 8.94427
9310.5 74 8.60233
9311.5 77 8.77496
9312.5 73 8.544
9313.5 84 9.16515
9314.5 78 8.83176
9315.5 79 8.88819
9316.5 83 9.11043
9317.5 79 8.88819
9318.5 85 9.21954
9319.5 83 9.11043
9320.5 71 8.42615
9321.5 76 8.7178
9322.5 74 8.60233
9323.5 76 8.7178
9324.5 75 8.66025
9325.5 74 8.60233
9326.5 77 8.77496
9327.5 69 8.30662
9328.5 90 9.48683
9329.5 91 9.53939
9330.5 80 8.94427
9331.5 67 8.18535
9332.5 68 8.24621
9333.5 79 8.88819
9334.5 70 8.3666
9335.5 93 9.64365
9336.5 77 8.77496
9337.5 65 8.06226
9338.5 71 8.42615
9339.5 75 8.66025
9340.5 64 8
9341.5 70 8.3666
9342.5 70 8.3666
9343.5 68 8.24621
9344.5 82 9.05539
9345.5 69 8.30662
9346.5 85 9.21954
9347.5 55 7.4162
9348.5 71 8.42615
9349.5 61 7.81025
9350.5 78 8.83176
9351.5 94 9.69536
9352.5 58 7.61577
9353.5 73 8.544
9354.5 74 8.60233
9355.5 72 8.48528
9356.5 77 8.77496
9357.5 77 8.77496
9358.5 75 8.66025
9359.5 80 8.94427
9360.5 75 8.66025
9361.5 79 8.88819
9362.5 86 9.27362
9363.5 77 8.77496
9364.5 94 9.69536
9365.5 64 8
9366.5 76 8.7178
9367.5 65 8.06226
9368.5 89 9.43398
9369.5 80 8.94427
9370.5 73 8.544
9371.5 78 8.83176
9372.5 83 9.11043
9373.5 82 9.05539
9374.5 84 9.16515
9375.5 73 8.544
9376.5 72 8.48528
9377.5 66 8.12404
9378.5 72 8.48528
9379.5 99 9.94987
9380.5 61 7.81025
9381.5 73 8.544
9382.5 76 8.7178
9383.5 61 7.81025
9384.5 66 8.12404
9385.5 95 9.74679
9386.5 78 8.83176
9387.5 81 9
9388.5 92 9.59166
9389.5 83 9.11043
9390.5 67 8.18535
9391.5 80 8.94427
9392.5 93 9.64365
9393.5 80 8.94427
9394.5 73 8.544
9395.5 77 8.77496
9396.5 80 8.94427
9397.5 85 9.21954
9398.5 74 8.60233
9399.5 82 9.05539
9400.5 86 9.27362
9401.5 74 8.60233
9402.5 87 9.32738
9403.5 85 9.21954
9404.5 73 8.544
9405.5 79 8.88819
9406.5 82 9.05539
9407.5 81 9
9408.5 89 9.43398
9409.5 67 8.18535
9410.5 77 8.77496
9411.5 96 9.79796
9412.5 87 9.32738
9413.5 76 8.7178
9414.5 84 9.16515
9415.5 79 8.88819
9416.5 77 8.77496
9417.5 73 8.544
9418.5 79 8.88819
9419.5 91 9.53939
9420.5 87 9.32738
9421.5 71 8.42615
9422.5 80 8.94427
9423.5 81 9
9424.5 102 10.0995
9425.5 76 8.7178
9426.5 84 9.16515
9427.5 87 9.32738
9428.5 74 8.60233
9429.5 84 9.16515
9430.5 73 8.544
9431.5 78 8.83176
9432.5 80 8.94427
9433.5 84 9.16515
9434.5 88 9.38083
9435.5 89 9.43398
9436.5 82 9.05539
9437.5 115 10.7238
9438.5 99 9.94987
9439.5 62 7.87401
9440.5 98 9.89949
9441.5 78 8.83176
9442.5 68 8.24621
9443.5 99 9.94987
9444.5 73 8.544
9445.5 87 9.32738
9446.5 66 8.12404
9447.5 55 7.4162
9448.5 83 9.11043
9449.5 88 9.38083
9450.5 72 8.48528
9451.5 86 9.27362
9452.5 91 9.53939
9453.5 72 8.48528
9454.5 67 8.18535
9455.5 83 9.11043
9456.5 85 9.21954
9457.5 83 9.11043
9458.5 66 8.12404
9459.5 80 8.94427
9460.5 84 9.16515
9461.5 70 8.3666
9462.5 87 9.32738
9463.5 91 9.53939
9464.5 87 9.32738
9465.5 80 8.94427
9466.5 73 8.544
9467.5 93 9.64365
9468.5 83 9.11043
9469.5 68 8.24621
9470.5 101 10.0499
9471.5 71 8.42615
9472.5 73 8.544
9473.5 78 8.83176
9474.5 89 9.43398
9475.5 96 9.79796
9476.5 70 8.3666
9477.5 70 8.3666
9478.5 95 9.74679
9479.5 87 9.32738
9480.5 72 8.48528
9481.5 84 9.16515
9482.5 74 8.60233
9483.5 101 10.0499
9484.5 78 8.83176
9485.5 75 8.66025
9486.5 82 9.05539
9487.5 88 9.38083
9488.5 94 9.69536
9489.5 70 8.3666
9490.5 96 9.79796
9491.5 84 9.16515
9492.5 85 9.21954
9493.5 82 9.05539
9494.5 96 9.79796
9495.5 96 9.79796
9496.5 91 9.53939
9497.5 86 9.27362
9498.5 90 9.48683
9499.5 82 9.05539
9500.5 84 9.16515
9501.5 83 9.11043
9502.5 81 9
9503.5 80 8.94427
9504.5 87 9.32738
9505.5 65 8.06226
9506.5 93 9.64365
9507.5 97 9.84886
9508.5 86 9.27362
9509.5 87 9.32738
9510.5 92 9.59166
9511.5 79 8.88819
9512.5 70 8.3666
9513.5 86 9.27362
9514.5 84 9.16515
9515.5 70 8.3666
9516.5 86 9.27362
9517.5 63 7.93725
9518.5 62 7.87401
9519.5 76 8.7178
9520.5 81 9
9521.5 85 9.21954
9522.5 81 9
9523.5 81 9
9524.5 78 8.83176
9525.5 109 10.4403
9526.5 87 9.32738
9527.5 90 9.48683
9528.5 78 8.83176
9529.5 74 8.60233
9530.5 97 9.84886
9531.5 87 9.32738
9532.5 56 7.48331
9533.5 92 9.59166
9534.5 93 9.64365
9535.5 79 8.88819
9536.5 92 9.59166
9537.5 100 10
9538.5 91 9.53939
9539.5 84 9.16515
9540.5 90 9.48683
9541.5 87 9.32738
9542.5 87 9.32738
9543.5 95 9.74679
9544.5 83 9.11043
9545.5 107 10.3441
9546.5 83 9.11043
9547.5 85 9.21954
9548.5 85 9.21954
9549.5 108 10.3923
9550.5 98 9.89949
9551.5 81 9
9552.5 82 9.05539
9553.5 69 8.30662
9554.5 90 9.48683
9555.5 75 8.66025
9556.5 81 9
9557.5 80 8.94427
9558.5 99 9.94987
9559.5 65 8.06226
9560.5 91 9.53939
9561.5 85 9.21954
9562.5 89 9.43398
9563.5 75 8.66025
9564.5 86 9.27362
9565.5 77 8.77496
9566.5 107 10.3441
9567.5 76 8.7178
9568.5 84 9.16515
9569.5 80 8.94427
9570.5 93 9.64365
9571.5 87 9.32738
9572.5 90 9.48683
9573.5 100 10
9574.5 83 9.11043
9575.5 78 8.83176
9576.5 97 9.84886
9577.5 82 9.05539
9578.5 77 8.77496
9579.5 74 8.60233
9580.5 79 8.88819
9581.5 102 10.0995
9582.5 81 9
9583.5 68 8.24621
9584.5 83 9.11043
9585.5 96 9.79796
9586.5 88 9.38083
9587.5 93 9.64365
9588.5 80 8.94427
9589.5 93 9.64365
9590.5 93 9.64365
9591.5 83 9.11043
9592.5 91 9.53939
9593.5 87 9.32738
9594.5 97 9.84886
9595.5 107 10.3441
9596.5 92 9.59166
9597.5 93 9.64365
9598.5 95 9.74679
9599.5 80 8.94427
9600.5 72 8.48528
9601.5 67 8.18535
9602.5 89 9.43398
9603.5 77 8.77496
9604.5 83 9.11043
9605.5 91 9.53939
9606.5 95 9.74679
9607.5 89 9.43398
9608.5 77 8.77496
9609.5 92 9.59166
9610.5 76 8.7178
9611.5 92 9.59166
9612.5 94 9.69536
9613.5 101 10.0499
9614.5 82 9.05539
9615.5 86 9.27362
9616.5 95 9.74679
9617.5 99 9.94987
9618.5 86 9.27362
9619.5 90 9.48683
9620.5 88 9.38083
9621.5 80 8.94427
9622.5 83 9.11043
9623.5 71 8.42615
9624.5 78 8.83176
9625.5 102 10.0995
9626.5 95 9.74679
9627.5 95 9.74679
9628.5 82 9.05539
9629.5 102 10.0995
9630.5 97 9.84886
9631.5 93 9.64365
9632.5 95 9.74679
9633.5 102 10.0995
9634.5 86 9.27362
9635.5 71 8.42615
9636.5 101 10.0499
9637.5 96 9.79796
9638.5 88 9.38083
9639.5 77 8.77496
9640.5 79 8.88819
9641.5 105 10.247
9642.5 100 10
9643.5 98 9.89949
9644.5 99 9.94987
9645.5 91 9.53939
9646.5 92 9.59166
9647.5 88 9.38083
9648.5 89 9.43398
9649.5 98 9.89949
9650.5 76 8.7178
9651.5 92 9.59166
9652.5 105 10.247
9653.5 84 9.16515
9654.5 100 10
9655.5 99 9.94987
9656.5 68 8.24621
9657.5 84 9.16515
9658.5 92 9.59166
9659.5 72 8.48528
9660.5 92 9.59166
9661.5 101 10.0499
9662.5 85 9.21954
9663.5 77 8.77496
9664.5 90 9.48683
9665.5 88 9.38083
9666.5 91 9.53939
9667.5 90 9.48683
9668.5 91 9.53939
9669.5 88 9.38083
9670.5 87 9.32738
9671.5 66 8.12404
9672.5 101 10.0499
9673.5 84 9.16515
9674.5 78 8.83176
9675.5 90 9.48683
9676.5 90 9.48683
9677.5 83 9.11043
9678.5 88 9.38083
9679.5 90 9.48683
9680.5 88 9.38083
9681.5 93 9.64365
9682.5 78 8.83176
9683.5 81 9
9684.5 86 9.27362
9685.5 78 8.83176
9686.5 78 8.83176
9687.5 95 9.74679
9688.5 93 9.64365
9689.5 89 9.43398
9690.5 101 10.0499
9691.5 84 9.16515
9692.5 88 9.38083
9693.5 92 9.59166
9694.5 96 9.79796
9695.5 88 9.38083
9696.5 94 9.69536
9697.5 90 9.48683
9698.5 87 9.32738
9699.5 77 8.77496
9700.5 88 9.38083
9701.5 89 9.43398
9702.5 90 9.48683
9703.5 84 9.16515
9704.5 93 9.64365
9705.5 103 10.1489
9706.5 114 10.6771
9707.5 101 10.0499
9708.5 93 9.64365
9709.5 88 9.38083
9710.5 68 8.24621
9711.5 79 8.88819
9712.5 110 10.4881
9713.5 101 10.0499
9714.5 103 10.1489
9715.5 79 8.88819
9716.5 109 10.4403
9717.5 90 9.48683
9718.5 94 9.69536
9719.5 80 8.94427
9720.5 85 9.21954
9721.5 93 9.64365
9722.5 77 8.77496
9723.5 83 9.11043
9724.5 103 10.1489
9725.5 84 9.16515
9726.5 85 9.21954
9727.5 95 9.74679
9728.5 83 9.11043
9729.5 84 9.16515
9730.5 86 9.27362
9731.5 67 8.18535
9732.5 108 10.3923
9733.5 91 9.53939
9734.5 106 10.2956
9735.5 103 10.1489
9736.5 81 9
9737.5 90 9.48683
9738.5 91 9.53939
9739.5 86 9.27362
9740.5 88 9.38083
9741.5 95 9.74679
9742.5 85 9.21954
9743.5 71 8.42615
9744.5 87 9.32738
9745.5 78 8.83176
9746.5 77 8.77496
9747.5 79 8.88819
9748.5 98 9.89949
9749.5 86 9.27362
9750.5 79 8.88819
9751.5 77 8.77496
9752.5 83 9.11043
9753.5 74 8.60233
9754.5 85 9.21954
9755.5 89 9.43398
9756.5 97 9.84886
9757.5 87 9.32738
9758.5 89 9.43398
9759.5 81 9
9760.5 76 8.7178
9761.5 73 8.544
9762.5 78 8.83176
9763.5 79 8.88819
9764.5 76 8.7178
9765.5 67 8.18535
9766.5 88 9.38083
9767.5 84 9.16515
9768.5 78 8.83176
9769.5 72 8.48528
9770.5 80 8.94427
9771.5 68 8.24621
9772.5 82 9.05539
9773.5 71 8.42615
9774.5 63 7.93725
9775.5 59 7.68115
9776.5 71 8.42615
9777.5 69 8.30662
9778.5 66 8.12404
9779.5 72 8.48528
9780.5 57 7.54983
9781.5 76 8.7178
9782.5 76 8.7178
9783.5 68 8.24621
9784.5 66 8.12404
9785.5 70 8.3666
9786.5 73 8.544
9787.5 63 7.93725
9788.5 75 8.66025
9789.5 79 8.88819
9790.5 70 8.3666
9791.5 78 8.83176
9792.5 59 7.68115
9793.5 61 7.81025
9794.5 58 7.61577
9795.5 65 8.06226
9796.5 67 8.18535
9797.5 85 9.21954
9798.5 65 8.06226
9799.5 78 8.83176
9800.5 68 8.24621
9801.5 61 7.81025
9802.5 59 7.68115
9803.5 57 7.54983
9804.5 49 7
9805.5 55 7.4162
9806.5 51 7.14143
9807.5 56 7.48331
9808.5 68 8.24621
9809.5 77 8.77496
9810.5 70 8.3666
9811.5 70 8.3666
9812.5 64 8
9813.5 65 8.06226
9814.5 43 6.55744
9815.5 70 8.3666
9816.5 66 8.12404
9817.5 68 8.24621
9818.5 68 8.24621
9819.5 59 7.68115
9820.5 61 7.81025
9821.5 76 8.7178
9822.5 49 7
9823.5 53 7.28011
9824.5 59 7.68115
9825.5 57 7.54983
9826.5 63 7.93725
9827.5 62 7.87401
9828.5 58 7.61577
9829.5 74 8.60233
9830.5 55 7.4162
9831.5 75 8.66025
9832.5 57 7.54983
9833.5 64 8
9834.5 61 7.81025
9835.5 65 8.06226
9836.5 70 8.3666
9837.5 55 7.4162
9838.5 62 7.87401
9839.5 54 7.34847
9840.5 64 8
9841.5 58 7.61577
9842.5 69 8.30662
9843.5 53 7.28011
9844.5 63 7.93725
9845.5 56 7.48331
9846.5 51 7.14143
9847.5 62 7.87401
9848.5 67 8.18535
9849.5 66 8.12404
9850.5 45 6.7082
9851.5 53 7.28011
9852.5 54 7.34847
9853.5 51 7.14143
9854.5 60 7.74597
9855.5 58 7.61577
9856.5 55 7.4162
9857.5 52 7.2111
9858.5 59 7.68115
9859.5 59 7.68115
9860.5 49 7
9861.5 64 8
9862.5 75 8.66025
9863.5 54 7.34847
9864.5 63 7.93725
9865.5 51 7.14143
9866.5 56 7.48331
9867.5 55 7.4162
9868.5 65 8.06226
9869.5 68 8.24621
9870.5 61 7.81025
9871.5 59 7.68115
9872.5 42 6.48074
9873.5 53 7.28011
9874.5 61 7.81025
9875.5 64 8
9876.5 62 7.87401
9877.5 66 8.12404
9878.5 59 7.68115
9879.5 50 7.07107
9880.5 64 8
9881.5 59 7.68115
9882.5 50 7.07107
9883.5 54 7.34847
9884.5 45 6.7082
9885.5 45 6.7082
9886.5 63 7.93725
9887.5 41 6.40312
9888.5 65 8.06226
9889.5 58 7.61577
9890.5 64 8
9891.5 50 7.07107
9892.5 59 7.68115
9893.5 54 7.34847
9894.5 59 7.68115
9895.5 57 7.54983
9896.5 49 7
9897.5 41 6.40312
9898.5 45 6.7082
9899.5 57 7.54983
9900.5 55 7.4162
9901.5 63 7.93725
9902.5 43 6.55744
9903.5 51 7.14143
9904.5 60 7.74597
9905.5 49 7
9906.5 41 6.40312
9907.5 70 8.3666
9908.5 53 7.28011
9909.5 49 7
9910.5 55 7.4162
9911.5 67 8.18535
9912.5 69 8.30662
9913.5 35 5.91608
9914.5 63 7.93725
9915.5 54 7.34847
9916.5 45 6.7082
9917.5 49 7
9918.5 52 7.2111
9919.5 33 5.74456
9920.5 41 6.40312
9921.5 55 7.4162
9922.5 53 7.28011
9923.5 39 6.245
9924.5 52 7.2111
9925.5 47 6.85565
9926.5 50 7.07107
9927.5 61 7.81025
9928.5 44 6.63325
9929.5 46 6.78233
9930.5 38 6.16441
9931.5 58 7.61577
9932.5 57 7.54983
9933.5 53 7.28011
9934.5 56 7.48331
9935.5 62 7.87401
9936.5 58 7.61577
9937.5 62 7.87401
9938.5 61 7.81025
9939.5 56 7.48331
9940.5 59 7.68115
9941.5 63 7.93725
9942.5 45 6.7082
9943.5 51 7.14143
9944.5 44 6.63325
9945.5 54 7.34847
9946.5 54 7.34847
9947.5 56 7.48331
9948.5 51 7.14143
9949.5 59 7.68115
9950.5 45 6.7082
9951.5 57 7.54983
9952.5 57 7.54983
9953.5 50 7.07107
9954.5 54 7.34847
9955.5 47 6.85565
9956.5 58 7.61577
9957.5 60 7.74597
9958.5 44 6.63325
9959.5 41 6.40312
9960.5 54 7.34847
9961.5 57 7.54983
9962.5 47 6.85565
9963.5 59 7.68115
9964.5 59 7.68115
9965.5 47 6.85565
9966.5 50 7.07107
9967.5 49 7
9968.5 50 7.07107
9969.5 45 6.7082
9970.5 42 6.48074
9971.5 36 6
9972.5 42 6.48074
9973.5 52 7.2111
9974.5 41 6.40312
9975.5 42 6.48074
9976.5 42 6.48074
9977.5 47 6.85565
9978.5 55 7.4162
9979.5 36 6
9980.5 62 7.87401
9981.5 57 7.54983
9982.5 55 7.4162
9983.5 58 7.61577
9984.5 56 7.48331
9985.5 56 7.48331
9986.5 52 7.2111
9987.5 56 7.48331
9988.5 42 6.48074
9989.5 40 6.32456
9990.5 48 6.9282
9991.5 47 6.85565
9992.5 57 7.54983
9993.5 48 6.9282
9994.5 38 6.16441
9995.5 49 7
9996.5 46 6.78233
9997.5 51 7.14143
9998.5 50 7.07107
9999.5 54 7.34847
10000.5 33 5.74456
10001.5 50 7.07107
10002.5 49 7
10003.5 50 7.07107
10004.5 40 6.32456
10005.5 49 7
10006.5 48 6.9282
10007.5 57 7.54983
10008.5 48 6.9282
10009.5 49 7
10010.5 49 7
10011.5 40 6.32456
10012.5 54 7.34847
10013.5 53 7.28011
10014.5 45 6.7082
10015.5 50 7.07107
10016.5 42 6.48074
10017.5 56 7.48331
10018.5 45 6.7082
10019.5 54 7.34847
10020.5 45 6.7082
10021.5 49 7
10022.5 49 7
10023.5 55 7.4162
10024.5 46 6.78233
10025.5 54 7.34847
10026.5 46 6.78233
10027.5 52 7.2111
10028.5 63 7.93725
10029.5 32 5.65685
10030.5 52 7.2111
10031.5 55 7.4162
10032.5 44 6.63325
10033.5 47 6.85565
10034.5 41 6.40312
10035.5 41 6.40312
10036.5 55 7.4162
10037.5 51 7.14143
10038.5 51 7.14143
10039.5 56 7.48331
10040.5 52 7.2111
10041.5 40 6.32456
10042.5 42 6.48074
10043.5 41 6.40312
10044.5 53 7.28011
10045.5 37 6.08276
10046.5 44 6.63325
10047.5 51 7.14143
10048.5 55 7.4162
10049.5 44 6.63325
10050.5 50 7.07107
10051.5 42 6.48074
10052.5 54 7.34847
10053.5 51 7.14143
10054.5 46 6.78233
10055.5 51 7.14143
10056.5 54 7.34847
10057.5 51 7.14143
10058.5 48 6.9282
10059.5 48 6.9282
10060.5 36 6
10061.5 42 6.48074
10062.5 45 6.7082
10063.5 42 6.48074
10064.5 46 6.78233
10065.5 41 6.40312
10066.5 44 6.63325
10067.5 50 7.07107
10068.5 43 6.55744
10069.5 53 7.28011
10070.5 36 6
10071.5 44 6.63325
10072.5 49 7
10073.5 51 7.14143
10074.5 50 7.07107
10075.5 54 7.34847
10076.5 50 7.07107
10077.5 47 6.85565
10078.5 49 7
10079.5 47 6.85565
10080.5 39 6.245
10081.5 45 6.7082
10082.5 52 7.2111
10083.5 48 6.9282
10084.5 45 6.7082
10085.5 35 5.91608
10086.5 62 7.87401
10087.5 35 5.91608
10088.5 46 6.78233
10089.5 43 6.55744
10090.5 38 6.16441
10091.5 41 6.40312
10092.5 61 7.81025
10093.5 42 6.48074
10094.5 56 7.48331
10095.5 45 6.7082
10096.5 40 6.32456
10097.5 39 6.245
10098.5 47 6.85565
10099.5 61 7.81025
10100.5 46 6.78233
10101.5 43 6.55744
10102.5 57 7.54983
10103.5 49 7
10104.5 46 6.78233
10105.5 43 6.55744
10106.5 52 7.2111
10107.5 38 6.16441
10108.5 37 6.08276
10109.5 31 5.56776
10110.5 53 7.28011
10111.5 28 5.2915
10112.5 48 6.9282
10113.5 39 6.245
10114.5 41 6.40312
10115.5 51 7.14143
10116.5 48 6.9282
10117.5 53 7.28011
10118.5 43 6.55744
10119.5 58 7.61577
10120.5 42 6.48074
10121.5 39 6.245
10122.5 53 7.28011
10123.5 49 7
10124.5 48 6.9282
10125.5 26 5.09902
10126.5 43 6.55744
10127.5 33 5.74456
10128.5 31 5.56776
10129.5 31 5.56776
10130.5 35 5.91608
10131.5 37 6.08276
10132.5 50 7.07107
10133.5 39 6.245
10134.5 47 6.85565
10135.5 47 6.85565
10136.5 30 5.47723
10137.5 53 7.28011
10138.5 47 6.85565
10139.5 44 6.63325
10140.5 52 7.2111
10141.5 41 6.40312
10142.5 31 5.56776
10143.5 42 6.48074
10144.5 38 6.16441
10145.5 46 6.78233
10146.5 51 7.14143
10147.5 36 6
10148.5 53 7.28011
10149.5 40 6.32456
10150.5 31 5.56776
10151.5 34 5.83095
10152.5 38 6.16441
10153.5 41 6.40312
10154.5 45 6.7082
10155.5 41 6.40312
10156.5 41 6.40312
10157.5 43 6.55744
10158.5 44 6.63325
10159.5 27 5.19615
10160.5 40 6.32456
10161.5 41 6.40312
10162.5 46 6.78233
10163.5 41 6.40312
10164.5 40 6.32456
10165.5 48 6.9282
10166.5 45 6.7082
10167.5 44 6.63325
10168.5 38 6.16441
10169.5 41 6.40312
10170.5 48 6.9282
10171.5 37 6.08276
10172.5 42 6.48074
10173.5 28 5.2915
10174.5 36 6
10175.5 41 6.40312
10176.5 38 6.16441
10177.5 43 6.55744
10178.5 40 6.32456
10179.5 37 6.08276
10180.5 45 6.7082
10181.5 35 5.91608
10182.5 36 6
10183.5 46 6.78233
10184.5 35 5.91608
10185.5 50 7.07107
10186.5 38 6.16441
10187.5 34 5.83095
10188.5 36 6
10189.5 46 6.78233
10190.5 30 5.47723
10191.5 37 6.08276
10192.5 30 5.47723
10193.5 41 6.40312
10194.5 38 6.16441
10195.5 25 5
10196.5 28 5.2915
10197.5 39 6.245
10198.5 35 5.91608
10199.5 43 6.55744
10200.5 37 6.08276
10201.5 51 7.14143
10202.5 47 6.85565
10203.5 25 5
10204.5 43 6.55744
10205.5 37 6.08276
10206.5 42 6.48074
10207.5 42 6.48074
10208.5 47 6.85565
10209.5 42 6.48074
10210.5 40 6.32456
10211.5 32 5.65685
10212.5 42 6.48074
10213.5 35 5.91608
10214.5 37 6.08276
10215.5 46 6.78233
10216.5 35 5.91608
10217.5 39 6.245
10218.5 40 6.32456
10219.5 38 6.16441
10220.5 38 6.16441
10221.5 30 5.47723
10222.5 37 6.08276
10223.5 33 5.74456
10224.5 34 5.83095
10225.5 35 5.91608
10226.5 43 6.55744
10227.5 33 5.74456
10228.5 34 5.83095
10229.5 26 5.09902
10230.5 35 5.91608
10231.5 34 5.83095
10232.5 49 7
10233.5 34 5.83095
10234.5 21 4.58258
10235.5 42 6.48074
10236.5 35 5.91608
10237.5 33 5.74456
10238.5 31 5.56776
10239.5 41 6.40312
10240.5 28 5.2915
10241.5 45 6.7082
10242.5 29 5.38516
10243.5 36 6
10244.5 30 5.47723
10245.5 31 5.56776
10246.5 40 6.32456
10247.5 37 6.08276
10248.5 44 6.63325
10249.5 32 5.65685
10250.5 20 4.47214
10251.5 29 5.38516
10252.5 35 5.91608
10253.5 34 5.83095
10254.5 27 5.19615
10255.5 29 5.38516
10256.5 27 5.19615
10257.5 31 5.56776
10258.5 26 5.09902
10259.5 36 6
10260.5 35 5.91608
10261.5 32 5.65685
10262.5 41 6.40312
10263.5 20 4.47214
10264.5 37 6.08276
10265.5 29 5.38516
10266.5 36 6
10267.5 25 5
10268.5 25 5
10269.5 27 5.19615
10270.5 30 5.47723
10271.5 26 5.09902
10272.5 37 6.08276
10273.5 33 5.74456
10274.5 31 5.56776
10275.5 23 4.79583
10276.5 30 5.47723
10277.5 23 4.79583
10278.5 25 5
10279.5 30 5.47723
10280.5 25 5
10281.5 27 5.19615
10282.5 27 5.19615
10283.5 29 5.38516
10284.5 27 5.19615
10285.5 40 6.32456
10286.5 28 5.2915
10287.5 35 5.91608
10288.5 31 5.56776
10289.5 22 4.69042
10290.5 44 6.63325
10291.5 29 5.38516
10292.5 22 4.69042
10293.5 32 5.65685
10294.5 26 5.09902
10295.5 18 4.24264
10296.5 26 5.09902
10297.5 24 4.89898
10298.5 30 5.47723
10299.5 35 5.91608
10300.5 31 5.56776
10301.5 23 4.79583
10302.5 29 5.38516
10303.5 30 5.47723
10304.5 29 5.38516
10305.5 30 5.47723
10306.5 33 5.74456
10307.5 24 4.89898
10308.5 41 6.40312
10309.5 19 4.3589
10310.5 30 5.47723
10311.5 29 5.38516
10312.5 34 5.83095
10313.5 26 5.09902
10314.5 23 4.79583
10315.5 23 4.79583
10316.5 36 6
10317.5 36 6
10318.5 31 5.56776
10319.5 39 6.245
10320.5 24 4.89898
10321.5 28 5.2915
10322.5 22 4.69042
10323.5 27 5.19615
10324.5 20 4.47214
10325.5 31 5.56776
10326.5 29 5.38516
10327.5 22 4.69042
10328.5 27 5.19615
10329.5 16 4
10330.5 24 4.89898
10331.5 24 4.89898
10332.5 36 6
10333.5 23 4.79583
10334.5 25 5
10335.5 24 4.89898
10336.5 36 6
10337.5 31 5.56776
10338.5 38 6.16441
10339.5 22 4.69042
10340.5 29 5.38516
10341.5 26 5.09902
10342.5 22 4.69042
10343.5 33 5.74456
10344.5 29 5.38516
10345.5 24 4.89898
10346.5 36 6
10347.5 25 5
10348.5 27 5.19615
10349.5 23 4.79583
10350.5 29 5.38516
10351.5 23 4.79583
10352.5 21 4.58258
10353.5 28 5.2915
10354.5 24 4.89898
10355.5 27 5.19615
10356.5 27 5.19615
10357.5 36 6
10358.5 26 5.09902
10359.5 20 4.47214
10360.5 20 4.47214
10361.5 17 4.12311
10362.5 22 4.69042
10363.5 22 4.69042
10364.5 16 4
10365.5 18 4.24264
10366.5 27 5.19615
10367.5 26 5.09902
10368.5 19 4.3589
10369.5 24 4.89898
10370.5 26 5.09902
10371.5 19 4.3589
10372.5 21 4.58258
10373.5 23 4.79583
10374.5 21 4.58258
10375.5 19 4.3589
10376.5 26 5.09902
10377.5 22 4.69042
10378.5 26 5.09902
10379.5 23 4.79583
10380.5 24 4.89898
10381.5 25 5
10382.5 22 4.69042
10383.5 21 4.58258
10384.5 27 5.19615
10385.5 21 4.58258
10386.5 26 5.09902
10387.5 21 4.58258
10388.5 24 4.89898
10389.5 23 4.79583
10390.5 25 5
10391.5 20 4.47214
10392.5 19 4.3589
10393.5 25 5
10394.5 27 5.19615
10395.5 19 4.3589
10396.5 14 3.74166
10397.5 19 4.3589
10398.5 26 5.09902
10399.5 19 4.3589
10400.5 27 5.19615
10401.5 19 4.3589
10402.5 19 4.3589
10403.5 12 3.4641
10404.5 26 5.09902
10405.5 24 4.89898
10406.5 29 5.38516
10407.5 26 5.09902
10408.5 23 4.79583
10409.5 29 5.38516
10410.5 24 4.89898
10411.5 23 4.79583
10412.5 28 5.2915
10413.5 19 4.3589
10414.5 17 4.12311
10415.5 22 4.69042
10416.5 14 3.74166
10417.5 14 3.74166
10418.5 19 4.3589
10419.5 26 5.09902
10420.5 25 5
10421.5 21 4.58258
10422.5 13 3.60555
10423.5 19 4.3589
10424.5 15 3.87298
10425.5 19 4.3589
10426.5 26 5.09902
10427.5 17 4.12311
10428.5 21 4.58258
10429.5 17 4.12311
10430.5 16 4
10431.5 20 4.47214
10432.5 13 3.60555
10433.5 22 4.69042
10434.5 21 4.58258
10435.5 15 3.87298
10436.5 18 4.24264
10437.5 22 4.69042
10438.5 20 4.47214
10439.5 19 4.3589
10440.5 20 4.47214
10441.5 16 4
10442.5 21 4.58258
10443.5 22 4.69042
10444.5 19 4.3589
10445.5 22 4.69042
10446.5 13 3.60555
10447.5 24 4.89898
10448.5 11 3.31662
10449.5 23 4.79583
10450.5 16 4
10451.5 18 4.24264
10452.5 22 4.69042
10453.5 27 5.19615
10454.5 17 4.12311
10455.5 17 4.12311
10456.5 28 5.2915
10457.5 20 4.47214
10458.5 12 3.4641
10459.5 17 4.12311
10460.5 17 4.12311
10461.5 20 4.47214
10462.5 22 4.69042
10463.5 15 3.87298
10464.5 22 4.69042
10465.5 17 4.12311
10466.5 24 4.89898
10467.5 18 4.24264
10468.5 17 4.12311
10469.5 12 3.4641
10470.5 15 3.87298
10471.5 22 4.69042
10472.5 21 4.58258
10473.5 21 4.58258
10474.5 17 4.12311
10475.5 11 3.31662
10476.5 23 4.79583
10477.5 23 4.79583
10478.5 18 4.24264
10479.5 12 3.4641
10480.5 19 4.3589
10481.5 14 3.74166
10482.5 28 5.2915
10483.5 16 4
10484.5 19 4.3589
10485.5 15 3.87298
10486.5 11 3.31662
10487.5 15 3.87298
10488.5 10 3.16228
10489.5 15 3.87298
10490.5 11 3.31662
10491.5 16 4
10492.5 16 4
10493.5 13 3.60555
10494.5 13 3.60555
10495.5 25 5
10496.5 16 4
10497.5 13 3.60555
10498.5 13 3.60555
10499.5 14 3.74166
10500.5 17 4.12311
10501.5 18 4.24264
10502.5 17 4.12311
10503.5 15 3.87298
10504.5 12 3.4641
10505.5 15 3.87298
10506.5 14 3.74166
10507.5 22 4.69042
10508.5 12 3.4641
10509.5 14 3.74166
10510.5 19 4.3589
10511.5 16 4
10512.5 16 4
10513.5 14 3.74166
10514.5 19 4.3589
10515.5 16 4
10516.5 12 3.4641
10517.5 8 2.82843
10518.5 26 5.09902
10519.5 24 4.89898
10520.5 14 3.74166
10521.5 14 3.74166
10522.5 10 3.16228
10523.5 19 4.3589
10524.5 11 3.31662
10525.5 14 3.74166
10526.5 9 3
10527.5 14 3.74166
10528.5 12 3.4641
10529.5 10 3.16228
10530.5 23 4.79583
10531.5 12 3.4641
10532.5 11 3.31662
10533.5 16 4
10534.5 14 3.74166
10535.5 14 3.74166
10536.5 10 3.16228
10537.5 16 4
10538.5 8 2.82843
10539.5 15 3.87298
10540.5 13 3.60555
10541.5 14 3.74166
10542.5 13 3.60555
10543.5 17 4.12311
10544.5 11 3.31662
10545.5 12 3.4641
10546.5 15 3.87298
10547.5 7 2.64575
10548.5 17 4.12311
10549.5 10 3.16228
10550.5 15 3.87298
10551.5 18 4.24264
10552.5 16 4
10553.5 16 4
10554.5 9 3
10555.5 16 4
10556.5 19 4.3589
10557.5 13 3.60555
10558.5 13 3.60555
10559.5 13 3.60555
10560.5 16 4
10561.5 11 3.31662
10562.5 15 3.87298
10563.5 15 3.87298
10564.5 15 3.87298
10565.5 17 4.12311
10566.5 15 3.87298
10567.5 12 3.4641
10568.5 13 3.60555
10569.5 10 3.16228
10570.5 18 4.24264
10571.5 16 4
10572.5 14 3.74166
10573.5 11 3.31662
10574.5 8 2.82843
10575.5 7 2.64575
10576.5 20 4.47214
10577.5 12 3.4641
10578.5 15 3.87298
10579.5 11 3.31662
10580.5 9 3
10581.5 10 3.16228
10582.5 8 2.82843
10583.5 8 2.82843
10584.5 17 4.12311
10585.5 11 3.31662
10586.5 13 3.60555
10587.5 16 4
10588.5 16 4
10589.5 13 3.60555
10590.5 8 2.82843
10591.5 7 2.64575
10592.5 15 3.87298
10593.5 11 3.31662
10594.5 15 3.87298
10595.5 15 3.87298
10596.5 16 4
10597.5 11 3.31662
10598.5 14 3.74166
10599.5 14 3.74166
10600.5 8 2.82843
10601.5 18 4.24264
10602.5 10 3.16228
10603.5 9 3
10604.5 9 3
10605.5 12 3.4641
10606.5 16 4
10607.5 13 3.60555
10608.5 8 2.82843
10609.5 9 3
10610.5 14 3.74166
10611.5 17 4.12311
10612.5 15 3.87298
10613.5 11 3.31662
10614.5 10 3.16228
10615.5 9 3
10616.5 11 3.31662
10617.5 14 3.74166
10618.5 14 3.74166
10619.5 10 3.16228
10620.5 10 3.16228
10621.5 15 3.87298
10622.5 8 2.82843
10623.5 11 3.31662
10624.5 11 3.31662
10625.5 14 3.74166
10626.5 16 4
10627.5 13 3.60555
10628.5 9 3
10629.5 14 3.74166
10630.5 6 2.44949
10631.5 10 3.16228
10632.5 15 3.87298
10633.5 8 2.82843
10634.5 8 2.82843
10635.5 10 3.16228
10636.5 11 3.31662
10637.5 12 3.4641
10638.5 10 3.16228
10639.5 12 3.4641
10640.5 7 2.64575
10641.5 10 3.16228
10642.5 11 3.31662
10643.5 11 3.31662
10644.5 8 2.82843
10645.5 13 3.60555
10646.5 11 3.31662
10647.5 11 3.31662
10648.5 11 3.31662
10649.5 19 4.3589
10650.5 13 3.60555
10651.5 10 3.16228
10652.5 11 3.31662
10653.5 6 2.44949
10654.5 8 2.82843
10655.5 14 3.74166
10656.5 8 2.82843
10657.5 4 2
10658.5 11 3.31662
10659.5 12 3.4641
10660.5 7 2.64575
10661.5 10 3.16228
10662.5 13 3.60555
10663.5 6 2.44949
10664.5 8 2.82843
10665.5 7 2.64575
10666.5 15 3.87298
10667.5 13 3.60555
10668.5 16 4
10669.5 11 3.31662
10670.5 13 3.60555
10671.5 10 3.16228
10672.5 9 3
10673.5 11 3.31662
10674.5 7 2.64575
10675.5 10 3.16228
10676.5 7 2.64575
10677.5 6 2.44949
10678.5 17 4.12311
10679.5 12 3.4641
10680.5 14 3.74166
10681.5 11 3.31662
10682.5 14 3.74166
10683.5 12 3.4641
10684.5 11 3.31662
10685.5 12 3.4641
10686.5 17 4.12311
10687.5 17 4.12311
10688.5 10 3.16228
10689.5 9 3
10690.5 18 4.24264
10691.5 17 4.12311
10692.5 14 3.74166
10693.5 11 3.31662
10694.5 11 3.31662
10695.5 11 3.31662
10696.5 7 2.64575
10697.5 8 2.82843
10698.5 11 3.31662
10699.5 6 2.44949
10700.5 6 2.44949
10701.5 6 2.44949
10702.5 13 3.60555
10703.5 19 4.3589
10704.5 9 3
10705.5 13 3.60555
10706.5 15 3.87298
10707.5 18 4.24264
10708.5 14 3.74166
10709.5 12 3.4641
10710.5 11 3.31662
10711.5 11 3.31662
10712.5 11 3.31662
10713.5 13 3.60555
10714.5 9 3
10715.5 19 4.3589
10716.5 9 3
10717.5 18 4.24264
10718.5 7 2.64575
10719.5 15 3.87298
10720.5 16 4
10721.5 8 2.82843
10722.5 13 3.60555
10723.5 10 3.16228
10724.5 13 3.60555
10725.5 8 2.82843
10726.5 16 4
10727.5 10 3.16228
10728.5 14 3.74166
10729.5 10 3.16228
10730.5 10 3.16228
10731.5 12 3.4641
10732.5 11 3.31662
10733.5 16 4
10734.5 14 3.74166
10735.5 8 2.82843
10736.5 11 3.31662
10737.5 11 3.31662
10738.5 10 3.16228
10739.5 8 2.82843
10740.5 9 3
10741.5 9 3
10742.5 14 3.74166
10743.5 11 3.31662
10744.5 13 3.60555
10745.5 9 3
10746.5 7 2.64575
10747.5 12 3.4641
10748.5 7 2.64575
10749.5 13 3.60555
10750.5 8 2.82843
10751.5 8 2.82843
10752.5 12 3.4641
10753.5 7 2.64575
10754.5 15 3.87298
10755.5 9 3
10756.5 8 2.82843
10757.5 8 2.82843
10758.5 14 3.74166
10759.5 11 3.31662
10760.5 9 3
10761.5 11 3.31662
10762.5 9 3
10763.5 15 3.87298
10764.5 9 3
10765.5 9 3
10766.5 8 2.82843
10767.5 7 2.64575
10768.5 8 2.82843
10769.5 8 2.82843
10770.5 12 3.4641
10771.5 10 3.16228
10772.5 5 2.23607
10773.5 11 3.31662
10774.5 10 3.16228
10775.5 19 4.3589
10776.5 11 3.31662
10777.5 9 3
10778.5 9 3
10779.5 9 3
10780.5 13 3.60555
10781.5 8 2.82843
10782.5 6 2.44949
10783.5 13 3.60555
10784.5 13 3.60555
10785.5 6 2.44949
10786.5 12 3.4641
10787.5 6 2.44949
10788.5 10 3.16228
10789.5 10 3.16228
10790.5 12 3.4641
10791.5 5 2.23607
10792.5 12 3.4641
10793.5 12 3.4641
10794.5 11 3.31662
10795.5 9 3
10796.5 11 3.31662
10797.5 7 2.64575
10798.5 9 3
10799.5 10 3.16228
10800.5 17 4.12311
10801.5 10 3.16228
10802.5 20 4.47214
10803.5 8 2.82843
10804.5 5 2.23607
10805.5 12 3.4641
10806.5 12 3.4641
10807.5 11 3.31662
10808.5 10 3.16228
10809.5 8 2.82843
10810.5 11 3.31662
10811.5 17 4.12311
10812.5 5 2.23607
10813.5 12 3.4641
10814.5 10 3.16228
10815.5 7 2.64575
10816.5 9 3
10817.5 10 3.16228
10818.5 8 2.82843
10819.5 9 3
10820.5 8 2.82843
10821.5 11 3.31662
10822.5 10 3.16228
10823.5 12 3.4641
10824.5 10 3.16228
10825.5 14 3.74166
10826.5 10 3.16228
10827.5 9 3
10828.5 12 3.4641
10829.5 11 3.31662
10830.5 8 2.82843
10831.5 12 3.4641
10832.5 13 3.60555
10833.5 9 3
10834.5 6 2.44949
10835.5 10 3.16228
10836.5 8 2.82843
10837.5 4 2
10838.5 10 3.16228
10839.5 10 3.16228
10840.5 12 3.4641
10841.5 17 4.12311
10842.5 7 2.64575
10843.5 14 3.74166
10844.5 12 3.4641
10845.5 9 3
10846.5 9 3
10847.5 11 3.31662
10848.5 13 3.60555
10849.5 18 4.24264
10850.5 10 3.16228
10851.5 8 2.82843
10852.5 6 2.44949
10853.5 10 3.16228
10854.5 7 2.64575
10855.5 7 2.64575
10856.5 10 3.16228
10857.5 6 2.44949
10858.5 6 2.44949
10859.5 7 2.64575
10860.5 10 3.16228
10861.5 11 3.31662
10862.5 13 3.60555
10863.5 13 3.60555
10864.5 12 3.4641
10865.5 10 3.16228
10866.5 14 3.74166
10867.5 8 2.82843
10868.5 6 2.44949
10869.5 11 3.31662
10870.5 8 2.82843
10871.5 11 3.31662
10872.5 11 3.31662
10873.5 10 3.16228
10874.5 8 2.82843
10875.5 9 3
10876.5 13 3.60555
10877.5 14 3.74166
10878.5 4 2
10879.5 11 3.31662
10880.5 9 3
10881.5 14 3.74166
10882.5 10 3.16228
10883.5 6 2.44949
10884.5 10 3.16228
10885.5 6 2.44949
10886.5 8 2.82843
10887.5 16 4
10888.5 8 2.82843
10889.5 8 2.82843
10890.5 11 3.31662
10891.5 6 2.44949
10892.5 18 4.24264
10893.5 6 2.44949
10894.5 9 3
10895.5 7 2.64575
10896.5 14 3.74166
10897.5 13 3.60555
10898.5 4 2
10899.5 7 2.64575
10900.5 8 2.82843
10901.5 6 2.44949
10902.5 9 3
10903.5 11 3.31662
10904.5 6 2.44949
10905.5 11 3.31662
10906.5 8 2.82843
10907.5 7 2.64575
10908.5 10 3.16228
10909.5 12 3.4641
10910.5 9 3
10911.5 9 3
10912.5 7 2.64575
10913.5 14 3.74166
10914.5 11 3.31662
10915.5 15 3.87298
10916.5 14 3.74166
10917.5 18 4.24264
10918.5 8 2.82843
10919.5 13 3.60555
10920.5 15 3.87298
10921.5 11 3.31662
10922.5 10 3.16228
10923.5 12 3.4641
10924.5 10 3.16228
10925.5 10 3.16228
10926.5 12 3.4641
10927.5 19 4.3589
10928.5 8 2.82843
10929.5 16 4
10930.5 11 3.31662
10931.5 11 3.31662
10932.5 8 2.82843
10933.5 10 3.16228
10934.5 13 3.60555
10935.5 11 3.31662
10936.5 5 2.23607
10937.5 18 4.24264
10938.5 16 4
10939.5 14 3.74166
10940.5 15 3.87298
10941.5 13 3.60555
10942.5 12 3.4641
10943.5 14 3.74166
10944.5 16 4
10945.5 10 3.16228
10946.5 9 3
10947.5 19 4.3589
10948.5 13 3.60555
10949.5 16 4
10950.5 11 3.31662
10951.5 16 4
10952.5 13 3.60555
10953.5 13 3.60555
10954.5 14 3.74166
10955.5 13 3.60555
10956.5 11 3.31662
10957.5 14 3.74166
10958.5 16 4
10959.5 14 3.74166
10960.5 12 3.4641
10961.5 15 3.87298
10962.5 14 3.74166
10963.5 8 2.82843
10964.5 23 4.79583
10965.5 21 4.58258
10966.5 12 3.4641
10967.5 21 4.58258
10968.5 18 4.24264
10969.5 20 4.47214
10970.5 16 4
10971.5 14 3.74166
10972.5 14 3.74166
10973.5 16 4
10974.5 15 3.87298
10975.5 13 3.60555
10976.5 14 3.74166
10977.5 14 3.74166
10978.5 21 4.58258
10979.5 12 3.4641
10980.5 12 3.4641
10981.5 22 4.69042
10982.5 14 3.74166
10983.5 14 3.74166
10984.5 20 4.47214
10985.5 23 4.79583
10986.5 14 3.74166
10987.5 16 4
10988.5 17 4.12311
10989.5 20 4.47214
10990.5 28 5.2915
10991.5 8 2.82843
10992.5 15 3.87298
10993.5 21 4.58258
10994.5 24 4.89898
10995.5 22 4.69042
10996.5 30 5.47723
10997.5 23 4.79583
10998.5 26 5.09902
10999.5 30 5.47723
11000.5 19 4.3589
11001.5 24 4.89898
11002.5 28 5.2915
11003.5 37 6.08276
11004.5 28 5.2915
11005.5 44 6.63325
11006.5 40 6.32456
11007.5 38 6.16441
11008.5 50 7.07107
11009.5 47 6.85565
11010.5 76 8.7178
11011.5 94 9.69536
11012.5 83 9.11043
11013.5 110 10.4881
11014.5 121 11
11015.5 145 12.0416
11016.5 167 12.9228
11017.5 181 13.4536
11018.5 223 14.9332
11019.5 260 16.1245
11020.5 291 17.0587
11021.5 299 17.2916
11022.5 308 17.5499
11023.5 404 20.0998
11024.5 425 20.6155
11025.5 498 22.3159
11026.5 561 23.6854
11027.5 599 24.4745
11028.5 678 26.0384
11029.5 732 27.0555
11030.5 782 27.9643
11031.5 785 28.0179
11032.5 945 30.7409
11033.5 1045 32.3265
11034.5 1057 32.5115
11035.5 1170 34.2053
11036.5 1153 33.9559
11037.5 1227 35.0286
11038.5 1343 36.647
11039.5 1349 36.7287
11040.5 1388 37.2559
11041.5 1457 38.1707
11042.5 1452 38.1051
11043.5 1475 38.4057
11044.5 1437 37.9078
11045.5 1440 37.9473
11046.5 1552 39.3954
11047.5 1522 39.0128
11048.5 1432 37.8418
11049.5 1411 37.5633
11050.5 1338 36.5787
11051.5 1318 36.3043
11052.5 1248 35.327
11053.5 1209 34.7707
11054.5 1120 33.4664
11055.5 1048 32.3728
11056.5 996 31.5595
11057.5 967 31.0966
11058.5 844 29.0517
11059.5 789 28.0891
11060.5 778 27.8927
11061.5 625 25
11062.5 654 25.5734
11063.5 606 24.6171
11064.5 482 21.9545
11065.5 467 21.6102
11066.5 450 21.2132
11067.5 377 19.4165
11068.5 405 20.1246
11069.5 322 17.9444
11070.5 302 17.3781
11071.5 278 16.6733
11072.5 252 15.8745
11073.5 208 14.4222
11074.5 212 14.5602
11075.5 203 14.2478
11076.5 166 12.8841
11077.5 152 12.3288
11078.5 134 11.5758
11079.5 152 12.3288
11080.5 138 11.7473
11081.5 146 12.083
11082.5 128 11.3137
11083.5 120 10.9545
11084.5 111 10.5357
11085.5 110 10.4881
11086.5 91 9.53939
11087.5 87 9.32738
11088.5 77 8.77496
11089.5 83 9.11043
11090.5 90 9.48683
11091.5 66 8.12404
11092.5 56 7.48331
11093.5 75 8.66025
11094.5 59 7.68115
11095.5 50 7.07107
11096.5 54 7.34847
11097.5 51 7.14143
11098.5 38 6.16441
11099.5 45 6.7082
11100.5 43 6.55744
11101.5 40 6.32456
11102.5 43 6.55744
11103.5 27 5.19615
11104.5 41 6.40312
11105.5 23 4.79583
11106.5 31 5.56776
11107.5 34 5.83095
11108.5 36 6
11109.5 27 5.19615
11110.5 38 6.16441
11111.5 26 5.09902
11112.5 33 5.74456
11113.5 23 4.79583
11114.5 27 5.19615
11115.5 30 5.47723
11116.5 24 4.89898
11117.5 26 5.09902
11118.5 27 5.19615
11119.5 23 4.79583
11120.5 28 5.2915
11121.5 24 4.89898
11122.5 18 4.24264
11123.5 16 4
11124.5 26 5.09902
11125.5 22 4.69042
11126.5 25 5
11127.5 19 4.3589
11128.5 24 4.89898
11129.5 14 3.74166
11130.5 25 5
11131.5 18 4.24264
11132.5 15 3.87298
11133.5 22 4.69042
11134.5 17 4.12311
11135.5 23 4.79583
11136.5 9 3
11137.5 20 4.47214
11138.5 21 4.58258
11139.5 16 4
11140.5 19 4.3589
11141.5 15 3.87298
11142.5 16 4
11143.5 18 4.24264
11144.5 14 3.74166
11145.5 12 3.4641
11146.5 14 3.74166
11147.5 17 4.12311
11148.5 11 3.31662
11149.5 10 3.16228
11150.5 8 2.82843
11151.5 8 2.82843
11152.5 3 1.73205
11153.5 11 3.31662
11154.5 13 3.60555
11155.5 14 3.74166
11156.5 14 3.74166
11157.5 7 2.64575
11158.5 7 2.64575
11159.5 6 2.44949
11160.5 6 2.44949
11161.5 8 2.82843
11162.5 6 2.44949
11163.5 12 3.4641
11164.5 13 3.60555
11165.5 6 2.44949
11166.5 5 2.23607
11167.5 11 3.31662
11168.5 1 1
11169.5 5 2.23607
11170.5 5 2.23607
11171.5 9 3
11172.5 7 2.64575
11173.5 8 2.82843
11174.5 9 3
11175.5 7 2.64575
11176.5 3 1.73205
11177.5 7 2.64575
11178.5 15 3.87298
11179.5 9 3
11180.5 8 2.82843
11181.5 6 2.44949
11182.5 5 2.23607
11183.5 5 2.23607
11184.5 7 2.64575
11185.5 6 2.44949
11186.5 4 2
11187.5 5 2.23607
11188.5 5 2.23607
11189.5 8 2.82843
11190.5 9 3
11191.5 3 1.73205
11192.5 2 1.41421
11193.5 6 2.44949
11194.5 10 3.16228
11195.5 6 2.44949
11196.5 2 1.41421
11197.5 9 3
11198.5 8 2.82843
11199.5 6 2.44949
11200.5 3 1.73205
11201.5 5 2.23607
11202.5 6 2.44949
11203.5 4 2
11204.5 6 2.44949
11205.5 9 3
11206.5 9 3
11207.5 4 2
11208.5 4 2
11209.5 1 1
11210.5 7 2.64575
11211.5 4 2
11212.5 2 1.41421
11213.5 2 1.41421
11214.5 5 2.23607
11215.5 5 2.23607
11216.5 6 2.44949
11217.5 7 2.64575
11218.5 5 2.23607
11219.5 8 2.82843
11220.5 6 2.44949
11221.5 5 2.23607
11222.5 4 2
11223.5 1 1
11224.5 3 1.73205
11225.5 8 2.82843
11226.5 2 1.41421
11227.5 4 2
11228.5 1 1
11229.5 2 1.41421
11230.5 3 1.73205
11231.5 7 2.64575
11232.5 3 1.73205
11233.5 3 1.73205
11234.5 7 2.64575
11235.5 3 1.73205
11236.5 0 0
11237.5 9 3
11238.5 5 2.23607
11239.5 4 2
11240.5 3 1.73205
11241.5 3 1.73205
11242.5 5 2.23607
11243.5 5 2.23607
11244.5 3 1.73205
11245.5 3 1.73205
11246.5 4 2
11247.5 4 2
11248.5 4 2
11249.5 6 2.44949
11250.5 4 2
11251.5 5 2.23607
11252.5 3 1.73205
11253.5 4 2
11254.5 1 1
11255.5 5 2.23607
11256.5 4 2
11257.5 6 2.44949
11258.5 4 2
11259.5 2 1.41421
11260.5 1 1
11261.5 2 1.41421
11262.5 5 2.23607
11263.5 5 2.23607
11264.5 4 2
11265.5 5 2.23607
11266.5 5 2.23607
11267.5 4 2
11268.5 8 2.82843
11269.5 1 1
11270.5 2 1.41421
11271.5 3 1.73205
11272.5 8 2.82843
11273.5 3 1.73205
11274.5 4 2
11275.5 5 2.23607
11276.5 3 1.73205
11277.5 1 1
11278.5 6 2.44949
11279.5 2 1.41421
11280.5 3 1.73205
11281.5 8 2.82843
11282.5 4 2
11283.5 3 1.73205
11284.5 5 2.23607
11285.5 3 1.73205
11286.5 1 1
11287.5 5 2.23607
11288.5 3 1.73205
11289.5 2 1.41421
11290.5 3 1.73205
11291.5 7 2.64575
11292.5 6 2.44949
11293.5 10 3.16228
11294.5 7 2.64575
11295.5 2 1.41421
11296.5 11 3.31662
11297.5 5 2.23607
11298.5 3 1.73205
11299.5 7 2.64575
11300.5 2 1.41421
11301.5 3 1.73205
11302.5 4 2
11303.5 4 2
11304.5 6 2.44949
11305.5 7 2.64575
11306.5 2 1.41421
11307.5 7 2.64575
11308.5 2 1.41421
11309.5 8 2.82843
11310.5 4 2
11311.5 3 1.73205
11312.5 5 2.23607
11313.5 5 2.23607
11314.5 3 1.73205
11315.5 4 2
11316.5 2 1.41421
11317.5 6 2.44949
11318.5 0 0
11319.5 6 2.44949
11320.5 3 1.73205
11321.5 9 3
11322.5 2 1.41421
11323.5 8 2.82843
11324.5 9 3
11325.5 4 2
11326.5 4 2
11327.5 3 1.73205
11328.5 7 2.64575
11329.5 14 3.74166
11330.5 9 3
11331.5 4 2
11332.5 11 3.31662
11333.5 9 3
11334.5 10 3.16228
11335.5 13 3.60555
11336.5 9 3
11337.5 6 2.44949
11338.5 10 3.16228
11339.5 13 3.60555
11340.5 9 3
11341.5 16 4
11342.5 16 4
11343.5 16 4
11344.5 17 4.12311
11345.5 13 3.60555
11346.5 15 3.87298
11347.5 14 3.74166
11348.5 18 4.24264
11349.5 15 3.87298
11350.5 12 3.4641
11351.5 14 3.74166
11352.5 7 2.64575
11353.5 9 3
11354.5 12 3.4641
11355.5 14 3.74166
11356.5 8 2.82843
11357.5 9 3
11358.5 6 2.44949
11359.5 9 3
11360.5 13 3.60555
11361.5 10 3.16228
11362.5 9 3
11363.5 5 2.23607
11364.5 7 2.64575
11365.5 4 2
11366.5 5 2.23607
11367.5 5 2.23607
11368.5 8 2.82843
11369.5 6 2.44949
11370.5 6 2.44949
11371.5 9 3
11372.5 3 1.73205
11373.5 6 2.44949
11374.5 5 2.23607
11375.5 5 2.23607
11376.5 8 2.82843
11377.5 8 2.82843
11378.5 4 2
11379.5 2 1.41421
11380.5 3 1.73205
11381.5 3 1.73205
11382.5 5 2.23607
11383.5 3 1.73205
11384.5 7 2.64575
11385.5 8 2.82843
11386.5 2 1.41421
11387.5 7 2.64575
11388.5 3 1.73205
11389.5 6 2.44949
11390.5 6 2.44949
11391.5 4 2
11392.5 2 1.41421
11393.5 8 2.82843
11394.5 4 2
11395.5 3 1.73205
11396.5 8 2.82843
11397.5 4 2
11398.5 5 2.23607
11399.5 5 2.23607
11400.5 4 2
11401.5 5 2.23607
11402.5 6 2.44949
11403.5 1 1
11404.5 1 1
11405.5 8 2.82843
11406.5 5 2.23607
11407.5 5 2.23607
11408.5 3 1.73205
11409.5 5 2.23607
11410.5 3 1.73205
11411.5 4 2
11412.5 2 1.41421
11413.5 4 2
11414.5 4 2
11415.5 4 2
11416.5 7 2.64575
11417.5 4 2
11418.5 5 2.23607
11419.5 4 2
11420.5 4 2
11421.5 3 1.73205
11422.5 4 2
11423.5 2 1.41421
11424.5 7 2.64575
11425.5 2 1.41421
11426.5 5 2.23607
11427.5 7 2.64575
11428.5 8 2.82843
11429.5 6 2.44949
11430.5 6 2.44949
11431.5 3 1.73205
11432.5 2 1.41421
11433.5 2 1.41421
11434.5 4 2
11435.5 3 1.73205
11436.5 5 2.23607
11437.5 8 2.82843
11438.5 2 1.41421
11439.5 8 2.82843
11440.5 5 2.23607
11441.5 4 2
11442.5 4 2
11443.5 8 2.82843
11444.5 2 1.41421
11445.5 8 2.82843
11446.5 8 2.82843
11447.5 5 2.23607
11448.5 2 1.41421
11449.5 7 2.64575
11450.5 5 2.23607
11451.5 8 2.82843
11452.5 5 2.23607
11453.5 9 3
11454.5 5 2.23607
11455.5 5 2.23607
11456.5 9 3
11457.5 7 2.64575
11458.5 5 2.23607
11459.5 5 2.23607
11460.5 5 2.23607
11461.5 6 2.44949
11462.5 3 1.73205
11463.5 4 2
11464.5 7 2.64575
11465.5 8 2.82843
11466.5 4 2
11467.5 3 1.73205
11468.5 4 2
11469.5 2 1.41421
11470.5 4 2
11471.5 4 2
11472.5 8 2.82843
11473.5 3 1.73205
11474.5 5 2.23607
11475.5 4 2
11476.5 5 2.23607
11477.5 9 3
11478.5 2 1.41421
11479.5 7 2.64575
11480.5 2 1.41421
11481.5 6 2.44949
11482.5 4 2
11483.5 6 2.44949
11484.5 4 2
11485.5 2 1.41421
11486.5 3 1.73205
11487.5 3 1.73205
11488.5 6 2.44949
11489.5 5 2.23607
11490.5 5 2.23607
11491.5 0 0
11492.5 4 2
11493.5 5 2.23607
11494.5 2 1.41421
11495.5 7 2.64575
11496.5 5 2.23607
11497.5 7 2.64575
11498.5 4 2
11499.5 6 2.44949
11500.5 5 2.23607
11501.5 0 0
11502.5 3 1.73205
11503.5 9 3
11504.5 6 2.44949
11505.5 4 2
11506.5 3 1.73205
11507.5 1 1
11508.5 3 1.73205
11509.5 6 2.44949
11510.5 6 2.44949
11511.5 5 2.23607
11512.5 4 2
11513.5 11 3.31662
11514.5 4 2
11515.5 4 2
11516.5 5 2.23607
11517.5 5 2.23607
11518.5 5 2.23607
11519.5 0 0
11520.5 4 2
11521.5 6 2.44949
11522.5 7 2.64575
11523.5 1 1
11524.5 2 1.41421
11525.5 5 2.23607
11526.5 0 0
11527.5 4 2
11528.5 4 2
11529.5 2 1.41421
11530.5 2 1.41421
11531.5 4 2
11532.5 2 1.41421
11533.5 4 2
11534.5 1 1
11535.5 6 2.44949
11536.5 3 1.73205
11537.5 4 2
11538.5 5 2.23607
11539.5 6 2.44949
11540.5 1 1
11541.5 4 2
11542.5 4 2
11543.5 3 1.73205
11544.5 4 2
11545.5 2 1.41421
11546.5 3 1.73205
11547.5 3 1.73205
11548.5 4 2
11549.5 4 2
11550.5 4 2
11551.5 3 1.73205
11552.5 3 1.73205
11553.5 5 2.23607
11554.5 5 2.23607
11555.5 1 1
11556.5 8 2.82843
11557.5 5 2.23607
11558.5 3 1.73205
11559.5 6 2.44949
11560.5 4 2
11561.5 1 1
11562.5 7 2.64575
11563.5 7 2.64575
11564.5 5 2.23607
11565.5 4 2
11566.5 7 2.64575
11567.5 5 2.23607
11568.5 8 2.82843
11569.5 4 2
11570.5 7 2.64575
11571.5 8 2.82843
11572.5 3 1.73205
11573.5 5 2.23607
11574.5 3 1.73205
11575.5 4 2
11576.5 3 1.73205
11577.5 5 2.23607
11578.5 1 1
11579.5 2 1.41421
11580.5 4 2
11581.5 8 2.82843
11582.5 2 1.41421
11583.5 6 2.44949
11584.5 2 1.41421
11585.5 6 2.44949
11586.5 10 3.16228
11587.5 4 2
11588.5 2 1.41421
11589.5 9 3
11590.5 4 2
11591.5 5 2.23607
11592.5 4 2
11593.5 9 3
11594.5 7 2.64575
11595.5 4 2
11596.5 2 1.41421
11597.5 3 1.73205
11598.5 6 2.44949
11599.5 2 1.41421
11600.5 3 1.73205
11601.5 1 1
11602.5 4 2
11603.5 3 1.73205
11604.5 2 1.41421
11605.5 5 2.23607
11606.5 1 1
11607.5 2 1.41421
11608.5 5 2.23607
11609.5 3 1.73205
11610.5 6 2.44949
11611.5 5 2.23607
11612.5 2 1.41421
11613.5 3 1.73205
11614.5 5 2.23607
11615.5 5 2.23607
11616.5 2 1.41421
11617.5 2 1.41421
11618.5 1 1
11619.5 2 1.41421
11620.5 9 3
11621.5 8 2.82843
11622.5 8 2.82843
11623.5 4 2
11624.5 2 1.41421
11625.5 4 2
11626.5 6 2.44949
11627.5 4 2
11628.5 1 1
11629.5 3 1.73205
11630.5 5 2.23607
11631.5 3 1.73205
11632.5 8 2.82843
11633.5 8 2.82843
11634.5 2 1.41421
11635.5 4 2
11636.5 2 1.41421
11637.5 2 1.41421
11638.5 2 1.41421
11639.5 6 2.44949
11640.5 9 3
11641.5 3 1.73205
11642.5 2 1.41421
11643.5 3 1.73205
11644.5 6 2.44949
11645.5 4 2
11646.5 4 2
11647.5 4 2
11648.5 7 2.64575
11649.5 7 2.64575
11650.5 5 2.23607
11651.5 4 2
11652.5 3 1.73205
11653.5 2 1.41421
11654.5 6 2.44949
11655.5 6 2.44949
11656.5 4 2
11657.5 0 0
11658.5 8 2.82843
11659.5 4 2
11660.5 5 2.23607
11661.5 4 2
11662.5 7 2.64575
11663.5 7 2.64575
11664.5 5 2.23607
11665.5 2 1.41421
11666.5 3 1.73205
11667.5 1 1
11668.5 8 2.82843
11669.5 4 2
11670.5 2 1.41421
11671.5 4 2
11672.5 12 3.4641
11673.5 6 2.44949
11674.5 6 2.44949
11675.5 2 1.41421
11676.5 2 1.41421
11677.5 4 2
11678.5 5 2.23607
11679.5 2 1.41421
11680.5 3 1.73205
11681.5 2 1.41421
11682.5 5 2.23607
11683.5 6 2.44949
11684.5 3 1.73205
11685.5 0 0
11686.5 5 2.23607
11687.5 4 2
11688.5 3 1.73205
11689.5 5 2.23607
11690.5 7 2.64575
11691.5 3 1.73205
11692.5 4 2
11693.5 4 2
11694.5 4 2
11695.5 4 2
11696.5 4 2
11697.5 3 1.73205
11698.5 5 2.23607
11699.5 2 1.41421
11700.5 2 1.41421
11701.5 2 1.41421
11702.5 5 2.23607
11703.5 2 1.41421
11704.5 6 2.44949
11705.5 3 1.73205
11706.5 4 2
11707.5 0 0
11708.5 4 2
11709.5 4 2
11710.5 4 2
11711.5 4 2
11712.5 6 2.44949
11713.5 8 2.82843
11714.5 4 2
11715.5 5 2.23607
11716.5 8 2.82843
11717.5 8 2.82843
11718.5 1 1
11719.5 3 1.73205
11720.5 5 2.23607
11721.5 2 1.41421
11722.5 2 1.41421
11723.5 5 2.23607
11724.5 8 2.82843
11725.5 0 0
11726.5 3 1.73205
11727.5 6 2.44949
11728.5 4 2
11729.5 2 1.41421
11730.5 4 2
11731.5 7 2.64575
11732.5 3 1.73205
11733.5 4 2
11734.5 5 2.23607
11735.5 1 1
11736.5 5 2.23607
11737.5 2 1.41421
11738.5 3 1.73205
11739.5 3 1.73205
11740.5 2 1.41421
11741.5 5 2.23607
11742.5 2 1.41421
11743.5 4 2
11744.5 9 3
11745.5 2 1.41421
11746.5 4 2
11747.5 2 1.41421
11748.5 6 2.44949
11749.5 6 2.44949
11750.5 4 2
11751.5 6 2.44949
11752.5 1 1
11753.5 4 2
11754.5 6 2.44949
11755.5 10 3.16228
11756.5 5 2.23607
11757.5 1 1
11758.5 5 2.23607
11759.5 7 2.64575
11760.5 6 2.44949
11761.5 11 3.31662
11762.5 3 1.73205
11763.5 3 1.73205
11764.5 4 2
11765.5 8 2.82843
11766.5 12 3.4641
11767.5 4 2
11768.5 4 2
11769.5 6 2.44949
11770.5 4 2
11771.5 3 1.73205
11772.5 6 2.44949
11773.5 2 1.41421
11774.5 3 1.73205
11775.5 9 3
11776.5 5 2.23607
11777.5 5 2.23607
11778.5 7 2.64575
11779.5 9 3
11780.5 5 2.23607
11781.5 4 2
11782.5 5 2.23607
11783.5 6 2.44949
11784.5 4 2
11785.5 6 2.44949
11786.5 5 2.23607
11787.5 6 2.44949
11788.5 7 2.64575
11789.5 2 1.41421
11790.5 10 3.16228
11791.5 4 2
11792.5 3 1.73205
11793.5 2 1.41421
11794.5 7 2.64575
11795.5 4 2
11796.5 4 2
11797.5 3 1.73205
11798.5 6 2.44949
11799.5 3 1.73205
11800.5 2 1.41421
11801.5 6 2.44949
11802.5 7 2.64575
11803.5 1 1
11804.5 6 2.44949
11805.5 3 1.73205
11806.5 3 1.73205
11807.5 3 1.73205
11808.5 1 1
11809.5 6 2.44949
11810.5 4 2
11811.5 3 1.73205
11812.5 2 1.41421
11813.5 4 2
11814.5 7 2.64575
11815.5 6 2.44949
11816.5 3 1.73205
11817.5 5 2.23607
11818.5 3 1.73205
11819.5 5 2.23607
11820.5 4 2
11821.5 9 3
11822.5 4 2
11823.5 5 2.23607
11824.5 4 2
11825.5 1 1
11826.5 6 2.44949
11827.5 3 1.73205
11828.5 1 1
11829.5 5 2.23607
11830.5 8 2.82843
11831.5 2 1.41421
11832.5 8 2.82843
11833.5 6 2.44949
11834.5 5 2.23607
11835.5 3 1.73205
11836.5 5 2.23607
11837.5 5 2.23607
11838.5 3 1.73205
11839.5 8 2.82843
11840.5 4 2
11841.5 5 2.23607
11842.5 6 2.44949
11843.5 3 1.73205
11844.5 5 2.23607
11845.5 3 1.73205
11846.5 2 1.41421
11847.5 3 1.73205
11848.5 6 2.44949
11849.5 5 2.23607
11850.5 3 1.73205
11851.5 4 2
11852.5 4 2
11853.5 3 1.73205
11854.5 4 2
11855.5 6 2.44949
11856.5 7 2.64575
11857.5 5 2.23607
11858.5 3 1.73205
11859.5 2 1.41421
11860.5 6 2.44949
11861.5 6 2.44949
11862.5 4 2
11863.5 6 2.44949
11864.5 5 2.23607
11865.5 4 2
11866.5 4 2
11867.5 1 1
11868.5 5 2.23607
11869.5 5 2.23607
11870.5 6 2.44949
11871.5 8 2.82843
11872.5 3 1.73205
11873.5 5 2.23607
11874.5 8 2.82843
11875.5 3 1.73205
11876.5 4 2
11877.5 2 1.41421
11878.5 5 2.23607
11879.5 8 2.82843
11880.5 6 2.44949
11881.5 4 2
11882.5 3 1.73205
11883.5 4 2
11884.5 6 2.44949
11885.5 4 2
11886.5 3 1.73205
11887.5 8 2.82843
11888.5 6 2.44949
11889.5 3 1.73205
11890.5 5 2.23607
11891.5 5 2.23607
11892.5 6 2.44949
11893.5 3 1.73205
11894.5 2 1.41421
11895.5 4 2
11896.5 7 2.64575
11897.5 7 2.64575
11898.5 5 2.23607
11899.5 5 2.23607
11900.5 3 1.73205
11901.5 5 2.23607
11902.5 4 2
11903.5 7 2.64575
11904.5 3 1.73205
11905.5 6 2.44949
11906.5 5 2.23607
11907.5 3 1.73205
11908.5 4 2
11909.5 5 2.23607
11910.5 3 1.73205
11911.5 4 2
11912.5 5 2.23607
11913.5 7 2.64575
11914.5 5 2.23607
11915.5 5 2.23607
11916.5 5 2.23607
11917.5 6 2.44949
11918.5 8 2.82843
11919.5 3 1.73205
11920.5 7 2.64575
11921.5 2 1.41421
11922.5 4 2
11923.5 4 2
11924.5 5 2.23607
11925.5 7 2.64575
11926.5 4 2
11927.5 0 0
11928.5 8 2.82843
11929.5 1 1
11930.5 10 3.16228
11931.5 2 1.41421
11932.5 3 1.73205
11933.5 6 2.44949
11934.5 6 2.44949
11935.5 7 2.64575
11936.5 5 2.23607
11937.5 1 1
11938.5 7 2.64575
11939.5 4 2
11940.5 2 1.41421
11941.5 8 2.82843
11942.5 5 2.23607
11943.5 4 2
11944.5 4 2
11945.5 3 1.73205
11946.5 4 2
11947.5 6 2.44949
11948.5 3 1.73205
11949.5 1 1
11950.5 4 2
11951.5 3 1.73205
11952.5 3 1.73205
11953.5 5 2.23607
11954.5 4 2
11955.5 1 1
11956.5 4 2
11957.5 5 2.23607
11958.5 4 2
11959.5 2 1.41421
11960.5 5 2.23607
11961.5 4 2
11962.5 4 2
11963.5 2 1.41421
11964.5 0 0
11965.5 1 1
11966.5 4 2
11967.5 4 2
11968.5 4 2
11969.5 4 2
11970.5 4 2
11971.5 3 1.73205
11972.5 8 2.82843
11973.5 6 2.44949
11974.5 7 2.64575
11975.5 3 1.73205
11976.5 1 1
11977.5 1 1
11978.5 1 1
11979.5 3 1.73205
11980.5 3 1.73205
11981.5 2 1.41421
11982.5 6 2.44949
11983.5 3 1.73205
11984.5 5 2.23607
11985.5 4 2
11986.5 4 2
11987.5 3 1.73205
11988.5 3 1.73205
11989.5 5 2.23607
11990.5 5 2.23607
11991.5 4 2
11992.5 3 1.73205
11993.5 1 1
11994.5 9 3
11995.5 3 1.73205
11996.5 9 3
11997.5 4 2
11998.5 8 2.82843
11999.5 5 2.23607
12000.5 0 0
12001.5 2 1.41421
12002.5 5 2.23607
12003.5 3 1.73205
12004.5 1 1
12005.5 4 2
12006.5 6 2.44949
12007.5 3 1.73205
12008.5 3 1.73205
12009.5 1 1
12010.5 9 3
12011.5 3 1.73205
12012.5 4 2
12013.5 2 1.41421
12014.5 6 2.44949
12015.5 3 1.73205
12016.5 4 2
12017.5 5 2.23607
12018.5 11 3.31662
12019.5 6 2.44949
12020.5 0 0
12021.5 5 2.23607
12022.5 10 3.16228
12023.5 6 2.44949
12024.5 2 1.41421
12025.5 4 2
12026.5 5 2.23607
12027.5 5 2.23607
12028.5 4 2
12029.5 3 1.73205
12030.5 9 3
12031.5 4 2
12032.5 2 1.41421
12033.5 0 0
12034.5 3 1.73205
12035.5 4 2
12036.5 8 2.82843
12037.5 3 1.73205
12038.5 6 2.44949
12039.5 5 2.23607
12040.5 3 1.73205
12041.5 7 2.64575
12042.5 7 2.64575
12043.5 4 2
12044.5 6 2.44949
12045.5 13 3.60555
12046.5 3 1.73205
12047.5 8 2.82843
12048.5 2 1.41421
12049.5 3 1.73205
12050.5 7 2.64575
12051.5 5 2.23607
12052.5 4 2
12053.5 9 3
12054.5 3 1.73205
12055.5 8 2.82843
12056.5 9 3
12057.5 4 2
12058.5 4 2
12059.5 7 2.64575
12060.5 3 1.73205
12061.5 9 3
12062.5 9 3
12063.5 9 3
12064.5 5 2.23607
12065.5 7 2.64575
12066.5 3 1.73205
12067.5 5 2.23607
12068.5 1 1
12069.5 3 1.73205
12070.5 8 2.82843
12071.5 3 1.73205
12072.5 4 2
12073.5 2 1.41421
12074.5 6 2.44949
12075.5 5 2.23607
12076.5 3 1.73205
12077.5 4 2
12078.5 3 1.73205
12079.5 4 2
12080.5 7 2.64575
12081.5 2 1.41421
12082.5 4 2
12083.5 7 2.64575
12084.5 8 2.82843
12085.5 4 2
12086.5 4 2
12087.5 0 0
12088.5 5 2.23607
12089.5 5 2.23607
12090.5 5 2.23607
12091.5 7 2.64575
12092.5 7 2.64575
12093.5 9 3
12094.5 4 2
12095.5 3 1.73205
12096.5 8 2.82843
12097.5 5 2.23607
12098.5 5 2.23607
12099.5 3 1.73205
12100.5 7 2.64575
12101.5 5 2.23607
12102.5 4 2
12103.5 6 2.44949
12104.5 4 2
12105.5 5 2.23607
12106.5 5 2.23607
12107.5 3 1.73205
12108.5 5 2.23607
12109.5 6 2.44949
12110.5 2 1.41421
12111.5 5 2.23607
12112.5 3 1.73205
12113.5 3 1.73205
12114.5 5 2.23607
12115.5 4 2
12116.5 8 2.82843
12117.5 5 2.23607
12118.5 5 2.23607
12119.5 7 2.64575
12120.5 7 2.64575
12121.5 6 2.44949
12122.5 3 1.73205
12123.5 5 2.23607
12124.5 3 1.73205
12125.5 3 1.73205
12126.5 6 2.44949
12127.5 6 2.44949
12128.5 6 2.44949
12129.5 2 1.41421
12130.5 5 2.23607
12131.5 8 2.82843
12132.5 6 2.44949
12133.5 5 2.23607
12134.5 4 2
12135.5 5 2.23607
12136.5 6 2.44949
12137.5 2 1.41421
12138.5 5 2.23607
12139.5 7 2.64575
12140.5 6 2.44949
12141.5 4 2
12142.5 4 2
12143.5 6 2.44949
12144.5 7 2.64575
12145.5 8 2.82843
12146.5 3 1.73205
12147.5 5 2.23607
12148.5 5 2.23607
12149.5 6 2.44949
12150.5 7 2.64575
12151.5 6 2.44949
12152.5 3 1.73205
12153.5 5 2.23607
12154.5 6 2.44949
12155.5 2 1.41421
12156.5 5 2.23607
12157.5 10 3.16228
12158.5 5 2.23607
12159.5 7 2.64575
12160.5 8 2.82843
12161.5 3 1.73205
12162.5 2 1.41421
12163.5 3 1.73205
12164.5 3 1.73205
12165.5 4 2
12166.5 7 2.64575
12167.5 3 1.73205
12168.5 3 1.73205
12169.5 6 2.44949
12170.5 8 2.82843
12171.5 2 1.41421
12172.5 3 1.73205
12173.5 5 2.23607
12174.5 2 1.41421
12175.5 3 1.73205
12176.5 2 1.41421
12177.5 3 1.73205
12178.5 5 2.23607
12179.5 4 2
12180.5 2 1.41421
12181.5 7 2.64575
12182.5 4 2
12183.5 3 1.73205
12184.5 3 1.73205
12185.5 6 2.44949
12186.5 2 1.41421
12187.5 4 2
12188.5 5 2.23607
12189.5 10 3.16228
12190.5 6 2.44949
12191.5 9 3
12192.5 4 2
12193.5 1 1
12194.5 10 3.16228
12195.5 7 2.64575
12196.5 7 2.64575
12197.5 4 2
12198.5 5 2.23607
12199.5 7 2.64575
12200.5 5 2.23607
12201.5 6 2.44949
12202.5 1 1
12203.5 3 1.73205
12204.5 3 1.73205
12205.5 7 2.64575
12206.5 9 3
12207.5 5 2.23607
12208.5 3 1.73205
12209.5 3 1.73205
12210.5 1 1
12211.5 4 2
12212.5 6 2.44949
12213.5 3 1.73205
12214.5 4 2
12215.5 5 2.23607
12216.5 2 1.41421
12217.5 6 2.44949
12218.5 2 1.41421
12219.5 2 1.41421
12220.5 2 1.41421
12221.5 5 2.23607
12222.5 2 1.41421
12223.5 4 2
12224.5 4 2
12225.5 2 1.41421
12226.5 4 2
12227.5 8 2.82843
12228.5 4 2
12229.5 2 1.41421
12230.5 2 1.41421
12231.5 3 1.73205
12232.5 3 1.73205
12233.5 3 1.73205
12234.5 4 2
12235.5 2 1.41421
12236.5 8 2.82843
12237.5 6 2.44949
12238.5 7 2.64575
12239.5 4 2
12240.5 5 2.23607
12241.5 6 2.44949
12242.5 7 2.64575
12243.5 3 1.73205
12244.5 4 2
12245.5 3 1.73205
12246.5 4 2
12247.5 3 1.73205
12248.5 6 2.44949
12249.5 6 2.44949
12250.5 5 2.23607
12251.5 3 1.73205
12252.5 4 2
12253.5 3 1.73205
12254.5 4 2
12255.5 5 2.23607
12256.5 2 1.41421
12257.5 9 3
12258.5 2 1.41421
12259.5 3 1.73205
12260.5 4 2
12261.5 3 1.73205
12262.5 2 1.41421
12263.5 7 2.64575
12264.5 6 2.44949
12265.5 6 2.44949
12266.5 4 2
12267.5 1 1
12268.5 2 1.41421
12269.5 4 2
12270.5 3 1.73205
12271.5 4 2
12272.5 5 2.23607
12273.5 7 2.64575
12274.5 6 2.44949
12275.5 4 2
12276.5 5 2.23607
12277.5 6 2.44949
12278.5 3 1.73205
12279.5 4 2
12280.5 5 2.23607
12281.5 7 2.64575
12282.5 4 2
12283.5 5 2.23607
12284.5 2 1.41421
12285.5 2 1.41421
12286.5 9 3
12287.5 3 1.73205
12288.5 4 2
12289.5 8 2.82843
12290.5 6 2.44949
12291.5 2 1.41421
12292.5 3 1.73205
12293.5 4 2
12294.5 3 1.73205
12295.5 4 2
12296.5 6 2.44949
12297.5 8 2.82843
12298.5 3 1.73205
12299.5 7 2.64575
12300.5 2 1.41421
12301.5 6 2.44949
12302.5 5 2.23607
12303.5 5 2.23607
12304.5 4 2
12305.5 6 2.44949
12306.5 5 2.23607
12307.5 5 2.23607
12308.5 3 1.73205
12309.5 5 2.23607
12310.5 7 2.64575
12311.5 4 2
12312.5 4 2
12313.5 9 3
12314.5 2 1.41421
12315.5 3 1.73205
12316.5 8 2.82843
12317.5 6 2.44949
12318.5 2 1.41421
12319.5 3 1.73205
12320.5 5 2.23607
12321.5 3 1.73205
12322.5 2 1.41421
12323.5 3 1.73205
12324.5 6 2.44949
12325.5 5 2.23607
12326.5 3 1.73205
12327.5 4 2
12328.5 2 1.41421
12329.5 5 2.23607
12330.5 6 2.44949
12331.5 6 2.44949
12332.5 7 2.64575
12333.5 4 2
12334.5 6 2.44949
12335.5 7 2.64575
12336.5 1 1
12337.5 2 1.41421
12338.5 3 1.73205
12339.5 2 1.41421
12340.5 5 2.23607
12341.5 7 2.64575
12342.5 8 2.82843
12343.5 8 2.82843
12344.5 4 2
12345.5 1 1
12346.5 6 2.44949
12347.5 2 1.41421
12348.5 7 2.64575
12349.5 5 2.23607
12350.5 2 1.41421
12351.5 5 2.23607
12352.5 4 2
12353.5 7 2.64575
12354.5 6 2.44949
12355.5 1 1
12356.5 4 2
12357.5 8 2.82843
12358.5 4 2
12359.5 4 2
12360.5 8 2.82843
12361.5 7 2.64575
12362.5 5 2.23607
12363.5 10 3.16228
12364.5 4 2
12365.5 7 2.64575
12366.5 3 1.73205
12367.5 4 2
12368.5 7 2.64575
12369.5 5 2.23607
12370.5 3 1.73205
12371.5 10 3.16228
12372.5 1 1
12373.5 4 2
12374.5 4 2
12375.5 4 2
12376.5 3 1.73205
12377.5 5 2.23607
12378.5 5 2.23607
12379.5 4 2
12380.5 4 2
12381.5 3 1.73205
12382.5 8 2.82843
12383.5 4 2
12384.5 6 2.44949
12385.5 6 2.44949
12386.5 4 2
12387.5 3 1.73205
12388.5 4 2
12389.5 2 1.41421
12390.5 4 2
12391.5 4 2
12392.5 5 2.23607
12393.5 3 1.73205
12394.5 8 2.82843
12395.5 5 2.23607
12396.5 6 2.44949
12397.5 5 2.23607
12398.5 5 2.23607
12399.5 1 1
12400.5 5 2.23607
12401.5 5 2.23607
12402.5 5 2.23607
12403.5 3 1.73205
12404.5 3 1.73205
12405.5 6 2.44949
12406.5 5 2.23607
12407.5 3 1.73205
12408.5 10 3.16228
12409.5 6 2.44949
12410.5 9 3
12411.5 5 2.23607
12412.5 8 2.82843
12413.5 5 2.23607
12414.5 6 2.44949
12415.5 7 2.64575
12416.5 2 1.41421
12417.5 6 2.44949
12418.5 5 2.23607
12419.5 3 1.73205
12420.5 6 2.44949
12421.5 7 2.64575
12422.5 3 1.73205
12423.5 3 1.73205
12424.5 6 2.44949
12425.5 7 2.64575
12426.5 6 2.44949
12427.5 6 2.44949
12428.5 3 1.73205
12429.5 4 2
12430.5 5 2.23607
12431.5 11 3.31662
12432.5 5 2.23607
12433.5 4 2
12434.5 2 1.41421
12435.5 4 2
12436.5 7 2.64575
12437.5 5 2.23607
12438.5 6 2.44949
12439.5 4 2
12440.5 4 2
12441.5 5 2.23607
12442.5 0 0
12443.5 5 2.23607
12444.5 3 1.73205
12445.5 3 1.73205
12446.5 3 1.73205
12447.5 9 3
12448.5 6 2.44949
12449.5 4 2
12450.5 5 2.23607
12451.5 6 2.44949
12452.5 3 1.73205
12453.5 7 2.64575
12454.5 5 2.23607
12455.5 4 2
12456.5 6 2.44949
12457.5 3 1.73205
12458.5 5 2.23607
12459.5 3 1.73205
12460.5 2 1.41421
12461.5 5 2.23607
12462.5 9 3
12463.5 7 2.64575
12464.5 6 2.44949
12465.5 7 2.64575
12466.5 6 2.44949
12467.5 8 2.82843
12468.5 5 2.23607
12469.5 3 1.73205
12470.5 6 2.44949
12471.5 2 1.41421
12472.5 1 1
12473.5 6 2.44949
12474.5 5 2.23607
12475.5 5 2.23607
12476.5 3 1.73205
12477.5 6 2.44949
12478.5 3 1.73205
12479.5 4 2
12480.5 7 2.64575
12481.5 4 2
12482.5 7 2.64575
12483.5 3 1.73205
12484.5 3 1.73205
12485.5 4 2
12486.5 8 2.82843
12487.5 3 1.73205
12488.5 6 2.44949
12489.5 5 2.23607
12490.5 3 1.73205
12491.5 4 2
12492.5 7 2.64575
12493.5 5 2.23607
12494.5 5 2.23607
12495.5 1 1
12496.5 4 2
12497.5 4 2
12498.5 4 2
12499.5 3 1.73205
12500.5 6 2.44949
12501.5 4 2
12502.5 8 2.82843
12503.5 5 2.23607
12504.5 4 2
12505.5 3 1.73205
12506.5 4 2
12507.5 7 2.64575
12508.5 3 1.73205
12509.5 7 2.64575
12510.5 6 2.44949
12511.5 9 3
12512.5 1 1
12513.5 5 2.23607
12514.5 5 2.23607
12515.5 3 1.73205
12516.5 2 1.41421
12517.5 8 2.82843
12518.5 5 2.23607
12519.5 4 2
12520.5 3 1.73205
12521.5 2 1.41421
12522.5 4 2
12523.5 5 2.23607
12524.5 2 1.41421
12525.5 6 2.44949
12526.5 8 2.82843
12527.5 6 2.44949
12528.5 7 2.64575
12529.5 4 2
12530.5 6 2.44949
12531.5 5 2.23607
12532.5 4 2
12533.5 8 2.82843
12534.5 6 2.44949
12535.5 2 1.41421
12536.5 5 2.23607
12537.5 7 2.64575
12538.5 5 2.23607
12539.5 5 2.23607
12540.5 6 2.44949
12541.5 8 2.82843
12542.5 4 2
12543.5 3 1.73205
12544.5 7 2.64575
12545.5 4 2
12546.5 3 1.73205
12547.5 4 2
12548.5 5 2.23607
12549.5 3 1.73205
12550.5 6 2.44949
12551.5 1 1
12552.5 5 2.23607
12553.5 6 2.44949
12554.5 5 2.23607
12555.5 1 1
12556.5 3 1.73205
12557.5 2 1.41421
12558.5 2 1.41421
12559.5 2 1.41421
12560.5 2 1.41421
12561.5 2 1.41421
12562.5 4 2
12563.5 8 2.82843
12564.5 6 2.44949
12565.5 4 2
12566.5 4 2
12567.5 4 2
12568.5 1 1
12569.5 6 2.44949
12570.5 8 2.82843
12571.5 4 2
12572.5 10 3.16228
12573.5 3 1.73205
12574.5 6 2.44949
12575.5 5 2.23607
12576.5 6 2.44949
12577.5 9 3
12578.5 5 2.23607
12579.5 4 2
12580.5 4 2
12581.5 6 2.44949
12582.5 4 2
12583.5 5 2.23607
12584.5 3 1.73205
12585.5 3 1.73205
12586.5 8 2.82843
12587.5 4 2
12588.5 5 2.23607
12589.5 6 2.44949
12590.5 7 2.64575
12591.5 6 2.44949
12592.5 2 1.41421
12593.5 9 3
12594.5 6 2.44949
12595.5 3 1.73205
12596.5 5 2.23607
12597.5 6 2.44949
12598.5 2 1.41421
12599.5 4 2
12600.5 3 1.73205
12601.5 7 2.64575
12602.5 9 3
12603.5 8 2.82843
12604.5 5 2.23607
12605.5 4 2
12606.5 4 2
12607.5 11 3.31662
12608.5 8 2.82843
12609.5 2 1.41421
12610.5 5 2.23607
12611.5 3 1.73205
12612.5 6 2.44949
12613.5 5 2.23607
12614.5 7 2.64575
12615.5 6 2.44949
12616.5 9 3
12617.5 9 3
12618.5 7 2.64575
12619.5 5 2.23607
12620.5 6 2.44949
12621.5 5 2.23607
12622.5 6 2.44949
12623.5 4 2
12624.5 3 1.73205
12625.5 8 2.82843
12626.5 4 2
12627.5 5 2.23607
12628.5 3 1.73205
12629.5 5 2.23607
12630.5 1 1
12631.5 4 2
12632.5 6 2.44949
12633.5 11 3.31662
12634.5 3 1.73205
12635.5 10 3.16228
12636.5 3 1.73205
12637.5 7 2.64575
12638.5 6 2.44949
12639.5 6 2.44949
12640.5 4 2
12641.5 1 1
12642.5 4 2
12643.5 3 1.73205
12644.5 2 1.41421
12645.5 7 2.64575
12646.5 8 2.82843
12647.5 5 2.23607
12648.5 6 2.44949
12649.5 7 2.64575
12650.5 5 2.23607
12651.5 5 2.23607
12652.5 6 2.44949
12653.5 9 3
12654.5 4 2
12655.5 4 2
12656.5 6 2.44949
12657.5 4 2
12658.5 9 3
12659.5 9 3
12660.5 7 2.64575
12661.5 2 1.41421
12662.5 7 2.64575
12663.5 5 2.23607
12664.5 2 1.41421
12665.5 2 1.41421
12666.5 4 2
12667.5 6 2.44949
12668.5 3 1.73205
12669.5 4 2
12670.5 8 2.82843
12671.5 2 1.41421
12672.5 0 0
12673.5 2 1.41421
12674.5 4 2
12675.5 5 2.23607
12676.5 3 1.73205
12677.5 5 2.23607
12678.5 3 1.73205
12679.5 5 2.23607
12680.5 6 2.44949
12681.5 9 3
12682.5 6 2.44949
12683.5 3 1.73205
12684.5 5 2.23607
12685.5 8 2.82843
12686.5 2 1.41421
12687.5 4 2
12688.5 2 1.41421
12689.5 6 2.44949
12690.5 5 2.23607
12691.5 5 2.23607
12692.5 6 2.44949
12693.5 2 1.41421
12694.5 6 2.44949
12695.5 4 2
12696.5 4 2
12697.5 4 2
12698.5 9 3
12699.5 7 2.64575
12700.5 6 2.44949
12701.5 4 2
12702.5 5 2.23607
12703.5 4 2
12704.5 5 2.23607
12705.5 4 2
12706.5 5 2.23607
12707.5 5 2.23607
12708.5 3 1.73205
12709.5 2 1.41421
12710.5 6 2.44949
12711.5 6 2.44949
12712.5 7 2.64575
12713.5 7 2.64575
12714.5 6 2.44949
12715.5 7 2.64575
12716.5 5 2.23607
12717.5 8 2.82843
12718.5 5 2.23607
12719.5 8 2.82843
12720.5 6 2.44949
12721.5 2 1.41421
12722.5 4 2
12723.5 10 3.16228
12724.5 3 1.73205
12725.5 7 2.64575
12726.5 4 2
12727.5 3 1.73205
12728.5 2 1.41421
12729.5 9 3
12730.5 3 1.73205
12731.5 8 2.82843
12732.5 5 2.23607
12733.5 2 1.41421
12734.5 6 2.44949
12735.5 1 1
12736.5 4 2
12737.5 4 2
12738.5 5 2.23607
12739.5 3 1.73205
12740.5 2 1.41421
12741.5 5 2.23607
12742.5 3 1.73205
12743.5 7 2.64575
12744.5 5 2.23607
12745.5 6 2.44949
12746.5 5 2.23607
12747.5 4 2
12748.5 11 3.31662
12749.5 3 1.73205
12750.5 3 1.73205
12751.5 4 2
12752.5 6 2.44949
12753.5 10 3.16228
12754.5 7 2.64575
12755.5 7 2.64575
12756.5 7 2.64575
12757.5 7 2.64575
12758.5 6 2.44949
12759.5 4 2
12760.5 6 2.44949
12761.5 3 1.73205
12762.5 6 2.44949
12763.5 1 1
12764.5 7 2.64575
12765.5 5 2.23607
12766.5 3 1.73205
12767.5 7 2.64575
12768.5 10 3.16228
12769.5 6 2.44949
12770.5 3 1.73205
12771.5 3 1.73205
12772.5 3 1.73205
12773.5 6 2.44949
12774.5 3 1.73205
12775.5 5 2.23607
12776.5 4 2
12777.5 6 2.44949
12778.5 2 1.41421
12779.5 2 1.41421
12780.5 6 2.44949
12781.5 8 2.82843
12782.5 5 2.23607
12783.5 5 2.23607
12784.5 12 3.4641
12785.5 7 2.64575
12786.5 7 2.64575
12787.5 6 2.44949
12788.5 8 2.82843
12789.5 10 3.16228
12790.5 7 2.64575
12791.5 7 2.64575
12792.5 10 3.16228
12793.5 7 2.64575
12794.5 8 2.82843
12795.5 4 2
12796.5 5 2.23607
12797.5 5 2.23607
12798.5 4 2
12799.5 5 2.23607
12800.5 5 2.23607
12801.5 4 2
12802.5 6 2.44949
12803.5 4 2
12804.5 6 2.44949
12805.5 7 2.64575
12806.5 6 2.44949
12807.5 9 3
12808.5 5 2.23607
12809.5 9 3
12810.5 9 3
12811.5 5 2.23607
12812.5 5 2.23607
12813.5 7 2.64575
12814.5 8 2.82843
12815.5 6 2.44949
12816.5 5 2.23607
12817.5 4 2
12818.5 7 2.64575
12819.5 9 3
12820.5 4 2
12821.5 7 2.64575
12822.5 6 2.44949
12823.5 5 2.23607
12824.5 5 2.23607
12825.5 6 2.44949
12826.5 6 2.44949
12827.5 3 1.73205
12828.5 4 2
12829.5 6 2.44949
12830.5 3 1.73205
12831.5 9 3
12832.5 6 2.44949
12833.5 4 2
12834.5 6 2.44949
12835.5 6 2.44949
12836.5 4 2
12837.5 5 2.23607
12838.5 6 2.44949
12839.5 4 2
12840.5 5 2.23607
12841.5 6 2.44949
12842.5 6 2.44949
12843.5 2 1.41421
12844.5 9 3
12845.5 4 2
12846.5 6 2.44949
12847.5 4 2
12848.5 2 1.41421
12849.5 5 2.23607
12850.5 6 2.44949
12851.5 6 2.44949
12852.5 9 3
12853.5 4 2
12854.5 4 2
12855.5 5 2.23607
12856.5 3 1.73205
12857.5 4 2
12858.5 6 2.44949
12859.5 3 1.73205
12860.5 4 2
12861.5 5 2.23607
12862.5 6 2.44949
12863.5 8 2.82843
12864.5 2 1.41421
12865.5 5 2.23607
12866.5 4 2
12867.5 7 2.64575
12868.5 9 3
12869.5 4 2
12870.5 1 1
12871.5 7 2.64575
12872.5 4 2
12873.5 4 2
12874.5 8 2.82843
12875.5 4 2
12876.5 1 1
12877.5 7 2.64575
12878.5 3 1.73205
12879.5 4 2
12880.5 2 1.41421
12881.5 5 2.23607
12882.5 4 2
12883.5 2 1.41421
12884.5 3 1.73205
12885.5 3 1.73205
12886.5 3 1.73205
12887.5 4 2
12888.5 5 2.23607
12889.5 6 2.44949
12890.5 3 1.73205
12891.5 3 1.73205
12892.5 3 1.73205
12893.5 6 2.44949
12894.5 6 2.44949
12895.5 6 2.44949
12896.5 4 2
12897.5 2 1.41421
12898.5 2 1.41421
12899.5 4 2
12900.5 3 1.73205
12901.5 5 2.23607
12902.5 2 1.41421
12903.5 5 2.23607
12904.5 5 2.23607
12905.5 5 2.23607
12906.5 9 3
12907.5 7 2.64575
12908.5 3 1.73205
12909.5 7 2.64575
12910.5 5 2.23607
12911.5 3 1.73205
12912.5 8 2.82843
12913.5 1 1
12914.5 5 2.23607
12915.5 5 2.23607
12916.5 3 1.73205
12917.5 4 2
12918.5 2 1.41421
12919.5 3 1.73205
12920.5 3 1.73205
12921.5 11 3.31662
12922.5 0 0
12923.5 3 1.73205
12924.5 2 1.41421
12925.5 2 1.41421
12926.5 2 1.41421
12927.5 6 2.44949
12928.5 4 2
12929.5 2 1.41421
12930.5 6 2.44949
12931.5 3 1.73205
12932.5 6 2.44949
12933.5 6 2.44949
12934.5 5 2.23607
12935.5 2 1.41421
12936.5 2 1.41421
12937.5 4 2
12938.5 6 2.44949
12939.5 5 2.23607
12940.5 3 1.73205
12941.5 3 1.73205
12942.5 2 1.41421
12943.5 1 1
12944.5 6 2.44949
12945.5 3 1.73205
12946.5 6 2.44949
12947.5 2 1.41421
12948.5 3 1.73205
12949.5 6 2.44949
12950.5 3 1.73205
12951.5 5 2.23607
12952.5 2 1.41421
12953.5 4 2
12954.5 3 1.73205
12955.5 7 2.64575
12956.5 2 1.41421
12957.5 6 2.44949
12958.5 3 1.73205
12959.5 3 1.73205
12960.5 3 1.73205
12961.5 3 1.73205
12962.5 4 2
12963.5 3 1.73205
12964.5 3 1.73205
12965.5 4 2
12966.5 0 0
12967.5 5 2.23607
12968.5 10 3.16228
12969.5 4 2
12970.5 2 1.41421
12971.5 4 2
12972.5 3 1.73205
12973.5 5 2.23607
12974.5 2 1.41421
12975.5 7 2.64575
12976.5 4 2
12977.5 3 1.73205
12978.5 1 1
12979.5 1 1
12980.5 7 2.64575
12981.5 2 1.41421
12982.5 2 1.41421
12983.5 7 2.64575
12984.5 3 1.73205
12985.5 5 2.23607
12986.5 5 2.23607
12987.5 6 2.44949
12988.5 4 2
12989.5 3 1.73205
12990.5 4 2
12991.5 5 2.23607
12992.5 5 2.23607
12993.5 3 1.73205
12994.5 2 1.41421
12995.5 0 0
12996.5 4 2
12997.5 4 2
12998.5 2 1.41421
12999.5 4 2
13000.5 5 2.23607
13001.5 5 2.23607
13002.5 7 2.64575
13003.5 2 1.41421
13004.5 3 1.73205
13005.5 5 2.23607
13006.5 4 2
13007.5 2 1.41421
13008.5 4 2
13009.5 7 2.64575
13010.5 4 2
13011.5 4 2
13012.5 1 1
13013.5 7 2.64575
13014.5 8 2.82843
13015.5 4 2
13016.5 7 2.64575
13017.5 4 2
13018.5 5 2.23607
13019.5 5 2.23607
13020.5 5 2.23607
13021.5 6 2.44949
13022.5 2 1.41421
13023.5 7 2.64575
13024.5 1 1
13025.5 2 1.41421
13026.5 3 1.73205
13027.5 4 2
13028.5 5 2.23607
13029.5 1 1
13030.5 5 2.23607
13031.5 3 1.73205
13032.5 7 2.64575
13033.5 4 2
13034.5 2 1.41421
13035.5 6 2.44949
13036.5 5 2.23607
13037.5 1 1
13038.5 3 1.73205
13039.5 3 1.73205
13040.5 2 1.41421
13041.5 0 0
13042.5 4 2
13043.5 3 1.73205
13044.5 2 1.41421
13045.5 2 1.41421
13046.5 5 2.23607
13047.5 7 2.64575
13048.5 2 1.41421
13049.5 5 2.23607
13050.5 0 0
13051.5 5 2.23607
13052.5 6 2.44949
13053.5 5 2.23607
13054.5 3 1.73205
13055.5 1 1
13056.5 2 1.41421
13057.5 2 1.41421
13058.5 1 1
13059.5 1 1
13060.5 5 2.23607
13061.5 2 1.41421
13062.5 5 2.23607
13063.5 2 1.41421
13064.5 0 0
13065.5 8 2.82843
13066.5 6 2.44949
13067.5 2 1.41421
13068.5 4 2
13069.5 1 1
13070.5 3 1.73205
13071.5 2 1.41421
13072.5 4 2
13073.5 2 1.41421
13074.5 2 1.41421
13075.5 2 1.41421
13076.5 7 2.64575
13077.5 2 1.41421
13078.5 3 1.73205
13079.5 4 2
13080.5 2 1.41421
13081.5 6 2.44949
13082.5 1 1
13083.5 6 2.44949
13084.5 3 1.73205
13085.5 6 2.44949
13086.5 9 3
13087.5 6 2.44949
13088.5 6 2.44949
13089.5 5 2.23607
13090.5 5 2.23607
13091.5 3 1.73205
13092.5 3 1.73205
13093.5 2 1.41421
13094.5 9 3
13095.5 3 1.73205
13096.5 2 1.41421
13097.5 3 1.73205
13098.5 5 2.23607
13099.5 4 2
13100.5 1 1
13101.5 3 1.73205
13102.5 6 2.44949
13103.5 2 1.41421
13104.5 4 2
13105.5 5 2.23607
13106.5 5 2.23607
13107.5 3 1.73205
13108.5 4 2
13109.5 2 1.41421
13110.5 8 2.82843
13111.5 1 1
13112.5 3 1.73205
13113.5 6 2.44949
13114.5 4 2
13115.5 5 2.23607
13116.5 3 1.73205
13117.5 3 1.73205
13118.5 1 1
13119.5 3 1.73205
13120.5 4 2
13121.5 5 2.23607
13122.5 4 2
13123.5 5 2.23607
13124.5 3 1.73205
13125.5 2 1.41421
13126.5 2 1.41421
13127.5 1 1
13128.5 3 1.73205
13129.5 3 1.73205
13130.5 4 2
13131.5 1 1
13132.5 2 1.41421
13133.5 5 2.23607
13134.5 3 1.73205
13135.5 7 2.64575
13136.5 2 1.41421
13137.5 1 1
13138.5 1 1
13139.5 3 1.73205
13140.5 5 2.23607
13141.5 5 2.23607
13142.5 0 0
13143.5 3 1.73205
13144.5 2 1.41421
13145.5 1 1
13146.5 4 2
13147.5 3 1.73205
13148.5 2 1.41421
13149.5 1 1
13150.5 3 1.73205
13151.5 2 1.41421
13152.5 3 1.73205
13153.5 2 1.41421
13154.5 3 1.73205
13155.5 6 2.44949
13156.5 1 1
13157.5 1 1
13158.5 1 1
13159.5 2 1.41421
13160.5 5 2.23607
13161.5 1 1
13162.5 6 2.44949
13163.5 2 1.41421
13164.5 5 2.23607
13165.5 4 2
13166.5 2 1.41421
13167.5 2 1.41421
13168.5 7 2.64575
13169.5 3 1.73205
13170.5 4 2
13171.5 4 2
13172.5 1 1
13173.5 2 1.41421
13174.5 4 2
13175.5 4 2
13176.5 0 0
13177.5 3 1.73205
13178.5 4 2
13179.5 4 2
13180.5 0 0
13181.5 3 1.73205
13182.5 4 2
13183.5 3 1.73205
13184.5 3 1.73205
13185.5 4 2
13186.5 3 1.73205
13187.5 1 1
13188.5 4 2
13189.5 4 2
13190.5 3 1.73205
13191.5 3 1.73205
13192.5 0 0
13193.5 1 1
13194.5 3 1.73205
13195.5 6 2.44949
13196.5 4 2
13197.5 1 1
13198.5 3 1.73205
13199.5 1 1
13200.5 3 1.73205
13201.5 1 1
13202.5 2 1.41421
13203.5 1 1
13204.5 2 1.41421
13205.5 2 1.41421
13206.5 3 1.73205
13207.5 5 2.23607
13208.5 1 1
13209.5 5 2.23607
13210.5 5 2.23607
13211.5 4 2
13212.5 8 2.82843
13213.5 5 2.23607
13214.5 4 2
13215.5 3 1.73205
13216.5 2 1.41421
13217.5 5 2.23607
13218.5 2 1.41421
13219.5 3 1.73205
13220.5 5 2.23607
13221.5 5 2.23607
13222.5 4 2
13223.5 2 1.41421
13224.5 5 2.23607
13225.5 3 1.73205
13226.5 6 2.44949
13227.5 1 1
13228.5 3 1.73205
13229.5 5 2.23607
13230.5 3 1.73205
13231.5 3 1.73205
13232.5 7 2.64575
13233.5 5 2.23607
13234.5 5 2.23607
13235.5 4 2
13236.5 3 1.73205
13237.5 4 2
13238.5 1 1
13239.5 3 1.73205
13240.5 4 2
13241.5 3 1.73205
13242.5 4 2
13243.5 2 1.41421
13244.5 6 2.44949
13245.5 1 1
13246.5 5 2.23607
13247.5 4 2
13248.5 3 1.73205
13249.5 1 1
13250.5 2 1.41421
13251.5 4 2
13252.5 5 2.23607
13253.5 6 2.44949
13254.5 2 1.41421
13255.5 1 1
13256.5 2 1.41421
13257.5 2 1.41421
13258.5 8 2.82843
13259.5 1 1
13260.5 5 2.23607
13261.5 3 1.73205
13262.5 2 1.41421
13263.5 3 1.73205
13264.5 1 1
13265.5 2 1.41421
13266.5 1 1
13267.5 3 1.73205
13268.5 2 1.41421
13269.5 1 1
13270.5 2 1.41421
13271.5 3 1.73205
13272.5 3 1.73205
13273.5 5 2.23607
13274.5 1 1
13275.5 3 1.73205
13276.5 1 1
13277.5 2 1.41421
13278.5 6 2.44949
13279.5 3 1.73205
13280.5 2 1.41421
13281.5 2 1.41421
13282.5 3 1.73205
13283.5 0 0
13284.5 1 1
13285.5 3 1.73205
13286.5 1 1
13287.5 2 1.41421
13288.5 5 2.23607
13289.5 2 1.41421
13290.5 5 2.23607
13291.5 3 1.73205
13292.5 2 1.41421
13293.5 5 2.23607
13294.5 2 1.41421
13295.5 1 1
13296.5 1 1
13297.5 2 1.41421
13298.5 3 1.73205
13299.5 2 1.41421
13300.5 3 1.73205
13301.5 0 0
13302.5 5 2.23607
13303.5 6 2.44949
13304.5 2 1.41421
13305.5 5 2.23607
13306.5 5 2.23607
13307.5 1 1
13308.5 2 1.41421
13309.5 3 1.73205
13310.5 7 2.64575
13311.5 3 1.73205
13312.5 3 1.73205
13313.5 4 2
13314.5 1 1
13315.5 2 1.41421
13316.5 1 1
13317.5 3 1.73205
13318.5 4 2
13319.5 1 1
13320.5 1 1
13321.5 3 1.73205
13322.5 7 2.64575
13323.5 4 2
13324.5 7 2.64575
13325.5 6 2.44949
13326.5 1 1
13327.5 6 2.44949
13328.5 2 1.41421
13329.5 3 1.73205
13330.5 6 2.44949
13331.5 6 2.44949
13332.5 2 1.41421
13333.5 4 2
13334.5 3 1.73205
13335.5 3 1.73205
13336.5 5 2.23607
13337.5 3 1.73205
13338.5 4 2
13339.5 3 1.73205
13340.5 1 1
13341.5 4 2
13342.5 1 1
13343.5 2 1.41421
13344.5 6 2.44949
13345.5 1 1
13346.5 1 1
13347.5 4 2
13348.5 5 2.23607
13349.5 3 1.73205
13350.5 1 1
13351.5 3 1.73205
13352.5 2 1.41421
13353.5 0 0
13354.5 4 2
13355.5 5 2.23607
13356.5 1 1
13357.5 4 2
13358.5 3 1.73205
13359.5 1 1
13360.5 2 1.41421
13361.5 1 1
13362.5 0 0
13363.5 1 1
13364.5 6 2.44949
13365.5 2 1.41421
13366.5 4 2
13367.5 1 1
13368.5 2 1.41421
13369.5 0 0
13370.5 1 1
13371.5 0 0
13372.5 2 1.41421
13373.5 2 1.41421
13374.5 2 1.41421
13375.5 4 2
13376.5 1 1
13377.5 3 1.73205
13378.5 2 1.41421
13379.5 5 2.23607
13380.5 2 1.41421
13381.5 2 1.41421
13382.5 4 2
13383.5 1 1
13384.5 1 1
13385.5 0 0
13386.5 5 2.23607
13387.5 2 1.41421
13388.5 5 2.23607
13389.5 2 1.41421
13390.5 3 1.73205
13391.5 3 1.73205
13392.5 3 1.73205
13393.5 1 1
13394.5 2 1.41421
13395.5 3 1.73205
13396.5 3 1.73205
13397.5 0 0
13398.5 2 1.41421
13399.5 0 0
13400.5 0 0
13401.5 3 1.73205
13402.5 0 0
13403.5 1 1
13404.5 1 1
13405.5 3 1.73205
13406.5 1 1
13407.5 4 2
13408.5 5 2.23607
13409.5 0 0
13410.5 1 1
13411.5 1 1
13412.5 0 0
13413.5 2 1.41421
13414.5 2 1.41421
13415.5 0 0
13416.5 1 1
13417.5 3 1.73205
13418.5 2 1.41421
13419.5 3 1.73205
13420.5 2 1.41421
13421.5 5 2.23607
13422.5 0 0
13423.5 1 1
13424.5 3 1.73205
13425.5 2 1.41421
13426.5 6 2.44949
13427.5 3 1.73205
13428.5 1 1
13429.5 2 1.41421
13430.5 2 1.41421
13431.5 0 0
13432.5 1 1
13433.5 1 1
13434.5 3 1.73205
13435.5 3 1.73205
13436.5 4 2
13437.5 1 1
13438.5 0 0
13439.5 2 1.41421
13440.5 3 1.73205
13441.5 2 1.41421
13442.5 0 0
13443.5 2 1.41421
13444.5 0 0
13445.5 1 1
13446.5 1 1
13447.5 1 1
13448.5 0 0
13449.5 3 1.73205
13450.5 1 1
13451.5 4 2
13452.5 0 0
13453.5 2 1.41421
13454.5 6 2.44949
13455.5 3 1.73205
13456.5 2 1.41421
13457.5 2 1.41421
13458.5 0 0
13459.5 3 1.73205
13460.5 2 1.41421
13461.5 1 1
13462.5 1 1
13463.5 2 1.41421
13464.5 2 1.41421
13465.5 2 1.41421
13466.5 0 0
13467.5 1 1
13468.5 5 2.23607
13469.5 3 1.73205
13470.5 1 1
13471.5 1 1
13472.5 2 1.41421
13473.5 4 2
13474.5 0 0
13475.5 1 1
13476.5 3 1.73205
13477.5 3 1.73205
13478.5 1 1
13479.5 1 1
13480.5 2 1.41421
13481.5 2 1.41421
13482.5 3 1.73205
13483.5 0 0
13484.5 0 0
13485.5 0 0
13486.5 2 1.41421
13487.5 0 0
13488.5 2 1.41421
13489.5 2 1.41421
13490.5 1 1
13491.5 1 1
13492.5 2 1.41421
13493.5 0 0
13494.5 2 1.41421
13495.5 0 0
13496.5 0 0
13497.5 3 1.73205
13498.5 0 0
13499.5 0 0
13500.5 0 0
13501.5 0 0
13502.5 1 1
13503.5 3 1.73205
13504.5 2 1.41421
13505.5 3 1.73205
13506.5 2 1.41421
13507.5 4 2
13508.5 0 0
13509.5 1 1
13510.5 2 1.41421
13511.5 3 1.73205
13512.5 2 1.41421
13513.5 2 1.41421
13514.5 3 1.73205
13515.5 2 1.41421
13516.5 0 0
13517.5 0 0
13518.5 3 1.73205
13519.5 5 2.23607
13520.5 2 1.41421
13521.5 1 1
13522.5 1 1
13523.5 1 1
13524.5 3 1.73205
13525.5 3 1.73205
13526.5 0 0
13527.5 2 1.41421
13528.5 2 1.41421
13529.5 0 0
13530.5 1 1
13531.5 1 1
13532.5 1 1
13533.5 3 1.73205
13534.5 0 0
13535.5 1 1
13536.5 1 1
13537.5 0 0
13538.5 0 0
13539.5 2 1.41421
13540.5 1 1
13541.5 0 0
13542.5 1 1
13543.5 1 1
13544.5 1 1
13545.5 2 1.41421
13546.5 5 2.23607
13547.5 2 1.41421
13548.5 0 0
13549.5 1 1
13550.5 0 0
13551.5 1 1
13552.5 1 1
13553.5 2 1.41421
13554.5 1 1
13555.5 5 2.23607
13556.5 1 1
13557.5 1 1
13558.5 3 1.73205
13559.5 0 0
13560.5 1 1
13561.5 2 1.41421
13562.5 0 0
13563.5 1 1
13564.5 2 1.41421
13565.5 0 0
13566.5 2 1.41421
13567.5 1 1
13568.5 0 0
13569.5 0 0
13570.5 2 1.41421
13571.5 1 1
13572.5 2 1.41421
13573.5 0 0
13574.5 1 1
13575.5 0 0
13576.5 0 0
13577.5 0 0
13578.5 2 1.41421
13579.5 2 1.41421
13580.5 0 0
13581.5 2 1.41421
13582.5 0 0
13583.5 2 1.41421
13584.5 0 0
13585.5 2 1.41421
13586.5 2 1.41421
13587.5 1 1
13588.5 1 1
13589.5 0 0
13590.5 1 1
13591.5 2 1.41421
13592.5 1 1
13593.5 1 1
13594.5 1 1
13595.5 2 1.41421
13596.5 2 1.41421
13597.5 3 1.73205
13598.5 4 2
13599.5 0 0
13600.5 2 1.41421
13601.5 0 0
13602.5 1 1
13603.5 2 1.41421
13604.5 1 1
13605.5 1 1
13606.5 2 1.41421
13607.5 1 1
13608.5 1 1
13609.5 2 1.41421
13610.5 4 2
13611.5 2 1.41421
13612.5 0 0
13613.5 1 1
13614.5 1 1
13615.5 2 1.41421
13616.5 1 1
13617.5 2 1.41421
13618.5 0 0
13619.5 0 0
13620.5 0 0
13621.5 1 1
13622.5 0 0
13623.5 1 1
13624.5 0 0
13625.5 3 1.73205
13626.5 0 0
13627.5 0 0
13628.5 1 1
13629.5 2 1.41421
13630.5 0 0
13631.5 1 1
13632.5 0 0
13633.5 3 1.73205
13634.5 5 2.23607
13635.5 0 0
13636.5 0 0
13637.5 3 1.73205
13638.5 3 1.73205
13639.5 0 0
13640.5 1 1
13641.5 0 0
13642.5 1 1
13643.5 2 1.41421
13644.5 1 1
13645.5 0 0
13646.5 3 1.73205
13647.5 3 1.73205
13648.5 1 1
13649.5 1 1
13650.5 3 1.73205
13651.5 1 1
13652.5 0 0
13653.5 3 1.73205
13654.5 0 0
13655.5 1 1
13656.5 1 1
13657.5 0 0
13658.5 2 1.41421
13659.5 0 0
13660.5 0 0
13661.5 0 0
13662.5 0 0
13663.5 0 0
13664.5 0 0
13665.5 1 1
13666.5 2 1.41421
13667.5 0 0
13668.5 4 2
13669.5 1 1
13670.5 0 0
13671.5 1 1
13672.5 0 0
13673.5 1 1
13674.5 0 0
13675.5 2 1.41421
13676.5 1 1
13677.5 0 0
13678.5 1 1
13679.5 1 1
13680.5 2 1.41421
13681.5 2 1.41421
13682.5 0 0
13683.5 2 1.41421
13684.5 1 1
13685.5 0 0
13686.5 1 1
13687.5 1 1
13688.5 1 1
13689.5 0 0
13690.5 0 0
13691.5 2 1.41421
13692.5 0 0
13693.5 1 1
13694.5 0 0
13695.5 0 0
13696.5 0 0
13697.5 3 1.73205
13698.5 0 0
13699.5 2 1.41421
13700.5 1 1
13701.5 0 0
13702.5 1 1
13703.5 3 1.73205
13704.5 1 1
13705.5 3 1.73205
13706.5 2 1.41421
13707.5 0 0
13708.5 0 0
13709.5 3 1.73205
13710.5 0 0
13711.5 0 0
13712.5 2 1.41421
13713.5 0 0
13714.5 1 1
13715.5 0 0
13716.5 1 1
13717.5 1 1
13718.5 0 0
13719.5 3 1.73205
13720.5 0 0
13721.5 1 1
13722.5 0 0
13723.5 1 1
13724.5 1 1
13725.5 1 1
13726.5 0 0
13727.5 0 0
13728.5 1 1
13729.5 2 1.41421
13730.5 5 2.23607
13731.5 1 1
13732.5 1 1
13733.5 1 1
13734.5 1 1
13735.5 0 0
13736.5 0 0
13737.5 0 0
13738.5 0 0
13739.5 0 0
13740.5 0 0
13741.5 1 1
13742.5 0 0
13743.5 1 1
13744.5 0 0
13745.5 0 0
13746.5 1 1
13747.5 3 1.73205
13748.5 0 0
13749.5 0 0
13750.5 3 1.73205
13751.5 2 1.41421
13752.5 1 1
13753.5 0 0
13754.5 0 0
13755.5 0 0
13756.5 0 0
13757.5 1 1
13758.5 1 1
13759.5 0 0
13760.5 2 1.41421
13761.5 0 0
13762.5 3 1.73205
13763.5 2 1.41421
13764.5 2 1.41421
13765.5 0 0
13766.5 3 1.73205
13767.5 2 1.41421
13768.5 0 0
13769.5 1 1
13770.5 2 1.41421
13771.5 0 0
13772.5 2 1.41421
13773.5 2 1.41421
13774.5 1 1
13775.5 0 0
13776.5 3 1.73205
13777.5 0 0
13778.5 3 1.73205
13779.5 1 1
13780.5 3 1.73205
13781.5 3 1.73205
13782.5 1 1
13783.5 4 2
13784.5 1 1
13785.5 2 1.41421
13786.5 1 1
13787.5 2 1.41421
13788.5 5 2.23607
13789.5 4 2
13790.5 2 1.41421
13791.5 2 1.41421
13792.5 3 1.73205
13793.5 4 2
13794.5 3 1.73205
13795.5 2 1.41421
13796.5 2 1.41421
13797.5 4 2
13798.5 4 2
13799.5 2 1.41421
13800.5 3 1.73205
13801.5 1 1
13802.5 2 1.41421
13803.5 4 2
13804.5 1 1
13805.5 1 1
13806.5 2 1.41421
13807.5 3 1.73205
13808.5 0 0
13809.5 4 2
13810.5 0 0
13811.5 0 0
13812.5 3 1.73205
13813.5 1 1
13814.5 3 1.73205
13815.5 0 0
13816.5 0 0
13817.5 1 1
13818.5 3 1.73205
13819.5 2 1.41421
13820.5 1 1
13821.5 1 1
13822.5 0 0
13823.5 6 2.44949
13824.5 1 1
13825.5 3 1.73205
13826.5 1 1
13827.5 0 0
13828.5 0 0
13829.5 1 1
13830.5 0 0
13831.5 0 0
13832.5 1 1
13833.5 1 1
13834.5 2 1.41421
13835.5 1 1
13836.5 0 0
13837.5 2 1.41421
13838.5 0 0
13839.5 1 1
13840.5 0 0
13841.5 2 1.41421
13842.5 1 1
13843.5 2 1.41421
13844.5 0 0
13845.5 1 1
13846.5 1 1
13847.5 2 1.41421
13848.5 0 0
13849.5 0 0
13850.5 3 1.73205
13851.5 0 0
13852.5 0 0
13853.5 0 0
13854.5 2 1.41421
13855.5 0 0
13856.5 0 0
13857.5 0 0
13858.5 0 0
13859.5 0 0
13860.5 0 0
13861.5 2 1.41421
13862.5 3 1.73205
13863.5 0 0
13864.5 0 0
13865.5 3 1.73205
13866.5 2 1.41421
13867.5 0 0
13868.5 1 1
13869.5 0 0
13870.5 1 1
13871.5 1 1
13872.5 1 1
13873.5 0 0
13874.5 0 0
13875.5 0 0
13876.5 1 1
13877.5 0 0
13878.5 0 0
13879.5 3 1.73205
13880.5 0 0
13881.5 1 1
13882.5 0 0
13883.5 0 0
13884.5 2 1.41421
13885.5 1 1
13886.5 2 1.41421
13887.5 1 1
13888.5 0 0
13889.5 2 1.41421
13890.5 0 0
13891.5 1 1
13892.5 0 0
13893.5 1 1
13894.5 0 0
13895.5 0 0
13896.5 0 0
13897.5 1 1
13898.5 0 0
13899.5 3 1.73205
13900.5 0 0
13901.5 0 0
13902.5 1 1
13903.5 2 1.41421
13904.5 0 0
13905.5 2 1.41421
13906.5 1 1
13907.5 1 1
13908.5 2 1.41421
13909.5 0 0
13910.5 1 1
13911.5 0 0
13912.5 1 1
13913.5 1 1
13914.5 0 0
13915.5 2 1.41421
13916.5 0 0
13917.5 0 0
13918.5 1 1
13919.5 0 0
13920.5 0 0
13921.5 2 1.41421
13922.5 0 0
13923.5 0 0
13924.5 1 1
13925.5 0 0
13926.5 0 0
13927.5 1 1
13928.5 0 0
13929.5 2 1.41421
13930.5 2 1.41421
13931.5 0 0
13932.5 0 0
13933.5 2 1.41421
13934.5 0 0
13935.5 1 1
13936.5 1 1
13937.5 2 1.41421
13938.5 0 0
13939.5 1 1
13940.5 1 1
13941.5 0 0
13942.5 1 1
13943.5 0 0
13944.5 0 0
13945.5 1 1
13946.5 3 1.73205
13947.5 0 0
13948.5 1 1
13949.5 0 0
13950.5 2 1.41421
13951.5 0 0
13952.5 1 1
13953.5 2 1.41421
13954.5 0 0
13955.5 1 1
13956.5 2 1.41421
13957.5 2 1.41421
13958.5 2 1.41421
13959.5 0 0
13960.5 1 1
13961.5 2 1.41421
13962.5 0 0
13963.5 1 1
13964.5 0 0
13965.5 3 1.73205
13966.5 0 0
13967.5 0 0
13968.5 3 1.73205
13969.5 3 1.73205
13970.5 0 0
13971.5 1 1
13972.5 0 0
13973.5 1 1
13974.5 1 1
13975.5 1 1
13976.5 1 1
13977.5 0 0
13978.5 0 0
13979.5 1 1
13980.5 1 1
13981.5 1 1
13982.5 2 1.41421
13983.5 0 0
13984.5 1 1
13985.5 0 0
13986.5 0 0
13987.5 4 2
13988.5 0 0
13989.5 0 0
13990.5 1 1
13991.5 1 1
13992.5 1 1
13993.5 1 1
13994.5 1 1
13995.5 1 1
13996.5 2 1.41421
13997.5 2 1.41421
13998.5 0 0
13999.5 1 1
14000.5 1 1
14001.5 0 0
14002.5 1 1
14003.5 0 0
14004.5 0 0
14005.5 1 1
14006.5 2 1.41421
14007.5 1 1
14008.5 0 0
14009.5 0 0
14010.5 2 1.41421
14011.5 3 1.73205
14012.5 1 1
14013.5 0 0
14014.5 0 0
14015.5 1 1
14016.5 3 1.73205
14017.5 1 1
14018.5 2 1.41421
14019.5 2 1.41421
14020.5 1 1
14021.5 0 0
14022.5 0 0
14023.5 1 1
14024.5 1 1
14025.5 0 0
14026.5 0 0
14027.5 0 0
14028.5 2 1.41421
14029.5 2 1.41421
14030.5 0 0
14031.5 1 1
14032.5 2 1.41421
14033.5 0 0
14034.5 1 1
14035.5 1 1
14036.5 1 1
14037.5 2 1.41421
14038.5 0 0
14039.5 1 1
14040.5 2 1.41421
14041.5 0 0
14042.5 2 1.41421
14043.5 2 1.41421
14044.5 1 1
14045.5 0 0
14046.5 1 1
14047.5 1 1
14048.5 2 1.41421
14049.5 1 1
14050.5 0 0
14051.5 2 1.41421
14052.5 0 0
14053.5 1 1
14054.5 2 1.41421
14055.5 0 0
14056.5 0 0
14057.5 0 0
14058.5 0 0
14059.5 1 1
14060.5 2 1.41421
14061.5 1 1
14062.5 0 0
14063.5 1 1
14064.5 2 1.41421
14065.5 0 0
14066.5 1 1
14067.5 0 0
14068.5 0 0
14069.5 0 0
14070.5 0 0
14071.5 1 1
14072.5 2 1.41421
14073.5 2 1.41421
14074.5 1 1
14075.5 1 1
14076.5 0 0
14077.5 4 2
14078.5 0 0
14079.5 2 1.41421
14080.5 2 1.41421
14081.5 1 1
14082.5 2 1.41421
14083.5 3 1.73205
14084.5 1 1
14085.5 3 1.73205
14086.5 1 1
14087.5 2 1.41421
14088.5 3 1.73205
14089.5 0 0
14090.5 0 0
14091.5 0 0
14092.5 0 0
14093.5 1 1
14094.5 2 1.41421
14095.5 3 1.73205
14096.5 3 1.73205
14097.5 2 1.41421
14098.5 0 0
14099.5 2 1.41421
14100.5 6 2.44949
14101.5 2 1.41421
14102.5 3 1.73205
14103.5 3 1.73205
14104.5 3 1.73205
14105.5 4 2
14106.5 7 2.64575
14107.5 4 2
14108.5 1 1
14109.5 5 2.23607
14110.5 7 2.64575
14111.5 9 3
14112.5 12 3.4641
14113.5 7 2.64575
14114.5 14 3.74166
14115.5 12 3.4641
14116.5 10 3.16228
14117.5 7 2.64575
14118.5 16 4
14119.5 19 4.3589
14120.5 12 3.4641
14121.5 14 3.74166
14122.5 18 4.24264
14123.5 22 4.69042
14124.5 36 6
14125.5 28 5.2915
14126.5 39 6.245
14127.5 44 6.63325
14128.5 53 7.28011
14129.5 54 7.34847
14130.5 62 7.87401
14131.5 57 7.54983
14132.5 79 8.88819
14133.5 57 7.54983
14134.5 62 7.87401
14135.5 65 8.06226
14136.5 85 9.21954
14137.5 71 8.42615
14138.5 72 8.48528
14139.5 93 9.64365
14140.5 73 8.544
14141.5 87 9.32738
14142.5 86 9.27362
14143.5 82 9.05539
14144.5 66 8.12404
14145.5 56 7.48331
14146.5 69 8.30662
14147.5 55 7.4162
14148.5 57 7.54983
14149.5 56 7.48331
14150.5 43 6.55744
14151.5 47 6.85565
14152.5 50 7.07107
14153.5 32 5.65685
14154.5 40 6.32456
14155.5 32 5.65685
14156.5 34 5.83095
14157.5 24 4.89898
14158.5 25 5
14159.5 26 5.09902
14160.5 15 3.87298
14161.5 28 5.2915
14162.5 18 4.24264
14163.5 19 4.3589
14164.5 12 3.4641
14165.5 10 3.16228
14166.5 10 3.16228
14167.5 10 3.16228
14168.5 7 2.64575
14169.5 6 2.44949
14170.5 10 3.16228
14171.5 8 2.82843
14172.5 7 2.64575
14173.5 5 2.23607
14174.5 3 1.73205
14175.5 9 3
14176.5 10 3.16228
14177.5 8 2.82843
14178.5 5 2.23607
14179.5 5 2.23607
14180.5 8 2.82843
14181.5 1 1
14182.5 3 1.73205
14183.5 3 1.73205
14184.5 2 1.41421
14185.5 5 2.23607
14186.5 1 1
14187.5 4 2
14188.5 2 1.41421
14189.5 3 1.73205
14190.5 2 1.41421
14191.5 4 2
14192.5 0 0
14193.5 6 2.44949
14194.5 0 0
14195.5 4 2
14196.5 3 1.73205
14197.5 1 1
14198.5 0 0
14199.5 1 1
14200.5 0 0
14201.5 2 1.41421
14202.5 0 0
14203.5 0 0
14204.5 0 0
14205.5 0 0
14206.5 1 1
14207.5 1 1
14208.5 1 1
14209.5 0 0
14210.5 1 1
14211.5 2 1.41421
14212.5 2 1.41421
14213.5 2 1.41421
14214.5 1 1
14215.5 2 1.41421
14216.5 1 1
14217.5 2 1.41421
14218.5 0 0
14219.5 0 0
14220.5 0 0
14221.5 0 0
14222.5 0 0
14223.5 1 1
14224.5 3 1.73205
14225.5 3 1.73205
14226.5 0 0
14227.5 1 1
14228.5 1 1
14229.5 0 0
14230.5 1 1
14231.5 2 1.41421
14232.5 1 1
14233.5 2 1.41421
14234.5 3 1.73205
14235.5 5 2.23607
14236.5 3 1.73205
14237.5 1 1
14238.5 3 1.73205
14239.5 2 1.41421
14240.5 9 3
14241.5 3 1.73205
14242.5 7 2.64575
14243.5 4 2
14244.5 11 3.31662
14245.5 5 2.23607
14246.5 8 2.82843
14247.5 6 2.44949
14248.5 5 2.23607
14249.5 8 2.82843
14250.5 15 3.87298
14251.5 14 3.74166
14252.5 2 1.41421
14253.5 10 3.16228
14254.5 10 3.16228
14255.5 12 3.4641
14256.5 13 3.60555
14257.5 10 3.16228
14258.5 11 3.31662
14259.5 2 1.41421
14260.5 11 3.31662
14261.5 8 2.82843
14262.5 7 2.64575
14263.5 9 3
14264.5 5 2.23607
14265.5 1 1
14266.5 9 3
14267.5 5 2.23607
14268.5 5 2.23607
14269.5 7 2.64575
14270.5 4 2
14271.5 4 2
14272.5 6 2.44949
14273.5 2 1.41421
14274.5 5 2.23607
14275.5 3 1.73205
14276.5 5 2.23607
14277.5 6 2.44949
14278.5 1 1
14279.5 3 1.73205
14280.5 3 1.73205
14281.5 0 0
14282.5 5 2.23607
14283.5 1 1
14284.5 2 1.41421
14285.5 1 1
14286.5 4 2
14287.5 0 0
14288.5 1 1
14289.5 0 0
14290.5 1 1
14291.5 2 1.41421
14292.5 1 1
14293.5 2 1.41421
14294.5 0 0
14295.5 0 0
14296.5 0 0
14297.5 1 1
14298.5 0 0
14299.5 0 0
14300.5 0 0
14301.5 0 0
14302.5 0 0
14303.5 1 1
14304.5 2 1.41421
14305.5 0 0
14306.5 2 1.41421
14307.5 0 0
14308.5 1 1
14309.5 2 1.41421
14310.5 0 0
14311.5 1 1
14312.5 0 0
14313.5 0 0
14314.5 1 1
14315.5 0 0
14316.5 1 1
14317.5 0 0
14318.5 0 0
14319.5 0 0
14320.5 2 1.41421
14321.5 0 0
14322.5 2 1.41421
14323.5 0 0
14324.5 0 0
14325.5 0 0
14326.5 1 1
14327.5 1 1
14328.5 2 1.41421
14329.5 0 0
14330.5 3 1.73205
14331.5 2 1.41421
14332.5 0 0
14333.5 0 0
14334.5 3 1.73205
14335.5 2 1.41421
14336.5 3 1.73205
14337.5 1 1
14338.5 1 1
14339.5 3 1.73205
14340.5 2 1.41421
14341.5 0 0
14342.5 1 1
14343.5 0 0
14344.5 0 0
14345.5 2 1.41421
14346.5 1 1
14347.5 0 0
14348.5 2 1.41421
14349.5 1 1
14350.5 1 1
14351.5 1 1
14352.5 0 0
14353.5 0 0
14354.5 1 1
14355.5 0 0
14356.5 1 1
14357.5 1 1
14358.5 0 0
14359.5 0 0
14360.5 0 0
14361.5 0 0
14362.5 0 0
14363.5 3 1.73205
14364.5 0 0
14365.5 1 1
14366.5 1 1
14367.5 0 0
14368.5 0 0
14369.5 0 0
14370.5 0 0
14371.5 1 1
14372.5 0 0
14373.5 2 1.41421
14374.5 0 0
14375.5 0 0
14376.5 0 0
14377.5 0 0
14378.5 0 0
14379.5 0 0
14380.5 0 0
14381.5 1 1
14382.5 1 1
14383.5 0 0
14384.5 1 1
14385.5 2 1.41421
14386.5 0 0
14387.5 2 1.41421
14388.5 0 0
14389.5 2 1.41421
14390.5 0 0
14391.5 0 0
14392.5 0 0
14393.5 0 0
14394.5 0 0
14395.5 1 1
14396.5 2 1.41421
14397.5 1 1
14398.5 1 1
14399.5 0 0
14400.5 1 1
14401.5 1 1
14402.5 0 0
14403.5 1 1
14404.5 0 0
14405.5 0 0
14406.5 0 0
14407.5 0 0
14408.5 0 0
14409.5 0 0
14410.5 0 0
14411.5 0 0
14412.5 0 0
14413.5 1 1
14414.5 0 0
14415.5 0 0
14416.5 0 0
14417.5 1 1
14418.5 1 1
14419.5 0 0
14420.5 1 1
14421.5 0 0
14422.5 0 0
14423.5 1 1
14424.5 1 1
14425.5 0 0
14426.5 0 0
14427.5 0 0
14428.5 0 0
14429.5 0 0
14430.5 0 0
14431.5 0 0
14432.5 1 1
14433.5 1 1
14434.5 0 0
14435.5 0 0
14436.5 0 0
14437.5 0 0
14438.5 1 1
14439.5 0 0
14440.5 4 2
14441.5 0 0
14442.5 1 1
14443.5 0 0
14444.5 0 0
14445.5 0 0
14446.5 0 0
14447.5 0 0
14448.5 0 0
14449.5 1 1
14450.5 0 0
14451.5 3 1.73205
14452.5 1 1
14453.5 0 0
14454.5 1 1
14455.5 1 1
14456.5 1 1
14457.5 0 0
14458.5 0 0
14459.5 0 0
14460.5 1 1
14461.5 1 1
14462.5 0 0
14463.5 0 0
14464.5 1 1
14465.5 0 0
14466.5 0 0
14467.5 0 0
14468.5 1 1
14469.5 0 0
14470.5 0 0
14471.5 0 0
14472.5 0 0
14473.5 1 1
14474.5 0 0
14475.5 0 0
14476.5 0 0
14477.5 0 0
14478.5 1 1
14479.5 0 0
14480.5 0 0
14481.5 0 0
14482.5 0 0
14483.5 0 0
14484.5 0 0
14485.5 1 1
14486.5 0 0
14487.5 0 0
14488.5 1 1
14489.5 0 0
14490.5 0 0
14491.5 0 0
14492.5 0 0
14493.5 0 0
14494.5 0 0
14495.5 1 1
14496.5 0 0
14497.5 0 0
14498.5 1 1
14499.5 0 0
14500.5 0 0
14501.5 0 0
14502.5 0 0
14503.5 0 0
14504.5 0 0
14505.5 0 0
14506.5 0 0
14507.5 0 0
14508.5 0 0
14509.5 0 0
14510.5 0 0
14511.5 0 0
14512.5 1 1
14513.5 1 1
14514.5 0 0
14515.5 0 0
14516.5 0 0
14517.5 0 0
14518.5 1 1
14519.5 1 1
14520.5 0 0
14521.5 0 0
14522.5 1 1
14523.5 0 0
14524.5 0 0
14525.5 0 0
14526.5 0 0
14527.5 0 0
14528.5 1 1
14529.5 1 1
14530.5 0 0
14531.5 1 1
14532.5 1 1
14533.5 1 1
14534.5 0 0
14535.5 0 0
14536.5 2 1.41421
14537.5 0 0
14538.5 0 0
14539.5 0 0
14540.5 0 0
14541.5 1 1
14542.5 0 0
14543.5 2 1.41421
14544.5 0 0
14545.5 0 0
14546.5 2 1.41421
14547.5 0 0
14548.5 0 0
14549.5 0 0
14550.5 1 1
14551.5 0 0
14552.5 0 0
14553.5 1 1
14554.5 0 0
14555.5 0 0
14556.5 0 0
14557.5 1 1
14558.5 0 0
14559.5 0 0
14560.5 0 0
14561.5 0 0
14562.5 1 1
14563.5 1 1
14564.5 0 0
14565.5 0 0
14566.5 1 1
14567.5 0 0
14568.5 0 0
14569.5 0 0
14570.5 0 0
14571.5 0 0
14572.5 0 0
14573.5 1 1
14574.5 1 1
14575.5 1 1
14576.5 0 0
14577.5 0 0
14578.5 0 0
14579.5 0 0
14580.5 1 1
14581.5 2 1.41421
14582.5 0 0
14583.5 1 1
14584.5 1 1
14585.5 2 1.41421
14586.5 1 1
14587.5 1 1
14588.5 0 0
14589.5 0 0
14590.5 0 0
14591.5 1 1
14592.5 0 0
14593.5 1 1
14594.5 0 0
14595.5 1 1
14596.5 1 1
14597.5 0 0
14598.5 0 0
14599.5 0 0
14600.5 0 0
14601.5 0 0
14602.5 1 1
14603.5 1 1
14604.5 0 0
14605.5 0 0
14606.5 1 1
14607.5 0 0
14608.5 0 0
14609.5 0 0
14610.5 0 0
14611.5 0 0
14612.5 0 0
14613.5 1 1
14614.5 0 0
14615.5 0 0
14616.5 0 0
14617.5 0 0
14618.5 0 0
14619.5 2 1.41421
14620.5 1 1
14621.5 0 0
14622.5 1 1
14623.5 0 0
14624.5 1 1
14625.5 1 1
14626.5 0 0
14627.5 0 0
14628.5 0 0
14629.5 1 1
14630.5 0 0
14631.5 0 0
14632.5 1 1
14633.5 0 0
14634.5 0 0
14635.5 0 0
14636.5 0 0
14637.5 0 0
14638.5 0 0
14639.5 0 0
14640.5 0 0
14641.5 2 1.41421
14642.5 0 0
14643.5 0 0
14644.5 0 0
14645.5 0 0
14646.5 0 0
14647.5 0 0
14648.5 0 0
14649.5 0 0
14650.5 0 0
14651.5 0 0
14652.5 0 0
14653.5 0 0
14654.5 0 0
14655.5 0 0
14656.5 0 0
14657.5 0 0
14658.5 0 0
14659.5 0 0
14660.5 0 0
14661.5 0 0
14662.5 0 0
14663.5 0 0
14664.5 0 0
14665.5 0 0
14666.5 2 1.41421
14667.5 0 0
14668.5 0 0
14669.5 0 0
14670.5 0 0
14671.5 1 1
14672.5 1 1
14673.5 0 0
14674.5 0 0
14675.5 2 1.41421
14676.5 1 1
14677.5 1 1
14678.5 0 0
14679.5 0 0
14680.5 0 0
14681.5 0 0
14682.5 0 0
14683.5 0 0
14684.5 0 0
14685.5 1 1
14686.5 0 0
14687.5 1 1
14688.5 0 0
14689.5 2 1.41421
14690.5 0 0
14691.5 0 0
14692.5 1 1
14693.5 0 0
14694.5 0 0
14695.5 0 0
14696.5 0 0
14697.5 0 0
14698.5 0 0
14699.5 2 1.41421
14700.5 1 1
14701.5 4 2
14702.5 0 0
14703.5 0 0
14704.5 0 0
14705.5 0 0
14706.5 0 0
14707.5 0 0
14708.5 0 0
14709.5 0 0
14710.5 0 0
14711.5 0 0
14712.5 1 1
14713.5 0 0
14714.5 0 0
14715.5 0 0
14716.5 0 0
14717.5 0 0
14718.5 0 0
14719.5 0 0
14720.5 0 0
14721.5 2 1.41421
14722.5 0 0
14723.5 0 0
14724.5 0 0
14725.5 0 0
14726.5 0 0
14727.5 1 1
14728.5 0 0
14729.5 0 0
14730.5 0 0
14731.5 1 1
14732.5 0 0
14733.5 0 0
14734.5 0 0
14735.5 0 0
14736.5 0 0
14737.5 0 0
14738.5 0 0
14739.5 0 0
14740.5 1 1
14741.5 1 1
14742.5 0 0
14743.5 1 1
14744.5 0 0
14745.5 0 0
14746.5 1 1
14747.5 0 0
14748.5 0 0
14749.5 2 1.41421
14750.5 0 0
14751.5 1 1
14752.5 0 0
14753.5 0 0
14754.5 1 1
14755.5 0 0
14756.5 0 0
14757.5 0 0
14758.5 0 0
14759.5 0 0
14760.5 1 1
14761.5 0 0
14762.5 0 0
14763.5 0 0
14764.5 0 0
14765.5 0 0
14766.5 1 1
14767.5 0 0
14768.5 0 0
14769.5 1 1
14770.5 0 0
14771.5 0 0
14772.5 0 0
14773.5 2 1.41421
14774.5 0 0
14775.5 0 0
14776.5 0 0
14777.5 0 0
14778.5 1 1
14779.5 0 0
14780.5 0 0
14781.5 0 0
14782.5 0 0
14783.5 0 0
14784.5 0 0
14785.5 0 0
14786.5 0 0
14787.5 1 1
14788.5 1 1
14789.5 1 1
14790.5 0 0
14791.5 1 1
14792.5 0 0
14793.5 1 1
14794.5 0 0
14795.5 0 0
14796.5 0 0
14797.5 1 1
14798.5 0 0
14799.5 0 0
14800.5 1 1
14801.5 0 0
14802.5 0 0
14803.5 0 0
14804.5 1 1
14805.5 0 0
14806.5 0 0
14807.5 0 0
14808.5 1 1
14809.5 0 0
14810.5 0 0
14811.5 2 1.41421
14812.5 0 0
14813.5 0 0
14814.5 0 0
14815.5 1 1
14816.5 0 0
14817.5 1 1
14818.5 0 0
14819.5 1 1
14820.5 0 0
14821.5 0 0
14822.5 0 0
14823.5 3 1.73205
14824.5 0 0
14825.5 1 1
14826.5 0 0
14827.5 0 0
14828.5 0 0
14829.5 0 0
14830.5 0 0
14831.5 1 1
14832.5 1 1
14833.5 0 0
14834.5 1 1
14835.5 0 0
14836.5 1 1
14837.5 0 0
14838.5 1 1
14839.5 0 0
14840.5 2 1.41421
14841.5 1 1
14842.5 1 1
14843.5 0 0
14844.5 1 1
14845.5 1 1
14846.5 1 1
14847.5 0 0
14848.5 0 0
14849.5 0 0
14850.5 0 0
14851.5 2 1.41421
14852.5 0 0
14853.5 0 0
14854.5 0 0
14855.5 1 1
14856.5 1 1
14857.5 0 0
14858.5 0 0
14859.5 1 1
14860.5 0 0
14861.5 1 1
14862.5 2 1.41421
14863.5 0 0
14864.5 1 1
14865.5 0 0
14866.5 0 0
14867.5 1 1
14868.5 0 0
14869.5 0 0
14870.5 0 0
14871.5 1 1
14872.5 0 0
14873.5 1 1
14874.5 0 0
14875.5 1 1
14876.5 0 0
14877.5 0 0
14878.5 1 1
14879.5 0 0
14880.5 0 0
14881.5 0 0
14882.5 1 1
14883.5 0 0
14884.5 0 0
14885.5 0 0
14886.5 0 0
14887.5 1 1
14888.5 0 0
14889.5 0 0
14890.5 0 0
14891.5 0 0
14892.5 0 0
14893.5 0 0
14894.5 0 0
14895.5 1 1
14896.5 0 0
14897.5 0 0
14898.5 0 0
14899.5 0 0
14900.5 0 0
14901.5 0 0
14902.5 1 1
14903.5 1 1
14904.5 1 1
14905.5 0 0
14906.5 1 1
14907.5 0 0
14908.5 0 0
14909.5 0 0
14910.5 0 0
14911.5 0 0
14912.5 2 1.41421
14913.5 2 1.41421
14914.5 0 0
14915.5 0 0
14916.5 0 0
14917.5 0 0
14918.5 2 1.41421
14919.5 0 0
14920.5 0 0
14921.5 0 0
14922.5 1 1
14923.5 0 0
14924.5 3 1.73205
14925.5 0 0
14926.5 0 0
14927.5 0 0
14928.5 1 1
14929.5 0 0
14930.5 1 1
14931.5 0 0
14932.5 0 0
14933.5 0 0
14934.5 0 0
14935.5 0 0
14936.5 0 0
14937.5 0 0
14938.5 1 1
14939.5 1 1
14940.5 0 0
14941.5 2 1.41421
14942.5 1 1
14943.5 0 0
14944.5 0 0
14945.5 2 1.41421
14946.5 1 1
14947.5 0 0
14948.5 1 1
14949.5 1 1
14950.5 2 1.41421
14951.5 1 1
14952.5 0 0
14953.5 1 1
14954.5 2 1.41421
14955.5 1 1
14956.5 1 1
14957.5 1 1
14958.5 1 1
14959.5 1 1
14960.5 1 1
14961.5 1 1
14962.5 1 1
14963.5 0 0
14964.5 0 0
14965.5 0 0
14966.5 4 2
14967.5 1 1
14968.5 1 1
14969.5 1 1
14970.5 1 1
14971.5 0 0
14972.5 3 1.73205
14973.5 0 0
14974.5 1 1
14975.5 0 0
14976.5 1 1
14977.5 1 1
14978.5 0 0
14979.5 1 1
14980.5 1 1
14981.5 0 0
14982.5 0 0
14983.5 1 1
14984.5 0 0
14985.5 2 1.41421
14986.5 0 0
14987.5 0 0
14988.5 0 0
14989.5 0 0
14990.5 0 0
14991.5 0 0
14992.5 1 1
14993.5 0 0
14994.5 0 0
14995.5 0 0
14996.5 0 0
14997.5 0 0
14998.5 1 1
14999.5 0 0
15000.5 1 1
15001.5 0 0
15002.5 0 0
15003.5 0 0
15004.5 0 0
15005.5 0 0
15006.5 0 0
15007.5 1 1
15008.5 0 0
15009.5 0 0
15010.5 0 0
15011.5 0 0
15012.5 0 0
15013.5 0 0
15014.5 0 0
15015.5 0 0
15016.5 0 0
15017.5 0 0
15018.5 2 1.41421
15019.5 1 1
15020.5 0 0
15021.5 0 0
15022.5 1 1
15023.5 0 0
15024.5 0 0
15025.5 1 1
15026.5 0 0
15027.5 1 1
15028.5 0 0
15029.5 0 0
15030.5 0 0
15031.5 1 1
15032.5 0 0
15033.5 0 0
15034.5 1 1
15035.5 0 0
15036.5 0 0
15037.5 0 0
15038.5 1 1
15039.5 2 1.41421
15040.5 0 0
15041.5 0 0
15042.5 1 1
15043.5 1 1
15044.5 0 0
15045.5 0 0
15046.5 0 0
15047.5 0 0
15048.5 1 1
15049.5 0 0
15050.5 0 0
15051.5 0 0
15052.5 0 0
15053.5 1 1
15054.5 1 1
15055.5 1 1
15056.5 0 0
15057.5 0 0
15058.5 1 1
15059.5 0 0
15060.5 0 0
15061.5 0 0
15062.5 1 1
15063.5 0 0
15064.5 0 0
15065.5 0 0
15066.5 0 0
15067.5 0 0
15068.5 0 0
15069.5 0 0
15070.5 0 0
15071.5 0 0
15072.5 1 1
15073.5 0 0
15074.5 1 1
15075.5 0 0
15076.5 0 0
15077.5 1 1
15078.5 0 0
15079.5 1 1
15080.5 0 0
15081.5 0 0
15082.5 0 0
15083.5 0 0
15084.5 0 0
15085.5 0 0
15086.5 0 0
15087.5 0 0
15088.5 0 0
15089.5 0 0
15090.5 0 0
15091.5 0 0
15092.5 1 1
15093.5 0 0
15094.5 0 0
15095.5 0 0
15096.5 0 0
15097.5 0 0
15098.5 2 1.41421
15099.5 0 0
15100.5 0 0
15101.5 0 0
15102.5 0 0
15103.5 0 0
15104.5 1 1
15105.5 0 0
15106.5 0 0
15107.5 2 1.41421
15108.5 0 0
15109.5 0 0
15110.5 0 0
15111.5 1 1
15112.5 0 0
15113.5 0 0
15114.5 1 1
15115.5 2 1.41421
15116.5 0 0
15117.5 1 1
15118.5 0 0
15119.5 1 1
15120.5 0 0
15121.5 0 0
15122.5 0 0
15123.5 0 0
15124.5 0 0
15125.5 0 0
15126.5 0 0
15127.5 0 0
15128.5 0 0
15129.5 0 0
15130.5 0 0
15131.5 1 1
15132.5 0 0
15133.5 0 0
15134.5 1 1
15135.5 1 1
15136.5 2 1.41421
15137.5 0 0
15138.5 0 0
15139.5 0 0
15140.5 0 0
15141.5 0 0
15142.5 0 0
15143.5 0 0
15144.5 0 0
15145.5 0 0
15146.5 1 1
15147.5 0 0
15148.5 1 1
15149.5 0 0
15150.5 1 1
15151.5 1 1
15152.5 0 0
15153.5 0 0
15154.5 0 0
15155.5 0 0
15156.5 0 0
15157.5 0 0
15158.5 0 0
15159.5 0 0
15160.5 0 0
15161.5 0 0
15162.5 0 0
15163.5 0 0
15164.5 1 1
15165.5 0 0
15166.5 0 0
15167.5 0 0
15168.5 0 0
15169.5 0 0
15170.5 0 0
15171.5 0 0
15172.5 1 1
15173.5 0 0
15174.5 0 0
15175.5 0 0
15176.5 0 0
15177.5 0 0
15178.5 0 0
15179.5 0 0
15180.5 0 0
15181.5 0 0
15182.5 0 0
15183.5 0 0
15184.5 0 0
15185.5 0 0
15186.5 0 0
15187.5 0 0
15188.5 0 0
15189.5 0 0
15190.5 0 0
15191.5 0 0
15192.5 0 0
15193.5 0 0
15194.5 0 0
15195.5 0 0
15196.5 0 0
15197.5 0 0
15198.5 1 1
15199.5 0 0
15200.5 0 0
15201.5 0 0
15202.5 1 1
15203.5 0 0
15204.5 0 0
15205.5 0 0
15206.5 0 0
15207.5 0 0
15208.5 0 0
15209.5 0 0
15210.5 1 1
15211.5 0 0
15212.5 0 0
15213.5 0 0
15214.5 0 0
15215.5 0 0
15216.5 1 1
15217.5 0 0
15218.5 0 0
15219.5 0 0
15220.5 1 1
15221.5 1 1
15222.5 0 0
15223.5 0 0
15224.5 1 1
15225.5 0 0
15226.5 0 0
15227.5 0 0
15228.5 0 0
15229.5 0 0
15230.5 0 0
15231.5 0 0
15232.5 0 0
15233.5 0 0
15234.5 0 0
15235.5 0 0
15236.5 0 0
15237.5 0 0
15238.5 0 0
15239.5 0 0
15240.5 0 0
15241.5 0 0
15242.5 1 1
15243.5 0 0
15244.5 0 0
15245.5 0 0
15246.5 0 0
15247.5 0 0
15248.5 1 1
15249.5 0 0
15250.5 1 1
15251.5 0 0
15252.5 0 0
15253.5 0 0
15254.5 0 0
15255.5 1 1
15256.5 0 0
15257.5 1 1
15258.5 0 0
15259.5 0 0
15260.5 0 0
15261.5 0 0
15262.5 0 0
15263.5 0 0
15264.5 0 0
15265.5 0 0
15266.5 0 0
15267.5 0 0
15268.5 0 0
15269.5 0 0
15270.5 0 0
15271.5 0 0
15272.5 0 0
15273.5 0 0
15274.5 0 0
15275.5 0 0
15276.5 0 0
15277.5 0 0
15278.5 0 0
15279.5 0 0
15280.5 0 0
15281.5 0 0
15282.5 0 0
15283.5 0 0
15284.5 3 1.73205
15285.5 0 0
15286.5 0 0
15287.5 0 0
15288.5 0 0
15289.5 0 0
15290.5 0 0
15291.5 0 0
15292.5 0 0
15293.5 0 0
15294.5 0 0
15295.5 0 0
15296.5 0 0
15297.5 1 1
15298.5 0 0
15299.5 2 1.41421
15300.5 2 1.41421
15301.5 1 1
15302.5 0 0
15303.5 1 1
15304.5 0 0
15305.5 1 1
15306.5 0 0
15307.5 0 0
15308.5 0 0
15309.5 0 0
15310.5 1 1
15311.5 0 0
15312.5 0 0
15313.5 0 0
15314.5 0 0
15315.5 0 0
15316.5 0 0
15317.5 0 0
15318.5 0 0
15319.5 1 1
15320.5 0 0
15321.5 0 0
15322.5 0 0
15323.5 0 0
15324.5 0 0
15325.5 1 1
15326.5 0 0
15327.5 0 0
15328.5 0 0
15329.5 0 0
15330.5 0 0
15331.5 0 0
15332.5 1 1
15333.5 0 0
15334.5 0 0
15335.5 0 0
15336.5 0 0
15337.5 1 1
15338.5 0 0
15339.5 1 1
15340.5 0 0
15341.5 0 0
15342.5 0 0
15343.5 0 0
15344.5 0 0
15345.5 1 1
15346.5 0 0
15347.5 0 0
15348.5 0 0
15349.5 0 0
15350.5 0 0
15351.5 0 0
15352.5 0 0
15353.5 0 0
15354.5 1 1
15355.5 0 0
15356.5 0 0
15357.5 1 1
15358.5 0 0
15359.5 0 0
15360.5 0 0
15361.5 0 0
15362.5 0 0
15363.5 0 0
15364.5 0 0
15365.5 1 1
15366.5 0 0
15367.5 0 0
15368.5 0 0
15369.5 0 0
15370.5 1 1
15371.5 0 0
15372.5 0 0
15373.5 1 1
15374.5 0 0
15375.5 1 1
15376.5 1 1
15377.5 0 0
15378.5 0 0
15379.5 1 1
15380.5 0 0
15381.5 0 0
15382.5 0 0
15383.5 1 1
15384.5 0 0
15385.5 0 0
15386.5 0 0
15387.5 0 0
15388.5 0 0
15389.5 1 1
15390.5 0 0
15391.5 0 0
15392.5 0 0
15393.5 0 0
15394.5 0 0
15395.5 0 0
15396.5 0 0
15397.5 0 0
15398.5 0 0
15399.5 0 0
15400.5 0 0
15401.5 0 0
15402.5 0 0
15403.5 0 0
15404.5 0 0
15405.5 0 0
15406.5 0 0
15407.5 0 0
15408.5 0 0
15409.5 1 1
15410.5 0 0
15411.5 0 0
15412.5 0 0
15413.5 0 0
15414.5 0 0
15415.5 1 1
15416.5 0 0
15417.5 0 0
15418.5 0 0
15419.5 0 0
15420.5 0 0
15421.5 0 0
15422.5 0 0
15423.5 0 0
15424.5 0 0
15425.5 0 0
15426.5 0 0
15427.5 0 0
15428.5 0 0
15429.5 0 0
15430.5 0 0
15431.5 0 0
15432.5 0 0
15433.5 0 0
15434.5 0 0
15435.5 0 0
15436.5 0 0
15437.5 0 0
15438.5 0 0
15439.5 0 0
15440.5 0 0
15441.5 0 0
15442.5 0 0
15443.5 0 0
15444.5 0 0
15445.5 0 0
15446.5 0 0
15447.5 0 0
15448.5 0 0
15449.5 0 0
15450.5 0 0
15451.5 0 0
15452.5 0 0
15453.5 0 0
15454.5 0 0
15455.5 0 0
15456.5 0 0
15457.5 0 0
15458.5 0 0
15459.5 0 0
15460.5 0 0
15461.5 0 0
15462.5 0 0
15463.5 0 0
15464.5 0 0
15465.5 0 0
15466.5 0 0
15467.5 1 1
15468.5 0 0
15469.5 0 0
15470.5 0 0
15471.5 0 0
15472.5 0 0
15473.5 0 0
15474.5 0 0
15475.5 0 0
15476.5 0 0
15477.5 1 1
15478.5 0 0
15479.5 0 0
15480.5 0 0
15481.5 0 0
15482.5 0 0
15483.5 0 0
15484.5 0 0
15485.5 1 1
15486.5 0 0
15487.5 0 0
15488.5 0 0
15489.5 0 0
15490.5 0 0
15491.5 0 0
15492.5 0 0
15493.5 0 0
15494.5 0 0
15495.5 0 0
15496.5 0 0
15497.5 0 0
15498.5 0 0
15499.5 0 0
15500.5 0 0
15501.5 1 1
15502.5 0 0
15503.5 0 0
15504.5 0 0
15505.5 0 0
15506.5 0 0
15507.5 0 0
15508.5 0 0
15509.5 0 0
15510.5 0 0
15511.5 0 0
15512.5 0 0
15513.5 0 0
15514.5 0 0
15515.5 0 0
15516.5 1 1
15517.5 0 0
15518.5 1 1
15519.5 0 0
15520.5 0 0
15521.5 2 1.41421
15522.5 0 0
15523.5 0 0
15524.5 0 0
15525.5 0 0
15526.5 0 0
15527.5 0 0
15528.5 1 1
15529.5 0 0
15530.5 0 0
15531.5 0 0
15532.5 1 1
15533.5 0 0
15534.5 0 0
15535.5 0 0
15536.5 0 0
15537.5 0 0
15538.5 0 0
15539.5 1 1
15540.5 1 1
15541.5 0 0
15542.5 0 0
15543.5 0 0
15544.5 1 1
15545.5 0 0
15546.5 0 0
15547.5 0 0
15548.5 0 0
15549.5 0 0
15550.5 0 0
15551.5 0 0
15552.5 0 0
15553.5 1 1
15554.5 0 0
15555.5 0 0
15556.5 0 0
15557.5 0 0
15558.5 0 0
15559.5 0 0
15560.5 0 0
15561.5 0 0
15562.5 0 0
15563.5 0 0
15564.5 0 0
15565.5 0 0
15566.5 0 0
15567.5 0 0
15568.5 0 0
15569.5 0 0
15570.5 0 0
15571.5 0 0
15572.5 0 0
15573.5 0 0
15574.5 0 0
15575.5 0 0
15576.5 0 0
15577.5 1 1
15578.5 0 0
15579.5 0 0
15580.5 0 0
15581.5 1 1
15582.5 0 0
15583.5 0 0
15584.5 0 0
15585.5 0 0
15586.5 0 0
15587.5 1 1
15588.5 0 0
15589.5 1 1
15590.5 0 0
15591.5 0 0
15592.5 0 0
15593.5 0 0
15594.5 1 1
15595.5 0 0
15596.5 0 0
15597.5 0 0
15598.5 0 0
15599.5 0 0
15600.5 0 0
15601.5 0 0
15602.5 0 0
15603.5 0 0
15604.5 0 0
15605.5 1 1
15606.5 0 0
15607.5 1 1
15608.5 0 0
15609.5 0 0
15610.5 0 0
15611.5 0 0
15612.5 0 0
15613.5 0 0
15614.5 0 0
15615.5 0 0
15616.5 0 0
15617.5 0 0
15618.5 0 0
15619.5 2 1.41421
15620.5 0 0
15621.5 0 0
15622.5 1 1
15623.5 2 1.41421
15624.5 0 0
15625.5 0 0
15626.5 1 1
15627.5 0 0
15628.5 0 0
15629.5 1 1
15630.5 0 0
15631.5 0 0
15632.5 0 0
15633.5 1 1
15634.5 0 0
15635.5 0 0
15636.5 0 0
15637.5 2 1.41421
15638.5 1 1
15639.5 0 0
15640.5 0 0
15641.5 0 0
15642.5 1 1
15643.5 1 1
15644.5 2 1.41421
15645.5 2 1.41421
15646.5 3 1.73205
15647.5 1 1
15648.5 0 0
15649.5 0 0
15650.5 2 1.41421
15651.5 1 1
15652.5 1 1
15653.5 1 1
15654.5 3 1.73205
15655.5 2 1.41421
15656.5 3 1.73205
15657.5 4 2
15658.5 0 0
15659.5 3 1.73205
15660.5 1 1
15661.5 2 1.41421
15662.5 3 1.73205
15663.5 4 2
15664.5 3 1.73205
15665.5 1 1
15666.5 4 2
15667.5 2 1.41421
15668.5 2 1.41421
15669.5 0 0
15670.5 0 0
15671.5 1 1
15672.5 2 1.41421
15673.5 0 0
15674.5 0 0
15675.5 4 2
15676.5 0 0
15677.5 1 1
15678.5 0 0
15679.5 0 0
15680.5 0 0
15681.5 0 0
15682.5 0 0
15683.5 0 0
15684.5 1 1
15685.5 0 0
15686.5 0 0
15687.5 0 0
15688.5 0 0
15689.5 0 0
15690.5 1 1
15691.5 0 0
15692.5 1 1
15693.5 0 0
15694.5 0 0
15695.5 1 1
15696.5 1 1
15697.5 0 0
15698.5 1 1
15699.5 0 0
15700.5 0 0
15701.5 1 1
15702.5 0 0
15703.5 1 1
15704.5 0 0
15705.5 0 0
15706.5 1 1
15707.5 0 0
15708.5 0 0
15709.5 0 0
15710.5 0 0
15711.5 0 0
15712.5 0 0
15713.5 0 0
15714.5 0 0
15715.5 0 0
15716.5 0 0
15717.5 1 1
15718.5 0 0
15719.5 1 1
15720.5 0 0
15721.5 0 0
15722.5 1 1
15723.5 0 0
15724.5 0 0
15725.5 0 0
15726.5 1 1
15727.5 0 0
15728.5 0 0
15729.5 0 0
15730.5 0 0
15731.5 0 0
15732.5 1 1
15733.5 0 0
15734.5 1 1
15735.5 0 0
15736.5 0 0
15737.5 0 0
15738.5 0 0
15739.5 0 0
15740.5 0 0
15741.5 0 0
15742.5 0 0
15743.5 0 0
15744.5 0 0
15745.5 0 0
15746.5 0 0
15747.5 1 1
15748.5 1 1
15749.5 0 0
15750.5 0 0
15751.5 0 0
15752.5 0 0
15753.5 1 1
15754.5 0 0
15755.5 1 1
15756.5 0 0
15757.5 0 0
15758.5 2 1.41421
15759.5 0 0
15760.5 1 1
15761.5 0 0
15762.5 1 1
15763.5 1 1
15764.5 1 1
15765.5 3 1.73205
15766.5 3 1.73205
15767.5 0 0
15768.5 0 0
15769.5 3 1.73205
15770.5 1 1
15771.5 2 1.41421
15772.5 4 2
15773.5 4 2
15774.5 1 1
15775.5 0 0
15776.5 3 1.73205
15777.5 2 1.41421
15778.5 3 1.73205
15779.5 3 1.73205
15780.5 0 0
15781.5 0 0
15782.5 2 1.41421
15783.5 3 1.73205
15784.5 1 1
15785.5 4 2
15786.5 3 1.73205
15787.5 1 1
15788.5 0 0
15789.5 1 1
15790.5 2 1.41421
15791.5 0 0
15792.5 0 0
15793.5 1 1
15794.5 1 1
15795.5 0 0
15796.5 1 1
15797.5 0 0
15798.5 3 1.73205
15799.5 1 1
15800.5 0 0
15801.5 0 0
15802.5 0 0
15803.5 1 1
15804.5 2 1.41421
15805.5 1 1
15806.5 1 1
15807.5 0 0
15808.5 0 0
15809.5 0 0
15810.5 1 1
15811.5 1 1
15812.5 0 0
15813.5 0 0
15814.5 0 0
15815.5 0 0
15816.5 0 0
15817.5 0 0
15818.5 0 0
15819.5 0 0
15820.5 1 1
15821.5 0 0
15822.5 0 0
15823.5 2 1.41421
15824.5 0 0
15825.5 0 0
15826.5 0 0
15827.5 1 1
15828.5 0 0
15829.5 0 0
15830.5 0 0
15831.5 0 0
15832.5 0 0
15833.5 1 1
15834.5 0 0
15835.5 0 0
15836.5 0 0
15837.5 0 0
15838.5 0 0
15839.5 0 0
15840.5 0 0
15841.5 0 0
15842.5 0 0
15843.5 0 0
15844.5 1 1
15845.5 0 0
15846.5 1 1
15847.5 0 0
15848.5 0 0
15849.5 0 0
15850.5 0 0
15851.5 0 0
15852.5 0 0
15853.5 0 0
15854.5 0 0
15855.5 0 0
15856.5 0 0
15857.5 0 0
15858.5 0 0
15859.5 1 1
15860.5 1 1
15861.5 0 0
15862.5 0 0
15863.5 0 0
15864.5 0 0
15865.5 0 0
15866.5 0 0
15867.5 0 0
15868.5 0 0
15869.5 0 0
15870.5 0 0
15871.5 0 0
15872.5 0 0
15873.5 0 0
15874.5 0 0
15875.5 0 0
15876.5 0 0
15877.5 0 0
15878.5 0 0
15879.5 0 0
15880.5 0 0
15881.5 0 0
15882.5 0 0
15883.5 0 0
15884.5 0 0
15885.5 0 0
15886.5 1 1
15887.5 0 0
15888.5 1 1
15889.5 0 0
15890.5 0 0
15891.5 1 1
15892.5 0 0
15893.5 0 0
15894.5 0 0
15895.5 0 0
15896.5 0 0
15897.5 0 0
15898.5 0 0
15899.5 0 0
15900.5 0 0
15901.5 0 0
15902.5 0 0
15903.5 0 0
15904.5 0 0
15905.5 0 0
15906.5 1 1
15907.5 0 0
15908.5 0 0
15909.5 0 0
15910.5 0 0
15911.5 0 0
15912.5 0 0
15913.5 1 1
15914.5 0 0
15915.5 0 0
15916.5 0 0
15917.5 0 0
15918.5 0 0
15919.5 0 0
15920.5 0 0
15921.5 0 0
15922.5 0 0
15923.5 0 0
15924.5 1 1
15925.5 0 0
15926.5 2 1.41421
15927.5 0 0
15928.5 0 0
15929.5 0 0
15930.5 0 0
15931.5 0 0
15932.5 0 0
15933.5 1 1
15934.5 0 0
15935.5 0 0
15936.5 0 0
15937.5 0 0
15938.5 0 0
15939.5 0 0
15940.5 0 0
15941.5 0 0
15942.5 0 0
15943.5 0 0
15944.5 0 0
15945.5 1 1
15946.5 0 0
15947.5 0 0
15948.5 1 1
15949.5 0 0
15950.5 0 0
15951.5 0 0
15952.5 1 1
15953.5 0 0
15954.5 0 0
15955.5 1 1
15956.5 0 0
15957.5 0 0
15958.5 0 0
15959.5 0 0
15960.5 0 0
15961.5 0 0
15962.5 1 1
15963.5 0 0
15964.5 0 0
15965.5 0 0
15966.5 0 0
15967.5 0 0
15968.5 0 0
15969.5 0 0
15970.5 0 0
15971.5 0 0
15972.5 2 1.41421
15973.5 0 0
15974.5 0 0
15975.5 0 0
15976.5 0 0
15977.5 0 0
15978.5 1 1
15979.5 0 0
15980.5 0 0
15981.5 0 0
15982.5 0 0
15983.5 0 0
15984.5 0 0
15985.5 0 0
15986.5 1 1
15987.5 0 0
15988.5 0 0
15989.5 1 1
15990.5 0 0
15991.5 0 0
15992.5 0 0
15993.5 0 0
15994.5 0 0
15995.5 0 0
15996.5 0 0
15997.5 0 0
15998.5 0 0
15999.5 0 0
16000.5 0 0
16001.5 0 0
16002.5 0 0
16003.5 0 0
16004.5 2 1.41421
16005.5 0 0
16006.5 0 0
16007.5 0 0
16008.5 0 0
16009.5 0 0
16010.5 0 0
16011.5 0 0
16012.5 1 1
16013.5 0 0
16014.5 0 0
16015.5 0 0
16016.5 0 0
16017.5 0 0
16018.5 1 1
16019.5 0 0
16020.5 0 0
16021.5 0 0
16022.5 0 0
16023.5 0 0
16024.5 0 0
16025.5 0 0
16026.5 0 0
16027.5 0 0
16028.5 0 0
16029.5 0 0
16030.5 0 0
16031.5 0 0
16032.5 0 0
16033.5 0 0
16034.5 0 0
16035.5 0 0
16036.5 2 1.41421
16037.5 0 0
16038.5 1 1
16039.5 0 0
16040.5 0 0
16041.5 0 0
16042.5 0 0
16043.5 0 0
16044.5 0 0
16045.5 0 0
16046.5 1 1
16047.5 0 0
16048.5 0 0
16049.5 0 0
16050.5 2 1.41421
16051.5 2 1.41421
16052.5 1 1
16053.5 0 0
16054.5 0 0
16055.5 0 0
16056.5 1 1
16057.5 0 0
16058.5 2 1.41421
16059.5 1 1
16060.5 0 0
16061.5 1 1
16062.5 0 0
16063.5 1 1
16064.5 0 0
16065.5 2 1.41421
16066.5 1 1
16067.5 0 0
16068.5 1 1
16069.5 0 0
16070.5 0 0
16071.5 0 0
16072.5 0 0
16073.5 0 0
16074.5 1 1
16075.5 1 1
16076.5 0 0
16077.5 0 0
16078.5 0 0
16079.5 0 0
16080.5 0 0
16081.5 0 0
16082.5 0 0
16083.5 0 0
16084.5 0 0
16085.5 0 0
16086.5 0 0
16087.5 0 0
16088.5 0 0
16089.5 0 0
16090.5 0 0
16091.5 1 1
16092.5 0 0
16093.5 0 0
16094.5 2 1.41421
16095.5 0 0
16096.5 0 0
16097.5 0 0
16098.5 0 0
16099.5 1 1
16100.5 0 0
16101.5 0 0
16102.5 0 0
16103.5 0 0
16104.5 0 0
16105.5 0 0
16106.5 0 0
16107.5 0 0
16108.5 0 0
16109.5 0 0
16110.5 0 0
16111.5 0 0
16112.5 0 0
16113.5 0 0
16114.5 0 0
16115.5 0 0
16116.5 0 0
16117.5 0 0
16118.5 0 0
16119.5 0 0
16120.5 0 0
16121.5 0 0
16122.5 0 0
16123.5 0 0
16124.5 0 0
16125.5 0 0
16126.5 0 0
16127.5 0 0
16128.5 0 0
16129.5 0 0
16130.5 0 0
16131.5 1 1
16132.5 0 0
16133.5 0 0
16134.5 0 0
16135.5 0 0
16136.5 1 1
16137.5 0 0
16138.5 0 0
16139.5 0 0
16140.5 0 0
16141.5 1 1
16142.5 0 0
16143.5 0 0
16144.5 0 0
16145.5 0 0
16146.5 0 0
16147.5 0 0
16148.5 0 0
16149.5 0 0
16150.5 0 0
16151.5 0 0
16152.5 0 0
16153.5 0 0
16154.5 1 1
16155.5 0 0
16156.5 0 0
16157.5 0 0
16158.5 0 0
16159.5 0 0
16160.5 0 0
16161.5 0 0
16162.5 0 0
16163.5 0 0
16164.5 0 0
16165.5 0 0
16166.5 0 0
16167.5 0 0
16168.5 0 0
16169.5 1 1
16170.5 0 0
16171.5 0 0
16172.5 2 1.41421
16173.5 0 0
16174.5 0 0
16175.5 1 1
16176.5 0 0
16177.5 1 1
16178.5 0 0
16179.5 0 0
16180.5 0 0
16181.5 0 0
16182.5 0 0
16183.5 0 0
16184.5 0 0
16185.5 0 0
16186.5 0 0
16187.5 0 0
16188.5 0 0
16189.5 0 0
16190.5 0 0
16191.5 0 0
16192.5 0 0
16193.5 0 0
16194.5 0 0
16195.5 0 0
16196.5 0 0
16197.5 0 0
16198.5 0 0
16199.5 0 0
16200.5 0 0
16201.5 0 0
16202.5 0 0
16203.5 0 0
16204.5 0 0
16205.5 0 0
16206.5 0 0
16207.5 1 1
16208.5 0 0
16209.5 1 1
16210.5 1 1
16211.5 0 0
16212.5 0 0
16213.5 0 0
16214.5 0 0
16215.5 0 0
16216.5 0 0
16217.5 0 0
16218.5 1 1
16219.5 0 0
16220.5 1 1
16221.5 0 0
16222.5 1 1
16223.5 0 0
16224.5 0 0
16225.5 0 0
16226.5 0 0
16227.5 0 0
16228.5 0 0
16229.5 0 0
16230.5 0 0
16231.5 0 0
16232.5 0 0
16233.5 0 0
16234.5 0 0
16235.5 0 0
16236.5 0 0
16237.5 0 0
16238.5 0 0
16239.5 0 0
16240.5 1 1
16241.5 0 0
16242.5 0 0
16243.5 0 0
16244.5 0 0
16245.5 0 0
16246.5 0 0
16247.5 0 0
16248.5 0 0
16249.5 0 0
16250.5 0 0
16251.5 0 0
16252.5 0 0
16253.5 0 0
16254.5 0 0
16255.5 0 0
16256.5 0 0
16257.5 0 0
16258.5 0 0
16259.5 0 0
16260.5 0 0
16261.5 0 0
16262.5 0 0
16263.5 0 0
16264.5 1 1
16265.5 0 0
16266.5 0 0
16267.5 1 1
16268.5 0 0
16269.5 0 0
16270.5 0 0
16271.5 1 1
16272.5 1 1
16273.5 0 0
16274.5 0 0
16275.5 0 0
16276.5 0 0
16277.5 0 0
16278.5 0 0
16279.5 0 0
16280.5 0 0
16281.5 0 0
16282.5 1 1
16283.5 1 1
16284.5 0 0
16285.5 0 0
16286.5 0 0
16287.5 0 0
16288.5 0 0
16289.5 0 0
16290.5 1 1
16291.5 2 1.41421
16292.5 1 1
16293.5 0 0
16294.5 0 0
16295.5 0 0
16296.5 0 0
16297.5 0 0
16298.5 0 0
16299.5 0 0
16300.5 0 0
16301.5 0 0
16302.5 1 1
16303.5 1 1
16304.5 0 0
16305.5 0 0
16306.5 1 1
16307.5 0 0
16308.5 0 0
16309.5 1 1
16310.5 0 0
16311.5 0 0
16312.5 0 0
16313.5 0 0
16314.5 0 0
16315.5 0 0
16316.5 0 0
16317.5 0 0
16318.5 2 1.41421
16319.5 1 1
16320.5 0 0
16321.5 1 1
16322.5 0 0
16323.5 0 0
16324.5 0 0
16325.5 1 1
16326.5 0 0
16327.5 0 0
16328.5 0 0
16329.5 0 0
16330.5 1 1
16331.5 1 1
16332.5 0 0
16333.5 0 0
16334.5 0 0
16335.5 0 0
16336.5 0 0
16337.5 0 0
16338.5 0 0
16339.5 0 0
16340.5 0 0
16341.5 0 0
16342.5 0 0
16343.5 0 0
16344.5 0 0
16345.5 0 0
16346.5 0 0
16347.5 0 0
16348.5 0 0
16349.5 0 0
16350.5 0 0
16351.5 1 1
16352.5 0 0
16353.5 0 0
16354.5 0 0
16355.5 0 0
16356.5 0 0
16357.5 0 0
16358.5 0 0
16359.5 1 1
16360.5 0 0
16361.5 0 0
16362.5 0 0
16363.5 0 0
16364.5 1 1
16365.5 0 0
16366.5 0 0
16367.5 0 0
16368.5 0 0
16369.5 0 0
16370.5 0 0
16371.5 0 0
16372.5 1 1
16373.5 0 0
16374.5 0 0
16375.5 0 0
16376.5 0 0
16377.5 0 0
16378.5 0 0
16379.5 0 0
16380.5 0 0
16381.5 0 0
16382.5 0 0
16383.5 0 0
