# Histogram: 109
# File: K47_T1_002-0.his
#X  N  dN
0.5 37737 194.26
1.5 17 4.12311
2.5 18 4.24264
3.5 22 4.69042
4.5 19 4.3589
5.5 14 3.74166
6.5 18 4.24264
7.5 25 5
8.5 14 3.74166
9.5 16 4
10.5 14 3.74166
11.5 18 4.24264
12.5 16 4
13.5 22 4.69042
14.5 23 4.79583
15.5 25 5
16.5 37 6.08276
17.5 40 6.32456
18.5 29 5.38516
19.5 57 7.54983
20.5 49 7
21.5 61 7.81025
22.5 61 7.81025
23.5 94 9.69536
24.5 74 8.60233
25.5 102 10.0995
26.5 113 10.6301
27.5 99 9.94987
28.5 133 11.5326
29.5 153 12.3693
30.5 150 12.2474
31.5 170 13.0384
32.5 203 14.2478
33.5 181 13.4536
34.5 211 14.5258
35.5 224 14.9666
36.5 226 15.0333
37.5 253 15.906
38.5 260 16.1245
39.5 290 17.0294
40.5 304 17.4356
41.5 321 17.9165
42.5 316 17.7764
43.5 321 17.9165
44.5 314 17.72
45.5 386 19.6469
46.5 353 18.7883
47.5 387 19.6723
48.5 384 19.5959
49.5 402 20.0499
50.5 390 19.7484
51.5 377 19.4165
52.5 415 20.3715
53.5 405 20.1246
54.5 424 20.5913
55.5 429 20.7123
56.5 435 20.8567
57.5 420 20.4939
58.5 465 21.5639
59.5 455 21.3307
60.5 481 21.9317
61.5 447 21.1424
62.5 454 21.3073
63.5 475 21.7945
64.5 501 22.383
65.5 499 22.3383
66.5 472 21.7256
67.5 483 21.9773
68.5 446 21.1187
69.5 459 21.4243
70.5 486 22.0454
71.5 492 22.1811
72.5 507 22.5167
73.5 501 22.383
74.5 477 21.8403
75.5 468 21.6333
76.5 513 22.6495
77.5 490 22.1359
78.5 466 21.587
79.5 497 22.2935
80.5 493 22.2036
81.5 456 21.3542
82.5 510 22.5832
83.5 491 22.1585
84.5 495 22.2486
85.5 519 22.7816
86.5 472 21.7256
87.5 493 22.2036
88.5 495 22.2486
89.5 507 22.5167
90.5 519 22.7816
91.5 496 22.2711
92.5 497 22.2935
93.5 501 22.383
94.5 481 21.9317
95.5 533 23.0868
96.5 535 23.1301
97.5 501 22.383
98.5 502 22.4054
99.5 532 23.0651
100.5 510 22.5832
101.5 471 21.7025
102.5 557 23.6008
103.5 539 23.2164
104.5 494 22.2261
105.5 539 23.2164
106.5 490 22.1359
107.5 550 23.4521
108.5 523 22.8692
109.5 546 23.3666
110.5 514 22.6716
111.5 540 23.2379
112.5 531 23.0434
113.5 502 22.4054
114.5 499 22.3383
115.5 507 22.5167
116.5 525 22.9129
117.5 525 22.9129
118.5 554 23.5372
119.5 528 22.9783
120.5 532 23.0651
121.5 564 23.7487
122.5 537 23.1733
123.5 558 23.622
124.5 577 24.0208
125.5 560 23.6643
126.5 597 24.4336
127.5 585 24.1868
128.5 527 22.9565
129.5 628 25.0599
130.5 529 23
131.5 565 23.7697
132.5 556 23.5797
133.5 617 24.8395
134.5 629 25.0799
135.5 572 23.9165
136.5 585 24.1868
137.5 582 24.1247
138.5 568 23.8328
139.5 573 23.9374
140.5 631 25.1197
141.5 583 24.1454
142.5 572 23.9165
143.5 551 23.4734
144.5 602 24.5357
145.5 609 24.6779
146.5 558 23.622
147.5 597 24.4336
148.5 637 25.2389
149.5 574 23.9583
150.5 595 24.3926
151.5 592 24.3311
152.5 601 24.5153
153.5 589 24.2693
154.5 621 24.9199
155.5 573 23.9374
156.5 654 25.5734
157.5 605 24.5967
158.5 576 24
159.5 605 24.5967
160.5 616 24.8193
161.5 595 24.3926
162.5 606 24.6171
163.5 574 23.9583
164.5 600 24.4949
165.5 617 24.8395
166.5 604 24.5764
167.5 593 24.3516
168.5 651 25.5147
169.5 595 24.3926
170.5 625 25
171.5 630 25.0998
172.5 633 25.1595
173.5 649 25.4755
174.5 624 24.98
175.5 631 25.1197
176.5 666 25.807
177.5 631 25.1197
178.5 606 24.6171
179.5 611 24.7184
180.5 620 24.8998
181.5 598 24.454
182.5 665 25.7876
183.5 628 25.0599
184.5 672 25.923
185.5 683 26.1343
186.5 665 25.7876
187.5 639 25.2784
188.5 659 25.671
189.5 635 25.1992
190.5 659 25.671
191.5 657 25.632
192.5 681 26.096
193.5 671 25.9037
194.5 656 25.6125
195.5 651 25.5147
196.5 648 25.4558
197.5 685 26.1725
198.5 667 25.8263
199.5 712 26.6833
200.5 684 26.1534
201.5 676 26
202.5 653 25.5539
203.5 696 26.3818
204.5 690 26.2679
205.5 620 24.8998
206.5 672 25.923
207.5 670 25.8844
208.5 659 25.671
209.5 649 25.4755
210.5 694 26.3439
211.5 686 26.1916
212.5 699 26.4386
213.5 716 26.7582
214.5 664 25.7682
215.5 712 26.6833
216.5 710 26.6458
217.5 645 25.3969
218.5 721 26.8514
219.5 746 27.313
220.5 657 25.632
221.5 693 26.3249
222.5 690 26.2679
223.5 757 27.5136
224.5 704 26.533
225.5 742 27.2397
226.5 705 26.5518
227.5 723 26.8887
228.5 686 26.1916
229.5 714 26.7208
230.5 685 26.1725
231.5 689 26.2488
232.5 697 26.4008
233.5 698 26.4197
234.5 742 27.2397
235.5 715 26.7395
236.5 705 26.5518
237.5 726 26.9444
238.5 709 26.6271
239.5 708 26.6083
240.5 675 25.9808
241.5 715 26.7395
242.5 783 27.9821
243.5 671 25.9037
244.5 737 27.1477
245.5 700 26.4575
246.5 763 27.6225
247.5 649 25.4755
248.5 796 28.2135
249.5 733 27.074
250.5 731 27.037
251.5 728 26.9815
252.5 693 26.3249
253.5 733 27.074
254.5 766 27.6767
255.5 721 26.8514
256.5 708 26.6083
257.5 716 26.7582
258.5 728 26.9815
259.5 733 27.074
260.5 709 26.6271
261.5 711 26.6646
262.5 727 26.9629
263.5 752 27.4226
264.5 658 25.6515
265.5 753 27.4408
266.5 714 26.7208
267.5 818 28.6007
268.5 736 27.1293
269.5 745 27.2947
270.5 719 26.8142
271.5 708 26.6083
272.5 766 27.6767
273.5 732 27.0555
274.5 745 27.2947
275.5 752 27.4226
276.5 717 26.7769
277.5 737 27.1477
278.5 737 27.1477
279.5 717 26.7769
280.5 766 27.6767
281.5 751 27.4044
282.5 704 26.533
283.5 791 28.1247
284.5 738 27.1662
285.5 749 27.3679
286.5 740 27.2029
287.5 759 27.55
288.5 724 26.9072
289.5 720 26.8328
290.5 777 27.8747
291.5 758 27.5318
292.5 706 26.5707
293.5 790 28.1069
294.5 762 27.6043
295.5 688 26.2298
296.5 697 26.4008
297.5 770 27.7489
298.5 763 27.6225
299.5 705 26.5518
300.5 756 27.4955
301.5 765 27.6586
302.5 739 27.1846
303.5 774 27.8209
304.5 829 28.7924
305.5 735 27.1109
306.5 772 27.7849
307.5 827 28.7576
308.5 753 27.4408
309.5 761 27.5862
310.5 754 27.4591
311.5 752 27.4226
312.5 754 27.4591
313.5 739 27.1846
314.5 767 27.6948
315.5 756 27.4955
316.5 774 27.8209
317.5 721 26.8514
318.5 789 28.0891
319.5 767 27.6948
320.5 779 27.9106
321.5 746 27.313
322.5 773 27.8029
323.5 749 27.3679
324.5 795 28.1957
325.5 732 27.0555
326.5 794 28.178
327.5 768 27.7128
328.5 803 28.3373
329.5 783 27.9821
330.5 751 27.4044
331.5 776 27.8568
332.5 766 27.6767
333.5 805 28.3725
334.5 793 28.1603
335.5 795 28.1957
336.5 761 27.5862
337.5 794 28.178
338.5 791 28.1247
339.5 826 28.7402
340.5 780 27.9285
341.5 774 27.8209
342.5 843 29.0345
343.5 727 26.9629
344.5 822 28.6705
345.5 765 27.6586
346.5 779 27.9106
347.5 879 29.6479
348.5 778 27.8927
349.5 796 28.2135
350.5 810 28.4605
351.5 781 27.9464
352.5 771 27.7669
353.5 821 28.6531
354.5 824 28.7054
355.5 835 28.8964
356.5 823 28.688
357.5 814 28.5307
358.5 795 28.1957
359.5 782 27.9643
360.5 788 28.0713
361.5 790 28.1069
362.5 816 28.5657
363.5 844 29.0517
364.5 806 28.3901
365.5 813 28.5132
366.5 793 28.1603
367.5 823 28.688
368.5 784 28
369.5 792 28.1425
370.5 824 28.7054
371.5 848 29.1204
372.5 855 29.2404
373.5 783 27.9821
374.5 847 29.1033
375.5 830 28.8097
376.5 796 28.2135
377.5 837 28.931
378.5 859 29.3087
379.5 847 29.1033
380.5 782 27.9643
381.5 821 28.6531
382.5 802 28.3196
383.5 866 29.4279
384.5 807 28.4077
385.5 849 29.1376
386.5 823 28.688
387.5 777 27.8747
388.5 853 29.2062
389.5 841 29
390.5 809 28.4429
391.5 797 28.2312
392.5 882 29.6985
393.5 865 29.4109
394.5 806 28.3901
395.5 901 30.0167
396.5 917 30.282
397.5 846 29.0861
398.5 857 29.2746
399.5 828 28.775
400.5 881 29.6816
401.5 889 29.8161
402.5 856 29.2575
403.5 874 29.5635
404.5 892 29.8664
405.5 860 29.3258
406.5 861 29.3428
407.5 895 29.9166
408.5 837 28.931
409.5 865 29.4109
410.5 873 29.5466
411.5 879 29.6479
412.5 844 29.0517
413.5 846 29.0861
414.5 917 30.282
415.5 853 29.2062
416.5 877 29.6142
417.5 872 29.5296
418.5 853 29.2062
419.5 848 29.1204
420.5 824 28.7054
421.5 881 29.6816
422.5 836 28.9137
423.5 874 29.5635
424.5 869 29.4788
425.5 888 29.7993
426.5 844 29.0517
427.5 873 29.5466
428.5 823 28.688
429.5 889 29.8161
430.5 834 28.8791
431.5 850 29.1548
432.5 816 28.5657
433.5 858 29.2916
434.5 831 28.8271
435.5 833 28.8617
436.5 873 29.5466
437.5 883 29.7153
438.5 898 29.9666
439.5 916 30.2655
440.5 852 29.189
441.5 817 28.5832
442.5 905 30.0832
443.5 839 28.9655
444.5 887 29.7825
445.5 878 29.6311
446.5 882 29.6985
447.5 852 29.189
448.5 837 28.931
449.5 890 29.8329
450.5 848 29.1204
451.5 885 29.7489
452.5 921 30.348
453.5 852 29.189
454.5 871 29.5127
455.5 854 29.2233
456.5 950 30.8221
457.5 881 29.6816
458.5 905 30.0832
459.5 875 29.5804
460.5 867 29.4449
461.5 921 30.348
462.5 948 30.7896
463.5 895 29.9166
464.5 894 29.8998
465.5 883 29.7153
466.5 863 29.3769
467.5 870 29.4958
468.5 886 29.7658
469.5 908 30.133
470.5 877 29.6142
471.5 894 29.8998
472.5 910 30.1662
473.5 895 29.9166
474.5 975 31.225
475.5 838 28.9482
476.5 872 29.5296
477.5 897 29.95
478.5 940 30.6594
479.5 864 29.3939
480.5 911 30.1828
481.5 899 29.9833
482.5 895 29.9166
483.5 952 30.8545
484.5 918 30.2985
485.5 869 29.4788
486.5 931 30.5123
487.5 859 29.3087
488.5 924 30.3974
489.5 895 29.9166
490.5 859 29.3087
491.5 852 29.189
492.5 870 29.4958
493.5 874 29.5635
494.5 930 30.4959
495.5 904 30.0666
496.5 974 31.209
497.5 902 30.0333
498.5 901 30.0167
499.5 937 30.6105
500.5 906 30.0998
501.5 897 29.95
502.5 966 31.0805
503.5 905 30.0832
504.5 868 29.4618
505.5 873 29.5466
506.5 909 30.1496
507.5 854 29.2233
508.5 955 30.9031
509.5 878 29.6311
510.5 873 29.5466
511.5 875 29.5804
512.5 990 31.4643
513.5 919 30.315
514.5 909 30.1496
515.5 917 30.282
516.5 918 30.2985
517.5 900 30
518.5 948 30.7896
519.5 910 30.1662
520.5 924 30.3974
521.5 844 29.0517
522.5 880 29.6648
523.5 914 30.2324
524.5 876 29.5973
525.5 908 30.133
526.5 900 30
527.5 932 30.5287
528.5 895 29.9166
529.5 924 30.3974
530.5 935 30.5778
531.5 985 31.3847
532.5 922 30.3645
533.5 921 30.348
534.5 857 29.2746
535.5 961 31
536.5 841 29
537.5 902 30.0333
538.5 883 29.7153
539.5 945 30.7409
540.5 929 30.4795
541.5 908 30.133
542.5 877 29.6142
543.5 853 29.2062
544.5 869 29.4788
545.5 927 30.4467
546.5 885 29.7489
547.5 882 29.6985
548.5 975 31.225
549.5 920 30.3315
550.5 923 30.3809
551.5 948 30.7896
552.5 907 30.1164
553.5 941 30.6757
554.5 891 29.8496
555.5 892 29.8664
556.5 942 30.692
557.5 957 30.9354
558.5 887 29.7825
559.5 919 30.315
560.5 954 30.8869
561.5 941 30.6757
562.5 894 29.8998
563.5 907 30.1164
564.5 932 30.5287
565.5 936 30.5941
566.5 881 29.6816
567.5 855 29.2404
568.5 929 30.4795
569.5 908 30.133
570.5 874 29.5635
571.5 920 30.3315
572.5 954 30.8869
573.5 946 30.7571
574.5 971 31.1609
575.5 901 30.0167
576.5 904 30.0666
577.5 937 30.6105
578.5 939 30.6431
579.5 874 29.5635
580.5 847 29.1033
581.5 908 30.133
582.5 920 30.3315
583.5 901 30.0167
584.5 966 31.0805
585.5 955 30.9031
586.5 927 30.4467
587.5 953 30.8707
588.5 936 30.5941
589.5 921 30.348
590.5 896 29.9333
591.5 927 30.4467
592.5 931 30.5123
593.5 920 30.3315
594.5 896 29.9333
595.5 929 30.4795
596.5 955 30.9031
597.5 949 30.8058
598.5 931 30.5123
599.5 966 31.0805
600.5 937 30.6105
601.5 971 31.1609
602.5 1002 31.6544
603.5 921 30.348
604.5 954 30.8869
605.5 943 30.7083
606.5 940 30.6594
607.5 996 31.5595
608.5 961 31
609.5 895 29.9166
610.5 967 31.0966
611.5 991 31.4802
612.5 978 31.273
613.5 999 31.607
614.5 981 31.3209
615.5 937 30.6105
616.5 960 30.9839
617.5 950 30.8221
618.5 961 31
619.5 978 31.273
620.5 1006 31.7175
621.5 968 31.1127
622.5 988 31.4325
623.5 954 30.8869
624.5 958 30.9516
625.5 971 31.1609
626.5 1037 32.2025
627.5 969 31.1288
628.5 966 31.0805
629.5 927 30.4467
630.5 972 31.1769
631.5 1031 32.1092
632.5 1006 31.7175
633.5 943 30.7083
634.5 987 31.4166
635.5 927 30.4467
636.5 937 30.6105
637.5 958 30.9516
638.5 947 30.7734
639.5 915 30.249
640.5 978 31.273
641.5 1008 31.749
642.5 988 31.4325
643.5 958 30.9516
644.5 983 31.3528
645.5 973 31.1929
646.5 993 31.5119
647.5 925 30.4138
648.5 981 31.3209
649.5 1001 31.6386
650.5 997 31.5753
651.5 997 31.5753
652.5 936 30.5941
653.5 909 30.1496
654.5 1030 32.0936
655.5 995 31.5436
656.5 981 31.3209
657.5 952 30.8545
658.5 987 31.4166
659.5 995 31.5436
660.5 1011 31.7962
661.5 915 30.249
662.5 968 31.1127
663.5 970 31.1448
664.5 917 30.282
665.5 968 31.1127
666.5 984 31.3688
667.5 912 30.1993
668.5 909 30.1496
669.5 992 31.496
670.5 935 30.5778
671.5 954 30.8869
672.5 958 30.9516
673.5 977 31.257
674.5 971 31.1609
675.5 942 30.692
676.5 982 31.3369
677.5 955 30.9031
678.5 907 30.1164
679.5 948 30.7896
680.5 984 31.3688
681.5 985 31.3847
682.5 965 31.0644
683.5 908 30.133
684.5 997 31.5753
685.5 969 31.1288
686.5 908 30.133
687.5 942 30.692
688.5 938 30.6268
689.5 928 30.4631
690.5 969 31.1288
691.5 1039 32.2335
692.5 1005 31.7017
693.5 898 29.9666
694.5 877 29.6142
695.5 963 31.0322
696.5 935 30.5778
697.5 1030 32.0936
698.5 1052 32.4345
699.5 945 30.7409
700.5 1007 31.7333
701.5 940 30.6594
702.5 968 31.1127
703.5 983 31.3528
704.5 938 30.6268
705.5 989 31.4484
706.5 975 31.225
707.5 979 31.289
708.5 1005 31.7017
709.5 975 31.225
710.5 960 30.9839
711.5 956 30.9192
712.5 935 30.5778
713.5 920 30.3315
714.5 986 31.4006
715.5 977 31.257
716.5 955 30.9031
717.5 957 30.9354
718.5 961 31
719.5 988 31.4325
720.5 960 30.9839
721.5 948 30.7896
722.5 939 30.6431
723.5 973 31.1929
724.5 967 31.0966
725.5 959 30.9677
726.5 962 31.0161
727.5 947 30.7734
728.5 953 30.8707
729.5 983 31.3528
730.5 981 31.3209
731.5 912 30.1993
732.5 946 30.7571
733.5 944 30.7246
734.5 930 30.4959
735.5 952 30.8545
736.5 994 31.5278
737.5 964 31.0483
738.5 951 30.8383
739.5 969 31.1288
740.5 976 31.241
741.5 914 30.2324
742.5 947 30.7734
743.5 970 31.1448
744.5 976 31.241
745.5 921 30.348
746.5 919 30.315
747.5 950 30.8221
748.5 970 31.1448
749.5 983 31.3528
750.5 926 30.4302
751.5 900 30
752.5 939 30.6431
753.5 957 30.9354
754.5 902 30.0333
755.5 1020 31.9374
756.5 922 30.3645
757.5 921 30.348
758.5 933 30.545
759.5 919 30.315
760.5 934 30.5614
761.5 964 31.0483
762.5 936 30.5941
763.5 941 30.6757
764.5 960 30.9839
765.5 932 30.5287
766.5 918 30.2985
767.5 910 30.1662
768.5 933 30.545
769.5 930 30.4959
770.5 921 30.348
771.5 943 30.7083
772.5 891 29.8496
773.5 924 30.3974
774.5 957 30.9354
775.5 919 30.315
776.5 918 30.2985
777.5 998 31.5911
778.5 922 30.3645
779.5 942 30.692
780.5 932 30.5287
781.5 961 31
782.5 951 30.8383
783.5 929 30.4795
784.5 904 30.0666
785.5 973 31.1929
786.5 927 30.4467
787.5 950 30.8221
788.5 906 30.0998
789.5 974 31.209
790.5 964 31.0483
791.5 966 31.0805
792.5 895 29.9166
793.5 957 30.9354
794.5 928 30.4631
795.5 872 29.5296
796.5 875 29.5804
797.5 857 29.2746
798.5 899 29.9833
799.5 927 30.4467
800.5 872 29.5296
801.5 921 30.348
802.5 969 31.1288
803.5 948 30.7896
804.5 910 30.1662
805.5 906 30.0998
806.5 892 29.8664
807.5 897 29.95
808.5 897 29.95
809.5 958 30.9516
810.5 948 30.7896
811.5 886 29.7658
812.5 915 30.249
813.5 871 29.5127
814.5 927 30.4467
815.5 956 30.9192
816.5 905 30.0832
817.5 897 29.95
818.5 912 30.1993
819.5 904 30.0666
820.5 933 30.545
821.5 934 30.5614
822.5 928 30.4631
823.5 931 30.5123
824.5 938 30.6268
825.5 871 29.5127
826.5 925 30.4138
827.5 972 31.1769
828.5 896 29.9333
829.5 903 30.05
830.5 892 29.8664
831.5 951 30.8383
832.5 906 30.0998
833.5 889 29.8161
834.5 910 30.1662
835.5 971 31.1609
836.5 916 30.2655
837.5 869 29.4788
838.5 939 30.6431
839.5 868 29.4618
840.5 874 29.5635
841.5 892 29.8664
842.5 879 29.6479
843.5 851 29.1719
844.5 941 30.6757
845.5 935 30.5778
846.5 911 30.1828
847.5 914 30.2324
848.5 870 29.4958
849.5 906 30.0998
850.5 916 30.2655
851.5 907 30.1164
852.5 909 30.1496
853.5 886 29.7658
854.5 863 29.3769
855.5 926 30.4302
856.5 920 30.3315
857.5 943 30.7083
858.5 905 30.0832
859.5 881 29.6816
860.5 856 29.2575
861.5 880 29.6648
862.5 848 29.1204
863.5 921 30.348
864.5 851 29.1719
865.5 902 30.0333
866.5 835 28.8964
867.5 939 30.6431
868.5 946 30.7571
869.5 839 28.9655
870.5 866 29.4279
871.5 876 29.5973
872.5 956 30.9192
873.5 873 29.5466
874.5 908 30.133
875.5 892 29.8664
876.5 861 29.3428
877.5 922 30.3645
878.5 870 29.4958
879.5 927 30.4467
880.5 857 29.2746
881.5 846 29.0861
882.5 897 29.95
883.5 882 29.6985
884.5 868 29.4618
885.5 920 30.3315
886.5 856 29.2575
887.5 898 29.9666
888.5 894 29.8998
889.5 890 29.8329
890.5 948 30.7896
891.5 826 28.7402
892.5 866 29.4279
893.5 860 29.3258
894.5 862 29.3598
895.5 937 30.6105
896.5 911 30.1828
897.5 861 29.3428
898.5 886 29.7658
899.5 909 30.1496
900.5 865 29.4109
901.5 893 29.8831
902.5 889 29.8161
903.5 889 29.8161
904.5 874 29.5635
905.5 896 29.9333
906.5 855 29.2404
907.5 913 30.2159
908.5 888 29.7993
909.5 872 29.5296
910.5 853 29.2062
911.5 890 29.8329
912.5 833 28.8617
913.5 861 29.3428
914.5 877 29.6142
915.5 865 29.4109
916.5 844 29.0517
917.5 895 29.9166
918.5 894 29.8998
919.5 846 29.0861
920.5 837 28.931
921.5 845 29.0689
922.5 856 29.2575
923.5 914 30.2324
924.5 843 29.0345
925.5 879 29.6479
926.5 856 29.2575
927.5 906 30.0998
928.5 844 29.0517
929.5 847 29.1033
930.5 889 29.8161
931.5 883 29.7153
932.5 844 29.0517
933.5 886 29.7658
934.5 855 29.2404
935.5 865 29.4109
936.5 861 29.3428
937.5 923 30.3809
938.5 894 29.8998
939.5 836 28.9137
940.5 889 29.8161
941.5 840 28.9828
942.5 888 29.7993
943.5 890 29.8329
944.5 874 29.5635
945.5 921 30.348
946.5 875 29.5804
947.5 906 30.0998
948.5 868 29.4618
949.5 868 29.4618
950.5 898 29.9666
951.5 894 29.8998
952.5 856 29.2575
953.5 898 29.9666
954.5 906 30.0998
955.5 876 29.5973
956.5 918 30.2985
957.5 899 29.9833
958.5 847 29.1033
959.5 924 30.3974
960.5 883 29.7153
961.5 871 29.5127
962.5 878 29.6311
963.5 936 30.5941
964.5 879 29.6479
965.5 889 29.8161
966.5 892 29.8664
967.5 871 29.5127
968.5 919 30.315
969.5 909 30.1496
970.5 910 30.1662
971.5 886 29.7658
972.5 939 30.6431
973.5 915 30.249
974.5 919 30.315
975.5 921 30.348
976.5 937 30.6105
977.5 960 30.9839
978.5 889 29.8161
979.5 969 31.1288
980.5 887 29.7825
981.5 904 30.0666
982.5 956 30.9192
983.5 981 31.3209
984.5 978 31.273
985.5 993 31.5119
986.5 928 30.4631
987.5 1009 31.7648
988.5 935 30.5778
989.5 952 30.8545
990.5 954 30.8869
991.5 1030 32.0936
992.5 929 30.4795
993.5 957 30.9354
994.5 1028 32.0624
995.5 934 30.5614
996.5 937 30.6105
997.5 950 30.8221
998.5 930 30.4959
999.5 973 31.1929
1000.5 1021 31.9531
1001.5 978 31.273
1002.5 987 31.4166
1003.5 982 31.3369
1004.5 977 31.257
1005.5 959 30.9677
1006.5 1003 31.6702
1007.5 940 30.6594
1008.5 967 31.0966
1009.5 979 31.289
1010.5 1036 32.187
1011.5 970 31.1448
1012.5 985 31.3847
1013.5 983 31.3528
1014.5 960 30.9839
1015.5 988 31.4325
1016.5 965 31.0644
1017.5 905 30.0832
1018.5 979 31.289
1019.5 1018 31.9061
1020.5 996 31.5595
1021.5 950 30.8221
1022.5 989 31.4484
1023.5 982 31.3369
1024.5 976 31.241
1025.5 969 31.1288
1026.5 999 31.607
1027.5 913 30.2159
1028.5 1008 31.749
1029.5 975 31.225
1030.5 926 30.4302
1031.5 1034 32.1559
1032.5 967 31.0966
1033.5 960 30.9839
1034.5 980 31.305
1035.5 987 31.4166
1036.5 1026 32.0312
1037.5 1002 31.6544
1038.5 954 30.8869
1039.5 960 30.9839
1040.5 983 31.3528
1041.5 946 30.7571
1042.5 985 31.3847
1043.5 947 30.7734
1044.5 923 30.3809
1045.5 931 30.5123
1046.5 953 30.8707
1047.5 949 30.8058
1048.5 933 30.545
1049.5 987 31.4166
1050.5 929 30.4795
1051.5 973 31.1929
1052.5 903 30.05
1053.5 918 30.2985
1054.5 930 30.4959
1055.5 934 30.5614
1056.5 932 30.5287
1057.5 951 30.8383
1058.5 937 30.6105
1059.5 978 31.273
1060.5 946 30.7571
1061.5 973 31.1929
1062.5 911 30.1828
1063.5 929 30.4795
1064.5 926 30.4302
1065.5 924 30.3974
1066.5 955 30.9031
1067.5 951 30.8383
1068.5 897 29.95
1069.5 882 29.6985
1070.5 894 29.8998
1071.5 972 31.1769
1072.5 935 30.5778
1073.5 921 30.348
1074.5 966 31.0805
1075.5 902 30.0333
1076.5 918 30.2985
1077.5 928 30.4631
1078.5 981 31.3209
1079.5 919 30.315
1080.5 891 29.8496
1081.5 862 29.3598
1082.5 886 29.7658
1083.5 904 30.0666
1084.5 897 29.95
1085.5 888 29.7993
1086.5 907 30.1164
1087.5 944 30.7246
1088.5 895 29.9166
1089.5 919 30.315
1090.5 911 30.1828
1091.5 920 30.3315
1092.5 915 30.249
1093.5 937 30.6105
1094.5 894 29.8998
1095.5 861 29.3428
1096.5 867 29.4449
1097.5 974 31.209
1098.5 880 29.6648
1099.5 907 30.1164
1100.5 929 30.4795
1101.5 867 29.4449
1102.5 837 28.931
1103.5 912 30.1993
1104.5 891 29.8496
1105.5 924 30.3974
1106.5 897 29.95
1107.5 821 28.6531
1108.5 848 29.1204
1109.5 891 29.8496
1110.5 849 29.1376
1111.5 845 29.0689
1112.5 879 29.6479
1113.5 845 29.0689
1114.5 885 29.7489
1115.5 878 29.6311
1116.5 864 29.3939
1117.5 819 28.6182
1118.5 879 29.6479
1119.5 811 28.4781
1120.5 788 28.0713
1121.5 833 28.8617
1122.5 833 28.8617
1123.5 923 30.3809
1124.5 880 29.6648
1125.5 909 30.1496
1126.5 848 29.1204
1127.5 829 28.7924
1128.5 799 28.2666
1129.5 866 29.4279
1130.5 847 29.1033
1131.5 812 28.4956
1132.5 892 29.8664
1133.5 804 28.3549
1134.5 808 28.4253
1135.5 824 28.7054
1136.5 798 28.2489
1137.5 812 28.4956
1138.5 845 29.0689
1139.5 823 28.688
1140.5 865 29.4109
1141.5 830 28.8097
1142.5 805 28.3725
1143.5 834 28.8791
1144.5 818 28.6007
1145.5 851 29.1719
1146.5 876 29.5973
1147.5 855 29.2404
1148.5 806 28.3901
1149.5 839 28.9655
1150.5 814 28.5307
1151.5 778 27.8927
1152.5 874 29.5635
1153.5 846 29.0861
1154.5 808 28.4253
1155.5 798 28.2489
1156.5 786 28.0357
1157.5 819 28.6182
1158.5 811 28.4781
1159.5 802 28.3196
1160.5 793 28.1603
1161.5 798 28.2489
1162.5 773 27.8029
1163.5 756 27.4955
1164.5 750 27.3861
1165.5 839 28.9655
1166.5 762 27.6043
1167.5 792 28.1425
1168.5 834 28.8791
1169.5 724 26.9072
1170.5 805 28.3725
1171.5 744 27.2764
1172.5 769 27.7308
1173.5 764 27.6405
1174.5 763 27.6225
1175.5 800 28.2843
1176.5 799 28.2666
1177.5 811 28.4781
1178.5 807 28.4077
1179.5 822 28.6705
1180.5 778 27.8927
1181.5 775 27.8388
1182.5 810 28.4605
1183.5 759 27.55
1184.5 791 28.1247
1185.5 748 27.3496
1186.5 781 27.9464
1187.5 797 28.2312
1188.5 774 27.8209
1189.5 792 28.1425
1190.5 822 28.6705
1191.5 744 27.2764
1192.5 774 27.8209
1193.5 761 27.5862
1194.5 796 28.2135
1195.5 763 27.6225
1196.5 767 27.6948
1197.5 711 26.6646
1198.5 796 28.2135
1199.5 808 28.4253
1200.5 727 26.9629
1201.5 786 28.0357
1202.5 789 28.0891
1203.5 743 27.258
1204.5 735 27.1109
1205.5 720 26.8328
1206.5 752 27.4226
1207.5 771 27.7669
1208.5 766 27.6767
1209.5 745 27.2947
1210.5 754 27.4591
1211.5 767 27.6948
1212.5 785 28.0179
1213.5 743 27.258
1214.5 681 26.096
1215.5 726 26.9444
1216.5 763 27.6225
1217.5 728 26.9815
1218.5 750 27.3861
1219.5 748 27.3496
1220.5 780 27.9285
1221.5 738 27.1662
1222.5 777 27.8747
1223.5 763 27.6225
1224.5 731 27.037
1225.5 725 26.9258
1226.5 719 26.8142
1227.5 768 27.7128
1228.5 749 27.3679
1229.5 798 28.2489
1230.5 762 27.6043
1231.5 740 27.2029
1232.5 714 26.7208
1233.5 753 27.4408
1234.5 793 28.1603
1235.5 716 26.7582
1236.5 717 26.7769
1237.5 752 27.4226
1238.5 750 27.3861
1239.5 716 26.7582
1240.5 742 27.2397
1241.5 769 27.7308
1242.5 784 28
1243.5 751 27.4044
1244.5 715 26.7395
1245.5 736 27.1293
1246.5 734 27.0924
1247.5 733 27.074
1248.5 750 27.3861
1249.5 741 27.2213
1250.5 765 27.6586
1251.5 715 26.7395
1252.5 749 27.3679
1253.5 691 26.2869
1254.5 744 27.2764
1255.5 716 26.7582
1256.5 713 26.7021
1257.5 743 27.258
1258.5 734 27.0924
1259.5 711 26.6646
1260.5 747 27.3313
1261.5 735 27.1109
1262.5 752 27.4226
1263.5 754 27.4591
1264.5 780 27.9285
1265.5 771 27.7669
1266.5 767 27.6948
1267.5 754 27.4591
1268.5 745 27.2947
1269.5 688 26.2298
1270.5 750 27.3861
1271.5 727 26.9629
1272.5 721 26.8514
1273.5 724 26.9072
1274.5 679 26.0576
1275.5 772 27.7849
1276.5 741 27.2213
1277.5 729 27
1278.5 699 26.4386
1279.5 754 27.4591
1280.5 737 27.1477
1281.5 763 27.6225
1282.5 737 27.1477
1283.5 757 27.5136
1284.5 763 27.6225
1285.5 684 26.1534
1286.5 723 26.8887
1287.5 714 26.7208
1288.5 686 26.1916
1289.5 690 26.2679
1290.5 722 26.8701
1291.5 683 26.1343
1292.5 723 26.8887
1293.5 728 26.9815
1294.5 707 26.5895
1295.5 763 27.6225
1296.5 711 26.6646
1297.5 707 26.5895
1298.5 686 26.1916
1299.5 700 26.4575
1300.5 704 26.533
1301.5 707 26.5895
1302.5 705 26.5518
1303.5 691 26.2869
1304.5 766 27.6767
1305.5 712 26.6833
1306.5 738 27.1662
1307.5 682 26.1151
1308.5 727 26.9629
1309.5 722 26.8701
1310.5 685 26.1725
1311.5 737 27.1477
1312.5 760 27.5681
1313.5 689 26.2488
1314.5 677 26.0192
1315.5 701 26.4764
1316.5 640 25.2982
1317.5 739 27.1846
1318.5 728 26.9815
1319.5 694 26.3439
1320.5 719 26.8142
1321.5 711 26.6646
1322.5 692 26.3059
1323.5 669 25.865
1324.5 688 26.2298
1325.5 673 25.9422
1326.5 676 26
1327.5 671 25.9037
1328.5 683 26.1343
1329.5 699 26.4386
1330.5 713 26.7021
1331.5 632 25.1396
1332.5 656 25.6125
1333.5 708 26.6083
1334.5 669 25.865
1335.5 676 26
1336.5 634 25.1794
1337.5 684 26.1534
1338.5 734 27.0924
1339.5 653 25.5539
1340.5 634 25.1794
1341.5 673 25.9422
1342.5 710 26.6458
1343.5 665 25.7876
1344.5 664 25.7682
1345.5 723 26.8887
1346.5 656 25.6125
1347.5 650 25.4951
1348.5 705 26.5518
1349.5 671 25.9037
1350.5 716 26.7582
1351.5 678 26.0384
1352.5 635 25.1992
1353.5 657 25.632
1354.5 727 26.9629
1355.5 642 25.3377
1356.5 650 25.4951
1357.5 632 25.1396
1358.5 689 26.2488
1359.5 706 26.5707
1360.5 638 25.2587
1361.5 634 25.1794
1362.5 690 26.2679
1363.5 644 25.3772
1364.5 672 25.923
1365.5 648 25.4558
1366.5 647 25.4362
1367.5 698 26.4197
1368.5 697 26.4008
1369.5 688 26.2298
1370.5 683 26.1343
1371.5 649 25.4755
1372.5 678 26.0384
1373.5 619 24.8797
1374.5 675 25.9808
1375.5 647 25.4362
1376.5 688 26.2298
1377.5 626 25.02
1378.5 627 25.04
1379.5 618 24.8596
1380.5 646 25.4165
1381.5 690 26.2679
1382.5 587 24.2281
1383.5 639 25.2784
1384.5 620 24.8998
1385.5 689 26.2488
1386.5 644 25.3772
1387.5 653 25.5539
1388.5 638 25.2587
1389.5 715 26.7395
1390.5 619 24.8797
1391.5 626 25.02
1392.5 662 25.7294
1393.5 595 24.3926
1394.5 639 25.2784
1395.5 626 25.02
1396.5 657 25.632
1397.5 655 25.593
1398.5 628 25.0599
1399.5 714 26.7208
1400.5 580 24.0832
1401.5 649 25.4755
1402.5 645 25.3969
1403.5 610 24.6982
1404.5 591 24.3105
1405.5 608 24.6577
1406.5 606 24.6171
1407.5 611 24.7184
1408.5 635 25.1992
1409.5 633 25.1595
1410.5 586 24.2074
1411.5 601 24.5153
1412.5 622 24.9399
1413.5 634 25.1794
1414.5 584 24.1661
1415.5 651 25.5147
1416.5 629 25.0799
1417.5 576 24
1418.5 614 24.779
1419.5 605 24.5967
1420.5 618 24.8596
1421.5 616 24.8193
1422.5 592 24.3311
1423.5 685 26.1725
1424.5 630 25.0998
1425.5 634 25.1794
1426.5 607 24.6374
1427.5 604 24.5764
1428.5 619 24.8797
1429.5 670 25.8844
1430.5 634 25.1794
1431.5 593 24.3516
1432.5 652 25.5343
1433.5 618 24.8596
1434.5 594 24.3721
1435.5 609 24.6779
1436.5 621 24.9199
1437.5 649 25.4755
1438.5 588 24.2487
1439.5 593 24.3516
1440.5 591 24.3105
1441.5 595 24.3926
1442.5 648 25.4558
1443.5 627 25.04
1444.5 658 25.6515
1445.5 614 24.779
1446.5 603 24.5561
1447.5 609 24.6779
1448.5 601 24.5153
1449.5 611 24.7184
1450.5 587 24.2281
1451.5 620 24.8998
1452.5 647 25.4362
1453.5 588 24.2487
1454.5 555 23.5584
1455.5 619 24.8797
1456.5 593 24.3516
1457.5 598 24.454
1458.5 542 23.2809
1459.5 574 23.9583
1460.5 583 24.1454
1461.5 591 24.3105
1462.5 595 24.3926
1463.5 624 24.98
1464.5 578 24.0416
1465.5 605 24.5967
1466.5 557 23.6008
1467.5 550 23.4521
1468.5 601 24.5153
1469.5 631 25.1197
1470.5 548 23.4094
1471.5 578 24.0416
1472.5 568 23.8328
1473.5 607 24.6374
1474.5 588 24.2487
1475.5 574 23.9583
1476.5 578 24.0416
1477.5 620 24.8998
1478.5 631 25.1197
1479.5 635 25.1992
1480.5 604 24.5764
1481.5 555 23.5584
1482.5 607 24.6374
1483.5 588 24.2487
1484.5 595 24.3926
1485.5 590 24.2899
1486.5 541 23.2594
1487.5 571 23.8956
1488.5 587 24.2281
1489.5 589 24.2693
1490.5 573 23.9374
1491.5 628 25.0599
1492.5 557 23.6008
1493.5 604 24.5764
1494.5 542 23.2809
1495.5 594 24.3721
1496.5 576 24
1497.5 593 24.3516
1498.5 596 24.4131
1499.5 570 23.8747
1500.5 611 24.7184
1501.5 626 25.02
1502.5 581 24.1039
1503.5 622 24.9399
1504.5 517 22.7376
1505.5 587 24.2281
1506.5 567 23.8118
1507.5 561 23.6854
1508.5 590 24.2899
1509.5 606 24.6171
1510.5 557 23.6008
1511.5 557 23.6008
1512.5 592 24.3311
1513.5 582 24.1247
1514.5 606 24.6171
1515.5 599 24.4745
1516.5 586 24.2074
1517.5 576 24
1518.5 562 23.7065
1519.5 545 23.3452
1520.5 545 23.3452
1521.5 546 23.3666
1522.5 549 23.4307
1523.5 525 22.9129
1524.5 556 23.5797
1525.5 571 23.8956
1526.5 589 24.2693
1527.5 541 23.2594
1528.5 557 23.6008
1529.5 540 23.2379
1530.5 562 23.7065
1531.5 564 23.7487
1532.5 512 22.6274
1533.5 537 23.1733
1534.5 555 23.5584
1535.5 575 23.9792
1536.5 577 24.0208
1537.5 549 23.4307
1538.5 542 23.2809
1539.5 573 23.9374
1540.5 531 23.0434
1541.5 575 23.9792
1542.5 540 23.2379
1543.5 566 23.7908
1544.5 528 22.9783
1545.5 585 24.1868
1546.5 565 23.7697
1547.5 521 22.8254
1548.5 512 22.6274
1549.5 545 23.3452
1550.5 544 23.3238
1551.5 533 23.0868
1552.5 535 23.1301
1553.5 536 23.1517
1554.5 589 24.2693
1555.5 585 24.1868
1556.5 523 22.8692
1557.5 555 23.5584
1558.5 543 23.3024
1559.5 518 22.7596
1560.5 557 23.6008
1561.5 565 23.7697
1562.5 549 23.4307
1563.5 547 23.388
1564.5 560 23.6643
1565.5 559 23.6432
1566.5 498 22.3159
1567.5 538 23.1948
1568.5 514 22.6716
1569.5 550 23.4521
1570.5 564 23.7487
1571.5 563 23.7276
1572.5 510 22.5832
1573.5 569 23.8537
1574.5 562 23.7065
1575.5 554 23.5372
1576.5 541 23.2594
1577.5 575 23.9792
1578.5 506 22.4944
1579.5 550 23.4521
1580.5 561 23.6854
1581.5 525 22.9129
1582.5 535 23.1301
1583.5 564 23.7487
1584.5 522 22.8473
1585.5 526 22.9347
1586.5 520 22.8035
1587.5 523 22.8692
1588.5 576 24
1589.5 538 23.1948
1590.5 538 23.1948
1591.5 554 23.5372
1592.5 513 22.6495
1593.5 517 22.7376
1594.5 554 23.5372
1595.5 547 23.388
1596.5 530 23.0217
1597.5 581 24.1039
1598.5 531 23.0434
1599.5 528 22.9783
1600.5 537 23.1733
1601.5 514 22.6716
1602.5 528 22.9783
1603.5 476 21.8174
1604.5 537 23.1733
1605.5 497 22.2935
1606.5 527 22.9565
1607.5 504 22.4499
1608.5 526 22.9347
1609.5 523 22.8692
1610.5 499 22.3383
1611.5 527 22.9565
1612.5 547 23.388
1613.5 522 22.8473
1614.5 538 23.1948
1615.5 538 23.1948
1616.5 547 23.388
1617.5 521 22.8254
1618.5 545 23.3452
1619.5 561 23.6854
1620.5 526 22.9347
1621.5 508 22.5389
1622.5 554 23.5372
1623.5 514 22.6716
1624.5 518 22.7596
1625.5 502 22.4054
1626.5 521 22.8254
1627.5 508 22.5389
1628.5 541 23.2594
1629.5 504 22.4499
1630.5 533 23.0868
1631.5 497 22.2935
1632.5 524 22.891
1633.5 543 23.3024
1634.5 534 23.1084
1635.5 484 22
1636.5 480 21.9089
1637.5 563 23.7276
1638.5 503 22.4277
1639.5 542 23.2809
1640.5 518 22.7596
1641.5 514 22.6716
1642.5 560 23.6643
1643.5 518 22.7596
1644.5 504 22.4499
1645.5 525 22.9129
1646.5 506 22.4944
1647.5 542 23.2809
1648.5 476 21.8174
1649.5 495 22.2486
1650.5 556 23.5797
1651.5 519 22.7816
1652.5 514 22.6716
1653.5 495 22.2486
1654.5 497 22.2935
1655.5 486 22.0454
1656.5 531 23.0434
1657.5 522 22.8473
1658.5 515 22.6936
1659.5 485 22.0227
1660.5 468 21.6333
1661.5 524 22.891
1662.5 529 23
1663.5 476 21.8174
1664.5 491 22.1585
1665.5 488 22.0907
1666.5 518 22.7596
1667.5 507 22.5167
1668.5 539 23.2164
1669.5 529 23
1670.5 550 23.4521
1671.5 509 22.561
1672.5 539 23.2164
1673.5 504 22.4499
1674.5 549 23.4307
1675.5 558 23.622
1676.5 525 22.9129
1677.5 508 22.5389
1678.5 517 22.7376
1679.5 469 21.6564
1680.5 472 21.7256
1681.5 475 21.7945
1682.5 487 22.0681
1683.5 468 21.6333
1684.5 493 22.2036
1685.5 467 21.6102
1686.5 492 22.1811
1687.5 500 22.3607
1688.5 480 21.9089
1689.5 489 22.1133
1690.5 494 22.2261
1691.5 508 22.5389
1692.5 521 22.8254
1693.5 488 22.0907
1694.5 473 21.7486
1695.5 473 21.7486
1696.5 459 21.4243
1697.5 500 22.3607
1698.5 456 21.3542
1699.5 505 22.4722
1700.5 511 22.6053
1701.5 545 23.3452
1702.5 485 22.0227
1703.5 467 21.6102
1704.5 551 23.4734
1705.5 495 22.2486
1706.5 497 22.2935
1707.5 512 22.6274
1708.5 535 23.1301
1709.5 528 22.9783
1710.5 479 21.8861
1711.5 460 21.4476
1712.5 469 21.6564
1713.5 471 21.7025
1714.5 456 21.3542
1715.5 500 22.3607
1716.5 501 22.383
1717.5 489 22.1133
1718.5 483 21.9773
1719.5 515 22.6936
1720.5 498 22.3159
1721.5 533 23.0868
1722.5 473 21.7486
1723.5 466 21.587
1724.5 511 22.6053
1725.5 513 22.6495
1726.5 490 22.1359
1727.5 485 22.0227
1728.5 476 21.8174
1729.5 479 21.8861
1730.5 483 21.9773
1731.5 477 21.8403
1732.5 446 21.1187
1733.5 506 22.4944
1734.5 441 21
1735.5 514 22.6716
1736.5 491 22.1585
1737.5 456 21.3542
1738.5 494 22.2261
1739.5 479 21.8861
1740.5 513 22.6495
1741.5 487 22.0681
1742.5 467 21.6102
1743.5 494 22.2261
1744.5 462 21.4942
1745.5 503 22.4277
1746.5 445 21.095
1747.5 487 22.0681
1748.5 512 22.6274
1749.5 481 21.9317
1750.5 510 22.5832
1751.5 488 22.0907
1752.5 492 22.1811
1753.5 520 22.8035
1754.5 476 21.8174
1755.5 521 22.8254
1756.5 487 22.0681
1757.5 463 21.5174
1758.5 433 20.8087
1759.5 484 22
1760.5 472 21.7256
1761.5 469 21.6564
1762.5 477 21.8403
1763.5 460 21.4476
1764.5 527 22.9565
1765.5 492 22.1811
1766.5 474 21.7715
1767.5 495 22.2486
1768.5 491 22.1585
1769.5 494 22.2261
1770.5 485 22.0227
1771.5 477 21.8403
1772.5 468 21.6333
1773.5 426 20.6398
1774.5 484 22
1775.5 466 21.587
1776.5 514 22.6716
1777.5 499 22.3383
1778.5 468 21.6333
1779.5 535 23.1301
1780.5 477 21.8403
1781.5 445 21.095
1782.5 474 21.7715
1783.5 495 22.2486
1784.5 452 21.2603
1785.5 504 22.4499
1786.5 484 22
1787.5 485 22.0227
1788.5 485 22.0227
1789.5 458 21.4009
1790.5 487 22.0681
1791.5 499 22.3383
1792.5 488 22.0907
1793.5 498 22.3159
1794.5 457 21.3776
1795.5 497 22.2935
1796.5 496 22.2711
1797.5 486 22.0454
1798.5 458 21.4009
1799.5 473 21.7486
1800.5 490 22.1359
1801.5 469 21.6564
1802.5 515 22.6936
1803.5 477 21.8403
1804.5 487 22.0681
1805.5 490 22.1359
1806.5 479 21.8861
1807.5 452 21.2603
1808.5 505 22.4722
1809.5 475 21.7945
1810.5 485 22.0227
1811.5 470 21.6795
1812.5 504 22.4499
1813.5 495 22.2486
1814.5 462 21.4942
1815.5 500 22.3607
1816.5 499 22.3383
1817.5 457 21.3776
1818.5 444 21.0713
1819.5 442 21.0238
1820.5 471 21.7025
1821.5 471 21.7025
1822.5 467 21.6102
1823.5 463 21.5174
1824.5 499 22.3383
1825.5 485 22.0227
1826.5 460 21.4476
1827.5 499 22.3383
1828.5 440 20.9762
1829.5 528 22.9783
1830.5 494 22.2261
1831.5 459 21.4243
1832.5 475 21.7945
1833.5 490 22.1359
1834.5 467 21.6102
1835.5 454 21.3073
1836.5 458 21.4009
1837.5 488 22.0907
1838.5 493 22.2036
1839.5 437 20.9045
1840.5 471 21.7025
1841.5 501 22.383
1842.5 448 21.166
1843.5 451 21.2368
1844.5 457 21.3776
1845.5 478 21.8632
1846.5 473 21.7486
1847.5 461 21.4709
1848.5 445 21.095
1849.5 462 21.4942
1850.5 510 22.5832
1851.5 475 21.7945
1852.5 508 22.5389
1853.5 529 23
1854.5 466 21.587
1855.5 437 20.9045
1856.5 446 21.1187
1857.5 495 22.2486
1858.5 490 22.1359
1859.5 517 22.7376
1860.5 449 21.1896
1861.5 479 21.8861
1862.5 479 21.8861
1863.5 461 21.4709
1864.5 494 22.2261
1865.5 517 22.7376
1866.5 477 21.8403
1867.5 494 22.2261
1868.5 478 21.8632
1869.5 468 21.6333
1870.5 474 21.7715
1871.5 451 21.2368
1872.5 528 22.9783
1873.5 475 21.7945
1874.5 475 21.7945
1875.5 483 21.9773
1876.5 437 20.9045
1877.5 535 23.1301
1878.5 468 21.6333
1879.5 485 22.0227
1880.5 496 22.2711
1881.5 503 22.4277
1882.5 491 22.1585
1883.5 479 21.8861
1884.5 480 21.9089
1885.5 463 21.5174
1886.5 425 20.6155
1887.5 446 21.1187
1888.5 447 21.1424
1889.5 477 21.8403
1890.5 486 22.0454
1891.5 483 21.9773
1892.5 483 21.9773
1893.5 491 22.1585
1894.5 472 21.7256
1895.5 507 22.5167
1896.5 473 21.7486
1897.5 477 21.8403
1898.5 451 21.2368
1899.5 489 22.1133
1900.5 440 20.9762
1901.5 489 22.1133
1902.5 437 20.9045
1903.5 474 21.7715
1904.5 479 21.8861
1905.5 472 21.7256
1906.5 467 21.6102
1907.5 469 21.6564
1908.5 465 21.5639
1909.5 474 21.7715
1910.5 461 21.4709
1911.5 471 21.7025
1912.5 451 21.2368
1913.5 464 21.5407
1914.5 475 21.7945
1915.5 451 21.2368
1916.5 486 22.0454
1917.5 423 20.567
1918.5 457 21.3776
1919.5 467 21.6102
1920.5 494 22.2261
1921.5 497 22.2935
1922.5 456 21.3542
1923.5 457 21.3776
1924.5 486 22.0454
1925.5 484 22
1926.5 461 21.4709
1927.5 494 22.2261
1928.5 466 21.587
1929.5 450 21.2132
1930.5 483 21.9773
1931.5 466 21.587
1932.5 479 21.8861
1933.5 488 22.0907
1934.5 454 21.3073
1935.5 487 22.0681
1936.5 436 20.8806
1937.5 450 21.2132
1938.5 501 22.383
1939.5 509 22.561
1940.5 486 22.0454
1941.5 493 22.2036
1942.5 503 22.4277
1943.5 472 21.7256
1944.5 458 21.4009
1945.5 430 20.7364
1946.5 492 22.1811
1947.5 461 21.4709
1948.5 490 22.1359
1949.5 464 21.5407
1950.5 513 22.6495
1951.5 477 21.8403
1952.5 471 21.7025
1953.5 448 21.166
1954.5 465 21.5639
1955.5 491 22.1585
1956.5 478 21.8632
1957.5 469 21.6564
1958.5 462 21.4942
1959.5 488 22.0907
1960.5 506 22.4944
1961.5 451 21.2368
1962.5 468 21.6333
1963.5 478 21.8632
1964.5 459 21.4243
1965.5 459 21.4243
1966.5 447 21.1424
1967.5 445 21.095
1968.5 477 21.8403
1969.5 504 22.4499
1970.5 505 22.4722
1971.5 436 20.8806
1972.5 492 22.1811
1973.5 471 21.7025
1974.5 503 22.4277
1975.5 463 21.5174
1976.5 474 21.7715
1977.5 449 21.1896
1978.5 484 22
1979.5 474 21.7715
1980.5 455 21.3307
1981.5 465 21.5639
1982.5 467 21.6102
1983.5 509 22.561
1984.5 513 22.6495
1985.5 429 20.7123
1986.5 471 21.7025
1987.5 473 21.7486
1988.5 475 21.7945
1989.5 487 22.0681
1990.5 491 22.1585
1991.5 492 22.1811
1992.5 463 21.5174
1993.5 473 21.7486
1994.5 477 21.8403
1995.5 511 22.6053
1996.5 480 21.9089
1997.5 493 22.2036
1998.5 491 22.1585
1999.5 468 21.6333
2000.5 451 21.2368
2001.5 453 21.2838
2002.5 443 21.0476
2003.5 504 22.4499
2004.5 458 21.4009
2005.5 437 20.9045
2006.5 450 21.2132
2007.5 462 21.4942
2008.5 534 23.1084
2009.5 471 21.7025
2010.5 448 21.166
2011.5 493 22.2036
2012.5 453 21.2838
2013.5 487 22.0681
2014.5 460 21.4476
2015.5 489 22.1133
2016.5 472 21.7256
2017.5 464 21.5407
2018.5 511 22.6053
2019.5 464 21.5407
2020.5 449 21.1896
2021.5 478 21.8632
2022.5 510 22.5832
2023.5 496 22.2711
2024.5 486 22.0454
2025.5 452 21.2603
2026.5 485 22.0227
2027.5 453 21.2838
2028.5 483 21.9773
2029.5 488 22.0907
2030.5 514 22.6716
2031.5 499 22.3383
2032.5 485 22.0227
2033.5 484 22
2034.5 518 22.7596
2035.5 481 21.9317
2036.5 484 22
2037.5 465 21.5639
2038.5 467 21.6102
2039.5 499 22.3383
2040.5 491 22.1585
2041.5 502 22.4054
2042.5 468 21.6333
2043.5 469 21.6564
2044.5 473 21.7486
2045.5 458 21.4009
2046.5 461 21.4709
2047.5 480 21.9089
2048.5 506 22.4944
2049.5 487 22.0681
2050.5 503 22.4277
2051.5 455 21.3307
2052.5 461 21.4709
2053.5 477 21.8403
2054.5 455 21.3307
2055.5 489 22.1133
2056.5 510 22.5832
2057.5 500 22.3607
2058.5 495 22.2486
2059.5 472 21.7256
2060.5 471 21.7025
2061.5 488 22.0907
2062.5 480 21.9089
2063.5 473 21.7486
2064.5 464 21.5407
2065.5 487 22.0681
2066.5 465 21.5639
2067.5 487 22.0681
2068.5 490 22.1359
2069.5 484 22
2070.5 488 22.0907
2071.5 490 22.1359
2072.5 491 22.1585
2073.5 512 22.6274
2074.5 511 22.6053
2075.5 498 22.3159
2076.5 511 22.6053
2077.5 478 21.8632
2078.5 485 22.0227
2079.5 475 21.7945
2080.5 503 22.4277
2081.5 500 22.3607
2082.5 518 22.7596
2083.5 443 21.0476
2084.5 488 22.0907
2085.5 535 23.1301
2086.5 497 22.2935
2087.5 466 21.587
2088.5 518 22.7596
2089.5 466 21.587
2090.5 460 21.4476
2091.5 485 22.0227
2092.5 465 21.5639
2093.5 466 21.587
2094.5 464 21.5407
2095.5 465 21.5639
2096.5 491 22.1585
2097.5 487 22.0681
2098.5 496 22.2711
2099.5 483 21.9773
2100.5 496 22.2711
2101.5 509 22.561
2102.5 476 21.8174
2103.5 550 23.4521
2104.5 500 22.3607
2105.5 450 21.2132
2106.5 522 22.8473
2107.5 479 21.8861
2108.5 495 22.2486
2109.5 504 22.4499
2110.5 488 22.0907
2111.5 495 22.2486
2112.5 533 23.0868
2113.5 491 22.1585
2114.5 480 21.9089
2115.5 535 23.1301
2116.5 499 22.3383
2117.5 499 22.3383
2118.5 487 22.0681
2119.5 478 21.8632
2120.5 491 22.1585
2121.5 482 21.9545
2122.5 504 22.4499
2123.5 460 21.4476
2124.5 484 22
2125.5 501 22.383
2126.5 500 22.3607
2127.5 487 22.0681
2128.5 506 22.4944
2129.5 468 21.6333
2130.5 499 22.3383
2131.5 486 22.0454
2132.5 475 21.7945
2133.5 490 22.1359
2134.5 485 22.0227
2135.5 471 21.7025
2136.5 471 21.7025
2137.5 491 22.1585
2138.5 473 21.7486
2139.5 473 21.7486
2140.5 480 21.9089
2141.5 474 21.7715
2142.5 477 21.8403
2143.5 494 22.2261
2144.5 479 21.8861
2145.5 461 21.4709
2146.5 491 22.1585
2147.5 489 22.1133
2148.5 492 22.1811
2149.5 457 21.3776
2150.5 471 21.7025
2151.5 499 22.3383
2152.5 492 22.1811
2153.5 461 21.4709
2154.5 442 21.0238
2155.5 497 22.2935
2156.5 466 21.587
2157.5 455 21.3307
2158.5 500 22.3607
2159.5 507 22.5167
2160.5 439 20.9523
2161.5 477 21.8403
2162.5 473 21.7486
2163.5 477 21.8403
2164.5 498 22.3159
2165.5 479 21.8861
2166.5 482 21.9545
2167.5 474 21.7715
2168.5 476 21.8174
2169.5 486 22.0454
2170.5 485 22.0227
2171.5 465 21.5639
2172.5 471 21.7025
2173.5 456 21.3542
2174.5 475 21.7945
2175.5 472 21.7256
2176.5 445 21.095
2177.5 466 21.587
2178.5 464 21.5407
2179.5 485 22.0227
2180.5 501 22.383
2181.5 437 20.9045
2182.5 474 21.7715
2183.5 438 20.9284
2184.5 475 21.7945
2185.5 461 21.4709
2186.5 459 21.4243
2187.5 472 21.7256
2188.5 439 20.9523
2189.5 474 21.7715
2190.5 525 22.9129
2191.5 447 21.1424
2192.5 476 21.8174
2193.5 491 22.1585
2194.5 492 22.1811
2195.5 435 20.8567
2196.5 462 21.4942
2197.5 472 21.7256
2198.5 430 20.7364
2199.5 458 21.4009
2200.5 480 21.9089
2201.5 475 21.7945
2202.5 472 21.7256
2203.5 456 21.3542
2204.5 449 21.1896
2205.5 448 21.166
2206.5 442 21.0238
2207.5 476 21.8174
2208.5 464 21.5407
2209.5 451 21.2368
2210.5 439 20.9523
2211.5 461 21.4709
2212.5 448 21.166
2213.5 480 21.9089
2214.5 422 20.5426
2215.5 455 21.3307
2216.5 446 21.1187
2217.5 440 20.9762
2218.5 434 20.8327
2219.5 427 20.664
2220.5 440 20.9762
2221.5 451 21.2368
2222.5 429 20.7123
2223.5 438 20.9284
2224.5 427 20.664
2225.5 422 20.5426
2226.5 422 20.5426
2227.5 402 20.0499
2228.5 437 20.9045
2229.5 417 20.4206
2230.5 431 20.7605
2231.5 386 19.6469
2232.5 412 20.2978
2233.5 405 20.1246
2234.5 405 20.1246
2235.5 425 20.6155
2236.5 392 19.799
2237.5 413 20.3224
2238.5 376 19.3907
2239.5 398 19.9499
2240.5 378 19.4422
2241.5 425 20.6155
2242.5 408 20.199
2243.5 386 19.6469
2244.5 380 19.4936
2245.5 376 19.3907
2246.5 368 19.1833
2247.5 350 18.7083
2248.5 347 18.6279
2249.5 395 19.8746
2250.5 347 18.6279
2251.5 344 18.5472
2252.5 368 19.1833
2253.5 403 20.0749
2254.5 379 19.4679
2255.5 340 18.4391
2256.5 337 18.3576
2257.5 357 18.8944
2258.5 357 18.8944
2259.5 346 18.6011
2260.5 385 19.6214
2261.5 362 19.0263
2262.5 402 20.0499
2263.5 360 18.9737
2264.5 372 19.2873
2265.5 288 16.9706
2266.5 368 19.1833
2267.5 319 17.8606
2268.5 328 18.1108
2269.5 335 18.303
2270.5 328 18.1108
2271.5 331 18.1934
2272.5 324 18
2273.5 366 19.1311
2274.5 377 19.4165
2275.5 303 17.4069
2276.5 360 18.9737
2277.5 344 18.5472
2278.5 335 18.303
2279.5 332 18.2209
2280.5 327 18.0831
2281.5 318 17.8326
2282.5 322 17.9444
2283.5 313 17.6918
2284.5 295 17.1756
2285.5 317 17.8045
2286.5 333 18.2483
2287.5 310 17.6068
2288.5 284 16.8523
2289.5 322 17.9444
2290.5 338 18.3848
2291.5 319 17.8606
2292.5 292 17.088
2293.5 335 18.303
2294.5 314 17.72
2295.5 309 17.5784
2296.5 334 18.2757
2297.5 312 17.6635
2298.5 306 17.4929
2299.5 290 17.0294
2300.5 306 17.4929
2301.5 280 16.7332
2302.5 243 15.5885
2303.5 298 17.2627
2304.5 295 17.1756
2305.5 315 17.7482
2306.5 293 17.1172
2307.5 289 17
2308.5 278 16.6733
2309.5 301 17.3494
2310.5 300 17.3205
2311.5 313 17.6918
2312.5 298 17.2627
2313.5 276 16.6132
2314.5 326 18.0555
2315.5 306 17.4929
2316.5 304 17.4356
2317.5 281 16.7631
2318.5 308 17.5499
2319.5 288 16.9706
2320.5 277 16.6433
2321.5 292 17.088
2322.5 298 17.2627
2323.5 304 17.4356
2324.5 258 16.0624
2325.5 283 16.8226
2326.5 311 17.6352
2327.5 299 17.2916
2328.5 316 17.7764
2329.5 286 16.9115
2330.5 301 17.3494
2331.5 293 17.1172
2332.5 299 17.2916
2333.5 318 17.8326
2334.5 292 17.088
2335.5 276 16.6132
2336.5 293 17.1172
2337.5 293 17.1172
2338.5 297 17.2337
2339.5 276 16.6132
2340.5 277 16.6433
2341.5 275 16.5831
2342.5 273 16.5227
2343.5 280 16.7332
2344.5 269 16.4012
2345.5 280 16.7332
2346.5 280 16.7332
2347.5 278 16.6733
2348.5 259 16.0935
2349.5 281 16.7631
2350.5 293 17.1172
2351.5 267 16.3401
2352.5 245 15.6525
2353.5 313 17.6918
2354.5 271 16.4621
2355.5 296 17.2047
2356.5 278 16.6733
2357.5 290 17.0294
2358.5 284 16.8523
2359.5 257 16.0312
2360.5 284 16.8523
2361.5 300 17.3205
2362.5 278 16.6733
2363.5 261 16.1555
2364.5 282 16.7929
2365.5 240 15.4919
2366.5 293 17.1172
2367.5 264 16.2481
2368.5 247 15.7162
2369.5 265 16.2788
2370.5 254 15.9374
2371.5 283 16.8226
2372.5 287 16.9411
2373.5 277 16.6433
2374.5 262 16.1864
2375.5 297 17.2337
2376.5 248 15.748
2377.5 267 16.3401
2378.5 245 15.6525
2379.5 269 16.4012
2380.5 270 16.4317
2381.5 295 17.1756
2382.5 241 15.5242
2383.5 276 16.6132
2384.5 273 16.5227
2385.5 242 15.5563
2386.5 286 16.9115
2387.5 249 15.7797
2388.5 268 16.3707
2389.5 276 16.6132
2390.5 258 16.0624
2391.5 267 16.3401
2392.5 257 16.0312
2393.5 275 16.5831
2394.5 283 16.8226
2395.5 246 15.6844
2396.5 271 16.4621
2397.5 271 16.4621
2398.5 241 15.5242
2399.5 250 15.8114
2400.5 274 16.5529
2401.5 250 15.8114
2402.5 265 16.2788
2403.5 273 16.5227
2404.5 233 15.2643
2405.5 243 15.5885
2406.5 259 16.0935
2407.5 233 15.2643
2408.5 244 15.6205
2409.5 218 14.7648
2410.5 242 15.5563
2411.5 258 16.0624
2412.5 264 16.2481
2413.5 263 16.2173
2414.5 254 15.9374
2415.5 260 16.1245
2416.5 260 16.1245
2417.5 228 15.0997
2418.5 212 14.5602
2419.5 232 15.2315
2420.5 234 15.2971
2421.5 220 14.8324
2422.5 248 15.748
2423.5 232 15.2315
2424.5 230 15.1658
2425.5 234 15.2971
2426.5 222 14.8997
2427.5 221 14.8661
2428.5 219 14.7986
2429.5 242 15.5563
2430.5 238 15.4272
2431.5 266 16.3095
2432.5 237 15.3948
2433.5 270 16.4317
2434.5 223 14.9332
2435.5 253 15.906
2436.5 242 15.5563
2437.5 256 16
2438.5 228 15.0997
2439.5 230 15.1658
2440.5 235 15.3297
2441.5 234 15.2971
2442.5 253 15.906
2443.5 239 15.4596
2444.5 213 14.5945
2445.5 248 15.748
2446.5 229 15.1327
2447.5 224 14.9666
2448.5 219 14.7986
2449.5 200 14.1421
2450.5 252 15.8745
2451.5 217 14.7309
2452.5 248 15.748
2453.5 224 14.9666
2454.5 240 15.4919
2455.5 237 15.3948
2456.5 217 14.7309
2457.5 232 15.2315
2458.5 217 14.7309
2459.5 236 15.3623
2460.5 223 14.9332
2461.5 198 14.0712
2462.5 206 14.3527
2463.5 258 16.0624
2464.5 227 15.0665
2465.5 227 15.0665
2466.5 207 14.3875
2467.5 260 16.1245
2468.5 168 12.9615
2469.5 214 14.6287
2470.5 238 15.4272
2471.5 221 14.8661
2472.5 246 15.6844
2473.5 217 14.7309
2474.5 205 14.3178
2475.5 203 14.2478
2476.5 201 14.1774
2477.5 189 13.7477
2478.5 216 14.6969
2479.5 201 14.1774
2480.5 215 14.6629
2481.5 220 14.8324
2482.5 217 14.7309
2483.5 210 14.4914
2484.5 222 14.8997
2485.5 220 14.8324
2486.5 222 14.8997
2487.5 205 14.3178
2488.5 209 14.4568
2489.5 219 14.7986
2490.5 203 14.2478
2491.5 216 14.6969
2492.5 216 14.6969
2493.5 206 14.3527
2494.5 247 15.7162
2495.5 195 13.9642
2496.5 209 14.4568
2497.5 190 13.784
2498.5 214 14.6287
2499.5 202 14.2127
2500.5 219 14.7986
2501.5 218 14.7648
2502.5 206 14.3527
2503.5 213 14.5945
2504.5 217 14.7309
2505.5 199 14.1067
2506.5 200 14.1421
2507.5 192 13.8564
2508.5 188 13.7113
2509.5 217 14.7309
2510.5 185 13.6015
2511.5 206 14.3527
2512.5 208 14.4222
2513.5 210 14.4914
2514.5 194 13.9284
2515.5 235 15.3297
2516.5 181 13.4536
2517.5 205 14.3178
2518.5 207 14.3875
2519.5 183 13.5277
2520.5 196 14
2521.5 182 13.4907
2522.5 229 15.1327
2523.5 201 14.1774
2524.5 175 13.2288
2525.5 211 14.5258
2526.5 213 14.5945
2527.5 195 13.9642
2528.5 202 14.2127
2529.5 228 15.0997
2530.5 226 15.0333
2531.5 214 14.6287
2532.5 186 13.6382
2533.5 203 14.2478
2534.5 182 13.4907
2535.5 201 14.1774
2536.5 197 14.0357
2537.5 200 14.1421
2538.5 187 13.6748
2539.5 187 13.6748
2540.5 193 13.8924
2541.5 192 13.8564
2542.5 192 13.8564
2543.5 189 13.7477
2544.5 187 13.6748
2545.5 225 15
2546.5 197 14.0357
2547.5 183 13.5277
2548.5 169 13
2549.5 211 14.5258
2550.5 184 13.5647
2551.5 173 13.1529
2552.5 176 13.2665
2553.5 182 13.4907
2554.5 200 14.1421
2555.5 214 14.6287
2556.5 201 14.1774
2557.5 199 14.1067
2558.5 197 14.0357
2559.5 173 13.1529
2560.5 192 13.8564
2561.5 197 14.0357
2562.5 178 13.3417
2563.5 185 13.6015
2564.5 210 14.4914
2565.5 210 14.4914
2566.5 199 14.1067
2567.5 193 13.8924
2568.5 181 13.4536
2569.5 188 13.7113
2570.5 189 13.7477
2571.5 176 13.2665
2572.5 176 13.2665
2573.5 181 13.4536
2574.5 199 14.1067
2575.5 152 12.3288
2576.5 193 13.8924
2577.5 203 14.2478
2578.5 174 13.1909
2579.5 199 14.1067
2580.5 199 14.1067
2581.5 191 13.8203
2582.5 198 14.0712
2583.5 190 13.784
2584.5 149 12.2066
2585.5 173 13.1529
2586.5 161 12.6886
2587.5 179 13.3791
2588.5 174 13.1909
2589.5 182 13.4907
2590.5 170 13.0384
2591.5 183 13.5277
2592.5 173 13.1529
2593.5 176 13.2665
2594.5 188 13.7113
2595.5 168 12.9615
2596.5 170 13.0384
2597.5 171 13.0767
2598.5 157 12.53
2599.5 178 13.3417
2600.5 163 12.7671
2601.5 181 13.4536
2602.5 171 13.0767
2603.5 174 13.1909
2604.5 197 14.0357
2605.5 148 12.1655
2606.5 144 12
2607.5 182 13.4907
2608.5 176 13.2665
2609.5 159 12.6095
2610.5 172 13.1149
2611.5 175 13.2288
2612.5 143 11.9583
2613.5 158 12.5698
2614.5 157 12.53
2615.5 201 14.1774
2616.5 185 13.6015
2617.5 165 12.8452
2618.5 162 12.7279
2619.5 180 13.4164
2620.5 188 13.7113
2621.5 195 13.9642
2622.5 161 12.6886
2623.5 164 12.8062
2624.5 156 12.49
2625.5 162 12.7279
2626.5 141 11.8743
2627.5 143 11.9583
2628.5 146 12.083
2629.5 154 12.4097
2630.5 187 13.6748
2631.5 157 12.53
2632.5 148 12.1655
2633.5 162 12.7279
2634.5 178 13.3417
2635.5 167 12.9228
2636.5 179 13.3791
2637.5 172 13.1149
2638.5 145 12.0416
2639.5 162 12.7279
2640.5 151 12.2882
2641.5 153 12.3693
2642.5 145 12.0416
2643.5 164 12.8062
2644.5 162 12.7279
2645.5 163 12.7671
2646.5 173 13.1529
2647.5 155 12.4499
2648.5 149 12.2066
2649.5 147 12.1244
2650.5 172 13.1149
2651.5 164 12.8062
2652.5 128 11.3137
2653.5 136 11.6619
2654.5 155 12.4499
2655.5 145 12.0416
2656.5 166 12.8841
2657.5 142 11.9164
2658.5 157 12.53
2659.5 175 13.2288
2660.5 147 12.1244
2661.5 131 11.4455
2662.5 156 12.49
2663.5 158 12.5698
2664.5 160 12.6491
2665.5 153 12.3693
2666.5 158 12.5698
2667.5 159 12.6095
2668.5 142 11.9164
2669.5 143 11.9583
2670.5 167 12.9228
2671.5 165 12.8452
2672.5 161 12.6886
2673.5 175 13.2288
2674.5 171 13.0767
2675.5 174 13.1909
2676.5 163 12.7671
2677.5 165 12.8452
2678.5 160 12.6491
2679.5 161 12.6886
2680.5 146 12.083
2681.5 154 12.4097
2682.5 157 12.53
2683.5 164 12.8062
2684.5 193 13.8924
2685.5 177 13.3041
2686.5 155 12.4499
2687.5 149 12.2066
2688.5 146 12.083
2689.5 157 12.53
2690.5 182 13.4907
2691.5 152 12.3288
2692.5 159 12.6095
2693.5 141 11.8743
2694.5 170 13.0384
2695.5 161 12.6886
2696.5 151 12.2882
2697.5 154 12.4097
2698.5 154 12.4097
2699.5 140 11.8322
2700.5 141 11.8743
2701.5 156 12.49
2702.5 152 12.3288
2703.5 154 12.4097
2704.5 137 11.7047
2705.5 140 11.8322
2706.5 134 11.5758
2707.5 136 11.6619
2708.5 148 12.1655
2709.5 130 11.4018
2710.5 173 13.1529
2711.5 142 11.9164
2712.5 159 12.6095
2713.5 149 12.2066
2714.5 139 11.7898
2715.5 127 11.2694
2716.5 143 11.9583
2717.5 144 12
2718.5 128 11.3137
2719.5 143 11.9583
2720.5 138 11.7473
2721.5 135 11.619
2722.5 150 12.2474
2723.5 156 12.49
2724.5 161 12.6886
2725.5 148 12.1655
2726.5 156 12.49
2727.5 129 11.3578
2728.5 151 12.2882
2729.5 142 11.9164
2730.5 153 12.3693
2731.5 138 11.7473
2732.5 134 11.5758
2733.5 134 11.5758
2734.5 147 12.1244
2735.5 131 11.4455
2736.5 149 12.2066
2737.5 153 12.3693
2738.5 157 12.53
2739.5 129 11.3578
2740.5 144 12
2741.5 179 13.3791
2742.5 147 12.1244
2743.5 154 12.4097
2744.5 162 12.7279
2745.5 153 12.3693
2746.5 140 11.8322
2747.5 144 12
2748.5 133 11.5326
2749.5 129 11.3578
2750.5 122 11.0454
2751.5 149 12.2066
2752.5 149 12.2066
2753.5 128 11.3137
2754.5 123 11.0905
2755.5 143 11.9583
2756.5 126 11.225
2757.5 132 11.4891
2758.5 140 11.8322
2759.5 147 12.1244
2760.5 141 11.8743
2761.5 140 11.8322
2762.5 140 11.8322
2763.5 142 11.9164
2764.5 117 10.8167
2765.5 136 11.6619
2766.5 129 11.3578
2767.5 133 11.5326
2768.5 154 12.4097
2769.5 148 12.1655
2770.5 160 12.6491
2771.5 153 12.3693
2772.5 144 12
2773.5 155 12.4499
2774.5 141 11.8743
2775.5 160 12.6491
2776.5 144 12
2777.5 143 11.9583
2778.5 163 12.7671
2779.5 154 12.4097
2780.5 152 12.3288
2781.5 157 12.53
2782.5 155 12.4499
2783.5 168 12.9615
2784.5 165 12.8452
2785.5 163 12.7671
2786.5 160 12.6491
2787.5 177 13.3041
2788.5 173 13.1529
2789.5 196 14
2790.5 187 13.6748
2791.5 228 15.0997
2792.5 224 14.9666
2793.5 232 15.2315
2794.5 229 15.1327
2795.5 255 15.9687
2796.5 226 15.0333
2797.5 259 16.0935
2798.5 277 16.6433
2799.5 259 16.0935
2800.5 284 16.8523
2801.5 261 16.1555
2802.5 292 17.088
2803.5 305 17.4642
2804.5 319 17.8606
2805.5 321 17.9165
2806.5 288 16.9706
2807.5 271 16.4621
2808.5 272 16.4924
2809.5 308 17.5499
2810.5 279 16.7033
2811.5 288 16.9706
2812.5 284 16.8523
2813.5 279 16.7033
2814.5 259 16.0935
2815.5 252 15.8745
2816.5 246 15.6844
2817.5 238 15.4272
2818.5 211 14.5258
2819.5 200 14.1421
2820.5 212 14.5602
2821.5 192 13.8564
2822.5 186 13.6382
2823.5 177 13.3041
2824.5 190 13.784
2825.5 192 13.8564
2826.5 156 12.49
2827.5 171 13.0767
2828.5 173 13.1529
2829.5 134 11.5758
2830.5 156 12.49
2831.5 179 13.3791
2832.5 141 11.8743
2833.5 130 11.4018
2834.5 133 11.5326
2835.5 139 11.7898
2836.5 163 12.7671
2837.5 147 12.1244
2838.5 121 11
2839.5 130 11.4018
2840.5 141 11.8743
2841.5 150 12.2474
2842.5 133 11.5326
2843.5 140 11.8322
2844.5 132 11.4891
2845.5 143 11.9583
2846.5 115 10.7238
2847.5 135 11.619
2848.5 116 10.7703
2849.5 137 11.7047
2850.5 120 10.9545
2851.5 125 11.1803
2852.5 113 10.6301
2853.5 130 11.4018
2854.5 123 11.0905
2855.5 156 12.49
2856.5 135 11.619
2857.5 130 11.4018
2858.5 113 10.6301
2859.5 116 10.7703
2860.5 151 12.2882
2861.5 135 11.619
2862.5 148 12.1655
2863.5 128 11.3137
2864.5 129 11.3578
2865.5 116 10.7703
2866.5 138 11.7473
2867.5 126 11.225
2868.5 134 11.5758
2869.5 141 11.8743
2870.5 129 11.3578
2871.5 128 11.3137
2872.5 161 12.6886
2873.5 132 11.4891
2874.5 129 11.3578
2875.5 133 11.5326
2876.5 139 11.7898
2877.5 102 10.0995
2878.5 126 11.225
2879.5 123 11.0905
2880.5 126 11.225
2881.5 132 11.4891
2882.5 117 10.8167
2883.5 122 11.0454
2884.5 108 10.3923
2885.5 132 11.4891
2886.5 125 11.1803
2887.5 132 11.4891
2888.5 132 11.4891
2889.5 128 11.3137
2890.5 121 11
2891.5 104 10.198
2892.5 132 11.4891
2893.5 131 11.4455
2894.5 125 11.1803
2895.5 115 10.7238
2896.5 132 11.4891
2897.5 117 10.8167
2898.5 114 10.6771
2899.5 126 11.225
2900.5 116 10.7703
2901.5 134 11.5758
2902.5 153 12.3693
2903.5 124 11.1355
2904.5 138 11.7473
2905.5 115 10.7238
2906.5 112 10.583
2907.5 113 10.6301
2908.5 111 10.5357
2909.5 102 10.0995
2910.5 113 10.6301
2911.5 110 10.4881
2912.5 120 10.9545
2913.5 119 10.9087
2914.5 125 11.1803
2915.5 122 11.0454
2916.5 122 11.0454
2917.5 113 10.6301
2918.5 144 12
2919.5 112 10.583
2920.5 103 10.1489
2921.5 125 11.1803
2922.5 101 10.0499
2923.5 131 11.4455
2924.5 112 10.583
2925.5 112 10.583
2926.5 119 10.9087
2927.5 112 10.583
2928.5 122 11.0454
2929.5 116 10.7703
2930.5 113 10.6301
2931.5 123 11.0905
2932.5 116 10.7703
2933.5 89 9.43398
2934.5 106 10.2956
2935.5 137 11.7047
2936.5 90 9.48683
2937.5 114 10.6771
2938.5 125 11.1803
2939.5 122 11.0454
2940.5 122 11.0454
2941.5 120 10.9545
2942.5 100 10
2943.5 107 10.3441
2944.5 117 10.8167
2945.5 116 10.7703
2946.5 141 11.8743
2947.5 128 11.3137
2948.5 88 9.38083
2949.5 89 9.43398
2950.5 119 10.9087
2951.5 132 11.4891
2952.5 108 10.3923
2953.5 124 11.1355
2954.5 119 10.9087
2955.5 130 11.4018
2956.5 109 10.4403
2957.5 126 11.225
2958.5 116 10.7703
2959.5 130 11.4018
2960.5 122 11.0454
2961.5 117 10.8167
2962.5 103 10.1489
2963.5 93 9.64365
2964.5 79 8.88819
2965.5 116 10.7703
2966.5 114 10.6771
2967.5 110 10.4881
2968.5 115 10.7238
2969.5 123 11.0905
2970.5 132 11.4891
2971.5 97 9.84886
2972.5 107 10.3441
2973.5 107 10.3441
2974.5 108 10.3923
2975.5 113 10.6301
2976.5 116 10.7703
2977.5 114 10.6771
2978.5 114 10.6771
2979.5 111 10.5357
2980.5 119 10.9087
2981.5 101 10.0499
2982.5 106 10.2956
2983.5 113 10.6301
2984.5 122 11.0454
2985.5 124 11.1355
2986.5 112 10.583
2987.5 130 11.4018
2988.5 107 10.3441
2989.5 128 11.3137
2990.5 108 10.3923
2991.5 122 11.0454
2992.5 108 10.3923
2993.5 107 10.3441
2994.5 111 10.5357
2995.5 97 9.84886
2996.5 110 10.4881
2997.5 108 10.3923
2998.5 125 11.1803
2999.5 98 9.89949
3000.5 112 10.583
3001.5 109 10.4403
3002.5 112 10.583
3003.5 120 10.9545
3004.5 121 11
3005.5 107 10.3441
3006.5 118 10.8628
3007.5 114 10.6771
3008.5 124 11.1355
3009.5 117 10.8167
3010.5 92 9.59166
3011.5 105 10.247
3012.5 128 11.3137
3013.5 117 10.8167
3014.5 111 10.5357
3015.5 103 10.1489
3016.5 115 10.7238
3017.5 120 10.9545
3018.5 119 10.9087
3019.5 107 10.3441
3020.5 106 10.2956
3021.5 115 10.7238
3022.5 104 10.198
3023.5 96 9.79796
3024.5 104 10.198
3025.5 103 10.1489
3026.5 90 9.48683
3027.5 118 10.8628
3028.5 108 10.3923
3029.5 122 11.0454
3030.5 98 9.89949
3031.5 112 10.583
3032.5 109 10.4403
3033.5 125 11.1803
3034.5 112 10.583
3035.5 96 9.79796
3036.5 114 10.6771
3037.5 116 10.7703
3038.5 98 9.89949
3039.5 114 10.6771
3040.5 114 10.6771
3041.5 118 10.8628
3042.5 105 10.247
3043.5 112 10.583
3044.5 114 10.6771
3045.5 113 10.6301
3046.5 123 11.0905
3047.5 95 9.74679
3048.5 106 10.2956
3049.5 111 10.5357
3050.5 104 10.198
3051.5 113 10.6301
3052.5 115 10.7238
3053.5 131 11.4455
3054.5 128 11.3137
3055.5 116 10.7703
3056.5 102 10.0995
3057.5 102 10.0995
3058.5 130 11.4018
3059.5 128 11.3137
3060.5 113 10.6301
3061.5 131 11.4455
3062.5 127 11.2694
3063.5 101 10.0499
3064.5 105 10.247
3065.5 120 10.9545
3066.5 134 11.5758
3067.5 107 10.3441
3068.5 132 11.4891
3069.5 123 11.0905
3070.5 128 11.3137
3071.5 121 11
3072.5 151 12.2882
3073.5 136 11.6619
3074.5 144 12
3075.5 126 11.225
3076.5 150 12.2474
3077.5 146 12.083
3078.5 147 12.1244
3079.5 160 12.6491
3080.5 160 12.6491
3081.5 171 13.0767
3082.5 161 12.6886
3083.5 183 13.5277
3084.5 185 13.6015
3085.5 180 13.4164
3086.5 217 14.7309
3087.5 246 15.6844
3088.5 292 17.088
3089.5 326 18.0555
3090.5 336 18.3303
3091.5 386 19.6469
3092.5 397 19.9249
3093.5 467 21.6102
3094.5 587 24.2281
3095.5 669 25.865
3096.5 731 27.037
3097.5 800 28.2843
3098.5 920 30.3315
3099.5 992 31.496
3100.5 1082 32.8938
3101.5 1184 34.4093
3102.5 1245 35.2846
3103.5 1265 35.5668
3104.5 1389 37.2693
3105.5 1372 37.0405
3106.5 1392 37.3095
3107.5 1350 36.7423
3108.5 1338 36.5787
3109.5 1365 36.9459
3110.5 1286 35.8608
3111.5 1219 34.9142
3112.5 1132 33.6452
3113.5 1054 32.4654
3114.5 982 31.3369
3115.5 838 28.9482
3116.5 770 27.7489
3117.5 701 26.4764
3118.5 641 25.318
3119.5 590 24.2899
3120.5 504 22.4499
3121.5 462 21.4942
3122.5 408 20.199
3123.5 361 19
3124.5 301 17.3494
3125.5 292 17.088
3126.5 266 16.3095
3127.5 256 16
3128.5 228 15.0997
3129.5 222 14.8997
3130.5 195 13.9642
3131.5 203 14.2478
3132.5 181 13.4536
3133.5 185 13.6015
3134.5 169 13
3135.5 171 13.0767
3136.5 179 13.3791
3137.5 187 13.6748
3138.5 182 13.4907
3139.5 155 12.4499
3140.5 168 12.9615
3141.5 161 12.6886
3142.5 147 12.1244
3143.5 159 12.6095
3144.5 167 12.9228
3145.5 177 13.3041
3146.5 160 12.6491
3147.5 180 13.4164
3148.5 170 13.0384
3149.5 143 11.9583
3150.5 168 12.9615
3151.5 165 12.8452
3152.5 156 12.49
3153.5 157 12.53
3154.5 163 12.7671
3155.5 154 12.4097
3156.5 154 12.4097
3157.5 150 12.2474
3158.5 141 11.8743
3159.5 140 11.8322
3160.5 175 13.2288
3161.5 160 12.6491
3162.5 163 12.7671
3163.5 151 12.2882
3164.5 179 13.3791
3165.5 183 13.5277
3166.5 183 13.5277
3167.5 175 13.2288
3168.5 174 13.1909
3169.5 191 13.8203
3170.5 153 12.3693
3171.5 170 13.0384
3172.5 165 12.8452
3173.5 150 12.2474
3174.5 187 13.6748
3175.5 174 13.1909
3176.5 179 13.3791
3177.5 165 12.8452
3178.5 175 13.2288
3179.5 194 13.9284
3180.5 163 12.7671
3181.5 187 13.6748
3182.5 205 14.3178
3183.5 175 13.2288
3184.5 195 13.9642
3185.5 200 14.1421
3186.5 208 14.4222
3187.5 217 14.7309
3188.5 202 14.2127
3189.5 241 15.5242
3190.5 227 15.0665
3191.5 218 14.7648
3192.5 269 16.4012
3193.5 294 17.1464
3194.5 284 16.8523
3195.5 329 18.1384
3196.5 343 18.5203
3197.5 348 18.6548
3198.5 381 19.5192
3199.5 421 20.5183
3200.5 512 22.6274
3201.5 531 23.0434
3202.5 562 23.7065
3203.5 682 26.1151
3204.5 759 27.55
3205.5 889 29.8161
3206.5 1059 32.5423
3207.5 1229 35.0571
3208.5 1466 38.2884
3209.5 1756 41.9047
3210.5 1947 44.1248
3211.5 2342 48.3942
3212.5 2912 53.963
3213.5 3284 57.3062
3214.5 3825 61.8466
3215.5 4416 66.453
3216.5 4823 69.4478
3217.5 5401 73.4915
3218.5 5807 76.2037
3219.5 6352 79.6994
3220.5 6755 82.1888
3221.5 7023 83.8033
3222.5 7485 86.5159
3223.5 7573 87.023
3224.5 7777 88.1873
3225.5 7619 87.2869
3226.5 7744 88
3227.5 7393 85.9826
3228.5 6886 82.9819
3229.5 6551 80.9382
3230.5 5956 77.1751
3231.5 5670 75.2994
3232.5 4934 70.2424
3233.5 4408 66.3928
3234.5 3931 62.6977
3235.5 3304 57.4804
3236.5 2855 53.4322
3237.5 2528 50.2792
3238.5 2180 46.6905
3239.5 1761 41.9643
3240.5 1529 39.1024
3241.5 1296 36
3242.5 1184 34.4093
3243.5 888 29.7993
3244.5 808 28.4253
3245.5 750 27.3861
3246.5 588 24.2487
3247.5 581 24.1039
3248.5 543 23.3024
3249.5 521 22.8254
3250.5 446 21.1187
3251.5 432 20.7846
3252.5 425 20.6155
3253.5 405 20.1246
3254.5 363 19.0526
3255.5 400 20
3256.5 376 19.3907
3257.5 355 18.8414
3258.5 361 19
3259.5 397 19.9249
3260.5 351 18.735
3261.5 339 18.412
3262.5 335 18.303
3263.5 344 18.5472
3264.5 318 17.8326
3265.5 329 18.1384
3266.5 313 17.6918
3267.5 289 17
3268.5 266 16.3095
3269.5 264 16.2481
3270.5 262 16.1864
3271.5 262 16.1864
3272.5 261 16.1555
3273.5 203 14.2478
3274.5 243 15.5885
3275.5 177 13.3041
3276.5 181 13.4536
3277.5 164 12.8062
3278.5 193 13.8924
3279.5 172 13.1149
3280.5 181 13.4536
3281.5 185 13.6015
3282.5 176 13.2665
3283.5 176 13.2665
3284.5 178 13.3417
3285.5 183 13.5277
3286.5 175 13.2288
3287.5 181 13.4536
3288.5 167 12.9228
3289.5 138 11.7473
3290.5 172 13.1149
3291.5 144 12
3292.5 144 12
3293.5 145 12.0416
3294.5 140 11.8322
3295.5 135 11.619
3296.5 149 12.2066
3297.5 125 11.1803
3298.5 123 11.0905
3299.5 126 11.225
3300.5 118 10.8628
3301.5 117 10.8167
3302.5 132 11.4891
3303.5 142 11.9164
3304.5 124 11.1355
3305.5 104 10.198
3306.5 120 10.9545
3307.5 122 11.0454
3308.5 111 10.5357
3309.5 119 10.9087
3310.5 130 11.4018
3311.5 131 11.4455
3312.5 102 10.0995
3313.5 108 10.3923
3314.5 112 10.583
3315.5 119 10.9087
3316.5 110 10.4881
3317.5 106 10.2956
3318.5 118 10.8628
3319.5 99 9.94987
3320.5 97 9.84886
3321.5 108 10.3923
3322.5 104 10.198
3323.5 91 9.53939
3324.5 78 8.83176
3325.5 91 9.53939
3326.5 81 9
3327.5 97 9.84886
3328.5 81 9
3329.5 88 9.38083
3330.5 78 8.83176
3331.5 83 9.11043
3332.5 73 8.544
3333.5 71 8.42615
3334.5 74 8.60233
3335.5 78 8.83176
3336.5 77 8.77496
3337.5 66 8.12404
3338.5 76 8.7178
3339.5 70 8.3666
3340.5 75 8.66025
3341.5 57 7.54983
3342.5 72 8.48528
3343.5 75 8.66025
3344.5 70 8.3666
3345.5 84 9.16515
3346.5 69 8.30662
3347.5 87 9.32738
3348.5 85 9.21954
3349.5 68 8.24621
3350.5 76 8.7178
3351.5 71 8.42615
3352.5 64 8
3353.5 80 8.94427
3354.5 74 8.60233
3355.5 95 9.74679
3356.5 74 8.60233
3357.5 75 8.66025
3358.5 75 8.66025
3359.5 82 9.05539
3360.5 75 8.66025
3361.5 87 9.32738
3362.5 79 8.88819
3363.5 71 8.42615
3364.5 67 8.18535
3365.5 81 9
3366.5 81 9
3367.5 72 8.48528
3368.5 77 8.77496
3369.5 86 9.27362
3370.5 90 9.48683
3371.5 76 8.7178
3372.5 81 9
3373.5 80 8.94427
3374.5 78 8.83176
3375.5 73 8.544
3376.5 65 8.06226
3377.5 88 9.38083
3378.5 82 9.05539
3379.5 71 8.42615
3380.5 82 9.05539
3381.5 86 9.27362
3382.5 84 9.16515
3383.5 81 9
3384.5 80 8.94427
3385.5 95 9.74679
3386.5 79 8.88819
3387.5 80 8.94427
3388.5 79 8.88819
3389.5 97 9.84886
3390.5 71 8.42615
3391.5 74 8.60233
3392.5 80 8.94427
3393.5 62 7.87401
3394.5 71 8.42615
3395.5 105 10.247
3396.5 83 9.11043
3397.5 93 9.64365
3398.5 79 8.88819
3399.5 75 8.66025
3400.5 61 7.81025
3401.5 63 7.93725
3402.5 56 7.48331
3403.5 87 9.32738
3404.5 77 8.77496
3405.5 63 7.93725
3406.5 62 7.87401
3407.5 70 8.3666
3408.5 73 8.544
3409.5 70 8.3666
3410.5 59 7.68115
3411.5 73 8.544
3412.5 66 8.12404
3413.5 68 8.24621
3414.5 59 7.68115
3415.5 57 7.54983
3416.5 63 7.93725
3417.5 72 8.48528
3418.5 67 8.18535
3419.5 58 7.61577
3420.5 63 7.93725
3421.5 71 8.42615
3422.5 74 8.60233
3423.5 76 8.7178
3424.5 58 7.61577
3425.5 63 7.93725
3426.5 67 8.18535
3427.5 71 8.42615
3428.5 65 8.06226
3429.5 63 7.93725
3430.5 73 8.544
3431.5 57 7.54983
3432.5 75 8.66025
3433.5 59 7.68115
3434.5 57 7.54983
3435.5 56 7.48331
3436.5 69 8.30662
3437.5 64 8
3438.5 61 7.81025
3439.5 45 6.7082
3440.5 47 6.85565
3441.5 56 7.48331
3442.5 69 8.30662
3443.5 65 8.06226
3444.5 67 8.18535
3445.5 65 8.06226
3446.5 64 8
3447.5 58 7.61577
3448.5 65 8.06226
3449.5 70 8.3666
3450.5 76 8.7178
3451.5 65 8.06226
3452.5 73 8.544
3453.5 59 7.68115
3454.5 62 7.87401
3455.5 54 7.34847
3456.5 67 8.18535
3457.5 62 7.87401
3458.5 60 7.74597
3459.5 51 7.14143
3460.5 45 6.7082
3461.5 68 8.24621
3462.5 54 7.34847
3463.5 64 8
3464.5 77 8.77496
3465.5 52 7.2111
3466.5 63 7.93725
3467.5 67 8.18535
3468.5 62 7.87401
3469.5 75 8.66025
3470.5 69 8.30662
3471.5 63 7.93725
3472.5 70 8.3666
3473.5 67 8.18535
3474.5 72 8.48528
3475.5 79 8.88819
3476.5 77 8.77496
3477.5 64 8
3478.5 63 7.93725
3479.5 65 8.06226
3480.5 58 7.61577
3481.5 76 8.7178
3482.5 72 8.48528
3483.5 61 7.81025
3484.5 70 8.3666
3485.5 69 8.30662
3486.5 60 7.74597
3487.5 56 7.48331
3488.5 70 8.3666
3489.5 70 8.3666
3490.5 54 7.34847
3491.5 59 7.68115
3492.5 53 7.28011
3493.5 57 7.54983
3494.5 78 8.83176
3495.5 64 8
3496.5 63 7.93725
3497.5 68 8.24621
3498.5 68 8.24621
3499.5 62 7.87401
3500.5 64 8
3501.5 60 7.74597
3502.5 73 8.544
3503.5 63 7.93725
3504.5 57 7.54983
3505.5 53 7.28011
3506.5 64 8
3507.5 62 7.87401
3508.5 65 8.06226
3509.5 66 8.12404
3510.5 59 7.68115
3511.5 67 8.18535
3512.5 66 8.12404
3513.5 65 8.06226
3514.5 74 8.60233
3515.5 65 8.06226
3516.5 63 7.93725
3517.5 61 7.81025
3518.5 55 7.4162
3519.5 62 7.87401
3520.5 70 8.3666
3521.5 82 9.05539
3522.5 40 6.32456
3523.5 59 7.68115
3524.5 61 7.81025
3525.5 64 8
3526.5 58 7.61577
3527.5 71 8.42615
3528.5 65 8.06226
3529.5 67 8.18535
3530.5 54 7.34847
3531.5 75 8.66025
3532.5 56 7.48331
3533.5 64 8
3534.5 54 7.34847
3535.5 59 7.68115
3536.5 85 9.21954
3537.5 69 8.30662
3538.5 73 8.544
3539.5 61 7.81025
3540.5 74 8.60233
3541.5 70 8.3666
3542.5 82 9.05539
3543.5 57 7.54983
3544.5 58 7.61577
3545.5 55 7.4162
3546.5 61 7.81025
3547.5 65 8.06226
3548.5 68 8.24621
3549.5 56 7.48331
3550.5 72 8.48528
3551.5 73 8.544
3552.5 75 8.66025
3553.5 54 7.34847
3554.5 65 8.06226
3555.5 70 8.3666
3556.5 62 7.87401
3557.5 58 7.61577
3558.5 69 8.30662
3559.5 59 7.68115
3560.5 65 8.06226
3561.5 73 8.544
3562.5 64 8
3563.5 48 6.9282
3564.5 68 8.24621
3565.5 59 7.68115
3566.5 49 7
3567.5 61 7.81025
3568.5 63 7.93725
3569.5 80 8.94427
3570.5 66 8.12404
3571.5 54 7.34847
3572.5 63 7.93725
3573.5 69 8.30662
3574.5 58 7.61577
3575.5 60 7.74597
3576.5 66 8.12404
3577.5 57 7.54983
3578.5 64 8
3579.5 59 7.68115
3580.5 71 8.42615
3581.5 61 7.81025
3582.5 79 8.88819
3583.5 61 7.81025
3584.5 61 7.81025
3585.5 58 7.61577
3586.5 72 8.48528
3587.5 62 7.87401
3588.5 60 7.74597
3589.5 62 7.87401
3590.5 65 8.06226
3591.5 66 8.12404
3592.5 68 8.24621
3593.5 63 7.93725
3594.5 63 7.93725
3595.5 59 7.68115
3596.5 50 7.07107
3597.5 75 8.66025
3598.5 59 7.68115
3599.5 71 8.42615
3600.5 61 7.81025
3601.5 70 8.3666
3602.5 54 7.34847
3603.5 59 7.68115
3604.5 57 7.54983
3605.5 56 7.48331
3606.5 68 8.24621
3607.5 78 8.83176
3608.5 74 8.60233
3609.5 66 8.12404
3610.5 67 8.18535
3611.5 69 8.30662
3612.5 64 8
3613.5 71 8.42615
3614.5 58 7.61577
3615.5 69 8.30662
3616.5 60 7.74597
3617.5 67 8.18535
3618.5 58 7.61577
3619.5 49 7
3620.5 59 7.68115
3621.5 61 7.81025
3622.5 63 7.93725
3623.5 67 8.18535
3624.5 70 8.3666
3625.5 63 7.93725
3626.5 57 7.54983
3627.5 48 6.9282
3628.5 61 7.81025
3629.5 59 7.68115
3630.5 60 7.74597
3631.5 58 7.61577
3632.5 67 8.18535
3633.5 67 8.18535
3634.5 62 7.87401
3635.5 59 7.68115
3636.5 53 7.28011
3637.5 55 7.4162
3638.5 62 7.87401
3639.5 48 6.9282
3640.5 57 7.54983
3641.5 66 8.12404
3642.5 55 7.4162
3643.5 64 8
3644.5 66 8.12404
3645.5 53 7.28011
3646.5 67 8.18535
3647.5 61 7.81025
3648.5 70 8.3666
3649.5 63 7.93725
3650.5 61 7.81025
3651.5 65 8.06226
3652.5 66 8.12404
3653.5 64 8
3654.5 55 7.4162
3655.5 74 8.60233
3656.5 63 7.93725
3657.5 64 8
3658.5 56 7.48331
3659.5 72 8.48528
3660.5 60 7.74597
3661.5 60 7.74597
3662.5 49 7
3663.5 54 7.34847
3664.5 58 7.61577
3665.5 59 7.68115
3666.5 65 8.06226
3667.5 64 8
3668.5 56 7.48331
3669.5 54 7.34847
3670.5 61 7.81025
3671.5 59 7.68115
3672.5 59 7.68115
3673.5 51 7.14143
3674.5 67 8.18535
3675.5 56 7.48331
3676.5 59 7.68115
3677.5 68 8.24621
3678.5 74 8.60233
3679.5 75 8.66025
3680.5 65 8.06226
3681.5 70 8.3666
3682.5 58 7.61577
3683.5 51 7.14143
3684.5 60 7.74597
3685.5 54 7.34847
3686.5 63 7.93725
3687.5 58 7.61577
3688.5 51 7.14143
3689.5 79 8.88819
3690.5 71 8.42615
3691.5 62 7.87401
3692.5 76 8.7178
3693.5 68 8.24621
3694.5 75 8.66025
3695.5 66 8.12404
3696.5 62 7.87401
3697.5 50 7.07107
3698.5 61 7.81025
3699.5 63 7.93725
3700.5 62 7.87401
3701.5 57 7.54983
3702.5 59 7.68115
3703.5 66 8.12404
3704.5 65 8.06226
3705.5 50 7.07107
3706.5 52 7.2111
3707.5 66 8.12404
3708.5 45 6.7082
3709.5 73 8.544
3710.5 56 7.48331
3711.5 58 7.61577
3712.5 60 7.74597
3713.5 67 8.18535
3714.5 60 7.74597
3715.5 63 7.93725
3716.5 62 7.87401
3717.5 60 7.74597
3718.5 67 8.18535
3719.5 68 8.24621
3720.5 60 7.74597
3721.5 74 8.60233
3722.5 58 7.61577
3723.5 71 8.42615
3724.5 70 8.3666
3725.5 41 6.40312
3726.5 60 7.74597
3727.5 50 7.07107
3728.5 46 6.78233
3729.5 67 8.18535
3730.5 71 8.42615
3731.5 60 7.74597
3732.5 59 7.68115
3733.5 57 7.54983
3734.5 48 6.9282
3735.5 70 8.3666
3736.5 55 7.4162
3737.5 69 8.30662
3738.5 68 8.24621
3739.5 61 7.81025
3740.5 45 6.7082
3741.5 54 7.34847
3742.5 58 7.61577
3743.5 63 7.93725
3744.5 68 8.24621
3745.5 66 8.12404
3746.5 54 7.34847
3747.5 66 8.12404
3748.5 59 7.68115
3749.5 61 7.81025
3750.5 59 7.68115
3751.5 57 7.54983
3752.5 58 7.61577
3753.5 62 7.87401
3754.5 67 8.18535
3755.5 66 8.12404
3756.5 57 7.54983
3757.5 68 8.24621
3758.5 67 8.18535
3759.5 46 6.78233
3760.5 62 7.87401
3761.5 70 8.3666
3762.5 48 6.9282
3763.5 65 8.06226
3764.5 75 8.66025
3765.5 75 8.66025
3766.5 55 7.4162
3767.5 57 7.54983
3768.5 65 8.06226
3769.5 51 7.14143
3770.5 62 7.87401
3771.5 80 8.94427
3772.5 67 8.18535
3773.5 58 7.61577
3774.5 77 8.77496
3775.5 63 7.93725
3776.5 61 7.81025
3777.5 53 7.28011
3778.5 57 7.54983
3779.5 62 7.87401
3780.5 58 7.61577
3781.5 49 7
3782.5 58 7.61577
3783.5 54 7.34847
3784.5 71 8.42615
3785.5 61 7.81025
3786.5 56 7.48331
3787.5 69 8.30662
3788.5 63 7.93725
3789.5 71 8.42615
3790.5 54 7.34847
3791.5 60 7.74597
3792.5 47 6.85565
3793.5 68 8.24621
3794.5 61 7.81025
3795.5 63 7.93725
3796.5 52 7.2111
3797.5 59 7.68115
3798.5 55 7.4162
3799.5 50 7.07107
3800.5 52 7.2111
3801.5 54 7.34847
3802.5 65 8.06226
3803.5 59 7.68115
3804.5 55 7.4162
3805.5 71 8.42615
3806.5 50 7.07107
3807.5 62 7.87401
3808.5 65 8.06226
3809.5 58 7.61577
3810.5 52 7.2111
3811.5 62 7.87401
3812.5 61 7.81025
3813.5 55 7.4162
3814.5 57 7.54983
3815.5 75 8.66025
3816.5 43 6.55744
3817.5 78 8.83176
3818.5 68 8.24621
3819.5 62 7.87401
3820.5 64 8
3821.5 51 7.14143
3822.5 66 8.12404
3823.5 69 8.30662
3824.5 49 7
3825.5 67 8.18535
3826.5 52 7.2111
3827.5 72 8.48528
3828.5 63 7.93725
3829.5 57 7.54983
3830.5 48 6.9282
3831.5 52 7.2111
3832.5 62 7.87401
3833.5 58 7.61577
3834.5 47 6.85565
3835.5 69 8.30662
3836.5 60 7.74597
3837.5 57 7.54983
3838.5 57 7.54983
3839.5 48 6.9282
3840.5 67 8.18535
3841.5 49 7
3842.5 63 7.93725
3843.5 63 7.93725
3844.5 60 7.74597
3845.5 50 7.07107
3846.5 61 7.81025
3847.5 68 8.24621
3848.5 48 6.9282
3849.5 69 8.30662
3850.5 47 6.85565
3851.5 57 7.54983
3852.5 53 7.28011
3853.5 62 7.87401
3854.5 67 8.18535
3855.5 52 7.2111
3856.5 58 7.61577
3857.5 66 8.12404
3858.5 57 7.54983
3859.5 61 7.81025
3860.5 62 7.87401
3861.5 68 8.24621
3862.5 51 7.14143
3863.5 50 7.07107
3864.5 70 8.3666
3865.5 51 7.14143
3866.5 75 8.66025
3867.5 52 7.2111
3868.5 61 7.81025
3869.5 61 7.81025
3870.5 66 8.12404
3871.5 72 8.48528
3872.5 46 6.78233
3873.5 52 7.2111
3874.5 47 6.85565
3875.5 71 8.42615
3876.5 57 7.54983
3877.5 60 7.74597
3878.5 65 8.06226
3879.5 59 7.68115
3880.5 54 7.34847
3881.5 51 7.14143
3882.5 62 7.87401
3883.5 66 8.12404
3884.5 59 7.68115
3885.5 70 8.3666
3886.5 67 8.18535
3887.5 63 7.93725
3888.5 41 6.40312
3889.5 72 8.48528
3890.5 55 7.4162
3891.5 50 7.07107
3892.5 64 8
3893.5 60 7.74597
3894.5 78 8.83176
3895.5 54 7.34847
3896.5 54 7.34847
3897.5 67 8.18535
3898.5 54 7.34847
3899.5 67 8.18535
3900.5 66 8.12404
3901.5 58 7.61577
3902.5 53 7.28011
3903.5 59 7.68115
3904.5 52 7.2111
3905.5 50 7.07107
3906.5 58 7.61577
3907.5 57 7.54983
3908.5 66 8.12404
3909.5 52 7.2111
3910.5 71 8.42615
3911.5 63 7.93725
3912.5 59 7.68115
3913.5 55 7.4162
3914.5 56 7.48331
3915.5 56 7.48331
3916.5 46 6.78233
3917.5 63 7.93725
3918.5 59 7.68115
3919.5 61 7.81025
3920.5 52 7.2111
3921.5 58 7.61577
3922.5 64 8
3923.5 71 8.42615
3924.5 60 7.74597
3925.5 51 7.14143
3926.5 55 7.4162
3927.5 63 7.93725
3928.5 56 7.48331
3929.5 54 7.34847
3930.5 55 7.4162
3931.5 49 7
3932.5 66 8.12404
3933.5 52 7.2111
3934.5 51 7.14143
3935.5 70 8.3666
3936.5 64 8
3937.5 61 7.81025
3938.5 71 8.42615
3939.5 50 7.07107
3940.5 55 7.4162
3941.5 60 7.74597
3942.5 50 7.07107
3943.5 64 8
3944.5 62 7.87401
3945.5 50 7.07107
3946.5 57 7.54983
3947.5 53 7.28011
3948.5 58 7.61577
3949.5 58 7.61577
3950.5 48 6.9282
3951.5 57 7.54983
3952.5 63 7.93725
3953.5 75 8.66025
3954.5 64 8
3955.5 52 7.2111
3956.5 58 7.61577
3957.5 57 7.54983
3958.5 58 7.61577
3959.5 59 7.68115
3960.5 73 8.544
3961.5 49 7
3962.5 54 7.34847
3963.5 53 7.28011
3964.5 60 7.74597
3965.5 50 7.07107
3966.5 53 7.28011
3967.5 63 7.93725
3968.5 53 7.28011
3969.5 64 8
3970.5 47 6.85565
3971.5 64 8
3972.5 58 7.61577
3973.5 67 8.18535
3974.5 60 7.74597
3975.5 52 7.2111
3976.5 62 7.87401
3977.5 68 8.24621
3978.5 44 6.63325
3979.5 62 7.87401
3980.5 52 7.2111
3981.5 64 8
3982.5 50 7.07107
3983.5 66 8.12404
3984.5 67 8.18535
3985.5 54 7.34847
3986.5 61 7.81025
3987.5 68 8.24621
3988.5 60 7.74597
3989.5 62 7.87401
3990.5 60 7.74597
3991.5 58 7.61577
3992.5 67 8.18535
3993.5 63 7.93725
3994.5 61 7.81025
3995.5 60 7.74597
3996.5 64 8
3997.5 63 7.93725
3998.5 56 7.48331
3999.5 64 8
4000.5 42 6.48074
4001.5 60 7.74597
4002.5 59 7.68115
4003.5 52 7.2111
4004.5 74 8.60233
4005.5 57 7.54983
4006.5 68 8.24621
4007.5 58 7.61577
4008.5 57 7.54983
4009.5 42 6.48074
4010.5 65 8.06226
4011.5 59 7.68115
4012.5 55 7.4162
4013.5 64 8
4014.5 56 7.48331
4015.5 48 6.9282
4016.5 51 7.14143
4017.5 50 7.07107
4018.5 69 8.30662
4019.5 56 7.48331
4020.5 54 7.34847
4021.5 67 8.18535
4022.5 54 7.34847
4023.5 55 7.4162
4024.5 66 8.12404
4025.5 66 8.12404
4026.5 56 7.48331
4027.5 54 7.34847
4028.5 60 7.74597
4029.5 51 7.14143
4030.5 51 7.14143
4031.5 56 7.48331
4032.5 55 7.4162
4033.5 47 6.85565
4034.5 55 7.4162
4035.5 77 8.77496
4036.5 70 8.3666
4037.5 69 8.30662
4038.5 63 7.93725
4039.5 67 8.18535
4040.5 62 7.87401
4041.5 49 7
4042.5 60 7.74597
4043.5 52 7.2111
4044.5 57 7.54983
4045.5 64 8
4046.5 49 7
4047.5 58 7.61577
4048.5 57 7.54983
4049.5 55 7.4162
4050.5 54 7.34847
4051.5 59 7.68115
4052.5 44 6.63325
4053.5 62 7.87401
4054.5 46 6.78233
4055.5 66 8.12404
4056.5 65 8.06226
4057.5 59 7.68115
4058.5 52 7.2111
4059.5 52 7.2111
4060.5 52 7.2111
4061.5 59 7.68115
4062.5 59 7.68115
4063.5 57 7.54983
4064.5 59 7.68115
4065.5 51 7.14143
4066.5 44 6.63325
4067.5 59 7.68115
4068.5 61 7.81025
4069.5 60 7.74597
4070.5 61 7.81025
4071.5 66 8.12404
4072.5 51 7.14143
4073.5 76 8.7178
4074.5 48 6.9282
4075.5 60 7.74597
4076.5 60 7.74597
4077.5 59 7.68115
4078.5 56 7.48331
4079.5 55 7.4162
4080.5 61 7.81025
4081.5 44 6.63325
4082.5 61 7.81025
4083.5 39 6.245
4084.5 64 8
4085.5 60 7.74597
4086.5 61 7.81025
4087.5 56 7.48331
4088.5 63 7.93725
4089.5 55 7.4162
4090.5 58 7.61577
4091.5 59 7.68115
4092.5 55 7.4162
4093.5 48 6.9282
4094.5 55 7.4162
4095.5 46 6.78233
4096.5 59 7.68115
4097.5 55 7.4162
4098.5 46 6.78233
4099.5 58 7.61577
4100.5 50 7.07107
4101.5 53 7.28011
4102.5 56 7.48331
4103.5 54 7.34847
4104.5 64 8
4105.5 58 7.61577
4106.5 69 8.30662
4107.5 63 7.93725
4108.5 60 7.74597
4109.5 62 7.87401
4110.5 66 8.12404
4111.5 52 7.2111
4112.5 59 7.68115
4113.5 60 7.74597
4114.5 56 7.48331
4115.5 63 7.93725
4116.5 56 7.48331
4117.5 55 7.4162
4118.5 64 8
4119.5 65 8.06226
4120.5 58 7.61577
4121.5 54 7.34847
4122.5 58 7.61577
4123.5 65 8.06226
4124.5 55 7.4162
4125.5 54 7.34847
4126.5 58 7.61577
4127.5 58 7.61577
4128.5 57 7.54983
4129.5 62 7.87401
4130.5 61 7.81025
4131.5 62 7.87401
4132.5 68 8.24621
4133.5 41 6.40312
4134.5 59 7.68115
4135.5 58 7.61577
4136.5 51 7.14143
4137.5 59 7.68115
4138.5 53 7.28011
4139.5 47 6.85565
4140.5 43 6.55744
4141.5 65 8.06226
4142.5 57 7.54983
4143.5 59 7.68115
4144.5 57 7.54983
4145.5 54 7.34847
4146.5 60 7.74597
4147.5 48 6.9282
4148.5 57 7.54983
4149.5 57 7.54983
4150.5 61 7.81025
4151.5 47 6.85565
4152.5 55 7.4162
4153.5 59 7.68115
4154.5 64 8
4155.5 56 7.48331
4156.5 60 7.74597
4157.5 62 7.87401
4158.5 58 7.61577
4159.5 42 6.48074
4160.5 68 8.24621
4161.5 81 9
4162.5 45 6.7082
4163.5 42 6.48074
4164.5 60 7.74597
4165.5 66 8.12404
4166.5 61 7.81025
4167.5 58 7.61577
4168.5 55 7.4162
4169.5 45 6.7082
4170.5 64 8
4171.5 50 7.07107
4172.5 62 7.87401
4173.5 45 6.7082
4174.5 51 7.14143
4175.5 53 7.28011
4176.5 48 6.9282
4177.5 56 7.48331
4178.5 67 8.18535
4179.5 49 7
4180.5 50 7.07107
4181.5 49 7
4182.5 46 6.78233
4183.5 61 7.81025
4184.5 61 7.81025
4185.5 64 8
4186.5 63 7.93725
4187.5 42 6.48074
4188.5 79 8.88819
4189.5 55 7.4162
4190.5 45 6.7082
4191.5 55 7.4162
4192.5 60 7.74597
4193.5 45 6.7082
4194.5 52 7.2111
4195.5 43 6.55744
4196.5 47 6.85565
4197.5 52 7.2111
4198.5 41 6.40312
4199.5 52 7.2111
4200.5 53 7.28011
4201.5 57 7.54983
4202.5 51 7.14143
4203.5 55 7.4162
4204.5 59 7.68115
4205.5 60 7.74597
4206.5 41 6.40312
4207.5 42 6.48074
4208.5 64 8
4209.5 46 6.78233
4210.5 46 6.78233
4211.5 59 7.68115
4212.5 45 6.7082
4213.5 59 7.68115
4214.5 53 7.28011
4215.5 53 7.28011
4216.5 51 7.14143
4217.5 64 8
4218.5 67 8.18535
4219.5 54 7.34847
4220.5 61 7.81025
4221.5 52 7.2111
4222.5 46 6.78233
4223.5 49 7
4224.5 61 7.81025
4225.5 60 7.74597
4226.5 56 7.48331
4227.5 74 8.60233
4228.5 42 6.48074
4229.5 71 8.42615
4230.5 64 8
4231.5 52 7.2111
4232.5 55 7.4162
4233.5 46 6.78233
4234.5 53 7.28011
4235.5 48 6.9282
4236.5 44 6.63325
4237.5 57 7.54983
4238.5 52 7.2111
4239.5 46 6.78233
4240.5 54 7.34847
4241.5 44 6.63325
4242.5 61 7.81025
4243.5 60 7.74597
4244.5 64 8
4245.5 52 7.2111
4246.5 38 6.16441
4247.5 41 6.40312
4248.5 54 7.34847
4249.5 62 7.87401
4250.5 54 7.34847
4251.5 55 7.4162
4252.5 66 8.12404
4253.5 48 6.9282
4254.5 59 7.68115
4255.5 48 6.9282
4256.5 54 7.34847
4257.5 45 6.7082
4258.5 59 7.68115
4259.5 56 7.48331
4260.5 62 7.87401
4261.5 72 8.48528
4262.5 51 7.14143
4263.5 61 7.81025
4264.5 50 7.07107
4265.5 39 6.245
4266.5 50 7.07107
4267.5 67 8.18535
4268.5 46 6.78233
4269.5 66 8.12404
4270.5 45 6.7082
4271.5 65 8.06226
4272.5 56 7.48331
4273.5 65 8.06226
4274.5 56 7.48331
4275.5 60 7.74597
4276.5 57 7.54983
4277.5 45 6.7082
4278.5 62 7.87401
4279.5 56 7.48331
4280.5 48 6.9282
4281.5 57 7.54983
4282.5 48 6.9282
4283.5 58 7.61577
4284.5 58 7.61577
4285.5 52 7.2111
4286.5 55 7.4162
4287.5 55 7.4162
4288.5 55 7.4162
4289.5 62 7.87401
4290.5 52 7.2111
4291.5 59 7.68115
4292.5 60 7.74597
4293.5 63 7.93725
4294.5 54 7.34847
4295.5 55 7.4162
4296.5 63 7.93725
4297.5 57 7.54983
4298.5 52 7.2111
4299.5 67 8.18535
4300.5 53 7.28011
4301.5 52 7.2111
4302.5 45 6.7082
4303.5 55 7.4162
4304.5 55 7.4162
4305.5 44 6.63325
4306.5 51 7.14143
4307.5 52 7.2111
4308.5 54 7.34847
4309.5 53 7.28011
4310.5 67 8.18535
4311.5 64 8
4312.5 55 7.4162
4313.5 45 6.7082
4314.5 49 7
4315.5 59 7.68115
4316.5 53 7.28011
4317.5 64 8
4318.5 49 7
4319.5 58 7.61577
4320.5 60 7.74597
4321.5 65 8.06226
4322.5 68 8.24621
4323.5 47 6.85565
4324.5 56 7.48331
4325.5 61 7.81025
4326.5 56 7.48331
4327.5 57 7.54983
4328.5 37 6.08276
4329.5 61 7.81025
4330.5 54 7.34847
4331.5 59 7.68115
4332.5 67 8.18535
4333.5 55 7.4162
4334.5 49 7
4335.5 57 7.54983
4336.5 49 7
4337.5 58 7.61577
4338.5 49 7
4339.5 65 8.06226
4340.5 50 7.07107
4341.5 52 7.2111
4342.5 53 7.28011
4343.5 61 7.81025
4344.5 57 7.54983
4345.5 50 7.07107
4346.5 46 6.78233
4347.5 53 7.28011
4348.5 67 8.18535
4349.5 66 8.12404
4350.5 41 6.40312
4351.5 55 7.4162
4352.5 46 6.78233
4353.5 37 6.08276
4354.5 55 7.4162
4355.5 64 8
4356.5 52 7.2111
4357.5 40 6.32456
4358.5 53 7.28011
4359.5 59 7.68115
4360.5 63 7.93725
4361.5 55 7.4162
4362.5 59 7.68115
4363.5 45 6.7082
4364.5 41 6.40312
4365.5 61 7.81025
4366.5 72 8.48528
4367.5 51 7.14143
4368.5 54 7.34847
4369.5 58 7.61577
4370.5 57 7.54983
4371.5 55 7.4162
4372.5 55 7.4162
4373.5 52 7.2111
4374.5 62 7.87401
4375.5 58 7.61577
4376.5 45 6.7082
4377.5 59 7.68115
4378.5 64 8
4379.5 57 7.54983
4380.5 52 7.2111
4381.5 59 7.68115
4382.5 49 7
4383.5 42 6.48074
4384.5 52 7.2111
4385.5 54 7.34847
4386.5 65 8.06226
4387.5 52 7.2111
4388.5 44 6.63325
4389.5 53 7.28011
4390.5 61 7.81025
4391.5 56 7.48331
4392.5 54 7.34847
4393.5 60 7.74597
4394.5 45 6.7082
4395.5 53 7.28011
4396.5 55 7.4162
4397.5 56 7.48331
4398.5 48 6.9282
4399.5 58 7.61577
4400.5 53 7.28011
4401.5 57 7.54983
4402.5 61 7.81025
4403.5 54 7.34847
4404.5 51 7.14143
4405.5 58 7.61577
4406.5 47 6.85565
4407.5 57 7.54983
4408.5 47 6.85565
4409.5 49 7
4410.5 53 7.28011
4411.5 61 7.81025
4412.5 54 7.34847
4413.5 48 6.9282
4414.5 43 6.55744
4415.5 58 7.61577
4416.5 56 7.48331
4417.5 48 6.9282
4418.5 56 7.48331
4419.5 50 7.07107
4420.5 51 7.14143
4421.5 59 7.68115
4422.5 57 7.54983
4423.5 45 6.7082
4424.5 58 7.61577
4425.5 45 6.7082
4426.5 55 7.4162
4427.5 53 7.28011
4428.5 53 7.28011
4429.5 54 7.34847
4430.5 49 7
4431.5 46 6.78233
4432.5 68 8.24621
4433.5 60 7.74597
4434.5 61 7.81025
4435.5 61 7.81025
4436.5 63 7.93725
4437.5 65 8.06226
4438.5 69 8.30662
4439.5 58 7.61577
4440.5 56 7.48331
4441.5 52 7.2111
4442.5 55 7.4162
4443.5 52 7.2111
4444.5 61 7.81025
4445.5 66 8.12404
4446.5 58 7.61577
4447.5 55 7.4162
4448.5 64 8
4449.5 53 7.28011
4450.5 57 7.54983
4451.5 56 7.48331
4452.5 59 7.68115
4453.5 48 6.9282
4454.5 63 7.93725
4455.5 56 7.48331
4456.5 56 7.48331
4457.5 42 6.48074
4458.5 56 7.48331
4459.5 47 6.85565
4460.5 52 7.2111
4461.5 56 7.48331
4462.5 63 7.93725
4463.5 62 7.87401
4464.5 51 7.14143
4465.5 57 7.54983
4466.5 49 7
4467.5 61 7.81025
4468.5 35 5.91608
4469.5 61 7.81025
4470.5 41 6.40312
4471.5 55 7.4162
4472.5 58 7.61577
4473.5 53 7.28011
4474.5 46 6.78233
4475.5 59 7.68115
4476.5 58 7.61577
4477.5 54 7.34847
4478.5 56 7.48331
4479.5 63 7.93725
4480.5 48 6.9282
4481.5 51 7.14143
4482.5 48 6.9282
4483.5 39 6.245
4484.5 51 7.14143
4485.5 55 7.4162
4486.5 47 6.85565
4487.5 53 7.28011
4488.5 53 7.28011
4489.5 61 7.81025
4490.5 66 8.12404
4491.5 56 7.48331
4492.5 59 7.68115
4493.5 45 6.7082
4494.5 59 7.68115
4495.5 41 6.40312
4496.5 59 7.68115
4497.5 43 6.55744
4498.5 43 6.55744
4499.5 49 7
4500.5 57 7.54983
4501.5 50 7.07107
4502.5 61 7.81025
4503.5 61 7.81025
4504.5 63 7.93725
4505.5 50 7.07107
4506.5 49 7
4507.5 58 7.61577
4508.5 58 7.61577
4509.5 53 7.28011
4510.5 67 8.18535
4511.5 51 7.14143
4512.5 56 7.48331
4513.5 50 7.07107
4514.5 61 7.81025
4515.5 68 8.24621
4516.5 60 7.74597
4517.5 56 7.48331
4518.5 61 7.81025
4519.5 62 7.87401
4520.5 50 7.07107
4521.5 63 7.93725
4522.5 59 7.68115
4523.5 58 7.61577
4524.5 51 7.14143
4525.5 60 7.74597
4526.5 55 7.4162
4527.5 62 7.87401
4528.5 51 7.14143
4529.5 59 7.68115
4530.5 69 8.30662
4531.5 52 7.2111
4532.5 58 7.61577
4533.5 53 7.28011
4534.5 64 8
4535.5 46 6.78233
4536.5 65 8.06226
4537.5 63 7.93725
4538.5 50 7.07107
4539.5 54 7.34847
4540.5 63 7.93725
4541.5 58 7.61577
4542.5 48 6.9282
4543.5 47 6.85565
4544.5 49 7
4545.5 51 7.14143
4546.5 67 8.18535
4547.5 63 7.93725
4548.5 55 7.4162
4549.5 61 7.81025
4550.5 35 5.91608
4551.5 51 7.14143
4552.5 47 6.85565
4553.5 57 7.54983
4554.5 46 6.78233
4555.5 59 7.68115
4556.5 53 7.28011
4557.5 43 6.55744
4558.5 55 7.4162
4559.5 54 7.34847
4560.5 41 6.40312
4561.5 57 7.54983
4562.5 62 7.87401
4563.5 48 6.9282
4564.5 73 8.544
4565.5 62 7.87401
4566.5 50 7.07107
4567.5 47 6.85565
4568.5 63 7.93725
4569.5 48 6.9282
4570.5 51 7.14143
4571.5 56 7.48331
4572.5 46 6.78233
4573.5 60 7.74597
4574.5 41 6.40312
4575.5 54 7.34847
4576.5 44 6.63325
4577.5 53 7.28011
4578.5 58 7.61577
4579.5 42 6.48074
4580.5 61 7.81025
4581.5 55 7.4162
4582.5 53 7.28011
4583.5 57 7.54983
4584.5 53 7.28011
4585.5 42 6.48074
4586.5 48 6.9282
4587.5 51 7.14143
4588.5 56 7.48331
4589.5 53 7.28011
4590.5 60 7.74597
4591.5 59 7.68115
4592.5 66 8.12404
4593.5 51 7.14143
4594.5 47 6.85565
4595.5 58 7.61577
4596.5 62 7.87401
4597.5 49 7
4598.5 45 6.7082
4599.5 42 6.48074
4600.5 59 7.68115
4601.5 56 7.48331
4602.5 52 7.2111
4603.5 41 6.40312
4604.5 46 6.78233
4605.5 61 7.81025
4606.5 48 6.9282
4607.5 48 6.9282
4608.5 58 7.61577
4609.5 52 7.2111
4610.5 49 7
4611.5 46 6.78233
4612.5 58 7.61577
4613.5 58 7.61577
4614.5 58 7.61577
4615.5 52 7.2111
4616.5 47 6.85565
4617.5 57 7.54983
4618.5 62 7.87401
4619.5 52 7.2111
4620.5 46 6.78233
4621.5 64 8
4622.5 46 6.78233
4623.5 46 6.78233
4624.5 47 6.85565
4625.5 47 6.85565
4626.5 54 7.34847
4627.5 62 7.87401
4628.5 47 6.85565
4629.5 54 7.34847
4630.5 48 6.9282
4631.5 56 7.48331
4632.5 58 7.61577
4633.5 55 7.4162
4634.5 58 7.61577
4635.5 60 7.74597
4636.5 58 7.61577
4637.5 55 7.4162
4638.5 58 7.61577
4639.5 48 6.9282
4640.5 55 7.4162
4641.5 60 7.74597
4642.5 60 7.74597
4643.5 44 6.63325
4644.5 41 6.40312
4645.5 62 7.87401
4646.5 65 8.06226
4647.5 38 6.16441
4648.5 53 7.28011
4649.5 48 6.9282
4650.5 59 7.68115
4651.5 50 7.07107
4652.5 43 6.55744
4653.5 63 7.93725
4654.5 53 7.28011
4655.5 37 6.08276
4656.5 50 7.07107
4657.5 65 8.06226
4658.5 51 7.14143
4659.5 47 6.85565
4660.5 71 8.42615
4661.5 62 7.87401
4662.5 63 7.93725
4663.5 50 7.07107
4664.5 62 7.87401
4665.5 44 6.63325
4666.5 57 7.54983
4667.5 59 7.68115
4668.5 48 6.9282
4669.5 55 7.4162
4670.5 50 7.07107
4671.5 59 7.68115
4672.5 55 7.4162
4673.5 56 7.48331
4674.5 54 7.34847
4675.5 55 7.4162
4676.5 46 6.78233
4677.5 56 7.48331
4678.5 54 7.34847
4679.5 53 7.28011
4680.5 39 6.245
4681.5 50 7.07107
4682.5 48 6.9282
4683.5 57 7.54983
4684.5 48 6.9282
4685.5 54 7.34847
4686.5 49 7
4687.5 55 7.4162
4688.5 70 8.3666
4689.5 48 6.9282
4690.5 66 8.12404
4691.5 59 7.68115
4692.5 53 7.28011
4693.5 44 6.63325
4694.5 55 7.4162
4695.5 53 7.28011
4696.5 55 7.4162
4697.5 56 7.48331
4698.5 55 7.4162
4699.5 49 7
4700.5 62 7.87401
4701.5 49 7
4702.5 41 6.40312
4703.5 56 7.48331
4704.5 62 7.87401
4705.5 47 6.85565
4706.5 46 6.78233
4707.5 51 7.14143
4708.5 51 7.14143
4709.5 45 6.7082
4710.5 48 6.9282
4711.5 48 6.9282
4712.5 49 7
4713.5 60 7.74597
4714.5 49 7
4715.5 50 7.07107
4716.5 74 8.60233
4717.5 59 7.68115
4718.5 52 7.2111
4719.5 53 7.28011
4720.5 56 7.48331
4721.5 54 7.34847
4722.5 41 6.40312
4723.5 57 7.54983
4724.5 51 7.14143
4725.5 40 6.32456
4726.5 53 7.28011
4727.5 67 8.18535
4728.5 65 8.06226
4729.5 61 7.81025
4730.5 43 6.55744
4731.5 54 7.34847
4732.5 49 7
4733.5 48 6.9282
4734.5 46 6.78233
4735.5 68 8.24621
4736.5 63 7.93725
4737.5 55 7.4162
4738.5 50 7.07107
4739.5 57 7.54983
4740.5 42 6.48074
4741.5 89 9.43398
4742.5 65 8.06226
4743.5 51 7.14143
4744.5 63 7.93725
4745.5 58 7.61577
4746.5 53 7.28011
4747.5 60 7.74597
4748.5 55 7.4162
4749.5 64 8
4750.5 64 8
4751.5 52 7.2111
4752.5 54 7.34847
4753.5 45 6.7082
4754.5 53 7.28011
4755.5 45 6.7082
4756.5 59 7.68115
4757.5 50 7.07107
4758.5 53 7.28011
4759.5 59 7.68115
4760.5 64 8
4761.5 64 8
4762.5 65 8.06226
4763.5 45 6.7082
4764.5 54 7.34847
4765.5 55 7.4162
4766.5 41 6.40312
4767.5 61 7.81025
4768.5 50 7.07107
4769.5 42 6.48074
4770.5 54 7.34847
4771.5 44 6.63325
4772.5 36 6
4773.5 49 7
4774.5 57 7.54983
4775.5 65 8.06226
4776.5 53 7.28011
4777.5 48 6.9282
4778.5 55 7.4162
4779.5 54 7.34847
4780.5 55 7.4162
4781.5 59 7.68115
4782.5 60 7.74597
4783.5 43 6.55744
4784.5 54 7.34847
4785.5 59 7.68115
4786.5 46 6.78233
4787.5 59 7.68115
4788.5 49 7
4789.5 51 7.14143
4790.5 55 7.4162
4791.5 46 6.78233
4792.5 60 7.74597
4793.5 50 7.07107
4794.5 62 7.87401
4795.5 57 7.54983
4796.5 58 7.61577
4797.5 45 6.7082
4798.5 64 8
4799.5 43 6.55744
4800.5 65 8.06226
4801.5 69 8.30662
4802.5 54 7.34847
4803.5 60 7.74597
4804.5 51 7.14143
4805.5 50 7.07107
4806.5 48 6.9282
4807.5 53 7.28011
4808.5 56 7.48331
4809.5 59 7.68115
4810.5 49 7
4811.5 60 7.74597
4812.5 50 7.07107
4813.5 51 7.14143
4814.5 46 6.78233
4815.5 48 6.9282
4816.5 61 7.81025
4817.5 48 6.9282
4818.5 46 6.78233
4819.5 53 7.28011
4820.5 53 7.28011
4821.5 64 8
4822.5 59 7.68115
4823.5 61 7.81025
4824.5 52 7.2111
4825.5 46 6.78233
4826.5 47 6.85565
4827.5 54 7.34847
4828.5 47 6.85565
4829.5 50 7.07107
4830.5 52 7.2111
4831.5 54 7.34847
4832.5 57 7.54983
4833.5 50 7.07107
4834.5 56 7.48331
4835.5 51 7.14143
4836.5 51 7.14143
4837.5 56 7.48331
4838.5 53 7.28011
4839.5 53 7.28011
4840.5 56 7.48331
4841.5 40 6.32456
4842.5 56 7.48331
4843.5 52 7.2111
4844.5 51 7.14143
4845.5 57 7.54983
4846.5 57 7.54983
4847.5 52 7.2111
4848.5 59 7.68115
4849.5 53 7.28011
4850.5 46 6.78233
4851.5 36 6
4852.5 55 7.4162
4853.5 48 6.9282
4854.5 58 7.61577
4855.5 48 6.9282
4856.5 52 7.2111
4857.5 59 7.68115
4858.5 44 6.63325
4859.5 51 7.14143
4860.5 44 6.63325
4861.5 57 7.54983
4862.5 65 8.06226
4863.5 57 7.54983
4864.5 58 7.61577
4865.5 55 7.4162
4866.5 56 7.48331
4867.5 58 7.61577
4868.5 53 7.28011
4869.5 56 7.48331
4870.5 50 7.07107
4871.5 56 7.48331
4872.5 42 6.48074
4873.5 60 7.74597
4874.5 69 8.30662
4875.5 59 7.68115
4876.5 50 7.07107
4877.5 53 7.28011
4878.5 64 8
4879.5 47 6.85565
4880.5 44 6.63325
4881.5 52 7.2111
4882.5 51 7.14143
4883.5 36 6
4884.5 56 7.48331
4885.5 56 7.48331
4886.5 64 8
4887.5 59 7.68115
4888.5 42 6.48074
4889.5 65 8.06226
4890.5 53 7.28011
4891.5 58 7.61577
4892.5 68 8.24621
4893.5 38 6.16441
4894.5 56 7.48331
4895.5 45 6.7082
4896.5 53 7.28011
4897.5 55 7.4162
4898.5 64 8
4899.5 56 7.48331
4900.5 53 7.28011
4901.5 43 6.55744
4902.5 46 6.78233
4903.5 48 6.9282
4904.5 58 7.61577
4905.5 40 6.32456
4906.5 43 6.55744
4907.5 58 7.61577
4908.5 48 6.9282
4909.5 54 7.34847
4910.5 39 6.245
4911.5 46 6.78233
4912.5 47 6.85565
4913.5 51 7.14143
4914.5 54 7.34847
4915.5 48 6.9282
4916.5 48 6.9282
4917.5 67 8.18535
4918.5 52 7.2111
4919.5 55 7.4162
4920.5 51 7.14143
4921.5 47 6.85565
4922.5 36 6
4923.5 52 7.2111
4924.5 54 7.34847
4925.5 53 7.28011
4926.5 44 6.63325
4927.5 52 7.2111
4928.5 49 7
4929.5 60 7.74597
4930.5 58 7.61577
4931.5 56 7.48331
4932.5 47 6.85565
4933.5 45 6.7082
4934.5 44 6.63325
4935.5 55 7.4162
4936.5 47 6.85565
4937.5 53 7.28011
4938.5 44 6.63325
4939.5 43 6.55744
4940.5 50 7.07107
4941.5 50 7.07107
4942.5 67 8.18535
4943.5 60 7.74597
4944.5 52 7.2111
4945.5 56 7.48331
4946.5 57 7.54983
4947.5 47 6.85565
4948.5 58 7.61577
4949.5 60 7.74597
4950.5 58 7.61577
4951.5 61 7.81025
4952.5 50 7.07107
4953.5 51 7.14143
4954.5 48 6.9282
4955.5 55 7.4162
4956.5 58 7.61577
4957.5 46 6.78233
4958.5 60 7.74597
4959.5 47 6.85565
4960.5 60 7.74597
4961.5 53 7.28011
4962.5 46 6.78233
4963.5 56 7.48331
4964.5 44 6.63325
4965.5 46 6.78233
4966.5 44 6.63325
4967.5 44 6.63325
4968.5 59 7.68115
4969.5 52 7.2111
4970.5 59 7.68115
4971.5 60 7.74597
4972.5 59 7.68115
4973.5 64 8
4974.5 40 6.32456
4975.5 50 7.07107
4976.5 49 7
4977.5 56 7.48331
4978.5 53 7.28011
4979.5 54 7.34847
4980.5 53 7.28011
4981.5 64 8
4982.5 52 7.2111
4983.5 59 7.68115
4984.5 51 7.14143
4985.5 48 6.9282
4986.5 62 7.87401
4987.5 60 7.74597
4988.5 37 6.08276
4989.5 46 6.78233
4990.5 58 7.61577
4991.5 39 6.245
4992.5 40 6.32456
4993.5 49 7
4994.5 42 6.48074
4995.5 55 7.4162
4996.5 48 6.9282
4997.5 55 7.4162
4998.5 45 6.7082
4999.5 50 7.07107
5000.5 59 7.68115
5001.5 49 7
5002.5 56 7.48331
5003.5 64 8
5004.5 49 7
5005.5 41 6.40312
5006.5 58 7.61577
5007.5 53 7.28011
5008.5 60 7.74597
5009.5 55 7.4162
5010.5 62 7.87401
5011.5 54 7.34847
5012.5 45 6.7082
5013.5 49 7
5014.5 42 6.48074
5015.5 49 7
5016.5 65 8.06226
5017.5 50 7.07107
5018.5 53 7.28011
5019.5 41 6.40312
5020.5 51 7.14143
5021.5 42 6.48074
5022.5 55 7.4162
5023.5 50 7.07107
5024.5 51 7.14143
5025.5 56 7.48331
5026.5 50 7.07107
5027.5 46 6.78233
5028.5 46 6.78233
5029.5 55 7.4162
5030.5 47 6.85565
5031.5 50 7.07107
5032.5 54 7.34847
5033.5 59 7.68115
5034.5 41 6.40312
5035.5 61 7.81025
5036.5 53 7.28011
5037.5 40 6.32456
5038.5 62 7.87401
5039.5 40 6.32456
5040.5 49 7
5041.5 64 8
5042.5 62 7.87401
5043.5 52 7.2111
5044.5 56 7.48331
5045.5 57 7.54983
5046.5 49 7
5047.5 58 7.61577
5048.5 39 6.245
5049.5 49 7
5050.5 51 7.14143
5051.5 61 7.81025
5052.5 58 7.61577
5053.5 56 7.48331
5054.5 46 6.78233
5055.5 55 7.4162
5056.5 59 7.68115
5057.5 64 8
5058.5 63 7.93725
5059.5 43 6.55744
5060.5 43 6.55744
5061.5 53 7.28011
5062.5 47 6.85565
5063.5 51 7.14143
5064.5 43 6.55744
5065.5 44 6.63325
5066.5 52 7.2111
5067.5 40 6.32456
5068.5 52 7.2111
5069.5 52 7.2111
5070.5 63 7.93725
5071.5 56 7.48331
5072.5 46 6.78233
5073.5 53 7.28011
5074.5 44 6.63325
5075.5 42 6.48074
5076.5 41 6.40312
5077.5 56 7.48331
5078.5 53 7.28011
5079.5 55 7.4162
5080.5 49 7
5081.5 58 7.61577
5082.5 53 7.28011
5083.5 67 8.18535
5084.5 43 6.55744
5085.5 51 7.14143
5086.5 50 7.07107
5087.5 51 7.14143
5088.5 56 7.48331
5089.5 46 6.78233
5090.5 43 6.55744
5091.5 59 7.68115
5092.5 45 6.7082
5093.5 46 6.78233
5094.5 32 5.65685
5095.5 52 7.2111
5096.5 52 7.2111
5097.5 63 7.93725
5098.5 60 7.74597
5099.5 41 6.40312
5100.5 59 7.68115
5101.5 55 7.4162
5102.5 52 7.2111
5103.5 51 7.14143
5104.5 55 7.4162
5105.5 48 6.9282
5106.5 51 7.14143
5107.5 57 7.54983
5108.5 50 7.07107
5109.5 54 7.34847
5110.5 57 7.54983
5111.5 59 7.68115
5112.5 53 7.28011
5113.5 37 6.08276
5114.5 57 7.54983
5115.5 52 7.2111
5116.5 50 7.07107
5117.5 45 6.7082
5118.5 49 7
5119.5 53 7.28011
5120.5 54 7.34847
5121.5 50 7.07107
5122.5 45 6.7082
5123.5 49 7
5124.5 52 7.2111
5125.5 57 7.54983
5126.5 62 7.87401
5127.5 45 6.7082
5128.5 52 7.2111
5129.5 61 7.81025
5130.5 62 7.87401
5131.5 51 7.14143
5132.5 60 7.74597
5133.5 58 7.61577
5134.5 53 7.28011
5135.5 54 7.34847
5136.5 57 7.54983
5137.5 47 6.85565
5138.5 52 7.2111
5139.5 51 7.14143
5140.5 53 7.28011
5141.5 51 7.14143
5142.5 47 6.85565
5143.5 46 6.78233
5144.5 46 6.78233
5145.5 56 7.48331
5146.5 44 6.63325
5147.5 53 7.28011
5148.5 51 7.14143
5149.5 58 7.61577
5150.5 38 6.16441
5151.5 52 7.2111
5152.5 54 7.34847
5153.5 52 7.2111
5154.5 47 6.85565
5155.5 59 7.68115
5156.5 54 7.34847
5157.5 56 7.48331
5158.5 41 6.40312
5159.5 57 7.54983
5160.5 53 7.28011
5161.5 60 7.74597
5162.5 54 7.34847
5163.5 53 7.28011
5164.5 51 7.14143
5165.5 47 6.85565
5166.5 56 7.48331
5167.5 71 8.42615
5168.5 56 7.48331
5169.5 46 6.78233
5170.5 44 6.63325
5171.5 41 6.40312
5172.5 43 6.55744
5173.5 53 7.28011
5174.5 54 7.34847
5175.5 50 7.07107
5176.5 49 7
5177.5 41 6.40312
5178.5 53 7.28011
5179.5 59 7.68115
5180.5 43 6.55744
5181.5 42 6.48074
5182.5 62 7.87401
5183.5 62 7.87401
5184.5 59 7.68115
5185.5 51 7.14143
5186.5 45 6.7082
5187.5 52 7.2111
5188.5 56 7.48331
5189.5 48 6.9282
5190.5 40 6.32456
5191.5 62 7.87401
5192.5 47 6.85565
5193.5 53 7.28011
5194.5 55 7.4162
5195.5 43 6.55744
5196.5 50 7.07107
5197.5 53 7.28011
5198.5 45 6.7082
5199.5 50 7.07107
5200.5 52 7.2111
5201.5 49 7
5202.5 55 7.4162
5203.5 56 7.48331
5204.5 49 7
5205.5 63 7.93725
5206.5 37 6.08276
5207.5 49 7
5208.5 37 6.08276
5209.5 46 6.78233
5210.5 53 7.28011
5211.5 43 6.55744
5212.5 55 7.4162
5213.5 52 7.2111
5214.5 40 6.32456
5215.5 48 6.9282
5216.5 52 7.2111
5217.5 65 8.06226
5218.5 44 6.63325
5219.5 43 6.55744
5220.5 54 7.34847
5221.5 44 6.63325
5222.5 58 7.61577
5223.5 50 7.07107
5224.5 55 7.4162
5225.5 43 6.55744
5226.5 54 7.34847
5227.5 59 7.68115
5228.5 59 7.68115
5229.5 35 5.91608
5230.5 48 6.9282
5231.5 53 7.28011
5232.5 49 7
5233.5 46 6.78233
5234.5 46 6.78233
5235.5 50 7.07107
5236.5 50 7.07107
5237.5 50 7.07107
5238.5 58 7.61577
5239.5 57 7.54983
5240.5 56 7.48331
5241.5 55 7.4162
5242.5 43 6.55744
5243.5 53 7.28011
5244.5 45 6.7082
5245.5 37 6.08276
5246.5 40 6.32456
5247.5 63 7.93725
5248.5 51 7.14143
5249.5 48 6.9282
5250.5 47 6.85565
5251.5 37 6.08276
5252.5 56 7.48331
5253.5 37 6.08276
5254.5 52 7.2111
5255.5 51 7.14143
5256.5 53 7.28011
5257.5 58 7.61577
5258.5 62 7.87401
5259.5 37 6.08276
5260.5 62 7.87401
5261.5 48 6.9282
5262.5 59 7.68115
5263.5 51 7.14143
5264.5 41 6.40312
5265.5 52 7.2111
5266.5 48 6.9282
5267.5 53 7.28011
5268.5 62 7.87401
5269.5 52 7.2111
5270.5 60 7.74597
5271.5 55 7.4162
5272.5 52 7.2111
5273.5 64 8
5274.5 44 6.63325
5275.5 58 7.61577
5276.5 37 6.08276
5277.5 52 7.2111
5278.5 69 8.30662
5279.5 52 7.2111
5280.5 56 7.48331
5281.5 54 7.34847
5282.5 49 7
5283.5 43 6.55744
5284.5 45 6.7082
5285.5 48 6.9282
5286.5 43 6.55744
5287.5 61 7.81025
5288.5 34 5.83095
5289.5 46 6.78233
5290.5 54 7.34847
5291.5 48 6.9282
5292.5 47 6.85565
5293.5 63 7.93725
5294.5 45 6.7082
5295.5 38 6.16441
5296.5 50 7.07107
5297.5 52 7.2111
5298.5 61 7.81025
5299.5 60 7.74597
5300.5 59 7.68115
5301.5 53 7.28011
5302.5 59 7.68115
5303.5 59 7.68115
5304.5 39 6.245
5305.5 35 5.91608
5306.5 44 6.63325
5307.5 53 7.28011
5308.5 47 6.85565
5309.5 71 8.42615
5310.5 49 7
5311.5 40 6.32456
5312.5 59 7.68115
5313.5 58 7.61577
5314.5 39 6.245
5315.5 54 7.34847
5316.5 54 7.34847
5317.5 40 6.32456
5318.5 55 7.4162
5319.5 48 6.9282
5320.5 47 6.85565
5321.5 53 7.28011
5322.5 55 7.4162
5323.5 63 7.93725
5324.5 49 7
5325.5 39 6.245
5326.5 47 6.85565
5327.5 51 7.14143
5328.5 50 7.07107
5329.5 61 7.81025
5330.5 51 7.14143
5331.5 49 7
5332.5 41 6.40312
5333.5 48 6.9282
5334.5 64 8
5335.5 55 7.4162
5336.5 59 7.68115
5337.5 62 7.87401
5338.5 42 6.48074
5339.5 41 6.40312
5340.5 58 7.61577
5341.5 63 7.93725
5342.5 58 7.61577
5343.5 42 6.48074
5344.5 55 7.4162
5345.5 53 7.28011
5346.5 46 6.78233
5347.5 75 8.66025
5348.5 38 6.16441
5349.5 56 7.48331
5350.5 52 7.2111
5351.5 48 6.9282
5352.5 49 7
5353.5 55 7.4162
5354.5 53 7.28011
5355.5 43 6.55744
5356.5 58 7.61577
5357.5 27 5.19615
5358.5 53 7.28011
5359.5 57 7.54983
5360.5 51 7.14143
5361.5 48 6.9282
5362.5 61 7.81025
5363.5 48 6.9282
5364.5 59 7.68115
5365.5 48 6.9282
5366.5 49 7
5367.5 59 7.68115
5368.5 59 7.68115
5369.5 43 6.55744
5370.5 47 6.85565
5371.5 63 7.93725
5372.5 54 7.34847
5373.5 47 6.85565
5374.5 45 6.7082
5375.5 51 7.14143
5376.5 54 7.34847
5377.5 49 7
5378.5 50 7.07107
5379.5 44 6.63325
5380.5 60 7.74597
5381.5 57 7.54983
5382.5 52 7.2111
5383.5 55 7.4162
5384.5 62 7.87401
5385.5 45 6.7082
5386.5 58 7.61577
5387.5 56 7.48331
5388.5 49 7
5389.5 48 6.9282
5390.5 50 7.07107
5391.5 58 7.61577
5392.5 53 7.28011
5393.5 61 7.81025
5394.5 51 7.14143
5395.5 49 7
5396.5 50 7.07107
5397.5 62 7.87401
5398.5 41 6.40312
5399.5 52 7.2111
5400.5 71 8.42615
5401.5 48 6.9282
5402.5 50 7.07107
5403.5 59 7.68115
5404.5 56 7.48331
5405.5 43 6.55744
5406.5 49 7
5407.5 53 7.28011
5408.5 48 6.9282
5409.5 60 7.74597
5410.5 55 7.4162
5411.5 55 7.4162
5412.5 68 8.24621
5413.5 63 7.93725
5414.5 51 7.14143
5415.5 43 6.55744
5416.5 47 6.85565
5417.5 45 6.7082
5418.5 53 7.28011
5419.5 50 7.07107
5420.5 57 7.54983
5421.5 57 7.54983
5422.5 41 6.40312
5423.5 59 7.68115
5424.5 52 7.2111
5425.5 55 7.4162
5426.5 69 8.30662
5427.5 56 7.48331
5428.5 45 6.7082
5429.5 52 7.2111
5430.5 42 6.48074
5431.5 60 7.74597
5432.5 51 7.14143
5433.5 80 8.94427
5434.5 56 7.48331
5435.5 74 8.60233
5436.5 71 8.42615
5437.5 72 8.48528
5438.5 71 8.42615
5439.5 76 8.7178
5440.5 86 9.27362
5441.5 96 9.79796
5442.5 95 9.74679
5443.5 123 11.0905
5444.5 112 10.583
5445.5 141 11.8743
5446.5 152 12.3288
5447.5 162 12.7279
5448.5 155 12.4499
5449.5 174 13.1909
5450.5 186 13.6382
5451.5 204 14.2829
5452.5 218 14.7648
5453.5 208 14.4222
5454.5 189 13.7477
5455.5 213 14.5945
5456.5 243 15.5885
5457.5 204 14.2829
5458.5 198 14.0712
5459.5 207 14.3875
5460.5 206 14.3527
5461.5 204 14.2829
5462.5 154 12.4097
5463.5 153 12.3693
5464.5 144 12
5465.5 146 12.083
5466.5 132 11.4891
5467.5 119 10.9087
5468.5 112 10.583
5469.5 94 9.69536
5470.5 112 10.583
5471.5 88 9.38083
5472.5 75 8.66025
5473.5 95 9.74679
5474.5 106 10.2956
5475.5 70 8.3666
5476.5 68 8.24621
5477.5 60 7.74597
5478.5 84 9.16515
5479.5 74 8.60233
5480.5 75 8.66025
5481.5 75 8.66025
5482.5 70 8.3666
5483.5 64 8
5484.5 60 7.74597
5485.5 53 7.28011
5486.5 54 7.34847
5487.5 56 7.48331
5488.5 69 8.30662
5489.5 83 9.11043
5490.5 56 7.48331
5491.5 55 7.4162
5492.5 64 8
5493.5 49 7
5494.5 51 7.14143
5495.5 46 6.78233
5496.5 65 8.06226
5497.5 59 7.68115
5498.5 66 8.12404
5499.5 50 7.07107
5500.5 61 7.81025
5501.5 53 7.28011
5502.5 45 6.7082
5503.5 64 8
5504.5 66 8.12404
5505.5 48 6.9282
5506.5 52 7.2111
5507.5 62 7.87401
5508.5 46 6.78233
5509.5 76 8.7178
5510.5 57 7.54983
5511.5 57 7.54983
5512.5 67 8.18535
5513.5 55 7.4162
5514.5 63 7.93725
5515.5 56 7.48331
5516.5 57 7.54983
5517.5 58 7.61577
5518.5 65 8.06226
5519.5 40 6.32456
5520.5 57 7.54983
5521.5 50 7.07107
5522.5 56 7.48331
5523.5 57 7.54983
5524.5 59 7.68115
5525.5 56 7.48331
5526.5 52 7.2111
5527.5 47 6.85565
5528.5 49 7
5529.5 60 7.74597
5530.5 51 7.14143
5531.5 54 7.34847
5532.5 47 6.85565
5533.5 56 7.48331
5534.5 52 7.2111
5535.5 70 8.3666
5536.5 62 7.87401
5537.5 58 7.61577
5538.5 51 7.14143
5539.5 39 6.245
5540.5 81 9
5541.5 50 7.07107
5542.5 61 7.81025
5543.5 51 7.14143
5544.5 57 7.54983
5545.5 53 7.28011
5546.5 44 6.63325
5547.5 52 7.2111
5548.5 60 7.74597
5549.5 40 6.32456
5550.5 49 7
5551.5 64 8
5552.5 52 7.2111
5553.5 63 7.93725
5554.5 50 7.07107
5555.5 59 7.68115
5556.5 59 7.68115
5557.5 63 7.93725
5558.5 54 7.34847
5559.5 57 7.54983
5560.5 54 7.34847
5561.5 52 7.2111
5562.5 63 7.93725
5563.5 65 8.06226
5564.5 48 6.9282
5565.5 53 7.28011
5566.5 54 7.34847
5567.5 64 8
5568.5 51 7.14143
5569.5 53 7.28011
5570.5 62 7.87401
5571.5 71 8.42615
5572.5 57 7.54983
5573.5 56 7.48331
5574.5 56 7.48331
5575.5 55 7.4162
5576.5 50 7.07107
5577.5 58 7.61577
5578.5 63 7.93725
5579.5 53 7.28011
5580.5 65 8.06226
5581.5 55 7.4162
5582.5 65 8.06226
5583.5 53 7.28011
5584.5 55 7.4162
5585.5 59 7.68115
5586.5 70 8.3666
5587.5 61 7.81025
5588.5 47 6.85565
5589.5 62 7.87401
5590.5 57 7.54983
5591.5 51 7.14143
5592.5 65 8.06226
5593.5 60 7.74597
5594.5 60 7.74597
5595.5 61 7.81025
5596.5 58 7.61577
5597.5 53 7.28011
5598.5 60 7.74597
5599.5 52 7.2111
5600.5 56 7.48331
5601.5 55 7.4162
5602.5 60 7.74597
5603.5 63 7.93725
5604.5 54 7.34847
5605.5 63 7.93725
5606.5 61 7.81025
5607.5 57 7.54983
5608.5 61 7.81025
5609.5 52 7.2111
5610.5 61 7.81025
5611.5 64 8
5612.5 39 6.245
5613.5 63 7.93725
5614.5 53 7.28011
5615.5 64 8
5616.5 51 7.14143
5617.5 58 7.61577
5618.5 55 7.4162
5619.5 49 7
5620.5 55 7.4162
5621.5 51 7.14143
5622.5 55 7.4162
5623.5 59 7.68115
5624.5 50 7.07107
5625.5 69 8.30662
5626.5 38 6.16441
5627.5 48 6.9282
5628.5 53 7.28011
5629.5 62 7.87401
5630.5 53 7.28011
5631.5 53 7.28011
5632.5 71 8.42615
5633.5 54 7.34847
5634.5 51 7.14143
5635.5 59 7.68115
5636.5 48 6.9282
5637.5 63 7.93725
5638.5 41 6.40312
5639.5 57 7.54983
5640.5 49 7
5641.5 57 7.54983
5642.5 62 7.87401
5643.5 56 7.48331
5644.5 65 8.06226
5645.5 52 7.2111
5646.5 41 6.40312
5647.5 49 7
5648.5 50 7.07107
5649.5 62 7.87401
5650.5 70 8.3666
5651.5 43 6.55744
5652.5 64 8
5653.5 53 7.28011
5654.5 58 7.61577
5655.5 57 7.54983
5656.5 59 7.68115
5657.5 61 7.81025
5658.5 53 7.28011
5659.5 44 6.63325
5660.5 38 6.16441
5661.5 60 7.74597
5662.5 44 6.63325
5663.5 44 6.63325
5664.5 56 7.48331
5665.5 46 6.78233
5666.5 58 7.61577
5667.5 51 7.14143
5668.5 61 7.81025
5669.5 56 7.48331
5670.5 59 7.68115
5671.5 46 6.78233
5672.5 56 7.48331
5673.5 69 8.30662
5674.5 52 7.2111
5675.5 45 6.7082
5676.5 43 6.55744
5677.5 68 8.24621
5678.5 58 7.61577
5679.5 45 6.7082
5680.5 50 7.07107
5681.5 55 7.4162
5682.5 44 6.63325
5683.5 50 7.07107
5684.5 55 7.4162
5685.5 66 8.12404
5686.5 51 7.14143
5687.5 57 7.54983
5688.5 50 7.07107
5689.5 41 6.40312
5690.5 57 7.54983
5691.5 57 7.54983
5692.5 51 7.14143
5693.5 60 7.74597
5694.5 58 7.61577
5695.5 62 7.87401
5696.5 67 8.18535
5697.5 62 7.87401
5698.5 73 8.544
5699.5 62 7.87401
5700.5 58 7.61577
5701.5 51 7.14143
5702.5 61 7.81025
5703.5 62 7.87401
5704.5 82 9.05539
5705.5 54 7.34847
5706.5 63 7.93725
5707.5 57 7.54983
5708.5 54 7.34847
5709.5 62 7.87401
5710.5 54 7.34847
5711.5 63 7.93725
5712.5 59 7.68115
5713.5 70 8.3666
5714.5 53 7.28011
5715.5 69 8.30662
5716.5 62 7.87401
5717.5 67 8.18535
5718.5 53 7.28011
5719.5 64 8
5720.5 59 7.68115
5721.5 60 7.74597
5722.5 69 8.30662
5723.5 67 8.18535
5724.5 66 8.12404
5725.5 55 7.4162
5726.5 58 7.61577
5727.5 58 7.61577
5728.5 70 8.3666
5729.5 54 7.34847
5730.5 64 8
5731.5 66 8.12404
5732.5 63 7.93725
5733.5 57 7.54983
5734.5 43 6.55744
5735.5 51 7.14143
5736.5 48 6.9282
5737.5 57 7.54983
5738.5 52 7.2111
5739.5 54 7.34847
5740.5 57 7.54983
5741.5 53 7.28011
5742.5 53 7.28011
5743.5 62 7.87401
5744.5 59 7.68115
5745.5 58 7.61577
5746.5 45 6.7082
5747.5 51 7.14143
5748.5 60 7.74597
5749.5 48 6.9282
5750.5 62 7.87401
5751.5 58 7.61577
5752.5 67 8.18535
5753.5 67 8.18535
5754.5 68 8.24621
5755.5 67 8.18535
5756.5 55 7.4162
5757.5 54 7.34847
5758.5 58 7.61577
5759.5 45 6.7082
5760.5 61 7.81025
5761.5 76 8.7178
5762.5 60 7.74597
5763.5 52 7.2111
5764.5 64 8
5765.5 52 7.2111
5766.5 59 7.68115
5767.5 54 7.34847
5768.5 57 7.54983
5769.5 55 7.4162
5770.5 67 8.18535
5771.5 59 7.68115
5772.5 52 7.2111
5773.5 59 7.68115
5774.5 63 7.93725
5775.5 55 7.4162
5776.5 53 7.28011
5777.5 60 7.74597
5778.5 67 8.18535
5779.5 57 7.54983
5780.5 59 7.68115
5781.5 58 7.61577
5782.5 53 7.28011
5783.5 61 7.81025
5784.5 42 6.48074
5785.5 58 7.61577
5786.5 56 7.48331
5787.5 55 7.4162
5788.5 47 6.85565
5789.5 64 8
5790.5 58 7.61577
5791.5 55 7.4162
5792.5 54 7.34847
5793.5 39 6.245
5794.5 71 8.42615
5795.5 46 6.78233
5796.5 74 8.60233
5797.5 61 7.81025
5798.5 55 7.4162
5799.5 52 7.2111
5800.5 58 7.61577
5801.5 57 7.54983
5802.5 54 7.34847
5803.5 55 7.4162
5804.5 54 7.34847
5805.5 57 7.54983
5806.5 64 8
5807.5 52 7.2111
5808.5 60 7.74597
5809.5 62 7.87401
5810.5 58 7.61577
5811.5 51 7.14143
5812.5 46 6.78233
5813.5 47 6.85565
5814.5 55 7.4162
5815.5 52 7.2111
5816.5 49 7
5817.5 46 6.78233
5818.5 42 6.48074
5819.5 56 7.48331
5820.5 59 7.68115
5821.5 61 7.81025
5822.5 55 7.4162
5823.5 54 7.34847
5824.5 58 7.61577
5825.5 55 7.4162
5826.5 69 8.30662
5827.5 68 8.24621
5828.5 51 7.14143
5829.5 46 6.78233
5830.5 54 7.34847
5831.5 70 8.3666
5832.5 48 6.9282
5833.5 60 7.74597
5834.5 57 7.54983
5835.5 59 7.68115
5836.5 55 7.4162
5837.5 58 7.61577
5838.5 57 7.54983
5839.5 55 7.4162
5840.5 60 7.74597
5841.5 53 7.28011
5842.5 55 7.4162
5843.5 55 7.4162
5844.5 59 7.68115
5845.5 49 7
5846.5 65 8.06226
5847.5 53 7.28011
5848.5 60 7.74597
5849.5 61 7.81025
5850.5 69 8.30662
5851.5 48 6.9282
5852.5 58 7.61577
5853.5 59 7.68115
5854.5 53 7.28011
5855.5 50 7.07107
5856.5 65 8.06226
5857.5 57 7.54983
5858.5 47 6.85565
5859.5 53 7.28011
5860.5 56 7.48331
5861.5 60 7.74597
5862.5 48 6.9282
5863.5 45 6.7082
5864.5 56 7.48331
5865.5 54 7.34847
5866.5 52 7.2111
5867.5 53 7.28011
5868.5 57 7.54983
5869.5 64 8
5870.5 56 7.48331
5871.5 56 7.48331
5872.5 52 7.2111
5873.5 61 7.81025
5874.5 59 7.68115
5875.5 41 6.40312
5876.5 48 6.9282
5877.5 51 7.14143
5878.5 52 7.2111
5879.5 53 7.28011
5880.5 67 8.18535
5881.5 54 7.34847
5882.5 60 7.74597
5883.5 56 7.48331
5884.5 55 7.4162
5885.5 55 7.4162
5886.5 57 7.54983
5887.5 67 8.18535
5888.5 51 7.14143
5889.5 63 7.93725
5890.5 49 7
5891.5 51 7.14143
5892.5 60 7.74597
5893.5 45 6.7082
5894.5 54 7.34847
5895.5 57 7.54983
5896.5 54 7.34847
5897.5 62 7.87401
5898.5 63 7.93725
5899.5 56 7.48331
5900.5 67 8.18535
5901.5 57 7.54983
5902.5 56 7.48331
5903.5 61 7.81025
5904.5 51 7.14143
5905.5 57 7.54983
5906.5 60 7.74597
5907.5 60 7.74597
5908.5 59 7.68115
5909.5 70 8.3666
5910.5 55 7.4162
5911.5 51 7.14143
5912.5 61 7.81025
5913.5 33 5.74456
5914.5 65 8.06226
5915.5 52 7.2111
5916.5 43 6.55744
5917.5 54 7.34847
5918.5 49 7
5919.5 55 7.4162
5920.5 45 6.7082
5921.5 61 7.81025
5922.5 59 7.68115
5923.5 58 7.61577
5924.5 58 7.61577
5925.5 45 6.7082
5926.5 62 7.87401
5927.5 59 7.68115
5928.5 52 7.2111
5929.5 58 7.61577
5930.5 55 7.4162
5931.5 73 8.544
5932.5 51 7.14143
5933.5 45 6.7082
5934.5 70 8.3666
5935.5 67 8.18535
5936.5 46 6.78233
5937.5 38 6.16441
5938.5 52 7.2111
5939.5 73 8.544
5940.5 45 6.7082
5941.5 59 7.68115
5942.5 81 9
5943.5 45 6.7082
5944.5 62 7.87401
5945.5 45 6.7082
5946.5 56 7.48331
5947.5 45 6.7082
5948.5 58 7.61577
5949.5 49 7
5950.5 66 8.12404
5951.5 52 7.2111
5952.5 55 7.4162
5953.5 55 7.4162
5954.5 59 7.68115
5955.5 54 7.34847
5956.5 53 7.28011
5957.5 53 7.28011
5958.5 74 8.60233
5959.5 56 7.48331
5960.5 67 8.18535
5961.5 54 7.34847
5962.5 62 7.87401
5963.5 55 7.4162
5964.5 54 7.34847
5965.5 55 7.4162
5966.5 50 7.07107
5967.5 64 8
5968.5 52 7.2111
5969.5 53 7.28011
5970.5 53 7.28011
5971.5 50 7.07107
5972.5 51 7.14143
5973.5 55 7.4162
5974.5 63 7.93725
5975.5 58 7.61577
5976.5 55 7.4162
5977.5 55 7.4162
5978.5 56 7.48331
5979.5 60 7.74597
5980.5 54 7.34847
5981.5 51 7.14143
5982.5 58 7.61577
5983.5 61 7.81025
5984.5 57 7.54983
5985.5 51 7.14143
5986.5 49 7
5987.5 58 7.61577
5988.5 63 7.93725
5989.5 45 6.7082
5990.5 59 7.68115
5991.5 60 7.74597
5992.5 63 7.93725
5993.5 54 7.34847
5994.5 60 7.74597
5995.5 71 8.42615
5996.5 51 7.14143
5997.5 57 7.54983
5998.5 50 7.07107
5999.5 62 7.87401
6000.5 58 7.61577
6001.5 56 7.48331
6002.5 73 8.544
6003.5 60 7.74597
6004.5 60 7.74597
6005.5 54 7.34847
6006.5 65 8.06226
6007.5 52 7.2111
6008.5 57 7.54983
6009.5 60 7.74597
6010.5 40 6.32456
6011.5 54 7.34847
6012.5 54 7.34847
6013.5 52 7.2111
6014.5 52 7.2111
6015.5 39 6.245
6016.5 56 7.48331
6017.5 67 8.18535
6018.5 65 8.06226
6019.5 56 7.48331
6020.5 58 7.61577
6021.5 49 7
6022.5 57 7.54983
6023.5 51 7.14143
6024.5 44 6.63325
6025.5 56 7.48331
6026.5 43 6.55744
6027.5 52 7.2111
6028.5 56 7.48331
6029.5 48 6.9282
6030.5 52 7.2111
6031.5 41 6.40312
6032.5 71 8.42615
6033.5 56 7.48331
6034.5 51 7.14143
6035.5 65 8.06226
6036.5 37 6.08276
6037.5 51 7.14143
6038.5 68 8.24621
6039.5 56 7.48331
6040.5 58 7.61577
6041.5 50 7.07107
6042.5 53 7.28011
6043.5 64 8
6044.5 48 6.9282
6045.5 59 7.68115
6046.5 59 7.68115
6047.5 46 6.78233
6048.5 59 7.68115
6049.5 57 7.54983
6050.5 49 7
6051.5 65 8.06226
6052.5 62 7.87401
6053.5 50 7.07107
6054.5 57 7.54983
6055.5 58 7.61577
6056.5 61 7.81025
6057.5 55 7.4162
6058.5 69 8.30662
6059.5 64 8
6060.5 65 8.06226
6061.5 53 7.28011
6062.5 57 7.54983
6063.5 46 6.78233
6064.5 62 7.87401
6065.5 41 6.40312
6066.5 57 7.54983
6067.5 53 7.28011
6068.5 58 7.61577
6069.5 48 6.9282
6070.5 64 8
6071.5 47 6.85565
6072.5 60 7.74597
6073.5 74 8.60233
6074.5 55 7.4162
6075.5 52 7.2111
6076.5 61 7.81025
6077.5 60 7.74597
6078.5 59 7.68115
6079.5 39 6.245
6080.5 41 6.40312
6081.5 51 7.14143
6082.5 57 7.54983
6083.5 50 7.07107
6084.5 57 7.54983
6085.5 43 6.55744
6086.5 59 7.68115
6087.5 64 8
6088.5 58 7.61577
6089.5 52 7.2111
6090.5 57 7.54983
6091.5 47 6.85565
6092.5 56 7.48331
6093.5 57 7.54983
6094.5 68 8.24621
6095.5 48 6.9282
6096.5 55 7.4162
6097.5 57 7.54983
6098.5 58 7.61577
6099.5 61 7.81025
6100.5 61 7.81025
6101.5 64 8
6102.5 61 7.81025
6103.5 55 7.4162
6104.5 50 7.07107
6105.5 74 8.60233
6106.5 64 8
6107.5 55 7.4162
6108.5 57 7.54983
6109.5 59 7.68115
6110.5 55 7.4162
6111.5 60 7.74597
6112.5 61 7.81025
6113.5 70 8.3666
6114.5 53 7.28011
6115.5 62 7.87401
6116.5 65 8.06226
6117.5 59 7.68115
6118.5 56 7.48331
6119.5 45 6.7082
6120.5 50 7.07107
6121.5 66 8.12404
6122.5 56 7.48331
6123.5 67 8.18535
6124.5 71 8.42615
6125.5 49 7
6126.5 58 7.61577
6127.5 50 7.07107
6128.5 53 7.28011
6129.5 64 8
6130.5 51 7.14143
6131.5 63 7.93725
6132.5 45 6.7082
6133.5 42 6.48074
6134.5 67 8.18535
6135.5 56 7.48331
6136.5 67 8.18535
6137.5 58 7.61577
6138.5 51 7.14143
6139.5 56 7.48331
6140.5 58 7.61577
6141.5 63 7.93725
6142.5 55 7.4162
6143.5 77 8.77496
6144.5 57 7.54983
6145.5 46 6.78233
6146.5 53 7.28011
6147.5 65 8.06226
6148.5 53 7.28011
6149.5 59 7.68115
6150.5 50 7.07107
6151.5 60 7.74597
6152.5 54 7.34847
6153.5 63 7.93725
6154.5 60 7.74597
6155.5 55 7.4162
6156.5 46 6.78233
6157.5 58 7.61577
6158.5 48 6.9282
6159.5 49 7
6160.5 45 6.7082
6161.5 64 8
6162.5 51 7.14143
6163.5 57 7.54983
6164.5 62 7.87401
6165.5 50 7.07107
6166.5 39 6.245
6167.5 55 7.4162
6168.5 57 7.54983
6169.5 64 8
6170.5 67 8.18535
6171.5 54 7.34847
6172.5 76 8.7178
6173.5 70 8.3666
6174.5 31 5.56776
6175.5 61 7.81025
6176.5 60 7.74597
6177.5 44 6.63325
6178.5 57 7.54983
6179.5 65 8.06226
6180.5 59 7.68115
6181.5 60 7.74597
6182.5 59 7.68115
6183.5 62 7.87401
6184.5 57 7.54983
6185.5 63 7.93725
6186.5 61 7.81025
6187.5 46 6.78233
6188.5 55 7.4162
6189.5 64 8
6190.5 54 7.34847
6191.5 46 6.78233
6192.5 46 6.78233
6193.5 63 7.93725
6194.5 58 7.61577
6195.5 42 6.48074
6196.5 52 7.2111
6197.5 53 7.28011
6198.5 41 6.40312
6199.5 54 7.34847
6200.5 67 8.18535
6201.5 54 7.34847
6202.5 56 7.48331
6203.5 66 8.12404
6204.5 62 7.87401
6205.5 50 7.07107
6206.5 57 7.54983
6207.5 59 7.68115
6208.5 71 8.42615
6209.5 57 7.54983
6210.5 49 7
6211.5 62 7.87401
6212.5 56 7.48331
6213.5 64 8
6214.5 54 7.34847
6215.5 54 7.34847
6216.5 52 7.2111
6217.5 49 7
6218.5 48 6.9282
6219.5 68 8.24621
6220.5 60 7.74597
6221.5 52 7.2111
6222.5 53 7.28011
6223.5 63 7.93725
6224.5 52 7.2111
6225.5 56 7.48331
6226.5 59 7.68115
6227.5 58 7.61577
6228.5 59 7.68115
6229.5 42 6.48074
6230.5 53 7.28011
6231.5 49 7
6232.5 50 7.07107
6233.5 51 7.14143
6234.5 40 6.32456
6235.5 57 7.54983
6236.5 49 7
6237.5 52 7.2111
6238.5 42 6.48074
6239.5 59 7.68115
6240.5 50 7.07107
6241.5 68 8.24621
6242.5 59 7.68115
6243.5 52 7.2111
6244.5 67 8.18535
6245.5 38 6.16441
6246.5 50 7.07107
6247.5 67 8.18535
6248.5 45 6.7082
6249.5 58 7.61577
6250.5 60 7.74597
6251.5 63 7.93725
6252.5 60 7.74597
6253.5 51 7.14143
6254.5 53 7.28011
6255.5 53 7.28011
6256.5 64 8
6257.5 63 7.93725
6258.5 56 7.48331
6259.5 66 8.12404
6260.5 47 6.85565
6261.5 50 7.07107
6262.5 56 7.48331
6263.5 56 7.48331
6264.5 53 7.28011
6265.5 53 7.28011
6266.5 58 7.61577
6267.5 44 6.63325
6268.5 45 6.7082
6269.5 62 7.87401
6270.5 60 7.74597
6271.5 41 6.40312
6272.5 51 7.14143
6273.5 46 6.78233
6274.5 50 7.07107
6275.5 53 7.28011
6276.5 64 8
6277.5 57 7.54983
6278.5 45 6.7082
6279.5 64 8
6280.5 46 6.78233
6281.5 54 7.34847
6282.5 48 6.9282
6283.5 71 8.42615
6284.5 39 6.245
6285.5 45 6.7082
6286.5 54 7.34847
6287.5 45 6.7082
6288.5 61 7.81025
6289.5 56 7.48331
6290.5 69 8.30662
6291.5 53 7.28011
6292.5 59 7.68115
6293.5 51 7.14143
6294.5 47 6.85565
6295.5 58 7.61577
6296.5 51 7.14143
6297.5 64 8
6298.5 51 7.14143
6299.5 54 7.34847
6300.5 64 8
6301.5 47 6.85565
6302.5 54 7.34847
6303.5 58 7.61577
6304.5 57 7.54983
6305.5 55 7.4162
6306.5 65 8.06226
6307.5 48 6.9282
6308.5 47 6.85565
6309.5 48 6.9282
6310.5 49 7
6311.5 55 7.4162
6312.5 59 7.68115
6313.5 48 6.9282
6314.5 51 7.14143
6315.5 56 7.48331
6316.5 72 8.48528
6317.5 52 7.2111
6318.5 62 7.87401
6319.5 52 7.2111
6320.5 65 8.06226
6321.5 63 7.93725
6322.5 44 6.63325
6323.5 53 7.28011
6324.5 55 7.4162
6325.5 67 8.18535
6326.5 55 7.4162
6327.5 42 6.48074
6328.5 67 8.18535
6329.5 57 7.54983
6330.5 49 7
6331.5 54 7.34847
6332.5 53 7.28011
6333.5 53 7.28011
6334.5 50 7.07107
6335.5 64 8
6336.5 47 6.85565
6337.5 55 7.4162
6338.5 53 7.28011
6339.5 55 7.4162
6340.5 52 7.2111
6341.5 53 7.28011
6342.5 64 8
6343.5 43 6.55744
6344.5 48 6.9282
6345.5 64 8
6346.5 58 7.61577
6347.5 72 8.48528
6348.5 50 7.07107
6349.5 58 7.61577
6350.5 43 6.55744
6351.5 57 7.54983
6352.5 59 7.68115
6353.5 40 6.32456
6354.5 59 7.68115
6355.5 59 7.68115
6356.5 54 7.34847
6357.5 60 7.74597
6358.5 55 7.4162
6359.5 62 7.87401
6360.5 59 7.68115
6361.5 51 7.14143
6362.5 60 7.74597
6363.5 61 7.81025
6364.5 65 8.06226
6365.5 63 7.93725
6366.5 52 7.2111
6367.5 57 7.54983
6368.5 52 7.2111
6369.5 56 7.48331
6370.5 64 8
6371.5 58 7.61577
6372.5 66 8.12404
6373.5 54 7.34847
6374.5 49 7
6375.5 65 8.06226
6376.5 55 7.4162
6377.5 61 7.81025
6378.5 45 6.7082
6379.5 57 7.54983
6380.5 60 7.74597
6381.5 53 7.28011
6382.5 67 8.18535
6383.5 61 7.81025
6384.5 51 7.14143
6385.5 49 7
6386.5 57 7.54983
6387.5 53 7.28011
6388.5 57 7.54983
6389.5 59 7.68115
6390.5 44 6.63325
6391.5 50 7.07107
6392.5 54 7.34847
6393.5 46 6.78233
6394.5 50 7.07107
6395.5 51 7.14143
6396.5 55 7.4162
6397.5 63 7.93725
6398.5 61 7.81025
6399.5 55 7.4162
6400.5 50 7.07107
6401.5 47 6.85565
6402.5 50 7.07107
6403.5 62 7.87401
6404.5 62 7.87401
6405.5 57 7.54983
6406.5 73 8.544
6407.5 46 6.78233
6408.5 49 7
6409.5 49 7
6410.5 55 7.4162
6411.5 66 8.12404
6412.5 52 7.2111
6413.5 59 7.68115
6414.5 47 6.85565
6415.5 60 7.74597
6416.5 64 8
6417.5 44 6.63325
6418.5 59 7.68115
6419.5 54 7.34847
6420.5 51 7.14143
6421.5 52 7.2111
6422.5 63 7.93725
6423.5 63 7.93725
6424.5 60 7.74597
6425.5 51 7.14143
6426.5 47 6.85565
6427.5 67 8.18535
6428.5 72 8.48528
6429.5 54 7.34847
6430.5 50 7.07107
6431.5 57 7.54983
6432.5 59 7.68115
6433.5 61 7.81025
6434.5 59 7.68115
6435.5 47 6.85565
6436.5 63 7.93725
6437.5 50 7.07107
6438.5 55 7.4162
6439.5 50 7.07107
6440.5 58 7.61577
6441.5 49 7
6442.5 57 7.54983
6443.5 63 7.93725
6444.5 52 7.2111
6445.5 49 7
6446.5 60 7.74597
6447.5 57 7.54983
6448.5 51 7.14143
6449.5 65 8.06226
6450.5 59 7.68115
6451.5 71 8.42615
6452.5 58 7.61577
6453.5 64 8
6454.5 63 7.93725
6455.5 51 7.14143
6456.5 52 7.2111
6457.5 69 8.30662
6458.5 56 7.48331
6459.5 64 8
6460.5 54 7.34847
6461.5 58 7.61577
6462.5 59 7.68115
6463.5 44 6.63325
6464.5 50 7.07107
6465.5 57 7.54983
6466.5 63 7.93725
6467.5 55 7.4162
6468.5 49 7
6469.5 60 7.74597
6470.5 67 8.18535
6471.5 67 8.18535
6472.5 59 7.68115
6473.5 54 7.34847
6474.5 62 7.87401
6475.5 66 8.12404
6476.5 53 7.28011
6477.5 57 7.54983
6478.5 68 8.24621
6479.5 59 7.68115
6480.5 58 7.61577
6481.5 44 6.63325
6482.5 61 7.81025
6483.5 46 6.78233
6484.5 59 7.68115
6485.5 61 7.81025
6486.5 66 8.12404
6487.5 63 7.93725
6488.5 52 7.2111
6489.5 60 7.74597
6490.5 52 7.2111
6491.5 59 7.68115
6492.5 57 7.54983
6493.5 47 6.85565
6494.5 57 7.54983
6495.5 54 7.34847
6496.5 58 7.61577
6497.5 54 7.34847
6498.5 68 8.24621
6499.5 51 7.14143
6500.5 70 8.3666
6501.5 41 6.40312
6502.5 64 8
6503.5 76 8.7178
6504.5 61 7.81025
6505.5 59 7.68115
6506.5 55 7.4162
6507.5 55 7.4162
6508.5 51 7.14143
6509.5 55 7.4162
6510.5 50 7.07107
6511.5 46 6.78233
6512.5 67 8.18535
6513.5 70 8.3666
6514.5 50 7.07107
6515.5 64 8
6516.5 51 7.14143
6517.5 49 7
6518.5 61 7.81025
6519.5 36 6
6520.5 50 7.07107
6521.5 53 7.28011
6522.5 45 6.7082
6523.5 49 7
6524.5 37 6.08276
6525.5 52 7.2111
6526.5 47 6.85565
6527.5 62 7.87401
6528.5 65 8.06226
6529.5 69 8.30662
6530.5 54 7.34847
6531.5 63 7.93725
6532.5 65 8.06226
6533.5 58 7.61577
6534.5 58 7.61577
6535.5 55 7.4162
6536.5 66 8.12404
6537.5 50 7.07107
6538.5 52 7.2111
6539.5 47 6.85565
6540.5 60 7.74597
6541.5 57 7.54983
6542.5 61 7.81025
6543.5 58 7.61577
6544.5 58 7.61577
6545.5 57 7.54983
6546.5 61 7.81025
6547.5 55 7.4162
6548.5 57 7.54983
6549.5 47 6.85565
6550.5 56 7.48331
6551.5 60 7.74597
6552.5 55 7.4162
6553.5 61 7.81025
6554.5 51 7.14143
6555.5 66 8.12404
6556.5 50 7.07107
6557.5 50 7.07107
6558.5 65 8.06226
6559.5 56 7.48331
6560.5 52 7.2111
6561.5 52 7.2111
6562.5 42 6.48074
6563.5 60 7.74597
6564.5 59 7.68115
6565.5 63 7.93725
6566.5 70 8.3666
6567.5 54 7.34847
6568.5 56 7.48331
6569.5 57 7.54983
6570.5 46 6.78233
6571.5 74 8.60233
6572.5 59 7.68115
6573.5 51 7.14143
6574.5 68 8.24621
6575.5 51 7.14143
6576.5 53 7.28011
6577.5 59 7.68115
6578.5 53 7.28011
6579.5 61 7.81025
6580.5 63 7.93725
6581.5 47 6.85565
6582.5 58 7.61577
6583.5 64 8
6584.5 82 9.05539
6585.5 55 7.4162
6586.5 53 7.28011
6587.5 49 7
6588.5 65 8.06226
6589.5 60 7.74597
6590.5 61 7.81025
6591.5 46 6.78233
6592.5 58 7.61577
6593.5 58 7.61577
6594.5 53 7.28011
6595.5 52 7.2111
6596.5 66 8.12404
6597.5 68 8.24621
6598.5 44 6.63325
6599.5 64 8
6600.5 41 6.40312
6601.5 46 6.78233
6602.5 59 7.68115
6603.5 55 7.4162
6604.5 48 6.9282
6605.5 58 7.61577
6606.5 54 7.34847
6607.5 57 7.54983
6608.5 47 6.85565
6609.5 65 8.06226
6610.5 55 7.4162
6611.5 47 6.85565
6612.5 59 7.68115
6613.5 64 8
6614.5 54 7.34847
6615.5 61 7.81025
6616.5 66 8.12404
6617.5 60 7.74597
6618.5 50 7.07107
6619.5 52 7.2111
6620.5 60 7.74597
6621.5 69 8.30662
6622.5 58 7.61577
6623.5 52 7.2111
6624.5 65 8.06226
6625.5 59 7.68115
6626.5 51 7.14143
6627.5 51 7.14143
6628.5 50 7.07107
6629.5 48 6.9282
6630.5 48 6.9282
6631.5 51 7.14143
6632.5 60 7.74597
6633.5 64 8
6634.5 52 7.2111
6635.5 56 7.48331
6636.5 51 7.14143
6637.5 54 7.34847
6638.5 54 7.34847
6639.5 56 7.48331
6640.5 46 6.78233
6641.5 50 7.07107
6642.5 53 7.28011
6643.5 48 6.9282
6644.5 45 6.7082
6645.5 60 7.74597
6646.5 57 7.54983
6647.5 52 7.2111
6648.5 48 6.9282
6649.5 52 7.2111
6650.5 70 8.3666
6651.5 46 6.78233
6652.5 45 6.7082
6653.5 56 7.48331
6654.5 51 7.14143
6655.5 54 7.34847
6656.5 67 8.18535
6657.5 67 8.18535
6658.5 62 7.87401
6659.5 57 7.54983
6660.5 61 7.81025
6661.5 55 7.4162
6662.5 52 7.2111
6663.5 60 7.74597
6664.5 61 7.81025
6665.5 51 7.14143
6666.5 61 7.81025
6667.5 60 7.74597
6668.5 48 6.9282
6669.5 55 7.4162
6670.5 63 7.93725
6671.5 59 7.68115
6672.5 53 7.28011
6673.5 60 7.74597
6674.5 47 6.85565
6675.5 53 7.28011
6676.5 72 8.48528
6677.5 61 7.81025
6678.5 60 7.74597
6679.5 54 7.34847
6680.5 55 7.4162
6681.5 52 7.2111
6682.5 60 7.74597
6683.5 48 6.9282
6684.5 62 7.87401
6685.5 56 7.48331
6686.5 67 8.18535
6687.5 58 7.61577
6688.5 61 7.81025
6689.5 60 7.74597
6690.5 57 7.54983
6691.5 52 7.2111
6692.5 48 6.9282
6693.5 55 7.4162
6694.5 55 7.4162
6695.5 51 7.14143
6696.5 70 8.3666
6697.5 55 7.4162
6698.5 56 7.48331
6699.5 49 7
6700.5 57 7.54983
6701.5 57 7.54983
6702.5 83 9.11043
6703.5 49 7
6704.5 41 6.40312
6705.5 55 7.4162
6706.5 73 8.544
6707.5 65 8.06226
6708.5 65 8.06226
6709.5 57 7.54983
6710.5 66 8.12404
6711.5 66 8.12404
6712.5 58 7.61577
6713.5 56 7.48331
6714.5 61 7.81025
6715.5 70 8.3666
6716.5 57 7.54983
6717.5 61 7.81025
6718.5 46 6.78233
6719.5 65 8.06226
6720.5 63 7.93725
6721.5 61 7.81025
6722.5 57 7.54983
6723.5 64 8
6724.5 51 7.14143
6725.5 45 6.7082
6726.5 60 7.74597
6727.5 57 7.54983
6728.5 58 7.61577
6729.5 42 6.48074
6730.5 62 7.87401
6731.5 54 7.34847
6732.5 58 7.61577
6733.5 51 7.14143
6734.5 63 7.93725
6735.5 68 8.24621
6736.5 54 7.34847
6737.5 65 8.06226
6738.5 40 6.32456
6739.5 55 7.4162
6740.5 52 7.2111
6741.5 56 7.48331
6742.5 56 7.48331
6743.5 53 7.28011
6744.5 43 6.55744
6745.5 58 7.61577
6746.5 51 7.14143
6747.5 57 7.54983
6748.5 54 7.34847
6749.5 69 8.30662
6750.5 60 7.74597
6751.5 52 7.2111
6752.5 58 7.61577
6753.5 60 7.74597
6754.5 55 7.4162
6755.5 57 7.54983
6756.5 59 7.68115
6757.5 53 7.28011
6758.5 44 6.63325
6759.5 47 6.85565
6760.5 66 8.12404
6761.5 74 8.60233
6762.5 54 7.34847
6763.5 61 7.81025
6764.5 48 6.9282
6765.5 52 7.2111
6766.5 59 7.68115
6767.5 55 7.4162
6768.5 61 7.81025
6769.5 66 8.12404
6770.5 57 7.54983
6771.5 44 6.63325
6772.5 71 8.42615
6773.5 48 6.9282
6774.5 62 7.87401
6775.5 41 6.40312
6776.5 56 7.48331
6777.5 49 7
6778.5 44 6.63325
6779.5 53 7.28011
6780.5 65 8.06226
6781.5 49 7
6782.5 51 7.14143
6783.5 56 7.48331
6784.5 54 7.34847
6785.5 63 7.93725
6786.5 57 7.54983
6787.5 59 7.68115
6788.5 51 7.14143
6789.5 68 8.24621
6790.5 52 7.2111
6791.5 57 7.54983
6792.5 68 8.24621
6793.5 47 6.85565
6794.5 54 7.34847
6795.5 61 7.81025
6796.5 55 7.4162
6797.5 51 7.14143
6798.5 57 7.54983
6799.5 50 7.07107
6800.5 60 7.74597
6801.5 57 7.54983
6802.5 62 7.87401
6803.5 54 7.34847
6804.5 58 7.61577
6805.5 42 6.48074
6806.5 60 7.74597
6807.5 60 7.74597
6808.5 69 8.30662
6809.5 48 6.9282
6810.5 51 7.14143
6811.5 56 7.48331
6812.5 66 8.12404
6813.5 64 8
6814.5 55 7.4162
6815.5 63 7.93725
6816.5 67 8.18535
6817.5 81 9
6818.5 53 7.28011
6819.5 77 8.77496
6820.5 53 7.28011
6821.5 55 7.4162
6822.5 63 7.93725
6823.5 54 7.34847
6824.5 70 8.3666
6825.5 55 7.4162
6826.5 61 7.81025
6827.5 62 7.87401
6828.5 53 7.28011
6829.5 56 7.48331
6830.5 59 7.68115
6831.5 44 6.63325
6832.5 54 7.34847
6833.5 62 7.87401
6834.5 58 7.61577
6835.5 52 7.2111
6836.5 78 8.83176
6837.5 53 7.28011
6838.5 59 7.68115
6839.5 56 7.48331
6840.5 47 6.85565
6841.5 64 8
6842.5 60 7.74597
6843.5 70 8.3666
6844.5 50 7.07107
6845.5 61 7.81025
6846.5 61 7.81025
6847.5 48 6.9282
6848.5 66 8.12404
6849.5 46 6.78233
6850.5 63 7.93725
6851.5 50 7.07107
6852.5 50 7.07107
6853.5 57 7.54983
6854.5 57 7.54983
6855.5 59 7.68115
6856.5 44 6.63325
6857.5 54 7.34847
6858.5 40 6.32456
6859.5 62 7.87401
6860.5 48 6.9282
6861.5 53 7.28011
6862.5 53 7.28011
6863.5 70 8.3666
6864.5 61 7.81025
6865.5 59 7.68115
6866.5 50 7.07107
6867.5 50 7.07107
6868.5 59 7.68115
6869.5 61 7.81025
6870.5 50 7.07107
6871.5 70 8.3666
6872.5 69 8.30662
6873.5 57 7.54983
6874.5 66 8.12404
6875.5 59 7.68115
6876.5 54 7.34847
6877.5 71 8.42615
6878.5 63 7.93725
6879.5 60 7.74597
6880.5 72 8.48528
6881.5 53 7.28011
6882.5 59 7.68115
6883.5 58 7.61577
6884.5 53 7.28011
6885.5 54 7.34847
6886.5 67 8.18535
6887.5 52 7.2111
6888.5 46 6.78233
6889.5 59 7.68115
6890.5 67 8.18535
6891.5 55 7.4162
6892.5 65 8.06226
6893.5 50 7.07107
6894.5 56 7.48331
6895.5 61 7.81025
6896.5 61 7.81025
6897.5 58 7.61577
6898.5 60 7.74597
6899.5 57 7.54983
6900.5 62 7.87401
6901.5 69 8.30662
6902.5 61 7.81025
6903.5 56 7.48331
6904.5 57 7.54983
6905.5 64 8
6906.5 56 7.48331
6907.5 64 8
6908.5 49 7
6909.5 49 7
6910.5 78 8.83176
6911.5 50 7.07107
6912.5 70 8.3666
6913.5 58 7.61577
6914.5 69 8.30662
6915.5 61 7.81025
6916.5 72 8.48528
6917.5 65 8.06226
6918.5 60 7.74597
6919.5 52 7.2111
6920.5 54 7.34847
6921.5 53 7.28011
6922.5 62 7.87401
6923.5 57 7.54983
6924.5 64 8
6925.5 62 7.87401
6926.5 45 6.7082
6927.5 50 7.07107
6928.5 64 8
6929.5 46 6.78233
6930.5 60 7.74597
6931.5 57 7.54983
6932.5 61 7.81025
6933.5 44 6.63325
6934.5 61 7.81025
6935.5 57 7.54983
6936.5 65 8.06226
6937.5 70 8.3666
6938.5 54 7.34847
6939.5 37 6.08276
6940.5 58 7.61577
6941.5 66 8.12404
6942.5 51 7.14143
6943.5 49 7
6944.5 54 7.34847
6945.5 48 6.9282
6946.5 66 8.12404
6947.5 57 7.54983
6948.5 57 7.54983
6949.5 69 8.30662
6950.5 65 8.06226
6951.5 49 7
6952.5 61 7.81025
6953.5 54 7.34847
6954.5 60 7.74597
6955.5 60 7.74597
6956.5 50 7.07107
6957.5 63 7.93725
6958.5 50 7.07107
6959.5 61 7.81025
6960.5 64 8
6961.5 61 7.81025
6962.5 62 7.87401
6963.5 55 7.4162
6964.5 55 7.4162
6965.5 56 7.48331
6966.5 56 7.48331
6967.5 67 8.18535
6968.5 65 8.06226
6969.5 48 6.9282
6970.5 73 8.544
6971.5 48 6.9282
6972.5 55 7.4162
6973.5 56 7.48331
6974.5 69 8.30662
6975.5 68 8.24621
6976.5 58 7.61577
6977.5 76 8.7178
6978.5 51 7.14143
6979.5 46 6.78233
6980.5 55 7.4162
6981.5 63 7.93725
6982.5 59 7.68115
6983.5 58 7.61577
6984.5 52 7.2111
6985.5 55 7.4162
6986.5 68 8.24621
6987.5 60 7.74597
6988.5 49 7
6989.5 59 7.68115
6990.5 54 7.34847
6991.5 63 7.93725
6992.5 62 7.87401
6993.5 61 7.81025
6994.5 64 8
6995.5 52 7.2111
6996.5 47 6.85565
6997.5 70 8.3666
6998.5 66 8.12404
6999.5 57 7.54983
7000.5 50 7.07107
7001.5 53 7.28011
7002.5 55 7.4162
7003.5 63 7.93725
7004.5 57 7.54983
7005.5 75 8.66025
7006.5 56 7.48331
7007.5 51 7.14143
7008.5 61 7.81025
7009.5 65 8.06226
7010.5 48 6.9282
7011.5 65 8.06226
7012.5 48 6.9282
7013.5 66 8.12404
7014.5 57 7.54983
7015.5 49 7
7016.5 54 7.34847
7017.5 65 8.06226
7018.5 67 8.18535
7019.5 46 6.78233
7020.5 69 8.30662
7021.5 60 7.74597
7022.5 50 7.07107
7023.5 58 7.61577
7024.5 60 7.74597
7025.5 50 7.07107
7026.5 62 7.87401
7027.5 46 6.78233
7028.5 60 7.74597
7029.5 61 7.81025
7030.5 65 8.06226
7031.5 55 7.4162
7032.5 58 7.61577
7033.5 61 7.81025
7034.5 45 6.7082
7035.5 68 8.24621
7036.5 55 7.4162
7037.5 58 7.61577
7038.5 49 7
7039.5 70 8.3666
7040.5 58 7.61577
7041.5 50 7.07107
7042.5 56 7.48331
7043.5 59 7.68115
7044.5 65 8.06226
7045.5 45 6.7082
7046.5 69 8.30662
7047.5 67 8.18535
7048.5 67 8.18535
7049.5 70 8.3666
7050.5 72 8.48528
7051.5 55 7.4162
7052.5 58 7.61577
7053.5 62 7.87401
7054.5 65 8.06226
7055.5 56 7.48331
7056.5 62 7.87401
7057.5 63 7.93725
7058.5 61 7.81025
7059.5 63 7.93725
7060.5 57 7.54983
7061.5 61 7.81025
7062.5 47 6.85565
7063.5 46 6.78233
7064.5 64 8
7065.5 67 8.18535
7066.5 62 7.87401
7067.5 55 7.4162
7068.5 80 8.94427
7069.5 66 8.12404
7070.5 57 7.54983
7071.5 58 7.61577
7072.5 69 8.30662
7073.5 58 7.61577
7074.5 69 8.30662
7075.5 47 6.85565
7076.5 57 7.54983
7077.5 62 7.87401
7078.5 51 7.14143
7079.5 69 8.30662
7080.5 75 8.66025
7081.5 58 7.61577
7082.5 49 7
7083.5 64 8
7084.5 51 7.14143
7085.5 60 7.74597
7086.5 46 6.78233
7087.5 66 8.12404
7088.5 63 7.93725
7089.5 54 7.34847
7090.5 54 7.34847
7091.5 53 7.28011
7092.5 64 8
7093.5 40 6.32456
7094.5 58 7.61577
7095.5 53 7.28011
7096.5 70 8.3666
7097.5 67 8.18535
7098.5 54 7.34847
7099.5 67 8.18535
7100.5 54 7.34847
7101.5 69 8.30662
7102.5 71 8.42615
7103.5 56 7.48331
7104.5 61 7.81025
7105.5 61 7.81025
7106.5 72 8.48528
7107.5 67 8.18535
7108.5 67 8.18535
7109.5 62 7.87401
7110.5 56 7.48331
7111.5 77 8.77496
7112.5 68 8.24621
7113.5 55 7.4162
7114.5 62 7.87401
7115.5 56 7.48331
7116.5 73 8.544
7117.5 73 8.544
7118.5 81 9
7119.5 64 8
7120.5 69 8.30662
7121.5 73 8.544
7122.5 79 8.88819
7123.5 72 8.48528
7124.5 90 9.48683
7125.5 107 10.3441
7126.5 103 10.1489
7127.5 85 9.21954
7128.5 88 9.38083
7129.5 103 10.1489
7130.5 97 9.84886
7131.5 96 9.79796
7132.5 110 10.4881
7133.5 107 10.3441
7134.5 92 9.59166
7135.5 100 10
7136.5 117 10.8167
7137.5 127 11.2694
7138.5 109 10.4403
7139.5 125 11.1803
7140.5 102 10.0995
7141.5 88 9.38083
7142.5 91 9.53939
7143.5 97 9.84886
7144.5 100 10
7145.5 96 9.79796
7146.5 77 8.77496
7147.5 80 8.94427
7148.5 77 8.77496
7149.5 89 9.43398
7150.5 82 9.05539
7151.5 72 8.48528
7152.5 85 9.21954
7153.5 77 8.77496
7154.5 73 8.544
7155.5 60 7.74597
7156.5 75 8.66025
7157.5 59 7.68115
7158.5 72 8.48528
7159.5 56 7.48331
7160.5 71 8.42615
7161.5 57 7.54983
7162.5 63 7.93725
7163.5 75 8.66025
7164.5 62 7.87401
7165.5 66 8.12404
7166.5 60 7.74597
7167.5 69 8.30662
7168.5 55 7.4162
7169.5 49 7
7170.5 64 8
7171.5 68 8.24621
7172.5 58 7.61577
7173.5 62 7.87401
7174.5 50 7.07107
7175.5 68 8.24621
7176.5 62 7.87401
7177.5 61 7.81025
7178.5 52 7.2111
7179.5 74 8.60233
7180.5 47 6.85565
7181.5 63 7.93725
7182.5 63 7.93725
7183.5 80 8.94427
7184.5 67 8.18535
7185.5 66 8.12404
7186.5 60 7.74597
7187.5 59 7.68115
7188.5 58 7.61577
7189.5 63 7.93725
7190.5 72 8.48528
7191.5 56 7.48331
7192.5 65 8.06226
7193.5 59 7.68115
7194.5 64 8
7195.5 61 7.81025
7196.5 46 6.78233
7197.5 60 7.74597
7198.5 64 8
7199.5 78 8.83176
7200.5 67 8.18535
7201.5 58 7.61577
7202.5 62 7.87401
7203.5 63 7.93725
7204.5 74 8.60233
7205.5 69 8.30662
7206.5 69 8.30662
7207.5 68 8.24621
7208.5 66 8.12404
7209.5 56 7.48331
7210.5 53 7.28011
7211.5 51 7.14143
7212.5 79 8.88819
7213.5 86 9.27362
7214.5 70 8.3666
7215.5 71 8.42615
7216.5 68 8.24621
7217.5 60 7.74597
7218.5 67 8.18535
7219.5 69 8.30662
7220.5 63 7.93725
7221.5 72 8.48528
7222.5 60 7.74597
7223.5 67 8.18535
7224.5 59 7.68115
7225.5 65 8.06226
7226.5 55 7.4162
7227.5 60 7.74597
7228.5 61 7.81025
7229.5 75 8.66025
7230.5 55 7.4162
7231.5 52 7.2111
7232.5 59 7.68115
7233.5 61 7.81025
7234.5 68 8.24621
7235.5 62 7.87401
7236.5 62 7.87401
7237.5 61 7.81025
7238.5 68 8.24621
7239.5 56 7.48331
7240.5 73 8.544
7241.5 48 6.9282
7242.5 64 8
7243.5 69 8.30662
7244.5 61 7.81025
7245.5 66 8.12404
7246.5 57 7.54983
7247.5 48 6.9282
7248.5 53 7.28011
7249.5 53 7.28011
7250.5 43 6.55744
7251.5 63 7.93725
7252.5 60 7.74597
7253.5 58 7.61577
7254.5 84 9.16515
7255.5 73 8.544
7256.5 61 7.81025
7257.5 50 7.07107
7258.5 74 8.60233
7259.5 67 8.18535
7260.5 47 6.85565
7261.5 67 8.18535
7262.5 57 7.54983
7263.5 63 7.93725
7264.5 58 7.61577
7265.5 54 7.34847
7266.5 55 7.4162
7267.5 69 8.30662
7268.5 60 7.74597
7269.5 73 8.544
7270.5 57 7.54983
7271.5 51 7.14143
7272.5 56 7.48331
7273.5 68 8.24621
7274.5 68 8.24621
7275.5 54 7.34847
7276.5 61 7.81025
7277.5 55 7.4162
7278.5 57 7.54983
7279.5 60 7.74597
7280.5 54 7.34847
7281.5 62 7.87401
7282.5 44 6.63325
7283.5 60 7.74597
7284.5 57 7.54983
7285.5 62 7.87401
7286.5 54 7.34847
7287.5 71 8.42615
7288.5 59 7.68115
7289.5 48 6.9282
7290.5 70 8.3666
7291.5 63 7.93725
7292.5 61 7.81025
7293.5 70 8.3666
7294.5 59 7.68115
7295.5 74 8.60233
7296.5 62 7.87401
7297.5 79 8.88819
7298.5 51 7.14143
7299.5 55 7.4162
7300.5 43 6.55744
7301.5 62 7.87401
7302.5 66 8.12404
7303.5 66 8.12404
7304.5 66 8.12404
7305.5 61 7.81025
7306.5 60 7.74597
7307.5 61 7.81025
7308.5 58 7.61577
7309.5 55 7.4162
7310.5 59 7.68115
7311.5 70 8.3666
7312.5 61 7.81025
7313.5 56 7.48331
7314.5 62 7.87401
7315.5 53 7.28011
7316.5 67 8.18535
7317.5 61 7.81025
7318.5 49 7
7319.5 72 8.48528
7320.5 54 7.34847
7321.5 62 7.87401
7322.5 69 8.30662
7323.5 61 7.81025
7324.5 64 8
7325.5 62 7.87401
7326.5 68 8.24621
7327.5 61 7.81025
7328.5 61 7.81025
7329.5 72 8.48528
7330.5 54 7.34847
7331.5 62 7.87401
7332.5 65 8.06226
7333.5 51 7.14143
7334.5 70 8.3666
7335.5 58 7.61577
7336.5 69 8.30662
7337.5 47 6.85565
7338.5 55 7.4162
7339.5 74 8.60233
7340.5 63 7.93725
7341.5 58 7.61577
7342.5 55 7.4162
7343.5 71 8.42615
7344.5 43 6.55744
7345.5 57 7.54983
7346.5 69 8.30662
7347.5 62 7.87401
7348.5 71 8.42615
7349.5 48 6.9282
7350.5 55 7.4162
7351.5 62 7.87401
7352.5 61 7.81025
7353.5 59 7.68115
7354.5 50 7.07107
7355.5 76 8.7178
7356.5 58 7.61577
7357.5 48 6.9282
7358.5 67 8.18535
7359.5 51 7.14143
7360.5 64 8
7361.5 56 7.48331
7362.5 51 7.14143
7363.5 52 7.2111
7364.5 63 7.93725
7365.5 56 7.48331
7366.5 59 7.68115
7367.5 67 8.18535
7368.5 54 7.34847
7369.5 68 8.24621
7370.5 54 7.34847
7371.5 63 7.93725
7372.5 64 8
7373.5 64 8
7374.5 59 7.68115
7375.5 56 7.48331
7376.5 63 7.93725
7377.5 46 6.78233
7378.5 59 7.68115
7379.5 71 8.42615
7380.5 54 7.34847
7381.5 69 8.30662
7382.5 52 7.2111
7383.5 51 7.14143
7384.5 65 8.06226
7385.5 64 8
7386.5 42 6.48074
7387.5 56 7.48331
7388.5 70 8.3666
7389.5 55 7.4162
7390.5 67 8.18535
7391.5 53 7.28011
7392.5 66 8.12404
7393.5 57 7.54983
7394.5 49 7
7395.5 62 7.87401
7396.5 66 8.12404
7397.5 51 7.14143
7398.5 67 8.18535
7399.5 60 7.74597
7400.5 58 7.61577
7401.5 72 8.48528
7402.5 65 8.06226
7403.5 61 7.81025
7404.5 58 7.61577
7405.5 69 8.30662
7406.5 61 7.81025
7407.5 67 8.18535
7408.5 51 7.14143
7409.5 62 7.87401
7410.5 62 7.87401
7411.5 68 8.24621
7412.5 63 7.93725
7413.5 56 7.48331
7414.5 55 7.4162
7415.5 62 7.87401
7416.5 54 7.34847
7417.5 50 7.07107
7418.5 52 7.2111
7419.5 55 7.4162
7420.5 67 8.18535
7421.5 53 7.28011
7422.5 65 8.06226
7423.5 70 8.3666
7424.5 67 8.18535
7425.5 64 8
7426.5 47 6.85565
7427.5 49 7
7428.5 60 7.74597
7429.5 64 8
7430.5 45 6.7082
7431.5 64 8
7432.5 70 8.3666
7433.5 59 7.68115
7434.5 64 8
7435.5 52 7.2111
7436.5 71 8.42615
7437.5 51 7.14143
7438.5 51 7.14143
7439.5 62 7.87401
7440.5 69 8.30662
7441.5 60 7.74597
7442.5 50 7.07107
7443.5 65 8.06226
7444.5 58 7.61577
7445.5 50 7.07107
7446.5 61 7.81025
7447.5 65 8.06226
7448.5 45 6.7082
7449.5 44 6.63325
7450.5 62 7.87401
7451.5 76 8.7178
7452.5 60 7.74597
7453.5 56 7.48331
7454.5 68 8.24621
7455.5 55 7.4162
7456.5 62 7.87401
7457.5 64 8
7458.5 58 7.61577
7459.5 63 7.93725
7460.5 70 8.3666
7461.5 67 8.18535
7462.5 56 7.48331
7463.5 56 7.48331
7464.5 49 7
7465.5 70 8.3666
7466.5 57 7.54983
7467.5 60 7.74597
7468.5 54 7.34847
7469.5 62 7.87401
7470.5 64 8
7471.5 63 7.93725
7472.5 62 7.87401
7473.5 50 7.07107
7474.5 57 7.54983
7475.5 75 8.66025
7476.5 57 7.54983
7477.5 61 7.81025
7478.5 77 8.77496
7479.5 62 7.87401
7480.5 44 6.63325
7481.5 54 7.34847
7482.5 69 8.30662
7483.5 63 7.93725
7484.5 60 7.74597
7485.5 54 7.34847
7486.5 59 7.68115
7487.5 62 7.87401
7488.5 59 7.68115
7489.5 76 8.7178
7490.5 54 7.34847
7491.5 50 7.07107
7492.5 60 7.74597
7493.5 56 7.48331
7494.5 65 8.06226
7495.5 55 7.4162
7496.5 62 7.87401
7497.5 65 8.06226
7498.5 57 7.54983
7499.5 54 7.34847
7500.5 67 8.18535
7501.5 64 8
7502.5 52 7.2111
7503.5 35 5.91608
7504.5 56 7.48331
7505.5 61 7.81025
7506.5 62 7.87401
7507.5 64 8
7508.5 57 7.54983
7509.5 54 7.34847
7510.5 51 7.14143
7511.5 59 7.68115
7512.5 52 7.2111
7513.5 56 7.48331
7514.5 74 8.60233
7515.5 64 8
7516.5 51 7.14143
7517.5 56 7.48331
7518.5 59 7.68115
7519.5 67 8.18535
7520.5 64 8
7521.5 63 7.93725
7522.5 63 7.93725
7523.5 61 7.81025
7524.5 58 7.61577
7525.5 66 8.12404
7526.5 68 8.24621
7527.5 60 7.74597
7528.5 61 7.81025
7529.5 64 8
7530.5 56 7.48331
7531.5 67 8.18535
7532.5 63 7.93725
7533.5 59 7.68115
7534.5 56 7.48331
7535.5 53 7.28011
7536.5 55 7.4162
7537.5 55 7.4162
7538.5 43 6.55744
7539.5 54 7.34847
7540.5 49 7
7541.5 70 8.3666
7542.5 73 8.544
7543.5 66 8.12404
7544.5 65 8.06226
7545.5 56 7.48331
7546.5 56 7.48331
7547.5 66 8.12404
7548.5 71 8.42615
7549.5 63 7.93725
7550.5 67 8.18535
7551.5 66 8.12404
7552.5 74 8.60233
7553.5 77 8.77496
7554.5 65 8.06226
7555.5 59 7.68115
7556.5 73 8.544
7557.5 69 8.30662
7558.5 59 7.68115
7559.5 47 6.85565
7560.5 68 8.24621
7561.5 64 8
7562.5 70 8.3666
7563.5 67 8.18535
7564.5 62 7.87401
7565.5 59 7.68115
7566.5 63 7.93725
7567.5 52 7.2111
7568.5 59 7.68115
7569.5 48 6.9282
7570.5 56 7.48331
7571.5 57 7.54983
7572.5 78 8.83176
7573.5 63 7.93725
7574.5 66 8.12404
7575.5 73 8.544
7576.5 64 8
7577.5 61 7.81025
7578.5 64 8
7579.5 47 6.85565
7580.5 61 7.81025
7581.5 54 7.34847
7582.5 50 7.07107
7583.5 60 7.74597
7584.5 62 7.87401
7585.5 61 7.81025
7586.5 76 8.7178
7587.5 60 7.74597
7588.5 59 7.68115
7589.5 64 8
7590.5 54 7.34847
7591.5 55 7.4162
7592.5 56 7.48331
7593.5 60 7.74597
7594.5 61 7.81025
7595.5 57 7.54983
7596.5 61 7.81025
7597.5 52 7.2111
7598.5 52 7.2111
7599.5 60 7.74597
7600.5 68 8.24621
7601.5 51 7.14143
7602.5 61 7.81025
7603.5 63 7.93725
7604.5 56 7.48331
7605.5 74 8.60233
7606.5 67 8.18535
7607.5 59 7.68115
7608.5 52 7.2111
7609.5 60 7.74597
7610.5 52 7.2111
7611.5 63 7.93725
7612.5 55 7.4162
7613.5 62 7.87401
7614.5 51 7.14143
7615.5 78 8.83176
7616.5 53 7.28011
7617.5 55 7.4162
7618.5 65 8.06226
7619.5 58 7.61577
7620.5 72 8.48528
7621.5 75 8.66025
7622.5 60 7.74597
7623.5 69 8.30662
7624.5 65 8.06226
7625.5 77 8.77496
7626.5 47 6.85565
7627.5 69 8.30662
7628.5 45 6.7082
7629.5 69 8.30662
7630.5 62 7.87401
7631.5 75 8.66025
7632.5 67 8.18535
7633.5 39 6.245
7634.5 65 8.06226
7635.5 68 8.24621
7636.5 55 7.4162
7637.5 45 6.7082
7638.5 64 8
7639.5 77 8.77496
7640.5 59 7.68115
7641.5 62 7.87401
7642.5 71 8.42615
7643.5 67 8.18535
7644.5 63 7.93725
7645.5 51 7.14143
7646.5 59 7.68115
7647.5 57 7.54983
7648.5 65 8.06226
7649.5 67 8.18535
7650.5 45 6.7082
7651.5 69 8.30662
7652.5 56 7.48331
7653.5 67 8.18535
7654.5 59 7.68115
7655.5 71 8.42615
7656.5 61 7.81025
7657.5 62 7.87401
7658.5 62 7.87401
7659.5 61 7.81025
7660.5 57 7.54983
7661.5 51 7.14143
7662.5 55 7.4162
7663.5 69 8.30662
7664.5 66 8.12404
7665.5 60 7.74597
7666.5 63 7.93725
7667.5 48 6.9282
7668.5 62 7.87401
7669.5 51 7.14143
7670.5 52 7.2111
7671.5 66 8.12404
7672.5 56 7.48331
7673.5 58 7.61577
7674.5 58 7.61577
7675.5 64 8
7676.5 57 7.54983
7677.5 76 8.7178
7678.5 59 7.68115
7679.5 55 7.4162
7680.5 55 7.4162
7681.5 64 8
7682.5 55 7.4162
7683.5 78 8.83176
7684.5 59 7.68115
7685.5 62 7.87401
7686.5 47 6.85565
7687.5 65 8.06226
7688.5 76 8.7178
7689.5 60 7.74597
7690.5 59 7.68115
7691.5 49 7
7692.5 56 7.48331
7693.5 57 7.54983
7694.5 65 8.06226
7695.5 62 7.87401
7696.5 58 7.61577
7697.5 66 8.12404
7698.5 60 7.74597
7699.5 71 8.42615
7700.5 56 7.48331
7701.5 56 7.48331
7702.5 59 7.68115
7703.5 58 7.61577
7704.5 45 6.7082
7705.5 67 8.18535
7706.5 63 7.93725
7707.5 63 7.93725
7708.5 59 7.68115
7709.5 52 7.2111
7710.5 69 8.30662
7711.5 63 7.93725
7712.5 58 7.61577
7713.5 75 8.66025
7714.5 56 7.48331
7715.5 64 8
7716.5 64 8
7717.5 73 8.544
7718.5 67 8.18535
7719.5 60 7.74597
7720.5 62 7.87401
7721.5 63 7.93725
7722.5 49 7
7723.5 57 7.54983
7724.5 61 7.81025
7725.5 59 7.68115
7726.5 57 7.54983
7727.5 66 8.12404
7728.5 57 7.54983
7729.5 64 8
7730.5 64 8
7731.5 69 8.30662
7732.5 48 6.9282
7733.5 59 7.68115
7734.5 63 7.93725
7735.5 61 7.81025
7736.5 64 8
7737.5 67 8.18535
7738.5 71 8.42615
7739.5 78 8.83176
7740.5 70 8.3666
7741.5 62 7.87401
7742.5 66 8.12404
7743.5 62 7.87401
7744.5 45 6.7082
7745.5 69 8.30662
7746.5 59 7.68115
7747.5 59 7.68115
7748.5 54 7.34847
7749.5 57 7.54983
7750.5 67 8.18535
7751.5 64 8
7752.5 65 8.06226
7753.5 81 9
7754.5 67 8.18535
7755.5 57 7.54983
7756.5 57 7.54983
7757.5 58 7.61577
7758.5 59 7.68115
7759.5 60 7.74597
7760.5 69 8.30662
7761.5 53 7.28011
7762.5 47 6.85565
7763.5 57 7.54983
7764.5 57 7.54983
7765.5 67 8.18535
7766.5 73 8.544
7767.5 63 7.93725
7768.5 42 6.48074
7769.5 49 7
7770.5 66 8.12404
7771.5 59 7.68115
7772.5 72 8.48528
7773.5 51 7.14143
7774.5 64 8
7775.5 51 7.14143
7776.5 63 7.93725
7777.5 58 7.61577
7778.5 57 7.54983
7779.5 70 8.3666
7780.5 62 7.87401
7781.5 72 8.48528
7782.5 56 7.48331
7783.5 69 8.30662
7784.5 53 7.28011
7785.5 55 7.4162
7786.5 66 8.12404
7787.5 73 8.544
7788.5 57 7.54983
7789.5 65 8.06226
7790.5 57 7.54983
7791.5 71 8.42615
7792.5 67 8.18535
7793.5 73 8.544
7794.5 60 7.74597
7795.5 65 8.06226
7796.5 72 8.48528
7797.5 46 6.78233
7798.5 69 8.30662
7799.5 68 8.24621
7800.5 53 7.28011
7801.5 72 8.48528
7802.5 63 7.93725
7803.5 47 6.85565
7804.5 71 8.42615
7805.5 70 8.3666
7806.5 71 8.42615
7807.5 58 7.61577
7808.5 58 7.61577
7809.5 81 9
7810.5 66 8.12404
7811.5 84 9.16515
7812.5 92 9.59166
7813.5 63 7.93725
7814.5 68 8.24621
7815.5 71 8.42615
7816.5 57 7.54983
7817.5 73 8.544
7818.5 73 8.544
7819.5 57 7.54983
7820.5 62 7.87401
7821.5 67 8.18535
7822.5 72 8.48528
7823.5 66 8.12404
7824.5 69 8.30662
7825.5 68 8.24621
7826.5 73 8.544
7827.5 57 7.54983
7828.5 66 8.12404
7829.5 65 8.06226
7830.5 57 7.54983
7831.5 61 7.81025
7832.5 65 8.06226
7833.5 46 6.78233
7834.5 75 8.66025
7835.5 74 8.60233
7836.5 59 7.68115
7837.5 63 7.93725
7838.5 46 6.78233
7839.5 46 6.78233
7840.5 60 7.74597
7841.5 57 7.54983
7842.5 55 7.4162
7843.5 62 7.87401
7844.5 63 7.93725
7845.5 62 7.87401
7846.5 51 7.14143
7847.5 56 7.48331
7848.5 70 8.3666
7849.5 77 8.77496
7850.5 59 7.68115
7851.5 60 7.74597
7852.5 68 8.24621
7853.5 76 8.7178
7854.5 59 7.68115
7855.5 50 7.07107
7856.5 50 7.07107
7857.5 62 7.87401
7858.5 60 7.74597
7859.5 54 7.34847
7860.5 78 8.83176
7861.5 72 8.48528
7862.5 58 7.61577
7863.5 64 8
7864.5 60 7.74597
7865.5 67 8.18535
7866.5 66 8.12404
7867.5 74 8.60233
7868.5 63 7.93725
7869.5 65 8.06226
7870.5 62 7.87401
7871.5 45 6.7082
7872.5 53 7.28011
7873.5 64 8
7874.5 60 7.74597
7875.5 72 8.48528
7876.5 66 8.12404
7877.5 73 8.544
7878.5 58 7.61577
7879.5 67 8.18535
7880.5 67 8.18535
7881.5 57 7.54983
7882.5 63 7.93725
7883.5 57 7.54983
7884.5 51 7.14143
7885.5 67 8.18535
7886.5 55 7.4162
7887.5 68 8.24621
7888.5 51 7.14143
7889.5 79 8.88819
7890.5 56 7.48331
7891.5 70 8.3666
7892.5 62 7.87401
7893.5 48 6.9282
7894.5 65 8.06226
7895.5 44 6.63325
7896.5 56 7.48331
7897.5 77 8.77496
7898.5 66 8.12404
7899.5 61 7.81025
7900.5 56 7.48331
7901.5 59 7.68115
7902.5 67 8.18535
7903.5 61 7.81025
7904.5 71 8.42615
7905.5 61 7.81025
7906.5 50 7.07107
7907.5 92 9.59166
7908.5 72 8.48528
7909.5 59 7.68115
7910.5 72 8.48528
7911.5 68 8.24621
7912.5 61 7.81025
7913.5 64 8
7914.5 66 8.12404
7915.5 72 8.48528
7916.5 61 7.81025
7917.5 67 8.18535
7918.5 73 8.544
7919.5 75 8.66025
7920.5 70 8.3666
7921.5 57 7.54983
7922.5 68 8.24621
7923.5 63 7.93725
7924.5 68 8.24621
7925.5 59 7.68115
7926.5 67 8.18535
7927.5 51 7.14143
7928.5 59 7.68115
7929.5 60 7.74597
7930.5 67 8.18535
7931.5 50 7.07107
7932.5 69 8.30662
7933.5 71 8.42615
7934.5 60 7.74597
7935.5 74 8.60233
7936.5 71 8.42615
7937.5 71 8.42615
7938.5 56 7.48331
7939.5 73 8.544
7940.5 80 8.94427
7941.5 62 7.87401
7942.5 68 8.24621
7943.5 59 7.68115
7944.5 62 7.87401
7945.5 55 7.4162
7946.5 62 7.87401
7947.5 63 7.93725
7948.5 60 7.74597
7949.5 64 8
7950.5 76 8.7178
7951.5 70 8.3666
7952.5 77 8.77496
7953.5 70 8.3666
7954.5 51 7.14143
7955.5 74 8.60233
7956.5 68 8.24621
7957.5 74 8.60233
7958.5 64 8
7959.5 78 8.83176
7960.5 78 8.83176
7961.5 59 7.68115
7962.5 69 8.30662
7963.5 47 6.85565
7964.5 60 7.74597
7965.5 72 8.48528
7966.5 75 8.66025
7967.5 65 8.06226
7968.5 64 8
7969.5 71 8.42615
7970.5 65 8.06226
7971.5 65 8.06226
7972.5 60 7.74597
7973.5 64 8
7974.5 62 7.87401
7975.5 50 7.07107
7976.5 48 6.9282
7977.5 59 7.68115
7978.5 44 6.63325
7979.5 70 8.3666
7980.5 56 7.48331
7981.5 58 7.61577
7982.5 73 8.544
7983.5 59 7.68115
7984.5 59 7.68115
7985.5 69 8.30662
7986.5 67 8.18535
7987.5 77 8.77496
7988.5 65 8.06226
7989.5 62 7.87401
7990.5 74 8.60233
7991.5 60 7.74597
7992.5 71 8.42615
7993.5 55 7.4162
7994.5 60 7.74597
7995.5 68 8.24621
7996.5 61 7.81025
7997.5 71 8.42615
7998.5 82 9.05539
7999.5 55 7.4162
8000.5 55 7.4162
8001.5 58 7.61577
8002.5 73 8.544
8003.5 51 7.14143
8004.5 68 8.24621
8005.5 54 7.34847
8006.5 70 8.3666
8007.5 62 7.87401
8008.5 74 8.60233
8009.5 63 7.93725
8010.5 62 7.87401
8011.5 66 8.12404
8012.5 64 8
8013.5 52 7.2111
8014.5 68 8.24621
8015.5 68 8.24621
8016.5 69 8.30662
8017.5 70 8.3666
8018.5 65 8.06226
8019.5 60 7.74597
8020.5 62 7.87401
8021.5 56 7.48331
8022.5 65 8.06226
8023.5 54 7.34847
8024.5 73 8.544
8025.5 60 7.74597
8026.5 62 7.87401
8027.5 58 7.61577
8028.5 59 7.68115
8029.5 62 7.87401
8030.5 65 8.06226
8031.5 62 7.87401
8032.5 76 8.7178
8033.5 80 8.94427
8034.5 59 7.68115
8035.5 70 8.3666
8036.5 78 8.83176
8037.5 65 8.06226
8038.5 86 9.27362
8039.5 66 8.12404
8040.5 74 8.60233
8041.5 67 8.18535
8042.5 62 7.87401
8043.5 68 8.24621
8044.5 66 8.12404
8045.5 69 8.30662
8046.5 67 8.18535
8047.5 66 8.12404
8048.5 75 8.66025
8049.5 70 8.3666
8050.5 59 7.68115
8051.5 66 8.12404
8052.5 71 8.42615
8053.5 71 8.42615
8054.5 60 7.74597
8055.5 66 8.12404
8056.5 61 7.81025
8057.5 67 8.18535
8058.5 62 7.87401
8059.5 75 8.66025
8060.5 60 7.74597
8061.5 62 7.87401
8062.5 68 8.24621
8063.5 78 8.83176
8064.5 73 8.544
8065.5 67 8.18535
8066.5 51 7.14143
8067.5 52 7.2111
8068.5 68 8.24621
8069.5 80 8.94427
8070.5 63 7.93725
8071.5 74 8.60233
8072.5 75 8.66025
8073.5 69 8.30662
8074.5 64 8
8075.5 64 8
8076.5 60 7.74597
8077.5 66 8.12404
8078.5 52 7.2111
8079.5 53 7.28011
8080.5 71 8.42615
8081.5 66 8.12404
8082.5 63 7.93725
8083.5 70 8.3666
8084.5 70 8.3666
8085.5 73 8.544
8086.5 77 8.77496
8087.5 56 7.48331
8088.5 63 7.93725
8089.5 64 8
8090.5 82 9.05539
8091.5 74 8.60233
8092.5 63 7.93725
8093.5 74 8.60233
8094.5 71 8.42615
8095.5 64 8
8096.5 70 8.3666
8097.5 71 8.42615
8098.5 68 8.24621
8099.5 63 7.93725
8100.5 53 7.28011
8101.5 65 8.06226
8102.5 74 8.60233
8103.5 77 8.77496
8104.5 82 9.05539
8105.5 75 8.66025
8106.5 68 8.24621
8107.5 57 7.54983
8108.5 87 9.32738
8109.5 71 8.42615
8110.5 72 8.48528
8111.5 77 8.77496
8112.5 67 8.18535
8113.5 83 9.11043
8114.5 75 8.66025
8115.5 70 8.3666
8116.5 58 7.61577
8117.5 57 7.54983
8118.5 56 7.48331
8119.5 76 8.7178
8120.5 76 8.7178
8121.5 76 8.7178
8122.5 53 7.28011
8123.5 73 8.544
8124.5 87 9.32738
8125.5 76 8.7178
8126.5 56 7.48331
8127.5 67 8.18535
8128.5 71 8.42615
8129.5 66 8.12404
8130.5 68 8.24621
8131.5 69 8.30662
8132.5 59 7.68115
8133.5 69 8.30662
8134.5 68 8.24621
8135.5 64 8
8136.5 62 7.87401
8137.5 55 7.4162
8138.5 63 7.93725
8139.5 77 8.77496
8140.5 69 8.30662
8141.5 55 7.4162
8142.5 66 8.12404
8143.5 67 8.18535
8144.5 64 8
8145.5 79 8.88819
8146.5 70 8.3666
8147.5 65 8.06226
8148.5 69 8.30662
8149.5 62 7.87401
8150.5 62 7.87401
8151.5 57 7.54983
8152.5 56 7.48331
8153.5 68 8.24621
8154.5 68 8.24621
8155.5 69 8.30662
8156.5 62 7.87401
8157.5 66 8.12404
8158.5 61 7.81025
8159.5 56 7.48331
8160.5 68 8.24621
8161.5 83 9.11043
8162.5 84 9.16515
8163.5 73 8.544
8164.5 58 7.61577
8165.5 62 7.87401
8166.5 68 8.24621
8167.5 76 8.7178
8168.5 63 7.93725
8169.5 84 9.16515
8170.5 72 8.48528
8171.5 66 8.12404
8172.5 74 8.60233
8173.5 78 8.83176
8174.5 58 7.61577
8175.5 80 8.94427
8176.5 63 7.93725
8177.5 65 8.06226
8178.5 64 8
8179.5 81 9
8180.5 59 7.68115
8181.5 71 8.42615
8182.5 71 8.42615
8183.5 71 8.42615
8184.5 77 8.77496
8185.5 64 8
8186.5 63 7.93725
8187.5 64 8
8188.5 68 8.24621
8189.5 63 7.93725
8190.5 70 8.3666
8191.5 70 8.3666
8192.5 72 8.48528
8193.5 64 8
8194.5 72 8.48528
8195.5 77 8.77496
8196.5 47 6.85565
8197.5 79 8.88819
8198.5 58 7.61577
8199.5 64 8
8200.5 68 8.24621
8201.5 73 8.544
8202.5 62 7.87401
8203.5 72 8.48528
8204.5 75 8.66025
8205.5 79 8.88819
8206.5 65 8.06226
8207.5 75 8.66025
8208.5 75 8.66025
8209.5 70 8.3666
8210.5 69 8.30662
8211.5 76 8.7178
8212.5 62 7.87401
8213.5 59 7.68115
8214.5 64 8
8215.5 68 8.24621
8216.5 65 8.06226
8217.5 61 7.81025
8218.5 70 8.3666
8219.5 71 8.42615
8220.5 76 8.7178
8221.5 81 9
8222.5 50 7.07107
8223.5 74 8.60233
8224.5 42 6.48074
8225.5 82 9.05539
8226.5 59 7.68115
8227.5 84 9.16515
8228.5 91 9.53939
8229.5 64 8
8230.5 65 8.06226
8231.5 85 9.21954
8232.5 80 8.94427
8233.5 79 8.88819
8234.5 76 8.7178
8235.5 84 9.16515
8236.5 65 8.06226
8237.5 89 9.43398
8238.5 63 7.93725
8239.5 81 9
8240.5 83 9.11043
8241.5 74 8.60233
8242.5 103 10.1489
8243.5 100 10
8244.5 91 9.53939
8245.5 83 9.11043
8246.5 105 10.247
8247.5 97 9.84886
8248.5 113 10.6301
8249.5 119 10.9087
8250.5 110 10.4881
8251.5 124 11.1355
8252.5 131 11.4455
8253.5 147 12.1244
8254.5 162 12.7279
8255.5 146 12.083
8256.5 172 13.1149
8257.5 163 12.7671
8258.5 160 12.6491
8259.5 173 13.1529
8260.5 172 13.1149
8261.5 181 13.4536
8262.5 186 13.6382
8263.5 188 13.7113
8264.5 236 15.3623
8265.5 213 14.5945
8266.5 197 14.0357
8267.5 200 14.1421
8268.5 191 13.8203
8269.5 216 14.6969
8270.5 200 14.1421
8271.5 202 14.2127
8272.5 168 12.9615
8273.5 191 13.8203
8274.5 180 13.4164
8275.5 164 12.8062
8276.5 170 13.0384
8277.5 176 13.2665
8278.5 166 12.8841
8279.5 123 11.0905
8280.5 134 11.5758
8281.5 140 11.8322
8282.5 130 11.4018
8283.5 123 11.0905
8284.5 126 11.225
8285.5 117 10.8167
8286.5 96 9.79796
8287.5 111 10.5357
8288.5 103 10.1489
8289.5 93 9.64365
8290.5 91 9.53939
8291.5 94 9.69536
8292.5 90 9.48683
8293.5 88 9.38083
8294.5 88 9.38083
8295.5 80 8.94427
8296.5 71 8.42615
8297.5 81 9
8298.5 80 8.94427
8299.5 79 8.88819
8300.5 83 9.11043
8301.5 91 9.53939
8302.5 60 7.74597
8303.5 75 8.66025
8304.5 89 9.43398
8305.5 80 8.94427
8306.5 78 8.83176
8307.5 77 8.77496
8308.5 79 8.88819
8309.5 77 8.77496
8310.5 67 8.18535
8311.5 90 9.48683
8312.5 63 7.93725
8313.5 79 8.88819
8314.5 87 9.32738
8315.5 67 8.18535
8316.5 72 8.48528
8317.5 79 8.88819
8318.5 80 8.94427
8319.5 83 9.11043
8320.5 79 8.88819
8321.5 72 8.48528
8322.5 89 9.43398
8323.5 67 8.18535
8324.5 73 8.544
8325.5 76 8.7178
8326.5 66 8.12404
8327.5 77 8.77496
8328.5 74 8.60233
8329.5 76 8.7178
8330.5 71 8.42615
8331.5 71 8.42615
8332.5 58 7.61577
8333.5 63 7.93725
8334.5 73 8.544
8335.5 86 9.27362
8336.5 70 8.3666
8337.5 77 8.77496
8338.5 69 8.30662
8339.5 54 7.34847
8340.5 73 8.544
8341.5 79 8.88819
8342.5 72 8.48528
8343.5 76 8.7178
8344.5 73 8.544
8345.5 71 8.42615
8346.5 83 9.11043
8347.5 68 8.24621
8348.5 58 7.61577
8349.5 71 8.42615
8350.5 57 7.54983
8351.5 65 8.06226
8352.5 67 8.18535
8353.5 76 8.7178
8354.5 83 9.11043
8355.5 73 8.544
8356.5 80 8.94427
8357.5 80 8.94427
8358.5 76 8.7178
8359.5 75 8.66025
8360.5 74 8.60233
8361.5 61 7.81025
8362.5 83 9.11043
8363.5 74 8.60233
8364.5 79 8.88819
8365.5 65 8.06226
8366.5 74 8.60233
8367.5 67 8.18535
8368.5 67 8.18535
8369.5 67 8.18535
8370.5 58 7.61577
8371.5 70 8.3666
8372.5 82 9.05539
8373.5 84 9.16515
8374.5 74 8.60233
8375.5 65 8.06226
8376.5 76 8.7178
8377.5 78 8.83176
8378.5 81 9
8379.5 77 8.77496
8380.5 67 8.18535
8381.5 85 9.21954
8382.5 79 8.88819
8383.5 81 9
8384.5 84 9.16515
8385.5 74 8.60233
8386.5 68 8.24621
8387.5 87 9.32738
8388.5 88 9.38083
8389.5 76 8.7178
8390.5 73 8.544
8391.5 75 8.66025
8392.5 70 8.3666
8393.5 76 8.7178
8394.5 73 8.544
8395.5 70 8.3666
8396.5 80 8.94427
8397.5 61 7.81025
8398.5 77 8.77496
8399.5 98 9.89949
8400.5 78 8.83176
8401.5 60 7.74597
8402.5 81 9
8403.5 64 8
8404.5 66 8.12404
8405.5 77 8.77496
8406.5 62 7.87401
8407.5 73 8.544
8408.5 67 8.18535
8409.5 76 8.7178
8410.5 82 9.05539
8411.5 68 8.24621
8412.5 66 8.12404
8413.5 86 9.27362
8414.5 62 7.87401
8415.5 70 8.3666
8416.5 75 8.66025
8417.5 63 7.93725
8418.5 86 9.27362
8419.5 81 9
8420.5 74 8.60233
8421.5 76 8.7178
8422.5 78 8.83176
8423.5 76 8.7178
8424.5 85 9.21954
8425.5 79 8.88819
8426.5 74 8.60233
8427.5 69 8.30662
8428.5 72 8.48528
8429.5 54 7.34847
8430.5 55 7.4162
8431.5 85 9.21954
8432.5 89 9.43398
8433.5 62 7.87401
8434.5 67 8.18535
8435.5 57 7.54983
8436.5 73 8.544
8437.5 71 8.42615
8438.5 81 9
8439.5 71 8.42615
8440.5 70 8.3666
8441.5 83 9.11043
8442.5 71 8.42615
8443.5 92 9.59166
8444.5 84 9.16515
8445.5 59 7.68115
8446.5 74 8.60233
8447.5 72 8.48528
8448.5 79 8.88819
8449.5 98 9.89949
8450.5 77 8.77496
8451.5 59 7.68115
8452.5 73 8.544
8453.5 84 9.16515
8454.5 78 8.83176
8455.5 65 8.06226
8456.5 58 7.61577
8457.5 67 8.18535
8458.5 84 9.16515
8459.5 70 8.3666
8460.5 77 8.77496
8461.5 72 8.48528
8462.5 80 8.94427
8463.5 82 9.05539
8464.5 69 8.30662
8465.5 101 10.0499
8466.5 61 7.81025
8467.5 72 8.48528
8468.5 69 8.30662
8469.5 88 9.38083
8470.5 70 8.3666
8471.5 82 9.05539
8472.5 75 8.66025
8473.5 62 7.87401
8474.5 74 8.60233
8475.5 63 7.93725
8476.5 81 9
8477.5 76 8.7178
8478.5 68 8.24621
8479.5 69 8.30662
8480.5 64 8
8481.5 40 6.32456
8482.5 80 8.94427
8483.5 60 7.74597
8484.5 82 9.05539
8485.5 72 8.48528
8486.5 75 8.66025
8487.5 66 8.12404
8488.5 68 8.24621
8489.5 80 8.94427
8490.5 83 9.11043
8491.5 70 8.3666
8492.5 85 9.21954
8493.5 68 8.24621
8494.5 83 9.11043
8495.5 79 8.88819
8496.5 80 8.94427
8497.5 71 8.42615
8498.5 75 8.66025
8499.5 81 9
8500.5 83 9.11043
8501.5 92 9.59166
8502.5 82 9.05539
8503.5 69 8.30662
8504.5 81 9
8505.5 77 8.77496
8506.5 67 8.18535
8507.5 63 7.93725
8508.5 78 8.83176
8509.5 57 7.54983
8510.5 74 8.60233
8511.5 62 7.87401
8512.5 71 8.42615
8513.5 72 8.48528
8514.5 79 8.88819
8515.5 84 9.16515
8516.5 90 9.48683
8517.5 76 8.7178
8518.5 79 8.88819
8519.5 85 9.21954
8520.5 62 7.87401
8521.5 77 8.77496
8522.5 87 9.32738
8523.5 89 9.43398
8524.5 79 8.88819
8525.5 63 7.93725
8526.5 73 8.544
8527.5 64 8
8528.5 79 8.88819
8529.5 83 9.11043
8530.5 70 8.3666
8531.5 76 8.7178
8532.5 77 8.77496
8533.5 80 8.94427
8534.5 67 8.18535
8535.5 65 8.06226
8536.5 67 8.18535
8537.5 88 9.38083
8538.5 76 8.7178
8539.5 99 9.94987
8540.5 68 8.24621
8541.5 80 8.94427
8542.5 73 8.544
8543.5 72 8.48528
8544.5 65 8.06226
8545.5 61 7.81025
8546.5 81 9
8547.5 90 9.48683
8548.5 76 8.7178
8549.5 91 9.53939
8550.5 83 9.11043
8551.5 69 8.30662
8552.5 92 9.59166
8553.5 87 9.32738
8554.5 89 9.43398
8555.5 96 9.79796
8556.5 104 10.198
8557.5 94 9.69536
8558.5 88 9.38083
8559.5 66 8.12404
8560.5 113 10.6301
8561.5 92 9.59166
8562.5 80 8.94427
8563.5 96 9.79796
8564.5 95 9.74679
8565.5 96 9.79796
8566.5 95 9.74679
8567.5 86 9.27362
8568.5 93 9.64365
8569.5 83 9.11043
8570.5 99 9.94987
8571.5 94 9.69536
8572.5 83 9.11043
8573.5 99 9.94987
8574.5 94 9.69536
8575.5 87 9.32738
8576.5 86 9.27362
8577.5 77 8.77496
8578.5 79 8.88819
8579.5 83 9.11043
8580.5 90 9.48683
8581.5 82 9.05539
8582.5 87 9.32738
8583.5 66 8.12404
8584.5 70 8.3666
8585.5 80 8.94427
8586.5 79 8.88819
8587.5 87 9.32738
8588.5 68 8.24621
8589.5 80 8.94427
8590.5 89 9.43398
8591.5 79 8.88819
8592.5 82 9.05539
8593.5 76 8.7178
8594.5 73 8.544
8595.5 85 9.21954
8596.5 75 8.66025
8597.5 65 8.06226
8598.5 76 8.7178
8599.5 54 7.34847
8600.5 81 9
8601.5 74 8.60233
8602.5 66 8.12404
8603.5 85 9.21954
8604.5 59 7.68115
8605.5 78 8.83176
8606.5 84 9.16515
8607.5 89 9.43398
8608.5 80 8.94427
8609.5 75 8.66025
8610.5 65 8.06226
8611.5 69 8.30662
8612.5 70 8.3666
8613.5 69 8.30662
8614.5 66 8.12404
8615.5 65 8.06226
8616.5 82 9.05539
8617.5 72 8.48528
8618.5 91 9.53939
8619.5 83 9.11043
8620.5 78 8.83176
8621.5 79 8.88819
8622.5 77 8.77496
8623.5 80 8.94427
8624.5 75 8.66025
8625.5 68 8.24621
8626.5 69 8.30662
8627.5 78 8.83176
8628.5 73 8.544
8629.5 73 8.544
8630.5 79 8.88819
8631.5 84 9.16515
8632.5 75 8.66025
8633.5 89 9.43398
8634.5 75 8.66025
8635.5 81 9
8636.5 89 9.43398
8637.5 68 8.24621
8638.5 87 9.32738
8639.5 84 9.16515
8640.5 76 8.7178
8641.5 67 8.18535
8642.5 66 8.12404
8643.5 74 8.60233
8644.5 95 9.74679
8645.5 79 8.88819
8646.5 83 9.11043
8647.5 73 8.544
8648.5 60 7.74597
8649.5 83 9.11043
8650.5 74 8.60233
8651.5 64 8
8652.5 84 9.16515
8653.5 83 9.11043
8654.5 74 8.60233
8655.5 70 8.3666
8656.5 72 8.48528
8657.5 69 8.30662
8658.5 83 9.11043
8659.5 77 8.77496
8660.5 86 9.27362
8661.5 80 8.94427
8662.5 88 9.38083
8663.5 71 8.42615
8664.5 59 7.68115
8665.5 78 8.83176
8666.5 73 8.544
8667.5 73 8.544
8668.5 92 9.59166
8669.5 100 10
8670.5 62 7.87401
8671.5 79 8.88819
8672.5 89 9.43398
8673.5 87 9.32738
8674.5 78 8.83176
8675.5 81 9
8676.5 84 9.16515
8677.5 79 8.88819
8678.5 98 9.89949
8679.5 72 8.48528
8680.5 88 9.38083
8681.5 65 8.06226
8682.5 80 8.94427
8683.5 87 9.32738
8684.5 98 9.89949
8685.5 81 9
8686.5 82 9.05539
8687.5 75 8.66025
8688.5 73 8.544
8689.5 94 9.69536
8690.5 74 8.60233
8691.5 84 9.16515
8692.5 88 9.38083
8693.5 81 9
8694.5 88 9.38083
8695.5 80 8.94427
8696.5 94 9.69536
8697.5 89 9.43398
8698.5 67 8.18535
8699.5 77 8.77496
8700.5 73 8.544
8701.5 86 9.27362
8702.5 82 9.05539
8703.5 79 8.88819
8704.5 88 9.38083
8705.5 76 8.7178
8706.5 68 8.24621
8707.5 87 9.32738
8708.5 89 9.43398
8709.5 70 8.3666
8710.5 84 9.16515
8711.5 81 9
8712.5 79 8.88819
8713.5 76 8.7178
8714.5 93 9.64365
8715.5 70 8.3666
8716.5 63 7.93725
8717.5 102 10.0995
8718.5 68 8.24621
8719.5 87 9.32738
8720.5 100 10
8721.5 65 8.06226
8722.5 87 9.32738
8723.5 69 8.30662
8724.5 62 7.87401
8725.5 86 9.27362
8726.5 76 8.7178
8727.5 81 9
8728.5 76 8.7178
8729.5 75 8.66025
8730.5 77 8.77496
8731.5 80 8.94427
8732.5 83 9.11043
8733.5 86 9.27362
8734.5 87 9.32738
8735.5 85 9.21954
8736.5 86 9.27362
8737.5 80 8.94427
8738.5 77 8.77496
8739.5 77 8.77496
8740.5 85 9.21954
8741.5 89 9.43398
8742.5 70 8.3666
8743.5 80 8.94427
8744.5 72 8.48528
8745.5 70 8.3666
8746.5 78 8.83176
8747.5 91 9.53939
8748.5 96 9.79796
8749.5 93 9.64365
8750.5 86 9.27362
8751.5 75 8.66025
8752.5 72 8.48528
8753.5 70 8.3666
8754.5 71 8.42615
8755.5 78 8.83176
8756.5 75 8.66025
8757.5 88 9.38083
8758.5 58 7.61577
8759.5 84 9.16515
8760.5 79 8.88819
8761.5 92 9.59166
8762.5 94 9.69536
8763.5 75 8.66025
8764.5 86 9.27362
8765.5 64 8
8766.5 74 8.60233
8767.5 90 9.48683
8768.5 61 7.81025
8769.5 81 9
8770.5 80 8.94427
8771.5 82 9.05539
8772.5 64 8
8773.5 96 9.79796
8774.5 88 9.38083
8775.5 67 8.18535
8776.5 84 9.16515
8777.5 73 8.544
8778.5 80 8.94427
8779.5 80 8.94427
8780.5 65 8.06226
8781.5 90 9.48683
8782.5 79 8.88819
8783.5 86 9.27362
8784.5 94 9.69536
8785.5 102 10.0995
8786.5 80 8.94427
8787.5 80 8.94427
8788.5 73 8.544
8789.5 69 8.30662
8790.5 87 9.32738
8791.5 70 8.3666
8792.5 70 8.3666
8793.5 83 9.11043
8794.5 77 8.77496
8795.5 85 9.21954
8796.5 84 9.16515
8797.5 82 9.05539
8798.5 70 8.3666
8799.5 87 9.32738
8800.5 76 8.7178
8801.5 91 9.53939
8802.5 64 8
8803.5 90 9.48683
8804.5 82 9.05539
8805.5 75 8.66025
8806.5 83 9.11043
8807.5 88 9.38083
8808.5 73 8.544
8809.5 75 8.66025
8810.5 92 9.59166
8811.5 93 9.64365
8812.5 78 8.83176
8813.5 76 8.7178
8814.5 83 9.11043
8815.5 85 9.21954
8816.5 85 9.21954
8817.5 70 8.3666
8818.5 84 9.16515
8819.5 77 8.77496
8820.5 82 9.05539
8821.5 84 9.16515
8822.5 74 8.60233
8823.5 75 8.66025
8824.5 73 8.544
8825.5 76 8.7178
8826.5 87 9.32738
8827.5 86 9.27362
8828.5 73 8.544
8829.5 98 9.89949
8830.5 86 9.27362
8831.5 89 9.43398
8832.5 93 9.64365
8833.5 104 10.198
8834.5 80 8.94427
8835.5 79 8.88819
8836.5 101 10.0499
8837.5 79 8.88819
8838.5 78 8.83176
8839.5 76 8.7178
8840.5 91 9.53939
8841.5 84 9.16515
8842.5 74 8.60233
8843.5 90 9.48683
8844.5 92 9.59166
8845.5 84 9.16515
8846.5 89 9.43398
8847.5 74 8.60233
8848.5 75 8.66025
8849.5 90 9.48683
8850.5 97 9.84886
8851.5 87 9.32738
8852.5 79 8.88819
8853.5 80 8.94427
8854.5 73 8.544
8855.5 92 9.59166
8856.5 83 9.11043
8857.5 75 8.66025
8858.5 87 9.32738
8859.5 90 9.48683
8860.5 86 9.27362
8861.5 67 8.18535
8862.5 75 8.66025
8863.5 70 8.3666
8864.5 92 9.59166
8865.5 88 9.38083
8866.5 76 8.7178
8867.5 99 9.94987
8868.5 100 10
8869.5 102 10.0995
8870.5 83 9.11043
8871.5 60 7.74597
8872.5 79 8.88819
8873.5 84 9.16515
8874.5 94 9.69536
8875.5 89 9.43398
8876.5 81 9
8877.5 73 8.544
8878.5 70 8.3666
8879.5 80 8.94427
8880.5 84 9.16515
8881.5 69 8.30662
8882.5 89 9.43398
8883.5 86 9.27362
8884.5 87 9.32738
8885.5 75 8.66025
8886.5 76 8.7178
8887.5 91 9.53939
8888.5 83 9.11043
8889.5 79 8.88819
8890.5 100 10
8891.5 79 8.88819
8892.5 92 9.59166
8893.5 79 8.88819
8894.5 81 9
8895.5 103 10.1489
8896.5 89 9.43398
8897.5 82 9.05539
8898.5 96 9.79796
8899.5 96 9.79796
8900.5 90 9.48683
8901.5 99 9.94987
8902.5 94 9.69536
8903.5 91 9.53939
8904.5 101 10.0499
8905.5 77 8.77496
8906.5 96 9.79796
8907.5 81 9
8908.5 77 8.77496
8909.5 82 9.05539
8910.5 93 9.64365
8911.5 90 9.48683
8912.5 85 9.21954
8913.5 81 9
8914.5 74 8.60233
8915.5 79 8.88819
8916.5 96 9.79796
8917.5 77 8.77496
8918.5 91 9.53939
8919.5 91 9.53939
8920.5 84 9.16515
8921.5 103 10.1489
8922.5 83 9.11043
8923.5 93 9.64365
8924.5 72 8.48528
8925.5 80 8.94427
8926.5 83 9.11043
8927.5 92 9.59166
8928.5 70 8.3666
8929.5 78 8.83176
8930.5 82 9.05539
8931.5 86 9.27362
8932.5 95 9.74679
8933.5 89 9.43398
8934.5 91 9.53939
8935.5 99 9.94987
8936.5 77 8.77496
8937.5 88 9.38083
8938.5 93 9.64365
8939.5 91 9.53939
8940.5 90 9.48683
8941.5 69 8.30662
8942.5 91 9.53939
8943.5 75 8.66025
8944.5 92 9.59166
8945.5 92 9.59166
8946.5 71 8.42615
8947.5 97 9.84886
8948.5 87 9.32738
8949.5 75 8.66025
8950.5 77 8.77496
8951.5 84 9.16515
8952.5 92 9.59166
8953.5 88 9.38083
8954.5 97 9.84886
8955.5 105 10.247
8956.5 86 9.27362
8957.5 83 9.11043
8958.5 79 8.88819
8959.5 82 9.05539
8960.5 90 9.48683
8961.5 85 9.21954
8962.5 85 9.21954
8963.5 83 9.11043
8964.5 67 8.18535
8965.5 97 9.84886
8966.5 93 9.64365
8967.5 97 9.84886
8968.5 84 9.16515
8969.5 71 8.42615
8970.5 109 10.4403
8971.5 99 9.94987
8972.5 88 9.38083
8973.5 106 10.2956
8974.5 77 8.77496
8975.5 89 9.43398
8976.5 74 8.60233
8977.5 82 9.05539
8978.5 93 9.64365
8979.5 89 9.43398
8980.5 87 9.32738
8981.5 91 9.53939
8982.5 72 8.48528
8983.5 97 9.84886
8984.5 95 9.74679
8985.5 85 9.21954
8986.5 99 9.94987
8987.5 104 10.198
8988.5 87 9.32738
8989.5 92 9.59166
8990.5 106 10.2956
8991.5 91 9.53939
8992.5 103 10.1489
8993.5 90 9.48683
8994.5 76 8.7178
8995.5 96 9.79796
8996.5 85 9.21954
8997.5 74 8.60233
8998.5 90 9.48683
8999.5 84 9.16515
9000.5 97 9.84886
9001.5 96 9.79796
9002.5 81 9
9003.5 90 9.48683
9004.5 88 9.38083
9005.5 94 9.69536
9006.5 86 9.27362
9007.5 91 9.53939
9008.5 95 9.74679
9009.5 87 9.32738
9010.5 86 9.27362
9011.5 86 9.27362
9012.5 78 8.83176
9013.5 79 8.88819
9014.5 84 9.16515
9015.5 99 9.94987
9016.5 99 9.94987
9017.5 83 9.11043
9018.5 97 9.84886
9019.5 80 8.94427
9020.5 96 9.79796
9021.5 88 9.38083
9022.5 99 9.94987
9023.5 83 9.11043
9024.5 75 8.66025
9025.5 90 9.48683
9026.5 79 8.88819
9027.5 97 9.84886
9028.5 97 9.84886
9029.5 92 9.59166
9030.5 84 9.16515
9031.5 92 9.59166
9032.5 86 9.27362
9033.5 104 10.198
9034.5 88 9.38083
9035.5 106 10.2956
9036.5 94 9.69536
9037.5 96 9.79796
9038.5 75 8.66025
9039.5 98 9.89949
9040.5 84 9.16515
9041.5 83 9.11043
9042.5 98 9.89949
9043.5 86 9.27362
9044.5 108 10.3923
9045.5 80 8.94427
9046.5 78 8.83176
9047.5 79 8.88819
9048.5 113 10.6301
9049.5 94 9.69536
9050.5 93 9.64365
9051.5 100 10
9052.5 84 9.16515
9053.5 82 9.05539
9054.5 100 10
9055.5 83 9.11043
9056.5 93 9.64365
9057.5 107 10.3441
9058.5 98 9.89949
9059.5 85 9.21954
9060.5 114 10.6771
9061.5 84 9.16515
9062.5 92 9.59166
9063.5 97 9.84886
9064.5 96 9.79796
9065.5 107 10.3441
9066.5 78 8.83176
9067.5 88 9.38083
9068.5 87 9.32738
9069.5 99 9.94987
9070.5 89 9.43398
9071.5 93 9.64365
9072.5 97 9.84886
9073.5 99 9.94987
9074.5 86 9.27362
9075.5 85 9.21954
9076.5 96 9.79796
9077.5 98 9.89949
9078.5 84 9.16515
9079.5 103 10.1489
9080.5 95 9.74679
9081.5 80 8.94427
9082.5 86 9.27362
9083.5 68 8.24621
9084.5 94 9.69536
9085.5 88 9.38083
9086.5 102 10.0995
9087.5 114 10.6771
9088.5 91 9.53939
9089.5 91 9.53939
9090.5 107 10.3441
9091.5 92 9.59166
9092.5 84 9.16515
9093.5 95 9.74679
9094.5 97 9.84886
9095.5 86 9.27362
9096.5 83 9.11043
9097.5 84 9.16515
9098.5 98 9.89949
9099.5 102 10.0995
9100.5 95 9.74679
9101.5 81 9
9102.5 84 9.16515
9103.5 96 9.79796
9104.5 110 10.4881
9105.5 79 8.88819
9106.5 96 9.79796
9107.5 106 10.2956
9108.5 105 10.247
9109.5 74 8.60233
9110.5 96 9.79796
9111.5 99 9.94987
9112.5 102 10.0995
9113.5 101 10.0499
9114.5 90 9.48683
9115.5 93 9.64365
9116.5 87 9.32738
9117.5 90 9.48683
9118.5 105 10.247
9119.5 91 9.53939
9120.5 91 9.53939
9121.5 92 9.59166
9122.5 103 10.1489
9123.5 101 10.0499
9124.5 96 9.79796
9125.5 112 10.583
9126.5 85 9.21954
9127.5 100 10
9128.5 91 9.53939
9129.5 100 10
9130.5 98 9.89949
9131.5 95 9.74679
9132.5 98 9.89949
9133.5 88 9.38083
9134.5 85 9.21954
9135.5 119 10.9087
9136.5 94 9.69536
9137.5 99 9.94987
9138.5 79 8.88819
9139.5 94 9.69536
9140.5 88 9.38083
9141.5 92 9.59166
9142.5 95 9.74679
9143.5 116 10.7703
9144.5 103 10.1489
9145.5 111 10.5357
9146.5 121 11
9147.5 101 10.0499
9148.5 94 9.69536
9149.5 89 9.43398
9150.5 92 9.59166
9151.5 108 10.3923
9152.5 86 9.27362
9153.5 84 9.16515
9154.5 96 9.79796
9155.5 85 9.21954
9156.5 98 9.89949
9157.5 106 10.2956
9158.5 99 9.94987
9159.5 85 9.21954
9160.5 90 9.48683
9161.5 90 9.48683
9162.5 112 10.583
9163.5 99 9.94987
9164.5 105 10.247
9165.5 87 9.32738
9166.5 90 9.48683
9167.5 119 10.9087
9168.5 94 9.69536
9169.5 92 9.59166
9170.5 102 10.0995
9171.5 87 9.32738
9172.5 92 9.59166
9173.5 101 10.0499
9174.5 87 9.32738
9175.5 71 8.42615
9176.5 101 10.0499
9177.5 89 9.43398
9178.5 102 10.0995
9179.5 105 10.247
9180.5 98 9.89949
9181.5 103 10.1489
9182.5 90 9.48683
9183.5 90 9.48683
9184.5 96 9.79796
9185.5 107 10.3441
9186.5 78 8.83176
9187.5 110 10.4881
9188.5 94 9.69536
9189.5 82 9.05539
9190.5 84 9.16515
9191.5 101 10.0499
9192.5 109 10.4403
9193.5 107 10.3441
9194.5 106 10.2956
9195.5 96 9.79796
9196.5 89 9.43398
9197.5 90 9.48683
9198.5 85 9.21954
9199.5 102 10.0995
9200.5 101 10.0499
9201.5 93 9.64365
9202.5 114 10.6771
9203.5 87 9.32738
9204.5 114 10.6771
9205.5 92 9.59166
9206.5 100 10
9207.5 108 10.3923
9208.5 114 10.6771
9209.5 105 10.247
9210.5 103 10.1489
9211.5 96 9.79796
9212.5 100 10
9213.5 105 10.247
9214.5 100 10
9215.5 113 10.6301
9216.5 96 9.79796
9217.5 97 9.84886
9218.5 84 9.16515
9219.5 114 10.6771
9220.5 93 9.64365
9221.5 95 9.74679
9222.5 103 10.1489
9223.5 93 9.64365
9224.5 107 10.3441
9225.5 102 10.0995
9226.5 109 10.4403
9227.5 103 10.1489
9228.5 105 10.247
9229.5 83 9.11043
9230.5 114 10.6771
9231.5 100 10
9232.5 90 9.48683
9233.5 106 10.2956
9234.5 108 10.3923
9235.5 96 9.79796
9236.5 97 9.84886
9237.5 107 10.3441
9238.5 94 9.69536
9239.5 104 10.198
9240.5 104 10.198
9241.5 104 10.198
9242.5 92 9.59166
9243.5 93 9.64365
9244.5 93 9.64365
9245.5 95 9.74679
9246.5 88 9.38083
9247.5 94 9.69536
9248.5 96 9.79796
9249.5 114 10.6771
9250.5 114 10.6771
9251.5 102 10.0995
9252.5 92 9.59166
9253.5 103 10.1489
9254.5 88 9.38083
9255.5 96 9.79796
9256.5 106 10.2956
9257.5 104 10.198
9258.5 103 10.1489
9259.5 91 9.53939
9260.5 113 10.6301
9261.5 89 9.43398
9262.5 108 10.3923
9263.5 107 10.3441
9264.5 97 9.84886
9265.5 85 9.21954
9266.5 111 10.5357
9267.5 106 10.2956
9268.5 94 9.69536
9269.5 96 9.79796
9270.5 115 10.7238
9271.5 96 9.79796
9272.5 103 10.1489
9273.5 107 10.3441
9274.5 104 10.198
9275.5 98 9.89949
9276.5 96 9.79796
9277.5 97 9.84886
9278.5 89 9.43398
9279.5 117 10.8167
9280.5 91 9.53939
9281.5 98 9.89949
9282.5 93 9.64365
9283.5 100 10
9284.5 89 9.43398
9285.5 104 10.198
9286.5 93 9.64365
9287.5 114 10.6771
9288.5 105 10.247
9289.5 101 10.0499
9290.5 112 10.583
9291.5 119 10.9087
9292.5 98 9.89949
9293.5 91 9.53939
9294.5 94 9.69536
9295.5 107 10.3441
9296.5 88 9.38083
9297.5 95 9.74679
9298.5 111 10.5357
9299.5 104 10.198
9300.5 129 11.3578
9301.5 98 9.89949
9302.5 101 10.0499
9303.5 97 9.84886
9304.5 112 10.583
9305.5 117 10.8167
9306.5 92 9.59166
9307.5 102 10.0995
9308.5 113 10.6301
9309.5 103 10.1489
9310.5 98 9.89949
9311.5 103 10.1489
9312.5 103 10.1489
9313.5 80 8.94427
9314.5 108 10.3923
9315.5 111 10.5357
9316.5 107 10.3441
9317.5 107 10.3441
9318.5 118 10.8628
9319.5 107 10.3441
9320.5 101 10.0499
9321.5 109 10.4403
9322.5 94 9.69536
9323.5 106 10.2956
9324.5 125 11.1803
9325.5 106 10.2956
9326.5 95 9.74679
9327.5 107 10.3441
9328.5 112 10.583
9329.5 91 9.53939
9330.5 111 10.5357
9331.5 121 11
9332.5 103 10.1489
9333.5 101 10.0499
9334.5 97 9.84886
9335.5 115 10.7238
9336.5 105 10.247
9337.5 114 10.6771
9338.5 108 10.3923
9339.5 90 9.48683
9340.5 99 9.94987
9341.5 95 9.74679
9342.5 118 10.8628
9343.5 127 11.2694
9344.5 97 9.84886
9345.5 118 10.8628
9346.5 81 9
9347.5 120 10.9545
9348.5 89 9.43398
9349.5 101 10.0499
9350.5 107 10.3441
9351.5 96 9.79796
9352.5 98 9.89949
9353.5 107 10.3441
9354.5 106 10.2956
9355.5 112 10.583
9356.5 92 9.59166
9357.5 87 9.32738
9358.5 104 10.198
9359.5 111 10.5357
9360.5 98 9.89949
9361.5 95 9.74679
9362.5 115 10.7238
9363.5 106 10.2956
9364.5 116 10.7703
9365.5 102 10.0995
9366.5 111 10.5357
9367.5 95 9.74679
9368.5 101 10.0499
9369.5 123 11.0905
9370.5 107 10.3441
9371.5 103 10.1489
9372.5 114 10.6771
9373.5 100 10
9374.5 107 10.3441
9375.5 96 9.79796
9376.5 109 10.4403
9377.5 112 10.583
9378.5 103 10.1489
9379.5 91 9.53939
9380.5 90 9.48683
9381.5 118 10.8628
9382.5 114 10.6771
9383.5 102 10.0995
9384.5 130 11.4018
9385.5 113 10.6301
9386.5 111 10.5357
9387.5 106 10.2956
9388.5 107 10.3441
9389.5 120 10.9545
9390.5 114 10.6771
9391.5 100 10
9392.5 109 10.4403
9393.5 76 8.7178
9394.5 103 10.1489
9395.5 111 10.5357
9396.5 115 10.7238
9397.5 98 9.89949
9398.5 119 10.9087
9399.5 117 10.8167
9400.5 99 9.94987
9401.5 128 11.3137
9402.5 110 10.4881
9403.5 120 10.9545
9404.5 91 9.53939
9405.5 115 10.7238
9406.5 115 10.7238
9407.5 94 9.69536
9408.5 118 10.8628
9409.5 96 9.79796
9410.5 118 10.8628
9411.5 101 10.0499
9412.5 107 10.3441
9413.5 112 10.583
9414.5 113 10.6301
9415.5 96 9.79796
9416.5 88 9.38083
9417.5 122 11.0454
9418.5 124 11.1355
9419.5 101 10.0499
9420.5 114 10.6771
9421.5 117 10.8167
9422.5 131 11.4455
9423.5 96 9.79796
9424.5 125 11.1803
9425.5 114 10.6771
9426.5 111 10.5357
9427.5 109 10.4403
9428.5 113 10.6301
9429.5 105 10.247
9430.5 113 10.6301
9431.5 103 10.1489
9432.5 91 9.53939
9433.5 124 11.1355
9434.5 113 10.6301
9435.5 95 9.74679
9436.5 101 10.0499
9437.5 100 10
9438.5 126 11.225
9439.5 120 10.9545
9440.5 107 10.3441
9441.5 108 10.3923
9442.5 116 10.7703
9443.5 105 10.247
9444.5 124 11.1355
9445.5 125 11.1803
9446.5 94 9.69536
9447.5 117 10.8167
9448.5 123 11.0905
9449.5 117 10.8167
9450.5 117 10.8167
9451.5 115 10.7238
9452.5 111 10.5357
9453.5 120 10.9545
9454.5 115 10.7238
9455.5 136 11.6619
9456.5 113 10.6301
9457.5 125 11.1803
9458.5 100 10
9459.5 109 10.4403
9460.5 103 10.1489
9461.5 118 10.8628
9462.5 126 11.225
9463.5 126 11.225
9464.5 124 11.1355
9465.5 101 10.0499
9466.5 114 10.6771
9467.5 122 11.0454
9468.5 120 10.9545
9469.5 122 11.0454
9470.5 102 10.0995
9471.5 112 10.583
9472.5 108 10.3923
9473.5 115 10.7238
9474.5 112 10.583
9475.5 110 10.4881
9476.5 117 10.8167
9477.5 120 10.9545
9478.5 99 9.94987
9479.5 113 10.6301
9480.5 106 10.2956
9481.5 103 10.1489
9482.5 100 10
9483.5 128 11.3137
9484.5 106 10.2956
9485.5 114 10.6771
9486.5 123 11.0905
9487.5 101 10.0499
9488.5 119 10.9087
9489.5 111 10.5357
9490.5 111 10.5357
9491.5 112 10.583
9492.5 111 10.5357
9493.5 104 10.198
9494.5 112 10.583
9495.5 128 11.3137
9496.5 129 11.3578
9497.5 115 10.7238
9498.5 123 11.0905
9499.5 89 9.43398
9500.5 120 10.9545
9501.5 126 11.225
9502.5 109 10.4403
9503.5 119 10.9087
9504.5 109 10.4403
9505.5 119 10.9087
9506.5 111 10.5357
9507.5 107 10.3441
9508.5 87 9.32738
9509.5 112 10.583
9510.5 120 10.9545
9511.5 127 11.2694
9512.5 130 11.4018
9513.5 113 10.6301
9514.5 97 9.84886
9515.5 134 11.5758
9516.5 126 11.225
9517.5 126 11.225
9518.5 120 10.9545
9519.5 128 11.3137
9520.5 121 11
9521.5 134 11.5758
9522.5 108 10.3923
9523.5 110 10.4881
9524.5 116 10.7703
9525.5 104 10.198
9526.5 110 10.4881
9527.5 115 10.7238
9528.5 105 10.247
9529.5 131 11.4455
9530.5 132 11.4891
9531.5 114 10.6771
9532.5 126 11.225
9533.5 118 10.8628
9534.5 116 10.7703
9535.5 111 10.5357
9536.5 128 11.3137
9537.5 127 11.2694
9538.5 100 10
9539.5 127 11.2694
9540.5 127 11.2694
9541.5 117 10.8167
9542.5 145 12.0416
9543.5 119 10.9087
9544.5 112 10.583
9545.5 101 10.0499
9546.5 114 10.6771
9547.5 131 11.4455
9548.5 118 10.8628
9549.5 128 11.3137
9550.5 107 10.3441
9551.5 111 10.5357
9552.5 118 10.8628
9553.5 114 10.6771
9554.5 133 11.5326
9555.5 101 10.0499
9556.5 113 10.6301
9557.5 145 12.0416
9558.5 115 10.7238
9559.5 115 10.7238
9560.5 122 11.0454
9561.5 146 12.083
9562.5 137 11.7047
9563.5 140 11.8322
9564.5 132 11.4891
9565.5 107 10.3441
9566.5 127 11.2694
9567.5 115 10.7238
9568.5 114 10.6771
9569.5 123 11.0905
9570.5 128 11.3137
9571.5 114 10.6771
9572.5 136 11.6619
9573.5 126 11.225
9574.5 107 10.3441
9575.5 143 11.9583
9576.5 137 11.7047
9577.5 121 11
9578.5 128 11.3137
9579.5 111 10.5357
9580.5 120 10.9545
9581.5 114 10.6771
9582.5 140 11.8322
9583.5 106 10.2956
9584.5 119 10.9087
9585.5 126 11.225
9586.5 124 11.1355
9587.5 126 11.225
9588.5 132 11.4891
9589.5 131 11.4455
9590.5 112 10.583
9591.5 119 10.9087
9592.5 99 9.94987
9593.5 127 11.2694
9594.5 132 11.4891
9595.5 119 10.9087
9596.5 116 10.7703
9597.5 121 11
9598.5 146 12.083
9599.5 117 10.8167
9600.5 127 11.2694
9601.5 135 11.619
9602.5 126 11.225
9603.5 110 10.4881
9604.5 122 11.0454
9605.5 115 10.7238
9606.5 132 11.4891
9607.5 142 11.9164
9608.5 130 11.4018
9609.5 110 10.4881
9610.5 123 11.0905
9611.5 109 10.4403
9612.5 123 11.0905
9613.5 138 11.7473
9614.5 112 10.583
9615.5 117 10.8167
9616.5 126 11.225
9617.5 122 11.0454
9618.5 135 11.619
9619.5 121 11
9620.5 126 11.225
9621.5 128 11.3137
9622.5 123 11.0905
9623.5 149 12.2066
9624.5 134 11.5758
9625.5 117 10.8167
9626.5 109 10.4403
9627.5 128 11.3137
9628.5 122 11.0454
9629.5 112 10.583
9630.5 142 11.9164
9631.5 122 11.0454
9632.5 126 11.225
9633.5 105 10.247
9634.5 136 11.6619
9635.5 124 11.1355
9636.5 104 10.198
9637.5 102 10.0995
9638.5 153 12.3693
9639.5 109 10.4403
9640.5 129 11.3578
9641.5 127 11.2694
9642.5 125 11.1803
9643.5 154 12.4097
9644.5 131 11.4455
9645.5 134 11.5758
9646.5 102 10.0995
9647.5 111 10.5357
9648.5 129 11.3578
9649.5 136 11.6619
9650.5 120 10.9545
9651.5 132 11.4891
9652.5 110 10.4881
9653.5 124 11.1355
9654.5 101 10.0499
9655.5 133 11.5326
9656.5 138 11.7473
9657.5 118 10.8628
9658.5 114 10.6771
9659.5 134 11.5758
9660.5 120 10.9545
9661.5 125 11.1803
9662.5 140 11.8322
9663.5 128 11.3137
9664.5 136 11.6619
9665.5 113 10.6301
9666.5 131 11.4455
9667.5 133 11.5326
9668.5 155 12.4499
9669.5 130 11.4018
9670.5 114 10.6771
9671.5 122 11.0454
9672.5 137 11.7047
9673.5 124 11.1355
9674.5 124 11.1355
9675.5 112 10.583
9676.5 113 10.6301
9677.5 147 12.1244
9678.5 111 10.5357
9679.5 129 11.3578
9680.5 113 10.6301
9681.5 117 10.8167
9682.5 125 11.1803
9683.5 113 10.6301
9684.5 137 11.7047
9685.5 121 11
9686.5 130 11.4018
9687.5 137 11.7047
9688.5 146 12.083
9689.5 135 11.619
9690.5 148 12.1655
9691.5 125 11.1803
9692.5 131 11.4455
9693.5 132 11.4891
9694.5 121 11
9695.5 120 10.9545
9696.5 125 11.1803
9697.5 120 10.9545
9698.5 144 12
9699.5 124 11.1355
9700.5 137 11.7047
9701.5 152 12.3288
9702.5 128 11.3137
9703.5 127 11.2694
9704.5 132 11.4891
9705.5 128 11.3137
9706.5 133 11.5326
9707.5 118 10.8628
9708.5 136 11.6619
9709.5 163 12.7671
9710.5 127 11.2694
9711.5 132 11.4891
9712.5 130 11.4018
9713.5 143 11.9583
9714.5 127 11.2694
9715.5 124 11.1355
9716.5 114 10.6771
9717.5 141 11.8743
9718.5 115 10.7238
9719.5 136 11.6619
9720.5 148 12.1655
9721.5 120 10.9545
9722.5 138 11.7473
9723.5 141 11.8743
9724.5 133 11.5326
9725.5 132 11.4891
9726.5 136 11.6619
9727.5 118 10.8628
9728.5 138 11.7473
9729.5 124 11.1355
9730.5 129 11.3578
9731.5 135 11.619
9732.5 122 11.0454
9733.5 132 11.4891
9734.5 132 11.4891
9735.5 124 11.1355
9736.5 133 11.5326
9737.5 146 12.083
9738.5 151 12.2882
9739.5 141 11.8743
9740.5 109 10.4403
9741.5 119 10.9087
9742.5 145 12.0416
9743.5 145 12.0416
9744.5 132 11.4891
9745.5 122 11.0454
9746.5 146 12.083
9747.5 152 12.3288
9748.5 122 11.0454
9749.5 147 12.1244
9750.5 139 11.7898
9751.5 121 11
9752.5 122 11.0454
9753.5 131 11.4455
9754.5 135 11.619
9755.5 139 11.7898
9756.5 114 10.6771
9757.5 143 11.9583
9758.5 109 10.4403
9759.5 143 11.9583
9760.5 131 11.4455
9761.5 145 12.0416
9762.5 131 11.4455
9763.5 137 11.7047
9764.5 149 12.2066
9765.5 130 11.4018
9766.5 117 10.8167
9767.5 124 11.1355
9768.5 136 11.6619
9769.5 118 10.8628
9770.5 110 10.4881
9771.5 144 12
9772.5 120 10.9545
9773.5 139 11.7898
9774.5 142 11.9164
9775.5 137 11.7047
9776.5 146 12.083
9777.5 141 11.8743
9778.5 148 12.1655
9779.5 119 10.9087
9780.5 138 11.7473
9781.5 116 10.7703
9782.5 148 12.1655
9783.5 132 11.4891
9784.5 135 11.619
9785.5 123 11.0905
9786.5 118 10.8628
9787.5 128 11.3137
9788.5 113 10.6301
9789.5 141 11.8743
9790.5 127 11.2694
9791.5 135 11.619
9792.5 124 11.1355
9793.5 132 11.4891
9794.5 141 11.8743
9795.5 147 12.1244
9796.5 137 11.7047
9797.5 125 11.1803
9798.5 107 10.3441
9799.5 128 11.3137
9800.5 127 11.2694
9801.5 121 11
9802.5 127 11.2694
9803.5 139 11.7898
9804.5 128 11.3137
9805.5 87 9.32738
9806.5 135 11.619
9807.5 119 10.9087
9808.5 120 10.9545
9809.5 106 10.2956
9810.5 144 12
9811.5 108 10.3923
9812.5 105 10.247
9813.5 109 10.4403
9814.5 110 10.4881
9815.5 109 10.4403
9816.5 118 10.8628
9817.5 114 10.6771
9818.5 129 11.3578
9819.5 133 11.5326
9820.5 113 10.6301
9821.5 116 10.7703
9822.5 118 10.8628
9823.5 118 10.8628
9824.5 133 11.5326
9825.5 116 10.7703
9826.5 102 10.0995
9827.5 126 11.225
9828.5 106 10.2956
9829.5 119 10.9087
9830.5 122 11.0454
9831.5 117 10.8167
9832.5 91 9.53939
9833.5 114 10.6771
9834.5 94 9.69536
9835.5 98 9.89949
9836.5 113 10.6301
9837.5 99 9.94987
9838.5 98 9.89949
9839.5 112 10.583
9840.5 105 10.247
9841.5 107 10.3441
9842.5 118 10.8628
9843.5 109 10.4403
9844.5 102 10.0995
9845.5 93 9.64365
9846.5 112 10.583
9847.5 96 9.79796
9848.5 85 9.21954
9849.5 103 10.1489
9850.5 129 11.3578
9851.5 101 10.0499
9852.5 103 10.1489
9853.5 97 9.84886
9854.5 104 10.198
9855.5 100 10
9856.5 82 9.05539
9857.5 96 9.79796
9858.5 91 9.53939
9859.5 94 9.69536
9860.5 88 9.38083
9861.5 93 9.64365
9862.5 97 9.84886
9863.5 99 9.94987
9864.5 111 10.5357
9865.5 86 9.27362
9866.5 100 10
9867.5 90 9.48683
9868.5 91 9.53939
9869.5 102 10.0995
9870.5 90 9.48683
9871.5 91 9.53939
9872.5 87 9.32738
9873.5 104 10.198
9874.5 99 9.94987
9875.5 69 8.30662
9876.5 82 9.05539
9877.5 88 9.38083
9878.5 95 9.74679
9879.5 80 8.94427
9880.5 89 9.43398
9881.5 72 8.48528
9882.5 84 9.16515
9883.5 101 10.0499
9884.5 95 9.74679
9885.5 76 8.7178
9886.5 74 8.60233
9887.5 115 10.7238
9888.5 83 9.11043
9889.5 84 9.16515
9890.5 86 9.27362
9891.5 80 8.94427
9892.5 89 9.43398
9893.5 103 10.1489
9894.5 93 9.64365
9895.5 90 9.48683
9896.5 99 9.94987
9897.5 86 9.27362
9898.5 91 9.53939
9899.5 86 9.27362
9900.5 98 9.89949
9901.5 87 9.32738
9902.5 94 9.69536
9903.5 76 8.7178
9904.5 91 9.53939
9905.5 89 9.43398
9906.5 93 9.64365
9907.5 90 9.48683
9908.5 75 8.66025
9909.5 79 8.88819
9910.5 70 8.3666
9911.5 78 8.83176
9912.5 100 10
9913.5 99 9.94987
9914.5 93 9.64365
9915.5 100 10
9916.5 88 9.38083
9917.5 72 8.48528
9918.5 90 9.48683
9919.5 60 7.74597
9920.5 76 8.7178
9921.5 95 9.74679
9922.5 90 9.48683
9923.5 93 9.64365
9924.5 77 8.77496
9925.5 65 8.06226
9926.5 85 9.21954
9927.5 90 9.48683
9928.5 78 8.83176
9929.5 92 9.59166
9930.5 90 9.48683
9931.5 59 7.68115
9932.5 73 8.544
9933.5 91 9.53939
9934.5 99 9.94987
9935.5 83 9.11043
9936.5 80 8.94427
9937.5 97 9.84886
9938.5 85 9.21954
9939.5 73 8.544
9940.5 78 8.83176
9941.5 80 8.94427
9942.5 72 8.48528
9943.5 73 8.544
9944.5 81 9
9945.5 74 8.60233
9946.5 76 8.7178
9947.5 70 8.3666
9948.5 76 8.7178
9949.5 75 8.66025
9950.5 65 8.06226
9951.5 75 8.66025
9952.5 82 9.05539
9953.5 83 9.11043
9954.5 74 8.60233
9955.5 79 8.88819
9956.5 83 9.11043
9957.5 65 8.06226
9958.5 71 8.42615
9959.5 86 9.27362
9960.5 92 9.59166
9961.5 59 7.68115
9962.5 72 8.48528
9963.5 74 8.60233
9964.5 68 8.24621
9965.5 84 9.16515
9966.5 90 9.48683
9967.5 83 9.11043
9968.5 88 9.38083
9969.5 72 8.48528
9970.5 78 8.83176
9971.5 62 7.87401
9972.5 81 9
9973.5 99 9.94987
9974.5 67 8.18535
9975.5 82 9.05539
9976.5 80 8.94427
9977.5 67 8.18535
9978.5 72 8.48528
9979.5 77 8.77496
9980.5 74 8.60233
9981.5 56 7.48331
9982.5 81 9
9983.5 77 8.77496
9984.5 73 8.544
9985.5 83 9.11043
9986.5 79 8.88819
9987.5 74 8.60233
9988.5 64 8
9989.5 76 8.7178
9990.5 75 8.66025
9991.5 63 7.93725
9992.5 94 9.69536
9993.5 64 8
9994.5 76 8.7178
9995.5 81 9
9996.5 79 8.88819
9997.5 82 9.05539
9998.5 74 8.60233
9999.5 72 8.48528
10000.5 83 9.11043
10001.5 79 8.88819
10002.5 76 8.7178
10003.5 79 8.88819
10004.5 89 9.43398
10005.5 67 8.18535
10006.5 85 9.21954
10007.5 83 9.11043
10008.5 72 8.48528
10009.5 82 9.05539
10010.5 71 8.42615
10011.5 73 8.544
10012.5 70 8.3666
10013.5 63 7.93725
10014.5 69 8.30662
10015.5 65 8.06226
10016.5 72 8.48528
10017.5 73 8.544
10018.5 78 8.83176
10019.5 71 8.42615
10020.5 79 8.88819
10021.5 82 9.05539
10022.5 76 8.7178
10023.5 81 9
10024.5 75 8.66025
10025.5 77 8.77496
10026.5 75 8.66025
10027.5 74 8.60233
10028.5 63 7.93725
10029.5 84 9.16515
10030.5 76 8.7178
10031.5 71 8.42615
10032.5 60 7.74597
10033.5 76 8.7178
10034.5 75 8.66025
10035.5 59 7.68115
10036.5 85 9.21954
10037.5 74 8.60233
10038.5 56 7.48331
10039.5 68 8.24621
10040.5 73 8.544
10041.5 73 8.544
10042.5 77 8.77496
10043.5 89 9.43398
10044.5 77 8.77496
10045.5 76 8.7178
10046.5 60 7.74597
10047.5 72 8.48528
10048.5 73 8.544
10049.5 80 8.94427
10050.5 61 7.81025
10051.5 71 8.42615
10052.5 95 9.74679
10053.5 66 8.12404
10054.5 61 7.81025
10055.5 72 8.48528
10056.5 75 8.66025
10057.5 69 8.30662
10058.5 75 8.66025
10059.5 72 8.48528
10060.5 62 7.87401
10061.5 71 8.42615
10062.5 79 8.88819
10063.5 69 8.30662
10064.5 76 8.7178
10065.5 76 8.7178
10066.5 77 8.77496
10067.5 64 8
10068.5 65 8.06226
10069.5 93 9.64365
10070.5 83 9.11043
10071.5 80 8.94427
10072.5 65 8.06226
10073.5 67 8.18535
10074.5 73 8.544
10075.5 61 7.81025
10076.5 74 8.60233
10077.5 73 8.544
10078.5 61 7.81025
10079.5 68 8.24621
10080.5 61 7.81025
10081.5 67 8.18535
10082.5 73 8.544
10083.5 65 8.06226
10084.5 48 6.9282
10085.5 63 7.93725
10086.5 68 8.24621
10087.5 66 8.12404
10088.5 84 9.16515
10089.5 68 8.24621
10090.5 75 8.66025
10091.5 80 8.94427
10092.5 73 8.544
10093.5 75 8.66025
10094.5 62 7.87401
10095.5 64 8
10096.5 75 8.66025
10097.5 63 7.93725
10098.5 79 8.88819
10099.5 75 8.66025
10100.5 83 9.11043
10101.5 72 8.48528
10102.5 71 8.42615
10103.5 72 8.48528
10104.5 69 8.30662
10105.5 63 7.93725
10106.5 74 8.60233
10107.5 91 9.53939
10108.5 64 8
10109.5 62 7.87401
10110.5 75 8.66025
10111.5 72 8.48528
10112.5 69 8.30662
10113.5 75 8.66025
10114.5 68 8.24621
10115.5 82 9.05539
10116.5 78 8.83176
10117.5 70 8.3666
10118.5 66 8.12404
10119.5 65 8.06226
10120.5 66 8.12404
10121.5 51 7.14143
10122.5 62 7.87401
10123.5 74 8.60233
10124.5 66 8.12404
10125.5 65 8.06226
10126.5 84 9.16515
10127.5 64 8
10128.5 64 8
10129.5 69 8.30662
10130.5 57 7.54983
10131.5 64 8
10132.5 58 7.61577
10133.5 74 8.60233
10134.5 68 8.24621
10135.5 72 8.48528
10136.5 69 8.30662
10137.5 55 7.4162
10138.5 79 8.88819
10139.5 54 7.34847
10140.5 68 8.24621
10141.5 65 8.06226
10142.5 61 7.81025
10143.5 72 8.48528
10144.5 67 8.18535
10145.5 63 7.93725
10146.5 73 8.544
10147.5 68 8.24621
10148.5 56 7.48331
10149.5 61 7.81025
10150.5 74 8.60233
10151.5 63 7.93725
10152.5 80 8.94427
10153.5 62 7.87401
10154.5 65 8.06226
10155.5 67 8.18535
10156.5 66 8.12404
10157.5 56 7.48331
10158.5 61 7.81025
10159.5 85 9.21954
10160.5 82 9.05539
10161.5 59 7.68115
10162.5 60 7.74597
10163.5 59 7.68115
10164.5 62 7.87401
10165.5 54 7.34847
10166.5 74 8.60233
10167.5 64 8
10168.5 52 7.2111
10169.5 70 8.3666
10170.5 65 8.06226
10171.5 68 8.24621
10172.5 63 7.93725
10173.5 51 7.14143
10174.5 67 8.18535
10175.5 50 7.07107
10176.5 53 7.28011
10177.5 64 8
10178.5 50 7.07107
10179.5 54 7.34847
10180.5 69 8.30662
10181.5 54 7.34847
10182.5 56 7.48331
10183.5 67 8.18535
10184.5 67 8.18535
10185.5 65 8.06226
10186.5 67 8.18535
10187.5 52 7.2111
10188.5 62 7.87401
10189.5 64 8
10190.5 62 7.87401
10191.5 61 7.81025
10192.5 50 7.07107
10193.5 42 6.48074
10194.5 58 7.61577
10195.5 63 7.93725
10196.5 74 8.60233
10197.5 48 6.9282
10198.5 44 6.63325
10199.5 62 7.87401
10200.5 55 7.4162
10201.5 53 7.28011
10202.5 55 7.4162
10203.5 59 7.68115
10204.5 59 7.68115
10205.5 74 8.60233
10206.5 58 7.61577
10207.5 72 8.48528
10208.5 64 8
10209.5 42 6.48074
10210.5 51 7.14143
10211.5 57 7.54983
10212.5 57 7.54983
10213.5 65 8.06226
10214.5 76 8.7178
10215.5 58 7.61577
10216.5 55 7.4162
10217.5 60 7.74597
10218.5 49 7
10219.5 49 7
10220.5 65 8.06226
10221.5 65 8.06226
10222.5 60 7.74597
10223.5 79 8.88819
10224.5 50 7.07107
10225.5 47 6.85565
10226.5 59 7.68115
10227.5 64 8
10228.5 48 6.9282
10229.5 52 7.2111
10230.5 46 6.78233
10231.5 48 6.9282
10232.5 58 7.61577
10233.5 54 7.34847
10234.5 49 7
10235.5 74 8.60233
10236.5 56 7.48331
10237.5 65 8.06226
10238.5 59 7.68115
10239.5 46 6.78233
10240.5 48 6.9282
10241.5 69 8.30662
10242.5 47 6.85565
10243.5 47 6.85565
10244.5 44 6.63325
10245.5 48 6.9282
10246.5 59 7.68115
10247.5 52 7.2111
10248.5 60 7.74597
10249.5 50 7.07107
10250.5 50 7.07107
10251.5 51 7.14143
10252.5 64 8
10253.5 56 7.48331
10254.5 50 7.07107
10255.5 46 6.78233
10256.5 67 8.18535
10257.5 52 7.2111
10258.5 68 8.24621
10259.5 47 6.85565
10260.5 48 6.9282
10261.5 54 7.34847
10262.5 48 6.9282
10263.5 52 7.2111
10264.5 60 7.74597
10265.5 45 6.7082
10266.5 59 7.68115
10267.5 47 6.85565
10268.5 64 8
10269.5 45 6.7082
10270.5 56 7.48331
10271.5 61 7.81025
10272.5 50 7.07107
10273.5 49 7
10274.5 57 7.54983
10275.5 46 6.78233
10276.5 54 7.34847
10277.5 42 6.48074
10278.5 52 7.2111
10279.5 52 7.2111
10280.5 39 6.245
10281.5 65 8.06226
10282.5 56 7.48331
10283.5 51 7.14143
10284.5 48 6.9282
10285.5 47 6.85565
10286.5 42 6.48074
10287.5 49 7
10288.5 65 8.06226
10289.5 47 6.85565
10290.5 51 7.14143
10291.5 70 8.3666
10292.5 42 6.48074
10293.5 67 8.18535
10294.5 54 7.34847
10295.5 39 6.245
10296.5 45 6.7082
10297.5 54 7.34847
10298.5 49 7
10299.5 62 7.87401
10300.5 70 8.3666
10301.5 48 6.9282
10302.5 39 6.245
10303.5 51 7.14143
10304.5 40 6.32456
10305.5 46 6.78233
10306.5 49 7
10307.5 50 7.07107
10308.5 44 6.63325
10309.5 51 7.14143
10310.5 51 7.14143
10311.5 61 7.81025
10312.5 53 7.28011
10313.5 38 6.16441
10314.5 61 7.81025
10315.5 55 7.4162
10316.5 51 7.14143
10317.5 43 6.55744
10318.5 50 7.07107
10319.5 57 7.54983
10320.5 44 6.63325
10321.5 47 6.85565
10322.5 53 7.28011
10323.5 34 5.83095
10324.5 56 7.48331
10325.5 44 6.63325
10326.5 58 7.61577
10327.5 48 6.9282
10328.5 57 7.54983
10329.5 54 7.34847
10330.5 47 6.85565
10331.5 49 7
10332.5 50 7.07107
10333.5 53 7.28011
10334.5 48 6.9282
10335.5 49 7
10336.5 45 6.7082
10337.5 54 7.34847
10338.5 41 6.40312
10339.5 41 6.40312
10340.5 57 7.54983
10341.5 40 6.32456
10342.5 50 7.07107
10343.5 50 7.07107
10344.5 54 7.34847
10345.5 48 6.9282
10346.5 35 5.91608
10347.5 50 7.07107
10348.5 48 6.9282
10349.5 46 6.78233
10350.5 45 6.7082
10351.5 54 7.34847
10352.5 39 6.245
10353.5 54 7.34847
10354.5 44 6.63325
10355.5 30 5.47723
10356.5 40 6.32456
10357.5 61 7.81025
10358.5 41 6.40312
10359.5 39 6.245
10360.5 37 6.08276
10361.5 40 6.32456
10362.5 52 7.2111
10363.5 46 6.78233
10364.5 40 6.32456
10365.5 41 6.40312
10366.5 48 6.9282
10367.5 42 6.48074
10368.5 40 6.32456
10369.5 48 6.9282
10370.5 44 6.63325
10371.5 51 7.14143
10372.5 40 6.32456
10373.5 35 5.91608
10374.5 42 6.48074
10375.5 41 6.40312
10376.5 37 6.08276
10377.5 43 6.55744
10378.5 52 7.2111
10379.5 52 7.2111
10380.5 37 6.08276
10381.5 50 7.07107
10382.5 40 6.32456
10383.5 43 6.55744
10384.5 36 6
10385.5 42 6.48074
10386.5 32 5.65685
10387.5 43 6.55744
10388.5 34 5.83095
10389.5 34 5.83095
10390.5 41 6.40312
10391.5 35 5.91608
10392.5 42 6.48074
10393.5 47 6.85565
10394.5 42 6.48074
10395.5 55 7.4162
10396.5 31 5.56776
10397.5 27 5.19615
10398.5 42 6.48074
10399.5 52 7.2111
10400.5 34 5.83095
10401.5 46 6.78233
10402.5 48 6.9282
10403.5 32 5.65685
10404.5 30 5.47723
10405.5 43 6.55744
10406.5 42 6.48074
10407.5 41 6.40312
10408.5 30 5.47723
10409.5 44 6.63325
10410.5 36 6
10411.5 44 6.63325
10412.5 31 5.56776
10413.5 25 5
10414.5 45 6.7082
10415.5 30 5.47723
10416.5 38 6.16441
10417.5 33 5.74456
10418.5 31 5.56776
10419.5 35 5.91608
10420.5 42 6.48074
10421.5 38 6.16441
10422.5 24 4.89898
10423.5 43 6.55744
10424.5 31 5.56776
10425.5 37 6.08276
10426.5 39 6.245
10427.5 46 6.78233
10428.5 34 5.83095
10429.5 28 5.2915
10430.5 38 6.16441
10431.5 38 6.16441
10432.5 35 5.91608
10433.5 34 5.83095
10434.5 40 6.32456
10435.5 32 5.65685
10436.5 40 6.32456
10437.5 39 6.245
10438.5 34 5.83095
10439.5 27 5.19615
10440.5 23 4.79583
10441.5 38 6.16441
10442.5 28 5.2915
10443.5 41 6.40312
10444.5 40 6.32456
10445.5 33 5.74456
10446.5 25 5
10447.5 45 6.7082
10448.5 29 5.38516
10449.5 29 5.38516
10450.5 33 5.74456
10451.5 30 5.47723
10452.5 26 5.09902
10453.5 26 5.09902
10454.5 36 6
10455.5 29 5.38516
10456.5 36 6
10457.5 31 5.56776
10458.5 39 6.245
10459.5 40 6.32456
10460.5 36 6
10461.5 37 6.08276
10462.5 19 4.3589
10463.5 28 5.2915
10464.5 31 5.56776
10465.5 30 5.47723
10466.5 29 5.38516
10467.5 31 5.56776
10468.5 28 5.2915
10469.5 39 6.245
10470.5 35 5.91608
10471.5 34 5.83095
10472.5 27 5.19615
10473.5 27 5.19615
10474.5 21 4.58258
10475.5 26 5.09902
10476.5 32 5.65685
10477.5 27 5.19615
10478.5 30 5.47723
10479.5 26 5.09902
10480.5 34 5.83095
10481.5 29 5.38516
10482.5 27 5.19615
10483.5 26 5.09902
10484.5 28 5.2915
10485.5 23 4.79583
10486.5 29 5.38516
10487.5 28 5.2915
10488.5 26 5.09902
10489.5 23 4.79583
10490.5 24 4.89898
10491.5 28 5.2915
10492.5 26 5.09902
10493.5 30 5.47723
10494.5 30 5.47723
10495.5 27 5.19615
10496.5 30 5.47723
10497.5 32 5.65685
10498.5 25 5
10499.5 22 4.69042
10500.5 30 5.47723
10501.5 19 4.3589
10502.5 17 4.12311
10503.5 34 5.83095
10504.5 22 4.69042
10505.5 23 4.79583
10506.5 34 5.83095
10507.5 26 5.09902
10508.5 24 4.89898
10509.5 36 6
10510.5 24 4.89898
10511.5 26 5.09902
10512.5 27 5.19615
10513.5 23 4.79583
10514.5 28 5.2915
10515.5 20 4.47214
10516.5 28 5.2915
10517.5 28 5.2915
10518.5 25 5
10519.5 25 5
10520.5 26 5.09902
10521.5 33 5.74456
10522.5 22 4.69042
10523.5 25 5
10524.5 18 4.24264
10525.5 32 5.65685
10526.5 28 5.2915
10527.5 36 6
10528.5 22 4.69042
10529.5 30 5.47723
10530.5 17 4.12311
10531.5 22 4.69042
10532.5 28 5.2915
10533.5 18 4.24264
10534.5 25 5
10535.5 21 4.58258
10536.5 23 4.79583
10537.5 27 5.19615
10538.5 13 3.60555
10539.5 25 5
10540.5 20 4.47214
10541.5 17 4.12311
10542.5 20 4.47214
10543.5 25 5
10544.5 22 4.69042
10545.5 27 5.19615
10546.5 31 5.56776
10547.5 33 5.74456
10548.5 33 5.74456
10549.5 23 4.79583
10550.5 25 5
10551.5 21 4.58258
10552.5 18 4.24264
10553.5 30 5.47723
10554.5 27 5.19615
10555.5 33 5.74456
10556.5 20 4.47214
10557.5 17 4.12311
10558.5 15 3.87298
10559.5 22 4.69042
10560.5 34 5.83095
10561.5 18 4.24264
10562.5 26 5.09902
10563.5 18 4.24264
10564.5 26 5.09902
10565.5 27 5.19615
10566.5 15 3.87298
10567.5 18 4.24264
10568.5 24 4.89898
10569.5 20 4.47214
10570.5 27 5.19615
10571.5 22 4.69042
10572.5 24 4.89898
10573.5 22 4.69042
10574.5 24 4.89898
10575.5 29 5.38516
10576.5 22 4.69042
10577.5 23 4.79583
10578.5 23 4.79583
10579.5 20 4.47214
10580.5 14 3.74166
10581.5 29 5.38516
10582.5 31 5.56776
10583.5 20 4.47214
10584.5 18 4.24264
10585.5 15 3.87298
10586.5 19 4.3589
10587.5 20 4.47214
10588.5 16 4
10589.5 27 5.19615
10590.5 22 4.69042
10591.5 19 4.3589
10592.5 23 4.79583
10593.5 25 5
10594.5 24 4.89898
10595.5 22 4.69042
10596.5 19 4.3589
10597.5 25 5
10598.5 22 4.69042
10599.5 16 4
10600.5 17 4.12311
10601.5 24 4.89898
10602.5 18 4.24264
10603.5 23 4.79583
10604.5 21 4.58258
10605.5 18 4.24264
10606.5 20 4.47214
10607.5 25 5
10608.5 21 4.58258
10609.5 17 4.12311
10610.5 15 3.87298
10611.5 17 4.12311
10612.5 15 3.87298
10613.5 19 4.3589
10614.5 22 4.69042
10615.5 18 4.24264
10616.5 15 3.87298
10617.5 25 5
10618.5 22 4.69042
10619.5 17 4.12311
10620.5 18 4.24264
10621.5 25 5
10622.5 26 5.09902
10623.5 20 4.47214
10624.5 15 3.87298
10625.5 25 5
10626.5 24 4.89898
10627.5 22 4.69042
10628.5 21 4.58258
10629.5 23 4.79583
10630.5 17 4.12311
10631.5 24 4.89898
10632.5 19 4.3589
10633.5 25 5
10634.5 32 5.65685
10635.5 23 4.79583
10636.5 27 5.19615
10637.5 22 4.69042
10638.5 25 5
10639.5 21 4.58258
10640.5 19 4.3589
10641.5 24 4.89898
10642.5 20 4.47214
10643.5 24 4.89898
10644.5 23 4.79583
10645.5 20 4.47214
10646.5 16 4
10647.5 16 4
10648.5 27 5.19615
10649.5 21 4.58258
10650.5 19 4.3589
10651.5 28 5.2915
10652.5 17 4.12311
10653.5 22 4.69042
10654.5 20 4.47214
10655.5 21 4.58258
10656.5 20 4.47214
10657.5 17 4.12311
10658.5 23 4.79583
10659.5 12 3.4641
10660.5 25 5
10661.5 23 4.79583
10662.5 18 4.24264
10663.5 14 3.74166
10664.5 24 4.89898
10665.5 18 4.24264
10666.5 15 3.87298
10667.5 21 4.58258
10668.5 20 4.47214
10669.5 16 4
10670.5 24 4.89898
10671.5 14 3.74166
10672.5 19 4.3589
10673.5 18 4.24264
10674.5 18 4.24264
10675.5 23 4.79583
10676.5 19 4.3589
10677.5 13 3.60555
10678.5 10 3.16228
10679.5 19 4.3589
10680.5 15 3.87298
10681.5 22 4.69042
10682.5 20 4.47214
10683.5 21 4.58258
10684.5 17 4.12311
10685.5 11 3.31662
10686.5 18 4.24264
10687.5 13 3.60555
10688.5 19 4.3589
10689.5 17 4.12311
10690.5 17 4.12311
10691.5 13 3.60555
10692.5 20 4.47214
10693.5 18 4.24264
10694.5 17 4.12311
10695.5 11 3.31662
10696.5 22 4.69042
10697.5 17 4.12311
10698.5 19 4.3589
10699.5 24 4.89898
10700.5 21 4.58258
10701.5 9 3
10702.5 13 3.60555
10703.5 13 3.60555
10704.5 21 4.58258
10705.5 19 4.3589
10706.5 20 4.47214
10707.5 21 4.58258
10708.5 16 4
10709.5 13 3.60555
10710.5 17 4.12311
10711.5 16 4
10712.5 16 4
10713.5 15 3.87298
10714.5 12 3.4641
10715.5 11 3.31662
10716.5 15 3.87298
10717.5 20 4.47214
10718.5 17 4.12311
10719.5 21 4.58258
10720.5 13 3.60555
10721.5 19 4.3589
10722.5 16 4
10723.5 13 3.60555
10724.5 13 3.60555
10725.5 14 3.74166
10726.5 13 3.60555
10727.5 16 4
10728.5 17 4.12311
10729.5 16 4
10730.5 17 4.12311
10731.5 17 4.12311
10732.5 8 2.82843
10733.5 18 4.24264
10734.5 17 4.12311
10735.5 13 3.60555
10736.5 19 4.3589
10737.5 18 4.24264
10738.5 16 4
10739.5 15 3.87298
10740.5 15 3.87298
10741.5 16 4
10742.5 15 3.87298
10743.5 8 2.82843
10744.5 28 5.2915
10745.5 11 3.31662
10746.5 25 5
10747.5 16 4
10748.5 23 4.79583
10749.5 18 4.24264
10750.5 14 3.74166
10751.5 14 3.74166
10752.5 23 4.79583
10753.5 19 4.3589
10754.5 17 4.12311
10755.5 13 3.60555
10756.5 11 3.31662
10757.5 15 3.87298
10758.5 12 3.4641
10759.5 16 4
10760.5 13 3.60555
10761.5 9 3
10762.5 19 4.3589
10763.5 11 3.31662
10764.5 11 3.31662
10765.5 15 3.87298
10766.5 23 4.79583
10767.5 10 3.16228
10768.5 12 3.4641
10769.5 23 4.79583
10770.5 13 3.60555
10771.5 18 4.24264
10772.5 9 3
10773.5 11 3.31662
10774.5 22 4.69042
10775.5 8 2.82843
10776.5 12 3.4641
10777.5 10 3.16228
10778.5 15 3.87298
10779.5 20 4.47214
10780.5 25 5
10781.5 20 4.47214
10782.5 19 4.3589
10783.5 15 3.87298
10784.5 13 3.60555
10785.5 19 4.3589
10786.5 20 4.47214
10787.5 20 4.47214
10788.5 14 3.74166
10789.5 17 4.12311
10790.5 14 3.74166
10791.5 15 3.87298
10792.5 15 3.87298
10793.5 11 3.31662
10794.5 22 4.69042
10795.5 16 4
10796.5 17 4.12311
10797.5 21 4.58258
10798.5 17 4.12311
10799.5 15 3.87298
10800.5 12 3.4641
10801.5 9 3
10802.5 19 4.3589
10803.5 13 3.60555
10804.5 12 3.4641
10805.5 17 4.12311
10806.5 17 4.12311
10807.5 9 3
10808.5 14 3.74166
10809.5 14 3.74166
10810.5 10 3.16228
10811.5 14 3.74166
10812.5 15 3.87298
10813.5 10 3.16228
10814.5 16 4
10815.5 12 3.4641
10816.5 9 3
10817.5 12 3.4641
10818.5 16 4
10819.5 13 3.60555
10820.5 11 3.31662
10821.5 14 3.74166
10822.5 13 3.60555
10823.5 16 4
10824.5 8 2.82843
10825.5 14 3.74166
10826.5 18 4.24264
10827.5 12 3.4641
10828.5 17 4.12311
10829.5 14 3.74166
10830.5 13 3.60555
10831.5 14 3.74166
10832.5 17 4.12311
10833.5 20 4.47214
10834.5 19 4.3589
10835.5 11 3.31662
10836.5 9 3
10837.5 17 4.12311
10838.5 16 4
10839.5 14 3.74166
10840.5 14 3.74166
10841.5 9 3
10842.5 11 3.31662
10843.5 20 4.47214
10844.5 6 2.44949
10845.5 11 3.31662
10846.5 11 3.31662
10847.5 18 4.24264
10848.5 8 2.82843
10849.5 14 3.74166
10850.5 14 3.74166
10851.5 10 3.16228
10852.5 16 4
10853.5 10 3.16228
10854.5 12 3.4641
10855.5 15 3.87298
10856.5 11 3.31662
10857.5 9 3
10858.5 15 3.87298
10859.5 10 3.16228
10860.5 15 3.87298
10861.5 14 3.74166
10862.5 20 4.47214
10863.5 12 3.4641
10864.5 10 3.16228
10865.5 15 3.87298
10866.5 16 4
10867.5 14 3.74166
10868.5 14 3.74166
10869.5 14 3.74166
10870.5 11 3.31662
10871.5 13 3.60555
10872.5 11 3.31662
10873.5 6 2.44949
10874.5 13 3.60555
10875.5 14 3.74166
10876.5 15 3.87298
10877.5 18 4.24264
10878.5 6 2.44949
10879.5 18 4.24264
10880.5 15 3.87298
10881.5 12 3.4641
10882.5 13 3.60555
10883.5 13 3.60555
10884.5 10 3.16228
10885.5 20 4.47214
10886.5 11 3.31662
10887.5 16 4
10888.5 15 3.87298
10889.5 15 3.87298
10890.5 8 2.82843
10891.5 14 3.74166
10892.5 11 3.31662
10893.5 21 4.58258
10894.5 22 4.69042
10895.5 21 4.58258
10896.5 18 4.24264
10897.5 15 3.87298
10898.5 11 3.31662
10899.5 14 3.74166
10900.5 10 3.16228
10901.5 8 2.82843
10902.5 13 3.60555
10903.5 15 3.87298
10904.5 7 2.64575
10905.5 15 3.87298
10906.5 18 4.24264
10907.5 23 4.79583
10908.5 9 3
10909.5 11 3.31662
10910.5 15 3.87298
10911.5 14 3.74166
10912.5 10 3.16228
10913.5 12 3.4641
10914.5 13 3.60555
10915.5 13 3.60555
10916.5 13 3.60555
10917.5 11 3.31662
10918.5 10 3.16228
10919.5 9 3
10920.5 13 3.60555
10921.5 8 2.82843
10922.5 23 4.79583
10923.5 20 4.47214
10924.5 9 3
10925.5 13 3.60555
10926.5 19 4.3589
10927.5 12 3.4641
10928.5 12 3.4641
10929.5 16 4
10930.5 12 3.4641
10931.5 12 3.4641
10932.5 17 4.12311
10933.5 16 4
10934.5 17 4.12311
10935.5 11 3.31662
10936.5 16 4
10937.5 14 3.74166
10938.5 15 3.87298
10939.5 10 3.16228
10940.5 15 3.87298
10941.5 16 4
10942.5 16 4
10943.5 12 3.4641
10944.5 11 3.31662
10945.5 15 3.87298
10946.5 12 3.4641
10947.5 17 4.12311
10948.5 15 3.87298
10949.5 15 3.87298
10950.5 12 3.4641
10951.5 10 3.16228
10952.5 9 3
10953.5 15 3.87298
10954.5 11 3.31662
10955.5 8 2.82843
10956.5 12 3.4641
10957.5 13 3.60555
10958.5 14 3.74166
10959.5 18 4.24264
10960.5 11 3.31662
10961.5 20 4.47214
10962.5 11 3.31662
10963.5 11 3.31662
10964.5 11 3.31662
10965.5 17 4.12311
10966.5 16 4
10967.5 20 4.47214
10968.5 17 4.12311
10969.5 13 3.60555
10970.5 9 3
10971.5 9 3
10972.5 9 3
10973.5 13 3.60555
10974.5 17 4.12311
10975.5 15 3.87298
10976.5 14 3.74166
10977.5 13 3.60555
10978.5 13 3.60555
10979.5 17 4.12311
10980.5 21 4.58258
10981.5 16 4
10982.5 15 3.87298
10983.5 19 4.3589
10984.5 10 3.16228
10985.5 14 3.74166
10986.5 9 3
10987.5 17 4.12311
10988.5 18 4.24264
10989.5 12 3.4641
10990.5 13 3.60555
10991.5 13 3.60555
10992.5 9 3
10993.5 10 3.16228
10994.5 17 4.12311
10995.5 7 2.64575
10996.5 8 2.82843
10997.5 14 3.74166
10998.5 11 3.31662
10999.5 18 4.24264
11000.5 17 4.12311
11001.5 12 3.4641
11002.5 18 4.24264
11003.5 15 3.87298
11004.5 13 3.60555
11005.5 12 3.4641
11006.5 15 3.87298
11007.5 10 3.16228
11008.5 19 4.3589
11009.5 13 3.60555
11010.5 12 3.4641
11011.5 18 4.24264
11012.5 20 4.47214
11013.5 18 4.24264
11014.5 18 4.24264
11015.5 8 2.82843
11016.5 13 3.60555
11017.5 18 4.24264
11018.5 15 3.87298
11019.5 21 4.58258
11020.5 14 3.74166
11021.5 16 4
11022.5 14 3.74166
11023.5 16 4
11024.5 13 3.60555
11025.5 25 5
11026.5 17 4.12311
11027.5 18 4.24264
11028.5 26 5.09902
11029.5 14 3.74166
11030.5 25 5
11031.5 13 3.60555
11032.5 24 4.89898
11033.5 24 4.89898
11034.5 15 3.87298
11035.5 23 4.79583
11036.5 15 3.87298
11037.5 20 4.47214
11038.5 21 4.58258
11039.5 16 4
11040.5 21 4.58258
11041.5 27 5.19615
11042.5 20 4.47214
11043.5 22 4.69042
11044.5 25 5
11045.5 18 4.24264
11046.5 25 5
11047.5 23 4.79583
11048.5 22 4.69042
11049.5 27 5.19615
11050.5 14 3.74166
11051.5 22 4.69042
11052.5 18 4.24264
11053.5 19 4.3589
11054.5 24 4.89898
11055.5 30 5.47723
11056.5 40 6.32456
11057.5 32 5.65685
11058.5 30 5.47723
11059.5 24 4.89898
11060.5 27 5.19615
11061.5 28 5.2915
11062.5 37 6.08276
11063.5 32 5.65685
11064.5 21 4.58258
11065.5 28 5.2915
11066.5 28 5.2915
11067.5 30 5.47723
11068.5 26 5.09902
11069.5 30 5.47723
11070.5 26 5.09902
11071.5 40 6.32456
11072.5 45 6.7082
11073.5 34 5.83095
11074.5 40 6.32456
11075.5 37 6.08276
11076.5 30 5.47723
11077.5 34 5.83095
11078.5 44 6.63325
11079.5 44 6.63325
11080.5 32 5.65685
11081.5 54 7.34847
11082.5 55 7.4162
11083.5 72 8.48528
11084.5 63 7.93725
11085.5 48 6.9282
11086.5 66 8.12404
11087.5 59 7.68115
11088.5 89 9.43398
11089.5 84 9.16515
11090.5 62 7.87401
11091.5 97 9.84886
11092.5 119 10.9087
11093.5 104 10.198
11094.5 121 11
11095.5 132 11.4891
11096.5 159 12.6095
11097.5 207 14.3875
11098.5 222 14.8997
11099.5 252 15.8745
11100.5 304 17.4356
11101.5 339 18.412
11102.5 405 20.1246
11103.5 488 22.0907
11104.5 524 22.891
11105.5 601 24.5153
11106.5 744 27.2764
11107.5 800 28.2843
11108.5 897 29.95
11109.5 953 30.8707
11110.5 1154 33.9706
11111.5 1237 35.171
11112.5 1365 36.9459
11113.5 1572 39.6485
11114.5 1690 41.1096
11115.5 1846 42.9651
11116.5 2005 44.7772
11117.5 2095 45.7712
11118.5 2139 46.2493
11119.5 2285 47.8017
11120.5 2298 47.9375
11121.5 2359 48.5695
11122.5 2403 49.0204
11123.5 2448 49.4773
11124.5 2441 49.4065
11125.5 2436 49.3559
11126.5 2366 48.6415
11127.5 2350 48.4768
11128.5 2269 47.634
11129.5 2229 47.2123
11130.5 2117 46.0109
11131.5 1855 43.0697
11132.5 1767 42.0357
11133.5 1742 41.7373
11134.5 1544 39.2938
11135.5 1444 38
11136.5 1395 37.3497
11137.5 1211 34.7994
11138.5 1082 32.8938
11139.5 969 31.1288
11140.5 849 29.1376
11141.5 862 29.3598
11142.5 729 27
11143.5 670 25.8844
11144.5 565 23.7697
11145.5 557 23.6008
11146.5 496 22.2711
11147.5 450 21.2132
11148.5 421 20.5183
11149.5 343 18.5203
11150.5 373 19.3132
11151.5 322 17.9444
11152.5 293 17.1172
11153.5 277 16.6433
11154.5 302 17.3781
11155.5 276 16.6132
11156.5 246 15.6844
11157.5 247 15.7162
11158.5 204 14.2829
11159.5 186 13.6382
11160.5 186 13.6382
11161.5 191 13.8203
11162.5 179 13.3791
11163.5 170 13.0384
11164.5 163 12.7671
11165.5 151 12.2882
11166.5 121 11
11167.5 128 11.3137
11168.5 124 11.1355
11169.5 135 11.619
11170.5 99 9.94987
11171.5 108 10.3923
11172.5 128 11.3137
11173.5 84 9.16515
11174.5 84 9.16515
11175.5 101 10.0499
11176.5 83 9.11043
11177.5 69 8.30662
11178.5 81 9
11179.5 64 8
11180.5 71 8.42615
11181.5 78 8.83176
11182.5 63 7.93725
11183.5 59 7.68115
11184.5 57 7.54983
11185.5 55 7.4162
11186.5 68 8.24621
11187.5 56 7.48331
11188.5 50 7.07107
11189.5 55 7.4162
11190.5 38 6.16441
11191.5 46 6.78233
11192.5 41 6.40312
11193.5 45 6.7082
11194.5 40 6.32456
11195.5 47 6.85565
11196.5 48 6.9282
11197.5 31 5.56776
11198.5 48 6.9282
11199.5 45 6.7082
11200.5 37 6.08276
11201.5 35 5.91608
11202.5 38 6.16441
11203.5 43 6.55744
11204.5 35 5.91608
11205.5 41 6.40312
11206.5 36 6
11207.5 38 6.16441
11208.5 44 6.63325
11209.5 32 5.65685
11210.5 29 5.38516
11211.5 25 5
11212.5 36 6
11213.5 32 5.65685
11214.5 37 6.08276
11215.5 32 5.65685
11216.5 28 5.2915
11217.5 30 5.47723
11218.5 32 5.65685
11219.5 24 4.89898
11220.5 22 4.69042
11221.5 26 5.09902
11222.5 24 4.89898
11223.5 32 5.65685
11224.5 26 5.09902
11225.5 39 6.245
11226.5 26 5.09902
11227.5 24 4.89898
11228.5 13 3.60555
11229.5 22 4.69042
11230.5 20 4.47214
11231.5 22 4.69042
11232.5 17 4.12311
11233.5 23 4.79583
11234.5 25 5
11235.5 14 3.74166
11236.5 14 3.74166
11237.5 16 4
11238.5 18 4.24264
11239.5 17 4.12311
11240.5 22 4.69042
11241.5 18 4.24264
11242.5 16 4
11243.5 12 3.4641
11244.5 14 3.74166
11245.5 10 3.16228
11246.5 12 3.4641
11247.5 17 4.12311
11248.5 16 4
11249.5 20 4.47214
11250.5 14 3.74166
11251.5 8 2.82843
11252.5 17 4.12311
11253.5 11 3.31662
11254.5 21 4.58258
11255.5 19 4.3589
11256.5 12 3.4641
11257.5 12 3.4641
11258.5 2 1.41421
11259.5 10 3.16228
11260.5 8 2.82843
11261.5 14 3.74166
11262.5 9 3
11263.5 15 3.87298
11264.5 8 2.82843
11265.5 25 5
11266.5 10 3.16228
11267.5 11 3.31662
11268.5 10 3.16228
11269.5 5 2.23607
11270.5 13 3.60555
11271.5 13 3.60555
11272.5 6 2.44949
11273.5 15 3.87298
11274.5 8 2.82843
11275.5 9 3
11276.5 12 3.4641
11277.5 13 3.60555
11278.5 6 2.44949
11279.5 10 3.16228
11280.5 7 2.64575
11281.5 6 2.44949
11282.5 12 3.4641
11283.5 13 3.60555
11284.5 7 2.64575
11285.5 4 2
11286.5 7 2.64575
11287.5 12 3.4641
11288.5 5 2.23607
11289.5 11 3.31662
11290.5 9 3
11291.5 9 3
11292.5 8 2.82843
11293.5 7 2.64575
11294.5 6 2.44949
11295.5 7 2.64575
11296.5 6 2.44949
11297.5 7 2.64575
11298.5 8 2.82843
11299.5 8 2.82843
11300.5 8 2.82843
11301.5 4 2
11302.5 8 2.82843
11303.5 7 2.64575
11304.5 4 2
11305.5 4 2
11306.5 6 2.44949
11307.5 8 2.82843
11308.5 6 2.44949
11309.5 8 2.82843
11310.5 3 1.73205
11311.5 4 2
11312.5 6 2.44949
11313.5 7 2.64575
11314.5 2 1.41421
11315.5 12 3.4641
11316.5 6 2.44949
11317.5 8 2.82843
11318.5 9 3
11319.5 7 2.64575
11320.5 6 2.44949
11321.5 6 2.44949
11322.5 5 2.23607
11323.5 8 2.82843
11324.5 6 2.44949
11325.5 8 2.82843
11326.5 5 2.23607
11327.5 4 2
11328.5 6 2.44949
11329.5 6 2.44949
11330.5 8 2.82843
11331.5 8 2.82843
11332.5 5 2.23607
11333.5 6 2.44949
11334.5 3 1.73205
11335.5 7 2.64575
11336.5 10 3.16228
11337.5 5 2.23607
11338.5 8 2.82843
11339.5 5 2.23607
11340.5 5 2.23607
11341.5 9 3
11342.5 4 2
11343.5 5 2.23607
11344.5 5 2.23607
11345.5 7 2.64575
11346.5 3 1.73205
11347.5 9 3
11348.5 5 2.23607
11349.5 7 2.64575
11350.5 7 2.64575
11351.5 3 1.73205
11352.5 8 2.82843
11353.5 9 3
11354.5 4 2
11355.5 7 2.64575
11356.5 13 3.60555
11357.5 14 3.74166
11358.5 6 2.44949
11359.5 9 3
11360.5 3 1.73205
11361.5 8 2.82843
11362.5 10 3.16228
11363.5 5 2.23607
11364.5 7 2.64575
11365.5 2 1.41421
11366.5 7 2.64575
11367.5 5 2.23607
11368.5 6 2.44949
11369.5 10 3.16228
11370.5 11 3.31662
11371.5 10 3.16228
11372.5 10 3.16228
11373.5 5 2.23607
11374.5 7 2.64575
11375.5 4 2
11376.5 1 1
11377.5 4 2
11378.5 3 1.73205
11379.5 5 2.23607
11380.5 7 2.64575
11381.5 4 2
11382.5 4 2
11383.5 11 3.31662
11384.5 5 2.23607
11385.5 5 2.23607
11386.5 5 2.23607
11387.5 9 3
11388.5 4 2
11389.5 4 2
11390.5 8 2.82843
11391.5 8 2.82843
11392.5 6 2.44949
11393.5 7 2.64575
11394.5 3 1.73205
11395.5 4 2
11396.5 4 2
11397.5 10 3.16228
11398.5 4 2
11399.5 4 2
11400.5 7 2.64575
11401.5 9 3
11402.5 13 3.60555
11403.5 6 2.44949
11404.5 5 2.23607
11405.5 9 3
11406.5 10 3.16228
11407.5 11 3.31662
11408.5 14 3.74166
11409.5 15 3.87298
11410.5 14 3.74166
11411.5 18 4.24264
11412.5 10 3.16228
11413.5 20 4.47214
11414.5 16 4
11415.5 23 4.79583
11416.5 19 4.3589
11417.5 18 4.24264
11418.5 20 4.47214
11419.5 22 4.69042
11420.5 21 4.58258
11421.5 14 3.74166
11422.5 18 4.24264
11423.5 26 5.09902
11424.5 17 4.12311
11425.5 22 4.69042
11426.5 22 4.69042
11427.5 23 4.79583
11428.5 12 3.4641
11429.5 13 3.60555
11430.5 27 5.19615
11431.5 14 3.74166
11432.5 20 4.47214
11433.5 16 4
11434.5 15 3.87298
11435.5 10 3.16228
11436.5 14 3.74166
11437.5 13 3.60555
11438.5 22 4.69042
11439.5 13 3.60555
11440.5 12 3.4641
11441.5 13 3.60555
11442.5 7 2.64575
11443.5 10 3.16228
11444.5 10 3.16228
11445.5 7 2.64575
11446.5 10 3.16228
11447.5 8 2.82843
11448.5 6 2.44949
11449.5 9 3
11450.5 6 2.44949
11451.5 6 2.44949
11452.5 15 3.87298
11453.5 7 2.64575
11454.5 5 2.23607
11455.5 3 1.73205
11456.5 4 2
11457.5 8 2.82843
11458.5 7 2.64575
11459.5 7 2.64575
11460.5 7 2.64575
11461.5 3 1.73205
11462.5 7 2.64575
11463.5 4 2
11464.5 7 2.64575
11465.5 3 1.73205
11466.5 11 3.31662
11467.5 13 3.60555
11468.5 6 2.44949
11469.5 7 2.64575
11470.5 3 1.73205
11471.5 6 2.44949
11472.5 4 2
11473.5 12 3.4641
11474.5 8 2.82843
11475.5 4 2
11476.5 4 2
11477.5 6 2.44949
11478.5 5 2.23607
11479.5 8 2.82843
11480.5 7 2.64575
11481.5 7 2.64575
11482.5 7 2.64575
11483.5 8 2.82843
11484.5 6 2.44949
11485.5 3 1.73205
11486.5 5 2.23607
11487.5 9 3
11488.5 8 2.82843
11489.5 3 1.73205
11490.5 17 4.12311
11491.5 10 3.16228
11492.5 5 2.23607
11493.5 6 2.44949
11494.5 5 2.23607
11495.5 8 2.82843
11496.5 6 2.44949
11497.5 4 2
11498.5 7 2.64575
11499.5 6 2.44949
11500.5 5 2.23607
11501.5 7 2.64575
11502.5 3 1.73205
11503.5 3 1.73205
11504.5 7 2.64575
11505.5 5 2.23607
11506.5 4 2
11507.5 7 2.64575
11508.5 6 2.44949
11509.5 9 3
11510.5 6 2.44949
11511.5 4 2
11512.5 10 3.16228
11513.5 10 3.16228
11514.5 7 2.64575
11515.5 4 2
11516.5 10 3.16228
11517.5 7 2.64575
11518.5 5 2.23607
11519.5 1 1
11520.5 5 2.23607
11521.5 9 3
11522.5 6 2.44949
11523.5 5 2.23607
11524.5 4 2
11525.5 5 2.23607
11526.5 7 2.64575
11527.5 7 2.64575
11528.5 7 2.64575
11529.5 9 3
11530.5 13 3.60555
11531.5 4 2
11532.5 8 2.82843
11533.5 6 2.44949
11534.5 8 2.82843
11535.5 7 2.64575
11536.5 10 3.16228
11537.5 8 2.82843
11538.5 5 2.23607
11539.5 16 4
11540.5 10 3.16228
11541.5 5 2.23607
11542.5 7 2.64575
11543.5 7 2.64575
11544.5 6 2.44949
11545.5 4 2
11546.5 7 2.64575
11547.5 3 1.73205
11548.5 7 2.64575
11549.5 5 2.23607
11550.5 7 2.64575
11551.5 5 2.23607
11552.5 8 2.82843
11553.5 5 2.23607
11554.5 5 2.23607
11555.5 8 2.82843
11556.5 9 3
11557.5 7 2.64575
11558.5 2 1.41421
11559.5 3 1.73205
11560.5 5 2.23607
11561.5 5 2.23607
11562.5 8 2.82843
11563.5 7 2.64575
11564.5 9 3
11565.5 9 3
11566.5 8 2.82843
11567.5 7 2.64575
11568.5 4 2
11569.5 5 2.23607
11570.5 9 3
11571.5 7 2.64575
11572.5 9 3
11573.5 8 2.82843
11574.5 8 2.82843
11575.5 7 2.64575
11576.5 5 2.23607
11577.5 6 2.44949
11578.5 7 2.64575
11579.5 1 1
11580.5 5 2.23607
11581.5 10 3.16228
11582.5 9 3
11583.5 5 2.23607
11584.5 3 1.73205
11585.5 2 1.41421
11586.5 6 2.44949
11587.5 7 2.64575
11588.5 5 2.23607
11589.5 8 2.82843
11590.5 8 2.82843
11591.5 7 2.64575
11592.5 5 2.23607
11593.5 7 2.64575
11594.5 2 1.41421
11595.5 4 2
11596.5 3 1.73205
11597.5 1 1
11598.5 7 2.64575
11599.5 5 2.23607
11600.5 7 2.64575
11601.5 7 2.64575
11602.5 8 2.82843
11603.5 4 2
11604.5 10 3.16228
11605.5 5 2.23607
11606.5 3 1.73205
11607.5 8 2.82843
11608.5 8 2.82843
11609.5 3 1.73205
11610.5 2 1.41421
11611.5 7 2.64575
11612.5 6 2.44949
11613.5 2 1.41421
11614.5 3 1.73205
11615.5 7 2.64575
11616.5 6 2.44949
11617.5 6 2.44949
11618.5 3 1.73205
11619.5 10 3.16228
11620.5 9 3
11621.5 5 2.23607
11622.5 4 2
11623.5 7 2.64575
11624.5 6 2.44949
11625.5 6 2.44949
11626.5 9 3
11627.5 10 3.16228
11628.5 7 2.64575
11629.5 7 2.64575
11630.5 7 2.64575
11631.5 5 2.23607
11632.5 3 1.73205
11633.5 8 2.82843
11634.5 5 2.23607
11635.5 6 2.44949
11636.5 6 2.44949
11637.5 8 2.82843
11638.5 6 2.44949
11639.5 12 3.4641
11640.5 6 2.44949
11641.5 12 3.4641
11642.5 7 2.64575
11643.5 6 2.44949
11644.5 8 2.82843
11645.5 11 3.31662
11646.5 2 1.41421
11647.5 4 2
11648.5 7 2.64575
11649.5 6 2.44949
11650.5 6 2.44949
11651.5 7 2.64575
11652.5 4 2
11653.5 6 2.44949
11654.5 7 2.64575
11655.5 8 2.82843
11656.5 11 3.31662
11657.5 5 2.23607
11658.5 8 2.82843
11659.5 8 2.82843
11660.5 14 3.74166
11661.5 9 3
11662.5 6 2.44949
11663.5 3 1.73205
11664.5 6 2.44949
11665.5 6 2.44949
11666.5 10 3.16228
11667.5 6 2.44949
11668.5 5 2.23607
11669.5 3 1.73205
11670.5 7 2.64575
11671.5 7 2.64575
11672.5 12 3.4641
11673.5 8 2.82843
11674.5 3 1.73205
11675.5 8 2.82843
11676.5 6 2.44949
11677.5 3 1.73205
11678.5 15 3.87298
11679.5 9 3
11680.5 10 3.16228
11681.5 2 1.41421
11682.5 6 2.44949
11683.5 9 3
11684.5 7 2.64575
11685.5 7 2.64575
11686.5 8 2.82843
11687.5 5 2.23607
11688.5 2 1.41421
11689.5 5 2.23607
11690.5 7 2.64575
11691.5 7 2.64575
11692.5 5 2.23607
11693.5 4 2
11694.5 6 2.44949
11695.5 7 2.64575
11696.5 6 2.44949
11697.5 4 2
11698.5 3 1.73205
11699.5 10 3.16228
11700.5 3 1.73205
11701.5 5 2.23607
11702.5 14 3.74166
11703.5 4 2
11704.5 8 2.82843
11705.5 5 2.23607
11706.5 8 2.82843
11707.5 11 3.31662
11708.5 4 2
11709.5 4 2
11710.5 2 1.41421
11711.5 10 3.16228
11712.5 8 2.82843
11713.5 4 2
11714.5 11 3.31662
11715.5 7 2.64575
11716.5 2 1.41421
11717.5 5 2.23607
11718.5 5 2.23607
11719.5 10 3.16228
11720.5 8 2.82843
11721.5 7 2.64575
11722.5 9 3
11723.5 5 2.23607
11724.5 6 2.44949
11725.5 8 2.82843
11726.5 6 2.44949
11727.5 5 2.23607
11728.5 1 1
11729.5 5 2.23607
11730.5 6 2.44949
11731.5 7 2.64575
11732.5 6 2.44949
11733.5 5 2.23607
11734.5 5 2.23607
11735.5 10 3.16228
11736.5 9 3
11737.5 6 2.44949
11738.5 8 2.82843
11739.5 13 3.60555
11740.5 5 2.23607
11741.5 8 2.82843
11742.5 2 1.41421
11743.5 3 1.73205
11744.5 4 2
11745.5 2 1.41421
11746.5 2 1.41421
11747.5 9 3
11748.5 8 2.82843
11749.5 4 2
11750.5 2 1.41421
11751.5 8 2.82843
11752.5 8 2.82843
11753.5 4 2
11754.5 10 3.16228
11755.5 5 2.23607
11756.5 8 2.82843
11757.5 2 1.41421
11758.5 3 1.73205
11759.5 3 1.73205
11760.5 7 2.64575
11761.5 8 2.82843
11762.5 7 2.64575
11763.5 2 1.41421
11764.5 8 2.82843
11765.5 4 2
11766.5 2 1.41421
11767.5 6 2.44949
11768.5 11 3.31662
11769.5 6 2.44949
11770.5 2 1.41421
11771.5 6 2.44949
11772.5 9 3
11773.5 8 2.82843
11774.5 3 1.73205
11775.5 4 2
11776.5 9 3
11777.5 4 2
11778.5 4 2
11779.5 4 2
11780.5 9 3
11781.5 2 1.41421
11782.5 8 2.82843
11783.5 8 2.82843
11784.5 4 2
11785.5 7 2.64575
11786.5 4 2
11787.5 6 2.44949
11788.5 3 1.73205
11789.5 6 2.44949
11790.5 5 2.23607
11791.5 6 2.44949
11792.5 3 1.73205
11793.5 2 1.41421
11794.5 3 1.73205
11795.5 6 2.44949
11796.5 7 2.64575
11797.5 5 2.23607
11798.5 6 2.44949
11799.5 5 2.23607
11800.5 9 3
11801.5 9 3
11802.5 5 2.23607
11803.5 8 2.82843
11804.5 13 3.60555
11805.5 0 0
11806.5 8 2.82843
11807.5 10 3.16228
11808.5 6 2.44949
11809.5 8 2.82843
11810.5 12 3.4641
11811.5 2 1.41421
11812.5 7 2.64575
11813.5 6 2.44949
11814.5 4 2
11815.5 11 3.31662
11816.5 3 1.73205
11817.5 1 1
11818.5 8 2.82843
11819.5 9 3
11820.5 8 2.82843
11821.5 3 1.73205
11822.5 9 3
11823.5 11 3.31662
11824.5 8 2.82843
11825.5 8 2.82843
11826.5 9 3
11827.5 5 2.23607
11828.5 5 2.23607
11829.5 9 3
11830.5 4 2
11831.5 8 2.82843
11832.5 6 2.44949
11833.5 9 3
11834.5 6 2.44949
11835.5 3 1.73205
11836.5 7 2.64575
11837.5 7 2.64575
11838.5 5 2.23607
11839.5 7 2.64575
11840.5 3 1.73205
11841.5 10 3.16228
11842.5 15 3.87298
11843.5 4 2
11844.5 5 2.23607
11845.5 6 2.44949
11846.5 5 2.23607
11847.5 6 2.44949
11848.5 8 2.82843
11849.5 9 3
11850.5 11 3.31662
11851.5 5 2.23607
11852.5 11 3.31662
11853.5 10 3.16228
11854.5 8 2.82843
11855.5 5 2.23607
11856.5 9 3
11857.5 5 2.23607
11858.5 5 2.23607
11859.5 3 1.73205
11860.5 7 2.64575
11861.5 8 2.82843
11862.5 7 2.64575
11863.5 5 2.23607
11864.5 8 2.82843
11865.5 6 2.44949
11866.5 7 2.64575
11867.5 6 2.44949
11868.5 7 2.64575
11869.5 7 2.64575
11870.5 7 2.64575
11871.5 10 3.16228
11872.5 4 2
11873.5 5 2.23607
11874.5 6 2.44949
11875.5 13 3.60555
11876.5 3 1.73205
11877.5 5 2.23607
11878.5 7 2.64575
11879.5 4 2
11880.5 7 2.64575
11881.5 7 2.64575
11882.5 5 2.23607
11883.5 8 2.82843
11884.5 13 3.60555
11885.5 4 2
11886.5 6 2.44949
11887.5 5 2.23607
11888.5 5 2.23607
11889.5 9 3
11890.5 5 2.23607
11891.5 15 3.87298
11892.5 10 3.16228
11893.5 5 2.23607
11894.5 5 2.23607
11895.5 3 1.73205
11896.5 4 2
11897.5 6 2.44949
11898.5 9 3
11899.5 1 1
11900.5 5 2.23607
11901.5 6 2.44949
11902.5 10 3.16228
11903.5 7 2.64575
11904.5 5 2.23607
11905.5 8 2.82843
11906.5 4 2
11907.5 10 3.16228
11908.5 5 2.23607
11909.5 8 2.82843
11910.5 8 2.82843
11911.5 9 3
11912.5 7 2.64575
11913.5 6 2.44949
11914.5 4 2
11915.5 4 2
11916.5 9 3
11917.5 4 2
11918.5 4 2
11919.5 4 2
11920.5 8 2.82843
11921.5 6 2.44949
11922.5 8 2.82843
11923.5 12 3.4641
11924.5 7 2.64575
11925.5 2 1.41421
11926.5 7 2.64575
11927.5 4 2
11928.5 8 2.82843
11929.5 6 2.44949
11930.5 9 3
11931.5 5 2.23607
11932.5 6 2.44949
11933.5 4 2
11934.5 7 2.64575
11935.5 6 2.44949
11936.5 4 2
11937.5 11 3.31662
11938.5 4 2
11939.5 4 2
11940.5 7 2.64575
11941.5 3 1.73205
11942.5 12 3.4641
11943.5 7 2.64575
11944.5 7 2.64575
11945.5 4 2
11946.5 5 2.23607
11947.5 6 2.44949
11948.5 6 2.44949
11949.5 6 2.44949
11950.5 7 2.64575
11951.5 9 3
11952.5 8 2.82843
11953.5 7 2.64575
11954.5 7 2.64575
11955.5 4 2
11956.5 6 2.44949
11957.5 6 2.44949
11958.5 6 2.44949
11959.5 3 1.73205
11960.5 4 2
11961.5 4 2
11962.5 5 2.23607
11963.5 2 1.41421
11964.5 9 3
11965.5 4 2
11966.5 6 2.44949
11967.5 8 2.82843
11968.5 2 1.41421
11969.5 3 1.73205
11970.5 6 2.44949
11971.5 7 2.64575
11972.5 6 2.44949
11973.5 4 2
11974.5 5 2.23607
11975.5 4 2
11976.5 8 2.82843
11977.5 8 2.82843
11978.5 5 2.23607
11979.5 7 2.64575
11980.5 7 2.64575
11981.5 7 2.64575
11982.5 5 2.23607
11983.5 8 2.82843
11984.5 11 3.31662
11985.5 5 2.23607
11986.5 6 2.44949
11987.5 4 2
11988.5 5 2.23607
11989.5 10 3.16228
11990.5 10 3.16228
11991.5 7 2.64575
11992.5 8 2.82843
11993.5 13 3.60555
11994.5 8 2.82843
11995.5 1 1
11996.5 5 2.23607
11997.5 9 3
11998.5 2 1.41421
11999.5 9 3
12000.5 2 1.41421
12001.5 8 2.82843
12002.5 5 2.23607
12003.5 8 2.82843
12004.5 7 2.64575
12005.5 4 2
12006.5 9 3
12007.5 5 2.23607
12008.5 5 2.23607
12009.5 7 2.64575
12010.5 2 1.41421
12011.5 10 3.16228
12012.5 9 3
12013.5 3 1.73205
12014.5 9 3
12015.5 8 2.82843
12016.5 6 2.44949
12017.5 12 3.4641
12018.5 2 1.41421
12019.5 8 2.82843
12020.5 4 2
12021.5 6 2.44949
12022.5 3 1.73205
12023.5 6 2.44949
12024.5 5 2.23607
12025.5 3 1.73205
12026.5 6 2.44949
12027.5 7 2.64575
12028.5 2 1.41421
12029.5 10 3.16228
12030.5 7 2.64575
12031.5 9 3
12032.5 5 2.23607
12033.5 4 2
12034.5 6 2.44949
12035.5 6 2.44949
12036.5 3 1.73205
12037.5 5 2.23607
12038.5 11 3.31662
12039.5 8 2.82843
12040.5 7 2.64575
12041.5 4 2
12042.5 8 2.82843
12043.5 7 2.64575
12044.5 4 2
12045.5 8 2.82843
12046.5 4 2
12047.5 2 1.41421
12048.5 3 1.73205
12049.5 5 2.23607
12050.5 6 2.44949
12051.5 6 2.44949
12052.5 13 3.60555
12053.5 4 2
12054.5 7 2.64575
12055.5 4 2
12056.5 7 2.64575
12057.5 2 1.41421
12058.5 5 2.23607
12059.5 6 2.44949
12060.5 4 2
12061.5 5 2.23607
12062.5 9 3
12063.5 6 2.44949
12064.5 5 2.23607
12065.5 5 2.23607
12066.5 5 2.23607
12067.5 8 2.82843
12068.5 9 3
12069.5 7 2.64575
12070.5 9 3
12071.5 8 2.82843
12072.5 2 1.41421
12073.5 3 1.73205
12074.5 9 3
12075.5 9 3
12076.5 4 2
12077.5 14 3.74166
12078.5 8 2.82843
12079.5 16 4
12080.5 4 2
12081.5 4 2
12082.5 11 3.31662
12083.5 4 2
12084.5 10 3.16228
12085.5 10 3.16228
12086.5 4 2
12087.5 5 2.23607
12088.5 12 3.4641
12089.5 12 3.4641
12090.5 13 3.60555
12091.5 3 1.73205
12092.5 6 2.44949
12093.5 8 2.82843
12094.5 9 3
12095.5 4 2
12096.5 3 1.73205
12097.5 12 3.4641
12098.5 3 1.73205
12099.5 6 2.44949
12100.5 0 0
12101.5 8 2.82843
12102.5 10 3.16228
12103.5 5 2.23607
12104.5 6 2.44949
12105.5 8 2.82843
12106.5 5 2.23607
12107.5 7 2.64575
12108.5 13 3.60555
12109.5 6 2.44949
12110.5 5 2.23607
12111.5 5 2.23607
12112.5 5 2.23607
12113.5 8 2.82843
12114.5 5 2.23607
12115.5 4 2
12116.5 6 2.44949
12117.5 9 3
12118.5 10 3.16228
12119.5 8 2.82843
12120.5 5 2.23607
12121.5 8 2.82843
12122.5 7 2.64575
12123.5 9 3
12124.5 15 3.87298
12125.5 6 2.44949
12126.5 9 3
12127.5 12 3.4641
12128.5 8 2.82843
12129.5 10 3.16228
12130.5 5 2.23607
12131.5 8 2.82843
12132.5 5 2.23607
12133.5 9 3
12134.5 10 3.16228
12135.5 9 3
12136.5 6 2.44949
12137.5 6 2.44949
12138.5 4 2
12139.5 5 2.23607
12140.5 9 3
12141.5 6 2.44949
12142.5 5 2.23607
12143.5 5 2.23607
12144.5 6 2.44949
12145.5 4 2
12146.5 2 1.41421
12147.5 10 3.16228
12148.5 5 2.23607
12149.5 7 2.64575
12150.5 9 3
12151.5 6 2.44949
12152.5 12 3.4641
12153.5 9 3
12154.5 6 2.44949
12155.5 11 3.31662
12156.5 3 1.73205
12157.5 5 2.23607
12158.5 7 2.64575
12159.5 3 1.73205
12160.5 7 2.64575
12161.5 6 2.44949
12162.5 3 1.73205
12163.5 9 3
12164.5 6 2.44949
12165.5 6 2.44949
12166.5 9 3
12167.5 7 2.64575
12168.5 10 3.16228
12169.5 10 3.16228
12170.5 7 2.64575
12171.5 7 2.64575
12172.5 4 2
12173.5 10 3.16228
12174.5 6 2.44949
12175.5 6 2.44949
12176.5 6 2.44949
12177.5 11 3.31662
12178.5 12 3.4641
12179.5 6 2.44949
12180.5 7 2.64575
12181.5 2 1.41421
12182.5 12 3.4641
12183.5 7 2.64575
12184.5 12 3.4641
12185.5 8 2.82843
12186.5 7 2.64575
12187.5 4 2
12188.5 8 2.82843
12189.5 6 2.44949
12190.5 4 2
12191.5 3 1.73205
12192.5 15 3.87298
12193.5 8 2.82843
12194.5 4 2
12195.5 10 3.16228
12196.5 7 2.64575
12197.5 7 2.64575
12198.5 9 3
12199.5 10 3.16228
12200.5 10 3.16228
12201.5 6 2.44949
12202.5 5 2.23607
12203.5 4 2
12204.5 8 2.82843
12205.5 7 2.64575
12206.5 6 2.44949
12207.5 3 1.73205
12208.5 7 2.64575
12209.5 6 2.44949
12210.5 7 2.64575
12211.5 2 1.41421
12212.5 9 3
12213.5 6 2.44949
12214.5 0 0
12215.5 6 2.44949
12216.5 5 2.23607
12217.5 5 2.23607
12218.5 7 2.64575
12219.5 2 1.41421
12220.5 6 2.44949
12221.5 11 3.31662
12222.5 4 2
12223.5 7 2.64575
12224.5 10 3.16228
12225.5 4 2
12226.5 6 2.44949
12227.5 7 2.64575
12228.5 3 1.73205
12229.5 6 2.44949
12230.5 10 3.16228
12231.5 11 3.31662
12232.5 7 2.64575
12233.5 8 2.82843
12234.5 5 2.23607
12235.5 4 2
12236.5 4 2
12237.5 11 3.31662
12238.5 10 3.16228
12239.5 7 2.64575
12240.5 6 2.44949
12241.5 8 2.82843
12242.5 10 3.16228
12243.5 5 2.23607
12244.5 5 2.23607
12245.5 5 2.23607
12246.5 2 1.41421
12247.5 9 3
12248.5 6 2.44949
12249.5 12 3.4641
12250.5 11 3.31662
12251.5 10 3.16228
12252.5 6 2.44949
12253.5 8 2.82843
12254.5 6 2.44949
12255.5 7 2.64575
12256.5 9 3
12257.5 6 2.44949
12258.5 5 2.23607
12259.5 7 2.64575
12260.5 9 3
12261.5 6 2.44949
12262.5 7 2.64575
12263.5 3 1.73205
12264.5 8 2.82843
12265.5 7 2.64575
12266.5 9 3
12267.5 3 1.73205
12268.5 9 3
12269.5 9 3
12270.5 5 2.23607
12271.5 4 2
12272.5 17 4.12311
12273.5 8 2.82843
12274.5 10 3.16228
12275.5 6 2.44949
12276.5 10 3.16228
12277.5 8 2.82843
12278.5 2 1.41421
12279.5 6 2.44949
12280.5 5 2.23607
12281.5 7 2.64575
12282.5 8 2.82843
12283.5 4 2
12284.5 8 2.82843
12285.5 6 2.44949
12286.5 7 2.64575
12287.5 10 3.16228
12288.5 7 2.64575
12289.5 6 2.44949
12290.5 10 3.16228
12291.5 4 2
12292.5 7 2.64575
12293.5 3 1.73205
12294.5 6 2.44949
12295.5 7 2.64575
12296.5 7 2.64575
12297.5 8 2.82843
12298.5 2 1.41421
12299.5 6 2.44949
12300.5 3 1.73205
12301.5 6 2.44949
12302.5 6 2.44949
12303.5 4 2
12304.5 6 2.44949
12305.5 7 2.64575
12306.5 11 3.31662
12307.5 7 2.64575
12308.5 2 1.41421
12309.5 3 1.73205
12310.5 4 2
12311.5 6 2.44949
12312.5 10 3.16228
12313.5 4 2
12314.5 4 2
12315.5 9 3
12316.5 6 2.44949
12317.5 8 2.82843
12318.5 6 2.44949
12319.5 4 2
12320.5 6 2.44949
12321.5 6 2.44949
12322.5 10 3.16228
12323.5 9 3
12324.5 6 2.44949
12325.5 12 3.4641
12326.5 6 2.44949
12327.5 10 3.16228
12328.5 6 2.44949
12329.5 6 2.44949
12330.5 3 1.73205
12331.5 3 1.73205
12332.5 15 3.87298
12333.5 7 2.64575
12334.5 6 2.44949
12335.5 7 2.64575
12336.5 7 2.64575
12337.5 6 2.44949
12338.5 5 2.23607
12339.5 10 3.16228
12340.5 6 2.44949
12341.5 6 2.44949
12342.5 8 2.82843
12343.5 8 2.82843
12344.5 3 1.73205
12345.5 12 3.4641
12346.5 7 2.64575
12347.5 8 2.82843
12348.5 4 2
12349.5 6 2.44949
12350.5 8 2.82843
12351.5 8 2.82843
12352.5 13 3.60555
12353.5 6 2.44949
12354.5 6 2.44949
12355.5 10 3.16228
12356.5 6 2.44949
12357.5 6 2.44949
12358.5 9 3
12359.5 10 3.16228
12360.5 7 2.64575
12361.5 11 3.31662
12362.5 6 2.44949
12363.5 10 3.16228
12364.5 4 2
12365.5 11 3.31662
12366.5 8 2.82843
12367.5 8 2.82843
12368.5 5 2.23607
12369.5 6 2.44949
12370.5 5 2.23607
12371.5 5 2.23607
12372.5 8 2.82843
12373.5 7 2.64575
12374.5 8 2.82843
12375.5 3 1.73205
12376.5 10 3.16228
12377.5 10 3.16228
12378.5 5 2.23607
12379.5 6 2.44949
12380.5 11 3.31662
12381.5 11 3.31662
12382.5 3 1.73205
12383.5 7 2.64575
12384.5 6 2.44949
12385.5 6 2.44949
12386.5 7 2.64575
12387.5 10 3.16228
12388.5 7 2.64575
12389.5 7 2.64575
12390.5 5 2.23607
12391.5 5 2.23607
12392.5 5 2.23607
12393.5 8 2.82843
12394.5 8 2.82843
12395.5 8 2.82843
12396.5 8 2.82843
12397.5 2 1.41421
12398.5 13 3.60555
12399.5 9 3
12400.5 7 2.64575
12401.5 5 2.23607
12402.5 4 2
12403.5 3 1.73205
12404.5 11 3.31662
12405.5 9 3
12406.5 8 2.82843
12407.5 4 2
12408.5 7 2.64575
12409.5 8 2.82843
12410.5 5 2.23607
12411.5 4 2
12412.5 7 2.64575
12413.5 5 2.23607
12414.5 8 2.82843
12415.5 9 3
12416.5 6 2.44949
12417.5 4 2
12418.5 11 3.31662
12419.5 12 3.4641
12420.5 4 2
12421.5 10 3.16228
12422.5 8 2.82843
12423.5 4 2
12424.5 10 3.16228
12425.5 12 3.4641
12426.5 8 2.82843
12427.5 3 1.73205
12428.5 10 3.16228
12429.5 11 3.31662
12430.5 6 2.44949
12431.5 10 3.16228
12432.5 8 2.82843
12433.5 8 2.82843
12434.5 8 2.82843
12435.5 7 2.64575
12436.5 6 2.44949
12437.5 10 3.16228
12438.5 3 1.73205
12439.5 6 2.44949
12440.5 9 3
12441.5 7 2.64575
12442.5 5 2.23607
12443.5 6 2.44949
12444.5 6 2.44949
12445.5 4 2
12446.5 6 2.44949
12447.5 6 2.44949
12448.5 10 3.16228
12449.5 4 2
12450.5 10 3.16228
12451.5 6 2.44949
12452.5 7 2.64575
12453.5 6 2.44949
12454.5 10 3.16228
12455.5 3 1.73205
12456.5 4 2
12457.5 16 4
12458.5 7 2.64575
12459.5 6 2.44949
12460.5 8 2.82843
12461.5 10 3.16228
12462.5 14 3.74166
12463.5 6 2.44949
12464.5 7 2.64575
12465.5 7 2.64575
12466.5 8 2.82843
12467.5 7 2.64575
12468.5 6 2.44949
12469.5 5 2.23607
12470.5 4 2
12471.5 4 2
12472.5 8 2.82843
12473.5 7 2.64575
12474.5 11 3.31662
12475.5 13 3.60555
12476.5 10 3.16228
12477.5 4 2
12478.5 3 1.73205
12479.5 2 1.41421
12480.5 8 2.82843
12481.5 10 3.16228
12482.5 5 2.23607
12483.5 7 2.64575
12484.5 6 2.44949
12485.5 9 3
12486.5 6 2.44949
12487.5 3 1.73205
12488.5 10 3.16228
12489.5 5 2.23607
12490.5 4 2
12491.5 9 3
12492.5 9 3
12493.5 4 2
12494.5 13 3.60555
12495.5 6 2.44949
12496.5 5 2.23607
12497.5 3 1.73205
12498.5 13 3.60555
12499.5 6 2.44949
12500.5 4 2
12501.5 8 2.82843
12502.5 6 2.44949
12503.5 15 3.87298
12504.5 10 3.16228
12505.5 10 3.16228
12506.5 3 1.73205
12507.5 11 3.31662
12508.5 8 2.82843
12509.5 6 2.44949
12510.5 8 2.82843
12511.5 10 3.16228
12512.5 15 3.87298
12513.5 6 2.44949
12514.5 5 2.23607
12515.5 4 2
12516.5 10 3.16228
12517.5 7 2.64575
12518.5 12 3.4641
12519.5 6 2.44949
12520.5 5 2.23607
12521.5 4 2
12522.5 5 2.23607
12523.5 5 2.23607
12524.5 6 2.44949
12525.5 1 1
12526.5 7 2.64575
12527.5 5 2.23607
12528.5 3 1.73205
12529.5 9 3
12530.5 7 2.64575
12531.5 7 2.64575
12532.5 7 2.64575
12533.5 12 3.4641
12534.5 8 2.82843
12535.5 9 3
12536.5 12 3.4641
12537.5 9 3
12538.5 1 1
12539.5 4 2
12540.5 5 2.23607
12541.5 4 2
12542.5 3 1.73205
12543.5 5 2.23607
12544.5 8 2.82843
12545.5 10 3.16228
12546.5 8 2.82843
12547.5 5 2.23607
12548.5 5 2.23607
12549.5 8 2.82843
12550.5 3 1.73205
12551.5 7 2.64575
12552.5 4 2
12553.5 8 2.82843
12554.5 8 2.82843
12555.5 6 2.44949
12556.5 11 3.31662
12557.5 9 3
12558.5 7 2.64575
12559.5 8 2.82843
12560.5 6 2.44949
12561.5 7 2.64575
12562.5 5 2.23607
12563.5 10 3.16228
12564.5 10 3.16228
12565.5 3 1.73205
12566.5 8 2.82843
12567.5 12 3.4641
12568.5 11 3.31662
12569.5 6 2.44949
12570.5 7 2.64575
12571.5 4 2
12572.5 8 2.82843
12573.5 7 2.64575
12574.5 7 2.64575
12575.5 3 1.73205
12576.5 5 2.23607
12577.5 3 1.73205
12578.5 14 3.74166
12579.5 8 2.82843
12580.5 13 3.60555
12581.5 8 2.82843
12582.5 7 2.64575
12583.5 6 2.44949
12584.5 7 2.64575
12585.5 6 2.44949
12586.5 11 3.31662
12587.5 10 3.16228
12588.5 1 1
12589.5 3 1.73205
12590.5 10 3.16228
12591.5 3 1.73205
12592.5 7 2.64575
12593.5 4 2
12594.5 7 2.64575
12595.5 4 2
12596.5 6 2.44949
12597.5 8 2.82843
12598.5 7 2.64575
12599.5 11 3.31662
12600.5 6 2.44949
12601.5 9 3
12602.5 7 2.64575
12603.5 5 2.23607
12604.5 8 2.82843
12605.5 7 2.64575
12606.5 11 3.31662
12607.5 11 3.31662
12608.5 5 2.23607
12609.5 11 3.31662
12610.5 1 1
12611.5 6 2.44949
12612.5 10 3.16228
12613.5 11 3.31662
12614.5 11 3.31662
12615.5 6 2.44949
12616.5 9 3
12617.5 9 3
12618.5 7 2.64575
12619.5 7 2.64575
12620.5 7 2.64575
12621.5 9 3
12622.5 7 2.64575
12623.5 9 3
12624.5 11 3.31662
12625.5 5 2.23607
12626.5 16 4
12627.5 5 2.23607
12628.5 10 3.16228
12629.5 7 2.64575
12630.5 6 2.44949
12631.5 8 2.82843
12632.5 5 2.23607
12633.5 6 2.44949
12634.5 4 2
12635.5 8 2.82843
12636.5 7 2.64575
12637.5 8 2.82843
12638.5 13 3.60555
12639.5 4 2
12640.5 8 2.82843
12641.5 10 3.16228
12642.5 12 3.4641
12643.5 14 3.74166
12644.5 5 2.23607
12645.5 8 2.82843
12646.5 5 2.23607
12647.5 6 2.44949
12648.5 8 2.82843
12649.5 5 2.23607
12650.5 7 2.64575
12651.5 14 3.74166
12652.5 5 2.23607
12653.5 10 3.16228
12654.5 10 3.16228
12655.5 8 2.82843
12656.5 15 3.87298
12657.5 11 3.31662
12658.5 4 2
12659.5 10 3.16228
12660.5 5 2.23607
12661.5 6 2.44949
12662.5 5 2.23607
12663.5 6 2.44949
12664.5 9 3
12665.5 3 1.73205
12666.5 8 2.82843
12667.5 4 2
12668.5 13 3.60555
12669.5 10 3.16228
12670.5 11 3.31662
12671.5 9 3
12672.5 4 2
12673.5 7 2.64575
12674.5 9 3
12675.5 10 3.16228
12676.5 13 3.60555
12677.5 8 2.82843
12678.5 9 3
12679.5 3 1.73205
12680.5 8 2.82843
12681.5 10 3.16228
12682.5 7 2.64575
12683.5 7 2.64575
12684.5 9 3
12685.5 11 3.31662
12686.5 7 2.64575
12687.5 5 2.23607
12688.5 4 2
12689.5 7 2.64575
12690.5 9 3
12691.5 6 2.44949
12692.5 10 3.16228
12693.5 6 2.44949
12694.5 15 3.87298
12695.5 5 2.23607
12696.5 5 2.23607
12697.5 11 3.31662
12698.5 6 2.44949
12699.5 6 2.44949
12700.5 3 1.73205
12701.5 11 3.31662
12702.5 11 3.31662
12703.5 3 1.73205
12704.5 6 2.44949
12705.5 6 2.44949
12706.5 10 3.16228
12707.5 9 3
12708.5 9 3
12709.5 5 2.23607
12710.5 11 3.31662
12711.5 3 1.73205
12712.5 10 3.16228
12713.5 9 3
12714.5 8 2.82843
12715.5 12 3.4641
12716.5 3 1.73205
12717.5 7 2.64575
12718.5 7 2.64575
12719.5 9 3
12720.5 9 3
12721.5 8 2.82843
12722.5 6 2.44949
12723.5 6 2.44949
12724.5 6 2.44949
12725.5 8 2.82843
12726.5 11 3.31662
12727.5 6 2.44949
12728.5 8 2.82843
12729.5 7 2.64575
12730.5 13 3.60555
12731.5 8 2.82843
12732.5 7 2.64575
12733.5 4 2
12734.5 9 3
12735.5 9 3
12736.5 5 2.23607
12737.5 8 2.82843
12738.5 11 3.31662
12739.5 6 2.44949
12740.5 3 1.73205
12741.5 6 2.44949
12742.5 8 2.82843
12743.5 7 2.64575
12744.5 8 2.82843
12745.5 9 3
12746.5 10 3.16228
12747.5 17 4.12311
12748.5 5 2.23607
12749.5 11 3.31662
12750.5 12 3.4641
12751.5 7 2.64575
12752.5 9 3
12753.5 10 3.16228
12754.5 7 2.64575
12755.5 5 2.23607
12756.5 5 2.23607
12757.5 3 1.73205
12758.5 7 2.64575
12759.5 8 2.82843
12760.5 5 2.23607
12761.5 6 2.44949
12762.5 4 2
12763.5 8 2.82843
12764.5 8 2.82843
12765.5 10 3.16228
12766.5 11 3.31662
12767.5 7 2.64575
12768.5 10 3.16228
12769.5 6 2.44949
12770.5 9 3
12771.5 7 2.64575
12772.5 12 3.4641
12773.5 8 2.82843
12774.5 9 3
12775.5 7 2.64575
12776.5 5 2.23607
12777.5 4 2
12778.5 9 3
12779.5 4 2
12780.5 8 2.82843
12781.5 9 3
12782.5 7 2.64575
12783.5 6 2.44949
12784.5 7 2.64575
12785.5 11 3.31662
12786.5 11 3.31662
12787.5 7 2.64575
12788.5 8 2.82843
12789.5 3 1.73205
12790.5 4 2
12791.5 8 2.82843
12792.5 7 2.64575
12793.5 8 2.82843
12794.5 7 2.64575
12795.5 8 2.82843
12796.5 8 2.82843
12797.5 9 3
12798.5 9 3
12799.5 5 2.23607
12800.5 7 2.64575
12801.5 4 2
12802.5 2 1.41421
12803.5 3 1.73205
12804.5 6 2.44949
12805.5 5 2.23607
12806.5 12 3.4641
12807.5 10 3.16228
12808.5 12 3.4641
12809.5 12 3.4641
12810.5 9 3
12811.5 7 2.64575
12812.5 8 2.82843
12813.5 9 3
12814.5 11 3.31662
12815.5 4 2
12816.5 7 2.64575
12817.5 5 2.23607
12818.5 8 2.82843
12819.5 8 2.82843
12820.5 11 3.31662
12821.5 6 2.44949
12822.5 5 2.23607
12823.5 14 3.74166
12824.5 11 3.31662
12825.5 4 2
12826.5 7 2.64575
12827.5 5 2.23607
12828.5 3 1.73205
12829.5 10 3.16228
12830.5 7 2.64575
12831.5 9 3
12832.5 4 2
12833.5 9 3
12834.5 8 2.82843
12835.5 4 2
12836.5 11 3.31662
12837.5 11 3.31662
12838.5 4 2
12839.5 9 3
12840.5 6 2.44949
12841.5 14 3.74166
12842.5 10 3.16228
12843.5 8 2.82843
12844.5 5 2.23607
12845.5 7 2.64575
12846.5 10 3.16228
12847.5 5 2.23607
12848.5 7 2.64575
12849.5 11 3.31662
12850.5 5 2.23607
12851.5 10 3.16228
12852.5 13 3.60555
12853.5 6 2.44949
12854.5 9 3
12855.5 7 2.64575
12856.5 10 3.16228
12857.5 9 3
12858.5 8 2.82843
12859.5 5 2.23607
12860.5 6 2.44949
12861.5 10 3.16228
12862.5 6 2.44949
12863.5 2 1.41421
12864.5 9 3
12865.5 7 2.64575
12866.5 5 2.23607
12867.5 10 3.16228
12868.5 6 2.44949
12869.5 3 1.73205
12870.5 5 2.23607
12871.5 8 2.82843
12872.5 6 2.44949
12873.5 10 3.16228
12874.5 8 2.82843
12875.5 6 2.44949
12876.5 6 2.44949
12877.5 5 2.23607
12878.5 7 2.64575
12879.5 7 2.64575
12880.5 3 1.73205
12881.5 6 2.44949
12882.5 6 2.44949
12883.5 8 2.82843
12884.5 2 1.41421
12885.5 5 2.23607
12886.5 13 3.60555
12887.5 7 2.64575
12888.5 9 3
12889.5 5 2.23607
12890.5 11 3.31662
12891.5 8 2.82843
12892.5 3 1.73205
12893.5 8 2.82843
12894.5 8 2.82843
12895.5 5 2.23607
12896.5 10 3.16228
12897.5 5 2.23607
12898.5 11 3.31662
12899.5 6 2.44949
12900.5 9 3
12901.5 10 3.16228
12902.5 10 3.16228
12903.5 11 3.31662
12904.5 4 2
12905.5 7 2.64575
12906.5 8 2.82843
12907.5 6 2.44949
12908.5 9 3
12909.5 11 3.31662
12910.5 7 2.64575
12911.5 10 3.16228
12912.5 8 2.82843
12913.5 11 3.31662
12914.5 8 2.82843
12915.5 2 1.41421
12916.5 8 2.82843
12917.5 4 2
12918.5 6 2.44949
12919.5 10 3.16228
12920.5 6 2.44949
12921.5 10 3.16228
12922.5 8 2.82843
12923.5 4 2
12924.5 12 3.4641
12925.5 4 2
12926.5 12 3.4641
12927.5 8 2.82843
12928.5 6 2.44949
12929.5 5 2.23607
12930.5 6 2.44949
12931.5 2 1.41421
12932.5 7 2.64575
12933.5 8 2.82843
12934.5 3 1.73205
12935.5 7 2.64575
12936.5 5 2.23607
12937.5 5 2.23607
12938.5 9 3
12939.5 4 2
12940.5 12 3.4641
12941.5 6 2.44949
12942.5 4 2
12943.5 8 2.82843
12944.5 10 3.16228
12945.5 2 1.41421
12946.5 10 3.16228
12947.5 10 3.16228
12948.5 9 3
12949.5 6 2.44949
12950.5 6 2.44949
12951.5 5 2.23607
12952.5 9 3
12953.5 7 2.64575
12954.5 8 2.82843
12955.5 11 3.31662
12956.5 4 2
12957.5 9 3
12958.5 4 2
12959.5 6 2.44949
12960.5 4 2
12961.5 7 2.64575
12962.5 5 2.23607
12963.5 6 2.44949
12964.5 11 3.31662
12965.5 9 3
12966.5 6 2.44949
12967.5 9 3
12968.5 9 3
12969.5 15 3.87298
12970.5 8 2.82843
12971.5 7 2.64575
12972.5 3 1.73205
12973.5 6 2.44949
12974.5 6 2.44949
12975.5 7 2.64575
12976.5 4 2
12977.5 7 2.64575
12978.5 3 1.73205
12979.5 9 3
12980.5 5 2.23607
12981.5 11 3.31662
12982.5 8 2.82843
12983.5 5 2.23607
12984.5 6 2.44949
12985.5 5 2.23607
12986.5 11 3.31662
12987.5 6 2.44949
12988.5 10 3.16228
12989.5 7 2.64575
12990.5 5 2.23607
12991.5 7 2.64575
12992.5 5 2.23607
12993.5 5 2.23607
12994.5 7 2.64575
12995.5 6 2.44949
12996.5 10 3.16228
12997.5 8 2.82843
12998.5 7 2.64575
12999.5 8 2.82843
13000.5 5 2.23607
13001.5 5 2.23607
13002.5 6 2.44949
13003.5 8 2.82843
13004.5 9 3
13005.5 6 2.44949
13006.5 8 2.82843
13007.5 3 1.73205
13008.5 9 3
13009.5 11 3.31662
13010.5 1 1
13011.5 4 2
13012.5 4 2
13013.5 2 1.41421
13014.5 8 2.82843
13015.5 2 1.41421
13016.5 7 2.64575
13017.5 2 1.41421
13018.5 4 2
13019.5 1 1
13020.5 7 2.64575
13021.5 6 2.44949
13022.5 5 2.23607
13023.5 6 2.44949
13024.5 6 2.44949
13025.5 7 2.64575
13026.5 5 2.23607
13027.5 4 2
13028.5 7 2.64575
13029.5 4 2
13030.5 8 2.82843
13031.5 3 1.73205
13032.5 8 2.82843
13033.5 4 2
13034.5 5 2.23607
13035.5 8 2.82843
13036.5 5 2.23607
13037.5 5 2.23607
13038.5 4 2
13039.5 3 1.73205
13040.5 6 2.44949
13041.5 5 2.23607
13042.5 3 1.73205
13043.5 2 1.41421
13044.5 5 2.23607
13045.5 8 2.82843
13046.5 7 2.64575
13047.5 8 2.82843
13048.5 5 2.23607
13049.5 7 2.64575
13050.5 7 2.64575
13051.5 8 2.82843
13052.5 6 2.44949
13053.5 5 2.23607
13054.5 8 2.82843
13055.5 5 2.23607
13056.5 8 2.82843
13057.5 7 2.64575
13058.5 6 2.44949
13059.5 8 2.82843
13060.5 3 1.73205
13061.5 6 2.44949
13062.5 4 2
13063.5 11 3.31662
13064.5 3 1.73205
13065.5 6 2.44949
13066.5 6 2.44949
13067.5 5 2.23607
13068.5 8 2.82843
13069.5 7 2.64575
13070.5 5 2.23607
13071.5 8 2.82843
13072.5 8 2.82843
13073.5 7 2.64575
13074.5 5 2.23607
13075.5 5 2.23607
13076.5 3 1.73205
13077.5 9 3
13078.5 9 3
13079.5 3 1.73205
13080.5 8 2.82843
13081.5 5 2.23607
13082.5 7 2.64575
13083.5 6 2.44949
13084.5 4 2
13085.5 4 2
13086.5 3 1.73205
13087.5 7 2.64575
13088.5 4 2
13089.5 9 3
13090.5 5 2.23607
13091.5 4 2
13092.5 6 2.44949
13093.5 3 1.73205
13094.5 5 2.23607
13095.5 4 2
13096.5 5 2.23607
13097.5 8 2.82843
13098.5 5 2.23607
13099.5 8 2.82843
13100.5 6 2.44949
13101.5 4 2
13102.5 15 3.87298
13103.5 6 2.44949
13104.5 4 2
13105.5 1 1
13106.5 5 2.23607
13107.5 6 2.44949
13108.5 9 3
13109.5 5 2.23607
13110.5 4 2
13111.5 4 2
13112.5 5 2.23607
13113.5 1 1
13114.5 8 2.82843
13115.5 7 2.64575
13116.5 6 2.44949
13117.5 4 2
13118.5 10 3.16228
13119.5 3 1.73205
13120.5 9 3
13121.5 5 2.23607
13122.5 3 1.73205
13123.5 2 1.41421
13124.5 7 2.64575
13125.5 2 1.41421
13126.5 5 2.23607
13127.5 6 2.44949
13128.5 4 2
13129.5 4 2
13130.5 5 2.23607
13131.5 5 2.23607
13132.5 6 2.44949
13133.5 4 2
13134.5 4 2
13135.5 6 2.44949
13136.5 2 1.41421
13137.5 7 2.64575
13138.5 8 2.82843
13139.5 6 2.44949
13140.5 5 2.23607
13141.5 4 2
13142.5 2 1.41421
13143.5 6 2.44949
13144.5 6 2.44949
13145.5 5 2.23607
13146.5 4 2
13147.5 7 2.64575
13148.5 5 2.23607
13149.5 8 2.82843
13150.5 5 2.23607
13151.5 5 2.23607
13152.5 4 2
13153.5 7 2.64575
13154.5 6 2.44949
13155.5 5 2.23607
13156.5 6 2.44949
13157.5 5 2.23607
13158.5 5 2.23607
13159.5 5 2.23607
13160.5 7 2.64575
13161.5 4 2
13162.5 4 2
13163.5 4 2
13164.5 6 2.44949
13165.5 4 2
13166.5 4 2
13167.5 2 1.41421
13168.5 4 2
13169.5 5 2.23607
13170.5 6 2.44949
13171.5 7 2.64575
13172.5 7 2.64575
13173.5 3 1.73205
13174.5 3 1.73205
13175.5 4 2
13176.5 5 2.23607
13177.5 8 2.82843
13178.5 8 2.82843
13179.5 5 2.23607
13180.5 5 2.23607
13181.5 8 2.82843
13182.5 4 2
13183.5 5 2.23607
13184.5 2 1.41421
13185.5 5 2.23607
13186.5 7 2.64575
13187.5 10 3.16228
13188.5 8 2.82843
13189.5 2 1.41421
13190.5 4 2
13191.5 5 2.23607
13192.5 2 1.41421
13193.5 2 1.41421
13194.5 8 2.82843
13195.5 7 2.64575
13196.5 3 1.73205
13197.5 8 2.82843
13198.5 4 2
13199.5 5 2.23607
13200.5 5 2.23607
13201.5 10 3.16228
13202.5 5 2.23607
13203.5 3 1.73205
13204.5 6 2.44949
13205.5 5 2.23607
13206.5 5 2.23607
13207.5 4 2
13208.5 4 2
13209.5 9 3
13210.5 9 3
13211.5 4 2
13212.5 3 1.73205
13213.5 3 1.73205
13214.5 5 2.23607
13215.5 6 2.44949
13216.5 3 1.73205
13217.5 7 2.64575
13218.5 7 2.64575
13219.5 4 2
13220.5 4 2
13221.5 8 2.82843
13222.5 3 1.73205
13223.5 7 2.64575
13224.5 3 1.73205
13225.5 6 2.44949
13226.5 4 2
13227.5 4 2
13228.5 5 2.23607
13229.5 9 3
13230.5 5 2.23607
13231.5 3 1.73205
13232.5 6 2.44949
13233.5 5 2.23607
13234.5 6 2.44949
13235.5 3 1.73205
13236.5 7 2.64575
13237.5 6 2.44949
13238.5 6 2.44949
13239.5 2 1.41421
13240.5 9 3
13241.5 7 2.64575
13242.5 4 2
13243.5 9 3
13244.5 2 1.41421
13245.5 11 3.31662
13246.5 6 2.44949
13247.5 6 2.44949
13248.5 5 2.23607
13249.5 5 2.23607
13250.5 3 1.73205
13251.5 4 2
13252.5 5 2.23607
13253.5 3 1.73205
13254.5 7 2.64575
13255.5 6 2.44949
13256.5 4 2
13257.5 6 2.44949
13258.5 5 2.23607
13259.5 5 2.23607
13260.5 4 2
13261.5 2 1.41421
13262.5 3 1.73205
13263.5 8 2.82843
13264.5 2 1.41421
13265.5 3 1.73205
13266.5 7 2.64575
13267.5 3 1.73205
13268.5 4 2
13269.5 9 3
13270.5 4 2
13271.5 4 2
13272.5 4 2
13273.5 9 3
13274.5 1 1
13275.5 3 1.73205
13276.5 3 1.73205
13277.5 5 2.23607
13278.5 5 2.23607
13279.5 7 2.64575
13280.5 7 2.64575
13281.5 3 1.73205
13282.5 6 2.44949
13283.5 7 2.64575
13284.5 4 2
13285.5 8 2.82843
13286.5 7 2.64575
13287.5 2 1.41421
13288.5 8 2.82843
13289.5 9 3
13290.5 6 2.44949
13291.5 6 2.44949
13292.5 3 1.73205
13293.5 2 1.41421
13294.5 3 1.73205
13295.5 2 1.41421
13296.5 4 2
13297.5 3 1.73205
13298.5 3 1.73205
13299.5 7 2.64575
13300.5 2 1.41421
13301.5 2 1.41421
13302.5 4 2
13303.5 6 2.44949
13304.5 7 2.64575
13305.5 6 2.44949
13306.5 8 2.82843
13307.5 7 2.64575
13308.5 10 3.16228
13309.5 5 2.23607
13310.5 4 2
13311.5 5 2.23607
13312.5 6 2.44949
13313.5 5 2.23607
13314.5 4 2
13315.5 7 2.64575
13316.5 7 2.64575
13317.5 9 3
13318.5 5 2.23607
13319.5 4 2
13320.5 7 2.64575
13321.5 6 2.44949
13322.5 9 3
13323.5 9 3
13324.5 7 2.64575
13325.5 10 3.16228
13326.5 7 2.64575
13327.5 6 2.44949
13328.5 4 2
13329.5 5 2.23607
13330.5 4 2
13331.5 7 2.64575
13332.5 3 1.73205
13333.5 4 2
13334.5 7 2.64575
13335.5 6 2.44949
13336.5 4 2
13337.5 10 3.16228
13338.5 3 1.73205
13339.5 4 2
13340.5 2 1.41421
13341.5 10 3.16228
13342.5 5 2.23607
13343.5 6 2.44949
13344.5 9 3
13345.5 3 1.73205
13346.5 3 1.73205
13347.5 2 1.41421
13348.5 3 1.73205
13349.5 2 1.41421
13350.5 5 2.23607
13351.5 1 1
13352.5 2 1.41421
13353.5 3 1.73205
13354.5 6 2.44949
13355.5 4 2
13356.5 3 1.73205
13357.5 5 2.23607
13358.5 4 2
13359.5 7 2.64575
13360.5 6 2.44949
13361.5 4 2
13362.5 3 1.73205
13363.5 2 1.41421
13364.5 5 2.23607
13365.5 3 1.73205
13366.5 5 2.23607
13367.5 7 2.64575
13368.5 2 1.41421
13369.5 6 2.44949
13370.5 4 2
13371.5 2 1.41421
13372.5 2 1.41421
13373.5 7 2.64575
13374.5 6 2.44949
13375.5 5 2.23607
13376.5 2 1.41421
13377.5 2 1.41421
13378.5 3 1.73205
13379.5 3 1.73205
13380.5 5 2.23607
13381.5 5 2.23607
13382.5 7 2.64575
13383.5 1 1
13384.5 4 2
13385.5 5 2.23607
13386.5 4 2
13387.5 4 2
13388.5 4 2
13389.5 7 2.64575
13390.5 6 2.44949
13391.5 4 2
13392.5 3 1.73205
13393.5 3 1.73205
13394.5 6 2.44949
13395.5 6 2.44949
13396.5 3 1.73205
13397.5 3 1.73205
13398.5 3 1.73205
13399.5 6 2.44949
13400.5 6 2.44949
13401.5 3 1.73205
13402.5 6 2.44949
13403.5 3 1.73205
13404.5 4 2
13405.5 3 1.73205
13406.5 9 3
13407.5 5 2.23607
13408.5 3 1.73205
13409.5 2 1.41421
13410.5 5 2.23607
13411.5 6 2.44949
13412.5 6 2.44949
13413.5 5 2.23607
13414.5 6 2.44949
13415.5 5 2.23607
13416.5 6 2.44949
13417.5 7 2.64575
13418.5 4 2
13419.5 7 2.64575
13420.5 6 2.44949
13421.5 8 2.82843
13422.5 4 2
13423.5 6 2.44949
13424.5 8 2.82843
13425.5 4 2
13426.5 3 1.73205
13427.5 7 2.64575
13428.5 8 2.82843
13429.5 2 1.41421
13430.5 7 2.64575
13431.5 8 2.82843
13432.5 5 2.23607
13433.5 7 2.64575
13434.5 9 3
13435.5 2 1.41421
13436.5 7 2.64575
13437.5 3 1.73205
13438.5 3 1.73205
13439.5 6 2.44949
13440.5 6 2.44949
13441.5 5 2.23607
13442.5 3 1.73205
13443.5 2 1.41421
13444.5 2 1.41421
13445.5 5 2.23607
13446.5 4 2
13447.5 8 2.82843
13448.5 5 2.23607
13449.5 6 2.44949
13450.5 2 1.41421
13451.5 0 0
13452.5 3 1.73205
13453.5 3 1.73205
13454.5 1 1
13455.5 5 2.23607
13456.5 3 1.73205
13457.5 8 2.82843
13458.5 2 1.41421
13459.5 8 2.82843
13460.5 3 1.73205
13461.5 4 2
13462.5 2 1.41421
13463.5 3 1.73205
13464.5 5 2.23607
13465.5 4 2
13466.5 2 1.41421
13467.5 5 2.23607
13468.5 5 2.23607
13469.5 1 1
13470.5 2 1.41421
13471.5 6 2.44949
13472.5 5 2.23607
13473.5 5 2.23607
13474.5 5 2.23607
13475.5 7 2.64575
13476.5 1 1
13477.5 4 2
13478.5 2 1.41421
13479.5 4 2
13480.5 5 2.23607
13481.5 3 1.73205
13482.5 3 1.73205
13483.5 5 2.23607
13484.5 2 1.41421
13485.5 3 1.73205
13486.5 6 2.44949
13487.5 7 2.64575
13488.5 1 1
13489.5 3 1.73205
13490.5 4 2
13491.5 2 1.41421
13492.5 6 2.44949
13493.5 3 1.73205
13494.5 3 1.73205
13495.5 2 1.41421
13496.5 3 1.73205
13497.5 4 2
13498.5 3 1.73205
13499.5 5 2.23607
13500.5 2 1.41421
13501.5 3 1.73205
13502.5 5 2.23607
13503.5 2 1.41421
13504.5 1 1
13505.5 2 1.41421
13506.5 3 1.73205
13507.5 3 1.73205
13508.5 5 2.23607
13509.5 1 1
13510.5 4 2
13511.5 0 0
13512.5 3 1.73205
13513.5 3 1.73205
13514.5 5 2.23607
13515.5 5 2.23607
13516.5 4 2
13517.5 3 1.73205
13518.5 4 2
13519.5 1 1
13520.5 5 2.23607
13521.5 4 2
13522.5 2 1.41421
13523.5 3 1.73205
13524.5 6 2.44949
13525.5 1 1
13526.5 3 1.73205
13527.5 6 2.44949
13528.5 2 1.41421
13529.5 1 1
13530.5 0 0
13531.5 4 2
13532.5 2 1.41421
13533.5 3 1.73205
13534.5 2 1.41421
13535.5 6 2.44949
13536.5 5 2.23607
13537.5 6 2.44949
13538.5 1 1
13539.5 5 2.23607
13540.5 6 2.44949
13541.5 1 1
13542.5 3 1.73205
13543.5 2 1.41421
13544.5 2 1.41421
13545.5 1 1
13546.5 3 1.73205
13547.5 3 1.73205
13548.5 2 1.41421
13549.5 5 2.23607
13550.5 2 1.41421
13551.5 4 2
13552.5 3 1.73205
13553.5 6 2.44949
13554.5 1 1
13555.5 2 1.41421
13556.5 2 1.41421
13557.5 2 1.41421
13558.5 4 2
13559.5 4 2
13560.5 4 2
13561.5 1 1
13562.5 3 1.73205
13563.5 3 1.73205
13564.5 2 1.41421
13565.5 2 1.41421
13566.5 1 1
13567.5 2 1.41421
13568.5 4 2
13569.5 1 1
13570.5 2 1.41421
13571.5 1 1
13572.5 3 1.73205
13573.5 3 1.73205
13574.5 3 1.73205
13575.5 0 0
13576.5 1 1
13577.5 0 0
13578.5 5 2.23607
13579.5 4 2
13580.5 5 2.23607
13581.5 1 1
13582.5 4 2
13583.5 2 1.41421
13584.5 1 1
13585.5 3 1.73205
13586.5 1 1
13587.5 3 1.73205
13588.5 4 2
13589.5 1 1
13590.5 3 1.73205
13591.5 6 2.44949
13592.5 3 1.73205
13593.5 3 1.73205
13594.5 5 2.23607
13595.5 3 1.73205
13596.5 4 2
13597.5 5 2.23607
13598.5 2 1.41421
13599.5 2 1.41421
13600.5 2 1.41421
13601.5 2 1.41421
13602.5 2 1.41421
13603.5 0 0
13604.5 2 1.41421
13605.5 4 2
13606.5 1 1
13607.5 2 1.41421
13608.5 3 1.73205
13609.5 1 1
13610.5 2 1.41421
13611.5 4 2
13612.5 2 1.41421
13613.5 2 1.41421
13614.5 3 1.73205
13615.5 2 1.41421
13616.5 4 2
13617.5 3 1.73205
13618.5 4 2
13619.5 2 1.41421
13620.5 1 1
13621.5 4 2
13622.5 1 1
13623.5 3 1.73205
13624.5 3 1.73205
13625.5 0 0
13626.5 3 1.73205
13627.5 7 2.64575
13628.5 3 1.73205
13629.5 0 0
13630.5 5 2.23607
13631.5 3 1.73205
13632.5 1 1
13633.5 2 1.41421
13634.5 1 1
13635.5 2 1.41421
13636.5 6 2.44949
13637.5 3 1.73205
13638.5 6 2.44949
13639.5 2 1.41421
13640.5 3 1.73205
13641.5 5 2.23607
13642.5 1 1
13643.5 2 1.41421
13644.5 1 1
13645.5 0 0
13646.5 4 2
13647.5 5 2.23607
13648.5 2 1.41421
13649.5 2 1.41421
13650.5 3 1.73205
13651.5 2 1.41421
13652.5 1 1
13653.5 3 1.73205
13654.5 3 1.73205
13655.5 1 1
13656.5 1 1
13657.5 2 1.41421
13658.5 1 1
13659.5 3 1.73205
13660.5 2 1.41421
13661.5 1 1
13662.5 1 1
13663.5 1 1
13664.5 1 1
13665.5 3 1.73205
13666.5 2 1.41421
13667.5 3 1.73205
13668.5 3 1.73205
13669.5 2 1.41421
13670.5 0 0
13671.5 2 1.41421
13672.5 0 0
13673.5 0 0
13674.5 1 1
13675.5 2 1.41421
13676.5 1 1
13677.5 2 1.41421
13678.5 0 0
13679.5 2 1.41421
13680.5 2 1.41421
13681.5 1 1
13682.5 1 1
13683.5 4 2
13684.5 1 1
13685.5 4 2
13686.5 0 0
13687.5 2 1.41421
13688.5 5 2.23607
13689.5 0 0
13690.5 1 1
13691.5 1 1
13692.5 1 1
13693.5 1 1
13694.5 3 1.73205
13695.5 1 1
13696.5 2 1.41421
13697.5 2 1.41421
13698.5 0 0
13699.5 3 1.73205
13700.5 1 1
13701.5 1 1
13702.5 2 1.41421
13703.5 2 1.41421
13704.5 2 1.41421
13705.5 1 1
13706.5 3 1.73205
13707.5 3 1.73205
13708.5 0 0
13709.5 2 1.41421
13710.5 1 1
13711.5 2 1.41421
13712.5 2 1.41421
13713.5 0 0
13714.5 1 1
13715.5 1 1
13716.5 2 1.41421
13717.5 8 2.82843
13718.5 4 2
13719.5 1 1
13720.5 0 0
13721.5 2 1.41421
13722.5 6 2.44949
13723.5 3 1.73205
13724.5 5 2.23607
13725.5 3 1.73205
13726.5 4 2
13727.5 0 0
13728.5 0 0
13729.5 2 1.41421
13730.5 1 1
13731.5 1 1
13732.5 2 1.41421
13733.5 0 0
13734.5 4 2
13735.5 2 1.41421
13736.5 2 1.41421
13737.5 2 1.41421
13738.5 2 1.41421
13739.5 3 1.73205
13740.5 2 1.41421
13741.5 1 1
13742.5 1 1
13743.5 0 0
13744.5 3 1.73205
13745.5 0 0
13746.5 2 1.41421
13747.5 2 1.41421
13748.5 7 2.64575
13749.5 0 0
13750.5 0 0
13751.5 3 1.73205
13752.5 1 1
13753.5 1 1
13754.5 5 2.23607
13755.5 2 1.41421
13756.5 1 1
13757.5 3 1.73205
13758.5 3 1.73205
13759.5 1 1
13760.5 4 2
13761.5 0 0
13762.5 3 1.73205
13763.5 1 1
13764.5 0 0
13765.5 3 1.73205
13766.5 2 1.41421
13767.5 0 0
13768.5 0 0
13769.5 3 1.73205
13770.5 3 1.73205
13771.5 1 1
13772.5 2 1.41421
13773.5 0 0
13774.5 3 1.73205
13775.5 2 1.41421
13776.5 0 0
13777.5 0 0
13778.5 2 1.41421
13779.5 0 0
13780.5 0 0
13781.5 2 1.41421
13782.5 3 1.73205
13783.5 0 0
13784.5 0 0
13785.5 1 1
13786.5 0 0
13787.5 1 1
13788.5 1 1
13789.5 4 2
13790.5 0 0
13791.5 2 1.41421
13792.5 1 1
13793.5 0 0
13794.5 0 0
13795.5 1 1
13796.5 0 0
13797.5 1 1
13798.5 1 1
13799.5 2 1.41421
13800.5 1 1
13801.5 0 0
13802.5 4 2
13803.5 1 1
13804.5 2 1.41421
13805.5 1 1
13806.5 1 1
13807.5 2 1.41421
13808.5 2 1.41421
13809.5 1 1
13810.5 2 1.41421
13811.5 1 1
13812.5 2 1.41421
13813.5 1 1
13814.5 0 0
13815.5 4 2
13816.5 2 1.41421
13817.5 2 1.41421
13818.5 1 1
13819.5 2 1.41421
13820.5 3 1.73205
13821.5 1 1
13822.5 3 1.73205
13823.5 1 1
13824.5 0 0
13825.5 4 2
13826.5 1 1
13827.5 1 1
13828.5 2 1.41421
13829.5 2 1.41421
13830.5 4 2
13831.5 1 1
13832.5 2 1.41421
13833.5 1 1
13834.5 4 2
13835.5 1 1
13836.5 3 1.73205
13837.5 0 0
13838.5 2 1.41421
13839.5 3 1.73205
13840.5 2 1.41421
13841.5 2 1.41421
13842.5 2 1.41421
13843.5 0 0
13844.5 1 1
13845.5 2 1.41421
13846.5 1 1
13847.5 3 1.73205
13848.5 4 2
13849.5 2 1.41421
13850.5 0 0
13851.5 2 1.41421
13852.5 1 1
13853.5 0 0
13854.5 0 0
13855.5 0 0
13856.5 1 1
13857.5 2 1.41421
13858.5 0 0
13859.5 1 1
13860.5 1 1
13861.5 1 1
13862.5 3 1.73205
13863.5 2 1.41421
13864.5 4 2
13865.5 1 1
13866.5 4 2
13867.5 0 0
13868.5 1 1
13869.5 1 1
13870.5 2 1.41421
13871.5 1 1
13872.5 2 1.41421
13873.5 3 1.73205
13874.5 3 1.73205
13875.5 6 2.44949
13876.5 3 1.73205
13877.5 3 1.73205
13878.5 1 1
13879.5 6 2.44949
13880.5 8 2.82843
13881.5 3 1.73205
13882.5 4 2
13883.5 7 2.64575
13884.5 9 3
13885.5 3 1.73205
13886.5 7 2.64575
13887.5 4 2
13888.5 5 2.23607
13889.5 3 1.73205
13890.5 2 1.41421
13891.5 4 2
13892.5 6 2.44949
13893.5 1 1
13894.5 1 1
13895.5 3 1.73205
13896.5 2 1.41421
13897.5 3 1.73205
13898.5 2 1.41421
13899.5 4 2
13900.5 9 3
13901.5 5 2.23607
13902.5 1 1
13903.5 1 1
13904.5 2 1.41421
13905.5 3 1.73205
13906.5 0 0
13907.5 5 2.23607
13908.5 1 1
13909.5 2 1.41421
13910.5 3 1.73205
13911.5 1 1
13912.5 3 1.73205
13913.5 3 1.73205
13914.5 2 1.41421
13915.5 1 1
13916.5 0 0
13917.5 0 0
13918.5 1 1
13919.5 2 1.41421
13920.5 1 1
13921.5 2 1.41421
13922.5 0 0
13923.5 3 1.73205
13924.5 1 1
13925.5 1 1
13926.5 0 0
13927.5 1 1
13928.5 0 0
13929.5 0 0
13930.5 3 1.73205
13931.5 0 0
13932.5 3 1.73205
13933.5 2 1.41421
13934.5 1 1
13935.5 1 1
13936.5 1 1
13937.5 1 1
13938.5 2 1.41421
13939.5 1 1
13940.5 2 1.41421
13941.5 1 1
13942.5 3 1.73205
13943.5 0 0
13944.5 0 0
13945.5 4 2
13946.5 1 1
13947.5 1 1
13948.5 2 1.41421
13949.5 1 1
13950.5 2 1.41421
13951.5 2 1.41421
13952.5 2 1.41421
13953.5 5 2.23607
13954.5 0 0
13955.5 1 1
13956.5 4 2
13957.5 4 2
13958.5 0 0
13959.5 1 1
13960.5 1 1
13961.5 1 1
13962.5 2 1.41421
13963.5 3 1.73205
13964.5 1 1
13965.5 2 1.41421
13966.5 1 1
13967.5 1 1
13968.5 1 1
13969.5 0 0
13970.5 0 0
13971.5 3 1.73205
13972.5 1 1
13973.5 0 0
13974.5 2 1.41421
13975.5 2 1.41421
13976.5 1 1
13977.5 1 1
13978.5 2 1.41421
13979.5 0 0
13980.5 4 2
13981.5 1 1
13982.5 0 0
13983.5 0 0
13984.5 3 1.73205
13985.5 2 1.41421
13986.5 0 0
13987.5 2 1.41421
13988.5 1 1
13989.5 1 1
13990.5 1 1
13991.5 1 1
13992.5 0 0
13993.5 3 1.73205
13994.5 1 1
13995.5 1 1
13996.5 2 1.41421
13997.5 0 0
13998.5 2 1.41421
13999.5 0 0
14000.5 1 1
14001.5 1 1
14002.5 1 1
14003.5 0 0
14004.5 1 1
14005.5 2 1.41421
14006.5 2 1.41421
14007.5 2 1.41421
14008.5 0 0
14009.5 0 0
14010.5 3 1.73205
14011.5 2 1.41421
14012.5 1 1
14013.5 2 1.41421
14014.5 0 0
14015.5 3 1.73205
14016.5 0 0
14017.5 1 1
14018.5 1 1
14019.5 0 0
14020.5 2 1.41421
14021.5 1 1
14022.5 4 2
14023.5 0 0
14024.5 2 1.41421
14025.5 0 0
14026.5 1 1
14027.5 2 1.41421
14028.5 0 0
14029.5 0 0
14030.5 1 1
14031.5 3 1.73205
14032.5 4 2
14033.5 1 1
14034.5 0 0
14035.5 0 0
14036.5 1 1
14037.5 1 1
14038.5 1 1
14039.5 1 1
14040.5 1 1
14041.5 1 1
14042.5 1 1
14043.5 3 1.73205
14044.5 0 0
14045.5 2 1.41421
14046.5 2 1.41421
14047.5 2 1.41421
14048.5 1 1
14049.5 0 0
14050.5 1 1
14051.5 0 0
14052.5 2 1.41421
14053.5 0 0
14054.5 0 0
14055.5 1 1
14056.5 0 0
14057.5 1 1
14058.5 3 1.73205
14059.5 1 1
14060.5 1 1
14061.5 4 2
14062.5 3 1.73205
14063.5 1 1
14064.5 0 0
14065.5 1 1
14066.5 2 1.41421
14067.5 2 1.41421
14068.5 2 1.41421
14069.5 1 1
14070.5 0 0
14071.5 0 0
14072.5 1 1
14073.5 2 1.41421
14074.5 1 1
14075.5 2 1.41421
14076.5 0 0
14077.5 0 0
14078.5 0 0
14079.5 2 1.41421
14080.5 2 1.41421
14081.5 0 0
14082.5 2 1.41421
14083.5 1 1
14084.5 1 1
14085.5 1 1
14086.5 0 0
14087.5 1 1
14088.5 2 1.41421
14089.5 2 1.41421
14090.5 2 1.41421
14091.5 2 1.41421
14092.5 4 2
14093.5 0 0
14094.5 1 1
14095.5 2 1.41421
14096.5 0 0
14097.5 1 1
14098.5 0 0
14099.5 1 1
14100.5 0 0
14101.5 1 1
14102.5 1 1
14103.5 2 1.41421
14104.5 1 1
14105.5 2 1.41421
14106.5 2 1.41421
14107.5 2 1.41421
14108.5 1 1
14109.5 0 0
14110.5 1 1
14111.5 2 1.41421
14112.5 1 1
14113.5 2 1.41421
14114.5 1 1
14115.5 2 1.41421
14116.5 2 1.41421
14117.5 0 0
14118.5 1 1
14119.5 0 0
14120.5 0 0
14121.5 2 1.41421
14122.5 1 1
14123.5 0 0
14124.5 1 1
14125.5 2 1.41421
14126.5 1 1
14127.5 1 1
14128.5 1 1
14129.5 2 1.41421
14130.5 1 1
14131.5 0 0
14132.5 0 0
14133.5 4 2
14134.5 1 1
14135.5 2 1.41421
14136.5 1 1
14137.5 2 1.41421
14138.5 1 1
14139.5 1 1
14140.5 0 0
14141.5 4 2
14142.5 1 1
14143.5 1 1
14144.5 1 1
14145.5 3 1.73205
14146.5 2 1.41421
14147.5 0 0
14148.5 3 1.73205
14149.5 5 2.23607
14150.5 1 1
14151.5 3 1.73205
14152.5 2 1.41421
14153.5 2 1.41421
14154.5 2 1.41421
14155.5 3 1.73205
14156.5 1 1
14157.5 2 1.41421
14158.5 6 2.44949
14159.5 2 1.41421
14160.5 1 1
14161.5 3 1.73205
14162.5 2 1.41421
14163.5 3 1.73205
14164.5 3 1.73205
14165.5 3 1.73205
14166.5 2 1.41421
14167.5 3 1.73205
14168.5 1 1
14169.5 3 1.73205
14170.5 3 1.73205
14171.5 0 0
14172.5 2 1.41421
14173.5 0 0
14174.5 2 1.41421
14175.5 1 1
14176.5 2 1.41421
14177.5 3 1.73205
14178.5 2 1.41421
14179.5 2 1.41421
14180.5 3 1.73205
14181.5 2 1.41421
14182.5 1 1
14183.5 3 1.73205
14184.5 0 0
14185.5 3 1.73205
14186.5 1 1
14187.5 2 1.41421
14188.5 3 1.73205
14189.5 2 1.41421
14190.5 3 1.73205
14191.5 2 1.41421
14192.5 1 1
14193.5 4 2
14194.5 4 2
14195.5 4 2
14196.5 4 2
14197.5 2 1.41421
14198.5 3 1.73205
14199.5 3 1.73205
14200.5 8 2.82843
14201.5 1 1
14202.5 7 2.64575
14203.5 4 2
14204.5 7 2.64575
14205.5 3 1.73205
14206.5 9 3
14207.5 7 2.64575
14208.5 7 2.64575
14209.5 2 1.41421
14210.5 9 3
14211.5 8 2.82843
14212.5 7 2.64575
14213.5 10 3.16228
14214.5 15 3.87298
14215.5 15 3.87298
14216.5 18 4.24264
14217.5 16 4
14218.5 9 3
14219.5 20 4.47214
14220.5 35 5.91608
14221.5 28 5.2915
14222.5 43 6.55744
14223.5 49 7
14224.5 59 7.68115
14225.5 40 6.32456
14226.5 55 7.4162
14227.5 78 8.83176
14228.5 80 8.94427
14229.5 83 9.11043
14230.5 66 8.12404
14231.5 90 9.48683
14232.5 107 10.3441
14233.5 107 10.3441
14234.5 98 9.89949
14235.5 97 9.84886
14236.5 106 10.2956
14237.5 103 10.1489
14238.5 123 11.0905
14239.5 124 11.1355
14240.5 130 11.4018
14241.5 105 10.247
14242.5 103 10.1489
14243.5 113 10.6301
14244.5 114 10.6771
14245.5 96 9.79796
14246.5 81 9
14247.5 83 9.11043
14248.5 74 8.60233
14249.5 81 9
14250.5 76 8.7178
14251.5 54 7.34847
14252.5 56 7.48331
14253.5 62 7.87401
14254.5 47 6.85565
14255.5 36 6
14256.5 27 5.19615
14257.5 34 5.83095
14258.5 24 4.89898
14259.5 22 4.69042
14260.5 16 4
14261.5 18 4.24264
14262.5 16 4
14263.5 13 3.60555
14264.5 16 4
14265.5 17 4.12311
14266.5 15 3.87298
14267.5 6 2.44949
14268.5 13 3.60555
14269.5 9 3
14270.5 6 2.44949
14271.5 7 2.64575
14272.5 8 2.82843
14273.5 3 1.73205
14274.5 5 2.23607
14275.5 7 2.64575
14276.5 3 1.73205
14277.5 5 2.23607
14278.5 8 2.82843
14279.5 10 3.16228
14280.5 8 2.82843
14281.5 2 1.41421
14282.5 4 2
14283.5 6 2.44949
14284.5 6 2.44949
14285.5 2 1.41421
14286.5 5 2.23607
14287.5 4 2
14288.5 6 2.44949
14289.5 3 1.73205
14290.5 4 2
14291.5 9 3
14292.5 5 2.23607
14293.5 4 2
14294.5 5 2.23607
14295.5 1 1
14296.5 9 3
14297.5 2 1.41421
14298.5 2 1.41421
14299.5 6 2.44949
14300.5 4 2
14301.5 2 1.41421
14302.5 5 2.23607
14303.5 0 0
14304.5 3 1.73205
14305.5 3 1.73205
14306.5 1 1
14307.5 0 0
14308.5 2 1.41421
14309.5 2 1.41421
14310.5 2 1.41421
14311.5 3 1.73205
14312.5 1 1
14313.5 0 0
14314.5 1 1
14315.5 2 1.41421
14316.5 3 1.73205
14317.5 2 1.41421
14318.5 4 2
14319.5 0 0
14320.5 3 1.73205
14321.5 2 1.41421
14322.5 1 1
14323.5 2 1.41421
14324.5 4 2
14325.5 2 1.41421
14326.5 1 1
14327.5 4 2
14328.5 5 2.23607
14329.5 4 2
14330.5 1 1
14331.5 2 1.41421
14332.5 3 1.73205
14333.5 5 2.23607
14334.5 5 2.23607
14335.5 3 1.73205
14336.5 5 2.23607
14337.5 9 3
14338.5 8 2.82843
14339.5 2 1.41421
14340.5 7 2.64575
14341.5 12 3.4641
14342.5 11 3.31662
14343.5 3 1.73205
14344.5 6 2.44949
14345.5 12 3.4641
14346.5 9 3
14347.5 13 3.60555
14348.5 11 3.31662
14349.5 31 5.56776
14350.5 13 3.60555
14351.5 22 4.69042
14352.5 21 4.58258
14353.5 24 4.89898
14354.5 11 3.31662
14355.5 13 3.60555
14356.5 19 4.3589
14357.5 15 3.87298
14358.5 18 4.24264
14359.5 17 4.12311
14360.5 13 3.60555
14361.5 8 2.82843
14362.5 14 3.74166
14363.5 12 3.4641
14364.5 15 3.87298
14365.5 13 3.60555
14366.5 15 3.87298
14367.5 6 2.44949
14368.5 7 2.64575
14369.5 6 2.44949
14370.5 2 1.41421
14371.5 5 2.23607
14372.5 8 2.82843
14373.5 8 2.82843
14374.5 1 1
14375.5 3 1.73205
14376.5 1 1
14377.5 6 2.44949
14378.5 8 2.82843
14379.5 1 1
14380.5 5 2.23607
14381.5 4 2
14382.5 3 1.73205
14383.5 0 0
14384.5 3 1.73205
14385.5 2 1.41421
14386.5 3 1.73205
14387.5 1 1
14388.5 1 1
14389.5 3 1.73205
14390.5 4 2
14391.5 1 1
14392.5 1 1
14393.5 2 1.41421
14394.5 1 1
14395.5 3 1.73205
14396.5 1 1
14397.5 3 1.73205
14398.5 4 2
14399.5 4 2
14400.5 1 1
14401.5 1 1
14402.5 1 1
14403.5 1 1
14404.5 0 0
14405.5 2 1.41421
14406.5 1 1
14407.5 0 0
14408.5 1 1
14409.5 0 0
14410.5 0 0
14411.5 0 0
14412.5 1 1
14413.5 0 0
14414.5 0 0
14415.5 0 0
14416.5 1 1
14417.5 0 0
14418.5 0 0
14419.5 0 0
14420.5 0 0
14421.5 0 0
14422.5 0 0
14423.5 3 1.73205
14424.5 1 1
14425.5 0 0
14426.5 0 0
14427.5 0 0
14428.5 3 1.73205
14429.5 0 0
14430.5 3 1.73205
14431.5 2 1.41421
14432.5 1 1
14433.5 2 1.41421
14434.5 0 0
14435.5 1 1
14436.5 2 1.41421
14437.5 2 1.41421
14438.5 1 1
14439.5 3 1.73205
14440.5 3 1.73205
14441.5 3 1.73205
14442.5 4 2
14443.5 0 0
14444.5 2 1.41421
14445.5 1 1
14446.5 0 0
14447.5 1 1
14448.5 4 2
14449.5 3 1.73205
14450.5 2 1.41421
14451.5 2 1.41421
14452.5 1 1
14453.5 1 1
14454.5 2 1.41421
14455.5 0 0
14456.5 0 0
14457.5 1 1
14458.5 2 1.41421
14459.5 0 0
14460.5 0 0
14461.5 0 0
14462.5 3 1.73205
14463.5 2 1.41421
14464.5 0 0
14465.5 3 1.73205
14466.5 0 0
14467.5 1 1
14468.5 1 1
14469.5 3 1.73205
14470.5 1 1
14471.5 0 0
14472.5 0 0
14473.5 0 0
14474.5 0 0
14475.5 1 1
14476.5 1 1
14477.5 1 1
14478.5 2 1.41421
14479.5 2 1.41421
14480.5 0 0
14481.5 1 1
14482.5 0 0
14483.5 0 0
14484.5 0 0
14485.5 1 1
14486.5 0 0
14487.5 1 1
14488.5 0 0
14489.5 0 0
14490.5 1 1
14491.5 2 1.41421
14492.5 2 1.41421
14493.5 1 1
14494.5 1 1
14495.5 2 1.41421
14496.5 0 0
14497.5 2 1.41421
14498.5 0 0
14499.5 0 0
14500.5 1 1
14501.5 0 0
14502.5 1 1
14503.5 0 0
14504.5 1 1
14505.5 0 0
14506.5 2 1.41421
14507.5 0 0
14508.5 0 0
14509.5 2 1.41421
14510.5 0 0
14511.5 1 1
14512.5 1 1
14513.5 0 0
14514.5 0 0
14515.5 0 0
14516.5 0 0
14517.5 0 0
14518.5 1 1
14519.5 1 1
14520.5 1 1
14521.5 1 1
14522.5 0 0
14523.5 1 1
14524.5 1 1
14525.5 1 1
14526.5 1 1
14527.5 1 1
14528.5 0 0
14529.5 1 1
14530.5 1 1
14531.5 0 0
14532.5 1 1
14533.5 2 1.41421
14534.5 0 0
14535.5 1 1
14536.5 0 0
14537.5 1 1
14538.5 0 0
14539.5 2 1.41421
14540.5 0 0
14541.5 0 0
14542.5 0 0
14543.5 1 1
14544.5 1 1
14545.5 0 0
14546.5 2 1.41421
14547.5 1 1
14548.5 0 0
14549.5 0 0
14550.5 0 0
14551.5 2 1.41421
14552.5 0 0
14553.5 1 1
14554.5 0 0
14555.5 0 0
14556.5 0 0
14557.5 1 1
14558.5 2 1.41421
14559.5 0 0
14560.5 1 1
14561.5 0 0
14562.5 0 0
14563.5 0 0
14564.5 0 0
14565.5 1 1
14566.5 2 1.41421
14567.5 0 0
14568.5 1 1
14569.5 1 1
14570.5 1 1
14571.5 0 0
14572.5 0 0
14573.5 0 0
14574.5 1 1
14575.5 1 1
14576.5 0 0
14577.5 1 1
14578.5 1 1
14579.5 0 0
14580.5 0 0
14581.5 1 1
14582.5 1 1
14583.5 0 0
14584.5 0 0
14585.5 0 0
14586.5 0 0
14587.5 0 0
14588.5 1 1
14589.5 1 1
14590.5 0 0
14591.5 0 0
14592.5 1 1
14593.5 0 0
14594.5 1 1
14595.5 0 0
14596.5 1 1
14597.5 1 1
14598.5 1 1
14599.5 1 1
14600.5 1 1
14601.5 0 0
14602.5 0 0
14603.5 0 0
14604.5 1 1
14605.5 1 1
14606.5 0 0
14607.5 0 0
14608.5 0 0
14609.5 0 0
14610.5 0 0
14611.5 0 0
14612.5 0 0
14613.5 0 0
14614.5 0 0
14615.5 0 0
14616.5 0 0
14617.5 0 0
14618.5 1 1
14619.5 0 0
14620.5 0 0
14621.5 0 0
14622.5 0 0
14623.5 0 0
14624.5 0 0
14625.5 0 0
14626.5 1 1
14627.5 0 0
14628.5 0 0
14629.5 1 1
14630.5 1 1
14631.5 0 0
14632.5 0 0
14633.5 0 0
14634.5 0 0
14635.5 1 1
14636.5 0 0
14637.5 1 1
14638.5 0 0
14639.5 0 0
14640.5 1 1
14641.5 0 0
14642.5 1 1
14643.5 0 0
14644.5 0 0
14645.5 0 0
14646.5 0 0
14647.5 1 1
14648.5 2 1.41421
14649.5 1 1
14650.5 0 0
14651.5 3 1.73205
14652.5 0 0
14653.5 0 0
14654.5 0 0
14655.5 1 1
14656.5 1 1
14657.5 1 1
14658.5 0 0
14659.5 1 1
14660.5 2 1.41421
14661.5 3 1.73205
14662.5 0 0
14663.5 2 1.41421
14664.5 0 0
14665.5 1 1
14666.5 0 0
14667.5 0 0
14668.5 0 0
14669.5 0 0
14670.5 0 0
14671.5 0 0
14672.5 0 0
14673.5 0 0
14674.5 0 0
14675.5 0 0
14676.5 0 0
14677.5 1 1
14678.5 0 0
14679.5 0 0
14680.5 2 1.41421
14681.5 0 0
14682.5 0 0
14683.5 1 1
14684.5 1 1
14685.5 1 1
14686.5 0 0
14687.5 0 0
14688.5 0 0
14689.5 0 0
14690.5 0 0
14691.5 1 1
14692.5 0 0
14693.5 1 1
14694.5 0 0
14695.5 0 0
14696.5 2 1.41421
14697.5 0 0
14698.5 2 1.41421
14699.5 0 0
14700.5 0 0
14701.5 0 0
14702.5 0 0
14703.5 1 1
14704.5 0 0
14705.5 0 0
14706.5 0 0
14707.5 0 0
14708.5 0 0
14709.5 1 1
14710.5 0 0
14711.5 0 0
14712.5 1 1
14713.5 0 0
14714.5 0 0
14715.5 0 0
14716.5 0 0
14717.5 0 0
14718.5 2 1.41421
14719.5 0 0
14720.5 1 1
14721.5 0 0
14722.5 0 0
14723.5 1 1
14724.5 0 0
14725.5 2 1.41421
14726.5 1 1
14727.5 0 0
14728.5 1 1
14729.5 1 1
14730.5 0 0
14731.5 0 0
14732.5 0 0
14733.5 0 0
14734.5 3 1.73205
14735.5 0 0
14736.5 0 0
14737.5 0 0
14738.5 0 0
14739.5 0 0
14740.5 2 1.41421
14741.5 2 1.41421
14742.5 0 0
14743.5 1 1
14744.5 0 0
14745.5 0 0
14746.5 0 0
14747.5 0 0
14748.5 0 0
14749.5 0 0
14750.5 1 1
14751.5 0 0
14752.5 1 1
14753.5 0 0
14754.5 0 0
14755.5 0 0
14756.5 0 0
14757.5 0 0
14758.5 0 0
14759.5 0 0
14760.5 1 1
14761.5 0 0
14762.5 0 0
14763.5 0 0
14764.5 1 1
14765.5 0 0
14766.5 0 0
14767.5 1 1
14768.5 1 1
14769.5 0 0
14770.5 0 0
14771.5 0 0
14772.5 1 1
14773.5 0 0
14774.5 0 0
14775.5 0 0
14776.5 0 0
14777.5 1 1
14778.5 0 0
14779.5 0 0
14780.5 0 0
14781.5 1 1
14782.5 0 0
14783.5 0 0
14784.5 0 0
14785.5 0 0
14786.5 0 0
14787.5 0 0
14788.5 0 0
14789.5 1 1
14790.5 0 0
14791.5 0 0
14792.5 0 0
14793.5 1 1
14794.5 0 0
14795.5 0 0
14796.5 1 1
14797.5 0 0
14798.5 2 1.41421
14799.5 0 0
14800.5 0 0
14801.5 0 0
14802.5 2 1.41421
14803.5 0 0
14804.5 0 0
14805.5 0 0
14806.5 0 0
14807.5 2 1.41421
14808.5 1 1
14809.5 0 0
14810.5 0 0
14811.5 0 0
14812.5 0 0
14813.5 0 0
14814.5 0 0
14815.5 1 1
14816.5 1 1
14817.5 1 1
14818.5 1 1
14819.5 0 0
14820.5 0 0
14821.5 0 0
14822.5 0 0
14823.5 0 0
14824.5 1 1
14825.5 0 0
14826.5 1 1
14827.5 0 0
14828.5 0 0
14829.5 1 1
14830.5 0 0
14831.5 0 0
14832.5 0 0
14833.5 1 1
14834.5 0 0
14835.5 2 1.41421
14836.5 0 0
14837.5 0 0
14838.5 0 0
14839.5 0 0
14840.5 0 0
14841.5 1 1
14842.5 1 1
14843.5 0 0
14844.5 0 0
14845.5 1 1
14846.5 1 1
14847.5 0 0
14848.5 1 1
14849.5 0 0
14850.5 0 0
14851.5 0 0
14852.5 0 0
14853.5 0 0
14854.5 0 0
14855.5 1 1
14856.5 0 0
14857.5 1 1
14858.5 1 1
14859.5 0 0
14860.5 0 0
14861.5 0 0
14862.5 2 1.41421
14863.5 1 1
14864.5 0 0
14865.5 2 1.41421
14866.5 0 0
14867.5 0 0
14868.5 0 0
14869.5 0 0
14870.5 0 0
14871.5 0 0
14872.5 0 0
14873.5 0 0
14874.5 0 0
14875.5 0 0
14876.5 0 0
14877.5 1 1
14878.5 0 0
14879.5 1 1
14880.5 0 0
14881.5 2 1.41421
14882.5 0 0
14883.5 1 1
14884.5 0 0
14885.5 0 0
14886.5 1 1
14887.5 1 1
14888.5 0 0
14889.5 2 1.41421
14890.5 0 0
14891.5 0 0
14892.5 1 1
14893.5 0 0
14894.5 1 1
14895.5 0 0
14896.5 0 0
14897.5 0 0
14898.5 0 0
14899.5 1 1
14900.5 1 1
14901.5 0 0
14902.5 0 0
14903.5 1 1
14904.5 0 0
14905.5 0 0
14906.5 1 1
14907.5 0 0
14908.5 0 0
14909.5 0 0
14910.5 0 0
14911.5 0 0
14912.5 0 0
14913.5 1 1
14914.5 1 1
14915.5 0 0
14916.5 0 0
14917.5 0 0
14918.5 1 1
14919.5 0 0
14920.5 0 0
14921.5 0 0
14922.5 0 0
14923.5 0 0
14924.5 0 0
14925.5 1 1
14926.5 1 1
14927.5 0 0
14928.5 0 0
14929.5 1 1
14930.5 1 1
14931.5 0 0
14932.5 0 0
14933.5 0 0
14934.5 3 1.73205
14935.5 0 0
14936.5 0 0
14937.5 0 0
14938.5 1 1
14939.5 0 0
14940.5 3 1.73205
14941.5 0 0
14942.5 1 1
14943.5 2 1.41421
14944.5 0 0
14945.5 0 0
14946.5 1 1
14947.5 0 0
14948.5 2 1.41421
14949.5 1 1
14950.5 2 1.41421
14951.5 0 0
14952.5 0 0
14953.5 1 1
14954.5 0 0
14955.5 0 0
14956.5 1 1
14957.5 1 1
14958.5 2 1.41421
14959.5 0 0
14960.5 1 1
14961.5 1 1
14962.5 0 0
14963.5 2 1.41421
14964.5 0 0
14965.5 0 0
14966.5 0 0
14967.5 0 0
14968.5 1 1
14969.5 0 0
14970.5 0 0
14971.5 0 0
14972.5 0 0
14973.5 0 0
14974.5 0 0
14975.5 0 0
14976.5 0 0
14977.5 0 0
14978.5 0 0
14979.5 0 0
14980.5 2 1.41421
14981.5 0 0
14982.5 0 0
14983.5 0 0
14984.5 0 0
14985.5 0 0
14986.5 0 0
14987.5 2 1.41421
14988.5 0 0
14989.5 0 0
14990.5 1 1
14991.5 1 1
14992.5 0 0
14993.5 0 0
14994.5 0 0
14995.5 0 0
14996.5 1 1
14997.5 0 0
14998.5 0 0
14999.5 0 0
15000.5 1 1
15001.5 1 1
15002.5 1 1
15003.5 0 0
15004.5 0 0
15005.5 0 0
15006.5 0 0
15007.5 0 0
15008.5 0 0
15009.5 0 0
15010.5 2 1.41421
15011.5 0 0
15012.5 0 0
15013.5 1 1
15014.5 0 0
15015.5 0 0
15016.5 0 0
15017.5 0 0
15018.5 0 0
15019.5 1 1
15020.5 0 0
15021.5 0 0
15022.5 1 1
15023.5 0 0
15024.5 2 1.41421
15025.5 2 1.41421
15026.5 0 0
15027.5 0 0
15028.5 0 0
15029.5 0 0
15030.5 0 0
15031.5 0 0
15032.5 0 0
15033.5 0 0
15034.5 0 0
15035.5 0 0
15036.5 0 0
15037.5 1 1
15038.5 2 1.41421
15039.5 1 1
15040.5 0 0
15041.5 1 1
15042.5 0 0
15043.5 0 0
15044.5 1 1
15045.5 1 1
15046.5 0 0
15047.5 3 1.73205
15048.5 2 1.41421
15049.5 1 1
15050.5 0 0
15051.5 1 1
15052.5 0 0
15053.5 1 1
15054.5 2 1.41421
15055.5 3 1.73205
15056.5 5 2.23607
15057.5 2 1.41421
15058.5 2 1.41421
15059.5 3 1.73205
15060.5 1 1
15061.5 0 0
15062.5 0 0
15063.5 0 0
15064.5 1 1
15065.5 0 0
15066.5 2 1.41421
15067.5 1 1
15068.5 2 1.41421
15069.5 1 1
15070.5 1 1
15071.5 4 2
15072.5 2 1.41421
15073.5 4 2
15074.5 0 0
15075.5 1 1
15076.5 1 1
15077.5 1 1
15078.5 1 1
15079.5 0 0
15080.5 1 1
15081.5 1 1
15082.5 1 1
15083.5 0 0
15084.5 0 0
15085.5 0 0
15086.5 0 0
15087.5 0 0
15088.5 0 0
15089.5 0 0
15090.5 0 0
15091.5 0 0
15092.5 0 0
15093.5 0 0
15094.5 0 0
15095.5 0 0
15096.5 2 1.41421
15097.5 1 1
15098.5 1 1
15099.5 0 0
15100.5 1 1
15101.5 0 0
15102.5 0 0
15103.5 0 0
15104.5 0 0
15105.5 1 1
15106.5 0 0
15107.5 0 0
15108.5 1 1
15109.5 0 0
15110.5 0 0
15111.5 0 0
15112.5 0 0
15113.5 1 1
15114.5 0 0
15115.5 0 0
15116.5 0 0
15117.5 0 0
15118.5 2 1.41421
15119.5 0 0
15120.5 0 0
15121.5 3 1.73205
15122.5 0 0
15123.5 0 0
15124.5 0 0
15125.5 0 0
15126.5 0 0
15127.5 1 1
15128.5 0 0
15129.5 0 0
15130.5 0 0
15131.5 0 0
15132.5 0 0
15133.5 2 1.41421
15134.5 0 0
15135.5 0 0
15136.5 1 1
15137.5 1 1
15138.5 1 1
15139.5 0 0
15140.5 0 0
15141.5 0 0
15142.5 0 0
15143.5 0 0
15144.5 0 0
15145.5 0 0
15146.5 0 0
15147.5 0 0
15148.5 1 1
15149.5 1 1
15150.5 0 0
15151.5 1 1
15152.5 1 1
15153.5 0 0
15154.5 0 0
15155.5 0 0
15156.5 0 0
15157.5 0 0
15158.5 0 0
15159.5 1 1
15160.5 1 1
15161.5 0 0
15162.5 0 0
15163.5 0 0
15164.5 2 1.41421
15165.5 0 0
15166.5 0 0
15167.5 0 0
15168.5 0 0
15169.5 0 0
15170.5 1 1
15171.5 0 0
15172.5 0 0
15173.5 0 0
15174.5 0 0
15175.5 0 0
15176.5 0 0
15177.5 0 0
15178.5 0 0
15179.5 0 0
15180.5 0 0
15181.5 0 0
15182.5 0 0
15183.5 0 0
15184.5 0 0
15185.5 1 1
15186.5 0 0
15187.5 0 0
15188.5 0 0
15189.5 0 0
15190.5 1 1
15191.5 0 0
15192.5 0 0
15193.5 0 0
15194.5 0 0
15195.5 0 0
15196.5 0 0
15197.5 0 0
15198.5 0 0
15199.5 1 1
15200.5 0 0
15201.5 0 0
15202.5 0 0
15203.5 0 0
15204.5 0 0
15205.5 0 0
15206.5 0 0
15207.5 1 1
15208.5 0 0
15209.5 0 0
15210.5 0 0
15211.5 1 1
15212.5 0 0
15213.5 0 0
15214.5 0 0
15215.5 0 0
15216.5 1 1
15217.5 0 0
15218.5 1 1
15219.5 1 1
15220.5 0 0
15221.5 1 1
15222.5 0 0
15223.5 1 1
15224.5 0 0
15225.5 0 0
15226.5 0 0
15227.5 0 0
15228.5 0 0
15229.5 0 0
15230.5 0 0
15231.5 1 1
15232.5 0 0
15233.5 0 0
15234.5 0 0
15235.5 0 0
15236.5 0 0
15237.5 0 0
15238.5 0 0
15239.5 0 0
15240.5 0 0
15241.5 0 0
15242.5 0 0
15243.5 0 0
15244.5 0 0
15245.5 0 0
15246.5 1 1
15247.5 0 0
15248.5 0 0
15249.5 0 0
15250.5 0 0
15251.5 0 0
15252.5 1 1
15253.5 1 1
15254.5 0 0
15255.5 1 1
15256.5 0 0
15257.5 0 0
15258.5 0 0
15259.5 0 0
15260.5 0 0
15261.5 0 0
15262.5 0 0
15263.5 0 0
15264.5 0 0
15265.5 0 0
15266.5 0 0
15267.5 2 1.41421
15268.5 0 0
15269.5 0 0
15270.5 0 0
15271.5 1 1
15272.5 0 0
15273.5 0 0
15274.5 0 0
15275.5 0 0
15276.5 0 0
15277.5 0 0
15278.5 0 0
15279.5 0 0
15280.5 0 0
15281.5 0 0
15282.5 1 1
15283.5 0 0
15284.5 0 0
15285.5 0 0
15286.5 0 0
15287.5 1 1
15288.5 0 0
15289.5 0 0
15290.5 0 0
15291.5 1 1
15292.5 0 0
15293.5 1 1
15294.5 1 1
15295.5 0 0
15296.5 0 0
15297.5 0 0
15298.5 0 0
15299.5 0 0
15300.5 0 0
15301.5 0 0
15302.5 0 0
15303.5 0 0
15304.5 0 0
15305.5 0 0
15306.5 1 1
15307.5 0 0
15308.5 0 0
15309.5 0 0
15310.5 0 0
15311.5 0 0
15312.5 0 0
15313.5 0 0
15314.5 1 1
15315.5 0 0
15316.5 1 1
15317.5 0 0
15318.5 0 0
15319.5 0 0
15320.5 0 0
15321.5 0 0
15322.5 0 0
15323.5 0 0
15324.5 0 0
15325.5 0 0
15326.5 0 0
15327.5 0 0
15328.5 0 0
15329.5 0 0
15330.5 0 0
15331.5 1 1
15332.5 1 1
15333.5 0 0
15334.5 0 0
15335.5 0 0
15336.5 2 1.41421
15337.5 0 0
15338.5 0 0
15339.5 1 1
15340.5 1 1
15341.5 1 1
15342.5 0 0
15343.5 0 0
15344.5 0 0
15345.5 0 0
15346.5 0 0
15347.5 1 1
15348.5 0 0
15349.5 0 0
15350.5 0 0
15351.5 0 0
15352.5 0 0
15353.5 0 0
15354.5 2 1.41421
15355.5 0 0
15356.5 1 1
15357.5 0 0
15358.5 0 0
15359.5 0 0
15360.5 0 0
15361.5 1 1
15362.5 0 0
15363.5 1 1
15364.5 1 1
15365.5 0 0
15366.5 0 0
15367.5 0 0
15368.5 1 1
15369.5 0 0
15370.5 0 0
15371.5 2 1.41421
15372.5 0 0
15373.5 0 0
15374.5 0 0
15375.5 0 0
15376.5 0 0
15377.5 1 1
15378.5 0 0
15379.5 0 0
15380.5 0 0
15381.5 0 0
15382.5 1 1
15383.5 0 0
15384.5 0 0
15385.5 0 0
15386.5 0 0
15387.5 1 1
15388.5 0 0
15389.5 0 0
15390.5 0 0
15391.5 0 0
15392.5 0 0
15393.5 0 0
15394.5 0 0
15395.5 1 1
15396.5 0 0
15397.5 0 0
15398.5 2 1.41421
15399.5 0 0
15400.5 0 0
15401.5 0 0
15402.5 0 0
15403.5 1 1
15404.5 0 0
15405.5 0 0
15406.5 1 1
15407.5 1 1
15408.5 1 1
15409.5 1 1
15410.5 0 0
15411.5 0 0
15412.5 0 0
15413.5 1 1
15414.5 0 0
15415.5 0 0
15416.5 1 1
15417.5 1 1
15418.5 1 1
15419.5 0 0
15420.5 0 0
15421.5 0 0
15422.5 0 0
15423.5 0 0
15424.5 0 0
15425.5 0 0
15426.5 0 0
15427.5 0 0
15428.5 0 0
15429.5 0 0
15430.5 0 0
15431.5 0 0
15432.5 1 1
15433.5 0 0
15434.5 0 0
15435.5 0 0
15436.5 1 1
15437.5 0 0
15438.5 0 0
15439.5 0 0
15440.5 0 0
15441.5 1 1
15442.5 1 1
15443.5 0 0
15444.5 0 0
15445.5 0 0
15446.5 1 1
15447.5 0 0
15448.5 1 1
15449.5 0 0
15450.5 0 0
15451.5 0 0
15452.5 0 0
15453.5 1 1
15454.5 0 0
15455.5 0 0
15456.5 1 1
15457.5 1 1
15458.5 0 0
15459.5 0 0
15460.5 1 1
15461.5 0 0
15462.5 0 0
15463.5 0 0
15464.5 1 1
15465.5 0 0
15466.5 0 0
15467.5 1 1
15468.5 0 0
15469.5 0 0
15470.5 0 0
15471.5 0 0
15472.5 0 0
15473.5 0 0
15474.5 0 0
15475.5 0 0
15476.5 0 0
15477.5 0 0
15478.5 0 0
15479.5 1 1
15480.5 0 0
15481.5 0 0
15482.5 1 1
15483.5 0 0
15484.5 0 0
15485.5 1 1
15486.5 0 0
15487.5 0 0
15488.5 1 1
15489.5 0 0
15490.5 0 0
15491.5 0 0
15492.5 0 0
15493.5 0 0
15494.5 0 0
15495.5 0 0
15496.5 0 0
15497.5 0 0
15498.5 1 1
15499.5 0 0
15500.5 0 0
15501.5 1 1
15502.5 1 1
15503.5 0 0
15504.5 0 0
15505.5 0 0
15506.5 0 0
15507.5 0 0
15508.5 0 0
15509.5 0 0
15510.5 0 0
15511.5 0 0
15512.5 0 0
15513.5 0 0
15514.5 0 0
15515.5 0 0
15516.5 0 0
15517.5 1 1
15518.5 0 0
15519.5 0 0
15520.5 0 0
15521.5 0 0
15522.5 0 0
15523.5 0 0
15524.5 0 0
15525.5 0 0
15526.5 0 0
15527.5 0 0
15528.5 0 0
15529.5 0 0
15530.5 0 0
15531.5 1 1
15532.5 0 0
15533.5 1 1
15534.5 0 0
15535.5 1 1
15536.5 0 0
15537.5 1 1
15538.5 0 0
15539.5 0 0
15540.5 0 0
15541.5 0 0
15542.5 0 0
15543.5 0 0
15544.5 0 0
15545.5 1 1
15546.5 1 1
15547.5 2 1.41421
15548.5 0 0
15549.5 0 0
15550.5 0 0
15551.5 0 0
15552.5 0 0
15553.5 0 0
15554.5 0 0
15555.5 0 0
15556.5 0 0
15557.5 0 0
15558.5 0 0
15559.5 0 0
15560.5 1 1
15561.5 0 0
15562.5 1 1
15563.5 1 1
15564.5 2 1.41421
15565.5 0 0
15566.5 0 0
15567.5 1 1
15568.5 0 0
15569.5 0 0
15570.5 0 0
15571.5 0 0
15572.5 0 0
15573.5 0 0
15574.5 1 1
15575.5 0 0
15576.5 0 0
15577.5 0 0
15578.5 0 0
15579.5 0 0
15580.5 0 0
15581.5 1 1
15582.5 1 1
15583.5 0 0
15584.5 1 1
15585.5 0 0
15586.5 1 1
15587.5 0 0
15588.5 0 0
15589.5 0 0
15590.5 0 0
15591.5 0 0
15592.5 0 0
15593.5 1 1
15594.5 1 1
15595.5 0 0
15596.5 0 0
15597.5 0 0
15598.5 0 0
15599.5 0 0
15600.5 0 0
15601.5 0 0
15602.5 0 0
15603.5 2 1.41421
15604.5 1 1
15605.5 0 0
15606.5 0 0
15607.5 1 1
15608.5 0 0
15609.5 0 0
15610.5 0 0
15611.5 0 0
15612.5 0 0
15613.5 1 1
15614.5 3 1.73205
15615.5 0 0
15616.5 0 0
15617.5 1 1
15618.5 0 0
15619.5 1 1
15620.5 0 0
15621.5 0 0
15622.5 0 0
15623.5 0 0
15624.5 0 0
15625.5 0 0
15626.5 0 0
15627.5 0 0
15628.5 0 0
15629.5 0 0
15630.5 0 0
15631.5 1 1
15632.5 0 0
15633.5 0 0
15634.5 0 0
15635.5 0 0
15636.5 0 0
15637.5 1 1
15638.5 0 0
15639.5 0 0
15640.5 0 0
15641.5 1 1
15642.5 0 0
15643.5 1 1
15644.5 0 0
15645.5 0 0
15646.5 0 0
15647.5 0 0
15648.5 0 0
15649.5 0 0
15650.5 0 0
15651.5 0 0
15652.5 0 0
15653.5 0 0
15654.5 0 0
15655.5 0 0
15656.5 1 1
15657.5 0 0
15658.5 0 0
15659.5 0 0
15660.5 0 0
15661.5 0 0
15662.5 1 1
15663.5 1 1
15664.5 0 0
15665.5 0 0
15666.5 1 1
15667.5 0 0
15668.5 1 1
15669.5 1 1
15670.5 1 1
15671.5 0 0
15672.5 0 0
15673.5 0 0
15674.5 1 1
15675.5 0 0
15676.5 0 0
15677.5 0 0
15678.5 0 0
15679.5 0 0
15680.5 0 0
15681.5 1 1
15682.5 0 0
15683.5 1 1
15684.5 1 1
15685.5 0 0
15686.5 0 0
15687.5 0 0
15688.5 0 0
15689.5 0 0
15690.5 0 0
15691.5 0 0
15692.5 0 0
15693.5 1 1
15694.5 0 0
15695.5 0 0
15696.5 1 1
15697.5 0 0
15698.5 0 0
15699.5 0 0
15700.5 0 0
15701.5 1 1
15702.5 0 0
15703.5 0 0
15704.5 0 0
15705.5 1 1
15706.5 0 0
15707.5 0 0
15708.5 0 0
15709.5 1 1
15710.5 1 1
15711.5 0 0
15712.5 1 1
15713.5 0 0
15714.5 0 0
15715.5 0 0
15716.5 0 0
15717.5 0 0
15718.5 0 0
15719.5 1 1
15720.5 0 0
15721.5 0 0
15722.5 0 0
15723.5 1 1
15724.5 0 0
15725.5 0 0
15726.5 0 0
15727.5 1 1
15728.5 1 1
15729.5 0 0
15730.5 0 0
15731.5 1 1
15732.5 0 0
15733.5 0 0
15734.5 1 1
15735.5 0 0
15736.5 0 0
15737.5 0 0
15738.5 0 0
15739.5 0 0
15740.5 2 1.41421
15741.5 0 0
15742.5 1 1
15743.5 2 1.41421
15744.5 0 0
15745.5 1 1
15746.5 1 1
15747.5 1 1
15748.5 2 1.41421
15749.5 0 0
15750.5 2 1.41421
15751.5 1 1
15752.5 1 1
15753.5 0 0
15754.5 1 1
15755.5 0 0
15756.5 0 0
15757.5 0 0
15758.5 0 0
15759.5 4 2
15760.5 2 1.41421
15761.5 6 2.44949
15762.5 4 2
15763.5 2 1.41421
15764.5 6 2.44949
15765.5 3 1.73205
15766.5 1 1
15767.5 4 2
15768.5 1 1
15769.5 1 1
15770.5 5 2.23607
15771.5 1 1
15772.5 3 1.73205
15773.5 4 2
15774.5 0 0
15775.5 1 1
15776.5 2 1.41421
15777.5 1 1
15778.5 1 1
15779.5 1 1
15780.5 0 0
15781.5 1 1
15782.5 1 1
15783.5 4 2
15784.5 1 1
15785.5 5 2.23607
15786.5 2 1.41421
15787.5 0 0
15788.5 1 1
15789.5 1 1
15790.5 0 0
15791.5 0 0
15792.5 0 0
15793.5 2 1.41421
15794.5 1 1
15795.5 2 1.41421
15796.5 0 0
15797.5 0 0
15798.5 2 1.41421
15799.5 0 0
15800.5 1 1
15801.5 0 0
15802.5 0 0
15803.5 0 0
15804.5 0 0
15805.5 0 0
15806.5 0 0
15807.5 0 0
15808.5 0 0
15809.5 0 0
15810.5 1 1
15811.5 0 0
15812.5 0 0
15813.5 0 0
15814.5 1 1
15815.5 0 0
15816.5 0 0
15817.5 1 1
15818.5 0 0
15819.5 0 0
15820.5 1 1
15821.5 0 0
15822.5 1 1
15823.5 1 1
15824.5 1 1
15825.5 0 0
15826.5 0 0
15827.5 0 0
15828.5 0 0
15829.5 0 0
15830.5 0 0
15831.5 0 0
15832.5 0 0
15833.5 0 0
15834.5 1 1
15835.5 0 0
15836.5 0 0
15837.5 0 0
15838.5 0 0
15839.5 0 0
15840.5 0 0
15841.5 1 1
15842.5 0 0
15843.5 0 0
15844.5 1 1
15845.5 0 0
15846.5 0 0
15847.5 0 0
15848.5 1 1
15849.5 1 1
15850.5 0 0
15851.5 0 0
15852.5 0 0
15853.5 0 0
15854.5 1 1
15855.5 0 0
15856.5 0 0
15857.5 0 0
15858.5 1 1
15859.5 1 1
15860.5 1 1
15861.5 0 0
15862.5 1 1
15863.5 1 1
15864.5 2 1.41421
15865.5 0 0
15866.5 0 0
15867.5 1 1
15868.5 1 1
15869.5 1 1
15870.5 2 1.41421
15871.5 1 1
15872.5 2 1.41421
15873.5 0 0
15874.5 2 1.41421
15875.5 0 0
15876.5 2 1.41421
15877.5 1 1
15878.5 5 2.23607
15879.5 4 2
15880.5 4 2
15881.5 4 2
15882.5 0 0
15883.5 1 1
15884.5 3 1.73205
15885.5 2 1.41421
15886.5 4 2
15887.5 4 2
15888.5 2 1.41421
15889.5 2 1.41421
15890.5 4 2
15891.5 4 2
15892.5 4 2
15893.5 2 1.41421
15894.5 4 2
15895.5 6 2.44949
15896.5 5 2.23607
15897.5 1 1
15898.5 3 1.73205
15899.5 3 1.73205
15900.5 4 2
15901.5 1 1
15902.5 1 1
15903.5 0 0
15904.5 0 0
15905.5 1 1
15906.5 1 1
15907.5 0 0
15908.5 1 1
15909.5 2 1.41421
15910.5 0 0
15911.5 0 0
15912.5 1 1
15913.5 0 0
15914.5 1 1
15915.5 0 0
15916.5 0 0
15917.5 0 0
15918.5 1 1
15919.5 2 1.41421
15920.5 2 1.41421
15921.5 1 1
15922.5 0 0
15923.5 0 0
15924.5 1 1
15925.5 0 0
15926.5 0 0
15927.5 0 0
15928.5 0 0
15929.5 0 0
15930.5 0 0
15931.5 1 1
15932.5 1 1
15933.5 0 0
15934.5 0 0
15935.5 0 0
15936.5 0 0
15937.5 1 1
15938.5 0 0
15939.5 1 1
15940.5 2 1.41421
15941.5 0 0
15942.5 0 0
15943.5 0 0
15944.5 0 0
15945.5 0 0
15946.5 0 0
15947.5 0 0
15948.5 0 0
15949.5 0 0
15950.5 0 0
15951.5 0 0
15952.5 0 0
15953.5 1 1
15954.5 1 1
15955.5 0 0
15956.5 0 0
15957.5 0 0
15958.5 0 0
15959.5 0 0
15960.5 0 0
15961.5 0 0
15962.5 0 0
15963.5 1 1
15964.5 0 0
15965.5 0 0
15966.5 0 0
15967.5 0 0
15968.5 0 0
15969.5 1 1
15970.5 0 0
15971.5 0 0
15972.5 0 0
15973.5 0 0
15974.5 0 0
15975.5 0 0
15976.5 1 1
15977.5 0 0
15978.5 0 0
15979.5 0 0
15980.5 0 0
15981.5 0 0
15982.5 0 0
15983.5 0 0
15984.5 0 0
15985.5 0 0
15986.5 1 1
15987.5 0 0
15988.5 0 0
15989.5 1 1
15990.5 0 0
15991.5 1 1
15992.5 0 0
15993.5 1 1
15994.5 0 0
15995.5 0 0
15996.5 0 0
15997.5 0 0
15998.5 0 0
15999.5 0 0
16000.5 0 0
16001.5 0 0
16002.5 0 0
16003.5 0 0
16004.5 0 0
16005.5 0 0
16006.5 1 1
16007.5 0 0
16008.5 0 0
16009.5 0 0
16010.5 0 0
16011.5 0 0
16012.5 0 0
16013.5 0 0
16014.5 1 1
16015.5 0 0
16016.5 0 0
16017.5 0 0
16018.5 0 0
16019.5 0 0
16020.5 0 0
16021.5 0 0
16022.5 0 0
16023.5 0 0
16024.5 0 0
16025.5 0 0
16026.5 0 0
16027.5 0 0
16028.5 0 0
16029.5 0 0
16030.5 0 0
16031.5 0 0
16032.5 0 0
16033.5 0 0
16034.5 0 0
16035.5 0 0
16036.5 1 1
16037.5 0 0
16038.5 1 1
16039.5 0 0
16040.5 1 1
16041.5 0 0
16042.5 0 0
16043.5 0 0
16044.5 0 0
16045.5 0 0
16046.5 0 0
16047.5 0 0
16048.5 1 1
16049.5 0 0
16050.5 0 0
16051.5 0 0
16052.5 0 0
16053.5 0 0
16054.5 0 0
16055.5 0 0
16056.5 0 0
16057.5 1 1
16058.5 0 0
16059.5 0 0
16060.5 0 0
16061.5 0 0
16062.5 0 0
16063.5 0 0
16064.5 0 0
16065.5 0 0
16066.5 0 0
16067.5 1 1
16068.5 0 0
16069.5 0 0
16070.5 0 0
16071.5 0 0
16072.5 0 0
16073.5 1 1
16074.5 0 0
16075.5 0 0
16076.5 0 0
16077.5 0 0
16078.5 1 1
16079.5 1 1
16080.5 0 0
16081.5 0 0
16082.5 1 1
16083.5 0 0
16084.5 0 0
16085.5 0 0
16086.5 0 0
16087.5 0 0
16088.5 0 0
16089.5 1 1
16090.5 1 1
16091.5 1 1
16092.5 0 0
16093.5 0 0
16094.5 0 0
16095.5 0 0
16096.5 0 0
16097.5 0 0
16098.5 0 0
16099.5 0 0
16100.5 1 1
16101.5 0 0
16102.5 0 0
16103.5 0 0
16104.5 0 0
16105.5 0 0
16106.5 1 1
16107.5 1 1
16108.5 0 0
16109.5 0 0
16110.5 0 0
16111.5 0 0
16112.5 0 0
16113.5 0 0
16114.5 0 0
16115.5 0 0
16116.5 0 0
16117.5 1 1
16118.5 0 0
16119.5 1 1
16120.5 0 0
16121.5 0 0
16122.5 0 0
16123.5 1 1
16124.5 0 0
16125.5 0 0
16126.5 0 0
16127.5 0 0
16128.5 0 0
16129.5 1 1
16130.5 0 0
16131.5 0 0
16132.5 1 1
16133.5 0 0
16134.5 0 0
16135.5 1 1
16136.5 0 0
16137.5 0 0
16138.5 0 0
16139.5 0 0
16140.5 0 0
16141.5 0 0
16142.5 1 1
16143.5 0 0
16144.5 1 1
16145.5 0 0
16146.5 0 0
16147.5 1 1
16148.5 0 0
16149.5 0 0
16150.5 0 0
16151.5 0 0
16152.5 0 0
16153.5 0 0
16154.5 0 0
16155.5 0 0
16156.5 1 1
16157.5 0 0
16158.5 1 1
16159.5 1 1
16160.5 2 1.41421
16161.5 2 1.41421
16162.5 0 0
16163.5 0 0
16164.5 2 1.41421
16165.5 0 0
16166.5 0 0
16167.5 1 1
16168.5 0 0
16169.5 0 0
16170.5 0 0
16171.5 1 1
16172.5 0 0
16173.5 0 0
16174.5 1 1
16175.5 0 0
16176.5 0 0
16177.5 0 0
16178.5 2 1.41421
16179.5 0 0
16180.5 0 0
16181.5 0 0
16182.5 0 0
16183.5 0 0
16184.5 1 1
16185.5 1 1
16186.5 1 1
16187.5 0 0
16188.5 0 0
16189.5 0 0
16190.5 0 0
16191.5 0 0
16192.5 0 0
16193.5 0 0
16194.5 0 0
16195.5 1 1
16196.5 0 0
16197.5 0 0
16198.5 0 0
16199.5 0 0
16200.5 0 0
16201.5 0 0
16202.5 0 0
16203.5 0 0
16204.5 0 0
16205.5 0 0
16206.5 1 1
16207.5 0 0
16208.5 0 0
16209.5 0 0
16210.5 0 0
16211.5 0 0
16212.5 0 0
16213.5 0 0
16214.5 0 0
16215.5 0 0
16216.5 0 0
16217.5 1 1
16218.5 1 1
16219.5 0 0
16220.5 0 0
16221.5 0 0
16222.5 0 0
16223.5 1 1
16224.5 0 0
16225.5 0 0
16226.5 0 0
16227.5 0 0
16228.5 0 0
16229.5 0 0
16230.5 0 0
16231.5 0 0
16232.5 0 0
16233.5 0 0
16234.5 0 0
16235.5 0 0
16236.5 0 0
16237.5 0 0
16238.5 0 0
16239.5 0 0
16240.5 0 0
16241.5 0 0
16242.5 0 0
16243.5 0 0
16244.5 0 0
16245.5 1 1
16246.5 0 0
16247.5 0 0
16248.5 1 1
16249.5 0 0
16250.5 0 0
16251.5 1 1
16252.5 0 0
16253.5 0 0
16254.5 0 0
16255.5 0 0
16256.5 0 0
16257.5 1 1
16258.5 0 0
16259.5 0 0
16260.5 0 0
16261.5 0 0
16262.5 0 0
16263.5 0 0
16264.5 0 0
16265.5 0 0
16266.5 0 0
16267.5 0 0
16268.5 0 0
16269.5 0 0
16270.5 0 0
16271.5 0 0
16272.5 2 1.41421
16273.5 0 0
16274.5 1 1
16275.5 0 0
16276.5 0 0
16277.5 0 0
16278.5 1 1
16279.5 0 0
16280.5 0 0
16281.5 0 0
16282.5 0 0
16283.5 0 0
16284.5 0 0
16285.5 0 0
16286.5 0 0
16287.5 0 0
16288.5 0 0
16289.5 0 0
16290.5 0 0
16291.5 0 0
16292.5 0 0
16293.5 0 0
16294.5 0 0
16295.5 0 0
16296.5 0 0
16297.5 0 0
16298.5 0 0
16299.5 0 0
16300.5 0 0
16301.5 0 0
16302.5 0 0
16303.5 0 0
16304.5 0 0
16305.5 0 0
16306.5 0 0
16307.5 1 1
16308.5 0 0
16309.5 0 0
16310.5 0 0
16311.5 0 0
16312.5 0 0
16313.5 1 1
16314.5 0 0
16315.5 0 0
16316.5 0 0
16317.5 0 0
16318.5 0 0
16319.5 1 1
16320.5 0 0
16321.5 0 0
16322.5 0 0
16323.5 1 1
16324.5 0 0
16325.5 0 0
16326.5 0 0
16327.5 0 0
16328.5 0 0
16329.5 0 0
16330.5 0 0
16331.5 0 0
16332.5 0 0
16333.5 0 0
16334.5 1 1
16335.5 0 0
16336.5 0 0
16337.5 0 0
16338.5 0 0
16339.5 0 0
16340.5 1 1
16341.5 0 0
16342.5 0 0
16343.5 0 0
16344.5 0 0
16345.5 0 0
16346.5 1 1
16347.5 0 0
16348.5 0 0
16349.5 0 0
16350.5 0 0
16351.5 0 0
16352.5 0 0
16353.5 0 0
16354.5 1 1
16355.5 0 0
16356.5 0 0
16357.5 1 1
16358.5 0 0
16359.5 0 0
16360.5 0 0
16361.5 0 0
16362.5 1 1
16363.5 0 0
16364.5 0 0
16365.5 0 0
16366.5 0 0
16367.5 0 0
16368.5 0 0
16369.5 0 0
16370.5 0 0
16371.5 0 0
16372.5 0 0
16373.5 0 0
16374.5 0 0
16375.5 0 0
16376.5 2 1.41421
16377.5 0 0
16378.5 1 1
16379.5 0 0
16380.5 0 0
16381.5 0 0
16382.5 0 0
16383.5 1 1
