# Histogram: 112
# File: K47_T1_004-0.his
#X  N  dN
0.5 23636 153.74
1.5 1 1
2.5 0 0
3.5 0 0
4.5 1 1
5.5 0 0
6.5 1 1
7.5 2 1.41421
8.5 1 1
9.5 1 1
10.5 1 1
11.5 4 2
12.5 2 1.41421
13.5 2 1.41421
14.5 4 2
15.5 0 0
16.5 2 1.41421
17.5 0 0
18.5 2 1.41421
19.5 3 1.73205
20.5 3 1.73205
21.5 2 1.41421
22.5 3 1.73205
23.5 1 1
24.5 3 1.73205
25.5 5 2.23607
26.5 7 2.64575
27.5 0 0
28.5 6 2.44949
29.5 3 1.73205
30.5 4 2
31.5 8 2.82843
32.5 4 2
33.5 6 2.44949
34.5 7 2.64575
35.5 8 2.82843
36.5 8 2.82843
37.5 7 2.64575
38.5 5 2.23607
39.5 13 3.60555
40.5 9 3
41.5 11 3.31662
42.5 6 2.44949
43.5 10 3.16228
44.5 14 3.74166
45.5 13 3.60555
46.5 14 3.74166
47.5 15 3.87298
48.5 13 3.60555
49.5 12 3.4641
50.5 12 3.4641
51.5 29 5.38516
52.5 17 4.12311
53.5 13 3.60555
54.5 14 3.74166
55.5 25 5
56.5 19 4.3589
57.5 20 4.47214
58.5 27 5.19615
59.5 30 5.47723
60.5 39 6.245
61.5 36 6
62.5 38 6.16441
63.5 41 6.40312
64.5 27 5.19615
65.5 43 6.55744
66.5 42 6.48074
67.5 53 7.28011
68.5 53 7.28011
69.5 53 7.28011
70.5 49 7
71.5 41 6.40312
72.5 53 7.28011
73.5 55 7.4162
74.5 59 7.68115
75.5 65 8.06226
76.5 67 8.18535
77.5 76 8.7178
78.5 64 8
79.5 77 8.77496
80.5 75 8.66025
81.5 84 9.16515
82.5 96 9.79796
83.5 89 9.43398
84.5 111 10.5357
85.5 107 10.3441
86.5 96 9.79796
87.5 115 10.7238
88.5 108 10.3923
89.5 123 11.0905
90.5 158 12.5698
91.5 128 11.3137
92.5 134 11.5758
93.5 154 12.4097
94.5 134 11.5758
95.5 154 12.4097
96.5 164 12.8062
97.5 179 13.3791
98.5 192 13.8564
99.5 155 12.4499
100.5 198 14.0712
101.5 202 14.2127
102.5 190 13.784
103.5 219 14.7986
104.5 230 15.1658
105.5 224 14.9666
106.5 257 16.0312
107.5 224 14.9666
108.5 241 15.5242
109.5 222 14.8997
110.5 282 16.7929
111.5 268 16.3707
112.5 257 16.0312
113.5 285 16.8819
114.5 272 16.4924
115.5 275 16.5831
116.5 288 16.9706
117.5 345 18.5742
118.5 321 17.9165
119.5 304 17.4356
120.5 345 18.5742
121.5 338 18.3848
122.5 323 17.9722
123.5 354 18.8149
124.5 352 18.7617
125.5 335 18.303
126.5 350 18.7083
127.5 361 19
128.5 342 18.4932
129.5 339 18.412
130.5 340 18.4391
131.5 388 19.6977
132.5 417 20.4206
133.5 390 19.7484
134.5 398 19.9499
135.5 398 19.9499
136.5 429 20.7123
137.5 380 19.4936
138.5 436 20.8806
139.5 404 20.0998
140.5 406 20.1494
141.5 457 21.3776
142.5 408 20.199
143.5 443 21.0476
144.5 445 21.095
145.5 469 21.6564
146.5 418 20.445
147.5 441 21
148.5 457 21.3776
149.5 451 21.2368
150.5 426 20.6398
151.5 436 20.8806
152.5 462 21.4942
153.5 458 21.4009
154.5 503 22.4277
155.5 451 21.2368
156.5 476 21.8174
157.5 448 21.166
158.5 443 21.0476
159.5 454 21.3073
160.5 457 21.3776
161.5 519 22.7816
162.5 492 22.1811
163.5 465 21.5639
164.5 497 22.2935
165.5 485 22.0227
166.5 457 21.3776
167.5 491 22.1585
168.5 482 21.9545
169.5 476 21.8174
170.5 478 21.8632
171.5 487 22.0681
172.5 471 21.7025
173.5 487 22.0681
174.5 483 21.9773
175.5 505 22.4722
176.5 516 22.7156
177.5 522 22.8473
178.5 505 22.4722
179.5 509 22.561
180.5 463 21.5174
181.5 535 23.1301
182.5 521 22.8254
183.5 515 22.6936
184.5 455 21.3307
185.5 518 22.7596
186.5 497 22.2935
187.5 489 22.1133
188.5 550 23.4521
189.5 494 22.2261
190.5 536 23.1517
191.5 513 22.6495
192.5 522 22.8473
193.5 536 23.1517
194.5 548 23.4094
195.5 517 22.7376
196.5 505 22.4722
197.5 521 22.8254
198.5 524 22.891
199.5 554 23.5372
200.5 558 23.622
201.5 560 23.6643
202.5 536 23.1517
203.5 552 23.4947
204.5 539 23.2164
205.5 562 23.7065
206.5 508 22.5389
207.5 585 24.1868
208.5 534 23.1084
209.5 534 23.1084
210.5 552 23.4947
211.5 553 23.516
212.5 494 22.2261
213.5 555 23.5584
214.5 535 23.1301
215.5 527 22.9565
216.5 562 23.7065
217.5 517 22.7376
218.5 568 23.8328
219.5 529 23
220.5 569 23.8537
221.5 556 23.5797
222.5 523 22.8692
223.5 523 22.8692
224.5 611 24.7184
225.5 558 23.622
226.5 572 23.9165
227.5 553 23.516
228.5 584 24.1661
229.5 548 23.4094
230.5 573 23.9374
231.5 589 24.2693
232.5 548 23.4094
233.5 531 23.0434
234.5 585 24.1868
235.5 586 24.2074
236.5 576 24
237.5 556 23.5797
238.5 565 23.7697
239.5 601 24.5153
240.5 598 24.454
241.5 585 24.1868
242.5 563 23.7276
243.5 559 23.6432
244.5 614 24.779
245.5 553 23.516
246.5 611 24.7184
247.5 545 23.3452
248.5 577 24.0208
249.5 590 24.2899
250.5 574 23.9583
251.5 561 23.6854
252.5 579 24.0624
253.5 580 24.0832
254.5 585 24.1868
255.5 596 24.4131
256.5 575 23.9792
257.5 595 24.3926
258.5 599 24.4745
259.5 585 24.1868
260.5 607 24.6374
261.5 574 23.9583
262.5 558 23.622
263.5 582 24.1247
264.5 559 23.6432
265.5 573 23.9374
266.5 606 24.6171
267.5 591 24.3105
268.5 594 24.3721
269.5 553 23.516
270.5 588 24.2487
271.5 606 24.6171
272.5 598 24.454
273.5 604 24.5764
274.5 600 24.4949
275.5 602 24.5357
276.5 633 25.1595
277.5 630 25.0998
278.5 604 24.5764
279.5 606 24.6171
280.5 616 24.8193
281.5 613 24.7588
282.5 627 25.04
283.5 653 25.5539
284.5 617 24.8395
285.5 628 25.0599
286.5 647 25.4362
287.5 589 24.2693
288.5 620 24.8998
289.5 615 24.7992
290.5 592 24.3311
291.5 627 25.04
292.5 596 24.4131
293.5 645 25.3969
294.5 656 25.6125
295.5 629 25.0799
296.5 607 24.6374
297.5 651 25.5147
298.5 653 25.5539
299.5 641 25.318
300.5 618 24.8596
301.5 627 25.04
302.5 633 25.1595
303.5 664 25.7682
304.5 612 24.7386
305.5 577 24.0208
306.5 653 25.5539
307.5 617 24.8395
308.5 595 24.3926
309.5 614 24.779
310.5 670 25.8844
311.5 632 25.1396
312.5 596 24.4131
313.5 574 23.9583
314.5 638 25.2587
315.5 620 24.8998
316.5 649 25.4755
317.5 610 24.6982
318.5 656 25.6125
319.5 632 25.1396
320.5 623 24.96
321.5 594 24.3721
322.5 649 25.4755
323.5 648 25.4558
324.5 660 25.6905
325.5 652 25.5343
326.5 608 24.6577
327.5 563 23.7276
328.5 664 25.7682
329.5 647 25.4362
330.5 665 25.7876
331.5 626 25.02
332.5 661 25.7099
333.5 655 25.593
334.5 681 26.096
335.5 709 26.6271
336.5 679 26.0576
337.5 666 25.807
338.5 653 25.5539
339.5 669 25.865
340.5 623 24.96
341.5 674 25.9615
342.5 669 25.865
343.5 645 25.3969
344.5 689 26.2488
345.5 690 26.2679
346.5 637 25.2389
347.5 653 25.5539
348.5 621 24.9199
349.5 651 25.5147
350.5 659 25.671
351.5 645 25.3969
352.5 652 25.5343
353.5 705 26.5518
354.5 644 25.3772
355.5 659 25.671
356.5 716 26.7582
357.5 686 26.1916
358.5 680 26.0768
359.5 657 25.632
360.5 688 26.2298
361.5 693 26.3249
362.5 626 25.02
363.5 659 25.671
364.5 689 26.2488
365.5 650 25.4951
366.5 670 25.8844
367.5 684 26.1534
368.5 672 25.923
369.5 665 25.7876
370.5 681 26.096
371.5 700 26.4575
372.5 653 25.5539
373.5 674 25.9615
374.5 685 26.1725
375.5 663 25.7488
376.5 722 26.8701
377.5 702 26.4953
378.5 714 26.7208
379.5 694 26.3439
380.5 687 26.2107
381.5 691 26.2869
382.5 668 25.8457
383.5 681 26.096
384.5 704 26.533
385.5 718 26.7955
386.5 674 25.9615
387.5 632 25.1396
388.5 654 25.5734
389.5 711 26.6646
390.5 683 26.1343
391.5 695 26.3629
392.5 695 26.3629
393.5 681 26.096
394.5 717 26.7769
395.5 685 26.1725
396.5 719 26.8142
397.5 696 26.3818
398.5 720 26.8328
399.5 724 26.9072
400.5 722 26.8701
401.5 767 27.6948
402.5 717 26.7769
403.5 720 26.8328
404.5 736 27.1293
405.5 630 25.0998
406.5 709 26.6271
407.5 711 26.6646
408.5 650 25.4951
409.5 734 27.0924
410.5 713 26.7021
411.5 691 26.2869
412.5 700 26.4575
413.5 676 26
414.5 700 26.4575
415.5 719 26.8142
416.5 721 26.8514
417.5 709 26.6271
418.5 673 25.9422
419.5 726 26.9444
420.5 737 27.1477
421.5 740 27.2029
422.5 705 26.5518
423.5 735 27.1109
424.5 700 26.4575
425.5 718 26.7955
426.5 684 26.1534
427.5 688 26.2298
428.5 712 26.6833
429.5 775 27.8388
430.5 738 27.1662
431.5 736 27.1293
432.5 727 26.9629
433.5 690 26.2679
434.5 666 25.807
435.5 784 28
436.5 760 27.5681
437.5 738 27.1662
438.5 723 26.8887
439.5 701 26.4764
440.5 750 27.3861
441.5 706 26.5707
442.5 685 26.1725
443.5 731 27.037
444.5 703 26.5141
445.5 710 26.6458
446.5 743 27.258
447.5 751 27.4044
448.5 738 27.1662
449.5 713 26.7021
450.5 767 27.6948
451.5 723 26.8887
452.5 718 26.7955
453.5 717 26.7769
454.5 718 26.7955
455.5 706 26.5707
456.5 710 26.6458
457.5 774 27.8209
458.5 679 26.0576
459.5 754 27.4591
460.5 746 27.313
461.5 765 27.6586
462.5 738 27.1662
463.5 793 28.1603
464.5 725 26.9258
465.5 703 26.5141
466.5 769 27.7308
467.5 741 27.2213
468.5 778 27.8927
469.5 734 27.0924
470.5 726 26.9444
471.5 730 27.0185
472.5 741 27.2213
473.5 746 27.313
474.5 750 27.3861
475.5 732 27.0555
476.5 738 27.1662
477.5 711 26.6646
478.5 721 26.8514
479.5 723 26.8887
480.5 681 26.096
481.5 774 27.8209
482.5 753 27.4408
483.5 701 26.4764
484.5 734 27.0924
485.5 767 27.6948
486.5 741 27.2213
487.5 752 27.4226
488.5 740 27.2029
489.5 687 26.2107
490.5 737 27.1477
491.5 746 27.313
492.5 689 26.2488
493.5 734 27.0924
494.5 724 26.9072
495.5 795 28.1957
496.5 780 27.9285
497.5 710 26.6458
498.5 808 28.4253
499.5 760 27.5681
500.5 766 27.6767
501.5 803 28.3373
502.5 773 27.8029
503.5 728 26.9815
504.5 718 26.7955
505.5 780 27.9285
506.5 788 28.0713
507.5 764 27.6405
508.5 742 27.2397
509.5 762 27.6043
510.5 746 27.313
511.5 823 28.688
512.5 769 27.7308
513.5 741 27.2213
514.5 748 27.3496
515.5 767 27.6948
516.5 741 27.2213
517.5 719 26.8142
518.5 723 26.8887
519.5 786 28.0357
520.5 716 26.7582
521.5 763 27.6225
522.5 725 26.9258
523.5 769 27.7308
524.5 736 27.1293
525.5 752 27.4226
526.5 782 27.9643
527.5 766 27.6767
528.5 775 27.8388
529.5 789 28.0891
530.5 750 27.3861
531.5 790 28.1069
532.5 762 27.6043
533.5 795 28.1957
534.5 793 28.1603
535.5 752 27.4226
536.5 818 28.6007
537.5 796 28.2135
538.5 774 27.8209
539.5 757 27.5136
540.5 728 26.9815
541.5 752 27.4226
542.5 762 27.6043
543.5 767 27.6948
544.5 750 27.3861
545.5 771 27.7669
546.5 731 27.037
547.5 808 28.4253
548.5 746 27.313
549.5 785 28.0179
550.5 789 28.0891
551.5 763 27.6225
552.5 759 27.55
553.5 782 27.9643
554.5 781 27.9464
555.5 762 27.6043
556.5 744 27.2764
557.5 789 28.0891
558.5 794 28.178
559.5 757 27.5136
560.5 804 28.3549
561.5 770 27.7489
562.5 732 27.0555
563.5 784 28
564.5 743 27.258
565.5 812 28.4956
566.5 770 27.7489
567.5 843 29.0345
568.5 801 28.3019
569.5 735 27.1109
570.5 810 28.4605
571.5 739 27.1846
572.5 750 27.3861
573.5 744 27.2764
574.5 799 28.2666
575.5 829 28.7924
576.5 773 27.8029
577.5 820 28.6356
578.5 723 26.8887
579.5 757 27.5136
580.5 809 28.4429
581.5 794 28.178
582.5 836 28.9137
583.5 806 28.3901
584.5 783 27.9821
585.5 792 28.1425
586.5 787 28.0535
587.5 812 28.4956
588.5 755 27.4773
589.5 798 28.2489
590.5 791 28.1247
591.5 788 28.0713
592.5 766 27.6767
593.5 819 28.6182
594.5 853 29.2062
595.5 840 28.9828
596.5 786 28.0357
597.5 836 28.9137
598.5 864 29.3939
599.5 761 27.5862
600.5 771 27.7669
601.5 787 28.0535
602.5 846 29.0861
603.5 810 28.4605
604.5 765 27.6586
605.5 817 28.5832
606.5 826 28.7402
607.5 791 28.1247
608.5 756 27.4955
609.5 825 28.7228
610.5 812 28.4956
611.5 784 28
612.5 787 28.0535
613.5 773 27.8029
614.5 802 28.3196
615.5 811 28.4781
616.5 803 28.3373
617.5 728 26.9815
618.5 785 28.0179
619.5 838 28.9482
620.5 791 28.1247
621.5 798 28.2489
622.5 815 28.5482
623.5 850 29.1548
624.5 822 28.6705
625.5 784 28
626.5 803 28.3373
627.5 842 29.0172
628.5 829 28.7924
629.5 805 28.3725
630.5 790 28.1069
631.5 796 28.2135
632.5 819 28.6182
633.5 868 29.4618
634.5 855 29.2404
635.5 811 28.4781
636.5 813 28.5132
637.5 828 28.775
638.5 828 28.775
639.5 833 28.8617
640.5 780 27.9285
641.5 843 29.0345
642.5 823 28.688
643.5 832 28.8444
644.5 840 28.9828
645.5 826 28.7402
646.5 870 29.4958
647.5 821 28.6531
648.5 783 27.9821
649.5 865 29.4109
650.5 816 28.5657
651.5 807 28.4077
652.5 883 29.7153
653.5 815 28.5482
654.5 813 28.5132
655.5 813 28.5132
656.5 810 28.4605
657.5 828 28.775
658.5 784 28
659.5 863 29.3769
660.5 841 29
661.5 842 29.0172
662.5 827 28.7576
663.5 828 28.775
664.5 862 29.3598
665.5 816 28.5657
666.5 830 28.8097
667.5 783 27.9821
668.5 812 28.4956
669.5 853 29.2062
670.5 786 28.0357
671.5 818 28.6007
672.5 826 28.7402
673.5 819 28.6182
674.5 829 28.7924
675.5 818 28.6007
676.5 881 29.6816
677.5 813 28.5132
678.5 853 29.2062
679.5 846 29.0861
680.5 860 29.3258
681.5 859 29.3087
682.5 844 29.0517
683.5 855 29.2404
684.5 830 28.8097
685.5 804 28.3549
686.5 820 28.6356
687.5 837 28.931
688.5 767 27.6948
689.5 782 27.9643
690.5 831 28.8271
691.5 818 28.6007
692.5 835 28.8964
693.5 804 28.3549
694.5 804 28.3549
695.5 789 28.0891
696.5 781 27.9464
697.5 863 29.3769
698.5 845 29.0689
699.5 867 29.4449
700.5 823 28.688
701.5 840 28.9828
702.5 851 29.1719
703.5 813 28.5132
704.5 843 29.0345
705.5 793 28.1603
706.5 830 28.8097
707.5 850 29.1548
708.5 810 28.4605
709.5 881 29.6816
710.5 817 28.5832
711.5 824 28.7054
712.5 835 28.8964
713.5 838 28.9482
714.5 830 28.8097
715.5 852 29.189
716.5 794 28.178
717.5 810 28.4605
718.5 821 28.6531
719.5 839 28.9655
720.5 812 28.4956
721.5 823 28.688
722.5 808 28.4253
723.5 795 28.1957
724.5 886 29.7658
725.5 853 29.2062
726.5 834 28.8791
727.5 850 29.1548
728.5 813 28.5132
729.5 894 29.8998
730.5 836 28.9137
731.5 803 28.3373
732.5 814 28.5307
733.5 793 28.1603
734.5 830 28.8097
735.5 830 28.8097
736.5 837 28.931
737.5 810 28.4605
738.5 807 28.4077
739.5 838 28.9482
740.5 813 28.5132
741.5 816 28.5657
742.5 872 29.5296
743.5 832 28.8444
744.5 834 28.8791
745.5 822 28.6705
746.5 840 28.9828
747.5 831 28.8271
748.5 870 29.4958
749.5 839 28.9655
750.5 819 28.6182
751.5 840 28.9828
752.5 759 27.55
753.5 814 28.5307
754.5 829 28.7924
755.5 829 28.7924
756.5 788 28.0713
757.5 848 29.1204
758.5 811 28.4781
759.5 822 28.6705
760.5 807 28.4077
761.5 846 29.0861
762.5 868 29.4618
763.5 867 29.4449
764.5 915 30.249
765.5 796 28.2135
766.5 810 28.4605
767.5 814 28.5307
768.5 831 28.8271
769.5 846 29.0861
770.5 819 28.6182
771.5 832 28.8444
772.5 862 29.3598
773.5 808 28.4253
774.5 812 28.4956
775.5 856 29.2575
776.5 844 29.0517
777.5 854 29.2233
778.5 819 28.6182
779.5 856 29.2575
780.5 818 28.6007
781.5 791 28.1247
782.5 791 28.1247
783.5 821 28.6531
784.5 840 28.9828
785.5 783 27.9821
786.5 857 29.2746
787.5 786 28.0357
788.5 846 29.0861
789.5 891 29.8496
790.5 825 28.7228
791.5 775 27.8388
792.5 777 27.8747
793.5 890 29.8329
794.5 813 28.5132
795.5 773 27.8029
796.5 855 29.2404
797.5 828 28.775
798.5 809 28.4429
799.5 800 28.2843
800.5 821 28.6531
801.5 837 28.931
802.5 823 28.688
803.5 837 28.931
804.5 868 29.4618
805.5 805 28.3725
806.5 779 27.9106
807.5 898 29.9666
808.5 827 28.7576
809.5 819 28.6182
810.5 758 27.5318
811.5 806 28.3901
812.5 793 28.1603
813.5 791 28.1247
814.5 825 28.7228
815.5 806 28.3901
816.5 798 28.2489
817.5 796 28.2135
818.5 859 29.3087
819.5 869 29.4788
820.5 771 27.7669
821.5 843 29.0345
822.5 813 28.5132
823.5 829 28.7924
824.5 805 28.3725
825.5 811 28.4781
826.5 854 29.2233
827.5 840 28.9828
828.5 814 28.5307
829.5 799 28.2666
830.5 807 28.4077
831.5 841 29
832.5 745 27.2947
833.5 789 28.0891
834.5 761 27.5862
835.5 802 28.3196
836.5 842 29.0172
837.5 793 28.1603
838.5 828 28.775
839.5 783 27.9821
840.5 857 29.2746
841.5 814 28.5307
842.5 796 28.2135
843.5 834 28.8791
844.5 814 28.5307
845.5 844 29.0517
846.5 797 28.2312
847.5 788 28.0713
848.5 869 29.4788
849.5 814 28.5307
850.5 750 27.3861
851.5 754 27.4591
852.5 859 29.3087
853.5 794 28.178
854.5 810 28.4605
855.5 853 29.2062
856.5 779 27.9106
857.5 796 28.2135
858.5 735 27.1109
859.5 793 28.1603
860.5 802 28.3196
861.5 771 27.7669
862.5 794 28.178
863.5 809 28.4429
864.5 813 28.5132
865.5 831 28.8271
866.5 808 28.4253
867.5 764 27.6405
868.5 829 28.7924
869.5 819 28.6182
870.5 804 28.3549
871.5 753 27.4408
872.5 781 27.9464
873.5 809 28.4429
874.5 807 28.4077
875.5 800 28.2843
876.5 778 27.8927
877.5 780 27.9285
878.5 852 29.189
879.5 782 27.9643
880.5 777 27.8747
881.5 798 28.2489
882.5 715 26.7395
883.5 822 28.6705
884.5 808 28.4253
885.5 774 27.8209
886.5 821 28.6531
887.5 781 27.9464
888.5 813 28.5132
889.5 824 28.7054
890.5 804 28.3549
891.5 824 28.7054
892.5 788 28.0713
893.5 822 28.6705
894.5 802 28.3196
895.5 797 28.2312
896.5 809 28.4429
897.5 819 28.6182
898.5 811 28.4781
899.5 749 27.3679
900.5 821 28.6531
901.5 781 27.9464
902.5 761 27.5862
903.5 763 27.6225
904.5 774 27.8209
905.5 825 28.7228
906.5 785 28.0179
907.5 777 27.8747
908.5 756 27.4955
909.5 816 28.5657
910.5 781 27.9464
911.5 795 28.1957
912.5 801 28.3019
913.5 744 27.2764
914.5 817 28.5832
915.5 818 28.6007
916.5 809 28.4429
917.5 819 28.6182
918.5 780 27.9285
919.5 761 27.5862
920.5 782 27.9643
921.5 796 28.2135
922.5 746 27.313
923.5 823 28.688
924.5 775 27.8388
925.5 791 28.1247
926.5 786 28.0357
927.5 750 27.3861
928.5 775 27.8388
929.5 777 27.8747
930.5 826 28.7402
931.5 823 28.688
932.5 837 28.931
933.5 816 28.5657
934.5 778 27.8927
935.5 819 28.6182
936.5 871 29.5127
937.5 809 28.4429
938.5 790 28.1069
939.5 848 29.1204
940.5 791 28.1247
941.5 779 27.9106
942.5 821 28.6531
943.5 791 28.1247
944.5 803 28.3373
945.5 854 29.2233
946.5 745 27.2947
947.5 793 28.1603
948.5 830 28.8097
949.5 797 28.2312
950.5 840 28.9828
951.5 811 28.4781
952.5 743 27.258
953.5 847 29.1033
954.5 825 28.7228
955.5 824 28.7054
956.5 777 27.8747
957.5 824 28.7054
958.5 833 28.8617
959.5 791 28.1247
960.5 832 28.8444
961.5 773 27.8029
962.5 799 28.2666
963.5 850 29.1548
964.5 827 28.7576
965.5 789 28.0891
966.5 816 28.5657
967.5 799 28.2666
968.5 830 28.8097
969.5 825 28.7228
970.5 868 29.4618
971.5 846 29.0861
972.5 812 28.4956
973.5 852 29.189
974.5 846 29.0861
975.5 855 29.2404
976.5 875 29.5804
977.5 879 29.6479
978.5 821 28.6531
979.5 862 29.3598
980.5 849 29.1376
981.5 812 28.4956
982.5 808 28.4253
983.5 804 28.3549
984.5 886 29.7658
985.5 848 29.1204
986.5 869 29.4788
987.5 823 28.688
988.5 849 29.1376
989.5 857 29.2746
990.5 835 28.8964
991.5 851 29.1719
992.5 890 29.8329
993.5 855 29.2404
994.5 854 29.2233
995.5 876 29.5973
996.5 889 29.8161
997.5 869 29.4788
998.5 879 29.6479
999.5 846 29.0861
1000.5 888 29.7993
1001.5 862 29.3598
1002.5 902 30.0333
1003.5 902 30.0333
1004.5 888 29.7993
1005.5 871 29.5127
1006.5 912 30.1993
1007.5 915 30.249
1008.5 911 30.1828
1009.5 931 30.5123
1010.5 912 30.1993
1011.5 841 29
1012.5 878 29.6311
1013.5 888 29.7993
1014.5 838 28.9482
1015.5 866 29.4279
1016.5 937 30.6105
1017.5 863 29.3769
1018.5 869 29.4788
1019.5 869 29.4788
1020.5 888 29.7993
1021.5 889 29.8161
1022.5 807 28.4077
1023.5 890 29.8329
1024.5 899 29.9833
1025.5 893 29.8831
1026.5 912 30.1993
1027.5 903 30.05
1028.5 908 30.133
1029.5 870 29.4958
1030.5 862 29.3598
1031.5 884 29.7321
1032.5 860 29.3258
1033.5 892 29.8664
1034.5 859 29.3087
1035.5 904 30.0666
1036.5 871 29.5127
1037.5 889 29.8161
1038.5 856 29.2575
1039.5 887 29.7825
1040.5 858 29.2916
1041.5 852 29.189
1042.5 861 29.3428
1043.5 860 29.3258
1044.5 843 29.0345
1045.5 835 28.8964
1046.5 859 29.3087
1047.5 890 29.8329
1048.5 875 29.5804
1049.5 865 29.4109
1050.5 890 29.8329
1051.5 880 29.6648
1052.5 835 28.8964
1053.5 810 28.4605
1054.5 880 29.6648
1055.5 823 28.688
1056.5 814 28.5307
1057.5 860 29.3258
1058.5 876 29.5973
1059.5 841 29
1060.5 893 29.8831
1061.5 835 28.8964
1062.5 861 29.3428
1063.5 824 28.7054
1064.5 863 29.3769
1065.5 847 29.1033
1066.5 873 29.5466
1067.5 820 28.6356
1068.5 854 29.2233
1069.5 853 29.2062
1070.5 839 28.9655
1071.5 854 29.2233
1072.5 769 27.7308
1073.5 835 28.8964
1074.5 830 28.8097
1075.5 819 28.6182
1076.5 834 28.8791
1077.5 824 28.7054
1078.5 777 27.8747
1079.5 851 29.1719
1080.5 823 28.688
1081.5 830 28.8097
1082.5 841 29
1083.5 824 28.7054
1084.5 787 28.0535
1085.5 877 29.6142
1086.5 761 27.5862
1087.5 808 28.4253
1088.5 790 28.1069
1089.5 836 28.9137
1090.5 836 28.9137
1091.5 833 28.8617
1092.5 793 28.1603
1093.5 782 27.9643
1094.5 810 28.4605
1095.5 849 29.1376
1096.5 773 27.8029
1097.5 754 27.4591
1098.5 827 28.7576
1099.5 790 28.1069
1100.5 787 28.0535
1101.5 775 27.8388
1102.5 808 28.4253
1103.5 781 27.9464
1104.5 842 29.0172
1105.5 783 27.9821
1106.5 775 27.8388
1107.5 777 27.8747
1108.5 800 28.2843
1109.5 841 29
1110.5 803 28.3373
1111.5 835 28.8964
1112.5 777 27.8747
1113.5 731 27.037
1114.5 777 27.8747
1115.5 739 27.1846
1116.5 757 27.5136
1117.5 807 28.4077
1118.5 737 27.1477
1119.5 801 28.3019
1120.5 819 28.6182
1121.5 808 28.4253
1122.5 793 28.1603
1123.5 742 27.2397
1124.5 783 27.9821
1125.5 728 26.9815
1126.5 763 27.6225
1127.5 760 27.5681
1128.5 806 28.3901
1129.5 754 27.4591
1130.5 765 27.6586
1131.5 783 27.9821
1132.5 717 26.7769
1133.5 774 27.8209
1134.5 752 27.4226
1135.5 791 28.1247
1136.5 753 27.4408
1137.5 713 26.7021
1138.5 757 27.5136
1139.5 777 27.8747
1140.5 715 26.7395
1141.5 718 26.7955
1142.5 751 27.4044
1143.5 721 26.8514
1144.5 760 27.5681
1145.5 741 27.2213
1146.5 730 27.0185
1147.5 740 27.2029
1148.5 713 26.7021
1149.5 708 26.6083
1150.5 740 27.2029
1151.5 740 27.2029
1152.5 696 26.3818
1153.5 771 27.7669
1154.5 749 27.3679
1155.5 771 27.7669
1156.5 752 27.4226
1157.5 778 27.8927
1158.5 727 26.9629
1159.5 722 26.8701
1160.5 721 26.8514
1161.5 696 26.3818
1162.5 688 26.2298
1163.5 688 26.2298
1164.5 669 25.865
1165.5 753 27.4408
1166.5 727 26.9629
1167.5 695 26.3629
1168.5 692 26.3059
1169.5 714 26.7208
1170.5 717 26.7769
1171.5 721 26.8514
1172.5 718 26.7955
1173.5 732 27.0555
1174.5 719 26.8142
1175.5 670 25.8844
1176.5 672 25.923
1177.5 700 26.4575
1178.5 692 26.3059
1179.5 692 26.3059
1180.5 725 26.9258
1181.5 750 27.3861
1182.5 729 27
1183.5 682 26.1151
1184.5 673 25.9422
1185.5 735 27.1109
1186.5 673 25.9422
1187.5 701 26.4764
1188.5 701 26.4764
1189.5 681 26.096
1190.5 670 25.8844
1191.5 690 26.2679
1192.5 675 25.9808
1193.5 672 25.923
1194.5 726 26.9444
1195.5 731 27.037
1196.5 684 26.1534
1197.5 707 26.5895
1198.5 675 25.9808
1199.5 699 26.4386
1200.5 703 26.5141
1201.5 630 25.0998
1202.5 721 26.8514
1203.5 722 26.8701
1204.5 655 25.593
1205.5 674 25.9615
1206.5 647 25.4362
1207.5 680 26.0768
1208.5 684 26.1534
1209.5 652 25.5343
1210.5 683 26.1343
1211.5 709 26.6271
1212.5 650 25.4951
1213.5 631 25.1197
1214.5 692 26.3059
1215.5 646 25.4165
1216.5 691 26.2869
1217.5 694 26.3439
1218.5 707 26.5895
1219.5 698 26.4197
1220.5 646 25.4165
1221.5 669 25.865
1222.5 654 25.5734
1223.5 705 26.5518
1224.5 698 26.4197
1225.5 682 26.1151
1226.5 671 25.9037
1227.5 638 25.2587
1228.5 657 25.632
1229.5 669 25.865
1230.5 629 25.0799
1231.5 647 25.4362
1232.5 665 25.7876
1233.5 676 26
1234.5 650 25.4951
1235.5 640 25.2982
1236.5 630 25.0998
1237.5 684 26.1534
1238.5 615 24.7992
1239.5 677 26.0192
1240.5 649 25.4755
1241.5 635 25.1992
1242.5 660 25.6905
1243.5 709 26.6271
1244.5 673 25.9422
1245.5 656 25.6125
1246.5 676 26
1247.5 632 25.1396
1248.5 665 25.7876
1249.5 633 25.1595
1250.5 707 26.5895
1251.5 683 26.1343
1252.5 636 25.219
1253.5 679 26.0576
1254.5 669 25.865
1255.5 666 25.807
1256.5 650 25.4951
1257.5 658 25.6515
1258.5 663 25.7488
1259.5 657 25.632
1260.5 614 24.779
1261.5 647 25.4362
1262.5 679 26.0576
1263.5 679 26.0576
1264.5 637 25.2389
1265.5 615 24.7992
1266.5 642 25.3377
1267.5 659 25.671
1268.5 644 25.3772
1269.5 686 26.1916
1270.5 646 25.4165
1271.5 664 25.7682
1272.5 634 25.1794
1273.5 657 25.632
1274.5 655 25.593
1275.5 633 25.1595
1276.5 658 25.6515
1277.5 658 25.6515
1278.5 645 25.3969
1279.5 645 25.3969
1280.5 673 25.9422
1281.5 643 25.3574
1282.5 622 24.9399
1283.5 683 26.1343
1284.5 655 25.593
1285.5 608 24.6577
1286.5 600 24.4949
1287.5 654 25.5734
1288.5 668 25.8457
1289.5 644 25.3772
1290.5 634 25.1794
1291.5 619 24.8797
1292.5 622 24.9399
1293.5 669 25.865
1294.5 641 25.318
1295.5 616 24.8193
1296.5 641 25.318
1297.5 660 25.6905
1298.5 669 25.865
1299.5 639 25.2784
1300.5 606 24.6171
1301.5 577 24.0208
1302.5 672 25.923
1303.5 614 24.779
1304.5 625 25
1305.5 623 24.96
1306.5 630 25.0998
1307.5 665 25.7876
1308.5 655 25.593
1309.5 669 25.865
1310.5 618 24.8596
1311.5 647 25.4362
1312.5 619 24.8797
1313.5 640 25.2982
1314.5 607 24.6374
1315.5 634 25.1794
1316.5 660 25.6905
1317.5 626 25.02
1318.5 629 25.0799
1319.5 635 25.1992
1320.5 616 24.8193
1321.5 653 25.5539
1322.5 613 24.7588
1323.5 614 24.779
1324.5 638 25.2587
1325.5 647 25.4362
1326.5 613 24.7588
1327.5 606 24.6171
1328.5 600 24.4949
1329.5 636 25.219
1330.5 602 24.5357
1331.5 671 25.9037
1332.5 620 24.8998
1333.5 604 24.5764
1334.5 612 24.7386
1335.5 638 25.2587
1336.5 602 24.5357
1337.5 657 25.632
1338.5 623 24.96
1339.5 625 25
1340.5 633 25.1595
1341.5 640 25.2982
1342.5 625 25
1343.5 614 24.779
1344.5 618 24.8596
1345.5 625 25
1346.5 592 24.3311
1347.5 611 24.7184
1348.5 591 24.3105
1349.5 614 24.779
1350.5 606 24.6171
1351.5 611 24.7184
1352.5 578 24.0416
1353.5 609 24.6779
1354.5 564 23.7487
1355.5 583 24.1454
1356.5 596 24.4131
1357.5 584 24.1661
1358.5 601 24.5153
1359.5 597 24.4336
1360.5 586 24.2074
1361.5 611 24.7184
1362.5 578 24.0416
1363.5 624 24.98
1364.5 613 24.7588
1365.5 581 24.1039
1366.5 596 24.4131
1367.5 614 24.779
1368.5 604 24.5764
1369.5 551 23.4734
1370.5 598 24.454
1371.5 587 24.2281
1372.5 608 24.6577
1373.5 563 23.7276
1374.5 593 24.3516
1375.5 574 23.9583
1376.5 611 24.7184
1377.5 574 23.9583
1378.5 584 24.1661
1379.5 602 24.5357
1380.5 581 24.1039
1381.5 562 23.7065
1382.5 537 23.1733
1383.5 602 24.5357
1384.5 576 24
1385.5 594 24.3721
1386.5 573 23.9374
1387.5 590 24.2899
1388.5 547 23.388
1389.5 585 24.1868
1390.5 602 24.5357
1391.5 600 24.4949
1392.5 578 24.0416
1393.5 587 24.2281
1394.5 614 24.779
1395.5 629 25.0799
1396.5 595 24.3926
1397.5 557 23.6008
1398.5 608 24.6577
1399.5 571 23.8956
1400.5 522 22.8473
1401.5 526 22.9347
1402.5 531 23.0434
1403.5 545 23.3452
1404.5 553 23.516
1405.5 564 23.7487
1406.5 589 24.2693
1407.5 553 23.516
1408.5 603 24.5561
1409.5 573 23.9374
1410.5 540 23.2379
1411.5 529 23
1412.5 523 22.8692
1413.5 567 23.8118
1414.5 578 24.0416
1415.5 561 23.6854
1416.5 574 23.9583
1417.5 553 23.516
1418.5 578 24.0416
1419.5 547 23.388
1420.5 568 23.8328
1421.5 544 23.3238
1422.5 576 24
1423.5 537 23.1733
1424.5 527 22.9565
1425.5 522 22.8473
1426.5 599 24.4745
1427.5 590 24.2899
1428.5 585 24.1868
1429.5 574 23.9583
1430.5 517 22.7376
1431.5 530 23.0217
1432.5 544 23.3238
1433.5 537 23.1733
1434.5 548 23.4094
1435.5 584 24.1661
1436.5 591 24.3105
1437.5 531 23.0434
1438.5 562 23.7065
1439.5 585 24.1868
1440.5 552 23.4947
1441.5 543 23.3024
1442.5 539 23.2164
1443.5 582 24.1247
1444.5 498 22.3159
1445.5 556 23.5797
1446.5 542 23.2809
1447.5 548 23.4094
1448.5 563 23.7276
1449.5 512 22.6274
1450.5 512 22.6274
1451.5 542 23.2809
1452.5 513 22.6495
1453.5 542 23.2809
1454.5 495 22.2486
1455.5 548 23.4094
1456.5 563 23.7276
1457.5 538 23.1948
1458.5 558 23.622
1459.5 551 23.4734
1460.5 567 23.8118
1461.5 536 23.1517
1462.5 588 24.2487
1463.5 551 23.4734
1464.5 500 22.3607
1465.5 533 23.0868
1466.5 542 23.2809
1467.5 515 22.6936
1468.5 554 23.5372
1469.5 552 23.4947
1470.5 536 23.1517
1471.5 525 22.9129
1472.5 487 22.0681
1473.5 528 22.9783
1474.5 541 23.2594
1475.5 528 22.9783
1476.5 494 22.2261
1477.5 498 22.3159
1478.5 563 23.7276
1479.5 541 23.2594
1480.5 517 22.7376
1481.5 549 23.4307
1482.5 513 22.6495
1483.5 523 22.8692
1484.5 505 22.4722
1485.5 498 22.3159
1486.5 519 22.7816
1487.5 569 23.8537
1488.5 482 21.9545
1489.5 528 22.9783
1490.5 486 22.0454
1491.5 554 23.5372
1492.5 501 22.383
1493.5 506 22.4944
1494.5 503 22.4277
1495.5 460 21.4476
1496.5 536 23.1517
1497.5 493 22.2036
1498.5 504 22.4499
1499.5 484 22
1500.5 519 22.7816
1501.5 507 22.5167
1502.5 517 22.7376
1503.5 486 22.0454
1504.5 517 22.7376
1505.5 501 22.383
1506.5 515 22.6936
1507.5 499 22.3383
1508.5 557 23.6008
1509.5 504 22.4499
1510.5 492 22.1811
1511.5 555 23.5584
1512.5 522 22.8473
1513.5 485 22.0227
1514.5 538 23.1948
1515.5 479 21.8861
1516.5 505 22.4722
1517.5 503 22.4277
1518.5 484 22
1519.5 512 22.6274
1520.5 513 22.6495
1521.5 525 22.9129
1522.5 517 22.7376
1523.5 491 22.1585
1524.5 530 23.0217
1525.5 503 22.4277
1526.5 472 21.7256
1527.5 508 22.5389
1528.5 515 22.6936
1529.5 532 23.0651
1530.5 475 21.7945
1531.5 461 21.4709
1532.5 509 22.561
1533.5 517 22.7376
1534.5 469 21.6564
1535.5 513 22.6495
1536.5 505 22.4722
1537.5 507 22.5167
1538.5 498 22.3159
1539.5 505 22.4722
1540.5 507 22.5167
1541.5 499 22.3383
1542.5 509 22.561
1543.5 443 21.0476
1544.5 498 22.3159
1545.5 489 22.1133
1546.5 477 21.8403
1547.5 460 21.4476
1548.5 480 21.9089
1549.5 484 22
1550.5 483 21.9773
1551.5 489 22.1133
1552.5 533 23.0868
1553.5 482 21.9545
1554.5 522 22.8473
1555.5 537 23.1733
1556.5 491 22.1585
1557.5 467 21.6102
1558.5 471 21.7025
1559.5 500 22.3607
1560.5 489 22.1133
1561.5 506 22.4944
1562.5 492 22.1811
1563.5 490 22.1359
1564.5 496 22.2711
1565.5 441 21
1566.5 436 20.8806
1567.5 473 21.7486
1568.5 483 21.9773
1569.5 435 20.8567
1570.5 506 22.4944
1571.5 459 21.4243
1572.5 513 22.6495
1573.5 466 21.587
1574.5 450 21.2132
1575.5 459 21.4243
1576.5 498 22.3159
1577.5 500 22.3607
1578.5 473 21.7486
1579.5 503 22.4277
1580.5 455 21.3307
1581.5 479 21.8861
1582.5 454 21.3073
1583.5 518 22.7596
1584.5 443 21.0476
1585.5 488 22.0907
1586.5 466 21.587
1587.5 469 21.6564
1588.5 464 21.5407
1589.5 436 20.8806
1590.5 468 21.6333
1591.5 491 22.1585
1592.5 466 21.587
1593.5 446 21.1187
1594.5 457 21.3776
1595.5 493 22.2036
1596.5 441 21
1597.5 453 21.2838
1598.5 491 22.1585
1599.5 445 21.095
1600.5 451 21.2368
1601.5 460 21.4476
1602.5 418 20.445
1603.5 461 21.4709
1604.5 466 21.587
1605.5 473 21.7486
1606.5 467 21.6102
1607.5 459 21.4243
1608.5 492 22.1811
1609.5 475 21.7945
1610.5 433 20.8087
1611.5 431 20.7605
1612.5 469 21.6564
1613.5 447 21.1424
1614.5 485 22.0227
1615.5 469 21.6564
1616.5 473 21.7486
1617.5 465 21.5639
1618.5 464 21.5407
1619.5 437 20.9045
1620.5 448 21.166
1621.5 451 21.2368
1622.5 461 21.4709
1623.5 479 21.8861
1624.5 444 21.0713
1625.5 448 21.166
1626.5 454 21.3073
1627.5 444 21.0713
1628.5 450 21.2132
1629.5 450 21.2132
1630.5 487 22.0681
1631.5 471 21.7025
1632.5 488 22.0907
1633.5 487 22.0681
1634.5 472 21.7256
1635.5 482 21.9545
1636.5 434 20.8327
1637.5 491 22.1585
1638.5 458 21.4009
1639.5 443 21.0476
1640.5 456 21.3542
1641.5 454 21.3073
1642.5 441 21
1643.5 440 20.9762
1644.5 457 21.3776
1645.5 431 20.7605
1646.5 433 20.8087
1647.5 428 20.6882
1648.5 439 20.9523
1649.5 462 21.4942
1650.5 420 20.4939
1651.5 483 21.9773
1652.5 447 21.1424
1653.5 470 21.6795
1654.5 444 21.0713
1655.5 428 20.6882
1656.5 473 21.7486
1657.5 420 20.4939
1658.5 473 21.7486
1659.5 456 21.3542
1660.5 418 20.445
1661.5 426 20.6398
1662.5 479 21.8861
1663.5 432 20.7846
1664.5 413 20.3224
1665.5 453 21.2838
1666.5 437 20.9045
1667.5 432 20.7846
1668.5 446 21.1187
1669.5 420 20.4939
1670.5 441 21
1671.5 442 21.0238
1672.5 461 21.4709
1673.5 452 21.2603
1674.5 414 20.347
1675.5 440 20.9762
1676.5 453 21.2838
1677.5 454 21.3073
1678.5 433 20.8087
1679.5 437 20.9045
1680.5 455 21.3307
1681.5 475 21.7945
1682.5 435 20.8567
1683.5 435 20.8567
1684.5 450 21.2132
1685.5 467 21.6102
1686.5 418 20.445
1687.5 453 21.2838
1688.5 421 20.5183
1689.5 437 20.9045
1690.5 420 20.4939
1691.5 434 20.8327
1692.5 426 20.6398
1693.5 434 20.8327
1694.5 402 20.0499
1695.5 437 20.9045
1696.5 444 21.0713
1697.5 409 20.2237
1698.5 451 21.2368
1699.5 474 21.7715
1700.5 427 20.664
1701.5 427 20.664
1702.5 435 20.8567
1703.5 445 21.095
1704.5 421 20.5183
1705.5 454 21.3073
1706.5 434 20.8327
1707.5 444 21.0713
1708.5 427 20.664
1709.5 407 20.1742
1710.5 427 20.664
1711.5 408 20.199
1712.5 441 21
1713.5 442 21.0238
1714.5 435 20.8567
1715.5 441 21
1716.5 443 21.0476
1717.5 426 20.6398
1718.5 394 19.8494
1719.5 413 20.3224
1720.5 443 21.0476
1721.5 432 20.7846
1722.5 422 20.5426
1723.5 372 19.2873
1724.5 461 21.4709
1725.5 452 21.2603
1726.5 376 19.3907
1727.5 428 20.6882
1728.5 421 20.5183
1729.5 405 20.1246
1730.5 437 20.9045
1731.5 425 20.6155
1732.5 406 20.1494
1733.5 405 20.1246
1734.5 432 20.7846
1735.5 418 20.445
1736.5 440 20.9762
1737.5 423 20.567
1738.5 433 20.8087
1739.5 452 21.2603
1740.5 414 20.347
1741.5 414 20.347
1742.5 416 20.3961
1743.5 428 20.6882
1744.5 383 19.5704
1745.5 441 21
1746.5 399 19.975
1747.5 436 20.8806
1748.5 426 20.6398
1749.5 410 20.2485
1750.5 436 20.8806
1751.5 445 21.095
1752.5 409 20.2237
1753.5 438 20.9284
1754.5 378 19.4422
1755.5 440 20.9762
1756.5 455 21.3307
1757.5 413 20.3224
1758.5 440 20.9762
1759.5 424 20.5913
1760.5 423 20.567
1761.5 409 20.2237
1762.5 379 19.4679
1763.5 413 20.3224
1764.5 437 20.9045
1765.5 444 21.0713
1766.5 415 20.3715
1767.5 425 20.6155
1768.5 443 21.0476
1769.5 435 20.8567
1770.5 439 20.9523
1771.5 465 21.5639
1772.5 384 19.5959
1773.5 472 21.7256
1774.5 408 20.199
1775.5 397 19.9249
1776.5 425 20.6155
1777.5 425 20.6155
1778.5 404 20.0998
1779.5 423 20.567
1780.5 383 19.5704
1781.5 436 20.8806
1782.5 398 19.9499
1783.5 441 21
1784.5 429 20.7123
1785.5 421 20.5183
1786.5 430 20.7364
1787.5 387 19.6723
1788.5 451 21.2368
1789.5 429 20.7123
1790.5 410 20.2485
1791.5 403 20.0749
1792.5 419 20.4695
1793.5 419 20.4695
1794.5 429 20.7123
1795.5 429 20.7123
1796.5 401 20.025
1797.5 451 21.2368
1798.5 444 21.0713
1799.5 411 20.2731
1800.5 408 20.199
1801.5 436 20.8806
1802.5 423 20.567
1803.5 429 20.7123
1804.5 428 20.6882
1805.5 431 20.7605
1806.5 393 19.8242
1807.5 404 20.0998
1808.5 427 20.664
1809.5 405 20.1246
1810.5 418 20.445
1811.5 437 20.9045
1812.5 370 19.2354
1813.5 436 20.8806
1814.5 414 20.347
1815.5 429 20.7123
1816.5 402 20.0499
1817.5 413 20.3224
1818.5 433 20.8087
1819.5 417 20.4206
1820.5 406 20.1494
1821.5 427 20.664
1822.5 412 20.2978
1823.5 412 20.2978
1824.5 431 20.7605
1825.5 356 18.868
1826.5 419 20.4695
1827.5 428 20.6882
1828.5 419 20.4695
1829.5 416 20.3961
1830.5 403 20.0749
1831.5 390 19.7484
1832.5 447 21.1424
1833.5 408 20.199
1834.5 405 20.1246
1835.5 441 21
1836.5 407 20.1742
1837.5 405 20.1246
1838.5 403 20.0749
1839.5 408 20.199
1840.5 413 20.3224
1841.5 458 21.4009
1842.5 417 20.4206
1843.5 432 20.7846
1844.5 409 20.2237
1845.5 426 20.6398
1846.5 390 19.7484
1847.5 404 20.0998
1848.5 422 20.5426
1849.5 400 20
1850.5 415 20.3715
1851.5 433 20.8087
1852.5 412 20.2978
1853.5 433 20.8087
1854.5 386 19.6469
1855.5 423 20.567
1856.5 403 20.0749
1857.5 371 19.2614
1858.5 400 20
1859.5 410 20.2485
1860.5 436 20.8806
1861.5 429 20.7123
1862.5 384 19.5959
1863.5 391 19.7737
1864.5 410 20.2485
1865.5 401 20.025
1866.5 411 20.2731
1867.5 437 20.9045
1868.5 417 20.4206
1869.5 440 20.9762
1870.5 381 19.5192
1871.5 408 20.199
1872.5 407 20.1742
1873.5 434 20.8327
1874.5 390 19.7484
1875.5 424 20.5913
1876.5 366 19.1311
1877.5 423 20.567
1878.5 383 19.5704
1879.5 430 20.7364
1880.5 420 20.4939
1881.5 411 20.2731
1882.5 440 20.9762
1883.5 395 19.8746
1884.5 417 20.4206
1885.5 411 20.2731
1886.5 393 19.8242
1887.5 391 19.7737
1888.5 398 19.9499
1889.5 410 20.2485
1890.5 414 20.347
1891.5 450 21.2132
1892.5 415 20.3715
1893.5 407 20.1742
1894.5 417 20.4206
1895.5 413 20.3224
1896.5 384 19.5959
1897.5 425 20.6155
1898.5 408 20.199
1899.5 404 20.0998
1900.5 372 19.2873
1901.5 418 20.445
1902.5 368 19.1833
1903.5 434 20.8327
1904.5 408 20.199
1905.5 402 20.0499
1906.5 411 20.2731
1907.5 400 20
1908.5 419 20.4695
1909.5 393 19.8242
1910.5 388 19.6977
1911.5 390 19.7484
1912.5 419 20.4695
1913.5 427 20.664
1914.5 415 20.3715
1915.5 390 19.7484
1916.5 369 19.2094
1917.5 402 20.0499
1918.5 424 20.5913
1919.5 417 20.4206
1920.5 398 19.9499
1921.5 403 20.0749
1922.5 412 20.2978
1923.5 402 20.0499
1924.5 414 20.347
1925.5 411 20.2731
1926.5 418 20.445
1927.5 415 20.3715
1928.5 426 20.6398
1929.5 417 20.4206
1930.5 394 19.8494
1931.5 413 20.3224
1932.5 426 20.6398
1933.5 381 19.5192
1934.5 412 20.2978
1935.5 398 19.9499
1936.5 460 21.4476
1937.5 412 20.2978
1938.5 383 19.5704
1939.5 417 20.4206
1940.5 410 20.2485
1941.5 406 20.1494
1942.5 415 20.3715
1943.5 419 20.4695
1944.5 403 20.0749
1945.5 375 19.3649
1946.5 403 20.0749
1947.5 380 19.4936
1948.5 418 20.445
1949.5 427 20.664
1950.5 440 20.9762
1951.5 428 20.6882
1952.5 426 20.6398
1953.5 422 20.5426
1954.5 404 20.0998
1955.5 426 20.6398
1956.5 401 20.025
1957.5 396 19.8997
1958.5 429 20.7123
1959.5 429 20.7123
1960.5 409 20.2237
1961.5 420 20.4939
1962.5 386 19.6469
1963.5 389 19.7231
1964.5 414 20.347
1965.5 409 20.2237
1966.5 444 21.0713
1967.5 437 20.9045
1968.5 401 20.025
1969.5 402 20.0499
1970.5 372 19.2873
1971.5 394 19.8494
1972.5 375 19.3649
1973.5 388 19.6977
1974.5 429 20.7123
1975.5 406 20.1494
1976.5 405 20.1246
1977.5 397 19.9249
1978.5 421 20.5183
1979.5 422 20.5426
1980.5 408 20.199
1981.5 370 19.2354
1982.5 411 20.2731
1983.5 404 20.0998
1984.5 415 20.3715
1985.5 396 19.8997
1986.5 448 21.166
1987.5 400 20
1988.5 426 20.6398
1989.5 390 19.7484
1990.5 391 19.7737
1991.5 428 20.6882
1992.5 428 20.6882
1993.5 401 20.025
1994.5 405 20.1246
1995.5 396 19.8997
1996.5 406 20.1494
1997.5 412 20.2978
1998.5 413 20.3224
1999.5 438 20.9284
2000.5 399 19.975
2001.5 399 19.975
2002.5 406 20.1494
2003.5 373 19.3132
2004.5 390 19.7484
2005.5 444 21.0713
2006.5 372 19.2873
2007.5 428 20.6882
2008.5 413 20.3224
2009.5 397 19.9249
2010.5 413 20.3224
2011.5 422 20.5426
2012.5 416 20.3961
2013.5 380 19.4936
2014.5 373 19.3132
2015.5 404 20.0998
2016.5 429 20.7123
2017.5 424 20.5913
2018.5 391 19.7737
2019.5 419 20.4695
2020.5 434 20.8327
2021.5 437 20.9045
2022.5 415 20.3715
2023.5 385 19.6214
2024.5 429 20.7123
2025.5 435 20.8567
2026.5 417 20.4206
2027.5 425 20.6155
2028.5 379 19.4679
2029.5 437 20.9045
2030.5 391 19.7737
2031.5 405 20.1246
2032.5 368 19.1833
2033.5 414 20.347
2034.5 394 19.8494
2035.5 394 19.8494
2036.5 420 20.4939
2037.5 425 20.6155
2038.5 424 20.5913
2039.5 390 19.7484
2040.5 426 20.6398
2041.5 423 20.567
2042.5 413 20.3224
2043.5 427 20.664
2044.5 431 20.7605
2045.5 420 20.4939
2046.5 429 20.7123
2047.5 425 20.6155
2048.5 384 19.5959
2049.5 388 19.6977
2050.5 403 20.0749
2051.5 440 20.9762
2052.5 391 19.7737
2053.5 433 20.8087
2054.5 405 20.1246
2055.5 413 20.3224
2056.5 407 20.1742
2057.5 402 20.0499
2058.5 452 21.2603
2059.5 436 20.8806
2060.5 450 21.2132
2061.5 402 20.0499
2062.5 384 19.5959
2063.5 409 20.2237
2064.5 413 20.3224
2065.5 412 20.2978
2066.5 405 20.1246
2067.5 433 20.8087
2068.5 432 20.7846
2069.5 424 20.5913
2070.5 444 21.0713
2071.5 450 21.2132
2072.5 382 19.5448
2073.5 407 20.1742
2074.5 423 20.567
2075.5 411 20.2731
2076.5 421 20.5183
2077.5 404 20.0998
2078.5 408 20.199
2079.5 400 20
2080.5 407 20.1742
2081.5 393 19.8242
2082.5 448 21.166
2083.5 399 19.975
2084.5 429 20.7123
2085.5 454 21.3073
2086.5 436 20.8806
2087.5 440 20.9762
2088.5 443 21.0476
2089.5 388 19.6977
2090.5 373 19.3132
2091.5 429 20.7123
2092.5 435 20.8567
2093.5 436 20.8806
2094.5 377 19.4165
2095.5 446 21.1187
2096.5 369 19.2094
2097.5 411 20.2731
2098.5 401 20.025
2099.5 432 20.7846
2100.5 412 20.2978
2101.5 401 20.025
2102.5 405 20.1246
2103.5 387 19.6723
2104.5 448 21.166
2105.5 410 20.2485
2106.5 439 20.9523
2107.5 449 21.1896
2108.5 411 20.2731
2109.5 414 20.347
2110.5 410 20.2485
2111.5 405 20.1246
2112.5 418 20.445
2113.5 434 20.8327
2114.5 402 20.0499
2115.5 420 20.4939
2116.5 416 20.3961
2117.5 395 19.8746
2118.5 434 20.8327
2119.5 437 20.9045
2120.5 413 20.3224
2121.5 402 20.0499
2122.5 407 20.1742
2123.5 404 20.0998
2124.5 385 19.6214
2125.5 428 20.6882
2126.5 404 20.0998
2127.5 455 21.3307
2128.5 409 20.2237
2129.5 393 19.8242
2130.5 422 20.5426
2131.5 423 20.567
2132.5 438 20.9284
2133.5 407 20.1742
2134.5 385 19.6214
2135.5 402 20.0499
2136.5 446 21.1187
2137.5 423 20.567
2138.5 411 20.2731
2139.5 427 20.664
2140.5 409 20.2237
2141.5 425 20.6155
2142.5 404 20.0998
2143.5 379 19.4679
2144.5 412 20.2978
2145.5 435 20.8567
2146.5 421 20.5183
2147.5 425 20.6155
2148.5 402 20.0499
2149.5 409 20.2237
2150.5 436 20.8806
2151.5 434 20.8327
2152.5 429 20.7123
2153.5 416 20.3961
2154.5 405 20.1246
2155.5 411 20.2731
2156.5 422 20.5426
2157.5 416 20.3961
2158.5 394 19.8494
2159.5 399 19.975
2160.5 426 20.6398
2161.5 418 20.445
2162.5 400 20
2163.5 427 20.664
2164.5 426 20.6398
2165.5 416 20.3961
2166.5 396 19.8997
2167.5 419 20.4695
2168.5 427 20.664
2169.5 427 20.664
2170.5 437 20.9045
2171.5 390 19.7484
2172.5 398 19.9499
2173.5 399 19.975
2174.5 377 19.4165
2175.5 399 19.975
2176.5 400 20
2177.5 373 19.3132
2178.5 455 21.3307
2179.5 394 19.8494
2180.5 392 19.799
2181.5 386 19.6469
2182.5 399 19.975
2183.5 417 20.4206
2184.5 394 19.8494
2185.5 421 20.5183
2186.5 389 19.7231
2187.5 360 18.9737
2188.5 407 20.1742
2189.5 387 19.6723
2190.5 420 20.4939
2191.5 373 19.3132
2192.5 398 19.9499
2193.5 387 19.6723
2194.5 382 19.5448
2195.5 367 19.1572
2196.5 393 19.8242
2197.5 394 19.8494
2198.5 384 19.5959
2199.5 378 19.4422
2200.5 392 19.799
2201.5 396 19.8997
2202.5 416 20.3961
2203.5 371 19.2614
2204.5 385 19.6214
2205.5 373 19.3132
2206.5 381 19.5192
2207.5 389 19.7231
2208.5 377 19.4165
2209.5 367 19.1572
2210.5 388 19.6977
2211.5 402 20.0499
2212.5 355 18.8414
2213.5 367 19.1572
2214.5 395 19.8746
2215.5 384 19.5959
2216.5 381 19.5192
2217.5 381 19.5192
2218.5 385 19.6214
2219.5 345 18.5742
2220.5 376 19.3907
2221.5 345 18.5742
2222.5 392 19.799
2223.5 386 19.6469
2224.5 346 18.6011
2225.5 339 18.412
2226.5 377 19.4165
2227.5 369 19.2094
2228.5 375 19.3649
2229.5 344 18.5472
2230.5 343 18.5203
2231.5 344 18.5472
2232.5 343 18.5203
2233.5 377 19.4165
2234.5 369 19.2094
2235.5 347 18.6279
2236.5 371 19.2614
2237.5 356 18.868
2238.5 376 19.3907
2239.5 324 18
2240.5 318 17.8326
2241.5 391 19.7737
2242.5 348 18.6548
2243.5 346 18.6011
2244.5 342 18.4932
2245.5 343 18.5203
2246.5 340 18.4391
2247.5 290 17.0294
2248.5 359 18.9473
2249.5 311 17.6352
2250.5 318 17.8326
2251.5 309 17.5784
2252.5 303 17.4069
2253.5 350 18.7083
2254.5 363 19.0526
2255.5 314 17.72
2256.5 326 18.0555
2257.5 332 18.2209
2258.5 352 18.7617
2259.5 320 17.8885
2260.5 299 17.2916
2261.5 353 18.7883
2262.5 327 18.0831
2263.5 290 17.0294
2264.5 325 18.0278
2265.5 330 18.1659
2266.5 302 17.3781
2267.5 274 16.5529
2268.5 312 17.6635
2269.5 322 17.9444
2270.5 283 16.8226
2271.5 281 16.7631
2272.5 306 17.4929
2273.5 295 17.1756
2274.5 301 17.3494
2275.5 262 16.1864
2276.5 288 16.9706
2277.5 281 16.7631
2278.5 276 16.6132
2279.5 265 16.2788
2280.5 289 17
2281.5 307 17.5214
2282.5 283 16.8226
2283.5 272 16.4924
2284.5 299 17.2916
2285.5 296 17.2047
2286.5 311 17.6352
2287.5 265 16.2788
2288.5 283 16.8226
2289.5 304 17.4356
2290.5 265 16.2788
2291.5 284 16.8523
2292.5 262 16.1864
2293.5 319 17.8606
2294.5 277 16.6433
2295.5 257 16.0312
2296.5 287 16.9411
2297.5 289 17
2298.5 295 17.1756
2299.5 278 16.6733
2300.5 260 16.1245
2301.5 248 15.748
2302.5 252 15.8745
2303.5 282 16.7929
2304.5 280 16.7332
2305.5 275 16.5831
2306.5 329 18.1384
2307.5 251 15.843
2308.5 252 15.8745
2309.5 264 16.2481
2310.5 262 16.1864
2311.5 264 16.2481
2312.5 289 17
2313.5 250 15.8114
2314.5 303 17.4069
2315.5 254 15.9374
2316.5 265 16.2788
2317.5 260 16.1245
2318.5 278 16.6733
2319.5 247 15.7162
2320.5 247 15.7162
2321.5 270 16.4317
2322.5 271 16.4621
2323.5 252 15.8745
2324.5 243 15.5885
2325.5 262 16.1864
2326.5 223 14.9332
2327.5 285 16.8819
2328.5 242 15.5563
2329.5 231 15.1987
2330.5 236 15.3623
2331.5 258 16.0624
2332.5 253 15.906
2333.5 242 15.5563
2334.5 242 15.5563
2335.5 262 16.1864
2336.5 261 16.1555
2337.5 250 15.8114
2338.5 227 15.0665
2339.5 228 15.0997
2340.5 274 16.5529
2341.5 245 15.6525
2342.5 249 15.7797
2343.5 243 15.5885
2344.5 232 15.2315
2345.5 236 15.3623
2346.5 255 15.9687
2347.5 233 15.2643
2348.5 241 15.5242
2349.5 208 14.4222
2350.5 236 15.3623
2351.5 265 16.2788
2352.5 242 15.5563
2353.5 252 15.8745
2354.5 221 14.8661
2355.5 281 16.7631
2356.5 233 15.2643
2357.5 236 15.3623
2358.5 261 16.1555
2359.5 226 15.0333
2360.5 241 15.5242
2361.5 222 14.8997
2362.5 241 15.5242
2363.5 241 15.5242
2364.5 228 15.0997
2365.5 252 15.8745
2366.5 223 14.9332
2367.5 251 15.843
2368.5 216 14.6969
2369.5 231 15.1987
2370.5 192 13.8564
2371.5 243 15.5885
2372.5 211 14.5258
2373.5 245 15.6525
2374.5 254 15.9374
2375.5 227 15.0665
2376.5 244 15.6205
2377.5 226 15.0333
2378.5 212 14.5602
2379.5 219 14.7986
2380.5 219 14.7986
2381.5 205 14.3178
2382.5 240 15.4919
2383.5 241 15.5242
2384.5 240 15.4919
2385.5 221 14.8661
2386.5 249 15.7797
2387.5 241 15.5242
2388.5 221 14.8661
2389.5 227 15.0665
2390.5 259 16.0935
2391.5 215 14.6629
2392.5 256 16
2393.5 227 15.0665
2394.5 239 15.4596
2395.5 237 15.3948
2396.5 228 15.0997
2397.5 214 14.6287
2398.5 236 15.3623
2399.5 205 14.3178
2400.5 225 15
2401.5 225 15
2402.5 222 14.8997
2403.5 226 15.0333
2404.5 237 15.3948
2405.5 229 15.1327
2406.5 216 14.6969
2407.5 221 14.8661
2408.5 230 15.1658
2409.5 231 15.1987
2410.5 201 14.1774
2411.5 238 15.4272
2412.5 222 14.8997
2413.5 219 14.7986
2414.5 226 15.0333
2415.5 193 13.8924
2416.5 236 15.3623
2417.5 211 14.5258
2418.5 222 14.8997
2419.5 208 14.4222
2420.5 224 14.9666
2421.5 245 15.6525
2422.5 197 14.0357
2423.5 249 15.7797
2424.5 207 14.3875
2425.5 219 14.7986
2426.5 206 14.3527
2427.5 223 14.9332
2428.5 189 13.7477
2429.5 193 13.8924
2430.5 198 14.0712
2431.5 228 15.0997
2432.5 205 14.3178
2433.5 202 14.2127
2434.5 217 14.7309
2435.5 244 15.6205
2436.5 214 14.6287
2437.5 200 14.1421
2438.5 205 14.3178
2439.5 217 14.7309
2440.5 230 15.1658
2441.5 217 14.7309
2442.5 190 13.784
2443.5 181 13.4536
2444.5 202 14.2127
2445.5 186 13.6382
2446.5 202 14.2127
2447.5 207 14.3875
2448.5 209 14.4568
2449.5 204 14.2829
2450.5 211 14.5258
2451.5 223 14.9332
2452.5 230 15.1658
2453.5 192 13.8564
2454.5 213 14.5945
2455.5 209 14.4568
2456.5 210 14.4914
2457.5 196 14
2458.5 227 15.0665
2459.5 227 15.0665
2460.5 191 13.8203
2461.5 196 14
2462.5 226 15.0333
2463.5 194 13.9284
2464.5 196 14
2465.5 208 14.4222
2466.5 213 14.5945
2467.5 206 14.3527
2468.5 203 14.2478
2469.5 200 14.1421
2470.5 203 14.2478
2471.5 200 14.1421
2472.5 199 14.1067
2473.5 173 13.1529
2474.5 203 14.2478
2475.5 191 13.8203
2476.5 196 14
2477.5 197 14.0357
2478.5 193 13.8924
2479.5 185 13.6015
2480.5 178 13.3417
2481.5 203 14.2478
2482.5 202 14.2127
2483.5 177 13.3041
2484.5 179 13.3791
2485.5 174 13.1909
2486.5 206 14.3527
2487.5 196 14
2488.5 197 14.0357
2489.5 189 13.7477
2490.5 205 14.3178
2491.5 188 13.7113
2492.5 199 14.1067
2493.5 198 14.0712
2494.5 190 13.784
2495.5 202 14.2127
2496.5 184 13.5647
2497.5 194 13.9284
2498.5 175 13.2288
2499.5 203 14.2478
2500.5 173 13.1529
2501.5 195 13.9642
2502.5 190 13.784
2503.5 194 13.9284
2504.5 179 13.3791
2505.5 191 13.8203
2506.5 208 14.4222
2507.5 189 13.7477
2508.5 192 13.8564
2509.5 189 13.7477
2510.5 168 12.9615
2511.5 187 13.6748
2512.5 172 13.1149
2513.5 200 14.1421
2514.5 169 13
2515.5 166 12.8841
2516.5 208 14.4222
2517.5 178 13.3417
2518.5 183 13.5277
2519.5 183 13.5277
2520.5 162 12.7279
2521.5 176 13.2665
2522.5 175 13.2288
2523.5 186 13.6382
2524.5 191 13.8203
2525.5 151 12.2882
2526.5 172 13.1149
2527.5 191 13.8203
2528.5 173 13.1529
2529.5 190 13.784
2530.5 175 13.2288
2531.5 189 13.7477
2532.5 166 12.8841
2533.5 187 13.6748
2534.5 179 13.3791
2535.5 150 12.2474
2536.5 173 13.1529
2537.5 205 14.3178
2538.5 180 13.4164
2539.5 205 14.3178
2540.5 168 12.9615
2541.5 177 13.3041
2542.5 180 13.4164
2543.5 191 13.8203
2544.5 168 12.9615
2545.5 158 12.5698
2546.5 189 13.7477
2547.5 197 14.0357
2548.5 182 13.4907
2549.5 187 13.6748
2550.5 195 13.9642
2551.5 190 13.784
2552.5 166 12.8841
2553.5 162 12.7279
2554.5 187 13.6748
2555.5 165 12.8452
2556.5 194 13.9284
2557.5 168 12.9615
2558.5 185 13.6015
2559.5 161 12.6886
2560.5 151 12.2882
2561.5 175 13.2288
2562.5 164 12.8062
2563.5 182 13.4907
2564.5 156 12.49
2565.5 158 12.5698
2566.5 185 13.6015
2567.5 164 12.8062
2568.5 151 12.2882
2569.5 175 13.2288
2570.5 155 12.4499
2571.5 171 13.0767
2572.5 172 13.1149
2573.5 161 12.6886
2574.5 149 12.2066
2575.5 165 12.8452
2576.5 157 12.53
2577.5 160 12.6491
2578.5 167 12.9228
2579.5 151 12.2882
2580.5 178 13.3417
2581.5 178 13.3417
2582.5 169 13
2583.5 175 13.2288
2584.5 175 13.2288
2585.5 163 12.7671
2586.5 162 12.7279
2587.5 177 13.3041
2588.5 168 12.9615
2589.5 149 12.2066
2590.5 159 12.6095
2591.5 161 12.6886
2592.5 167 12.9228
2593.5 150 12.2474
2594.5 171 13.0767
2595.5 159 12.6095
2596.5 174 13.1909
2597.5 158 12.5698
2598.5 163 12.7671
2599.5 164 12.8062
2600.5 160 12.6491
2601.5 175 13.2288
2602.5 150 12.2474
2603.5 145 12.0416
2604.5 175 13.2288
2605.5 161 12.6886
2606.5 147 12.1244
2607.5 152 12.3288
2608.5 163 12.7671
2609.5 163 12.7671
2610.5 154 12.4097
2611.5 141 11.8743
2612.5 160 12.6491
2613.5 149 12.2066
2614.5 129 11.3578
2615.5 167 12.9228
2616.5 179 13.3791
2617.5 159 12.6095
2618.5 169 13
2619.5 125 11.1803
2620.5 143 11.9583
2621.5 130 11.4018
2622.5 143 11.9583
2623.5 174 13.1909
2624.5 157 12.53
2625.5 140 11.8322
2626.5 160 12.6491
2627.5 143 11.9583
2628.5 137 11.7047
2629.5 161 12.6886
2630.5 154 12.4097
2631.5 158 12.5698
2632.5 137 11.7047
2633.5 150 12.2474
2634.5 173 13.1529
2635.5 154 12.4097
2636.5 163 12.7671
2637.5 148 12.1655
2638.5 148 12.1655
2639.5 151 12.2882
2640.5 156 12.49
2641.5 145 12.0416
2642.5 130 11.4018
2643.5 151 12.2882
2644.5 162 12.7279
2645.5 147 12.1244
2646.5 159 12.6095
2647.5 134 11.5758
2648.5 161 12.6886
2649.5 159 12.6095
2650.5 144 12
2651.5 144 12
2652.5 142 11.9164
2653.5 126 11.225
2654.5 158 12.5698
2655.5 129 11.3578
2656.5 137 11.7047
2657.5 135 11.619
2658.5 150 12.2474
2659.5 166 12.8841
2660.5 136 11.6619
2661.5 151 12.2882
2662.5 135 11.619
2663.5 159 12.6095
2664.5 156 12.49
2665.5 123 11.0905
2666.5 145 12.0416
2667.5 160 12.6491
2668.5 139 11.7898
2669.5 166 12.8841
2670.5 139 11.7898
2671.5 126 11.225
2672.5 147 12.1244
2673.5 153 12.3693
2674.5 152 12.3288
2675.5 122 11.0454
2676.5 148 12.1655
2677.5 126 11.225
2678.5 136 11.6619
2679.5 170 13.0384
2680.5 138 11.7473
2681.5 148 12.1655
2682.5 120 10.9545
2683.5 136 11.6619
2684.5 140 11.8322
2685.5 141 11.8743
2686.5 140 11.8322
2687.5 147 12.1244
2688.5 132 11.4891
2689.5 130 11.4018
2690.5 142 11.9164
2691.5 145 12.0416
2692.5 133 11.5326
2693.5 150 12.2474
2694.5 133 11.5326
2695.5 152 12.3288
2696.5 156 12.49
2697.5 150 12.2474
2698.5 148 12.1655
2699.5 141 11.8743
2700.5 126 11.225
2701.5 117 10.8167
2702.5 133 11.5326
2703.5 146 12.083
2704.5 144 12
2705.5 138 11.7473
2706.5 140 11.8322
2707.5 145 12.0416
2708.5 129 11.3578
2709.5 152 12.3288
2710.5 147 12.1244
2711.5 133 11.5326
2712.5 132 11.4891
2713.5 150 12.2474
2714.5 116 10.7703
2715.5 146 12.083
2716.5 137 11.7047
2717.5 132 11.4891
2718.5 149 12.2066
2719.5 147 12.1244
2720.5 142 11.9164
2721.5 134 11.5758
2722.5 136 11.6619
2723.5 148 12.1655
2724.5 134 11.5758
2725.5 127 11.2694
2726.5 136 11.6619
2727.5 123 11.0905
2728.5 131 11.4455
2729.5 147 12.1244
2730.5 150 12.2474
2731.5 126 11.225
2732.5 139 11.7898
2733.5 135 11.619
2734.5 136 11.6619
2735.5 127 11.2694
2736.5 130 11.4018
2737.5 124 11.1355
2738.5 126 11.225
2739.5 115 10.7238
2740.5 131 11.4455
2741.5 121 11
2742.5 137 11.7047
2743.5 133 11.5326
2744.5 160 12.6491
2745.5 144 12
2746.5 140 11.8322
2747.5 137 11.7047
2748.5 146 12.083
2749.5 149 12.2066
2750.5 142 11.9164
2751.5 137 11.7047
2752.5 152 12.3288
2753.5 120 10.9545
2754.5 142 11.9164
2755.5 141 11.8743
2756.5 133 11.5326
2757.5 119 10.9087
2758.5 144 12
2759.5 155 12.4499
2760.5 140 11.8322
2761.5 154 12.4097
2762.5 146 12.083
2763.5 129 11.3578
2764.5 140 11.8322
2765.5 158 12.5698
2766.5 133 11.5326
2767.5 158 12.5698
2768.5 152 12.3288
2769.5 135 11.619
2770.5 162 12.7279
2771.5 133 11.5326
2772.5 128 11.3137
2773.5 141 11.8743
2774.5 125 11.1803
2775.5 130 11.4018
2776.5 130 11.4018
2777.5 140 11.8322
2778.5 137 11.7047
2779.5 142 11.9164
2780.5 135 11.619
2781.5 154 12.4097
2782.5 138 11.7473
2783.5 150 12.2474
2784.5 146 12.083
2785.5 152 12.3288
2786.5 145 12.0416
2787.5 156 12.49
2788.5 165 12.8452
2789.5 153 12.3693
2790.5 156 12.49
2791.5 136 11.6619
2792.5 159 12.6095
2793.5 145 12.0416
2794.5 169 13
2795.5 201 14.1774
2796.5 160 12.6491
2797.5 174 13.1909
2798.5 162 12.7279
2799.5 157 12.53
2800.5 170 13.0384
2801.5 165 12.8452
2802.5 153 12.3693
2803.5 189 13.7477
2804.5 171 13.0767
2805.5 168 12.9615
2806.5 158 12.5698
2807.5 138 11.7473
2808.5 148 12.1655
2809.5 166 12.8841
2810.5 164 12.8062
2811.5 189 13.7477
2812.5 178 13.3417
2813.5 195 13.9642
2814.5 190 13.784
2815.5 180 13.4164
2816.5 199 14.1067
2817.5 175 13.2288
2818.5 198 14.0712
2819.5 197 14.0357
2820.5 204 14.2829
2821.5 175 13.2288
2822.5 175 13.2288
2823.5 185 13.6015
2824.5 158 12.5698
2825.5 203 14.2478
2826.5 187 13.6748
2827.5 179 13.3791
2828.5 185 13.6015
2829.5 181 13.4536
2830.5 190 13.784
2831.5 186 13.6382
2832.5 185 13.6015
2833.5 175 13.2288
2834.5 164 12.8062
2835.5 173 13.1529
2836.5 166 12.8841
2837.5 179 13.3791
2838.5 171 13.0767
2839.5 149 12.2066
2840.5 151 12.2882
2841.5 169 13
2842.5 157 12.53
2843.5 157 12.53
2844.5 146 12.083
2845.5 186 13.6382
2846.5 153 12.3693
2847.5 167 12.9228
2848.5 170 13.0384
2849.5 154 12.4097
2850.5 155 12.4499
2851.5 149 12.2066
2852.5 140 11.8322
2853.5 146 12.083
2854.5 155 12.4499
2855.5 147 12.1244
2856.5 124 11.1355
2857.5 155 12.4499
2858.5 149 12.2066
2859.5 135 11.619
2860.5 130 11.4018
2861.5 130 11.4018
2862.5 128 11.3137
2863.5 111 10.5357
2864.5 137 11.7047
2865.5 157 12.53
2866.5 140 11.8322
2867.5 162 12.7279
2868.5 140 11.8322
2869.5 103 10.1489
2870.5 133 11.5326
2871.5 127 11.2694
2872.5 151 12.2882
2873.5 115 10.7238
2874.5 128 11.3137
2875.5 118 10.8628
2876.5 111 10.5357
2877.5 138 11.7473
2878.5 120 10.9545
2879.5 136 11.6619
2880.5 109 10.4403
2881.5 137 11.7047
2882.5 114 10.6771
2883.5 115 10.7238
2884.5 124 11.1355
2885.5 118 10.8628
2886.5 124 11.1355
2887.5 125 11.1803
2888.5 104 10.198
2889.5 116 10.7703
2890.5 118 10.8628
2891.5 114 10.6771
2892.5 118 10.8628
2893.5 108 10.3923
2894.5 112 10.583
2895.5 111 10.5357
2896.5 99 9.94987
2897.5 102 10.0995
2898.5 125 11.1803
2899.5 104 10.198
2900.5 117 10.8167
2901.5 91 9.53939
2902.5 121 11
2903.5 104 10.198
2904.5 128 11.3137
2905.5 128 11.3137
2906.5 118 10.8628
2907.5 110 10.4881
2908.5 117 10.8167
2909.5 110 10.4881
2910.5 121 11
2911.5 102 10.0995
2912.5 114 10.6771
2913.5 126 11.225
2914.5 101 10.0499
2915.5 103 10.1489
2916.5 115 10.7238
2917.5 120 10.9545
2918.5 135 11.619
2919.5 118 10.8628
2920.5 101 10.0499
2921.5 124 11.1355
2922.5 112 10.583
2923.5 118 10.8628
2924.5 114 10.6771
2925.5 98 9.89949
2926.5 89 9.43398
2927.5 116 10.7703
2928.5 115 10.7238
2929.5 106 10.2956
2930.5 117 10.8167
2931.5 103 10.1489
2932.5 124 11.1355
2933.5 104 10.198
2934.5 118 10.8628
2935.5 112 10.583
2936.5 123 11.0905
2937.5 108 10.3923
2938.5 103 10.1489
2939.5 133 11.5326
2940.5 102 10.0995
2941.5 108 10.3923
2942.5 107 10.3441
2943.5 103 10.1489
2944.5 116 10.7703
2945.5 133 11.5326
2946.5 119 10.9087
2947.5 126 11.225
2948.5 103 10.1489
2949.5 122 11.0454
2950.5 104 10.198
2951.5 118 10.8628
2952.5 118 10.8628
2953.5 96 9.79796
2954.5 101 10.0499
2955.5 118 10.8628
2956.5 110 10.4881
2957.5 121 11
2958.5 110 10.4881
2959.5 93 9.64365
2960.5 90 9.48683
2961.5 101 10.0499
2962.5 124 11.1355
2963.5 120 10.9545
2964.5 110 10.4881
2965.5 99 9.94987
2966.5 96 9.79796
2967.5 101 10.0499
2968.5 112 10.583
2969.5 113 10.6301
2970.5 104 10.198
2971.5 102 10.0995
2972.5 110 10.4881
2973.5 84 9.16515
2974.5 111 10.5357
2975.5 96 9.79796
2976.5 97 9.84886
2977.5 110 10.4881
2978.5 102 10.0995
2979.5 117 10.8167
2980.5 108 10.3923
2981.5 114 10.6771
2982.5 74 8.60233
2983.5 102 10.0995
2984.5 120 10.9545
2985.5 69 8.30662
2986.5 99 9.94987
2987.5 95 9.74679
2988.5 106 10.2956
2989.5 122 11.0454
2990.5 105 10.247
2991.5 101 10.0499
2992.5 101 10.0499
2993.5 92 9.59166
2994.5 115 10.7238
2995.5 106 10.2956
2996.5 104 10.198
2997.5 94 9.69536
2998.5 112 10.583
2999.5 110 10.4881
3000.5 97 9.84886
3001.5 103 10.1489
3002.5 103 10.1489
3003.5 88 9.38083
3004.5 107 10.3441
3005.5 117 10.8167
3006.5 83 9.11043
3007.5 90 9.48683
3008.5 120 10.9545
3009.5 75 8.66025
3010.5 100 10
3011.5 82 9.05539
3012.5 112 10.583
3013.5 102 10.0995
3014.5 96 9.79796
3015.5 88 9.38083
3016.5 105 10.247
3017.5 103 10.1489
3018.5 101 10.0499
3019.5 111 10.5357
3020.5 95 9.74679
3021.5 94 9.69536
3022.5 107 10.3441
3023.5 92 9.59166
3024.5 107 10.3441
3025.5 100 10
3026.5 93 9.64365
3027.5 98 9.89949
3028.5 125 11.1803
3029.5 115 10.7238
3030.5 76 8.7178
3031.5 121 11
3032.5 117 10.8167
3033.5 139 11.7898
3034.5 117 10.8167
3035.5 106 10.2956
3036.5 92 9.59166
3037.5 132 11.4891
3038.5 111 10.5357
3039.5 110 10.4881
3040.5 140 11.8322
3041.5 120 10.9545
3042.5 121 11
3043.5 120 10.9545
3044.5 118 10.8628
3045.5 140 11.8322
3046.5 112 10.583
3047.5 133 11.5326
3048.5 133 11.5326
3049.5 129 11.3578
3050.5 140 11.8322
3051.5 116 10.7703
3052.5 114 10.6771
3053.5 139 11.7898
3054.5 148 12.1655
3055.5 149 12.2066
3056.5 139 11.7898
3057.5 136 11.6619
3058.5 145 12.0416
3059.5 161 12.6886
3060.5 148 12.1655
3061.5 156 12.49
3062.5 153 12.3693
3063.5 166 12.8841
3064.5 161 12.6886
3065.5 166 12.8841
3066.5 157 12.53
3067.5 191 13.8203
3068.5 174 13.1909
3069.5 194 13.9284
3070.5 188 13.7113
3071.5 190 13.784
3072.5 202 14.2127
3073.5 209 14.4568
3074.5 195 13.9642
3075.5 229 15.1327
3076.5 223 14.9332
3077.5 199 14.1067
3078.5 217 14.7309
3079.5 214 14.6287
3080.5 232 15.2315
3081.5 201 14.1774
3082.5 259 16.0935
3083.5 208 14.4222
3084.5 242 15.5563
3085.5 245 15.6525
3086.5 250 15.8114
3087.5 268 16.3707
3088.5 293 17.1172
3089.5 267 16.3401
3090.5 244 15.6205
3091.5 290 17.0294
3092.5 271 16.4621
3093.5 280 16.7332
3094.5 316 17.7764
3095.5 291 17.0587
3096.5 271 16.4621
3097.5 326 18.0555
3098.5 320 17.8885
3099.5 322 17.9444
3100.5 352 18.7617
3101.5 381 19.5192
3102.5 357 18.8944
3103.5 365 19.105
3104.5 357 18.8944
3105.5 389 19.7231
3106.5 389 19.7231
3107.5 405 20.1246
3108.5 379 19.4679
3109.5 402 20.0499
3110.5 421 20.5183
3111.5 440 20.9762
3112.5 445 21.095
3113.5 420 20.4939
3114.5 436 20.8806
3115.5 437 20.9045
3116.5 426 20.6398
3117.5 500 22.3607
3118.5 471 21.7025
3119.5 467 21.6102
3120.5 484 22
3121.5 483 21.9773
3122.5 450 21.2132
3123.5 468 21.6333
3124.5 493 22.2036
3125.5 499 22.3383
3126.5 484 22
3127.5 457 21.3776
3128.5 459 21.4243
3129.5 472 21.7256
3130.5 431 20.7605
3131.5 396 19.8997
3132.5 412 20.2978
3133.5 427 20.664
3134.5 409 20.2237
3135.5 430 20.7364
3136.5 368 19.1833
3137.5 378 19.4422
3138.5 339 18.412
3139.5 337 18.3576
3140.5 341 18.4662
3141.5 362 19.0263
3142.5 332 18.2209
3143.5 350 18.7083
3144.5 338 18.3848
3145.5 301 17.3494
3146.5 326 18.0555
3147.5 310 17.6068
3148.5 310 17.6068
3149.5 336 18.3303
3150.5 324 18
3151.5 318 17.8326
3152.5 312 17.6635
3153.5 324 18
3154.5 316 17.7764
3155.5 336 18.3303
3156.5 327 18.0831
3157.5 326 18.0555
3158.5 331 18.1934
3159.5 319 17.8606
3160.5 333 18.2483
3161.5 356 18.868
3162.5 342 18.4932
3163.5 384 19.5959
3164.5 326 18.0555
3165.5 359 18.9473
3166.5 341 18.4662
3167.5 374 19.3391
3168.5 389 19.7231
3169.5 371 19.2614
3170.5 398 19.9499
3171.5 382 19.5448
3172.5 406 20.1494
3173.5 388 19.6977
3174.5 402 20.0499
3175.5 418 20.445
3176.5 436 20.8806
3177.5 485 22.0227
3178.5 491 22.1585
3179.5 517 22.7376
3180.5 443 21.0476
3181.5 492 22.1811
3182.5 535 23.1301
3183.5 513 22.6495
3184.5 548 23.4094
3185.5 542 23.2809
3186.5 591 24.3105
3187.5 634 25.1794
3188.5 606 24.6171
3189.5 667 25.8263
3190.5 689 26.2488
3191.5 714 26.7208
3192.5 689 26.2488
3193.5 714 26.7208
3194.5 725 26.9258
3195.5 746 27.313
3196.5 767 27.6948
3197.5 797 28.2312
3198.5 756 27.4955
3199.5 865 29.4109
3200.5 881 29.6816
3201.5 891 29.8496
3202.5 879 29.6479
3203.5 938 30.6268
3204.5 1013 31.8277
3205.5 994 31.5278
3206.5 1028 32.0624
3207.5 1001 31.6386
3208.5 1104 33.2265
3209.5 1066 32.6497
3210.5 1171 34.2199
3211.5 1180 34.3511
3212.5 1239 35.1994
3213.5 1287 35.8748
3214.5 1271 35.6511
3215.5 1404 37.47
3216.5 1380 37.1484
3217.5 1403 37.4566
3218.5 1424 37.7359
3219.5 1568 39.598
3220.5 1619 40.2368
3221.5 1560 39.4968
3222.5 1667 40.8289
3223.5 1714 41.4005
3224.5 1809 42.5323
3225.5 1846 42.9651
3226.5 1854 43.0581
3227.5 1873 43.2782
3228.5 1959 44.2606
3229.5 1930 43.9318
3230.5 1971 44.3959
3231.5 2059 45.3762
3232.5 2074 45.5412
3233.5 2203 46.9361
3234.5 2143 46.2925
3235.5 2158 46.4543
3236.5 2150 46.3681
3237.5 2193 46.8295
3238.5 2206 46.9681
3239.5 2227 47.1911
3240.5 2252 47.4552
3241.5 2199 46.8935
3242.5 2220 47.1169
3243.5 2157 46.4435
3244.5 2199 46.8935
3245.5 2134 46.1952
3246.5 2101 45.8367
3247.5 2008 44.8107
3248.5 1937 44.0114
3249.5 1922 43.8406
3250.5 1825 42.72
3251.5 1801 42.4382
3252.5 1747 41.7971
3253.5 1666 40.8167
3254.5 1612 40.1497
3255.5 1506 38.8072
3256.5 1468 38.3145
3257.5 1373 37.054
3258.5 1232 35.0999
3259.5 1210 34.7851
3260.5 1221 34.9428
3261.5 1182 34.3802
3262.5 1155 33.9853
3263.5 1036 32.187
3264.5 989 31.4484
3265.5 989 31.4484
3266.5 959 30.9677
3267.5 922 30.3645
3268.5 911 30.1828
3269.5 892 29.8664
3270.5 872 29.5296
3271.5 799 28.2666
3272.5 779 27.9106
3273.5 768 27.7128
3274.5 751 27.4044
3275.5 708 26.6083
3276.5 730 27.0185
3277.5 731 27.037
3278.5 687 26.2107
3279.5 680 26.0768
3280.5 623 24.96
3281.5 609 24.6779
3282.5 653 25.5539
3283.5 583 24.1454
3284.5 564 23.7487
3285.5 545 23.3452
3286.5 531 23.0434
3287.5 501 22.383
3288.5 432 20.7846
3289.5 466 21.587
3290.5 451 21.2368
3291.5 379 19.4679
3292.5 404 20.0998
3293.5 399 19.975
3294.5 383 19.5704
3295.5 346 18.6011
3296.5 349 18.6815
3297.5 344 18.5472
3298.5 301 17.3494
3299.5 317 17.8045
3300.5 348 18.6548
3301.5 289 17
3302.5 274 16.5529
3303.5 270 16.4317
3304.5 255 15.9687
3305.5 249 15.7797
3306.5 264 16.2481
3307.5 229 15.1327
3308.5 239 15.4596
3309.5 212 14.5602
3310.5 243 15.5885
3311.5 213 14.5945
3312.5 221 14.8661
3313.5 212 14.5602
3314.5 210 14.4914
3315.5 194 13.9284
3316.5 201 14.1774
3317.5 175 13.2288
3318.5 179 13.3791
3319.5 161 12.6886
3320.5 160 12.6491
3321.5 154 12.4097
3322.5 149 12.2066
3323.5 131 11.4455
3324.5 140 11.8322
3325.5 149 12.2066
3326.5 142 11.9164
3327.5 132 11.4891
3328.5 149 12.2066
3329.5 124 11.1355
3330.5 107 10.3441
3331.5 121 11
3332.5 132 11.4891
3333.5 98 9.89949
3334.5 94 9.69536
3335.5 102 10.0995
3336.5 126 11.225
3337.5 111 10.5357
3338.5 106 10.2956
3339.5 102 10.0995
3340.5 110 10.4881
3341.5 124 11.1355
3342.5 92 9.59166
3343.5 73 8.544
3344.5 84 9.16515
3345.5 107 10.3441
3346.5 90 9.48683
3347.5 69 8.30662
3348.5 100 10
3349.5 93 9.64365
3350.5 104 10.198
3351.5 80 8.94427
3352.5 89 9.43398
3353.5 79 8.88819
3354.5 87 9.32738
3355.5 72 8.48528
3356.5 94 9.69536
3357.5 92 9.59166
3358.5 73 8.544
3359.5 95 9.74679
3360.5 75 8.66025
3361.5 70 8.3666
3362.5 70 8.3666
3363.5 69 8.30662
3364.5 79 8.88819
3365.5 65 8.06226
3366.5 54 7.34847
3367.5 77 8.77496
3368.5 76 8.7178
3369.5 55 7.4162
3370.5 63 7.93725
3371.5 77 8.77496
3372.5 62 7.87401
3373.5 54 7.34847
3374.5 68 8.24621
3375.5 75 8.66025
3376.5 60 7.74597
3377.5 78 8.83176
3378.5 65 8.06226
3379.5 63 7.93725
3380.5 68 8.24621
3381.5 70 8.3666
3382.5 57 7.54983
3383.5 67 8.18535
3384.5 56 7.48331
3385.5 66 8.12404
3386.5 85 9.21954
3387.5 57 7.54983
3388.5 70 8.3666
3389.5 70 8.3666
3390.5 62 7.87401
3391.5 66 8.12404
3392.5 68 8.24621
3393.5 59 7.68115
3394.5 60 7.74597
3395.5 59 7.68115
3396.5 58 7.61577
3397.5 55 7.4162
3398.5 61 7.81025
3399.5 76 8.7178
3400.5 67 8.18535
3401.5 66 8.12404
3402.5 67 8.18535
3403.5 51 7.14143
3404.5 65 8.06226
3405.5 51 7.14143
3406.5 67 8.18535
3407.5 59 7.68115
3408.5 61 7.81025
3409.5 66 8.12404
3410.5 70 8.3666
3411.5 68 8.24621
3412.5 60 7.74597
3413.5 59 7.68115
3414.5 75 8.66025
3415.5 63 7.93725
3416.5 66 8.12404
3417.5 72 8.48528
3418.5 67 8.18535
3419.5 70 8.3666
3420.5 64 8
3421.5 54 7.34847
3422.5 50 7.07107
3423.5 65 8.06226
3424.5 69 8.30662
3425.5 74 8.60233
3426.5 55 7.4162
3427.5 64 8
3428.5 79 8.88819
3429.5 76 8.7178
3430.5 57 7.54983
3431.5 78 8.83176
3432.5 72 8.48528
3433.5 71 8.42615
3434.5 64 8
3435.5 61 7.81025
3436.5 61 7.81025
3437.5 82 9.05539
3438.5 70 8.3666
3439.5 70 8.3666
3440.5 52 7.2111
3441.5 65 8.06226
3442.5 62 7.87401
3443.5 69 8.30662
3444.5 46 6.78233
3445.5 52 7.2111
3446.5 55 7.4162
3447.5 45 6.7082
3448.5 61 7.81025
3449.5 69 8.30662
3450.5 56 7.48331
3451.5 62 7.87401
3452.5 65 8.06226
3453.5 66 8.12404
3454.5 58 7.61577
3455.5 60 7.74597
3456.5 69 8.30662
3457.5 64 8
3458.5 54 7.34847
3459.5 68 8.24621
3460.5 63 7.93725
3461.5 47 6.85565
3462.5 58 7.61577
3463.5 52 7.2111
3464.5 67 8.18535
3465.5 67 8.18535
3466.5 56 7.48331
3467.5 51 7.14143
3468.5 57 7.54983
3469.5 61 7.81025
3470.5 60 7.74597
3471.5 49 7
3472.5 51 7.14143
3473.5 47 6.85565
3474.5 67 8.18535
3475.5 55 7.4162
3476.5 67 8.18535
3477.5 62 7.87401
3478.5 65 8.06226
3479.5 53 7.28011
3480.5 60 7.74597
3481.5 59 7.68115
3482.5 48 6.9282
3483.5 61 7.81025
3484.5 50 7.07107
3485.5 60 7.74597
3486.5 56 7.48331
3487.5 68 8.24621
3488.5 59 7.68115
3489.5 62 7.87401
3490.5 51 7.14143
3491.5 54 7.34847
3492.5 52 7.2111
3493.5 57 7.54983
3494.5 66 8.12404
3495.5 45 6.7082
3496.5 46 6.78233
3497.5 60 7.74597
3498.5 43 6.55744
3499.5 50 7.07107
3500.5 57 7.54983
3501.5 62 7.87401
3502.5 50 7.07107
3503.5 49 7
3504.5 51 7.14143
3505.5 52 7.2111
3506.5 57 7.54983
3507.5 58 7.61577
3508.5 50 7.07107
3509.5 54 7.34847
3510.5 56 7.48331
3511.5 45 6.7082
3512.5 52 7.2111
3513.5 58 7.61577
3514.5 40 6.32456
3515.5 60 7.74597
3516.5 57 7.54983
3517.5 62 7.87401
3518.5 58 7.61577
3519.5 52 7.2111
3520.5 64 8
3521.5 63 7.93725
3522.5 53 7.28011
3523.5 38 6.16441
3524.5 53 7.28011
3525.5 65 8.06226
3526.5 62 7.87401
3527.5 62 7.87401
3528.5 62 7.87401
3529.5 58 7.61577
3530.5 55 7.4162
3531.5 59 7.68115
3532.5 59 7.68115
3533.5 67 8.18535
3534.5 71 8.42615
3535.5 57 7.54983
3536.5 51 7.14143
3537.5 59 7.68115
3538.5 49 7
3539.5 55 7.4162
3540.5 40 6.32456
3541.5 68 8.24621
3542.5 44 6.63325
3543.5 47 6.85565
3544.5 53 7.28011
3545.5 61 7.81025
3546.5 49 7
3547.5 58 7.61577
3548.5 58 7.61577
3549.5 61 7.81025
3550.5 64 8
3551.5 50 7.07107
3552.5 50 7.07107
3553.5 55 7.4162
3554.5 43 6.55744
3555.5 66 8.12404
3556.5 58 7.61577
3557.5 69 8.30662
3558.5 62 7.87401
3559.5 48 6.9282
3560.5 55 7.4162
3561.5 59 7.68115
3562.5 53 7.28011
3563.5 49 7
3564.5 59 7.68115
3565.5 47 6.85565
3566.5 47 6.85565
3567.5 49 7
3568.5 47 6.85565
3569.5 62 7.87401
3570.5 61 7.81025
3571.5 45 6.7082
3572.5 53 7.28011
3573.5 52 7.2111
3574.5 53 7.28011
3575.5 54 7.34847
3576.5 68 8.24621
3577.5 54 7.34847
3578.5 70 8.3666
3579.5 65 8.06226
3580.5 52 7.2111
3581.5 63 7.93725
3582.5 56 7.48331
3583.5 44 6.63325
3584.5 45 6.7082
3585.5 53 7.28011
3586.5 57 7.54983
3587.5 51 7.14143
3588.5 44 6.63325
3589.5 46 6.78233
3590.5 52 7.2111
3591.5 66 8.12404
3592.5 48 6.9282
3593.5 75 8.66025
3594.5 52 7.2111
3595.5 52 7.2111
3596.5 51 7.14143
3597.5 52 7.2111
3598.5 71 8.42615
3599.5 61 7.81025
3600.5 61 7.81025
3601.5 61 7.81025
3602.5 54 7.34847
3603.5 59 7.68115
3604.5 40 6.32456
3605.5 68 8.24621
3606.5 50 7.07107
3607.5 54 7.34847
3608.5 57 7.54983
3609.5 60 7.74597
3610.5 66 8.12404
3611.5 42 6.48074
3612.5 61 7.81025
3613.5 60 7.74597
3614.5 50 7.07107
3615.5 48 6.9282
3616.5 70 8.3666
3617.5 55 7.4162
3618.5 65 8.06226
3619.5 53 7.28011
3620.5 59 7.68115
3621.5 50 7.07107
3622.5 55 7.4162
3623.5 53 7.28011
3624.5 62 7.87401
3625.5 56 7.48331
3626.5 63 7.93725
3627.5 55 7.4162
3628.5 44 6.63325
3629.5 69 8.30662
3630.5 51 7.14143
3631.5 62 7.87401
3632.5 53 7.28011
3633.5 63 7.93725
3634.5 54 7.34847
3635.5 63 7.93725
3636.5 55 7.4162
3637.5 61 7.81025
3638.5 38 6.16441
3639.5 63 7.93725
3640.5 64 8
3641.5 61 7.81025
3642.5 49 7
3643.5 52 7.2111
3644.5 66 8.12404
3645.5 36 6
3646.5 56 7.48331
3647.5 50 7.07107
3648.5 61 7.81025
3649.5 50 7.07107
3650.5 51 7.14143
3651.5 70 8.3666
3652.5 50 7.07107
3653.5 39 6.245
3654.5 38 6.16441
3655.5 49 7
3656.5 59 7.68115
3657.5 58 7.61577
3658.5 41 6.40312
3659.5 60 7.74597
3660.5 54 7.34847
3661.5 56 7.48331
3662.5 55 7.4162
3663.5 68 8.24621
3664.5 64 8
3665.5 49 7
3666.5 54 7.34847
3667.5 45 6.7082
3668.5 52 7.2111
3669.5 46 6.78233
3670.5 64 8
3671.5 57 7.54983
3672.5 64 8
3673.5 56 7.48331
3674.5 61 7.81025
3675.5 54 7.34847
3676.5 66 8.12404
3677.5 40 6.32456
3678.5 55 7.4162
3679.5 53 7.28011
3680.5 47 6.85565
3681.5 48 6.9282
3682.5 54 7.34847
3683.5 68 8.24621
3684.5 53 7.28011
3685.5 39 6.245
3686.5 45 6.7082
3687.5 47 6.85565
3688.5 43 6.55744
3689.5 60 7.74597
3690.5 51 7.14143
3691.5 50 7.07107
3692.5 45 6.7082
3693.5 56 7.48331
3694.5 39 6.245
3695.5 42 6.48074
3696.5 56 7.48331
3697.5 58 7.61577
3698.5 56 7.48331
3699.5 47 6.85565
3700.5 44 6.63325
3701.5 55 7.4162
3702.5 51 7.14143
3703.5 54 7.34847
3704.5 43 6.55744
3705.5 45 6.7082
3706.5 55 7.4162
3707.5 53 7.28011
3708.5 45 6.7082
3709.5 35 5.91608
3710.5 56 7.48331
3711.5 47 6.85565
3712.5 63 7.93725
3713.5 63 7.93725
3714.5 59 7.68115
3715.5 54 7.34847
3716.5 62 7.87401
3717.5 48 6.9282
3718.5 55 7.4162
3719.5 70 8.3666
3720.5 43 6.55744
3721.5 46 6.78233
3722.5 62 7.87401
3723.5 61 7.81025
3724.5 49 7
3725.5 59 7.68115
3726.5 57 7.54983
3727.5 70 8.3666
3728.5 55 7.4162
3729.5 57 7.54983
3730.5 48 6.9282
3731.5 36 6
3732.5 51 7.14143
3733.5 51 7.14143
3734.5 57 7.54983
3735.5 51 7.14143
3736.5 46 6.78233
3737.5 50 7.07107
3738.5 43 6.55744
3739.5 66 8.12404
3740.5 60 7.74597
3741.5 56 7.48331
3742.5 47 6.85565
3743.5 63 7.93725
3744.5 58 7.61577
3745.5 46 6.78233
3746.5 50 7.07107
3747.5 60 7.74597
3748.5 52 7.2111
3749.5 53 7.28011
3750.5 55 7.4162
3751.5 51 7.14143
3752.5 57 7.54983
3753.5 53 7.28011
3754.5 48 6.9282
3755.5 47 6.85565
3756.5 66 8.12404
3757.5 49 7
3758.5 45 6.7082
3759.5 59 7.68115
3760.5 52 7.2111
3761.5 54 7.34847
3762.5 43 6.55744
3763.5 46 6.78233
3764.5 46 6.78233
3765.5 53 7.28011
3766.5 58 7.61577
3767.5 48 6.9282
3768.5 55 7.4162
3769.5 39 6.245
3770.5 48 6.9282
3771.5 42 6.48074
3772.5 49 7
3773.5 42 6.48074
3774.5 42 6.48074
3775.5 60 7.74597
3776.5 46 6.78233
3777.5 56 7.48331
3778.5 48 6.9282
3779.5 59 7.68115
3780.5 49 7
3781.5 55 7.4162
3782.5 50 7.07107
3783.5 54 7.34847
3784.5 56 7.48331
3785.5 47 6.85565
3786.5 46 6.78233
3787.5 57 7.54983
3788.5 58 7.61577
3789.5 54 7.34847
3790.5 49 7
3791.5 50 7.07107
3792.5 46 6.78233
3793.5 38 6.16441
3794.5 70 8.3666
3795.5 55 7.4162
3796.5 46 6.78233
3797.5 43 6.55744
3798.5 46 6.78233
3799.5 70 8.3666
3800.5 54 7.34847
3801.5 57 7.54983
3802.5 45 6.7082
3803.5 51 7.14143
3804.5 58 7.61577
3805.5 62 7.87401
3806.5 54 7.34847
3807.5 69 8.30662
3808.5 57 7.54983
3809.5 51 7.14143
3810.5 55 7.4162
3811.5 58 7.61577
3812.5 55 7.4162
3813.5 52 7.2111
3814.5 55 7.4162
3815.5 51 7.14143
3816.5 51 7.14143
3817.5 55 7.4162
3818.5 53 7.28011
3819.5 54 7.34847
3820.5 65 8.06226
3821.5 54 7.34847
3822.5 59 7.68115
3823.5 49 7
3824.5 44 6.63325
3825.5 60 7.74597
3826.5 42 6.48074
3827.5 59 7.68115
3828.5 39 6.245
3829.5 54 7.34847
3830.5 54 7.34847
3831.5 49 7
3832.5 43 6.55744
3833.5 49 7
3834.5 52 7.2111
3835.5 48 6.9282
3836.5 61 7.81025
3837.5 50 7.07107
3838.5 44 6.63325
3839.5 58 7.61577
3840.5 52 7.2111
3841.5 43 6.55744
3842.5 46 6.78233
3843.5 49 7
3844.5 49 7
3845.5 63 7.93725
3846.5 49 7
3847.5 41 6.40312
3848.5 41 6.40312
3849.5 61 7.81025
3850.5 57 7.54983
3851.5 52 7.2111
3852.5 45 6.7082
3853.5 48 6.9282
3854.5 55 7.4162
3855.5 41 6.40312
3856.5 52 7.2111
3857.5 44 6.63325
3858.5 48 6.9282
3859.5 48 6.9282
3860.5 61 7.81025
3861.5 47 6.85565
3862.5 47 6.85565
3863.5 51 7.14143
3864.5 46 6.78233
3865.5 56 7.48331
3866.5 40 6.32456
3867.5 63 7.93725
3868.5 55 7.4162
3869.5 61 7.81025
3870.5 51 7.14143
3871.5 65 8.06226
3872.5 49 7
3873.5 55 7.4162
3874.5 48 6.9282
3875.5 44 6.63325
3876.5 52 7.2111
3877.5 40 6.32456
3878.5 58 7.61577
3879.5 69 8.30662
3880.5 54 7.34847
3881.5 52 7.2111
3882.5 46 6.78233
3883.5 56 7.48331
3884.5 59 7.68115
3885.5 59 7.68115
3886.5 69 8.30662
3887.5 53 7.28011
3888.5 38 6.16441
3889.5 50 7.07107
3890.5 53 7.28011
3891.5 45 6.7082
3892.5 49 7
3893.5 54 7.34847
3894.5 50 7.07107
3895.5 49 7
3896.5 53 7.28011
3897.5 56 7.48331
3898.5 54 7.34847
3899.5 66 8.12404
3900.5 47 6.85565
3901.5 78 8.83176
3902.5 48 6.9282
3903.5 49 7
3904.5 45 6.7082
3905.5 48 6.9282
3906.5 66 8.12404
3907.5 46 6.78233
3908.5 53 7.28011
3909.5 44 6.63325
3910.5 41 6.40312
3911.5 59 7.68115
3912.5 48 6.9282
3913.5 48 6.9282
3914.5 54 7.34847
3915.5 49 7
3916.5 45 6.7082
3917.5 51 7.14143
3918.5 48 6.9282
3919.5 55 7.4162
3920.5 52 7.2111
3921.5 53 7.28011
3922.5 41 6.40312
3923.5 48 6.9282
3924.5 47 6.85565
3925.5 56 7.48331
3926.5 67 8.18535
3927.5 38 6.16441
3928.5 60 7.74597
3929.5 55 7.4162
3930.5 54 7.34847
3931.5 30 5.47723
3932.5 53 7.28011
3933.5 53 7.28011
3934.5 47 6.85565
3935.5 42 6.48074
3936.5 43 6.55744
3937.5 48 6.9282
3938.5 39 6.245
3939.5 46 6.78233
3940.5 56 7.48331
3941.5 45 6.7082
3942.5 47 6.85565
3943.5 35 5.91608
3944.5 59 7.68115
3945.5 50 7.07107
3946.5 52 7.2111
3947.5 47 6.85565
3948.5 47 6.85565
3949.5 64 8
3950.5 53 7.28011
3951.5 56 7.48331
3952.5 58 7.61577
3953.5 57 7.54983
3954.5 48 6.9282
3955.5 49 7
3956.5 51 7.14143
3957.5 45 6.7082
3958.5 54 7.34847
3959.5 48 6.9282
3960.5 44 6.63325
3961.5 56 7.48331
3962.5 48 6.9282
3963.5 50 7.07107
3964.5 56 7.48331
3965.5 63 7.93725
3966.5 48 6.9282
3967.5 52 7.2111
3968.5 51 7.14143
3969.5 37 6.08276
3970.5 58 7.61577
3971.5 40 6.32456
3972.5 51 7.14143
3973.5 49 7
3974.5 48 6.9282
3975.5 52 7.2111
3976.5 44 6.63325
3977.5 67 8.18535
3978.5 46 6.78233
3979.5 53 7.28011
3980.5 51 7.14143
3981.5 44 6.63325
3982.5 53 7.28011
3983.5 52 7.2111
3984.5 37 6.08276
3985.5 46 6.78233
3986.5 45 6.7082
3987.5 51 7.14143
3988.5 52 7.2111
3989.5 63 7.93725
3990.5 58 7.61577
3991.5 49 7
3992.5 44 6.63325
3993.5 38 6.16441
3994.5 49 7
3995.5 56 7.48331
3996.5 58 7.61577
3997.5 44 6.63325
3998.5 48 6.9282
3999.5 47 6.85565
4000.5 38 6.16441
4001.5 64 8
4002.5 54 7.34847
4003.5 49 7
4004.5 50 7.07107
4005.5 47 6.85565
4006.5 44 6.63325
4007.5 44 6.63325
4008.5 46 6.78233
4009.5 44 6.63325
4010.5 53 7.28011
4011.5 47 6.85565
4012.5 44 6.63325
4013.5 48 6.9282
4014.5 54 7.34847
4015.5 50 7.07107
4016.5 52 7.2111
4017.5 47 6.85565
4018.5 56 7.48331
4019.5 55 7.4162
4020.5 64 8
4021.5 55 7.4162
4022.5 38 6.16441
4023.5 42 6.48074
4024.5 44 6.63325
4025.5 39 6.245
4026.5 50 7.07107
4027.5 47 6.85565
4028.5 41 6.40312
4029.5 50 7.07107
4030.5 61 7.81025
4031.5 42 6.48074
4032.5 57 7.54983
4033.5 54 7.34847
4034.5 48 6.9282
4035.5 32 5.65685
4036.5 49 7
4037.5 39 6.245
4038.5 42 6.48074
4039.5 52 7.2111
4040.5 52 7.2111
4041.5 55 7.4162
4042.5 49 7
4043.5 48 6.9282
4044.5 57 7.54983
4045.5 48 6.9282
4046.5 54 7.34847
4047.5 42 6.48074
4048.5 43 6.55744
4049.5 46 6.78233
4050.5 37 6.08276
4051.5 54 7.34847
4052.5 57 7.54983
4053.5 60 7.74597
4054.5 53 7.28011
4055.5 47 6.85565
4056.5 56 7.48331
4057.5 50 7.07107
4058.5 46 6.78233
4059.5 65 8.06226
4060.5 41 6.40312
4061.5 51 7.14143
4062.5 60 7.74597
4063.5 53 7.28011
4064.5 45 6.7082
4065.5 52 7.2111
4066.5 49 7
4067.5 48 6.9282
4068.5 44 6.63325
4069.5 46 6.78233
4070.5 44 6.63325
4071.5 59 7.68115
4072.5 50 7.07107
4073.5 59 7.68115
4074.5 45 6.7082
4075.5 61 7.81025
4076.5 43 6.55744
4077.5 51 7.14143
4078.5 42 6.48074
4079.5 56 7.48331
4080.5 54 7.34847
4081.5 59 7.68115
4082.5 60 7.74597
4083.5 53 7.28011
4084.5 50 7.07107
4085.5 54 7.34847
4086.5 46 6.78233
4087.5 48 6.9282
4088.5 51 7.14143
4089.5 51 7.14143
4090.5 53 7.28011
4091.5 43 6.55744
4092.5 37 6.08276
4093.5 49 7
4094.5 52 7.2111
4095.5 49 7
4096.5 50 7.07107
4097.5 58 7.61577
4098.5 44 6.63325
4099.5 48 6.9282
4100.5 56 7.48331
4101.5 42 6.48074
4102.5 52 7.2111
4103.5 43 6.55744
4104.5 55 7.4162
4105.5 42 6.48074
4106.5 53 7.28011
4107.5 67 8.18535
4108.5 51 7.14143
4109.5 49 7
4110.5 51 7.14143
4111.5 37 6.08276
4112.5 52 7.2111
4113.5 53 7.28011
4114.5 52 7.2111
4115.5 55 7.4162
4116.5 48 6.9282
4117.5 52 7.2111
4118.5 44 6.63325
4119.5 49 7
4120.5 59 7.68115
4121.5 59 7.68115
4122.5 54 7.34847
4123.5 43 6.55744
4124.5 50 7.07107
4125.5 53 7.28011
4126.5 55 7.4162
4127.5 52 7.2111
4128.5 50 7.07107
4129.5 64 8
4130.5 52 7.2111
4131.5 34 5.83095
4132.5 47 6.85565
4133.5 45 6.7082
4134.5 60 7.74597
4135.5 41 6.40312
4136.5 50 7.07107
4137.5 71 8.42615
4138.5 63 7.93725
4139.5 48 6.9282
4140.5 60 7.74597
4141.5 53 7.28011
4142.5 52 7.2111
4143.5 51 7.14143
4144.5 44 6.63325
4145.5 41 6.40312
4146.5 46 6.78233
4147.5 51 7.14143
4148.5 49 7
4149.5 55 7.4162
4150.5 54 7.34847
4151.5 57 7.54983
4152.5 57 7.54983
4153.5 58 7.61577
4154.5 48 6.9282
4155.5 50 7.07107
4156.5 67 8.18535
4157.5 64 8
4158.5 55 7.4162
4159.5 51 7.14143
4160.5 57 7.54983
4161.5 28 5.2915
4162.5 55 7.4162
4163.5 59 7.68115
4164.5 51 7.14143
4165.5 50 7.07107
4166.5 44 6.63325
4167.5 44 6.63325
4168.5 44 6.63325
4169.5 64 8
4170.5 58 7.61577
4171.5 48 6.9282
4172.5 51 7.14143
4173.5 59 7.68115
4174.5 49 7
4175.5 43 6.55744
4176.5 51 7.14143
4177.5 56 7.48331
4178.5 59 7.68115
4179.5 62 7.87401
4180.5 62 7.87401
4181.5 47 6.85565
4182.5 61 7.81025
4183.5 41 6.40312
4184.5 36 6
4185.5 52 7.2111
4186.5 48 6.9282
4187.5 60 7.74597
4188.5 53 7.28011
4189.5 58 7.61577
4190.5 47 6.85565
4191.5 44 6.63325
4192.5 50 7.07107
4193.5 53 7.28011
4194.5 50 7.07107
4195.5 56 7.48331
4196.5 59 7.68115
4197.5 32 5.65685
4198.5 52 7.2111
4199.5 43 6.55744
4200.5 41 6.40312
4201.5 49 7
4202.5 55 7.4162
4203.5 52 7.2111
4204.5 59 7.68115
4205.5 44 6.63325
4206.5 57 7.54983
4207.5 38 6.16441
4208.5 46 6.78233
4209.5 39 6.245
4210.5 47 6.85565
4211.5 56 7.48331
4212.5 45 6.7082
4213.5 50 7.07107
4214.5 54 7.34847
4215.5 52 7.2111
4216.5 60 7.74597
4217.5 47 6.85565
4218.5 34 5.83095
4219.5 46 6.78233
4220.5 48 6.9282
4221.5 50 7.07107
4222.5 49 7
4223.5 52 7.2111
4224.5 39 6.245
4225.5 49 7
4226.5 44 6.63325
4227.5 50 7.07107
4228.5 45 6.7082
4229.5 53 7.28011
4230.5 35 5.91608
4231.5 48 6.9282
4232.5 52 7.2111
4233.5 34 5.83095
4234.5 49 7
4235.5 44 6.63325
4236.5 43 6.55744
4237.5 54 7.34847
4238.5 37 6.08276
4239.5 52 7.2111
4240.5 46 6.78233
4241.5 57 7.54983
4242.5 56 7.48331
4243.5 50 7.07107
4244.5 42 6.48074
4245.5 51 7.14143
4246.5 42 6.48074
4247.5 42 6.48074
4248.5 37 6.08276
4249.5 43 6.55744
4250.5 50 7.07107
4251.5 52 7.2111
4252.5 48 6.9282
4253.5 43 6.55744
4254.5 44 6.63325
4255.5 44 6.63325
4256.5 38 6.16441
4257.5 41 6.40312
4258.5 48 6.9282
4259.5 45 6.7082
4260.5 46 6.78233
4261.5 43 6.55744
4262.5 54 7.34847
4263.5 47 6.85565
4264.5 56 7.48331
4265.5 51 7.14143
4266.5 37 6.08276
4267.5 47 6.85565
4268.5 54 7.34847
4269.5 50 7.07107
4270.5 44 6.63325
4271.5 57 7.54983
4272.5 60 7.74597
4273.5 42 6.48074
4274.5 54 7.34847
4275.5 45 6.7082
4276.5 38 6.16441
4277.5 52 7.2111
4278.5 45 6.7082
4279.5 57 7.54983
4280.5 56 7.48331
4281.5 56 7.48331
4282.5 44 6.63325
4283.5 47 6.85565
4284.5 53 7.28011
4285.5 49 7
4286.5 45 6.7082
4287.5 51 7.14143
4288.5 59 7.68115
4289.5 55 7.4162
4290.5 57 7.54983
4291.5 51 7.14143
4292.5 43 6.55744
4293.5 53 7.28011
4294.5 48 6.9282
4295.5 48 6.9282
4296.5 46 6.78233
4297.5 37 6.08276
4298.5 55 7.4162
4299.5 49 7
4300.5 60 7.74597
4301.5 59 7.68115
4302.5 42 6.48074
4303.5 36 6
4304.5 52 7.2111
4305.5 44 6.63325
4306.5 52 7.2111
4307.5 56 7.48331
4308.5 47 6.85565
4309.5 55 7.4162
4310.5 41 6.40312
4311.5 52 7.2111
4312.5 57 7.54983
4313.5 46 6.78233
4314.5 61 7.81025
4315.5 51 7.14143
4316.5 57 7.54983
4317.5 54 7.34847
4318.5 44 6.63325
4319.5 56 7.48331
4320.5 45 6.7082
4321.5 40 6.32456
4322.5 52 7.2111
4323.5 57 7.54983
4324.5 62 7.87401
4325.5 38 6.16441
4326.5 52 7.2111
4327.5 54 7.34847
4328.5 55 7.4162
4329.5 44 6.63325
4330.5 52 7.2111
4331.5 46 6.78233
4332.5 48 6.9282
4333.5 52 7.2111
4334.5 49 7
4335.5 58 7.61577
4336.5 40 6.32456
4337.5 49 7
4338.5 45 6.7082
4339.5 48 6.9282
4340.5 47 6.85565
4341.5 44 6.63325
4342.5 58 7.61577
4343.5 38 6.16441
4344.5 41 6.40312
4345.5 51 7.14143
4346.5 41 6.40312
4347.5 44 6.63325
4348.5 41 6.40312
4349.5 55 7.4162
4350.5 54 7.34847
4351.5 51 7.14143
4352.5 37 6.08276
4353.5 65 8.06226
4354.5 47 6.85565
4355.5 53 7.28011
4356.5 46 6.78233
4357.5 39 6.245
4358.5 45 6.7082
4359.5 50 7.07107
4360.5 54 7.34847
4361.5 44 6.63325
4362.5 60 7.74597
4363.5 39 6.245
4364.5 55 7.4162
4365.5 50 7.07107
4366.5 53 7.28011
4367.5 50 7.07107
4368.5 53 7.28011
4369.5 46 6.78233
4370.5 52 7.2111
4371.5 46 6.78233
4372.5 41 6.40312
4373.5 36 6
4374.5 48 6.9282
4375.5 64 8
4376.5 55 7.4162
4377.5 33 5.74456
4378.5 54 7.34847
4379.5 53 7.28011
4380.5 44 6.63325
4381.5 37 6.08276
4382.5 47 6.85565
4383.5 46 6.78233
4384.5 46 6.78233
4385.5 47 6.85565
4386.5 63 7.93725
4387.5 55 7.4162
4388.5 54 7.34847
4389.5 55 7.4162
4390.5 54 7.34847
4391.5 40 6.32456
4392.5 55 7.4162
4393.5 68 8.24621
4394.5 57 7.54983
4395.5 42 6.48074
4396.5 56 7.48331
4397.5 59 7.68115
4398.5 49 7
4399.5 47 6.85565
4400.5 40 6.32456
4401.5 60 7.74597
4402.5 41 6.40312
4403.5 36 6
4404.5 47 6.85565
4405.5 47 6.85565
4406.5 50 7.07107
4407.5 33 5.74456
4408.5 62 7.87401
4409.5 53 7.28011
4410.5 47 6.85565
4411.5 56 7.48331
4412.5 48 6.9282
4413.5 49 7
4414.5 58 7.61577
4415.5 49 7
4416.5 45 6.7082
4417.5 46 6.78233
4418.5 61 7.81025
4419.5 52 7.2111
4420.5 39 6.245
4421.5 44 6.63325
4422.5 39 6.245
4423.5 40 6.32456
4424.5 55 7.4162
4425.5 53 7.28011
4426.5 41 6.40312
4427.5 51 7.14143
4428.5 47 6.85565
4429.5 43 6.55744
4430.5 45 6.7082
4431.5 56 7.48331
4432.5 58 7.61577
4433.5 48 6.9282
4434.5 52 7.2111
4435.5 48 6.9282
4436.5 50 7.07107
4437.5 42 6.48074
4438.5 55 7.4162
4439.5 50 7.07107
4440.5 49 7
4441.5 52 7.2111
4442.5 62 7.87401
4443.5 60 7.74597
4444.5 66 8.12404
4445.5 45 6.7082
4446.5 46 6.78233
4447.5 45 6.7082
4448.5 54 7.34847
4449.5 41 6.40312
4450.5 55 7.4162
4451.5 36 6
4452.5 32 5.65685
4453.5 46 6.78233
4454.5 64 8
4455.5 52 7.2111
4456.5 60 7.74597
4457.5 53 7.28011
4458.5 49 7
4459.5 48 6.9282
4460.5 44 6.63325
4461.5 46 6.78233
4462.5 51 7.14143
4463.5 50 7.07107
4464.5 38 6.16441
4465.5 45 6.7082
4466.5 48 6.9282
4467.5 57 7.54983
4468.5 63 7.93725
4469.5 58 7.61577
4470.5 44 6.63325
4471.5 52 7.2111
4472.5 59 7.68115
4473.5 58 7.61577
4474.5 57 7.54983
4475.5 49 7
4476.5 52 7.2111
4477.5 59 7.68115
4478.5 51 7.14143
4479.5 47 6.85565
4480.5 40 6.32456
4481.5 50 7.07107
4482.5 55 7.4162
4483.5 43 6.55744
4484.5 49 7
4485.5 56 7.48331
4486.5 48 6.9282
4487.5 44 6.63325
4488.5 54 7.34847
4489.5 38 6.16441
4490.5 50 7.07107
4491.5 40 6.32456
4492.5 37 6.08276
4493.5 49 7
4494.5 57 7.54983
4495.5 60 7.74597
4496.5 45 6.7082
4497.5 54 7.34847
4498.5 52 7.2111
4499.5 47 6.85565
4500.5 56 7.48331
4501.5 69 8.30662
4502.5 56 7.48331
4503.5 45 6.7082
4504.5 46 6.78233
4505.5 40 6.32456
4506.5 46 6.78233
4507.5 46 6.78233
4508.5 41 6.40312
4509.5 42 6.48074
4510.5 45 6.7082
4511.5 54 7.34847
4512.5 46 6.78233
4513.5 46 6.78233
4514.5 51 7.14143
4515.5 52 7.2111
4516.5 37 6.08276
4517.5 39 6.245
4518.5 41 6.40312
4519.5 43 6.55744
4520.5 61 7.81025
4521.5 39 6.245
4522.5 37 6.08276
4523.5 54 7.34847
4524.5 53 7.28011
4525.5 40 6.32456
4526.5 49 7
4527.5 44 6.63325
4528.5 48 6.9282
4529.5 43 6.55744
4530.5 33 5.74456
4531.5 46 6.78233
4532.5 43 6.55744
4533.5 43 6.55744
4534.5 40 6.32456
4535.5 57 7.54983
4536.5 39 6.245
4537.5 38 6.16441
4538.5 53 7.28011
4539.5 46 6.78233
4540.5 50 7.07107
4541.5 45 6.7082
4542.5 54 7.34847
4543.5 33 5.74456
4544.5 40 6.32456
4545.5 40 6.32456
4546.5 47 6.85565
4547.5 39 6.245
4548.5 40 6.32456
4549.5 61 7.81025
4550.5 42 6.48074
4551.5 44 6.63325
4552.5 47 6.85565
4553.5 42 6.48074
4554.5 41 6.40312
4555.5 50 7.07107
4556.5 56 7.48331
4557.5 43 6.55744
4558.5 44 6.63325
4559.5 43 6.55744
4560.5 42 6.48074
4561.5 50 7.07107
4562.5 38 6.16441
4563.5 33 5.74456
4564.5 42 6.48074
4565.5 64 8
4566.5 43 6.55744
4567.5 41 6.40312
4568.5 43 6.55744
4569.5 60 7.74597
4570.5 60 7.74597
4571.5 53 7.28011
4572.5 54 7.34847
4573.5 31 5.56776
4574.5 45 6.7082
4575.5 49 7
4576.5 49 7
4577.5 37 6.08276
4578.5 49 7
4579.5 40 6.32456
4580.5 56 7.48331
4581.5 50 7.07107
4582.5 54 7.34847
4583.5 57 7.54983
4584.5 47 6.85565
4585.5 44 6.63325
4586.5 31 5.56776
4587.5 50 7.07107
4588.5 43 6.55744
4589.5 56 7.48331
4590.5 68 8.24621
4591.5 41 6.40312
4592.5 45 6.7082
4593.5 39 6.245
4594.5 56 7.48331
4595.5 50 7.07107
4596.5 54 7.34847
4597.5 53 7.28011
4598.5 41 6.40312
4599.5 47 6.85565
4600.5 51 7.14143
4601.5 52 7.2111
4602.5 48 6.9282
4603.5 31 5.56776
4604.5 43 6.55744
4605.5 39 6.245
4606.5 42 6.48074
4607.5 47 6.85565
4608.5 45 6.7082
4609.5 50 7.07107
4610.5 37 6.08276
4611.5 52 7.2111
4612.5 41 6.40312
4613.5 45 6.7082
4614.5 40 6.32456
4615.5 50 7.07107
4616.5 43 6.55744
4617.5 54 7.34847
4618.5 53 7.28011
4619.5 55 7.4162
4620.5 39 6.245
4621.5 46 6.78233
4622.5 49 7
4623.5 54 7.34847
4624.5 40 6.32456
4625.5 49 7
4626.5 45 6.7082
4627.5 46 6.78233
4628.5 56 7.48331
4629.5 43 6.55744
4630.5 41 6.40312
4631.5 47 6.85565
4632.5 53 7.28011
4633.5 51 7.14143
4634.5 40 6.32456
4635.5 53 7.28011
4636.5 48 6.9282
4637.5 44 6.63325
4638.5 37 6.08276
4639.5 48 6.9282
4640.5 51 7.14143
4641.5 38 6.16441
4642.5 44 6.63325
4643.5 47 6.85565
4644.5 57 7.54983
4645.5 44 6.63325
4646.5 55 7.4162
4647.5 41 6.40312
4648.5 47 6.85565
4649.5 46 6.78233
4650.5 50 7.07107
4651.5 62 7.87401
4652.5 56 7.48331
4653.5 50 7.07107
4654.5 42 6.48074
4655.5 44 6.63325
4656.5 31 5.56776
4657.5 53 7.28011
4658.5 42 6.48074
4659.5 39 6.245
4660.5 40 6.32456
4661.5 51 7.14143
4662.5 52 7.2111
4663.5 56 7.48331
4664.5 52 7.2111
4665.5 50 7.07107
4666.5 37 6.08276
4667.5 53 7.28011
4668.5 54 7.34847
4669.5 46 6.78233
4670.5 47 6.85565
4671.5 44 6.63325
4672.5 36 6
4673.5 43 6.55744
4674.5 42 6.48074
4675.5 52 7.2111
4676.5 38 6.16441
4677.5 37 6.08276
4678.5 50 7.07107
4679.5 53 7.28011
4680.5 45 6.7082
4681.5 50 7.07107
4682.5 49 7
4683.5 46 6.78233
4684.5 38 6.16441
4685.5 36 6
4686.5 63 7.93725
4687.5 60 7.74597
4688.5 61 7.81025
4689.5 52 7.2111
4690.5 40 6.32456
4691.5 44 6.63325
4692.5 48 6.9282
4693.5 44 6.63325
4694.5 50 7.07107
4695.5 40 6.32456
4696.5 57 7.54983
4697.5 50 7.07107
4698.5 43 6.55744
4699.5 37 6.08276
4700.5 48 6.9282
4701.5 47 6.85565
4702.5 52 7.2111
4703.5 40 6.32456
4704.5 46 6.78233
4705.5 46 6.78233
4706.5 42 6.48074
4707.5 45 6.7082
4708.5 38 6.16441
4709.5 63 7.93725
4710.5 35 5.91608
4711.5 45 6.7082
4712.5 48 6.9282
4713.5 42 6.48074
4714.5 54 7.34847
4715.5 51 7.14143
4716.5 40 6.32456
4717.5 40 6.32456
4718.5 49 7
4719.5 56 7.48331
4720.5 50 7.07107
4721.5 42 6.48074
4722.5 50 7.07107
4723.5 48 6.9282
4724.5 43 6.55744
4725.5 48 6.9282
4726.5 42 6.48074
4727.5 38 6.16441
4728.5 41 6.40312
4729.5 44 6.63325
4730.5 46 6.78233
4731.5 51 7.14143
4732.5 45 6.7082
4733.5 53 7.28011
4734.5 40 6.32456
4735.5 48 6.9282
4736.5 39 6.245
4737.5 57 7.54983
4738.5 53 7.28011
4739.5 50 7.07107
4740.5 55 7.4162
4741.5 55 7.4162
4742.5 52 7.2111
4743.5 44 6.63325
4744.5 48 6.9282
4745.5 46 6.78233
4746.5 60 7.74597
4747.5 42 6.48074
4748.5 60 7.74597
4749.5 51 7.14143
4750.5 52 7.2111
4751.5 49 7
4752.5 53 7.28011
4753.5 41 6.40312
4754.5 48 6.9282
4755.5 54 7.34847
4756.5 51 7.14143
4757.5 48 6.9282
4758.5 39 6.245
4759.5 40 6.32456
4760.5 40 6.32456
4761.5 55 7.4162
4762.5 54 7.34847
4763.5 49 7
4764.5 38 6.16441
4765.5 54 7.34847
4766.5 45 6.7082
4767.5 55 7.4162
4768.5 44 6.63325
4769.5 45 6.7082
4770.5 36 6
4771.5 54 7.34847
4772.5 43 6.55744
4773.5 47 6.85565
4774.5 47 6.85565
4775.5 41 6.40312
4776.5 38 6.16441
4777.5 41 6.40312
4778.5 43 6.55744
4779.5 43 6.55744
4780.5 46 6.78233
4781.5 48 6.9282
4782.5 44 6.63325
4783.5 53 7.28011
4784.5 54 7.34847
4785.5 40 6.32456
4786.5 46 6.78233
4787.5 46 6.78233
4788.5 37 6.08276
4789.5 47 6.85565
4790.5 44 6.63325
4791.5 45 6.7082
4792.5 50 7.07107
4793.5 49 7
4794.5 52 7.2111
4795.5 50 7.07107
4796.5 38 6.16441
4797.5 61 7.81025
4798.5 46 6.78233
4799.5 59 7.68115
4800.5 38 6.16441
4801.5 48 6.9282
4802.5 28 5.2915
4803.5 47 6.85565
4804.5 49 7
4805.5 37 6.08276
4806.5 48 6.9282
4807.5 36 6
4808.5 55 7.4162
4809.5 40 6.32456
4810.5 54 7.34847
4811.5 41 6.40312
4812.5 43 6.55744
4813.5 56 7.48331
4814.5 48 6.9282
4815.5 47 6.85565
4816.5 46 6.78233
4817.5 43 6.55744
4818.5 49 7
4819.5 56 7.48331
4820.5 42 6.48074
4821.5 50 7.07107
4822.5 43 6.55744
4823.5 63 7.93725
4824.5 32 5.65685
4825.5 41 6.40312
4826.5 42 6.48074
4827.5 52 7.2111
4828.5 47 6.85565
4829.5 46 6.78233
4830.5 44 6.63325
4831.5 38 6.16441
4832.5 35 5.91608
4833.5 52 7.2111
4834.5 47 6.85565
4835.5 51 7.14143
4836.5 43 6.55744
4837.5 50 7.07107
4838.5 45 6.7082
4839.5 46 6.78233
4840.5 50 7.07107
4841.5 53 7.28011
4842.5 53 7.28011
4843.5 50 7.07107
4844.5 46 6.78233
4845.5 45 6.7082
4846.5 54 7.34847
4847.5 52 7.2111
4848.5 46 6.78233
4849.5 36 6
4850.5 47 6.85565
4851.5 53 7.28011
4852.5 48 6.9282
4853.5 53 7.28011
4854.5 65 8.06226
4855.5 49 7
4856.5 48 6.9282
4857.5 58 7.61577
4858.5 44 6.63325
4859.5 54 7.34847
4860.5 41 6.40312
4861.5 42 6.48074
4862.5 41 6.40312
4863.5 53 7.28011
4864.5 56 7.48331
4865.5 37 6.08276
4866.5 38 6.16441
4867.5 47 6.85565
4868.5 54 7.34847
4869.5 44 6.63325
4870.5 48 6.9282
4871.5 38 6.16441
4872.5 61 7.81025
4873.5 42 6.48074
4874.5 44 6.63325
4875.5 35 5.91608
4876.5 34 5.83095
4877.5 49 7
4878.5 41 6.40312
4879.5 29 5.38516
4880.5 47 6.85565
4881.5 43 6.55744
4882.5 47 6.85565
4883.5 43 6.55744
4884.5 56 7.48331
4885.5 45 6.7082
4886.5 37 6.08276
4887.5 51 7.14143
4888.5 43 6.55744
4889.5 41 6.40312
4890.5 31 5.56776
4891.5 43 6.55744
4892.5 52 7.2111
4893.5 41 6.40312
4894.5 44 6.63325
4895.5 53 7.28011
4896.5 46 6.78233
4897.5 56 7.48331
4898.5 46 6.78233
4899.5 38 6.16441
4900.5 32 5.65685
4901.5 43 6.55744
4902.5 52 7.2111
4903.5 58 7.61577
4904.5 42 6.48074
4905.5 37 6.08276
4906.5 43 6.55744
4907.5 37 6.08276
4908.5 40 6.32456
4909.5 54 7.34847
4910.5 54 7.34847
4911.5 31 5.56776
4912.5 42 6.48074
4913.5 44 6.63325
4914.5 49 7
4915.5 49 7
4916.5 51 7.14143
4917.5 36 6
4918.5 43 6.55744
4919.5 50 7.07107
4920.5 47 6.85565
4921.5 46 6.78233
4922.5 44 6.63325
4923.5 44 6.63325
4924.5 48 6.9282
4925.5 51 7.14143
4926.5 41 6.40312
4927.5 40 6.32456
4928.5 44 6.63325
4929.5 50 7.07107
4930.5 47 6.85565
4931.5 50 7.07107
4932.5 38 6.16441
4933.5 39 6.245
4934.5 39 6.245
4935.5 43 6.55744
4936.5 58 7.61577
4937.5 45 6.7082
4938.5 49 7
4939.5 64 8
4940.5 58 7.61577
4941.5 45 6.7082
4942.5 49 7
4943.5 37 6.08276
4944.5 42 6.48074
4945.5 40 6.32456
4946.5 37 6.08276
4947.5 48 6.9282
4948.5 49 7
4949.5 58 7.61577
4950.5 51 7.14143
4951.5 41 6.40312
4952.5 50 7.07107
4953.5 50 7.07107
4954.5 53 7.28011
4955.5 49 7
4956.5 49 7
4957.5 47 6.85565
4958.5 41 6.40312
4959.5 39 6.245
4960.5 44 6.63325
4961.5 45 6.7082
4962.5 36 6
4963.5 38 6.16441
4964.5 51 7.14143
4965.5 41 6.40312
4966.5 56 7.48331
4967.5 43 6.55744
4968.5 50 7.07107
4969.5 43 6.55744
4970.5 44 6.63325
4971.5 47 6.85565
4972.5 47 6.85565
4973.5 56 7.48331
4974.5 42 6.48074
4975.5 40 6.32456
4976.5 43 6.55744
4977.5 43 6.55744
4978.5 47 6.85565
4979.5 53 7.28011
4980.5 50 7.07107
4981.5 45 6.7082
4982.5 44 6.63325
4983.5 49 7
4984.5 52 7.2111
4985.5 51 7.14143
4986.5 58 7.61577
4987.5 46 6.78233
4988.5 50 7.07107
4989.5 46 6.78233
4990.5 48 6.9282
4991.5 46 6.78233
4992.5 46 6.78233
4993.5 41 6.40312
4994.5 45 6.7082
4995.5 45 6.7082
4996.5 56 7.48331
4997.5 42 6.48074
4998.5 39 6.245
4999.5 48 6.9282
5000.5 49 7
5001.5 45 6.7082
5002.5 49 7
5003.5 41 6.40312
5004.5 57 7.54983
5005.5 39 6.245
5006.5 44 6.63325
5007.5 30 5.47723
5008.5 32 5.65685
5009.5 40 6.32456
5010.5 43 6.55744
5011.5 47 6.85565
5012.5 51 7.14143
5013.5 38 6.16441
5014.5 48 6.9282
5015.5 45 6.7082
5016.5 41 6.40312
5017.5 55 7.4162
5018.5 36 6
5019.5 44 6.63325
5020.5 39 6.245
5021.5 50 7.07107
5022.5 49 7
5023.5 53 7.28011
5024.5 46 6.78233
5025.5 46 6.78233
5026.5 42 6.48074
5027.5 49 7
5028.5 43 6.55744
5029.5 55 7.4162
5030.5 35 5.91608
5031.5 35 5.91608
5032.5 48 6.9282
5033.5 56 7.48331
5034.5 50 7.07107
5035.5 43 6.55744
5036.5 39 6.245
5037.5 53 7.28011
5038.5 48 6.9282
5039.5 37 6.08276
5040.5 48 6.9282
5041.5 54 7.34847
5042.5 53 7.28011
5043.5 37 6.08276
5044.5 51 7.14143
5045.5 52 7.2111
5046.5 39 6.245
5047.5 43 6.55744
5048.5 58 7.61577
5049.5 47 6.85565
5050.5 43 6.55744
5051.5 54 7.34847
5052.5 49 7
5053.5 48 6.9282
5054.5 40 6.32456
5055.5 43 6.55744
5056.5 47 6.85565
5057.5 45 6.7082
5058.5 53 7.28011
5059.5 46 6.78233
5060.5 48 6.9282
5061.5 51 7.14143
5062.5 41 6.40312
5063.5 49 7
5064.5 44 6.63325
5065.5 39 6.245
5066.5 43 6.55744
5067.5 46 6.78233
5068.5 58 7.61577
5069.5 37 6.08276
5070.5 50 7.07107
5071.5 47 6.85565
5072.5 46 6.78233
5073.5 44 6.63325
5074.5 57 7.54983
5075.5 54 7.34847
5076.5 45 6.7082
5077.5 45 6.7082
5078.5 49 7
5079.5 42 6.48074
5080.5 54 7.34847
5081.5 60 7.74597
5082.5 53 7.28011
5083.5 52 7.2111
5084.5 36 6
5085.5 54 7.34847
5086.5 47 6.85565
5087.5 50 7.07107
5088.5 28 5.2915
5089.5 43 6.55744
5090.5 43 6.55744
5091.5 35 5.91608
5092.5 37 6.08276
5093.5 45 6.7082
5094.5 49 7
5095.5 43 6.55744
5096.5 46 6.78233
5097.5 42 6.48074
5098.5 45 6.7082
5099.5 39 6.245
5100.5 51 7.14143
5101.5 51 7.14143
5102.5 42 6.48074
5103.5 52 7.2111
5104.5 47 6.85565
5105.5 43 6.55744
5106.5 41 6.40312
5107.5 54 7.34847
5108.5 54 7.34847
5109.5 42 6.48074
5110.5 42 6.48074
5111.5 45 6.7082
5112.5 49 7
5113.5 52 7.2111
5114.5 42 6.48074
5115.5 49 7
5116.5 48 6.9282
5117.5 57 7.54983
5118.5 51 7.14143
5119.5 35 5.91608
5120.5 48 6.9282
5121.5 41 6.40312
5122.5 47 6.85565
5123.5 44 6.63325
5124.5 41 6.40312
5125.5 45 6.7082
5126.5 37 6.08276
5127.5 42 6.48074
5128.5 41 6.40312
5129.5 35 5.91608
5130.5 39 6.245
5131.5 44 6.63325
5132.5 46 6.78233
5133.5 47 6.85565
5134.5 40 6.32456
5135.5 46 6.78233
5136.5 25 5
5137.5 49 7
5138.5 41 6.40312
5139.5 41 6.40312
5140.5 55 7.4162
5141.5 50 7.07107
5142.5 39 6.245
5143.5 35 5.91608
5144.5 45 6.7082
5145.5 39 6.245
5146.5 47 6.85565
5147.5 41 6.40312
5148.5 37 6.08276
5149.5 29 5.38516
5150.5 50 7.07107
5151.5 51 7.14143
5152.5 45 6.7082
5153.5 38 6.16441
5154.5 45 6.7082
5155.5 61 7.81025
5156.5 49 7
5157.5 44 6.63325
5158.5 48 6.9282
5159.5 51 7.14143
5160.5 31 5.56776
5161.5 55 7.4162
5162.5 38 6.16441
5163.5 43 6.55744
5164.5 37 6.08276
5165.5 59 7.68115
5166.5 51 7.14143
5167.5 43 6.55744
5168.5 40 6.32456
5169.5 51 7.14143
5170.5 53 7.28011
5171.5 33 5.74456
5172.5 39 6.245
5173.5 42 6.48074
5174.5 32 5.65685
5175.5 33 5.74456
5176.5 46 6.78233
5177.5 58 7.61577
5178.5 53 7.28011
5179.5 51 7.14143
5180.5 48 6.9282
5181.5 36 6
5182.5 47 6.85565
5183.5 50 7.07107
5184.5 35 5.91608
5185.5 47 6.85565
5186.5 35 5.91608
5187.5 37 6.08276
5188.5 34 5.83095
5189.5 42 6.48074
5190.5 50 7.07107
5191.5 54 7.34847
5192.5 42 6.48074
5193.5 27 5.19615
5194.5 40 6.32456
5195.5 46 6.78233
5196.5 31 5.56776
5197.5 35 5.91608
5198.5 42 6.48074
5199.5 49 7
5200.5 38 6.16441
5201.5 58 7.61577
5202.5 55 7.4162
5203.5 49 7
5204.5 52 7.2111
5205.5 42 6.48074
5206.5 44 6.63325
5207.5 43 6.55744
5208.5 29 5.38516
5209.5 44 6.63325
5210.5 48 6.9282
5211.5 54 7.34847
5212.5 40 6.32456
5213.5 39 6.245
5214.5 42 6.48074
5215.5 56 7.48331
5216.5 50 7.07107
5217.5 38 6.16441
5218.5 50 7.07107
5219.5 40 6.32456
5220.5 46 6.78233
5221.5 43 6.55744
5222.5 54 7.34847
5223.5 44 6.63325
5224.5 42 6.48074
5225.5 41 6.40312
5226.5 57 7.54983
5227.5 41 6.40312
5228.5 46 6.78233
5229.5 43 6.55744
5230.5 51 7.14143
5231.5 48 6.9282
5232.5 48 6.9282
5233.5 52 7.2111
5234.5 42 6.48074
5235.5 52 7.2111
5236.5 42 6.48074
5237.5 50 7.07107
5238.5 47 6.85565
5239.5 43 6.55744
5240.5 42 6.48074
5241.5 49 7
5242.5 46 6.78233
5243.5 52 7.2111
5244.5 51 7.14143
5245.5 38 6.16441
5246.5 43 6.55744
5247.5 49 7
5248.5 48 6.9282
5249.5 47 6.85565
5250.5 34 5.83095
5251.5 36 6
5252.5 53 7.28011
5253.5 37 6.08276
5254.5 45 6.7082
5255.5 35 5.91608
5256.5 46 6.78233
5257.5 43 6.55744
5258.5 32 5.65685
5259.5 53 7.28011
5260.5 33 5.74456
5261.5 30 5.47723
5262.5 42 6.48074
5263.5 44 6.63325
5264.5 56 7.48331
5265.5 45 6.7082
5266.5 38 6.16441
5267.5 49 7
5268.5 38 6.16441
5269.5 38 6.16441
5270.5 49 7
5271.5 39 6.245
5272.5 42 6.48074
5273.5 45 6.7082
5274.5 51 7.14143
5275.5 57 7.54983
5276.5 29 5.38516
5277.5 49 7
5278.5 39 6.245
5279.5 53 7.28011
5280.5 53 7.28011
5281.5 38 6.16441
5282.5 38 6.16441
5283.5 41 6.40312
5284.5 50 7.07107
5285.5 55 7.4162
5286.5 41 6.40312
5287.5 35 5.91608
5288.5 39 6.245
5289.5 37 6.08276
5290.5 37 6.08276
5291.5 47 6.85565
5292.5 46 6.78233
5293.5 53 7.28011
5294.5 40 6.32456
5295.5 40 6.32456
5296.5 45 6.7082
5297.5 45 6.7082
5298.5 41 6.40312
5299.5 44 6.63325
5300.5 37 6.08276
5301.5 37 6.08276
5302.5 39 6.245
5303.5 33 5.74456
5304.5 40 6.32456
5305.5 42 6.48074
5306.5 45 6.7082
5307.5 46 6.78233
5308.5 40 6.32456
5309.5 36 6
5310.5 45 6.7082
5311.5 41 6.40312
5312.5 38 6.16441
5313.5 48 6.9282
5314.5 47 6.85565
5315.5 34 5.83095
5316.5 54 7.34847
5317.5 54 7.34847
5318.5 44 6.63325
5319.5 49 7
5320.5 49 7
5321.5 41 6.40312
5322.5 52 7.2111
5323.5 54 7.34847
5324.5 41 6.40312
5325.5 55 7.4162
5326.5 34 5.83095
5327.5 36 6
5328.5 44 6.63325
5329.5 41 6.40312
5330.5 48 6.9282
5331.5 50 7.07107
5332.5 43 6.55744
5333.5 52 7.2111
5334.5 46 6.78233
5335.5 42 6.48074
5336.5 61 7.81025
5337.5 41 6.40312
5338.5 51 7.14143
5339.5 46 6.78233
5340.5 41 6.40312
5341.5 47 6.85565
5342.5 43 6.55744
5343.5 51 7.14143
5344.5 44 6.63325
5345.5 49 7
5346.5 42 6.48074
5347.5 39 6.245
5348.5 50 7.07107
5349.5 43 6.55744
5350.5 45 6.7082
5351.5 30 5.47723
5352.5 39 6.245
5353.5 47 6.85565
5354.5 38 6.16441
5355.5 55 7.4162
5356.5 40 6.32456
5357.5 41 6.40312
5358.5 50 7.07107
5359.5 41 6.40312
5360.5 46 6.78233
5361.5 53 7.28011
5362.5 65 8.06226
5363.5 34 5.83095
5364.5 43 6.55744
5365.5 37 6.08276
5366.5 34 5.83095
5367.5 36 6
5368.5 44 6.63325
5369.5 37 6.08276
5370.5 44 6.63325
5371.5 45 6.7082
5372.5 50 7.07107
5373.5 51 7.14143
5374.5 33 5.74456
5375.5 44 6.63325
5376.5 44 6.63325
5377.5 38 6.16441
5378.5 52 7.2111
5379.5 39 6.245
5380.5 47 6.85565
5381.5 55 7.4162
5382.5 56 7.48331
5383.5 35 5.91608
5384.5 48 6.9282
5385.5 54 7.34847
5386.5 53 7.28011
5387.5 45 6.7082
5388.5 45 6.7082
5389.5 48 6.9282
5390.5 44 6.63325
5391.5 57 7.54983
5392.5 62 7.87401
5393.5 45 6.7082
5394.5 38 6.16441
5395.5 39 6.245
5396.5 44 6.63325
5397.5 49 7
5398.5 60 7.74597
5399.5 50 7.07107
5400.5 63 7.93725
5401.5 37 6.08276
5402.5 56 7.48331
5403.5 41 6.40312
5404.5 50 7.07107
5405.5 48 6.9282
5406.5 52 7.2111
5407.5 46 6.78233
5408.5 49 7
5409.5 45 6.7082
5410.5 46 6.78233
5411.5 44 6.63325
5412.5 37 6.08276
5413.5 41 6.40312
5414.5 59 7.68115
5415.5 48 6.9282
5416.5 60 7.74597
5417.5 58 7.61577
5418.5 69 8.30662
5419.5 52 7.2111
5420.5 54 7.34847
5421.5 54 7.34847
5422.5 55 7.4162
5423.5 53 7.28011
5424.5 69 8.30662
5425.5 68 8.24621
5426.5 59 7.68115
5427.5 48 6.9282
5428.5 60 7.74597
5429.5 61 7.81025
5430.5 65 8.06226
5431.5 69 8.30662
5432.5 62 7.87401
5433.5 61 7.81025
5434.5 50 7.07107
5435.5 60 7.74597
5436.5 56 7.48331
5437.5 56 7.48331
5438.5 58 7.61577
5439.5 63 7.93725
5440.5 66 8.12404
5441.5 73 8.544
5442.5 47 6.85565
5443.5 71 8.42615
5444.5 75 8.66025
5445.5 65 8.06226
5446.5 54 7.34847
5447.5 64 8
5448.5 85 9.21954
5449.5 80 8.94427
5450.5 83 9.11043
5451.5 72 8.48528
5452.5 58 7.61577
5453.5 72 8.48528
5454.5 84 9.16515
5455.5 73 8.544
5456.5 79 8.88819
5457.5 93 9.64365
5458.5 75 8.66025
5459.5 79 8.88819
5460.5 91 9.53939
5461.5 78 8.83176
5462.5 94 9.69536
5463.5 70 8.3666
5464.5 84 9.16515
5465.5 80 8.94427
5466.5 87 9.32738
5467.5 90 9.48683
5468.5 94 9.69536
5469.5 73 8.544
5470.5 77 8.77496
5471.5 96 9.79796
5472.5 84 9.16515
5473.5 92 9.59166
5474.5 95 9.74679
5475.5 107 10.3441
5476.5 89 9.43398
5477.5 94 9.69536
5478.5 96 9.79796
5479.5 102 10.0995
5480.5 99 9.94987
5481.5 108 10.3923
5482.5 97 9.84886
5483.5 98 9.89949
5484.5 116 10.7703
5485.5 111 10.5357
5486.5 118 10.8628
5487.5 86 9.27362
5488.5 114 10.6771
5489.5 79 8.88819
5490.5 86 9.27362
5491.5 100 10
5492.5 82 9.05539
5493.5 80 8.94427
5494.5 98 9.89949
5495.5 86 9.27362
5496.5 78 8.83176
5497.5 82 9.05539
5498.5 75 8.66025
5499.5 78 8.83176
5500.5 66 8.12404
5501.5 68 8.24621
5502.5 72 8.48528
5503.5 72 8.48528
5504.5 87 9.32738
5505.5 66 8.12404
5506.5 65 8.06226
5507.5 65 8.06226
5508.5 80 8.94427
5509.5 74 8.60233
5510.5 70 8.3666
5511.5 53 7.28011
5512.5 86 9.27362
5513.5 78 8.83176
5514.5 72 8.48528
5515.5 74 8.60233
5516.5 58 7.61577
5517.5 67 8.18535
5518.5 64 8
5519.5 73 8.544
5520.5 55 7.4162
5521.5 64 8
5522.5 70 8.3666
5523.5 57 7.54983
5524.5 76 8.7178
5525.5 73 8.544
5526.5 63 7.93725
5527.5 47 6.85565
5528.5 67 8.18535
5529.5 48 6.9282
5530.5 55 7.4162
5531.5 58 7.61577
5532.5 59 7.68115
5533.5 57 7.54983
5534.5 58 7.61577
5535.5 65 8.06226
5536.5 52 7.2111
5537.5 52 7.2111
5538.5 53 7.28011
5539.5 44 6.63325
5540.5 56 7.48331
5541.5 52 7.2111
5542.5 65 8.06226
5543.5 63 7.93725
5544.5 51 7.14143
5545.5 54 7.34847
5546.5 49 7
5547.5 50 7.07107
5548.5 70 8.3666
5549.5 58 7.61577
5550.5 44 6.63325
5551.5 53 7.28011
5552.5 53 7.28011
5553.5 46 6.78233
5554.5 57 7.54983
5555.5 40 6.32456
5556.5 45 6.7082
5557.5 60 7.74597
5558.5 59 7.68115
5559.5 56 7.48331
5560.5 48 6.9282
5561.5 58 7.61577
5562.5 52 7.2111
5563.5 38 6.16441
5564.5 63 7.93725
5565.5 50 7.07107
5566.5 43 6.55744
5567.5 55 7.4162
5568.5 56 7.48331
5569.5 46 6.78233
5570.5 49 7
5571.5 49 7
5572.5 48 6.9282
5573.5 51 7.14143
5574.5 36 6
5575.5 46 6.78233
5576.5 33 5.74456
5577.5 48 6.9282
5578.5 62 7.87401
5579.5 30 5.47723
5580.5 45 6.7082
5581.5 48 6.9282
5582.5 50 7.07107
5583.5 40 6.32456
5584.5 50 7.07107
5585.5 53 7.28011
5586.5 62 7.87401
5587.5 44 6.63325
5588.5 53 7.28011
5589.5 53 7.28011
5590.5 54 7.34847
5591.5 42 6.48074
5592.5 66 8.12404
5593.5 44 6.63325
5594.5 42 6.48074
5595.5 62 7.87401
5596.5 54 7.34847
5597.5 50 7.07107
5598.5 40 6.32456
5599.5 39 6.245
5600.5 54 7.34847
5601.5 35 5.91608
5602.5 49 7
5603.5 55 7.4162
5604.5 48 6.9282
5605.5 55 7.4162
5606.5 56 7.48331
5607.5 48 6.9282
5608.5 55 7.4162
5609.5 39 6.245
5610.5 48 6.9282
5611.5 42 6.48074
5612.5 56 7.48331
5613.5 46 6.78233
5614.5 47 6.85565
5615.5 50 7.07107
5616.5 48 6.9282
5617.5 37 6.08276
5618.5 57 7.54983
5619.5 41 6.40312
5620.5 58 7.61577
5621.5 49 7
5622.5 53 7.28011
5623.5 38 6.16441
5624.5 53 7.28011
5625.5 48 6.9282
5626.5 46 6.78233
5627.5 47 6.85565
5628.5 53 7.28011
5629.5 65 8.06226
5630.5 53 7.28011
5631.5 49 7
5632.5 59 7.68115
5633.5 46 6.78233
5634.5 48 6.9282
5635.5 51 7.14143
5636.5 43 6.55744
5637.5 44 6.63325
5638.5 42 6.48074
5639.5 46 6.78233
5640.5 42 6.48074
5641.5 42 6.48074
5642.5 55 7.4162
5643.5 49 7
5644.5 55 7.4162
5645.5 56 7.48331
5646.5 42 6.48074
5647.5 42 6.48074
5648.5 46 6.78233
5649.5 56 7.48331
5650.5 40 6.32456
5651.5 49 7
5652.5 48 6.9282
5653.5 43 6.55744
5654.5 58 7.61577
5655.5 54 7.34847
5656.5 49 7
5657.5 59 7.68115
5658.5 46 6.78233
5659.5 58 7.61577
5660.5 50 7.07107
5661.5 50 7.07107
5662.5 50 7.07107
5663.5 35 5.91608
5664.5 50 7.07107
5665.5 60 7.74597
5666.5 56 7.48331
5667.5 62 7.87401
5668.5 48 6.9282
5669.5 48 6.9282
5670.5 45 6.7082
5671.5 54 7.34847
5672.5 27 5.19615
5673.5 51 7.14143
5674.5 41 6.40312
5675.5 46 6.78233
5676.5 44 6.63325
5677.5 37 6.08276
5678.5 45 6.7082
5679.5 65 8.06226
5680.5 59 7.68115
5681.5 55 7.4162
5682.5 51 7.14143
5683.5 38 6.16441
5684.5 49 7
5685.5 39 6.245
5686.5 46 6.78233
5687.5 66 8.12404
5688.5 59 7.68115
5689.5 40 6.32456
5690.5 59 7.68115
5691.5 47 6.85565
5692.5 57 7.54983
5693.5 60 7.74597
5694.5 52 7.2111
5695.5 69 8.30662
5696.5 49 7
5697.5 51 7.14143
5698.5 43 6.55744
5699.5 52 7.2111
5700.5 52 7.2111
5701.5 53 7.28011
5702.5 60 7.74597
5703.5 60 7.74597
5704.5 49 7
5705.5 53 7.28011
5706.5 60 7.74597
5707.5 55 7.4162
5708.5 39 6.245
5709.5 56 7.48331
5710.5 57 7.54983
5711.5 48 6.9282
5712.5 54 7.34847
5713.5 43 6.55744
5714.5 65 8.06226
5715.5 42 6.48074
5716.5 51 7.14143
5717.5 51 7.14143
5718.5 53 7.28011
5719.5 47 6.85565
5720.5 57 7.54983
5721.5 43 6.55744
5722.5 57 7.54983
5723.5 44 6.63325
5724.5 49 7
5725.5 60 7.74597
5726.5 36 6
5727.5 48 6.9282
5728.5 53 7.28011
5729.5 58 7.61577
5730.5 55 7.4162
5731.5 47 6.85565
5732.5 54 7.34847
5733.5 55 7.4162
5734.5 52 7.2111
5735.5 41 6.40312
5736.5 47 6.85565
5737.5 66 8.12404
5738.5 54 7.34847
5739.5 46 6.78233
5740.5 58 7.61577
5741.5 49 7
5742.5 47 6.85565
5743.5 48 6.9282
5744.5 50 7.07107
5745.5 49 7
5746.5 55 7.4162
5747.5 38 6.16441
5748.5 40 6.32456
5749.5 55 7.4162
5750.5 54 7.34847
5751.5 48 6.9282
5752.5 59 7.68115
5753.5 49 7
5754.5 41 6.40312
5755.5 58 7.61577
5756.5 47 6.85565
5757.5 57 7.54983
5758.5 40 6.32456
5759.5 48 6.9282
5760.5 47 6.85565
5761.5 50 7.07107
5762.5 45 6.7082
5763.5 51 7.14143
5764.5 43 6.55744
5765.5 59 7.68115
5766.5 42 6.48074
5767.5 45 6.7082
5768.5 43 6.55744
5769.5 41 6.40312
5770.5 55 7.4162
5771.5 57 7.54983
5772.5 59 7.68115
5773.5 40 6.32456
5774.5 42 6.48074
5775.5 36 6
5776.5 36 6
5777.5 45 6.7082
5778.5 58 7.61577
5779.5 44 6.63325
5780.5 52 7.2111
5781.5 50 7.07107
5782.5 46 6.78233
5783.5 54 7.34847
5784.5 54 7.34847
5785.5 51 7.14143
5786.5 52 7.2111
5787.5 39 6.245
5788.5 52 7.2111
5789.5 57 7.54983
5790.5 48 6.9282
5791.5 39 6.245
5792.5 57 7.54983
5793.5 37 6.08276
5794.5 50 7.07107
5795.5 51 7.14143
5796.5 41 6.40312
5797.5 51 7.14143
5798.5 45 6.7082
5799.5 40 6.32456
5800.5 46 6.78233
5801.5 48 6.9282
5802.5 58 7.61577
5803.5 51 7.14143
5804.5 60 7.74597
5805.5 55 7.4162
5806.5 45 6.7082
5807.5 55 7.4162
5808.5 41 6.40312
5809.5 56 7.48331
5810.5 42 6.48074
5811.5 49 7
5812.5 51 7.14143
5813.5 59 7.68115
5814.5 54 7.34847
5815.5 52 7.2111
5816.5 56 7.48331
5817.5 54 7.34847
5818.5 50 7.07107
5819.5 46 6.78233
5820.5 37 6.08276
5821.5 43 6.55744
5822.5 48 6.9282
5823.5 48 6.9282
5824.5 47 6.85565
5825.5 44 6.63325
5826.5 49 7
5827.5 48 6.9282
5828.5 43 6.55744
5829.5 53 7.28011
5830.5 53 7.28011
5831.5 50 7.07107
5832.5 57 7.54983
5833.5 48 6.9282
5834.5 40 6.32456
5835.5 42 6.48074
5836.5 47 6.85565
5837.5 46 6.78233
5838.5 46 6.78233
5839.5 50 7.07107
5840.5 31 5.56776
5841.5 38 6.16441
5842.5 54 7.34847
5843.5 53 7.28011
5844.5 41 6.40312
5845.5 42 6.48074
5846.5 54 7.34847
5847.5 54 7.34847
5848.5 48 6.9282
5849.5 47 6.85565
5850.5 41 6.40312
5851.5 45 6.7082
5852.5 41 6.40312
5853.5 52 7.2111
5854.5 51 7.14143
5855.5 38 6.16441
5856.5 54 7.34847
5857.5 48 6.9282
5858.5 35 5.91608
5859.5 48 6.9282
5860.5 48 6.9282
5861.5 53 7.28011
5862.5 53 7.28011
5863.5 60 7.74597
5864.5 43 6.55744
5865.5 39 6.245
5866.5 48 6.9282
5867.5 43 6.55744
5868.5 50 7.07107
5869.5 44 6.63325
5870.5 57 7.54983
5871.5 57 7.54983
5872.5 44 6.63325
5873.5 45 6.7082
5874.5 54 7.34847
5875.5 45 6.7082
5876.5 37 6.08276
5877.5 54 7.34847
5878.5 39 6.245
5879.5 67 8.18535
5880.5 51 7.14143
5881.5 48 6.9282
5882.5 49 7
5883.5 43 6.55744
5884.5 51 7.14143
5885.5 53 7.28011
5886.5 49 7
5887.5 55 7.4162
5888.5 51 7.14143
5889.5 45 6.7082
5890.5 40 6.32456
5891.5 53 7.28011
5892.5 61 7.81025
5893.5 46 6.78233
5894.5 58 7.61577
5895.5 52 7.2111
5896.5 50 7.07107
5897.5 57 7.54983
5898.5 49 7
5899.5 58 7.61577
5900.5 50 7.07107
5901.5 38 6.16441
5902.5 55 7.4162
5903.5 53 7.28011
5904.5 48 6.9282
5905.5 41 6.40312
5906.5 48 6.9282
5907.5 50 7.07107
5908.5 57 7.54983
5909.5 59 7.68115
5910.5 52 7.2111
5911.5 50 7.07107
5912.5 41 6.40312
5913.5 47 6.85565
5914.5 45 6.7082
5915.5 37 6.08276
5916.5 54 7.34847
5917.5 42 6.48074
5918.5 59 7.68115
5919.5 43 6.55744
5920.5 53 7.28011
5921.5 49 7
5922.5 45 6.7082
5923.5 49 7
5924.5 55 7.4162
5925.5 38 6.16441
5926.5 49 7
5927.5 38 6.16441
5928.5 54 7.34847
5929.5 51 7.14143
5930.5 52 7.2111
5931.5 51 7.14143
5932.5 48 6.9282
5933.5 49 7
5934.5 46 6.78233
5935.5 53 7.28011
5936.5 52 7.2111
5937.5 55 7.4162
5938.5 41 6.40312
5939.5 52 7.2111
5940.5 55 7.4162
5941.5 48 6.9282
5942.5 47 6.85565
5943.5 57 7.54983
5944.5 38 6.16441
5945.5 38 6.16441
5946.5 33 5.74456
5947.5 51 7.14143
5948.5 56 7.48331
5949.5 65 8.06226
5950.5 53 7.28011
5951.5 41 6.40312
5952.5 62 7.87401
5953.5 43 6.55744
5954.5 35 5.91608
5955.5 50 7.07107
5956.5 54 7.34847
5957.5 37 6.08276
5958.5 48 6.9282
5959.5 46 6.78233
5960.5 46 6.78233
5961.5 49 7
5962.5 46 6.78233
5963.5 47 6.85565
5964.5 42 6.48074
5965.5 50 7.07107
5966.5 49 7
5967.5 47 6.85565
5968.5 51 7.14143
5969.5 58 7.61577
5970.5 41 6.40312
5971.5 50 7.07107
5972.5 45 6.7082
5973.5 74 8.60233
5974.5 56 7.48331
5975.5 40 6.32456
5976.5 52 7.2111
5977.5 52 7.2111
5978.5 45 6.7082
5979.5 53 7.28011
5980.5 44 6.63325
5981.5 53 7.28011
5982.5 48 6.9282
5983.5 55 7.4162
5984.5 49 7
5985.5 52 7.2111
5986.5 46 6.78233
5987.5 50 7.07107
5988.5 41 6.40312
5989.5 47 6.85565
5990.5 52 7.2111
5991.5 35 5.91608
5992.5 40 6.32456
5993.5 48 6.9282
5994.5 59 7.68115
5995.5 45 6.7082
5996.5 51 7.14143
5997.5 42 6.48074
5998.5 45 6.7082
5999.5 40 6.32456
6000.5 49 7
6001.5 41 6.40312
6002.5 52 7.2111
6003.5 45 6.7082
6004.5 52 7.2111
6005.5 39 6.245
6006.5 56 7.48331
6007.5 47 6.85565
6008.5 49 7
6009.5 48 6.9282
6010.5 47 6.85565
6011.5 63 7.93725
6012.5 43 6.55744
6013.5 53 7.28011
6014.5 48 6.9282
6015.5 41 6.40312
6016.5 55 7.4162
6017.5 50 7.07107
6018.5 40 6.32456
6019.5 47 6.85565
6020.5 55 7.4162
6021.5 48 6.9282
6022.5 36 6
6023.5 51 7.14143
6024.5 43 6.55744
6025.5 58 7.61577
6026.5 57 7.54983
6027.5 47 6.85565
6028.5 51 7.14143
6029.5 53 7.28011
6030.5 44 6.63325
6031.5 48 6.9282
6032.5 52 7.2111
6033.5 50 7.07107
6034.5 48 6.9282
6035.5 45 6.7082
6036.5 46 6.78233
6037.5 43 6.55744
6038.5 37 6.08276
6039.5 40 6.32456
6040.5 65 8.06226
6041.5 38 6.16441
6042.5 50 7.07107
6043.5 43 6.55744
6044.5 48 6.9282
6045.5 50 7.07107
6046.5 43 6.55744
6047.5 41 6.40312
6048.5 51 7.14143
6049.5 37 6.08276
6050.5 50 7.07107
6051.5 51 7.14143
6052.5 39 6.245
6053.5 60 7.74597
6054.5 52 7.2111
6055.5 55 7.4162
6056.5 39 6.245
6057.5 50 7.07107
6058.5 53 7.28011
6059.5 47 6.85565
6060.5 50 7.07107
6061.5 65 8.06226
6062.5 61 7.81025
6063.5 50 7.07107
6064.5 47 6.85565
6065.5 54 7.34847
6066.5 55 7.4162
6067.5 51 7.14143
6068.5 51 7.14143
6069.5 43 6.55744
6070.5 47 6.85565
6071.5 46 6.78233
6072.5 48 6.9282
6073.5 55 7.4162
6074.5 46 6.78233
6075.5 53 7.28011
6076.5 48 6.9282
6077.5 45 6.7082
6078.5 48 6.9282
6079.5 45 6.7082
6080.5 41 6.40312
6081.5 46 6.78233
6082.5 40 6.32456
6083.5 38 6.16441
6084.5 47 6.85565
6085.5 60 7.74597
6086.5 46 6.78233
6087.5 49 7
6088.5 52 7.2111
6089.5 48 6.9282
6090.5 63 7.93725
6091.5 49 7
6092.5 53 7.28011
6093.5 64 8
6094.5 37 6.08276
6095.5 51 7.14143
6096.5 39 6.245
6097.5 40 6.32456
6098.5 43 6.55744
6099.5 45 6.7082
6100.5 47 6.85565
6101.5 39 6.245
6102.5 52 7.2111
6103.5 44 6.63325
6104.5 47 6.85565
6105.5 38 6.16441
6106.5 52 7.2111
6107.5 48 6.9282
6108.5 42 6.48074
6109.5 49 7
6110.5 51 7.14143
6111.5 49 7
6112.5 45 6.7082
6113.5 50 7.07107
6114.5 51 7.14143
6115.5 39 6.245
6116.5 55 7.4162
6117.5 52 7.2111
6118.5 45 6.7082
6119.5 42 6.48074
6120.5 41 6.40312
6121.5 44 6.63325
6122.5 51 7.14143
6123.5 35 5.91608
6124.5 54 7.34847
6125.5 49 7
6126.5 33 5.74456
6127.5 49 7
6128.5 55 7.4162
6129.5 44 6.63325
6130.5 53 7.28011
6131.5 51 7.14143
6132.5 54 7.34847
6133.5 47 6.85565
6134.5 42 6.48074
6135.5 59 7.68115
6136.5 39 6.245
6137.5 48 6.9282
6138.5 49 7
6139.5 48 6.9282
6140.5 51 7.14143
6141.5 43 6.55744
6142.5 38 6.16441
6143.5 42 6.48074
6144.5 60 7.74597
6145.5 41 6.40312
6146.5 48 6.9282
6147.5 48 6.9282
6148.5 47 6.85565
6149.5 52 7.2111
6150.5 50 7.07107
6151.5 48 6.9282
6152.5 53 7.28011
6153.5 44 6.63325
6154.5 41 6.40312
6155.5 54 7.34847
6156.5 29 5.38516
6157.5 48 6.9282
6158.5 37 6.08276
6159.5 43 6.55744
6160.5 31 5.56776
6161.5 44 6.63325
6162.5 46 6.78233
6163.5 48 6.9282
6164.5 41 6.40312
6165.5 38 6.16441
6166.5 53 7.28011
6167.5 53 7.28011
6168.5 53 7.28011
6169.5 58 7.61577
6170.5 58 7.61577
6171.5 50 7.07107
6172.5 46 6.78233
6173.5 45 6.7082
6174.5 53 7.28011
6175.5 50 7.07107
6176.5 44 6.63325
6177.5 50 7.07107
6178.5 54 7.34847
6179.5 54 7.34847
6180.5 44 6.63325
6181.5 41 6.40312
6182.5 54 7.34847
6183.5 44 6.63325
6184.5 47 6.85565
6185.5 47 6.85565
6186.5 51 7.14143
6187.5 46 6.78233
6188.5 52 7.2111
6189.5 47 6.85565
6190.5 43 6.55744
6191.5 51 7.14143
6192.5 55 7.4162
6193.5 47 6.85565
6194.5 45 6.7082
6195.5 59 7.68115
6196.5 38 6.16441
6197.5 44 6.63325
6198.5 50 7.07107
6199.5 44 6.63325
6200.5 47 6.85565
6201.5 40 6.32456
6202.5 54 7.34847
6203.5 41 6.40312
6204.5 49 7
6205.5 42 6.48074
6206.5 53 7.28011
6207.5 63 7.93725
6208.5 49 7
6209.5 49 7
6210.5 50 7.07107
6211.5 49 7
6212.5 43 6.55744
6213.5 48 6.9282
6214.5 55 7.4162
6215.5 45 6.7082
6216.5 50 7.07107
6217.5 54 7.34847
6218.5 39 6.245
6219.5 48 6.9282
6220.5 46 6.78233
6221.5 31 5.56776
6222.5 52 7.2111
6223.5 42 6.48074
6224.5 47 6.85565
6225.5 43 6.55744
6226.5 44 6.63325
6227.5 46 6.78233
6228.5 49 7
6229.5 47 6.85565
6230.5 48 6.9282
6231.5 69 8.30662
6232.5 61 7.81025
6233.5 45 6.7082
6234.5 45 6.7082
6235.5 34 5.83095
6236.5 38 6.16441
6237.5 40 6.32456
6238.5 50 7.07107
6239.5 58 7.61577
6240.5 57 7.54983
6241.5 43 6.55744
6242.5 48 6.9282
6243.5 50 7.07107
6244.5 49 7
6245.5 47 6.85565
6246.5 56 7.48331
6247.5 45 6.7082
6248.5 52 7.2111
6249.5 48 6.9282
6250.5 53 7.28011
6251.5 40 6.32456
6252.5 56 7.48331
6253.5 47 6.85565
6254.5 45 6.7082
6255.5 51 7.14143
6256.5 50 7.07107
6257.5 55 7.4162
6258.5 44 6.63325
6259.5 60 7.74597
6260.5 49 7
6261.5 36 6
6262.5 49 7
6263.5 46 6.78233
6264.5 43 6.55744
6265.5 48 6.9282
6266.5 62 7.87401
6267.5 46 6.78233
6268.5 55 7.4162
6269.5 45 6.7082
6270.5 50 7.07107
6271.5 41 6.40312
6272.5 45 6.7082
6273.5 43 6.55744
6274.5 59 7.68115
6275.5 55 7.4162
6276.5 49 7
6277.5 47 6.85565
6278.5 57 7.54983
6279.5 40 6.32456
6280.5 41 6.40312
6281.5 37 6.08276
6282.5 44 6.63325
6283.5 59 7.68115
6284.5 47 6.85565
6285.5 55 7.4162
6286.5 41 6.40312
6287.5 45 6.7082
6288.5 48 6.9282
6289.5 40 6.32456
6290.5 57 7.54983
6291.5 35 5.91608
6292.5 47 6.85565
6293.5 56 7.48331
6294.5 41 6.40312
6295.5 52 7.2111
6296.5 44 6.63325
6297.5 45 6.7082
6298.5 48 6.9282
6299.5 46 6.78233
6300.5 52 7.2111
6301.5 41 6.40312
6302.5 39 6.245
6303.5 52 7.2111
6304.5 47 6.85565
6305.5 56 7.48331
6306.5 40 6.32456
6307.5 51 7.14143
6308.5 42 6.48074
6309.5 38 6.16441
6310.5 41 6.40312
6311.5 44 6.63325
6312.5 39 6.245
6313.5 44 6.63325
6314.5 58 7.61577
6315.5 60 7.74597
6316.5 46 6.78233
6317.5 41 6.40312
6318.5 39 6.245
6319.5 37 6.08276
6320.5 55 7.4162
6321.5 45 6.7082
6322.5 42 6.48074
6323.5 57 7.54983
6324.5 61 7.81025
6325.5 58 7.61577
6326.5 48 6.9282
6327.5 59 7.68115
6328.5 45 6.7082
6329.5 45 6.7082
6330.5 53 7.28011
6331.5 40 6.32456
6332.5 49 7
6333.5 47 6.85565
6334.5 57 7.54983
6335.5 40 6.32456
6336.5 56 7.48331
6337.5 52 7.2111
6338.5 49 7
6339.5 45 6.7082
6340.5 47 6.85565
6341.5 36 6
6342.5 39 6.245
6343.5 44 6.63325
6344.5 60 7.74597
6345.5 49 7
6346.5 43 6.55744
6347.5 53 7.28011
6348.5 49 7
6349.5 60 7.74597
6350.5 51 7.14143
6351.5 53 7.28011
6352.5 51 7.14143
6353.5 41 6.40312
6354.5 48 6.9282
6355.5 48 6.9282
6356.5 46 6.78233
6357.5 47 6.85565
6358.5 32 5.65685
6359.5 50 7.07107
6360.5 47 6.85565
6361.5 37 6.08276
6362.5 38 6.16441
6363.5 42 6.48074
6364.5 50 7.07107
6365.5 59 7.68115
6366.5 46 6.78233
6367.5 59 7.68115
6368.5 48 6.9282
6369.5 45 6.7082
6370.5 39 6.245
6371.5 58 7.61577
6372.5 44 6.63325
6373.5 38 6.16441
6374.5 41 6.40312
6375.5 53 7.28011
6376.5 47 6.85565
6377.5 53 7.28011
6378.5 53 7.28011
6379.5 47 6.85565
6380.5 43 6.55744
6381.5 54 7.34847
6382.5 33 5.74456
6383.5 41 6.40312
6384.5 48 6.9282
6385.5 52 7.2111
6386.5 51 7.14143
6387.5 59 7.68115
6388.5 56 7.48331
6389.5 45 6.7082
6390.5 41 6.40312
6391.5 48 6.9282
6392.5 49 7
6393.5 48 6.9282
6394.5 55 7.4162
6395.5 57 7.54983
6396.5 40 6.32456
6397.5 48 6.9282
6398.5 46 6.78233
6399.5 46 6.78233
6400.5 46 6.78233
6401.5 49 7
6402.5 53 7.28011
6403.5 45 6.7082
6404.5 54 7.34847
6405.5 53 7.28011
6406.5 43 6.55744
6407.5 54 7.34847
6408.5 47 6.85565
6409.5 58 7.61577
6410.5 44 6.63325
6411.5 41 6.40312
6412.5 51 7.14143
6413.5 56 7.48331
6414.5 38 6.16441
6415.5 58 7.61577
6416.5 50 7.07107
6417.5 50 7.07107
6418.5 42 6.48074
6419.5 42 6.48074
6420.5 51 7.14143
6421.5 42 6.48074
6422.5 44 6.63325
6423.5 48 6.9282
6424.5 49 7
6425.5 45 6.7082
6426.5 40 6.32456
6427.5 47 6.85565
6428.5 40 6.32456
6429.5 50 7.07107
6430.5 60 7.74597
6431.5 62 7.87401
6432.5 53 7.28011
6433.5 55 7.4162
6434.5 50 7.07107
6435.5 58 7.61577
6436.5 51 7.14143
6437.5 52 7.2111
6438.5 52 7.2111
6439.5 46 6.78233
6440.5 43 6.55744
6441.5 66 8.12404
6442.5 50 7.07107
6443.5 49 7
6444.5 43 6.55744
6445.5 52 7.2111
6446.5 62 7.87401
6447.5 47 6.85565
6448.5 43 6.55744
6449.5 39 6.245
6450.5 57 7.54983
6451.5 43 6.55744
6452.5 41 6.40312
6453.5 51 7.14143
6454.5 52 7.2111
6455.5 54 7.34847
6456.5 44 6.63325
6457.5 46 6.78233
6458.5 46 6.78233
6459.5 54 7.34847
6460.5 32 5.65685
6461.5 51 7.14143
6462.5 50 7.07107
6463.5 46 6.78233
6464.5 53 7.28011
6465.5 48 6.9282
6466.5 59 7.68115
6467.5 53 7.28011
6468.5 56 7.48331
6469.5 47 6.85565
6470.5 38 6.16441
6471.5 45 6.7082
6472.5 45 6.7082
6473.5 51 7.14143
6474.5 45 6.7082
6475.5 42 6.48074
6476.5 48 6.9282
6477.5 48 6.9282
6478.5 53 7.28011
6479.5 44 6.63325
6480.5 41 6.40312
6481.5 50 7.07107
6482.5 51 7.14143
6483.5 54 7.34847
6484.5 49 7
6485.5 43 6.55744
6486.5 67 8.18535
6487.5 37 6.08276
6488.5 50 7.07107
6489.5 49 7
6490.5 48 6.9282
6491.5 50 7.07107
6492.5 52 7.2111
6493.5 43 6.55744
6494.5 45 6.7082
6495.5 48 6.9282
6496.5 47 6.85565
6497.5 51 7.14143
6498.5 43 6.55744
6499.5 50 7.07107
6500.5 37 6.08276
6501.5 42 6.48074
6502.5 47 6.85565
6503.5 53 7.28011
6504.5 49 7
6505.5 34 5.83095
6506.5 42 6.48074
6507.5 53 7.28011
6508.5 47 6.85565
6509.5 41 6.40312
6510.5 47 6.85565
6511.5 53 7.28011
6512.5 57 7.54983
6513.5 52 7.2111
6514.5 56 7.48331
6515.5 42 6.48074
6516.5 36 6
6517.5 41 6.40312
6518.5 62 7.87401
6519.5 52 7.2111
6520.5 40 6.32456
6521.5 49 7
6522.5 61 7.81025
6523.5 52 7.2111
6524.5 47 6.85565
6525.5 58 7.61577
6526.5 54 7.34847
6527.5 53 7.28011
6528.5 37 6.08276
6529.5 54 7.34847
6530.5 44 6.63325
6531.5 50 7.07107
6532.5 52 7.2111
6533.5 43 6.55744
6534.5 39 6.245
6535.5 46 6.78233
6536.5 40 6.32456
6537.5 41 6.40312
6538.5 47 6.85565
6539.5 47 6.85565
6540.5 48 6.9282
6541.5 50 7.07107
6542.5 50 7.07107
6543.5 48 6.9282
6544.5 39 6.245
6545.5 49 7
6546.5 58 7.61577
6547.5 53 7.28011
6548.5 49 7
6549.5 53 7.28011
6550.5 59 7.68115
6551.5 53 7.28011
6552.5 47 6.85565
6553.5 55 7.4162
6554.5 42 6.48074
6555.5 49 7
6556.5 41 6.40312
6557.5 52 7.2111
6558.5 33 5.74456
6559.5 39 6.245
6560.5 54 7.34847
6561.5 45 6.7082
6562.5 57 7.54983
6563.5 47 6.85565
6564.5 54 7.34847
6565.5 49 7
6566.5 43 6.55744
6567.5 45 6.7082
6568.5 47 6.85565
6569.5 36 6
6570.5 48 6.9282
6571.5 49 7
6572.5 55 7.4162
6573.5 48 6.9282
6574.5 38 6.16441
6575.5 56 7.48331
6576.5 58 7.61577
6577.5 44 6.63325
6578.5 41 6.40312
6579.5 40 6.32456
6580.5 57 7.54983
6581.5 45 6.7082
6582.5 50 7.07107
6583.5 35 5.91608
6584.5 50 7.07107
6585.5 45 6.7082
6586.5 49 7
6587.5 43 6.55744
6588.5 41 6.40312
6589.5 36 6
6590.5 45 6.7082
6591.5 47 6.85565
6592.5 48 6.9282
6593.5 47 6.85565
6594.5 40 6.32456
6595.5 46 6.78233
6596.5 54 7.34847
6597.5 48 6.9282
6598.5 53 7.28011
6599.5 51 7.14143
6600.5 54 7.34847
6601.5 55 7.4162
6602.5 47 6.85565
6603.5 44 6.63325
6604.5 48 6.9282
6605.5 42 6.48074
6606.5 44 6.63325
6607.5 62 7.87401
6608.5 47 6.85565
6609.5 52 7.2111
6610.5 51 7.14143
6611.5 35 5.91608
6612.5 45 6.7082
6613.5 49 7
6614.5 45 6.7082
6615.5 47 6.85565
6616.5 50 7.07107
6617.5 46 6.78233
6618.5 68 8.24621
6619.5 46 6.78233
6620.5 63 7.93725
6621.5 44 6.63325
6622.5 55 7.4162
6623.5 46 6.78233
6624.5 48 6.9282
6625.5 40 6.32456
6626.5 59 7.68115
6627.5 49 7
6628.5 57 7.54983
6629.5 52 7.2111
6630.5 54 7.34847
6631.5 45 6.7082
6632.5 54 7.34847
6633.5 38 6.16441
6634.5 39 6.245
6635.5 51 7.14143
6636.5 51 7.14143
6637.5 45 6.7082
6638.5 54 7.34847
6639.5 60 7.74597
6640.5 51 7.14143
6641.5 39 6.245
6642.5 44 6.63325
6643.5 39 6.245
6644.5 40 6.32456
6645.5 54 7.34847
6646.5 50 7.07107
6647.5 45 6.7082
6648.5 37 6.08276
6649.5 52 7.2111
6650.5 51 7.14143
6651.5 57 7.54983
6652.5 48 6.9282
6653.5 46 6.78233
6654.5 41 6.40312
6655.5 52 7.2111
6656.5 55 7.4162
6657.5 73 8.544
6658.5 66 8.12404
6659.5 49 7
6660.5 41 6.40312
6661.5 45 6.7082
6662.5 57 7.54983
6663.5 51 7.14143
6664.5 46 6.78233
6665.5 52 7.2111
6666.5 35 5.91608
6667.5 47 6.85565
6668.5 37 6.08276
6669.5 50 7.07107
6670.5 38 6.16441
6671.5 39 6.245
6672.5 52 7.2111
6673.5 42 6.48074
6674.5 50 7.07107
6675.5 47 6.85565
6676.5 57 7.54983
6677.5 57 7.54983
6678.5 53 7.28011
6679.5 48 6.9282
6680.5 44 6.63325
6681.5 42 6.48074
6682.5 51 7.14143
6683.5 50 7.07107
6684.5 49 7
6685.5 44 6.63325
6686.5 42 6.48074
6687.5 46 6.78233
6688.5 46 6.78233
6689.5 54 7.34847
6690.5 45 6.7082
6691.5 47 6.85565
6692.5 57 7.54983
6693.5 41 6.40312
6694.5 44 6.63325
6695.5 50 7.07107
6696.5 43 6.55744
6697.5 45 6.7082
6698.5 64 8
6699.5 52 7.2111
6700.5 51 7.14143
6701.5 44 6.63325
6702.5 52 7.2111
6703.5 45 6.7082
6704.5 42 6.48074
6705.5 44 6.63325
6706.5 42 6.48074
6707.5 45 6.7082
6708.5 44 6.63325
6709.5 42 6.48074
6710.5 69 8.30662
6711.5 45 6.7082
6712.5 52 7.2111
6713.5 54 7.34847
6714.5 57 7.54983
6715.5 52 7.2111
6716.5 44 6.63325
6717.5 60 7.74597
6718.5 47 6.85565
6719.5 62 7.87401
6720.5 46 6.78233
6721.5 50 7.07107
6722.5 47 6.85565
6723.5 53 7.28011
6724.5 61 7.81025
6725.5 35 5.91608
6726.5 50 7.07107
6727.5 39 6.245
6728.5 45 6.7082
6729.5 49 7
6730.5 50 7.07107
6731.5 49 7
6732.5 47 6.85565
6733.5 51 7.14143
6734.5 50 7.07107
6735.5 49 7
6736.5 36 6
6737.5 47 6.85565
6738.5 60 7.74597
6739.5 53 7.28011
6740.5 49 7
6741.5 43 6.55744
6742.5 65 8.06226
6743.5 60 7.74597
6744.5 47 6.85565
6745.5 43 6.55744
6746.5 33 5.74456
6747.5 59 7.68115
6748.5 50 7.07107
6749.5 53 7.28011
6750.5 51 7.14143
6751.5 44 6.63325
6752.5 47 6.85565
6753.5 56 7.48331
6754.5 39 6.245
6755.5 53 7.28011
6756.5 43 6.55744
6757.5 54 7.34847
6758.5 57 7.54983
6759.5 52 7.2111
6760.5 41 6.40312
6761.5 54 7.34847
6762.5 41 6.40312
6763.5 52 7.2111
6764.5 49 7
6765.5 55 7.4162
6766.5 56 7.48331
6767.5 44 6.63325
6768.5 43 6.55744
6769.5 55 7.4162
6770.5 32 5.65685
6771.5 39 6.245
6772.5 54 7.34847
6773.5 59 7.68115
6774.5 53 7.28011
6775.5 46 6.78233
6776.5 51 7.14143
6777.5 41 6.40312
6778.5 41 6.40312
6779.5 52 7.2111
6780.5 47 6.85565
6781.5 43 6.55744
6782.5 49 7
6783.5 50 7.07107
6784.5 44 6.63325
6785.5 51 7.14143
6786.5 48 6.9282
6787.5 33 5.74456
6788.5 60 7.74597
6789.5 43 6.55744
6790.5 50 7.07107
6791.5 51 7.14143
6792.5 48 6.9282
6793.5 48 6.9282
6794.5 55 7.4162
6795.5 51 7.14143
6796.5 47 6.85565
6797.5 61 7.81025
6798.5 56 7.48331
6799.5 45 6.7082
6800.5 40 6.32456
6801.5 52 7.2111
6802.5 47 6.85565
6803.5 50 7.07107
6804.5 52 7.2111
6805.5 47 6.85565
6806.5 47 6.85565
6807.5 49 7
6808.5 52 7.2111
6809.5 50 7.07107
6810.5 57 7.54983
6811.5 46 6.78233
6812.5 55 7.4162
6813.5 47 6.85565
6814.5 41 6.40312
6815.5 41 6.40312
6816.5 49 7
6817.5 52 7.2111
6818.5 57 7.54983
6819.5 48 6.9282
6820.5 50 7.07107
6821.5 48 6.9282
6822.5 50 7.07107
6823.5 55 7.4162
6824.5 60 7.74597
6825.5 50 7.07107
6826.5 45 6.7082
6827.5 49 7
6828.5 47 6.85565
6829.5 56 7.48331
6830.5 54 7.34847
6831.5 53 7.28011
6832.5 48 6.9282
6833.5 44 6.63325
6834.5 48 6.9282
6835.5 35 5.91608
6836.5 49 7
6837.5 53 7.28011
6838.5 52 7.2111
6839.5 43 6.55744
6840.5 51 7.14143
6841.5 57 7.54983
6842.5 53 7.28011
6843.5 45 6.7082
6844.5 63 7.93725
6845.5 45 6.7082
6846.5 47 6.85565
6847.5 54 7.34847
6848.5 59 7.68115
6849.5 42 6.48074
6850.5 57 7.54983
6851.5 49 7
6852.5 51 7.14143
6853.5 46 6.78233
6854.5 43 6.55744
6855.5 50 7.07107
6856.5 49 7
6857.5 49 7
6858.5 49 7
6859.5 45 6.7082
6860.5 52 7.2111
6861.5 54 7.34847
6862.5 51 7.14143
6863.5 58 7.61577
6864.5 43 6.55744
6865.5 51 7.14143
6866.5 50 7.07107
6867.5 62 7.87401
6868.5 44 6.63325
6869.5 42 6.48074
6870.5 56 7.48331
6871.5 64 8
6872.5 46 6.78233
6873.5 71 8.42615
6874.5 41 6.40312
6875.5 52 7.2111
6876.5 45 6.7082
6877.5 45 6.7082
6878.5 56 7.48331
6879.5 60 7.74597
6880.5 54 7.34847
6881.5 47 6.85565
6882.5 43 6.55744
6883.5 47 6.85565
6884.5 58 7.61577
6885.5 43 6.55744
6886.5 45 6.7082
6887.5 35 5.91608
6888.5 61 7.81025
6889.5 51 7.14143
6890.5 45 6.7082
6891.5 71 8.42615
6892.5 58 7.61577
6893.5 50 7.07107
6894.5 47 6.85565
6895.5 44 6.63325
6896.5 41 6.40312
6897.5 47 6.85565
6898.5 50 7.07107
6899.5 41 6.40312
6900.5 51 7.14143
6901.5 53 7.28011
6902.5 39 6.245
6903.5 50 7.07107
6904.5 45 6.7082
6905.5 48 6.9282
6906.5 37 6.08276
6907.5 41 6.40312
6908.5 58 7.61577
6909.5 54 7.34847
6910.5 44 6.63325
6911.5 59 7.68115
6912.5 48 6.9282
6913.5 46 6.78233
6914.5 39 6.245
6915.5 53 7.28011
6916.5 60 7.74597
6917.5 49 7
6918.5 47 6.85565
6919.5 37 6.08276
6920.5 46 6.78233
6921.5 48 6.9282
6922.5 41 6.40312
6923.5 51 7.14143
6924.5 58 7.61577
6925.5 51 7.14143
6926.5 51 7.14143
6927.5 49 7
6928.5 64 8
6929.5 63 7.93725
6930.5 49 7
6931.5 48 6.9282
6932.5 59 7.68115
6933.5 52 7.2111
6934.5 45 6.7082
6935.5 42 6.48074
6936.5 47 6.85565
6937.5 45 6.7082
6938.5 47 6.85565
6939.5 56 7.48331
6940.5 55 7.4162
6941.5 51 7.14143
6942.5 41 6.40312
6943.5 44 6.63325
6944.5 41 6.40312
6945.5 56 7.48331
6946.5 54 7.34847
6947.5 49 7
6948.5 42 6.48074
6949.5 58 7.61577
6950.5 44 6.63325
6951.5 47 6.85565
6952.5 53 7.28011
6953.5 52 7.2111
6954.5 50 7.07107
6955.5 47 6.85565
6956.5 71 8.42615
6957.5 52 7.2111
6958.5 50 7.07107
6959.5 59 7.68115
6960.5 58 7.61577
6961.5 60 7.74597
6962.5 60 7.74597
6963.5 49 7
6964.5 46 6.78233
6965.5 47 6.85565
6966.5 50 7.07107
6967.5 57 7.54983
6968.5 41 6.40312
6969.5 44 6.63325
6970.5 61 7.81025
6971.5 59 7.68115
6972.5 50 7.07107
6973.5 46 6.78233
6974.5 56 7.48331
6975.5 68 8.24621
6976.5 41 6.40312
6977.5 47 6.85565
6978.5 46 6.78233
6979.5 63 7.93725
6980.5 35 5.91608
6981.5 55 7.4162
6982.5 48 6.9282
6983.5 52 7.2111
6984.5 52 7.2111
6985.5 48 6.9282
6986.5 40 6.32456
6987.5 45 6.7082
6988.5 63 7.93725
6989.5 56 7.48331
6990.5 49 7
6991.5 50 7.07107
6992.5 56 7.48331
6993.5 46 6.78233
6994.5 54 7.34847
6995.5 44 6.63325
6996.5 49 7
6997.5 44 6.63325
6998.5 50 7.07107
6999.5 50 7.07107
7000.5 54 7.34847
7001.5 34 5.83095
7002.5 49 7
7003.5 48 6.9282
7004.5 46 6.78233
7005.5 43 6.55744
7006.5 68 8.24621
7007.5 49 7
7008.5 46 6.78233
7009.5 49 7
7010.5 51 7.14143
7011.5 56 7.48331
7012.5 50 7.07107
7013.5 59 7.68115
7014.5 53 7.28011
7015.5 51 7.14143
7016.5 52 7.2111
7017.5 51 7.14143
7018.5 54 7.34847
7019.5 49 7
7020.5 48 6.9282
7021.5 53 7.28011
7022.5 54 7.34847
7023.5 51 7.14143
7024.5 39 6.245
7025.5 50 7.07107
7026.5 43 6.55744
7027.5 42 6.48074
7028.5 45 6.7082
7029.5 56 7.48331
7030.5 58 7.61577
7031.5 53 7.28011
7032.5 45 6.7082
7033.5 53 7.28011
7034.5 43 6.55744
7035.5 44 6.63325
7036.5 55 7.4162
7037.5 42 6.48074
7038.5 42 6.48074
7039.5 43 6.55744
7040.5 50 7.07107
7041.5 49 7
7042.5 53 7.28011
7043.5 49 7
7044.5 45 6.7082
7045.5 47 6.85565
7046.5 48 6.9282
7047.5 46 6.78233
7048.5 45 6.7082
7049.5 45 6.7082
7050.5 46 6.78233
7051.5 56 7.48331
7052.5 59 7.68115
7053.5 46 6.78233
7054.5 45 6.7082
7055.5 43 6.55744
7056.5 48 6.9282
7057.5 40 6.32456
7058.5 51 7.14143
7059.5 52 7.2111
7060.5 67 8.18535
7061.5 47 6.85565
7062.5 49 7
7063.5 54 7.34847
7064.5 44 6.63325
7065.5 37 6.08276
7066.5 46 6.78233
7067.5 54 7.34847
7068.5 70 8.3666
7069.5 62 7.87401
7070.5 50 7.07107
7071.5 53 7.28011
7072.5 50 7.07107
7073.5 43 6.55744
7074.5 38 6.16441
7075.5 53 7.28011
7076.5 54 7.34847
7077.5 52 7.2111
7078.5 45 6.7082
7079.5 44 6.63325
7080.5 47 6.85565
7081.5 42 6.48074
7082.5 41 6.40312
7083.5 62 7.87401
7084.5 64 8
7085.5 49 7
7086.5 50 7.07107
7087.5 46 6.78233
7088.5 58 7.61577
7089.5 54 7.34847
7090.5 46 6.78233
7091.5 48 6.9282
7092.5 61 7.81025
7093.5 52 7.2111
7094.5 48 6.9282
7095.5 53 7.28011
7096.5 41 6.40312
7097.5 54 7.34847
7098.5 62 7.87401
7099.5 54 7.34847
7100.5 56 7.48331
7101.5 44 6.63325
7102.5 45 6.7082
7103.5 43 6.55744
7104.5 57 7.54983
7105.5 56 7.48331
7106.5 46 6.78233
7107.5 51 7.14143
7108.5 51 7.14143
7109.5 56 7.48331
7110.5 45 6.7082
7111.5 62 7.87401
7112.5 65 8.06226
7113.5 52 7.2111
7114.5 61 7.81025
7115.5 68 8.24621
7116.5 69 8.30662
7117.5 62 7.87401
7118.5 53 7.28011
7119.5 56 7.48331
7120.5 63 7.93725
7121.5 55 7.4162
7122.5 70 8.3666
7123.5 57 7.54983
7124.5 54 7.34847
7125.5 53 7.28011
7126.5 58 7.61577
7127.5 57 7.54983
7128.5 53 7.28011
7129.5 57 7.54983
7130.5 69 8.30662
7131.5 53 7.28011
7132.5 51 7.14143
7133.5 56 7.48331
7134.5 57 7.54983
7135.5 44 6.63325
7136.5 60 7.74597
7137.5 56 7.48331
7138.5 59 7.68115
7139.5 72 8.48528
7140.5 52 7.2111
7141.5 48 6.9282
7142.5 67 8.18535
7143.5 63 7.93725
7144.5 63 7.93725
7145.5 61 7.81025
7146.5 55 7.4162
7147.5 69 8.30662
7148.5 65 8.06226
7149.5 82 9.05539
7150.5 66 8.12404
7151.5 64 8
7152.5 63 7.93725
7153.5 84 9.16515
7154.5 73 8.544
7155.5 71 8.42615
7156.5 70 8.3666
7157.5 65 8.06226
7158.5 60 7.74597
7159.5 65 8.06226
7160.5 66 8.12404
7161.5 78 8.83176
7162.5 67 8.18535
7163.5 61 7.81025
7164.5 83 9.11043
7165.5 75 8.66025
7166.5 65 8.06226
7167.5 62 7.87401
7168.5 84 9.16515
7169.5 87 9.32738
7170.5 82 9.05539
7171.5 69 8.30662
7172.5 83 9.11043
7173.5 75 8.66025
7174.5 82 9.05539
7175.5 79 8.88819
7176.5 73 8.544
7177.5 67 8.18535
7178.5 81 9
7179.5 75 8.66025
7180.5 69 8.30662
7181.5 76 8.7178
7182.5 78 8.83176
7183.5 61 7.81025
7184.5 76 8.7178
7185.5 60 7.74597
7186.5 64 8
7187.5 62 7.87401
7188.5 56 7.48331
7189.5 71 8.42615
7190.5 73 8.544
7191.5 72 8.48528
7192.5 60 7.74597
7193.5 70 8.3666
7194.5 53 7.28011
7195.5 55 7.4162
7196.5 67 8.18535
7197.5 72 8.48528
7198.5 68 8.24621
7199.5 70 8.3666
7200.5 58 7.61577
7201.5 58 7.61577
7202.5 49 7
7203.5 67 8.18535
7204.5 57 7.54983
7205.5 56 7.48331
7206.5 51 7.14143
7207.5 65 8.06226
7208.5 57 7.54983
7209.5 55 7.4162
7210.5 58 7.61577
7211.5 65 8.06226
7212.5 50 7.07107
7213.5 56 7.48331
7214.5 60 7.74597
7215.5 53 7.28011
7216.5 63 7.93725
7217.5 61 7.81025
7218.5 54 7.34847
7219.5 57 7.54983
7220.5 51 7.14143
7221.5 54 7.34847
7222.5 52 7.2111
7223.5 57 7.54983
7224.5 53 7.28011
7225.5 55 7.4162
7226.5 62 7.87401
7227.5 56 7.48331
7228.5 49 7
7229.5 56 7.48331
7230.5 46 6.78233
7231.5 49 7
7232.5 48 6.9282
7233.5 61 7.81025
7234.5 74 8.60233
7235.5 54 7.34847
7236.5 50 7.07107
7237.5 51 7.14143
7238.5 51 7.14143
7239.5 54 7.34847
7240.5 66 8.12404
7241.5 46 6.78233
7242.5 66 8.12404
7243.5 58 7.61577
7244.5 55 7.4162
7245.5 63 7.93725
7246.5 47 6.85565
7247.5 47 6.85565
7248.5 57 7.54983
7249.5 50 7.07107
7250.5 45 6.7082
7251.5 57 7.54983
7252.5 36 6
7253.5 46 6.78233
7254.5 58 7.61577
7255.5 60 7.74597
7256.5 58 7.61577
7257.5 68 8.24621
7258.5 46 6.78233
7259.5 54 7.34847
7260.5 55 7.4162
7261.5 56 7.48331
7262.5 48 6.9282
7263.5 61 7.81025
7264.5 62 7.87401
7265.5 60 7.74597
7266.5 55 7.4162
7267.5 50 7.07107
7268.5 50 7.07107
7269.5 58 7.61577
7270.5 58 7.61577
7271.5 54 7.34847
7272.5 42 6.48074
7273.5 54 7.34847
7274.5 57 7.54983
7275.5 47 6.85565
7276.5 60 7.74597
7277.5 60 7.74597
7278.5 40 6.32456
7279.5 62 7.87401
7280.5 51 7.14143
7281.5 40 6.32456
7282.5 47 6.85565
7283.5 57 7.54983
7284.5 51 7.14143
7285.5 53 7.28011
7286.5 57 7.54983
7287.5 50 7.07107
7288.5 66 8.12404
7289.5 50 7.07107
7290.5 47 6.85565
7291.5 40 6.32456
7292.5 48 6.9282
7293.5 51 7.14143
7294.5 74 8.60233
7295.5 48 6.9282
7296.5 52 7.2111
7297.5 46 6.78233
7298.5 59 7.68115
7299.5 52 7.2111
7300.5 55 7.4162
7301.5 40 6.32456
7302.5 58 7.61577
7303.5 61 7.81025
7304.5 57 7.54983
7305.5 60 7.74597
7306.5 46 6.78233
7307.5 65 8.06226
7308.5 51 7.14143
7309.5 55 7.4162
7310.5 60 7.74597
7311.5 51 7.14143
7312.5 44 6.63325
7313.5 61 7.81025
7314.5 60 7.74597
7315.5 55 7.4162
7316.5 58 7.61577
7317.5 50 7.07107
7318.5 64 8
7319.5 53 7.28011
7320.5 52 7.2111
7321.5 60 7.74597
7322.5 65 8.06226
7323.5 61 7.81025
7324.5 59 7.68115
7325.5 57 7.54983
7326.5 60 7.74597
7327.5 47 6.85565
7328.5 55 7.4162
7329.5 42 6.48074
7330.5 53 7.28011
7331.5 53 7.28011
7332.5 50 7.07107
7333.5 56 7.48331
7334.5 37 6.08276
7335.5 59 7.68115
7336.5 59 7.68115
7337.5 52 7.2111
7338.5 48 6.9282
7339.5 57 7.54983
7340.5 53 7.28011
7341.5 55 7.4162
7342.5 48 6.9282
7343.5 58 7.61577
7344.5 63 7.93725
7345.5 52 7.2111
7346.5 52 7.2111
7347.5 56 7.48331
7348.5 53 7.28011
7349.5 66 8.12404
7350.5 47 6.85565
7351.5 51 7.14143
7352.5 50 7.07107
7353.5 54 7.34847
7354.5 34 5.83095
7355.5 41 6.40312
7356.5 46 6.78233
7357.5 48 6.9282
7358.5 56 7.48331
7359.5 50 7.07107
7360.5 39 6.245
7361.5 63 7.93725
7362.5 66 8.12404
7363.5 69 8.30662
7364.5 62 7.87401
7365.5 61 7.81025
7366.5 50 7.07107
7367.5 41 6.40312
7368.5 56 7.48331
7369.5 53 7.28011
7370.5 59 7.68115
7371.5 49 7
7372.5 54 7.34847
7373.5 55 7.4162
7374.5 49 7
7375.5 49 7
7376.5 53 7.28011
7377.5 54 7.34847
7378.5 58 7.61577
7379.5 47 6.85565
7380.5 59 7.68115
7381.5 59 7.68115
7382.5 55 7.4162
7383.5 61 7.81025
7384.5 58 7.61577
7385.5 54 7.34847
7386.5 49 7
7387.5 56 7.48331
7388.5 58 7.61577
7389.5 49 7
7390.5 39 6.245
7391.5 46 6.78233
7392.5 52 7.2111
7393.5 51 7.14143
7394.5 53 7.28011
7395.5 43 6.55744
7396.5 46 6.78233
7397.5 53 7.28011
7398.5 63 7.93725
7399.5 44 6.63325
7400.5 50 7.07107
7401.5 54 7.34847
7402.5 45 6.7082
7403.5 71 8.42615
7404.5 48 6.9282
7405.5 52 7.2111
7406.5 36 6
7407.5 39 6.245
7408.5 51 7.14143
7409.5 52 7.2111
7410.5 45 6.7082
7411.5 56 7.48331
7412.5 54 7.34847
7413.5 56 7.48331
7414.5 53 7.28011
7415.5 51 7.14143
7416.5 50 7.07107
7417.5 44 6.63325
7418.5 46 6.78233
7419.5 43 6.55744
7420.5 52 7.2111
7421.5 49 7
7422.5 62 7.87401
7423.5 53 7.28011
7424.5 53 7.28011
7425.5 52 7.2111
7426.5 60 7.74597
7427.5 58 7.61577
7428.5 58 7.61577
7429.5 55 7.4162
7430.5 53 7.28011
7431.5 62 7.87401
7432.5 52 7.2111
7433.5 43 6.55744
7434.5 48 6.9282
7435.5 47 6.85565
7436.5 47 6.85565
7437.5 47 6.85565
7438.5 50 7.07107
7439.5 52 7.2111
7440.5 55 7.4162
7441.5 51 7.14143
7442.5 66 8.12404
7443.5 42 6.48074
7444.5 52 7.2111
7445.5 63 7.93725
7446.5 58 7.61577
7447.5 50 7.07107
7448.5 61 7.81025
7449.5 50 7.07107
7450.5 43 6.55744
7451.5 61 7.81025
7452.5 48 6.9282
7453.5 52 7.2111
7454.5 46 6.78233
7455.5 52 7.2111
7456.5 62 7.87401
7457.5 58 7.61577
7458.5 61 7.81025
7459.5 43 6.55744
7460.5 40 6.32456
7461.5 43 6.55744
7462.5 39 6.245
7463.5 55 7.4162
7464.5 50 7.07107
7465.5 57 7.54983
7466.5 34 5.83095
7467.5 61 7.81025
7468.5 55 7.4162
7469.5 59 7.68115
7470.5 50 7.07107
7471.5 54 7.34847
7472.5 42 6.48074
7473.5 48 6.9282
7474.5 40 6.32456
7475.5 63 7.93725
7476.5 48 6.9282
7477.5 37 6.08276
7478.5 39 6.245
7479.5 41 6.40312
7480.5 33 5.74456
7481.5 49 7
7482.5 62 7.87401
7483.5 56 7.48331
7484.5 51 7.14143
7485.5 45 6.7082
7486.5 45 6.7082
7487.5 51 7.14143
7488.5 60 7.74597
7489.5 50 7.07107
7490.5 48 6.9282
7491.5 45 6.7082
7492.5 43 6.55744
7493.5 48 6.9282
7494.5 60 7.74597
7495.5 53 7.28011
7496.5 54 7.34847
7497.5 40 6.32456
7498.5 58 7.61577
7499.5 46 6.78233
7500.5 60 7.74597
7501.5 47 6.85565
7502.5 55 7.4162
7503.5 51 7.14143
7504.5 60 7.74597
7505.5 52 7.2111
7506.5 62 7.87401
7507.5 51 7.14143
7508.5 41 6.40312
7509.5 47 6.85565
7510.5 33 5.74456
7511.5 53 7.28011
7512.5 50 7.07107
7513.5 59 7.68115
7514.5 48 6.9282
7515.5 48 6.9282
7516.5 58 7.61577
7517.5 44 6.63325
7518.5 48 6.9282
7519.5 60 7.74597
7520.5 58 7.61577
7521.5 44 6.63325
7522.5 53 7.28011
7523.5 32 5.65685
7524.5 58 7.61577
7525.5 64 8
7526.5 50 7.07107
7527.5 48 6.9282
7528.5 46 6.78233
7529.5 43 6.55744
7530.5 66 8.12404
7531.5 45 6.7082
7532.5 52 7.2111
7533.5 50 7.07107
7534.5 58 7.61577
7535.5 58 7.61577
7536.5 44 6.63325
7537.5 57 7.54983
7538.5 50 7.07107
7539.5 43 6.55744
7540.5 56 7.48331
7541.5 47 6.85565
7542.5 60 7.74597
7543.5 38 6.16441
7544.5 45 6.7082
7545.5 55 7.4162
7546.5 53 7.28011
7547.5 47 6.85565
7548.5 48 6.9282
7549.5 49 7
7550.5 52 7.2111
7551.5 50 7.07107
7552.5 53 7.28011
7553.5 48 6.9282
7554.5 46 6.78233
7555.5 63 7.93725
7556.5 41 6.40312
7557.5 56 7.48331
7558.5 70 8.3666
7559.5 55 7.4162
7560.5 56 7.48331
7561.5 45 6.7082
7562.5 49 7
7563.5 45 6.7082
7564.5 52 7.2111
7565.5 57 7.54983
7566.5 54 7.34847
7567.5 61 7.81025
7568.5 48 6.9282
7569.5 55 7.4162
7570.5 52 7.2111
7571.5 49 7
7572.5 67 8.18535
7573.5 44 6.63325
7574.5 35 5.91608
7575.5 64 8
7576.5 58 7.61577
7577.5 42 6.48074
7578.5 59 7.68115
7579.5 48 6.9282
7580.5 40 6.32456
7581.5 27 5.19615
7582.5 57 7.54983
7583.5 61 7.81025
7584.5 53 7.28011
7585.5 62 7.87401
7586.5 56 7.48331
7587.5 46 6.78233
7588.5 57 7.54983
7589.5 50 7.07107
7590.5 62 7.87401
7591.5 67 8.18535
7592.5 54 7.34847
7593.5 55 7.4162
7594.5 58 7.61577
7595.5 40 6.32456
7596.5 47 6.85565
7597.5 53 7.28011
7598.5 52 7.2111
7599.5 51 7.14143
7600.5 50 7.07107
7601.5 56 7.48331
7602.5 57 7.54983
7603.5 52 7.2111
7604.5 55 7.4162
7605.5 57 7.54983
7606.5 61 7.81025
7607.5 59 7.68115
7608.5 52 7.2111
7609.5 50 7.07107
7610.5 54 7.34847
7611.5 47 6.85565
7612.5 59 7.68115
7613.5 69 8.30662
7614.5 59 7.68115
7615.5 66 8.12404
7616.5 50 7.07107
7617.5 53 7.28011
7618.5 60 7.74597
7619.5 52 7.2111
7620.5 51 7.14143
7621.5 53 7.28011
7622.5 43 6.55744
7623.5 61 7.81025
7624.5 49 7
7625.5 44 6.63325
7626.5 56 7.48331
7627.5 50 7.07107
7628.5 52 7.2111
7629.5 39 6.245
7630.5 51 7.14143
7631.5 48 6.9282
7632.5 64 8
7633.5 41 6.40312
7634.5 66 8.12404
7635.5 47 6.85565
7636.5 45 6.7082
7637.5 66 8.12404
7638.5 54 7.34847
7639.5 67 8.18535
7640.5 50 7.07107
7641.5 46 6.78233
7642.5 54 7.34847
7643.5 54 7.34847
7644.5 56 7.48331
7645.5 50 7.07107
7646.5 48 6.9282
7647.5 54 7.34847
7648.5 44 6.63325
7649.5 64 8
7650.5 57 7.54983
7651.5 37 6.08276
7652.5 56 7.48331
7653.5 62 7.87401
7654.5 57 7.54983
7655.5 68 8.24621
7656.5 55 7.4162
7657.5 50 7.07107
7658.5 49 7
7659.5 57 7.54983
7660.5 53 7.28011
7661.5 49 7
7662.5 62 7.87401
7663.5 55 7.4162
7664.5 54 7.34847
7665.5 51 7.14143
7666.5 67 8.18535
7667.5 55 7.4162
7668.5 57 7.54983
7669.5 51 7.14143
7670.5 62 7.87401
7671.5 55 7.4162
7672.5 51 7.14143
7673.5 55 7.4162
7674.5 54 7.34847
7675.5 57 7.54983
7676.5 57 7.54983
7677.5 47 6.85565
7678.5 56 7.48331
7679.5 47 6.85565
7680.5 46 6.78233
7681.5 63 7.93725
7682.5 65 8.06226
7683.5 52 7.2111
7684.5 48 6.9282
7685.5 48 6.9282
7686.5 43 6.55744
7687.5 61 7.81025
7688.5 55 7.4162
7689.5 64 8
7690.5 58 7.61577
7691.5 44 6.63325
7692.5 68 8.24621
7693.5 50 7.07107
7694.5 70 8.3666
7695.5 48 6.9282
7696.5 43 6.55744
7697.5 68 8.24621
7698.5 52 7.2111
7699.5 58 7.61577
7700.5 47 6.85565
7701.5 47 6.85565
7702.5 52 7.2111
7703.5 48 6.9282
7704.5 52 7.2111
7705.5 61 7.81025
7706.5 51 7.14143
7707.5 61 7.81025
7708.5 71 8.42615
7709.5 70 8.3666
7710.5 44 6.63325
7711.5 49 7
7712.5 53 7.28011
7713.5 52 7.2111
7714.5 56 7.48331
7715.5 54 7.34847
7716.5 53 7.28011
7717.5 38 6.16441
7718.5 48 6.9282
7719.5 61 7.81025
7720.5 63 7.93725
7721.5 42 6.48074
7722.5 68 8.24621
7723.5 51 7.14143
7724.5 58 7.61577
7725.5 47 6.85565
7726.5 62 7.87401
7727.5 46 6.78233
7728.5 44 6.63325
7729.5 55 7.4162
7730.5 47 6.85565
7731.5 63 7.93725
7732.5 47 6.85565
7733.5 45 6.7082
7734.5 56 7.48331
7735.5 51 7.14143
7736.5 55 7.4162
7737.5 48 6.9282
7738.5 59 7.68115
7739.5 46 6.78233
7740.5 59 7.68115
7741.5 61 7.81025
7742.5 66 8.12404
7743.5 45 6.7082
7744.5 57 7.54983
7745.5 56 7.48331
7746.5 53 7.28011
7747.5 55 7.4162
7748.5 48 6.9282
7749.5 54 7.34847
7750.5 49 7
7751.5 50 7.07107
7752.5 52 7.2111
7753.5 55 7.4162
7754.5 67 8.18535
7755.5 50 7.07107
7756.5 56 7.48331
7757.5 54 7.34847
7758.5 71 8.42615
7759.5 53 7.28011
7760.5 52 7.2111
7761.5 46 6.78233
7762.5 64 8
7763.5 54 7.34847
7764.5 47 6.85565
7765.5 47 6.85565
7766.5 73 8.544
7767.5 53 7.28011
7768.5 54 7.34847
7769.5 45 6.7082
7770.5 62 7.87401
7771.5 52 7.2111
7772.5 42 6.48074
7773.5 57 7.54983
7774.5 49 7
7775.5 51 7.14143
7776.5 38 6.16441
7777.5 63 7.93725
7778.5 52 7.2111
7779.5 58 7.61577
7780.5 51 7.14143
7781.5 49 7
7782.5 43 6.55744
7783.5 51 7.14143
7784.5 59 7.68115
7785.5 57 7.54983
7786.5 66 8.12404
7787.5 43 6.55744
7788.5 62 7.87401
7789.5 56 7.48331
7790.5 44 6.63325
7791.5 57 7.54983
7792.5 63 7.93725
7793.5 61 7.81025
7794.5 51 7.14143
7795.5 51 7.14143
7796.5 51 7.14143
7797.5 37 6.08276
7798.5 56 7.48331
7799.5 66 8.12404
7800.5 52 7.2111
7801.5 66 8.12404
7802.5 44 6.63325
7803.5 51 7.14143
7804.5 68 8.24621
7805.5 58 7.61577
7806.5 60 7.74597
7807.5 71 8.42615
7808.5 43 6.55744
7809.5 52 7.2111
7810.5 54 7.34847
7811.5 52 7.2111
7812.5 56 7.48331
7813.5 48 6.9282
7814.5 44 6.63325
7815.5 53 7.28011
7816.5 62 7.87401
7817.5 53 7.28011
7818.5 55 7.4162
7819.5 53 7.28011
7820.5 56 7.48331
7821.5 49 7
7822.5 44 6.63325
7823.5 53 7.28011
7824.5 63 7.93725
7825.5 45 6.7082
7826.5 44 6.63325
7827.5 70 8.3666
7828.5 64 8
7829.5 59 7.68115
7830.5 57 7.54983
7831.5 58 7.61577
7832.5 52 7.2111
7833.5 38 6.16441
7834.5 53 7.28011
7835.5 54 7.34847
7836.5 56 7.48331
7837.5 73 8.544
7838.5 61 7.81025
7839.5 52 7.2111
7840.5 55 7.4162
7841.5 52 7.2111
7842.5 61 7.81025
7843.5 60 7.74597
7844.5 50 7.07107
7845.5 54 7.34847
7846.5 63 7.93725
7847.5 38 6.16441
7848.5 66 8.12404
7849.5 46 6.78233
7850.5 48 6.9282
7851.5 44 6.63325
7852.5 62 7.87401
7853.5 48 6.9282
7854.5 55 7.4162
7855.5 52 7.2111
7856.5 53 7.28011
7857.5 58 7.61577
7858.5 56 7.48331
7859.5 61 7.81025
7860.5 52 7.2111
7861.5 52 7.2111
7862.5 63 7.93725
7863.5 59 7.68115
7864.5 58 7.61577
7865.5 57 7.54983
7866.5 46 6.78233
7867.5 68 8.24621
7868.5 47 6.85565
7869.5 46 6.78233
7870.5 56 7.48331
7871.5 53 7.28011
7872.5 61 7.81025
7873.5 57 7.54983
7874.5 47 6.85565
7875.5 48 6.9282
7876.5 58 7.61577
7877.5 70 8.3666
7878.5 50 7.07107
7879.5 57 7.54983
7880.5 45 6.7082
7881.5 49 7
7882.5 48 6.9282
7883.5 46 6.78233
7884.5 50 7.07107
7885.5 36 6
7886.5 58 7.61577
7887.5 35 5.91608
7888.5 63 7.93725
7889.5 65 8.06226
7890.5 62 7.87401
7891.5 68 8.24621
7892.5 51 7.14143
7893.5 54 7.34847
7894.5 45 6.7082
7895.5 53 7.28011
7896.5 57 7.54983
7897.5 66 8.12404
7898.5 58 7.61577
7899.5 49 7
7900.5 49 7
7901.5 52 7.2111
7902.5 51 7.14143
7903.5 54 7.34847
7904.5 62 7.87401
7905.5 43 6.55744
7906.5 47 6.85565
7907.5 61 7.81025
7908.5 60 7.74597
7909.5 58 7.61577
7910.5 58 7.61577
7911.5 50 7.07107
7912.5 65 8.06226
7913.5 50 7.07107
7914.5 56 7.48331
7915.5 67 8.18535
7916.5 44 6.63325
7917.5 49 7
7918.5 62 7.87401
7919.5 59 7.68115
7920.5 55 7.4162
7921.5 56 7.48331
7922.5 59 7.68115
7923.5 71 8.42615
7924.5 62 7.87401
7925.5 56 7.48331
7926.5 49 7
7927.5 62 7.87401
7928.5 42 6.48074
7929.5 55 7.4162
7930.5 46 6.78233
7931.5 31 5.56776
7932.5 61 7.81025
7933.5 44 6.63325
7934.5 63 7.93725
7935.5 65 8.06226
7936.5 42 6.48074
7937.5 41 6.40312
7938.5 54 7.34847
7939.5 61 7.81025
7940.5 65 8.06226
7941.5 64 8
7942.5 52 7.2111
7943.5 42 6.48074
7944.5 50 7.07107
7945.5 50 7.07107
7946.5 54 7.34847
7947.5 55 7.4162
7948.5 47 6.85565
7949.5 60 7.74597
7950.5 64 8
7951.5 51 7.14143
7952.5 40 6.32456
7953.5 59 7.68115
7954.5 53 7.28011
7955.5 59 7.68115
7956.5 53 7.28011
7957.5 58 7.61577
7958.5 62 7.87401
7959.5 61 7.81025
7960.5 48 6.9282
7961.5 72 8.48528
7962.5 58 7.61577
7963.5 61 7.81025
7964.5 59 7.68115
7965.5 62 7.87401
7966.5 48 6.9282
7967.5 42 6.48074
7968.5 37 6.08276
7969.5 51 7.14143
7970.5 50 7.07107
7971.5 50 7.07107
7972.5 46 6.78233
7973.5 50 7.07107
7974.5 69 8.30662
7975.5 54 7.34847
7976.5 66 8.12404
7977.5 62 7.87401
7978.5 52 7.2111
7979.5 48 6.9282
7980.5 47 6.85565
7981.5 50 7.07107
7982.5 62 7.87401
7983.5 48 6.9282
7984.5 55 7.4162
7985.5 53 7.28011
7986.5 48 6.9282
7987.5 52 7.2111
7988.5 57 7.54983
7989.5 56 7.48331
7990.5 52 7.2111
7991.5 60 7.74597
7992.5 53 7.28011
7993.5 73 8.544
7994.5 49 7
7995.5 60 7.74597
7996.5 59 7.68115
7997.5 57 7.54983
7998.5 66 8.12404
7999.5 59 7.68115
8000.5 70 8.3666
8001.5 56 7.48331
8002.5 53 7.28011
8003.5 39 6.245
8004.5 54 7.34847
8005.5 71 8.42615
8006.5 45 6.7082
8007.5 45 6.7082
8008.5 63 7.93725
8009.5 56 7.48331
8010.5 58 7.61577
8011.5 61 7.81025
8012.5 53 7.28011
8013.5 42 6.48074
8014.5 58 7.61577
8015.5 49 7
8016.5 51 7.14143
8017.5 65 8.06226
8018.5 61 7.81025
8019.5 57 7.54983
8020.5 42 6.48074
8021.5 62 7.87401
8022.5 53 7.28011
8023.5 44 6.63325
8024.5 60 7.74597
8025.5 47 6.85565
8026.5 48 6.9282
8027.5 55 7.4162
8028.5 64 8
8029.5 57 7.54983
8030.5 60 7.74597
8031.5 53 7.28011
8032.5 55 7.4162
8033.5 50 7.07107
8034.5 53 7.28011
8035.5 65 8.06226
8036.5 52 7.2111
8037.5 59 7.68115
8038.5 61 7.81025
8039.5 60 7.74597
8040.5 53 7.28011
8041.5 46 6.78233
8042.5 54 7.34847
8043.5 51 7.14143
8044.5 69 8.30662
8045.5 68 8.24621
8046.5 67 8.18535
8047.5 56 7.48331
8048.5 54 7.34847
8049.5 53 7.28011
8050.5 59 7.68115
8051.5 56 7.48331
8052.5 45 6.7082
8053.5 57 7.54983
8054.5 52 7.2111
8055.5 43 6.55744
8056.5 52 7.2111
8057.5 43 6.55744
8058.5 54 7.34847
8059.5 72 8.48528
8060.5 58 7.61577
8061.5 64 8
8062.5 50 7.07107
8063.5 61 7.81025
8064.5 58 7.61577
8065.5 55 7.4162
8066.5 72 8.48528
8067.5 62 7.87401
8068.5 53 7.28011
8069.5 51 7.14143
8070.5 45 6.7082
8071.5 57 7.54983
8072.5 83 9.11043
8073.5 56 7.48331
8074.5 71 8.42615
8075.5 48 6.9282
8076.5 47 6.85565
8077.5 75 8.66025
8078.5 52 7.2111
8079.5 60 7.74597
8080.5 48 6.9282
8081.5 57 7.54983
8082.5 46 6.78233
8083.5 62 7.87401
8084.5 53 7.28011
8085.5 49 7
8086.5 65 8.06226
8087.5 56 7.48331
8088.5 53 7.28011
8089.5 50 7.07107
8090.5 49 7
8091.5 73 8.544
8092.5 70 8.3666
8093.5 53 7.28011
8094.5 56 7.48331
8095.5 62 7.87401
8096.5 58 7.61577
8097.5 62 7.87401
8098.5 67 8.18535
8099.5 52 7.2111
8100.5 54 7.34847
8101.5 52 7.2111
8102.5 64 8
8103.5 54 7.34847
8104.5 53 7.28011
8105.5 44 6.63325
8106.5 67 8.18535
8107.5 68 8.24621
8108.5 58 7.61577
8109.5 52 7.2111
8110.5 61 7.81025
8111.5 59 7.68115
8112.5 62 7.87401
8113.5 66 8.12404
8114.5 58 7.61577
8115.5 42 6.48074
8116.5 61 7.81025
8117.5 58 7.61577
8118.5 64 8
8119.5 55 7.4162
8120.5 66 8.12404
8121.5 54 7.34847
8122.5 55 7.4162
8123.5 56 7.48331
8124.5 58 7.61577
8125.5 64 8
8126.5 41 6.40312
8127.5 71 8.42615
8128.5 70 8.3666
8129.5 52 7.2111
8130.5 60 7.74597
8131.5 58 7.61577
8132.5 45 6.7082
8133.5 53 7.28011
8134.5 50 7.07107
8135.5 64 8
8136.5 43 6.55744
8137.5 52 7.2111
8138.5 66 8.12404
8139.5 66 8.12404
8140.5 61 7.81025
8141.5 58 7.61577
8142.5 67 8.18535
8143.5 46 6.78233
8144.5 78 8.83176
8145.5 55 7.4162
8146.5 56 7.48331
8147.5 52 7.2111
8148.5 52 7.2111
8149.5 59 7.68115
8150.5 56 7.48331
8151.5 68 8.24621
8152.5 57 7.54983
8153.5 62 7.87401
8154.5 65 8.06226
8155.5 58 7.61577
8156.5 56 7.48331
8157.5 60 7.74597
8158.5 53 7.28011
8159.5 66 8.12404
8160.5 42 6.48074
8161.5 53 7.28011
8162.5 50 7.07107
8163.5 60 7.74597
8164.5 41 6.40312
8165.5 52 7.2111
8166.5 70 8.3666
8167.5 57 7.54983
8168.5 44 6.63325
8169.5 55 7.4162
8170.5 53 7.28011
8171.5 73 8.544
8172.5 54 7.34847
8173.5 58 7.61577
8174.5 61 7.81025
8175.5 67 8.18535
8176.5 51 7.14143
8177.5 55 7.4162
8178.5 53 7.28011
8179.5 76 8.7178
8180.5 57 7.54983
8181.5 50 7.07107
8182.5 68 8.24621
8183.5 62 7.87401
8184.5 61 7.81025
8185.5 69 8.30662
8186.5 66 8.12404
8187.5 62 7.87401
8188.5 46 6.78233
8189.5 49 7
8190.5 69 8.30662
8191.5 60 7.74597
8192.5 61 7.81025
8193.5 66 8.12404
8194.5 53 7.28011
8195.5 58 7.61577
8196.5 58 7.61577
8197.5 69 8.30662
8198.5 64 8
8199.5 60 7.74597
8200.5 51 7.14143
8201.5 54 7.34847
8202.5 54 7.34847
8203.5 51 7.14143
8204.5 57 7.54983
8205.5 56 7.48331
8206.5 65 8.06226
8207.5 66 8.12404
8208.5 62 7.87401
8209.5 56 7.48331
8210.5 59 7.68115
8211.5 70 8.3666
8212.5 66 8.12404
8213.5 54 7.34847
8214.5 68 8.24621
8215.5 61 7.81025
8216.5 53 7.28011
8217.5 54 7.34847
8218.5 71 8.42615
8219.5 54 7.34847
8220.5 63 7.93725
8221.5 65 8.06226
8222.5 58 7.61577
8223.5 55 7.4162
8224.5 75 8.66025
8225.5 56 7.48331
8226.5 60 7.74597
8227.5 57 7.54983
8228.5 58 7.61577
8229.5 78 8.83176
8230.5 70 8.3666
8231.5 64 8
8232.5 81 9
8233.5 61 7.81025
8234.5 76 8.7178
8235.5 69 8.30662
8236.5 63 7.93725
8237.5 60 7.74597
8238.5 58 7.61577
8239.5 72 8.48528
8240.5 68 8.24621
8241.5 58 7.61577
8242.5 71 8.42615
8243.5 72 8.48528
8244.5 78 8.83176
8245.5 58 7.61577
8246.5 74 8.60233
8247.5 71 8.42615
8248.5 65 8.06226
8249.5 56 7.48331
8250.5 81 9
8251.5 68 8.24621
8252.5 63 7.93725
8253.5 86 9.27362
8254.5 85 9.21954
8255.5 78 8.83176
8256.5 74 8.60233
8257.5 92 9.59166
8258.5 73 8.544
8259.5 79 8.88819
8260.5 84 9.16515
8261.5 55 7.4162
8262.5 69 8.30662
8263.5 75 8.66025
8264.5 74 8.60233
8265.5 83 9.11043
8266.5 72 8.48528
8267.5 81 9
8268.5 99 9.94987
8269.5 87 9.32738
8270.5 95 9.74679
8271.5 68 8.24621
8272.5 88 9.38083
8273.5 82 9.05539
8274.5 79 8.88819
8275.5 82 9.05539
8276.5 84 9.16515
8277.5 74 8.60233
8278.5 92 9.59166
8279.5 91 9.53939
8280.5 80 8.94427
8281.5 80 8.94427
8282.5 118 10.8628
8283.5 102 10.0995
8284.5 97 9.84886
8285.5 103 10.1489
8286.5 110 10.4881
8287.5 120 10.9545
8288.5 101 10.0499
8289.5 87 9.32738
8290.5 115 10.7238
8291.5 104 10.198
8292.5 108 10.3923
8293.5 112 10.583
8294.5 111 10.5357
8295.5 97 9.84886
8296.5 113 10.6301
8297.5 96 9.79796
8298.5 104 10.198
8299.5 124 11.1355
8300.5 125 11.1803
8301.5 100 10
8302.5 97 9.84886
8303.5 107 10.3441
8304.5 105 10.247
8305.5 104 10.198
8306.5 126 11.225
8307.5 116 10.7703
8308.5 95 9.74679
8309.5 107 10.3441
8310.5 109 10.4403
8311.5 97 9.84886
8312.5 109 10.4403
8313.5 97 9.84886
8314.5 99 9.94987
8315.5 106 10.2956
8316.5 112 10.583
8317.5 113 10.6301
8318.5 82 9.05539
8319.5 89 9.43398
8320.5 100 10
8321.5 88 9.38083
8322.5 93 9.64365
8323.5 79 8.88819
8324.5 98 9.89949
8325.5 87 9.32738
8326.5 85 9.21954
8327.5 83 9.11043
8328.5 86 9.27362
8329.5 76 8.7178
8330.5 78 8.83176
8331.5 87 9.32738
8332.5 79 8.88819
8333.5 71 8.42615
8334.5 62 7.87401
8335.5 73 8.544
8336.5 74 8.60233
8337.5 79 8.88819
8338.5 80 8.94427
8339.5 93 9.64365
8340.5 83 9.11043
8341.5 76 8.7178
8342.5 75 8.66025
8343.5 69 8.30662
8344.5 66 8.12404
8345.5 73 8.544
8346.5 85 9.21954
8347.5 74 8.60233
8348.5 54 7.34847
8349.5 72 8.48528
8350.5 71 8.42615
8351.5 75 8.66025
8352.5 75 8.66025
8353.5 77 8.77496
8354.5 62 7.87401
8355.5 71 8.42615
8356.5 87 9.32738
8357.5 77 8.77496
8358.5 74 8.60233
8359.5 68 8.24621
8360.5 79 8.88819
8361.5 75 8.66025
8362.5 77 8.77496
8363.5 62 7.87401
8364.5 60 7.74597
8365.5 71 8.42615
8366.5 64 8
8367.5 81 9
8368.5 63 7.93725
8369.5 66 8.12404
8370.5 45 6.7082
8371.5 75 8.66025
8372.5 57 7.54983
8373.5 69 8.30662
8374.5 58 7.61577
8375.5 69 8.30662
8376.5 78 8.83176
8377.5 55 7.4162
8378.5 58 7.61577
8379.5 79 8.88819
8380.5 64 8
8381.5 75 8.66025
8382.5 55 7.4162
8383.5 57 7.54983
8384.5 60 7.74597
8385.5 60 7.74597
8386.5 57 7.54983
8387.5 66 8.12404
8388.5 68 8.24621
8389.5 47 6.85565
8390.5 76 8.7178
8391.5 58 7.61577
8392.5 70 8.3666
8393.5 61 7.81025
8394.5 72 8.48528
8395.5 73 8.544
8396.5 75 8.66025
8397.5 61 7.81025
8398.5 58 7.61577
8399.5 69 8.30662
8400.5 59 7.68115
8401.5 60 7.74597
8402.5 70 8.3666
8403.5 64 8
8404.5 65 8.06226
8405.5 54 7.34847
8406.5 60 7.74597
8407.5 43 6.55744
8408.5 66 8.12404
8409.5 61 7.81025
8410.5 67 8.18535
8411.5 61 7.81025
8412.5 67 8.18535
8413.5 68 8.24621
8414.5 55 7.4162
8415.5 73 8.544
8416.5 78 8.83176
8417.5 71 8.42615
8418.5 60 7.74597
8419.5 71 8.42615
8420.5 58 7.61577
8421.5 60 7.74597
8422.5 63 7.93725
8423.5 69 8.30662
8424.5 66 8.12404
8425.5 64 8
8426.5 56 7.48331
8427.5 56 7.48331
8428.5 57 7.54983
8429.5 84 9.16515
8430.5 61 7.81025
8431.5 73 8.544
8432.5 61 7.81025
8433.5 69 8.30662
8434.5 60 7.74597
8435.5 54 7.34847
8436.5 64 8
8437.5 53 7.28011
8438.5 75 8.66025
8439.5 69 8.30662
8440.5 57 7.54983
8441.5 70 8.3666
8442.5 50 7.07107
8443.5 54 7.34847
8444.5 61 7.81025
8445.5 73 8.544
8446.5 65 8.06226
8447.5 51 7.14143
8448.5 60 7.74597
8449.5 61 7.81025
8450.5 63 7.93725
8451.5 55 7.4162
8452.5 59 7.68115
8453.5 64 8
8454.5 57 7.54983
8455.5 63 7.93725
8456.5 55 7.4162
8457.5 51 7.14143
8458.5 64 8
8459.5 59 7.68115
8460.5 70 8.3666
8461.5 75 8.66025
8462.5 73 8.544
8463.5 54 7.34847
8464.5 58 7.61577
8465.5 64 8
8466.5 55 7.4162
8467.5 69 8.30662
8468.5 69 8.30662
8469.5 66 8.12404
8470.5 58 7.61577
8471.5 68 8.24621
8472.5 51 7.14143
8473.5 68 8.24621
8474.5 54 7.34847
8475.5 52 7.2111
8476.5 65 8.06226
8477.5 70 8.3666
8478.5 61 7.81025
8479.5 67 8.18535
8480.5 58 7.61577
8481.5 67 8.18535
8482.5 71 8.42615
8483.5 61 7.81025
8484.5 57 7.54983
8485.5 64 8
8486.5 70 8.3666
8487.5 58 7.61577
8488.5 69 8.30662
8489.5 55 7.4162
8490.5 58 7.61577
8491.5 52 7.2111
8492.5 59 7.68115
8493.5 69 8.30662
8494.5 79 8.88819
8495.5 69 8.30662
8496.5 56 7.48331
8497.5 58 7.61577
8498.5 61 7.81025
8499.5 63 7.93725
8500.5 80 8.94427
8501.5 64 8
8502.5 63 7.93725
8503.5 63 7.93725
8504.5 61 7.81025
8505.5 80 8.94427
8506.5 72 8.48528
8507.5 67 8.18535
8508.5 62 7.87401
8509.5 70 8.3666
8510.5 69 8.30662
8511.5 70 8.3666
8512.5 64 8
8513.5 68 8.24621
8514.5 65 8.06226
8515.5 60 7.74597
8516.5 53 7.28011
8517.5 70 8.3666
8518.5 55 7.4162
8519.5 61 7.81025
8520.5 73 8.544
8521.5 62 7.87401
8522.5 75 8.66025
8523.5 69 8.30662
8524.5 76 8.7178
8525.5 61 7.81025
8526.5 67 8.18535
8527.5 75 8.66025
8528.5 63 7.93725
8529.5 57 7.54983
8530.5 55 7.4162
8531.5 61 7.81025
8532.5 62 7.87401
8533.5 69 8.30662
8534.5 70 8.3666
8535.5 65 8.06226
8536.5 55 7.4162
8537.5 66 8.12404
8538.5 72 8.48528
8539.5 73 8.544
8540.5 73 8.544
8541.5 71 8.42615
8542.5 56 7.48331
8543.5 74 8.60233
8544.5 58 7.61577
8545.5 67 8.18535
8546.5 56 7.48331
8547.5 64 8
8548.5 66 8.12404
8549.5 69 8.30662
8550.5 54 7.34847
8551.5 68 8.24621
8552.5 71 8.42615
8553.5 55 7.4162
8554.5 62 7.87401
8555.5 72 8.48528
8556.5 72 8.48528
8557.5 68 8.24621
8558.5 79 8.88819
8559.5 80 8.94427
8560.5 82 9.05539
8561.5 65 8.06226
8562.5 82 9.05539
8563.5 69 8.30662
8564.5 69 8.30662
8565.5 64 8
8566.5 58 7.61577
8567.5 76 8.7178
8568.5 63 7.93725
8569.5 59 7.68115
8570.5 58 7.61577
8571.5 70 8.3666
8572.5 64 8
8573.5 72 8.48528
8574.5 70 8.3666
8575.5 69 8.30662
8576.5 76 8.7178
8577.5 56 7.48331
8578.5 79 8.88819
8579.5 67 8.18535
8580.5 66 8.12404
8581.5 63 7.93725
8582.5 73 8.544
8583.5 59 7.68115
8584.5 79 8.88819
8585.5 80 8.94427
8586.5 65 8.06226
8587.5 66 8.12404
8588.5 62 7.87401
8589.5 60 7.74597
8590.5 65 8.06226
8591.5 68 8.24621
8592.5 57 7.54983
8593.5 75 8.66025
8594.5 77 8.77496
8595.5 62 7.87401
8596.5 86 9.27362
8597.5 80 8.94427
8598.5 72 8.48528
8599.5 66 8.12404
8600.5 62 7.87401
8601.5 67 8.18535
8602.5 67 8.18535
8603.5 73 8.544
8604.5 63 7.93725
8605.5 66 8.12404
8606.5 71 8.42615
8607.5 76 8.7178
8608.5 56 7.48331
8609.5 56 7.48331
8610.5 72 8.48528
8611.5 64 8
8612.5 74 8.60233
8613.5 60 7.74597
8614.5 95 9.74679
8615.5 78 8.83176
8616.5 60 7.74597
8617.5 66 8.12404
8618.5 74 8.60233
8619.5 63 7.93725
8620.5 70 8.3666
8621.5 69 8.30662
8622.5 75 8.66025
8623.5 80 8.94427
8624.5 74 8.60233
8625.5 62 7.87401
8626.5 66 8.12404
8627.5 66 8.12404
8628.5 56 7.48331
8629.5 73 8.544
8630.5 73 8.544
8631.5 67 8.18535
8632.5 59 7.68115
8633.5 64 8
8634.5 77 8.77496
8635.5 70 8.3666
8636.5 66 8.12404
8637.5 79 8.88819
8638.5 45 6.7082
8639.5 66 8.12404
8640.5 59 7.68115
8641.5 70 8.3666
8642.5 61 7.81025
8643.5 75 8.66025
8644.5 66 8.12404
8645.5 60 7.74597
8646.5 60 7.74597
8647.5 63 7.93725
8648.5 54 7.34847
8649.5 64 8
8650.5 73 8.544
8651.5 65 8.06226
8652.5 58 7.61577
8653.5 74 8.60233
8654.5 73 8.544
8655.5 70 8.3666
8656.5 79 8.88819
8657.5 63 7.93725
8658.5 72 8.48528
8659.5 66 8.12404
8660.5 73 8.544
8661.5 67 8.18535
8662.5 49 7
8663.5 78 8.83176
8664.5 72 8.48528
8665.5 73 8.544
8666.5 84 9.16515
8667.5 53 7.28011
8668.5 62 7.87401
8669.5 65 8.06226
8670.5 82 9.05539
8671.5 65 8.06226
8672.5 71 8.42615
8673.5 64 8
8674.5 59 7.68115
8675.5 72 8.48528
8676.5 54 7.34847
8677.5 68 8.24621
8678.5 69 8.30662
8679.5 82 9.05539
8680.5 63 7.93725
8681.5 69 8.30662
8682.5 74 8.60233
8683.5 70 8.3666
8684.5 75 8.66025
8685.5 70 8.3666
8686.5 76 8.7178
8687.5 60 7.74597
8688.5 77 8.77496
8689.5 65 8.06226
8690.5 74 8.60233
8691.5 69 8.30662
8692.5 69 8.30662
8693.5 81 9
8694.5 69 8.30662
8695.5 61 7.81025
8696.5 79 8.88819
8697.5 67 8.18535
8698.5 58 7.61577
8699.5 75 8.66025
8700.5 68 8.24621
8701.5 65 8.06226
8702.5 56 7.48331
8703.5 77 8.77496
8704.5 52 7.2111
8705.5 72 8.48528
8706.5 61 7.81025
8707.5 71 8.42615
8708.5 79 8.88819
8709.5 68 8.24621
8710.5 79 8.88819
8711.5 60 7.74597
8712.5 64 8
8713.5 77 8.77496
8714.5 78 8.83176
8715.5 59 7.68115
8716.5 84 9.16515
8717.5 62 7.87401
8718.5 66 8.12404
8719.5 70 8.3666
8720.5 66 8.12404
8721.5 68 8.24621
8722.5 57 7.54983
8723.5 59 7.68115
8724.5 89 9.43398
8725.5 72 8.48528
8726.5 61 7.81025
8727.5 76 8.7178
8728.5 89 9.43398
8729.5 64 8
8730.5 59 7.68115
8731.5 66 8.12404
8732.5 84 9.16515
8733.5 67 8.18535
8734.5 81 9
8735.5 68 8.24621
8736.5 75 8.66025
8737.5 81 9
8738.5 68 8.24621
8739.5 75 8.66025
8740.5 63 7.93725
8741.5 66 8.12404
8742.5 89 9.43398
8743.5 67 8.18535
8744.5 76 8.7178
8745.5 67 8.18535
8746.5 70 8.3666
8747.5 70 8.3666
8748.5 63 7.93725
8749.5 75 8.66025
8750.5 68 8.24621
8751.5 69 8.30662
8752.5 70 8.3666
8753.5 71 8.42615
8754.5 62 7.87401
8755.5 74 8.60233
8756.5 60 7.74597
8757.5 64 8
8758.5 81 9
8759.5 62 7.87401
8760.5 82 9.05539
8761.5 78 8.83176
8762.5 64 8
8763.5 83 9.11043
8764.5 61 7.81025
8765.5 62 7.87401
8766.5 68 8.24621
8767.5 73 8.544
8768.5 71 8.42615
8769.5 64 8
8770.5 71 8.42615
8771.5 75 8.66025
8772.5 59 7.68115
8773.5 69 8.30662
8774.5 77 8.77496
8775.5 76 8.7178
8776.5 70 8.3666
8777.5 79 8.88819
8778.5 70 8.3666
8779.5 78 8.83176
8780.5 76 8.7178
8781.5 75 8.66025
8782.5 74 8.60233
8783.5 82 9.05539
8784.5 73 8.544
8785.5 73 8.544
8786.5 66 8.12404
8787.5 67 8.18535
8788.5 64 8
8789.5 79 8.88819
8790.5 86 9.27362
8791.5 65 8.06226
8792.5 69 8.30662
8793.5 64 8
8794.5 74 8.60233
8795.5 65 8.06226
8796.5 66 8.12404
8797.5 75 8.66025
8798.5 81 9
8799.5 75 8.66025
8800.5 65 8.06226
8801.5 82 9.05539
8802.5 76 8.7178
8803.5 69 8.30662
8804.5 76 8.7178
8805.5 65 8.06226
8806.5 53 7.28011
8807.5 65 8.06226
8808.5 82 9.05539
8809.5 82 9.05539
8810.5 74 8.60233
8811.5 60 7.74597
8812.5 78 8.83176
8813.5 69 8.30662
8814.5 55 7.4162
8815.5 75 8.66025
8816.5 74 8.60233
8817.5 64 8
8818.5 72 8.48528
8819.5 74 8.60233
8820.5 68 8.24621
8821.5 77 8.77496
8822.5 65 8.06226
8823.5 64 8
8824.5 82 9.05539
8825.5 69 8.30662
8826.5 64 8
8827.5 66 8.12404
8828.5 72 8.48528
8829.5 62 7.87401
8830.5 66 8.12404
8831.5 84 9.16515
8832.5 72 8.48528
8833.5 68 8.24621
8834.5 68 8.24621
8835.5 57 7.54983
8836.5 64 8
8837.5 67 8.18535
8838.5 71 8.42615
8839.5 59 7.68115
8840.5 51 7.14143
8841.5 68 8.24621
8842.5 63 7.93725
8843.5 69 8.30662
8844.5 63 7.93725
8845.5 79 8.88819
8846.5 78 8.83176
8847.5 70 8.3666
8848.5 81 9
8849.5 59 7.68115
8850.5 84 9.16515
8851.5 77 8.77496
8852.5 79 8.88819
8853.5 67 8.18535
8854.5 76 8.7178
8855.5 81 9
8856.5 66 8.12404
8857.5 61 7.81025
8858.5 67 8.18535
8859.5 69 8.30662
8860.5 75 8.66025
8861.5 62 7.87401
8862.5 66 8.12404
8863.5 70 8.3666
8864.5 77 8.77496
8865.5 55 7.4162
8866.5 90 9.48683
8867.5 75 8.66025
8868.5 70 8.3666
8869.5 79 8.88819
8870.5 68 8.24621
8871.5 77 8.77496
8872.5 71 8.42615
8873.5 69 8.30662
8874.5 66 8.12404
8875.5 84 9.16515
8876.5 77 8.77496
8877.5 73 8.544
8878.5 78 8.83176
8879.5 72 8.48528
8880.5 70 8.3666
8881.5 88 9.38083
8882.5 63 7.93725
8883.5 77 8.77496
8884.5 62 7.87401
8885.5 57 7.54983
8886.5 70 8.3666
8887.5 68 8.24621
8888.5 75 8.66025
8889.5 68 8.24621
8890.5 72 8.48528
8891.5 67 8.18535
8892.5 84 9.16515
8893.5 86 9.27362
8894.5 64 8
8895.5 84 9.16515
8896.5 65 8.06226
8897.5 83 9.11043
8898.5 72 8.48528
8899.5 68 8.24621
8900.5 75 8.66025
8901.5 62 7.87401
8902.5 76 8.7178
8903.5 86 9.27362
8904.5 76 8.7178
8905.5 73 8.544
8906.5 77 8.77496
8907.5 65 8.06226
8908.5 71 8.42615
8909.5 86 9.27362
8910.5 62 7.87401
8911.5 69 8.30662
8912.5 58 7.61577
8913.5 74 8.60233
8914.5 65 8.06226
8915.5 79 8.88819
8916.5 77 8.77496
8917.5 67 8.18535
8918.5 86 9.27362
8919.5 62 7.87401
8920.5 72 8.48528
8921.5 82 9.05539
8922.5 65 8.06226
8923.5 78 8.83176
8924.5 61 7.81025
8925.5 75 8.66025
8926.5 76 8.7178
8927.5 77 8.77496
8928.5 81 9
8929.5 80 8.94427
8930.5 77 8.77496
8931.5 83 9.11043
8932.5 61 7.81025
8933.5 71 8.42615
8934.5 83 9.11043
8935.5 75 8.66025
8936.5 69 8.30662
8937.5 92 9.59166
8938.5 65 8.06226
8939.5 83 9.11043
8940.5 83 9.11043
8941.5 69 8.30662
8942.5 66 8.12404
8943.5 68 8.24621
8944.5 68 8.24621
8945.5 79 8.88819
8946.5 62 7.87401
8947.5 78 8.83176
8948.5 73 8.544
8949.5 73 8.544
8950.5 82 9.05539
8951.5 65 8.06226
8952.5 80 8.94427
8953.5 76 8.7178
8954.5 68 8.24621
8955.5 58 7.61577
8956.5 68 8.24621
8957.5 75 8.66025
8958.5 71 8.42615
8959.5 75 8.66025
8960.5 69 8.30662
8961.5 71 8.42615
8962.5 74 8.60233
8963.5 69 8.30662
8964.5 79 8.88819
8965.5 68 8.24621
8966.5 76 8.7178
8967.5 77 8.77496
8968.5 67 8.18535
8969.5 75 8.66025
8970.5 66 8.12404
8971.5 83 9.11043
8972.5 69 8.30662
8973.5 88 9.38083
8974.5 61 7.81025
8975.5 76 8.7178
8976.5 74 8.60233
8977.5 65 8.06226
8978.5 59 7.68115
8979.5 77 8.77496
8980.5 74 8.60233
8981.5 65 8.06226
8982.5 70 8.3666
8983.5 92 9.59166
8984.5 76 8.7178
8985.5 88 9.38083
8986.5 79 8.88819
8987.5 74 8.60233
8988.5 71 8.42615
8989.5 77 8.77496
8990.5 75 8.66025
8991.5 70 8.3666
8992.5 77 8.77496
8993.5 84 9.16515
8994.5 63 7.93725
8995.5 67 8.18535
8996.5 70 8.3666
8997.5 67 8.18535
8998.5 74 8.60233
8999.5 94 9.69536
9000.5 75 8.66025
9001.5 57 7.54983
9002.5 71 8.42615
9003.5 74 8.60233
9004.5 75 8.66025
9005.5 68 8.24621
9006.5 75 8.66025
9007.5 73 8.544
9008.5 70 8.3666
9009.5 83 9.11043
9010.5 68 8.24621
9011.5 86 9.27362
9012.5 83 9.11043
9013.5 67 8.18535
9014.5 79 8.88819
9015.5 82 9.05539
9016.5 87 9.32738
9017.5 81 9
9018.5 79 8.88819
9019.5 95 9.74679
9020.5 64 8
9021.5 65 8.06226
9022.5 88 9.38083
9023.5 99 9.94987
9024.5 65 8.06226
9025.5 60 7.74597
9026.5 82 9.05539
9027.5 75 8.66025
9028.5 69 8.30662
9029.5 78 8.83176
9030.5 93 9.64365
9031.5 79 8.88819
9032.5 79 8.88819
9033.5 73 8.544
9034.5 77 8.77496
9035.5 87 9.32738
9036.5 78 8.83176
9037.5 70 8.3666
9038.5 63 7.93725
9039.5 65 8.06226
9040.5 84 9.16515
9041.5 71 8.42615
9042.5 80 8.94427
9043.5 74 8.60233
9044.5 89 9.43398
9045.5 79 8.88819
9046.5 72 8.48528
9047.5 84 9.16515
9048.5 64 8
9049.5 73 8.544
9050.5 85 9.21954
9051.5 70 8.3666
9052.5 83 9.11043
9053.5 75 8.66025
9054.5 66 8.12404
9055.5 63 7.93725
9056.5 91 9.53939
9057.5 74 8.60233
9058.5 85 9.21954
9059.5 84 9.16515
9060.5 68 8.24621
9061.5 65 8.06226
9062.5 75 8.66025
9063.5 58 7.61577
9064.5 94 9.69536
9065.5 78 8.83176
9066.5 91 9.53939
9067.5 73 8.544
9068.5 76 8.7178
9069.5 69 8.30662
9070.5 69 8.30662
9071.5 69 8.30662
9072.5 80 8.94427
9073.5 54 7.34847
9074.5 78 8.83176
9075.5 85 9.21954
9076.5 71 8.42615
9077.5 87 9.32738
9078.5 72 8.48528
9079.5 77 8.77496
9080.5 78 8.83176
9081.5 81 9
9082.5 89 9.43398
9083.5 89 9.43398
9084.5 82 9.05539
9085.5 96 9.79796
9086.5 76 8.7178
9087.5 75 8.66025
9088.5 87 9.32738
9089.5 83 9.11043
9090.5 75 8.66025
9091.5 68 8.24621
9092.5 89 9.43398
9093.5 82 9.05539
9094.5 71 8.42615
9095.5 79 8.88819
9096.5 79 8.88819
9097.5 77 8.77496
9098.5 58 7.61577
9099.5 73 8.544
9100.5 89 9.43398
9101.5 81 9
9102.5 74 8.60233
9103.5 82 9.05539
9104.5 71 8.42615
9105.5 85 9.21954
9106.5 81 9
9107.5 80 8.94427
9108.5 70 8.3666
9109.5 82 9.05539
9110.5 82 9.05539
9111.5 88 9.38083
9112.5 74 8.60233
9113.5 84 9.16515
9114.5 89 9.43398
9115.5 73 8.544
9116.5 83 9.11043
9117.5 96 9.79796
9118.5 77 8.77496
9119.5 70 8.3666
9120.5 93 9.64365
9121.5 73 8.544
9122.5 82 9.05539
9123.5 94 9.69536
9124.5 82 9.05539
9125.5 73 8.544
9126.5 67 8.18535
9127.5 81 9
9128.5 83 9.11043
9129.5 93 9.64365
9130.5 75 8.66025
9131.5 82 9.05539
9132.5 82 9.05539
9133.5 88 9.38083
9134.5 77 8.77496
9135.5 79 8.88819
9136.5 86 9.27362
9137.5 81 9
9138.5 84 9.16515
9139.5 78 8.83176
9140.5 83 9.11043
9141.5 88 9.38083
9142.5 87 9.32738
9143.5 94 9.69536
9144.5 68 8.24621
9145.5 78 8.83176
9146.5 71 8.42615
9147.5 76 8.7178
9148.5 80 8.94427
9149.5 91 9.53939
9150.5 85 9.21954
9151.5 71 8.42615
9152.5 77 8.77496
9153.5 71 8.42615
9154.5 74 8.60233
9155.5 89 9.43398
9156.5 70 8.3666
9157.5 75 8.66025
9158.5 100 10
9159.5 79 8.88819
9160.5 78 8.83176
9161.5 65 8.06226
9162.5 78 8.83176
9163.5 83 9.11043
9164.5 82 9.05539
9165.5 82 9.05539
9166.5 92 9.59166
9167.5 80 8.94427
9168.5 87 9.32738
9169.5 67 8.18535
9170.5 68 8.24621
9171.5 71 8.42615
9172.5 54 7.34847
9173.5 78 8.83176
9174.5 89 9.43398
9175.5 70 8.3666
9176.5 72 8.48528
9177.5 70 8.3666
9178.5 86 9.27362
9179.5 98 9.89949
9180.5 73 8.544
9181.5 71 8.42615
9182.5 78 8.83176
9183.5 76 8.7178
9184.5 88 9.38083
9185.5 78 8.83176
9186.5 76 8.7178
9187.5 80 8.94427
9188.5 86 9.27362
9189.5 83 9.11043
9190.5 71 8.42615
9191.5 75 8.66025
9192.5 81 9
9193.5 79 8.88819
9194.5 87 9.32738
9195.5 96 9.79796
9196.5 67 8.18535
9197.5 71 8.42615
9198.5 81 9
9199.5 75 8.66025
9200.5 77 8.77496
9201.5 84 9.16515
9202.5 96 9.79796
9203.5 87 9.32738
9204.5 82 9.05539
9205.5 81 9
9206.5 81 9
9207.5 105 10.247
9208.5 72 8.48528
9209.5 73 8.544
9210.5 74 8.60233
9211.5 72 8.48528
9212.5 82 9.05539
9213.5 76 8.7178
9214.5 70 8.3666
9215.5 84 9.16515
9216.5 85 9.21954
9217.5 72 8.48528
9218.5 69 8.30662
9219.5 89 9.43398
9220.5 89 9.43398
9221.5 71 8.42615
9222.5 74 8.60233
9223.5 93 9.64365
9224.5 96 9.79796
9225.5 80 8.94427
9226.5 87 9.32738
9227.5 73 8.544
9228.5 89 9.43398
9229.5 73 8.544
9230.5 85 9.21954
9231.5 86 9.27362
9232.5 74 8.60233
9233.5 89 9.43398
9234.5 77 8.77496
9235.5 80 8.94427
9236.5 84 9.16515
9237.5 78 8.83176
9238.5 86 9.27362
9239.5 91 9.53939
9240.5 86 9.27362
9241.5 86 9.27362
9242.5 79 8.88819
9243.5 84 9.16515
9244.5 82 9.05539
9245.5 97 9.84886
9246.5 73 8.544
9247.5 79 8.88819
9248.5 74 8.60233
9249.5 81 9
9250.5 69 8.30662
9251.5 79 8.88819
9252.5 92 9.59166
9253.5 88 9.38083
9254.5 75 8.66025
9255.5 80 8.94427
9256.5 66 8.12404
9257.5 97 9.84886
9258.5 75 8.66025
9259.5 84 9.16515
9260.5 87 9.32738
9261.5 94 9.69536
9262.5 84 9.16515
9263.5 102 10.0995
9264.5 89 9.43398
9265.5 96 9.79796
9266.5 89 9.43398
9267.5 80 8.94427
9268.5 76 8.7178
9269.5 83 9.11043
9270.5 92 9.59166
9271.5 72 8.48528
9272.5 75 8.66025
9273.5 79 8.88819
9274.5 87 9.32738
9275.5 80 8.94427
9276.5 78 8.83176
9277.5 86 9.27362
9278.5 88 9.38083
9279.5 104 10.198
9280.5 74 8.60233
9281.5 77 8.77496
9282.5 73 8.544
9283.5 95 9.74679
9284.5 73 8.544
9285.5 87 9.32738
9286.5 92 9.59166
9287.5 88 9.38083
9288.5 92 9.59166
9289.5 82 9.05539
9290.5 99 9.94987
9291.5 88 9.38083
9292.5 72 8.48528
9293.5 104 10.198
9294.5 85 9.21954
9295.5 79 8.88819
9296.5 78 8.83176
9297.5 92 9.59166
9298.5 83 9.11043
9299.5 84 9.16515
9300.5 95 9.74679
9301.5 92 9.59166
9302.5 94 9.69536
9303.5 89 9.43398
9304.5 82 9.05539
9305.5 106 10.2956
9306.5 79 8.88819
9307.5 100 10
9308.5 84 9.16515
9309.5 69 8.30662
9310.5 93 9.64365
9311.5 88 9.38083
9312.5 89 9.43398
9313.5 94 9.69536
9314.5 76 8.7178
9315.5 90 9.48683
9316.5 91 9.53939
9317.5 92 9.59166
9318.5 95 9.74679
9319.5 88 9.38083
9320.5 95 9.74679
9321.5 68 8.24621
9322.5 78 8.83176
9323.5 106 10.2956
9324.5 91 9.53939
9325.5 82 9.05539
9326.5 86 9.27362
9327.5 89 9.43398
9328.5 79 8.88819
9329.5 88 9.38083
9330.5 79 8.88819
9331.5 85 9.21954
9332.5 91 9.53939
9333.5 97 9.84886
9334.5 68 8.24621
9335.5 84 9.16515
9336.5 83 9.11043
9337.5 90 9.48683
9338.5 91 9.53939
9339.5 84 9.16515
9340.5 76 8.7178
9341.5 84 9.16515
9342.5 98 9.89949
9343.5 76 8.7178
9344.5 100 10
9345.5 84 9.16515
9346.5 102 10.0995
9347.5 97 9.84886
9348.5 105 10.247
9349.5 98 9.89949
9350.5 85 9.21954
9351.5 84 9.16515
9352.5 84 9.16515
9353.5 84 9.16515
9354.5 96 9.79796
9355.5 92 9.59166
9356.5 76 8.7178
9357.5 83 9.11043
9358.5 81 9
9359.5 95 9.74679
9360.5 81 9
9361.5 83 9.11043
9362.5 86 9.27362
9363.5 84 9.16515
9364.5 95 9.74679
9365.5 90 9.48683
9366.5 89 9.43398
9367.5 79 8.88819
9368.5 98 9.89949
9369.5 104 10.198
9370.5 82 9.05539
9371.5 88 9.38083
9372.5 92 9.59166
9373.5 91 9.53939
9374.5 88 9.38083
9375.5 69 8.30662
9376.5 88 9.38083
9377.5 90 9.48683
9378.5 83 9.11043
9379.5 84 9.16515
9380.5 88 9.38083
9381.5 87 9.32738
9382.5 104 10.198
9383.5 83 9.11043
9384.5 76 8.7178
9385.5 91 9.53939
9386.5 95 9.74679
9387.5 98 9.89949
9388.5 98 9.89949
9389.5 90 9.48683
9390.5 93 9.64365
9391.5 91 9.53939
9392.5 103 10.1489
9393.5 103 10.1489
9394.5 93 9.64365
9395.5 90 9.48683
9396.5 83 9.11043
9397.5 87 9.32738
9398.5 90 9.48683
9399.5 91 9.53939
9400.5 97 9.84886
9401.5 94 9.69536
9402.5 106 10.2956
9403.5 98 9.89949
9404.5 89 9.43398
9405.5 100 10
9406.5 99 9.94987
9407.5 104 10.198
9408.5 88 9.38083
9409.5 108 10.3923
9410.5 101 10.0499
9411.5 101 10.0499
9412.5 104 10.198
9413.5 87 9.32738
9414.5 96 9.79796
9415.5 102 10.0995
9416.5 89 9.43398
9417.5 94 9.69536
9418.5 100 10
9419.5 102 10.0995
9420.5 96 9.79796
9421.5 93 9.64365
9422.5 85 9.21954
9423.5 75 8.66025
9424.5 98 9.89949
9425.5 94 9.69536
9426.5 111 10.5357
9427.5 107 10.3441
9428.5 117 10.8167
9429.5 111 10.5357
9430.5 112 10.583
9431.5 85 9.21954
9432.5 85 9.21954
9433.5 98 9.89949
9434.5 99 9.94987
9435.5 92 9.59166
9436.5 89 9.43398
9437.5 92 9.59166
9438.5 99 9.94987
9439.5 81 9
9440.5 106 10.2956
9441.5 91 9.53939
9442.5 91 9.53939
9443.5 90 9.48683
9444.5 91 9.53939
9445.5 83 9.11043
9446.5 101 10.0499
9447.5 90 9.48683
9448.5 90 9.48683
9449.5 83 9.11043
9450.5 100 10
9451.5 90 9.48683
9452.5 74 8.60233
9453.5 93 9.64365
9454.5 83 9.11043
9455.5 110 10.4881
9456.5 96 9.79796
9457.5 92 9.59166
9458.5 120 10.9545
9459.5 74 8.60233
9460.5 104 10.198
9461.5 101 10.0499
9462.5 80 8.94427
9463.5 80 8.94427
9464.5 113 10.6301
9465.5 99 9.94987
9466.5 99 9.94987
9467.5 82 9.05539
9468.5 84 9.16515
9469.5 112 10.583
9470.5 95 9.74679
9471.5 89 9.43398
9472.5 83 9.11043
9473.5 99 9.94987
9474.5 96 9.79796
9475.5 90 9.48683
9476.5 97 9.84886
9477.5 95 9.74679
9478.5 82 9.05539
9479.5 89 9.43398
9480.5 101 10.0499
9481.5 105 10.247
9482.5 92 9.59166
9483.5 106 10.2956
9484.5 79 8.88819
9485.5 76 8.7178
9486.5 90 9.48683
9487.5 98 9.89949
9488.5 95 9.74679
9489.5 96 9.79796
9490.5 89 9.43398
9491.5 93 9.64365
9492.5 87 9.32738
9493.5 94 9.69536
9494.5 90 9.48683
9495.5 93 9.64365
9496.5 80 8.94427
9497.5 110 10.4881
9498.5 74 8.60233
9499.5 106 10.2956
9500.5 97 9.84886
9501.5 84 9.16515
9502.5 104 10.198
9503.5 88 9.38083
9504.5 91 9.53939
9505.5 92 9.59166
9506.5 97 9.84886
9507.5 94 9.69536
9508.5 96 9.79796
9509.5 93 9.64365
9510.5 87 9.32738
9511.5 99 9.94987
9512.5 111 10.5357
9513.5 101 10.0499
9514.5 97 9.84886
9515.5 80 8.94427
9516.5 83 9.11043
9517.5 91 9.53939
9518.5 93 9.64365
9519.5 84 9.16515
9520.5 105 10.247
9521.5 83 9.11043
9522.5 99 9.94987
9523.5 114 10.6771
9524.5 87 9.32738
9525.5 86 9.27362
9526.5 95 9.74679
9527.5 91 9.53939
9528.5 106 10.2956
9529.5 104 10.198
9530.5 97 9.84886
9531.5 100 10
9532.5 107 10.3441
9533.5 94 9.69536
9534.5 88 9.38083
9535.5 99 9.94987
9536.5 103 10.1489
9537.5 95 9.74679
9538.5 97 9.84886
9539.5 106 10.2956
9540.5 96 9.79796
9541.5 114 10.6771
9542.5 104 10.198
9543.5 109 10.4403
9544.5 89 9.43398
9545.5 105 10.247
9546.5 109 10.4403
9547.5 94 9.69536
9548.5 90 9.48683
9549.5 105 10.247
9550.5 113 10.6301
9551.5 105 10.247
9552.5 88 9.38083
9553.5 86 9.27362
9554.5 109 10.4403
9555.5 112 10.583
9556.5 113 10.6301
9557.5 71 8.42615
9558.5 107 10.3441
9559.5 103 10.1489
9560.5 96 9.79796
9561.5 83 9.11043
9562.5 117 10.8167
9563.5 97 9.84886
9564.5 98 9.89949
9565.5 109 10.4403
9566.5 90 9.48683
9567.5 108 10.3923
9568.5 99 9.94987
9569.5 91 9.53939
9570.5 100 10
9571.5 107 10.3441
9572.5 99 9.94987
9573.5 100 10
9574.5 102 10.0995
9575.5 90 9.48683
9576.5 106 10.2956
9577.5 121 11
9578.5 104 10.198
9579.5 92 9.59166
9580.5 115 10.7238
9581.5 98 9.89949
9582.5 102 10.0995
9583.5 91 9.53939
9584.5 101 10.0499
9585.5 113 10.6301
9586.5 102 10.0995
9587.5 97 9.84886
9588.5 98 9.89949
9589.5 105 10.247
9590.5 111 10.5357
9591.5 91 9.53939
9592.5 77 8.77496
9593.5 111 10.5357
9594.5 101 10.0499
9595.5 115 10.7238
9596.5 95 9.74679
9597.5 109 10.4403
9598.5 109 10.4403
9599.5 98 9.89949
9600.5 131 11.4455
9601.5 102 10.0995
9602.5 104 10.198
9603.5 110 10.4881
9604.5 107 10.3441
9605.5 111 10.5357
9606.5 96 9.79796
9607.5 97 9.84886
9608.5 95 9.74679
9609.5 107 10.3441
9610.5 105 10.247
9611.5 114 10.6771
9612.5 106 10.2956
9613.5 117 10.8167
9614.5 99 9.94987
9615.5 100 10
9616.5 106 10.2956
9617.5 98 9.89949
9618.5 112 10.583
9619.5 102 10.0995
9620.5 98 9.89949
9621.5 103 10.1489
9622.5 87 9.32738
9623.5 104 10.198
9624.5 93 9.64365
9625.5 97 9.84886
9626.5 107 10.3441
9627.5 93 9.64365
9628.5 103 10.1489
9629.5 108 10.3923
9630.5 87 9.32738
9631.5 89 9.43398
9632.5 96 9.79796
9633.5 105 10.247
9634.5 102 10.0995
9635.5 108 10.3923
9636.5 103 10.1489
9637.5 96 9.79796
9638.5 86 9.27362
9639.5 103 10.1489
9640.5 130 11.4018
9641.5 101 10.0499
9642.5 102 10.0995
9643.5 94 9.69536
9644.5 111 10.5357
9645.5 115 10.7238
9646.5 86 9.27362
9647.5 107 10.3441
9648.5 113 10.6301
9649.5 101 10.0499
9650.5 129 11.3578
9651.5 112 10.583
9652.5 104 10.198
9653.5 88 9.38083
9654.5 113 10.6301
9655.5 101 10.0499
9656.5 105 10.247
9657.5 96 9.79796
9658.5 110 10.4881
9659.5 101 10.0499
9660.5 104 10.198
9661.5 91 9.53939
9662.5 100 10
9663.5 94 9.69536
9664.5 105 10.247
9665.5 108 10.3923
9666.5 118 10.8628
9667.5 112 10.583
9668.5 115 10.7238
9669.5 89 9.43398
9670.5 101 10.0499
9671.5 117 10.8167
9672.5 109 10.4403
9673.5 97 9.84886
9674.5 110 10.4881
9675.5 101 10.0499
9676.5 126 11.225
9677.5 110 10.4881
9678.5 114 10.6771
9679.5 134 11.5758
9680.5 118 10.8628
9681.5 125 11.1803
9682.5 116 10.7703
9683.5 99 9.94987
9684.5 102 10.0995
9685.5 104 10.198
9686.5 113 10.6301
9687.5 109 10.4403
9688.5 101 10.0499
9689.5 122 11.0454
9690.5 126 11.225
9691.5 108 10.3923
9692.5 110 10.4881
9693.5 94 9.69536
9694.5 103 10.1489
9695.5 102 10.0995
9696.5 110 10.4881
9697.5 116 10.7703
9698.5 123 11.0905
9699.5 107 10.3441
9700.5 106 10.2956
9701.5 93 9.64365
9702.5 112 10.583
9703.5 95 9.74679
9704.5 102 10.0995
9705.5 103 10.1489
9706.5 95 9.74679
9707.5 94 9.69536
9708.5 110 10.4881
9709.5 109 10.4403
9710.5 102 10.0995
9711.5 103 10.1489
9712.5 99 9.94987
9713.5 129 11.3578
9714.5 117 10.8167
9715.5 124 11.1355
9716.5 103 10.1489
9717.5 107 10.3441
9718.5 98 9.89949
9719.5 118 10.8628
9720.5 99 9.94987
9721.5 110 10.4881
9722.5 92 9.59166
9723.5 131 11.4455
9724.5 86 9.27362
9725.5 115 10.7238
9726.5 103 10.1489
9727.5 105 10.247
9728.5 127 11.2694
9729.5 118 10.8628
9730.5 120 10.9545
9731.5 110 10.4881
9732.5 119 10.9087
9733.5 116 10.7703
9734.5 120 10.9545
9735.5 96 9.79796
9736.5 104 10.198
9737.5 110 10.4881
9738.5 110 10.4881
9739.5 115 10.7238
9740.5 112 10.583
9741.5 92 9.59166
9742.5 101 10.0499
9743.5 101 10.0499
9744.5 104 10.198
9745.5 91 9.53939
9746.5 94 9.69536
9747.5 101 10.0499
9748.5 112 10.583
9749.5 104 10.198
9750.5 103 10.1489
9751.5 123 11.0905
9752.5 120 10.9545
9753.5 116 10.7703
9754.5 102 10.0995
9755.5 105 10.247
9756.5 113 10.6301
9757.5 122 11.0454
9758.5 100 10
9759.5 101 10.0499
9760.5 118 10.8628
9761.5 113 10.6301
9762.5 115 10.7238
9763.5 100 10
9764.5 116 10.7703
9765.5 103 10.1489
9766.5 108 10.3923
9767.5 115 10.7238
9768.5 83 9.11043
9769.5 119 10.9087
9770.5 105 10.247
9771.5 119 10.9087
9772.5 123 11.0905
9773.5 105 10.247
9774.5 118 10.8628
9775.5 100 10
9776.5 96 9.79796
9777.5 110 10.4881
9778.5 116 10.7703
9779.5 122 11.0454
9780.5 128 11.3137
9781.5 139 11.7898
9782.5 105 10.247
9783.5 107 10.3441
9784.5 105 10.247
9785.5 114 10.6771
9786.5 90 9.48683
9787.5 106 10.2956
9788.5 124 11.1355
9789.5 88 9.38083
9790.5 116 10.7703
9791.5 123 11.0905
9792.5 116 10.7703
9793.5 118 10.8628
9794.5 112 10.583
9795.5 120 10.9545
9796.5 108 10.3923
9797.5 121 11
9798.5 111 10.5357
9799.5 100 10
9800.5 114 10.6771
9801.5 106 10.2956
9802.5 123 11.0905
9803.5 112 10.583
9804.5 109 10.4403
9805.5 107 10.3441
9806.5 98 9.89949
9807.5 104 10.198
9808.5 108 10.3923
9809.5 101 10.0499
9810.5 120 10.9545
9811.5 99 9.94987
9812.5 125 11.1803
9813.5 107 10.3441
9814.5 111 10.5357
9815.5 98 9.89949
9816.5 108 10.3923
9817.5 88 9.38083
9818.5 117 10.8167
9819.5 122 11.0454
9820.5 105 10.247
9821.5 108 10.3923
9822.5 101 10.0499
9823.5 101 10.0499
9824.5 110 10.4881
9825.5 108 10.3923
9826.5 138 11.7473
9827.5 119 10.9087
9828.5 124 11.1355
9829.5 116 10.7703
9830.5 104 10.198
9831.5 101 10.0499
9832.5 116 10.7703
9833.5 107 10.3441
9834.5 85 9.21954
9835.5 134 11.5758
9836.5 101 10.0499
9837.5 105 10.247
9838.5 101 10.0499
9839.5 107 10.3441
9840.5 115 10.7238
9841.5 97 9.84886
9842.5 108 10.3923
9843.5 113 10.6301
9844.5 107 10.3441
9845.5 93 9.64365
9846.5 124 11.1355
9847.5 111 10.5357
9848.5 118 10.8628
9849.5 99 9.94987
9850.5 112 10.583
9851.5 102 10.0995
9852.5 77 8.77496
9853.5 111 10.5357
9854.5 100 10
9855.5 85 9.21954
9856.5 101 10.0499
9857.5 100 10
9858.5 88 9.38083
9859.5 102 10.0995
9860.5 114 10.6771
9861.5 109 10.4403
9862.5 104 10.198
9863.5 94 9.69536
9864.5 95 9.74679
9865.5 97 9.84886
9866.5 105 10.247
9867.5 118 10.8628
9868.5 86 9.27362
9869.5 117 10.8167
9870.5 100 10
9871.5 95 9.74679
9872.5 93 9.64365
9873.5 100 10
9874.5 97 9.84886
9875.5 87 9.32738
9876.5 102 10.0995
9877.5 79 8.88819
9878.5 83 9.11043
9879.5 93 9.64365
9880.5 106 10.2956
9881.5 86 9.27362
9882.5 85 9.21954
9883.5 82 9.05539
9884.5 84 9.16515
9885.5 90 9.48683
9886.5 96 9.79796
9887.5 98 9.89949
9888.5 84 9.16515
9889.5 85 9.21954
9890.5 90 9.48683
9891.5 94 9.69536
9892.5 85 9.21954
9893.5 72 8.48528
9894.5 75 8.66025
9895.5 82 9.05539
9896.5 84 9.16515
9897.5 73 8.544
9898.5 85 9.21954
9899.5 77 8.77496
9900.5 99 9.94987
9901.5 85 9.21954
9902.5 93 9.64365
9903.5 82 9.05539
9904.5 108 10.3923
9905.5 88 9.38083
9906.5 79 8.88819
9907.5 76 8.7178
9908.5 89 9.43398
9909.5 75 8.66025
9910.5 73 8.544
9911.5 71 8.42615
9912.5 81 9
9913.5 78 8.83176
9914.5 74 8.60233
9915.5 98 9.89949
9916.5 75 8.66025
9917.5 82 9.05539
9918.5 65 8.06226
9919.5 75 8.66025
9920.5 97 9.84886
9921.5 84 9.16515
9922.5 100 10
9923.5 99 9.94987
9924.5 80 8.94427
9925.5 90 9.48683
9926.5 100 10
9927.5 86 9.27362
9928.5 69 8.30662
9929.5 81 9
9930.5 86 9.27362
9931.5 83 9.11043
9932.5 82 9.05539
9933.5 75 8.66025
9934.5 66 8.12404
9935.5 69 8.30662
9936.5 67 8.18535
9937.5 68 8.24621
9938.5 63 7.93725
9939.5 83 9.11043
9940.5 85 9.21954
9941.5 67 8.18535
9942.5 62 7.87401
9943.5 58 7.61577
9944.5 66 8.12404
9945.5 85 9.21954
9946.5 74 8.60233
9947.5 84 9.16515
9948.5 68 8.24621
9949.5 68 8.24621
9950.5 79 8.88819
9951.5 66 8.12404
9952.5 76 8.7178
9953.5 71 8.42615
9954.5 85 9.21954
9955.5 63 7.93725
9956.5 64 8
9957.5 77 8.77496
9958.5 74 8.60233
9959.5 78 8.83176
9960.5 67 8.18535
9961.5 64 8
9962.5 67 8.18535
9963.5 49 7
9964.5 68 8.24621
9965.5 66 8.12404
9966.5 75 8.66025
9967.5 73 8.544
9968.5 83 9.11043
9969.5 84 9.16515
9970.5 75 8.66025
9971.5 76 8.7178
9972.5 61 7.81025
9973.5 74 8.60233
9974.5 64 8
9975.5 67 8.18535
9976.5 65 8.06226
9977.5 73 8.544
9978.5 71 8.42615
9979.5 76 8.7178
9980.5 58 7.61577
9981.5 78 8.83176
9982.5 68 8.24621
9983.5 65 8.06226
9984.5 60 7.74597
9985.5 74 8.60233
9986.5 61 7.81025
9987.5 65 8.06226
9988.5 72 8.48528
9989.5 66 8.12404
9990.5 75 8.66025
9991.5 52 7.2111
9992.5 61 7.81025
9993.5 97 9.84886
9994.5 62 7.87401
9995.5 69 8.30662
9996.5 62 7.87401
9997.5 61 7.81025
9998.5 63 7.93725
9999.5 78 8.83176
10000.5 63 7.93725
10001.5 55 7.4162
10002.5 69 8.30662
10003.5 76 8.7178
10004.5 60 7.74597
10005.5 65 8.06226
10006.5 71 8.42615
10007.5 70 8.3666
10008.5 69 8.30662
10009.5 58 7.61577
10010.5 66 8.12404
10011.5 59 7.68115
10012.5 66 8.12404
10013.5 58 7.61577
10014.5 60 7.74597
10015.5 49 7
10016.5 73 8.544
10017.5 53 7.28011
10018.5 62 7.87401
10019.5 58 7.61577
10020.5 70 8.3666
10021.5 77 8.77496
10022.5 68 8.24621
10023.5 68 8.24621
10024.5 54 7.34847
10025.5 77 8.77496
10026.5 65 8.06226
10027.5 58 7.61577
10028.5 56 7.48331
10029.5 62 7.87401
10030.5 68 8.24621
10031.5 71 8.42615
10032.5 69 8.30662
10033.5 62 7.87401
10034.5 58 7.61577
10035.5 63 7.93725
10036.5 63 7.93725
10037.5 58 7.61577
10038.5 64 8
10039.5 60 7.74597
10040.5 61 7.81025
10041.5 75 8.66025
10042.5 49 7
10043.5 72 8.48528
10044.5 70 8.3666
10045.5 73 8.544
10046.5 54 7.34847
10047.5 62 7.87401
10048.5 71 8.42615
10049.5 51 7.14143
10050.5 67 8.18535
10051.5 65 8.06226
10052.5 60 7.74597
10053.5 60 7.74597
10054.5 82 9.05539
10055.5 59 7.68115
10056.5 58 7.61577
10057.5 54 7.34847
10058.5 70 8.3666
10059.5 57 7.54983
10060.5 61 7.81025
10061.5 55 7.4162
10062.5 47 6.85565
10063.5 61 7.81025
10064.5 68 8.24621
10065.5 65 8.06226
10066.5 78 8.83176
10067.5 67 8.18535
10068.5 60 7.74597
10069.5 55 7.4162
10070.5 60 7.74597
10071.5 58 7.61577
10072.5 62 7.87401
10073.5 70 8.3666
10074.5 62 7.87401
10075.5 66 8.12404
10076.5 61 7.81025
10077.5 50 7.07107
10078.5 71 8.42615
10079.5 51 7.14143
10080.5 71 8.42615
10081.5 61 7.81025
10082.5 65 8.06226
10083.5 62 7.87401
10084.5 59 7.68115
10085.5 61 7.81025
10086.5 70 8.3666
10087.5 58 7.61577
10088.5 85 9.21954
10089.5 73 8.544
10090.5 62 7.87401
10091.5 74 8.60233
10092.5 43 6.55744
10093.5 63 7.93725
10094.5 65 8.06226
10095.5 41 6.40312
10096.5 60 7.74597
10097.5 54 7.34847
10098.5 60 7.74597
10099.5 70 8.3666
10100.5 65 8.06226
10101.5 57 7.54983
10102.5 73 8.544
10103.5 68 8.24621
10104.5 56 7.48331
10105.5 62 7.87401
10106.5 64 8
10107.5 50 7.07107
10108.5 57 7.54983
10109.5 50 7.07107
10110.5 68 8.24621
10111.5 55 7.4162
10112.5 66 8.12404
10113.5 64 8
10114.5 55 7.4162
10115.5 55 7.4162
10116.5 58 7.61577
10117.5 65 8.06226
10118.5 69 8.30662
10119.5 58 7.61577
10120.5 71 8.42615
10121.5 63 7.93725
10122.5 48 6.9282
10123.5 44 6.63325
10124.5 53 7.28011
10125.5 47 6.85565
10126.5 53 7.28011
10127.5 54 7.34847
10128.5 69 8.30662
10129.5 54 7.34847
10130.5 51 7.14143
10131.5 60 7.74597
10132.5 55 7.4162
10133.5 56 7.48331
10134.5 60 7.74597
10135.5 49 7
10136.5 58 7.61577
10137.5 64 8
10138.5 65 8.06226
10139.5 64 8
10140.5 55 7.4162
10141.5 47 6.85565
10142.5 49 7
10143.5 58 7.61577
10144.5 70 8.3666
10145.5 54 7.34847
10146.5 55 7.4162
10147.5 61 7.81025
10148.5 53 7.28011
10149.5 50 7.07107
10150.5 63 7.93725
10151.5 59 7.68115
10152.5 51 7.14143
10153.5 57 7.54983
10154.5 50 7.07107
10155.5 41 6.40312
10156.5 50 7.07107
10157.5 65 8.06226
10158.5 67 8.18535
10159.5 49 7
10160.5 58 7.61577
10161.5 50 7.07107
10162.5 57 7.54983
10163.5 53 7.28011
10164.5 54 7.34847
10165.5 53 7.28011
10166.5 55 7.4162
10167.5 66 8.12404
10168.5 65 8.06226
10169.5 59 7.68115
10170.5 57 7.54983
10171.5 47 6.85565
10172.5 46 6.78233
10173.5 51 7.14143
10174.5 63 7.93725
10175.5 59 7.68115
10176.5 54 7.34847
10177.5 62 7.87401
10178.5 43 6.55744
10179.5 48 6.9282
10180.5 51 7.14143
10181.5 61 7.81025
10182.5 49 7
10183.5 54 7.34847
10184.5 43 6.55744
10185.5 66 8.12404
10186.5 53 7.28011
10187.5 53 7.28011
10188.5 45 6.7082
10189.5 52 7.2111
10190.5 59 7.68115
10191.5 48 6.9282
10192.5 56 7.48331
10193.5 44 6.63325
10194.5 55 7.4162
10195.5 37 6.08276
10196.5 59 7.68115
10197.5 56 7.48331
10198.5 65 8.06226
10199.5 64 8
10200.5 53 7.28011
10201.5 65 8.06226
10202.5 51 7.14143
10203.5 56 7.48331
10204.5 57 7.54983
10205.5 58 7.61577
10206.5 59 7.68115
10207.5 55 7.4162
10208.5 58 7.61577
10209.5 47 6.85565
10210.5 49 7
10211.5 56 7.48331
10212.5 49 7
10213.5 45 6.7082
10214.5 48 6.9282
10215.5 46 6.78233
10216.5 50 7.07107
10217.5 52 7.2111
10218.5 38 6.16441
10219.5 57 7.54983
10220.5 51 7.14143
10221.5 65 8.06226
10222.5 50 7.07107
10223.5 60 7.74597
10224.5 53 7.28011
10225.5 42 6.48074
10226.5 50 7.07107
10227.5 56 7.48331
10228.5 46 6.78233
10229.5 62 7.87401
10230.5 42 6.48074
10231.5 73 8.544
10232.5 62 7.87401
10233.5 50 7.07107
10234.5 45 6.7082
10235.5 36 6
10236.5 36 6
10237.5 50 7.07107
10238.5 62 7.87401
10239.5 56 7.48331
10240.5 59 7.68115
10241.5 63 7.93725
10242.5 47 6.85565
10243.5 52 7.2111
10244.5 43 6.55744
10245.5 46 6.78233
10246.5 56 7.48331
10247.5 43 6.55744
10248.5 47 6.85565
10249.5 47 6.85565
10250.5 45 6.7082
10251.5 60 7.74597
10252.5 47 6.85565
10253.5 52 7.2111
10254.5 52 7.2111
10255.5 43 6.55744
10256.5 54 7.34847
10257.5 54 7.34847
10258.5 51 7.14143
10259.5 48 6.9282
10260.5 52 7.2111
10261.5 57 7.54983
10262.5 62 7.87401
10263.5 47 6.85565
10264.5 49 7
10265.5 59 7.68115
10266.5 48 6.9282
10267.5 51 7.14143
10268.5 40 6.32456
10269.5 48 6.9282
10270.5 42 6.48074
10271.5 46 6.78233
10272.5 57 7.54983
10273.5 51 7.14143
10274.5 49 7
10275.5 51 7.14143
10276.5 44 6.63325
10277.5 53 7.28011
10278.5 44 6.63325
10279.5 44 6.63325
10280.5 37 6.08276
10281.5 48 6.9282
10282.5 57 7.54983
10283.5 45 6.7082
10284.5 57 7.54983
10285.5 66 8.12404
10286.5 44 6.63325
10287.5 50 7.07107
10288.5 47 6.85565
10289.5 49 7
10290.5 36 6
10291.5 47 6.85565
10292.5 40 6.32456
10293.5 41 6.40312
10294.5 34 5.83095
10295.5 35 5.91608
10296.5 49 7
10297.5 46 6.78233
10298.5 43 6.55744
10299.5 49 7
10300.5 53 7.28011
10301.5 54 7.34847
10302.5 46 6.78233
10303.5 43 6.55744
10304.5 46 6.78233
10305.5 53 7.28011
10306.5 42 6.48074
10307.5 42 6.48074
10308.5 52 7.2111
10309.5 40 6.32456
10310.5 65 8.06226
10311.5 57 7.54983
10312.5 44 6.63325
10313.5 43 6.55744
10314.5 44 6.63325
10315.5 53 7.28011
10316.5 58 7.61577
10317.5 49 7
10318.5 52 7.2111
10319.5 42 6.48074
10320.5 36 6
10321.5 44 6.63325
10322.5 46 6.78233
10323.5 49 7
10324.5 48 6.9282
10325.5 42 6.48074
10326.5 51 7.14143
10327.5 43 6.55744
10328.5 45 6.7082
10329.5 56 7.48331
10330.5 38 6.16441
10331.5 49 7
10332.5 37 6.08276
10333.5 47 6.85565
10334.5 41 6.40312
10335.5 44 6.63325
10336.5 51 7.14143
10337.5 65 8.06226
10338.5 47 6.85565
10339.5 40 6.32456
10340.5 53 7.28011
10341.5 37 6.08276
10342.5 46 6.78233
10343.5 50 7.07107
10344.5 44 6.63325
10345.5 41 6.40312
10346.5 44 6.63325
10347.5 39 6.245
10348.5 44 6.63325
10349.5 39 6.245
10350.5 51 7.14143
10351.5 43 6.55744
10352.5 44 6.63325
10353.5 49 7
10354.5 44 6.63325
10355.5 50 7.07107
10356.5 43 6.55744
10357.5 47 6.85565
10358.5 46 6.78233
10359.5 46 6.78233
10360.5 50 7.07107
10361.5 31 5.56776
10362.5 46 6.78233
10363.5 54 7.34847
10364.5 45 6.7082
10365.5 45 6.7082
10366.5 56 7.48331
10367.5 29 5.38516
10368.5 33 5.74456
10369.5 33 5.74456
10370.5 45 6.7082
10371.5 46 6.78233
10372.5 41 6.40312
10373.5 35 5.91608
10374.5 34 5.83095
10375.5 35 5.91608
10376.5 42 6.48074
10377.5 46 6.78233
10378.5 47 6.85565
10379.5 51 7.14143
10380.5 35 5.91608
10381.5 67 8.18535
10382.5 42 6.48074
10383.5 35 5.91608
10384.5 43 6.55744
10385.5 41 6.40312
10386.5 39 6.245
10387.5 29 5.38516
10388.5 36 6
10389.5 33 5.74456
10390.5 42 6.48074
10391.5 41 6.40312
10392.5 46 6.78233
10393.5 26 5.09902
10394.5 39 6.245
10395.5 40 6.32456
10396.5 44 6.63325
10397.5 37 6.08276
10398.5 31 5.56776
10399.5 31 5.56776
10400.5 34 5.83095
10401.5 30 5.47723
10402.5 39 6.245
10403.5 49 7
10404.5 38 6.16441
10405.5 34 5.83095
10406.5 46 6.78233
10407.5 43 6.55744
10408.5 39 6.245
10409.5 43 6.55744
10410.5 40 6.32456
10411.5 41 6.40312
10412.5 34 5.83095
10413.5 39 6.245
10414.5 28 5.2915
10415.5 37 6.08276
10416.5 29 5.38516
10417.5 36 6
10418.5 39 6.245
10419.5 31 5.56776
10420.5 36 6
10421.5 38 6.16441
10422.5 41 6.40312
10423.5 40 6.32456
10424.5 37 6.08276
10425.5 39 6.245
10426.5 36 6
10427.5 28 5.2915
10428.5 35 5.91608
10429.5 39 6.245
10430.5 38 6.16441
10431.5 31 5.56776
10432.5 34 5.83095
10433.5 38 6.16441
10434.5 36 6
10435.5 20 4.47214
10436.5 30 5.47723
10437.5 36 6
10438.5 40 6.32456
10439.5 27 5.19615
10440.5 42 6.48074
10441.5 35 5.91608
10442.5 38 6.16441
10443.5 33 5.74456
10444.5 28 5.2915
10445.5 41 6.40312
10446.5 30 5.47723
10447.5 27 5.19615
10448.5 38 6.16441
10449.5 32 5.65685
10450.5 44 6.63325
10451.5 40 6.32456
10452.5 24 4.89898
10453.5 45 6.7082
10454.5 38 6.16441
10455.5 35 5.91608
10456.5 35 5.91608
10457.5 35 5.91608
10458.5 26 5.09902
10459.5 30 5.47723
10460.5 33 5.74456
10461.5 36 6
10462.5 31 5.56776
10463.5 31 5.56776
10464.5 42 6.48074
10465.5 35 5.91608
10466.5 38 6.16441
10467.5 24 4.89898
10468.5 36 6
10469.5 29 5.38516
10470.5 31 5.56776
10471.5 38 6.16441
10472.5 36 6
10473.5 33 5.74456
10474.5 33 5.74456
10475.5 37 6.08276
10476.5 37 6.08276
10477.5 30 5.47723
10478.5 25 5
10479.5 32 5.65685
10480.5 26 5.09902
10481.5 19 4.3589
10482.5 37 6.08276
10483.5 33 5.74456
10484.5 27 5.19615
10485.5 32 5.65685
10486.5 37 6.08276
10487.5 23 4.79583
10488.5 22 4.69042
10489.5 31 5.56776
10490.5 38 6.16441
10491.5 32 5.65685
10492.5 27 5.19615
10493.5 27 5.19615
10494.5 23 4.79583
10495.5 33 5.74456
10496.5 25 5
10497.5 33 5.74456
10498.5 21 4.58258
10499.5 30 5.47723
10500.5 26 5.09902
10501.5 30 5.47723
10502.5 30 5.47723
10503.5 24 4.89898
10504.5 25 5
10505.5 27 5.19615
10506.5 34 5.83095
10507.5 32 5.65685
10508.5 28 5.2915
10509.5 24 4.89898
10510.5 42 6.48074
10511.5 25 5
10512.5 26 5.09902
10513.5 20 4.47214
10514.5 35 5.91608
10515.5 19 4.3589
10516.5 28 5.2915
10517.5 26 5.09902
10518.5 37 6.08276
10519.5 24 4.89898
10520.5 27 5.19615
10521.5 24 4.89898
10522.5 32 5.65685
10523.5 22 4.69042
10524.5 29 5.38516
10525.5 22 4.69042
10526.5 25 5
10527.5 27 5.19615
10528.5 19 4.3589
10529.5 24 4.89898
10530.5 23 4.79583
10531.5 21 4.58258
10532.5 27 5.19615
10533.5 33 5.74456
10534.5 30 5.47723
10535.5 16 4
10536.5 25 5
10537.5 28 5.2915
10538.5 19 4.3589
10539.5 25 5
10540.5 28 5.2915
10541.5 38 6.16441
10542.5 28 5.2915
10543.5 35 5.91608
10544.5 15 3.87298
10545.5 26 5.09902
10546.5 31 5.56776
10547.5 35 5.91608
10548.5 21 4.58258
10549.5 25 5
10550.5 26 5.09902
10551.5 23 4.79583
10552.5 21 4.58258
10553.5 30 5.47723
10554.5 26 5.09902
10555.5 31 5.56776
10556.5 21 4.58258
10557.5 19 4.3589
10558.5 21 4.58258
10559.5 31 5.56776
10560.5 13 3.60555
10561.5 26 5.09902
10562.5 21 4.58258
10563.5 16 4
10564.5 28 5.2915
10565.5 25 5
10566.5 19 4.3589
10567.5 20 4.47214
10568.5 32 5.65685
10569.5 23 4.79583
10570.5 26 5.09902
10571.5 20 4.47214
10572.5 15 3.87298
10573.5 28 5.2915
10574.5 23 4.79583
10575.5 32 5.65685
10576.5 32 5.65685
10577.5 27 5.19615
10578.5 27 5.19615
10579.5 23 4.79583
10580.5 25 5
10581.5 25 5
10582.5 20 4.47214
10583.5 27 5.19615
10584.5 27 5.19615
10585.5 25 5
10586.5 19 4.3589
10587.5 21 4.58258
10588.5 21 4.58258
10589.5 17 4.12311
10590.5 28 5.2915
10591.5 19 4.3589
10592.5 19 4.3589
10593.5 16 4
10594.5 19 4.3589
10595.5 28 5.2915
10596.5 20 4.47214
10597.5 22 4.69042
10598.5 24 4.89898
10599.5 23 4.79583
10600.5 25 5
10601.5 32 5.65685
10602.5 27 5.19615
10603.5 17 4.12311
10604.5 32 5.65685
10605.5 31 5.56776
10606.5 20 4.47214
10607.5 19 4.3589
10608.5 16 4
10609.5 17 4.12311
10610.5 22 4.69042
10611.5 21 4.58258
10612.5 18 4.24264
10613.5 14 3.74166
10614.5 16 4
10615.5 14 3.74166
10616.5 15 3.87298
10617.5 21 4.58258
10618.5 23 4.79583
10619.5 14 3.74166
10620.5 25 5
10621.5 18 4.24264
10622.5 17 4.12311
10623.5 24 4.89898
10624.5 14 3.74166
10625.5 16 4
10626.5 13 3.60555
10627.5 14 3.74166
10628.5 24 4.89898
10629.5 18 4.24264
10630.5 14 3.74166
10631.5 23 4.79583
10632.5 15 3.87298
10633.5 19 4.3589
10634.5 26 5.09902
10635.5 14 3.74166
10636.5 12 3.4641
10637.5 14 3.74166
10638.5 18 4.24264
10639.5 13 3.60555
10640.5 21 4.58258
10641.5 17 4.12311
10642.5 22 4.69042
10643.5 17 4.12311
10644.5 12 3.4641
10645.5 16 4
10646.5 24 4.89898
10647.5 12 3.4641
10648.5 21 4.58258
10649.5 19 4.3589
10650.5 18 4.24264
10651.5 19 4.3589
10652.5 11 3.31662
10653.5 17 4.12311
10654.5 26 5.09902
10655.5 25 5
10656.5 16 4
10657.5 20 4.47214
10658.5 15 3.87298
10659.5 14 3.74166
10660.5 20 4.47214
10661.5 16 4
10662.5 14 3.74166
10663.5 19 4.3589
10664.5 12 3.4641
10665.5 18 4.24264
10666.5 20 4.47214
10667.5 20 4.47214
10668.5 20 4.47214
10669.5 16 4
10670.5 24 4.89898
10671.5 15 3.87298
10672.5 17 4.12311
10673.5 16 4
10674.5 23 4.79583
10675.5 20 4.47214
10676.5 12 3.4641
10677.5 16 4
10678.5 15 3.87298
10679.5 14 3.74166
10680.5 12 3.4641
10681.5 17 4.12311
10682.5 27 5.19615
10683.5 16 4
10684.5 16 4
10685.5 13 3.60555
10686.5 18 4.24264
10687.5 20 4.47214
10688.5 13 3.60555
10689.5 10 3.16228
10690.5 18 4.24264
10691.5 22 4.69042
10692.5 22 4.69042
10693.5 16 4
10694.5 14 3.74166
10695.5 17 4.12311
10696.5 15 3.87298
10697.5 14 3.74166
10698.5 15 3.87298
10699.5 18 4.24264
10700.5 20 4.47214
10701.5 15 3.87298
10702.5 17 4.12311
10703.5 18 4.24264
10704.5 20 4.47214
10705.5 17 4.12311
10706.5 14 3.74166
10707.5 23 4.79583
10708.5 11 3.31662
10709.5 13 3.60555
10710.5 14 3.74166
10711.5 17 4.12311
10712.5 13 3.60555
10713.5 24 4.89898
10714.5 15 3.87298
10715.5 14 3.74166
10716.5 16 4
10717.5 23 4.79583
10718.5 15 3.87298
10719.5 20 4.47214
10720.5 21 4.58258
10721.5 18 4.24264
10722.5 18 4.24264
10723.5 18 4.24264
10724.5 17 4.12311
10725.5 14 3.74166
10726.5 16 4
10727.5 13 3.60555
10728.5 17 4.12311
10729.5 16 4
10730.5 14 3.74166
10731.5 15 3.87298
10732.5 15 3.87298
10733.5 21 4.58258
10734.5 12 3.4641
10735.5 16 4
10736.5 7 2.64575
10737.5 21 4.58258
10738.5 21 4.58258
10739.5 24 4.89898
10740.5 21 4.58258
10741.5 12 3.4641
10742.5 18 4.24264
10743.5 16 4
10744.5 14 3.74166
10745.5 23 4.79583
10746.5 13 3.60555
10747.5 16 4
10748.5 14 3.74166
10749.5 17 4.12311
10750.5 14 3.74166
10751.5 11 3.31662
10752.5 20 4.47214
10753.5 15 3.87298
10754.5 9 3
10755.5 12 3.4641
10756.5 16 4
10757.5 10 3.16228
10758.5 17 4.12311
10759.5 13 3.60555
10760.5 16 4
10761.5 22 4.69042
10762.5 16 4
10763.5 19 4.3589
10764.5 10 3.16228
10765.5 17 4.12311
10766.5 21 4.58258
10767.5 17 4.12311
10768.5 7 2.64575
10769.5 16 4
10770.5 9 3
10771.5 14 3.74166
10772.5 15 3.87298
10773.5 11 3.31662
10774.5 20 4.47214
10775.5 10 3.16228
10776.5 16 4
10777.5 11 3.31662
10778.5 10 3.16228
10779.5 15 3.87298
10780.5 10 3.16228
10781.5 17 4.12311
10782.5 13 3.60555
10783.5 17 4.12311
10784.5 13 3.60555
10785.5 9 3
10786.5 14 3.74166
10787.5 10 3.16228
10788.5 15 3.87298
10789.5 9 3
10790.5 14 3.74166
10791.5 18 4.24264
10792.5 7 2.64575
10793.5 11 3.31662
10794.5 18 4.24264
10795.5 14 3.74166
10796.5 14 3.74166
10797.5 13 3.60555
10798.5 14 3.74166
10799.5 15 3.87298
10800.5 17 4.12311
10801.5 12 3.4641
10802.5 12 3.4641
10803.5 12 3.4641
10804.5 12 3.4641
10805.5 10 3.16228
10806.5 12 3.4641
10807.5 16 4
10808.5 18 4.24264
10809.5 17 4.12311
10810.5 14 3.74166
10811.5 12 3.4641
10812.5 19 4.3589
10813.5 11 3.31662
10814.5 14 3.74166
10815.5 16 4
10816.5 13 3.60555
10817.5 17 4.12311
10818.5 9 3
10819.5 13 3.60555
10820.5 11 3.31662
10821.5 17 4.12311
10822.5 19 4.3589
10823.5 19 4.3589
10824.5 14 3.74166
10825.5 8 2.82843
10826.5 17 4.12311
10827.5 5 2.23607
10828.5 10 3.16228
10829.5 12 3.4641
10830.5 16 4
10831.5 15 3.87298
10832.5 18 4.24264
10833.5 6 2.44949
10834.5 14 3.74166
10835.5 15 3.87298
10836.5 15 3.87298
10837.5 9 3
10838.5 15 3.87298
10839.5 17 4.12311
10840.5 12 3.4641
10841.5 11 3.31662
10842.5 20 4.47214
10843.5 14 3.74166
10844.5 11 3.31662
10845.5 14 3.74166
10846.5 12 3.4641
10847.5 16 4
10848.5 17 4.12311
10849.5 13 3.60555
10850.5 16 4
10851.5 12 3.4641
10852.5 14 3.74166
10853.5 10 3.16228
10854.5 15 3.87298
10855.5 11 3.31662
10856.5 13 3.60555
10857.5 7 2.64575
10858.5 16 4
10859.5 13 3.60555
10860.5 13 3.60555
10861.5 12 3.4641
10862.5 10 3.16228
10863.5 15 3.87298
10864.5 14 3.74166
10865.5 13 3.60555
10866.5 10 3.16228
10867.5 14 3.74166
10868.5 14 3.74166
10869.5 17 4.12311
10870.5 9 3
10871.5 11 3.31662
10872.5 17 4.12311
10873.5 12 3.4641
10874.5 15 3.87298
10875.5 16 4
10876.5 16 4
10877.5 7 2.64575
10878.5 16 4
10879.5 14 3.74166
10880.5 14 3.74166
10881.5 10 3.16228
10882.5 15 3.87298
10883.5 10 3.16228
10884.5 15 3.87298
10885.5 11 3.31662
10886.5 13 3.60555
10887.5 12 3.4641
10888.5 14 3.74166
10889.5 16 4
10890.5 15 3.87298
10891.5 7 2.64575
10892.5 7 2.64575
10893.5 9 3
10894.5 13 3.60555
10895.5 13 3.60555
10896.5 12 3.4641
10897.5 10 3.16228
10898.5 12 3.4641
10899.5 14 3.74166
10900.5 17 4.12311
10901.5 13 3.60555
10902.5 13 3.60555
10903.5 13 3.60555
10904.5 16 4
10905.5 14 3.74166
10906.5 15 3.87298
10907.5 12 3.4641
10908.5 17 4.12311
10909.5 14 3.74166
10910.5 12 3.4641
10911.5 6 2.44949
10912.5 15 3.87298
10913.5 13 3.60555
10914.5 16 4
10915.5 12 3.4641
10916.5 10 3.16228
10917.5 9 3
10918.5 11 3.31662
10919.5 14 3.74166
10920.5 9 3
10921.5 13 3.60555
10922.5 15 3.87298
10923.5 14 3.74166
10924.5 7 2.64575
10925.5 9 3
10926.5 16 4
10927.5 13 3.60555
10928.5 13 3.60555
10929.5 16 4
10930.5 10 3.16228
10931.5 11 3.31662
10932.5 17 4.12311
10933.5 9 3
10934.5 9 3
10935.5 14 3.74166
10936.5 14 3.74166
10937.5 15 3.87298
10938.5 17 4.12311
10939.5 20 4.47214
10940.5 11 3.31662
10941.5 15 3.87298
10942.5 14 3.74166
10943.5 18 4.24264
10944.5 10 3.16228
10945.5 16 4
10946.5 17 4.12311
10947.5 7 2.64575
10948.5 18 4.24264
10949.5 17 4.12311
10950.5 5 2.23607
10951.5 12 3.4641
10952.5 10 3.16228
10953.5 14 3.74166
10954.5 11 3.31662
10955.5 11 3.31662
10956.5 14 3.74166
10957.5 7 2.64575
10958.5 6 2.44949
10959.5 12 3.4641
10960.5 10 3.16228
10961.5 18 4.24264
10962.5 10 3.16228
10963.5 20 4.47214
10964.5 13 3.60555
10965.5 11 3.31662
10966.5 8 2.82843
10967.5 9 3
10968.5 13 3.60555
10969.5 12 3.4641
10970.5 9 3
10971.5 14 3.74166
10972.5 8 2.82843
10973.5 9 3
10974.5 10 3.16228
10975.5 12 3.4641
10976.5 10 3.16228
10977.5 20 4.47214
10978.5 11 3.31662
10979.5 10 3.16228
10980.5 12 3.4641
10981.5 15 3.87298
10982.5 11 3.31662
10983.5 10 3.16228
10984.5 8 2.82843
10985.5 14 3.74166
10986.5 15 3.87298
10987.5 11 3.31662
10988.5 14 3.74166
10989.5 13 3.60555
10990.5 11 3.31662
10991.5 12 3.4641
10992.5 6 2.44949
10993.5 13 3.60555
10994.5 14 3.74166
10995.5 7 2.64575
10996.5 13 3.60555
10997.5 10 3.16228
10998.5 16 4
10999.5 7 2.64575
11000.5 11 3.31662
11001.5 12 3.4641
11002.5 6 2.44949
11003.5 14 3.74166
11004.5 12 3.4641
11005.5 15 3.87298
11006.5 13 3.60555
11007.5 14 3.74166
11008.5 16 4
11009.5 10 3.16228
11010.5 15 3.87298
11011.5 14 3.74166
11012.5 11 3.31662
11013.5 13 3.60555
11014.5 11 3.31662
11015.5 12 3.4641
11016.5 12 3.4641
11017.5 11 3.31662
11018.5 9 3
11019.5 11 3.31662
11020.5 9 3
11021.5 7 2.64575
11022.5 12 3.4641
11023.5 12 3.4641
11024.5 9 3
11025.5 12 3.4641
11026.5 16 4
11027.5 17 4.12311
11028.5 11 3.31662
11029.5 8 2.82843
11030.5 14 3.74166
11031.5 9 3
11032.5 12 3.4641
11033.5 14 3.74166
11034.5 13 3.60555
11035.5 12 3.4641
11036.5 7 2.64575
11037.5 11 3.31662
11038.5 16 4
11039.5 19 4.3589
11040.5 11 3.31662
11041.5 9 3
11042.5 10 3.16228
11043.5 17 4.12311
11044.5 4 2
11045.5 8 2.82843
11046.5 13 3.60555
11047.5 12 3.4641
11048.5 16 4
11049.5 10 3.16228
11050.5 16 4
11051.5 18 4.24264
11052.5 13 3.60555
11053.5 15 3.87298
11054.5 16 4
11055.5 19 4.3589
11056.5 13 3.60555
11057.5 12 3.4641
11058.5 14 3.74166
11059.5 15 3.87298
11060.5 13 3.60555
11061.5 12 3.4641
11062.5 20 4.47214
11063.5 16 4
11064.5 15 3.87298
11065.5 12 3.4641
11066.5 15 3.87298
11067.5 25 5
11068.5 15 3.87298
11069.5 14 3.74166
11070.5 20 4.47214
11071.5 15 3.87298
11072.5 21 4.58258
11073.5 15 3.87298
11074.5 17 4.12311
11075.5 26 5.09902
11076.5 18 4.24264
11077.5 14 3.74166
11078.5 16 4
11079.5 23 4.79583
11080.5 19 4.3589
11081.5 22 4.69042
11082.5 20 4.47214
11083.5 23 4.79583
11084.5 31 5.56776
11085.5 22 4.69042
11086.5 24 4.89898
11087.5 29 5.38516
11088.5 40 6.32456
11089.5 28 5.2915
11090.5 30 5.47723
11091.5 40 6.32456
11092.5 53 7.28011
11093.5 40 6.32456
11094.5 38 6.16441
11095.5 47 6.85565
11096.5 40 6.32456
11097.5 52 7.2111
11098.5 59 7.68115
11099.5 75 8.66025
11100.5 65 8.06226
11101.5 66 8.12404
11102.5 70 8.3666
11103.5 50 7.07107
11104.5 76 8.7178
11105.5 72 8.48528
11106.5 65 8.06226
11107.5 86 9.27362
11108.5 76 8.7178
11109.5 71 8.42615
11110.5 83 9.11043
11111.5 82 9.05539
11112.5 97 9.84886
11113.5 102 10.0995
11114.5 123 11.0905
11115.5 108 10.3923
11116.5 133 11.5326
11117.5 116 10.7703
11118.5 134 11.5758
11119.5 141 11.8743
11120.5 133 11.5326
11121.5 133 11.5326
11122.5 146 12.083
11123.5 147 12.1244
11124.5 161 12.6886
11125.5 172 13.1149
11126.5 166 12.8841
11127.5 174 13.1909
11128.5 185 13.6015
11129.5 202 14.2127
11130.5 219 14.7986
11131.5 175 13.2288
11132.5 196 14
11133.5 215 14.6629
11134.5 224 14.9666
11135.5 241 15.5242
11136.5 253 15.906
11137.5 266 16.3095
11138.5 257 16.0312
11139.5 299 17.2916
11140.5 293 17.1172
11141.5 286 16.9115
11142.5 333 18.2483
11143.5 308 17.5499
11144.5 355 18.8414
11145.5 328 18.1108
11146.5 353 18.7883
11147.5 398 19.9499
11148.5 381 19.5192
11149.5 395 19.8746
11150.5 395 19.8746
11151.5 393 19.8242
11152.5 462 21.4942
11153.5 451 21.2368
11154.5 468 21.6333
11155.5 443 21.0476
11156.5 463 21.5174
11157.5 525 22.9129
11158.5 524 22.891
11159.5 497 22.2935
11160.5 599 24.4745
11161.5 571 23.8956
11162.5 608 24.6577
11163.5 615 24.7992
11164.5 632 25.1396
11165.5 654 25.5734
11166.5 680 26.0768
11167.5 687 26.2107
11168.5 663 25.7488
11169.5 719 26.8142
11170.5 768 27.7128
11171.5 734 27.0924
11172.5 795 28.1957
11173.5 727 26.9629
11174.5 804 28.3549
11175.5 774 27.8209
11176.5 849 29.1376
11177.5 850 29.1548
11178.5 887 29.7825
11179.5 839 28.9655
11180.5 848 29.1204
11181.5 854 29.2233
11182.5 862 29.3598
11183.5 904 30.0666
11184.5 883 29.7153
11185.5 897 29.95
11186.5 946 30.7571
11187.5 924 30.3974
11188.5 904 30.0666
11189.5 881 29.6816
11190.5 860 29.3258
11191.5 883 29.7153
11192.5 834 28.8791
11193.5 830 28.8097
11194.5 797 28.2312
11195.5 828 28.775
11196.5 818 28.6007
11197.5 753 27.4408
11198.5 725 26.9258
11199.5 713 26.7021
11200.5 651 25.5147
11201.5 691 26.2869
11202.5 615 24.7992
11203.5 559 23.6432
11204.5 659 25.671
11205.5 571 23.8956
11206.5 549 23.4307
11207.5 566 23.7908
11208.5 498 22.3159
11209.5 457 21.3776
11210.5 524 22.891
11211.5 429 20.7123
11212.5 434 20.8327
11213.5 404 20.0998
11214.5 421 20.5183
11215.5 405 20.1246
11216.5 349 18.6815
11217.5 360 18.9737
11218.5 366 19.1311
11219.5 375 19.3649
11220.5 328 18.1108
11221.5 316 17.7764
11222.5 317 17.8045
11223.5 293 17.1172
11224.5 276 16.6132
11225.5 264 16.2481
11226.5 241 15.5242
11227.5 253 15.906
11228.5 242 15.5563
11229.5 212 14.5602
11230.5 202 14.2127
11231.5 215 14.6629
11232.5 230 15.1658
11233.5 207 14.3875
11234.5 191 13.8203
11235.5 185 13.6015
11236.5 179 13.3791
11237.5 191 13.8203
11238.5 136 11.6619
11239.5 148 12.1655
11240.5 166 12.8841
11241.5 146 12.083
11242.5 133 11.5326
11243.5 153 12.3693
11244.5 122 11.0454
11245.5 130 11.4018
11246.5 119 10.9087
11247.5 119 10.9087
11248.5 115 10.7238
11249.5 99 9.94987
11250.5 96 9.79796
11251.5 97 9.84886
11252.5 110 10.4881
11253.5 95 9.74679
11254.5 86 9.27362
11255.5 100 10
11256.5 72 8.48528
11257.5 87 9.32738
11258.5 89 9.43398
11259.5 69 8.30662
11260.5 82 9.05539
11261.5 82 9.05539
11262.5 63 7.93725
11263.5 53 7.28011
11264.5 61 7.81025
11265.5 56 7.48331
11266.5 71 8.42615
11267.5 63 7.93725
11268.5 49 7
11269.5 53 7.28011
11270.5 49 7
11271.5 54 7.34847
11272.5 49 7
11273.5 51 7.14143
11274.5 34 5.83095
11275.5 45 6.7082
11276.5 33 5.74456
11277.5 34 5.83095
11278.5 27 5.19615
11279.5 31 5.56776
11280.5 33 5.74456
11281.5 26 5.09902
11282.5 28 5.2915
11283.5 22 4.69042
11284.5 29 5.38516
11285.5 32 5.65685
11286.5 28 5.2915
11287.5 27 5.19615
11288.5 16 4
11289.5 14 3.74166
11290.5 21 4.58258
11291.5 20 4.47214
11292.5 20 4.47214
11293.5 14 3.74166
11294.5 24 4.89898
11295.5 23 4.79583
11296.5 14 3.74166
11297.5 15 3.87298
11298.5 14 3.74166
11299.5 19 4.3589
11300.5 16 4
11301.5 21 4.58258
11302.5 11 3.31662
11303.5 22 4.69042
11304.5 17 4.12311
11305.5 14 3.74166
11306.5 12 3.4641
11307.5 17 4.12311
11308.5 12 3.4641
11309.5 12 3.4641
11310.5 16 4
11311.5 17 4.12311
11312.5 12 3.4641
11313.5 15 3.87298
11314.5 4 2
11315.5 11 3.31662
11316.5 11 3.31662
11317.5 14 3.74166
11318.5 15 3.87298
11319.5 14 3.74166
11320.5 10 3.16228
11321.5 4 2
11322.5 12 3.4641
11323.5 10 3.16228
11324.5 9 3
11325.5 13 3.60555
11326.5 11 3.31662
11327.5 9 3
11328.5 8 2.82843
11329.5 12 3.4641
11330.5 11 3.31662
11331.5 16 4
11332.5 12 3.4641
11333.5 8 2.82843
11334.5 15 3.87298
11335.5 9 3
11336.5 10 3.16228
11337.5 5 2.23607
11338.5 11 3.31662
11339.5 14 3.74166
11340.5 8 2.82843
11341.5 9 3
11342.5 8 2.82843
11343.5 11 3.31662
11344.5 4 2
11345.5 13 3.60555
11346.5 7 2.64575
11347.5 6 2.44949
11348.5 8 2.82843
11349.5 9 3
11350.5 4 2
11351.5 7 2.64575
11352.5 7 2.64575
11353.5 11 3.31662
11354.5 4 2
11355.5 6 2.44949
11356.5 5 2.23607
11357.5 6 2.44949
11358.5 9 3
11359.5 8 2.82843
11360.5 8 2.82843
11361.5 4 2
11362.5 6 2.44949
11363.5 4 2
11364.5 7 2.64575
11365.5 5 2.23607
11366.5 9 3
11367.5 10 3.16228
11368.5 8 2.82843
11369.5 6 2.44949
11370.5 10 3.16228
11371.5 5 2.23607
11372.5 13 3.60555
11373.5 5 2.23607
11374.5 8 2.82843
11375.5 8 2.82843
11376.5 9 3
11377.5 9 3
11378.5 6 2.44949
11379.5 4 2
11380.5 2 1.41421
11381.5 4 2
11382.5 3 1.73205
11383.5 5 2.23607
11384.5 7 2.64575
11385.5 5 2.23607
11386.5 4 2
11387.5 10 3.16228
11388.5 5 2.23607
11389.5 6 2.44949
11390.5 2 1.41421
11391.5 6 2.44949
11392.5 6 2.44949
11393.5 9 3
11394.5 7 2.64575
11395.5 11 3.31662
11396.5 6 2.44949
11397.5 6 2.44949
11398.5 6 2.44949
11399.5 4 2
11400.5 4 2
11401.5 4 2
11402.5 4 2
11403.5 8 2.82843
11404.5 5 2.23607
11405.5 6 2.44949
11406.5 4 2
11407.5 8 2.82843
11408.5 3 1.73205
11409.5 3 1.73205
11410.5 6 2.44949
11411.5 4 2
11412.5 5 2.23607
11413.5 1 1
11414.5 6 2.44949
11415.5 7 2.64575
11416.5 5 2.23607
11417.5 2 1.41421
11418.5 5 2.23607
11419.5 3 1.73205
11420.5 6 2.44949
11421.5 2 1.41421
11422.5 8 2.82843
11423.5 9 3
11424.5 9 3
11425.5 7 2.64575
11426.5 9 3
11427.5 6 2.44949
11428.5 11 3.31662
11429.5 6 2.44949
11430.5 5 2.23607
11431.5 10 3.16228
11432.5 6 2.44949
11433.5 4 2
11434.5 6 2.44949
11435.5 3 1.73205
11436.5 4 2
11437.5 8 2.82843
11438.5 3 1.73205
11439.5 12 3.4641
11440.5 6 2.44949
11441.5 6 2.44949
11442.5 5 2.23607
11443.5 5 2.23607
11444.5 5 2.23607
11445.5 7 2.64575
11446.5 5 2.23607
11447.5 4 2
11448.5 10 3.16228
11449.5 7 2.64575
11450.5 8 2.82843
11451.5 10 3.16228
11452.5 7 2.64575
11453.5 10 3.16228
11454.5 5 2.23607
11455.5 10 3.16228
11456.5 4 2
11457.5 9 3
11458.5 3 1.73205
11459.5 8 2.82843
11460.5 6 2.44949
11461.5 8 2.82843
11462.5 6 2.44949
11463.5 14 3.74166
11464.5 8 2.82843
11465.5 11 3.31662
11466.5 9 3
11467.5 15 3.87298
11468.5 11 3.31662
11469.5 8 2.82843
11470.5 11 3.31662
11471.5 10 3.16228
11472.5 8 2.82843
11473.5 6 2.44949
11474.5 13 3.60555
11475.5 8 2.82843
11476.5 9 3
11477.5 13 3.60555
11478.5 14 3.74166
11479.5 15 3.87298
11480.5 10 3.16228
11481.5 9 3
11482.5 13 3.60555
11483.5 7 2.64575
11484.5 13 3.60555
11485.5 7 2.64575
11486.5 15 3.87298
11487.5 11 3.31662
11488.5 6 2.44949
11489.5 8 2.82843
11490.5 9 3
11491.5 15 3.87298
11492.5 11 3.31662
11493.5 7 2.64575
11494.5 9 3
11495.5 10 3.16228
11496.5 7 2.64575
11497.5 7 2.64575
11498.5 10 3.16228
11499.5 12 3.4641
11500.5 5 2.23607
11501.5 7 2.64575
11502.5 16 4
11503.5 7 2.64575
11504.5 11 3.31662
11505.5 8 2.82843
11506.5 5 2.23607
11507.5 10 3.16228
11508.5 9 3
11509.5 9 3
11510.5 7 2.64575
11511.5 11 3.31662
11512.5 6 2.44949
11513.5 7 2.64575
11514.5 11 3.31662
11515.5 2 1.41421
11516.5 4 2
11517.5 7 2.64575
11518.5 4 2
11519.5 6 2.44949
11520.5 6 2.44949
11521.5 11 3.31662
11522.5 5 2.23607
11523.5 7 2.64575
11524.5 2 1.41421
11525.5 6 2.44949
11526.5 7 2.64575
11527.5 10 3.16228
11528.5 4 2
11529.5 5 2.23607
11530.5 7 2.64575
11531.5 8 2.82843
11532.5 3 1.73205
11533.5 7 2.64575
11534.5 6 2.44949
11535.5 7 2.64575
11536.5 12 3.4641
11537.5 8 2.82843
11538.5 5 2.23607
11539.5 6 2.44949
11540.5 7 2.64575
11541.5 2 1.41421
11542.5 3 1.73205
11543.5 8 2.82843
11544.5 9 3
11545.5 3 1.73205
11546.5 4 2
11547.5 7 2.64575
11548.5 12 3.4641
11549.5 8 2.82843
11550.5 6 2.44949
11551.5 6 2.44949
11552.5 5 2.23607
11553.5 1 1
11554.5 5 2.23607
11555.5 7 2.64575
11556.5 5 2.23607
11557.5 3 1.73205
11558.5 7 2.64575
11559.5 8 2.82843
11560.5 8 2.82843
11561.5 3 1.73205
11562.5 6 2.44949
11563.5 6 2.44949
11564.5 9 3
11565.5 6 2.44949
11566.5 7 2.64575
11567.5 9 3
11568.5 8 2.82843
11569.5 8 2.82843
11570.5 5 2.23607
11571.5 3 1.73205
11572.5 4 2
11573.5 6 2.44949
11574.5 10 3.16228
11575.5 5 2.23607
11576.5 1 1
11577.5 5 2.23607
11578.5 11 3.31662
11579.5 4 2
11580.5 8 2.82843
11581.5 6 2.44949
11582.5 9 3
11583.5 6 2.44949
11584.5 0 0
11585.5 12 3.4641
11586.5 5 2.23607
11587.5 6 2.44949
11588.5 5 2.23607
11589.5 8 2.82843
11590.5 8 2.82843
11591.5 7 2.64575
11592.5 7 2.64575
11593.5 6 2.44949
11594.5 10 3.16228
11595.5 5 2.23607
11596.5 3 1.73205
11597.5 4 2
11598.5 5 2.23607
11599.5 3 1.73205
11600.5 5 2.23607
11601.5 5 2.23607
11602.5 6 2.44949
11603.5 6 2.44949
11604.5 9 3
11605.5 1 1
11606.5 3 1.73205
11607.5 6 2.44949
11608.5 6 2.44949
11609.5 5 2.23607
11610.5 2 1.41421
11611.5 2 1.41421
11612.5 3 1.73205
11613.5 9 3
11614.5 8 2.82843
11615.5 5 2.23607
11616.5 1 1
11617.5 5 2.23607
11618.5 7 2.64575
11619.5 7 2.64575
11620.5 8 2.82843
11621.5 5 2.23607
11622.5 5 2.23607
11623.5 7 2.64575
11624.5 6 2.44949
11625.5 5 2.23607
11626.5 5 2.23607
11627.5 3 1.73205
11628.5 9 3
11629.5 9 3
11630.5 7 2.64575
11631.5 4 2
11632.5 3 1.73205
11633.5 7 2.64575
11634.5 3 1.73205
11635.5 3 1.73205
11636.5 4 2
11637.5 1 1
11638.5 8 2.82843
11639.5 7 2.64575
11640.5 7 2.64575
11641.5 8 2.82843
11642.5 7 2.64575
11643.5 14 3.74166
11644.5 3 1.73205
11645.5 5 2.23607
11646.5 5 2.23607
11647.5 8 2.82843
11648.5 7 2.64575
11649.5 5 2.23607
11650.5 2 1.41421
11651.5 10 3.16228
11652.5 12 3.4641
11653.5 8 2.82843
11654.5 6 2.44949
11655.5 8 2.82843
11656.5 6 2.44949
11657.5 4 2
11658.5 2 1.41421
11659.5 5 2.23607
11660.5 6 2.44949
11661.5 6 2.44949
11662.5 8 2.82843
11663.5 7 2.64575
11664.5 6 2.44949
11665.5 3 1.73205
11666.5 8 2.82843
11667.5 10 3.16228
11668.5 9 3
11669.5 3 1.73205
11670.5 5 2.23607
11671.5 5 2.23607
11672.5 4 2
11673.5 3 1.73205
11674.5 4 2
11675.5 5 2.23607
11676.5 4 2
11677.5 9 3
11678.5 7 2.64575
11679.5 3 1.73205
11680.5 8 2.82843
11681.5 8 2.82843
11682.5 2 1.41421
11683.5 5 2.23607
11684.5 6 2.44949
11685.5 2 1.41421
11686.5 5 2.23607
11687.5 2 1.41421
11688.5 6 2.44949
11689.5 5 2.23607
11690.5 3 1.73205
11691.5 4 2
11692.5 6 2.44949
11693.5 4 2
11694.5 2 1.41421
11695.5 2 1.41421
11696.5 8 2.82843
11697.5 5 2.23607
11698.5 8 2.82843
11699.5 9 3
11700.5 8 2.82843
11701.5 4 2
11702.5 4 2
11703.5 10 3.16228
11704.5 6 2.44949
11705.5 6 2.44949
11706.5 6 2.44949
11707.5 4 2
11708.5 10 3.16228
11709.5 7 2.64575
11710.5 6 2.44949
11711.5 4 2
11712.5 8 2.82843
11713.5 5 2.23607
11714.5 12 3.4641
11715.5 4 2
11716.5 2 1.41421
11717.5 5 2.23607
11718.5 3 1.73205
11719.5 6 2.44949
11720.5 5 2.23607
11721.5 5 2.23607
11722.5 9 3
11723.5 6 2.44949
11724.5 6 2.44949
11725.5 6 2.44949
11726.5 3 1.73205
11727.5 5 2.23607
11728.5 6 2.44949
11729.5 5 2.23607
11730.5 7 2.64575
11731.5 2 1.41421
11732.5 8 2.82843
11733.5 4 2
11734.5 2 1.41421
11735.5 4 2
11736.5 4 2
11737.5 7 2.64575
11738.5 3 1.73205
11739.5 1 1
11740.5 4 2
11741.5 5 2.23607
11742.5 4 2
11743.5 8 2.82843
11744.5 7 2.64575
11745.5 5 2.23607
11746.5 4 2
11747.5 3 1.73205
11748.5 11 3.31662
11749.5 2 1.41421
11750.5 6 2.44949
11751.5 8 2.82843
11752.5 6 2.44949
11753.5 4 2
11754.5 5 2.23607
11755.5 5 2.23607
11756.5 5 2.23607
11757.5 8 2.82843
11758.5 6 2.44949
11759.5 6 2.44949
11760.5 8 2.82843
11761.5 8 2.82843
11762.5 3 1.73205
11763.5 7 2.64575
11764.5 11 3.31662
11765.5 3 1.73205
11766.5 2 1.41421
11767.5 5 2.23607
11768.5 4 2
11769.5 5 2.23607
11770.5 8 2.82843
11771.5 4 2
11772.5 6 2.44949
11773.5 2 1.41421
11774.5 6 2.44949
11775.5 4 2
11776.5 3 1.73205
11777.5 2 1.41421
11778.5 5 2.23607
11779.5 6 2.44949
11780.5 7 2.64575
11781.5 9 3
11782.5 7 2.64575
11783.5 7 2.64575
11784.5 5 2.23607
11785.5 3 1.73205
11786.5 3 1.73205
11787.5 9 3
11788.5 2 1.41421
11789.5 8 2.82843
11790.5 7 2.64575
11791.5 10 3.16228
11792.5 5 2.23607
11793.5 4 2
11794.5 3 1.73205
11795.5 7 2.64575
11796.5 2 1.41421
11797.5 6 2.44949
11798.5 5 2.23607
11799.5 13 3.60555
11800.5 3 1.73205
11801.5 5 2.23607
11802.5 5 2.23607
11803.5 9 3
11804.5 1 1
11805.5 4 2
11806.5 5 2.23607
11807.5 7 2.64575
11808.5 9 3
11809.5 4 2
11810.5 3 1.73205
11811.5 5 2.23607
11812.5 3 1.73205
11813.5 8 2.82843
11814.5 5 2.23607
11815.5 7 2.64575
11816.5 3 1.73205
11817.5 7 2.64575
11818.5 1 1
11819.5 4 2
11820.5 4 2
11821.5 7 2.64575
11822.5 6 2.44949
11823.5 5 2.23607
11824.5 1 1
11825.5 5 2.23607
11826.5 2 1.41421
11827.5 5 2.23607
11828.5 8 2.82843
11829.5 5 2.23607
11830.5 4 2
11831.5 9 3
11832.5 3 1.73205
11833.5 5 2.23607
11834.5 4 2
11835.5 7 2.64575
11836.5 7 2.64575
11837.5 2 1.41421
11838.5 7 2.64575
11839.5 5 2.23607
11840.5 5 2.23607
11841.5 5 2.23607
11842.5 3 1.73205
11843.5 3 1.73205
11844.5 5 2.23607
11845.5 4 2
11846.5 5 2.23607
11847.5 7 2.64575
11848.5 4 2
11849.5 5 2.23607
11850.5 5 2.23607
11851.5 6 2.44949
11852.5 6 2.44949
11853.5 8 2.82843
11854.5 5 2.23607
11855.5 6 2.44949
11856.5 5 2.23607
11857.5 5 2.23607
11858.5 4 2
11859.5 5 2.23607
11860.5 6 2.44949
11861.5 7 2.64575
11862.5 6 2.44949
11863.5 9 3
11864.5 4 2
11865.5 4 2
11866.5 1 1
11867.5 6 2.44949
11868.5 7 2.64575
11869.5 3 1.73205
11870.5 7 2.64575
11871.5 3 1.73205
11872.5 6 2.44949
11873.5 6 2.44949
11874.5 5 2.23607
11875.5 4 2
11876.5 7 2.64575
11877.5 5 2.23607
11878.5 5 2.23607
11879.5 5 2.23607
11880.5 4 2
11881.5 1 1
11882.5 5 2.23607
11883.5 7 2.64575
11884.5 4 2
11885.5 5 2.23607
11886.5 4 2
11887.5 5 2.23607
11888.5 9 3
11889.5 5 2.23607
11890.5 3 1.73205
11891.5 11 3.31662
11892.5 6 2.44949
11893.5 2 1.41421
11894.5 1 1
11895.5 7 2.64575
11896.5 7 2.64575
11897.5 6 2.44949
11898.5 3 1.73205
11899.5 10 3.16228
11900.5 3 1.73205
11901.5 4 2
11902.5 10 3.16228
11903.5 3 1.73205
11904.5 5 2.23607
11905.5 3 1.73205
11906.5 2 1.41421
11907.5 6 2.44949
11908.5 5 2.23607
11909.5 6 2.44949
11910.5 5 2.23607
11911.5 6 2.44949
11912.5 7 2.64575
11913.5 8 2.82843
11914.5 9 3
11915.5 4 2
11916.5 2 1.41421
11917.5 9 3
11918.5 3 1.73205
11919.5 7 2.64575
11920.5 5 2.23607
11921.5 7 2.64575
11922.5 6 2.44949
11923.5 8 2.82843
11924.5 7 2.64575
11925.5 7 2.64575
11926.5 5 2.23607
11927.5 1 1
11928.5 5 2.23607
11929.5 6 2.44949
11930.5 7 2.64575
11931.5 5 2.23607
11932.5 6 2.44949
11933.5 5 2.23607
11934.5 6 2.44949
11935.5 7 2.64575
11936.5 3 1.73205
11937.5 4 2
11938.5 5 2.23607
11939.5 3 1.73205
11940.5 6 2.44949
11941.5 4 2
11942.5 5 2.23607
11943.5 4 2
11944.5 3 1.73205
11945.5 6 2.44949
11946.5 8 2.82843
11947.5 9 3
11948.5 7 2.64575
11949.5 5 2.23607
11950.5 10 3.16228
11951.5 4 2
11952.5 4 2
11953.5 3 1.73205
11954.5 5 2.23607
11955.5 4 2
11956.5 9 3
11957.5 1 1
11958.5 5 2.23607
11959.5 3 1.73205
11960.5 1 1
11961.5 4 2
11962.5 4 2
11963.5 2 1.41421
11964.5 2 1.41421
11965.5 2 1.41421
11966.5 2 1.41421
11967.5 9 3
11968.5 5 2.23607
11969.5 3 1.73205
11970.5 6 2.44949
11971.5 7 2.64575
11972.5 6 2.44949
11973.5 6 2.44949
11974.5 8 2.82843
11975.5 5 2.23607
11976.5 1 1
11977.5 5 2.23607
11978.5 5 2.23607
11979.5 5 2.23607
11980.5 4 2
11981.5 5 2.23607
11982.5 5 2.23607
11983.5 5 2.23607
11984.5 4 2
11985.5 6 2.44949
11986.5 3 1.73205
11987.5 4 2
11988.5 7 2.64575
11989.5 6 2.44949
11990.5 8 2.82843
11991.5 4 2
11992.5 6 2.44949
11993.5 4 2
11994.5 6 2.44949
11995.5 6 2.44949
11996.5 4 2
11997.5 6 2.44949
11998.5 7 2.64575
11999.5 4 2
12000.5 4 2
12001.5 1 1
12002.5 3 1.73205
12003.5 3 1.73205
12004.5 2 1.41421
12005.5 6 2.44949
12006.5 5 2.23607
12007.5 7 2.64575
12008.5 9 3
12009.5 1 1
12010.5 6 2.44949
12011.5 4 2
12012.5 3 1.73205
12013.5 4 2
12014.5 4 2
12015.5 4 2
12016.5 8 2.82843
12017.5 7 2.64575
12018.5 6 2.44949
12019.5 4 2
12020.5 10 3.16228
12021.5 6 2.44949
12022.5 8 2.82843
12023.5 5 2.23607
12024.5 4 2
12025.5 6 2.44949
12026.5 1 1
12027.5 4 2
12028.5 4 2
12029.5 9 3
12030.5 9 3
12031.5 5 2.23607
12032.5 4 2
12033.5 3 1.73205
12034.5 5 2.23607
12035.5 2 1.41421
12036.5 5 2.23607
12037.5 6 2.44949
12038.5 8 2.82843
12039.5 1 1
12040.5 8 2.82843
12041.5 3 1.73205
12042.5 6 2.44949
12043.5 1 1
12044.5 1 1
12045.5 6 2.44949
12046.5 6 2.44949
12047.5 7 2.64575
12048.5 4 2
12049.5 8 2.82843
12050.5 3 1.73205
12051.5 8 2.82843
12052.5 5 2.23607
12053.5 3 1.73205
12054.5 8 2.82843
12055.5 10 3.16228
12056.5 7 2.64575
12057.5 2 1.41421
12058.5 3 1.73205
12059.5 9 3
12060.5 9 3
12061.5 3 1.73205
12062.5 4 2
12063.5 6 2.44949
12064.5 3 1.73205
12065.5 5 2.23607
12066.5 6 2.44949
12067.5 5 2.23607
12068.5 5 2.23607
12069.5 10 3.16228
12070.5 11 3.31662
12071.5 5 2.23607
12072.5 4 2
12073.5 8 2.82843
12074.5 9 3
12075.5 6 2.44949
12076.5 6 2.44949
12077.5 5 2.23607
12078.5 3 1.73205
12079.5 5 2.23607
12080.5 10 3.16228
12081.5 4 2
12082.5 3 1.73205
12083.5 4 2
12084.5 4 2
12085.5 7 2.64575
12086.5 7 2.64575
12087.5 3 1.73205
12088.5 4 2
12089.5 3 1.73205
12090.5 5 2.23607
12091.5 4 2
12092.5 6 2.44949
12093.5 6 2.44949
12094.5 10 3.16228
12095.5 4 2
12096.5 6 2.44949
12097.5 6 2.44949
12098.5 7 2.64575
12099.5 8 2.82843
12100.5 8 2.82843
12101.5 3 1.73205
12102.5 6 2.44949
12103.5 5 2.23607
12104.5 4 2
12105.5 4 2
12106.5 1 1
12107.5 4 2
12108.5 5 2.23607
12109.5 3 1.73205
12110.5 7 2.64575
12111.5 5 2.23607
12112.5 6 2.44949
12113.5 4 2
12114.5 5 2.23607
12115.5 4 2
12116.5 9 3
12117.5 4 2
12118.5 8 2.82843
12119.5 6 2.44949
12120.5 6 2.44949
12121.5 9 3
12122.5 3 1.73205
12123.5 6 2.44949
12124.5 5 2.23607
12125.5 0 0
12126.5 7 2.64575
12127.5 9 3
12128.5 8 2.82843
12129.5 7 2.64575
12130.5 3 1.73205
12131.5 4 2
12132.5 6 2.44949
12133.5 7 2.64575
12134.5 5 2.23607
12135.5 5 2.23607
12136.5 8 2.82843
12137.5 10 3.16228
12138.5 9 3
12139.5 3 1.73205
12140.5 5 2.23607
12141.5 8 2.82843
12142.5 4 2
12143.5 5 2.23607
12144.5 7 2.64575
12145.5 5 2.23607
12146.5 6 2.44949
12147.5 6 2.44949
12148.5 4 2
12149.5 3 1.73205
12150.5 9 3
12151.5 3 1.73205
12152.5 9 3
12153.5 3 1.73205
12154.5 8 2.82843
12155.5 9 3
12156.5 6 2.44949
12157.5 3 1.73205
12158.5 8 2.82843
12159.5 1 1
12160.5 4 2
12161.5 12 3.4641
12162.5 8 2.82843
12163.5 6 2.44949
12164.5 7 2.64575
12165.5 4 2
12166.5 9 3
12167.5 6 2.44949
12168.5 4 2
12169.5 6 2.44949
12170.5 5 2.23607
12171.5 6 2.44949
12172.5 6 2.44949
12173.5 6 2.44949
12174.5 2 1.41421
12175.5 9 3
12176.5 2 1.41421
12177.5 10 3.16228
12178.5 5 2.23607
12179.5 5 2.23607
12180.5 12 3.4641
12181.5 8 2.82843
12182.5 4 2
12183.5 6 2.44949
12184.5 3 1.73205
12185.5 6 2.44949
12186.5 6 2.44949
12187.5 2 1.41421
12188.5 4 2
12189.5 4 2
12190.5 7 2.64575
12191.5 7 2.64575
12192.5 6 2.44949
12193.5 6 2.44949
12194.5 5 2.23607
12195.5 7 2.64575
12196.5 6 2.44949
12197.5 7 2.64575
12198.5 4 2
12199.5 4 2
12200.5 6 2.44949
12201.5 6 2.44949
12202.5 7 2.64575
12203.5 2 1.41421
12204.5 3 1.73205
12205.5 5 2.23607
12206.5 6 2.44949
12207.5 7 2.64575
12208.5 10 3.16228
12209.5 6 2.44949
12210.5 6 2.44949
12211.5 4 2
12212.5 7 2.64575
12213.5 4 2
12214.5 7 2.64575
12215.5 8 2.82843
12216.5 3 1.73205
12217.5 6 2.44949
12218.5 2 1.41421
12219.5 7 2.64575
12220.5 6 2.44949
12221.5 1 1
12222.5 5 2.23607
12223.5 2 1.41421
12224.5 3 1.73205
12225.5 5 2.23607
12226.5 5 2.23607
12227.5 5 2.23607
12228.5 7 2.64575
12229.5 5 2.23607
12230.5 3 1.73205
12231.5 12 3.4641
12232.5 7 2.64575
12233.5 10 3.16228
12234.5 10 3.16228
12235.5 9 3
12236.5 5 2.23607
12237.5 9 3
12238.5 11 3.31662
12239.5 5 2.23607
12240.5 6 2.44949
12241.5 10 3.16228
12242.5 8 2.82843
12243.5 6 2.44949
12244.5 5 2.23607
12245.5 6 2.44949
12246.5 11 3.31662
12247.5 6 2.44949
12248.5 5 2.23607
12249.5 5 2.23607
12250.5 2 1.41421
12251.5 6 2.44949
12252.5 4 2
12253.5 7 2.64575
12254.5 4 2
12255.5 4 2
12256.5 6 2.44949
12257.5 9 3
12258.5 7 2.64575
12259.5 5 2.23607
12260.5 5 2.23607
12261.5 14 3.74166
12262.5 5 2.23607
12263.5 11 3.31662
12264.5 2 1.41421
12265.5 5 2.23607
12266.5 8 2.82843
12267.5 9 3
12268.5 4 2
12269.5 7 2.64575
12270.5 4 2
12271.5 5 2.23607
12272.5 5 2.23607
12273.5 4 2
12274.5 5 2.23607
12275.5 6 2.44949
12276.5 5 2.23607
12277.5 3 1.73205
12278.5 6 2.44949
12279.5 5 2.23607
12280.5 5 2.23607
12281.5 9 3
12282.5 7 2.64575
12283.5 8 2.82843
12284.5 9 3
12285.5 5 2.23607
12286.5 6 2.44949
12287.5 8 2.82843
12288.5 5 2.23607
12289.5 8 2.82843
12290.5 2 1.41421
12291.5 7 2.64575
12292.5 2 1.41421
12293.5 9 3
12294.5 3 1.73205
12295.5 4 2
12296.5 8 2.82843
12297.5 4 2
12298.5 12 3.4641
12299.5 7 2.64575
12300.5 7 2.64575
12301.5 6 2.44949
12302.5 11 3.31662
12303.5 5 2.23607
12304.5 7 2.64575
12305.5 4 2
12306.5 10 3.16228
12307.5 5 2.23607
12308.5 8 2.82843
12309.5 2 1.41421
12310.5 7 2.64575
12311.5 6 2.44949
12312.5 8 2.82843
12313.5 7 2.64575
12314.5 6 2.44949
12315.5 6 2.44949
12316.5 11 3.31662
12317.5 8 2.82843
12318.5 8 2.82843
12319.5 5 2.23607
12320.5 11 3.31662
12321.5 9 3
12322.5 8 2.82843
12323.5 7 2.64575
12324.5 7 2.64575
12325.5 4 2
12326.5 7 2.64575
12327.5 5 2.23607
12328.5 7 2.64575
12329.5 3 1.73205
12330.5 5 2.23607
12331.5 7 2.64575
12332.5 5 2.23607
12333.5 15 3.87298
12334.5 7 2.64575
12335.5 4 2
12336.5 5 2.23607
12337.5 6 2.44949
12338.5 4 2
12339.5 6 2.44949
12340.5 8 2.82843
12341.5 6 2.44949
12342.5 4 2
12343.5 5 2.23607
12344.5 9 3
12345.5 4 2
12346.5 8 2.82843
12347.5 7 2.64575
12348.5 1 1
12349.5 4 2
12350.5 9 3
12351.5 1 1
12352.5 5 2.23607
12353.5 3 1.73205
12354.5 7 2.64575
12355.5 7 2.64575
12356.5 6 2.44949
12357.5 3 1.73205
12358.5 3 1.73205
12359.5 4 2
12360.5 9 3
12361.5 6 2.44949
12362.5 3 1.73205
12363.5 8 2.82843
12364.5 9 3
12365.5 7 2.64575
12366.5 4 2
12367.5 11 3.31662
12368.5 4 2
12369.5 8 2.82843
12370.5 3 1.73205
12371.5 5 2.23607
12372.5 6 2.44949
12373.5 4 2
12374.5 9 3
12375.5 6 2.44949
12376.5 3 1.73205
12377.5 3 1.73205
12378.5 1 1
12379.5 10 3.16228
12380.5 5 2.23607
12381.5 5 2.23607
12382.5 9 3
12383.5 6 2.44949
12384.5 4 2
12385.5 5 2.23607
12386.5 6 2.44949
12387.5 4 2
12388.5 5 2.23607
12389.5 6 2.44949
12390.5 7 2.64575
12391.5 4 2
12392.5 5 2.23607
12393.5 8 2.82843
12394.5 7 2.64575
12395.5 6 2.44949
12396.5 4 2
12397.5 10 3.16228
12398.5 11 3.31662
12399.5 9 3
12400.5 6 2.44949
12401.5 4 2
12402.5 9 3
12403.5 8 2.82843
12404.5 10 3.16228
12405.5 3 1.73205
12406.5 10 3.16228
12407.5 3 1.73205
12408.5 6 2.44949
12409.5 3 1.73205
12410.5 6 2.44949
12411.5 8 2.82843
12412.5 7 2.64575
12413.5 2 1.41421
12414.5 4 2
12415.5 5 2.23607
12416.5 10 3.16228
12417.5 9 3
12418.5 3 1.73205
12419.5 6 2.44949
12420.5 6 2.44949
12421.5 7 2.64575
12422.5 5 2.23607
12423.5 4 2
12424.5 5 2.23607
12425.5 7 2.64575
12426.5 7 2.64575
12427.5 5 2.23607
12428.5 3 1.73205
12429.5 6 2.44949
12430.5 9 3
12431.5 5 2.23607
12432.5 3 1.73205
12433.5 5 2.23607
12434.5 5 2.23607
12435.5 5 2.23607
12436.5 4 2
12437.5 6 2.44949
12438.5 3 1.73205
12439.5 8 2.82843
12440.5 5 2.23607
12441.5 5 2.23607
12442.5 8 2.82843
12443.5 3 1.73205
12444.5 9 3
12445.5 4 2
12446.5 7 2.64575
12447.5 8 2.82843
12448.5 5 2.23607
12449.5 7 2.64575
12450.5 3 1.73205
12451.5 5 2.23607
12452.5 5 2.23607
12453.5 6 2.44949
12454.5 8 2.82843
12455.5 9 3
12456.5 3 1.73205
12457.5 8 2.82843
12458.5 3 1.73205
12459.5 5 2.23607
12460.5 3 1.73205
12461.5 4 2
12462.5 6 2.44949
12463.5 8 2.82843
12464.5 6 2.44949
12465.5 3 1.73205
12466.5 7 2.64575
12467.5 4 2
12468.5 3 1.73205
12469.5 5 2.23607
12470.5 2 1.41421
12471.5 3 1.73205
12472.5 6 2.44949
12473.5 6 2.44949
12474.5 6 2.44949
12475.5 9 3
12476.5 1 1
12477.5 3 1.73205
12478.5 7 2.64575
12479.5 11 3.31662
12480.5 4 2
12481.5 4 2
12482.5 7 2.64575
12483.5 10 3.16228
12484.5 5 2.23607
12485.5 4 2
12486.5 8 2.82843
12487.5 8 2.82843
12488.5 8 2.82843
12489.5 6 2.44949
12490.5 8 2.82843
12491.5 9 3
12492.5 5 2.23607
12493.5 5 2.23607
12494.5 2 1.41421
12495.5 6 2.44949
12496.5 6 2.44949
12497.5 5 2.23607
12498.5 6 2.44949
12499.5 4 2
12500.5 5 2.23607
12501.5 7 2.64575
12502.5 7 2.64575
12503.5 5 2.23607
12504.5 1 1
12505.5 2 1.41421
12506.5 7 2.64575
12507.5 7 2.64575
12508.5 5 2.23607
12509.5 1 1
12510.5 8 2.82843
12511.5 5 2.23607
12512.5 8 2.82843
12513.5 6 2.44949
12514.5 10 3.16228
12515.5 6 2.44949
12516.5 5 2.23607
12517.5 4 2
12518.5 9 3
12519.5 7 2.64575
12520.5 7 2.64575
12521.5 8 2.82843
12522.5 4 2
12523.5 7 2.64575
12524.5 3 1.73205
12525.5 6 2.44949
12526.5 12 3.4641
12527.5 6 2.44949
12528.5 5 2.23607
12529.5 6 2.44949
12530.5 3 1.73205
12531.5 3 1.73205
12532.5 4 2
12533.5 4 2
12534.5 5 2.23607
12535.5 2 1.41421
12536.5 4 2
12537.5 1 1
12538.5 9 3
12539.5 6 2.44949
12540.5 11 3.31662
12541.5 5 2.23607
12542.5 1 1
12543.5 5 2.23607
12544.5 5 2.23607
12545.5 6 2.44949
12546.5 2 1.41421
12547.5 7 2.64575
12548.5 3 1.73205
12549.5 7 2.64575
12550.5 5 2.23607
12551.5 8 2.82843
12552.5 8 2.82843
12553.5 6 2.44949
12554.5 4 2
12555.5 7 2.64575
12556.5 5 2.23607
12557.5 3 1.73205
12558.5 7 2.64575
12559.5 9 3
12560.5 5 2.23607
12561.5 5 2.23607
12562.5 5 2.23607
12563.5 2 1.41421
12564.5 3 1.73205
12565.5 4 2
12566.5 9 3
12567.5 10 3.16228
12568.5 7 2.64575
12569.5 9 3
12570.5 10 3.16228
12571.5 5 2.23607
12572.5 7 2.64575
12573.5 15 3.87298
12574.5 6 2.44949
12575.5 4 2
12576.5 10 3.16228
12577.5 4 2
12578.5 6 2.44949
12579.5 7 2.64575
12580.5 4 2
12581.5 11 3.31662
12582.5 4 2
12583.5 5 2.23607
12584.5 2 1.41421
12585.5 8 2.82843
12586.5 6 2.44949
12587.5 1 1
12588.5 3 1.73205
12589.5 3 1.73205
12590.5 7 2.64575
12591.5 8 2.82843
12592.5 6 2.44949
12593.5 10 3.16228
12594.5 8 2.82843
12595.5 9 3
12596.5 3 1.73205
12597.5 8 2.82843
12598.5 6 2.44949
12599.5 4 2
12600.5 8 2.82843
12601.5 6 2.44949
12602.5 9 3
12603.5 3 1.73205
12604.5 6 2.44949
12605.5 8 2.82843
12606.5 14 3.74166
12607.5 9 3
12608.5 6 2.44949
12609.5 8 2.82843
12610.5 5 2.23607
12611.5 5 2.23607
12612.5 4 2
12613.5 12 3.4641
12614.5 2 1.41421
12615.5 11 3.31662
12616.5 4 2
12617.5 4 2
12618.5 3 1.73205
12619.5 12 3.4641
12620.5 8 2.82843
12621.5 8 2.82843
12622.5 3 1.73205
12623.5 9 3
12624.5 5 2.23607
12625.5 3 1.73205
12626.5 5 2.23607
12627.5 3 1.73205
12628.5 7 2.64575
12629.5 4 2
12630.5 4 2
12631.5 10 3.16228
12632.5 8 2.82843
12633.5 9 3
12634.5 2 1.41421
12635.5 5 2.23607
12636.5 8 2.82843
12637.5 2 1.41421
12638.5 8 2.82843
12639.5 7 2.64575
12640.5 12 3.4641
12641.5 8 2.82843
12642.5 5 2.23607
12643.5 7 2.64575
12644.5 6 2.44949
12645.5 3 1.73205
12646.5 6 2.44949
12647.5 7 2.64575
12648.5 3 1.73205
12649.5 11 3.31662
12650.5 9 3
12651.5 7 2.64575
12652.5 9 3
12653.5 7 2.64575
12654.5 10 3.16228
12655.5 3 1.73205
12656.5 4 2
12657.5 5 2.23607
12658.5 8 2.82843
12659.5 5 2.23607
12660.5 8 2.82843
12661.5 7 2.64575
12662.5 4 2
12663.5 6 2.44949
12664.5 7 2.64575
12665.5 6 2.44949
12666.5 11 3.31662
12667.5 3 1.73205
12668.5 6 2.44949
12669.5 4 2
12670.5 10 3.16228
12671.5 3 1.73205
12672.5 4 2
12673.5 5 2.23607
12674.5 7 2.64575
12675.5 12 3.4641
12676.5 6 2.44949
12677.5 9 3
12678.5 2 1.41421
12679.5 5 2.23607
12680.5 9 3
12681.5 4 2
12682.5 8 2.82843
12683.5 4 2
12684.5 7 2.64575
12685.5 9 3
12686.5 9 3
12687.5 3 1.73205
12688.5 8 2.82843
12689.5 9 3
12690.5 2 1.41421
12691.5 3 1.73205
12692.5 1 1
12693.5 7 2.64575
12694.5 5 2.23607
12695.5 5 2.23607
12696.5 5 2.23607
12697.5 9 3
12698.5 5 2.23607
12699.5 6 2.44949
12700.5 4 2
12701.5 3 1.73205
12702.5 8 2.82843
12703.5 5 2.23607
12704.5 6 2.44949
12705.5 8 2.82843
12706.5 2 1.41421
12707.5 8 2.82843
12708.5 9 3
12709.5 9 3
12710.5 4 2
12711.5 6 2.44949
12712.5 6 2.44949
12713.5 4 2
12714.5 8 2.82843
12715.5 8 2.82843
12716.5 9 3
12717.5 9 3
12718.5 3 1.73205
12719.5 6 2.44949
12720.5 4 2
12721.5 7 2.64575
12722.5 11 3.31662
12723.5 1 1
12724.5 5 2.23607
12725.5 13 3.60555
12726.5 4 2
12727.5 3 1.73205
12728.5 7 2.64575
12729.5 9 3
12730.5 5 2.23607
12731.5 6 2.44949
12732.5 8 2.82843
12733.5 4 2
12734.5 4 2
12735.5 6 2.44949
12736.5 6 2.44949
12737.5 6 2.44949
12738.5 10 3.16228
12739.5 4 2
12740.5 10 3.16228
12741.5 3 1.73205
12742.5 6 2.44949
12743.5 8 2.82843
12744.5 5 2.23607
12745.5 6 2.44949
12746.5 7 2.64575
12747.5 8 2.82843
12748.5 1 1
12749.5 5 2.23607
12750.5 5 2.23607
12751.5 6 2.44949
12752.5 10 3.16228
12753.5 3 1.73205
12754.5 6 2.44949
12755.5 9 3
12756.5 6 2.44949
12757.5 4 2
12758.5 5 2.23607
12759.5 2 1.41421
12760.5 11 3.31662
12761.5 7 2.64575
12762.5 8 2.82843
12763.5 7 2.64575
12764.5 7 2.64575
12765.5 10 3.16228
12766.5 11 3.31662
12767.5 7 2.64575
12768.5 7 2.64575
12769.5 5 2.23607
12770.5 6 2.44949
12771.5 2 1.41421
12772.5 9 3
12773.5 7 2.64575
12774.5 4 2
12775.5 3 1.73205
12776.5 5 2.23607
12777.5 5 2.23607
12778.5 4 2
12779.5 5 2.23607
12780.5 8 2.82843
12781.5 7 2.64575
12782.5 4 2
12783.5 8 2.82843
12784.5 5 2.23607
12785.5 8 2.82843
12786.5 5 2.23607
12787.5 4 2
12788.5 4 2
12789.5 6 2.44949
12790.5 9 3
12791.5 10 3.16228
12792.5 5 2.23607
12793.5 5 2.23607
12794.5 11 3.31662
12795.5 5 2.23607
12796.5 4 2
12797.5 7 2.64575
12798.5 7 2.64575
12799.5 6 2.44949
12800.5 8 2.82843
12801.5 8 2.82843
12802.5 11 3.31662
12803.5 2 1.41421
12804.5 5 2.23607
12805.5 7 2.64575
12806.5 5 2.23607
12807.5 7 2.64575
12808.5 7 2.64575
12809.5 7 2.64575
12810.5 4 2
12811.5 6 2.44949
12812.5 7 2.64575
12813.5 9 3
12814.5 6 2.44949
12815.5 3 1.73205
12816.5 7 2.64575
12817.5 5 2.23607
12818.5 3 1.73205
12819.5 7 2.64575
12820.5 10 3.16228
12821.5 5 2.23607
12822.5 5 2.23607
12823.5 5 2.23607
12824.5 11 3.31662
12825.5 7 2.64575
12826.5 6 2.44949
12827.5 5 2.23607
12828.5 3 1.73205
12829.5 6 2.44949
12830.5 9 3
12831.5 4 2
12832.5 5 2.23607
12833.5 6 2.44949
12834.5 6 2.44949
12835.5 8 2.82843
12836.5 11 3.31662
12837.5 3 1.73205
12838.5 7 2.64575
12839.5 4 2
12840.5 7 2.64575
12841.5 9 3
12842.5 5 2.23607
12843.5 2 1.41421
12844.5 4 2
12845.5 6 2.44949
12846.5 5 2.23607
12847.5 8 2.82843
12848.5 6 2.44949
12849.5 3 1.73205
12850.5 5 2.23607
12851.5 6 2.44949
12852.5 6 2.44949
12853.5 4 2
12854.5 4 2
12855.5 12 3.4641
12856.5 9 3
12857.5 5 2.23607
12858.5 4 2
12859.5 7 2.64575
12860.5 7 2.64575
12861.5 11 3.31662
12862.5 2 1.41421
12863.5 4 2
12864.5 5 2.23607
12865.5 8 2.82843
12866.5 5 2.23607
12867.5 9 3
12868.5 5 2.23607
12869.5 4 2
12870.5 2 1.41421
12871.5 6 2.44949
12872.5 9 3
12873.5 4 2
12874.5 7 2.64575
12875.5 6 2.44949
12876.5 5 2.23607
12877.5 3 1.73205
12878.5 3 1.73205
12879.5 4 2
12880.5 5 2.23607
12881.5 8 2.82843
12882.5 8 2.82843
12883.5 4 2
12884.5 9 3
12885.5 3 1.73205
12886.5 9 3
12887.5 4 2
12888.5 9 3
12889.5 7 2.64575
12890.5 7 2.64575
12891.5 4 2
12892.5 9 3
12893.5 3 1.73205
12894.5 9 3
12895.5 6 2.44949
12896.5 6 2.44949
12897.5 7 2.64575
12898.5 4 2
12899.5 7 2.64575
12900.5 8 2.82843
12901.5 12 3.4641
12902.5 2 1.41421
12903.5 5 2.23607
12904.5 6 2.44949
12905.5 6 2.44949
12906.5 8 2.82843
12907.5 11 3.31662
12908.5 3 1.73205
12909.5 4 2
12910.5 8 2.82843
12911.5 10 3.16228
12912.5 12 3.4641
12913.5 11 3.31662
12914.5 9 3
12915.5 9 3
12916.5 7 2.64575
12917.5 5 2.23607
12918.5 3 1.73205
12919.5 3 1.73205
12920.5 5 2.23607
12921.5 8 2.82843
12922.5 5 2.23607
12923.5 6 2.44949
12924.5 14 3.74166
12925.5 4 2
12926.5 3 1.73205
12927.5 6 2.44949
12928.5 8 2.82843
12929.5 6 2.44949
12930.5 10 3.16228
12931.5 8 2.82843
12932.5 8 2.82843
12933.5 8 2.82843
12934.5 7 2.64575
12935.5 7 2.64575
12936.5 10 3.16228
12937.5 6 2.44949
12938.5 5 2.23607
12939.5 6 2.44949
12940.5 8 2.82843
12941.5 7 2.64575
12942.5 8 2.82843
12943.5 10 3.16228
12944.5 4 2
12945.5 12 3.4641
12946.5 5 2.23607
12947.5 13 3.60555
12948.5 5 2.23607
12949.5 5 2.23607
12950.5 6 2.44949
12951.5 8 2.82843
12952.5 7 2.64575
12953.5 4 2
12954.5 4 2
12955.5 8 2.82843
12956.5 5 2.23607
12957.5 8 2.82843
12958.5 3 1.73205
12959.5 7 2.64575
12960.5 4 2
12961.5 7 2.64575
12962.5 6 2.44949
12963.5 11 3.31662
12964.5 7 2.64575
12965.5 9 3
12966.5 9 3
12967.5 9 3
12968.5 8 2.82843
12969.5 2 1.41421
12970.5 9 3
12971.5 2 1.41421
12972.5 7 2.64575
12973.5 8 2.82843
12974.5 5 2.23607
12975.5 8 2.82843
12976.5 4 2
12977.5 5 2.23607
12978.5 7 2.64575
12979.5 9 3
12980.5 4 2
12981.5 4 2
12982.5 9 3
12983.5 5 2.23607
12984.5 6 2.44949
12985.5 2 1.41421
12986.5 2 1.41421
12987.5 3 1.73205
12988.5 8 2.82843
12989.5 4 2
12990.5 5 2.23607
12991.5 9 3
12992.5 5 2.23607
12993.5 6 2.44949
12994.5 9 3
12995.5 6 2.44949
12996.5 5 2.23607
12997.5 10 3.16228
12998.5 3 1.73205
12999.5 10 3.16228
13000.5 5 2.23607
13001.5 7 2.64575
13002.5 8 2.82843
13003.5 7 2.64575
13004.5 8 2.82843
13005.5 11 3.31662
13006.5 7 2.64575
13007.5 2 1.41421
13008.5 9 3
13009.5 8 2.82843
13010.5 8 2.82843
13011.5 10 3.16228
13012.5 7 2.64575
13013.5 5 2.23607
13014.5 5 2.23607
13015.5 6 2.44949
13016.5 5 2.23607
13017.5 3 1.73205
13018.5 4 2
13019.5 6 2.44949
13020.5 6 2.44949
13021.5 4 2
13022.5 7 2.64575
13023.5 9 3
13024.5 3 1.73205
13025.5 3 1.73205
13026.5 5 2.23607
13027.5 5 2.23607
13028.5 8 2.82843
13029.5 2 1.41421
13030.5 4 2
13031.5 4 2
13032.5 2 1.41421
13033.5 2 1.41421
13034.5 4 2
13035.5 7 2.64575
13036.5 5 2.23607
13037.5 6 2.44949
13038.5 4 2
13039.5 5 2.23607
13040.5 4 2
13041.5 7 2.64575
13042.5 4 2
13043.5 3 1.73205
13044.5 3 1.73205
13045.5 7 2.64575
13046.5 8 2.82843
13047.5 6 2.44949
13048.5 10 3.16228
13049.5 7 2.64575
13050.5 8 2.82843
13051.5 8 2.82843
13052.5 7 2.64575
13053.5 5 2.23607
13054.5 5 2.23607
13055.5 7 2.64575
13056.5 6 2.44949
13057.5 7 2.64575
13058.5 4 2
13059.5 5 2.23607
13060.5 2 1.41421
13061.5 5 2.23607
13062.5 4 2
13063.5 3 1.73205
13064.5 8 2.82843
13065.5 5 2.23607
13066.5 5 2.23607
13067.5 5 2.23607
13068.5 6 2.44949
13069.5 11 3.31662
13070.5 7 2.64575
13071.5 4 2
13072.5 5 2.23607
13073.5 4 2
13074.5 3 1.73205
13075.5 4 2
13076.5 8 2.82843
13077.5 7 2.64575
13078.5 5 2.23607
13079.5 8 2.82843
13080.5 7 2.64575
13081.5 4 2
13082.5 7 2.64575
13083.5 2 1.41421
13084.5 6 2.44949
13085.5 3 1.73205
13086.5 6 2.44949
13087.5 5 2.23607
13088.5 7 2.64575
13089.5 4 2
13090.5 4 2
13091.5 2 1.41421
13092.5 7 2.64575
13093.5 3 1.73205
13094.5 3 1.73205
13095.5 2 1.41421
13096.5 3 1.73205
13097.5 3 1.73205
13098.5 5 2.23607
13099.5 6 2.44949
13100.5 4 2
13101.5 6 2.44949
13102.5 6 2.44949
13103.5 7 2.64575
13104.5 4 2
13105.5 1 1
13106.5 4 2
13107.5 7 2.64575
13108.5 4 2
13109.5 1 1
13110.5 6 2.44949
13111.5 5 2.23607
13112.5 7 2.64575
13113.5 4 2
13114.5 6 2.44949
13115.5 4 2
13116.5 5 2.23607
13117.5 4 2
13118.5 12 3.4641
13119.5 8 2.82843
13120.5 2 1.41421
13121.5 3 1.73205
13122.5 4 2
13123.5 2 1.41421
13124.5 3 1.73205
13125.5 4 2
13126.5 5 2.23607
13127.5 4 2
13128.5 10 3.16228
13129.5 7 2.64575
13130.5 4 2
13131.5 2 1.41421
13132.5 7 2.64575
13133.5 4 2
13134.5 4 2
13135.5 3 1.73205
13136.5 3 1.73205
13137.5 4 2
13138.5 5 2.23607
13139.5 1 1
13140.5 7 2.64575
13141.5 6 2.44949
13142.5 5 2.23607
13143.5 5 2.23607
13144.5 2 1.41421
13145.5 6 2.44949
13146.5 4 2
13147.5 7 2.64575
13148.5 4 2
13149.5 3 1.73205
13150.5 1 1
13151.5 7 2.64575
13152.5 2 1.41421
13153.5 3 1.73205
13154.5 3 1.73205
13155.5 3 1.73205
13156.5 8 2.82843
13157.5 4 2
13158.5 4 2
13159.5 4 2
13160.5 2 1.41421
13161.5 1 1
13162.5 5 2.23607
13163.5 7 2.64575
13164.5 6 2.44949
13165.5 2 1.41421
13166.5 4 2
13167.5 6 2.44949
13168.5 5 2.23607
13169.5 7 2.64575
13170.5 6 2.44949
13171.5 2 1.41421
13172.5 4 2
13173.5 4 2
13174.5 2 1.41421
13175.5 3 1.73205
13176.5 6 2.44949
13177.5 3 1.73205
13178.5 5 2.23607
13179.5 2 1.41421
13180.5 3 1.73205
13181.5 5 2.23607
13182.5 4 2
13183.5 9 3
13184.5 4 2
13185.5 2 1.41421
13186.5 8 2.82843
13187.5 1 1
13188.5 7 2.64575
13189.5 4 2
13190.5 4 2
13191.5 7 2.64575
13192.5 5 2.23607
13193.5 4 2
13194.5 7 2.64575
13195.5 3 1.73205
13196.5 4 2
13197.5 4 2
13198.5 2 1.41421
13199.5 4 2
13200.5 8 2.82843
13201.5 4 2
13202.5 9 3
13203.5 5 2.23607
13204.5 6 2.44949
13205.5 7 2.64575
13206.5 1 1
13207.5 7 2.64575
13208.5 1 1
13209.5 3 1.73205
13210.5 4 2
13211.5 2 1.41421
13212.5 4 2
13213.5 6 2.44949
13214.5 5 2.23607
13215.5 3 1.73205
13216.5 6 2.44949
13217.5 5 2.23607
13218.5 2 1.41421
13219.5 4 2
13220.5 7 2.64575
13221.5 3 1.73205
13222.5 4 2
13223.5 4 2
13224.5 9 3
13225.5 4 2
13226.5 2 1.41421
13227.5 1 1
13228.5 3 1.73205
13229.5 2 1.41421
13230.5 1 1
13231.5 2 1.41421
13232.5 2 1.41421
13233.5 5 2.23607
13234.5 4 2
13235.5 7 2.64575
13236.5 7 2.64575
13237.5 7 2.64575
13238.5 4 2
13239.5 7 2.64575
13240.5 4 2
13241.5 7 2.64575
13242.5 4 2
13243.5 5 2.23607
13244.5 11 3.31662
13245.5 2 1.41421
13246.5 2 1.41421
13247.5 7 2.64575
13248.5 6 2.44949
13249.5 3 1.73205
13250.5 3 1.73205
13251.5 5 2.23607
13252.5 4 2
13253.5 4 2
13254.5 5 2.23607
13255.5 3 1.73205
13256.5 4 2
13257.5 6 2.44949
13258.5 5 2.23607
13259.5 6 2.44949
13260.5 9 3
13261.5 4 2
13262.5 6 2.44949
13263.5 4 2
13264.5 5 2.23607
13265.5 2 1.41421
13266.5 3 1.73205
13267.5 6 2.44949
13268.5 5 2.23607
13269.5 1 1
13270.5 5 2.23607
13271.5 4 2
13272.5 3 1.73205
13273.5 5 2.23607
13274.5 3 1.73205
13275.5 3 1.73205
13276.5 5 2.23607
13277.5 5 2.23607
13278.5 1 1
13279.5 2 1.41421
13280.5 5 2.23607
13281.5 3 1.73205
13282.5 3 1.73205
13283.5 4 2
13284.5 6 2.44949
13285.5 1 1
13286.5 5 2.23607
13287.5 4 2
13288.5 5 2.23607
13289.5 4 2
13290.5 4 2
13291.5 2 1.41421
13292.5 3 1.73205
13293.5 1 1
13294.5 7 2.64575
13295.5 5 2.23607
13296.5 3 1.73205
13297.5 7 2.64575
13298.5 4 2
13299.5 4 2
13300.5 4 2
13301.5 4 2
13302.5 6 2.44949
13303.5 3 1.73205
13304.5 7 2.64575
13305.5 4 2
13306.5 5 2.23607
13307.5 5 2.23607
13308.5 3 1.73205
13309.5 2 1.41421
13310.5 5 2.23607
13311.5 3 1.73205
13312.5 5 2.23607
13313.5 4 2
13314.5 4 2
13315.5 5 2.23607
13316.5 8 2.82843
13317.5 6 2.44949
13318.5 3 1.73205
13319.5 2 1.41421
13320.5 3 1.73205
13321.5 4 2
13322.5 0 0
13323.5 7 2.64575
13324.5 3 1.73205
13325.5 2 1.41421
13326.5 2 1.41421
13327.5 3 1.73205
13328.5 7 2.64575
13329.5 0 0
13330.5 6 2.44949
13331.5 0 0
13332.5 5 2.23607
13333.5 1 1
13334.5 5 2.23607
13335.5 3 1.73205
13336.5 7 2.64575
13337.5 3 1.73205
13338.5 4 2
13339.5 4 2
13340.5 3 1.73205
13341.5 3 1.73205
13342.5 8 2.82843
13343.5 4 2
13344.5 3 1.73205
13345.5 4 2
13346.5 2 1.41421
13347.5 4 2
13348.5 5 2.23607
13349.5 2 1.41421
13350.5 1 1
13351.5 2 1.41421
13352.5 3 1.73205
13353.5 6 2.44949
13354.5 3 1.73205
13355.5 2 1.41421
13356.5 9 3
13357.5 4 2
13358.5 2 1.41421
13359.5 0 0
13360.5 3 1.73205
13361.5 2 1.41421
13362.5 4 2
13363.5 1 1
13364.5 1 1
13365.5 3 1.73205
13366.5 3 1.73205
13367.5 3 1.73205
13368.5 4 2
13369.5 3 1.73205
13370.5 7 2.64575
13371.5 8 2.82843
13372.5 3 1.73205
13373.5 6 2.44949
13374.5 1 1
13375.5 2 1.41421
13376.5 3 1.73205
13377.5 4 2
13378.5 2 1.41421
13379.5 3 1.73205
13380.5 4 2
13381.5 6 2.44949
13382.5 1 1
13383.5 3 1.73205
13384.5 4 2
13385.5 8 2.82843
13386.5 2 1.41421
13387.5 6 2.44949
13388.5 1 1
13389.5 5 2.23607
13390.5 3 1.73205
13391.5 5 2.23607
13392.5 2 1.41421
13393.5 2 1.41421
13394.5 7 2.64575
13395.5 4 2
13396.5 2 1.41421
13397.5 6 2.44949
13398.5 7 2.64575
13399.5 9 3
13400.5 3 1.73205
13401.5 3 1.73205
13402.5 9 3
13403.5 0 0
13404.5 5 2.23607
13405.5 3 1.73205
13406.5 2 1.41421
13407.5 7 2.64575
13408.5 3 1.73205
13409.5 2 1.41421
13410.5 6 2.44949
13411.5 3 1.73205
13412.5 8 2.82843
13413.5 6 2.44949
13414.5 4 2
13415.5 4 2
13416.5 2 1.41421
13417.5 6 2.44949
13418.5 2 1.41421
13419.5 3 1.73205
13420.5 4 2
13421.5 1 1
13422.5 7 2.64575
13423.5 3 1.73205
13424.5 2 1.41421
13425.5 3 1.73205
13426.5 4 2
13427.5 4 2
13428.5 3 1.73205
13429.5 3 1.73205
13430.5 5 2.23607
13431.5 5 2.23607
13432.5 2 1.41421
13433.5 3 1.73205
13434.5 5 2.23607
13435.5 4 2
13436.5 5 2.23607
13437.5 2 1.41421
13438.5 2 1.41421
13439.5 5 2.23607
13440.5 6 2.44949
13441.5 4 2
13442.5 2 1.41421
13443.5 2 1.41421
13444.5 2 1.41421
13445.5 3 1.73205
13446.5 1 1
13447.5 3 1.73205
13448.5 3 1.73205
13449.5 2 1.41421
13450.5 4 2
13451.5 2 1.41421
13452.5 6 2.44949
13453.5 4 2
13454.5 1 1
13455.5 5 2.23607
13456.5 2 1.41421
13457.5 3 1.73205
13458.5 6 2.44949
13459.5 3 1.73205
13460.5 1 1
13461.5 6 2.44949
13462.5 3 1.73205
13463.5 0 0
13464.5 1 1
13465.5 4 2
13466.5 4 2
13467.5 9 3
13468.5 4 2
13469.5 4 2
13470.5 5 2.23607
13471.5 5 2.23607
13472.5 2 1.41421
13473.5 5 2.23607
13474.5 3 1.73205
13475.5 5 2.23607
13476.5 3 1.73205
13477.5 2 1.41421
13478.5 3 1.73205
13479.5 2 1.41421
13480.5 6 2.44949
13481.5 2 1.41421
13482.5 2 1.41421
13483.5 3 1.73205
13484.5 1 1
13485.5 5 2.23607
13486.5 5 2.23607
13487.5 6 2.44949
13488.5 3 1.73205
13489.5 2 1.41421
13490.5 1 1
13491.5 3 1.73205
13492.5 4 2
13493.5 2 1.41421
13494.5 4 2
13495.5 2 1.41421
13496.5 6 2.44949
13497.5 4 2
13498.5 4 2
13499.5 6 2.44949
13500.5 5 2.23607
13501.5 4 2
13502.5 6 2.44949
13503.5 5 2.23607
13504.5 2 1.41421
13505.5 2 1.41421
13506.5 4 2
13507.5 2 1.41421
13508.5 6 2.44949
13509.5 3 1.73205
13510.5 4 2
13511.5 5 2.23607
13512.5 1 1
13513.5 5 2.23607
13514.5 4 2
13515.5 5 2.23607
13516.5 2 1.41421
13517.5 7 2.64575
13518.5 7 2.64575
13519.5 4 2
13520.5 2 1.41421
13521.5 3 1.73205
13522.5 6 2.44949
13523.5 5 2.23607
13524.5 2 1.41421
13525.5 2 1.41421
13526.5 3 1.73205
13527.5 4 2
13528.5 7 2.64575
13529.5 3 1.73205
13530.5 7 2.64575
13531.5 6 2.44949
13532.5 3 1.73205
13533.5 2 1.41421
13534.5 2 1.41421
13535.5 5 2.23607
13536.5 3 1.73205
13537.5 2 1.41421
13538.5 2 1.41421
13539.5 5 2.23607
13540.5 4 2
13541.5 5 2.23607
13542.5 3 1.73205
13543.5 2 1.41421
13544.5 2 1.41421
13545.5 2 1.41421
13546.5 4 2
13547.5 4 2
13548.5 0 0
13549.5 2 1.41421
13550.5 2 1.41421
13551.5 1 1
13552.5 3 1.73205
13553.5 3 1.73205
13554.5 1 1
13555.5 5 2.23607
13556.5 3 1.73205
13557.5 2 1.41421
13558.5 4 2
13559.5 3 1.73205
13560.5 3 1.73205
13561.5 3 1.73205
13562.5 4 2
13563.5 2 1.41421
13564.5 1 1
13565.5 1 1
13566.5 6 2.44949
13567.5 0 0
13568.5 4 2
13569.5 4 2
13570.5 4 2
13571.5 2 1.41421
13572.5 2 1.41421
13573.5 0 0
13574.5 2 1.41421
13575.5 4 2
13576.5 1 1
13577.5 2 1.41421
13578.5 1 1
13579.5 3 1.73205
13580.5 6 2.44949
13581.5 1 1
13582.5 1 1
13583.5 2 1.41421
13584.5 4 2
13585.5 2 1.41421
13586.5 3 1.73205
13587.5 1 1
13588.5 3 1.73205
13589.5 0 0
13590.5 3 1.73205
13591.5 3 1.73205
13592.5 3 1.73205
13593.5 1 1
13594.5 3 1.73205
13595.5 1 1
13596.5 1 1
13597.5 2 1.41421
13598.5 3 1.73205
13599.5 1 1
13600.5 2 1.41421
13601.5 1 1
13602.5 4 2
13603.5 1 1
13604.5 2 1.41421
13605.5 3 1.73205
13606.5 4 2
13607.5 4 2
13608.5 1 1
13609.5 0 0
13610.5 3 1.73205
13611.5 0 0
13612.5 5 2.23607
13613.5 4 2
13614.5 1 1
13615.5 1 1
13616.5 2 1.41421
13617.5 1 1
13618.5 4 2
13619.5 5 2.23607
13620.5 3 1.73205
13621.5 3 1.73205
13622.5 3 1.73205
13623.5 5 2.23607
13624.5 0 0
13625.5 2 1.41421
13626.5 1 1
13627.5 1 1
13628.5 3 1.73205
13629.5 1 1
13630.5 0 0
13631.5 3 1.73205
13632.5 1 1
13633.5 1 1
13634.5 2 1.41421
13635.5 5 2.23607
13636.5 4 2
13637.5 6 2.44949
13638.5 1 1
13639.5 2 1.41421
13640.5 2 1.41421
13641.5 3 1.73205
13642.5 2 1.41421
13643.5 3 1.73205
13644.5 5 2.23607
13645.5 0 0
13646.5 4 2
13647.5 4 2
13648.5 2 1.41421
13649.5 2 1.41421
13650.5 3 1.73205
13651.5 0 0
13652.5 1 1
13653.5 1 1
13654.5 2 1.41421
13655.5 1 1
13656.5 0 0
13657.5 2 1.41421
13658.5 2 1.41421
13659.5 2 1.41421
13660.5 1 1
13661.5 1 1
13662.5 1 1
13663.5 4 2
13664.5 2 1.41421
13665.5 2 1.41421
13666.5 3 1.73205
13667.5 2 1.41421
13668.5 1 1
13669.5 1 1
13670.5 3 1.73205
13671.5 2 1.41421
13672.5 1 1
13673.5 3 1.73205
13674.5 3 1.73205
13675.5 0 0
13676.5 5 2.23607
13677.5 0 0
13678.5 4 2
13679.5 3 1.73205
13680.5 3 1.73205
13681.5 1 1
13682.5 2 1.41421
13683.5 0 0
13684.5 3 1.73205
13685.5 2 1.41421
13686.5 0 0
13687.5 3 1.73205
13688.5 2 1.41421
13689.5 0 0
13690.5 6 2.44949
13691.5 0 0
13692.5 1 1
13693.5 1 1
13694.5 6 2.44949
13695.5 5 2.23607
13696.5 5 2.23607
13697.5 1 1
13698.5 3 1.73205
13699.5 1 1
13700.5 2 1.41421
13701.5 3 1.73205
13702.5 0 0
13703.5 5 2.23607
13704.5 0 0
13705.5 1 1
13706.5 3 1.73205
13707.5 1 1
13708.5 1 1
13709.5 2 1.41421
13710.5 0 0
13711.5 1 1
13712.5 4 2
13713.5 1 1
13714.5 0 0
13715.5 2 1.41421
13716.5 2 1.41421
13717.5 2 1.41421
13718.5 1 1
13719.5 0 0
13720.5 2 1.41421
13721.5 0 0
13722.5 1 1
13723.5 3 1.73205
13724.5 2 1.41421
13725.5 1 1
13726.5 6 2.44949
13727.5 3 1.73205
13728.5 1 1
13729.5 3 1.73205
13730.5 2 1.41421
13731.5 1 1
13732.5 1 1
13733.5 1 1
13734.5 0 0
13735.5 0 0
13736.5 1 1
13737.5 1 1
13738.5 3 1.73205
13739.5 1 1
13740.5 1 1
13741.5 3 1.73205
13742.5 1 1
13743.5 1 1
13744.5 1 1
13745.5 2 1.41421
13746.5 0 0
13747.5 0 0
13748.5 0 0
13749.5 1 1
13750.5 1 1
13751.5 3 1.73205
13752.5 2 1.41421
13753.5 2 1.41421
13754.5 3 1.73205
13755.5 3 1.73205
13756.5 5 2.23607
13757.5 3 1.73205
13758.5 1 1
13759.5 3 1.73205
13760.5 2 1.41421
13761.5 0 0
13762.5 1 1
13763.5 1 1
13764.5 4 2
13765.5 3 1.73205
13766.5 3 1.73205
13767.5 0 0
13768.5 0 0
13769.5 2 1.41421
13770.5 0 0
13771.5 1 1
13772.5 4 2
13773.5 2 1.41421
13774.5 2 1.41421
13775.5 0 0
13776.5 2 1.41421
13777.5 1 1
13778.5 4 2
13779.5 2 1.41421
13780.5 0 0
13781.5 5 2.23607
13782.5 3 1.73205
13783.5 1 1
13784.5 1 1
13785.5 1 1
13786.5 1 1
13787.5 1 1
13788.5 1 1
13789.5 2 1.41421
13790.5 1 1
13791.5 3 1.73205
13792.5 2 1.41421
13793.5 2 1.41421
13794.5 0 0
13795.5 2 1.41421
13796.5 5 2.23607
13797.5 4 2
13798.5 3 1.73205
13799.5 2 1.41421
13800.5 1 1
13801.5 2 1.41421
13802.5 2 1.41421
13803.5 1 1
13804.5 4 2
13805.5 2 1.41421
13806.5 0 0
13807.5 3 1.73205
13808.5 2 1.41421
13809.5 0 0
13810.5 3 1.73205
13811.5 1 1
13812.5 0 0
13813.5 1 1
13814.5 2 1.41421
13815.5 2 1.41421
13816.5 0 0
13817.5 1 1
13818.5 0 0
13819.5 1 1
13820.5 0 0
13821.5 0 0
13822.5 2 1.41421
13823.5 2 1.41421
13824.5 0 0
13825.5 1 1
13826.5 1 1
13827.5 2 1.41421
13828.5 2 1.41421
13829.5 0 0
13830.5 0 0
13831.5 4 2
13832.5 1 1
13833.5 0 0
13834.5 2 1.41421
13835.5 2 1.41421
13836.5 1 1
13837.5 0 0
13838.5 2 1.41421
13839.5 0 0
13840.5 3 1.73205
13841.5 1 1
13842.5 1 1
13843.5 1 1
13844.5 1 1
13845.5 0 0
13846.5 2 1.41421
13847.5 0 0
13848.5 0 0
13849.5 1 1
13850.5 2 1.41421
13851.5 2 1.41421
13852.5 1 1
13853.5 1 1
13854.5 1 1
13855.5 0 0
13856.5 1 1
13857.5 0 0
13858.5 2 1.41421
13859.5 1 1
13860.5 1 1
13861.5 0 0
13862.5 3 1.73205
13863.5 1 1
13864.5 4 2
13865.5 4 2
13866.5 3 1.73205
13867.5 3 1.73205
13868.5 1 1
13869.5 2 1.41421
13870.5 1 1
13871.5 3 1.73205
13872.5 3 1.73205
13873.5 1 1
13874.5 1 1
13875.5 2 1.41421
13876.5 1 1
13877.5 1 1
13878.5 3 1.73205
13879.5 0 0
13880.5 1 1
13881.5 0 0
13882.5 1 1
13883.5 2 1.41421
13884.5 3 1.73205
13885.5 3 1.73205
13886.5 0 0
13887.5 3 1.73205
13888.5 0 0
13889.5 1 1
13890.5 2 1.41421
13891.5 1 1
13892.5 2 1.41421
13893.5 1 1
13894.5 0 0
13895.5 1 1
13896.5 1 1
13897.5 0 0
13898.5 1 1
13899.5 4 2
13900.5 2 1.41421
13901.5 2 1.41421
13902.5 1 1
13903.5 0 0
13904.5 1 1
13905.5 3 1.73205
13906.5 0 0
13907.5 0 0
13908.5 0 0
13909.5 0 0
13910.5 2 1.41421
13911.5 0 0
13912.5 3 1.73205
13913.5 2 1.41421
13914.5 1 1
13915.5 0 0
13916.5 6 2.44949
13917.5 1 1
13918.5 2 1.41421
13919.5 2 1.41421
13920.5 0 0
13921.5 4 2
13922.5 1 1
13923.5 1 1
13924.5 1 1
13925.5 1 1
13926.5 1 1
13927.5 3 1.73205
13928.5 2 1.41421
13929.5 0 0
13930.5 2 1.41421
13931.5 2 1.41421
13932.5 0 0
13933.5 2 1.41421
13934.5 7 2.64575
13935.5 0 0
13936.5 3 1.73205
13937.5 5 2.23607
13938.5 3 1.73205
13939.5 3 1.73205
13940.5 0 0
13941.5 2 1.41421
13942.5 0 0
13943.5 2 1.41421
13944.5 2 1.41421
13945.5 2 1.41421
13946.5 5 2.23607
13947.5 4 2
13948.5 1 1
13949.5 2 1.41421
13950.5 2 1.41421
13951.5 2 1.41421
13952.5 1 1
13953.5 2 1.41421
13954.5 4 2
13955.5 4 2
13956.5 3 1.73205
13957.5 1 1
13958.5 5 2.23607
13959.5 0 0
13960.5 2 1.41421
13961.5 2 1.41421
13962.5 3 1.73205
13963.5 1 1
13964.5 5 2.23607
13965.5 1 1
13966.5 4 2
13967.5 4 2
13968.5 1 1
13969.5 3 1.73205
13970.5 0 0
13971.5 1 1
13972.5 2 1.41421
13973.5 3 1.73205
13974.5 1 1
13975.5 3 1.73205
13976.5 3 1.73205
13977.5 3 1.73205
13978.5 1 1
13979.5 2 1.41421
13980.5 3 1.73205
13981.5 1 1
13982.5 2 1.41421
13983.5 0 0
13984.5 2 1.41421
13985.5 1 1
13986.5 0 0
13987.5 2 1.41421
13988.5 2 1.41421
13989.5 0 0
13990.5 2 1.41421
13991.5 3 1.73205
13992.5 1 1
13993.5 5 2.23607
13994.5 1 1
13995.5 1 1
13996.5 0 0
13997.5 1 1
13998.5 0 0
13999.5 1 1
14000.5 1 1
14001.5 3 1.73205
14002.5 1 1
14003.5 3 1.73205
14004.5 0 0
14005.5 1 1
14006.5 2 1.41421
14007.5 1 1
14008.5 1 1
14009.5 2 1.41421
14010.5 0 0
14011.5 1 1
14012.5 1 1
14013.5 0 0
14014.5 1 1
14015.5 1 1
14016.5 1 1
14017.5 5 2.23607
14018.5 1 1
14019.5 0 0
14020.5 2 1.41421
14021.5 0 0
14022.5 0 0
14023.5 1 1
14024.5 1 1
14025.5 1 1
14026.5 1 1
14027.5 2 1.41421
14028.5 2 1.41421
14029.5 1 1
14030.5 2 1.41421
14031.5 0 0
14032.5 0 0
14033.5 1 1
14034.5 2 1.41421
14035.5 2 1.41421
14036.5 2 1.41421
14037.5 1 1
14038.5 2 1.41421
14039.5 1 1
14040.5 1 1
14041.5 0 0
14042.5 1 1
14043.5 1 1
14044.5 3 1.73205
14045.5 4 2
14046.5 1 1
14047.5 0 0
14048.5 1 1
14049.5 0 0
14050.5 1 1
14051.5 0 0
14052.5 0 0
14053.5 1 1
14054.5 1 1
14055.5 1 1
14056.5 0 0
14057.5 1 1
14058.5 2 1.41421
14059.5 1 1
14060.5 4 2
14061.5 3 1.73205
14062.5 1 1
14063.5 1 1
14064.5 1 1
14065.5 1 1
14066.5 2 1.41421
14067.5 2 1.41421
14068.5 1 1
14069.5 0 0
14070.5 1 1
14071.5 1 1
14072.5 1 1
14073.5 0 0
14074.5 2 1.41421
14075.5 0 0
14076.5 3 1.73205
14077.5 2 1.41421
14078.5 2 1.41421
14079.5 2 1.41421
14080.5 0 0
14081.5 1 1
14082.5 1 1
14083.5 1 1
14084.5 0 0
14085.5 0 0
14086.5 0 0
14087.5 2 1.41421
14088.5 2 1.41421
14089.5 1 1
14090.5 2 1.41421
14091.5 0 0
14092.5 2 1.41421
14093.5 1 1
14094.5 0 0
14095.5 3 1.73205
14096.5 0 0
14097.5 1 1
14098.5 0 0
14099.5 0 0
14100.5 2 1.41421
14101.5 0 0
14102.5 1 1
14103.5 1 1
14104.5 3 1.73205
14105.5 0 0
14106.5 1 1
14107.5 3 1.73205
14108.5 3 1.73205
14109.5 3 1.73205
14110.5 2 1.41421
14111.5 3 1.73205
14112.5 3 1.73205
14113.5 1 1
14114.5 3 1.73205
14115.5 0 0
14116.5 1 1
14117.5 1 1
14118.5 2 1.41421
14119.5 3 1.73205
14120.5 1 1
14121.5 1 1
14122.5 0 0
14123.5 0 0
14124.5 0 0
14125.5 0 0
14126.5 0 0
14127.5 1 1
14128.5 1 1
14129.5 2 1.41421
14130.5 3 1.73205
14131.5 1 1
14132.5 1 1
14133.5 0 0
14134.5 0 0
14135.5 1 1
14136.5 1 1
14137.5 0 0
14138.5 1 1
14139.5 0 0
14140.5 1 1
14141.5 0 0
14142.5 2 1.41421
14143.5 0 0
14144.5 1 1
14145.5 0 0
14146.5 0 0
14147.5 0 0
14148.5 0 0
14149.5 3 1.73205
14150.5 1 1
14151.5 1 1
14152.5 2 1.41421
14153.5 1 1
14154.5 0 0
14155.5 3 1.73205
14156.5 1 1
14157.5 0 0
14158.5 1 1
14159.5 2 1.41421
14160.5 1 1
14161.5 0 0
14162.5 2 1.41421
14163.5 3 1.73205
14164.5 1 1
14165.5 0 0
14166.5 3 1.73205
14167.5 3 1.73205
14168.5 0 0
14169.5 1 1
14170.5 0 0
14171.5 1 1
14172.5 0 0
14173.5 0 0
14174.5 1 1
14175.5 0 0
14176.5 2 1.41421
14177.5 2 1.41421
14178.5 1 1
14179.5 1 1
14180.5 3 1.73205
14181.5 0 0
14182.5 0 0
14183.5 0 0
14184.5 0 0
14185.5 1 1
14186.5 1 1
14187.5 2 1.41421
14188.5 0 0
14189.5 3 1.73205
14190.5 1 1
14191.5 1 1
14192.5 1 1
14193.5 0 0
14194.5 2 1.41421
14195.5 2 1.41421
14196.5 0 0
14197.5 2 1.41421
14198.5 3 1.73205
14199.5 2 1.41421
14200.5 1 1
14201.5 2 1.41421
14202.5 3 1.73205
14203.5 0 0
14204.5 0 0
14205.5 2 1.41421
14206.5 1 1
14207.5 2 1.41421
14208.5 2 1.41421
14209.5 3 1.73205
14210.5 4 2
14211.5 2 1.41421
14212.5 4 2
14213.5 2 1.41421
14214.5 2 1.41421
14215.5 1 1
14216.5 1 1
14217.5 3 1.73205
14218.5 1 1
14219.5 2 1.41421
14220.5 1 1
14221.5 2 1.41421
14222.5 1 1
14223.5 2 1.41421
14224.5 3 1.73205
14225.5 5 2.23607
14226.5 0 0
14227.5 0 0
14228.5 2 1.41421
14229.5 5 2.23607
14230.5 5 2.23607
14231.5 2 1.41421
14232.5 6 2.44949
14233.5 4 2
14234.5 6 2.44949
14235.5 6 2.44949
14236.5 4 2
14237.5 5 2.23607
14238.5 5 2.23607
14239.5 3 1.73205
14240.5 2 1.41421
14241.5 7 2.64575
14242.5 6 2.44949
14243.5 4 2
14244.5 1 1
14245.5 7 2.64575
14246.5 5 2.23607
14247.5 3 1.73205
14248.5 10 3.16228
14249.5 13 3.60555
14250.5 10 3.16228
14251.5 7 2.64575
14252.5 10 3.16228
14253.5 10 3.16228
14254.5 9 3
14255.5 8 2.82843
14256.5 14 3.74166
14257.5 12 3.4641
14258.5 13 3.60555
14259.5 9 3
14260.5 11 3.31662
14261.5 12 3.4641
14262.5 16 4
14263.5 19 4.3589
14264.5 18 4.24264
14265.5 18 4.24264
14266.5 11 3.31662
14267.5 16 4
14268.5 14 3.74166
14269.5 11 3.31662
14270.5 24 4.89898
14271.5 20 4.47214
14272.5 12 3.4641
14273.5 12 3.4641
14274.5 14 3.74166
14275.5 24 4.89898
14276.5 24 4.89898
14277.5 17 4.12311
14278.5 22 4.69042
14279.5 25 5
14280.5 31 5.56776
14281.5 33 5.74456
14282.5 29 5.38516
14283.5 28 5.2915
14284.5 27 5.19615
14285.5 29 5.38516
14286.5 34 5.83095
14287.5 25 5
14288.5 26 5.09902
14289.5 31 5.56776
14290.5 37 6.08276
14291.5 33 5.74456
14292.5 34 5.83095
14293.5 38 6.16441
14294.5 42 6.48074
14295.5 27 5.19615
14296.5 46 6.78233
14297.5 47 6.85565
14298.5 36 6
14299.5 35 5.91608
14300.5 35 5.91608
14301.5 40 6.32456
14302.5 51 7.14143
14303.5 46 6.78233
14304.5 55 7.4162
14305.5 38 6.16441
14306.5 49 7
14307.5 42 6.48074
14308.5 44 6.63325
14309.5 43 6.55744
14310.5 38 6.16441
14311.5 39 6.245
14312.5 42 6.48074
14313.5 44 6.63325
14314.5 43 6.55744
14315.5 33 5.74456
14316.5 44 6.63325
14317.5 37 6.08276
14318.5 28 5.2915
14319.5 36 6
14320.5 33 5.74456
14321.5 38 6.16441
14322.5 32 5.65685
14323.5 23 4.79583
14324.5 31 5.56776
14325.5 25 5
14326.5 27 5.19615
14327.5 23 4.79583
14328.5 36 6
14329.5 19 4.3589
14330.5 20 4.47214
14331.5 18 4.24264
14332.5 21 4.58258
14333.5 18 4.24264
14334.5 18 4.24264
14335.5 17 4.12311
14336.5 19 4.3589
14337.5 9 3
14338.5 19 4.3589
14339.5 19 4.3589
14340.5 12 3.4641
14341.5 11 3.31662
14342.5 19 4.3589
14343.5 10 3.16228
14344.5 18 4.24264
14345.5 17 4.12311
14346.5 14 3.74166
14347.5 12 3.4641
14348.5 14 3.74166
14349.5 7 2.64575
14350.5 14 3.74166
14351.5 19 4.3589
14352.5 14 3.74166
14353.5 17 4.12311
14354.5 13 3.60555
14355.5 7 2.64575
14356.5 9 3
14357.5 10 3.16228
14358.5 11 3.31662
14359.5 9 3
14360.5 9 3
14361.5 10 3.16228
14362.5 5 2.23607
14363.5 4 2
14364.5 8 2.82843
14365.5 5 2.23607
14366.5 11 3.31662
14367.5 2 1.41421
14368.5 2 1.41421
14369.5 7 2.64575
14370.5 7 2.64575
14371.5 9 3
14372.5 9 3
14373.5 3 1.73205
14374.5 7 2.64575
14375.5 7 2.64575
14376.5 5 2.23607
14377.5 5 2.23607
14378.5 9 3
14379.5 3 1.73205
14380.5 3 1.73205
14381.5 5 2.23607
14382.5 5 2.23607
14383.5 7 2.64575
14384.5 2 1.41421
14385.5 2 1.41421
14386.5 1 1
14387.5 3 1.73205
14388.5 3 1.73205
14389.5 3 1.73205
14390.5 5 2.23607
14391.5 4 2
14392.5 2 1.41421
14393.5 7 2.64575
14394.5 3 1.73205
14395.5 5 2.23607
14396.5 2 1.41421
14397.5 3 1.73205
14398.5 10 3.16228
14399.5 9 3
14400.5 10 3.16228
14401.5 4 2
14402.5 5 2.23607
14403.5 5 2.23607
14404.5 5 2.23607
14405.5 5 2.23607
14406.5 3 1.73205
14407.5 1 1
14408.5 3 1.73205
14409.5 4 2
14410.5 8 2.82843
14411.5 8 2.82843
14412.5 4 2
14413.5 5 2.23607
14414.5 7 2.64575
14415.5 5 2.23607
14416.5 7 2.64575
14417.5 5 2.23607
14418.5 7 2.64575
14419.5 7 2.64575
14420.5 5 2.23607
14421.5 6 2.44949
14422.5 6 2.44949
14423.5 3 1.73205
14424.5 9 3
14425.5 5 2.23607
14426.5 7 2.64575
14427.5 7 2.64575
14428.5 5 2.23607
14429.5 9 3
14430.5 9 3
14431.5 5 2.23607
14432.5 7 2.64575
14433.5 8 2.82843
14434.5 9 3
14435.5 9 3
14436.5 6 2.44949
14437.5 4 2
14438.5 6 2.44949
14439.5 9 3
14440.5 6 2.44949
14441.5 7 2.64575
14442.5 6 2.44949
14443.5 0 0
14444.5 0 0
14445.5 4 2
14446.5 5 2.23607
14447.5 3 1.73205
14448.5 4 2
14449.5 5 2.23607
14450.5 5 2.23607
14451.5 0 0
14452.5 2 1.41421
14453.5 4 2
14454.5 2 1.41421
14455.5 6 2.44949
14456.5 2 1.41421
14457.5 4 2
14458.5 2 1.41421
14459.5 3 1.73205
14460.5 3 1.73205
14461.5 4 2
14462.5 3 1.73205
14463.5 3 1.73205
14464.5 2 1.41421
14465.5 3 1.73205
14466.5 4 2
14467.5 1 1
14468.5 2 1.41421
14469.5 5 2.23607
14470.5 3 1.73205
14471.5 1 1
14472.5 2 1.41421
14473.5 0 0
14474.5 3 1.73205
14475.5 1 1
14476.5 0 0
14477.5 3 1.73205
14478.5 1 1
14479.5 4 2
14480.5 0 0
14481.5 1 1
14482.5 3 1.73205
14483.5 2 1.41421
14484.5 1 1
14485.5 1 1
14486.5 0 0
14487.5 1 1
14488.5 3 1.73205
14489.5 2 1.41421
14490.5 2 1.41421
14491.5 0 0
14492.5 1 1
14493.5 1 1
14494.5 3 1.73205
14495.5 1 1
14496.5 1 1
14497.5 1 1
14498.5 1 1
14499.5 0 0
14500.5 1 1
14501.5 0 0
14502.5 1 1
14503.5 1 1
14504.5 2 1.41421
14505.5 1 1
14506.5 0 0
14507.5 2 1.41421
14508.5 2 1.41421
14509.5 0 0
14510.5 0 0
14511.5 0 0
14512.5 1 1
14513.5 1 1
14514.5 0 0
14515.5 3 1.73205
14516.5 1 1
14517.5 1 1
14518.5 0 0
14519.5 2 1.41421
14520.5 1 1
14521.5 4 2
14522.5 0 0
14523.5 1 1
14524.5 1 1
14525.5 1 1
14526.5 0 0
14527.5 1 1
14528.5 1 1
14529.5 1 1
14530.5 1 1
14531.5 1 1
14532.5 3 1.73205
14533.5 1 1
14534.5 1 1
14535.5 0 0
14536.5 1 1
14537.5 0 0
14538.5 0 0
14539.5 3 1.73205
14540.5 0 0
14541.5 0 0
14542.5 1 1
14543.5 2 1.41421
14544.5 0 0
14545.5 2 1.41421
14546.5 1 1
14547.5 0 0
14548.5 1 1
14549.5 1 1
14550.5 0 0
14551.5 1 1
14552.5 0 0
14553.5 1 1
14554.5 3 1.73205
14555.5 5 2.23607
14556.5 0 0
14557.5 2 1.41421
14558.5 1 1
14559.5 2 1.41421
14560.5 0 0
14561.5 0 0
14562.5 3 1.73205
14563.5 1 1
14564.5 0 0
14565.5 0 0
14566.5 0 0
14567.5 2 1.41421
14568.5 0 0
14569.5 0 0
14570.5 0 0
14571.5 0 0
14572.5 0 0
14573.5 1 1
14574.5 1 1
14575.5 0 0
14576.5 0 0
14577.5 1 1
14578.5 0 0
14579.5 1 1
14580.5 0 0
14581.5 0 0
14582.5 0 0
14583.5 0 0
14584.5 0 0
14585.5 2 1.41421
14586.5 0 0
14587.5 1 1
14588.5 0 0
14589.5 0 0
14590.5 1 1
14591.5 0 0
14592.5 1 1
14593.5 0 0
14594.5 0 0
14595.5 0 0
14596.5 0 0
14597.5 1 1
14598.5 0 0
14599.5 2 1.41421
14600.5 0 0
14601.5 0 0
14602.5 1 1
14603.5 0 0
14604.5 1 1
14605.5 0 0
14606.5 0 0
14607.5 1 1
14608.5 0 0
14609.5 0 0
14610.5 0 0
14611.5 1 1
14612.5 0 0
14613.5 0 0
14614.5 1 1
14615.5 0 0
14616.5 0 0
14617.5 0 0
14618.5 0 0
14619.5 0 0
14620.5 3 1.73205
14621.5 0 0
14622.5 0 0
14623.5 1 1
14624.5 0 0
14625.5 0 0
14626.5 1 1
14627.5 1 1
14628.5 0 0
14629.5 3 1.73205
14630.5 0 0
14631.5 0 0
14632.5 0 0
14633.5 1 1
14634.5 1 1
14635.5 0 0
14636.5 1 1
14637.5 0 0
14638.5 0 0
14639.5 2 1.41421
14640.5 0 0
14641.5 0 0
14642.5 0 0
14643.5 1 1
14644.5 0 0
14645.5 3 1.73205
14646.5 1 1
14647.5 1 1
14648.5 2 1.41421
14649.5 0 0
14650.5 0 0
14651.5 1 1
14652.5 1 1
14653.5 2 1.41421
14654.5 0 0
14655.5 0 0
14656.5 0 0
14657.5 0 0
14658.5 0 0
14659.5 1 1
14660.5 0 0
14661.5 2 1.41421
14662.5 1 1
14663.5 1 1
14664.5 0 0
14665.5 0 0
14666.5 1 1
14667.5 2 1.41421
14668.5 1 1
14669.5 2 1.41421
14670.5 0 0
14671.5 0 0
14672.5 0 0
14673.5 0 0
14674.5 0 0
14675.5 0 0
14676.5 1 1
14677.5 2 1.41421
14678.5 1 1
14679.5 0 0
14680.5 0 0
14681.5 0 0
14682.5 0 0
14683.5 0 0
14684.5 0 0
14685.5 1 1
14686.5 0 0
14687.5 0 0
14688.5 1 1
14689.5 0 0
14690.5 0 0
14691.5 4 2
14692.5 0 0
14693.5 0 0
14694.5 0 0
14695.5 0 0
14696.5 3 1.73205
14697.5 1 1
14698.5 0 0
14699.5 0 0
14700.5 1 1
14701.5 0 0
14702.5 0 0
14703.5 0 0
14704.5 1 1
14705.5 0 0
14706.5 0 0
14707.5 0 0
14708.5 0 0
14709.5 2 1.41421
14710.5 0 0
14711.5 0 0
14712.5 1 1
14713.5 0 0
14714.5 1 1
14715.5 0 0
14716.5 0 0
14717.5 1 1
14718.5 0 0
14719.5 2 1.41421
14720.5 0 0
14721.5 0 0
14722.5 0 0
14723.5 0 0
14724.5 1 1
14725.5 1 1
14726.5 0 0
14727.5 0 0
14728.5 0 0
14729.5 0 0
14730.5 0 0
14731.5 0 0
14732.5 0 0
14733.5 0 0
14734.5 1 1
14735.5 1 1
14736.5 0 0
14737.5 0 0
14738.5 1 1
14739.5 0 0
14740.5 0 0
14741.5 0 0
14742.5 0 0
14743.5 0 0
14744.5 0 0
14745.5 0 0
14746.5 1 1
14747.5 0 0
14748.5 0 0
14749.5 0 0
14750.5 0 0
14751.5 0 0
14752.5 0 0
14753.5 1 1
14754.5 0 0
14755.5 1 1
14756.5 0 0
14757.5 0 0
14758.5 0 0
14759.5 0 0
14760.5 0 0
14761.5 0 0
14762.5 1 1
14763.5 0 0
14764.5 0 0
14765.5 0 0
14766.5 0 0
14767.5 0 0
14768.5 1 1
14769.5 0 0
14770.5 0 0
14771.5 1 1
14772.5 0 0
14773.5 1 1
14774.5 1 1
14775.5 0 0
14776.5 1 1
14777.5 0 0
14778.5 1 1
14779.5 0 0
14780.5 1 1
14781.5 0 0
14782.5 0 0
14783.5 2 1.41421
14784.5 0 0
14785.5 0 0
14786.5 2 1.41421
14787.5 2 1.41421
14788.5 0 0
14789.5 1 1
14790.5 0 0
14791.5 0 0
14792.5 2 1.41421
14793.5 0 0
14794.5 1 1
14795.5 0 0
14796.5 1 1
14797.5 1 1
14798.5 0 0
14799.5 0 0
14800.5 0 0
14801.5 0 0
14802.5 0 0
14803.5 1 1
14804.5 2 1.41421
14805.5 0 0
14806.5 1 1
14807.5 1 1
14808.5 2 1.41421
14809.5 0 0
14810.5 1 1
14811.5 1 1
14812.5 0 0
14813.5 1 1
14814.5 0 0
14815.5 0 0
14816.5 0 0
14817.5 1 1
14818.5 0 0
14819.5 0 0
14820.5 0 0
14821.5 2 1.41421
14822.5 0 0
14823.5 2 1.41421
14824.5 1 1
14825.5 0 0
14826.5 0 0
14827.5 0 0
14828.5 1 1
14829.5 0 0
14830.5 0 0
14831.5 0 0
14832.5 0 0
14833.5 1 1
14834.5 0 0
14835.5 0 0
14836.5 0 0
14837.5 0 0
14838.5 1 1
14839.5 0 0
14840.5 0 0
14841.5 0 0
14842.5 2 1.41421
14843.5 0 0
14844.5 0 0
14845.5 0 0
14846.5 0 0
14847.5 1 1
14848.5 0 0
14849.5 1 1
14850.5 0 0
14851.5 0 0
14852.5 0 0
14853.5 0 0
14854.5 0 0
14855.5 0 0
14856.5 0 0
14857.5 0 0
14858.5 0 0
14859.5 3 1.73205
14860.5 0 0
14861.5 0 0
14862.5 0 0
14863.5 0 0
14864.5 1 1
14865.5 0 0
14866.5 1 1
14867.5 1 1
14868.5 0 0
14869.5 0 0
14870.5 0 0
14871.5 0 0
14872.5 1 1
14873.5 0 0
14874.5 0 0
14875.5 0 0
14876.5 0 0
14877.5 2 1.41421
14878.5 0 0
14879.5 1 1
14880.5 1 1
14881.5 0 0
14882.5 2 1.41421
14883.5 1 1
14884.5 0 0
14885.5 0 0
14886.5 1 1
14887.5 0 0
14888.5 0 0
14889.5 1 1
14890.5 0 0
14891.5 0 0
14892.5 1 1
14893.5 1 1
14894.5 1 1
14895.5 0 0
14896.5 1 1
14897.5 3 1.73205
14898.5 0 0
14899.5 1 1
14900.5 0 0
14901.5 1 1
14902.5 1 1
14903.5 0 0
14904.5 0 0
14905.5 0 0
14906.5 1 1
14907.5 0 0
14908.5 2 1.41421
14909.5 0 0
14910.5 0 0
14911.5 1 1
14912.5 0 0
14913.5 0 0
14914.5 0 0
14915.5 0 0
14916.5 0 0
14917.5 1 1
14918.5 0 0
14919.5 0 0
14920.5 0 0
14921.5 1 1
14922.5 0 0
14923.5 0 0
14924.5 1 1
14925.5 1 1
14926.5 1 1
14927.5 1 1
14928.5 0 0
14929.5 1 1
14930.5 0 0
14931.5 0 0
14932.5 0 0
14933.5 0 0
14934.5 0 0
14935.5 1 1
14936.5 0 0
14937.5 0 0
14938.5 0 0
14939.5 0 0
14940.5 0 0
14941.5 0 0
14942.5 0 0
14943.5 0 0
14944.5 0 0
14945.5 0 0
14946.5 0 0
14947.5 0 0
14948.5 2 1.41421
14949.5 0 0
14950.5 0 0
14951.5 2 1.41421
14952.5 0 0
14953.5 1 1
14954.5 0 0
14955.5 0 0
14956.5 0 0
14957.5 1 1
14958.5 0 0
14959.5 1 1
14960.5 2 1.41421
14961.5 1 1
14962.5 0 0
14963.5 0 0
14964.5 0 0
14965.5 3 1.73205
14966.5 0 0
14967.5 0 0
14968.5 0 0
14969.5 1 1
14970.5 0 0
14971.5 0 0
14972.5 0 0
14973.5 1 1
14974.5 0 0
14975.5 0 0
14976.5 2 1.41421
14977.5 1 1
14978.5 3 1.73205
14979.5 2 1.41421
14980.5 0 0
14981.5 1 1
14982.5 0 0
14983.5 0 0
14984.5 0 0
14985.5 0 0
14986.5 0 0
14987.5 0 0
14988.5 1 1
14989.5 0 0
14990.5 0 0
14991.5 0 0
14992.5 0 0
14993.5 0 0
14994.5 1 1
14995.5 0 0
14996.5 0 0
14997.5 1 1
14998.5 0 0
14999.5 0 0
15000.5 2 1.41421
15001.5 0 0
15002.5 2 1.41421
15003.5 0 0
15004.5 1 1
15005.5 1 1
15006.5 1 1
15007.5 1 1
15008.5 0 0
15009.5 1 1
15010.5 2 1.41421
15011.5 0 0
15012.5 2 1.41421
15013.5 0 0
15014.5 0 0
15015.5 0 0
15016.5 0 0
15017.5 0 0
15018.5 0 0
15019.5 0 0
15020.5 1 1
15021.5 0 0
15022.5 0 0
15023.5 1 1
15024.5 0 0
15025.5 0 0
15026.5 0 0
15027.5 0 0
15028.5 0 0
15029.5 1 1
15030.5 0 0
15031.5 0 0
15032.5 0 0
15033.5 0 0
15034.5 1 1
15035.5 1 1
15036.5 2 1.41421
15037.5 0 0
15038.5 0 0
15039.5 0 0
15040.5 0 0
15041.5 0 0
15042.5 2 1.41421
15043.5 1 1
15044.5 0 0
15045.5 0 0
15046.5 0 0
15047.5 1 1
15048.5 1 1
15049.5 1 1
15050.5 1 1
15051.5 0 0
15052.5 0 0
15053.5 1 1
15054.5 0 0
15055.5 1 1
15056.5 0 0
15057.5 1 1
15058.5 0 0
15059.5 0 0
15060.5 0 0
15061.5 1 1
15062.5 0 0
15063.5 0 0
15064.5 1 1
15065.5 0 0
15066.5 0 0
15067.5 0 0
15068.5 1 1
15069.5 1 1
15070.5 0 0
15071.5 0 0
15072.5 0 0
15073.5 0 0
15074.5 1 1
15075.5 0 0
15076.5 0 0
15077.5 1 1
15078.5 0 0
15079.5 0 0
15080.5 1 1
15081.5 0 0
15082.5 0 0
15083.5 0 0
15084.5 0 0
15085.5 2 1.41421
15086.5 0 0
15087.5 2 1.41421
15088.5 0 0
15089.5 0 0
15090.5 0 0
15091.5 0 0
15092.5 0 0
15093.5 0 0
15094.5 1 1
15095.5 2 1.41421
15096.5 0 0
15097.5 0 0
15098.5 1 1
15099.5 1 1
15100.5 1 1
15101.5 0 0
15102.5 0 0
15103.5 0 0
15104.5 1 1
15105.5 1 1
15106.5 0 0
15107.5 2 1.41421
15108.5 0 0
15109.5 0 0
15110.5 0 0
15111.5 0 0
15112.5 1 1
15113.5 0 0
15114.5 0 0
15115.5 0 0
15116.5 0 0
15117.5 0 0
15118.5 2 1.41421
15119.5 1 1
15120.5 0 0
15121.5 1 1
15122.5 0 0
15123.5 1 1
15124.5 0 0
15125.5 0 0
15126.5 1 1
15127.5 1 1
15128.5 1 1
15129.5 1 1
15130.5 1 1
15131.5 2 1.41421
15132.5 1 1
15133.5 0 0
15134.5 0 0
15135.5 0 0
15136.5 4 2
15137.5 0 0
15138.5 1 1
15139.5 0 0
15140.5 1 1
15141.5 2 1.41421
15142.5 5 2.23607
15143.5 1 1
15144.5 3 1.73205
15145.5 1 1
15146.5 2 1.41421
15147.5 1 1
15148.5 0 0
15149.5 1 1
15150.5 2 1.41421
15151.5 1 1
15152.5 2 1.41421
15153.5 0 0
15154.5 0 0
15155.5 0 0
15156.5 0 0
15157.5 1 1
15158.5 1 1
15159.5 1 1
15160.5 0 0
15161.5 0 0
15162.5 1 1
15163.5 0 0
15164.5 0 0
15165.5 0 0
15166.5 2 1.41421
15167.5 1 1
15168.5 0 0
15169.5 0 0
15170.5 0 0
15171.5 0 0
15172.5 2 1.41421
15173.5 1 1
15174.5 1 1
15175.5 0 0
15176.5 1 1
15177.5 0 0
15178.5 1 1
15179.5 1 1
15180.5 1 1
15181.5 0 0
15182.5 0 0
15183.5 0 0
15184.5 1 1
15185.5 0 0
15186.5 0 0
15187.5 1 1
15188.5 1 1
15189.5 0 0
15190.5 1 1
15191.5 0 0
15192.5 1 1
15193.5 0 0
15194.5 1 1
15195.5 0 0
15196.5 0 0
15197.5 0 0
15198.5 0 0
15199.5 0 0
15200.5 0 0
15201.5 1 1
15202.5 0 0
15203.5 0 0
15204.5 1 1
15205.5 0 0
15206.5 0 0
15207.5 0 0
15208.5 1 1
15209.5 0 0
15210.5 0 0
15211.5 1 1
15212.5 0 0
15213.5 0 0
15214.5 1 1
15215.5 1 1
15216.5 0 0
15217.5 0 0
15218.5 0 0
15219.5 1 1
15220.5 0 0
15221.5 0 0
15222.5 0 0
15223.5 1 1
15224.5 0 0
15225.5 1 1
15226.5 0 0
15227.5 1 1
15228.5 0 0
15229.5 0 0
15230.5 0 0
15231.5 1 1
15232.5 0 0
15233.5 0 0
15234.5 1 1
15235.5 1 1
15236.5 1 1
15237.5 0 0
15238.5 0 0
15239.5 0 0
15240.5 0 0
15241.5 0 0
15242.5 0 0
15243.5 1 1
15244.5 0 0
15245.5 0 0
15246.5 0 0
15247.5 0 0
15248.5 0 0
15249.5 0 0
15250.5 0 0
15251.5 0 0
15252.5 0 0
15253.5 0 0
15254.5 0 0
15255.5 0 0
15256.5 0 0
15257.5 0 0
15258.5 0 0
15259.5 0 0
15260.5 0 0
15261.5 1 1
15262.5 0 0
15263.5 0 0
15264.5 1 1
15265.5 0 0
15266.5 1 1
15267.5 0 0
15268.5 0 0
15269.5 2 1.41421
15270.5 0 0
15271.5 0 0
15272.5 0 0
15273.5 0 0
15274.5 0 0
15275.5 0 0
15276.5 0 0
15277.5 0 0
15278.5 0 0
15279.5 0 0
15280.5 0 0
15281.5 0 0
15282.5 1 1
15283.5 0 0
15284.5 0 0
15285.5 0 0
15286.5 2 1.41421
15287.5 0 0
15288.5 0 0
15289.5 0 0
15290.5 1 1
15291.5 1 1
15292.5 0 0
15293.5 0 0
15294.5 0 0
15295.5 0 0
15296.5 0 0
15297.5 0 0
15298.5 0 0
15299.5 1 1
15300.5 0 0
15301.5 0 0
15302.5 0 0
15303.5 2 1.41421
15304.5 0 0
15305.5 0 0
15306.5 0 0
15307.5 0 0
15308.5 1 1
15309.5 2 1.41421
15310.5 0 0
15311.5 0 0
15312.5 0 0
15313.5 1 1
15314.5 1 1
15315.5 1 1
15316.5 0 0
15317.5 0 0
15318.5 0 0
15319.5 1 1
15320.5 0 0
15321.5 0 0
15322.5 0 0
15323.5 1 1
15324.5 1 1
15325.5 0 0
15326.5 0 0
15327.5 2 1.41421
15328.5 0 0
15329.5 0 0
15330.5 0 0
15331.5 0 0
15332.5 1 1
15333.5 0 0
15334.5 0 0
15335.5 0 0
15336.5 0 0
15337.5 0 0
15338.5 0 0
15339.5 1 1
15340.5 0 0
15341.5 0 0
15342.5 0 0
15343.5 0 0
15344.5 0 0
15345.5 0 0
15346.5 1 1
15347.5 0 0
15348.5 1 1
15349.5 0 0
15350.5 1 1
15351.5 0 0
15352.5 0 0
15353.5 1 1
15354.5 0 0
15355.5 0 0
15356.5 0 0
15357.5 1 1
15358.5 0 0
15359.5 1 1
15360.5 0 0
15361.5 0 0
15362.5 0 0
15363.5 0 0
15364.5 1 1
15365.5 0 0
15366.5 0 0
15367.5 0 0
15368.5 0 0
15369.5 0 0
15370.5 1 1
15371.5 0 0
15372.5 1 1
15373.5 1 1
15374.5 0 0
15375.5 1 1
15376.5 2 1.41421
15377.5 0 0
15378.5 0 0
15379.5 0 0
15380.5 0 0
15381.5 0 0
15382.5 1 1
15383.5 0 0
15384.5 0 0
15385.5 1 1
15386.5 0 0
15387.5 0 0
15388.5 0 0
15389.5 1 1
15390.5 0 0
15391.5 2 1.41421
15392.5 0 0
15393.5 0 0
15394.5 0 0
15395.5 2 1.41421
15396.5 1 1
15397.5 0 0
15398.5 0 0
15399.5 0 0
15400.5 0 0
15401.5 0 0
15402.5 0 0
15403.5 1 1
15404.5 0 0
15405.5 0 0
15406.5 0 0
15407.5 0 0
15408.5 0 0
15409.5 0 0
15410.5 0 0
15411.5 1 1
15412.5 0 0
15413.5 1 1
15414.5 0 0
15415.5 1 1
15416.5 1 1
15417.5 1 1
15418.5 0 0
15419.5 1 1
15420.5 1 1
15421.5 1 1
15422.5 0 0
15423.5 0 0
15424.5 0 0
15425.5 1 1
15426.5 0 0
15427.5 1 1
15428.5 1 1
15429.5 0 0
15430.5 1 1
15431.5 0 0
15432.5 0 0
15433.5 0 0
15434.5 1 1
15435.5 2 1.41421
15436.5 0 0
15437.5 0 0
15438.5 1 1
15439.5 0 0
15440.5 0 0
15441.5 0 0
15442.5 0 0
15443.5 0 0
15444.5 0 0
15445.5 1 1
15446.5 0 0
15447.5 0 0
15448.5 2 1.41421
15449.5 0 0
15450.5 0 0
15451.5 0 0
15452.5 0 0
15453.5 0 0
15454.5 2 1.41421
15455.5 0 0
15456.5 0 0
15457.5 1 1
15458.5 0 0
15459.5 1 1
15460.5 0 0
15461.5 0 0
15462.5 0 0
15463.5 0 0
15464.5 1 1
15465.5 0 0
15466.5 2 1.41421
15467.5 0 0
15468.5 0 0
15469.5 0 0
15470.5 1 1
15471.5 0 0
15472.5 0 0
15473.5 0 0
15474.5 0 0
15475.5 0 0
15476.5 0 0
15477.5 0 0
15478.5 0 0
15479.5 0 0
15480.5 1 1
15481.5 0 0
15482.5 0 0
15483.5 0 0
15484.5 0 0
15485.5 0 0
15486.5 0 0
15487.5 0 0
15488.5 0 0
15489.5 0 0
15490.5 1 1
15491.5 0 0
15492.5 0 0
15493.5 0 0
15494.5 0 0
15495.5 1 1
15496.5 0 0
15497.5 0 0
15498.5 0 0
15499.5 0 0
15500.5 0 0
15501.5 0 0
15502.5 0 0
15503.5 1 1
15504.5 0 0
15505.5 0 0
15506.5 0 0
15507.5 0 0
15508.5 1 1
15509.5 1 1
15510.5 0 0
15511.5 1 1
15512.5 0 0
15513.5 0 0
15514.5 2 1.41421
15515.5 0 0
15516.5 1 1
15517.5 0 0
15518.5 0 0
15519.5 0 0
15520.5 0 0
15521.5 0 0
15522.5 0 0
15523.5 1 1
15524.5 0 0
15525.5 0 0
15526.5 0 0
15527.5 0 0
15528.5 0 0
15529.5 0 0
15530.5 1 1
15531.5 0 0
15532.5 0 0
15533.5 0 0
15534.5 0 0
15535.5 1 1
15536.5 0 0
15537.5 0 0
15538.5 0 0
15539.5 0 0
15540.5 0 0
15541.5 0 0
15542.5 0 0
15543.5 1 1
15544.5 0 0
15545.5 0 0
15546.5 0 0
15547.5 0 0
15548.5 0 0
15549.5 0 0
15550.5 0 0
15551.5 1 1
15552.5 0 0
15553.5 0 0
15554.5 0 0
15555.5 0 0
15556.5 0 0
15557.5 0 0
15558.5 1 1
15559.5 0 0
15560.5 0 0
15561.5 0 0
15562.5 0 0
15563.5 1 1
15564.5 0 0
15565.5 0 0
15566.5 0 0
15567.5 1 1
15568.5 1 1
15569.5 0 0
15570.5 0 0
15571.5 0 0
15572.5 0 0
15573.5 1 1
15574.5 0 0
15575.5 0 0
15576.5 0 0
15577.5 0 0
15578.5 0 0
15579.5 1 1
15580.5 0 0
15581.5 0 0
15582.5 1 1
15583.5 0 0
15584.5 0 0
15585.5 1 1
15586.5 0 0
15587.5 1 1
15588.5 0 0
15589.5 0 0
15590.5 0 0
15591.5 0 0
15592.5 0 0
15593.5 0 0
15594.5 0 0
15595.5 0 0
15596.5 0 0
15597.5 0 0
15598.5 0 0
15599.5 0 0
15600.5 0 0
15601.5 0 0
15602.5 0 0
15603.5 1 1
15604.5 0 0
15605.5 1 1
15606.5 1 1
15607.5 0 0
15608.5 0 0
15609.5 1 1
15610.5 0 0
15611.5 0 0
15612.5 0 0
15613.5 0 0
15614.5 0 0
15615.5 0 0
15616.5 1 1
15617.5 0 0
15618.5 0 0
15619.5 0 0
15620.5 1 1
15621.5 0 0
15622.5 1 1
15623.5 0 0
15624.5 1 1
15625.5 1 1
15626.5 0 0
15627.5 0 0
15628.5 0 0
15629.5 1 1
15630.5 0 0
15631.5 0 0
15632.5 0 0
15633.5 0 0
15634.5 0 0
15635.5 0 0
15636.5 0 0
15637.5 0 0
15638.5 0 0
15639.5 0 0
15640.5 0 0
15641.5 0 0
15642.5 1 1
15643.5 0 0
15644.5 2 1.41421
15645.5 2 1.41421
15646.5 1 1
15647.5 0 0
15648.5 0 0
15649.5 0 0
15650.5 0 0
15651.5 0 0
15652.5 0 0
15653.5 0 0
15654.5 0 0
15655.5 0 0
15656.5 1 1
15657.5 0 0
15658.5 0 0
15659.5 1 1
15660.5 0 0
15661.5 0 0
15662.5 0 0
15663.5 0 0
15664.5 0 0
15665.5 0 0
15666.5 2 1.41421
15667.5 0 0
15668.5 1 1
15669.5 0 0
15670.5 0 0
15671.5 0 0
15672.5 0 0
15673.5 0 0
15674.5 0 0
15675.5 0 0
15676.5 0 0
15677.5 1 1
15678.5 0 0
15679.5 0 0
15680.5 0 0
15681.5 0 0
15682.5 0 0
15683.5 0 0
15684.5 0 0
15685.5 0 0
15686.5 1 1
15687.5 0 0
15688.5 0 0
15689.5 0 0
15690.5 0 0
15691.5 0 0
15692.5 0 0
15693.5 0 0
15694.5 0 0
15695.5 1 1
15696.5 0 0
15697.5 0 0
15698.5 0 0
15699.5 0 0
15700.5 0 0
15701.5 0 0
15702.5 0 0
15703.5 0 0
15704.5 0 0
15705.5 0 0
15706.5 0 0
15707.5 1 1
15708.5 0 0
15709.5 0 0
15710.5 0 0
15711.5 0 0
15712.5 0 0
15713.5 0 0
15714.5 0 0
15715.5 0 0
15716.5 0 0
15717.5 0 0
15718.5 0 0
15719.5 0 0
15720.5 0 0
15721.5 0 0
15722.5 1 1
15723.5 0 0
15724.5 1 1
15725.5 0 0
15726.5 0 0
15727.5 0 0
15728.5 0 0
15729.5 0 0
15730.5 0 0
15731.5 1 1
15732.5 0 0
15733.5 0 0
15734.5 0 0
15735.5 0 0
15736.5 0 0
15737.5 0 0
15738.5 0 0
15739.5 0 0
15740.5 0 0
15741.5 0 0
15742.5 0 0
15743.5 0 0
15744.5 0 0
15745.5 0 0
15746.5 0 0
15747.5 0 0
15748.5 0 0
15749.5 0 0
15750.5 3 1.73205
15751.5 0 0
15752.5 0 0
15753.5 0 0
15754.5 0 0
15755.5 0 0
15756.5 1 1
15757.5 0 0
15758.5 0 0
15759.5 0 0
15760.5 1 1
15761.5 0 0
15762.5 0 0
15763.5 0 0
15764.5 2 1.41421
15765.5 1 1
15766.5 0 0
15767.5 0 0
15768.5 0 0
15769.5 0 0
15770.5 0 0
15771.5 1 1
15772.5 0 0
15773.5 0 0
15774.5 0 0
15775.5 1 1
15776.5 0 0
15777.5 0 0
15778.5 0 0
15779.5 1 1
15780.5 0 0
15781.5 0 0
15782.5 0 0
15783.5 0 0
15784.5 0 0
15785.5 1 1
15786.5 0 0
15787.5 1 1
15788.5 1 1
15789.5 0 0
15790.5 0 0
15791.5 2 1.41421
15792.5 2 1.41421
15793.5 1 1
15794.5 0 0
15795.5 1 1
15796.5 1 1
15797.5 0 0
15798.5 0 0
15799.5 2 1.41421
15800.5 0 0
15801.5 0 0
15802.5 0 0
15803.5 2 1.41421
15804.5 0 0
15805.5 1 1
15806.5 0 0
15807.5 0 0
15808.5 3 1.73205
15809.5 0 0
15810.5 1 1
15811.5 1 1
15812.5 1 1
15813.5 0 0
15814.5 1 1
15815.5 3 1.73205
15816.5 3 1.73205
15817.5 0 0
15818.5 0 0
15819.5 1 1
15820.5 0 0
15821.5 2 1.41421
15822.5 1 1
15823.5 0 0
15824.5 1 1
15825.5 2 1.41421
15826.5 1 1
15827.5 3 1.73205
15828.5 1 1
15829.5 3 1.73205
15830.5 1 1
15831.5 1 1
15832.5 0 0
15833.5 1 1
15834.5 0 0
15835.5 2 1.41421
15836.5 1 1
15837.5 4 2
15838.5 0 0
15839.5 1 1
15840.5 2 1.41421
15841.5 1 1
15842.5 0 0
15843.5 2 1.41421
15844.5 1 1
15845.5 1 1
15846.5 2 1.41421
15847.5 0 0
15848.5 3 1.73205
15849.5 2 1.41421
15850.5 0 0
15851.5 1 1
15852.5 1 1
15853.5 0 0
15854.5 0 0
15855.5 0 0
15856.5 0 0
15857.5 1 1
15858.5 0 0
15859.5 1 1
15860.5 0 0
15861.5 0 0
15862.5 1 1
15863.5 0 0
15864.5 2 1.41421
15865.5 0 0
15866.5 0 0
15867.5 0 0
15868.5 1 1
15869.5 0 0
15870.5 2 1.41421
15871.5 1 1
15872.5 0 0
15873.5 0 0
15874.5 1 1
15875.5 1 1
15876.5 3 1.73205
15877.5 0 0
15878.5 1 1
15879.5 2 1.41421
15880.5 2 1.41421
15881.5 1 1
15882.5 1 1
15883.5 0 0
15884.5 0 0
15885.5 0 0
15886.5 0 0
15887.5 0 0
15888.5 0 0
15889.5 1 1
15890.5 0 0
15891.5 0 0
15892.5 0 0
15893.5 2 1.41421
15894.5 1 1
15895.5 0 0
15896.5 2 1.41421
15897.5 1 1
15898.5 0 0
15899.5 0 0
15900.5 0 0
15901.5 0 0
15902.5 1 1
15903.5 0 0
15904.5 0 0
15905.5 0 0
15906.5 0 0
15907.5 0 0
15908.5 1 1
15909.5 1 1
15910.5 0 0
15911.5 1 1
15912.5 1 1
15913.5 0 0
15914.5 0 0
15915.5 1 1
15916.5 0 0
15917.5 1 1
15918.5 0 0
15919.5 2 1.41421
15920.5 0 0
15921.5 0 0
15922.5 0 0
15923.5 1 1
15924.5 1 1
15925.5 1 1
15926.5 0 0
15927.5 0 0
15928.5 0 0
15929.5 1 1
15930.5 1 1
15931.5 3 1.73205
15932.5 2 1.41421
15933.5 0 0
15934.5 0 0
15935.5 0 0
15936.5 0 0
15937.5 0 0
15938.5 2 1.41421
15939.5 1 1
15940.5 2 1.41421
15941.5 0 0
15942.5 0 0
15943.5 1 1
15944.5 0 0
15945.5 2 1.41421
15946.5 0 0
15947.5 1 1
15948.5 1 1
15949.5 0 0
15950.5 3 1.73205
15951.5 2 1.41421
15952.5 0 0
15953.5 3 1.73205
15954.5 2 1.41421
15955.5 1 1
15956.5 0 0
15957.5 1 1
15958.5 1 1
15959.5 3 1.73205
15960.5 1 1
15961.5 1 1
15962.5 0 0
15963.5 1 1
15964.5 3 1.73205
15965.5 3 1.73205
15966.5 1 1
15967.5 0 0
15968.5 1 1
15969.5 1 1
15970.5 0 0
15971.5 1 1
15972.5 2 1.41421
15973.5 1 1
15974.5 3 1.73205
15975.5 2 1.41421
15976.5 3 1.73205
15977.5 1 1
15978.5 1 1
15979.5 1 1
15980.5 0 0
15981.5 2 1.41421
15982.5 0 0
15983.5 2 1.41421
15984.5 2 1.41421
15985.5 1 1
15986.5 1 1
15987.5 1 1
15988.5 1 1
15989.5 1 1
15990.5 0 0
15991.5 0 0
15992.5 0 0
15993.5 1 1
15994.5 0 0
15995.5 1 1
15996.5 1 1
15997.5 1 1
15998.5 1 1
15999.5 0 0
16000.5 0 0
16001.5 0 0
16002.5 1 1
16003.5 0 0
16004.5 0 0
16005.5 1 1
16006.5 1 1
16007.5 0 0
16008.5 1 1
16009.5 0 0
16010.5 1 1
16011.5 1 1
16012.5 0 0
16013.5 0 0
16014.5 1 1
16015.5 1 1
16016.5 1 1
16017.5 1 1
16018.5 0 0
16019.5 1 1
16020.5 0 0
16021.5 0 0
16022.5 1 1
16023.5 1 1
16024.5 2 1.41421
16025.5 1 1
16026.5 0 0
16027.5 0 0
16028.5 2 1.41421
16029.5 0 0
16030.5 0 0
16031.5 0 0
16032.5 0 0
16033.5 0 0
16034.5 0 0
16035.5 0 0
16036.5 1 1
16037.5 1 1
16038.5 0 0
16039.5 0 0
16040.5 1 1
16041.5 0 0
16042.5 0 0
16043.5 0 0
16044.5 1 1
16045.5 2 1.41421
16046.5 0 0
16047.5 0 0
16048.5 0 0
16049.5 0 0
16050.5 0 0
16051.5 0 0
16052.5 0 0
16053.5 1 1
16054.5 1 1
16055.5 0 0
16056.5 0 0
16057.5 1 1
16058.5 1 1
16059.5 1 1
16060.5 0 0
16061.5 0 0
16062.5 0 0
16063.5 0 0
16064.5 0 0
16065.5 0 0
16066.5 0 0
16067.5 0 0
16068.5 0 0
16069.5 1 1
16070.5 0 0
16071.5 0 0
16072.5 0 0
16073.5 2 1.41421
16074.5 0 0
16075.5 0 0
16076.5 1 1
16077.5 0 0
16078.5 0 0
16079.5 0 0
16080.5 0 0
16081.5 0 0
16082.5 1 1
16083.5 1 1
16084.5 0 0
16085.5 0 0
16086.5 0 0
16087.5 0 0
16088.5 0 0
16089.5 0 0
16090.5 1 1
16091.5 0 0
16092.5 0 0
16093.5 0 0
16094.5 0 0
16095.5 1 1
16096.5 0 0
16097.5 1 1
16098.5 0 0
16099.5 0 0
16100.5 0 0
16101.5 0 0
16102.5 0 0
16103.5 0 0
16104.5 2 1.41421
16105.5 0 0
16106.5 0 0
16107.5 0 0
16108.5 0 0
16109.5 0 0
16110.5 0 0
16111.5 0 0
16112.5 0 0
16113.5 0 0
16114.5 1 1
16115.5 0 0
16116.5 0 0
16117.5 0 0
16118.5 0 0
16119.5 2 1.41421
16120.5 0 0
16121.5 0 0
16122.5 0 0
16123.5 1 1
16124.5 0 0
16125.5 0 0
16126.5 0 0
16127.5 1 1
16128.5 1 1
16129.5 0 0
16130.5 0 0
16131.5 0 0
16132.5 1 1
16133.5 0 0
16134.5 1 1
16135.5 0 0
16136.5 0 0
16137.5 1 1
16138.5 1 1
16139.5 0 0
16140.5 0 0
16141.5 0 0
16142.5 0 0
16143.5 1 1
16144.5 0 0
16145.5 0 0
16146.5 2 1.41421
16147.5 0 0
16148.5 0 0
16149.5 0 0
16150.5 0 0
16151.5 0 0
16152.5 0 0
16153.5 0 0
16154.5 0 0
16155.5 0 0
16156.5 0 0
16157.5 0 0
16158.5 0 0
16159.5 0 0
16160.5 0 0
16161.5 0 0
16162.5 0 0
16163.5 0 0
16164.5 1 1
16165.5 0 0
16166.5 1 1
16167.5 1 1
16168.5 0 0
16169.5 0 0
16170.5 2 1.41421
16171.5 1 1
16172.5 0 0
16173.5 0 0
16174.5 0 0
16175.5 0 0
16176.5 0 0
16177.5 0 0
16178.5 0 0
16179.5 0 0
16180.5 1 1
16181.5 1 1
16182.5 0 0
16183.5 0 0
16184.5 1 1
16185.5 0 0
16186.5 0 0
16187.5 0 0
16188.5 0 0
16189.5 0 0
16190.5 0 0
16191.5 0 0
16192.5 1 1
16193.5 0 0
16194.5 0 0
16195.5 0 0
16196.5 0 0
16197.5 1 1
16198.5 0 0
16199.5 1 1
16200.5 0 0
16201.5 0 0
16202.5 0 0
16203.5 0 0
16204.5 0 0
16205.5 0 0
16206.5 1 1
16207.5 1 1
16208.5 0 0
16209.5 0 0
16210.5 0 0
16211.5 0 0
16212.5 0 0
16213.5 0 0
16214.5 0 0
16215.5 0 0
16216.5 0 0
16217.5 0 0
16218.5 0 0
16219.5 0 0
16220.5 2 1.41421
16221.5 0 0
16222.5 0 0
16223.5 0 0
16224.5 1 1
16225.5 0 0
16226.5 0 0
16227.5 0 0
16228.5 1 1
16229.5 2 1.41421
16230.5 0 0
16231.5 0 0
16232.5 0 0
16233.5 0 0
16234.5 0 0
16235.5 0 0
16236.5 0 0
16237.5 0 0
16238.5 1 1
16239.5 0 0
16240.5 0 0
16241.5 0 0
16242.5 0 0
16243.5 0 0
16244.5 0 0
16245.5 0 0
16246.5 0 0
16247.5 1 1
16248.5 1 1
16249.5 1 1
16250.5 1 1
16251.5 0 0
16252.5 1 1
16253.5 1 1
16254.5 0 0
16255.5 0 0
16256.5 0 0
16257.5 1 1
16258.5 0 0
16259.5 2 1.41421
16260.5 0 0
16261.5 1 1
16262.5 1 1
16263.5 0 0
16264.5 0 0
16265.5 0 0
16266.5 0 0
16267.5 1 1
16268.5 0 0
16269.5 0 0
16270.5 0 0
16271.5 0 0
16272.5 0 0
16273.5 1 1
16274.5 0 0
16275.5 0 0
16276.5 0 0
16277.5 1 1
16278.5 0 0
16279.5 0 0
16280.5 0 0
16281.5 0 0
16282.5 0 0
16283.5 0 0
16284.5 0 0
16285.5 0 0
16286.5 0 0
16287.5 0 0
16288.5 0 0
16289.5 0 0
16290.5 0 0
16291.5 1 1
16292.5 0 0
16293.5 0 0
16294.5 0 0
16295.5 0 0
16296.5 0 0
16297.5 0 0
16298.5 0 0
16299.5 0 0
16300.5 0 0
16301.5 0 0
16302.5 0 0
16303.5 0 0
16304.5 0 0
16305.5 0 0
16306.5 1 1
16307.5 0 0
16308.5 0 0
16309.5 0 0
16310.5 0 0
16311.5 0 0
16312.5 0 0
16313.5 1 1
16314.5 0 0
16315.5 1 1
16316.5 0 0
16317.5 0 0
16318.5 0 0
16319.5 0 0
16320.5 0 0
16321.5 0 0
16322.5 0 0
16323.5 0 0
16324.5 0 0
16325.5 0 0
16326.5 0 0
16327.5 0 0
16328.5 0 0
16329.5 1 1
16330.5 1 1
16331.5 1 1
16332.5 1 1
16333.5 0 0
16334.5 0 0
16335.5 0 0
16336.5 0 0
16337.5 0 0
16338.5 0 0
16339.5 1 1
16340.5 0 0
16341.5 0 0
16342.5 0 0
16343.5 1 1
16344.5 1 1
16345.5 0 0
16346.5 0 0
16347.5 1 1
16348.5 0 0
16349.5 0 0
16350.5 0 0
16351.5 1 1
16352.5 0 0
16353.5 0 0
16354.5 0 0
16355.5 0 0
16356.5 1 1
16357.5 0 0
16358.5 1 1
16359.5 0 0
16360.5 0 0
16361.5 1 1
16362.5 0 0
16363.5 0 0
16364.5 0 0
16365.5 0 0
16366.5 0 0
16367.5 0 0
16368.5 0 0
16369.5 0 0
16370.5 1 1
16371.5 0 0
16372.5 1 1
16373.5 0 0
16374.5 0 0
16375.5 0 0
16376.5 0 0
16377.5 0 0
16378.5 0 0
16379.5 0 0
16380.5 1 1
16381.5 0 0
16382.5 0 0
16383.5 0 0
