# Histogram: 97
# File: K47_T1_003-2.his
#X  N  dN
0.5 51230 226.34
1.5 1116 33.4066
2.5 1161 34.0735
3.5 1068 32.6803
4.5 936 30.5941
5.5 740 27.2029
6.5 552 23.4947
7.5 325 18.0278
8.5 210 14.4914
9.5 156 12.49
10.5 73 8.544
11.5 51 7.14143
12.5 43 6.55744
13.5 46 6.78233
14.5 60 7.74597
15.5 75 8.66025
16.5 87 9.32738
17.5 105 10.247
18.5 130 11.4018
19.5 141 11.8743
20.5 186 13.6382
21.5 186 13.6382
22.5 185 13.6015
23.5 203 14.2478
24.5 190 13.784
25.5 190 13.784
26.5 215 14.6629
27.5 183 13.5277
28.5 226 15.0333
29.5 217 14.7309
30.5 257 16.0312
31.5 283 16.8226
32.5 298 17.2627
33.5 290 17.0294
34.5 331 18.1934
35.5 342 18.4932
36.5 386 19.6469
37.5 357 18.8944
38.5 372 19.2873
39.5 404 20.0998
40.5 466 21.587
41.5 422 20.5426
42.5 441 21
43.5 477 21.8403
44.5 498 22.3159
45.5 508 22.5389
46.5 472 21.7256
47.5 539 23.2164
48.5 503 22.4277
49.5 512 22.6274
50.5 547 23.388
51.5 531 23.0434
52.5 536 23.1517
53.5 540 23.2379
54.5 556 23.5797
55.5 557 23.6008
56.5 517 22.7376
57.5 574 23.9583
58.5 582 24.1247
59.5 544 23.3238
60.5 559 23.6432
61.5 558 23.622
62.5 560 23.6643
63.5 567 23.8118
64.5 538 23.1948
65.5 573 23.9374
66.5 537 23.1733
67.5 586 24.2074
68.5 566 23.7908
69.5 574 23.9583
70.5 601 24.5153
71.5 564 23.7487
72.5 587 24.2281
73.5 566 23.7908
74.5 575 23.9792
75.5 548 23.4094
76.5 578 24.0416
77.5 584 24.1661
78.5 553 23.516
79.5 598 24.454
80.5 620 24.8998
81.5 595 24.3926
82.5 605 24.5967
83.5 615 24.7992
84.5 605 24.5967
85.5 581 24.1039
86.5 600 24.4949
87.5 609 24.6779
88.5 562 23.7065
89.5 647 25.4362
90.5 589 24.2693
91.5 626 25.02
92.5 630 25.0998
93.5 616 24.8193
94.5 637 25.2389
95.5 634 25.1794
96.5 609 24.6779
97.5 619 24.8797
98.5 625 25
99.5 630 25.0998
100.5 633 25.1595
101.5 639 25.2784
102.5 640 25.2982
103.5 605 24.5967
104.5 615 24.7992
105.5 614 24.779
106.5 660 25.6905
107.5 606 24.6171
108.5 623 24.96
109.5 610 24.6982
110.5 652 25.5343
111.5 608 24.6577
112.5 612 24.7386
113.5 677 26.0192
114.5 596 24.4131
115.5 597 24.4336
116.5 648 25.4558
117.5 643 25.3574
118.5 673 25.9422
119.5 664 25.7682
120.5 650 25.4951
121.5 717 26.7769
122.5 621 24.9199
123.5 679 26.0576
124.5 664 25.7682
125.5 709 26.6271
126.5 665 25.7876
127.5 692 26.3059
128.5 660 25.6905
129.5 641 25.318
130.5 688 26.2298
131.5 678 26.0384
132.5 668 25.8457
133.5 695 26.3629
134.5 699 26.4386
135.5 687 26.2107
136.5 708 26.6083
137.5 659 25.671
138.5 681 26.096
139.5 697 26.4008
140.5 662 25.7294
141.5 721 26.8514
142.5 702 26.4953
143.5 720 26.8328
144.5 658 25.6515
145.5 699 26.4386
146.5 700 26.4575
147.5 673 25.9422
148.5 689 26.2488
149.5 698 26.4197
150.5 698 26.4197
151.5 683 26.1343
152.5 683 26.1343
153.5 645 25.3969
154.5 683 26.1343
155.5 715 26.7395
156.5 714 26.7208
157.5 744 27.2764
158.5 714 26.7208
159.5 693 26.3249
160.5 707 26.5895
161.5 749 27.3679
162.5 698 26.4197
163.5 742 27.2397
164.5 738 27.1662
165.5 726 26.9444
166.5 731 27.037
167.5 707 26.5895
168.5 743 27.258
169.5 749 27.3679
170.5 773 27.8029
171.5 739 27.1846
172.5 742 27.2397
173.5 769 27.7308
174.5 746 27.313
175.5 767 27.6948
176.5 710 26.6458
177.5 784 28
178.5 750 27.3861
179.5 750 27.3861
180.5 784 28
181.5 741 27.2213
182.5 747 27.3313
183.5 791 28.1247
184.5 813 28.5132
185.5 798 28.2489
186.5 749 27.3679
187.5 740 27.2029
188.5 719 26.8142
189.5 739 27.1846
190.5 740 27.2029
191.5 791 28.1247
192.5 794 28.178
193.5 743 27.258
194.5 749 27.3679
195.5 777 27.8747
196.5 790 28.1069
197.5 709 26.6271
198.5 788 28.0713
199.5 766 27.6767
200.5 784 28
201.5 777 27.8747
202.5 747 27.3313
203.5 770 27.7489
204.5 744 27.2764
205.5 739 27.1846
206.5 839 28.9655
207.5 786 28.0357
208.5 767 27.6948
209.5 779 27.9106
210.5 740 27.2029
211.5 788 28.0713
212.5 806 28.3901
213.5 799 28.2666
214.5 764 27.6405
215.5 819 28.6182
216.5 787 28.0535
217.5 752 27.4226
218.5 788 28.0713
219.5 716 26.7582
220.5 808 28.4253
221.5 769 27.7308
222.5 808 28.4253
223.5 852 29.189
224.5 811 28.4781
225.5 779 27.9106
226.5 761 27.5862
227.5 782 27.9643
228.5 810 28.4605
229.5 747 27.3313
230.5 808 28.4253
231.5 829 28.7924
232.5 717 26.7769
233.5 846 29.0861
234.5 816 28.5657
235.5 836 28.9137
236.5 785 28.0179
237.5 814 28.5307
238.5 832 28.8444
239.5 799 28.2666
240.5 758 27.5318
241.5 787 28.0535
242.5 775 27.8388
243.5 788 28.0713
244.5 806 28.3901
245.5 810 28.4605
246.5 843 29.0345
247.5 824 28.7054
248.5 830 28.8097
249.5 791 28.1247
250.5 747 27.3313
251.5 822 28.6705
252.5 843 29.0345
253.5 842 29.0172
254.5 790 28.1069
255.5 790 28.1069
256.5 799 28.2666
257.5 884 29.7321
258.5 842 29.0172
259.5 796 28.2135
260.5 801 28.3019
261.5 885 29.7489
262.5 818 28.6007
263.5 797 28.2312
264.5 802 28.3196
265.5 767 27.6948
266.5 836 28.9137
267.5 806 28.3901
268.5 851 29.1719
269.5 789 28.0891
270.5 840 28.9828
271.5 860 29.3258
272.5 832 28.8444
273.5 837 28.931
274.5 834 28.8791
275.5 837 28.931
276.5 888 29.7993
277.5 863 29.3769
278.5 829 28.7924
279.5 818 28.6007
280.5 873 29.5466
281.5 885 29.7489
282.5 851 29.1719
283.5 817 28.5832
284.5 819 28.6182
285.5 818 28.6007
286.5 855 29.2404
287.5 814 28.5307
288.5 810 28.4605
289.5 836 28.9137
290.5 835 28.8964
291.5 810 28.4605
292.5 778 27.8927
293.5 825 28.7228
294.5 837 28.931
295.5 796 28.2135
296.5 797 28.2312
297.5 813 28.5132
298.5 823 28.688
299.5 842 29.0172
300.5 877 29.6142
301.5 870 29.4958
302.5 855 29.2404
303.5 855 29.2404
304.5 819 28.6182
305.5 818 28.6007
306.5 862 29.3598
307.5 816 28.5657
308.5 820 28.6356
309.5 884 29.7321
310.5 855 29.2404
311.5 867 29.4449
312.5 827 28.7576
313.5 841 29
314.5 807 28.4077
315.5 829 28.7924
316.5 876 29.5973
317.5 838 28.9482
318.5 833 28.8617
319.5 909 30.1496
320.5 869 29.4788
321.5 873 29.5466
322.5 877 29.6142
323.5 873 29.5466
324.5 860 29.3258
325.5 834 28.8791
326.5 867 29.4449
327.5 874 29.5635
328.5 834 28.8791
329.5 841 29
330.5 842 29.0172
331.5 814 28.5307
332.5 867 29.4449
333.5 846 29.0861
334.5 892 29.8664
335.5 847 29.1033
336.5 850 29.1548
337.5 833 28.8617
338.5 882 29.6985
339.5 873 29.5466
340.5 903 30.05
341.5 864 29.3939
342.5 860 29.3258
343.5 892 29.8664
344.5 848 29.1204
345.5 861 29.3428
346.5 848 29.1204
347.5 883 29.7153
348.5 860 29.3258
349.5 842 29.0172
350.5 901 30.0167
351.5 928 30.4631
352.5 861 29.3428
353.5 880 29.6648
354.5 923 30.3809
355.5 876 29.5973
356.5 875 29.5804
357.5 869 29.4788
358.5 854 29.2233
359.5 873 29.5466
360.5 810 28.4605
361.5 855 29.2404
362.5 910 30.1662
363.5 904 30.0666
364.5 908 30.133
365.5 868 29.4618
366.5 910 30.1662
367.5 862 29.3598
368.5 847 29.1033
369.5 974 31.209
370.5 895 29.9166
371.5 906 30.0998
372.5 893 29.8831
373.5 871 29.5127
374.5 929 30.4795
375.5 914 30.2324
376.5 901 30.0167
377.5 908 30.133
378.5 915 30.249
379.5 890 29.8329
380.5 922 30.3645
381.5 914 30.2324
382.5 919 30.315
383.5 831 28.8271
384.5 923 30.3809
385.5 908 30.133
386.5 914 30.2324
387.5 949 30.8058
388.5 903 30.05
389.5 953 30.8707
390.5 946 30.7571
391.5 908 30.133
392.5 905 30.0832
393.5 930 30.4959
394.5 951 30.8383
395.5 870 29.4958
396.5 944 30.7246
397.5 860 29.3258
398.5 867 29.4449
399.5 868 29.4618
400.5 923 30.3809
401.5 871 29.5127
402.5 910 30.1662
403.5 893 29.8831
404.5 932 30.5287
405.5 917 30.282
406.5 897 29.95
407.5 897 29.95
408.5 864 29.3939
409.5 893 29.8831
410.5 965 31.0644
411.5 923 30.3809
412.5 872 29.5296
413.5 936 30.5941
414.5 942 30.692
415.5 921 30.348
416.5 931 30.5123
417.5 867 29.4449
418.5 905 30.0832
419.5 905 30.0832
420.5 949 30.8058
421.5 905 30.0832
422.5 930 30.4959
423.5 946 30.7571
424.5 971 31.1609
425.5 890 29.8329
426.5 891 29.8496
427.5 878 29.6311
428.5 962 31.0161
429.5 945 30.7409
430.5 855 29.2404
431.5 915 30.249
432.5 898 29.9666
433.5 913 30.2159
434.5 895 29.9166
435.5 934 30.5614
436.5 917 30.282
437.5 956 30.9192
438.5 869 29.4788
439.5 996 31.5595
440.5 940 30.6594
441.5 924 30.3974
442.5 966 31.0805
443.5 957 30.9354
444.5 985 31.3847
445.5 877 29.6142
446.5 993 31.5119
447.5 976 31.241
448.5 965 31.0644
449.5 874 29.5635
450.5 964 31.0483
451.5 924 30.3974
452.5 920 30.3315
453.5 954 30.8869
454.5 953 30.8707
455.5 945 30.7409
456.5 993 31.5119
457.5 960 30.9839
458.5 936 30.5941
459.5 966 31.0805
460.5 923 30.3809
461.5 880 29.6648
462.5 955 30.9031
463.5 955 30.9031
464.5 943 30.7083
465.5 950 30.8221
466.5 898 29.9666
467.5 932 30.5287
468.5 997 31.5753
469.5 968 31.1127
470.5 929 30.4795
471.5 971 31.1609
472.5 931 30.5123
473.5 896 29.9333
474.5 963 31.0322
475.5 924 30.3974
476.5 942 30.692
477.5 897 29.95
478.5 910 30.1662
479.5 943 30.7083
480.5 1014 31.8434
481.5 934 30.5614
482.5 1004 31.686
483.5 972 31.1769
484.5 946 30.7571
485.5 928 30.4631
486.5 903 30.05
487.5 956 30.9192
488.5 965 31.0644
489.5 934 30.5614
490.5 962 31.0161
491.5 934 30.5614
492.5 952 30.8545
493.5 913 30.2159
494.5 922 30.3645
495.5 890 29.8329
496.5 923 30.3809
497.5 965 31.0644
498.5 1019 31.9218
499.5 946 30.7571
500.5 938 30.6268
501.5 940 30.6594
502.5 943 30.7083
503.5 963 31.0322
504.5 955 30.9031
505.5 977 31.257
506.5 941 30.6757
507.5 947 30.7734
508.5 968 31.1127
509.5 986 31.4006
510.5 912 30.1993
511.5 924 30.3974
512.5 1005 31.7017
513.5 966 31.0805
514.5 916 30.2655
515.5 1012 31.8119
516.5 895 29.9166
517.5 1025 32.0156
518.5 924 30.3974
519.5 938 30.6268
520.5 977 31.257
521.5 931 30.5123
522.5 933 30.545
523.5 969 31.1288
524.5 911 30.1828
525.5 1027 32.0468
526.5 958 30.9516
527.5 1026 32.0312
528.5 979 31.289
529.5 949 30.8058
530.5 1007 31.7333
531.5 978 31.273
532.5 1004 31.686
533.5 958 30.9516
534.5 991 31.4802
535.5 974 31.209
536.5 1022 31.9687
537.5 1020 31.9374
538.5 961 31
539.5 954 30.8869
540.5 1021 31.9531
541.5 1001 31.6386
542.5 937 30.6105
543.5 1027 32.0468
544.5 933 30.545
545.5 996 31.5595
546.5 1018 31.9061
547.5 968 31.1127
548.5 983 31.3528
549.5 999 31.607
550.5 973 31.1929
551.5 979 31.289
552.5 999 31.607
553.5 930 30.4959
554.5 1035 32.1714
555.5 975 31.225
556.5 998 31.5911
557.5 977 31.257
558.5 1052 32.4345
559.5 992 31.496
560.5 909 30.1496
561.5 997 31.5753
562.5 987 31.4166
563.5 1014 31.8434
564.5 1003 31.6702
565.5 973 31.1929
566.5 993 31.5119
567.5 999 31.607
568.5 961 31
569.5 1068 32.6803
570.5 1086 32.9545
571.5 980 31.305
572.5 1067 32.665
573.5 1045 32.3265
574.5 1039 32.2335
575.5 981 31.3209
576.5 1048 32.3728
577.5 993 31.5119
578.5 982 31.3369
579.5 1048 32.3728
580.5 1006 31.7175
581.5 1012 31.8119
582.5 1027 32.0468
583.5 1030 32.0936
584.5 1057 32.5115
585.5 1023 31.9844
586.5 998 31.5911
587.5 1046 32.3419
588.5 1003 31.6702
589.5 1024 32
590.5 1044 32.311
591.5 1042 32.28
592.5 991 31.4802
593.5 1063 32.6037
594.5 1058 32.5269
595.5 1039 32.2335
596.5 1032 32.1248
597.5 1065 32.6343
598.5 1046 32.3419
599.5 1027 32.0468
600.5 1035 32.1714
601.5 1003 31.6702
602.5 1013 31.8277
603.5 998 31.5911
604.5 1101 33.1813
605.5 1049 32.3883
606.5 1027 32.0468
607.5 1032 32.1248
608.5 1048 32.3728
609.5 996 31.5595
610.5 1050 32.4037
611.5 1044 32.311
612.5 1081 32.8786
613.5 992 31.496
614.5 1028 32.0624
615.5 1005 31.7017
616.5 995 31.5436
617.5 1015 31.8591
618.5 1058 32.5269
619.5 1033 32.1403
620.5 1001 31.6386
621.5 1080 32.8634
622.5 1032 32.1248
623.5 987 31.4166
624.5 1015 31.8591
625.5 1002 31.6544
626.5 1037 32.2025
627.5 1057 32.5115
628.5 1039 32.2335
629.5 1057 32.5115
630.5 1083 32.909
631.5 1026 32.0312
632.5 1013 31.8277
633.5 1057 32.5115
634.5 1054 32.4654
635.5 975 31.225
636.5 991 31.4802
637.5 1110 33.3167
638.5 1005 31.7017
639.5 1081 32.8786
640.5 1019 31.9218
641.5 1022 31.9687
642.5 1080 32.8634
643.5 1041 32.2645
644.5 1030 32.0936
645.5 1021 31.9531
646.5 1055 32.4808
647.5 985 31.3847
648.5 1055 32.4808
649.5 1035 32.1714
650.5 1064 32.619
651.5 1023 31.9844
652.5 1056 32.4962
653.5 1025 32.0156
654.5 1038 32.218
655.5 1074 32.7719
656.5 1022 31.9687
657.5 1093 33.0606
658.5 1023 31.9844
659.5 1017 31.8904
660.5 1011 31.7962
661.5 1039 32.2335
662.5 1102 33.1964
663.5 1090 33.0151
664.5 1064 32.619
665.5 1085 32.9393
666.5 965 31.0644
667.5 1087 32.9697
668.5 1041 32.2645
669.5 983 31.3528
670.5 995 31.5436
671.5 1063 32.6037
672.5 1023 31.9844
673.5 1104 33.2265
674.5 1024 32
675.5 1068 32.6803
676.5 1034 32.1559
677.5 1010 31.7805
678.5 1100 33.1662
679.5 1036 32.187
680.5 1049 32.3883
681.5 1037 32.2025
682.5 997 31.5753
683.5 1026 32.0312
684.5 1057 32.5115
685.5 1059 32.5423
686.5 1055 32.4808
687.5 1073 32.7567
688.5 1085 32.9393
689.5 1084 32.9242
690.5 1069 32.6956
691.5 1062 32.5883
692.5 1051 32.4191
693.5 1024 32
694.5 1048 32.3728
695.5 1081 32.8786
696.5 1080 32.8634
697.5 1082 32.8938
698.5 1110 33.3167
699.5 1072 32.7414
700.5 1028 32.0624
701.5 994 31.5278
702.5 952 30.8545
703.5 1055 32.4808
704.5 1002 31.6544
705.5 999 31.607
706.5 1042 32.28
707.5 1042 32.28
708.5 1100 33.1662
709.5 1058 32.5269
710.5 955 30.9031
711.5 1021 31.9531
712.5 1007 31.7333
713.5 1082 32.8938
714.5 1068 32.6803
715.5 1005 31.7017
716.5 1029 32.078
717.5 1012 31.8119
718.5 1037 32.2025
719.5 1047 32.3574
720.5 1118 33.4365
721.5 1025 32.0156
722.5 1034 32.1559
723.5 1005 31.7017
724.5 1017 31.8904
725.5 976 31.241
726.5 957 30.9354
727.5 1013 31.8277
728.5 1060 32.5576
729.5 975 31.225
730.5 1015 31.8591
731.5 1020 31.9374
732.5 1085 32.9393
733.5 1005 31.7017
734.5 1093 33.0606
735.5 983 31.3528
736.5 997 31.5753
737.5 1064 32.619
738.5 1028 32.0624
739.5 963 31.0322
740.5 1010 31.7805
741.5 1046 32.3419
742.5 1002 31.6544
743.5 1012 31.8119
744.5 1006 31.7175
745.5 1017 31.8904
746.5 1065 32.6343
747.5 997 31.5753
748.5 1039 32.2335
749.5 1020 31.9374
750.5 1064 32.619
751.5 1045 32.3265
752.5 1053 32.45
753.5 987 31.4166
754.5 1021 31.9531
755.5 1002 31.6544
756.5 945 30.7409
757.5 1025 32.0156
758.5 1052 32.4345
759.5 1010 31.7805
760.5 1049 32.3883
761.5 1054 32.4654
762.5 987 31.4166
763.5 988 31.4325
764.5 1030 32.0936
765.5 1044 32.311
766.5 1041 32.2645
767.5 1011 31.7962
768.5 1018 31.9061
769.5 1018 31.9061
770.5 1024 32
771.5 974 31.209
772.5 997 31.5753
773.5 1017 31.8904
774.5 1013 31.8277
775.5 985 31.3847
776.5 1050 32.4037
777.5 1050 32.4037
778.5 930 30.4959
779.5 1035 32.1714
780.5 993 31.5119
781.5 1010 31.7805
782.5 993 31.5119
783.5 1037 32.2025
784.5 957 30.9354
785.5 956 30.9192
786.5 1018 31.9061
787.5 990 31.4643
788.5 979 31.289
789.5 1013 31.8277
790.5 1058 32.5269
791.5 1016 31.8748
792.5 1005 31.7017
793.5 1007 31.7333
794.5 1030 32.0936
795.5 1002 31.6544
796.5 977 31.257
797.5 1013 31.8277
798.5 1031 32.1092
799.5 1028 32.0624
800.5 1034 32.1559
801.5 1017 31.8904
802.5 993 31.5119
803.5 909 30.1496
804.5 1028 32.0624
805.5 944 30.7246
806.5 1028 32.0624
807.5 1039 32.2335
808.5 941 30.6757
809.5 981 31.3209
810.5 968 31.1127
811.5 1019 31.9218
812.5 1004 31.686
813.5 1050 32.4037
814.5 1009 31.7648
815.5 965 31.0644
816.5 1019 31.9218
817.5 1032 32.1248
818.5 1030 32.0936
819.5 1030 32.0936
820.5 990 31.4643
821.5 1051 32.4191
822.5 1029 32.078
823.5 1050 32.4037
824.5 969 31.1288
825.5 943 30.7083
826.5 1017 31.8904
827.5 993 31.5119
828.5 995 31.5436
829.5 974 31.209
830.5 1028 32.0624
831.5 1066 32.6497
832.5 1004 31.686
833.5 1012 31.8119
834.5 975 31.225
835.5 1013 31.8277
836.5 983 31.3528
837.5 1002 31.6544
838.5 1039 32.2335
839.5 1017 31.8904
840.5 956 30.9192
841.5 969 31.1288
842.5 934 30.5614
843.5 988 31.4325
844.5 1022 31.9687
845.5 1020 31.9374
846.5 972 31.1769
847.5 985 31.3847
848.5 962 31.0161
849.5 1036 32.187
850.5 1003 31.6702
851.5 937 30.6105
852.5 987 31.4166
853.5 1005 31.7017
854.5 930 30.4959
855.5 1015 31.8591
856.5 959 30.9677
857.5 1016 31.8748
858.5 1014 31.8434
859.5 953 30.8707
860.5 1022 31.9687
861.5 1018 31.9061
862.5 1028 32.0624
863.5 914 30.2324
864.5 979 31.289
865.5 962 31.0161
866.5 961 31
867.5 1024 32
868.5 980 31.305
869.5 964 31.0483
870.5 1025 32.0156
871.5 961 31
872.5 986 31.4006
873.5 971 31.1609
874.5 975 31.225
875.5 1016 31.8748
876.5 984 31.3688
877.5 1002 31.6544
878.5 986 31.4006
879.5 1022 31.9687
880.5 959 30.9677
881.5 947 30.7734
882.5 945 30.7409
883.5 975 31.225
884.5 952 30.8545
885.5 978 31.273
886.5 1097 33.121
887.5 1003 31.6702
888.5 983 31.3528
889.5 1013 31.8277
890.5 1023 31.9844
891.5 1019 31.9218
892.5 961 31
893.5 1028 32.0624
894.5 1056 32.4962
895.5 974 31.209
896.5 968 31.1127
897.5 974 31.209
898.5 1022 31.9687
899.5 982 31.3369
900.5 1022 31.9687
901.5 999 31.607
902.5 952 30.8545
903.5 1001 31.6386
904.5 1017 31.8904
905.5 979 31.289
906.5 1048 32.3728
907.5 1032 32.1248
908.5 984 31.3688
909.5 1055 32.4808
910.5 1066 32.6497
911.5 1056 32.4962
912.5 1013 31.8277
913.5 1042 32.28
914.5 1044 32.311
915.5 1060 32.5576
916.5 1041 32.2645
917.5 1058 32.5269
918.5 1087 32.9697
919.5 1077 32.8177
920.5 1061 32.573
921.5 1169 34.1906
922.5 1073 32.7567
923.5 1066 32.6497
924.5 1085 32.9393
925.5 1170 34.2053
926.5 1008 31.749
927.5 1110 33.3167
928.5 1173 34.2491
929.5 1165 34.1321
930.5 1093 33.0606
931.5 1116 33.4066
932.5 1171 34.2199
933.5 1148 33.8821
934.5 1131 33.6303
935.5 1141 33.7787
936.5 1218 34.8999
937.5 1139 33.7491
938.5 1194 34.5543
939.5 1123 33.5112
940.5 1109 33.3017
941.5 1142 33.7935
942.5 1155 33.9853
943.5 1126 33.5559
944.5 1077 32.8177
945.5 1088 32.9848
946.5 1173 34.2491
947.5 1106 33.2566
948.5 1114 33.3766
949.5 1165 34.1321
950.5 1087 32.9697
951.5 1221 34.9428
952.5 1110 33.3167
953.5 1221 34.9428
954.5 1159 34.0441
955.5 1161 34.0735
956.5 1108 33.2866
957.5 1136 33.7046
958.5 1086 32.9545
959.5 1154 33.9706
960.5 1119 33.4515
961.5 1093 33.0606
962.5 1157 34.0147
963.5 1124 33.5261
964.5 1101 33.1813
965.5 1130 33.6155
966.5 1100 33.1662
967.5 1109 33.3017
968.5 1120 33.4664
969.5 1083 32.909
970.5 1152 33.9411
971.5 1135 33.6898
972.5 1130 33.6155
973.5 1128 33.5857
974.5 1118 33.4365
975.5 1136 33.7046
976.5 1106 33.2566
977.5 1167 34.1614
978.5 1072 32.7414
979.5 1164 34.1174
980.5 1085 32.9393
981.5 1062 32.5883
982.5 1062 32.5883
983.5 1084 32.9242
984.5 1141 33.7787
985.5 1133 33.6601
986.5 1114 33.3766
987.5 1106 33.2566
988.5 1124 33.5261
989.5 1088 32.9848
990.5 1045 32.3265
991.5 1071 32.7261
992.5 1083 32.909
993.5 1054 32.4654
994.5 1069 32.6956
995.5 1047 32.3574
996.5 1074 32.7719
997.5 1039 32.2335
998.5 1087 32.9697
999.5 1053 32.45
1000.5 1065 32.6343
1001.5 1116 33.4066
1002.5 1041 32.2645
1003.5 1075 32.7872
1004.5 1021 31.9531
1005.5 1034 32.1559
1006.5 1041 32.2645
1007.5 1062 32.5883
1008.5 1026 32.0312
1009.5 1033 32.1403
1010.5 1026 32.0312
1011.5 997 31.5753
1012.5 983 31.3528
1013.5 1097 33.121
1014.5 1031 32.1092
1015.5 1048 32.3728
1016.5 1012 31.8119
1017.5 1005 31.7017
1018.5 1013 31.8277
1019.5 1067 32.665
1020.5 1011 31.7962
1021.5 1002 31.6544
1022.5 1042 32.28
1023.5 967 31.0966
1024.5 1045 32.3265
1025.5 1054 32.4654
1026.5 1023 31.9844
1027.5 989 31.4484
1028.5 987 31.4166
1029.5 1071 32.7261
1030.5 1001 31.6386
1031.5 998 31.5911
1032.5 988 31.4325
1033.5 1001 31.6386
1034.5 1035 32.1714
1035.5 1055 32.4808
1036.5 1050 32.4037
1037.5 993 31.5119
1038.5 959 30.9677
1039.5 980 31.305
1040.5 969 31.1288
1041.5 1043 32.2955
1042.5 965 31.0644
1043.5 956 30.9192
1044.5 977 31.257
1045.5 1017 31.8904
1046.5 949 30.8058
1047.5 981 31.3209
1048.5 978 31.273
1049.5 966 31.0805
1050.5 985 31.3847
1051.5 1003 31.6702
1052.5 931 30.5123
1053.5 989 31.4484
1054.5 959 30.9677
1055.5 966 31.0805
1056.5 981 31.3209
1057.5 921 30.348
1058.5 936 30.5941
1059.5 999 31.607
1060.5 951 30.8383
1061.5 980 31.305
1062.5 983 31.3528
1063.5 907 30.1164
1064.5 955 30.9031
1065.5 963 31.0322
1066.5 960 30.9839
1067.5 969 31.1288
1068.5 933 30.545
1069.5 969 31.1288
1070.5 885 29.7489
1071.5 881 29.6816
1072.5 1014 31.8434
1073.5 931 30.5123
1074.5 896 29.9333
1075.5 923 30.3809
1076.5 946 30.7571
1077.5 888 29.7993
1078.5 956 30.9192
1079.5 870 29.4958
1080.5 937 30.6105
1081.5 901 30.0167
1082.5 919 30.315
1083.5 936 30.5941
1084.5 946 30.7571
1085.5 954 30.8869
1086.5 943 30.7083
1087.5 934 30.5614
1088.5 913 30.2159
1089.5 915 30.249
1090.5 898 29.9666
1091.5 945 30.7409
1092.5 887 29.7825
1093.5 889 29.8161
1094.5 868 29.4618
1095.5 942 30.692
1096.5 918 30.2985
1097.5 956 30.9192
1098.5 910 30.1662
1099.5 889 29.8161
1100.5 879 29.6479
1101.5 904 30.0666
1102.5 922 30.3645
1103.5 897 29.95
1104.5 931 30.5123
1105.5 912 30.1993
1106.5 897 29.95
1107.5 860 29.3258
1108.5 957 30.9354
1109.5 946 30.7571
1110.5 897 29.95
1111.5 895 29.9166
1112.5 885 29.7489
1113.5 882 29.6985
1114.5 880 29.6648
1115.5 888 29.7993
1116.5 879 29.6479
1117.5 867 29.4449
1118.5 842 29.0172
1119.5 862 29.3598
1120.5 862 29.3598
1121.5 879 29.6479
1122.5 856 29.2575
1123.5 855 29.2404
1124.5 931 30.5123
1125.5 853 29.2062
1126.5 879 29.6479
1127.5 857 29.2746
1128.5 865 29.4109
1129.5 871 29.5127
1130.5 887 29.7825
1131.5 870 29.4958
1132.5 887 29.7825
1133.5 841 29
1134.5 870 29.4958
1135.5 818 28.6007
1136.5 908 30.133
1137.5 833 28.8617
1138.5 832 28.8444
1139.5 848 29.1204
1140.5 881 29.6816
1141.5 883 29.7153
1142.5 843 29.0345
1143.5 827 28.7576
1144.5 851 29.1719
1145.5 797 28.2312
1146.5 885 29.7489
1147.5 832 28.8444
1148.5 838 28.9482
1149.5 840 28.9828
1150.5 840 28.9828
1151.5 796 28.2135
1152.5 838 28.9482
1153.5 847 29.1033
1154.5 828 28.775
1155.5 862 29.3598
1156.5 830 28.8097
1157.5 876 29.5973
1158.5 826 28.7402
1159.5 895 29.9166
1160.5 853 29.2062
1161.5 864 29.3939
1162.5 809 28.4429
1163.5 805 28.3725
1164.5 830 28.8097
1165.5 819 28.6182
1166.5 837 28.931
1167.5 831 28.8271
1168.5 820 28.6356
1169.5 806 28.3901
1170.5 859 29.3087
1171.5 820 28.6356
1172.5 809 28.4429
1173.5 860 29.3258
1174.5 835 28.8964
1175.5 803 28.3373
1176.5 895 29.9166
1177.5 833 28.8617
1178.5 867 29.4449
1179.5 823 28.688
1180.5 840 28.9828
1181.5 887 29.7825
1182.5 822 28.6705
1183.5 834 28.8791
1184.5 840 28.9828
1185.5 862 29.3598
1186.5 864 29.3939
1187.5 833 28.8617
1188.5 781 27.9464
1189.5 845 29.0689
1190.5 852 29.189
1191.5 851 29.1719
1192.5 870 29.4958
1193.5 765 27.6586
1194.5 875 29.5804
1195.5 867 29.4449
1196.5 846 29.0861
1197.5 842 29.0172
1198.5 787 28.0535
1199.5 805 28.3725
1200.5 825 28.7228
1201.5 807 28.4077
1202.5 768 27.7128
1203.5 784 28
1204.5 771 27.7669
1205.5 831 28.8271
1206.5 872 29.5296
1207.5 882 29.6985
1208.5 791 28.1247
1209.5 836 28.9137
1210.5 815 28.5482
1211.5 790 28.1069
1212.5 814 28.5307
1213.5 796 28.2135
1214.5 838 28.9482
1215.5 780 27.9285
1216.5 815 28.5482
1217.5 838 28.9482
1218.5 791 28.1247
1219.5 775 27.8388
1220.5 790 28.1069
1221.5 813 28.5132
1222.5 810 28.4605
1223.5 808 28.4253
1224.5 807 28.4077
1225.5 756 27.4955
1226.5 807 28.4077
1227.5 805 28.3725
1228.5 865 29.4109
1229.5 795 28.1957
1230.5 828 28.775
1231.5 834 28.8791
1232.5 777 27.8747
1233.5 788 28.0713
1234.5 823 28.688
1235.5 794 28.178
1236.5 813 28.5132
1237.5 786 28.0357
1238.5 793 28.1603
1239.5 798 28.2489
1240.5 812 28.4956
1241.5 799 28.2666
1242.5 782 27.9643
1243.5 816 28.5657
1244.5 821 28.6531
1245.5 756 27.4955
1246.5 781 27.9464
1247.5 847 29.1033
1248.5 786 28.0357
1249.5 797 28.2312
1250.5 757 27.5136
1251.5 826 28.7402
1252.5 826 28.7402
1253.5 800 28.2843
1254.5 783 27.9821
1255.5 771 27.7669
1256.5 798 28.2489
1257.5 808 28.4253
1258.5 783 27.9821
1259.5 767 27.6948
1260.5 786 28.0357
1261.5 765 27.6586
1262.5 744 27.2764
1263.5 787 28.0535
1264.5 755 27.4773
1265.5 742 27.2397
1266.5 734 27.0924
1267.5 771 27.7669
1268.5 776 27.8568
1269.5 743 27.258
1270.5 783 27.9821
1271.5 755 27.4773
1272.5 789 28.0891
1273.5 797 28.2312
1274.5 785 28.0179
1275.5 760 27.5681
1276.5 767 27.6948
1277.5 769 27.7308
1278.5 784 28
1279.5 739 27.1846
1280.5 751 27.4044
1281.5 812 28.4956
1282.5 775 27.8388
1283.5 762 27.6043
1284.5 750 27.3861
1285.5 798 28.2489
1286.5 781 27.9464
1287.5 734 27.0924
1288.5 705 26.5518
1289.5 749 27.3679
1290.5 731 27.037
1291.5 792 28.1425
1292.5 776 27.8568
1293.5 704 26.533
1294.5 719 26.8142
1295.5 680 26.0768
1296.5 740 27.2029
1297.5 778 27.8927
1298.5 693 26.3249
1299.5 714 26.7208
1300.5 723 26.8887
1301.5 736 27.1293
1302.5 728 26.9815
1303.5 741 27.2213
1304.5 743 27.258
1305.5 794 28.178
1306.5 708 26.6083
1307.5 676 26
1308.5 731 27.037
1309.5 711 26.6646
1310.5 742 27.2397
1311.5 798 28.2489
1312.5 706 26.5707
1313.5 710 26.6458
1314.5 737 27.1477
1315.5 749 27.3679
1316.5 716 26.7582
1317.5 718 26.7955
1318.5 712 26.6833
1319.5 692 26.3059
1320.5 741 27.2213
1321.5 746 27.313
1322.5 667 25.8263
1323.5 742 27.2397
1324.5 743 27.258
1325.5 797 28.2312
1326.5 691 26.2869
1327.5 766 27.6767
1328.5 716 26.7582
1329.5 704 26.533
1330.5 698 26.4197
1331.5 720 26.8328
1332.5 733 27.074
1333.5 705 26.5518
1334.5 732 27.0555
1335.5 671 25.9037
1336.5 728 26.9815
1337.5 717 26.7769
1338.5 703 26.5141
1339.5 698 26.4197
1340.5 670 25.8844
1341.5 659 25.671
1342.5 690 26.2679
1343.5 674 25.9615
1344.5 652 25.5343
1345.5 671 25.9037
1346.5 696 26.3818
1347.5 724 26.9072
1348.5 671 25.9037
1349.5 676 26
1350.5 705 26.5518
1351.5 708 26.6083
1352.5 695 26.3629
1353.5 720 26.8328
1354.5 711 26.6646
1355.5 659 25.671
1356.5 715 26.7395
1357.5 706 26.5707
1358.5 693 26.3249
1359.5 716 26.7582
1360.5 686 26.1916
1361.5 687 26.2107
1362.5 707 26.5895
1363.5 711 26.6646
1364.5 671 25.9037
1365.5 710 26.6458
1366.5 657 25.632
1367.5 680 26.0768
1368.5 638 25.2587
1369.5 657 25.632
1370.5 653 25.5539
1371.5 659 25.671
1372.5 681 26.096
1373.5 681 26.096
1374.5 653 25.5539
1375.5 667 25.8263
1376.5 678 26.0384
1377.5 688 26.2298
1378.5 668 25.8457
1379.5 685 26.1725
1380.5 645 25.3969
1381.5 692 26.3059
1382.5 667 25.8263
1383.5 654 25.5734
1384.5 664 25.7682
1385.5 672 25.923
1386.5 684 26.1534
1387.5 669 25.865
1388.5 644 25.3772
1389.5 654 25.5734
1390.5 645 25.3969
1391.5 662 25.7294
1392.5 659 25.671
1393.5 654 25.5734
1394.5 669 25.865
1395.5 667 25.8263
1396.5 648 25.4558
1397.5 649 25.4755
1398.5 668 25.8457
1399.5 677 26.0192
1400.5 682 26.1151
1401.5 635 25.1992
1402.5 697 26.4008
1403.5 623 24.96
1404.5 694 26.3439
1405.5 609 24.6779
1406.5 715 26.7395
1407.5 660 25.6905
1408.5 662 25.7294
1409.5 648 25.4558
1410.5 635 25.1992
1411.5 677 26.0192
1412.5 662 25.7294
1413.5 673 25.9422
1414.5 616 24.8193
1415.5 606 24.6171
1416.5 675 25.9808
1417.5 645 25.3969
1418.5 623 24.96
1419.5 673 25.9422
1420.5 651 25.5147
1421.5 650 25.4951
1422.5 630 25.0998
1423.5 647 25.4362
1424.5 594 24.3721
1425.5 690 26.2679
1426.5 638 25.2587
1427.5 663 25.7488
1428.5 628 25.0599
1429.5 648 25.4558
1430.5 681 26.096
1431.5 632 25.1396
1432.5 628 25.0599
1433.5 619 24.8797
1434.5 703 26.5141
1435.5 670 25.8844
1436.5 635 25.1992
1437.5 621 24.9199
1438.5 616 24.8193
1439.5 627 25.04
1440.5 609 24.6779
1441.5 675 25.9808
1442.5 627 25.04
1443.5 581 24.1039
1444.5 631 25.1197
1445.5 652 25.5343
1446.5 657 25.632
1447.5 595 24.3926
1448.5 648 25.4558
1449.5 642 25.3377
1450.5 626 25.02
1451.5 664 25.7682
1452.5 614 24.779
1453.5 653 25.5539
1454.5 594 24.3721
1455.5 649 25.4755
1456.5 649 25.4755
1457.5 630 25.0998
1458.5 620 24.8998
1459.5 627 25.04
1460.5 595 24.3926
1461.5 705 26.5518
1462.5 582 24.1247
1463.5 613 24.7588
1464.5 649 25.4755
1465.5 617 24.8395
1466.5 632 25.1396
1467.5 596 24.4131
1468.5 619 24.8797
1469.5 625 25
1470.5 581 24.1039
1471.5 604 24.5764
1472.5 581 24.1039
1473.5 656 25.6125
1474.5 605 24.5967
1475.5 630 25.0998
1476.5 592 24.3311
1477.5 619 24.8797
1478.5 633 25.1595
1479.5 630 25.0998
1480.5 620 24.8998
1481.5 592 24.3311
1482.5 574 23.9583
1483.5 616 24.8193
1484.5 617 24.8395
1485.5 606 24.6171
1486.5 682 26.1151
1487.5 671 25.9037
1488.5 624 24.98
1489.5 615 24.7992
1490.5 598 24.454
1491.5 668 25.8457
1492.5 599 24.4745
1493.5 619 24.8797
1494.5 595 24.3926
1495.5 588 24.2487
1496.5 650 25.4951
1497.5 642 25.3377
1498.5 602 24.5357
1499.5 610 24.6982
1500.5 548 23.4094
1501.5 635 25.1992
1502.5 654 25.5734
1503.5 576 24
1504.5 575 23.9792
1505.5 608 24.6577
1506.5 630 25.0998
1507.5 591 24.3105
1508.5 574 23.9583
1509.5 565 23.7697
1510.5 591 24.3105
1511.5 626 25.02
1512.5 568 23.8328
1513.5 621 24.9199
1514.5 603 24.5561
1515.5 575 23.9792
1516.5 581 24.1039
1517.5 617 24.8395
1518.5 579 24.0624
1519.5 602 24.5357
1520.5 601 24.5153
1521.5 583 24.1454
1522.5 600 24.4949
1523.5 574 23.9583
1524.5 615 24.7992
1525.5 636 25.219
1526.5 579 24.0624
1527.5 588 24.2487
1528.5 610 24.6982
1529.5 613 24.7588
1530.5 620 24.8998
1531.5 570 23.8747
1532.5 620 24.8998
1533.5 571 23.8956
1534.5 601 24.5153
1535.5 576 24
1536.5 584 24.1661
1537.5 619 24.8797
1538.5 605 24.5967
1539.5 561 23.6854
1540.5 577 24.0208
1541.5 583 24.1454
1542.5 584 24.1661
1543.5 547 23.388
1544.5 564 23.7487
1545.5 574 23.9583
1546.5 611 24.7184
1547.5 588 24.2487
1548.5 576 24
1549.5 624 24.98
1550.5 556 23.5797
1551.5 572 23.9165
1552.5 567 23.8118
1553.5 549 23.4307
1554.5 594 24.3721
1555.5 587 24.2281
1556.5 595 24.3926
1557.5 585 24.1868
1558.5 591 24.3105
1559.5 573 23.9374
1560.5 556 23.5797
1561.5 538 23.1948
1562.5 573 23.9374
1563.5 587 24.2281
1564.5 589 24.2693
1565.5 587 24.2281
1566.5 512 22.6274
1567.5 591 24.3105
1568.5 592 24.3311
1569.5 562 23.7065
1570.5 564 23.7487
1571.5 581 24.1039
1572.5 541 23.2594
1573.5 567 23.8118
1574.5 539 23.2164
1575.5 553 23.516
1576.5 538 23.1948
1577.5 556 23.5797
1578.5 640 25.2982
1579.5 533 23.0868
1580.5 578 24.0416
1581.5 593 24.3516
1582.5 604 24.5764
1583.5 587 24.2281
1584.5 549 23.4307
1585.5 514 22.6716
1586.5 558 23.622
1587.5 585 24.1868
1588.5 568 23.8328
1589.5 557 23.6008
1590.5 530 23.0217
1591.5 554 23.5372
1592.5 576 24
1593.5 569 23.8537
1594.5 545 23.3452
1595.5 550 23.4521
1596.5 557 23.6008
1597.5 575 23.9792
1598.5 574 23.9583
1599.5 583 24.1454
1600.5 558 23.622
1601.5 542 23.2809
1602.5 579 24.0624
1603.5 551 23.4734
1604.5 564 23.7487
1605.5 594 24.3721
1606.5 532 23.0651
1607.5 534 23.1084
1608.5 531 23.0434
1609.5 544 23.3238
1610.5 556 23.5797
1611.5 596 24.4131
1612.5 545 23.3452
1613.5 554 23.5372
1614.5 561 23.6854
1615.5 562 23.7065
1616.5 606 24.6171
1617.5 577 24.0208
1618.5 578 24.0416
1619.5 545 23.3452
1620.5 573 23.9374
1621.5 580 24.0832
1622.5 542 23.2809
1623.5 539 23.2164
1624.5 561 23.6854
1625.5 597 24.4336
1626.5 558 23.622
1627.5 551 23.4734
1628.5 514 22.6716
1629.5 525 22.9129
1630.5 525 22.9129
1631.5 531 23.0434
1632.5 580 24.0832
1633.5 549 23.4307
1634.5 553 23.516
1635.5 591 24.3105
1636.5 520 22.8035
1637.5 553 23.516
1638.5 567 23.8118
1639.5 575 23.9792
1640.5 556 23.5797
1641.5 577 24.0208
1642.5 585 24.1868
1643.5 544 23.3238
1644.5 542 23.2809
1645.5 547 23.388
1646.5 564 23.7487
1647.5 516 22.7156
1648.5 545 23.3452
1649.5 555 23.5584
1650.5 605 24.5967
1651.5 557 23.6008
1652.5 610 24.6982
1653.5 516 22.7156
1654.5 554 23.5372
1655.5 562 23.7065
1656.5 549 23.4307
1657.5 524 22.891
1658.5 556 23.5797
1659.5 514 22.6716
1660.5 536 23.1517
1661.5 554 23.5372
1662.5 581 24.1039
1663.5 526 22.9347
1664.5 562 23.7065
1665.5 579 24.0624
1666.5 565 23.7697
1667.5 553 23.516
1668.5 554 23.5372
1669.5 543 23.3024
1670.5 560 23.6643
1671.5 616 24.8193
1672.5 518 22.7596
1673.5 514 22.6716
1674.5 563 23.7276
1675.5 595 24.3926
1676.5 557 23.6008
1677.5 530 23.0217
1678.5 597 24.4336
1679.5 526 22.9347
1680.5 571 23.8956
1681.5 558 23.622
1682.5 506 22.4944
1683.5 543 23.3024
1684.5 505 22.4722
1685.5 540 23.2379
1686.5 555 23.5584
1687.5 550 23.4521
1688.5 567 23.8118
1689.5 537 23.1733
1690.5 543 23.3024
1691.5 528 22.9783
1692.5 555 23.5584
1693.5 508 22.5389
1694.5 525 22.9129
1695.5 561 23.6854
1696.5 558 23.622
1697.5 523 22.8692
1698.5 549 23.4307
1699.5 575 23.9792
1700.5 559 23.6432
1701.5 573 23.9374
1702.5 554 23.5372
1703.5 544 23.3238
1704.5 548 23.4094
1705.5 589 24.2693
1706.5 537 23.1733
1707.5 593 24.3516
1708.5 496 22.2711
1709.5 576 24
1710.5 528 22.9783
1711.5 528 22.9783
1712.5 574 23.9583
1713.5 553 23.516
1714.5 560 23.6643
1715.5 561 23.6854
1716.5 537 23.1733
1717.5 537 23.1733
1718.5 556 23.5797
1719.5 542 23.2809
1720.5 565 23.7697
1721.5 572 23.9165
1722.5 567 23.8118
1723.5 534 23.1084
1724.5 502 22.4054
1725.5 524 22.891
1726.5 558 23.622
1727.5 530 23.0217
1728.5 563 23.7276
1729.5 577 24.0208
1730.5 512 22.6274
1731.5 514 22.6716
1732.5 513 22.6495
1733.5 552 23.4947
1734.5 513 22.6495
1735.5 526 22.9347
1736.5 570 23.8747
1737.5 593 24.3516
1738.5 525 22.9129
1739.5 579 24.0624
1740.5 491 22.1585
1741.5 497 22.2935
1742.5 564 23.7487
1743.5 518 22.7596
1744.5 508 22.5389
1745.5 560 23.6643
1746.5 568 23.8328
1747.5 564 23.7487
1748.5 607 24.6374
1749.5 548 23.4094
1750.5 534 23.1084
1751.5 522 22.8473
1752.5 548 23.4094
1753.5 543 23.3024
1754.5 502 22.4054
1755.5 536 23.1517
1756.5 567 23.8118
1757.5 562 23.7065
1758.5 556 23.5797
1759.5 545 23.3452
1760.5 588 24.2487
1761.5 495 22.2486
1762.5 513 22.6495
1763.5 543 23.3024
1764.5 523 22.8692
1765.5 546 23.3666
1766.5 528 22.9783
1767.5 548 23.4094
1768.5 565 23.7697
1769.5 540 23.2379
1770.5 517 22.7376
1771.5 532 23.0651
1772.5 545 23.3452
1773.5 541 23.2594
1774.5 566 23.7908
1775.5 554 23.5372
1776.5 572 23.9165
1777.5 509 22.561
1778.5 585 24.1868
1779.5 521 22.8254
1780.5 578 24.0416
1781.5 558 23.622
1782.5 546 23.3666
1783.5 537 23.1733
1784.5 601 24.5153
1785.5 552 23.4947
1786.5 565 23.7697
1787.5 535 23.1301
1788.5 522 22.8473
1789.5 522 22.8473
1790.5 535 23.1301
1791.5 520 22.8035
1792.5 546 23.3666
1793.5 569 23.8537
1794.5 528 22.9783
1795.5 531 23.0434
1796.5 530 23.0217
1797.5 530 23.0217
1798.5 510 22.5832
1799.5 568 23.8328
1800.5 545 23.3452
1801.5 570 23.8747
1802.5 520 22.8035
1803.5 531 23.0434
1804.5 557 23.6008
1805.5 509 22.561
1806.5 579 24.0624
1807.5 527 22.9565
1808.5 589 24.2693
1809.5 549 23.4307
1810.5 538 23.1948
1811.5 560 23.6643
1812.5 535 23.1301
1813.5 542 23.2809
1814.5 543 23.3024
1815.5 481 21.9317
1816.5 551 23.4734
1817.5 547 23.388
1818.5 560 23.6643
1819.5 525 22.9129
1820.5 518 22.7596
1821.5 539 23.2164
1822.5 548 23.4094
1823.5 518 22.7596
1824.5 553 23.516
1825.5 541 23.2594
1826.5 529 23
1827.5 534 23.1084
1828.5 592 24.3311
1829.5 508 22.5389
1830.5 516 22.7156
1831.5 538 23.1948
1832.5 545 23.3452
1833.5 543 23.3024
1834.5 562 23.7065
1835.5 514 22.6716
1836.5 544 23.3238
1837.5 524 22.891
1838.5 547 23.388
1839.5 553 23.516
1840.5 548 23.4094
1841.5 569 23.8537
1842.5 482 21.9545
1843.5 546 23.3666
1844.5 565 23.7697
1845.5 577 24.0208
1846.5 579 24.0624
1847.5 522 22.8473
1848.5 556 23.5797
1849.5 569 23.8537
1850.5 572 23.9165
1851.5 563 23.7276
1852.5 537 23.1733
1853.5 553 23.516
1854.5 524 22.891
1855.5 571 23.8956
1856.5 530 23.0217
1857.5 556 23.5797
1858.5 601 24.5153
1859.5 565 23.7697
1860.5 559 23.6432
1861.5 521 22.8254
1862.5 517 22.7376
1863.5 537 23.1733
1864.5 537 23.1733
1865.5 535 23.1301
1866.5 568 23.8328
1867.5 530 23.0217
1868.5 527 22.9565
1869.5 558 23.622
1870.5 533 23.0868
1871.5 540 23.2379
1872.5 529 23
1873.5 516 22.7156
1874.5 563 23.7276
1875.5 552 23.4947
1876.5 548 23.4094
1877.5 543 23.3024
1878.5 573 23.9374
1879.5 585 24.1868
1880.5 567 23.8118
1881.5 526 22.9347
1882.5 543 23.3024
1883.5 520 22.8035
1884.5 553 23.516
1885.5 553 23.516
1886.5 532 23.0651
1887.5 534 23.1084
1888.5 533 23.0868
1889.5 543 23.3024
1890.5 537 23.1733
1891.5 555 23.5584
1892.5 533 23.0868
1893.5 505 22.4722
1894.5 547 23.388
1895.5 594 24.3721
1896.5 549 23.4307
1897.5 582 24.1247
1898.5 602 24.5357
1899.5 542 23.2809
1900.5 555 23.5584
1901.5 561 23.6854
1902.5 553 23.516
1903.5 553 23.516
1904.5 560 23.6643
1905.5 545 23.3452
1906.5 525 22.9129
1907.5 558 23.622
1908.5 586 24.2074
1909.5 544 23.3238
1910.5 539 23.2164
1911.5 589 24.2693
1912.5 549 23.4307
1913.5 577 24.0208
1914.5 522 22.8473
1915.5 572 23.9165
1916.5 501 22.383
1917.5 545 23.3452
1918.5 560 23.6643
1919.5 546 23.3666
1920.5 602 24.5357
1921.5 557 23.6008
1922.5 537 23.1733
1923.5 564 23.7487
1924.5 530 23.0217
1925.5 544 23.3238
1926.5 564 23.7487
1927.5 555 23.5584
1928.5 563 23.7276
1929.5 574 23.9583
1930.5 554 23.5372
1931.5 583 24.1454
1932.5 573 23.9374
1933.5 553 23.516
1934.5 563 23.7276
1935.5 546 23.3666
1936.5 587 24.2281
1937.5 559 23.6432
1938.5 585 24.1868
1939.5 605 24.5967
1940.5 571 23.8956
1941.5 585 24.1868
1942.5 578 24.0416
1943.5 584 24.1661
1944.5 549 23.4307
1945.5 536 23.1517
1946.5 581 24.1039
1947.5 586 24.2074
1948.5 574 23.9583
1949.5 546 23.3666
1950.5 564 23.7487
1951.5 579 24.0624
1952.5 591 24.3105
1953.5 606 24.6171
1954.5 577 24.0208
1955.5 556 23.5797
1956.5 628 25.0599
1957.5 567 23.8118
1958.5 587 24.2281
1959.5 583 24.1454
1960.5 606 24.6171
1961.5 535 23.1301
1962.5 525 22.9129
1963.5 550 23.4521
1964.5 542 23.2809
1965.5 556 23.5797
1966.5 598 24.454
1967.5 566 23.7908
1968.5 578 24.0416
1969.5 561 23.6854
1970.5 586 24.2074
1971.5 558 23.622
1972.5 592 24.3311
1973.5 567 23.8118
1974.5 577 24.0208
1975.5 570 23.8747
1976.5 560 23.6643
1977.5 609 24.6779
1978.5 595 24.3926
1979.5 556 23.5797
1980.5 566 23.7908
1981.5 570 23.8747
1982.5 552 23.4947
1983.5 541 23.2594
1984.5 592 24.3311
1985.5 534 23.1084
1986.5 579 24.0624
1987.5 560 23.6643
1988.5 558 23.622
1989.5 545 23.3452
1990.5 592 24.3311
1991.5 520 22.8035
1992.5 571 23.8956
1993.5 560 23.6643
1994.5 589 24.2693
1995.5 550 23.4521
1996.5 579 24.0624
1997.5 558 23.622
1998.5 594 24.3721
1999.5 572 23.9165
2000.5 547 23.388
2001.5 576 24
2002.5 595 24.3926
2003.5 574 23.9583
2004.5 584 24.1661
2005.5 589 24.2693
2006.5 584 24.1661
2007.5 568 23.8328
2008.5 536 23.1517
2009.5 610 24.6982
2010.5 509 22.561
2011.5 535 23.1301
2012.5 526 22.9347
2013.5 602 24.5357
2014.5 586 24.2074
2015.5 515 22.6936
2016.5 537 23.1733
2017.5 573 23.9374
2018.5 567 23.8118
2019.5 563 23.7276
2020.5 584 24.1661
2021.5 560 23.6643
2022.5 571 23.8956
2023.5 593 24.3516
2024.5 557 23.6008
2025.5 570 23.8747
2026.5 565 23.7697
2027.5 545 23.3452
2028.5 569 23.8537
2029.5 544 23.3238
2030.5 514 22.6716
2031.5 544 23.3238
2032.5 542 23.2809
2033.5 552 23.4947
2034.5 533 23.0868
2035.5 545 23.3452
2036.5 557 23.6008
2037.5 572 23.9165
2038.5 607 24.6374
2039.5 576 24
2040.5 550 23.4521
2041.5 582 24.1247
2042.5 539 23.2164
2043.5 568 23.8328
2044.5 563 23.7276
2045.5 559 23.6432
2046.5 534 23.1084
2047.5 574 23.9583
2048.5 542 23.2809
2049.5 516 22.7156
2050.5 534 23.1084
2051.5 554 23.5372
2052.5 561 23.6854
2053.5 550 23.4521
2054.5 538 23.1948
2055.5 521 22.8254
2056.5 551 23.4734
2057.5 517 22.7376
2058.5 545 23.3452
2059.5 596 24.4131
2060.5 569 23.8537
2061.5 509 22.561
2062.5 525 22.9129
2063.5 512 22.6274
2064.5 525 22.9129
2065.5 542 23.2809
2066.5 548 23.4094
2067.5 536 23.1517
2068.5 560 23.6643
2069.5 567 23.8118
2070.5 528 22.9783
2071.5 537 23.1733
2072.5 548 23.4094
2073.5 567 23.8118
2074.5 573 23.9374
2075.5 540 23.2379
2076.5 544 23.3238
2077.5 527 22.9565
2078.5 534 23.1084
2079.5 537 23.1733
2080.5 510 22.5832
2081.5 541 23.2594
2082.5 586 24.2074
2083.5 550 23.4521
2084.5 562 23.7065
2085.5 546 23.3666
2086.5 523 22.8692
2087.5 542 23.2809
2088.5 588 24.2487
2089.5 522 22.8473
2090.5 525 22.9129
2091.5 524 22.891
2092.5 553 23.516
2093.5 507 22.5167
2094.5 537 23.1733
2095.5 565 23.7697
2096.5 526 22.9347
2097.5 522 22.8473
2098.5 511 22.6053
2099.5 473 21.7486
2100.5 495 22.2486
2101.5 532 23.0651
2102.5 480 21.9089
2103.5 465 21.5639
2104.5 521 22.8254
2105.5 510 22.5832
2106.5 503 22.4277
2107.5 520 22.8035
2108.5 513 22.6495
2109.5 515 22.6936
2110.5 461 21.4709
2111.5 492 22.1811
2112.5 522 22.8473
2113.5 486 22.0454
2114.5 503 22.4277
2115.5 424 20.5913
2116.5 496 22.2711
2117.5 450 21.2132
2118.5 461 21.4709
2119.5 444 21.0713
2120.5 430 20.7364
2121.5 474 21.7715
2122.5 434 20.8327
2123.5 476 21.8174
2124.5 434 20.8327
2125.5 435 20.8567
2126.5 414 20.347
2127.5 403 20.0749
2128.5 418 20.445
2129.5 429 20.7123
2130.5 424 20.5913
2131.5 384 19.5959
2132.5 446 21.1187
2133.5 407 20.1742
2134.5 418 20.445
2135.5 383 19.5704
2136.5 397 19.9249
2137.5 392 19.799
2138.5 382 19.5448
2139.5 417 20.4206
2140.5 404 20.0998
2141.5 377 19.4165
2142.5 392 19.799
2143.5 382 19.5448
2144.5 372 19.2873
2145.5 388 19.6977
2146.5 371 19.2614
2147.5 407 20.1742
2148.5 406 20.1494
2149.5 361 19
2150.5 370 19.2354
2151.5 390 19.7484
2152.5 381 19.5192
2153.5 389 19.7231
2154.5 383 19.5704
2155.5 380 19.4936
2156.5 385 19.6214
2157.5 373 19.3132
2158.5 364 19.0788
2159.5 384 19.5959
2160.5 354 18.8149
2161.5 380 19.4936
2162.5 333 18.2483
2163.5 374 19.3391
2164.5 357 18.8944
2165.5 363 19.0526
2166.5 325 18.0278
2167.5 327 18.0831
2168.5 339 18.412
2169.5 335 18.303
2170.5 350 18.7083
2171.5 360 18.9737
2172.5 328 18.1108
2173.5 357 18.8944
2174.5 367 19.1572
2175.5 330 18.1659
2176.5 395 19.8746
2177.5 323 17.9722
2178.5 359 18.9473
2179.5 318 17.8326
2180.5 335 18.303
2181.5 339 18.412
2182.5 332 18.2209
2183.5 374 19.3391
2184.5 346 18.6011
2185.5 326 18.0555
2186.5 338 18.3848
2187.5 331 18.1934
2188.5 313 17.6918
2189.5 365 19.105
2190.5 383 19.5704
2191.5 339 18.412
2192.5 325 18.0278
2193.5 330 18.1659
2194.5 319 17.8606
2195.5 322 17.9444
2196.5 332 18.2209
2197.5 344 18.5472
2198.5 327 18.0831
2199.5 361 19
2200.5 327 18.0831
2201.5 327 18.0831
2202.5 348 18.6548
2203.5 333 18.2483
2204.5 281 16.7631
2205.5 302 17.3781
2206.5 308 17.5499
2207.5 329 18.1384
2208.5 328 18.1108
2209.5 350 18.7083
2210.5 351 18.735
2211.5 336 18.3303
2212.5 327 18.0831
2213.5 302 17.3781
2214.5 339 18.412
2215.5 322 17.9444
2216.5 332 18.2209
2217.5 336 18.3303
2218.5 293 17.1172
2219.5 314 17.72
2220.5 278 16.6733
2221.5 327 18.0831
2222.5 331 18.1934
2223.5 280 16.7332
2224.5 328 18.1108
2225.5 336 18.3303
2226.5 319 17.8606
2227.5 311 17.6352
2228.5 311 17.6352
2229.5 317 17.8045
2230.5 323 17.9722
2231.5 303 17.4069
2232.5 295 17.1756
2233.5 298 17.2627
2234.5 343 18.5203
2235.5 274 16.5529
2236.5 319 17.8606
2237.5 313 17.6918
2238.5 318 17.8326
2239.5 291 17.0587
2240.5 310 17.6068
2241.5 338 18.3848
2242.5 296 17.2047
2243.5 295 17.1756
2244.5 291 17.0587
2245.5 289 17
2246.5 297 17.2337
2247.5 283 16.8226
2248.5 313 17.6918
2249.5 289 17
2250.5 306 17.4929
2251.5 307 17.5214
2252.5 329 18.1384
2253.5 274 16.5529
2254.5 308 17.5499
2255.5 294 17.1464
2256.5 301 17.3494
2257.5 303 17.4069
2258.5 281 16.7631
2259.5 315 17.7482
2260.5 305 17.4642
2261.5 271 16.4621
2262.5 297 17.2337
2263.5 308 17.5499
2264.5 286 16.9115
2265.5 279 16.7033
2266.5 273 16.5227
2267.5 297 17.2337
2268.5 289 17
2269.5 323 17.9722
2270.5 289 17
2271.5 320 17.8885
2272.5 289 17
2273.5 314 17.72
2274.5 311 17.6352
2275.5 279 16.7033
2276.5 282 16.7929
2277.5 265 16.2788
2278.5 257 16.0312
2279.5 331 18.1934
2280.5 276 16.6132
2281.5 290 17.0294
2282.5 296 17.2047
2283.5 269 16.4012
2284.5 274 16.5529
2285.5 258 16.0624
2286.5 286 16.9115
2287.5 283 16.8226
2288.5 273 16.5227
2289.5 268 16.3707
2290.5 264 16.2481
2291.5 275 16.5831
2292.5 257 16.0312
2293.5 290 17.0294
2294.5 291 17.0587
2295.5 280 16.7332
2296.5 282 16.7929
2297.5 265 16.2788
2298.5 282 16.7929
2299.5 273 16.5227
2300.5 286 16.9115
2301.5 256 16
2302.5 273 16.5227
2303.5 274 16.5529
2304.5 287 16.9411
2305.5 308 17.5499
2306.5 273 16.5227
2307.5 250 15.8114
2308.5 266 16.3095
2309.5 274 16.5529
2310.5 275 16.5831
2311.5 301 17.3494
2312.5 277 16.6433
2313.5 267 16.3401
2314.5 265 16.2788
2315.5 292 17.088
2316.5 253 15.906
2317.5 275 16.5831
2318.5 280 16.7332
2319.5 240 15.4919
2320.5 279 16.7033
2321.5 276 16.6132
2322.5 262 16.1864
2323.5 282 16.7929
2324.5 269 16.4012
2325.5 283 16.8226
2326.5 266 16.3095
2327.5 271 16.4621
2328.5 257 16.0312
2329.5 260 16.1245
2330.5 265 16.2788
2331.5 271 16.4621
2332.5 238 15.4272
2333.5 279 16.7033
2334.5 253 15.906
2335.5 246 15.6844
2336.5 241 15.5242
2337.5 265 16.2788
2338.5 238 15.4272
2339.5 265 16.2788
2340.5 263 16.2173
2341.5 259 16.0935
2342.5 267 16.3401
2343.5 260 16.1245
2344.5 258 16.0624
2345.5 248 15.748
2346.5 254 15.9374
2347.5 250 15.8114
2348.5 258 16.0624
2349.5 257 16.0312
2350.5 266 16.3095
2351.5 256 16
2352.5 253 15.906
2353.5 240 15.4919
2354.5 249 15.7797
2355.5 243 15.5885
2356.5 275 16.5831
2357.5 262 16.1864
2358.5 233 15.2643
2359.5 277 16.6433
2360.5 291 17.0587
2361.5 244 15.6205
2362.5 252 15.8745
2363.5 247 15.7162
2364.5 248 15.748
2365.5 232 15.2315
2366.5 232 15.2315
2367.5 231 15.1987
2368.5 247 15.7162
2369.5 238 15.4272
2370.5 235 15.3297
2371.5 249 15.7797
2372.5 221 14.8661
2373.5 234 15.2971
2374.5 237 15.3948
2375.5 250 15.8114
2376.5 225 15
2377.5 232 15.2315
2378.5 258 16.0624
2379.5 207 14.3875
2380.5 287 16.9411
2381.5 228 15.0997
2382.5 235 15.3297
2383.5 247 15.7162
2384.5 248 15.748
2385.5 207 14.3875
2386.5 237 15.3948
2387.5 218 14.7648
2388.5 226 15.0333
2389.5 224 14.9666
2390.5 239 15.4596
2391.5 230 15.1658
2392.5 247 15.7162
2393.5 223 14.9332
2394.5 218 14.7648
2395.5 235 15.3297
2396.5 234 15.2971
2397.5 235 15.3297
2398.5 193 13.8924
2399.5 214 14.6287
2400.5 232 15.2315
2401.5 250 15.8114
2402.5 226 15.0333
2403.5 212 14.5602
2404.5 244 15.6205
2405.5 208 14.4222
2406.5 227 15.0665
2407.5 216 14.6969
2408.5 212 14.5602
2409.5 231 15.1987
2410.5 212 14.5602
2411.5 221 14.8661
2412.5 217 14.7309
2413.5 199 14.1067
2414.5 183 13.5277
2415.5 209 14.4568
2416.5 239 15.4596
2417.5 221 14.8661
2418.5 211 14.5258
2419.5 251 15.843
2420.5 223 14.9332
2421.5 223 14.9332
2422.5 202 14.2127
2423.5 233 15.2643
2424.5 209 14.4568
2425.5 202 14.2127
2426.5 219 14.7986
2427.5 205 14.3178
2428.5 222 14.8997
2429.5 195 13.9642
2430.5 243 15.5885
2431.5 202 14.2127
2432.5 225 15
2433.5 224 14.9666
2434.5 204 14.2829
2435.5 215 14.6629
2436.5 206 14.3527
2437.5 225 15
2438.5 243 15.5885
2439.5 195 13.9642
2440.5 171 13.0767
2441.5 213 14.5945
2442.5 202 14.2127
2443.5 217 14.7309
2444.5 197 14.0357
2445.5 209 14.4568
2446.5 220 14.8324
2447.5 190 13.784
2448.5 201 14.1774
2449.5 217 14.7309
2450.5 198 14.0712
2451.5 197 14.0357
2452.5 211 14.5258
2453.5 187 13.6748
2454.5 211 14.5258
2455.5 198 14.0712
2456.5 226 15.0333
2457.5 208 14.4222
2458.5 177 13.3041
2459.5 240 15.4919
2460.5 178 13.3417
2461.5 211 14.5258
2462.5 181 13.4536
2463.5 201 14.1774
2464.5 209 14.4568
2465.5 177 13.3041
2466.5 197 14.0357
2467.5 202 14.2127
2468.5 203 14.2478
2469.5 202 14.2127
2470.5 193 13.8924
2471.5 179 13.3791
2472.5 208 14.4222
2473.5 195 13.9642
2474.5 188 13.7113
2475.5 183 13.5277
2476.5 192 13.8564
2477.5 204 14.2829
2478.5 204 14.2829
2479.5 175 13.2288
2480.5 189 13.7477
2481.5 202 14.2127
2482.5 193 13.8924
2483.5 177 13.3041
2484.5 212 14.5602
2485.5 189 13.7477
2486.5 184 13.5647
2487.5 205 14.3178
2488.5 179 13.3791
2489.5 203 14.2478
2490.5 217 14.7309
2491.5 176 13.2665
2492.5 175 13.2288
2493.5 206 14.3527
2494.5 170 13.0384
2495.5 185 13.6015
2496.5 188 13.7113
2497.5 199 14.1067
2498.5 193 13.8924
2499.5 184 13.5647
2500.5 184 13.5647
2501.5 191 13.8203
2502.5 193 13.8924
2503.5 220 14.8324
2504.5 185 13.6015
2505.5 149 12.2066
2506.5 164 12.8062
2507.5 186 13.6382
2508.5 185 13.6015
2509.5 187 13.6748
2510.5 152 12.3288
2511.5 169 13
2512.5 188 13.7113
2513.5 174 13.1909
2514.5 172 13.1149
2515.5 166 12.8841
2516.5 179 13.3791
2517.5 172 13.1149
2518.5 198 14.0712
2519.5 179 13.3791
2520.5 194 13.9284
2521.5 187 13.6748
2522.5 206 14.3527
2523.5 180 13.4164
2524.5 169 13
2525.5 177 13.3041
2526.5 166 12.8841
2527.5 187 13.6748
2528.5 177 13.3041
2529.5 169 13
2530.5 184 13.5647
2531.5 173 13.1529
2532.5 185 13.6015
2533.5 162 12.7279
2534.5 177 13.3041
2535.5 193 13.8924
2536.5 181 13.4536
2537.5 174 13.1909
2538.5 183 13.5277
2539.5 170 13.0384
2540.5 169 13
2541.5 191 13.8203
2542.5 167 12.9228
2543.5 180 13.4164
2544.5 160 12.6491
2545.5 155 12.4499
2546.5 179 13.3791
2547.5 166 12.8841
2548.5 163 12.7671
2549.5 169 13
2550.5 173 13.1529
2551.5 173 13.1529
2552.5 170 13.0384
2553.5 159 12.6095
2554.5 160 12.6491
2555.5 171 13.0767
2556.5 175 13.2288
2557.5 141 11.8743
2558.5 153 12.3693
2559.5 153 12.3693
2560.5 173 13.1529
2561.5 200 14.1421
2562.5 178 13.3417
2563.5 180 13.4164
2564.5 166 12.8841
2565.5 163 12.7671
2566.5 169 13
2567.5 160 12.6491
2568.5 181 13.4536
2569.5 169 13
2570.5 175 13.2288
2571.5 172 13.1149
2572.5 163 12.7671
2573.5 155 12.4499
2574.5 158 12.5698
2575.5 141 11.8743
2576.5 161 12.6886
2577.5 168 12.9615
2578.5 165 12.8452
2579.5 160 12.6491
2580.5 159 12.6095
2581.5 167 12.9228
2582.5 139 11.7898
2583.5 159 12.6095
2584.5 148 12.1655
2585.5 159 12.6095
2586.5 156 12.49
2587.5 195 13.9642
2588.5 148 12.1655
2589.5 155 12.4499
2590.5 167 12.9228
2591.5 161 12.6886
2592.5 159 12.6095
2593.5 156 12.49
2594.5 148 12.1655
2595.5 168 12.9615
2596.5 148 12.1655
2597.5 150 12.2474
2598.5 148 12.1655
2599.5 155 12.4499
2600.5 172 13.1149
2601.5 176 13.2665
2602.5 160 12.6491
2603.5 179 13.3791
2604.5 146 12.083
2605.5 145 12.0416
2606.5 150 12.2474
2607.5 145 12.0416
2608.5 173 13.1529
2609.5 159 12.6095
2610.5 193 13.8924
2611.5 161 12.6886
2612.5 192 13.8564
2613.5 155 12.4499
2614.5 170 13.0384
2615.5 156 12.49
2616.5 135 11.619
2617.5 183 13.5277
2618.5 151 12.2882
2619.5 144 12
2620.5 148 12.1655
2621.5 172 13.1149
2622.5 147 12.1244
2623.5 152 12.3288
2624.5 168 12.9615
2625.5 148 12.1655
2626.5 172 13.1149
2627.5 169 13
2628.5 203 14.2478
2629.5 180 13.4164
2630.5 186 13.6382
2631.5 171 13.0767
2632.5 182 13.4907
2633.5 189 13.7477
2634.5 196 14
2635.5 187 13.6748
2636.5 195 13.9642
2637.5 228 15.0997
2638.5 222 14.8997
2639.5 244 15.6205
2640.5 285 16.8819
2641.5 297 17.2337
2642.5 278 16.6733
2643.5 325 18.0278
2644.5 312 17.6635
2645.5 349 18.6815
2646.5 368 19.1833
2647.5 376 19.3907
2648.5 379 19.4679
2649.5 413 20.3224
2650.5 413 20.3224
2651.5 411 20.2731
2652.5 413 20.3224
2653.5 375 19.3649
2654.5 365 19.105
2655.5 350 18.7083
2656.5 351 18.735
2657.5 328 18.1108
2658.5 344 18.5472
2659.5 309 17.5784
2660.5 274 16.5529
2661.5 276 16.6132
2662.5 265 16.2788
2663.5 244 15.6205
2664.5 229 15.1327
2665.5 237 15.3948
2666.5 208 14.4222
2667.5 198 14.0712
2668.5 177 13.3041
2669.5 173 13.1529
2670.5 178 13.3417
2671.5 172 13.1149
2672.5 175 13.2288
2673.5 184 13.5647
2674.5 183 13.5277
2675.5 156 12.49
2676.5 166 12.8841
2677.5 146 12.083
2678.5 163 12.7671
2679.5 157 12.53
2680.5 153 12.3693
2681.5 142 11.9164
2682.5 153 12.3693
2683.5 155 12.4499
2684.5 167 12.9228
2685.5 135 11.619
2686.5 141 11.8743
2687.5 139 11.7898
2688.5 146 12.083
2689.5 156 12.49
2690.5 136 11.6619
2691.5 123 11.0905
2692.5 147 12.1244
2693.5 148 12.1655
2694.5 155 12.4499
2695.5 163 12.7671
2696.5 151 12.2882
2697.5 136 11.6619
2698.5 158 12.5698
2699.5 156 12.49
2700.5 157 12.53
2701.5 140 11.8322
2702.5 150 12.2474
2703.5 147 12.1244
2704.5 139 11.7898
2705.5 124 11.1355
2706.5 131 11.4455
2707.5 157 12.53
2708.5 151 12.2882
2709.5 138 11.7473
2710.5 132 11.4891
2711.5 131 11.4455
2712.5 140 11.8322
2713.5 146 12.083
2714.5 135 11.619
2715.5 154 12.4097
2716.5 144 12
2717.5 158 12.5698
2718.5 142 11.9164
2719.5 163 12.7671
2720.5 133 11.5326
2721.5 141 11.8743
2722.5 138 11.7473
2723.5 140 11.8322
2724.5 162 12.7279
2725.5 161 12.6886
2726.5 146 12.083
2727.5 156 12.49
2728.5 131 11.4455
2729.5 124 11.1355
2730.5 139 11.7898
2731.5 139 11.7898
2732.5 125 11.1803
2733.5 138 11.7473
2734.5 136 11.6619
2735.5 132 11.4891
2736.5 143 11.9583
2737.5 139 11.7898
2738.5 139 11.7898
2739.5 150 12.2474
2740.5 143 11.9583
2741.5 132 11.4891
2742.5 123 11.0905
2743.5 125 11.1803
2744.5 136 11.6619
2745.5 150 12.2474
2746.5 136 11.6619
2747.5 138 11.7473
2748.5 148 12.1655
2749.5 118 10.8628
2750.5 129 11.3578
2751.5 133 11.5326
2752.5 144 12
2753.5 130 11.4018
2754.5 124 11.1355
2755.5 127 11.2694
2756.5 141 11.8743
2757.5 133 11.5326
2758.5 123 11.0905
2759.5 137 11.7047
2760.5 132 11.4891
2761.5 142 11.9164
2762.5 146 12.083
2763.5 126 11.225
2764.5 126 11.225
2765.5 135 11.619
2766.5 147 12.1244
2767.5 125 11.1803
2768.5 145 12.0416
2769.5 139 11.7898
2770.5 135 11.619
2771.5 132 11.4891
2772.5 149 12.2066
2773.5 129 11.3578
2774.5 123 11.0905
2775.5 132 11.4891
2776.5 134 11.5758
2777.5 140 11.8322
2778.5 126 11.225
2779.5 118 10.8628
2780.5 144 12
2781.5 121 11
2782.5 126 11.225
2783.5 144 12
2784.5 141 11.8743
2785.5 138 11.7473
2786.5 132 11.4891
2787.5 144 12
2788.5 134 11.5758
2789.5 117 10.8167
2790.5 134 11.5758
2791.5 137 11.7047
2792.5 148 12.1655
2793.5 120 10.9545
2794.5 117 10.8167
2795.5 151 12.2882
2796.5 133 11.5326
2797.5 133 11.5326
2798.5 149 12.2066
2799.5 121 11
2800.5 124 11.1355
2801.5 123 11.0905
2802.5 125 11.1803
2803.5 142 11.9164
2804.5 108 10.3923
2805.5 132 11.4891
2806.5 130 11.4018
2807.5 122 11.0454
2808.5 129 11.3578
2809.5 139 11.7898
2810.5 146 12.083
2811.5 136 11.6619
2812.5 129 11.3578
2813.5 145 12.0416
2814.5 128 11.3137
2815.5 127 11.2694
2816.5 143 11.9583
2817.5 117 10.8167
2818.5 124 11.1355
2819.5 138 11.7473
2820.5 140 11.8322
2821.5 133 11.5326
2822.5 121 11
2823.5 123 11.0905
2824.5 141 11.8743
2825.5 111 10.5357
2826.5 138 11.7473
2827.5 104 10.198
2828.5 110 10.4881
2829.5 142 11.9164
2830.5 135 11.619
2831.5 127 11.2694
2832.5 124 11.1355
2833.5 134 11.5758
2834.5 162 12.7279
2835.5 111 10.5357
2836.5 135 11.619
2837.5 151 12.2882
2838.5 113 10.6301
2839.5 138 11.7473
2840.5 132 11.4891
2841.5 143 11.9583
2842.5 129 11.3578
2843.5 122 11.0454
2844.5 107 10.3441
2845.5 134 11.5758
2846.5 144 12
2847.5 125 11.1803
2848.5 123 11.0905
2849.5 139 11.7898
2850.5 147 12.1244
2851.5 122 11.0454
2852.5 145 12.0416
2853.5 128 11.3137
2854.5 122 11.0454
2855.5 114 10.6771
2856.5 135 11.619
2857.5 130 11.4018
2858.5 122 11.0454
2859.5 132 11.4891
2860.5 132 11.4891
2861.5 119 10.9087
2862.5 147 12.1244
2863.5 116 10.7703
2864.5 119 10.9087
2865.5 140 11.8322
2866.5 125 11.1803
2867.5 113 10.6301
2868.5 124 11.1355
2869.5 116 10.7703
2870.5 119 10.9087
2871.5 108 10.3923
2872.5 125 11.1803
2873.5 125 11.1803
2874.5 133 11.5326
2875.5 134 11.5758
2876.5 125 11.1803
2877.5 117 10.8167
2878.5 120 10.9545
2879.5 132 11.4891
2880.5 125 11.1803
2881.5 121 11
2882.5 137 11.7047
2883.5 108 10.3923
2884.5 118 10.8628
2885.5 112 10.583
2886.5 116 10.7703
2887.5 119 10.9087
2888.5 116 10.7703
2889.5 109 10.4403
2890.5 126 11.225
2891.5 133 11.5326
2892.5 108 10.3923
2893.5 123 11.0905
2894.5 101 10.0499
2895.5 131 11.4455
2896.5 125 11.1803
2897.5 111 10.5357
2898.5 116 10.7703
2899.5 135 11.619
2900.5 113 10.6301
2901.5 149 12.2066
2902.5 151 12.2882
2903.5 151 12.2882
2904.5 168 12.9615
2905.5 161 12.6886
2906.5 186 13.6382
2907.5 158 12.5698
2908.5 184 13.5647
2909.5 209 14.4568
2910.5 220 14.8324
2911.5 240 15.4919
2912.5 255 15.9687
2913.5 264 16.2481
2914.5 332 18.2209
2915.5 356 18.868
2916.5 402 20.0499
2917.5 446 21.1187
2918.5 532 23.0651
2919.5 604 24.5764
2920.5 741 27.2213
2921.5 917 30.282
2922.5 1043 32.2955
2923.5 1280 35.7771
2924.5 1492 38.6264
2925.5 1789 42.2966
2926.5 2012 44.8553
2927.5 2252 47.4552
2928.5 2530 50.2991
2929.5 2389 48.8774
2930.5 2503 50.03
2931.5 2403 49.0204
2932.5 2178 46.669
2933.5 1890 43.4741
2934.5 1611 40.1373
2935.5 1335 36.5377
2936.5 1024 32
2937.5 727 26.9629
2938.5 590 24.2899
2939.5 393 19.8242
2940.5 351 18.735
2941.5 256 16
2942.5 244 15.6205
2943.5 207 14.3875
2944.5 203 14.2478
2945.5 190 13.784
2946.5 165 12.8452
2947.5 183 13.5277
2948.5 181 13.4536
2949.5 170 13.0384
2950.5 163 12.7671
2951.5 153 12.3693
2952.5 130 11.4018
2953.5 132 11.4891
2954.5 142 11.9164
2955.5 151 12.2882
2956.5 144 12
2957.5 125 11.1803
2958.5 144 12
2959.5 119 10.9087
2960.5 139 11.7898
2961.5 151 12.2882
2962.5 118 10.8628
2963.5 138 11.7473
2964.5 126 11.225
2965.5 129 11.3578
2966.5 142 11.9164
2967.5 135 11.619
2968.5 115 10.7238
2969.5 129 11.3578
2970.5 114 10.6771
2971.5 139 11.7898
2972.5 131 11.4455
2973.5 126 11.225
2974.5 141 11.8743
2975.5 149 12.2066
2976.5 122 11.0454
2977.5 125 11.1803
2978.5 124 11.1355
2979.5 111 10.5357
2980.5 153 12.3693
2981.5 132 11.4891
2982.5 133 11.5326
2983.5 138 11.7473
2984.5 133 11.5326
2985.5 139 11.7898
2986.5 135 11.619
2987.5 139 11.7898
2988.5 138 11.7473
2989.5 130 11.4018
2990.5 127 11.2694
2991.5 138 11.7473
2992.5 147 12.1244
2993.5 121 11
2994.5 131 11.4455
2995.5 133 11.5326
2996.5 135 11.619
2997.5 127 11.2694
2998.5 134 11.5758
2999.5 128 11.3137
3000.5 140 11.8322
3001.5 136 11.6619
3002.5 117 10.8167
3003.5 134 11.5758
3004.5 149 12.2066
3005.5 164 12.8062
3006.5 148 12.1655
3007.5 163 12.7671
3008.5 171 13.0767
3009.5 162 12.7279
3010.5 195 13.9642
3011.5 206 14.3527
3012.5 244 15.6205
3013.5 260 16.1245
3014.5 318 17.8326
3015.5 335 18.303
3016.5 391 19.7737
3017.5 446 21.1187
3018.5 520 22.8035
3019.5 584 24.1661
3020.5 637 25.2389
3021.5 763 27.6225
3022.5 895 29.9166
3023.5 1023 31.9844
3024.5 1180 34.3511
3025.5 1436 37.8946
3026.5 1613 40.1622
3027.5 2006 44.7884
3028.5 2326 48.2286
3029.5 2928 54.111
3030.5 3453 58.7622
3031.5 4263 65.2917
3032.5 5410 73.5527
3033.5 6506 80.6598
3034.5 7769 88.1419
3035.5 9227 96.0573
3036.5 10890 104.355
3037.5 12126 110.118
3038.5 13272 115.204
3039.5 13535 116.34
3040.5 13561 116.452
3041.5 12932 113.719
3042.5 11861 108.908
3043.5 10407 102.015
3044.5 8711 93.3327
3045.5 7040 83.9047
3046.5 5378 73.3348
3047.5 4023 63.4271
3048.5 2906 53.9073
3049.5 2038 45.1442
3050.5 1553 39.4081
3051.5 1088 32.9848
3052.5 774 27.8209
3053.5 645 25.3969
3054.5 568 23.8328
3055.5 454 21.3073
3056.5 449 21.1896
3057.5 392 19.799
3058.5 399 19.975
3059.5 336 18.3303
3060.5 368 19.1833
3061.5 279 16.7033
3062.5 293 17.1172
3063.5 258 16.0624
3064.5 255 15.9687
3065.5 255 15.9687
3066.5 222 14.8997
3067.5 198 14.0712
3068.5 198 14.0712
3069.5 188 13.7113
3070.5 164 12.8062
3071.5 178 13.3417
3072.5 194 13.9284
3073.5 165 12.8452
3074.5 159 12.6095
3075.5 149 12.2066
3076.5 162 12.7279
3077.5 140 11.8322
3078.5 138 11.7473
3079.5 145 12.0416
3080.5 137 11.7047
3081.5 139 11.7898
3082.5 131 11.4455
3083.5 164 12.8062
3084.5 123 11.0905
3085.5 139 11.7898
3086.5 122 11.0454
3087.5 123 11.0905
3088.5 121 11
3089.5 145 12.0416
3090.5 132 11.4891
3091.5 113 10.6301
3092.5 119 10.9087
3093.5 113 10.6301
3094.5 102 10.0995
3095.5 104 10.198
3096.5 151 12.2882
3097.5 98 9.89949
3098.5 104 10.198
3099.5 108 10.3923
3100.5 104 10.198
3101.5 115 10.7238
3102.5 113 10.6301
3103.5 95 9.74679
3104.5 95 9.74679
3105.5 99 9.94987
3106.5 81 9
3107.5 101 10.0499
3108.5 93 9.64365
3109.5 105 10.247
3110.5 100 10
3111.5 110 10.4881
3112.5 99 9.94987
3113.5 131 11.4455
3114.5 101 10.0499
3115.5 116 10.7703
3116.5 112 10.583
3117.5 109 10.4403
3118.5 94 9.69536
3119.5 111 10.5357
3120.5 100 10
3121.5 73 8.544
3122.5 111 10.5357
3123.5 107 10.3441
3124.5 96 9.79796
3125.5 83 9.11043
3126.5 104 10.198
3127.5 100 10
3128.5 89 9.43398
3129.5 81 9
3130.5 106 10.2956
3131.5 86 9.27362
3132.5 87 9.32738
3133.5 77 8.77496
3134.5 81 9
3135.5 96 9.79796
3136.5 101 10.0499
3137.5 74 8.60233
3138.5 98 9.89949
3139.5 90 9.48683
3140.5 82 9.05539
3141.5 76 8.7178
3142.5 105 10.247
3143.5 92 9.59166
3144.5 107 10.3441
3145.5 102 10.0995
3146.5 82 9.05539
3147.5 84 9.16515
3148.5 91 9.53939
3149.5 93 9.64365
3150.5 79 8.88819
3151.5 84 9.16515
3152.5 83 9.11043
3153.5 79 8.88819
3154.5 93 9.64365
3155.5 100 10
3156.5 88 9.38083
3157.5 82 9.05539
3158.5 90 9.48683
3159.5 68 8.24621
3160.5 75 8.66025
3161.5 92 9.59166
3162.5 88 9.38083
3163.5 88 9.38083
3164.5 95 9.74679
3165.5 83 9.11043
3166.5 76 8.7178
3167.5 75 8.66025
3168.5 81 9
3169.5 79 8.88819
3170.5 86 9.27362
3171.5 86 9.27362
3172.5 76 8.7178
3173.5 82 9.05539
3174.5 88 9.38083
3175.5 72 8.48528
3176.5 86 9.27362
3177.5 87 9.32738
3178.5 79 8.88819
3179.5 77 8.77496
3180.5 83 9.11043
3181.5 85 9.21954
3182.5 76 8.7178
3183.5 105 10.247
3184.5 79 8.88819
3185.5 80 8.94427
3186.5 75 8.66025
3187.5 72 8.48528
3188.5 87 9.32738
3189.5 66 8.12404
3190.5 80 8.94427
3191.5 77 8.77496
3192.5 88 9.38083
3193.5 82 9.05539
3194.5 73 8.544
3195.5 53 7.28011
3196.5 87 9.32738
3197.5 75 8.66025
3198.5 67 8.18535
3199.5 70 8.3666
3200.5 65 8.06226
3201.5 86 9.27362
3202.5 65 8.06226
3203.5 77 8.77496
3204.5 66 8.12404
3205.5 66 8.12404
3206.5 72 8.48528
3207.5 71 8.42615
3208.5 62 7.87401
3209.5 83 9.11043
3210.5 98 9.89949
3211.5 69 8.30662
3212.5 79 8.88819
3213.5 79 8.88819
3214.5 89 9.43398
3215.5 78 8.83176
3216.5 78 8.83176
3217.5 75 8.66025
3218.5 72 8.48528
3219.5 69 8.30662
3220.5 79 8.88819
3221.5 66 8.12404
3222.5 69 8.30662
3223.5 76 8.7178
3224.5 73 8.544
3225.5 63 7.93725
3226.5 73 8.544
3227.5 78 8.83176
3228.5 88 9.38083
3229.5 69 8.30662
3230.5 79 8.88819
3231.5 64 8
3232.5 65 8.06226
3233.5 83 9.11043
3234.5 93 9.64365
3235.5 82 9.05539
3236.5 80 8.94427
3237.5 73 8.544
3238.5 76 8.7178
3239.5 63 7.93725
3240.5 58 7.61577
3241.5 65 8.06226
3242.5 72 8.48528
3243.5 85 9.21954
3244.5 69 8.30662
3245.5 77 8.77496
3246.5 64 8
3247.5 79 8.88819
3248.5 70 8.3666
3249.5 63 7.93725
3250.5 70 8.3666
3251.5 76 8.7178
3252.5 71 8.42615
3253.5 75 8.66025
3254.5 51 7.14143
3255.5 101 10.0499
3256.5 82 9.05539
3257.5 78 8.83176
3258.5 83 9.11043
3259.5 89 9.43398
3260.5 70 8.3666
3261.5 80 8.94427
3262.5 80 8.94427
3263.5 74 8.60233
3264.5 77 8.77496
3265.5 81 9
3266.5 78 8.83176
3267.5 85 9.21954
3268.5 63 7.93725
3269.5 50 7.07107
3270.5 82 9.05539
3271.5 59 7.68115
3272.5 64 8
3273.5 77 8.77496
3274.5 69 8.30662
3275.5 71 8.42615
3276.5 53 7.28011
3277.5 74 8.60233
3278.5 66 8.12404
3279.5 72 8.48528
3280.5 79 8.88819
3281.5 73 8.544
3282.5 84 9.16515
3283.5 59 7.68115
3284.5 69 8.30662
3285.5 79 8.88819
3286.5 76 8.7178
3287.5 69 8.30662
3288.5 68 8.24621
3289.5 78 8.83176
3290.5 66 8.12404
3291.5 74 8.60233
3292.5 75 8.66025
3293.5 72 8.48528
3294.5 70 8.3666
3295.5 93 9.64365
3296.5 82 9.05539
3297.5 73 8.544
3298.5 72 8.48528
3299.5 77 8.77496
3300.5 66 8.12404
3301.5 88 9.38083
3302.5 72 8.48528
3303.5 82 9.05539
3304.5 70 8.3666
3305.5 79 8.88819
3306.5 89 9.43398
3307.5 83 9.11043
3308.5 59 7.68115
3309.5 83 9.11043
3310.5 76 8.7178
3311.5 66 8.12404
3312.5 53 7.28011
3313.5 74 8.60233
3314.5 65 8.06226
3315.5 74 8.60233
3316.5 61 7.81025
3317.5 76 8.7178
3318.5 77 8.77496
3319.5 70 8.3666
3320.5 91 9.53939
3321.5 85 9.21954
3322.5 58 7.61577
3323.5 80 8.94427
3324.5 78 8.83176
3325.5 81 9
3326.5 99 9.94987
3327.5 75 8.66025
3328.5 86 9.27362
3329.5 70 8.3666
3330.5 64 8
3331.5 81 9
3332.5 69 8.30662
3333.5 60 7.74597
3334.5 67 8.18535
3335.5 73 8.544
3336.5 82 9.05539
3337.5 75 8.66025
3338.5 75 8.66025
3339.5 83 9.11043
3340.5 66 8.12404
3341.5 75 8.66025
3342.5 88 9.38083
3343.5 84 9.16515
3344.5 89 9.43398
3345.5 75 8.66025
3346.5 77 8.77496
3347.5 66 8.12404
3348.5 61 7.81025
3349.5 79 8.88819
3350.5 80 8.94427
3351.5 79 8.88819
3352.5 61 7.81025
3353.5 56 7.48331
3354.5 71 8.42615
3355.5 70 8.3666
3356.5 98 9.89949
3357.5 81 9
3358.5 58 7.61577
3359.5 80 8.94427
3360.5 90 9.48683
3361.5 67 8.18535
3362.5 79 8.88819
3363.5 82 9.05539
3364.5 67 8.18535
3365.5 73 8.544
3366.5 64 8
3367.5 56 7.48331
3368.5 80 8.94427
3369.5 67 8.18535
3370.5 59 7.68115
3371.5 65 8.06226
3372.5 97 9.84886
3373.5 82 9.05539
3374.5 58 7.61577
3375.5 84 9.16515
3376.5 69 8.30662
3377.5 65 8.06226
3378.5 73 8.544
3379.5 62 7.87401
3380.5 79 8.88819
3381.5 70 8.3666
3382.5 77 8.77496
3383.5 61 7.81025
3384.5 81 9
3385.5 67 8.18535
3386.5 64 8
3387.5 52 7.2111
3388.5 63 7.93725
3389.5 73 8.544
3390.5 86 9.27362
3391.5 75 8.66025
3392.5 67 8.18535
3393.5 62 7.87401
3394.5 74 8.60233
3395.5 67 8.18535
3396.5 79 8.88819
3397.5 54 7.34847
3398.5 78 8.83176
3399.5 73 8.544
3400.5 73 8.544
3401.5 67 8.18535
3402.5 67 8.18535
3403.5 73 8.544
3404.5 77 8.77496
3405.5 75 8.66025
3406.5 63 7.93725
3407.5 68 8.24621
3408.5 73 8.544
3409.5 67 8.18535
3410.5 74 8.60233
3411.5 63 7.93725
3412.5 72 8.48528
3413.5 82 9.05539
3414.5 75 8.66025
3415.5 65 8.06226
3416.5 61 7.81025
3417.5 89 9.43398
3418.5 68 8.24621
3419.5 80 8.94427
3420.5 59 7.68115
3421.5 75 8.66025
3422.5 68 8.24621
3423.5 82 9.05539
3424.5 79 8.88819
3425.5 68 8.24621
3426.5 74 8.60233
3427.5 63 7.93725
3428.5 95 9.74679
3429.5 77 8.77496
3430.5 71 8.42615
3431.5 80 8.94427
3432.5 71 8.42615
3433.5 74 8.60233
3434.5 77 8.77496
3435.5 79 8.88819
3436.5 62 7.87401
3437.5 61 7.81025
3438.5 89 9.43398
3439.5 81 9
3440.5 84 9.16515
3441.5 77 8.77496
3442.5 64 8
3443.5 62 7.87401
3444.5 69 8.30662
3445.5 69 8.30662
3446.5 75 8.66025
3447.5 68 8.24621
3448.5 71 8.42615
3449.5 69 8.30662
3450.5 71 8.42615
3451.5 61 7.81025
3452.5 64 8
3453.5 74 8.60233
3454.5 81 9
3455.5 61 7.81025
3456.5 53 7.28011
3457.5 62 7.87401
3458.5 72 8.48528
3459.5 73 8.544
3460.5 77 8.77496
3461.5 64 8
3462.5 61 7.81025
3463.5 79 8.88819
3464.5 74 8.60233
3465.5 73 8.544
3466.5 72 8.48528
3467.5 79 8.88819
3468.5 65 8.06226
3469.5 83 9.11043
3470.5 47 6.85565
3471.5 69 8.30662
3472.5 67 8.18535
3473.5 71 8.42615
3474.5 71 8.42615
3475.5 66 8.12404
3476.5 64 8
3477.5 74 8.60233
3478.5 72 8.48528
3479.5 74 8.60233
3480.5 79 8.88819
3481.5 71 8.42615
3482.5 65 8.06226
3483.5 68 8.24621
3484.5 68 8.24621
3485.5 67 8.18535
3486.5 57 7.54983
3487.5 77 8.77496
3488.5 72 8.48528
3489.5 62 7.87401
3490.5 63 7.93725
3491.5 73 8.544
3492.5 81 9
3493.5 65 8.06226
3494.5 92 9.59166
3495.5 83 9.11043
3496.5 59 7.68115
3497.5 72 8.48528
3498.5 90 9.48683
3499.5 67 8.18535
3500.5 69 8.30662
3501.5 68 8.24621
3502.5 85 9.21954
3503.5 72 8.48528
3504.5 80 8.94427
3505.5 72 8.48528
3506.5 59 7.68115
3507.5 64 8
3508.5 63 7.93725
3509.5 75 8.66025
3510.5 54 7.34847
3511.5 67 8.18535
3512.5 68 8.24621
3513.5 57 7.54983
3514.5 84 9.16515
3515.5 69 8.30662
3516.5 79 8.88819
3517.5 83 9.11043
3518.5 83 9.11043
3519.5 70 8.3666
3520.5 68 8.24621
3521.5 75 8.66025
3522.5 67 8.18535
3523.5 59 7.68115
3524.5 74 8.60233
3525.5 62 7.87401
3526.5 69 8.30662
3527.5 75 8.66025
3528.5 68 8.24621
3529.5 62 7.87401
3530.5 80 8.94427
3531.5 75 8.66025
3532.5 67 8.18535
3533.5 56 7.48331
3534.5 80 8.94427
3535.5 85 9.21954
3536.5 61 7.81025
3537.5 76 8.7178
3538.5 68 8.24621
3539.5 86 9.27362
3540.5 67 8.18535
3541.5 82 9.05539
3542.5 78 8.83176
3543.5 60 7.74597
3544.5 56 7.48331
3545.5 73 8.544
3546.5 67 8.18535
3547.5 72 8.48528
3548.5 73 8.544
3549.5 69 8.30662
3550.5 66 8.12404
3551.5 66 8.12404
3552.5 83 9.11043
3553.5 82 9.05539
3554.5 63 7.93725
3555.5 73 8.544
3556.5 70 8.3666
3557.5 68 8.24621
3558.5 73 8.544
3559.5 76 8.7178
3560.5 74 8.60233
3561.5 76 8.7178
3562.5 55 7.4162
3563.5 73 8.544
3564.5 59 7.68115
3565.5 83 9.11043
3566.5 61 7.81025
3567.5 71 8.42615
3568.5 90 9.48683
3569.5 74 8.60233
3570.5 50 7.07107
3571.5 59 7.68115
3572.5 71 8.42615
3573.5 64 8
3574.5 70 8.3666
3575.5 79 8.88819
3576.5 78 8.83176
3577.5 71 8.42615
3578.5 67 8.18535
3579.5 67 8.18535
3580.5 77 8.77496
3581.5 65 8.06226
3582.5 85 9.21954
3583.5 72 8.48528
3584.5 74 8.60233
3585.5 77 8.77496
3586.5 76 8.7178
3587.5 73 8.544
3588.5 53 7.28011
3589.5 72 8.48528
3590.5 83 9.11043
3591.5 76 8.7178
3592.5 75 8.66025
3593.5 57 7.54983
3594.5 84 9.16515
3595.5 60 7.74597
3596.5 71 8.42615
3597.5 55 7.4162
3598.5 88 9.38083
3599.5 52 7.2111
3600.5 81 9
3601.5 58 7.61577
3602.5 74 8.60233
3603.5 71 8.42615
3604.5 53 7.28011
3605.5 70 8.3666
3606.5 71 8.42615
3607.5 70 8.3666
3608.5 66 8.12404
3609.5 56 7.48331
3610.5 71 8.42615
3611.5 62 7.87401
3612.5 76 8.7178
3613.5 72 8.48528
3614.5 66 8.12404
3615.5 64 8
3616.5 76 8.7178
3617.5 52 7.2111
3618.5 80 8.94427
3619.5 72 8.48528
3620.5 71 8.42615
3621.5 66 8.12404
3622.5 63 7.93725
3623.5 54 7.34847
3624.5 71 8.42615
3625.5 61 7.81025
3626.5 66 8.12404
3627.5 69 8.30662
3628.5 85 9.21954
3629.5 72 8.48528
3630.5 66 8.12404
3631.5 63 7.93725
3632.5 64 8
3633.5 57 7.54983
3634.5 63 7.93725
3635.5 69 8.30662
3636.5 67 8.18535
3637.5 64 8
3638.5 54 7.34847
3639.5 66 8.12404
3640.5 75 8.66025
3641.5 71 8.42615
3642.5 71 8.42615
3643.5 62 7.87401
3644.5 61 7.81025
3645.5 71 8.42615
3646.5 62 7.87401
3647.5 65 8.06226
3648.5 64 8
3649.5 74 8.60233
3650.5 62 7.87401
3651.5 71 8.42615
3652.5 71 8.42615
3653.5 54 7.34847
3654.5 72 8.48528
3655.5 84 9.16515
3656.5 63 7.93725
3657.5 84 9.16515
3658.5 68 8.24621
3659.5 65 8.06226
3660.5 75 8.66025
3661.5 52 7.2111
3662.5 74 8.60233
3663.5 70 8.3666
3664.5 50 7.07107
3665.5 61 7.81025
3666.5 77 8.77496
3667.5 73 8.544
3668.5 78 8.83176
3669.5 55 7.4162
3670.5 69 8.30662
3671.5 60 7.74597
3672.5 72 8.48528
3673.5 63 7.93725
3674.5 79 8.88819
3675.5 67 8.18535
3676.5 61 7.81025
3677.5 66 8.12404
3678.5 58 7.61577
3679.5 62 7.87401
3680.5 65 8.06226
3681.5 60 7.74597
3682.5 62 7.87401
3683.5 64 8
3684.5 67 8.18535
3685.5 68 8.24621
3686.5 63 7.93725
3687.5 53 7.28011
3688.5 73 8.544
3689.5 52 7.2111
3690.5 53 7.28011
3691.5 62 7.87401
3692.5 55 7.4162
3693.5 73 8.544
3694.5 75 8.66025
3695.5 66 8.12404
3696.5 93 9.64365
3697.5 62 7.87401
3698.5 74 8.60233
3699.5 49 7
3700.5 61 7.81025
3701.5 70 8.3666
3702.5 71 8.42615
3703.5 63 7.93725
3704.5 70 8.3666
3705.5 62 7.87401
3706.5 69 8.30662
3707.5 53 7.28011
3708.5 63 7.93725
3709.5 78 8.83176
3710.5 53 7.28011
3711.5 63 7.93725
3712.5 61 7.81025
3713.5 74 8.60233
3714.5 62 7.87401
3715.5 61 7.81025
3716.5 63 7.93725
3717.5 72 8.48528
3718.5 70 8.3666
3719.5 71 8.42615
3720.5 76 8.7178
3721.5 53 7.28011
3722.5 61 7.81025
3723.5 61 7.81025
3724.5 79 8.88819
3725.5 77 8.77496
3726.5 51 7.14143
3727.5 57 7.54983
3728.5 61 7.81025
3729.5 70 8.3666
3730.5 65 8.06226
3731.5 71 8.42615
3732.5 68 8.24621
3733.5 63 7.93725
3734.5 75 8.66025
3735.5 62 7.87401
3736.5 65 8.06226
3737.5 55 7.4162
3738.5 63 7.93725
3739.5 64 8
3740.5 49 7
3741.5 67 8.18535
3742.5 65 8.06226
3743.5 60 7.74597
3744.5 75 8.66025
3745.5 73 8.544
3746.5 63 7.93725
3747.5 58 7.61577
3748.5 75 8.66025
3749.5 67 8.18535
3750.5 68 8.24621
3751.5 68 8.24621
3752.5 62 7.87401
3753.5 77 8.77496
3754.5 63 7.93725
3755.5 72 8.48528
3756.5 78 8.83176
3757.5 64 8
3758.5 63 7.93725
3759.5 80 8.94427
3760.5 64 8
3761.5 60 7.74597
3762.5 65 8.06226
3763.5 90 9.48683
3764.5 62 7.87401
3765.5 67 8.18535
3766.5 59 7.68115
3767.5 72 8.48528
3768.5 74 8.60233
3769.5 69 8.30662
3770.5 63 7.93725
3771.5 52 7.2111
3772.5 59 7.68115
3773.5 82 9.05539
3774.5 66 8.12404
3775.5 65 8.06226
3776.5 60 7.74597
3777.5 68 8.24621
3778.5 64 8
3779.5 63 7.93725
3780.5 69 8.30662
3781.5 60 7.74597
3782.5 62 7.87401
3783.5 74 8.60233
3784.5 66 8.12404
3785.5 69 8.30662
3786.5 61 7.81025
3787.5 79 8.88819
3788.5 74 8.60233
3789.5 62 7.87401
3790.5 69 8.30662
3791.5 59 7.68115
3792.5 77 8.77496
3793.5 72 8.48528
3794.5 70 8.3666
3795.5 67 8.18535
3796.5 76 8.7178
3797.5 77 8.77496
3798.5 63 7.93725
3799.5 80 8.94427
3800.5 61 7.81025
3801.5 63 7.93725
3802.5 79 8.88819
3803.5 76 8.7178
3804.5 57 7.54983
3805.5 55 7.4162
3806.5 68 8.24621
3807.5 59 7.68115
3808.5 54 7.34847
3809.5 77 8.77496
3810.5 73 8.544
3811.5 74 8.60233
3812.5 52 7.2111
3813.5 58 7.61577
3814.5 63 7.93725
3815.5 58 7.61577
3816.5 72 8.48528
3817.5 76 8.7178
3818.5 64 8
3819.5 63 7.93725
3820.5 67 8.18535
3821.5 59 7.68115
3822.5 70 8.3666
3823.5 72 8.48528
3824.5 71 8.42615
3825.5 77 8.77496
3826.5 67 8.18535
3827.5 65 8.06226
3828.5 60 7.74597
3829.5 62 7.87401
3830.5 68 8.24621
3831.5 59 7.68115
3832.5 67 8.18535
3833.5 67 8.18535
3834.5 72 8.48528
3835.5 54 7.34847
3836.5 69 8.30662
3837.5 68 8.24621
3838.5 65 8.06226
3839.5 69 8.30662
3840.5 60 7.74597
3841.5 65 8.06226
3842.5 79 8.88819
3843.5 54 7.34847
3844.5 64 8
3845.5 75 8.66025
3846.5 52 7.2111
3847.5 70 8.3666
3848.5 75 8.66025
3849.5 64 8
3850.5 63 7.93725
3851.5 73 8.544
3852.5 59 7.68115
3853.5 57 7.54983
3854.5 63 7.93725
3855.5 71 8.42615
3856.5 52 7.2111
3857.5 66 8.12404
3858.5 67 8.18535
3859.5 68 8.24621
3860.5 67 8.18535
3861.5 65 8.06226
3862.5 57 7.54983
3863.5 66 8.12404
3864.5 54 7.34847
3865.5 78 8.83176
3866.5 57 7.54983
3867.5 62 7.87401
3868.5 60 7.74597
3869.5 50 7.07107
3870.5 68 8.24621
3871.5 55 7.4162
3872.5 60 7.74597
3873.5 79 8.88819
3874.5 73 8.544
3875.5 72 8.48528
3876.5 59 7.68115
3877.5 65 8.06226
3878.5 52 7.2111
3879.5 74 8.60233
3880.5 63 7.93725
3881.5 60 7.74597
3882.5 92 9.59166
3883.5 69 8.30662
3884.5 66 8.12404
3885.5 59 7.68115
3886.5 70 8.3666
3887.5 75 8.66025
3888.5 67 8.18535
3889.5 61 7.81025
3890.5 56 7.48331
3891.5 78 8.83176
3892.5 48 6.9282
3893.5 63 7.93725
3894.5 69 8.30662
3895.5 73 8.544
3896.5 71 8.42615
3897.5 62 7.87401
3898.5 79 8.88819
3899.5 56 7.48331
3900.5 65 8.06226
3901.5 75 8.66025
3902.5 65 8.06226
3903.5 79 8.88819
3904.5 61 7.81025
3905.5 65 8.06226
3906.5 65 8.06226
3907.5 66 8.12404
3908.5 57 7.54983
3909.5 61 7.81025
3910.5 74 8.60233
3911.5 55 7.4162
3912.5 58 7.61577
3913.5 57 7.54983
3914.5 58 7.61577
3915.5 69 8.30662
3916.5 68 8.24621
3917.5 80 8.94427
3918.5 67 8.18535
3919.5 67 8.18535
3920.5 69 8.30662
3921.5 61 7.81025
3922.5 75 8.66025
3923.5 59 7.68115
3924.5 71 8.42615
3925.5 68 8.24621
3926.5 76 8.7178
3927.5 60 7.74597
3928.5 69 8.30662
3929.5 57 7.54983
3930.5 57 7.54983
3931.5 75 8.66025
3932.5 77 8.77496
3933.5 56 7.48331
3934.5 73 8.544
3935.5 61 7.81025
3936.5 69 8.30662
3937.5 57 7.54983
3938.5 57 7.54983
3939.5 75 8.66025
3940.5 57 7.54983
3941.5 65 8.06226
3942.5 75 8.66025
3943.5 63 7.93725
3944.5 69 8.30662
3945.5 56 7.48331
3946.5 75 8.66025
3947.5 61 7.81025
3948.5 67 8.18535
3949.5 53 7.28011
3950.5 59 7.68115
3951.5 49 7
3952.5 57 7.54983
3953.5 51 7.14143
3954.5 75 8.66025
3955.5 67 8.18535
3956.5 68 8.24621
3957.5 52 7.2111
3958.5 72 8.48528
3959.5 66 8.12404
3960.5 61 7.81025
3961.5 70 8.3666
3962.5 55 7.4162
3963.5 53 7.28011
3964.5 72 8.48528
3965.5 69 8.30662
3966.5 72 8.48528
3967.5 58 7.61577
3968.5 73 8.544
3969.5 66 8.12404
3970.5 64 8
3971.5 60 7.74597
3972.5 57 7.54983
3973.5 59 7.68115
3974.5 63 7.93725
3975.5 58 7.61577
3976.5 54 7.34847
3977.5 71 8.42615
3978.5 69 8.30662
3979.5 69 8.30662
3980.5 58 7.61577
3981.5 68 8.24621
3982.5 68 8.24621
3983.5 63 7.93725
3984.5 56 7.48331
3985.5 76 8.7178
3986.5 68 8.24621
3987.5 60 7.74597
3988.5 67 8.18535
3989.5 77 8.77496
3990.5 68 8.24621
3991.5 70 8.3666
3992.5 68 8.24621
3993.5 40 6.32456
3994.5 66 8.12404
3995.5 66 8.12404
3996.5 66 8.12404
3997.5 62 7.87401
3998.5 67 8.18535
3999.5 72 8.48528
4000.5 49 7
4001.5 59 7.68115
4002.5 63 7.93725
4003.5 81 9
4004.5 55 7.4162
4005.5 54 7.34847
4006.5 53 7.28011
4007.5 58 7.61577
4008.5 53 7.28011
4009.5 59 7.68115
4010.5 67 8.18535
4011.5 63 7.93725
4012.5 58 7.61577
4013.5 59 7.68115
4014.5 55 7.4162
4015.5 56 7.48331
4016.5 50 7.07107
4017.5 64 8
4018.5 44 6.63325
4019.5 62 7.87401
4020.5 75 8.66025
4021.5 66 8.12404
4022.5 60 7.74597
4023.5 61 7.81025
4024.5 57 7.54983
4025.5 60 7.74597
4026.5 68 8.24621
4027.5 52 7.2111
4028.5 78 8.83176
4029.5 68 8.24621
4030.5 67 8.18535
4031.5 68 8.24621
4032.5 69 8.30662
4033.5 67 8.18535
4034.5 60 7.74597
4035.5 79 8.88819
4036.5 70 8.3666
4037.5 68 8.24621
4038.5 55 7.4162
4039.5 73 8.544
4040.5 59 7.68115
4041.5 53 7.28011
4042.5 58 7.61577
4043.5 38 6.16441
4044.5 54 7.34847
4045.5 66 8.12404
4046.5 73 8.544
4047.5 64 8
4048.5 53 7.28011
4049.5 71 8.42615
4050.5 70 8.3666
4051.5 69 8.30662
4052.5 61 7.81025
4053.5 78 8.83176
4054.5 77 8.77496
4055.5 67 8.18535
4056.5 62 7.87401
4057.5 52 7.2111
4058.5 56 7.48331
4059.5 71 8.42615
4060.5 64 8
4061.5 70 8.3666
4062.5 45 6.7082
4063.5 64 8
4064.5 62 7.87401
4065.5 70 8.3666
4066.5 68 8.24621
4067.5 85 9.21954
4068.5 62 7.87401
4069.5 68 8.24621
4070.5 72 8.48528
4071.5 74 8.60233
4072.5 53 7.28011
4073.5 62 7.87401
4074.5 74 8.60233
4075.5 63 7.93725
4076.5 71 8.42615
4077.5 64 8
4078.5 60 7.74597
4079.5 54 7.34847
4080.5 66 8.12404
4081.5 45 6.7082
4082.5 66 8.12404
4083.5 72 8.48528
4084.5 59 7.68115
4085.5 62 7.87401
4086.5 67 8.18535
4087.5 57 7.54983
4088.5 57 7.54983
4089.5 76 8.7178
4090.5 70 8.3666
4091.5 71 8.42615
4092.5 61 7.81025
4093.5 73 8.544
4094.5 83 9.11043
4095.5 60 7.74597
4096.5 70 8.3666
4097.5 80 8.94427
4098.5 84 9.16515
4099.5 69 8.30662
4100.5 70 8.3666
4101.5 62 7.87401
4102.5 54 7.34847
4103.5 69 8.30662
4104.5 58 7.61577
4105.5 66 8.12404
4106.5 42 6.48074
4107.5 74 8.60233
4108.5 79 8.88819
4109.5 75 8.66025
4110.5 73 8.544
4111.5 61 7.81025
4112.5 50 7.07107
4113.5 79 8.88819
4114.5 53 7.28011
4115.5 73 8.544
4116.5 65 8.06226
4117.5 67 8.18535
4118.5 56 7.48331
4119.5 48 6.9282
4120.5 63 7.93725
4121.5 76 8.7178
4122.5 74 8.60233
4123.5 68 8.24621
4124.5 70 8.3666
4125.5 51 7.14143
4126.5 45 6.7082
4127.5 74 8.60233
4128.5 48 6.9282
4129.5 48 6.9282
4130.5 57 7.54983
4131.5 69 8.30662
4132.5 68 8.24621
4133.5 71 8.42615
4134.5 59 7.68115
4135.5 64 8
4136.5 56 7.48331
4137.5 81 9
4138.5 62 7.87401
4139.5 68 8.24621
4140.5 39 6.245
4141.5 67 8.18535
4142.5 60 7.74597
4143.5 74 8.60233
4144.5 62 7.87401
4145.5 68 8.24621
4146.5 60 7.74597
4147.5 58 7.61577
4148.5 62 7.87401
4149.5 59 7.68115
4150.5 53 7.28011
4151.5 71 8.42615
4152.5 64 8
4153.5 68 8.24621
4154.5 55 7.4162
4155.5 57 7.54983
4156.5 59 7.68115
4157.5 71 8.42615
4158.5 69 8.30662
4159.5 61 7.81025
4160.5 68 8.24621
4161.5 73 8.544
4162.5 64 8
4163.5 59 7.68115
4164.5 61 7.81025
4165.5 64 8
4166.5 62 7.87401
4167.5 45 6.7082
4168.5 84 9.16515
4169.5 71 8.42615
4170.5 55 7.4162
4171.5 77 8.77496
4172.5 67 8.18535
4173.5 57 7.54983
4174.5 60 7.74597
4175.5 57 7.54983
4176.5 57 7.54983
4177.5 64 8
4178.5 58 7.61577
4179.5 74 8.60233
4180.5 57 7.54983
4181.5 61 7.81025
4182.5 68 8.24621
4183.5 67 8.18535
4184.5 61 7.81025
4185.5 68 8.24621
4186.5 50 7.07107
4187.5 59 7.68115
4188.5 66 8.12404
4189.5 62 7.87401
4190.5 75 8.66025
4191.5 71 8.42615
4192.5 61 7.81025
4193.5 67 8.18535
4194.5 65 8.06226
4195.5 63 7.93725
4196.5 60 7.74597
4197.5 61 7.81025
4198.5 64 8
4199.5 69 8.30662
4200.5 73 8.544
4201.5 56 7.48331
4202.5 51 7.14143
4203.5 61 7.81025
4204.5 69 8.30662
4205.5 58 7.61577
4206.5 61 7.81025
4207.5 50 7.07107
4208.5 74 8.60233
4209.5 60 7.74597
4210.5 47 6.85565
4211.5 56 7.48331
4212.5 61 7.81025
4213.5 66 8.12404
4214.5 64 8
4215.5 72 8.48528
4216.5 71 8.42615
4217.5 56 7.48331
4218.5 60 7.74597
4219.5 71 8.42615
4220.5 58 7.61577
4221.5 61 7.81025
4222.5 65 8.06226
4223.5 63 7.93725
4224.5 63 7.93725
4225.5 67 8.18535
4226.5 56 7.48331
4227.5 68 8.24621
4228.5 64 8
4229.5 61 7.81025
4230.5 72 8.48528
4231.5 66 8.12404
4232.5 74 8.60233
4233.5 61 7.81025
4234.5 56 7.48331
4235.5 67 8.18535
4236.5 55 7.4162
4237.5 63 7.93725
4238.5 81 9
4239.5 70 8.3666
4240.5 61 7.81025
4241.5 68 8.24621
4242.5 68 8.24621
4243.5 62 7.87401
4244.5 47 6.85565
4245.5 62 7.87401
4246.5 68 8.24621
4247.5 69 8.30662
4248.5 74 8.60233
4249.5 72 8.48528
4250.5 62 7.87401
4251.5 65 8.06226
4252.5 70 8.3666
4253.5 59 7.68115
4254.5 51 7.14143
4255.5 70 8.3666
4256.5 60 7.74597
4257.5 52 7.2111
4258.5 57 7.54983
4259.5 52 7.2111
4260.5 71 8.42615
4261.5 69 8.30662
4262.5 61 7.81025
4263.5 67 8.18535
4264.5 58 7.61577
4265.5 76 8.7178
4266.5 53 7.28011
4267.5 60 7.74597
4268.5 67 8.18535
4269.5 58 7.61577
4270.5 58 7.61577
4271.5 64 8
4272.5 55 7.4162
4273.5 54 7.34847
4274.5 69 8.30662
4275.5 66 8.12404
4276.5 67 8.18535
4277.5 56 7.48331
4278.5 59 7.68115
4279.5 63 7.93725
4280.5 67 8.18535
4281.5 65 8.06226
4282.5 44 6.63325
4283.5 58 7.61577
4284.5 57 7.54983
4285.5 66 8.12404
4286.5 61 7.81025
4287.5 61 7.81025
4288.5 62 7.87401
4289.5 71 8.42615
4290.5 61 7.81025
4291.5 41 6.40312
4292.5 67 8.18535
4293.5 67 8.18535
4294.5 67 8.18535
4295.5 56 7.48331
4296.5 61 7.81025
4297.5 85 9.21954
4298.5 65 8.06226
4299.5 82 9.05539
4300.5 63 7.93725
4301.5 54 7.34847
4302.5 65 8.06226
4303.5 70 8.3666
4304.5 64 8
4305.5 68 8.24621
4306.5 53 7.28011
4307.5 49 7
4308.5 61 7.81025
4309.5 59 7.68115
4310.5 48 6.9282
4311.5 77 8.77496
4312.5 56 7.48331
4313.5 64 8
4314.5 72 8.48528
4315.5 79 8.88819
4316.5 61 7.81025
4317.5 55 7.4162
4318.5 62 7.87401
4319.5 67 8.18535
4320.5 53 7.28011
4321.5 45 6.7082
4322.5 64 8
4323.5 72 8.48528
4324.5 61 7.81025
4325.5 64 8
4326.5 65 8.06226
4327.5 53 7.28011
4328.5 68 8.24621
4329.5 64 8
4330.5 64 8
4331.5 74 8.60233
4332.5 75 8.66025
4333.5 64 8
4334.5 57 7.54983
4335.5 58 7.61577
4336.5 74 8.60233
4337.5 68 8.24621
4338.5 70 8.3666
4339.5 78 8.83176
4340.5 53 7.28011
4341.5 56 7.48331
4342.5 62 7.87401
4343.5 52 7.2111
4344.5 74 8.60233
4345.5 55 7.4162
4346.5 64 8
4347.5 57 7.54983
4348.5 67 8.18535
4349.5 77 8.77496
4350.5 66 8.12404
4351.5 73 8.544
4352.5 70 8.3666
4353.5 60 7.74597
4354.5 68 8.24621
4355.5 65 8.06226
4356.5 59 7.68115
4357.5 65 8.06226
4358.5 49 7
4359.5 48 6.9282
4360.5 65 8.06226
4361.5 76 8.7178
4362.5 53 7.28011
4363.5 61 7.81025
4364.5 68 8.24621
4365.5 63 7.93725
4366.5 54 7.34847
4367.5 73 8.544
4368.5 57 7.54983
4369.5 61 7.81025
4370.5 48 6.9282
4371.5 63 7.93725
4372.5 55 7.4162
4373.5 56 7.48331
4374.5 69 8.30662
4375.5 62 7.87401
4376.5 55 7.4162
4377.5 59 7.68115
4378.5 68 8.24621
4379.5 61 7.81025
4380.5 70 8.3666
4381.5 56 7.48331
4382.5 52 7.2111
4383.5 72 8.48528
4384.5 49 7
4385.5 71 8.42615
4386.5 56 7.48331
4387.5 49 7
4388.5 69 8.30662
4389.5 62 7.87401
4390.5 71 8.42615
4391.5 51 7.14143
4392.5 43 6.55744
4393.5 67 8.18535
4394.5 57 7.54983
4395.5 69 8.30662
4396.5 73 8.544
4397.5 48 6.9282
4398.5 74 8.60233
4399.5 57 7.54983
4400.5 68 8.24621
4401.5 61 7.81025
4402.5 66 8.12404
4403.5 59 7.68115
4404.5 59 7.68115
4405.5 63 7.93725
4406.5 73 8.544
4407.5 63 7.93725
4408.5 53 7.28011
4409.5 62 7.87401
4410.5 76 8.7178
4411.5 49 7
4412.5 56 7.48331
4413.5 55 7.4162
4414.5 59 7.68115
4415.5 58 7.61577
4416.5 61 7.81025
4417.5 47 6.85565
4418.5 63 7.93725
4419.5 73 8.544
4420.5 63 7.93725
4421.5 67 8.18535
4422.5 64 8
4423.5 60 7.74597
4424.5 76 8.7178
4425.5 59 7.68115
4426.5 65 8.06226
4427.5 41 6.40312
4428.5 60 7.74597
4429.5 67 8.18535
4430.5 70 8.3666
4431.5 70 8.3666
4432.5 61 7.81025
4433.5 88 9.38083
4434.5 50 7.07107
4435.5 68 8.24621
4436.5 72 8.48528
4437.5 55 7.4162
4438.5 62 7.87401
4439.5 59 7.68115
4440.5 57 7.54983
4441.5 58 7.61577
4442.5 53 7.28011
4443.5 56 7.48331
4444.5 62 7.87401
4445.5 58 7.61577
4446.5 76 8.7178
4447.5 58 7.61577
4448.5 60 7.74597
4449.5 62 7.87401
4450.5 54 7.34847
4451.5 68 8.24621
4452.5 62 7.87401
4453.5 64 8
4454.5 66 8.12404
4455.5 75 8.66025
4456.5 53 7.28011
4457.5 55 7.4162
4458.5 52 7.2111
4459.5 75 8.66025
4460.5 67 8.18535
4461.5 52 7.2111
4462.5 59 7.68115
4463.5 60 7.74597
4464.5 76 8.7178
4465.5 67 8.18535
4466.5 83 9.11043
4467.5 94 9.69536
4468.5 69 8.30662
4469.5 77 8.77496
4470.5 75 8.66025
4471.5 77 8.77496
4472.5 65 8.06226
4473.5 64 8
4474.5 71 8.42615
4475.5 63 7.93725
4476.5 74 8.60233
4477.5 69 8.30662
4478.5 55 7.4162
4479.5 62 7.87401
4480.5 69 8.30662
4481.5 56 7.48331
4482.5 63 7.93725
4483.5 58 7.61577
4484.5 66 8.12404
4485.5 65 8.06226
4486.5 72 8.48528
4487.5 71 8.42615
4488.5 57 7.54983
4489.5 75 8.66025
4490.5 51 7.14143
4491.5 62 7.87401
4492.5 73 8.544
4493.5 70 8.3666
4494.5 65 8.06226
4495.5 67 8.18535
4496.5 71 8.42615
4497.5 54 7.34847
4498.5 68 8.24621
4499.5 59 7.68115
4500.5 67 8.18535
4501.5 68 8.24621
4502.5 64 8
4503.5 56 7.48331
4504.5 62 7.87401
4505.5 59 7.68115
4506.5 78 8.83176
4507.5 64 8
4508.5 70 8.3666
4509.5 66 8.12404
4510.5 70 8.3666
4511.5 67 8.18535
4512.5 60 7.74597
4513.5 62 7.87401
4514.5 70 8.3666
4515.5 62 7.87401
4516.5 52 7.2111
4517.5 62 7.87401
4518.5 58 7.61577
4519.5 67 8.18535
4520.5 64 8
4521.5 56 7.48331
4522.5 54 7.34847
4523.5 55 7.4162
4524.5 57 7.54983
4525.5 52 7.2111
4526.5 61 7.81025
4527.5 47 6.85565
4528.5 49 7
4529.5 51 7.14143
4530.5 50 7.07107
4531.5 58 7.61577
4532.5 52 7.2111
4533.5 63 7.93725
4534.5 61 7.81025
4535.5 80 8.94427
4536.5 59 7.68115
4537.5 56 7.48331
4538.5 65 8.06226
4539.5 59 7.68115
4540.5 62 7.87401
4541.5 63 7.93725
4542.5 66 8.12404
4543.5 59 7.68115
4544.5 81 9
4545.5 62 7.87401
4546.5 61 7.81025
4547.5 53 7.28011
4548.5 56 7.48331
4549.5 59 7.68115
4550.5 59 7.68115
4551.5 64 8
4552.5 55 7.4162
4553.5 55 7.4162
4554.5 59 7.68115
4555.5 56 7.48331
4556.5 60 7.74597
4557.5 63 7.93725
4558.5 85 9.21954
4559.5 61 7.81025
4560.5 59 7.68115
4561.5 50 7.07107
4562.5 63 7.93725
4563.5 50 7.07107
4564.5 67 8.18535
4565.5 63 7.93725
4566.5 52 7.2111
4567.5 78 8.83176
4568.5 56 7.48331
4569.5 58 7.61577
4570.5 61 7.81025
4571.5 65 8.06226
4572.5 66 8.12404
4573.5 51 7.14143
4574.5 56 7.48331
4575.5 65 8.06226
4576.5 60 7.74597
4577.5 61 7.81025
4578.5 66 8.12404
4579.5 68 8.24621
4580.5 67 8.18535
4581.5 71 8.42615
4582.5 55 7.4162
4583.5 54 7.34847
4584.5 66 8.12404
4585.5 56 7.48331
4586.5 63 7.93725
4587.5 70 8.3666
4588.5 53 7.28011
4589.5 65 8.06226
4590.5 52 7.2111
4591.5 52 7.2111
4592.5 55 7.4162
4593.5 51 7.14143
4594.5 66 8.12404
4595.5 63 7.93725
4596.5 65 8.06226
4597.5 60 7.74597
4598.5 63 7.93725
4599.5 69 8.30662
4600.5 62 7.87401
4601.5 52 7.2111
4602.5 55 7.4162
4603.5 70 8.3666
4604.5 61 7.81025
4605.5 67 8.18535
4606.5 59 7.68115
4607.5 80 8.94427
4608.5 60 7.74597
4609.5 52 7.2111
4610.5 56 7.48331
4611.5 66 8.12404
4612.5 51 7.14143
4613.5 51 7.14143
4614.5 64 8
4615.5 43 6.55744
4616.5 70 8.3666
4617.5 61 7.81025
4618.5 52 7.2111
4619.5 55 7.4162
4620.5 69 8.30662
4621.5 66 8.12404
4622.5 48 6.9282
4623.5 46 6.78233
4624.5 52 7.2111
4625.5 75 8.66025
4626.5 67 8.18535
4627.5 58 7.61577
4628.5 57 7.54983
4629.5 65 8.06226
4630.5 64 8
4631.5 49 7
4632.5 58 7.61577
4633.5 64 8
4634.5 63 7.93725
4635.5 66 8.12404
4636.5 62 7.87401
4637.5 54 7.34847
4638.5 71 8.42615
4639.5 63 7.93725
4640.5 67 8.18535
4641.5 53 7.28011
4642.5 44 6.63325
4643.5 73 8.544
4644.5 54 7.34847
4645.5 70 8.3666
4646.5 67 8.18535
4647.5 64 8
4648.5 42 6.48074
4649.5 57 7.54983
4650.5 59 7.68115
4651.5 63 7.93725
4652.5 68 8.24621
4653.5 71 8.42615
4654.5 71 8.42615
4655.5 62 7.87401
4656.5 58 7.61577
4657.5 73 8.544
4658.5 57 7.54983
4659.5 45 6.7082
4660.5 70 8.3666
4661.5 58 7.61577
4662.5 62 7.87401
4663.5 73 8.544
4664.5 67 8.18535
4665.5 67 8.18535
4666.5 76 8.7178
4667.5 58 7.61577
4668.5 61 7.81025
4669.5 63 7.93725
4670.5 65 8.06226
4671.5 62 7.87401
4672.5 57 7.54983
4673.5 44 6.63325
4674.5 64 8
4675.5 51 7.14143
4676.5 76 8.7178
4677.5 56 7.48331
4678.5 63 7.93725
4679.5 61 7.81025
4680.5 53 7.28011
4681.5 51 7.14143
4682.5 61 7.81025
4683.5 62 7.87401
4684.5 66 8.12404
4685.5 67 8.18535
4686.5 68 8.24621
4687.5 59 7.68115
4688.5 67 8.18535
4689.5 55 7.4162
4690.5 64 8
4691.5 60 7.74597
4692.5 53 7.28011
4693.5 52 7.2111
4694.5 57 7.54983
4695.5 71 8.42615
4696.5 64 8
4697.5 69 8.30662
4698.5 55 7.4162
4699.5 70 8.3666
4700.5 66 8.12404
4701.5 56 7.48331
4702.5 57 7.54983
4703.5 48 6.9282
4704.5 61 7.81025
4705.5 55 7.4162
4706.5 57 7.54983
4707.5 64 8
4708.5 60 7.74597
4709.5 57 7.54983
4710.5 74 8.60233
4711.5 54 7.34847
4712.5 70 8.3666
4713.5 53 7.28011
4714.5 69 8.30662
4715.5 74 8.60233
4716.5 66 8.12404
4717.5 52 7.2111
4718.5 72 8.48528
4719.5 61 7.81025
4720.5 64 8
4721.5 68 8.24621
4722.5 68 8.24621
4723.5 62 7.87401
4724.5 44 6.63325
4725.5 62 7.87401
4726.5 72 8.48528
4727.5 66 8.12404
4728.5 64 8
4729.5 68 8.24621
4730.5 55 7.4162
4731.5 46 6.78233
4732.5 59 7.68115
4733.5 64 8
4734.5 63 7.93725
4735.5 76 8.7178
4736.5 57 7.54983
4737.5 61 7.81025
4738.5 72 8.48528
4739.5 70 8.3666
4740.5 48 6.9282
4741.5 65 8.06226
4742.5 68 8.24621
4743.5 68 8.24621
4744.5 65 8.06226
4745.5 62 7.87401
4746.5 70 8.3666
4747.5 57 7.54983
4748.5 58 7.61577
4749.5 68 8.24621
4750.5 56 7.48331
4751.5 41 6.40312
4752.5 55 7.4162
4753.5 68 8.24621
4754.5 51 7.14143
4755.5 62 7.87401
4756.5 52 7.2111
4757.5 56 7.48331
4758.5 57 7.54983
4759.5 57 7.54983
4760.5 54 7.34847
4761.5 59 7.68115
4762.5 79 8.88819
4763.5 62 7.87401
4764.5 64 8
4765.5 60 7.74597
4766.5 58 7.61577
4767.5 56 7.48331
4768.5 56 7.48331
4769.5 63 7.93725
4770.5 67 8.18535
4771.5 72 8.48528
4772.5 72 8.48528
4773.5 65 8.06226
4774.5 62 7.87401
4775.5 50 7.07107
4776.5 59 7.68115
4777.5 51 7.14143
4778.5 67 8.18535
4779.5 71 8.42615
4780.5 69 8.30662
4781.5 67 8.18535
4782.5 59 7.68115
4783.5 56 7.48331
4784.5 59 7.68115
4785.5 54 7.34847
4786.5 48 6.9282
4787.5 57 7.54983
4788.5 55 7.4162
4789.5 69 8.30662
4790.5 49 7
4791.5 50 7.07107
4792.5 64 8
4793.5 62 7.87401
4794.5 46 6.78233
4795.5 50 7.07107
4796.5 60 7.74597
4797.5 68 8.24621
4798.5 54 7.34847
4799.5 58 7.61577
4800.5 64 8
4801.5 63 7.93725
4802.5 66 8.12404
4803.5 58 7.61577
4804.5 58 7.61577
4805.5 60 7.74597
4806.5 63 7.93725
4807.5 65 8.06226
4808.5 65 8.06226
4809.5 54 7.34847
4810.5 54 7.34847
4811.5 53 7.28011
4812.5 49 7
4813.5 51 7.14143
4814.5 58 7.61577
4815.5 68 8.24621
4816.5 62 7.87401
4817.5 67 8.18535
4818.5 46 6.78233
4819.5 50 7.07107
4820.5 69 8.30662
4821.5 59 7.68115
4822.5 66 8.12404
4823.5 54 7.34847
4824.5 54 7.34847
4825.5 54 7.34847
4826.5 76 8.7178
4827.5 64 8
4828.5 58 7.61577
4829.5 65 8.06226
4830.5 66 8.12404
4831.5 53 7.28011
4832.5 68 8.24621
4833.5 72 8.48528
4834.5 54 7.34847
4835.5 63 7.93725
4836.5 52 7.2111
4837.5 50 7.07107
4838.5 54 7.34847
4839.5 60 7.74597
4840.5 67 8.18535
4841.5 56 7.48331
4842.5 57 7.54983
4843.5 48 6.9282
4844.5 71 8.42615
4845.5 55 7.4162
4846.5 58 7.61577
4847.5 47 6.85565
4848.5 58 7.61577
4849.5 61 7.81025
4850.5 54 7.34847
4851.5 56 7.48331
4852.5 58 7.61577
4853.5 59 7.68115
4854.5 71 8.42615
4855.5 57 7.54983
4856.5 71 8.42615
4857.5 69 8.30662
4858.5 59 7.68115
4859.5 64 8
4860.5 72 8.48528
4861.5 62 7.87401
4862.5 51 7.14143
4863.5 57 7.54983
4864.5 61 7.81025
4865.5 66 8.12404
4866.5 59 7.68115
4867.5 65 8.06226
4868.5 60 7.74597
4869.5 52 7.2111
4870.5 58 7.61577
4871.5 63 7.93725
4872.5 54 7.34847
4873.5 63 7.93725
4874.5 74 8.60233
4875.5 70 8.3666
4876.5 53 7.28011
4877.5 59 7.68115
4878.5 58 7.61577
4879.5 77 8.77496
4880.5 64 8
4881.5 55 7.4162
4882.5 61 7.81025
4883.5 68 8.24621
4884.5 69 8.30662
4885.5 53 7.28011
4886.5 48 6.9282
4887.5 61 7.81025
4888.5 66 8.12404
4889.5 55 7.4162
4890.5 64 8
4891.5 67 8.18535
4892.5 66 8.12404
4893.5 50 7.07107
4894.5 57 7.54983
4895.5 68 8.24621
4896.5 69 8.30662
4897.5 61 7.81025
4898.5 66 8.12404
4899.5 56 7.48331
4900.5 54 7.34847
4901.5 46 6.78233
4902.5 66 8.12404
4903.5 73 8.544
4904.5 68 8.24621
4905.5 64 8
4906.5 53 7.28011
4907.5 49 7
4908.5 54 7.34847
4909.5 66 8.12404
4910.5 56 7.48331
4911.5 49 7
4912.5 69 8.30662
4913.5 63 7.93725
4914.5 59 7.68115
4915.5 54 7.34847
4916.5 64 8
4917.5 64 8
4918.5 74 8.60233
4919.5 72 8.48528
4920.5 75 8.66025
4921.5 69 8.30662
4922.5 55 7.4162
4923.5 56 7.48331
4924.5 56 7.48331
4925.5 59 7.68115
4926.5 68 8.24621
4927.5 59 7.68115
4928.5 57 7.54983
4929.5 65 8.06226
4930.5 61 7.81025
4931.5 53 7.28011
4932.5 62 7.87401
4933.5 71 8.42615
4934.5 64 8
4935.5 66 8.12404
4936.5 66 8.12404
4937.5 71 8.42615
4938.5 52 7.2111
4939.5 69 8.30662
4940.5 49 7
4941.5 72 8.48528
4942.5 62 7.87401
4943.5 51 7.14143
4944.5 46 6.78233
4945.5 51 7.14143
4946.5 53 7.28011
4947.5 69 8.30662
4948.5 66 8.12404
4949.5 56 7.48331
4950.5 57 7.54983
4951.5 63 7.93725
4952.5 58 7.61577
4953.5 58 7.61577
4954.5 58 7.61577
4955.5 68 8.24621
4956.5 64 8
4957.5 55 7.4162
4958.5 48 6.9282
4959.5 62 7.87401
4960.5 55 7.4162
4961.5 58 7.61577
4962.5 53 7.28011
4963.5 60 7.74597
4964.5 68 8.24621
4965.5 52 7.2111
4966.5 53 7.28011
4967.5 67 8.18535
4968.5 53 7.28011
4969.5 48 6.9282
4970.5 70 8.3666
4971.5 54 7.34847
4972.5 75 8.66025
4973.5 50 7.07107
4974.5 55 7.4162
4975.5 63 7.93725
4976.5 48 6.9282
4977.5 59 7.68115
4978.5 55 7.4162
4979.5 64 8
4980.5 61 7.81025
4981.5 57 7.54983
4982.5 60 7.74597
4983.5 57 7.54983
4984.5 40 6.32456
4985.5 54 7.34847
4986.5 58 7.61577
4987.5 69 8.30662
4988.5 59 7.68115
4989.5 57 7.54983
4990.5 64 8
4991.5 60 7.74597
4992.5 57 7.54983
4993.5 63 7.93725
4994.5 57 7.54983
4995.5 68 8.24621
4996.5 53 7.28011
4997.5 59 7.68115
4998.5 62 7.87401
4999.5 77 8.77496
5000.5 61 7.81025
5001.5 50 7.07107
5002.5 62 7.87401
5003.5 49 7
5004.5 61 7.81025
5005.5 54 7.34847
5006.5 57 7.54983
5007.5 75 8.66025
5008.5 59 7.68115
5009.5 74 8.60233
5010.5 60 7.74597
5011.5 64 8
5012.5 62 7.87401
5013.5 57 7.54983
5014.5 64 8
5015.5 58 7.61577
5016.5 53 7.28011
5017.5 59 7.68115
5018.5 54 7.34847
5019.5 60 7.74597
5020.5 66 8.12404
5021.5 58 7.61577
5022.5 55 7.4162
5023.5 63 7.93725
5024.5 50 7.07107
5025.5 75 8.66025
5026.5 63 7.93725
5027.5 71 8.42615
5028.5 71 8.42615
5029.5 54 7.34847
5030.5 49 7
5031.5 57 7.54983
5032.5 55 7.4162
5033.5 48 6.9282
5034.5 52 7.2111
5035.5 55 7.4162
5036.5 53 7.28011
5037.5 53 7.28011
5038.5 58 7.61577
5039.5 63 7.93725
5040.5 69 8.30662
5041.5 76 8.7178
5042.5 56 7.48331
5043.5 74 8.60233
5044.5 58 7.61577
5045.5 64 8
5046.5 69 8.30662
5047.5 70 8.3666
5048.5 63 7.93725
5049.5 62 7.87401
5050.5 72 8.48528
5051.5 65 8.06226
5052.5 71 8.42615
5053.5 51 7.14143
5054.5 44 6.63325
5055.5 54 7.34847
5056.5 57 7.54983
5057.5 53 7.28011
5058.5 51 7.14143
5059.5 64 8
5060.5 65 8.06226
5061.5 66 8.12404
5062.5 66 8.12404
5063.5 51 7.14143
5064.5 53 7.28011
5065.5 61 7.81025
5066.5 57 7.54983
5067.5 55 7.4162
5068.5 61 7.81025
5069.5 53 7.28011
5070.5 60 7.74597
5071.5 67 8.18535
5072.5 55 7.4162
5073.5 59 7.68115
5074.5 54 7.34847
5075.5 55 7.4162
5076.5 54 7.34847
5077.5 67 8.18535
5078.5 61 7.81025
5079.5 63 7.93725
5080.5 48 6.9282
5081.5 66 8.12404
5082.5 64 8
5083.5 55 7.4162
5084.5 64 8
5085.5 47 6.85565
5086.5 60 7.74597
5087.5 59 7.68115
5088.5 64 8
5089.5 46 6.78233
5090.5 45 6.7082
5091.5 61 7.81025
5092.5 57 7.54983
5093.5 54 7.34847
5094.5 69 8.30662
5095.5 63 7.93725
5096.5 59 7.68115
5097.5 51 7.14143
5098.5 67 8.18535
5099.5 67 8.18535
5100.5 71 8.42615
5101.5 69 8.30662
5102.5 62 7.87401
5103.5 62 7.87401
5104.5 52 7.2111
5105.5 54 7.34847
5106.5 67 8.18535
5107.5 53 7.28011
5108.5 56 7.48331
5109.5 50 7.07107
5110.5 71 8.42615
5111.5 71 8.42615
5112.5 55 7.4162
5113.5 75 8.66025
5114.5 58 7.61577
5115.5 55 7.4162
5116.5 63 7.93725
5117.5 52 7.2111
5118.5 82 9.05539
5119.5 78 8.83176
5120.5 70 8.3666
5121.5 73 8.544
5122.5 71 8.42615
5123.5 77 8.77496
5124.5 85 9.21954
5125.5 95 9.74679
5126.5 77 8.77496
5127.5 98 9.89949
5128.5 82 9.05539
5129.5 102 10.0995
5130.5 112 10.583
5131.5 107 10.3441
5132.5 117 10.8167
5133.5 161 12.6886
5134.5 145 12.0416
5135.5 229 15.1327
5136.5 208 14.4222
5137.5 233 15.2643
5138.5 295 17.1756
5139.5 299 17.2916
5140.5 295 17.1756
5141.5 295 17.1756
5142.5 316 17.7764
5143.5 361 19
5144.5 312 17.6635
5145.5 300 17.3205
5146.5 348 18.6548
5147.5 248 15.748
5148.5 219 14.7986
5149.5 219 14.7986
5150.5 185 13.6015
5151.5 179 13.3791
5152.5 132 11.4891
5153.5 121 11
5154.5 118 10.8628
5155.5 100 10
5156.5 82 9.05539
5157.5 83 9.11043
5158.5 82 9.05539
5159.5 71 8.42615
5160.5 74 8.60233
5161.5 56 7.48331
5162.5 59 7.68115
5163.5 59 7.68115
5164.5 69 8.30662
5165.5 71 8.42615
5166.5 65 8.06226
5167.5 65 8.06226
5168.5 74 8.60233
5169.5 60 7.74597
5170.5 66 8.12404
5171.5 61 7.81025
5172.5 73 8.544
5173.5 71 8.42615
5174.5 60 7.74597
5175.5 70 8.3666
5176.5 72 8.48528
5177.5 72 8.48528
5178.5 54 7.34847
5179.5 75 8.66025
5180.5 62 7.87401
5181.5 69 8.30662
5182.5 61 7.81025
5183.5 61 7.81025
5184.5 67 8.18535
5185.5 89 9.43398
5186.5 67 8.18535
5187.5 67 8.18535
5188.5 59 7.68115
5189.5 61 7.81025
5190.5 94 9.69536
5191.5 56 7.48331
5192.5 61 7.81025
5193.5 76 8.7178
5194.5 69 8.30662
5195.5 64 8
5196.5 65 8.06226
5197.5 71 8.42615
5198.5 65 8.06226
5199.5 81 9
5200.5 67 8.18535
5201.5 75 8.66025
5202.5 61 7.81025
5203.5 56 7.48331
5204.5 50 7.07107
5205.5 69 8.30662
5206.5 57 7.54983
5207.5 64 8
5208.5 55 7.4162
5209.5 55 7.4162
5210.5 82 9.05539
5211.5 66 8.12404
5212.5 63 7.93725
5213.5 62 7.87401
5214.5 52 7.2111
5215.5 84 9.16515
5216.5 50 7.07107
5217.5 63 7.93725
5218.5 60 7.74597
5219.5 72 8.48528
5220.5 68 8.24621
5221.5 54 7.34847
5222.5 68 8.24621
5223.5 61 7.81025
5224.5 78 8.83176
5225.5 71 8.42615
5226.5 63 7.93725
5227.5 73 8.544
5228.5 76 8.7178
5229.5 70 8.3666
5230.5 60 7.74597
5231.5 62 7.87401
5232.5 78 8.83176
5233.5 60 7.74597
5234.5 97 9.84886
5235.5 74 8.60233
5236.5 56 7.48331
5237.5 59 7.68115
5238.5 60 7.74597
5239.5 45 6.7082
5240.5 70 8.3666
5241.5 53 7.28011
5242.5 59 7.68115
5243.5 56 7.48331
5244.5 69 8.30662
5245.5 56 7.48331
5246.5 54 7.34847
5247.5 72 8.48528
5248.5 73 8.544
5249.5 60 7.74597
5250.5 71 8.42615
5251.5 67 8.18535
5252.5 72 8.48528
5253.5 51 7.14143
5254.5 72 8.48528
5255.5 67 8.18535
5256.5 70 8.3666
5257.5 69 8.30662
5258.5 59 7.68115
5259.5 85 9.21954
5260.5 66 8.12404
5261.5 56 7.48331
5262.5 77 8.77496
5263.5 51 7.14143
5264.5 68 8.24621
5265.5 63 7.93725
5266.5 77 8.77496
5267.5 57 7.54983
5268.5 66 8.12404
5269.5 71 8.42615
5270.5 55 7.4162
5271.5 46 6.78233
5272.5 65 8.06226
5273.5 68 8.24621
5274.5 55 7.4162
5275.5 57 7.54983
5276.5 80 8.94427
5277.5 54 7.34847
5278.5 71 8.42615
5279.5 67 8.18535
5280.5 66 8.12404
5281.5 63 7.93725
5282.5 70 8.3666
5283.5 84 9.16515
5284.5 71 8.42615
5285.5 78 8.83176
5286.5 52 7.2111
5287.5 82 9.05539
5288.5 62 7.87401
5289.5 69 8.30662
5290.5 58 7.61577
5291.5 72 8.48528
5292.5 69 8.30662
5293.5 69 8.30662
5294.5 72 8.48528
5295.5 68 8.24621
5296.5 69 8.30662
5297.5 71 8.42615
5298.5 68 8.24621
5299.5 53 7.28011
5300.5 65 8.06226
5301.5 61 7.81025
5302.5 56 7.48331
5303.5 62 7.87401
5304.5 52 7.2111
5305.5 53 7.28011
5306.5 63 7.93725
5307.5 71 8.42615
5308.5 73 8.544
5309.5 71 8.42615
5310.5 75 8.66025
5311.5 68 8.24621
5312.5 61 7.81025
5313.5 76 8.7178
5314.5 61 7.81025
5315.5 67 8.18535
5316.5 53 7.28011
5317.5 53 7.28011
5318.5 62 7.87401
5319.5 77 8.77496
5320.5 71 8.42615
5321.5 55 7.4162
5322.5 73 8.544
5323.5 54 7.34847
5324.5 85 9.21954
5325.5 66 8.12404
5326.5 57 7.54983
5327.5 55 7.4162
5328.5 66 8.12404
5329.5 58 7.61577
5330.5 73 8.544
5331.5 64 8
5332.5 78 8.83176
5333.5 64 8
5334.5 76 8.7178
5335.5 64 8
5336.5 68 8.24621
5337.5 64 8
5338.5 67 8.18535
5339.5 61 7.81025
5340.5 62 7.87401
5341.5 65 8.06226
5342.5 75 8.66025
5343.5 52 7.2111
5344.5 56 7.48331
5345.5 60 7.74597
5346.5 57 7.54983
5347.5 71 8.42615
5348.5 57 7.54983
5349.5 68 8.24621
5350.5 69 8.30662
5351.5 64 8
5352.5 56 7.48331
5353.5 71 8.42615
5354.5 58 7.61577
5355.5 53 7.28011
5356.5 59 7.68115
5357.5 63 7.93725
5358.5 53 7.28011
5359.5 56 7.48331
5360.5 61 7.81025
5361.5 57 7.54983
5362.5 62 7.87401
5363.5 69 8.30662
5364.5 66 8.12404
5365.5 71 8.42615
5366.5 63 7.93725
5367.5 68 8.24621
5368.5 72 8.48528
5369.5 66 8.12404
5370.5 59 7.68115
5371.5 66 8.12404
5372.5 83 9.11043
5373.5 79 8.88819
5374.5 61 7.81025
5375.5 62 7.87401
5376.5 62 7.87401
5377.5 79 8.88819
5378.5 80 8.94427
5379.5 64 8
5380.5 73 8.544
5381.5 69 8.30662
5382.5 58 7.61577
5383.5 71 8.42615
5384.5 72 8.48528
5385.5 66 8.12404
5386.5 70 8.3666
5387.5 65 8.06226
5388.5 76 8.7178
5389.5 79 8.88819
5390.5 84 9.16515
5391.5 64 8
5392.5 64 8
5393.5 61 7.81025
5394.5 65 8.06226
5395.5 75 8.66025
5396.5 63 7.93725
5397.5 59 7.68115
5398.5 66 8.12404
5399.5 64 8
5400.5 51 7.14143
5401.5 51 7.14143
5402.5 67 8.18535
5403.5 76 8.7178
5404.5 72 8.48528
5405.5 53 7.28011
5406.5 60 7.74597
5407.5 67 8.18535
5408.5 67 8.18535
5409.5 76 8.7178
5410.5 61 7.81025
5411.5 71 8.42615
5412.5 60 7.74597
5413.5 54 7.34847
5414.5 73 8.544
5415.5 72 8.48528
5416.5 68 8.24621
5417.5 73 8.544
5418.5 65 8.06226
5419.5 62 7.87401
5420.5 60 7.74597
5421.5 61 7.81025
5422.5 52 7.2111
5423.5 77 8.77496
5424.5 53 7.28011
5425.5 64 8
5426.5 61 7.81025
5427.5 71 8.42615
5428.5 64 8
5429.5 63 7.93725
5430.5 60 7.74597
5431.5 63 7.93725
5432.5 68 8.24621
5433.5 54 7.34847
5434.5 59 7.68115
5435.5 63 7.93725
5436.5 59 7.68115
5437.5 70 8.3666
5438.5 58 7.61577
5439.5 66 8.12404
5440.5 56 7.48331
5441.5 71 8.42615
5442.5 64 8
5443.5 52 7.2111
5444.5 62 7.87401
5445.5 50 7.07107
5446.5 63 7.93725
5447.5 59 7.68115
5448.5 63 7.93725
5449.5 55 7.4162
5450.5 71 8.42615
5451.5 58 7.61577
5452.5 59 7.68115
5453.5 60 7.74597
5454.5 80 8.94427
5455.5 64 8
5456.5 61 7.81025
5457.5 72 8.48528
5458.5 68 8.24621
5459.5 70 8.3666
5460.5 60 7.74597
5461.5 59 7.68115
5462.5 52 7.2111
5463.5 78 8.83176
5464.5 70 8.3666
5465.5 60 7.74597
5466.5 63 7.93725
5467.5 65 8.06226
5468.5 83 9.11043
5469.5 85 9.21954
5470.5 70 8.3666
5471.5 53 7.28011
5472.5 65 8.06226
5473.5 54 7.34847
5474.5 86 9.27362
5475.5 57 7.54983
5476.5 56 7.48331
5477.5 61 7.81025
5478.5 52 7.2111
5479.5 81 9
5480.5 74 8.60233
5481.5 52 7.2111
5482.5 60 7.74597
5483.5 59 7.68115
5484.5 60 7.74597
5485.5 61 7.81025
5486.5 67 8.18535
5487.5 77 8.77496
5488.5 60 7.74597
5489.5 74 8.60233
5490.5 65 8.06226
5491.5 67 8.18535
5492.5 74 8.60233
5493.5 65 8.06226
5494.5 64 8
5495.5 70 8.3666
5496.5 62 7.87401
5497.5 57 7.54983
5498.5 64 8
5499.5 69 8.30662
5500.5 63 7.93725
5501.5 58 7.61577
5502.5 71 8.42615
5503.5 55 7.4162
5504.5 64 8
5505.5 60 7.74597
5506.5 67 8.18535
5507.5 75 8.66025
5508.5 66 8.12404
5509.5 56 7.48331
5510.5 56 7.48331
5511.5 67 8.18535
5512.5 63 7.93725
5513.5 57 7.54983
5514.5 52 7.2111
5515.5 67 8.18535
5516.5 76 8.7178
5517.5 76 8.7178
5518.5 56 7.48331
5519.5 56 7.48331
5520.5 66 8.12404
5521.5 50 7.07107
5522.5 59 7.68115
5523.5 57 7.54983
5524.5 52 7.2111
5525.5 55 7.4162
5526.5 59 7.68115
5527.5 60 7.74597
5528.5 54 7.34847
5529.5 54 7.34847
5530.5 67 8.18535
5531.5 69 8.30662
5532.5 59 7.68115
5533.5 59 7.68115
5534.5 62 7.87401
5535.5 79 8.88819
5536.5 70 8.3666
5537.5 66 8.12404
5538.5 66 8.12404
5539.5 72 8.48528
5540.5 82 9.05539
5541.5 62 7.87401
5542.5 92 9.59166
5543.5 56 7.48331
5544.5 59 7.68115
5545.5 59 7.68115
5546.5 72 8.48528
5547.5 73 8.544
5548.5 67 8.18535
5549.5 67 8.18535
5550.5 68 8.24621
5551.5 74 8.60233
5552.5 67 8.18535
5553.5 66 8.12404
5554.5 58 7.61577
5555.5 65 8.06226
5556.5 70 8.3666
5557.5 64 8
5558.5 64 8
5559.5 57 7.54983
5560.5 57 7.54983
5561.5 65 8.06226
5562.5 64 8
5563.5 79 8.88819
5564.5 63 7.93725
5565.5 64 8
5566.5 79 8.88819
5567.5 69 8.30662
5568.5 71 8.42615
5569.5 58 7.61577
5570.5 56 7.48331
5571.5 64 8
5572.5 63 7.93725
5573.5 56 7.48331
5574.5 78 8.83176
5575.5 56 7.48331
5576.5 67 8.18535
5577.5 70 8.3666
5578.5 63 7.93725
5579.5 70 8.3666
5580.5 70 8.3666
5581.5 65 8.06226
5582.5 67 8.18535
5583.5 69 8.30662
5584.5 70 8.3666
5585.5 70 8.3666
5586.5 59 7.68115
5587.5 73 8.544
5588.5 81 9
5589.5 63 7.93725
5590.5 67 8.18535
5591.5 67 8.18535
5592.5 57 7.54983
5593.5 47 6.85565
5594.5 57 7.54983
5595.5 67 8.18535
5596.5 74 8.60233
5597.5 57 7.54983
5598.5 74 8.60233
5599.5 52 7.2111
5600.5 62 7.87401
5601.5 59 7.68115
5602.5 51 7.14143
5603.5 52 7.2111
5604.5 52 7.2111
5605.5 54 7.34847
5606.5 62 7.87401
5607.5 58 7.61577
5608.5 63 7.93725
5609.5 65 8.06226
5610.5 57 7.54983
5611.5 66 8.12404
5612.5 71 8.42615
5613.5 49 7
5614.5 55 7.4162
5615.5 62 7.87401
5616.5 66 8.12404
5617.5 66 8.12404
5618.5 51 7.14143
5619.5 57 7.54983
5620.5 59 7.68115
5621.5 66 8.12404
5622.5 59 7.68115
5623.5 57 7.54983
5624.5 64 8
5625.5 65 8.06226
5626.5 46 6.78233
5627.5 60 7.74597
5628.5 63 7.93725
5629.5 64 8
5630.5 68 8.24621
5631.5 63 7.93725
5632.5 62 7.87401
5633.5 59 7.68115
5634.5 58 7.61577
5635.5 73 8.544
5636.5 83 9.11043
5637.5 74 8.60233
5638.5 66 8.12404
5639.5 68 8.24621
5640.5 77 8.77496
5641.5 83 9.11043
5642.5 59 7.68115
5643.5 69 8.30662
5644.5 54 7.34847
5645.5 68 8.24621
5646.5 69 8.30662
5647.5 74 8.60233
5648.5 62 7.87401
5649.5 57 7.54983
5650.5 65 8.06226
5651.5 53 7.28011
5652.5 72 8.48528
5653.5 61 7.81025
5654.5 54 7.34847
5655.5 66 8.12404
5656.5 59 7.68115
5657.5 69 8.30662
5658.5 68 8.24621
5659.5 71 8.42615
5660.5 60 7.74597
5661.5 63 7.93725
5662.5 54 7.34847
5663.5 56 7.48331
5664.5 69 8.30662
5665.5 76 8.7178
5666.5 66 8.12404
5667.5 58 7.61577
5668.5 61 7.81025
5669.5 67 8.18535
5670.5 55 7.4162
5671.5 55 7.4162
5672.5 67 8.18535
5673.5 54 7.34847
5674.5 62 7.87401
5675.5 62 7.87401
5676.5 68 8.24621
5677.5 64 8
5678.5 65 8.06226
5679.5 53 7.28011
5680.5 56 7.48331
5681.5 71 8.42615
5682.5 71 8.42615
5683.5 65 8.06226
5684.5 58 7.61577
5685.5 71 8.42615
5686.5 61 7.81025
5687.5 65 8.06226
5688.5 77 8.77496
5689.5 72 8.48528
5690.5 75 8.66025
5691.5 68 8.24621
5692.5 82 9.05539
5693.5 69 8.30662
5694.5 76 8.7178
5695.5 68 8.24621
5696.5 65 8.06226
5697.5 62 7.87401
5698.5 66 8.12404
5699.5 62 7.87401
5700.5 51 7.14143
5701.5 69 8.30662
5702.5 64 8
5703.5 67 8.18535
5704.5 59 7.68115
5705.5 64 8
5706.5 67 8.18535
5707.5 64 8
5708.5 57 7.54983
5709.5 47 6.85565
5710.5 74 8.60233
5711.5 60 7.74597
5712.5 75 8.66025
5713.5 67 8.18535
5714.5 55 7.4162
5715.5 49 7
5716.5 78 8.83176
5717.5 61 7.81025
5718.5 79 8.88819
5719.5 61 7.81025
5720.5 62 7.87401
5721.5 69 8.30662
5722.5 66 8.12404
5723.5 73 8.544
5724.5 53 7.28011
5725.5 64 8
5726.5 57 7.54983
5727.5 61 7.81025
5728.5 59 7.68115
5729.5 58 7.61577
5730.5 57 7.54983
5731.5 54 7.34847
5732.5 55 7.4162
5733.5 59 7.68115
5734.5 65 8.06226
5735.5 55 7.4162
5736.5 59 7.68115
5737.5 70 8.3666
5738.5 59 7.68115
5739.5 70 8.3666
5740.5 64 8
5741.5 72 8.48528
5742.5 63 7.93725
5743.5 51 7.14143
5744.5 58 7.61577
5745.5 55 7.4162
5746.5 71 8.42615
5747.5 53 7.28011
5748.5 53 7.28011
5749.5 70 8.3666
5750.5 75 8.66025
5751.5 53 7.28011
5752.5 78 8.83176
5753.5 62 7.87401
5754.5 70 8.3666
5755.5 62 7.87401
5756.5 58 7.61577
5757.5 64 8
5758.5 62 7.87401
5759.5 69 8.30662
5760.5 77 8.77496
5761.5 62 7.87401
5762.5 68 8.24621
5763.5 69 8.30662
5764.5 46 6.78233
5765.5 65 8.06226
5766.5 52 7.2111
5767.5 79 8.88819
5768.5 60 7.74597
5769.5 63 7.93725
5770.5 73 8.544
5771.5 48 6.9282
5772.5 65 8.06226
5773.5 58 7.61577
5774.5 59 7.68115
5775.5 70 8.3666
5776.5 56 7.48331
5777.5 53 7.28011
5778.5 52 7.2111
5779.5 76 8.7178
5780.5 60 7.74597
5781.5 56 7.48331
5782.5 61 7.81025
5783.5 65 8.06226
5784.5 70 8.3666
5785.5 59 7.68115
5786.5 59 7.68115
5787.5 67 8.18535
5788.5 65 8.06226
5789.5 75 8.66025
5790.5 72 8.48528
5791.5 76 8.7178
5792.5 66 8.12404
5793.5 54 7.34847
5794.5 70 8.3666
5795.5 74 8.60233
5796.5 69 8.30662
5797.5 76 8.7178
5798.5 76 8.7178
5799.5 72 8.48528
5800.5 65 8.06226
5801.5 57 7.54983
5802.5 64 8
5803.5 69 8.30662
5804.5 62 7.87401
5805.5 71 8.42615
5806.5 61 7.81025
5807.5 64 8
5808.5 71 8.42615
5809.5 59 7.68115
5810.5 59 7.68115
5811.5 75 8.66025
5812.5 59 7.68115
5813.5 72 8.48528
5814.5 56 7.48331
5815.5 70 8.3666
5816.5 62 7.87401
5817.5 66 8.12404
5818.5 63 7.93725
5819.5 57 7.54983
5820.5 69 8.30662
5821.5 73 8.544
5822.5 58 7.61577
5823.5 56 7.48331
5824.5 65 8.06226
5825.5 56 7.48331
5826.5 70 8.3666
5827.5 61 7.81025
5828.5 71 8.42615
5829.5 65 8.06226
5830.5 59 7.68115
5831.5 54 7.34847
5832.5 54 7.34847
5833.5 55 7.4162
5834.5 55 7.4162
5835.5 59 7.68115
5836.5 59 7.68115
5837.5 55 7.4162
5838.5 69 8.30662
5839.5 69 8.30662
5840.5 57 7.54983
5841.5 66 8.12404
5842.5 55 7.4162
5843.5 59 7.68115
5844.5 58 7.61577
5845.5 77 8.77496
5846.5 55 7.4162
5847.5 62 7.87401
5848.5 71 8.42615
5849.5 63 7.93725
5850.5 50 7.07107
5851.5 62 7.87401
5852.5 59 7.68115
5853.5 67 8.18535
5854.5 55 7.4162
5855.5 60 7.74597
5856.5 62 7.87401
5857.5 61 7.81025
5858.5 63 7.93725
5859.5 67 8.18535
5860.5 67 8.18535
5861.5 60 7.74597
5862.5 67 8.18535
5863.5 65 8.06226
5864.5 63 7.93725
5865.5 72 8.48528
5866.5 50 7.07107
5867.5 60 7.74597
5868.5 63 7.93725
5869.5 67 8.18535
5870.5 65 8.06226
5871.5 62 7.87401
5872.5 62 7.87401
5873.5 74 8.60233
5874.5 56 7.48331
5875.5 72 8.48528
5876.5 60 7.74597
5877.5 56 7.48331
5878.5 59 7.68115
5879.5 61 7.81025
5880.5 63 7.93725
5881.5 74 8.60233
5882.5 53 7.28011
5883.5 62 7.87401
5884.5 59 7.68115
5885.5 74 8.60233
5886.5 63 7.93725
5887.5 56 7.48331
5888.5 67 8.18535
5889.5 57 7.54983
5890.5 68 8.24621
5891.5 64 8
5892.5 74 8.60233
5893.5 62 7.87401
5894.5 57 7.54983
5895.5 54 7.34847
5896.5 62 7.87401
5897.5 75 8.66025
5898.5 66 8.12404
5899.5 67 8.18535
5900.5 68 8.24621
5901.5 62 7.87401
5902.5 69 8.30662
5903.5 57 7.54983
5904.5 72 8.48528
5905.5 56 7.48331
5906.5 63 7.93725
5907.5 65 8.06226
5908.5 74 8.60233
5909.5 55 7.4162
5910.5 54 7.34847
5911.5 65 8.06226
5912.5 62 7.87401
5913.5 71 8.42615
5914.5 61 7.81025
5915.5 59 7.68115
5916.5 67 8.18535
5917.5 67 8.18535
5918.5 64 8
5919.5 62 7.87401
5920.5 67 8.18535
5921.5 65 8.06226
5922.5 55 7.4162
5923.5 63 7.93725
5924.5 65 8.06226
5925.5 65 8.06226
5926.5 58 7.61577
5927.5 74 8.60233
5928.5 59 7.68115
5929.5 70 8.3666
5930.5 50 7.07107
5931.5 60 7.74597
5932.5 76 8.7178
5933.5 72 8.48528
5934.5 71 8.42615
5935.5 75 8.66025
5936.5 63 7.93725
5937.5 64 8
5938.5 64 8
5939.5 59 7.68115
5940.5 68 8.24621
5941.5 50 7.07107
5942.5 75 8.66025
5943.5 54 7.34847
5944.5 67 8.18535
5945.5 64 8
5946.5 78 8.83176
5947.5 78 8.83176
5948.5 59 7.68115
5949.5 50 7.07107
5950.5 73 8.544
5951.5 78 8.83176
5952.5 53 7.28011
5953.5 63 7.93725
5954.5 65 8.06226
5955.5 63 7.93725
5956.5 79 8.88819
5957.5 62 7.87401
5958.5 70 8.3666
5959.5 66 8.12404
5960.5 62 7.87401
5961.5 63 7.93725
5962.5 61 7.81025
5963.5 63 7.93725
5964.5 74 8.60233
5965.5 66 8.12404
5966.5 56 7.48331
5967.5 71 8.42615
5968.5 71 8.42615
5969.5 57 7.54983
5970.5 60 7.74597
5971.5 76 8.7178
5972.5 47 6.85565
5973.5 77 8.77496
5974.5 63 7.93725
5975.5 61 7.81025
5976.5 59 7.68115
5977.5 65 8.06226
5978.5 71 8.42615
5979.5 69 8.30662
5980.5 72 8.48528
5981.5 76 8.7178
5982.5 65 8.06226
5983.5 79 8.88819
5984.5 63 7.93725
5985.5 50 7.07107
5986.5 61 7.81025
5987.5 56 7.48331
5988.5 79 8.88819
5989.5 67 8.18535
5990.5 80 8.94427
5991.5 53 7.28011
5992.5 65 8.06226
5993.5 67 8.18535
5994.5 63 7.93725
5995.5 77 8.77496
5996.5 68 8.24621
5997.5 66 8.12404
5998.5 64 8
5999.5 67 8.18535
6000.5 76 8.7178
6001.5 71 8.42615
6002.5 67 8.18535
6003.5 59 7.68115
6004.5 69 8.30662
6005.5 77 8.77496
6006.5 60 7.74597
6007.5 60 7.74597
6008.5 80 8.94427
6009.5 70 8.3666
6010.5 62 7.87401
6011.5 61 7.81025
6012.5 63 7.93725
6013.5 62 7.87401
6014.5 76 8.7178
6015.5 62 7.87401
6016.5 69 8.30662
6017.5 73 8.544
6018.5 91 9.53939
6019.5 76 8.7178
6020.5 63 7.93725
6021.5 65 8.06226
6022.5 66 8.12404
6023.5 59 7.68115
6024.5 55 7.4162
6025.5 71 8.42615
6026.5 81 9
6027.5 75 8.66025
6028.5 49 7
6029.5 58 7.61577
6030.5 49 7
6031.5 67 8.18535
6032.5 54 7.34847
6033.5 60 7.74597
6034.5 68 8.24621
6035.5 67 8.18535
6036.5 70 8.3666
6037.5 62 7.87401
6038.5 64 8
6039.5 65 8.06226
6040.5 54 7.34847
6041.5 64 8
6042.5 67 8.18535
6043.5 60 7.74597
6044.5 61 7.81025
6045.5 60 7.74597
6046.5 66 8.12404
6047.5 75 8.66025
6048.5 78 8.83176
6049.5 60 7.74597
6050.5 86 9.27362
6051.5 69 8.30662
6052.5 75 8.66025
6053.5 67 8.18535
6054.5 65 8.06226
6055.5 59 7.68115
6056.5 55 7.4162
6057.5 62 7.87401
6058.5 67 8.18535
6059.5 66 8.12404
6060.5 77 8.77496
6061.5 65 8.06226
6062.5 69 8.30662
6063.5 61 7.81025
6064.5 72 8.48528
6065.5 65 8.06226
6066.5 61 7.81025
6067.5 67 8.18535
6068.5 66 8.12404
6069.5 78 8.83176
6070.5 72 8.48528
6071.5 55 7.4162
6072.5 68 8.24621
6073.5 66 8.12404
6074.5 80 8.94427
6075.5 71 8.42615
6076.5 75 8.66025
6077.5 64 8
6078.5 65 8.06226
6079.5 80 8.94427
6080.5 66 8.12404
6081.5 69 8.30662
6082.5 69 8.30662
6083.5 56 7.48331
6084.5 57 7.54983
6085.5 82 9.05539
6086.5 67 8.18535
6087.5 73 8.544
6088.5 77 8.77496
6089.5 68 8.24621
6090.5 69 8.30662
6091.5 66 8.12404
6092.5 64 8
6093.5 72 8.48528
6094.5 66 8.12404
6095.5 73 8.544
6096.5 76 8.7178
6097.5 59 7.68115
6098.5 80 8.94427
6099.5 65 8.06226
6100.5 50 7.07107
6101.5 57 7.54983
6102.5 59 7.68115
6103.5 62 7.87401
6104.5 68 8.24621
6105.5 71 8.42615
6106.5 51 7.14143
6107.5 58 7.61577
6108.5 65 8.06226
6109.5 62 7.87401
6110.5 70 8.3666
6111.5 72 8.48528
6112.5 47 6.85565
6113.5 68 8.24621
6114.5 74 8.60233
6115.5 65 8.06226
6116.5 51 7.14143
6117.5 67 8.18535
6118.5 68 8.24621
6119.5 68 8.24621
6120.5 64 8
6121.5 55 7.4162
6122.5 72 8.48528
6123.5 69 8.30662
6124.5 57 7.54983
6125.5 57 7.54983
6126.5 58 7.61577
6127.5 63 7.93725
6128.5 53 7.28011
6129.5 78 8.83176
6130.5 55 7.4162
6131.5 65 8.06226
6132.5 56 7.48331
6133.5 82 9.05539
6134.5 76 8.7178
6135.5 76 8.7178
6136.5 66 8.12404
6137.5 75 8.66025
6138.5 55 7.4162
6139.5 70 8.3666
6140.5 66 8.12404
6141.5 44 6.63325
6142.5 62 7.87401
6143.5 73 8.544
6144.5 61 7.81025
6145.5 56 7.48331
6146.5 82 9.05539
6147.5 63 7.93725
6148.5 79 8.88819
6149.5 66 8.12404
6150.5 52 7.2111
6151.5 59 7.68115
6152.5 70 8.3666
6153.5 65 8.06226
6154.5 69 8.30662
6155.5 77 8.77496
6156.5 69 8.30662
6157.5 49 7
6158.5 62 7.87401
6159.5 61 7.81025
6160.5 77 8.77496
6161.5 72 8.48528
6162.5 63 7.93725
6163.5 62 7.87401
6164.5 64 8
6165.5 76 8.7178
6166.5 68 8.24621
6167.5 71 8.42615
6168.5 62 7.87401
6169.5 59 7.68115
6170.5 79 8.88819
6171.5 70 8.3666
6172.5 63 7.93725
6173.5 68 8.24621
6174.5 60 7.74597
6175.5 52 7.2111
6176.5 79 8.88819
6177.5 60 7.74597
6178.5 62 7.87401
6179.5 79 8.88819
6180.5 59 7.68115
6181.5 53 7.28011
6182.5 65 8.06226
6183.5 63 7.93725
6184.5 59 7.68115
6185.5 68 8.24621
6186.5 76 8.7178
6187.5 57 7.54983
6188.5 64 8
6189.5 67 8.18535
6190.5 77 8.77496
6191.5 58 7.61577
6192.5 57 7.54983
6193.5 61 7.81025
6194.5 79 8.88819
6195.5 69 8.30662
6196.5 72 8.48528
6197.5 59 7.68115
6198.5 52 7.2111
6199.5 57 7.54983
6200.5 66 8.12404
6201.5 79 8.88819
6202.5 57 7.54983
6203.5 62 7.87401
6204.5 59 7.68115
6205.5 73 8.544
6206.5 62 7.87401
6207.5 61 7.81025
6208.5 59 7.68115
6209.5 56 7.48331
6210.5 64 8
6211.5 63 7.93725
6212.5 60 7.74597
6213.5 56 7.48331
6214.5 61 7.81025
6215.5 56 7.48331
6216.5 59 7.68115
6217.5 72 8.48528
6218.5 78 8.83176
6219.5 66 8.12404
6220.5 63 7.93725
6221.5 54 7.34847
6222.5 64 8
6223.5 58 7.61577
6224.5 62 7.87401
6225.5 66 8.12404
6226.5 59 7.68115
6227.5 67 8.18535
6228.5 70 8.3666
6229.5 71 8.42615
6230.5 58 7.61577
6231.5 65 8.06226
6232.5 63 7.93725
6233.5 66 8.12404
6234.5 69 8.30662
6235.5 56 7.48331
6236.5 74 8.60233
6237.5 80 8.94427
6238.5 62 7.87401
6239.5 68 8.24621
6240.5 61 7.81025
6241.5 68 8.24621
6242.5 65 8.06226
6243.5 57 7.54983
6244.5 80 8.94427
6245.5 61 7.81025
6246.5 68 8.24621
6247.5 50 7.07107
6248.5 73 8.544
6249.5 61 7.81025
6250.5 68 8.24621
6251.5 82 9.05539
6252.5 68 8.24621
6253.5 53 7.28011
6254.5 65 8.06226
6255.5 72 8.48528
6256.5 61 7.81025
6257.5 61 7.81025
6258.5 71 8.42615
6259.5 75 8.66025
6260.5 72 8.48528
6261.5 67 8.18535
6262.5 70 8.3666
6263.5 74 8.60233
6264.5 68 8.24621
6265.5 69 8.30662
6266.5 60 7.74597
6267.5 84 9.16515
6268.5 66 8.12404
6269.5 66 8.12404
6270.5 74 8.60233
6271.5 83 9.11043
6272.5 66 8.12404
6273.5 61 7.81025
6274.5 62 7.87401
6275.5 47 6.85565
6276.5 66 8.12404
6277.5 69 8.30662
6278.5 80 8.94427
6279.5 73 8.544
6280.5 64 8
6281.5 73 8.544
6282.5 71 8.42615
6283.5 69 8.30662
6284.5 75 8.66025
6285.5 68 8.24621
6286.5 54 7.34847
6287.5 67 8.18535
6288.5 63 7.93725
6289.5 67 8.18535
6290.5 59 7.68115
6291.5 60 7.74597
6292.5 76 8.7178
6293.5 69 8.30662
6294.5 70 8.3666
6295.5 68 8.24621
6296.5 72 8.48528
6297.5 81 9
6298.5 63 7.93725
6299.5 63 7.93725
6300.5 50 7.07107
6301.5 68 8.24621
6302.5 56 7.48331
6303.5 64 8
6304.5 73 8.544
6305.5 70 8.3666
6306.5 53 7.28011
6307.5 78 8.83176
6308.5 78 8.83176
6309.5 72 8.48528
6310.5 51 7.14143
6311.5 82 9.05539
6312.5 64 8
6313.5 56 7.48331
6314.5 78 8.83176
6315.5 71 8.42615
6316.5 58 7.61577
6317.5 70 8.3666
6318.5 61 7.81025
6319.5 73 8.544
6320.5 61 7.81025
6321.5 67 8.18535
6322.5 59 7.68115
6323.5 70 8.3666
6324.5 74 8.60233
6325.5 58 7.61577
6326.5 65 8.06226
6327.5 51 7.14143
6328.5 66 8.12404
6329.5 73 8.544
6330.5 60 7.74597
6331.5 60 7.74597
6332.5 52 7.2111
6333.5 58 7.61577
6334.5 73 8.544
6335.5 64 8
6336.5 74 8.60233
6337.5 64 8
6338.5 54 7.34847
6339.5 66 8.12404
6340.5 71 8.42615
6341.5 64 8
6342.5 68 8.24621
6343.5 75 8.66025
6344.5 91 9.53939
6345.5 74 8.60233
6346.5 68 8.24621
6347.5 78 8.83176
6348.5 70 8.3666
6349.5 65 8.06226
6350.5 67 8.18535
6351.5 61 7.81025
6352.5 61 7.81025
6353.5 74 8.60233
6354.5 72 8.48528
6355.5 70 8.3666
6356.5 63 7.93725
6357.5 64 8
6358.5 67 8.18535
6359.5 85 9.21954
6360.5 80 8.94427
6361.5 75 8.66025
6362.5 66 8.12404
6363.5 56 7.48331
6364.5 71 8.42615
6365.5 49 7
6366.5 64 8
6367.5 71 8.42615
6368.5 55 7.4162
6369.5 66 8.12404
6370.5 74 8.60233
6371.5 78 8.83176
6372.5 66 8.12404
6373.5 62 7.87401
6374.5 68 8.24621
6375.5 74 8.60233
6376.5 79 8.88819
6377.5 69 8.30662
6378.5 54 7.34847
6379.5 65 8.06226
6380.5 55 7.4162
6381.5 66 8.12404
6382.5 81 9
6383.5 73 8.544
6384.5 68 8.24621
6385.5 72 8.48528
6386.5 63 7.93725
6387.5 61 7.81025
6388.5 70 8.3666
6389.5 65 8.06226
6390.5 65 8.06226
6391.5 61 7.81025
6392.5 56 7.48331
6393.5 54 7.34847
6394.5 71 8.42615
6395.5 64 8
6396.5 50 7.07107
6397.5 62 7.87401
6398.5 75 8.66025
6399.5 62 7.87401
6400.5 63 7.93725
6401.5 68 8.24621
6402.5 58 7.61577
6403.5 62 7.87401
6404.5 66 8.12404
6405.5 55 7.4162
6406.5 76 8.7178
6407.5 64 8
6408.5 65 8.06226
6409.5 66 8.12404
6410.5 62 7.87401
6411.5 65 8.06226
6412.5 70 8.3666
6413.5 68 8.24621
6414.5 78 8.83176
6415.5 76 8.7178
6416.5 59 7.68115
6417.5 64 8
6418.5 71 8.42615
6419.5 64 8
6420.5 67 8.18535
6421.5 74 8.60233
6422.5 75 8.66025
6423.5 69 8.30662
6424.5 78 8.83176
6425.5 72 8.48528
6426.5 78 8.83176
6427.5 58 7.61577
6428.5 67 8.18535
6429.5 50 7.07107
6430.5 61 7.81025
6431.5 63 7.93725
6432.5 53 7.28011
6433.5 72 8.48528
6434.5 62 7.87401
6435.5 56 7.48331
6436.5 73 8.544
6437.5 52 7.2111
6438.5 52 7.2111
6439.5 71 8.42615
6440.5 86 9.27362
6441.5 73 8.544
6442.5 66 8.12404
6443.5 63 7.93725
6444.5 81 9
6445.5 67 8.18535
6446.5 59 7.68115
6447.5 85 9.21954
6448.5 72 8.48528
6449.5 67 8.18535
6450.5 77 8.77496
6451.5 76 8.7178
6452.5 75 8.66025
6453.5 75 8.66025
6454.5 67 8.18535
6455.5 68 8.24621
6456.5 62 7.87401
6457.5 59 7.68115
6458.5 67 8.18535
6459.5 74 8.60233
6460.5 60 7.74597
6461.5 54 7.34847
6462.5 70 8.3666
6463.5 72 8.48528
6464.5 63 7.93725
6465.5 72 8.48528
6466.5 65 8.06226
6467.5 72 8.48528
6468.5 62 7.87401
6469.5 71 8.42615
6470.5 80 8.94427
6471.5 75 8.66025
6472.5 57 7.54983
6473.5 76 8.7178
6474.5 53 7.28011
6475.5 78 8.83176
6476.5 56 7.48331
6477.5 61 7.81025
6478.5 74 8.60233
6479.5 52 7.2111
6480.5 78 8.83176
6481.5 76 8.7178
6482.5 76 8.7178
6483.5 69 8.30662
6484.5 58 7.61577
6485.5 73 8.544
6486.5 90 9.48683
6487.5 62 7.87401
6488.5 78 8.83176
6489.5 64 8
6490.5 64 8
6491.5 52 7.2111
6492.5 63 7.93725
6493.5 63 7.93725
6494.5 61 7.81025
6495.5 70 8.3666
6496.5 66 8.12404
6497.5 69 8.30662
6498.5 69 8.30662
6499.5 55 7.4162
6500.5 56 7.48331
6501.5 76 8.7178
6502.5 65 8.06226
6503.5 57 7.54983
6504.5 76 8.7178
6505.5 51 7.14143
6506.5 60 7.74597
6507.5 56 7.48331
6508.5 79 8.88819
6509.5 63 7.93725
6510.5 69 8.30662
6511.5 60 7.74597
6512.5 68 8.24621
6513.5 75 8.66025
6514.5 75 8.66025
6515.5 74 8.60233
6516.5 66 8.12404
6517.5 68 8.24621
6518.5 54 7.34847
6519.5 66 8.12404
6520.5 76 8.7178
6521.5 74 8.60233
6522.5 69 8.30662
6523.5 67 8.18535
6524.5 59 7.68115
6525.5 74 8.60233
6526.5 70 8.3666
6527.5 65 8.06226
6528.5 64 8
6529.5 63 7.93725
6530.5 76 8.7178
6531.5 65 8.06226
6532.5 57 7.54983
6533.5 56 7.48331
6534.5 72 8.48528
6535.5 83 9.11043
6536.5 55 7.4162
6537.5 65 8.06226
6538.5 76 8.7178
6539.5 74 8.60233
6540.5 70 8.3666
6541.5 64 8
6542.5 73 8.544
6543.5 65 8.06226
6544.5 76 8.7178
6545.5 69 8.30662
6546.5 62 7.87401
6547.5 63 7.93725
6548.5 88 9.38083
6549.5 85 9.21954
6550.5 63 7.93725
6551.5 77 8.77496
6552.5 85 9.21954
6553.5 61 7.81025
6554.5 69 8.30662
6555.5 86 9.27362
6556.5 80 8.94427
6557.5 73 8.544
6558.5 67 8.18535
6559.5 64 8
6560.5 58 7.61577
6561.5 65 8.06226
6562.5 71 8.42615
6563.5 62 7.87401
6564.5 62 7.87401
6565.5 73 8.544
6566.5 75 8.66025
6567.5 69 8.30662
6568.5 66 8.12404
6569.5 69 8.30662
6570.5 73 8.544
6571.5 62 7.87401
6572.5 66 8.12404
6573.5 67 8.18535
6574.5 58 7.61577
6575.5 64 8
6576.5 65 8.06226
6577.5 80 8.94427
6578.5 71 8.42615
6579.5 62 7.87401
6580.5 82 9.05539
6581.5 70 8.3666
6582.5 67 8.18535
6583.5 76 8.7178
6584.5 60 7.74597
6585.5 72 8.48528
6586.5 69 8.30662
6587.5 65 8.06226
6588.5 71 8.42615
6589.5 59 7.68115
6590.5 84 9.16515
6591.5 73 8.544
6592.5 82 9.05539
6593.5 67 8.18535
6594.5 86 9.27362
6595.5 69 8.30662
6596.5 60 7.74597
6597.5 58 7.61577
6598.5 59 7.68115
6599.5 71 8.42615
6600.5 76 8.7178
6601.5 73 8.544
6602.5 79 8.88819
6603.5 68 8.24621
6604.5 62 7.87401
6605.5 69 8.30662
6606.5 68 8.24621
6607.5 76 8.7178
6608.5 66 8.12404
6609.5 76 8.7178
6610.5 73 8.544
6611.5 64 8
6612.5 74 8.60233
6613.5 75 8.66025
6614.5 61 7.81025
6615.5 71 8.42615
6616.5 61 7.81025
6617.5 77 8.77496
6618.5 67 8.18535
6619.5 66 8.12404
6620.5 69 8.30662
6621.5 72 8.48528
6622.5 55 7.4162
6623.5 86 9.27362
6624.5 71 8.42615
6625.5 62 7.87401
6626.5 71 8.42615
6627.5 61 7.81025
6628.5 66 8.12404
6629.5 59 7.68115
6630.5 64 8
6631.5 59 7.68115
6632.5 72 8.48528
6633.5 81 9
6634.5 65 8.06226
6635.5 72 8.48528
6636.5 71 8.42615
6637.5 78 8.83176
6638.5 67 8.18535
6639.5 72 8.48528
6640.5 76 8.7178
6641.5 58 7.61577
6642.5 69 8.30662
6643.5 61 7.81025
6644.5 72 8.48528
6645.5 93 9.64365
6646.5 73 8.544
6647.5 67 8.18535
6648.5 66 8.12404
6649.5 88 9.38083
6650.5 75 8.66025
6651.5 70 8.3666
6652.5 73 8.544
6653.5 69 8.30662
6654.5 77 8.77496
6655.5 85 9.21954
6656.5 65 8.06226
6657.5 78 8.83176
6658.5 71 8.42615
6659.5 72 8.48528
6660.5 70 8.3666
6661.5 61 7.81025
6662.5 62 7.87401
6663.5 59 7.68115
6664.5 77 8.77496
6665.5 64 8
6666.5 64 8
6667.5 62 7.87401
6668.5 82 9.05539
6669.5 65 8.06226
6670.5 77 8.77496
6671.5 69 8.30662
6672.5 65 8.06226
6673.5 81 9
6674.5 77 8.77496
6675.5 67 8.18535
6676.5 84 9.16515
6677.5 68 8.24621
6678.5 75 8.66025
6679.5 54 7.34847
6680.5 58 7.61577
6681.5 66 8.12404
6682.5 73 8.544
6683.5 79 8.88819
6684.5 68 8.24621
6685.5 72 8.48528
6686.5 85 9.21954
6687.5 68 8.24621
6688.5 70 8.3666
6689.5 58 7.61577
6690.5 70 8.3666
6691.5 62 7.87401
6692.5 74 8.60233
6693.5 71 8.42615
6694.5 64 8
6695.5 70 8.3666
6696.5 51 7.14143
6697.5 73 8.544
6698.5 70 8.3666
6699.5 75 8.66025
6700.5 62 7.87401
6701.5 69 8.30662
6702.5 66 8.12404
6703.5 62 7.87401
6704.5 73 8.544
6705.5 84 9.16515
6706.5 76 8.7178
6707.5 68 8.24621
6708.5 77 8.77496
6709.5 59 7.68115
6710.5 65 8.06226
6711.5 67 8.18535
6712.5 78 8.83176
6713.5 64 8
6714.5 78 8.83176
6715.5 60 7.74597
6716.5 82 9.05539
6717.5 83 9.11043
6718.5 83 9.11043
6719.5 80 8.94427
6720.5 77 8.77496
6721.5 82 9.05539
6722.5 93 9.64365
6723.5 116 10.7703
6724.5 102 10.0995
6725.5 103 10.1489
6726.5 86 9.27362
6727.5 90 9.48683
6728.5 112 10.583
6729.5 91 9.53939
6730.5 117 10.8167
6731.5 116 10.7703
6732.5 106 10.2956
6733.5 107 10.3441
6734.5 101 10.0499
6735.5 78 8.83176
6736.5 84 9.16515
6737.5 82 9.05539
6738.5 74 8.60233
6739.5 74 8.60233
6740.5 72 8.48528
6741.5 66 8.12404
6742.5 70 8.3666
6743.5 78 8.83176
6744.5 64 8
6745.5 74 8.60233
6746.5 65 8.06226
6747.5 75 8.66025
6748.5 83 9.11043
6749.5 82 9.05539
6750.5 55 7.4162
6751.5 70 8.3666
6752.5 86 9.27362
6753.5 71 8.42615
6754.5 58 7.61577
6755.5 76 8.7178
6756.5 74 8.60233
6757.5 80 8.94427
6758.5 74 8.60233
6759.5 67 8.18535
6760.5 69 8.30662
6761.5 66 8.12404
6762.5 93 9.64365
6763.5 68 8.24621
6764.5 74 8.60233
6765.5 65 8.06226
6766.5 70 8.3666
6767.5 70 8.3666
6768.5 68 8.24621
6769.5 56 7.48331
6770.5 75 8.66025
6771.5 73 8.544
6772.5 66 8.12404
6773.5 74 8.60233
6774.5 74 8.60233
6775.5 74 8.60233
6776.5 88 9.38083
6777.5 72 8.48528
6778.5 82 9.05539
6779.5 61 7.81025
6780.5 66 8.12404
6781.5 62 7.87401
6782.5 63 7.93725
6783.5 74 8.60233
6784.5 70 8.3666
6785.5 69 8.30662
6786.5 65 8.06226
6787.5 53 7.28011
6788.5 69 8.30662
6789.5 64 8
6790.5 62 7.87401
6791.5 64 8
6792.5 70 8.3666
6793.5 70 8.3666
6794.5 67 8.18535
6795.5 64 8
6796.5 67 8.18535
6797.5 85 9.21954
6798.5 72 8.48528
6799.5 80 8.94427
6800.5 73 8.544
6801.5 77 8.77496
6802.5 66 8.12404
6803.5 73 8.544
6804.5 66 8.12404
6805.5 79 8.88819
6806.5 69 8.30662
6807.5 85 9.21954
6808.5 70 8.3666
6809.5 75 8.66025
6810.5 68 8.24621
6811.5 72 8.48528
6812.5 76 8.7178
6813.5 72 8.48528
6814.5 70 8.3666
6815.5 57 7.54983
6816.5 72 8.48528
6817.5 66 8.12404
6818.5 65 8.06226
6819.5 63 7.93725
6820.5 66 8.12404
6821.5 65 8.06226
6822.5 74 8.60233
6823.5 84 9.16515
6824.5 63 7.93725
6825.5 72 8.48528
6826.5 77 8.77496
6827.5 77 8.77496
6828.5 81 9
6829.5 59 7.68115
6830.5 73 8.544
6831.5 62 7.87401
6832.5 73 8.544
6833.5 80 8.94427
6834.5 75 8.66025
6835.5 68 8.24621
6836.5 71 8.42615
6837.5 73 8.544
6838.5 71 8.42615
6839.5 80 8.94427
6840.5 83 9.11043
6841.5 53 7.28011
6842.5 75 8.66025
6843.5 73 8.544
6844.5 63 7.93725
6845.5 58 7.61577
6846.5 63 7.93725
6847.5 67 8.18535
6848.5 71 8.42615
6849.5 67 8.18535
6850.5 67 8.18535
6851.5 66 8.12404
6852.5 74 8.60233
6853.5 73 8.544
6854.5 80 8.94427
6855.5 66 8.12404
6856.5 60 7.74597
6857.5 59 7.68115
6858.5 77 8.77496
6859.5 60 7.74597
6860.5 85 9.21954
6861.5 63 7.93725
6862.5 70 8.3666
6863.5 74 8.60233
6864.5 72 8.48528
6865.5 87 9.32738
6866.5 61 7.81025
6867.5 49 7
6868.5 75 8.66025
6869.5 63 7.93725
6870.5 68 8.24621
6871.5 68 8.24621
6872.5 77 8.77496
6873.5 69 8.30662
6874.5 79 8.88819
6875.5 78 8.83176
6876.5 73 8.544
6877.5 80 8.94427
6878.5 65 8.06226
6879.5 85 9.21954
6880.5 70 8.3666
6881.5 86 9.27362
6882.5 80 8.94427
6883.5 77 8.77496
6884.5 66 8.12404
6885.5 85 9.21954
6886.5 79 8.88819
6887.5 64 8
6888.5 74 8.60233
6889.5 64 8
6890.5 67 8.18535
6891.5 72 8.48528
6892.5 69 8.30662
6893.5 82 9.05539
6894.5 69 8.30662
6895.5 83 9.11043
6896.5 54 7.34847
6897.5 70 8.3666
6898.5 67 8.18535
6899.5 65 8.06226
6900.5 78 8.83176
6901.5 73 8.544
6902.5 63 7.93725
6903.5 71 8.42615
6904.5 77 8.77496
6905.5 57 7.54983
6906.5 74 8.60233
6907.5 87 9.32738
6908.5 81 9
6909.5 82 9.05539
6910.5 73 8.544
6911.5 59 7.68115
6912.5 77 8.77496
6913.5 63 7.93725
6914.5 69 8.30662
6915.5 79 8.88819
6916.5 73 8.544
6917.5 69 8.30662
6918.5 68 8.24621
6919.5 56 7.48331
6920.5 63 7.93725
6921.5 73 8.544
6922.5 63 7.93725
6923.5 74 8.60233
6924.5 82 9.05539
6925.5 82 9.05539
6926.5 79 8.88819
6927.5 78 8.83176
6928.5 63 7.93725
6929.5 75 8.66025
6930.5 54 7.34847
6931.5 72 8.48528
6932.5 82 9.05539
6933.5 65 8.06226
6934.5 71 8.42615
6935.5 43 6.55744
6936.5 59 7.68115
6937.5 86 9.27362
6938.5 67 8.18535
6939.5 63 7.93725
6940.5 81 9
6941.5 65 8.06226
6942.5 64 8
6943.5 70 8.3666
6944.5 75 8.66025
6945.5 66 8.12404
6946.5 79 8.88819
6947.5 71 8.42615
6948.5 61 7.81025
6949.5 69 8.30662
6950.5 71 8.42615
6951.5 70 8.3666
6952.5 70 8.3666
6953.5 71 8.42615
6954.5 80 8.94427
6955.5 76 8.7178
6956.5 80 8.94427
6957.5 64 8
6958.5 65 8.06226
6959.5 56 7.48331
6960.5 71 8.42615
6961.5 56 7.48331
6962.5 70 8.3666
6963.5 68 8.24621
6964.5 75 8.66025
6965.5 74 8.60233
6966.5 64 8
6967.5 73 8.544
6968.5 81 9
6969.5 75 8.66025
6970.5 74 8.60233
6971.5 77 8.77496
6972.5 87 9.32738
6973.5 66 8.12404
6974.5 78 8.83176
6975.5 81 9
6976.5 65 8.06226
6977.5 72 8.48528
6978.5 94 9.69536
6979.5 67 8.18535
6980.5 83 9.11043
6981.5 66 8.12404
6982.5 62 7.87401
6983.5 67 8.18535
6984.5 66 8.12404
6985.5 75 8.66025
6986.5 83 9.11043
6987.5 78 8.83176
6988.5 65 8.06226
6989.5 70 8.3666
6990.5 63 7.93725
6991.5 72 8.48528
6992.5 69 8.30662
6993.5 74 8.60233
6994.5 71 8.42615
6995.5 65 8.06226
6996.5 64 8
6997.5 66 8.12404
6998.5 66 8.12404
6999.5 69 8.30662
7000.5 77 8.77496
7001.5 71 8.42615
7002.5 64 8
7003.5 58 7.61577
7004.5 79 8.88819
7005.5 62 7.87401
7006.5 62 7.87401
7007.5 77 8.77496
7008.5 66 8.12404
7009.5 63 7.93725
7010.5 74 8.60233
7011.5 66 8.12404
7012.5 71 8.42615
7013.5 68 8.24621
7014.5 68 8.24621
7015.5 69 8.30662
7016.5 64 8
7017.5 75 8.66025
7018.5 85 9.21954
7019.5 61 7.81025
7020.5 58 7.61577
7021.5 69 8.30662
7022.5 86 9.27362
7023.5 59 7.68115
7024.5 72 8.48528
7025.5 73 8.544
7026.5 58 7.61577
7027.5 70 8.3666
7028.5 63 7.93725
7029.5 74 8.60233
7030.5 62 7.87401
7031.5 72 8.48528
7032.5 58 7.61577
7033.5 71 8.42615
7034.5 73 8.544
7035.5 67 8.18535
7036.5 71 8.42615
7037.5 69 8.30662
7038.5 74 8.60233
7039.5 64 8
7040.5 51 7.14143
7041.5 68 8.24621
7042.5 59 7.68115
7043.5 92 9.59166
7044.5 80 8.94427
7045.5 69 8.30662
7046.5 67 8.18535
7047.5 63 7.93725
7048.5 73 8.544
7049.5 81 9
7050.5 52 7.2111
7051.5 66 8.12404
7052.5 80 8.94427
7053.5 74 8.60233
7054.5 75 8.66025
7055.5 57 7.54983
7056.5 86 9.27362
7057.5 69 8.30662
7058.5 63 7.93725
7059.5 84 9.16515
7060.5 69 8.30662
7061.5 74 8.60233
7062.5 67 8.18535
7063.5 60 7.74597
7064.5 67 8.18535
7065.5 64 8
7066.5 75 8.66025
7067.5 61 7.81025
7068.5 77 8.77496
7069.5 60 7.74597
7070.5 71 8.42615
7071.5 72 8.48528
7072.5 85 9.21954
7073.5 73 8.544
7074.5 61 7.81025
7075.5 71 8.42615
7076.5 68 8.24621
7077.5 69 8.30662
7078.5 54 7.34847
7079.5 70 8.3666
7080.5 71 8.42615
7081.5 77 8.77496
7082.5 68 8.24621
7083.5 70 8.3666
7084.5 69 8.30662
7085.5 69 8.30662
7086.5 66 8.12404
7087.5 61 7.81025
7088.5 67 8.18535
7089.5 80 8.94427
7090.5 69 8.30662
7091.5 83 9.11043
7092.5 79 8.88819
7093.5 83 9.11043
7094.5 92 9.59166
7095.5 55 7.4162
7096.5 62 7.87401
7097.5 62 7.87401
7098.5 68 8.24621
7099.5 71 8.42615
7100.5 65 8.06226
7101.5 70 8.3666
7102.5 82 9.05539
7103.5 72 8.48528
7104.5 64 8
7105.5 57 7.54983
7106.5 77 8.77496
7107.5 82 9.05539
7108.5 73 8.544
7109.5 57 7.54983
7110.5 75 8.66025
7111.5 84 9.16515
7112.5 76 8.7178
7113.5 79 8.88819
7114.5 68 8.24621
7115.5 88 9.38083
7116.5 87 9.32738
7117.5 72 8.48528
7118.5 76 8.7178
7119.5 87 9.32738
7120.5 74 8.60233
7121.5 88 9.38083
7122.5 77 8.77496
7123.5 84 9.16515
7124.5 83 9.11043
7125.5 83 9.11043
7126.5 96 9.79796
7127.5 92 9.59166
7128.5 64 8
7129.5 79 8.88819
7130.5 85 9.21954
7131.5 67 8.18535
7132.5 63 7.93725
7133.5 66 8.12404
7134.5 69 8.30662
7135.5 87 9.32738
7136.5 61 7.81025
7137.5 57 7.54983
7138.5 77 8.77496
7139.5 63 7.93725
7140.5 61 7.81025
7141.5 66 8.12404
7142.5 56 7.48331
7143.5 71 8.42615
7144.5 77 8.77496
7145.5 74 8.60233
7146.5 68 8.24621
7147.5 58 7.61577
7148.5 72 8.48528
7149.5 70 8.3666
7150.5 76 8.7178
7151.5 61 7.81025
7152.5 52 7.2111
7153.5 64 8
7154.5 77 8.77496
7155.5 76 8.7178
7156.5 65 8.06226
7157.5 81 9
7158.5 83 9.11043
7159.5 80 8.94427
7160.5 64 8
7161.5 73 8.544
7162.5 69 8.30662
7163.5 75 8.66025
7164.5 62 7.87401
7165.5 60 7.74597
7166.5 70 8.3666
7167.5 79 8.88819
7168.5 65 8.06226
7169.5 69 8.30662
7170.5 75 8.66025
7171.5 70 8.3666
7172.5 63 7.93725
7173.5 67 8.18535
7174.5 62 7.87401
7175.5 77 8.77496
7176.5 72 8.48528
7177.5 74 8.60233
7178.5 75 8.66025
7179.5 73 8.544
7180.5 69 8.30662
7181.5 71 8.42615
7182.5 78 8.83176
7183.5 76 8.7178
7184.5 69 8.30662
7185.5 66 8.12404
7186.5 62 7.87401
7187.5 71 8.42615
7188.5 85 9.21954
7189.5 75 8.66025
7190.5 82 9.05539
7191.5 76 8.7178
7192.5 78 8.83176
7193.5 60 7.74597
7194.5 87 9.32738
7195.5 73 8.544
7196.5 69 8.30662
7197.5 55 7.4162
7198.5 63 7.93725
7199.5 71 8.42615
7200.5 74 8.60233
7201.5 65 8.06226
7202.5 69 8.30662
7203.5 80 8.94427
7204.5 72 8.48528
7205.5 84 9.16515
7206.5 82 9.05539
7207.5 74 8.60233
7208.5 65 8.06226
7209.5 80 8.94427
7210.5 69 8.30662
7211.5 81 9
7212.5 76 8.7178
7213.5 65 8.06226
7214.5 81 9
7215.5 63 7.93725
7216.5 60 7.74597
7217.5 80 8.94427
7218.5 84 9.16515
7219.5 61 7.81025
7220.5 65 8.06226
7221.5 75 8.66025
7222.5 73 8.544
7223.5 65 8.06226
7224.5 62 7.87401
7225.5 56 7.48331
7226.5 75 8.66025
7227.5 69 8.30662
7228.5 87 9.32738
7229.5 68 8.24621
7230.5 80 8.94427
7231.5 67 8.18535
7232.5 71 8.42615
7233.5 62 7.87401
7234.5 75 8.66025
7235.5 84 9.16515
7236.5 82 9.05539
7237.5 61 7.81025
7238.5 69 8.30662
7239.5 74 8.60233
7240.5 77 8.77496
7241.5 62 7.87401
7242.5 82 9.05539
7243.5 81 9
7244.5 70 8.3666
7245.5 72 8.48528
7246.5 72 8.48528
7247.5 71 8.42615
7248.5 82 9.05539
7249.5 68 8.24621
7250.5 72 8.48528
7251.5 56 7.48331
7252.5 72 8.48528
7253.5 68 8.24621
7254.5 76 8.7178
7255.5 75 8.66025
7256.5 87 9.32738
7257.5 79 8.88819
7258.5 86 9.27362
7259.5 77 8.77496
7260.5 77 8.77496
7261.5 86 9.27362
7262.5 59 7.68115
7263.5 75 8.66025
7264.5 71 8.42615
7265.5 76 8.7178
7266.5 80 8.94427
7267.5 58 7.61577
7268.5 68 8.24621
7269.5 74 8.60233
7270.5 52 7.2111
7271.5 66 8.12404
7272.5 66 8.12404
7273.5 65 8.06226
7274.5 77 8.77496
7275.5 73 8.544
7276.5 67 8.18535
7277.5 66 8.12404
7278.5 80 8.94427
7279.5 76 8.7178
7280.5 80 8.94427
7281.5 63 7.93725
7282.5 57 7.54983
7283.5 89 9.43398
7284.5 81 9
7285.5 83 9.11043
7286.5 81 9
7287.5 80 8.94427
7288.5 74 8.60233
7289.5 71 8.42615
7290.5 73 8.544
7291.5 91 9.53939
7292.5 76 8.7178
7293.5 81 9
7294.5 66 8.12404
7295.5 52 7.2111
7296.5 81 9
7297.5 73 8.544
7298.5 72 8.48528
7299.5 74 8.60233
7300.5 85 9.21954
7301.5 88 9.38083
7302.5 69 8.30662
7303.5 68 8.24621
7304.5 72 8.48528
7305.5 68 8.24621
7306.5 81 9
7307.5 68 8.24621
7308.5 83 9.11043
7309.5 70 8.3666
7310.5 71 8.42615
7311.5 69 8.30662
7312.5 65 8.06226
7313.5 65 8.06226
7314.5 57 7.54983
7315.5 69 8.30662
7316.5 73 8.544
7317.5 82 9.05539
7318.5 88 9.38083
7319.5 75 8.66025
7320.5 79 8.88819
7321.5 60 7.74597
7322.5 65 8.06226
7323.5 79 8.88819
7324.5 68 8.24621
7325.5 66 8.12404
7326.5 69 8.30662
7327.5 54 7.34847
7328.5 79 8.88819
7329.5 79 8.88819
7330.5 67 8.18535
7331.5 64 8
7332.5 69 8.30662
7333.5 71 8.42615
7334.5 91 9.53939
7335.5 79 8.88819
7336.5 75 8.66025
7337.5 94 9.69536
7338.5 63 7.93725
7339.5 80 8.94427
7340.5 73 8.544
7341.5 80 8.94427
7342.5 84 9.16515
7343.5 76 8.7178
7344.5 69 8.30662
7345.5 63 7.93725
7346.5 76 8.7178
7347.5 80 8.94427
7348.5 76 8.7178
7349.5 66 8.12404
7350.5 68 8.24621
7351.5 74 8.60233
7352.5 80 8.94427
7353.5 74 8.60233
7354.5 76 8.7178
7355.5 82 9.05539
7356.5 78 8.83176
7357.5 88 9.38083
7358.5 62 7.87401
7359.5 78 8.83176
7360.5 69 8.30662
7361.5 67 8.18535
7362.5 58 7.61577
7363.5 76 8.7178
7364.5 71 8.42615
7365.5 81 9
7366.5 67 8.18535
7367.5 68 8.24621
7368.5 75 8.66025
7369.5 88 9.38083
7370.5 82 9.05539
7371.5 64 8
7372.5 77 8.77496
7373.5 68 8.24621
7374.5 69 8.30662
7375.5 57 7.54983
7376.5 82 9.05539
7377.5 73 8.544
7378.5 71 8.42615
7379.5 82 9.05539
7380.5 97 9.84886
7381.5 72 8.48528
7382.5 68 8.24621
7383.5 89 9.43398
7384.5 88 9.38083
7385.5 63 7.93725
7386.5 52 7.2111
7387.5 67 8.18535
7388.5 100 10
7389.5 80 8.94427
7390.5 90 9.48683
7391.5 80 8.94427
7392.5 60 7.74597
7393.5 84 9.16515
7394.5 84 9.16515
7395.5 82 9.05539
7396.5 73 8.544
7397.5 74 8.60233
7398.5 81 9
7399.5 73 8.544
7400.5 66 8.12404
7401.5 54 7.34847
7402.5 83 9.11043
7403.5 80 8.94427
7404.5 63 7.93725
7405.5 88 9.38083
7406.5 71 8.42615
7407.5 88 9.38083
7408.5 84 9.16515
7409.5 69 8.30662
7410.5 75 8.66025
7411.5 64 8
7412.5 73 8.544
7413.5 80 8.94427
7414.5 61 7.81025
7415.5 70 8.3666
7416.5 63 7.93725
7417.5 86 9.27362
7418.5 64 8
7419.5 74 8.60233
7420.5 70 8.3666
7421.5 86 9.27362
7422.5 73 8.544
7423.5 90 9.48683
7424.5 75 8.66025
7425.5 67 8.18535
7426.5 67 8.18535
7427.5 76 8.7178
7428.5 75 8.66025
7429.5 81 9
7430.5 55 7.4162
7431.5 67 8.18535
7432.5 79 8.88819
7433.5 67 8.18535
7434.5 74 8.60233
7435.5 73 8.544
7436.5 94 9.69536
7437.5 75 8.66025
7438.5 89 9.43398
7439.5 69 8.30662
7440.5 68 8.24621
7441.5 88 9.38083
7442.5 68 8.24621
7443.5 63 7.93725
7444.5 78 8.83176
7445.5 77 8.77496
7446.5 79 8.88819
7447.5 66 8.12404
7448.5 80 8.94427
7449.5 68 8.24621
7450.5 70 8.3666
7451.5 84 9.16515
7452.5 69 8.30662
7453.5 61 7.81025
7454.5 79 8.88819
7455.5 71 8.42615
7456.5 61 7.81025
7457.5 77 8.77496
7458.5 65 8.06226
7459.5 76 8.7178
7460.5 71 8.42615
7461.5 76 8.7178
7462.5 72 8.48528
7463.5 75 8.66025
7464.5 58 7.61577
7465.5 76 8.7178
7466.5 66 8.12404
7467.5 87 9.32738
7468.5 76 8.7178
7469.5 72 8.48528
7470.5 80 8.94427
7471.5 77 8.77496
7472.5 67 8.18535
7473.5 72 8.48528
7474.5 78 8.83176
7475.5 78 8.83176
7476.5 73 8.544
7477.5 76 8.7178
7478.5 78 8.83176
7479.5 86 9.27362
7480.5 67 8.18535
7481.5 75 8.66025
7482.5 85 9.21954
7483.5 54 7.34847
7484.5 90 9.48683
7485.5 73 8.544
7486.5 58 7.61577
7487.5 74 8.60233
7488.5 70 8.3666
7489.5 62 7.87401
7490.5 66 8.12404
7491.5 83 9.11043
7492.5 81 9
7493.5 62 7.87401
7494.5 72 8.48528
7495.5 71 8.42615
7496.5 78 8.83176
7497.5 74 8.60233
7498.5 69 8.30662
7499.5 76 8.7178
7500.5 68 8.24621
7501.5 74 8.60233
7502.5 67 8.18535
7503.5 78 8.83176
7504.5 77 8.77496
7505.5 76 8.7178
7506.5 75 8.66025
7507.5 89 9.43398
7508.5 83 9.11043
7509.5 57 7.54983
7510.5 65 8.06226
7511.5 65 8.06226
7512.5 92 9.59166
7513.5 72 8.48528
7514.5 80 8.94427
7515.5 80 8.94427
7516.5 58 7.61577
7517.5 72 8.48528
7518.5 68 8.24621
7519.5 68 8.24621
7520.5 89 9.43398
7521.5 77 8.77496
7522.5 85 9.21954
7523.5 81 9
7524.5 88 9.38083
7525.5 76 8.7178
7526.5 65 8.06226
7527.5 80 8.94427
7528.5 72 8.48528
7529.5 70 8.3666
7530.5 92 9.59166
7531.5 59 7.68115
7532.5 61 7.81025
7533.5 74 8.60233
7534.5 76 8.7178
7535.5 73 8.544
7536.5 73 8.544
7537.5 78 8.83176
7538.5 68 8.24621
7539.5 79 8.88819
7540.5 84 9.16515
7541.5 67 8.18535
7542.5 79 8.88819
7543.5 91 9.53939
7544.5 71 8.42615
7545.5 57 7.54983
7546.5 80 8.94427
7547.5 79 8.88819
7548.5 60 7.74597
7549.5 76 8.7178
7550.5 75 8.66025
7551.5 72 8.48528
7552.5 78 8.83176
7553.5 70 8.3666
7554.5 70 8.3666
7555.5 79 8.88819
7556.5 62 7.87401
7557.5 74 8.60233
7558.5 86 9.27362
7559.5 87 9.32738
7560.5 80 8.94427
7561.5 78 8.83176
7562.5 80 8.94427
7563.5 72 8.48528
7564.5 60 7.74597
7565.5 79 8.88819
7566.5 71 8.42615
7567.5 72 8.48528
7568.5 75 8.66025
7569.5 85 9.21954
7570.5 74 8.60233
7571.5 75 8.66025
7572.5 97 9.84886
7573.5 76 8.7178
7574.5 86 9.27362
7575.5 74 8.60233
7576.5 92 9.59166
7577.5 89 9.43398
7578.5 79 8.88819
7579.5 74 8.60233
7580.5 72 8.48528
7581.5 82 9.05539
7582.5 86 9.27362
7583.5 65 8.06226
7584.5 89 9.43398
7585.5 87 9.32738
7586.5 91 9.53939
7587.5 76 8.7178
7588.5 64 8
7589.5 80 8.94427
7590.5 91 9.53939
7591.5 72 8.48528
7592.5 71 8.42615
7593.5 71 8.42615
7594.5 74 8.60233
7595.5 85 9.21954
7596.5 87 9.32738
7597.5 65 8.06226
7598.5 74 8.60233
7599.5 77 8.77496
7600.5 71 8.42615
7601.5 77 8.77496
7602.5 63 7.93725
7603.5 82 9.05539
7604.5 80 8.94427
7605.5 68 8.24621
7606.5 82 9.05539
7607.5 88 9.38083
7608.5 89 9.43398
7609.5 72 8.48528
7610.5 71 8.42615
7611.5 72 8.48528
7612.5 78 8.83176
7613.5 87 9.32738
7614.5 65 8.06226
7615.5 67 8.18535
7616.5 69 8.30662
7617.5 65 8.06226
7618.5 90 9.48683
7619.5 82 9.05539
7620.5 75 8.66025
7621.5 69 8.30662
7622.5 79 8.88819
7623.5 83 9.11043
7624.5 77 8.77496
7625.5 70 8.3666
7626.5 66 8.12404
7627.5 78 8.83176
7628.5 78 8.83176
7629.5 62 7.87401
7630.5 67 8.18535
7631.5 69 8.30662
7632.5 61 7.81025
7633.5 82 9.05539
7634.5 65 8.06226
7635.5 58 7.61577
7636.5 55 7.4162
7637.5 76 8.7178
7638.5 77 8.77496
7639.5 79 8.88819
7640.5 80 8.94427
7641.5 82 9.05539
7642.5 70 8.3666
7643.5 77 8.77496
7644.5 64 8
7645.5 74 8.60233
7646.5 76 8.7178
7647.5 78 8.83176
7648.5 68 8.24621
7649.5 70 8.3666
7650.5 86 9.27362
7651.5 66 8.12404
7652.5 76 8.7178
7653.5 81 9
7654.5 98 9.89949
7655.5 67 8.18535
7656.5 71 8.42615
7657.5 66 8.12404
7658.5 79 8.88819
7659.5 70 8.3666
7660.5 66 8.12404
7661.5 88 9.38083
7662.5 81 9
7663.5 76 8.7178
7664.5 89 9.43398
7665.5 83 9.11043
7666.5 68 8.24621
7667.5 65 8.06226
7668.5 85 9.21954
7669.5 69 8.30662
7670.5 53 7.28011
7671.5 70 8.3666
7672.5 72 8.48528
7673.5 87 9.32738
7674.5 86 9.27362
7675.5 75 8.66025
7676.5 86 9.27362
7677.5 80 8.94427
7678.5 84 9.16515
7679.5 85 9.21954
7680.5 84 9.16515
7681.5 74 8.60233
7682.5 68 8.24621
7683.5 81 9
7684.5 75 8.66025
7685.5 83 9.11043
7686.5 83 9.11043
7687.5 107 10.3441
7688.5 78 8.83176
7689.5 95 9.74679
7690.5 78 8.83176
7691.5 64 8
7692.5 79 8.88819
7693.5 62 7.87401
7694.5 89 9.43398
7695.5 81 9
7696.5 73 8.544
7697.5 75 8.66025
7698.5 69 8.30662
7699.5 88 9.38083
7700.5 83 9.11043
7701.5 84 9.16515
7702.5 77 8.77496
7703.5 76 8.7178
7704.5 62 7.87401
7705.5 71 8.42615
7706.5 84 9.16515
7707.5 87 9.32738
7708.5 100 10
7709.5 84 9.16515
7710.5 75 8.66025
7711.5 82 9.05539
7712.5 91 9.53939
7713.5 95 9.74679
7714.5 69 8.30662
7715.5 77 8.77496
7716.5 64 8
7717.5 87 9.32738
7718.5 75 8.66025
7719.5 78 8.83176
7720.5 83 9.11043
7721.5 87 9.32738
7722.5 66 8.12404
7723.5 81 9
7724.5 77 8.77496
7725.5 83 9.11043
7726.5 91 9.53939
7727.5 86 9.27362
7728.5 77 8.77496
7729.5 82 9.05539
7730.5 87 9.32738
7731.5 91 9.53939
7732.5 70 8.3666
7733.5 90 9.48683
7734.5 92 9.59166
7735.5 81 9
7736.5 84 9.16515
7737.5 72 8.48528
7738.5 81 9
7739.5 70 8.3666
7740.5 91 9.53939
7741.5 100 10
7742.5 70 8.3666
7743.5 77 8.77496
7744.5 80 8.94427
7745.5 99 9.94987
7746.5 74 8.60233
7747.5 83 9.11043
7748.5 89 9.43398
7749.5 90 9.48683
7750.5 71 8.42615
7751.5 79 8.88819
7752.5 81 9
7753.5 83 9.11043
7754.5 103 10.1489
7755.5 78 8.83176
7756.5 102 10.0995
7757.5 72 8.48528
7758.5 81 9
7759.5 78 8.83176
7760.5 108 10.3923
7761.5 89 9.43398
7762.5 98 9.89949
7763.5 90 9.48683
7764.5 77 8.77496
7765.5 80 8.94427
7766.5 105 10.247
7767.5 98 9.89949
7768.5 98 9.89949
7769.5 83 9.11043
7770.5 111 10.5357
7771.5 73 8.544
7772.5 114 10.6771
7773.5 119 10.9087
7774.5 116 10.7703
7775.5 128 11.3137
7776.5 116 10.7703
7777.5 121 11
7778.5 173 13.1529
7779.5 156 12.49
7780.5 170 13.0384
7781.5 172 13.1149
7782.5 204 14.2829
7783.5 216 14.6969
7784.5 202 14.2127
7785.5 206 14.3527
7786.5 220 14.8324
7787.5 225 15
7788.5 243 15.5885
7789.5 279 16.7033
7790.5 280 16.7332
7791.5 279 16.7033
7792.5 287 16.9411
7793.5 279 16.7033
7794.5 277 16.6433
7795.5 248 15.748
7796.5 260 16.1245
7797.5 229 15.1327
7798.5 230 15.1658
7799.5 210 14.4914
7800.5 218 14.7648
7801.5 186 13.6382
7802.5 159 12.6095
7803.5 177 13.3041
7804.5 166 12.8841
7805.5 131 11.4455
7806.5 152 12.3288
7807.5 133 11.5326
7808.5 130 11.4018
7809.5 103 10.1489
7810.5 118 10.8628
7811.5 118 10.8628
7812.5 111 10.5357
7813.5 94 9.69536
7814.5 117 10.8167
7815.5 101 10.0499
7816.5 91 9.53939
7817.5 82 9.05539
7818.5 95 9.74679
7819.5 81 9
7820.5 91 9.53939
7821.5 83 9.11043
7822.5 83 9.11043
7823.5 82 9.05539
7824.5 85 9.21954
7825.5 95 9.74679
7826.5 92 9.59166
7827.5 77 8.77496
7828.5 71 8.42615
7829.5 81 9
7830.5 86 9.27362
7831.5 77 8.77496
7832.5 86 9.27362
7833.5 83 9.11043
7834.5 83 9.11043
7835.5 69 8.30662
7836.5 88 9.38083
7837.5 77 8.77496
7838.5 84 9.16515
7839.5 96 9.79796
7840.5 97 9.84886
7841.5 76 8.7178
7842.5 96 9.79796
7843.5 75 8.66025
7844.5 93 9.64365
7845.5 83 9.11043
7846.5 86 9.27362
7847.5 77 8.77496
7848.5 86 9.27362
7849.5 90 9.48683
7850.5 86 9.27362
7851.5 86 9.27362
7852.5 90 9.48683
7853.5 79 8.88819
7854.5 78 8.83176
7855.5 95 9.74679
7856.5 79 8.88819
7857.5 96 9.79796
7858.5 78 8.83176
7859.5 81 9
7860.5 83 9.11043
7861.5 88 9.38083
7862.5 86 9.27362
7863.5 97 9.84886
7864.5 91 9.53939
7865.5 78 8.83176
7866.5 93 9.64365
7867.5 83 9.11043
7868.5 83 9.11043
7869.5 72 8.48528
7870.5 69 8.30662
7871.5 80 8.94427
7872.5 87 9.32738
7873.5 66 8.12404
7874.5 73 8.544
7875.5 73 8.544
7876.5 78 8.83176
7877.5 91 9.53939
7878.5 73 8.544
7879.5 91 9.53939
7880.5 84 9.16515
7881.5 57 7.54983
7882.5 90 9.48683
7883.5 79 8.88819
7884.5 87 9.32738
7885.5 93 9.64365
7886.5 97 9.84886
7887.5 100 10
7888.5 86 9.27362
7889.5 69 8.30662
7890.5 81 9
7891.5 80 8.94427
7892.5 87 9.32738
7893.5 90 9.48683
7894.5 96 9.79796
7895.5 100 10
7896.5 97 9.84886
7897.5 82 9.05539
7898.5 96 9.79796
7899.5 80 8.94427
7900.5 70 8.3666
7901.5 74 8.60233
7902.5 95 9.74679
7903.5 79 8.88819
7904.5 83 9.11043
7905.5 80 8.94427
7906.5 82 9.05539
7907.5 78 8.83176
7908.5 74 8.60233
7909.5 82 9.05539
7910.5 84 9.16515
7911.5 84 9.16515
7912.5 77 8.77496
7913.5 82 9.05539
7914.5 88 9.38083
7915.5 76 8.7178
7916.5 77 8.77496
7917.5 84 9.16515
7918.5 79 8.88819
7919.5 75 8.66025
7920.5 86 9.27362
7921.5 81 9
7922.5 84 9.16515
7923.5 78 8.83176
7924.5 100 10
7925.5 94 9.69536
7926.5 100 10
7927.5 78 8.83176
7928.5 73 8.544
7929.5 71 8.42615
7930.5 78 8.83176
7931.5 74 8.60233
7932.5 89 9.43398
7933.5 93 9.64365
7934.5 84 9.16515
7935.5 63 7.93725
7936.5 87 9.32738
7937.5 93 9.64365
7938.5 74 8.60233
7939.5 77 8.77496
7940.5 98 9.89949
7941.5 79 8.88819
7942.5 84 9.16515
7943.5 88 9.38083
7944.5 87 9.32738
7945.5 76 8.7178
7946.5 81 9
7947.5 83 9.11043
7948.5 84 9.16515
7949.5 79 8.88819
7950.5 76 8.7178
7951.5 80 8.94427
7952.5 75 8.66025
7953.5 74 8.60233
7954.5 83 9.11043
7955.5 76 8.7178
7956.5 84 9.16515
7957.5 94 9.69536
7958.5 87 9.32738
7959.5 88 9.38083
7960.5 75 8.66025
7961.5 87 9.32738
7962.5 102 10.0995
7963.5 99 9.94987
7964.5 84 9.16515
7965.5 88 9.38083
7966.5 84 9.16515
7967.5 81 9
7968.5 88 9.38083
7969.5 93 9.64365
7970.5 87 9.32738
7971.5 87 9.32738
7972.5 85 9.21954
7973.5 85 9.21954
7974.5 73 8.544
7975.5 77 8.77496
7976.5 91 9.53939
7977.5 88 9.38083
7978.5 81 9
7979.5 83 9.11043
7980.5 87 9.32738
7981.5 88 9.38083
7982.5 83 9.11043
7983.5 75 8.66025
7984.5 81 9
7985.5 103 10.1489
7986.5 88 9.38083
7987.5 63 7.93725
7988.5 86 9.27362
7989.5 74 8.60233
7990.5 85 9.21954
7991.5 92 9.59166
7992.5 84 9.16515
7993.5 93 9.64365
7994.5 100 10
7995.5 89 9.43398
7996.5 91 9.53939
7997.5 84 9.16515
7998.5 87 9.32738
7999.5 91 9.53939
8000.5 75 8.66025
8001.5 84 9.16515
8002.5 94 9.69536
8003.5 86 9.27362
8004.5 76 8.7178
8005.5 89 9.43398
8006.5 76 8.7178
8007.5 71 8.42615
8008.5 86 9.27362
8009.5 76 8.7178
8010.5 96 9.79796
8011.5 87 9.32738
8012.5 75 8.66025
8013.5 84 9.16515
8014.5 85 9.21954
8015.5 76 8.7178
8016.5 88 9.38083
8017.5 73 8.544
8018.5 88 9.38083
8019.5 84 9.16515
8020.5 71 8.42615
8021.5 85 9.21954
8022.5 87 9.32738
8023.5 83 9.11043
8024.5 79 8.88819
8025.5 82 9.05539
8026.5 91 9.53939
8027.5 98 9.89949
8028.5 86 9.27362
8029.5 86 9.27362
8030.5 83 9.11043
8031.5 93 9.64365
8032.5 79 8.88819
8033.5 96 9.79796
8034.5 71 8.42615
8035.5 98 9.89949
8036.5 89 9.43398
8037.5 106 10.2956
8038.5 84 9.16515
8039.5 97 9.84886
8040.5 80 8.94427
8041.5 95 9.74679
8042.5 79 8.88819
8043.5 92 9.59166
8044.5 74 8.60233
8045.5 81 9
8046.5 80 8.94427
8047.5 101 10.0499
8048.5 99 9.94987
8049.5 86 9.27362
8050.5 84 9.16515
8051.5 100 10
8052.5 97 9.84886
8053.5 106 10.2956
8054.5 104 10.198
8055.5 90 9.48683
8056.5 91 9.53939
8057.5 70 8.3666
8058.5 86 9.27362
8059.5 97 9.84886
8060.5 88 9.38083
8061.5 86 9.27362
8062.5 105 10.247
8063.5 83 9.11043
8064.5 98 9.89949
8065.5 96 9.79796
8066.5 112 10.583
8067.5 113 10.6301
8068.5 110 10.4881
8069.5 125 11.1803
8070.5 99 9.94987
8071.5 123 11.0905
8072.5 107 10.3441
8073.5 116 10.7703
8074.5 115 10.7238
8075.5 103 10.1489
8076.5 105 10.247
8077.5 88 9.38083
8078.5 105 10.247
8079.5 112 10.583
8080.5 113 10.6301
8081.5 96 9.79796
8082.5 104 10.198
8083.5 89 9.43398
8084.5 108 10.3923
8085.5 95 9.74679
8086.5 89 9.43398
8087.5 115 10.7238
8088.5 95 9.74679
8089.5 95 9.74679
8090.5 71 8.42615
8091.5 107 10.3441
8092.5 97 9.84886
8093.5 90 9.48683
8094.5 77 8.77496
8095.5 96 9.79796
8096.5 90 9.48683
8097.5 83 9.11043
8098.5 84 9.16515
8099.5 83 9.11043
8100.5 86 9.27362
8101.5 89 9.43398
8102.5 83 9.11043
8103.5 112 10.583
8104.5 85 9.21954
8105.5 92 9.59166
8106.5 95 9.74679
8107.5 101 10.0499
8108.5 83 9.11043
8109.5 97 9.84886
8110.5 91 9.53939
8111.5 76 8.7178
8112.5 100 10
8113.5 75 8.66025
8114.5 99 9.94987
8115.5 92 9.59166
8116.5 88 9.38083
8117.5 95 9.74679
8118.5 87 9.32738
8119.5 109 10.4403
8120.5 86 9.27362
8121.5 93 9.64365
8122.5 72 8.48528
8123.5 95 9.74679
8124.5 91 9.53939
8125.5 103 10.1489
8126.5 80 8.94427
8127.5 87 9.32738
8128.5 85 9.21954
8129.5 96 9.79796
8130.5 87 9.32738
8131.5 78 8.83176
8132.5 102 10.0995
8133.5 81 9
8134.5 94 9.69536
8135.5 89 9.43398
8136.5 93 9.64365
8137.5 81 9
8138.5 78 8.83176
8139.5 95 9.74679
8140.5 92 9.59166
8141.5 84 9.16515
8142.5 98 9.89949
8143.5 90 9.48683
8144.5 90 9.48683
8145.5 90 9.48683
8146.5 79 8.88819
8147.5 94 9.69536
8148.5 91 9.53939
8149.5 85 9.21954
8150.5 97 9.84886
8151.5 93 9.64365
8152.5 83 9.11043
8153.5 97 9.84886
8154.5 89 9.43398
8155.5 76 8.7178
8156.5 79 8.88819
8157.5 99 9.94987
8158.5 100 10
8159.5 97 9.84886
8160.5 95 9.74679
8161.5 73 8.544
8162.5 83 9.11043
8163.5 96 9.79796
8164.5 89 9.43398
8165.5 100 10
8166.5 75 8.66025
8167.5 85 9.21954
8168.5 94 9.69536
8169.5 91 9.53939
8170.5 97 9.84886
8171.5 85 9.21954
8172.5 109 10.4403
8173.5 89 9.43398
8174.5 87 9.32738
8175.5 80 8.94427
8176.5 101 10.0499
8177.5 96 9.79796
8178.5 97 9.84886
8179.5 92 9.59166
8180.5 93 9.64365
8181.5 90 9.48683
8182.5 101 10.0499
8183.5 104 10.198
8184.5 83 9.11043
8185.5 96 9.79796
8186.5 96 9.79796
8187.5 88 9.38083
8188.5 88 9.38083
8189.5 95 9.74679
8190.5 85 9.21954
8191.5 93 9.64365
8192.5 95 9.74679
8193.5 90 9.48683
8194.5 102 10.0995
8195.5 86 9.27362
8196.5 79 8.88819
8197.5 79 8.88819
8198.5 90 9.48683
8199.5 96 9.79796
8200.5 91 9.53939
8201.5 102 10.0995
8202.5 96 9.79796
8203.5 124 11.1355
8204.5 90 9.48683
8205.5 86 9.27362
8206.5 91 9.53939
8207.5 107 10.3441
8208.5 105 10.247
8209.5 105 10.247
8210.5 88 9.38083
8211.5 104 10.198
8212.5 80 8.94427
8213.5 79 8.88819
8214.5 96 9.79796
8215.5 98 9.89949
8216.5 90 9.48683
8217.5 104 10.198
8218.5 120 10.9545
8219.5 85 9.21954
8220.5 107 10.3441
8221.5 80 8.94427
8222.5 86 9.27362
8223.5 90 9.48683
8224.5 87 9.32738
8225.5 94 9.69536
8226.5 97 9.84886
8227.5 107 10.3441
8228.5 88 9.38083
8229.5 97 9.84886
8230.5 92 9.59166
8231.5 88 9.38083
8232.5 110 10.4881
8233.5 86 9.27362
8234.5 103 10.1489
8235.5 110 10.4881
8236.5 87 9.32738
8237.5 101 10.0499
8238.5 101 10.0499
8239.5 83 9.11043
8240.5 82 9.05539
8241.5 90 9.48683
8242.5 98 9.89949
8243.5 78 8.83176
8244.5 103 10.1489
8245.5 97 9.84886
8246.5 104 10.198
8247.5 84 9.16515
8248.5 88 9.38083
8249.5 74 8.60233
8250.5 93 9.64365
8251.5 99 9.94987
8252.5 74 8.60233
8253.5 103 10.1489
8254.5 100 10
8255.5 92 9.59166
8256.5 83 9.11043
8257.5 82 9.05539
8258.5 94 9.69536
8259.5 90 9.48683
8260.5 110 10.4881
8261.5 108 10.3923
8262.5 109 10.4403
8263.5 104 10.198
8264.5 107 10.3441
8265.5 81 9
8266.5 89 9.43398
8267.5 81 9
8268.5 87 9.32738
8269.5 95 9.74679
8270.5 90 9.48683
8271.5 79 8.88819
8272.5 84 9.16515
8273.5 95 9.74679
8274.5 98 9.89949
8275.5 87 9.32738
8276.5 95 9.74679
8277.5 81 9
8278.5 95 9.74679
8279.5 92 9.59166
8280.5 93 9.64365
8281.5 100 10
8282.5 85 9.21954
8283.5 100 10
8284.5 99 9.94987
8285.5 95 9.74679
8286.5 75 8.66025
8287.5 94 9.69536
8288.5 118 10.8628
8289.5 84 9.16515
8290.5 89 9.43398
8291.5 101 10.0499
8292.5 115 10.7238
8293.5 109 10.4403
8294.5 95 9.74679
8295.5 96 9.79796
8296.5 97 9.84886
8297.5 97 9.84886
8298.5 97 9.84886
8299.5 110 10.4881
8300.5 97 9.84886
8301.5 86 9.27362
8302.5 76 8.7178
8303.5 88 9.38083
8304.5 93 9.64365
8305.5 104 10.198
8306.5 106 10.2956
8307.5 83 9.11043
8308.5 105 10.247
8309.5 97 9.84886
8310.5 91 9.53939
8311.5 94 9.69536
8312.5 112 10.583
8313.5 109 10.4403
8314.5 96 9.79796
8315.5 97 9.84886
8316.5 110 10.4881
8317.5 123 11.0905
8318.5 108 10.3923
8319.5 74 8.60233
8320.5 84 9.16515
8321.5 81 9
8322.5 121 11
8323.5 100 10
8324.5 98 9.89949
8325.5 93 9.64365
8326.5 85 9.21954
8327.5 109 10.4403
8328.5 100 10
8329.5 103 10.1489
8330.5 110 10.4881
8331.5 79 8.88819
8332.5 74 8.60233
8333.5 98 9.89949
8334.5 97 9.84886
8335.5 96 9.79796
8336.5 87 9.32738
8337.5 94 9.69536
8338.5 102 10.0995
8339.5 100 10
8340.5 92 9.59166
8341.5 93 9.64365
8342.5 125 11.1803
8343.5 88 9.38083
8344.5 98 9.89949
8345.5 103 10.1489
8346.5 101 10.0499
8347.5 96 9.79796
8348.5 86 9.27362
8349.5 99 9.94987
8350.5 116 10.7703
8351.5 105 10.247
8352.5 114 10.6771
8353.5 89 9.43398
8354.5 90 9.48683
8355.5 91 9.53939
8356.5 98 9.89949
8357.5 99 9.94987
8358.5 96 9.79796
8359.5 79 8.88819
8360.5 83 9.11043
8361.5 100 10
8362.5 103 10.1489
8363.5 99 9.94987
8364.5 90 9.48683
8365.5 84 9.16515
8366.5 95 9.74679
8367.5 90 9.48683
8368.5 87 9.32738
8369.5 79 8.88819
8370.5 98 9.89949
8371.5 97 9.84886
8372.5 105 10.247
8373.5 82 9.05539
8374.5 99 9.94987
8375.5 91 9.53939
8376.5 103 10.1489
8377.5 103 10.1489
8378.5 97 9.84886
8379.5 114 10.6771
8380.5 87 9.32738
8381.5 100 10
8382.5 110 10.4881
8383.5 89 9.43398
8384.5 113 10.6301
8385.5 106 10.2956
8386.5 88 9.38083
8387.5 97 9.84886
8388.5 97 9.84886
8389.5 107 10.3441
8390.5 85 9.21954
8391.5 93 9.64365
8392.5 100 10
8393.5 105 10.247
8394.5 93 9.64365
8395.5 101 10.0499
8396.5 110 10.4881
8397.5 109 10.4403
8398.5 103 10.1489
8399.5 107 10.3441
8400.5 96 9.79796
8401.5 102 10.0995
8402.5 95 9.74679
8403.5 94 9.69536
8404.5 95 9.74679
8405.5 108 10.3923
8406.5 104 10.198
8407.5 111 10.5357
8408.5 108 10.3923
8409.5 106 10.2956
8410.5 126 11.225
8411.5 102 10.0995
8412.5 111 10.5357
8413.5 99 9.94987
8414.5 99 9.94987
8415.5 99 9.94987
8416.5 97 9.84886
8417.5 116 10.7703
8418.5 104 10.198
8419.5 107 10.3441
8420.5 85 9.21954
8421.5 89 9.43398
8422.5 100 10
8423.5 102 10.0995
8424.5 113 10.6301
8425.5 111 10.5357
8426.5 114 10.6771
8427.5 108 10.3923
8428.5 97 9.84886
8429.5 105 10.247
8430.5 117 10.8167
8431.5 87 9.32738
8432.5 116 10.7703
8433.5 103 10.1489
8434.5 99 9.94987
8435.5 92 9.59166
8436.5 98 9.89949
8437.5 91 9.53939
8438.5 86 9.27362
8439.5 112 10.583
8440.5 80 8.94427
8441.5 115 10.7238
8442.5 111 10.5357
8443.5 105 10.247
8444.5 88 9.38083
8445.5 83 9.11043
8446.5 110 10.4881
8447.5 103 10.1489
8448.5 101 10.0499
8449.5 85 9.21954
8450.5 96 9.79796
8451.5 98 9.89949
8452.5 104 10.198
8453.5 86 9.27362
8454.5 89 9.43398
8455.5 114 10.6771
8456.5 111 10.5357
8457.5 103 10.1489
8458.5 110 10.4881
8459.5 91 9.53939
8460.5 124 11.1355
8461.5 102 10.0995
8462.5 119 10.9087
8463.5 103 10.1489
8464.5 90 9.48683
8465.5 99 9.94987
8466.5 94 9.69536
8467.5 95 9.74679
8468.5 99 9.94987
8469.5 97 9.84886
8470.5 113 10.6301
8471.5 116 10.7703
8472.5 112 10.583
8473.5 100 10
8474.5 109 10.4403
8475.5 109 10.4403
8476.5 89 9.43398
8477.5 102 10.0995
8478.5 85 9.21954
8479.5 119 10.9087
8480.5 95 9.74679
8481.5 97 9.84886
8482.5 78 8.83176
8483.5 110 10.4881
8484.5 93 9.64365
8485.5 111 10.5357
8486.5 121 11
8487.5 108 10.3923
8488.5 73 8.544
8489.5 106 10.2956
8490.5 117 10.8167
8491.5 104 10.198
8492.5 101 10.0499
8493.5 106 10.2956
8494.5 100 10
8495.5 113 10.6301
8496.5 120 10.9545
8497.5 108 10.3923
8498.5 123 11.0905
8499.5 96 9.79796
8500.5 120 10.9545
8501.5 94 9.69536
8502.5 98 9.89949
8503.5 103 10.1489
8504.5 104 10.198
8505.5 107 10.3441
8506.5 97 9.84886
8507.5 92 9.59166
8508.5 111 10.5357
8509.5 100 10
8510.5 108 10.3923
8511.5 108 10.3923
8512.5 109 10.4403
8513.5 97 9.84886
8514.5 90 9.48683
8515.5 97 9.84886
8516.5 124 11.1355
8517.5 111 10.5357
8518.5 109 10.4403
8519.5 134 11.5758
8520.5 104 10.198
8521.5 103 10.1489
8522.5 110 10.4881
8523.5 118 10.8628
8524.5 89 9.43398
8525.5 109 10.4403
8526.5 93 9.64365
8527.5 100 10
8528.5 111 10.5357
8529.5 123 11.0905
8530.5 111 10.5357
8531.5 95 9.74679
8532.5 102 10.0995
8533.5 96 9.79796
8534.5 104 10.198
8535.5 121 11
8536.5 101 10.0499
8537.5 106 10.2956
8538.5 125 11.1803
8539.5 111 10.5357
8540.5 115 10.7238
8541.5 114 10.6771
8542.5 108 10.3923
8543.5 95 9.74679
8544.5 104 10.198
8545.5 88 9.38083
8546.5 125 11.1803
8547.5 91 9.53939
8548.5 102 10.0995
8549.5 98 9.89949
8550.5 110 10.4881
8551.5 103 10.1489
8552.5 108 10.3923
8553.5 109 10.4403
8554.5 111 10.5357
8555.5 110 10.4881
8556.5 133 11.5326
8557.5 104 10.198
8558.5 114 10.6771
8559.5 110 10.4881
8560.5 97 9.84886
8561.5 102 10.0995
8562.5 110 10.4881
8563.5 111 10.5357
8564.5 104 10.198
8565.5 104 10.198
8566.5 100 10
8567.5 99 9.94987
8568.5 98 9.89949
8569.5 86 9.27362
8570.5 112 10.583
8571.5 95 9.74679
8572.5 125 11.1803
8573.5 104 10.198
8574.5 105 10.247
8575.5 95 9.74679
8576.5 103 10.1489
8577.5 104 10.198
8578.5 117 10.8167
8579.5 104 10.198
8580.5 103 10.1489
8581.5 97 9.84886
8582.5 101 10.0499
8583.5 117 10.8167
8584.5 86 9.27362
8585.5 118 10.8628
8586.5 112 10.583
8587.5 115 10.7238
8588.5 104 10.198
8589.5 129 11.3578
8590.5 103 10.1489
8591.5 101 10.0499
8592.5 103 10.1489
8593.5 102 10.0995
8594.5 101 10.0499
8595.5 96 9.79796
8596.5 95 9.74679
8597.5 122 11.0454
8598.5 112 10.583
8599.5 99 9.94987
8600.5 102 10.0995
8601.5 107 10.3441
8602.5 126 11.225
8603.5 110 10.4881
8604.5 112 10.583
8605.5 92 9.59166
8606.5 131 11.4455
8607.5 124 11.1355
8608.5 100 10
8609.5 107 10.3441
8610.5 102 10.0995
8611.5 112 10.583
8612.5 127 11.2694
8613.5 111 10.5357
8614.5 100 10
8615.5 85 9.21954
8616.5 113 10.6301
8617.5 128 11.3137
8618.5 112 10.583
8619.5 125 11.1803
8620.5 105 10.247
8621.5 98 9.89949
8622.5 117 10.8167
8623.5 119 10.9087
8624.5 115 10.7238
8625.5 111 10.5357
8626.5 118 10.8628
8627.5 76 8.7178
8628.5 95 9.74679
8629.5 120 10.9545
8630.5 127 11.2694
8631.5 119 10.9087
8632.5 113 10.6301
8633.5 119 10.9087
8634.5 112 10.583
8635.5 113 10.6301
8636.5 115 10.7238
8637.5 119 10.9087
8638.5 118 10.8628
8639.5 101 10.0499
8640.5 117 10.8167
8641.5 95 9.74679
8642.5 135 11.619
8643.5 130 11.4018
8644.5 109 10.4403
8645.5 114 10.6771
8646.5 113 10.6301
8647.5 116 10.7703
8648.5 129 11.3578
8649.5 110 10.4881
8650.5 108 10.3923
8651.5 114 10.6771
8652.5 102 10.0995
8653.5 129 11.3578
8654.5 110 10.4881
8655.5 120 10.9545
8656.5 107 10.3441
8657.5 108 10.3923
8658.5 91 9.53939
8659.5 112 10.583
8660.5 113 10.6301
8661.5 124 11.1355
8662.5 117 10.8167
8663.5 133 11.5326
8664.5 109 10.4403
8665.5 108 10.3923
8666.5 116 10.7703
8667.5 117 10.8167
8668.5 106 10.2956
8669.5 105 10.247
8670.5 120 10.9545
8671.5 112 10.583
8672.5 96 9.79796
8673.5 123 11.0905
8674.5 101 10.0499
8675.5 118 10.8628
8676.5 113 10.6301
8677.5 120 10.9545
8678.5 120 10.9545
8679.5 93 9.64365
8680.5 107 10.3441
8681.5 144 12
8682.5 144 12
8683.5 92 9.59166
8684.5 112 10.583
8685.5 101 10.0499
8686.5 114 10.6771
8687.5 110 10.4881
8688.5 121 11
8689.5 105 10.247
8690.5 131 11.4455
8691.5 113 10.6301
8692.5 118 10.8628
8693.5 135 11.619
8694.5 121 11
8695.5 117 10.8167
8696.5 115 10.7238
8697.5 109 10.4403
8698.5 89 9.43398
8699.5 105 10.247
8700.5 114 10.6771
8701.5 98 9.89949
8702.5 112 10.583
8703.5 94 9.69536
8704.5 125 11.1803
8705.5 113 10.6301
8706.5 114 10.6771
8707.5 118 10.8628
8708.5 118 10.8628
8709.5 123 11.0905
8710.5 112 10.583
8711.5 123 11.0905
8712.5 138 11.7473
8713.5 117 10.8167
8714.5 124 11.1355
8715.5 113 10.6301
8716.5 121 11
8717.5 115 10.7238
8718.5 122 11.0454
8719.5 109 10.4403
8720.5 127 11.2694
8721.5 120 10.9545
8722.5 113 10.6301
8723.5 120 10.9545
8724.5 123 11.0905
8725.5 136 11.6619
8726.5 104 10.198
8727.5 128 11.3137
8728.5 127 11.2694
8729.5 111 10.5357
8730.5 106 10.2956
8731.5 118 10.8628
8732.5 117 10.8167
8733.5 112 10.583
8734.5 118 10.8628
8735.5 110 10.4881
8736.5 111 10.5357
8737.5 122 11.0454
8738.5 124 11.1355
8739.5 128 11.3137
8740.5 120 10.9545
8741.5 120 10.9545
8742.5 109 10.4403
8743.5 114 10.6771
8744.5 114 10.6771
8745.5 103 10.1489
8746.5 130 11.4018
8747.5 107 10.3441
8748.5 116 10.7703
8749.5 102 10.0995
8750.5 120 10.9545
8751.5 113 10.6301
8752.5 123 11.0905
8753.5 121 11
8754.5 126 11.225
8755.5 105 10.247
8756.5 122 11.0454
8757.5 107 10.3441
8758.5 137 11.7047
8759.5 136 11.6619
8760.5 112 10.583
8761.5 135 11.619
8762.5 116 10.7703
8763.5 127 11.2694
8764.5 101 10.0499
8765.5 110 10.4881
8766.5 126 11.225
8767.5 107 10.3441
8768.5 112 10.583
8769.5 128 11.3137
8770.5 123 11.0905
8771.5 120 10.9545
8772.5 148 12.1655
8773.5 141 11.8743
8774.5 126 11.225
8775.5 104 10.198
8776.5 125 11.1803
8777.5 98 9.89949
8778.5 119 10.9087
8779.5 125 11.1803
8780.5 124 11.1355
8781.5 126 11.225
8782.5 147 12.1244
8783.5 110 10.4881
8784.5 104 10.198
8785.5 134 11.5758
8786.5 123 11.0905
8787.5 117 10.8167
8788.5 115 10.7238
8789.5 111 10.5357
8790.5 111 10.5357
8791.5 129 11.3578
8792.5 131 11.4455
8793.5 126 11.225
8794.5 130 11.4018
8795.5 134 11.5758
8796.5 134 11.5758
8797.5 111 10.5357
8798.5 112 10.583
8799.5 129 11.3578
8800.5 113 10.6301
8801.5 115 10.7238
8802.5 120 10.9545
8803.5 123 11.0905
8804.5 122 11.0454
8805.5 141 11.8743
8806.5 129 11.3578
8807.5 113 10.6301
8808.5 126 11.225
8809.5 127 11.2694
8810.5 120 10.9545
8811.5 127 11.2694
8812.5 134 11.5758
8813.5 126 11.225
8814.5 118 10.8628
8815.5 100 10
8816.5 130 11.4018
8817.5 125 11.1803
8818.5 103 10.1489
8819.5 131 11.4455
8820.5 127 11.2694
8821.5 136 11.6619
8822.5 115 10.7238
8823.5 116 10.7703
8824.5 110 10.4881
8825.5 116 10.7703
8826.5 122 11.0454
8827.5 111 10.5357
8828.5 128 11.3137
8829.5 136 11.6619
8830.5 126 11.225
8831.5 122 11.0454
8832.5 122 11.0454
8833.5 137 11.7047
8834.5 119 10.9087
8835.5 109 10.4403
8836.5 124 11.1355
8837.5 121 11
8838.5 133 11.5326
8839.5 110 10.4881
8840.5 128 11.3137
8841.5 138 11.7473
8842.5 131 11.4455
8843.5 134 11.5758
8844.5 124 11.1355
8845.5 122 11.0454
8846.5 129 11.3578
8847.5 133 11.5326
8848.5 120 10.9545
8849.5 152 12.3288
8850.5 124 11.1355
8851.5 147 12.1244
8852.5 130 11.4018
8853.5 140 11.8322
8854.5 118 10.8628
8855.5 142 11.9164
8856.5 122 11.0454
8857.5 114 10.6771
8858.5 138 11.7473
8859.5 116 10.7703
8860.5 143 11.9583
8861.5 144 12
8862.5 136 11.6619
8863.5 131 11.4455
8864.5 129 11.3578
8865.5 138 11.7473
8866.5 139 11.7898
8867.5 124 11.1355
8868.5 134 11.5758
8869.5 126 11.225
8870.5 130 11.4018
8871.5 115 10.7238
8872.5 121 11
8873.5 129 11.3578
8874.5 124 11.1355
8875.5 151 12.2882
8876.5 134 11.5758
8877.5 116 10.7703
8878.5 132 11.4891
8879.5 119 10.9087
8880.5 114 10.6771
8881.5 124 11.1355
8882.5 123 11.0905
8883.5 116 10.7703
8884.5 131 11.4455
8885.5 135 11.619
8886.5 120 10.9545
8887.5 136 11.6619
8888.5 111 10.5357
8889.5 140 11.8322
8890.5 150 12.2474
8891.5 144 12
8892.5 136 11.6619
8893.5 118 10.8628
8894.5 141 11.8743
8895.5 124 11.1355
8896.5 120 10.9545
8897.5 132 11.4891
8898.5 145 12.0416
8899.5 132 11.4891
8900.5 136 11.6619
8901.5 120 10.9545
8902.5 151 12.2882
8903.5 126 11.225
8904.5 143 11.9583
8905.5 131 11.4455
8906.5 120 10.9545
8907.5 137 11.7047
8908.5 111 10.5357
8909.5 145 12.0416
8910.5 124 11.1355
8911.5 146 12.083
8912.5 145 12.0416
8913.5 121 11
8914.5 136 11.6619
8915.5 133 11.5326
8916.5 139 11.7898
8917.5 126 11.225
8918.5 115 10.7238
8919.5 142 11.9164
8920.5 139 11.7898
8921.5 114 10.6771
8922.5 153 12.3693
8923.5 128 11.3137
8924.5 128 11.3137
8925.5 142 11.9164
8926.5 133 11.5326
8927.5 143 11.9583
8928.5 128 11.3137
8929.5 129 11.3578
8930.5 149 12.2066
8931.5 134 11.5758
8932.5 129 11.3578
8933.5 135 11.619
8934.5 134 11.5758
8935.5 136 11.6619
8936.5 146 12.083
8937.5 138 11.7473
8938.5 148 12.1655
8939.5 127 11.2694
8940.5 147 12.1244
8941.5 147 12.1244
8942.5 133 11.5326
8943.5 128 11.3137
8944.5 129 11.3578
8945.5 142 11.9164
8946.5 138 11.7473
8947.5 130 11.4018
8948.5 162 12.7279
8949.5 136 11.6619
8950.5 132 11.4891
8951.5 152 12.3288
8952.5 157 12.53
8953.5 132 11.4891
8954.5 120 10.9545
8955.5 129 11.3578
8956.5 124 11.1355
8957.5 122 11.0454
8958.5 137 11.7047
8959.5 130 11.4018
8960.5 121 11
8961.5 129 11.3578
8962.5 130 11.4018
8963.5 130 11.4018
8964.5 120 10.9545
8965.5 150 12.2474
8966.5 115 10.7238
8967.5 134 11.5758
8968.5 142 11.9164
8969.5 116 10.7703
8970.5 128 11.3137
8971.5 147 12.1244
8972.5 138 11.7473
8973.5 152 12.3288
8974.5 137 11.7047
8975.5 147 12.1244
8976.5 138 11.7473
8977.5 131 11.4455
8978.5 132 11.4891
8979.5 150 12.2474
8980.5 138 11.7473
8981.5 119 10.9087
8982.5 141 11.8743
8983.5 156 12.49
8984.5 168 12.9615
8985.5 142 11.9164
8986.5 117 10.8167
8987.5 174 13.1909
8988.5 120 10.9545
8989.5 156 12.49
8990.5 140 11.8322
8991.5 164 12.8062
8992.5 161 12.6886
8993.5 119 10.9087
8994.5 136 11.6619
8995.5 144 12
8996.5 150 12.2474
8997.5 153 12.3693
8998.5 122 11.0454
8999.5 152 12.3288
9000.5 138 11.7473
9001.5 131 11.4455
9002.5 124 11.1355
9003.5 130 11.4018
9004.5 128 11.3137
9005.5 139 11.7898
9006.5 126 11.225
9007.5 135 11.619
9008.5 148 12.1655
9009.5 138 11.7473
9010.5 135 11.619
9011.5 113 10.6301
9012.5 147 12.1244
9013.5 148 12.1655
9014.5 125 11.1803
9015.5 136 11.6619
9016.5 147 12.1244
9017.5 148 12.1655
9018.5 152 12.3288
9019.5 129 11.3578
9020.5 131 11.4455
9021.5 127 11.2694
9022.5 142 11.9164
9023.5 123 11.0905
9024.5 163 12.7671
9025.5 123 11.0905
9026.5 133 11.5326
9027.5 124 11.1355
9028.5 143 11.9583
9029.5 157 12.53
9030.5 156 12.49
9031.5 154 12.4097
9032.5 142 11.9164
9033.5 140 11.8322
9034.5 128 11.3137
9035.5 168 12.9615
9036.5 146 12.083
9037.5 130 11.4018
9038.5 128 11.3137
9039.5 142 11.9164
9040.5 142 11.9164
9041.5 150 12.2474
9042.5 136 11.6619
9043.5 132 11.4891
9044.5 140 11.8322
9045.5 146 12.083
9046.5 143 11.9583
9047.5 133 11.5326
9048.5 153 12.3693
9049.5 147 12.1244
9050.5 134 11.5758
9051.5 141 11.8743
9052.5 173 13.1529
9053.5 135 11.619
9054.5 147 12.1244
9055.5 135 11.619
9056.5 142 11.9164
9057.5 140 11.8322
9058.5 156 12.49
9059.5 128 11.3137
9060.5 168 12.9615
9061.5 164 12.8062
9062.5 119 10.9087
9063.5 133 11.5326
9064.5 131 11.4455
9065.5 142 11.9164
9066.5 168 12.9615
9067.5 157 12.53
9068.5 155 12.4499
9069.5 145 12.0416
9070.5 145 12.0416
9071.5 142 11.9164
9072.5 155 12.4499
9073.5 154 12.4097
9074.5 158 12.5698
9075.5 122 11.0454
9076.5 138 11.7473
9077.5 149 12.2066
9078.5 166 12.8841
9079.5 155 12.4499
9080.5 150 12.2474
9081.5 135 11.619
9082.5 126 11.225
9083.5 150 12.2474
9084.5 150 12.2474
9085.5 148 12.1655
9086.5 149 12.2066
9087.5 154 12.4097
9088.5 162 12.7279
9089.5 148 12.1655
9090.5 144 12
9091.5 149 12.2066
9092.5 129 11.3578
9093.5 143 11.9583
9094.5 126 11.225
9095.5 146 12.083
9096.5 151 12.2882
9097.5 148 12.1655
9098.5 153 12.3693
9099.5 150 12.2474
9100.5 154 12.4097
9101.5 144 12
9102.5 137 11.7047
9103.5 138 11.7473
9104.5 189 13.7477
9105.5 138 11.7473
9106.5 157 12.53
9107.5 152 12.3288
9108.5 148 12.1655
9109.5 139 11.7898
9110.5 133 11.5326
9111.5 157 12.53
9112.5 150 12.2474
9113.5 148 12.1655
9114.5 148 12.1655
9115.5 160 12.6491
9116.5 144 12
9117.5 168 12.9615
9118.5 155 12.4499
9119.5 154 12.4097
9120.5 151 12.2882
9121.5 141 11.8743
9122.5 171 13.0767
9123.5 166 12.8841
9124.5 161 12.6886
9125.5 155 12.4499
9126.5 177 13.3041
9127.5 141 11.8743
9128.5 134 11.5758
9129.5 140 11.8322
9130.5 150 12.2474
9131.5 155 12.4499
9132.5 160 12.6491
9133.5 137 11.7047
9134.5 141 11.8743
9135.5 149 12.2066
9136.5 155 12.4499
9137.5 149 12.2066
9138.5 168 12.9615
9139.5 139 11.7898
9140.5 145 12.0416
9141.5 146 12.083
9142.5 155 12.4499
9143.5 137 11.7047
9144.5 127 11.2694
9145.5 158 12.5698
9146.5 149 12.2066
9147.5 141 11.8743
9148.5 183 13.5277
9149.5 142 11.9164
9150.5 159 12.6095
9151.5 187 13.6748
9152.5 174 13.1909
9153.5 154 12.4097
9154.5 145 12.0416
9155.5 146 12.083
9156.5 143 11.9583
9157.5 163 12.7671
9158.5 141 11.8743
9159.5 156 12.49
9160.5 149 12.2066
9161.5 143 11.9583
9162.5 161 12.6886
9163.5 144 12
9164.5 171 13.0767
9165.5 160 12.6491
9166.5 147 12.1244
9167.5 148 12.1655
9168.5 155 12.4499
9169.5 164 12.8062
9170.5 165 12.8452
9171.5 148 12.1655
9172.5 150 12.2474
9173.5 145 12.0416
9174.5 153 12.3693
9175.5 152 12.3288
9176.5 184 13.5647
9177.5 137 11.7047
9178.5 159 12.6095
9179.5 163 12.7671
9180.5 140 11.8322
9181.5 158 12.5698
9182.5 141 11.8743
9183.5 155 12.4499
9184.5 159 12.6095
9185.5 137 11.7047
9186.5 148 12.1655
9187.5 171 13.0767
9188.5 150 12.2474
9189.5 154 12.4097
9190.5 141 11.8743
9191.5 164 12.8062
9192.5 146 12.083
9193.5 151 12.2882
9194.5 162 12.7279
9195.5 123 11.0905
9196.5 157 12.53
9197.5 155 12.4499
9198.5 150 12.2474
9199.5 167 12.9228
9200.5 149 12.2066
9201.5 155 12.4499
9202.5 143 11.9583
9203.5 134 11.5758
9204.5 153 12.3693
9205.5 150 12.2474
9206.5 155 12.4499
9207.5 137 11.7047
9208.5 149 12.2066
9209.5 156 12.49
9210.5 157 12.53
9211.5 164 12.8062
9212.5 158 12.5698
9213.5 147 12.1244
9214.5 162 12.7279
9215.5 148 12.1655
9216.5 156 12.49
9217.5 153 12.3693
9218.5 151 12.2882
9219.5 162 12.7279
9220.5 139 11.7898
9221.5 139 11.7898
9222.5 154 12.4097
9223.5 147 12.1244
9224.5 153 12.3693
9225.5 152 12.3288
9226.5 155 12.4499
9227.5 159 12.6095
9228.5 169 13
9229.5 160 12.6491
9230.5 155 12.4499
9231.5 168 12.9615
9232.5 161 12.6886
9233.5 141 11.8743
9234.5 150 12.2474
9235.5 149 12.2066
9236.5 156 12.49
9237.5 140 11.8322
9238.5 166 12.8841
9239.5 143 11.9583
9240.5 142 11.9164
9241.5 132 11.4891
9242.5 138 11.7473
9243.5 150 12.2474
9244.5 138 11.7473
9245.5 155 12.4499
9246.5 135 11.619
9247.5 141 11.8743
9248.5 151 12.2882
9249.5 156 12.49
9250.5 136 11.6619
9251.5 138 11.7473
9252.5 130 11.4018
9253.5 149 12.2066
9254.5 127 11.2694
9255.5 132 11.4891
9256.5 119 10.9087
9257.5 117 10.8167
9258.5 141 11.8743
9259.5 130 11.4018
9260.5 122 11.0454
9261.5 152 12.3288
9262.5 113 10.6301
9263.5 131 11.4455
9264.5 121 11
9265.5 129 11.3578
9266.5 146 12.083
9267.5 127 11.2694
9268.5 116 10.7703
9269.5 130 11.4018
9270.5 131 11.4455
9271.5 133 11.5326
9272.5 122 11.0454
9273.5 107 10.3441
9274.5 123 11.0905
9275.5 129 11.3578
9276.5 112 10.583
9277.5 131 11.4455
9278.5 125 11.1803
9279.5 121 11
9280.5 119 10.9087
9281.5 104 10.198
9282.5 111 10.5357
9283.5 124 11.1355
9284.5 123 11.0905
9285.5 104 10.198
9286.5 101 10.0499
9287.5 118 10.8628
9288.5 97 9.84886
9289.5 120 10.9545
9290.5 108 10.3923
9291.5 108 10.3923
9292.5 103 10.1489
9293.5 122 11.0454
9294.5 96 9.79796
9295.5 107 10.3441
9296.5 103 10.1489
9297.5 116 10.7703
9298.5 96 9.79796
9299.5 128 11.3137
9300.5 92 9.59166
9301.5 86 9.27362
9302.5 106 10.2956
9303.5 99 9.94987
9304.5 91 9.53939
9305.5 90 9.48683
9306.5 107 10.3441
9307.5 89 9.43398
9308.5 94 9.69536
9309.5 113 10.6301
9310.5 89 9.43398
9311.5 83 9.11043
9312.5 89 9.43398
9313.5 102 10.0995
9314.5 115 10.7238
9315.5 93 9.64365
9316.5 106 10.2956
9317.5 107 10.3441
9318.5 94 9.69536
9319.5 75 8.66025
9320.5 98 9.89949
9321.5 86 9.27362
9322.5 91 9.53939
9323.5 107 10.3441
9324.5 89 9.43398
9325.5 97 9.84886
9326.5 85 9.21954
9327.5 104 10.198
9328.5 83 9.11043
9329.5 108 10.3923
9330.5 100 10
9331.5 96 9.79796
9332.5 91 9.53939
9333.5 83 9.11043
9334.5 79 8.88819
9335.5 87 9.32738
9336.5 116 10.7703
9337.5 97 9.84886
9338.5 109 10.4403
9339.5 82 9.05539
9340.5 97 9.84886
9341.5 93 9.64365
9342.5 105 10.247
9343.5 115 10.7238
9344.5 106 10.2956
9345.5 84 9.16515
9346.5 84 9.16515
9347.5 86 9.27362
9348.5 83 9.11043
9349.5 99 9.94987
9350.5 86 9.27362
9351.5 103 10.1489
9352.5 103 10.1489
9353.5 93 9.64365
9354.5 119 10.9087
9355.5 105 10.247
9356.5 91 9.53939
9357.5 102 10.0995
9358.5 85 9.21954
9359.5 98 9.89949
9360.5 101 10.0499
9361.5 95 9.74679
9362.5 81 9
9363.5 87 9.32738
9364.5 98 9.89949
9365.5 103 10.1489
9366.5 86 9.27362
9367.5 89 9.43398
9368.5 99 9.94987
9369.5 103 10.1489
9370.5 100 10
9371.5 100 10
9372.5 111 10.5357
9373.5 93 9.64365
9374.5 95 9.74679
9375.5 102 10.0995
9376.5 93 9.64365
9377.5 116 10.7703
9378.5 100 10
9379.5 97 9.84886
9380.5 93 9.64365
9381.5 81 9
9382.5 92 9.59166
9383.5 82 9.05539
9384.5 84 9.16515
9385.5 81 9
9386.5 107 10.3441
9387.5 85 9.21954
9388.5 95 9.74679
9389.5 87 9.32738
9390.5 73 8.544
9391.5 83 9.11043
9392.5 87 9.32738
9393.5 78 8.83176
9394.5 107 10.3441
9395.5 85 9.21954
9396.5 93 9.64365
9397.5 92 9.59166
9398.5 91 9.53939
9399.5 86 9.27362
9400.5 93 9.64365
9401.5 94 9.69536
9402.5 73 8.544
9403.5 89 9.43398
9404.5 92 9.59166
9405.5 71 8.42615
9406.5 85 9.21954
9407.5 70 8.3666
9408.5 72 8.48528
9409.5 103 10.1489
9410.5 72 8.48528
9411.5 79 8.88819
9412.5 95 9.74679
9413.5 87 9.32738
9414.5 91 9.53939
9415.5 75 8.66025
9416.5 95 9.74679
9417.5 93 9.64365
9418.5 103 10.1489
9419.5 104 10.198
9420.5 80 8.94427
9421.5 75 8.66025
9422.5 78 8.83176
9423.5 96 9.79796
9424.5 70 8.3666
9425.5 84 9.16515
9426.5 88 9.38083
9427.5 95 9.74679
9428.5 106 10.2956
9429.5 86 9.27362
9430.5 105 10.247
9431.5 86 9.27362
9432.5 86 9.27362
9433.5 81 9
9434.5 83 9.11043
9435.5 85 9.21954
9436.5 100 10
9437.5 91 9.53939
9438.5 86 9.27362
9439.5 77 8.77496
9440.5 92 9.59166
9441.5 95 9.74679
9442.5 83 9.11043
9443.5 72 8.48528
9444.5 95 9.74679
9445.5 83 9.11043
9446.5 92 9.59166
9447.5 82 9.05539
9448.5 108 10.3923
9449.5 86 9.27362
9450.5 91 9.53939
9451.5 83 9.11043
9452.5 77 8.77496
9453.5 81 9
9454.5 94 9.69536
9455.5 73 8.544
9456.5 82 9.05539
9457.5 78 8.83176
9458.5 87 9.32738
9459.5 95 9.74679
9460.5 85 9.21954
9461.5 95 9.74679
9462.5 82 9.05539
9463.5 105 10.247
9464.5 91 9.53939
9465.5 95 9.74679
9466.5 78 8.83176
9467.5 87 9.32738
9468.5 88 9.38083
9469.5 82 9.05539
9470.5 97 9.84886
9471.5 88 9.38083
9472.5 84 9.16515
9473.5 94 9.69536
9474.5 81 9
9475.5 86 9.27362
9476.5 89 9.43398
9477.5 89 9.43398
9478.5 78 8.83176
9479.5 88 9.38083
9480.5 74 8.60233
9481.5 86 9.27362
9482.5 80 8.94427
9483.5 80 8.94427
9484.5 92 9.59166
9485.5 75 8.66025
9486.5 97 9.84886
9487.5 77 8.77496
9488.5 91 9.53939
9489.5 76 8.7178
9490.5 81 9
9491.5 80 8.94427
9492.5 97 9.84886
9493.5 76 8.7178
9494.5 75 8.66025
9495.5 78 8.83176
9496.5 91 9.53939
9497.5 81 9
9498.5 85 9.21954
9499.5 82 9.05539
9500.5 71 8.42615
9501.5 93 9.64365
9502.5 86 9.27362
9503.5 85 9.21954
9504.5 86 9.27362
9505.5 96 9.79796
9506.5 86 9.27362
9507.5 83 9.11043
9508.5 90 9.48683
9509.5 76 8.7178
9510.5 84 9.16515
9511.5 87 9.32738
9512.5 78 8.83176
9513.5 90 9.48683
9514.5 83 9.11043
9515.5 69 8.30662
9516.5 60 7.74597
9517.5 72 8.48528
9518.5 85 9.21954
9519.5 87 9.32738
9520.5 82 9.05539
9521.5 92 9.59166
9522.5 75 8.66025
9523.5 84 9.16515
9524.5 91 9.53939
9525.5 82 9.05539
9526.5 77 8.77496
9527.5 57 7.54983
9528.5 86 9.27362
9529.5 73 8.544
9530.5 66 8.12404
9531.5 82 9.05539
9532.5 76 8.7178
9533.5 97 9.84886
9534.5 77 8.77496
9535.5 64 8
9536.5 93 9.64365
9537.5 78 8.83176
9538.5 77 8.77496
9539.5 80 8.94427
9540.5 77 8.77496
9541.5 88 9.38083
9542.5 87 9.32738
9543.5 71 8.42615
9544.5 99 9.94987
9545.5 81 9
9546.5 74 8.60233
9547.5 66 8.12404
9548.5 87 9.32738
9549.5 80 8.94427
9550.5 75 8.66025
9551.5 63 7.93725
9552.5 73 8.544
9553.5 61 7.81025
9554.5 69 8.30662
9555.5 72 8.48528
9556.5 76 8.7178
9557.5 74 8.60233
9558.5 70 8.3666
9559.5 55 7.4162
9560.5 65 8.06226
9561.5 62 7.87401
9562.5 80 8.94427
9563.5 73 8.544
9564.5 84 9.16515
9565.5 83 9.11043
9566.5 71 8.42615
9567.5 80 8.94427
9568.5 93 9.64365
9569.5 60 7.74597
9570.5 78 8.83176
9571.5 73 8.544
9572.5 73 8.544
9573.5 67 8.18535
9574.5 71 8.42615
9575.5 71 8.42615
9576.5 87 9.32738
9577.5 71 8.42615
9578.5 76 8.7178
9579.5 70 8.3666
9580.5 75 8.66025
9581.5 77 8.77496
9582.5 65 8.06226
9583.5 66 8.12404
9584.5 95 9.74679
9585.5 84 9.16515
9586.5 85 9.21954
9587.5 75 8.66025
9588.5 67 8.18535
9589.5 78 8.83176
9590.5 73 8.544
9591.5 71 8.42615
9592.5 84 9.16515
9593.5 66 8.12404
9594.5 75 8.66025
9595.5 76 8.7178
9596.5 66 8.12404
9597.5 76 8.7178
9598.5 64 8
9599.5 82 9.05539
9600.5 74 8.60233
9601.5 82 9.05539
9602.5 79 8.88819
9603.5 81 9
9604.5 62 7.87401
9605.5 68 8.24621
9606.5 69 8.30662
9607.5 65 8.06226
9608.5 64 8
9609.5 58 7.61577
9610.5 71 8.42615
9611.5 65 8.06226
9612.5 78 8.83176
9613.5 74 8.60233
9614.5 93 9.64365
9615.5 66 8.12404
9616.5 76 8.7178
9617.5 82 9.05539
9618.5 73 8.544
9619.5 76 8.7178
9620.5 61 7.81025
9621.5 83 9.11043
9622.5 81 9
9623.5 83 9.11043
9624.5 81 9
9625.5 70 8.3666
9626.5 72 8.48528
9627.5 65 8.06226
9628.5 64 8
9629.5 60 7.74597
9630.5 76 8.7178
9631.5 81 9
9632.5 63 7.93725
9633.5 60 7.74597
9634.5 85 9.21954
9635.5 76 8.7178
9636.5 67 8.18535
9637.5 75 8.66025
9638.5 86 9.27362
9639.5 54 7.34847
9640.5 71 8.42615
9641.5 59 7.68115
9642.5 73 8.544
9643.5 64 8
9644.5 70 8.3666
9645.5 83 9.11043
9646.5 74 8.60233
9647.5 71 8.42615
9648.5 74 8.60233
9649.5 58 7.61577
9650.5 63 7.93725
9651.5 62 7.87401
9652.5 57 7.54983
9653.5 61 7.81025
9654.5 77 8.77496
9655.5 58 7.61577
9656.5 70 8.3666
9657.5 82 9.05539
9658.5 70 8.3666
9659.5 60 7.74597
9660.5 55 7.4162
9661.5 60 7.74597
9662.5 70 8.3666
9663.5 53 7.28011
9664.5 60 7.74597
9665.5 60 7.74597
9666.5 71 8.42615
9667.5 57 7.54983
9668.5 65 8.06226
9669.5 60 7.74597
9670.5 78 8.83176
9671.5 68 8.24621
9672.5 68 8.24621
9673.5 61 7.81025
9674.5 58 7.61577
9675.5 49 7
9676.5 72 8.48528
9677.5 57 7.54983
9678.5 66 8.12404
9679.5 68 8.24621
9680.5 63 7.93725
9681.5 67 8.18535
9682.5 54 7.34847
9683.5 55 7.4162
9684.5 64 8
9685.5 55 7.4162
9686.5 56 7.48331
9687.5 69 8.30662
9688.5 77 8.77496
9689.5 54 7.34847
9690.5 76 8.7178
9691.5 58 7.61577
9692.5 58 7.61577
9693.5 68 8.24621
9694.5 58 7.61577
9695.5 64 8
9696.5 55 7.4162
9697.5 70 8.3666
9698.5 64 8
9699.5 53 7.28011
9700.5 72 8.48528
9701.5 63 7.93725
9702.5 67 8.18535
9703.5 66 8.12404
9704.5 55 7.4162
9705.5 55 7.4162
9706.5 47 6.85565
9707.5 71 8.42615
9708.5 56 7.48331
9709.5 43 6.55744
9710.5 52 7.2111
9711.5 57 7.54983
9712.5 63 7.93725
9713.5 64 8
9714.5 59 7.68115
9715.5 65 8.06226
9716.5 61 7.81025
9717.5 54 7.34847
9718.5 56 7.48331
9719.5 58 7.61577
9720.5 56 7.48331
9721.5 67 8.18535
9722.5 55 7.4162
9723.5 60 7.74597
9724.5 53 7.28011
9725.5 59 7.68115
9726.5 58 7.61577
9727.5 58 7.61577
9728.5 45 6.7082
9729.5 59 7.68115
9730.5 67 8.18535
9731.5 57 7.54983
9732.5 59 7.68115
9733.5 42 6.48074
9734.5 66 8.12404
9735.5 61 7.81025
9736.5 49 7
9737.5 60 7.74597
9738.5 49 7
9739.5 61 7.81025
9740.5 51 7.14143
9741.5 55 7.4162
9742.5 58 7.61577
9743.5 52 7.2111
9744.5 57 7.54983
9745.5 45 6.7082
9746.5 44 6.63325
9747.5 51 7.14143
9748.5 49 7
9749.5 50 7.07107
9750.5 45 6.7082
9751.5 50 7.07107
9752.5 49 7
9753.5 49 7
9754.5 57 7.54983
9755.5 61 7.81025
9756.5 55 7.4162
9757.5 55 7.4162
9758.5 50 7.07107
9759.5 55 7.4162
9760.5 54 7.34847
9761.5 59 7.68115
9762.5 53 7.28011
9763.5 49 7
9764.5 51 7.14143
9765.5 55 7.4162
9766.5 41 6.40312
9767.5 46 6.78233
9768.5 47 6.85565
9769.5 41 6.40312
9770.5 53 7.28011
9771.5 56 7.48331
9772.5 43 6.55744
9773.5 52 7.2111
9774.5 53 7.28011
9775.5 48 6.9282
9776.5 46 6.78233
9777.5 51 7.14143
9778.5 45 6.7082
9779.5 48 6.9282
9780.5 28 5.2915
9781.5 60 7.74597
9782.5 44 6.63325
9783.5 37 6.08276
9784.5 65 8.06226
9785.5 39 6.245
9786.5 47 6.85565
9787.5 43 6.55744
9788.5 42 6.48074
9789.5 48 6.9282
9790.5 46 6.78233
9791.5 40 6.32456
9792.5 50 7.07107
9793.5 41 6.40312
9794.5 53 7.28011
9795.5 59 7.68115
9796.5 47 6.85565
9797.5 47 6.85565
9798.5 45 6.7082
9799.5 39 6.245
9800.5 48 6.9282
9801.5 36 6
9802.5 33 5.74456
9803.5 49 7
9804.5 59 7.68115
9805.5 40 6.32456
9806.5 51 7.14143
9807.5 29 5.38516
9808.5 36 6
9809.5 26 5.09902
9810.5 49 7
9811.5 59 7.68115
9812.5 46 6.78233
9813.5 45 6.7082
9814.5 35 5.91608
9815.5 38 6.16441
9816.5 30 5.47723
9817.5 40 6.32456
9818.5 44 6.63325
9819.5 42 6.48074
9820.5 46 6.78233
9821.5 45 6.7082
9822.5 28 5.2915
9823.5 44 6.63325
9824.5 38 6.16441
9825.5 44 6.63325
9826.5 41 6.40312
9827.5 41 6.40312
9828.5 34 5.83095
9829.5 36 6
9830.5 34 5.83095
9831.5 29 5.38516
9832.5 54 7.34847
9833.5 27 5.19615
9834.5 40 6.32456
9835.5 36 6
9836.5 52 7.2111
9837.5 26 5.09902
9838.5 41 6.40312
9839.5 40 6.32456
9840.5 33 5.74456
9841.5 32 5.65685
9842.5 51 7.14143
9843.5 39 6.245
9844.5 34 5.83095
9845.5 36 6
9846.5 34 5.83095
9847.5 36 6
9848.5 38 6.16441
9849.5 30 5.47723
9850.5 29 5.38516
9851.5 38 6.16441
9852.5 31 5.56776
9853.5 37 6.08276
9854.5 46 6.78233
9855.5 39 6.245
9856.5 44 6.63325
9857.5 40 6.32456
9858.5 48 6.9282
9859.5 33 5.74456
9860.5 33 5.74456
9861.5 43 6.55744
9862.5 33 5.74456
9863.5 30 5.47723
9864.5 26 5.09902
9865.5 32 5.65685
9866.5 31 5.56776
9867.5 47 6.85565
9868.5 23 4.79583
9869.5 40 6.32456
9870.5 39 6.245
9871.5 42 6.48074
9872.5 34 5.83095
9873.5 32 5.65685
9874.5 31 5.56776
9875.5 37 6.08276
9876.5 23 4.79583
9877.5 37 6.08276
9878.5 43 6.55744
9879.5 28 5.2915
9880.5 36 6
9881.5 34 5.83095
9882.5 30 5.47723
9883.5 34 5.83095
9884.5 23 4.79583
9885.5 31 5.56776
9886.5 41 6.40312
9887.5 24 4.89898
9888.5 21 4.58258
9889.5 29 5.38516
9890.5 24 4.89898
9891.5 41 6.40312
9892.5 33 5.74456
9893.5 35 5.91608
9894.5 26 5.09902
9895.5 24 4.89898
9896.5 34 5.83095
9897.5 37 6.08276
9898.5 33 5.74456
9899.5 35 5.91608
9900.5 37 6.08276
9901.5 31 5.56776
9902.5 36 6
9903.5 33 5.74456
9904.5 35 5.91608
9905.5 43 6.55744
9906.5 27 5.19615
9907.5 29 5.38516
9908.5 20 4.47214
9909.5 26 5.09902
9910.5 44 6.63325
9911.5 27 5.19615
9912.5 38 6.16441
9913.5 26 5.09902
9914.5 28 5.2915
9915.5 35 5.91608
9916.5 34 5.83095
9917.5 24 4.89898
9918.5 25 5
9919.5 34 5.83095
9920.5 30 5.47723
9921.5 29 5.38516
9922.5 24 4.89898
9923.5 28 5.2915
9924.5 27 5.19615
9925.5 37 6.08276
9926.5 21 4.58258
9927.5 29 5.38516
9928.5 27 5.19615
9929.5 27 5.19615
9930.5 15 3.87298
9931.5 28 5.2915
9932.5 27 5.19615
9933.5 29 5.38516
9934.5 30 5.47723
9935.5 22 4.69042
9936.5 23 4.79583
9937.5 29 5.38516
9938.5 25 5
9939.5 25 5
9940.5 21 4.58258
9941.5 31 5.56776
9942.5 16 4
9943.5 34 5.83095
9944.5 28 5.2915
9945.5 36 6
9946.5 29 5.38516
9947.5 19 4.3589
9948.5 27 5.19615
9949.5 30 5.47723
9950.5 24 4.89898
9951.5 22 4.69042
9952.5 23 4.79583
9953.5 18 4.24264
9954.5 32 5.65685
9955.5 25 5
9956.5 30 5.47723
9957.5 25 5
9958.5 35 5.91608
9959.5 31 5.56776
9960.5 22 4.69042
9961.5 29 5.38516
9962.5 25 5
9963.5 28 5.2915
9964.5 19 4.3589
9965.5 19 4.3589
9966.5 23 4.79583
9967.5 21 4.58258
9968.5 30 5.47723
9969.5 19 4.3589
9970.5 25 5
9971.5 25 5
9972.5 22 4.69042
9973.5 24 4.89898
9974.5 20 4.47214
9975.5 28 5.2915
9976.5 24 4.89898
9977.5 25 5
9978.5 26 5.09902
9979.5 23 4.79583
9980.5 25 5
9981.5 20 4.47214
9982.5 30 5.47723
9983.5 26 5.09902
9984.5 20 4.47214
9985.5 28 5.2915
9986.5 30 5.47723
9987.5 26 5.09902
9988.5 26 5.09902
9989.5 31 5.56776
9990.5 30 5.47723
9991.5 17 4.12311
9992.5 28 5.2915
9993.5 23 4.79583
9994.5 40 6.32456
9995.5 19 4.3589
9996.5 24 4.89898
9997.5 17 4.12311
9998.5 35 5.91608
9999.5 22 4.69042
10000.5 31 5.56776
10001.5 29 5.38516
10002.5 27 5.19615
10003.5 26 5.09902
10004.5 25 5
10005.5 23 4.79583
10006.5 24 4.89898
10007.5 28 5.2915
10008.5 24 4.89898
10009.5 28 5.2915
10010.5 26 5.09902
10011.5 29 5.38516
10012.5 26 5.09902
10013.5 33 5.74456
10014.5 25 5
10015.5 24 4.89898
10016.5 19 4.3589
10017.5 24 4.89898
10018.5 20 4.47214
10019.5 21 4.58258
10020.5 20 4.47214
10021.5 29 5.38516
10022.5 24 4.89898
10023.5 16 4
10024.5 13 3.60555
10025.5 28 5.2915
10026.5 19 4.3589
10027.5 16 4
10028.5 21 4.58258
10029.5 22 4.69042
10030.5 31 5.56776
10031.5 20 4.47214
10032.5 15 3.87298
10033.5 21 4.58258
10034.5 21 4.58258
10035.5 17 4.12311
10036.5 21 4.58258
10037.5 17 4.12311
10038.5 20 4.47214
10039.5 27 5.19615
10040.5 28 5.2915
10041.5 20 4.47214
10042.5 18 4.24264
10043.5 16 4
10044.5 23 4.79583
10045.5 15 3.87298
10046.5 24 4.89898
10047.5 24 4.89898
10048.5 22 4.69042
10049.5 21 4.58258
10050.5 16 4
10051.5 15 3.87298
10052.5 21 4.58258
10053.5 17 4.12311
10054.5 21 4.58258
10055.5 25 5
10056.5 16 4
10057.5 27 5.19615
10058.5 16 4
10059.5 15 3.87298
10060.5 22 4.69042
10061.5 16 4
10062.5 23 4.79583
10063.5 19 4.3589
10064.5 21 4.58258
10065.5 23 4.79583
10066.5 18 4.24264
10067.5 20 4.47214
10068.5 24 4.89898
10069.5 27 5.19615
10070.5 21 4.58258
10071.5 15 3.87298
10072.5 22 4.69042
10073.5 25 5
10074.5 24 4.89898
10075.5 23 4.79583
10076.5 17 4.12311
10077.5 26 5.09902
10078.5 15 3.87298
10079.5 17 4.12311
10080.5 20 4.47214
10081.5 22 4.69042
10082.5 17 4.12311
10083.5 17 4.12311
10084.5 23 4.79583
10085.5 14 3.74166
10086.5 24 4.89898
10087.5 19 4.3589
10088.5 18 4.24264
10089.5 18 4.24264
10090.5 24 4.89898
10091.5 18 4.24264
10092.5 21 4.58258
10093.5 13 3.60555
10094.5 23 4.79583
10095.5 16 4
10096.5 21 4.58258
10097.5 23 4.79583
10098.5 22 4.69042
10099.5 18 4.24264
10100.5 15 3.87298
10101.5 20 4.47214
10102.5 26 5.09902
10103.5 16 4
10104.5 21 4.58258
10105.5 14 3.74166
10106.5 22 4.69042
10107.5 22 4.69042
10108.5 17 4.12311
10109.5 23 4.79583
10110.5 18 4.24264
10111.5 22 4.69042
10112.5 19 4.3589
10113.5 18 4.24264
10114.5 25 5
10115.5 27 5.19615
10116.5 18 4.24264
10117.5 22 4.69042
10118.5 16 4
10119.5 17 4.12311
10120.5 11 3.31662
10121.5 18 4.24264
10122.5 19 4.3589
10123.5 21 4.58258
10124.5 13 3.60555
10125.5 15 3.87298
10126.5 18 4.24264
10127.5 23 4.79583
10128.5 14 3.74166
10129.5 18 4.24264
10130.5 27 5.19615
10131.5 19 4.3589
10132.5 22 4.69042
10133.5 21 4.58258
10134.5 21 4.58258
10135.5 15 3.87298
10136.5 20 4.47214
10137.5 16 4
10138.5 14 3.74166
10139.5 23 4.79583
10140.5 13 3.60555
10141.5 15 3.87298
10142.5 17 4.12311
10143.5 17 4.12311
10144.5 25 5
10145.5 16 4
10146.5 17 4.12311
10147.5 22 4.69042
10148.5 20 4.47214
10149.5 16 4
10150.5 19 4.3589
10151.5 18 4.24264
10152.5 26 5.09902
10153.5 12 3.4641
10154.5 11 3.31662
10155.5 25 5
10156.5 19 4.3589
10157.5 21 4.58258
10158.5 17 4.12311
10159.5 10 3.16228
10160.5 23 4.79583
10161.5 26 5.09902
10162.5 15 3.87298
10163.5 27 5.19615
10164.5 13 3.60555
10165.5 10 3.16228
10166.5 24 4.89898
10167.5 17 4.12311
10168.5 14 3.74166
10169.5 18 4.24264
10170.5 16 4
10171.5 19 4.3589
10172.5 22 4.69042
10173.5 20 4.47214
10174.5 22 4.69042
10175.5 20 4.47214
10176.5 28 5.2915
10177.5 19 4.3589
10178.5 17 4.12311
10179.5 19 4.3589
10180.5 20 4.47214
10181.5 16 4
10182.5 25 5
10183.5 14 3.74166
10184.5 23 4.79583
10185.5 17 4.12311
10186.5 16 4
10187.5 16 4
10188.5 11 3.31662
10189.5 24 4.89898
10190.5 23 4.79583
10191.5 21 4.58258
10192.5 21 4.58258
10193.5 11 3.31662
10194.5 14 3.74166
10195.5 22 4.69042
10196.5 20 4.47214
10197.5 10 3.16228
10198.5 16 4
10199.5 20 4.47214
10200.5 21 4.58258
10201.5 24 4.89898
10202.5 7 2.64575
10203.5 15 3.87298
10204.5 17 4.12311
10205.5 18 4.24264
10206.5 24 4.89898
10207.5 13 3.60555
10208.5 15 3.87298
10209.5 16 4
10210.5 25 5
10211.5 19 4.3589
10212.5 20 4.47214
10213.5 23 4.79583
10214.5 20 4.47214
10215.5 21 4.58258
10216.5 26 5.09902
10217.5 18 4.24264
10218.5 24 4.89898
10219.5 21 4.58258
10220.5 12 3.4641
10221.5 24 4.89898
10222.5 25 5
10223.5 18 4.24264
10224.5 18 4.24264
10225.5 10 3.16228
10226.5 19 4.3589
10227.5 14 3.74166
10228.5 17 4.12311
10229.5 20 4.47214
10230.5 19 4.3589
10231.5 16 4
10232.5 21 4.58258
10233.5 19 4.3589
10234.5 13 3.60555
10235.5 14 3.74166
10236.5 20 4.47214
10237.5 21 4.58258
10238.5 15 3.87298
10239.5 13 3.60555
10240.5 15 3.87298
10241.5 16 4
10242.5 16 4
10243.5 14 3.74166
10244.5 17 4.12311
10245.5 15 3.87298
10246.5 17 4.12311
10247.5 23 4.79583
10248.5 15 3.87298
10249.5 15 3.87298
10250.5 15 3.87298
10251.5 17 4.12311
10252.5 16 4
10253.5 17 4.12311
10254.5 16 4
10255.5 12 3.4641
10256.5 13 3.60555
10257.5 22 4.69042
10258.5 17 4.12311
10259.5 15 3.87298
10260.5 13 3.60555
10261.5 17 4.12311
10262.5 25 5
10263.5 20 4.47214
10264.5 17 4.12311
10265.5 15 3.87298
10266.5 24 4.89898
10267.5 13 3.60555
10268.5 17 4.12311
10269.5 16 4
10270.5 16 4
10271.5 19 4.3589
10272.5 13 3.60555
10273.5 16 4
10274.5 18 4.24264
10275.5 15 3.87298
10276.5 17 4.12311
10277.5 18 4.24264
10278.5 16 4
10279.5 14 3.74166
10280.5 16 4
10281.5 24 4.89898
10282.5 8 2.82843
10283.5 12 3.4641
10284.5 15 3.87298
10285.5 8 2.82843
10286.5 21 4.58258
10287.5 10 3.16228
10288.5 12 3.4641
10289.5 15 3.87298
10290.5 13 3.60555
10291.5 13 3.60555
10292.5 19 4.3589
10293.5 19 4.3589
10294.5 18 4.24264
10295.5 21 4.58258
10296.5 18 4.24264
10297.5 17 4.12311
10298.5 21 4.58258
10299.5 11 3.31662
10300.5 14 3.74166
10301.5 18 4.24264
10302.5 13 3.60555
10303.5 22 4.69042
10304.5 22 4.69042
10305.5 17 4.12311
10306.5 21 4.58258
10307.5 13 3.60555
10308.5 22 4.69042
10309.5 12 3.4641
10310.5 23 4.79583
10311.5 22 4.69042
10312.5 17 4.12311
10313.5 18 4.24264
10314.5 19 4.3589
10315.5 14 3.74166
10316.5 15 3.87298
10317.5 17 4.12311
10318.5 18 4.24264
10319.5 18 4.24264
10320.5 18 4.24264
10321.5 14 3.74166
10322.5 15 3.87298
10323.5 14 3.74166
10324.5 15 3.87298
10325.5 24 4.89898
10326.5 11 3.31662
10327.5 25 5
10328.5 23 4.79583
10329.5 17 4.12311
10330.5 18 4.24264
10331.5 14 3.74166
10332.5 19 4.3589
10333.5 24 4.89898
10334.5 18 4.24264
10335.5 15 3.87298
10336.5 21 4.58258
10337.5 9 3
10338.5 14 3.74166
10339.5 14 3.74166
10340.5 15 3.87298
10341.5 20 4.47214
10342.5 9 3
10343.5 12 3.4641
10344.5 21 4.58258
10345.5 19 4.3589
10346.5 18 4.24264
10347.5 17 4.12311
10348.5 22 4.69042
10349.5 31 5.56776
10350.5 19 4.3589
10351.5 16 4
10352.5 19 4.3589
10353.5 17 4.12311
10354.5 22 4.69042
10355.5 20 4.47214
10356.5 18 4.24264
10357.5 23 4.79583
10358.5 10 3.16228
10359.5 19 4.3589
10360.5 10 3.16228
10361.5 18 4.24264
10362.5 16 4
10363.5 13 3.60555
10364.5 20 4.47214
10365.5 15 3.87298
10366.5 23 4.79583
10367.5 22 4.69042
10368.5 21 4.58258
10369.5 23 4.79583
10370.5 17 4.12311
10371.5 28 5.2915
10372.5 21 4.58258
10373.5 16 4
10374.5 21 4.58258
10375.5 25 5
10376.5 22 4.69042
10377.5 17 4.12311
10378.5 24 4.89898
10379.5 27 5.19615
10380.5 27 5.19615
10381.5 20 4.47214
10382.5 30 5.47723
10383.5 23 4.79583
10384.5 35 5.91608
10385.5 37 6.08276
10386.5 48 6.9282
10387.5 50 7.07107
10388.5 51 7.14143
10389.5 68 8.24621
10390.5 74 8.60233
10391.5 58 7.61577
10392.5 75 8.66025
10393.5 85 9.21954
10394.5 88 9.38083
10395.5 103 10.1489
10396.5 84 9.16515
10397.5 118 10.8628
10398.5 130 11.4018
10399.5 116 10.7703
10400.5 128 11.3137
10401.5 131 11.4455
10402.5 139 11.7898
10403.5 147 12.1244
10404.5 164 12.8062
10405.5 153 12.3693
10406.5 174 13.1909
10407.5 200 14.1421
10408.5 201 14.1774
10409.5 180 13.4164
10410.5 188 13.7113
10411.5 206 14.3527
10412.5 216 14.6969
10413.5 240 15.4919
10414.5 262 16.1864
10415.5 285 16.8819
10416.5 343 18.5203
10417.5 409 20.2237
10418.5 466 21.587
10419.5 570 23.8747
10420.5 642 25.3377
10421.5 750 27.3861
10422.5 905 30.0832
10423.5 1072 32.7414
10424.5 1310 36.1939
10425.5 1458 38.1838
10426.5 1596 39.95
10427.5 1813 42.5793
10428.5 1997 44.6878
10429.5 2301 47.9687
10430.5 2519 50.1896
10431.5 2631 51.2933
10432.5 2974 54.5344
10433.5 3006 54.827
10434.5 3132 55.9643
10435.5 3180 56.3915
10436.5 3235 56.8771
10437.5 3340 57.7927
10438.5 3468 58.8897
10439.5 3300 57.4456
10440.5 3221 56.7539
10441.5 3211 56.6657
10442.5 2936 54.1849
10443.5 2851 53.3948
10444.5 2609 51.0784
10445.5 2276 47.7074
10446.5 2071 45.5082
10447.5 1793 42.3438
10448.5 1521 39
10449.5 1322 36.3593
10450.5 1081 32.8786
10451.5 864 29.3939
10452.5 654 25.5734
10453.5 581 24.1039
10454.5 405 20.1246
10455.5 335 18.303
10456.5 252 15.8745
10457.5 186 13.6382
10458.5 148 12.1655
10459.5 101 10.0499
10460.5 108 10.3923
10461.5 77 8.77496
10462.5 89 9.43398
10463.5 80 8.94427
10464.5 75 8.66025
10465.5 56 7.48331
10466.5 46 6.78233
10467.5 51 7.14143
10468.5 60 7.74597
10469.5 52 7.2111
10470.5 49 7
10471.5 41 6.40312
10472.5 45 6.7082
10473.5 50 7.07107
10474.5 44 6.63325
10475.5 46 6.78233
10476.5 31 5.56776
10477.5 36 6
10478.5 29 5.38516
10479.5 31 5.56776
10480.5 33 5.74456
10481.5 35 5.91608
10482.5 23 4.79583
10483.5 26 5.09902
10484.5 25 5
10485.5 34 5.83095
10486.5 25 5
10487.5 24 4.89898
10488.5 28 5.2915
10489.5 25 5
10490.5 27 5.19615
10491.5 28 5.2915
10492.5 22 4.69042
10493.5 27 5.19615
10494.5 19 4.3589
10495.5 9 3
10496.5 18 4.24264
10497.5 24 4.89898
10498.5 20 4.47214
10499.5 16 4
10500.5 21 4.58258
10501.5 15 3.87298
10502.5 19 4.3589
10503.5 20 4.47214
10504.5 27 5.19615
10505.5 18 4.24264
10506.5 14 3.74166
10507.5 20 4.47214
10508.5 28 5.2915
10509.5 22 4.69042
10510.5 20 4.47214
10511.5 14 3.74166
10512.5 22 4.69042
10513.5 15 3.87298
10514.5 15 3.87298
10515.5 18 4.24264
10516.5 19 4.3589
10517.5 5 2.23607
10518.5 9 3
10519.5 20 4.47214
10520.5 12 3.4641
10521.5 18 4.24264
10522.5 12 3.4641
10523.5 17 4.12311
10524.5 8 2.82843
10525.5 9 3
10526.5 14 3.74166
10527.5 11 3.31662
10528.5 14 3.74166
10529.5 13 3.60555
10530.5 14 3.74166
10531.5 13 3.60555
10532.5 7 2.64575
10533.5 15 3.87298
10534.5 13 3.60555
10535.5 14 3.74166
10536.5 11 3.31662
10537.5 14 3.74166
10538.5 10 3.16228
10539.5 11 3.31662
10540.5 13 3.60555
10541.5 14 3.74166
10542.5 8 2.82843
10543.5 14 3.74166
10544.5 13 3.60555
10545.5 11 3.31662
10546.5 17 4.12311
10547.5 11 3.31662
10548.5 11 3.31662
10549.5 14 3.74166
10550.5 15 3.87298
10551.5 9 3
10552.5 10 3.16228
10553.5 8 2.82843
10554.5 14 3.74166
10555.5 13 3.60555
10556.5 10 3.16228
10557.5 12 3.4641
10558.5 10 3.16228
10559.5 9 3
10560.5 10 3.16228
10561.5 14 3.74166
10562.5 8 2.82843
10563.5 11 3.31662
10564.5 16 4
10565.5 12 3.4641
10566.5 14 3.74166
10567.5 8 2.82843
10568.5 9 3
10569.5 7 2.64575
10570.5 12 3.4641
10571.5 13 3.60555
10572.5 7 2.64575
10573.5 6 2.44949
10574.5 7 2.64575
10575.5 12 3.4641
10576.5 6 2.44949
10577.5 6 2.44949
10578.5 11 3.31662
10579.5 6 2.44949
10580.5 5 2.23607
10581.5 5 2.23607
10582.5 7 2.64575
10583.5 3 1.73205
10584.5 7 2.64575
10585.5 5 2.23607
10586.5 4 2
10587.5 9 3
10588.5 7 2.64575
10589.5 7 2.64575
10590.5 6 2.44949
10591.5 7 2.64575
10592.5 7 2.64575
10593.5 10 3.16228
10594.5 10 3.16228
10595.5 7 2.64575
10596.5 17 4.12311
10597.5 8 2.82843
10598.5 9 3
10599.5 7 2.64575
10600.5 4 2
10601.5 8 2.82843
10602.5 6 2.44949
10603.5 9 3
10604.5 8 2.82843
10605.5 8 2.82843
10606.5 5 2.23607
10607.5 8 2.82843
10608.5 10 3.16228
10609.5 4 2
10610.5 7 2.64575
10611.5 5 2.23607
10612.5 7 2.64575
10613.5 6 2.44949
10614.5 5 2.23607
10615.5 5 2.23607
10616.5 7 2.64575
10617.5 6 2.44949
10618.5 13 3.60555
10619.5 6 2.44949
10620.5 7 2.64575
10621.5 4 2
10622.5 8 2.82843
10623.5 9 3
10624.5 8 2.82843
10625.5 7 2.64575
10626.5 9 3
10627.5 17 4.12311
10628.5 8 2.82843
10629.5 5 2.23607
10630.5 8 2.82843
10631.5 4 2
10632.5 8 2.82843
10633.5 12 3.4641
10634.5 7 2.64575
10635.5 5 2.23607
10636.5 8 2.82843
10637.5 8 2.82843
10638.5 9 3
10639.5 9 3
10640.5 8 2.82843
10641.5 3 1.73205
10642.5 7 2.64575
10643.5 5 2.23607
10644.5 5 2.23607
10645.5 8 2.82843
10646.5 11 3.31662
10647.5 4 2
10648.5 6 2.44949
10649.5 8 2.82843
10650.5 3 1.73205
10651.5 6 2.44949
10652.5 4 2
10653.5 9 3
10654.5 13 3.60555
10655.5 8 2.82843
10656.5 6 2.44949
10657.5 7 2.64575
10658.5 10 3.16228
10659.5 9 3
10660.5 6 2.44949
10661.5 3 1.73205
10662.5 9 3
10663.5 5 2.23607
10664.5 9 3
10665.5 4 2
10666.5 6 2.44949
10667.5 6 2.44949
10668.5 9 3
10669.5 10 3.16228
10670.5 7 2.64575
10671.5 7 2.64575
10672.5 6 2.44949
10673.5 7 2.64575
10674.5 4 2
10675.5 7 2.64575
10676.5 6 2.44949
10677.5 9 3
10678.5 9 3
10679.5 7 2.64575
10680.5 8 2.82843
10681.5 10 3.16228
10682.5 8 2.82843
10683.5 11 3.31662
10684.5 11 3.31662
10685.5 6 2.44949
10686.5 10 3.16228
10687.5 13 3.60555
10688.5 8 2.82843
10689.5 14 3.74166
10690.5 7 2.64575
10691.5 4 2
10692.5 10 3.16228
10693.5 13 3.60555
10694.5 13 3.60555
10695.5 12 3.4641
10696.5 13 3.60555
10697.5 9 3
10698.5 12 3.4641
10699.5 16 4
10700.5 9 3
10701.5 13 3.60555
10702.5 14 3.74166
10703.5 12 3.4641
10704.5 20 4.47214
10705.5 17 4.12311
10706.5 25 5
10707.5 15 3.87298
10708.5 24 4.89898
10709.5 17 4.12311
10710.5 20 4.47214
10711.5 22 4.69042
10712.5 23 4.79583
10713.5 27 5.19615
10714.5 24 4.89898
10715.5 31 5.56776
10716.5 21 4.58258
10717.5 32 5.65685
10718.5 23 4.79583
10719.5 19 4.3589
10720.5 32 5.65685
10721.5 25 5
10722.5 16 4
10723.5 18 4.24264
10724.5 25 5
10725.5 20 4.47214
10726.5 14 3.74166
10727.5 16 4
10728.5 17 4.12311
10729.5 13 3.60555
10730.5 10 3.16228
10731.5 6 2.44949
10732.5 12 3.4641
10733.5 12 3.4641
10734.5 13 3.60555
10735.5 11 3.31662
10736.5 12 3.4641
10737.5 12 3.4641
10738.5 11 3.31662
10739.5 11 3.31662
10740.5 4 2
10741.5 13 3.60555
10742.5 6 2.44949
10743.5 10 3.16228
10744.5 8 2.82843
10745.5 7 2.64575
10746.5 9 3
10747.5 12 3.4641
10748.5 12 3.4641
10749.5 6 2.44949
10750.5 11 3.31662
10751.5 6 2.44949
10752.5 9 3
10753.5 7 2.64575
10754.5 5 2.23607
10755.5 6 2.44949
10756.5 8 2.82843
10757.5 14 3.74166
10758.5 8 2.82843
10759.5 5 2.23607
10760.5 8 2.82843
10761.5 11 3.31662
10762.5 14 3.74166
10763.5 6 2.44949
10764.5 10 3.16228
10765.5 8 2.82843
10766.5 3 1.73205
10767.5 10 3.16228
10768.5 8 2.82843
10769.5 8 2.82843
10770.5 5 2.23607
10771.5 7 2.64575
10772.5 15 3.87298
10773.5 6 2.44949
10774.5 10 3.16228
10775.5 4 2
10776.5 7 2.64575
10777.5 11 3.31662
10778.5 8 2.82843
10779.5 5 2.23607
10780.5 15 3.87298
10781.5 12 3.4641
10782.5 6 2.44949
10783.5 4 2
10784.5 9 3
10785.5 6 2.44949
10786.5 4 2
10787.5 6 2.44949
10788.5 9 3
10789.5 7 2.64575
10790.5 6 2.44949
10791.5 2 1.41421
10792.5 7 2.64575
10793.5 10 3.16228
10794.5 7 2.64575
10795.5 12 3.4641
10796.5 6 2.44949
10797.5 5 2.23607
10798.5 5 2.23607
10799.5 4 2
10800.5 9 3
10801.5 5 2.23607
10802.5 5 2.23607
10803.5 12 3.4641
10804.5 9 3
10805.5 4 2
10806.5 5 2.23607
10807.5 8 2.82843
10808.5 5 2.23607
10809.5 10 3.16228
10810.5 6 2.44949
10811.5 10 3.16228
10812.5 7 2.64575
10813.5 7 2.64575
10814.5 6 2.44949
10815.5 11 3.31662
10816.5 5 2.23607
10817.5 8 2.82843
10818.5 14 3.74166
10819.5 7 2.64575
10820.5 17 4.12311
10821.5 4 2
10822.5 8 2.82843
10823.5 18 4.24264
10824.5 9 3
10825.5 7 2.64575
10826.5 15 3.87298
10827.5 10 3.16228
10828.5 5 2.23607
10829.5 11 3.31662
10830.5 9 3
10831.5 18 4.24264
10832.5 9 3
10833.5 9 3
10834.5 8 2.82843
10835.5 7 2.64575
10836.5 2 1.41421
10837.5 5 2.23607
10838.5 4 2
10839.5 7 2.64575
10840.5 6 2.44949
10841.5 7 2.64575
10842.5 7 2.64575
10843.5 3 1.73205
10844.5 4 2
10845.5 4 2
10846.5 4 2
10847.5 8 2.82843
10848.5 14 3.74166
10849.5 9 3
10850.5 5 2.23607
10851.5 10 3.16228
10852.5 7 2.64575
10853.5 4 2
10854.5 3 1.73205
10855.5 7 2.64575
10856.5 1 1
10857.5 6 2.44949
10858.5 6 2.44949
10859.5 7 2.64575
10860.5 10 3.16228
10861.5 8 2.82843
10862.5 7 2.64575
10863.5 8 2.82843
10864.5 5 2.23607
10865.5 12 3.4641
10866.5 10 3.16228
10867.5 7 2.64575
10868.5 12 3.4641
10869.5 3 1.73205
10870.5 9 3
10871.5 10 3.16228
10872.5 8 2.82843
10873.5 3 1.73205
10874.5 9 3
10875.5 4 2
10876.5 6 2.44949
10877.5 4 2
10878.5 4 2
10879.5 9 3
10880.5 4 2
10881.5 4 2
10882.5 6 2.44949
10883.5 13 3.60555
10884.5 7 2.64575
10885.5 11 3.31662
10886.5 9 3
10887.5 11 3.31662
10888.5 7 2.64575
10889.5 11 3.31662
10890.5 5 2.23607
10891.5 7 2.64575
10892.5 5 2.23607
10893.5 6 2.44949
10894.5 6 2.44949
10895.5 7 2.64575
10896.5 6 2.44949
10897.5 5 2.23607
10898.5 4 2
10899.5 14 3.74166
10900.5 10 3.16228
10901.5 9 3
10902.5 3 1.73205
10903.5 7 2.64575
10904.5 13 3.60555
10905.5 6 2.44949
10906.5 6 2.44949
10907.5 10 3.16228
10908.5 11 3.31662
10909.5 12 3.4641
10910.5 5 2.23607
10911.5 8 2.82843
10912.5 9 3
10913.5 9 3
10914.5 8 2.82843
10915.5 8 2.82843
10916.5 5 2.23607
10917.5 5 2.23607
10918.5 5 2.23607
10919.5 11 3.31662
10920.5 3 1.73205
10921.5 7 2.64575
10922.5 5 2.23607
10923.5 8 2.82843
10924.5 6 2.44949
10925.5 13 3.60555
10926.5 13 3.60555
10927.5 10 3.16228
10928.5 4 2
10929.5 13 3.60555
10930.5 10 3.16228
10931.5 8 2.82843
10932.5 6 2.44949
10933.5 7 2.64575
10934.5 12 3.4641
10935.5 9 3
10936.5 11 3.31662
10937.5 9 3
10938.5 7 2.64575
10939.5 5 2.23607
10940.5 9 3
10941.5 10 3.16228
10942.5 4 2
10943.5 6 2.44949
10944.5 3 1.73205
10945.5 6 2.44949
10946.5 11 3.31662
10947.5 7 2.64575
10948.5 7 2.64575
10949.5 9 3
10950.5 8 2.82843
10951.5 7 2.64575
10952.5 6 2.44949
10953.5 9 3
10954.5 7 2.64575
10955.5 8 2.82843
10956.5 14 3.74166
10957.5 6 2.44949
10958.5 8 2.82843
10959.5 7 2.64575
10960.5 8 2.82843
10961.5 6 2.44949
10962.5 5 2.23607
10963.5 9 3
10964.5 8 2.82843
10965.5 5 2.23607
10966.5 10 3.16228
10967.5 6 2.44949
10968.5 12 3.4641
10969.5 10 3.16228
10970.5 7 2.64575
10971.5 10 3.16228
10972.5 6 2.44949
10973.5 11 3.31662
10974.5 8 2.82843
10975.5 6 2.44949
10976.5 6 2.44949
10977.5 8 2.82843
10978.5 2 1.41421
10979.5 4 2
10980.5 9 3
10981.5 9 3
10982.5 13 3.60555
10983.5 10 3.16228
10984.5 5 2.23607
10985.5 8 2.82843
10986.5 9 3
10987.5 12 3.4641
10988.5 6 2.44949
10989.5 7 2.64575
10990.5 4 2
10991.5 11 3.31662
10992.5 8 2.82843
10993.5 10 3.16228
10994.5 8 2.82843
10995.5 9 3
10996.5 14 3.74166
10997.5 13 3.60555
10998.5 8 2.82843
10999.5 8 2.82843
11000.5 6 2.44949
11001.5 10 3.16228
11002.5 6 2.44949
11003.5 8 2.82843
11004.5 10 3.16228
11005.5 4 2
11006.5 7 2.64575
11007.5 7 2.64575
11008.5 4 2
11009.5 13 3.60555
11010.5 13 3.60555
11011.5 6 2.44949
11012.5 7 2.64575
11013.5 7 2.64575
11014.5 8 2.82843
11015.5 7 2.64575
11016.5 5 2.23607
11017.5 3 1.73205
11018.5 4 2
11019.5 10 3.16228
11020.5 9 3
11021.5 12 3.4641
11022.5 7 2.64575
11023.5 6 2.44949
11024.5 6 2.44949
11025.5 8 2.82843
11026.5 7 2.64575
11027.5 6 2.44949
11028.5 5 2.23607
11029.5 6 2.44949
11030.5 4 2
11031.5 7 2.64575
11032.5 13 3.60555
11033.5 6 2.44949
11034.5 10 3.16228
11035.5 7 2.64575
11036.5 11 3.31662
11037.5 12 3.4641
11038.5 9 3
11039.5 5 2.23607
11040.5 8 2.82843
11041.5 8 2.82843
11042.5 4 2
11043.5 8 2.82843
11044.5 6 2.44949
11045.5 9 3
11046.5 6 2.44949
11047.5 10 3.16228
11048.5 16 4
11049.5 8 2.82843
11050.5 7 2.64575
11051.5 6 2.44949
11052.5 10 3.16228
11053.5 13 3.60555
11054.5 5 2.23607
11055.5 5 2.23607
11056.5 6 2.44949
11057.5 4 2
11058.5 3 1.73205
11059.5 7 2.64575
11060.5 10 3.16228
11061.5 6 2.44949
11062.5 7 2.64575
11063.5 8 2.82843
11064.5 15 3.87298
11065.5 7 2.64575
11066.5 8 2.82843
11067.5 14 3.74166
11068.5 6 2.44949
11069.5 9 3
11070.5 16 4
11071.5 6 2.44949
11072.5 7 2.64575
11073.5 5 2.23607
11074.5 7 2.64575
11075.5 9 3
11076.5 12 3.4641
11077.5 7 2.64575
11078.5 10 3.16228
11079.5 11 3.31662
11080.5 13 3.60555
11081.5 8 2.82843
11082.5 9 3
11083.5 7 2.64575
11084.5 15 3.87298
11085.5 11 3.31662
11086.5 12 3.4641
11087.5 6 2.44949
11088.5 7 2.64575
11089.5 9 3
11090.5 5 2.23607
11091.5 16 4
11092.5 5 2.23607
11093.5 13 3.60555
11094.5 11 3.31662
11095.5 11 3.31662
11096.5 17 4.12311
11097.5 6 2.44949
11098.5 8 2.82843
11099.5 7 2.64575
11100.5 6 2.44949
11101.5 6 2.44949
11102.5 12 3.4641
11103.5 9 3
11104.5 7 2.64575
11105.5 6 2.44949
11106.5 5 2.23607
11107.5 11 3.31662
11108.5 11 3.31662
11109.5 8 2.82843
11110.5 10 3.16228
11111.5 10 3.16228
11112.5 8 2.82843
11113.5 9 3
11114.5 10 3.16228
11115.5 8 2.82843
11116.5 10 3.16228
11117.5 9 3
11118.5 11 3.31662
11119.5 6 2.44949
11120.5 9 3
11121.5 8 2.82843
11122.5 5 2.23607
11123.5 8 2.82843
11124.5 8 2.82843
11125.5 9 3
11126.5 6 2.44949
11127.5 9 3
11128.5 2 1.41421
11129.5 5 2.23607
11130.5 10 3.16228
11131.5 7 2.64575
11132.5 10 3.16228
11133.5 6 2.44949
11134.5 10 3.16228
11135.5 9 3
11136.5 12 3.4641
11137.5 3 1.73205
11138.5 13 3.60555
11139.5 4 2
11140.5 5 2.23607
11141.5 8 2.82843
11142.5 7 2.64575
11143.5 8 2.82843
11144.5 11 3.31662
11145.5 4 2
11146.5 9 3
11147.5 10 3.16228
11148.5 10 3.16228
11149.5 6 2.44949
11150.5 9 3
11151.5 9 3
11152.5 9 3
11153.5 12 3.4641
11154.5 8 2.82843
11155.5 6 2.44949
11156.5 7 2.64575
11157.5 7 2.64575
11158.5 9 3
11159.5 12 3.4641
11160.5 4 2
11161.5 7 2.64575
11162.5 7 2.64575
11163.5 1 1
11164.5 7 2.64575
11165.5 9 3
11166.5 16 4
11167.5 4 2
11168.5 8 2.82843
11169.5 8 2.82843
11170.5 15 3.87298
11171.5 9 3
11172.5 5 2.23607
11173.5 9 3
11174.5 10 3.16228
11175.5 6 2.44949
11176.5 13 3.60555
11177.5 7 2.64575
11178.5 13 3.60555
11179.5 9 3
11180.5 11 3.31662
11181.5 7 2.64575
11182.5 5 2.23607
11183.5 10 3.16228
11184.5 17 4.12311
11185.5 10 3.16228
11186.5 7 2.64575
11187.5 8 2.82843
11188.5 12 3.4641
11189.5 10 3.16228
11190.5 7 2.64575
11191.5 5 2.23607
11192.5 11 3.31662
11193.5 6 2.44949
11194.5 8 2.82843
11195.5 8 2.82843
11196.5 9 3
11197.5 3 1.73205
11198.5 8 2.82843
11199.5 12 3.4641
11200.5 8 2.82843
11201.5 14 3.74166
11202.5 11 3.31662
11203.5 6 2.44949
11204.5 6 2.44949
11205.5 8 2.82843
11206.5 5 2.23607
11207.5 13 3.60555
11208.5 3 1.73205
11209.5 7 2.64575
11210.5 8 2.82843
11211.5 7 2.64575
11212.5 8 2.82843
11213.5 5 2.23607
11214.5 8 2.82843
11215.5 10 3.16228
11216.5 4 2
11217.5 10 3.16228
11218.5 9 3
11219.5 14 3.74166
11220.5 2 1.41421
11221.5 9 3
11222.5 4 2
11223.5 7 2.64575
11224.5 6 2.44949
11225.5 7 2.64575
11226.5 5 2.23607
11227.5 9 3
11228.5 12 3.4641
11229.5 9 3
11230.5 8 2.82843
11231.5 9 3
11232.5 8 2.82843
11233.5 8 2.82843
11234.5 8 2.82843
11235.5 6 2.44949
11236.5 4 2
11237.5 12 3.4641
11238.5 3 1.73205
11239.5 12 3.4641
11240.5 11 3.31662
11241.5 8 2.82843
11242.5 7 2.64575
11243.5 5 2.23607
11244.5 6 2.44949
11245.5 12 3.4641
11246.5 8 2.82843
11247.5 7 2.64575
11248.5 6 2.44949
11249.5 8 2.82843
11250.5 7 2.64575
11251.5 9 3
11252.5 6 2.44949
11253.5 15 3.87298
11254.5 7 2.64575
11255.5 11 3.31662
11256.5 6 2.44949
11257.5 11 3.31662
11258.5 7 2.64575
11259.5 6 2.44949
11260.5 12 3.4641
11261.5 3 1.73205
11262.5 8 2.82843
11263.5 10 3.16228
11264.5 6 2.44949
11265.5 10 3.16228
11266.5 7 2.64575
11267.5 12 3.4641
11268.5 6 2.44949
11269.5 12 3.4641
11270.5 8 2.82843
11271.5 9 3
11272.5 11 3.31662
11273.5 7 2.64575
11274.5 11 3.31662
11275.5 12 3.4641
11276.5 5 2.23607
11277.5 7 2.64575
11278.5 10 3.16228
11279.5 4 2
11280.5 2 1.41421
11281.5 6 2.44949
11282.5 10 3.16228
11283.5 8 2.82843
11284.5 7 2.64575
11285.5 6 2.44949
11286.5 9 3
11287.5 6 2.44949
11288.5 12 3.4641
11289.5 8 2.82843
11290.5 6 2.44949
11291.5 3 1.73205
11292.5 3 1.73205
11293.5 11 3.31662
11294.5 7 2.64575
11295.5 9 3
11296.5 9 3
11297.5 11 3.31662
11298.5 6 2.44949
11299.5 7 2.64575
11300.5 6 2.44949
11301.5 7 2.64575
11302.5 12 3.4641
11303.5 5 2.23607
11304.5 5 2.23607
11305.5 7 2.64575
11306.5 12 3.4641
11307.5 8 2.82843
11308.5 3 1.73205
11309.5 9 3
11310.5 8 2.82843
11311.5 9 3
11312.5 2 1.41421
11313.5 7 2.64575
11314.5 9 3
11315.5 4 2
11316.5 13 3.60555
11317.5 8 2.82843
11318.5 14 3.74166
11319.5 5 2.23607
11320.5 10 3.16228
11321.5 13 3.60555
11322.5 14 3.74166
11323.5 7 2.64575
11324.5 7 2.64575
11325.5 8 2.82843
11326.5 6 2.44949
11327.5 6 2.44949
11328.5 11 3.31662
11329.5 9 3
11330.5 13 3.60555
11331.5 7 2.64575
11332.5 4 2
11333.5 3 1.73205
11334.5 6 2.44949
11335.5 10 3.16228
11336.5 5 2.23607
11337.5 8 2.82843
11338.5 11 3.31662
11339.5 7 2.64575
11340.5 11 3.31662
11341.5 11 3.31662
11342.5 12 3.4641
11343.5 5 2.23607
11344.5 9 3
11345.5 3 1.73205
11346.5 10 3.16228
11347.5 8 2.82843
11348.5 8 2.82843
11349.5 11 3.31662
11350.5 3 1.73205
11351.5 8 2.82843
11352.5 8 2.82843
11353.5 7 2.64575
11354.5 5 2.23607
11355.5 12 3.4641
11356.5 6 2.44949
11357.5 16 4
11358.5 12 3.4641
11359.5 12 3.4641
11360.5 9 3
11361.5 7 2.64575
11362.5 10 3.16228
11363.5 7 2.64575
11364.5 6 2.44949
11365.5 11 3.31662
11366.5 10 3.16228
11367.5 7 2.64575
11368.5 8 2.82843
11369.5 12 3.4641
11370.5 11 3.31662
11371.5 9 3
11372.5 13 3.60555
11373.5 2 1.41421
11374.5 4 2
11375.5 11 3.31662
11376.5 9 3
11377.5 8 2.82843
11378.5 5 2.23607
11379.5 8 2.82843
11380.5 13 3.60555
11381.5 5 2.23607
11382.5 7 2.64575
11383.5 7 2.64575
11384.5 6 2.44949
11385.5 7 2.64575
11386.5 8 2.82843
11387.5 5 2.23607
11388.5 7 2.64575
11389.5 12 3.4641
11390.5 7 2.64575
11391.5 12 3.4641
11392.5 9 3
11393.5 5 2.23607
11394.5 5 2.23607
11395.5 14 3.74166
11396.5 6 2.44949
11397.5 9 3
11398.5 6 2.44949
11399.5 20 4.47214
11400.5 11 3.31662
11401.5 5 2.23607
11402.5 6 2.44949
11403.5 11 3.31662
11404.5 3 1.73205
11405.5 7 2.64575
11406.5 8 2.82843
11407.5 12 3.4641
11408.5 14 3.74166
11409.5 8 2.82843
11410.5 8 2.82843
11411.5 5 2.23607
11412.5 5 2.23607
11413.5 6 2.44949
11414.5 6 2.44949
11415.5 10 3.16228
11416.5 4 2
11417.5 10 3.16228
11418.5 14 3.74166
11419.5 6 2.44949
11420.5 10 3.16228
11421.5 6 2.44949
11422.5 6 2.44949
11423.5 6 2.44949
11424.5 13 3.60555
11425.5 6 2.44949
11426.5 8 2.82843
11427.5 8 2.82843
11428.5 8 2.82843
11429.5 8 2.82843
11430.5 8 2.82843
11431.5 6 2.44949
11432.5 5 2.23607
11433.5 10 3.16228
11434.5 12 3.4641
11435.5 12 3.4641
11436.5 8 2.82843
11437.5 16 4
11438.5 6 2.44949
11439.5 9 3
11440.5 9 3
11441.5 4 2
11442.5 14 3.74166
11443.5 18 4.24264
11444.5 2 1.41421
11445.5 7 2.64575
11446.5 10 3.16228
11447.5 6 2.44949
11448.5 6 2.44949
11449.5 8 2.82843
11450.5 5 2.23607
11451.5 6 2.44949
11452.5 5 2.23607
11453.5 12 3.4641
11454.5 9 3
11455.5 4 2
11456.5 13 3.60555
11457.5 3 1.73205
11458.5 8 2.82843
11459.5 7 2.64575
11460.5 14 3.74166
11461.5 6 2.44949
11462.5 11 3.31662
11463.5 11 3.31662
11464.5 8 2.82843
11465.5 9 3
11466.5 6 2.44949
11467.5 4 2
11468.5 7 2.64575
11469.5 6 2.44949
11470.5 5 2.23607
11471.5 6 2.44949
11472.5 6 2.44949
11473.5 6 2.44949
11474.5 10 3.16228
11475.5 6 2.44949
11476.5 12 3.4641
11477.5 11 3.31662
11478.5 13 3.60555
11479.5 8 2.82843
11480.5 2 1.41421
11481.5 9 3
11482.5 12 3.4641
11483.5 10 3.16228
11484.5 10 3.16228
11485.5 11 3.31662
11486.5 10 3.16228
11487.5 3 1.73205
11488.5 15 3.87298
11489.5 11 3.31662
11490.5 7 2.64575
11491.5 5 2.23607
11492.5 11 3.31662
11493.5 7 2.64575
11494.5 9 3
11495.5 9 3
11496.5 8 2.82843
11497.5 11 3.31662
11498.5 9 3
11499.5 5 2.23607
11500.5 9 3
11501.5 9 3
11502.5 8 2.82843
11503.5 6 2.44949
11504.5 9 3
11505.5 7 2.64575
11506.5 10 3.16228
11507.5 8 2.82843
11508.5 8 2.82843
11509.5 8 2.82843
11510.5 13 3.60555
11511.5 10 3.16228
11512.5 9 3
11513.5 8 2.82843
11514.5 7 2.64575
11515.5 6 2.44949
11516.5 8 2.82843
11517.5 8 2.82843
11518.5 9 3
11519.5 10 3.16228
11520.5 9 3
11521.5 8 2.82843
11522.5 15 3.87298
11523.5 7 2.64575
11524.5 14 3.74166
11525.5 5 2.23607
11526.5 6 2.44949
11527.5 10 3.16228
11528.5 8 2.82843
11529.5 11 3.31662
11530.5 10 3.16228
11531.5 8 2.82843
11532.5 10 3.16228
11533.5 5 2.23607
11534.5 9 3
11535.5 9 3
11536.5 8 2.82843
11537.5 11 3.31662
11538.5 10 3.16228
11539.5 6 2.44949
11540.5 8 2.82843
11541.5 4 2
11542.5 1 1
11543.5 8 2.82843
11544.5 10 3.16228
11545.5 10 3.16228
11546.5 11 3.31662
11547.5 6 2.44949
11548.5 15 3.87298
11549.5 12 3.4641
11550.5 11 3.31662
11551.5 11 3.31662
11552.5 1 1
11553.5 8 2.82843
11554.5 10 3.16228
11555.5 7 2.64575
11556.5 5 2.23607
11557.5 11 3.31662
11558.5 7 2.64575
11559.5 14 3.74166
11560.5 5 2.23607
11561.5 9 3
11562.5 15 3.87298
11563.5 10 3.16228
11564.5 6 2.44949
11565.5 11 3.31662
11566.5 7 2.64575
11567.5 8 2.82843
11568.5 18 4.24264
11569.5 8 2.82843
11570.5 9 3
11571.5 5 2.23607
11572.5 8 2.82843
11573.5 8 2.82843
11574.5 8 2.82843
11575.5 9 3
11576.5 4 2
11577.5 9 3
11578.5 7 2.64575
11579.5 11 3.31662
11580.5 10 3.16228
11581.5 6 2.44949
11582.5 6 2.44949
11583.5 8 2.82843
11584.5 7 2.64575
11585.5 12 3.4641
11586.5 8 2.82843
11587.5 5 2.23607
11588.5 7 2.64575
11589.5 12 3.4641
11590.5 11 3.31662
11591.5 7 2.64575
11592.5 7 2.64575
11593.5 9 3
11594.5 17 4.12311
11595.5 10 3.16228
11596.5 8 2.82843
11597.5 9 3
11598.5 10 3.16228
11599.5 12 3.4641
11600.5 13 3.60555
11601.5 11 3.31662
11602.5 4 2
11603.5 11 3.31662
11604.5 14 3.74166
11605.5 10 3.16228
11606.5 8 2.82843
11607.5 9 3
11608.5 9 3
11609.5 9 3
11610.5 10 3.16228
11611.5 14 3.74166
11612.5 8 2.82843
11613.5 8 2.82843
11614.5 4 2
11615.5 6 2.44949
11616.5 5 2.23607
11617.5 12 3.4641
11618.5 7 2.64575
11619.5 6 2.44949
11620.5 6 2.44949
11621.5 7 2.64575
11622.5 6 2.44949
11623.5 6 2.44949
11624.5 9 3
11625.5 4 2
11626.5 12 3.4641
11627.5 12 3.4641
11628.5 8 2.82843
11629.5 12 3.4641
11630.5 6 2.44949
11631.5 6 2.44949
11632.5 8 2.82843
11633.5 7 2.64575
11634.5 3 1.73205
11635.5 5 2.23607
11636.5 8 2.82843
11637.5 16 4
11638.5 7 2.64575
11639.5 4 2
11640.5 7 2.64575
11641.5 12 3.4641
11642.5 9 3
11643.5 5 2.23607
11644.5 8 2.82843
11645.5 13 3.60555
11646.5 15 3.87298
11647.5 8 2.82843
11648.5 7 2.64575
11649.5 5 2.23607
11650.5 5 2.23607
11651.5 7 2.64575
11652.5 12 3.4641
11653.5 5 2.23607
11654.5 10 3.16228
11655.5 5 2.23607
11656.5 10 3.16228
11657.5 7 2.64575
11658.5 8 2.82843
11659.5 12 3.4641
11660.5 7 2.64575
11661.5 10 3.16228
11662.5 2 1.41421
11663.5 11 3.31662
11664.5 7 2.64575
11665.5 9 3
11666.5 15 3.87298
11667.5 6 2.44949
11668.5 5 2.23607
11669.5 15 3.87298
11670.5 11 3.31662
11671.5 6 2.44949
11672.5 7 2.64575
11673.5 5 2.23607
11674.5 6 2.44949
11675.5 11 3.31662
11676.5 13 3.60555
11677.5 9 3
11678.5 12 3.4641
11679.5 8 2.82843
11680.5 9 3
11681.5 11 3.31662
11682.5 7 2.64575
11683.5 9 3
11684.5 14 3.74166
11685.5 16 4
11686.5 10 3.16228
11687.5 10 3.16228
11688.5 14 3.74166
11689.5 12 3.4641
11690.5 7 2.64575
11691.5 7 2.64575
11692.5 8 2.82843
11693.5 12 3.4641
11694.5 5 2.23607
11695.5 8 2.82843
11696.5 5 2.23607
11697.5 9 3
11698.5 14 3.74166
11699.5 4 2
11700.5 12 3.4641
11701.5 7 2.64575
11702.5 7 2.64575
11703.5 5 2.23607
11704.5 9 3
11705.5 8 2.82843
11706.5 7 2.64575
11707.5 13 3.60555
11708.5 10 3.16228
11709.5 6 2.44949
11710.5 8 2.82843
11711.5 11 3.31662
11712.5 13 3.60555
11713.5 11 3.31662
11714.5 10 3.16228
11715.5 13 3.60555
11716.5 4 2
11717.5 12 3.4641
11718.5 8 2.82843
11719.5 11 3.31662
11720.5 11 3.31662
11721.5 10 3.16228
11722.5 11 3.31662
11723.5 5 2.23607
11724.5 6 2.44949
11725.5 5 2.23607
11726.5 8 2.82843
11727.5 10 3.16228
11728.5 7 2.64575
11729.5 15 3.87298
11730.5 16 4
11731.5 5 2.23607
11732.5 10 3.16228
11733.5 6 2.44949
11734.5 8 2.82843
11735.5 5 2.23607
11736.5 10 3.16228
11737.5 10 3.16228
11738.5 7 2.64575
11739.5 6 2.44949
11740.5 7 2.64575
11741.5 6 2.44949
11742.5 8 2.82843
11743.5 15 3.87298
11744.5 10 3.16228
11745.5 9 3
11746.5 8 2.82843
11747.5 5 2.23607
11748.5 10 3.16228
11749.5 3 1.73205
11750.5 10 3.16228
11751.5 6 2.44949
11752.5 11 3.31662
11753.5 8 2.82843
11754.5 13 3.60555
11755.5 8 2.82843
11756.5 8 2.82843
11757.5 11 3.31662
11758.5 8 2.82843
11759.5 9 3
11760.5 16 4
11761.5 11 3.31662
11762.5 6 2.44949
11763.5 10 3.16228
11764.5 10 3.16228
11765.5 6 2.44949
11766.5 5 2.23607
11767.5 5 2.23607
11768.5 8 2.82843
11769.5 5 2.23607
11770.5 10 3.16228
11771.5 8 2.82843
11772.5 12 3.4641
11773.5 9 3
11774.5 12 3.4641
11775.5 11 3.31662
11776.5 6 2.44949
11777.5 6 2.44949
11778.5 10 3.16228
11779.5 12 3.4641
11780.5 4 2
11781.5 7 2.64575
11782.5 10 3.16228
11783.5 4 2
11784.5 9 3
11785.5 12 3.4641
11786.5 10 3.16228
11787.5 13 3.60555
11788.5 6 2.44949
11789.5 4 2
11790.5 9 3
11791.5 8 2.82843
11792.5 14 3.74166
11793.5 7 2.64575
11794.5 10 3.16228
11795.5 11 3.31662
11796.5 11 3.31662
11797.5 2 1.41421
11798.5 2 1.41421
11799.5 4 2
11800.5 9 3
11801.5 14 3.74166
11802.5 2 1.41421
11803.5 10 3.16228
11804.5 7 2.64575
11805.5 7 2.64575
11806.5 11 3.31662
11807.5 10 3.16228
11808.5 8 2.82843
11809.5 13 3.60555
11810.5 6 2.44949
11811.5 11 3.31662
11812.5 9 3
11813.5 13 3.60555
11814.5 8 2.82843
11815.5 10 3.16228
11816.5 2 1.41421
11817.5 6 2.44949
11818.5 7 2.64575
11819.5 6 2.44949
11820.5 8 2.82843
11821.5 7 2.64575
11822.5 13 3.60555
11823.5 6 2.44949
11824.5 11 3.31662
11825.5 11 3.31662
11826.5 6 2.44949
11827.5 8 2.82843
11828.5 9 3
11829.5 4 2
11830.5 12 3.4641
11831.5 9 3
11832.5 6 2.44949
11833.5 7 2.64575
11834.5 6 2.44949
11835.5 10 3.16228
11836.5 8 2.82843
11837.5 11 3.31662
11838.5 7 2.64575
11839.5 4 2
11840.5 8 2.82843
11841.5 10 3.16228
11842.5 9 3
11843.5 5 2.23607
11844.5 13 3.60555
11845.5 7 2.64575
11846.5 4 2
11847.5 8 2.82843
11848.5 8 2.82843
11849.5 6 2.44949
11850.5 9 3
11851.5 6 2.44949
11852.5 11 3.31662
11853.5 6 2.44949
11854.5 4 2
11855.5 8 2.82843
11856.5 9 3
11857.5 8 2.82843
11858.5 15 3.87298
11859.5 14 3.74166
11860.5 6 2.44949
11861.5 7 2.64575
11862.5 6 2.44949
11863.5 7 2.64575
11864.5 5 2.23607
11865.5 6 2.44949
11866.5 5 2.23607
11867.5 11 3.31662
11868.5 7 2.64575
11869.5 9 3
11870.5 10 3.16228
11871.5 13 3.60555
11872.5 9 3
11873.5 10 3.16228
11874.5 13 3.60555
11875.5 10 3.16228
11876.5 6 2.44949
11877.5 10 3.16228
11878.5 6 2.44949
11879.5 8 2.82843
11880.5 9 3
11881.5 9 3
11882.5 7 2.64575
11883.5 6 2.44949
11884.5 5 2.23607
11885.5 9 3
11886.5 7 2.64575
11887.5 12 3.4641
11888.5 10 3.16228
11889.5 7 2.64575
11890.5 11 3.31662
11891.5 7 2.64575
11892.5 10 3.16228
11893.5 6 2.44949
11894.5 10 3.16228
11895.5 10 3.16228
11896.5 5 2.23607
11897.5 9 3
11898.5 7 2.64575
11899.5 11 3.31662
11900.5 9 3
11901.5 8 2.82843
11902.5 8 2.82843
11903.5 13 3.60555
11904.5 14 3.74166
11905.5 9 3
11906.5 14 3.74166
11907.5 12 3.4641
11908.5 10 3.16228
11909.5 11 3.31662
11910.5 6 2.44949
11911.5 7 2.64575
11912.5 9 3
11913.5 5 2.23607
11914.5 8 2.82843
11915.5 9 3
11916.5 9 3
11917.5 5 2.23607
11918.5 5 2.23607
11919.5 6 2.44949
11920.5 8 2.82843
11921.5 6 2.44949
11922.5 12 3.4641
11923.5 8 2.82843
11924.5 8 2.82843
11925.5 3 1.73205
11926.5 7 2.64575
11927.5 3 1.73205
11928.5 5 2.23607
11929.5 6 2.44949
11930.5 11 3.31662
11931.5 10 3.16228
11932.5 3 1.73205
11933.5 8 2.82843
11934.5 11 3.31662
11935.5 5 2.23607
11936.5 6 2.44949
11937.5 14 3.74166
11938.5 9 3
11939.5 12 3.4641
11940.5 3 1.73205
11941.5 8 2.82843
11942.5 7 2.64575
11943.5 7 2.64575
11944.5 7 2.64575
11945.5 10 3.16228
11946.5 6 2.44949
11947.5 4 2
11948.5 4 2
11949.5 11 3.31662
11950.5 7 2.64575
11951.5 8 2.82843
11952.5 5 2.23607
11953.5 10 3.16228
11954.5 4 2
11955.5 9 3
11956.5 7 2.64575
11957.5 4 2
11958.5 6 2.44949
11959.5 5 2.23607
11960.5 11 3.31662
11961.5 9 3
11962.5 14 3.74166
11963.5 10 3.16228
11964.5 11 3.31662
11965.5 5 2.23607
11966.5 8 2.82843
11967.5 2 1.41421
11968.5 9 3
11969.5 7 2.64575
11970.5 5 2.23607
11971.5 5 2.23607
11972.5 7 2.64575
11973.5 9 3
11974.5 2 1.41421
11975.5 10 3.16228
11976.5 5 2.23607
11977.5 10 3.16228
11978.5 8 2.82843
11979.5 6 2.44949
11980.5 10 3.16228
11981.5 7 2.64575
11982.5 9 3
11983.5 8 2.82843
11984.5 6 2.44949
11985.5 4 2
11986.5 6 2.44949
11987.5 7 2.64575
11988.5 6 2.44949
11989.5 11 3.31662
11990.5 10 3.16228
11991.5 7 2.64575
11992.5 14 3.74166
11993.5 15 3.87298
11994.5 7 2.64575
11995.5 10 3.16228
11996.5 7 2.64575
11997.5 9 3
11998.5 5 2.23607
11999.5 6 2.44949
12000.5 8 2.82843
12001.5 6 2.44949
12002.5 10 3.16228
12003.5 9 3
12004.5 6 2.44949
12005.5 9 3
12006.5 20 4.47214
12007.5 7 2.64575
12008.5 7 2.64575
12009.5 12 3.4641
12010.5 9 3
12011.5 9 3
12012.5 9 3
12013.5 9 3
12014.5 13 3.60555
12015.5 11 3.31662
12016.5 13 3.60555
12017.5 14 3.74166
12018.5 11 3.31662
12019.5 6 2.44949
12020.5 6 2.44949
12021.5 7 2.64575
12022.5 5 2.23607
12023.5 11 3.31662
12024.5 14 3.74166
12025.5 11 3.31662
12026.5 9 3
12027.5 10 3.16228
12028.5 11 3.31662
12029.5 5 2.23607
12030.5 9 3
12031.5 6 2.44949
12032.5 15 3.87298
12033.5 11 3.31662
12034.5 13 3.60555
12035.5 12 3.4641
12036.5 11 3.31662
12037.5 6 2.44949
12038.5 4 2
12039.5 13 3.60555
12040.5 7 2.64575
12041.5 6 2.44949
12042.5 10 3.16228
12043.5 7 2.64575
12044.5 5 2.23607
12045.5 7 2.64575
12046.5 8 2.82843
12047.5 8 2.82843
12048.5 6 2.44949
12049.5 9 3
12050.5 9 3
12051.5 10 3.16228
12052.5 6 2.44949
12053.5 11 3.31662
12054.5 14 3.74166
12055.5 9 3
12056.5 12 3.4641
12057.5 8 2.82843
12058.5 15 3.87298
12059.5 8 2.82843
12060.5 13 3.60555
12061.5 12 3.4641
12062.5 11 3.31662
12063.5 5 2.23607
12064.5 6 2.44949
12065.5 15 3.87298
12066.5 8 2.82843
12067.5 8 2.82843
12068.5 12 3.4641
12069.5 6 2.44949
12070.5 13 3.60555
12071.5 5 2.23607
12072.5 5 2.23607
12073.5 8 2.82843
12074.5 8 2.82843
12075.5 2 1.41421
12076.5 13 3.60555
12077.5 10 3.16228
12078.5 10 3.16228
12079.5 4 2
12080.5 14 3.74166
12081.5 7 2.64575
12082.5 14 3.74166
12083.5 8 2.82843
12084.5 13 3.60555
12085.5 8 2.82843
12086.5 4 2
12087.5 11 3.31662
12088.5 7 2.64575
12089.5 8 2.82843
12090.5 15 3.87298
12091.5 12 3.4641
12092.5 11 3.31662
12093.5 8 2.82843
12094.5 6 2.44949
12095.5 13 3.60555
12096.5 7 2.64575
12097.5 9 3
12098.5 10 3.16228
12099.5 14 3.74166
12100.5 10 3.16228
12101.5 11 3.31662
12102.5 10 3.16228
12103.5 9 3
12104.5 4 2
12105.5 13 3.60555
12106.5 8 2.82843
12107.5 7 2.64575
12108.5 11 3.31662
12109.5 5 2.23607
12110.5 8 2.82843
12111.5 10 3.16228
12112.5 5 2.23607
12113.5 10 3.16228
12114.5 14 3.74166
12115.5 6 2.44949
12116.5 7 2.64575
12117.5 6 2.44949
12118.5 13 3.60555
12119.5 15 3.87298
12120.5 8 2.82843
12121.5 8 2.82843
12122.5 15 3.87298
12123.5 6 2.44949
12124.5 10 3.16228
12125.5 12 3.4641
12126.5 9 3
12127.5 9 3
12128.5 7 2.64575
12129.5 13 3.60555
12130.5 8 2.82843
12131.5 6 2.44949
12132.5 8 2.82843
12133.5 16 4
12134.5 9 3
12135.5 4 2
12136.5 6 2.44949
12137.5 4 2
12138.5 12 3.4641
12139.5 5 2.23607
12140.5 12 3.4641
12141.5 7 2.64575
12142.5 5 2.23607
12143.5 10 3.16228
12144.5 4 2
12145.5 10 3.16228
12146.5 11 3.31662
12147.5 10 3.16228
12148.5 7 2.64575
12149.5 8 2.82843
12150.5 9 3
12151.5 8 2.82843
12152.5 5 2.23607
12153.5 10 3.16228
12154.5 10 3.16228
12155.5 6 2.44949
12156.5 8 2.82843
12157.5 8 2.82843
12158.5 10 3.16228
12159.5 8 2.82843
12160.5 13 3.60555
12161.5 13 3.60555
12162.5 8 2.82843
12163.5 7 2.64575
12164.5 8 2.82843
12165.5 9 3
12166.5 9 3
12167.5 3 1.73205
12168.5 7 2.64575
12169.5 6 2.44949
12170.5 8 2.82843
12171.5 13 3.60555
12172.5 7 2.64575
12173.5 8 2.82843
12174.5 5 2.23607
12175.5 9 3
12176.5 8 2.82843
12177.5 11 3.31662
12178.5 7 2.64575
12179.5 10 3.16228
12180.5 7 2.64575
12181.5 7 2.64575
12182.5 2 1.41421
12183.5 7 2.64575
12184.5 8 2.82843
12185.5 6 2.44949
12186.5 4 2
12187.5 4 2
12188.5 8 2.82843
12189.5 10 3.16228
12190.5 6 2.44949
12191.5 4 2
12192.5 9 3
12193.5 7 2.64575
12194.5 4 2
12195.5 9 3
12196.5 9 3
12197.5 11 3.31662
12198.5 11 3.31662
12199.5 7 2.64575
12200.5 5 2.23607
12201.5 9 3
12202.5 4 2
12203.5 12 3.4641
12204.5 8 2.82843
12205.5 4 2
12206.5 4 2
12207.5 8 2.82843
12208.5 4 2
12209.5 7 2.64575
12210.5 10 3.16228
12211.5 4 2
12212.5 7 2.64575
12213.5 5 2.23607
12214.5 12 3.4641
12215.5 2 1.41421
12216.5 4 2
12217.5 10 3.16228
12218.5 6 2.44949
12219.5 8 2.82843
12220.5 6 2.44949
12221.5 5 2.23607
12222.5 9 3
12223.5 6 2.44949
12224.5 9 3
12225.5 6 2.44949
12226.5 2 1.41421
12227.5 12 3.4641
12228.5 8 2.82843
12229.5 6 2.44949
12230.5 6 2.44949
12231.5 5 2.23607
12232.5 3 1.73205
12233.5 2 1.41421
12234.5 6 2.44949
12235.5 8 2.82843
12236.5 8 2.82843
12237.5 7 2.64575
12238.5 5 2.23607
12239.5 6 2.44949
12240.5 7 2.64575
12241.5 6 2.44949
12242.5 8 2.82843
12243.5 5 2.23607
12244.5 6 2.44949
12245.5 5 2.23607
12246.5 9 3
12247.5 4 2
12248.5 7 2.64575
12249.5 4 2
12250.5 6 2.44949
12251.5 12 3.4641
12252.5 6 2.44949
12253.5 5 2.23607
12254.5 7 2.64575
12255.5 6 2.44949
12256.5 5 2.23607
12257.5 6 2.44949
12258.5 4 2
12259.5 5 2.23607
12260.5 6 2.44949
12261.5 6 2.44949
12262.5 12 3.4641
12263.5 2 1.41421
12264.5 6 2.44949
12265.5 7 2.64575
12266.5 4 2
12267.5 8 2.82843
12268.5 3 1.73205
12269.5 9 3
12270.5 8 2.82843
12271.5 5 2.23607
12272.5 9 3
12273.5 6 2.44949
12274.5 6 2.44949
12275.5 7 2.64575
12276.5 7 2.64575
12277.5 7 2.64575
12278.5 8 2.82843
12279.5 6 2.44949
12280.5 5 2.23607
12281.5 8 2.82843
12282.5 13 3.60555
12283.5 9 3
12284.5 10 3.16228
12285.5 7 2.64575
12286.5 3 1.73205
12287.5 7 2.64575
12288.5 6 2.44949
12289.5 11 3.31662
12290.5 4 2
12291.5 8 2.82843
12292.5 8 2.82843
12293.5 7 2.64575
12294.5 5 2.23607
12295.5 6 2.44949
12296.5 13 3.60555
12297.5 6 2.44949
12298.5 6 2.44949
12299.5 7 2.64575
12300.5 7 2.64575
12301.5 7 2.64575
12302.5 12 3.4641
12303.5 6 2.44949
12304.5 6 2.44949
12305.5 5 2.23607
12306.5 1 1
12307.5 4 2
12308.5 4 2
12309.5 3 1.73205
12310.5 5 2.23607
12311.5 8 2.82843
12312.5 2 1.41421
12313.5 4 2
12314.5 8 2.82843
12315.5 3 1.73205
12316.5 6 2.44949
12317.5 6 2.44949
12318.5 5 2.23607
12319.5 6 2.44949
12320.5 6 2.44949
12321.5 10 3.16228
12322.5 8 2.82843
12323.5 5 2.23607
12324.5 5 2.23607
12325.5 3 1.73205
12326.5 3 1.73205
12327.5 16 4
12328.5 7 2.64575
12329.5 3 1.73205
12330.5 3 1.73205
12331.5 8 2.82843
12332.5 1 1
12333.5 10 3.16228
12334.5 5 2.23607
12335.5 4 2
12336.5 8 2.82843
12337.5 4 2
12338.5 5 2.23607
12339.5 4 2
12340.5 3 1.73205
12341.5 6 2.44949
12342.5 7 2.64575
12343.5 6 2.44949
12344.5 7 2.64575
12345.5 7 2.64575
12346.5 6 2.44949
12347.5 7 2.64575
12348.5 6 2.44949
12349.5 7 2.64575
12350.5 5 2.23607
12351.5 5 2.23607
12352.5 5 2.23607
12353.5 7 2.64575
12354.5 10 3.16228
12355.5 5 2.23607
12356.5 2 1.41421
12357.5 1 1
12358.5 4 2
12359.5 8 2.82843
12360.5 8 2.82843
12361.5 5 2.23607
12362.5 1 1
12363.5 9 3
12364.5 8 2.82843
12365.5 8 2.82843
12366.5 7 2.64575
12367.5 3 1.73205
12368.5 6 2.44949
12369.5 13 3.60555
12370.5 5 2.23607
12371.5 6 2.44949
12372.5 3 1.73205
12373.5 5 2.23607
12374.5 6 2.44949
12375.5 5 2.23607
12376.5 7 2.64575
12377.5 3 1.73205
12378.5 5 2.23607
12379.5 3 1.73205
12380.5 7 2.64575
12381.5 6 2.44949
12382.5 10 3.16228
12383.5 9 3
12384.5 7 2.64575
12385.5 7 2.64575
12386.5 4 2
12387.5 5 2.23607
12388.5 10 3.16228
12389.5 11 3.31662
12390.5 7 2.64575
12391.5 6 2.44949
12392.5 4 2
12393.5 9 3
12394.5 3 1.73205
12395.5 8 2.82843
12396.5 2 1.41421
12397.5 5 2.23607
12398.5 5 2.23607
12399.5 4 2
12400.5 5 2.23607
12401.5 8 2.82843
12402.5 5 2.23607
12403.5 5 2.23607
12404.5 7 2.64575
12405.5 4 2
12406.5 2 1.41421
12407.5 6 2.44949
12408.5 11 3.31662
12409.5 8 2.82843
12410.5 5 2.23607
12411.5 4 2
12412.5 10 3.16228
12413.5 4 2
12414.5 5 2.23607
12415.5 10 3.16228
12416.5 2 1.41421
12417.5 9 3
12418.5 4 2
12419.5 4 2
12420.5 2 1.41421
12421.5 5 2.23607
12422.5 7 2.64575
12423.5 8 2.82843
12424.5 4 2
12425.5 2 1.41421
12426.5 3 1.73205
12427.5 9 3
12428.5 6 2.44949
12429.5 6 2.44949
12430.5 8 2.82843
12431.5 7 2.64575
12432.5 3 1.73205
12433.5 3 1.73205
12434.5 6 2.44949
12435.5 6 2.44949
12436.5 5 2.23607
12437.5 14 3.74166
12438.5 4 2
12439.5 4 2
12440.5 3 1.73205
12441.5 5 2.23607
12442.5 9 3
12443.5 8 2.82843
12444.5 2 1.41421
12445.5 3 1.73205
12446.5 6 2.44949
12447.5 5 2.23607
12448.5 5 2.23607
12449.5 3 1.73205
12450.5 4 2
12451.5 3 1.73205
12452.5 4 2
12453.5 4 2
12454.5 2 1.41421
12455.5 4 2
12456.5 4 2
12457.5 2 1.41421
12458.5 5 2.23607
12459.5 9 3
12460.5 6 2.44949
12461.5 9 3
12462.5 7 2.64575
12463.5 8 2.82843
12464.5 4 2
12465.5 5 2.23607
12466.5 4 2
12467.5 7 2.64575
12468.5 8 2.82843
12469.5 3 1.73205
12470.5 8 2.82843
12471.5 11 3.31662
12472.5 10 3.16228
12473.5 4 2
12474.5 3 1.73205
12475.5 3 1.73205
12476.5 5 2.23607
12477.5 10 3.16228
12478.5 4 2
12479.5 4 2
12480.5 4 2
12481.5 7 2.64575
12482.5 8 2.82843
12483.5 7 2.64575
12484.5 7 2.64575
12485.5 2 1.41421
12486.5 5 2.23607
12487.5 3 1.73205
12488.5 3 1.73205
12489.5 3 1.73205
12490.5 1 1
12491.5 13 3.60555
12492.5 6 2.44949
12493.5 5 2.23607
12494.5 6 2.44949
12495.5 7 2.64575
12496.5 14 3.74166
12497.5 8 2.82843
12498.5 9 3
12499.5 9 3
12500.5 4 2
12501.5 9 3
12502.5 6 2.44949
12503.5 6 2.44949
12504.5 4 2
12505.5 4 2
12506.5 3 1.73205
12507.5 10 3.16228
12508.5 4 2
12509.5 3 1.73205
12510.5 4 2
12511.5 4 2
12512.5 2 1.41421
12513.5 4 2
12514.5 13 3.60555
12515.5 2 1.41421
12516.5 7 2.64575
12517.5 3 1.73205
12518.5 11 3.31662
12519.5 4 2
12520.5 8 2.82843
12521.5 8 2.82843
12522.5 7 2.64575
12523.5 4 2
12524.5 7 2.64575
12525.5 9 3
12526.5 4 2
12527.5 3 1.73205
12528.5 4 2
12529.5 3 1.73205
12530.5 8 2.82843
12531.5 11 3.31662
12532.5 7 2.64575
12533.5 5 2.23607
12534.5 3 1.73205
12535.5 4 2
12536.5 3 1.73205
12537.5 5 2.23607
12538.5 5 2.23607
12539.5 4 2
12540.5 7 2.64575
12541.5 10 3.16228
12542.5 4 2
12543.5 7 2.64575
12544.5 8 2.82843
12545.5 0 0
12546.5 2 1.41421
12547.5 2 1.41421
12548.5 5 2.23607
12549.5 2 1.41421
12550.5 6 2.44949
12551.5 3 1.73205
12552.5 4 2
12553.5 7 2.64575
12554.5 1 1
12555.5 5 2.23607
12556.5 2 1.41421
12557.5 2 1.41421
12558.5 5 2.23607
12559.5 3 1.73205
12560.5 9 3
12561.5 7 2.64575
12562.5 2 1.41421
12563.5 3 1.73205
12564.5 5 2.23607
12565.5 5 2.23607
12566.5 2 1.41421
12567.5 3 1.73205
12568.5 5 2.23607
12569.5 0 0
12570.5 4 2
12571.5 5 2.23607
12572.5 8 2.82843
12573.5 3 1.73205
12574.5 5 2.23607
12575.5 6 2.44949
12576.5 0 0
12577.5 7 2.64575
12578.5 9 3
12579.5 5 2.23607
12580.5 2 1.41421
12581.5 7 2.64575
12582.5 2 1.41421
12583.5 3 1.73205
12584.5 5 2.23607
12585.5 2 1.41421
12586.5 5 2.23607
12587.5 2 1.41421
12588.5 4 2
12589.5 7 2.64575
12590.5 6 2.44949
12591.5 1 1
12592.5 5 2.23607
12593.5 12 3.4641
12594.5 6 2.44949
12595.5 7 2.64575
12596.5 7 2.64575
12597.5 8 2.82843
12598.5 9 3
12599.5 7 2.64575
12600.5 3 1.73205
12601.5 4 2
12602.5 9 3
12603.5 4 2
12604.5 8 2.82843
12605.5 8 2.82843
12606.5 5 2.23607
12607.5 4 2
12608.5 8 2.82843
12609.5 8 2.82843
12610.5 8 2.82843
12611.5 7 2.64575
12612.5 8 2.82843
12613.5 3 1.73205
12614.5 4 2
12615.5 3 1.73205
12616.5 4 2
12617.5 3 1.73205
12618.5 3 1.73205
12619.5 5 2.23607
12620.5 3 1.73205
12621.5 3 1.73205
12622.5 3 1.73205
12623.5 2 1.41421
12624.5 2 1.41421
12625.5 1 1
12626.5 3 1.73205
12627.5 7 2.64575
12628.5 0 0
12629.5 4 2
12630.5 7 2.64575
12631.5 6 2.44949
12632.5 6 2.44949
12633.5 3 1.73205
12634.5 4 2
12635.5 3 1.73205
12636.5 5 2.23607
12637.5 4 2
12638.5 3 1.73205
12639.5 6 2.44949
12640.5 3 1.73205
12641.5 5 2.23607
12642.5 5 2.23607
12643.5 2 1.41421
12644.5 4 2
12645.5 4 2
12646.5 5 2.23607
12647.5 5 2.23607
12648.5 6 2.44949
12649.5 3 1.73205
12650.5 4 2
12651.5 4 2
12652.5 7 2.64575
12653.5 7 2.64575
12654.5 0 0
12655.5 8 2.82843
12656.5 6 2.44949
12657.5 6 2.44949
12658.5 2 1.41421
12659.5 3 1.73205
12660.5 2 1.41421
12661.5 1 1
12662.5 2 1.41421
12663.5 3 1.73205
12664.5 1 1
12665.5 2 1.41421
12666.5 1 1
12667.5 4 2
12668.5 2 1.41421
12669.5 6 2.44949
12670.5 1 1
12671.5 2 1.41421
12672.5 2 1.41421
12673.5 4 2
12674.5 1 1
12675.5 3 1.73205
12676.5 1 1
12677.5 1 1
12678.5 2 1.41421
12679.5 5 2.23607
12680.5 4 2
12681.5 4 2
12682.5 3 1.73205
12683.5 7 2.64575
12684.5 8 2.82843
12685.5 2 1.41421
12686.5 1 1
12687.5 2 1.41421
12688.5 5 2.23607
12689.5 2 1.41421
12690.5 2 1.41421
12691.5 7 2.64575
12692.5 0 0
12693.5 3 1.73205
12694.5 5 2.23607
12695.5 3 1.73205
12696.5 7 2.64575
12697.5 3 1.73205
12698.5 6 2.44949
12699.5 10 3.16228
12700.5 4 2
12701.5 5 2.23607
12702.5 3 1.73205
12703.5 3 1.73205
12704.5 0 0
12705.5 3 1.73205
12706.5 5 2.23607
12707.5 1 1
12708.5 2 1.41421
12709.5 4 2
12710.5 3 1.73205
12711.5 5 2.23607
12712.5 4 2
12713.5 4 2
12714.5 8 2.82843
12715.5 4 2
12716.5 0 0
12717.5 2 1.41421
12718.5 5 2.23607
12719.5 3 1.73205
12720.5 7 2.64575
12721.5 2 1.41421
12722.5 6 2.44949
12723.5 6 2.44949
12724.5 2 1.41421
12725.5 6 2.44949
12726.5 2 1.41421
12727.5 5 2.23607
12728.5 4 2
12729.5 4 2
12730.5 1 1
12731.5 5 2.23607
12732.5 7 2.64575
12733.5 5 2.23607
12734.5 2 1.41421
12735.5 1 1
12736.5 2 1.41421
12737.5 4 2
12738.5 2 1.41421
12739.5 1 1
12740.5 3 1.73205
12741.5 1 1
12742.5 2 1.41421
12743.5 3 1.73205
12744.5 4 2
12745.5 6 2.44949
12746.5 3 1.73205
12747.5 5 2.23607
12748.5 2 1.41421
12749.5 1 1
12750.5 3 1.73205
12751.5 2 1.41421
12752.5 0 0
12753.5 2 1.41421
12754.5 5 2.23607
12755.5 1 1
12756.5 5 2.23607
12757.5 2 1.41421
12758.5 3 1.73205
12759.5 3 1.73205
12760.5 3 1.73205
12761.5 2 1.41421
12762.5 5 2.23607
12763.5 3 1.73205
12764.5 0 0
12765.5 5 2.23607
12766.5 3 1.73205
12767.5 5 2.23607
12768.5 2 1.41421
12769.5 4 2
12770.5 2 1.41421
12771.5 5 2.23607
12772.5 4 2
12773.5 1 1
12774.5 2 1.41421
12775.5 1 1
12776.5 2 1.41421
12777.5 2 1.41421
12778.5 5 2.23607
12779.5 2 1.41421
12780.5 3 1.73205
12781.5 2 1.41421
12782.5 0 0
12783.5 1 1
12784.5 0 0
12785.5 2 1.41421
12786.5 6 2.44949
12787.5 9 3
12788.5 6 2.44949
12789.5 2 1.41421
12790.5 2 1.41421
12791.5 3 1.73205
12792.5 4 2
12793.5 6 2.44949
12794.5 3 1.73205
12795.5 1 1
12796.5 1 1
12797.5 4 2
12798.5 4 2
12799.5 3 1.73205
12800.5 3 1.73205
12801.5 0 0
12802.5 0 0
12803.5 4 2
12804.5 5 2.23607
12805.5 3 1.73205
12806.5 1 1
12807.5 4 2
12808.5 0 0
12809.5 1 1
12810.5 1 1
12811.5 3 1.73205
12812.5 5 2.23607
12813.5 2 1.41421
12814.5 5 2.23607
12815.5 2 1.41421
12816.5 2 1.41421
12817.5 3 1.73205
12818.5 3 1.73205
12819.5 4 2
12820.5 3 1.73205
12821.5 3 1.73205
12822.5 0 0
12823.5 1 1
12824.5 1 1
12825.5 2 1.41421
12826.5 3 1.73205
12827.5 2 1.41421
12828.5 4 2
12829.5 2 1.41421
12830.5 2 1.41421
12831.5 2 1.41421
12832.5 2 1.41421
12833.5 3 1.73205
12834.5 3 1.73205
12835.5 1 1
12836.5 0 0
12837.5 1 1
12838.5 2 1.41421
12839.5 2 1.41421
12840.5 0 0
12841.5 5 2.23607
12842.5 1 1
12843.5 0 0
12844.5 1 1
12845.5 2 1.41421
12846.5 5 2.23607
12847.5 0 0
12848.5 0 0
12849.5 2 1.41421
12850.5 2 1.41421
12851.5 2 1.41421
12852.5 1 1
12853.5 3 1.73205
12854.5 4 2
12855.5 3 1.73205
12856.5 4 2
12857.5 0 0
12858.5 4 2
12859.5 0 0
12860.5 2 1.41421
12861.5 4 2
12862.5 1 1
12863.5 2 1.41421
12864.5 2 1.41421
12865.5 2 1.41421
12866.5 2 1.41421
12867.5 3 1.73205
12868.5 1 1
12869.5 3 1.73205
12870.5 4 2
12871.5 4 2
12872.5 2 1.41421
12873.5 4 2
12874.5 0 0
12875.5 3 1.73205
12876.5 2 1.41421
12877.5 2 1.41421
12878.5 6 2.44949
12879.5 4 2
12880.5 2 1.41421
12881.5 1 1
12882.5 2 1.41421
12883.5 1 1
12884.5 2 1.41421
12885.5 1 1
12886.5 3 1.73205
12887.5 3 1.73205
12888.5 1 1
12889.5 1 1
12890.5 1 1
12891.5 3 1.73205
12892.5 2 1.41421
12893.5 3 1.73205
12894.5 4 2
12895.5 3 1.73205
12896.5 4 2
12897.5 1 1
12898.5 0 0
12899.5 0 0
12900.5 4 2
12901.5 0 0
12902.5 2 1.41421
12903.5 4 2
12904.5 2 1.41421
12905.5 2 1.41421
12906.5 1 1
12907.5 2 1.41421
12908.5 3 1.73205
12909.5 1 1
12910.5 3 1.73205
12911.5 3 1.73205
12912.5 6 2.44949
12913.5 1 1
12914.5 3 1.73205
12915.5 2 1.41421
12916.5 3 1.73205
12917.5 2 1.41421
12918.5 2 1.41421
12919.5 0 0
12920.5 1 1
12921.5 2 1.41421
12922.5 0 0
12923.5 0 0
12924.5 3 1.73205
12925.5 1 1
12926.5 2 1.41421
12927.5 3 1.73205
12928.5 1 1
12929.5 2 1.41421
12930.5 4 2
12931.5 0 0
12932.5 1 1
12933.5 0 0
12934.5 0 0
12935.5 2 1.41421
12936.5 0 0
12937.5 1 1
12938.5 3 1.73205
12939.5 1 1
12940.5 0 0
12941.5 3 1.73205
12942.5 1 1
12943.5 0 0
12944.5 1 1
12945.5 1 1
12946.5 1 1
12947.5 2 1.41421
12948.5 1 1
12949.5 0 0
12950.5 3 1.73205
12951.5 1 1
12952.5 3 1.73205
12953.5 3 1.73205
12954.5 1 1
12955.5 3 1.73205
12956.5 1 1
12957.5 2 1.41421
12958.5 3 1.73205
12959.5 0 0
12960.5 3 1.73205
12961.5 0 0
12962.5 1 1
12963.5 1 1
12964.5 1 1
12965.5 0 0
12966.5 1 1
12967.5 2 1.41421
12968.5 1 1
12969.5 1 1
12970.5 3 1.73205
12971.5 2 1.41421
12972.5 1 1
12973.5 0 0
12974.5 1 1
12975.5 0 0
12976.5 2 1.41421
12977.5 0 0
12978.5 1 1
12979.5 2 1.41421
12980.5 1 1
12981.5 1 1
12982.5 0 0
12983.5 1 1
12984.5 0 0
12985.5 2 1.41421
12986.5 2 1.41421
12987.5 2 1.41421
12988.5 2 1.41421
12989.5 2 1.41421
12990.5 1 1
12991.5 0 0
12992.5 3 1.73205
12993.5 0 0
12994.5 0 0
12995.5 3 1.73205
12996.5 0 0
12997.5 2 1.41421
12998.5 0 0
12999.5 2 1.41421
13000.5 2 1.41421
13001.5 2 1.41421
13002.5 1 1
13003.5 4 2
13004.5 3 1.73205
13005.5 4 2
13006.5 0 0
13007.5 1 1
13008.5 1 1
13009.5 2 1.41421
13010.5 2 1.41421
13011.5 1 1
13012.5 1 1
13013.5 2 1.41421
13014.5 0 0
13015.5 2 1.41421
13016.5 2 1.41421
13017.5 4 2
13018.5 3 1.73205
13019.5 3 1.73205
13020.5 0 0
13021.5 4 2
13022.5 5 2.23607
13023.5 3 1.73205
13024.5 5 2.23607
13025.5 4 2
13026.5 5 2.23607
13027.5 5 2.23607
13028.5 5 2.23607
13029.5 7 2.64575
13030.5 0 0
13031.5 6 2.44949
13032.5 2 1.41421
13033.5 3 1.73205
13034.5 8 2.82843
13035.5 4 2
13036.5 5 2.23607
13037.5 6 2.44949
13038.5 5 2.23607
13039.5 4 2
13040.5 10 3.16228
13041.5 3 1.73205
13042.5 3 1.73205
13043.5 6 2.44949
13044.5 4 2
13045.5 3 1.73205
13046.5 4 2
13047.5 5 2.23607
13048.5 1 1
13049.5 4 2
13050.5 0 0
13051.5 4 2
13052.5 2 1.41421
13053.5 3 1.73205
13054.5 5 2.23607
13055.5 2 1.41421
13056.5 5 2.23607
13057.5 0 0
13058.5 2 1.41421
13059.5 2 1.41421
13060.5 2 1.41421
13061.5 1 1
13062.5 2 1.41421
13063.5 1 1
13064.5 2 1.41421
13065.5 3 1.73205
13066.5 0 0
13067.5 1 1
13068.5 3 1.73205
13069.5 0 0
13070.5 2 1.41421
13071.5 2 1.41421
13072.5 0 0
13073.5 9 3
13074.5 1 1
13075.5 2 1.41421
13076.5 2 1.41421
13077.5 5 2.23607
13078.5 2 1.41421
13079.5 0 0
13080.5 2 1.41421
13081.5 2 1.41421
13082.5 2 1.41421
13083.5 1 1
13084.5 1 1
13085.5 2 1.41421
13086.5 2 1.41421
13087.5 0 0
13088.5 2 1.41421
13089.5 3 1.73205
13090.5 2 1.41421
13091.5 1 1
13092.5 0 0
13093.5 3 1.73205
13094.5 1 1
13095.5 2 1.41421
13096.5 3 1.73205
13097.5 0 0
13098.5 0 0
13099.5 2 1.41421
13100.5 3 1.73205
13101.5 1 1
13102.5 0 0
13103.5 2 1.41421
13104.5 4 2
13105.5 2 1.41421
13106.5 2 1.41421
13107.5 0 0
13108.5 1 1
13109.5 2 1.41421
13110.5 1 1
13111.5 0 0
13112.5 3 1.73205
13113.5 2 1.41421
13114.5 1 1
13115.5 1 1
13116.5 0 0
13117.5 1 1
13118.5 1 1
13119.5 2 1.41421
13120.5 1 1
13121.5 2 1.41421
13122.5 2 1.41421
13123.5 2 1.41421
13124.5 3 1.73205
13125.5 1 1
13126.5 1 1
13127.5 1 1
13128.5 1 1
13129.5 0 0
13130.5 1 1
13131.5 1 1
13132.5 0 0
13133.5 2 1.41421
13134.5 3 1.73205
13135.5 1 1
13136.5 0 0
13137.5 1 1
13138.5 2 1.41421
13139.5 0 0
13140.5 2 1.41421
13141.5 2 1.41421
13142.5 0 0
13143.5 0 0
13144.5 3 1.73205
13145.5 3 1.73205
13146.5 1 1
13147.5 0 0
13148.5 2 1.41421
13149.5 2 1.41421
13150.5 1 1
13151.5 2 1.41421
13152.5 0 0
13153.5 1 1
13154.5 0 0
13155.5 2 1.41421
13156.5 1 1
13157.5 4 2
13158.5 1 1
13159.5 3 1.73205
13160.5 2 1.41421
13161.5 3 1.73205
13162.5 0 0
13163.5 1 1
13164.5 0 0
13165.5 1 1
13166.5 1 1
13167.5 0 0
13168.5 2 1.41421
13169.5 0 0
13170.5 1 1
13171.5 1 1
13172.5 0 0
13173.5 1 1
13174.5 1 1
13175.5 0 0
13176.5 0 0
13177.5 1 1
13178.5 3 1.73205
13179.5 1 1
13180.5 2 1.41421
13181.5 1 1
13182.5 0 0
13183.5 1 1
13184.5 1 1
13185.5 1 1
13186.5 2 1.41421
13187.5 0 0
13188.5 2 1.41421
13189.5 2 1.41421
13190.5 1 1
13191.5 0 0
13192.5 1 1
13193.5 2 1.41421
13194.5 2 1.41421
13195.5 1 1
13196.5 2 1.41421
13197.5 1 1
13198.5 4 2
13199.5 1 1
13200.5 0 0
13201.5 1 1
13202.5 1 1
13203.5 4 2
13204.5 2 1.41421
13205.5 2 1.41421
13206.5 2 1.41421
13207.5 4 2
13208.5 0 0
13209.5 4 2
13210.5 0 0
13211.5 1 1
13212.5 4 2
13213.5 3 1.73205
13214.5 4 2
13215.5 0 0
13216.5 1 1
13217.5 1 1
13218.5 0 0
13219.5 3 1.73205
13220.5 0 0
13221.5 1 1
13222.5 2 1.41421
13223.5 1 1
13224.5 1 1
13225.5 1 1
13226.5 1 1
13227.5 5 2.23607
13228.5 0 0
13229.5 4 2
13230.5 1 1
13231.5 3 1.73205
13232.5 0 0
13233.5 1 1
13234.5 1 1
13235.5 0 0
13236.5 2 1.41421
13237.5 1 1
13238.5 0 0
13239.5 2 1.41421
13240.5 2 1.41421
13241.5 3 1.73205
13242.5 0 0
13243.5 1 1
13244.5 0 0
13245.5 6 2.44949
13246.5 0 0
13247.5 0 0
13248.5 2 1.41421
13249.5 0 0
13250.5 1 1
13251.5 0 0
13252.5 3 1.73205
13253.5 2 1.41421
13254.5 0 0
13255.5 1 1
13256.5 1 1
13257.5 1 1
13258.5 2 1.41421
13259.5 3 1.73205
13260.5 2 1.41421
13261.5 2 1.41421
13262.5 1 1
13263.5 2 1.41421
13264.5 2 1.41421
13265.5 0 0
13266.5 2 1.41421
13267.5 0 0
13268.5 3 1.73205
13269.5 2 1.41421
13270.5 3 1.73205
13271.5 2 1.41421
13272.5 0 0
13273.5 1 1
13274.5 1 1
13275.5 0 0
13276.5 1 1
13277.5 2 1.41421
13278.5 0 0
13279.5 0 0
13280.5 2 1.41421
13281.5 0 0
13282.5 1 1
13283.5 3 1.73205
13284.5 1 1
13285.5 0 0
13286.5 6 2.44949
13287.5 2 1.41421
13288.5 4 2
13289.5 0 0
13290.5 1 1
13291.5 2 1.41421
13292.5 1 1
13293.5 0 0
13294.5 1 1
13295.5 2 1.41421
13296.5 1 1
13297.5 2 1.41421
13298.5 3 1.73205
13299.5 0 0
13300.5 2 1.41421
13301.5 2 1.41421
13302.5 3 1.73205
13303.5 3 1.73205
13304.5 1 1
13305.5 4 2
13306.5 3 1.73205
13307.5 2 1.41421
13308.5 3 1.73205
13309.5 2 1.41421
13310.5 4 2
13311.5 5 2.23607
13312.5 6 2.44949
13313.5 9 3
13314.5 12 3.4641
13315.5 4 2
13316.5 7 2.64575
13317.5 5 2.23607
13318.5 5 2.23607
13319.5 4 2
13320.5 4 2
13321.5 13 3.60555
13322.5 4 2
13323.5 8 2.82843
13324.5 6 2.44949
13325.5 4 2
13326.5 7 2.64575
13327.5 7 2.64575
13328.5 9 3
13329.5 5 2.23607
13330.5 1 1
13331.5 8 2.82843
13332.5 6 2.44949
13333.5 9 3
13334.5 6 2.44949
13335.5 9 3
13336.5 10 3.16228
13337.5 4 2
13338.5 14 3.74166
13339.5 10 3.16228
13340.5 14 3.74166
13341.5 8 2.82843
13342.5 19 4.3589
13343.5 25 5
13344.5 21 4.58258
13345.5 28 5.2915
13346.5 36 6
13347.5 31 5.56776
13348.5 43 6.55744
13349.5 46 6.78233
13350.5 66 8.12404
13351.5 77 8.77496
13352.5 72 8.48528
13353.5 54 7.34847
13354.5 84 9.16515
13355.5 86 9.27362
13356.5 114 10.6771
13357.5 122 11.0454
13358.5 120 10.9545
13359.5 108 10.3923
13360.5 121 11
13361.5 140 11.8322
13362.5 110 10.4881
13363.5 123 11.0905
13364.5 125 11.1803
13365.5 135 11.619
13366.5 125 11.1803
13367.5 136 11.6619
13368.5 122 11.0454
13369.5 131 11.4455
13370.5 122 11.0454
13371.5 103 10.1489
13372.5 107 10.3441
13373.5 123 11.0905
13374.5 102 10.0995
13375.5 85 9.21954
13376.5 75 8.66025
13377.5 61 7.81025
13378.5 61 7.81025
13379.5 46 6.78233
13380.5 38 6.16441
13381.5 34 5.83095
13382.5 24 4.89898
13383.5 31 5.56776
13384.5 21 4.58258
13385.5 14 3.74166
13386.5 9 3
13387.5 7 2.64575
13388.5 2 1.41421
13389.5 9 3
13390.5 6 2.44949
13391.5 6 2.44949
13392.5 2 1.41421
13393.5 1 1
13394.5 2 1.41421
13395.5 1 1
13396.5 1 1
13397.5 2 1.41421
13398.5 2 1.41421
13399.5 2 1.41421
13400.5 2 1.41421
13401.5 5 2.23607
13402.5 6 2.44949
13403.5 3 1.73205
13404.5 0 0
13405.5 3 1.73205
13406.5 3 1.73205
13407.5 4 2
13408.5 4 2
13409.5 1 1
13410.5 0 0
13411.5 1 1
13412.5 1 1
13413.5 2 1.41421
13414.5 1 1
13415.5 1 1
13416.5 1 1
13417.5 2 1.41421
13418.5 5 2.23607
13419.5 3 1.73205
13420.5 2 1.41421
13421.5 4 2
13422.5 2 1.41421
13423.5 2 1.41421
13424.5 4 2
13425.5 2 1.41421
13426.5 2 1.41421
13427.5 4 2
13428.5 0 0
13429.5 6 2.44949
13430.5 0 0
13431.5 3 1.73205
13432.5 2 1.41421
13433.5 1 1
13434.5 1 1
13435.5 2 1.41421
13436.5 3 1.73205
13437.5 4 2
13438.5 3 1.73205
13439.5 2 1.41421
13440.5 1 1
13441.5 3 1.73205
13442.5 4 2
13443.5 2 1.41421
13444.5 2 1.41421
13445.5 1 1
13446.5 2 1.41421
13447.5 5 2.23607
13448.5 4 2
13449.5 3 1.73205
13450.5 3 1.73205
13451.5 4 2
13452.5 3 1.73205
13453.5 2 1.41421
13454.5 5 2.23607
13455.5 3 1.73205
13456.5 5 2.23607
13457.5 5 2.23607
13458.5 8 2.82843
13459.5 13 3.60555
13460.5 9 3
13461.5 6 2.44949
13462.5 13 3.60555
13463.5 10 3.16228
13464.5 16 4
13465.5 18 4.24264
13466.5 21 4.58258
13467.5 19 4.3589
13468.5 17 4.12311
13469.5 25 5
13470.5 16 4
13471.5 14 3.74166
13472.5 24 4.89898
13473.5 13 3.60555
13474.5 20 4.47214
13475.5 17 4.12311
13476.5 17 4.12311
13477.5 11 3.31662
13478.5 19 4.3589
13479.5 13 3.60555
13480.5 13 3.60555
13481.5 15 3.87298
13482.5 14 3.74166
13483.5 12 3.4641
13484.5 13 3.60555
13485.5 8 2.82843
13486.5 7 2.64575
13487.5 7 2.64575
13488.5 14 3.74166
13489.5 6 2.44949
13490.5 9 3
13491.5 5 2.23607
13492.5 4 2
13493.5 7 2.64575
13494.5 3 1.73205
13495.5 0 0
13496.5 0 0
13497.5 0 0
13498.5 4 2
13499.5 1 1
13500.5 2 1.41421
13501.5 1 1
13502.5 2 1.41421
13503.5 4 2
13504.5 3 1.73205
13505.5 0 0
13506.5 3 1.73205
13507.5 2 1.41421
13508.5 0 0
13509.5 2 1.41421
13510.5 0 0
13511.5 0 0
13512.5 1 1
13513.5 1 1
13514.5 0 0
13515.5 1 1
13516.5 0 0
13517.5 1 1
13518.5 1 1
13519.5 1 1
13520.5 1 1
13521.5 2 1.41421
13522.5 2 1.41421
13523.5 1 1
13524.5 0 0
13525.5 1 1
13526.5 3 1.73205
13527.5 1 1
13528.5 0 0
13529.5 1 1
13530.5 2 1.41421
13531.5 1 1
13532.5 1 1
13533.5 0 0
13534.5 1 1
13535.5 1 1
13536.5 1 1
13537.5 1 1
13538.5 2 1.41421
13539.5 0 0
13540.5 0 0
13541.5 0 0
13542.5 4 2
13543.5 0 0
13544.5 1 1
13545.5 0 0
13546.5 3 1.73205
13547.5 1 1
13548.5 2 1.41421
13549.5 1 1
13550.5 2 1.41421
13551.5 3 1.73205
13552.5 4 2
13553.5 2 1.41421
13554.5 2 1.41421
13555.5 3 1.73205
13556.5 1 1
13557.5 1 1
13558.5 2 1.41421
13559.5 3 1.73205
13560.5 1 1
13561.5 4 2
13562.5 0 0
13563.5 1 1
13564.5 3 1.73205
13565.5 4 2
13566.5 0 0
13567.5 1 1
13568.5 0 0
13569.5 1 1
13570.5 0 0
13571.5 1 1
13572.5 2 1.41421
13573.5 0 0
13574.5 0 0
13575.5 0 0
13576.5 1 1
13577.5 1 1
13578.5 0 0
13579.5 0 0
13580.5 2 1.41421
13581.5 0 0
13582.5 2 1.41421
13583.5 0 0
13584.5 0 0
13585.5 1 1
13586.5 1 1
13587.5 1 1
13588.5 0 0
13589.5 2 1.41421
13590.5 0 0
13591.5 0 0
13592.5 1 1
13593.5 1 1
13594.5 0 0
13595.5 0 0
13596.5 0 0
13597.5 1 1
13598.5 0 0
13599.5 1 1
13600.5 0 0
13601.5 1 1
13602.5 0 0
13603.5 1 1
13604.5 2 1.41421
13605.5 0 0
13606.5 1 1
13607.5 0 0
13608.5 2 1.41421
13609.5 0 0
13610.5 0 0
13611.5 1 1
13612.5 0 0
13613.5 1 1
13614.5 1 1
13615.5 0 0
13616.5 1 1
13617.5 0 0
13618.5 2 1.41421
13619.5 1 1
13620.5 0 0
13621.5 0 0
13622.5 1 1
13623.5 1 1
13624.5 1 1
13625.5 0 0
13626.5 0 0
13627.5 0 0
13628.5 0 0
13629.5 2 1.41421
13630.5 0 0
13631.5 0 0
13632.5 0 0
13633.5 1 1
13634.5 1 1
13635.5 2 1.41421
13636.5 0 0
13637.5 0 0
13638.5 0 0
13639.5 0 0
13640.5 0 0
13641.5 1 1
13642.5 0 0
13643.5 0 0
13644.5 2 1.41421
13645.5 0 0
13646.5 0 0
13647.5 1 1
13648.5 0 0
13649.5 0 0
13650.5 1 1
13651.5 1 1
13652.5 0 0
13653.5 0 0
13654.5 3 1.73205
13655.5 1 1
13656.5 0 0
13657.5 2 1.41421
13658.5 0 0
13659.5 0 0
13660.5 0 0
13661.5 2 1.41421
13662.5 1 1
13663.5 0 0
13664.5 0 0
13665.5 0 0
13666.5 0 0
13667.5 0 0
13668.5 0 0
13669.5 2 1.41421
13670.5 1 1
13671.5 0 0
13672.5 2 1.41421
13673.5 0 0
13674.5 1 1
13675.5 2 1.41421
13676.5 0 0
13677.5 2 1.41421
13678.5 0 0
13679.5 2 1.41421
13680.5 1 1
13681.5 2 1.41421
13682.5 1 1
13683.5 1 1
13684.5 0 0
13685.5 1 1
13686.5 0 0
13687.5 2 1.41421
13688.5 0 0
13689.5 0 0
13690.5 2 1.41421
13691.5 0 0
13692.5 3 1.73205
13693.5 3 1.73205
13694.5 1 1
13695.5 1 1
13696.5 0 0
13697.5 0 0
13698.5 1 1
13699.5 2 1.41421
13700.5 1 1
13701.5 0 0
13702.5 0 0
13703.5 0 0
13704.5 0 0
13705.5 0 0
13706.5 1 1
13707.5 2 1.41421
13708.5 2 1.41421
13709.5 2 1.41421
13710.5 0 0
13711.5 0 0
13712.5 2 1.41421
13713.5 0 0
13714.5 0 0
13715.5 0 0
13716.5 0 0
13717.5 1 1
13718.5 0 0
13719.5 1 1
13720.5 1 1
13721.5 0 0
13722.5 1 1
13723.5 0 0
13724.5 0 0
13725.5 2 1.41421
13726.5 0 0
13727.5 0 0
13728.5 1 1
13729.5 0 0
13730.5 0 0
13731.5 0 0
13732.5 1 1
13733.5 1 1
13734.5 0 0
13735.5 2 1.41421
13736.5 1 1
13737.5 1 1
13738.5 1 1
13739.5 0 0
13740.5 0 0
13741.5 1 1
13742.5 0 0
13743.5 2 1.41421
13744.5 0 0
13745.5 0 0
13746.5 0 0
13747.5 0 0
13748.5 1 1
13749.5 1 1
13750.5 2 1.41421
13751.5 0 0
13752.5 1 1
13753.5 1 1
13754.5 0 0
13755.5 1 1
13756.5 0 0
13757.5 0 0
13758.5 0 0
13759.5 1 1
13760.5 0 0
13761.5 1 1
13762.5 0 0
13763.5 0 0
13764.5 0 0
13765.5 0 0
13766.5 0 0
13767.5 0 0
13768.5 0 0
13769.5 1 1
13770.5 1 1
13771.5 0 0
13772.5 0 0
13773.5 1 1
13774.5 0 0
13775.5 0 0
13776.5 0 0
13777.5 0 0
13778.5 0 0
13779.5 1 1
13780.5 1 1
13781.5 0 0
13782.5 1 1
13783.5 0 0
13784.5 1 1
13785.5 0 0
13786.5 0 0
13787.5 0 0
13788.5 0 0
13789.5 0 0
13790.5 1 1
13791.5 1 1
13792.5 0 0
13793.5 0 0
13794.5 0 0
13795.5 0 0
13796.5 1 1
13797.5 0 0
13798.5 1 1
13799.5 0 0
13800.5 0 0
13801.5 1 1
13802.5 1 1
13803.5 0 0
13804.5 0 0
13805.5 1 1
13806.5 1 1
13807.5 0 0
13808.5 2 1.41421
13809.5 1 1
13810.5 0 0
13811.5 0 0
13812.5 2 1.41421
13813.5 0 0
13814.5 0 0
13815.5 0 0
13816.5 0 0
13817.5 0 0
13818.5 3 1.73205
13819.5 0 0
13820.5 3 1.73205
13821.5 0 0
13822.5 0 0
13823.5 1 1
13824.5 0 0
13825.5 0 0
13826.5 0 0
13827.5 1 1
13828.5 0 0
13829.5 1 1
13830.5 1 1
13831.5 1 1
13832.5 1 1
13833.5 1 1
13834.5 0 0
13835.5 0 0
13836.5 1 1
13837.5 1 1
13838.5 0 0
13839.5 1 1
13840.5 1 1
13841.5 0 0
13842.5 0 0
13843.5 1 1
13844.5 1 1
13845.5 0 0
13846.5 0 0
13847.5 0 0
13848.5 1 1
13849.5 0 0
13850.5 2 1.41421
13851.5 0 0
13852.5 0 0
13853.5 0 0
13854.5 1 1
13855.5 1 1
13856.5 0 0
13857.5 0 0
13858.5 2 1.41421
13859.5 0 0
13860.5 0 0
13861.5 0 0
13862.5 0 0
13863.5 0 0
13864.5 1 1
13865.5 0 0
13866.5 1 1
13867.5 0 0
13868.5 2 1.41421
13869.5 0 0
13870.5 1 1
13871.5 0 0
13872.5 1 1
13873.5 1 1
13874.5 0 0
13875.5 0 0
13876.5 0 0
13877.5 2 1.41421
13878.5 0 0
13879.5 0 0
13880.5 1 1
13881.5 1 1
13882.5 3 1.73205
13883.5 0 0
13884.5 2 1.41421
13885.5 1 1
13886.5 0 0
13887.5 1 1
13888.5 0 0
13889.5 0 0
13890.5 0 0
13891.5 0 0
13892.5 2 1.41421
13893.5 1 1
13894.5 1 1
13895.5 1 1
13896.5 0 0
13897.5 0 0
13898.5 1 1
13899.5 0 0
13900.5 2 1.41421
13901.5 0 0
13902.5 0 0
13903.5 1 1
13904.5 1 1
13905.5 0 0
13906.5 1 1
13907.5 0 0
13908.5 2 1.41421
13909.5 0 0
13910.5 0 0
13911.5 2 1.41421
13912.5 0 0
13913.5 1 1
13914.5 1 1
13915.5 0 0
13916.5 0 0
13917.5 0 0
13918.5 0 0
13919.5 1 1
13920.5 0 0
13921.5 0 0
13922.5 0 0
13923.5 0 0
13924.5 3 1.73205
13925.5 0 0
13926.5 1 1
13927.5 3 1.73205
13928.5 0 0
13929.5 1 1
13930.5 0 0
13931.5 2 1.41421
13932.5 1 1
13933.5 1 1
13934.5 2 1.41421
13935.5 1 1
13936.5 1 1
13937.5 1 1
13938.5 1 1
13939.5 1 1
13940.5 2 1.41421
13941.5 2 1.41421
13942.5 0 0
13943.5 0 0
13944.5 1 1
13945.5 2 1.41421
13946.5 0 0
13947.5 1 1
13948.5 4 2
13949.5 3 1.73205
13950.5 0 0
13951.5 0 0
13952.5 0 0
13953.5 0 0
13954.5 1 1
13955.5 1 1
13956.5 1 1
13957.5 1 1
13958.5 0 0
13959.5 1 1
13960.5 0 0
13961.5 0 0
13962.5 0 0
13963.5 0 0
13964.5 0 0
13965.5 1 1
13966.5 2 1.41421
13967.5 1 1
13968.5 1 1
13969.5 1 1
13970.5 2 1.41421
13971.5 2 1.41421
13972.5 1 1
13973.5 2 1.41421
13974.5 0 0
13975.5 0 0
13976.5 0 0
13977.5 1 1
13978.5 1 1
13979.5 0 0
13980.5 0 0
13981.5 0 0
13982.5 0 0
13983.5 0 0
13984.5 1 1
13985.5 0 0
13986.5 0 0
13987.5 0 0
13988.5 1 1
13989.5 2 1.41421
13990.5 0 0
13991.5 0 0
13992.5 0 0
13993.5 1 1
13994.5 0 0
13995.5 0 0
13996.5 0 0
13997.5 0 0
13998.5 0 0
13999.5 0 0
14000.5 0 0
14001.5 0 0
14002.5 0 0
14003.5 0 0
14004.5 0 0
14005.5 1 1
14006.5 1 1
14007.5 1 1
14008.5 0 0
14009.5 0 0
14010.5 0 0
14011.5 1 1
14012.5 0 0
14013.5 1 1
14014.5 3 1.73205
14015.5 2 1.41421
14016.5 0 0
14017.5 0 0
14018.5 1 1
14019.5 1 1
14020.5 2 1.41421
14021.5 0 0
14022.5 0 0
14023.5 0 0
14024.5 1 1
14025.5 0 0
14026.5 0 0
14027.5 0 0
14028.5 1 1
14029.5 1 1
14030.5 1 1
14031.5 2 1.41421
14032.5 3 1.73205
14033.5 1 1
14034.5 1 1
14035.5 2 1.41421
14036.5 0 0
14037.5 1 1
14038.5 1 1
14039.5 0 0
14040.5 0 0
14041.5 0 0
14042.5 2 1.41421
14043.5 1 1
14044.5 0 0
14045.5 0 0
14046.5 0 0
14047.5 0 0
14048.5 1 1
14049.5 0 0
14050.5 0 0
14051.5 0 0
14052.5 1 1
14053.5 0 0
14054.5 0 0
14055.5 0 0
14056.5 0 0
14057.5 0 0
14058.5 2 1.41421
14059.5 0 0
14060.5 0 0
14061.5 0 0
14062.5 0 0
14063.5 0 0
14064.5 0 0
14065.5 0 0
14066.5 0 0
14067.5 0 0
14068.5 1 1
14069.5 0 0
14070.5 0 0
14071.5 0 0
14072.5 0 0
14073.5 1 1
14074.5 0 0
14075.5 0 0
14076.5 0 0
14077.5 1 1
14078.5 0 0
14079.5 0 0
14080.5 0 0
14081.5 0 0
14082.5 0 0
14083.5 0 0
14084.5 0 0
14085.5 1 1
14086.5 0 0
14087.5 1 1
14088.5 2 1.41421
14089.5 0 0
14090.5 1 1
14091.5 0 0
14092.5 0 0
14093.5 1 1
14094.5 1 1
14095.5 0 0
14096.5 0 0
14097.5 1 1
14098.5 0 0
14099.5 0 0
14100.5 0 0
14101.5 2 1.41421
14102.5 1 1
14103.5 1 1
14104.5 0 0
14105.5 0 0
14106.5 1 1
14107.5 0 0
14108.5 0 0
14109.5 0 0
14110.5 1 1
14111.5 1 1
14112.5 2 1.41421
14113.5 0 0
14114.5 0 0
14115.5 0 0
14116.5 0 0
14117.5 4 2
14118.5 3 1.73205
14119.5 1 1
14120.5 1 1
14121.5 2 1.41421
14122.5 0 0
14123.5 1 1
14124.5 3 1.73205
14125.5 1 1
14126.5 2 1.41421
14127.5 2 1.41421
14128.5 1 1
14129.5 1 1
14130.5 1 1
14131.5 1 1
14132.5 2 1.41421
14133.5 2 1.41421
14134.5 0 0
14135.5 2 1.41421
14136.5 3 1.73205
14137.5 2 1.41421
14138.5 0 0
14139.5 4 2
14140.5 3 1.73205
14141.5 4 2
14142.5 1 1
14143.5 0 0
14144.5 3 1.73205
14145.5 3 1.73205
14146.5 1 1
14147.5 0 0
14148.5 1 1
14149.5 3 1.73205
14150.5 0 0
14151.5 0 0
14152.5 2 1.41421
14153.5 2 1.41421
14154.5 3 1.73205
14155.5 1 1
14156.5 1 1
14157.5 1 1
14158.5 0 0
14159.5 0 0
14160.5 0 0
14161.5 0 0
14162.5 0 0
14163.5 1 1
14164.5 0 0
14165.5 0 0
14166.5 0 0
14167.5 0 0
14168.5 0 0
14169.5 0 0
14170.5 1 1
14171.5 2 1.41421
14172.5 2 1.41421
14173.5 0 0
14174.5 0 0
14175.5 0 0
14176.5 1 1
14177.5 0 0
14178.5 1 1
14179.5 0 0
14180.5 0 0
14181.5 0 0
14182.5 0 0
14183.5 0 0
14184.5 0 0
14185.5 0 0
14186.5 0 0
14187.5 0 0
14188.5 0 0
14189.5 0 0
14190.5 0 0
14191.5 0 0
14192.5 0 0
14193.5 0 0
14194.5 1 1
14195.5 1 1
14196.5 0 0
14197.5 2 1.41421
14198.5 0 0
14199.5 0 0
14200.5 1 1
14201.5 1 1
14202.5 1 1
14203.5 0 0
14204.5 0 0
14205.5 2 1.41421
14206.5 0 0
14207.5 0 0
14208.5 0 0
14209.5 0 0
14210.5 1 1
14211.5 2 1.41421
14212.5 1 1
14213.5 0 0
14214.5 0 0
14215.5 0 0
14216.5 0 0
14217.5 0 0
14218.5 0 0
14219.5 0 0
14220.5 1 1
14221.5 1 1
14222.5 0 0
14223.5 1 1
14224.5 0 0
14225.5 0 0
14226.5 1 1
14227.5 0 0
14228.5 0 0
14229.5 0 0
14230.5 2 1.41421
14231.5 0 0
14232.5 0 0
14233.5 0 0
14234.5 0 0
14235.5 0 0
14236.5 0 0
14237.5 0 0
14238.5 0 0
14239.5 1 1
14240.5 0 0
14241.5 1 1
14242.5 0 0
14243.5 0 0
14244.5 1 1
14245.5 0 0
14246.5 0 0
14247.5 0 0
14248.5 1 1
14249.5 0 0
14250.5 0 0
14251.5 0 0
14252.5 1 1
14253.5 0 0
14254.5 1 1
14255.5 0 0
14256.5 0 0
14257.5 0 0
14258.5 0 0
14259.5 0 0
14260.5 0 0
14261.5 0 0
14262.5 0 0
14263.5 0 0
14264.5 0 0
14265.5 0 0
14266.5 0 0
14267.5 0 0
14268.5 0 0
14269.5 0 0
14270.5 1 1
14271.5 0 0
14272.5 0 0
14273.5 0 0
14274.5 0 0
14275.5 0 0
14276.5 1 1
14277.5 1 1
14278.5 0 0
14279.5 0 0
14280.5 1 1
14281.5 0 0
14282.5 0 0
14283.5 0 0
14284.5 1 1
14285.5 0 0
14286.5 0 0
14287.5 0 0
14288.5 0 0
14289.5 0 0
14290.5 0 0
14291.5 2 1.41421
14292.5 0 0
14293.5 1 1
14294.5 0 0
14295.5 0 0
14296.5 0 0
14297.5 1 1
14298.5 1 1
14299.5 0 0
14300.5 0 0
14301.5 1 1
14302.5 0 0
14303.5 1 1
14304.5 0 0
14305.5 0 0
14306.5 1 1
14307.5 0 0
14308.5 0 0
14309.5 1 1
14310.5 1 1
14311.5 0 0
14312.5 0 0
14313.5 0 0
14314.5 1 1
14315.5 0 0
14316.5 0 0
14317.5 1 1
14318.5 0 0
14319.5 0 0
14320.5 0 0
14321.5 1 1
14322.5 0 0
14323.5 1 1
14324.5 1 1
14325.5 0 0
14326.5 0 0
14327.5 0 0
14328.5 0 0
14329.5 0 0
14330.5 0 0
14331.5 2 1.41421
14332.5 2 1.41421
14333.5 0 0
14334.5 1 1
14335.5 0 0
14336.5 0 0
14337.5 1 1
14338.5 2 1.41421
14339.5 0 0
14340.5 1 1
14341.5 0 0
14342.5 0 0
14343.5 0 0
14344.5 0 0
14345.5 0 0
14346.5 0 0
14347.5 1 1
14348.5 0 0
14349.5 0 0
14350.5 1 1
14351.5 0 0
14352.5 1 1
14353.5 0 0
14354.5 0 0
14355.5 0 0
14356.5 0 0
14357.5 0 0
14358.5 0 0
14359.5 0 0
14360.5 0 0
14361.5 0 0
14362.5 0 0
14363.5 0 0
14364.5 0 0
14365.5 0 0
14366.5 0 0
14367.5 0 0
14368.5 2 1.41421
14369.5 0 0
14370.5 1 1
14371.5 0 0
14372.5 0 0
14373.5 1 1
14374.5 1 1
14375.5 0 0
14376.5 0 0
14377.5 1 1
14378.5 0 0
14379.5 0 0
14380.5 1 1
14381.5 0 0
14382.5 1 1
14383.5 0 0
14384.5 0 0
14385.5 0 0
14386.5 0 0
14387.5 0 0
14388.5 0 0
14389.5 0 0
14390.5 0 0
14391.5 0 0
14392.5 0 0
14393.5 0 0
14394.5 0 0
14395.5 1 1
14396.5 0 0
14397.5 2 1.41421
14398.5 2 1.41421
14399.5 1 1
14400.5 1 1
14401.5 0 0
14402.5 0 0
14403.5 0 0
14404.5 0 0
14405.5 0 0
14406.5 1 1
14407.5 1 1
14408.5 1 1
14409.5 0 0
14410.5 0 0
14411.5 1 1
14412.5 0 0
14413.5 0 0
14414.5 2 1.41421
14415.5 1 1
14416.5 0 0
14417.5 1 1
14418.5 0 0
14419.5 2 1.41421
14420.5 1 1
14421.5 1 1
14422.5 0 0
14423.5 1 1
14424.5 1 1
14425.5 2 1.41421
14426.5 0 0
14427.5 1 1
14428.5 1 1
14429.5 0 0
14430.5 0 0
14431.5 1 1
14432.5 0 0
14433.5 0 0
14434.5 1 1
14435.5 0 0
14436.5 1 1
14437.5 0 0
14438.5 1 1
14439.5 0 0
14440.5 1 1
14441.5 1 1
14442.5 0 0
14443.5 0 0
14444.5 0 0
14445.5 0 0
14446.5 1 1
14447.5 1 1
14448.5 1 1
14449.5 0 0
14450.5 0 0
14451.5 0 0
14452.5 2 1.41421
14453.5 0 0
14454.5 0 0
14455.5 1 1
14456.5 0 0
14457.5 0 0
14458.5 0 0
14459.5 0 0
14460.5 0 0
14461.5 0 0
14462.5 0 0
14463.5 0 0
14464.5 1 1
14465.5 0 0
14466.5 0 0
14467.5 0 0
14468.5 1 1
14469.5 1 1
14470.5 0 0
14471.5 0 0
14472.5 1 1
14473.5 1 1
14474.5 0 0
14475.5 0 0
14476.5 0 0
14477.5 2 1.41421
14478.5 0 0
14479.5 0 0
14480.5 1 1
14481.5 0 0
14482.5 1 1
14483.5 0 0
14484.5 0 0
14485.5 0 0
14486.5 0 0
14487.5 0 0
14488.5 1 1
14489.5 0 0
14490.5 1 1
14491.5 1 1
14492.5 0 0
14493.5 1 1
14494.5 0 0
14495.5 0 0
14496.5 0 0
14497.5 0 0
14498.5 0 0
14499.5 0 0
14500.5 0 0
14501.5 0 0
14502.5 1 1
14503.5 0 0
14504.5 0 0
14505.5 0 0
14506.5 1 1
14507.5 0 0
14508.5 0 0
14509.5 1 1
14510.5 0 0
14511.5 0 0
14512.5 1 1
14513.5 0 0
14514.5 0 0
14515.5 0 0
14516.5 0 0
14517.5 0 0
14518.5 2 1.41421
14519.5 0 0
14520.5 0 0
14521.5 1 1
14522.5 0 0
14523.5 1 1
14524.5 1 1
14525.5 0 0
14526.5 1 1
14527.5 0 0
14528.5 1 1
14529.5 2 1.41421
14530.5 0 0
14531.5 0 0
14532.5 0 0
14533.5 0 0
14534.5 0 0
14535.5 0 0
14536.5 1 1
14537.5 0 0
14538.5 0 0
14539.5 0 0
14540.5 0 0
14541.5 0 0
14542.5 2 1.41421
14543.5 1 1
14544.5 0 0
14545.5 0 0
14546.5 0 0
14547.5 0 0
14548.5 0 0
14549.5 0 0
14550.5 1 1
14551.5 0 0
14552.5 0 0
14553.5 0 0
14554.5 0 0
14555.5 0 0
14556.5 0 0
14557.5 0 0
14558.5 0 0
14559.5 0 0
14560.5 0 0
14561.5 0 0
14562.5 1 1
14563.5 0 0
14564.5 0 0
14565.5 1 1
14566.5 0 0
14567.5 1 1
14568.5 0 0
14569.5 0 0
14570.5 0 0
14571.5 0 0
14572.5 0 0
14573.5 1 1
14574.5 0 0
14575.5 0 0
14576.5 0 0
14577.5 1 1
14578.5 0 0
14579.5 0 0
14580.5 1 1
14581.5 0 0
14582.5 0 0
14583.5 0 0
14584.5 2 1.41421
14585.5 0 0
14586.5 2 1.41421
14587.5 0 0
14588.5 0 0
14589.5 1 1
14590.5 0 0
14591.5 0 0
14592.5 0 0
14593.5 1 1
14594.5 0 0
14595.5 1 1
14596.5 0 0
14597.5 0 0
14598.5 0 0
14599.5 1 1
14600.5 0 0
14601.5 0 0
14602.5 0 0
14603.5 1 1
14604.5 0 0
14605.5 0 0
14606.5 3 1.73205
14607.5 0 0
14608.5 0 0
14609.5 0 0
14610.5 0 0
14611.5 0 0
14612.5 0 0
14613.5 0 0
14614.5 1 1
14615.5 1 1
14616.5 0 0
14617.5 0 0
14618.5 0 0
14619.5 0 0
14620.5 0 0
14621.5 1 1
14622.5 0 0
14623.5 0 0
14624.5 0 0
14625.5 0 0
14626.5 1 1
14627.5 0 0
14628.5 0 0
14629.5 0 0
14630.5 0 0
14631.5 0 0
14632.5 0 0
14633.5 0 0
14634.5 0 0
14635.5 0 0
14636.5 1 1
14637.5 0 0
14638.5 0 0
14639.5 1 1
14640.5 0 0
14641.5 0 0
14642.5 0 0
14643.5 1 1
14644.5 0 0
14645.5 0 0
14646.5 0 0
14647.5 0 0
14648.5 0 0
14649.5 0 0
14650.5 0 0
14651.5 0 0
14652.5 1 1
14653.5 3 1.73205
14654.5 0 0
14655.5 0 0
14656.5 0 0
14657.5 0 0
14658.5 1 1
14659.5 0 0
14660.5 1 1
14661.5 0 0
14662.5 0 0
14663.5 0 0
14664.5 0 0
14665.5 0 0
14666.5 1 1
14667.5 2 1.41421
14668.5 0 0
14669.5 1 1
14670.5 0 0
14671.5 0 0
14672.5 0 0
14673.5 1 1
14674.5 0 0
14675.5 2 1.41421
14676.5 0 0
14677.5 0 0
14678.5 1 1
14679.5 0 0
14680.5 0 0
14681.5 1 1
14682.5 0 0
14683.5 1 1
14684.5 0 0
14685.5 1 1
14686.5 0 0
14687.5 2 1.41421
14688.5 0 0
14689.5 0 0
14690.5 0 0
14691.5 2 1.41421
14692.5 0 0
14693.5 1 1
14694.5 0 0
14695.5 1 1
14696.5 0 0
14697.5 0 0
14698.5 0 0
14699.5 0 0
14700.5 0 0
14701.5 0 0
14702.5 1 1
14703.5 0 0
14704.5 0 0
14705.5 0 0
14706.5 0 0
14707.5 0 0
14708.5 1 1
14709.5 1 1
14710.5 1 1
14711.5 1 1
14712.5 0 0
14713.5 0 0
14714.5 0 0
14715.5 0 0
14716.5 1 1
14717.5 1 1
14718.5 0 0
14719.5 1 1
14720.5 0 0
14721.5 0 0
14722.5 0 0
14723.5 1 1
14724.5 0 0
14725.5 1 1
14726.5 0 0
14727.5 1 1
14728.5 0 0
14729.5 1 1
14730.5 1 1
14731.5 0 0
14732.5 0 0
14733.5 0 0
14734.5 0 0
14735.5 1 1
14736.5 1 1
14737.5 0 0
14738.5 0 0
14739.5 0 0
14740.5 1 1
14741.5 0 0
14742.5 0 0
14743.5 1 1
14744.5 0 0
14745.5 0 0
14746.5 0 0
14747.5 0 0
14748.5 0 0
14749.5 1 1
14750.5 0 0
14751.5 0 0
14752.5 0 0
14753.5 1 1
14754.5 0 0
14755.5 0 0
14756.5 1 1
14757.5 0 0
14758.5 1 1
14759.5 0 0
14760.5 1 1
14761.5 1 1
14762.5 3 1.73205
14763.5 0 0
14764.5 1 1
14765.5 1 1
14766.5 2 1.41421
14767.5 2 1.41421
14768.5 1 1
14769.5 1 1
14770.5 1 1
14771.5 2 1.41421
14772.5 0 0
14773.5 3 1.73205
14774.5 2 1.41421
14775.5 1 1
14776.5 1 1
14777.5 2 1.41421
14778.5 0 0
14779.5 2 1.41421
14780.5 1 1
14781.5 0 0
14782.5 2 1.41421
14783.5 0 0
14784.5 3 1.73205
14785.5 1 1
14786.5 0 0
14787.5 0 0
14788.5 0 0
14789.5 3 1.73205
14790.5 1 1
14791.5 0 0
14792.5 1 1
14793.5 1 1
14794.5 2 1.41421
14795.5 2 1.41421
14796.5 1 1
14797.5 1 1
14798.5 3 1.73205
14799.5 3 1.73205
14800.5 4 2
14801.5 2 1.41421
14802.5 3 1.73205
14803.5 1 1
14804.5 3 1.73205
14805.5 2 1.41421
14806.5 7 2.64575
14807.5 3 1.73205
14808.5 4 2
14809.5 3 1.73205
14810.5 6 2.44949
14811.5 1 1
14812.5 3 1.73205
14813.5 3 1.73205
14814.5 4 2
14815.5 8 2.82843
14816.5 4 2
14817.5 7 2.64575
14818.5 3 1.73205
14819.5 2 1.41421
14820.5 1 1
14821.5 3 1.73205
14822.5 1 1
14823.5 2 1.41421
14824.5 2 1.41421
14825.5 3 1.73205
14826.5 1 1
14827.5 1 1
14828.5 1 1
14829.5 0 0
14830.5 0 0
14831.5 0 0
14832.5 0 0
14833.5 0 0
14834.5 0 0
14835.5 0 0
14836.5 0 0
14837.5 0 0
14838.5 0 0
14839.5 0 0
14840.5 0 0
14841.5 0 0
14842.5 0 0
14843.5 0 0
14844.5 0 0
14845.5 0 0
14846.5 2 1.41421
14847.5 0 0
14848.5 1 1
14849.5 1 1
14850.5 1 1
14851.5 0 0
14852.5 0 0
14853.5 0 0
14854.5 0 0
14855.5 0 0
14856.5 0 0
14857.5 1 1
14858.5 0 0
14859.5 1 1
14860.5 0 0
14861.5 0 0
14862.5 1 1
14863.5 0 0
14864.5 2 1.41421
14865.5 0 0
14866.5 2 1.41421
14867.5 0 0
14868.5 0 0
14869.5 0 0
14870.5 1 1
14871.5 0 0
14872.5 0 0
14873.5 0 0
14874.5 2 1.41421
14875.5 0 0
14876.5 0 0
14877.5 1 1
14878.5 0 0
14879.5 0 0
14880.5 0 0
14881.5 0 0
14882.5 1 1
14883.5 0 0
14884.5 1 1
14885.5 0 0
14886.5 1 1
14887.5 0 0
14888.5 0 0
14889.5 0 0
14890.5 2 1.41421
14891.5 0 0
14892.5 0 0
14893.5 1 1
14894.5 0 0
14895.5 2 1.41421
14896.5 0 0
14897.5 2 1.41421
14898.5 1 1
14899.5 3 1.73205
14900.5 0 0
14901.5 1 1
14902.5 2 1.41421
14903.5 1 1
14904.5 0 0
14905.5 3 1.73205
14906.5 2 1.41421
14907.5 1 1
14908.5 1 1
14909.5 4 2
14910.5 2 1.41421
14911.5 5 2.23607
14912.5 2 1.41421
14913.5 3 1.73205
14914.5 6 2.44949
14915.5 6 2.44949
14916.5 2 1.41421
14917.5 5 2.23607
14918.5 2 1.41421
14919.5 9 3
14920.5 3 1.73205
14921.5 3 1.73205
14922.5 6 2.44949
14923.5 4 2
14924.5 3 1.73205
14925.5 3 1.73205
14926.5 1 1
14927.5 4 2
14928.5 2 1.41421
14929.5 2 1.41421
14930.5 1 1
14931.5 1 1
14932.5 2 1.41421
14933.5 1 1
14934.5 2 1.41421
14935.5 1 1
14936.5 1 1
14937.5 1 1
14938.5 0 0
14939.5 2 1.41421
14940.5 0 0
14941.5 0 0
14942.5 0 0
14943.5 0 0
14944.5 0 0
14945.5 1 1
14946.5 0 0
14947.5 0 0
14948.5 1 1
14949.5 0 0
14950.5 0 0
14951.5 3 1.73205
14952.5 1 1
14953.5 1 1
14954.5 0 0
14955.5 1 1
14956.5 2 1.41421
14957.5 0 0
14958.5 0 0
14959.5 0 0
14960.5 1 1
14961.5 1 1
14962.5 0 0
14963.5 1 1
14964.5 0 0
14965.5 1 1
14966.5 0 0
14967.5 0 0
14968.5 0 0
14969.5 0 0
14970.5 0 0
14971.5 0 0
14972.5 0 0
14973.5 0 0
14974.5 0 0
14975.5 0 0
14976.5 0 0
14977.5 2 1.41421
14978.5 0 0
14979.5 0 0
14980.5 1 1
14981.5 0 0
14982.5 2 1.41421
14983.5 0 0
14984.5 0 0
14985.5 1 1
14986.5 0 0
14987.5 0 0
14988.5 1 1
14989.5 0 0
14990.5 1 1
14991.5 2 1.41421
14992.5 0 0
14993.5 1 1
14994.5 0 0
14995.5 0 0
14996.5 0 0
14997.5 0 0
14998.5 1 1
14999.5 0 0
15000.5 0 0
15001.5 0 0
15002.5 0 0
15003.5 0 0
15004.5 0 0
15005.5 0 0
15006.5 0 0
15007.5 1 1
15008.5 1 1
15009.5 0 0
15010.5 0 0
15011.5 0 0
15012.5 0 0
15013.5 0 0
15014.5 2 1.41421
15015.5 0 0
15016.5 2 1.41421
15017.5 0 0
15018.5 0 0
15019.5 0 0
15020.5 2 1.41421
15021.5 0 0
15022.5 1 1
15023.5 0 0
15024.5 0 0
15025.5 0 0
15026.5 0 0
15027.5 0 0
15028.5 0 0
15029.5 0 0
15030.5 0 0
15031.5 0 0
15032.5 0 0
15033.5 0 0
15034.5 0 0
15035.5 0 0
15036.5 0 0
15037.5 0 0
15038.5 0 0
15039.5 0 0
15040.5 1 1
15041.5 1 1
15042.5 0 0
15043.5 1 1
15044.5 0 0
15045.5 0 0
15046.5 0 0
15047.5 0 0
15048.5 1 1
15049.5 0 0
15050.5 1 1
15051.5 0 0
15052.5 0 0
15053.5 0 0
15054.5 1 1
15055.5 1 1
15056.5 0 0
15057.5 0 0
15058.5 0 0
15059.5 0 0
15060.5 0 0
15061.5 1 1
15062.5 0 0
15063.5 0 0
15064.5 1 1
15065.5 1 1
15066.5 1 1
15067.5 0 0
15068.5 1 1
15069.5 0 0
15070.5 0 0
15071.5 1 1
15072.5 0 0
15073.5 0 0
15074.5 0 0
15075.5 0 0
15076.5 0 0
15077.5 0 0
15078.5 0 0
15079.5 0 0
15080.5 1 1
15081.5 0 0
15082.5 0 0
15083.5 0 0
15084.5 0 0
15085.5 0 0
15086.5 0 0
15087.5 0 0
15088.5 0 0
15089.5 1 1
15090.5 0 0
15091.5 1 1
15092.5 0 0
15093.5 1 1
15094.5 1 1
15095.5 0 0
15096.5 0 0
15097.5 0 0
15098.5 0 0
15099.5 0 0
15100.5 0 0
15101.5 2 1.41421
15102.5 1 1
15103.5 0 0
15104.5 0 0
15105.5 0 0
15106.5 0 0
15107.5 0 0
15108.5 0 0
15109.5 0 0
15110.5 0 0
15111.5 0 0
15112.5 0 0
15113.5 1 1
15114.5 0 0
15115.5 1 1
15116.5 0 0
15117.5 0 0
15118.5 0 0
15119.5 0 0
15120.5 0 0
15121.5 0 0
15122.5 1 1
15123.5 2 1.41421
15124.5 0 0
15125.5 0 0
15126.5 0 0
15127.5 0 0
15128.5 1 1
15129.5 0 0
15130.5 0 0
15131.5 0 0
15132.5 1 1
15133.5 0 0
15134.5 1 1
15135.5 0 0
15136.5 1 1
15137.5 0 0
15138.5 0 0
15139.5 0 0
15140.5 1 1
15141.5 1 1
15142.5 0 0
15143.5 0 0
15144.5 0 0
15145.5 0 0
15146.5 0 0
15147.5 0 0
15148.5 0 0
15149.5 1 1
15150.5 0 0
15151.5 1 1
15152.5 0 0
15153.5 0 0
15154.5 0 0
15155.5 1 1
15156.5 0 0
15157.5 1 1
15158.5 0 0
15159.5 2 1.41421
15160.5 1 1
15161.5 0 0
15162.5 0 0
15163.5 1 1
15164.5 0 0
15165.5 0 0
15166.5 0 0
15167.5 0 0
15168.5 0 0
15169.5 0 0
15170.5 0 0
15171.5 2 1.41421
15172.5 2 1.41421
15173.5 1 1
15174.5 0 0
15175.5 1 1
15176.5 0 0
15177.5 1 1
15178.5 0 0
15179.5 1 1
15180.5 0 0
15181.5 2 1.41421
15182.5 0 0
15183.5 2 1.41421
15184.5 0 0
15185.5 1 1
15186.5 1 1
15187.5 1 1
15188.5 1 1
15189.5 1 1
15190.5 1 1
15191.5 0 0
15192.5 2 1.41421
15193.5 1 1
15194.5 0 0
15195.5 0 0
15196.5 2 1.41421
15197.5 1 1
15198.5 0 0
15199.5 2 1.41421
15200.5 1 1
15201.5 0 0
15202.5 1 1
15203.5 0 0
15204.5 2 1.41421
15205.5 0 0
15206.5 0 0
15207.5 0 0
15208.5 0 0
15209.5 0 0
15210.5 0 0
15211.5 0 0
15212.5 0 0
15213.5 0 0
15214.5 0 0
15215.5 1 1
15216.5 1 1
15217.5 0 0
15218.5 0 0
15219.5 0 0
15220.5 0 0
15221.5 0 0
15222.5 0 0
15223.5 0 0
15224.5 1 1
15225.5 1 1
15226.5 0 0
15227.5 0 0
15228.5 0 0
15229.5 1 1
15230.5 0 0
15231.5 0 0
15232.5 1 1
15233.5 0 0
15234.5 0 0
15235.5 0 0
15236.5 0 0
15237.5 1 1
15238.5 0 0
15239.5 0 0
15240.5 1 1
15241.5 0 0
15242.5 0 0
15243.5 2 1.41421
15244.5 0 0
15245.5 0 0
15246.5 0 0
15247.5 1 1
15248.5 0 0
15249.5 0 0
15250.5 1 1
15251.5 1 1
15252.5 0 0
15253.5 0 0
15254.5 0 0
15255.5 1 1
15256.5 2 1.41421
15257.5 2 1.41421
15258.5 0 0
15259.5 1 1
15260.5 0 0
15261.5 0 0
15262.5 0 0
15263.5 0 0
15264.5 0 0
15265.5 0 0
15266.5 0 0
15267.5 0 0
15268.5 0 0
15269.5 0 0
15270.5 0 0
15271.5 0 0
15272.5 0 0
15273.5 0 0
15274.5 1 1
15275.5 1 1
15276.5 0 0
15277.5 0 0
15278.5 0 0
15279.5 0 0
15280.5 2 1.41421
15281.5 0 0
15282.5 0 0
15283.5 0 0
15284.5 0 0
15285.5 0 0
15286.5 0 0
15287.5 0 0
15288.5 0 0
15289.5 0 0
15290.5 0 0
15291.5 0 0
15292.5 1 1
15293.5 0 0
15294.5 0 0
15295.5 0 0
15296.5 0 0
15297.5 2 1.41421
15298.5 1 1
15299.5 0 0
15300.5 0 0
15301.5 0 0
15302.5 0 0
15303.5 0 0
15304.5 1 1
15305.5 0 0
15306.5 0 0
15307.5 0 0
15308.5 0 0
15309.5 0 0
15310.5 0 0
15311.5 0 0
15312.5 0 0
15313.5 0 0
15314.5 1 1
15315.5 0 0
15316.5 0 0
15317.5 2 1.41421
15318.5 0 0
15319.5 0 0
15320.5 0 0
15321.5 1 1
15322.5 0 0
15323.5 0 0
15324.5 0 0
15325.5 0 0
15326.5 0 0
15327.5 1 1
15328.5 0 0
15329.5 0 0
15330.5 0 0
15331.5 0 0
15332.5 0 0
15333.5 0 0
15334.5 0 0
15335.5 1 1
15336.5 0 0
15337.5 0 0
15338.5 0 0
15339.5 1 1
15340.5 0 0
15341.5 0 0
15342.5 0 0
15343.5 0 0
15344.5 0 0
15345.5 0 0
15346.5 0 0
15347.5 0 0
15348.5 0 0
15349.5 0 0
15350.5 0 0
15351.5 0 0
15352.5 0 0
15353.5 0 0
15354.5 0 0
15355.5 0 0
15356.5 0 0
15357.5 0 0
15358.5 0 0
15359.5 0 0
15360.5 0 0
15361.5 0 0
15362.5 1 1
15363.5 0 0
15364.5 1 1
15365.5 0 0
15366.5 0 0
15367.5 0 0
15368.5 0 0
15369.5 0 0
15370.5 0 0
15371.5 0 0
15372.5 0 0
15373.5 0 0
15374.5 0 0
15375.5 0 0
15376.5 1 1
15377.5 0 0
15378.5 0 0
15379.5 0 0
15380.5 0 0
15381.5 0 0
15382.5 0 0
15383.5 0 0
15384.5 0 0
15385.5 1 1
15386.5 0 0
15387.5 0 0
15388.5 0 0
15389.5 0 0
15390.5 0 0
15391.5 0 0
15392.5 0 0
15393.5 0 0
15394.5 0 0
15395.5 0 0
15396.5 0 0
15397.5 1 1
15398.5 0 0
15399.5 0 0
15400.5 0 0
15401.5 0 0
15402.5 1 1
15403.5 3 1.73205
15404.5 0 0
15405.5 0 0
15406.5 1 1
15407.5 1 1
15408.5 1 1
15409.5 2 1.41421
15410.5 0 0
15411.5 0 0
15412.5 1 1
15413.5 1 1
15414.5 0 0
15415.5 1 1
15416.5 0 0
15417.5 1 1
15418.5 0 0
15419.5 2 1.41421
15420.5 0 0
15421.5 0 0
15422.5 0 0
15423.5 0 0
15424.5 1 1
15425.5 0 0
15426.5 1 1
15427.5 0 0
15428.5 1 1
15429.5 0 0
15430.5 0 0
15431.5 0 0
15432.5 0 0
15433.5 0 0
15434.5 1 1
15435.5 2 1.41421
15436.5 2 1.41421
15437.5 0 0
15438.5 0 0
15439.5 0 0
15440.5 0 0
15441.5 0 0
15442.5 2 1.41421
15443.5 1 1
15444.5 0 0
15445.5 1 1
15446.5 0 0
15447.5 0 0
15448.5 0 0
15449.5 0 0
15450.5 1 1
15451.5 0 0
15452.5 0 0
15453.5 0 0
15454.5 1 1
15455.5 0 0
15456.5 0 0
15457.5 0 0
15458.5 0 0
15459.5 0 0
15460.5 0 0
15461.5 2 1.41421
15462.5 0 0
15463.5 0 0
15464.5 0 0
15465.5 0 0
15466.5 1 1
15467.5 0 0
15468.5 0 0
15469.5 0 0
15470.5 1 1
15471.5 1 1
15472.5 0 0
15473.5 0 0
15474.5 1 1
15475.5 0 0
15476.5 0 0
15477.5 0 0
15478.5 0 0
15479.5 2 1.41421
15480.5 0 0
15481.5 0 0
15482.5 0 0
15483.5 0 0
15484.5 1 1
15485.5 0 0
15486.5 0 0
15487.5 0 0
15488.5 0 0
15489.5 0 0
15490.5 0 0
15491.5 0 0
15492.5 0 0
15493.5 0 0
15494.5 0 0
15495.5 0 0
15496.5 0 0
15497.5 1 1
15498.5 0 0
15499.5 0 0
15500.5 1 1
15501.5 0 0
15502.5 0 0
15503.5 0 0
15504.5 1 1
15505.5 0 0
15506.5 1 1
15507.5 0 0
15508.5 0 0
15509.5 1 1
15510.5 2 1.41421
15511.5 2 1.41421
15512.5 0 0
15513.5 0 0
15514.5 0 0
15515.5 0 0
15516.5 0 0
15517.5 0 0
15518.5 0 0
15519.5 0 0
15520.5 1 1
15521.5 0 0
15522.5 0 0
15523.5 0 0
15524.5 0 0
15525.5 0 0
15526.5 0 0
15527.5 0 0
15528.5 0 0
15529.5 0 0
15530.5 1 1
15531.5 0 0
15532.5 0 0
15533.5 1 1
15534.5 0 0
15535.5 2 1.41421
15536.5 0 0
15537.5 0 0
15538.5 0 0
15539.5 0 0
15540.5 0 0
15541.5 2 1.41421
15542.5 0 0
15543.5 1 1
15544.5 1 1
15545.5 1 1
15546.5 1 1
15547.5 0 0
15548.5 0 0
15549.5 0 0
15550.5 0 0
15551.5 0 0
15552.5 0 0
15553.5 0 0
15554.5 0 0
15555.5 0 0
15556.5 1 1
15557.5 0 0
15558.5 0 0
15559.5 0 0
15560.5 2 1.41421
15561.5 1 1
15562.5 0 0
15563.5 0 0
15564.5 0 0
15565.5 0 0
15566.5 0 0
15567.5 0 0
15568.5 0 0
15569.5 0 0
15570.5 2 1.41421
15571.5 0 0
15572.5 0 0
15573.5 0 0
15574.5 0 0
15575.5 0 0
15576.5 0 0
15577.5 0 0
15578.5 1 1
15579.5 0 0
15580.5 0 0
15581.5 1 1
15582.5 2 1.41421
15583.5 0 0
15584.5 1 1
15585.5 0 0
15586.5 0 0
15587.5 0 0
15588.5 0 0
15589.5 0 0
15590.5 0 0
15591.5 0 0
15592.5 0 0
15593.5 0 0
15594.5 0 0
15595.5 0 0
15596.5 1 1
15597.5 0 0
15598.5 0 0
15599.5 0 0
15600.5 1 1
15601.5 0 0
15602.5 0 0
15603.5 0 0
15604.5 0 0
15605.5 2 1.41421
15606.5 0 0
15607.5 1 1
15608.5 0 0
15609.5 1 1
15610.5 1 1
15611.5 0 0
15612.5 0 0
15613.5 0 0
15614.5 1 1
15615.5 0 0
15616.5 1 1
15617.5 0 0
15618.5 0 0
15619.5 1 1
15620.5 0 0
15621.5 1 1
15622.5 0 0
15623.5 0 0
15624.5 0 0
15625.5 0 0
15626.5 0 0
15627.5 0 0
15628.5 0 0
15629.5 1 1
15630.5 0 0
15631.5 0 0
15632.5 0 0
15633.5 1 1
15634.5 1 1
15635.5 0 0
15636.5 0 0
15637.5 0 0
15638.5 0 0
15639.5 0 0
15640.5 1 1
15641.5 0 0
15642.5 0 0
15643.5 0 0
15644.5 1 1
15645.5 0 0
15646.5 0 0
15647.5 0 0
15648.5 0 0
15649.5 0 0
15650.5 0 0
15651.5 0 0
15652.5 0 0
15653.5 1 1
15654.5 0 0
15655.5 0 0
15656.5 0 0
15657.5 1 1
15658.5 0 0
15659.5 0 0
15660.5 0 0
15661.5 0 0
15662.5 1 1
15663.5 0 0
15664.5 2 1.41421
15665.5 0 0
15666.5 0 0
15667.5 1 1
15668.5 0 0
15669.5 0 0
15670.5 0 0
15671.5 1 1
15672.5 0 0
15673.5 0 0
15674.5 1 1
15675.5 0 0
15676.5 0 0
15677.5 0 0
15678.5 0 0
15679.5 1 1
15680.5 0 0
15681.5 0 0
15682.5 0 0
15683.5 0 0
15684.5 0 0
15685.5 0 0
15686.5 0 0
15687.5 0 0
15688.5 1 1
15689.5 0 0
15690.5 0 0
15691.5 0 0
15692.5 0 0
15693.5 0 0
15694.5 0 0
15695.5 0 0
15696.5 0 0
15697.5 0 0
15698.5 0 0
15699.5 0 0
15700.5 0 0
15701.5 0 0
15702.5 0 0
15703.5 0 0
15704.5 0 0
15705.5 1 1
15706.5 0 0
15707.5 0 0
15708.5 0 0
15709.5 1 1
15710.5 0 0
15711.5 0 0
15712.5 0 0
15713.5 0 0
15714.5 0 0
15715.5 0 0
15716.5 1 1
15717.5 1 1
15718.5 0 0
15719.5 0 0
15720.5 0 0
15721.5 0 0
15722.5 1 1
15723.5 0 0
15724.5 0 0
15725.5 0 0
15726.5 1 1
15727.5 0 0
15728.5 0 0
15729.5 0 0
15730.5 0 0
15731.5 1 1
15732.5 0 0
15733.5 0 0
15734.5 2 1.41421
15735.5 0 0
15736.5 0 0
15737.5 0 0
15738.5 0 0
15739.5 1 1
15740.5 1 1
15741.5 0 0
15742.5 0 0
15743.5 0 0
15744.5 0 0
15745.5 0 0
15746.5 0 0
15747.5 1 1
15748.5 0 0
15749.5 0 0
15750.5 0 0
15751.5 0 0
15752.5 1 1
15753.5 1 1
15754.5 0 0
15755.5 0 0
15756.5 1 1
15757.5 0 0
15758.5 0 0
15759.5 0 0
15760.5 0 0
15761.5 2 1.41421
15762.5 0 0
15763.5 0 0
15764.5 0 0
15765.5 0 0
15766.5 0 0
15767.5 1 1
15768.5 0 0
15769.5 0 0
15770.5 0 0
15771.5 0 0
15772.5 0 0
15773.5 0 0
15774.5 0 0
15775.5 0 0
15776.5 1 1
15777.5 0 0
15778.5 0 0
15779.5 0 0
15780.5 0 0
15781.5 0 0
15782.5 0 0
15783.5 0 0
15784.5 0 0
15785.5 0 0
15786.5 0 0
15787.5 1 1
15788.5 0 0
15789.5 0 0
15790.5 0 0
15791.5 0 0
15792.5 0 0
15793.5 1 1
15794.5 1 1
15795.5 0 0
15796.5 0 0
15797.5 0 0
15798.5 0 0
15799.5 0 0
15800.5 0 0
15801.5 1 1
15802.5 0 0
15803.5 0 0
15804.5 0 0
15805.5 0 0
15806.5 0 0
15807.5 0 0
15808.5 0 0
15809.5 1 1
15810.5 0 0
15811.5 0 0
15812.5 0 0
15813.5 0 0
15814.5 1 1
15815.5 0 0
15816.5 1 1
15817.5 0 0
15818.5 0 0
15819.5 0 0
15820.5 0 0
15821.5 0 0
15822.5 0 0
15823.5 0 0
15824.5 0 0
15825.5 0 0
15826.5 0 0
15827.5 0 0
15828.5 0 0
15829.5 0 0
15830.5 0 0
15831.5 0 0
15832.5 0 0
15833.5 0 0
15834.5 0 0
15835.5 1 1
15836.5 1 1
15837.5 0 0
15838.5 0 0
15839.5 0 0
15840.5 1 1
15841.5 1 1
15842.5 1 1
15843.5 0 0
15844.5 0 0
15845.5 1 1
15846.5 0 0
15847.5 0 0
15848.5 0 0
15849.5 1 1
15850.5 0 0
15851.5 1 1
15852.5 0 0
15853.5 0 0
15854.5 0 0
15855.5 0 0
15856.5 0 0
15857.5 0 0
15858.5 0 0
15859.5 0 0
15860.5 2 1.41421
15861.5 0 0
15862.5 0 0
15863.5 0 0
15864.5 1 1
15865.5 0 0
15866.5 0 0
15867.5 0 0
15868.5 0 0
15869.5 0 0
15870.5 1 1
15871.5 0 0
15872.5 0 0
15873.5 1 1
15874.5 0 0
15875.5 0 0
15876.5 1 1
15877.5 0 0
15878.5 0 0
15879.5 0 0
15880.5 0 0
15881.5 0 0
15882.5 0 0
15883.5 0 0
15884.5 1 1
15885.5 0 0
15886.5 0 0
15887.5 0 0
15888.5 0 0
15889.5 0 0
15890.5 1 1
15891.5 0 0
15892.5 0 0
15893.5 0 0
15894.5 0 0
15895.5 0 0
15896.5 0 0
15897.5 0 0
15898.5 0 0
15899.5 0 0
15900.5 0 0
15901.5 0 0
15902.5 3 1.73205
15903.5 0 0
15904.5 0 0
15905.5 1 1
15906.5 0 0
15907.5 1 1
15908.5 0 0
15909.5 0 0
15910.5 0 0
15911.5 0 0
15912.5 1 1
15913.5 0 0
15914.5 0 0
15915.5 0 0
15916.5 0 0
15917.5 1 1
15918.5 0 0
15919.5 0 0
15920.5 1 1
15921.5 0 0
15922.5 0 0
15923.5 0 0
15924.5 0 0
15925.5 0 0
15926.5 0 0
15927.5 0 0
15928.5 0 0
15929.5 0 0
15930.5 1 1
15931.5 0 0
15932.5 0 0
15933.5 0 0
15934.5 1 1
15935.5 1 1
15936.5 0 0
15937.5 0 0
15938.5 1 1
15939.5 0 0
15940.5 1 1
15941.5 2 1.41421
15942.5 0 0
15943.5 1 1
15944.5 0 0
15945.5 0 0
15946.5 0 0
15947.5 0 0
15948.5 0 0
15949.5 0 0
15950.5 0 0
15951.5 1 1
15952.5 2 1.41421
15953.5 0 0
15954.5 0 0
15955.5 0 0
15956.5 1 1
15957.5 0 0
15958.5 0 0
15959.5 1 1
15960.5 0 0
15961.5 0 0
15962.5 0 0
15963.5 0 0
15964.5 1 1
15965.5 1 1
15966.5 1 1
15967.5 0 0
15968.5 0 0
15969.5 0 0
15970.5 0 0
15971.5 1 1
15972.5 0 0
15973.5 0 0
15974.5 0 0
15975.5 0 0
15976.5 1 1
15977.5 1 1
15978.5 1 1
15979.5 1 1
15980.5 0 0
15981.5 0 0
15982.5 0 0
15983.5 0 0
15984.5 0 0
15985.5 0 0
15986.5 0 0
15987.5 0 0
15988.5 0 0
15989.5 0 0
15990.5 1 1
15991.5 1 1
15992.5 1 1
15993.5 0 0
15994.5 0 0
15995.5 0 0
15996.5 1 1
15997.5 0 0
15998.5 0 0
15999.5 1 1
16000.5 0 0
16001.5 0 0
16002.5 0 0
16003.5 0 0
16004.5 1 1
16005.5 0 0
16006.5 0 0
16007.5 0 0
16008.5 0 0
16009.5 0 0
16010.5 0 0
16011.5 0 0
16012.5 0 0
16013.5 1 1
16014.5 0 0
16015.5 0 0
16016.5 0 0
16017.5 1 1
16018.5 0 0
16019.5 0 0
16020.5 0 0
16021.5 1 1
16022.5 0 0
16023.5 0 0
16024.5 0 0
16025.5 0 0
16026.5 0 0
16027.5 0 0
16028.5 0 0
16029.5 0 0
16030.5 0 0
16031.5 0 0
16032.5 0 0
16033.5 0 0
16034.5 0 0
16035.5 0 0
16036.5 1 1
16037.5 0 0
16038.5 0 0
16039.5 0 0
16040.5 0 0
16041.5 1 1
16042.5 0 0
16043.5 0 0
16044.5 0 0
16045.5 0 0
16046.5 0 0
16047.5 0 0
16048.5 0 0
16049.5 0 0
16050.5 0 0
16051.5 0 0
16052.5 1 1
16053.5 0 0
16054.5 0 0
16055.5 1 1
16056.5 0 0
16057.5 0 0
16058.5 0 0
16059.5 0 0
16060.5 0 0
16061.5 0 0
16062.5 0 0
16063.5 1 1
16064.5 1 1
16065.5 0 0
16066.5 0 0
16067.5 2 1.41421
16068.5 0 0
16069.5 0 0
16070.5 0 0
16071.5 0 0
16072.5 0 0
16073.5 0 0
16074.5 1 1
16075.5 1 1
16076.5 0 0
16077.5 0 0
16078.5 0 0
16079.5 1 1
16080.5 0 0
16081.5 0 0
16082.5 0 0
16083.5 0 0
16084.5 0 0
16085.5 1 1
16086.5 0 0
16087.5 1 1
16088.5 0 0
16089.5 0 0
16090.5 2 1.41421
16091.5 0 0
16092.5 0 0
16093.5 0 0
16094.5 0 0
16095.5 0 0
16096.5 0 0
16097.5 0 0
16098.5 1 1
16099.5 0 0
16100.5 1 1
16101.5 0 0
16102.5 1 1
16103.5 0 0
16104.5 1 1
16105.5 0 0
16106.5 1 1
16107.5 1 1
16108.5 0 0
16109.5 0 0
16110.5 0 0
16111.5 0 0
16112.5 0 0
16113.5 0 0
16114.5 0 0
16115.5 1 1
16116.5 0 0
16117.5 0 0
16118.5 0 0
16119.5 2 1.41421
16120.5 0 0
16121.5 0 0
16122.5 0 0
16123.5 0 0
16124.5 1 1
16125.5 0 0
16126.5 0 0
16127.5 0 0
16128.5 1 1
16129.5 0 0
16130.5 0 0
16131.5 0 0
16132.5 0 0
16133.5 0 0
16134.5 0 0
16135.5 1 1
16136.5 0 0
16137.5 0 0
16138.5 0 0
16139.5 0 0
16140.5 1 1
16141.5 1 1
16142.5 0 0
16143.5 0 0
16144.5 0 0
16145.5 0 0
16146.5 0 0
16147.5 0 0
16148.5 1 1
16149.5 0 0
16150.5 1 1
16151.5 0 0
16152.5 0 0
16153.5 0 0
16154.5 0 0
16155.5 0 0
16156.5 0 0
16157.5 0 0
16158.5 1 1
16159.5 0 0
16160.5 0 0
16161.5 0 0
16162.5 0 0
16163.5 0 0
16164.5 0 0
16165.5 0 0
16166.5 0 0
16167.5 0 0
16168.5 1 1
16169.5 0 0
16170.5 0 0
16171.5 0 0
16172.5 0 0
16173.5 0 0
16174.5 1 1
16175.5 0 0
16176.5 1 1
16177.5 2 1.41421
16178.5 0 0
16179.5 0 0
16180.5 0 0
16181.5 0 0
16182.5 0 0
16183.5 1 1
16184.5 0 0
16185.5 0 0
16186.5 2 1.41421
16187.5 0 0
16188.5 0 0
16189.5 1 1
16190.5 0 0
16191.5 2 1.41421
16192.5 2 1.41421
16193.5 0 0
16194.5 0 0
16195.5 1 1
16196.5 0 0
16197.5 0 0
16198.5 0 0
16199.5 0 0
16200.5 0 0
16201.5 0 0
16202.5 1 1
16203.5 0 0
16204.5 0 0
16205.5 0 0
16206.5 0 0
16207.5 0 0
16208.5 1 1
16209.5 0 0
16210.5 0 0
16211.5 0 0
16212.5 0 0
16213.5 1 1
16214.5 0 0
16215.5 0 0
16216.5 0 0
16217.5 0 0
16218.5 1 1
16219.5 0 0
16220.5 0 0
16221.5 1 1
16222.5 0 0
16223.5 1 1
16224.5 0 0
16225.5 0 0
16226.5 0 0
16227.5 0 0
16228.5 0 0
16229.5 1 1
16230.5 0 0
16231.5 0 0
16232.5 0 0
16233.5 1 1
16234.5 0 0
16235.5 0 0
16236.5 0 0
16237.5 0 0
16238.5 0 0
16239.5 0 0
16240.5 0 0
16241.5 0 0
16242.5 0 0
16243.5 0 0
16244.5 0 0
16245.5 0 0
16246.5 0 0
16247.5 0 0
16248.5 0 0
16249.5 0 0
16250.5 0 0
16251.5 0 0
16252.5 1 1
16253.5 0 0
16254.5 0 0
16255.5 0 0
16256.5 0 0
16257.5 0 0
16258.5 1 1
16259.5 0 0
16260.5 0 0
16261.5 0 0
16262.5 0 0
16263.5 0 0
16264.5 0 0
16265.5 1 1
16266.5 0 0
16267.5 1 1
16268.5 0 0
16269.5 0 0
16270.5 0 0
16271.5 0 0
16272.5 0 0
16273.5 0 0
16274.5 0 0
16275.5 1 1
16276.5 0 0
16277.5 0 0
16278.5 0 0
16279.5 1 1
16280.5 0 0
16281.5 0 0
16282.5 0 0
16283.5 0 0
16284.5 0 0
16285.5 0 0
16286.5 0 0
16287.5 1 1
16288.5 0 0
16289.5 0 0
16290.5 0 0
16291.5 0 0
16292.5 0 0
16293.5 0 0
16294.5 1 1
16295.5 0 0
16296.5 0 0
16297.5 1 1
16298.5 0 0
16299.5 0 0
16300.5 0 0
16301.5 0 0
16302.5 0 0
16303.5 0 0
16304.5 0 0
16305.5 0 0
16306.5 0 0
16307.5 0 0
16308.5 0 0
16309.5 0 0
16310.5 1 1
16311.5 1 1
16312.5 0 0
16313.5 0 0
16314.5 0 0
16315.5 1 1
16316.5 0 0
16317.5 0 0
16318.5 0 0
16319.5 1 1
16320.5 0 0
16321.5 0 0
16322.5 0 0
16323.5 0 0
16324.5 1 1
16325.5 0 0
16326.5 0 0
16327.5 0 0
16328.5 1 1
16329.5 1 1
16330.5 0 0
16331.5 0 0
16332.5 0 0
16333.5 0 0
16334.5 0 0
16335.5 0 0
16336.5 0 0
16337.5 1 1
16338.5 0 0
16339.5 0 0
16340.5 0 0
16341.5 0 0
16342.5 1 1
16343.5 0 0
16344.5 0 0
16345.5 0 0
16346.5 0 0
16347.5 0 0
16348.5 1 1
16349.5 1 1
16350.5 0 0
16351.5 0 0
16352.5 1 1
16353.5 0 0
16354.5 0 0
16355.5 0 0
16356.5 1 1
16357.5 0 0
16358.5 1 1
16359.5 0 0
16360.5 0 0
16361.5 1 1
16362.5 0 0
16363.5 0 0
16364.5 0 0
16365.5 0 0
16366.5 0 0
16367.5 1 1
16368.5 0 0
16369.5 0 0
16370.5 0 0
16371.5 0 0
16372.5 0 0
16373.5 0 0
16374.5 0 0
16375.5 0 0
16376.5 0 0
16377.5 0 0
16378.5 0 0
16379.5 0 0
16380.5 2 1.41421
16381.5 0 0
16382.5 0 0
16383.5 0 0
