# Histogram: 99
# File: K47_T1_003-2.his
#X  N  dN
0.5 43581 208.761
1.5 1015 31.8591
2.5 1074 32.7719
3.5 980 31.305
4.5 808 28.4253
5.5 675 25.9808
6.5 458 21.4009
7.5 344 18.5472
8.5 241 15.5242
9.5 194 13.9284
10.5 176 13.2665
11.5 203 14.2478
12.5 225 15
13.5 211 14.5258
14.5 240 15.4919
15.5 230 15.1658
16.5 186 13.6382
17.5 184 13.5647
18.5 156 12.49
19.5 102 10.0995
20.5 109 10.4403
21.5 89 9.43398
22.5 77 8.77496
23.5 75 8.66025
24.5 94 9.69536
25.5 79 8.88819
26.5 118 10.8628
27.5 110 10.4881
28.5 130 11.4018
29.5 125 11.1803
30.5 146 12.083
31.5 155 12.4499
32.5 181 13.4536
33.5 230 15.1658
34.5 235 15.3297
35.5 261 16.1555
36.5 230 15.1658
37.5 246 15.6844
38.5 263 16.2173
39.5 304 17.4356
40.5 320 17.8885
41.5 303 17.4069
42.5 341 18.4662
43.5 339 18.412
44.5 350 18.7083
45.5 385 19.6214
46.5 385 19.6214
47.5 372 19.2873
48.5 375 19.3649
49.5 369 19.2094
50.5 379 19.4679
51.5 399 19.975
52.5 418 20.445
53.5 386 19.6469
54.5 418 20.445
55.5 405 20.1246
56.5 445 21.095
57.5 452 21.2603
58.5 430 20.7364
59.5 431 20.7605
60.5 490 22.1359
61.5 431 20.7605
62.5 490 22.1359
63.5 417 20.4206
64.5 416 20.3961
65.5 453 21.2838
66.5 464 21.5407
67.5 461 21.4709
68.5 464 21.5407
69.5 445 21.095
70.5 422 20.5426
71.5 461 21.4709
72.5 482 21.9545
73.5 415 20.3715
74.5 459 21.4243
75.5 448 21.166
76.5 425 20.6155
77.5 455 21.3307
78.5 456 21.3542
79.5 437 20.9045
80.5 468 21.6333
81.5 422 20.5426
82.5 480 21.9089
83.5 479 21.8861
84.5 486 22.0454
85.5 465 21.5639
86.5 489 22.1133
87.5 452 21.2603
88.5 414 20.347
89.5 487 22.0681
90.5 510 22.5832
91.5 445 21.095
92.5 487 22.0681
93.5 499 22.3383
94.5 488 22.0907
95.5 482 21.9545
96.5 459 21.4243
97.5 513 22.6495
98.5 444 21.0713
99.5 462 21.4942
100.5 491 22.1585
101.5 509 22.561
102.5 475 21.7945
103.5 454 21.3073
104.5 508 22.5389
105.5 490 22.1359
106.5 481 21.9317
107.5 452 21.2603
108.5 484 22
109.5 462 21.4942
110.5 467 21.6102
111.5 492 22.1811
112.5 476 21.8174
113.5 515 22.6936
114.5 496 22.2711
115.5 523 22.8692
116.5 518 22.7596
117.5 448 21.166
118.5 502 22.4054
119.5 460 21.4476
120.5 495 22.2486
121.5 468 21.6333
122.5 500 22.3607
123.5 465 21.5639
124.5 505 22.4722
125.5 539 23.2164
126.5 465 21.5639
127.5 490 22.1359
128.5 478 21.8632
129.5 505 22.4722
130.5 500 22.3607
131.5 492 22.1811
132.5 503 22.4277
133.5 496 22.2711
134.5 526 22.9347
135.5 490 22.1359
136.5 524 22.891
137.5 476 21.8174
138.5 492 22.1811
139.5 530 23.0217
140.5 497 22.2935
141.5 534 23.1084
142.5 508 22.5389
143.5 521 22.8254
144.5 556 23.5797
145.5 504 22.4499
146.5 540 23.2379
147.5 498 22.3159
148.5 488 22.0907
149.5 527 22.9565
150.5 511 22.6053
151.5 484 22
152.5 496 22.2711
153.5 523 22.8692
154.5 515 22.6936
155.5 512 22.6274
156.5 518 22.7596
157.5 523 22.8692
158.5 562 23.7065
159.5 534 23.1084
160.5 487 22.0681
161.5 548 23.4094
162.5 523 22.8692
163.5 490 22.1359
164.5 557 23.6008
165.5 523 22.8692
166.5 520 22.8035
167.5 524 22.891
168.5 520 22.8035
169.5 503 22.4277
170.5 478 21.8632
171.5 528 22.9783
172.5 524 22.891
173.5 528 22.9783
174.5 564 23.7487
175.5 530 23.0217
176.5 526 22.9347
177.5 585 24.1868
178.5 525 22.9129
179.5 533 23.0868
180.5 547 23.388
181.5 563 23.7276
182.5 548 23.4094
183.5 516 22.7156
184.5 553 23.516
185.5 544 23.3238
186.5 551 23.4734
187.5 543 23.3024
188.5 561 23.6854
189.5 543 23.3024
190.5 551 23.4734
191.5 535 23.1301
192.5 567 23.8118
193.5 517 22.7376
194.5 570 23.8747
195.5 573 23.9374
196.5 527 22.9565
197.5 537 23.1733
198.5 572 23.9165
199.5 535 23.1301
200.5 541 23.2594
201.5 546 23.3666
202.5 596 24.4131
203.5 576 24
204.5 563 23.7276
205.5 530 23.0217
206.5 539 23.2164
207.5 555 23.5584
208.5 611 24.7184
209.5 546 23.3666
210.5 591 24.3105
211.5 566 23.7908
212.5 609 24.6779
213.5 553 23.516
214.5 562 23.7065
215.5 560 23.6643
216.5 583 24.1454
217.5 593 24.3516
218.5 595 24.3926
219.5 571 23.8956
220.5 578 24.0416
221.5 559 23.6432
222.5 577 24.0208
223.5 592 24.3311
224.5 606 24.6171
225.5 605 24.5967
226.5 587 24.2281
227.5 584 24.1661
228.5 630 25.0998
229.5 608 24.6577
230.5 569 23.8537
231.5 551 23.4734
232.5 579 24.0624
233.5 628 25.0599
234.5 587 24.2281
235.5 640 25.2982
236.5 586 24.2074
237.5 591 24.3105
238.5 582 24.1247
239.5 608 24.6577
240.5 603 24.5561
241.5 601 24.5153
242.5 582 24.1247
243.5 570 23.8747
244.5 606 24.6171
245.5 559 23.6432
246.5 604 24.5764
247.5 582 24.1247
248.5 593 24.3516
249.5 598 24.454
250.5 574 23.9583
251.5 610 24.6982
252.5 593 24.3516
253.5 592 24.3311
254.5 613 24.7588
255.5 575 23.9792
256.5 595 24.3926
257.5 613 24.7588
258.5 603 24.5561
259.5 611 24.7184
260.5 662 25.7294
261.5 591 24.3105
262.5 574 23.9583
263.5 594 24.3721
264.5 616 24.8193
265.5 657 25.632
266.5 574 23.9583
267.5 626 25.02
268.5 589 24.2693
269.5 634 25.1794
270.5 616 24.8193
271.5 614 24.779
272.5 590 24.2899
273.5 622 24.9399
274.5 633 25.1595
275.5 608 24.6577
276.5 632 25.1396
277.5 645 25.3969
278.5 608 24.6577
279.5 569 23.8537
280.5 622 24.9399
281.5 570 23.8747
282.5 598 24.454
283.5 639 25.2784
284.5 584 24.1661
285.5 648 25.4558
286.5 619 24.8797
287.5 657 25.632
288.5 629 25.0799
289.5 609 24.6779
290.5 617 24.8395
291.5 598 24.454
292.5 632 25.1396
293.5 588 24.2487
294.5 623 24.96
295.5 652 25.5343
296.5 659 25.671
297.5 557 23.6008
298.5 642 25.3377
299.5 654 25.5734
300.5 631 25.1197
301.5 617 24.8395
302.5 674 25.9615
303.5 633 25.1595
304.5 625 25
305.5 577 24.0208
306.5 652 25.5343
307.5 631 25.1197
308.5 587 24.2281
309.5 648 25.4558
310.5 648 25.4558
311.5 652 25.5343
312.5 658 25.6515
313.5 610 24.6982
314.5 607 24.6374
315.5 628 25.0599
316.5 694 26.3439
317.5 584 24.1661
318.5 677 26.0192
319.5 651 25.5147
320.5 615 24.7992
321.5 633 25.1595
322.5 676 26
323.5 636 25.219
324.5 645 25.3969
325.5 668 25.8457
326.5 614 24.779
327.5 674 25.9615
328.5 603 24.5561
329.5 635 25.1992
330.5 684 26.1534
331.5 660 25.6905
332.5 636 25.219
333.5 684 26.1534
334.5 686 26.1916
335.5 631 25.1197
336.5 697 26.4008
337.5 588 24.2487
338.5 649 25.4755
339.5 689 26.2488
340.5 655 25.593
341.5 640 25.2982
342.5 688 26.2298
343.5 656 25.6125
344.5 641 25.318
345.5 631 25.1197
346.5 621 24.9199
347.5 624 24.98
348.5 671 25.9037
349.5 585 24.1868
350.5 639 25.2784
351.5 634 25.1794
352.5 687 26.2107
353.5 665 25.7876
354.5 662 25.7294
355.5 631 25.1197
356.5 690 26.2679
357.5 683 26.1343
358.5 705 26.5518
359.5 645 25.3969
360.5 628 25.0599
361.5 700 26.4575
362.5 662 25.7294
363.5 712 26.6833
364.5 665 25.7876
365.5 672 25.923
366.5 686 26.1916
367.5 699 26.4386
368.5 647 25.4362
369.5 656 25.6125
370.5 684 26.1534
371.5 670 25.8844
372.5 651 25.5147
373.5 624 24.98
374.5 683 26.1343
375.5 662 25.7294
376.5 707 26.5895
377.5 714 26.7208
378.5 730 27.0185
379.5 660 25.6905
380.5 646 25.4165
381.5 700 26.4575
382.5 679 26.0576
383.5 671 25.9037
384.5 669 25.865
385.5 667 25.8263
386.5 664 25.7682
387.5 625 25
388.5 646 25.4165
389.5 690 26.2679
390.5 684 26.1534
391.5 668 25.8457
392.5 664 25.7682
393.5 649 25.4755
394.5 684 26.1534
395.5 685 26.1725
396.5 656 25.6125
397.5 731 27.037
398.5 666 25.807
399.5 719 26.8142
400.5 659 25.671
401.5 698 26.4197
402.5 704 26.533
403.5 683 26.1343
404.5 706 26.5707
405.5 731 27.037
406.5 693 26.3249
407.5 697 26.4008
408.5 714 26.7208
409.5 656 25.6125
410.5 671 25.9037
411.5 724 26.9072
412.5 680 26.0768
413.5 687 26.2107
414.5 750 27.3861
415.5 696 26.3818
416.5 701 26.4764
417.5 775 27.8388
418.5 742 27.2397
419.5 707 26.5895
420.5 717 26.7769
421.5 695 26.3629
422.5 748 27.3496
423.5 702 26.4953
424.5 754 27.4591
425.5 736 27.1293
426.5 710 26.6458
427.5 728 26.9815
428.5 737 27.1477
429.5 707 26.5895
430.5 716 26.7582
431.5 758 27.5318
432.5 758 27.5318
433.5 724 26.9072
434.5 760 27.5681
435.5 695 26.3629
436.5 745 27.2947
437.5 740 27.2029
438.5 665 25.7876
439.5 727 26.9629
440.5 745 27.2947
441.5 691 26.2869
442.5 670 25.8844
443.5 781 27.9464
444.5 753 27.4408
445.5 727 26.9629
446.5 694 26.3439
447.5 664 25.7682
448.5 737 27.1477
449.5 728 26.9815
450.5 711 26.6646
451.5 755 27.4773
452.5 722 26.8701
453.5 735 27.1109
454.5 715 26.7395
455.5 722 26.8701
456.5 740 27.2029
457.5 673 25.9422
458.5 671 25.9037
459.5 726 26.9444
460.5 719 26.8142
461.5 739 27.1846
462.5 735 27.1109
463.5 743 27.258
464.5 707 26.5895
465.5 761 27.5862
466.5 739 27.1846
467.5 697 26.4008
468.5 747 27.3313
469.5 742 27.2397
470.5 734 27.0924
471.5 757 27.5136
472.5 722 26.8701
473.5 749 27.3679
474.5 754 27.4591
475.5 746 27.313
476.5 726 26.9444
477.5 756 27.4955
478.5 758 27.5318
479.5 716 26.7582
480.5 748 27.3496
481.5 749 27.3679
482.5 681 26.096
483.5 750 27.3861
484.5 755 27.4773
485.5 772 27.7849
486.5 719 26.8142
487.5 768 27.7128
488.5 737 27.1477
489.5 784 28
490.5 707 26.5895
491.5 777 27.8747
492.5 750 27.3861
493.5 787 28.0535
494.5 707 26.5895
495.5 729 27
496.5 742 27.2397
497.5 744 27.2764
498.5 772 27.7849
499.5 799 28.2666
500.5 825 28.7228
501.5 738 27.1662
502.5 761 27.5862
503.5 758 27.5318
504.5 735 27.1109
505.5 825 28.7228
506.5 751 27.4044
507.5 748 27.3496
508.5 778 27.8927
509.5 677 26.0192
510.5 747 27.3313
511.5 749 27.3679
512.5 750 27.3861
513.5 748 27.3496
514.5 718 26.7955
515.5 727 26.9629
516.5 747 27.3313
517.5 790 28.1069
518.5 751 27.4044
519.5 740 27.2029
520.5 723 26.8887
521.5 778 27.8927
522.5 720 26.8328
523.5 719 26.8142
524.5 798 28.2489
525.5 721 26.8514
526.5 781 27.9464
527.5 706 26.5707
528.5 759 27.55
529.5 764 27.6405
530.5 770 27.7489
531.5 748 27.3496
532.5 764 27.6405
533.5 733 27.074
534.5 771 27.7669
535.5 730 27.0185
536.5 763 27.6225
537.5 791 28.1247
538.5 761 27.5862
539.5 719 26.8142
540.5 767 27.6948
541.5 814 28.5307
542.5 723 26.8887
543.5 775 27.8388
544.5 798 28.2489
545.5 720 26.8328
546.5 791 28.1247
547.5 785 28.0179
548.5 776 27.8568
549.5 775 27.8388
550.5 759 27.55
551.5 746 27.313
552.5 766 27.6767
553.5 778 27.8927
554.5 778 27.8927
555.5 743 27.258
556.5 709 26.6271
557.5 800 28.2843
558.5 781 27.9464
559.5 765 27.6586
560.5 731 27.037
561.5 759 27.55
562.5 777 27.8747
563.5 794 28.178
564.5 724 26.9072
565.5 761 27.5862
566.5 761 27.5862
567.5 686 26.1916
568.5 793 28.1603
569.5 799 28.2666
570.5 748 27.3496
571.5 753 27.4408
572.5 829 28.7924
573.5 720 26.8328
574.5 780 27.9285
575.5 762 27.6043
576.5 762 27.6043
577.5 760 27.5681
578.5 773 27.8029
579.5 786 28.0357
580.5 741 27.2213
581.5 818 28.6007
582.5 789 28.0891
583.5 751 27.4044
584.5 800 28.2843
585.5 767 27.6948
586.5 817 28.5832
587.5 801 28.3019
588.5 806 28.3901
589.5 761 27.5862
590.5 790 28.1069
591.5 822 28.6705
592.5 769 27.7308
593.5 810 28.4605
594.5 763 27.6225
595.5 765 27.6586
596.5 800 28.2843
597.5 770 27.7489
598.5 839 28.9655
599.5 799 28.2666
600.5 814 28.5307
601.5 819 28.6182
602.5 798 28.2489
603.5 771 27.7669
604.5 777 27.8747
605.5 822 28.6705
606.5 793 28.1603
607.5 793 28.1603
608.5 787 28.0535
609.5 763 27.6225
610.5 766 27.6767
611.5 764 27.6405
612.5 779 27.9106
613.5 824 28.7054
614.5 778 27.8927
615.5 853 29.2062
616.5 767 27.6948
617.5 796 28.2135
618.5 802 28.3196
619.5 804 28.3549
620.5 825 28.7228
621.5 818 28.6007
622.5 803 28.3373
623.5 775 27.8388
624.5 803 28.3373
625.5 783 27.9821
626.5 835 28.8964
627.5 752 27.4226
628.5 802 28.3196
629.5 811 28.4781
630.5 821 28.6531
631.5 815 28.5482
632.5 834 28.8791
633.5 786 28.0357
634.5 793 28.1603
635.5 798 28.2489
636.5 797 28.2312
637.5 849 29.1376
638.5 827 28.7576
639.5 837 28.931
640.5 809 28.4429
641.5 833 28.8617
642.5 853 29.2062
643.5 815 28.5482
644.5 830 28.8097
645.5 861 29.3428
646.5 774 27.8209
647.5 818 28.6007
648.5 743 27.258
649.5 785 28.0179
650.5 781 27.9464
651.5 796 28.2135
652.5 853 29.2062
653.5 856 29.2575
654.5 804 28.3549
655.5 827 28.7576
656.5 836 28.9137
657.5 801 28.3019
658.5 794 28.178
659.5 836 28.9137
660.5 859 29.3087
661.5 827 28.7576
662.5 849 29.1376
663.5 877 29.6142
664.5 816 28.5657
665.5 831 28.8271
666.5 822 28.6705
667.5 811 28.4781
668.5 825 28.7228
669.5 811 28.4781
670.5 854 29.2233
671.5 790 28.1069
672.5 875 29.5804
673.5 867 29.4449
674.5 809 28.4429
675.5 828 28.775
676.5 830 28.8097
677.5 820 28.6356
678.5 877 29.6142
679.5 874 29.5635
680.5 880 29.6648
681.5 827 28.7576
682.5 821 28.6531
683.5 818 28.6007
684.5 807 28.4077
685.5 845 29.0689
686.5 856 29.2575
687.5 847 29.1033
688.5 856 29.2575
689.5 816 28.5657
690.5 895 29.9166
691.5 853 29.2062
692.5 845 29.0689
693.5 829 28.7924
694.5 854 29.2233
695.5 814 28.5307
696.5 848 29.1204
697.5 816 28.5657
698.5 869 29.4788
699.5 854 29.2233
700.5 903 30.05
701.5 881 29.6816
702.5 857 29.2746
703.5 845 29.0689
704.5 824 28.7054
705.5 842 29.0172
706.5 854 29.2233
707.5 819 28.6182
708.5 820 28.6356
709.5 826 28.7402
710.5 836 28.9137
711.5 826 28.7402
712.5 848 29.1204
713.5 822 28.6705
714.5 834 28.8791
715.5 859 29.3087
716.5 867 29.4449
717.5 854 29.2233
718.5 801 28.3019
719.5 853 29.2062
720.5 862 29.3598
721.5 906 30.0998
722.5 857 29.2746
723.5 810 28.4605
724.5 851 29.1719
725.5 855 29.2404
726.5 846 29.0861
727.5 836 28.9137
728.5 847 29.1033
729.5 826 28.7402
730.5 822 28.6705
731.5 796 28.2135
732.5 846 29.0861
733.5 833 28.8617
734.5 808 28.4253
735.5 823 28.688
736.5 808 28.4253
737.5 860 29.3258
738.5 830 28.8097
739.5 821 28.6531
740.5 862 29.3598
741.5 882 29.6985
742.5 807 28.4077
743.5 851 29.1719
744.5 794 28.178
745.5 816 28.5657
746.5 888 29.7993
747.5 847 29.1033
748.5 838 28.9482
749.5 838 28.9482
750.5 820 28.6356
751.5 872 29.5296
752.5 876 29.5973
753.5 841 29
754.5 841 29
755.5 805 28.3725
756.5 828 28.775
757.5 845 29.0689
758.5 833 28.8617
759.5 855 29.2404
760.5 863 29.3769
761.5 844 29.0517
762.5 822 28.6705
763.5 942 30.692
764.5 824 28.7054
765.5 895 29.9166
766.5 825 28.7228
767.5 890 29.8329
768.5 884 29.7321
769.5 840 28.9828
770.5 839 28.9655
771.5 846 29.0861
772.5 845 29.0689
773.5 883 29.7153
774.5 848 29.1204
775.5 833 28.8617
776.5 809 28.4429
777.5 878 29.6311
778.5 868 29.4618
779.5 812 28.4956
780.5 859 29.3087
781.5 861 29.3428
782.5 856 29.2575
783.5 852 29.189
784.5 827 28.7576
785.5 864 29.3939
786.5 865 29.4109
787.5 909 30.1496
788.5 874 29.5635
789.5 842 29.0172
790.5 829 28.7924
791.5 811 28.4781
792.5 806 28.3901
793.5 851 29.1719
794.5 802 28.3196
795.5 825 28.7228
796.5 859 29.3087
797.5 815 28.5482
798.5 893 29.8831
799.5 867 29.4449
800.5 840 28.9828
801.5 818 28.6007
802.5 800 28.2843
803.5 839 28.9655
804.5 847 29.1033
805.5 850 29.1548
806.5 841 29
807.5 832 28.8444
808.5 814 28.5307
809.5 846 29.0861
810.5 851 29.1719
811.5 843 29.0345
812.5 818 28.6007
813.5 810 28.4605
814.5 874 29.5635
815.5 838 28.9482
816.5 781 27.9464
817.5 845 29.0689
818.5 776 27.8568
819.5 845 29.0689
820.5 808 28.4253
821.5 857 29.2746
822.5 838 28.9482
823.5 810 28.4605
824.5 833 28.8617
825.5 822 28.6705
826.5 832 28.8444
827.5 844 29.0517
828.5 804 28.3549
829.5 839 28.9655
830.5 821 28.6531
831.5 875 29.5804
832.5 859 29.3087
833.5 841 29
834.5 783 27.9821
835.5 865 29.4109
836.5 813 28.5132
837.5 887 29.7825
838.5 834 28.8791
839.5 804 28.3549
840.5 874 29.5635
841.5 840 28.9828
842.5 856 29.2575
843.5 830 28.8097
844.5 815 28.5482
845.5 860 29.3258
846.5 822 28.6705
847.5 855 29.2404
848.5 825 28.7228
849.5 841 29
850.5 830 28.8097
851.5 839 28.9655
852.5 839 28.9655
853.5 841 29
854.5 847 29.1033
855.5 887 29.7825
856.5 817 28.5832
857.5 811 28.4781
858.5 850 29.1548
859.5 795 28.1957
860.5 820 28.6356
861.5 817 28.5832
862.5 797 28.2312
863.5 840 28.9828
864.5 845 29.0689
865.5 801 28.3019
866.5 807 28.4077
867.5 776 27.8568
868.5 798 28.2489
869.5 858 29.2916
870.5 838 28.9482
871.5 807 28.4077
872.5 859 29.3087
873.5 837 28.931
874.5 803 28.3373
875.5 849 29.1376
876.5 863 29.3769
877.5 838 28.9482
878.5 840 28.9828
879.5 903 30.05
880.5 882 29.6985
881.5 825 28.7228
882.5 857 29.2746
883.5 801 28.3019
884.5 848 29.1204
885.5 876 29.5973
886.5 851 29.1719
887.5 822 28.6705
888.5 866 29.4279
889.5 822 28.6705
890.5 767 27.6948
891.5 802 28.3196
892.5 830 28.8097
893.5 786 28.0357
894.5 827 28.7576
895.5 871 29.5127
896.5 821 28.6531
897.5 839 28.9655
898.5 877 29.6142
899.5 805 28.3725
900.5 800 28.2843
901.5 839 28.9655
902.5 799 28.2666
903.5 831 28.8271
904.5 821 28.6531
905.5 827 28.7576
906.5 852 29.189
907.5 855 29.2404
908.5 766 27.6767
909.5 855 29.2404
910.5 823 28.688
911.5 856 29.2575
912.5 823 28.688
913.5 814 28.5307
914.5 800 28.2843
915.5 796 28.2135
916.5 838 28.9482
917.5 820 28.6356
918.5 801 28.3019
919.5 834 28.8791
920.5 821 28.6531
921.5 869 29.4788
922.5 797 28.2312
923.5 820 28.6356
924.5 853 29.2062
925.5 814 28.5307
926.5 770 27.7489
927.5 805 28.3725
928.5 877 29.6142
929.5 783 27.9821
930.5 806 28.3901
931.5 832 28.8444
932.5 760 27.5681
933.5 797 28.2312
934.5 839 28.9655
935.5 806 28.3901
936.5 757 27.5136
937.5 794 28.178
938.5 843 29.0345
939.5 834 28.8791
940.5 846 29.0861
941.5 829 28.7924
942.5 803 28.3373
943.5 743 27.258
944.5 766 27.6767
945.5 787 28.0535
946.5 816 28.5657
947.5 828 28.775
948.5 782 27.9643
949.5 787 28.0535
950.5 800 28.2843
951.5 831 28.8271
952.5 789 28.0891
953.5 833 28.8617
954.5 813 28.5132
955.5 818 28.6007
956.5 774 27.8209
957.5 856 29.2575
958.5 809 28.4429
959.5 818 28.6007
960.5 753 27.4408
961.5 855 29.2404
962.5 819 28.6182
963.5 797 28.2312
964.5 778 27.8927
965.5 792 28.1425
966.5 832 28.8444
967.5 809 28.4429
968.5 811 28.4781
969.5 765 27.6586
970.5 833 28.8617
971.5 839 28.9655
972.5 763 27.6225
973.5 823 28.688
974.5 779 27.9106
975.5 863 29.3769
976.5 813 28.5132
977.5 795 28.1957
978.5 813 28.5132
979.5 789 28.0891
980.5 832 28.8444
981.5 799 28.2666
982.5 820 28.6356
983.5 804 28.3549
984.5 820 28.6356
985.5 822 28.6705
986.5 776 27.8568
987.5 867 29.4449
988.5 792 28.1425
989.5 741 27.2213
990.5 824 28.7054
991.5 816 28.5657
992.5 789 28.0891
993.5 802 28.3196
994.5 825 28.7228
995.5 787 28.0535
996.5 809 28.4429
997.5 840 28.9828
998.5 827 28.7576
999.5 845 29.0689
1000.5 842 29.0172
1001.5 811 28.4781
1002.5 789 28.0891
1003.5 813 28.5132
1004.5 765 27.6586
1005.5 790 28.1069
1006.5 827 28.7576
1007.5 847 29.1033
1008.5 796 28.2135
1009.5 871 29.5127
1010.5 829 28.7924
1011.5 811 28.4781
1012.5 790 28.1069
1013.5 860 29.3258
1014.5 788 28.0713
1015.5 866 29.4279
1016.5 792 28.1425
1017.5 846 29.0861
1018.5 792 28.1425
1019.5 819 28.6182
1020.5 846 29.0861
1021.5 782 27.9643
1022.5 854 29.2233
1023.5 856 29.2575
1024.5 863 29.3769
1025.5 811 28.4781
1026.5 923 30.3809
1027.5 896 29.9333
1028.5 840 28.9828
1029.5 878 29.6311
1030.5 868 29.4618
1031.5 900 30
1032.5 907 30.1164
1033.5 934 30.5614
1034.5 898 29.9666
1035.5 862 29.3598
1036.5 919 30.315
1037.5 922 30.3645
1038.5 861 29.3428
1039.5 880 29.6648
1040.5 842 29.0172
1041.5 890 29.8329
1042.5 902 30.0333
1043.5 924 30.3974
1044.5 931 30.5123
1045.5 903 30.05
1046.5 920 30.3315
1047.5 920 30.3315
1048.5 912 30.1993
1049.5 872 29.5296
1050.5 893 29.8831
1051.5 880 29.6648
1052.5 918 30.2985
1053.5 929 30.4795
1054.5 902 30.0333
1055.5 923 30.3809
1056.5 886 29.7658
1057.5 909 30.1496
1058.5 920 30.3315
1059.5 906 30.0998
1060.5 876 29.5973
1061.5 900 30
1062.5 904 30.0666
1063.5 848 29.1204
1064.5 906 30.0998
1065.5 910 30.1662
1066.5 925 30.4138
1067.5 901 30.0167
1068.5 912 30.1993
1069.5 954 30.8869
1070.5 921 30.348
1071.5 924 30.3974
1072.5 934 30.5614
1073.5 958 30.9516
1074.5 867 29.4449
1075.5 974 31.209
1076.5 921 30.348
1077.5 862 29.3598
1078.5 879 29.6479
1079.5 878 29.6311
1080.5 936 30.5941
1081.5 942 30.692
1082.5 906 30.0998
1083.5 899 29.9833
1084.5 844 29.0517
1085.5 909 30.1496
1086.5 932 30.5287
1087.5 871 29.5127
1088.5 874 29.5635
1089.5 917 30.282
1090.5 894 29.8998
1091.5 950 30.8221
1092.5 926 30.4302
1093.5 892 29.8664
1094.5 835 28.8964
1095.5 893 29.8831
1096.5 888 29.7993
1097.5 890 29.8329
1098.5 907 30.1164
1099.5 923 30.3809
1100.5 842 29.0172
1101.5 840 28.9828
1102.5 841 29
1103.5 900 30
1104.5 869 29.4788
1105.5 869 29.4788
1106.5 896 29.9333
1107.5 919 30.315
1108.5 873 29.5466
1109.5 883 29.7153
1110.5 867 29.4449
1111.5 879 29.6479
1112.5 843 29.0345
1113.5 891 29.8496
1114.5 860 29.3258
1115.5 907 30.1164
1116.5 903 30.05
1117.5 832 28.8444
1118.5 877 29.6142
1119.5 828 28.775
1120.5 888 29.7993
1121.5 866 29.4279
1122.5 783 27.9821
1123.5 909 30.1496
1124.5 852 29.189
1125.5 866 29.4279
1126.5 875 29.5804
1127.5 828 28.775
1128.5 826 28.7402
1129.5 888 29.7993
1130.5 905 30.0832
1131.5 865 29.4109
1132.5 820 28.6356
1133.5 812 28.4956
1134.5 848 29.1204
1135.5 865 29.4109
1136.5 813 28.5132
1137.5 838 28.9482
1138.5 803 28.3373
1139.5 852 29.189
1140.5 812 28.4956
1141.5 800 28.2843
1142.5 839 28.9655
1143.5 827 28.7576
1144.5 816 28.5657
1145.5 814 28.5307
1146.5 819 28.6182
1147.5 803 28.3373
1148.5 818 28.6007
1149.5 822 28.6705
1150.5 808 28.4253
1151.5 779 27.9106
1152.5 798 28.2489
1153.5 832 28.8444
1154.5 816 28.5657
1155.5 831 28.8271
1156.5 816 28.5657
1157.5 805 28.3725
1158.5 815 28.5482
1159.5 830 28.8097
1160.5 805 28.3725
1161.5 798 28.2489
1162.5 853 29.2062
1163.5 802 28.3196
1164.5 804 28.3549
1165.5 794 28.178
1166.5 805 28.3725
1167.5 782 27.9643
1168.5 799 28.2666
1169.5 824 28.7054
1170.5 801 28.3019
1171.5 775 27.8388
1172.5 754 27.4591
1173.5 804 28.3549
1174.5 811 28.4781
1175.5 828 28.775
1176.5 800 28.2843
1177.5 830 28.8097
1178.5 797 28.2312
1179.5 797 28.2312
1180.5 810 28.4605
1181.5 784 28
1182.5 809 28.4429
1183.5 706 26.5707
1184.5 749 27.3679
1185.5 828 28.775
1186.5 750 27.3861
1187.5 746 27.313
1188.5 740 27.2029
1189.5 785 28.0179
1190.5 822 28.6705
1191.5 709 26.6271
1192.5 732 27.0555
1193.5 810 28.4605
1194.5 770 27.7489
1195.5 740 27.2029
1196.5 795 28.1957
1197.5 811 28.4781
1198.5 810 28.4605
1199.5 812 28.4956
1200.5 691 26.2869
1201.5 804 28.3549
1202.5 720 26.8328
1203.5 766 27.6767
1204.5 755 27.4773
1205.5 755 27.4773
1206.5 717 26.7769
1207.5 752 27.4226
1208.5 762 27.6043
1209.5 787 28.0535
1210.5 782 27.9643
1211.5 768 27.7128
1212.5 803 28.3373
1213.5 799 28.2666
1214.5 786 28.0357
1215.5 747 27.3313
1216.5 731 27.037
1217.5 744 27.2764
1218.5 768 27.7128
1219.5 749 27.3679
1220.5 723 26.8887
1221.5 723 26.8887
1222.5 786 28.0357
1223.5 715 26.7395
1224.5 781 27.9464
1225.5 738 27.1662
1226.5 736 27.1293
1227.5 732 27.0555
1228.5 710 26.6458
1229.5 700 26.4575
1230.5 755 27.4773
1231.5 724 26.9072
1232.5 731 27.037
1233.5 699 26.4386
1234.5 751 27.4044
1235.5 761 27.5862
1236.5 690 26.2679
1237.5 722 26.8701
1238.5 704 26.533
1239.5 721 26.8514
1240.5 751 27.4044
1241.5 711 26.6646
1242.5 677 26.0192
1243.5 715 26.7395
1244.5 766 27.6767
1245.5 739 27.1846
1246.5 729 27
1247.5 656 25.6125
1248.5 765 27.6586
1249.5 685 26.1725
1250.5 682 26.1151
1251.5 687 26.2107
1252.5 686 26.1916
1253.5 675 25.9808
1254.5 689 26.2488
1255.5 752 27.4226
1256.5 731 27.037
1257.5 701 26.4764
1258.5 704 26.533
1259.5 735 27.1109
1260.5 690 26.2679
1261.5 672 25.923
1262.5 672 25.923
1263.5 696 26.3818
1264.5 692 26.3059
1265.5 698 26.4197
1266.5 715 26.7395
1267.5 654 25.5734
1268.5 708 26.6083
1269.5 661 25.7099
1270.5 665 25.7876
1271.5 698 26.4197
1272.5 705 26.5518
1273.5 693 26.3249
1274.5 712 26.6833
1275.5 751 27.4044
1276.5 703 26.5141
1277.5 734 27.0924
1278.5 664 25.7682
1279.5 690 26.2679
1280.5 688 26.2298
1281.5 692 26.3059
1282.5 680 26.0768
1283.5 674 25.9615
1284.5 674 25.9615
1285.5 673 25.9422
1286.5 668 25.8457
1287.5 707 26.5895
1288.5 698 26.4197
1289.5 640 25.2982
1290.5 656 25.6125
1291.5 675 25.9808
1292.5 689 26.2488
1293.5 671 25.9037
1294.5 690 26.2679
1295.5 626 25.02
1296.5 686 26.1916
1297.5 648 25.4558
1298.5 676 26
1299.5 703 26.5141
1300.5 691 26.2869
1301.5 676 26
1302.5 692 26.3059
1303.5 651 25.5147
1304.5 677 26.0192
1305.5 708 26.6083
1306.5 712 26.6833
1307.5 670 25.8844
1308.5 706 26.5707
1309.5 667 25.8263
1310.5 722 26.8701
1311.5 696 26.3818
1312.5 630 25.0998
1313.5 679 26.0576
1314.5 709 26.6271
1315.5 689 26.2488
1316.5 707 26.5895
1317.5 675 25.9808
1318.5 677 26.0192
1319.5 698 26.4197
1320.5 722 26.8701
1321.5 655 25.593
1322.5 689 26.2488
1323.5 685 26.1725
1324.5 726 26.9444
1325.5 667 25.8263
1326.5 680 26.0768
1327.5 700 26.4575
1328.5 702 26.4953
1329.5 650 25.4951
1330.5 686 26.1916
1331.5 714 26.7208
1332.5 677 26.0192
1333.5 703 26.5141
1334.5 631 25.1197
1335.5 684 26.1534
1336.5 646 25.4165
1337.5 643 25.3574
1338.5 646 25.4165
1339.5 679 26.0576
1340.5 678 26.0384
1341.5 693 26.3249
1342.5 700 26.4575
1343.5 669 25.865
1344.5 695 26.3629
1345.5 634 25.1794
1346.5 661 25.7099
1347.5 633 25.1595
1348.5 692 26.3059
1349.5 698 26.4197
1350.5 668 25.8457
1351.5 680 26.0768
1352.5 666 25.807
1353.5 703 26.5141
1354.5 648 25.4558
1355.5 637 25.2389
1356.5 641 25.318
1357.5 695 26.3629
1358.5 636 25.219
1359.5 701 26.4764
1360.5 658 25.6515
1361.5 677 26.0192
1362.5 623 24.96
1363.5 668 25.8457
1364.5 667 25.8263
1365.5 664 25.7682
1366.5 636 25.219
1367.5 648 25.4558
1368.5 668 25.8457
1369.5 666 25.807
1370.5 653 25.5539
1371.5 668 25.8457
1372.5 663 25.7488
1373.5 625 25
1374.5 619 24.8797
1375.5 677 26.0192
1376.5 640 25.2982
1377.5 599 24.4745
1378.5 689 26.2488
1379.5 648 25.4558
1380.5 654 25.5734
1381.5 662 25.7294
1382.5 651 25.5147
1383.5 653 25.5539
1384.5 679 26.0576
1385.5 695 26.3629
1386.5 621 24.9199
1387.5 617 24.8395
1388.5 632 25.1396
1389.5 645 25.3969
1390.5 646 25.4165
1391.5 699 26.4386
1392.5 607 24.6374
1393.5 641 25.318
1394.5 621 24.9199
1395.5 611 24.7184
1396.5 641 25.318
1397.5 609 24.6779
1398.5 588 24.2487
1399.5 585 24.1868
1400.5 662 25.7294
1401.5 606 24.6171
1402.5 660 25.6905
1403.5 646 25.4165
1404.5 651 25.5147
1405.5 634 25.1794
1406.5 683 26.1343
1407.5 642 25.3377
1408.5 613 24.7588
1409.5 619 24.8797
1410.5 618 24.8596
1411.5 617 24.8395
1412.5 610 24.6982
1413.5 608 24.6577
1414.5 646 25.4165
1415.5 673 25.9422
1416.5 608 24.6577
1417.5 666 25.807
1418.5 617 24.8395
1419.5 646 25.4165
1420.5 612 24.7386
1421.5 634 25.1794
1422.5 590 24.2899
1423.5 597 24.4336
1424.5 603 24.5561
1425.5 634 25.1794
1426.5 584 24.1661
1427.5 633 25.1595
1428.5 624 24.98
1429.5 603 24.5561
1430.5 548 23.4094
1431.5 655 25.593
1432.5 647 25.4362
1433.5 619 24.8797
1434.5 607 24.6374
1435.5 646 25.4165
1436.5 622 24.9399
1437.5 586 24.2074
1438.5 614 24.779
1439.5 618 24.8596
1440.5 631 25.1197
1441.5 596 24.4131
1442.5 610 24.6982
1443.5 600 24.4949
1444.5 629 25.0799
1445.5 593 24.3516
1446.5 603 24.5561
1447.5 641 25.318
1448.5 625 25
1449.5 621 24.9199
1450.5 591 24.3105
1451.5 588 24.2487
1452.5 581 24.1039
1453.5 570 23.8747
1454.5 566 23.7908
1455.5 591 24.3105
1456.5 621 24.9199
1457.5 580 24.0832
1458.5 633 25.1595
1459.5 636 25.219
1460.5 593 24.3516
1461.5 595 24.3926
1462.5 575 23.9792
1463.5 570 23.8747
1464.5 596 24.4131
1465.5 592 24.3311
1466.5 559 23.6432
1467.5 575 23.9792
1468.5 533 23.0868
1469.5 590 24.2899
1470.5 617 24.8395
1471.5 574 23.9583
1472.5 564 23.7487
1473.5 584 24.1661
1474.5 605 24.5967
1475.5 571 23.8956
1476.5 616 24.8193
1477.5 605 24.5967
1478.5 581 24.1039
1479.5 573 23.9374
1480.5 575 23.9792
1481.5 555 23.5584
1482.5 577 24.0208
1483.5 572 23.9165
1484.5 606 24.6171
1485.5 636 25.219
1486.5 557 23.6008
1487.5 513 22.6495
1488.5 570 23.8747
1489.5 527 22.9565
1490.5 582 24.1247
1491.5 580 24.0832
1492.5 578 24.0416
1493.5 564 23.7487
1494.5 536 23.1517
1495.5 593 24.3516
1496.5 596 24.4131
1497.5 561 23.6854
1498.5 569 23.8537
1499.5 562 23.7065
1500.5 561 23.6854
1501.5 580 24.0832
1502.5 555 23.5584
1503.5 541 23.2594
1504.5 547 23.388
1505.5 576 24
1506.5 523 22.8692
1507.5 573 23.9374
1508.5 578 24.0416
1509.5 587 24.2281
1510.5 555 23.5584
1511.5 593 24.3516
1512.5 534 23.1084
1513.5 584 24.1661
1514.5 523 22.8692
1515.5 563 23.7276
1516.5 595 24.3926
1517.5 588 24.2487
1518.5 558 23.622
1519.5 570 23.8747
1520.5 514 22.6716
1521.5 548 23.4094
1522.5 525 22.9129
1523.5 561 23.6854
1524.5 578 24.0416
1525.5 510 22.5832
1526.5 578 24.0416
1527.5 559 23.6432
1528.5 549 23.4307
1529.5 513 22.6495
1530.5 514 22.6716
1531.5 526 22.9347
1532.5 580 24.0832
1533.5 552 23.4947
1534.5 600 24.4949
1535.5 554 23.5372
1536.5 564 23.7487
1537.5 570 23.8747
1538.5 549 23.4307
1539.5 533 23.0868
1540.5 573 23.9374
1541.5 528 22.9783
1542.5 559 23.6432
1543.5 522 22.8473
1544.5 533 23.0868
1545.5 504 22.4499
1546.5 525 22.9129
1547.5 542 23.2809
1548.5 511 22.6053
1549.5 567 23.8118
1550.5 597 24.4336
1551.5 524 22.891
1552.5 572 23.9165
1553.5 548 23.4094
1554.5 508 22.5389
1555.5 541 23.2594
1556.5 547 23.388
1557.5 585 24.1868
1558.5 595 24.3926
1559.5 537 23.1733
1560.5 522 22.8473
1561.5 509 22.561
1562.5 541 23.2594
1563.5 504 22.4499
1564.5 506 22.4944
1565.5 537 23.1733
1566.5 546 23.3666
1567.5 549 23.4307
1568.5 569 23.8537
1569.5 545 23.3452
1570.5 561 23.6854
1571.5 505 22.4722
1572.5 544 23.3238
1573.5 533 23.0868
1574.5 490 22.1359
1575.5 510 22.5832
1576.5 498 22.3159
1577.5 544 23.3238
1578.5 538 23.1948
1579.5 519 22.7816
1580.5 508 22.5389
1581.5 556 23.5797
1582.5 568 23.8328
1583.5 527 22.9565
1584.5 542 23.2809
1585.5 488 22.0907
1586.5 538 23.1948
1587.5 515 22.6936
1588.5 507 22.5167
1589.5 501 22.383
1590.5 536 23.1517
1591.5 506 22.4944
1592.5 490 22.1359
1593.5 494 22.2261
1594.5 498 22.3159
1595.5 529 23
1596.5 516 22.7156
1597.5 557 23.6008
1598.5 502 22.4054
1599.5 511 22.6053
1600.5 545 23.3452
1601.5 505 22.4722
1602.5 525 22.9129
1603.5 513 22.6495
1604.5 521 22.8254
1605.5 527 22.9565
1606.5 541 23.2594
1607.5 483 21.9773
1608.5 527 22.9565
1609.5 531 23.0434
1610.5 500 22.3607
1611.5 508 22.5389
1612.5 548 23.4094
1613.5 487 22.0681
1614.5 537 23.1733
1615.5 576 24
1616.5 489 22.1133
1617.5 478 21.8632
1618.5 523 22.8692
1619.5 506 22.4944
1620.5 498 22.3159
1621.5 500 22.3607
1622.5 524 22.891
1623.5 483 21.9773
1624.5 464 21.5407
1625.5 514 22.6716
1626.5 507 22.5167
1627.5 519 22.7816
1628.5 508 22.5389
1629.5 513 22.6495
1630.5 496 22.2711
1631.5 516 22.7156
1632.5 519 22.7816
1633.5 486 22.0454
1634.5 505 22.4722
1635.5 519 22.7816
1636.5 513 22.6495
1637.5 516 22.7156
1638.5 468 21.6333
1639.5 437 20.9045
1640.5 484 22
1641.5 484 22
1642.5 505 22.4722
1643.5 508 22.5389
1644.5 487 22.0681
1645.5 475 21.7945
1646.5 510 22.5832
1647.5 534 23.1084
1648.5 483 21.9773
1649.5 528 22.9783
1650.5 490 22.1359
1651.5 488 22.0907
1652.5 485 22.0227
1653.5 494 22.2261
1654.5 451 21.2368
1655.5 514 22.6716
1656.5 529 23
1657.5 529 23
1658.5 488 22.0907
1659.5 461 21.4709
1660.5 441 21
1661.5 415 20.3715
1662.5 511 22.6053
1663.5 501 22.383
1664.5 464 21.5407
1665.5 502 22.4054
1666.5 436 20.8806
1667.5 484 22
1668.5 496 22.2711
1669.5 493 22.2036
1670.5 530 23.0217
1671.5 498 22.3159
1672.5 478 21.8632
1673.5 493 22.2036
1674.5 453 21.2838
1675.5 479 21.8861
1676.5 502 22.4054
1677.5 487 22.0681
1678.5 499 22.3383
1679.5 508 22.5389
1680.5 462 21.4942
1681.5 477 21.8403
1682.5 502 22.4054
1683.5 479 21.8861
1684.5 483 21.9773
1685.5 450 21.2132
1686.5 475 21.7945
1687.5 479 21.8861
1688.5 460 21.4476
1689.5 431 20.7605
1690.5 475 21.7945
1691.5 485 22.0227
1692.5 462 21.4942
1693.5 446 21.1187
1694.5 465 21.5639
1695.5 502 22.4054
1696.5 491 22.1585
1697.5 471 21.7025
1698.5 514 22.6716
1699.5 477 21.8403
1700.5 476 21.8174
1701.5 474 21.7715
1702.5 490 22.1359
1703.5 463 21.5174
1704.5 443 21.0476
1705.5 432 20.7846
1706.5 418 20.445
1707.5 477 21.8403
1708.5 507 22.5167
1709.5 463 21.5174
1710.5 451 21.2368
1711.5 522 22.8473
1712.5 500 22.3607
1713.5 474 21.7715
1714.5 478 21.8632
1715.5 502 22.4054
1716.5 455 21.3307
1717.5 468 21.6333
1718.5 513 22.6495
1719.5 483 21.9773
1720.5 445 21.095
1721.5 445 21.095
1722.5 429 20.7123
1723.5 486 22.0454
1724.5 459 21.4243
1725.5 452 21.2603
1726.5 481 21.9317
1727.5 448 21.166
1728.5 479 21.8861
1729.5 482 21.9545
1730.5 467 21.6102
1731.5 467 21.6102
1732.5 437 20.9045
1733.5 493 22.2036
1734.5 437 20.9045
1735.5 483 21.9773
1736.5 457 21.3776
1737.5 465 21.5639
1738.5 488 22.0907
1739.5 444 21.0713
1740.5 467 21.6102
1741.5 496 22.2711
1742.5 466 21.587
1743.5 486 22.0454
1744.5 472 21.7256
1745.5 489 22.1133
1746.5 464 21.5407
1747.5 471 21.7025
1748.5 486 22.0454
1749.5 504 22.4499
1750.5 437 20.9045
1751.5 459 21.4243
1752.5 456 21.3542
1753.5 469 21.6564
1754.5 456 21.3542
1755.5 471 21.7025
1756.5 462 21.4942
1757.5 469 21.6564
1758.5 426 20.6398
1759.5 485 22.0227
1760.5 454 21.3073
1761.5 460 21.4476
1762.5 476 21.8174
1763.5 456 21.3542
1764.5 474 21.7715
1765.5 472 21.7256
1766.5 497 22.2935
1767.5 444 21.0713
1768.5 467 21.6102
1769.5 450 21.2132
1770.5 465 21.5639
1771.5 465 21.5639
1772.5 442 21.0238
1773.5 491 22.1585
1774.5 440 20.9762
1775.5 429 20.7123
1776.5 420 20.4939
1777.5 441 21
1778.5 428 20.6882
1779.5 448 21.166
1780.5 463 21.5174
1781.5 457 21.3776
1782.5 393 19.8242
1783.5 422 20.5426
1784.5 464 21.5407
1785.5 456 21.3542
1786.5 472 21.7256
1787.5 457 21.3776
1788.5 480 21.9089
1789.5 488 22.0907
1790.5 452 21.2603
1791.5 425 20.6155
1792.5 451 21.2368
1793.5 429 20.7123
1794.5 423 20.567
1795.5 435 20.8567
1796.5 444 21.0713
1797.5 425 20.6155
1798.5 445 21.095
1799.5 451 21.2368
1800.5 425 20.6155
1801.5 447 21.1424
1802.5 417 20.4206
1803.5 409 20.2237
1804.5 443 21.0476
1805.5 441 21
1806.5 469 21.6564
1807.5 444 21.0713
1808.5 450 21.2132
1809.5 457 21.3776
1810.5 451 21.2368
1811.5 428 20.6882
1812.5 469 21.6564
1813.5 464 21.5407
1814.5 508 22.5389
1815.5 459 21.4243
1816.5 450 21.2132
1817.5 436 20.8806
1818.5 455 21.3307
1819.5 411 20.2731
1820.5 456 21.3542
1821.5 433 20.8087
1822.5 435 20.8567
1823.5 399 19.975
1824.5 468 21.6333
1825.5 425 20.6155
1826.5 407 20.1742
1827.5 457 21.3776
1828.5 472 21.7256
1829.5 466 21.587
1830.5 457 21.3776
1831.5 472 21.7256
1832.5 425 20.6155
1833.5 424 20.5913
1834.5 424 20.5913
1835.5 439 20.9523
1836.5 435 20.8567
1837.5 441 21
1838.5 405 20.1246
1839.5 408 20.199
1840.5 440 20.9762
1841.5 439 20.9523
1842.5 419 20.4695
1843.5 450 21.2132
1844.5 416 20.3961
1845.5 454 21.3073
1846.5 448 21.166
1847.5 445 21.095
1848.5 426 20.6398
1849.5 470 21.6795
1850.5 431 20.7605
1851.5 459 21.4243
1852.5 456 21.3542
1853.5 427 20.664
1854.5 424 20.5913
1855.5 456 21.3542
1856.5 438 20.9284
1857.5 448 21.166
1858.5 455 21.3307
1859.5 473 21.7486
1860.5 440 20.9762
1861.5 443 21.0476
1862.5 429 20.7123
1863.5 459 21.4243
1864.5 435 20.8567
1865.5 433 20.8087
1866.5 442 21.0238
1867.5 437 20.9045
1868.5 457 21.3776
1869.5 438 20.9284
1870.5 414 20.347
1871.5 455 21.3307
1872.5 419 20.4695
1873.5 434 20.8327
1874.5 452 21.2603
1875.5 427 20.664
1876.5 417 20.4206
1877.5 410 20.2485
1878.5 395 19.8746
1879.5 463 21.5174
1880.5 408 20.199
1881.5 442 21.0238
1882.5 435 20.8567
1883.5 411 20.2731
1884.5 434 20.8327
1885.5 441 21
1886.5 457 21.3776
1887.5 430 20.7364
1888.5 391 19.7737
1889.5 448 21.166
1890.5 455 21.3307
1891.5 447 21.1424
1892.5 427 20.664
1893.5 462 21.4942
1894.5 437 20.9045
1895.5 390 19.7484
1896.5 413 20.3224
1897.5 426 20.6398
1898.5 419 20.4695
1899.5 427 20.664
1900.5 453 21.2838
1901.5 500 22.3607
1902.5 428 20.6882
1903.5 438 20.9284
1904.5 466 21.587
1905.5 451 21.2368
1906.5 461 21.4709
1907.5 464 21.5407
1908.5 407 20.1742
1909.5 415 20.3715
1910.5 448 21.166
1911.5 434 20.8327
1912.5 439 20.9523
1913.5 460 21.4476
1914.5 472 21.7256
1915.5 427 20.664
1916.5 442 21.0238
1917.5 403 20.0749
1918.5 429 20.7123
1919.5 461 21.4709
1920.5 432 20.7846
1921.5 422 20.5426
1922.5 410 20.2485
1923.5 429 20.7123
1924.5 440 20.9762
1925.5 419 20.4695
1926.5 425 20.6155
1927.5 433 20.8087
1928.5 432 20.7846
1929.5 438 20.9284
1930.5 407 20.1742
1931.5 446 21.1187
1932.5 479 21.8861
1933.5 399 19.975
1934.5 457 21.3776
1935.5 462 21.4942
1936.5 472 21.7256
1937.5 422 20.5426
1938.5 435 20.8567
1939.5 408 20.199
1940.5 448 21.166
1941.5 418 20.445
1942.5 417 20.4206
1943.5 444 21.0713
1944.5 441 21
1945.5 411 20.2731
1946.5 416 20.3961
1947.5 424 20.5913
1948.5 379 19.4679
1949.5 424 20.5913
1950.5 435 20.8567
1951.5 399 19.975
1952.5 416 20.3961
1953.5 455 21.3307
1954.5 424 20.5913
1955.5 407 20.1742
1956.5 415 20.3715
1957.5 425 20.6155
1958.5 413 20.3224
1959.5 413 20.3224
1960.5 479 21.8861
1961.5 434 20.8327
1962.5 440 20.9762
1963.5 433 20.8087
1964.5 415 20.3715
1965.5 445 21.095
1966.5 381 19.5192
1967.5 455 21.3307
1968.5 397 19.9249
1969.5 455 21.3307
1970.5 454 21.3073
1971.5 448 21.166
1972.5 433 20.8087
1973.5 422 20.5426
1974.5 447 21.1424
1975.5 389 19.7231
1976.5 418 20.445
1977.5 452 21.2603
1978.5 477 21.8403
1979.5 398 19.9499
1980.5 425 20.6155
1981.5 398 19.9499
1982.5 437 20.9045
1983.5 439 20.9523
1984.5 410 20.2485
1985.5 396 19.8997
1986.5 399 19.975
1987.5 393 19.8242
1988.5 413 20.3224
1989.5 434 20.8327
1990.5 435 20.8567
1991.5 421 20.5183
1992.5 426 20.6398
1993.5 453 21.2838
1994.5 425 20.6155
1995.5 438 20.9284
1996.5 447 21.1424
1997.5 443 21.0476
1998.5 446 21.1187
1999.5 422 20.5426
2000.5 413 20.3224
2001.5 448 21.166
2002.5 406 20.1494
2003.5 386 19.6469
2004.5 411 20.2731
2005.5 425 20.6155
2006.5 421 20.5183
2007.5 430 20.7364
2008.5 424 20.5913
2009.5 436 20.8806
2010.5 415 20.3715
2011.5 467 21.6102
2012.5 424 20.5913
2013.5 436 20.8806
2014.5 440 20.9762
2015.5 458 21.4009
2016.5 409 20.2237
2017.5 426 20.6398
2018.5 409 20.2237
2019.5 462 21.4942
2020.5 430 20.7364
2021.5 402 20.0499
2022.5 416 20.3961
2023.5 399 19.975
2024.5 433 20.8087
2025.5 431 20.7605
2026.5 439 20.9523
2027.5 407 20.1742
2028.5 447 21.1424
2029.5 435 20.8567
2030.5 402 20.0499
2031.5 399 19.975
2032.5 452 21.2603
2033.5 424 20.5913
2034.5 448 21.166
2035.5 407 20.1742
2036.5 417 20.4206
2037.5 463 21.5174
2038.5 437 20.9045
2039.5 416 20.3961
2040.5 418 20.445
2041.5 435 20.8567
2042.5 429 20.7123
2043.5 456 21.3542
2044.5 451 21.2368
2045.5 386 19.6469
2046.5 393 19.8242
2047.5 409 20.2237
2048.5 428 20.6882
2049.5 443 21.0476
2050.5 409 20.2237
2051.5 382 19.5448
2052.5 411 20.2731
2053.5 403 20.0749
2054.5 399 19.975
2055.5 429 20.7123
2056.5 439 20.9523
2057.5 404 20.0998
2058.5 405 20.1246
2059.5 429 20.7123
2060.5 429 20.7123
2061.5 468 21.6333
2062.5 444 21.0713
2063.5 449 21.1896
2064.5 418 20.445
2065.5 448 21.166
2066.5 469 21.6564
2067.5 438 20.9284
2068.5 427 20.664
2069.5 440 20.9762
2070.5 409 20.2237
2071.5 434 20.8327
2072.5 464 21.5407
2073.5 450 21.2132
2074.5 402 20.0499
2075.5 457 21.3776
2076.5 442 21.0238
2077.5 400 20
2078.5 426 20.6398
2079.5 451 21.2368
2080.5 408 20.199
2081.5 453 21.2838
2082.5 453 21.2838
2083.5 455 21.3307
2084.5 386 19.6469
2085.5 451 21.2368
2086.5 429 20.7123
2087.5 442 21.0238
2088.5 474 21.7715
2089.5 457 21.3776
2090.5 406 20.1494
2091.5 449 21.1896
2092.5 392 19.799
2093.5 445 21.095
2094.5 437 20.9045
2095.5 443 21.0476
2096.5 481 21.9317
2097.5 416 20.3961
2098.5 423 20.567
2099.5 443 21.0476
2100.5 420 20.4939
2101.5 421 20.5183
2102.5 445 21.095
2103.5 404 20.0998
2104.5 449 21.1896
2105.5 437 20.9045
2106.5 425 20.6155
2107.5 442 21.0238
2108.5 438 20.9284
2109.5 469 21.6564
2110.5 472 21.7256
2111.5 445 21.095
2112.5 443 21.0476
2113.5 481 21.9317
2114.5 422 20.5426
2115.5 407 20.1742
2116.5 424 20.5913
2117.5 462 21.4942
2118.5 433 20.8087
2119.5 429 20.7123
2120.5 445 21.095
2121.5 450 21.2132
2122.5 465 21.5639
2123.5 444 21.0713
2124.5 451 21.2368
2125.5 444 21.0713
2126.5 413 20.3224
2127.5 431 20.7605
2128.5 420 20.4939
2129.5 443 21.0476
2130.5 478 21.8632
2131.5 462 21.4942
2132.5 421 20.5183
2133.5 415 20.3715
2134.5 424 20.5913
2135.5 441 21
2136.5 448 21.166
2137.5 419 20.4695
2138.5 427 20.664
2139.5 427 20.664
2140.5 438 20.9284
2141.5 400 20
2142.5 385 19.6214
2143.5 438 20.9284
2144.5 448 21.166
2145.5 396 19.8997
2146.5 418 20.445
2147.5 425 20.6155
2148.5 445 21.095
2149.5 448 21.166
2150.5 454 21.3073
2151.5 464 21.5407
2152.5 426 20.6398
2153.5 466 21.587
2154.5 465 21.5639
2155.5 456 21.3542
2156.5 425 20.6155
2157.5 449 21.1896
2158.5 419 20.4695
2159.5 444 21.0713
2160.5 450 21.2132
2161.5 461 21.4709
2162.5 429 20.7123
2163.5 465 21.5639
2164.5 434 20.8327
2165.5 436 20.8806
2166.5 447 21.1424
2167.5 437 20.9045
2168.5 449 21.1896
2169.5 413 20.3224
2170.5 442 21.0238
2171.5 387 19.6723
2172.5 464 21.5407
2173.5 410 20.2485
2174.5 468 21.6333
2175.5 442 21.0238
2176.5 436 20.8806
2177.5 459 21.4243
2178.5 460 21.4476
2179.5 460 21.4476
2180.5 429 20.7123
2181.5 413 20.3224
2182.5 472 21.7256
2183.5 442 21.0238
2184.5 458 21.4009
2185.5 455 21.3307
2186.5 481 21.9317
2187.5 393 19.8242
2188.5 445 21.095
2189.5 453 21.2838
2190.5 433 20.8087
2191.5 445 21.095
2192.5 476 21.8174
2193.5 444 21.0713
2194.5 469 21.6564
2195.5 433 20.8087
2196.5 467 21.6102
2197.5 441 21
2198.5 439 20.9523
2199.5 473 21.7486
2200.5 445 21.095
2201.5 428 20.6882
2202.5 460 21.4476
2203.5 416 20.3961
2204.5 428 20.6882
2205.5 397 19.9249
2206.5 427 20.664
2207.5 461 21.4709
2208.5 432 20.7846
2209.5 421 20.5183
2210.5 471 21.7025
2211.5 421 20.5183
2212.5 445 21.095
2213.5 419 20.4695
2214.5 430 20.7364
2215.5 482 21.9545
2216.5 437 20.9045
2217.5 479 21.8861
2218.5 447 21.1424
2219.5 444 21.0713
2220.5 479 21.8861
2221.5 421 20.5183
2222.5 415 20.3715
2223.5 443 21.0476
2224.5 454 21.3073
2225.5 396 19.8997
2226.5 407 20.1742
2227.5 426 20.6398
2228.5 447 21.1424
2229.5 428 20.6882
2230.5 437 20.9045
2231.5 455 21.3307
2232.5 435 20.8567
2233.5 430 20.7364
2234.5 425 20.6155
2235.5 443 21.0476
2236.5 418 20.445
2237.5 453 21.2838
2238.5 424 20.5913
2239.5 441 21
2240.5 421 20.5183
2241.5 406 20.1494
2242.5 438 20.9284
2243.5 469 21.6564
2244.5 411 20.2731
2245.5 399 19.975
2246.5 442 21.0238
2247.5 420 20.4939
2248.5 430 20.7364
2249.5 458 21.4009
2250.5 475 21.7945
2251.5 438 20.9284
2252.5 413 20.3224
2253.5 449 21.1896
2254.5 402 20.0499
2255.5 458 21.4009
2256.5 434 20.8327
2257.5 447 21.1424
2258.5 462 21.4942
2259.5 403 20.0749
2260.5 455 21.3307
2261.5 442 21.0238
2262.5 445 21.095
2263.5 408 20.199
2264.5 429 20.7123
2265.5 399 19.975
2266.5 457 21.3776
2267.5 415 20.3715
2268.5 430 20.7364
2269.5 438 20.9284
2270.5 446 21.1187
2271.5 403 20.0749
2272.5 408 20.199
2273.5 401 20.025
2274.5 437 20.9045
2275.5 419 20.4695
2276.5 430 20.7364
2277.5 441 21
2278.5 463 21.5174
2279.5 377 19.4165
2280.5 421 20.5183
2281.5 434 20.8327
2282.5 406 20.1494
2283.5 465 21.5639
2284.5 414 20.347
2285.5 400 20
2286.5 441 21
2287.5 414 20.347
2288.5 425 20.6155
2289.5 393 19.8242
2290.5 386 19.6469
2291.5 414 20.347
2292.5 418 20.445
2293.5 419 20.4695
2294.5 433 20.8087
2295.5 414 20.347
2296.5 375 19.3649
2297.5 439 20.9523
2298.5 460 21.4476
2299.5 404 20.0998
2300.5 426 20.6398
2301.5 463 21.5174
2302.5 417 20.4206
2303.5 454 21.3073
2304.5 431 20.7605
2305.5 433 20.8087
2306.5 439 20.9523
2307.5 417 20.4206
2308.5 407 20.1742
2309.5 418 20.445
2310.5 416 20.3961
2311.5 426 20.6398
2312.5 422 20.5426
2313.5 433 20.8087
2314.5 426 20.6398
2315.5 412 20.2978
2316.5 408 20.199
2317.5 410 20.2485
2318.5 430 20.7364
2319.5 423 20.567
2320.5 390 19.7484
2321.5 400 20
2322.5 427 20.664
2323.5 388 19.6977
2324.5 414 20.347
2325.5 437 20.9045
2326.5 411 20.2731
2327.5 413 20.3224
2328.5 430 20.7364
2329.5 386 19.6469
2330.5 432 20.7846
2331.5 411 20.2731
2332.5 392 19.799
2333.5 370 19.2354
2334.5 397 19.9249
2335.5 373 19.3132
2336.5 424 20.5913
2337.5 390 19.7484
2338.5 406 20.1494
2339.5 418 20.445
2340.5 408 20.199
2341.5 397 19.9249
2342.5 397 19.9249
2343.5 372 19.2873
2344.5 397 19.9249
2345.5 375 19.3649
2346.5 399 19.975
2347.5 385 19.6214
2348.5 402 20.0499
2349.5 385 19.6214
2350.5 401 20.025
2351.5 352 18.7617
2352.5 364 19.0788
2353.5 375 19.3649
2354.5 377 19.4165
2355.5 360 18.9737
2356.5 418 20.445
2357.5 389 19.7231
2358.5 338 18.3848
2359.5 375 19.3649
2360.5 388 19.6977
2361.5 359 18.9473
2362.5 349 18.6815
2363.5 358 18.9209
2364.5 367 19.1572
2365.5 328 18.1108
2366.5 344 18.5472
2367.5 364 19.0788
2368.5 326 18.0555
2369.5 329 18.1384
2370.5 331 18.1934
2371.5 357 18.8944
2372.5 290 17.0294
2373.5 311 17.6352
2374.5 318 17.8326
2375.5 316 17.7764
2376.5 298 17.2627
2377.5 289 17
2378.5 293 17.1172
2379.5 337 18.3576
2380.5 302 17.3781
2381.5 345 18.5742
2382.5 306 17.4929
2383.5 304 17.4356
2384.5 308 17.5499
2385.5 296 17.2047
2386.5 342 18.4932
2387.5 312 17.6635
2388.5 289 17
2389.5 329 18.1384
2390.5 285 16.8819
2391.5 328 18.1108
2392.5 275 16.5831
2393.5 319 17.8606
2394.5 274 16.5529
2395.5 293 17.1172
2396.5 256 16
2397.5 268 16.3707
2398.5 285 16.8819
2399.5 305 17.4642
2400.5 284 16.8523
2401.5 302 17.3781
2402.5 296 17.2047
2403.5 266 16.3095
2404.5 286 16.9115
2405.5 300 17.3205
2406.5 286 16.9115
2407.5 305 17.4642
2408.5 277 16.6433
2409.5 308 17.5499
2410.5 272 16.4924
2411.5 291 17.0587
2412.5 303 17.4069
2413.5 324 18
2414.5 256 16
2415.5 302 17.3781
2416.5 282 16.7929
2417.5 285 16.8819
2418.5 280 16.7332
2419.5 265 16.2788
2420.5 280 16.7332
2421.5 288 16.9706
2422.5 255 15.9687
2423.5 276 16.6132
2424.5 270 16.4317
2425.5 273 16.5227
2426.5 253 15.906
2427.5 288 16.9706
2428.5 297 17.2337
2429.5 270 16.4317
2430.5 290 17.0294
2431.5 288 16.9706
2432.5 284 16.8523
2433.5 287 16.9411
2434.5 258 16.0624
2435.5 261 16.1555
2436.5 279 16.7033
2437.5 297 17.2337
2438.5 284 16.8523
2439.5 254 15.9374
2440.5 261 16.1555
2441.5 236 15.3623
2442.5 267 16.3401
2443.5 261 16.1555
2444.5 296 17.2047
2445.5 292 17.088
2446.5 259 16.0935
2447.5 273 16.5227
2448.5 242 15.5563
2449.5 294 17.1464
2450.5 262 16.1864
2451.5 267 16.3401
2452.5 250 15.8114
2453.5 260 16.1245
2454.5 243 15.5885
2455.5 266 16.3095
2456.5 263 16.2173
2457.5 262 16.1864
2458.5 266 16.3095
2459.5 238 15.4272
2460.5 264 16.2481
2461.5 263 16.2173
2462.5 257 16.0312
2463.5 297 17.2337
2464.5 256 16
2465.5 274 16.5529
2466.5 241 15.5242
2467.5 261 16.1555
2468.5 253 15.906
2469.5 228 15.0997
2470.5 252 15.8745
2471.5 283 16.8226
2472.5 239 15.4596
2473.5 259 16.0935
2474.5 228 15.0997
2475.5 248 15.748
2476.5 250 15.8114
2477.5 240 15.4919
2478.5 243 15.5885
2479.5 216 14.6969
2480.5 245 15.6525
2481.5 260 16.1245
2482.5 244 15.6205
2483.5 234 15.2971
2484.5 236 15.3623
2485.5 227 15.0665
2486.5 259 16.0935
2487.5 247 15.7162
2488.5 243 15.5885
2489.5 225 15
2490.5 257 16.0312
2491.5 250 15.8114
2492.5 271 16.4621
2493.5 252 15.8745
2494.5 224 14.9666
2495.5 237 15.3948
2496.5 259 16.0935
2497.5 240 15.4919
2498.5 242 15.5563
2499.5 237 15.3948
2500.5 238 15.4272
2501.5 251 15.843
2502.5 240 15.4919
2503.5 233 15.2643
2504.5 245 15.6525
2505.5 237 15.3948
2506.5 263 16.2173
2507.5 243 15.5885
2508.5 242 15.5563
2509.5 226 15.0333
2510.5 243 15.5885
2511.5 239 15.4596
2512.5 219 14.7986
2513.5 245 15.6525
2514.5 215 14.6629
2515.5 213 14.5945
2516.5 249 15.7797
2517.5 242 15.5563
2518.5 218 14.7648
2519.5 225 15
2520.5 235 15.3297
2521.5 250 15.8114
2522.5 252 15.8745
2523.5 220 14.8324
2524.5 236 15.3623
2525.5 232 15.2315
2526.5 227 15.0665
2527.5 240 15.4919
2528.5 224 14.9666
2529.5 228 15.0997
2530.5 217 14.7309
2531.5 217 14.7309
2532.5 231 15.1987
2533.5 234 15.2971
2534.5 226 15.0333
2535.5 247 15.7162
2536.5 215 14.6629
2537.5 232 15.2315
2538.5 202 14.2127
2539.5 206 14.3527
2540.5 239 15.4596
2541.5 169 13
2542.5 253 15.906
2543.5 232 15.2315
2544.5 225 15
2545.5 203 14.2478
2546.5 234 15.2971
2547.5 229 15.1327
2548.5 225 15
2549.5 222 14.8997
2550.5 216 14.6969
2551.5 215 14.6629
2552.5 241 15.5242
2553.5 233 15.2643
2554.5 214 14.6287
2555.5 201 14.1774
2556.5 246 15.6844
2557.5 209 14.4568
2558.5 244 15.6205
2559.5 192 13.8564
2560.5 236 15.3623
2561.5 223 14.9332
2562.5 193 13.8924
2563.5 225 15
2564.5 194 13.9284
2565.5 227 15.0665
2566.5 217 14.7309
2567.5 222 14.8997
2568.5 230 15.1658
2569.5 223 14.9332
2570.5 225 15
2571.5 247 15.7162
2572.5 233 15.2643
2573.5 185 13.6015
2574.5 198 14.0712
2575.5 206 14.3527
2576.5 191 13.8203
2577.5 227 15.0665
2578.5 191 13.8203
2579.5 216 14.6969
2580.5 221 14.8661
2581.5 237 15.3948
2582.5 219 14.7986
2583.5 244 15.6205
2584.5 230 15.1658
2585.5 205 14.3178
2586.5 190 13.784
2587.5 198 14.0712
2588.5 216 14.6969
2589.5 200 14.1421
2590.5 196 14
2591.5 226 15.0333
2592.5 229 15.1327
2593.5 211 14.5258
2594.5 226 15.0333
2595.5 217 14.7309
2596.5 197 14.0357
2597.5 217 14.7309
2598.5 203 14.2478
2599.5 202 14.2127
2600.5 209 14.4568
2601.5 191 13.8203
2602.5 204 14.2829
2603.5 233 15.2643
2604.5 196 14
2605.5 201 14.1774
2606.5 210 14.4914
2607.5 200 14.1421
2608.5 223 14.9332
2609.5 209 14.4568
2610.5 206 14.3527
2611.5 221 14.8661
2612.5 207 14.3875
2613.5 226 15.0333
2614.5 207 14.3875
2615.5 203 14.2478
2616.5 194 13.9284
2617.5 221 14.8661
2618.5 189 13.7477
2619.5 211 14.5258
2620.5 222 14.8997
2621.5 174 13.1909
2622.5 210 14.4914
2623.5 200 14.1421
2624.5 196 14
2625.5 167 12.9228
2626.5 196 14
2627.5 188 13.7113
2628.5 188 13.7113
2629.5 184 13.5647
2630.5 200 14.1421
2631.5 209 14.4568
2632.5 206 14.3527
2633.5 200 14.1421
2634.5 172 13.1149
2635.5 171 13.0767
2636.5 200 14.1421
2637.5 198 14.0712
2638.5 203 14.2478
2639.5 183 13.5277
2640.5 199 14.1067
2641.5 204 14.2829
2642.5 205 14.3178
2643.5 180 13.4164
2644.5 187 13.6748
2645.5 198 14.0712
2646.5 181 13.4536
2647.5 199 14.1067
2648.5 191 13.8203
2649.5 205 14.3178
2650.5 180 13.4164
2651.5 176 13.2665
2652.5 198 14.0712
2653.5 179 13.3791
2654.5 174 13.1909
2655.5 220 14.8324
2656.5 173 13.1529
2657.5 189 13.7477
2658.5 185 13.6015
2659.5 162 12.7279
2660.5 185 13.6015
2661.5 195 13.9642
2662.5 187 13.6748
2663.5 190 13.784
2664.5 161 12.6886
2665.5 178 13.3417
2666.5 190 13.784
2667.5 184 13.5647
2668.5 172 13.1149
2669.5 164 12.8062
2670.5 215 14.6629
2671.5 183 13.5277
2672.5 171 13.0767
2673.5 183 13.5277
2674.5 189 13.7477
2675.5 182 13.4907
2676.5 177 13.3041
2677.5 164 12.8062
2678.5 160 12.6491
2679.5 189 13.7477
2680.5 148 12.1655
2681.5 193 13.8924
2682.5 165 12.8452
2683.5 177 13.3041
2684.5 159 12.6095
2685.5 199 14.1067
2686.5 180 13.4164
2687.5 179 13.3791
2688.5 141 11.8743
2689.5 173 13.1529
2690.5 160 12.6491
2691.5 175 13.2288
2692.5 168 12.9615
2693.5 183 13.5277
2694.5 167 12.9228
2695.5 184 13.5647
2696.5 183 13.5277
2697.5 166 12.8841
2698.5 183 13.5277
2699.5 184 13.5647
2700.5 191 13.8203
2701.5 196 14
2702.5 183 13.5277
2703.5 173 13.1529
2704.5 181 13.4536
2705.5 170 13.0384
2706.5 155 12.4499
2707.5 174 13.1909
2708.5 193 13.8924
2709.5 186 13.6382
2710.5 205 14.3178
2711.5 173 13.1529
2712.5 162 12.7279
2713.5 175 13.2288
2714.5 189 13.7477
2715.5 157 12.53
2716.5 168 12.9615
2717.5 172 13.1149
2718.5 186 13.6382
2719.5 181 13.4536
2720.5 204 14.2829
2721.5 149 12.2066
2722.5 159 12.6095
2723.5 147 12.1244
2724.5 171 13.0767
2725.5 175 13.2288
2726.5 188 13.7113
2727.5 167 12.9228
2728.5 149 12.2066
2729.5 165 12.8452
2730.5 167 12.9228
2731.5 168 12.9615
2732.5 151 12.2882
2733.5 162 12.7279
2734.5 146 12.083
2735.5 155 12.4499
2736.5 168 12.9615
2737.5 156 12.49
2738.5 168 12.9615
2739.5 149 12.2066
2740.5 150 12.2474
2741.5 175 13.2288
2742.5 143 11.9583
2743.5 166 12.8841
2744.5 153 12.3693
2745.5 153 12.3693
2746.5 156 12.49
2747.5 155 12.4499
2748.5 147 12.1244
2749.5 153 12.3693
2750.5 163 12.7671
2751.5 149 12.2066
2752.5 157 12.53
2753.5 157 12.53
2754.5 150 12.2474
2755.5 145 12.0416
2756.5 172 13.1149
2757.5 164 12.8062
2758.5 152 12.3288
2759.5 149 12.2066
2760.5 179 13.3791
2761.5 166 12.8841
2762.5 136 11.6619
2763.5 139 11.7898
2764.5 135 11.619
2765.5 164 12.8062
2766.5 155 12.4499
2767.5 158 12.5698
2768.5 132 11.4891
2769.5 140 11.8322
2770.5 164 12.8062
2771.5 155 12.4499
2772.5 141 11.8743
2773.5 140 11.8322
2774.5 160 12.6491
2775.5 134 11.5758
2776.5 138 11.7473
2777.5 148 12.1655
2778.5 169 13
2779.5 165 12.8452
2780.5 125 11.1803
2781.5 154 12.4097
2782.5 147 12.1244
2783.5 134 11.5758
2784.5 123 11.0905
2785.5 137 11.7047
2786.5 146 12.083
2787.5 157 12.53
2788.5 168 12.9615
2789.5 138 11.7473
2790.5 135 11.619
2791.5 146 12.083
2792.5 155 12.4499
2793.5 160 12.6491
2794.5 129 11.3578
2795.5 160 12.6491
2796.5 170 13.0384
2797.5 148 12.1655
2798.5 152 12.3288
2799.5 142 11.9164
2800.5 137 11.7047
2801.5 135 11.619
2802.5 159 12.6095
2803.5 166 12.8841
2804.5 167 12.9228
2805.5 148 12.1655
2806.5 150 12.2474
2807.5 157 12.53
2808.5 148 12.1655
2809.5 121 11
2810.5 132 11.4891
2811.5 163 12.7671
2812.5 133 11.5326
2813.5 159 12.6095
2814.5 136 11.6619
2815.5 149 12.2066
2816.5 139 11.7898
2817.5 130 11.4018
2818.5 146 12.083
2819.5 108 10.3923
2820.5 137 11.7047
2821.5 134 11.5758
2822.5 135 11.619
2823.5 148 12.1655
2824.5 138 11.7473
2825.5 149 12.2066
2826.5 157 12.53
2827.5 138 11.7473
2828.5 152 12.3288
2829.5 142 11.9164
2830.5 124 11.1355
2831.5 156 12.49
2832.5 156 12.49
2833.5 153 12.3693
2834.5 152 12.3288
2835.5 150 12.2474
2836.5 147 12.1244
2837.5 131 11.4455
2838.5 163 12.7671
2839.5 135 11.619
2840.5 119 10.9087
2841.5 125 11.1803
2842.5 151 12.2882
2843.5 135 11.619
2844.5 132 11.4891
2845.5 131 11.4455
2846.5 145 12.0416
2847.5 114 10.6771
2848.5 132 11.4891
2849.5 136 11.6619
2850.5 131 11.4455
2851.5 143 11.9583
2852.5 124 11.1355
2853.5 141 11.8743
2854.5 147 12.1244
2855.5 125 11.1803
2856.5 154 12.4097
2857.5 139 11.7898
2858.5 122 11.0454
2859.5 148 12.1655
2860.5 138 11.7473
2861.5 123 11.0905
2862.5 150 12.2474
2863.5 143 11.9583
2864.5 117 10.8167
2865.5 128 11.3137
2866.5 108 10.3923
2867.5 148 12.1655
2868.5 127 11.2694
2869.5 135 11.619
2870.5 129 11.3578
2871.5 133 11.5326
2872.5 116 10.7703
2873.5 115 10.7238
2874.5 136 11.6619
2875.5 133 11.5326
2876.5 136 11.6619
2877.5 148 12.1655
2878.5 131 11.4455
2879.5 156 12.49
2880.5 151 12.2882
2881.5 151 12.2882
2882.5 127 11.2694
2883.5 126 11.225
2884.5 120 10.9545
2885.5 123 11.0905
2886.5 131 11.4455
2887.5 125 11.1803
2888.5 143 11.9583
2889.5 127 11.2694
2890.5 161 12.6886
2891.5 124 11.1355
2892.5 118 10.8628
2893.5 121 11
2894.5 115 10.7238
2895.5 130 11.4018
2896.5 134 11.5758
2897.5 133 11.5326
2898.5 97 9.84886
2899.5 139 11.7898
2900.5 133 11.5326
2901.5 119 10.9087
2902.5 154 12.4097
2903.5 122 11.0454
2904.5 130 11.4018
2905.5 130 11.4018
2906.5 126 11.225
2907.5 132 11.4891
2908.5 135 11.619
2909.5 124 11.1355
2910.5 129 11.3578
2911.5 141 11.8743
2912.5 131 11.4455
2913.5 126 11.225
2914.5 120 10.9545
2915.5 108 10.3923
2916.5 130 11.4018
2917.5 143 11.9583
2918.5 135 11.619
2919.5 140 11.8322
2920.5 143 11.9583
2921.5 127 11.2694
2922.5 141 11.8743
2923.5 124 11.1355
2924.5 150 12.2474
2925.5 119 10.9087
2926.5 129 11.3578
2927.5 140 11.8322
2928.5 133 11.5326
2929.5 122 11.0454
2930.5 133 11.5326
2931.5 125 11.1803
2932.5 145 12.0416
2933.5 144 12
2934.5 117 10.8167
2935.5 156 12.49
2936.5 122 11.0454
2937.5 128 11.3137
2938.5 143 11.9583
2939.5 142 11.9164
2940.5 141 11.8743
2941.5 160 12.6491
2942.5 167 12.9228
2943.5 141 11.8743
2944.5 168 12.9615
2945.5 174 13.1909
2946.5 199 14.1067
2947.5 179 13.3791
2948.5 162 12.7279
2949.5 181 13.4536
2950.5 210 14.4914
2951.5 214 14.6287
2952.5 239 15.4596
2953.5 246 15.6844
2954.5 271 16.4621
2955.5 298 17.2627
2956.5 284 16.8523
2957.5 304 17.4356
2958.5 299 17.2916
2959.5 327 18.0831
2960.5 319 17.8606
2961.5 331 18.1934
2962.5 340 18.4391
2963.5 323 17.9722
2964.5 349 18.6815
2965.5 327 18.0831
2966.5 337 18.3576
2967.5 287 16.9411
2968.5 276 16.6132
2969.5 293 17.1172
2970.5 269 16.4012
2971.5 248 15.748
2972.5 228 15.0997
2973.5 235 15.3297
2974.5 190 13.784
2975.5 210 14.4914
2976.5 197 14.0357
2977.5 184 13.5647
2978.5 171 13.0767
2979.5 166 12.8841
2980.5 164 12.8062
2981.5 163 12.7671
2982.5 143 11.9583
2983.5 131 11.4455
2984.5 138 11.7473
2985.5 132 11.4891
2986.5 137 11.7047
2987.5 155 12.4499
2988.5 131 11.4455
2989.5 125 11.1803
2990.5 139 11.7898
2991.5 125 11.1803
2992.5 142 11.9164
2993.5 106 10.2956
2994.5 126 11.225
2995.5 118 10.8628
2996.5 118 10.8628
2997.5 116 10.7703
2998.5 100 10
2999.5 133 11.5326
3000.5 129 11.3578
3001.5 120 10.9545
3002.5 127 11.2694
3003.5 117 10.8167
3004.5 148 12.1655
3005.5 106 10.2956
3006.5 112 10.583
3007.5 117 10.8167
3008.5 123 11.0905
3009.5 130 11.4018
3010.5 104 10.198
3011.5 122 11.0454
3012.5 105 10.247
3013.5 137 11.7047
3014.5 128 11.3137
3015.5 113 10.6301
3016.5 124 11.1355
3017.5 114 10.6771
3018.5 118 10.8628
3019.5 113 10.6301
3020.5 95 9.74679
3021.5 131 11.4455
3022.5 129 11.3578
3023.5 115 10.7238
3024.5 125 11.1803
3025.5 117 10.8167
3026.5 113 10.6301
3027.5 118 10.8628
3028.5 132 11.4891
3029.5 106 10.2956
3030.5 130 11.4018
3031.5 125 11.1803
3032.5 102 10.0995
3033.5 98 9.89949
3034.5 141 11.8743
3035.5 118 10.8628
3036.5 103 10.1489
3037.5 117 10.8167
3038.5 123 11.0905
3039.5 108 10.3923
3040.5 116 10.7703
3041.5 127 11.2694
3042.5 120 10.9545
3043.5 136 11.6619
3044.5 124 11.1355
3045.5 108 10.3923
3046.5 124 11.1355
3047.5 124 11.1355
3048.5 118 10.8628
3049.5 108 10.3923
3050.5 125 11.1803
3051.5 120 10.9545
3052.5 118 10.8628
3053.5 117 10.8167
3054.5 103 10.1489
3055.5 108 10.3923
3056.5 104 10.198
3057.5 121 11
3058.5 106 10.2956
3059.5 112 10.583
3060.5 107 10.3441
3061.5 110 10.4881
3062.5 108 10.3923
3063.5 117 10.8167
3064.5 117 10.8167
3065.5 124 11.1355
3066.5 109 10.4403
3067.5 112 10.583
3068.5 120 10.9545
3069.5 118 10.8628
3070.5 117 10.8167
3071.5 103 10.1489
3072.5 117 10.8167
3073.5 129 11.3578
3074.5 97 9.84886
3075.5 103 10.1489
3076.5 137 11.7047
3077.5 114 10.6771
3078.5 109 10.4403
3079.5 104 10.198
3080.5 110 10.4881
3081.5 105 10.247
3082.5 109 10.4403
3083.5 122 11.0454
3084.5 142 11.9164
3085.5 117 10.8167
3086.5 99 9.94987
3087.5 109 10.4403
3088.5 100 10
3089.5 139 11.7898
3090.5 116 10.7703
3091.5 113 10.6301
3092.5 101 10.0499
3093.5 87 9.32738
3094.5 125 11.1803
3095.5 112 10.583
3096.5 107 10.3441
3097.5 102 10.0995
3098.5 115 10.7238
3099.5 123 11.0905
3100.5 102 10.0995
3101.5 122 11.0454
3102.5 114 10.6771
3103.5 107 10.3441
3104.5 114 10.6771
3105.5 106 10.2956
3106.5 113 10.6301
3107.5 110 10.4881
3108.5 102 10.0995
3109.5 87 9.32738
3110.5 114 10.6771
3111.5 105 10.247
3112.5 117 10.8167
3113.5 94 9.69536
3114.5 117 10.8167
3115.5 109 10.4403
3116.5 113 10.6301
3117.5 131 11.4455
3118.5 119 10.9087
3119.5 100 10
3120.5 112 10.583
3121.5 105 10.247
3122.5 108 10.3923
3123.5 110 10.4881
3124.5 115 10.7238
3125.5 93 9.64365
3126.5 103 10.1489
3127.5 123 11.0905
3128.5 106 10.2956
3129.5 117 10.8167
3130.5 108 10.3923
3131.5 121 11
3132.5 93 9.64365
3133.5 106 10.2956
3134.5 119 10.9087
3135.5 102 10.0995
3136.5 105 10.247
3137.5 94 9.69536
3138.5 105 10.247
3139.5 104 10.198
3140.5 107 10.3441
3141.5 113 10.6301
3142.5 139 11.7898
3143.5 110 10.4881
3144.5 111 10.5357
3145.5 104 10.198
3146.5 116 10.7703
3147.5 95 9.74679
3148.5 120 10.9545
3149.5 122 11.0454
3150.5 101 10.0499
3151.5 104 10.198
3152.5 126 11.225
3153.5 111 10.5357
3154.5 131 11.4455
3155.5 124 11.1355
3156.5 108 10.3923
3157.5 105 10.247
3158.5 96 9.79796
3159.5 111 10.5357
3160.5 119 10.9087
3161.5 111 10.5357
3162.5 99 9.94987
3163.5 100 10
3164.5 99 9.94987
3165.5 102 10.0995
3166.5 101 10.0499
3167.5 96 9.79796
3168.5 96 9.79796
3169.5 107 10.3441
3170.5 97 9.84886
3171.5 128 11.3137
3172.5 104 10.198
3173.5 98 9.89949
3174.5 111 10.5357
3175.5 97 9.84886
3176.5 108 10.3923
3177.5 109 10.4403
3178.5 114 10.6771
3179.5 106 10.2956
3180.5 100 10
3181.5 99 9.94987
3182.5 104 10.198
3183.5 126 11.225
3184.5 102 10.0995
3185.5 94 9.69536
3186.5 124 11.1355
3187.5 111 10.5357
3188.5 96 9.79796
3189.5 117 10.8167
3190.5 99 9.94987
3191.5 98 9.89949
3192.5 119 10.9087
3193.5 113 10.6301
3194.5 110 10.4881
3195.5 105 10.247
3196.5 115 10.7238
3197.5 108 10.3923
3198.5 104 10.198
3199.5 112 10.583
3200.5 104 10.198
3201.5 134 11.5758
3202.5 111 10.5357
3203.5 106 10.2956
3204.5 121 11
3205.5 107 10.3441
3206.5 116 10.7703
3207.5 104 10.198
3208.5 130 11.4018
3209.5 110 10.4881
3210.5 103 10.1489
3211.5 105 10.247
3212.5 112 10.583
3213.5 118 10.8628
3214.5 122 11.0454
3215.5 110 10.4881
3216.5 103 10.1489
3217.5 118 10.8628
3218.5 114 10.6771
3219.5 98 9.89949
3220.5 94 9.69536
3221.5 112 10.583
3222.5 109 10.4403
3223.5 116 10.7703
3224.5 126 11.225
3225.5 113 10.6301
3226.5 116 10.7703
3227.5 103 10.1489
3228.5 135 11.619
3229.5 112 10.583
3230.5 123 11.0905
3231.5 117 10.8167
3232.5 120 10.9545
3233.5 108 10.3923
3234.5 125 11.1803
3235.5 120 10.9545
3236.5 115 10.7238
3237.5 124 11.1355
3238.5 113 10.6301
3239.5 115 10.7238
3240.5 132 11.4891
3241.5 122 11.0454
3242.5 144 12
3243.5 155 12.4499
3244.5 142 11.9164
3245.5 143 11.9583
3246.5 147 12.1244
3247.5 160 12.6491
3248.5 138 11.7473
3249.5 129 11.3578
3250.5 184 13.5647
3251.5 159 12.6095
3252.5 180 13.4164
3253.5 170 13.0384
3254.5 219 14.7986
3255.5 177 13.3041
3256.5 281 16.7631
3257.5 221 14.8661
3258.5 259 16.0935
3259.5 274 16.5529
3260.5 336 18.3303
3261.5 376 19.3907
3262.5 433 20.8087
3263.5 578 24.0416
3264.5 645 25.3969
3265.5 806 28.3901
3266.5 1031 32.1092
3267.5 1241 35.2278
3268.5 1518 38.9615
3269.5 1660 40.7431
3270.5 1941 44.0568
3271.5 2006 44.7884
3272.5 2021 44.9555
3273.5 2051 45.288
3274.5 1912 43.7264
3275.5 1702 41.2553
3276.5 1432 37.8418
3277.5 1241 35.2278
3278.5 1015 31.8591
3279.5 745 27.2947
3280.5 633 25.1595
3281.5 479 21.8861
3282.5 353 18.7883
3283.5 301 17.3494
3284.5 231 15.1987
3285.5 240 15.4919
3286.5 254 15.9374
3287.5 205 14.3178
3288.5 193 13.8924
3289.5 182 13.4907
3290.5 171 13.0767
3291.5 160 12.6491
3292.5 146 12.083
3293.5 149 12.2066
3294.5 135 11.619
3295.5 147 12.1244
3296.5 132 11.4891
3297.5 121 11
3298.5 139 11.7898
3299.5 122 11.0454
3300.5 129 11.3578
3301.5 144 12
3302.5 121 11
3303.5 124 11.1355
3304.5 133 11.5326
3305.5 124 11.1355
3306.5 113 10.6301
3307.5 115 10.7238
3308.5 112 10.583
3309.5 118 10.8628
3310.5 127 11.2694
3311.5 131 11.4455
3312.5 117 10.8167
3313.5 118 10.8628
3314.5 115 10.7238
3315.5 115 10.7238
3316.5 93 9.64365
3317.5 137 11.7047
3318.5 133 11.5326
3319.5 123 11.0905
3320.5 124 11.1355
3321.5 126 11.225
3322.5 112 10.583
3323.5 115 10.7238
3324.5 126 11.225
3325.5 111 10.5357
3326.5 107 10.3441
3327.5 106 10.2956
3328.5 121 11
3329.5 137 11.7047
3330.5 117 10.8167
3331.5 116 10.7703
3332.5 138 11.7473
3333.5 117 10.8167
3334.5 103 10.1489
3335.5 124 11.1355
3336.5 134 11.5758
3337.5 121 11
3338.5 141 11.8743
3339.5 127 11.2694
3340.5 116 10.7703
3341.5 134 11.5758
3342.5 141 11.8743
3343.5 167 12.9228
3344.5 152 12.3288
3345.5 174 13.1909
3346.5 157 12.53
3347.5 147 12.1244
3348.5 184 13.5647
3349.5 192 13.8564
3350.5 185 13.6015
3351.5 193 13.8924
3352.5 201 14.1774
3353.5 183 13.5277
3354.5 219 14.7986
3355.5 223 14.9332
3356.5 181 13.4536
3357.5 200 14.1421
3358.5 210 14.4914
3359.5 231 15.1987
3360.5 262 16.1864
3361.5 236 15.3623
3362.5 259 16.0935
3363.5 240 15.4919
3364.5 247 15.7162
3365.5 258 16.0624
3366.5 291 17.0587
3367.5 285 16.8819
3368.5 312 17.6635
3369.5 312 17.6635
3370.5 361 19
3371.5 355 18.8414
3372.5 399 19.975
3373.5 412 20.2978
3374.5 426 20.6398
3375.5 501 22.383
3376.5 512 22.6274
3377.5 585 24.1868
3378.5 642 25.3377
3379.5 695 26.3629
3380.5 828 28.775
3381.5 935 30.5778
3382.5 1040 32.249
3383.5 1238 35.1852
3384.5 1517 38.9487
3385.5 1977 44.4635
3386.5 2476 49.7594
3387.5 3052 55.2449
3388.5 3850 62.0484
3389.5 4955 70.3918
3390.5 5997 77.4403
3391.5 7336 85.6505
3392.5 8541 92.4175
3393.5 9725 98.6154
3394.5 10540 102.665
3395.5 11139 105.541
3396.5 11215 105.901
3397.5 10641 103.155
3398.5 9749 98.737
3399.5 8543 92.4284
3400.5 7351 85.738
3401.5 5904 76.8375
3402.5 4566 67.5722
3403.5 3596 59.9667
3404.5 2610 51.0882
3405.5 1874 43.2897
3406.5 1401 37.4299
3407.5 1126 33.5559
3408.5 901 30.0167
3409.5 768 27.7128
3410.5 655 25.593
3411.5 562 23.7065
3412.5 494 22.2261
3413.5 422 20.5426
3414.5 410 20.2485
3415.5 342 18.4932
3416.5 312 17.6635
3417.5 304 17.4356
3418.5 303 17.4069
3419.5 270 16.4317
3420.5 276 16.6132
3421.5 259 16.0935
3422.5 205 14.3178
3423.5 246 15.6844
3424.5 230 15.1658
3425.5 218 14.7648
3426.5 227 15.0665
3427.5 199 14.1067
3428.5 187 13.6748
3429.5 224 14.9666
3430.5 220 14.8324
3431.5 184 13.5647
3432.5 193 13.8924
3433.5 178 13.3417
3434.5 194 13.9284
3435.5 198 14.0712
3436.5 168 12.9615
3437.5 173 13.1529
3438.5 205 14.3178
3439.5 179 13.3791
3440.5 165 12.8452
3441.5 156 12.49
3442.5 163 12.7671
3443.5 168 12.9615
3444.5 132 11.4891
3445.5 139 11.7898
3446.5 120 10.9545
3447.5 114 10.6771
3448.5 109 10.4403
3449.5 120 10.9545
3450.5 129 11.3578
3451.5 116 10.7703
3452.5 103 10.1489
3453.5 116 10.7703
3454.5 125 11.1803
3455.5 118 10.8628
3456.5 107 10.3441
3457.5 121 11
3458.5 112 10.583
3459.5 126 11.225
3460.5 107 10.3441
3461.5 117 10.8167
3462.5 105 10.247
3463.5 100 10
3464.5 114 10.6771
3465.5 101 10.0499
3466.5 104 10.198
3467.5 121 11
3468.5 100 10
3469.5 112 10.583
3470.5 113 10.6301
3471.5 111 10.5357
3472.5 104 10.198
3473.5 104 10.198
3474.5 112 10.583
3475.5 105 10.247
3476.5 117 10.8167
3477.5 122 11.0454
3478.5 120 10.9545
3479.5 105 10.247
3480.5 103 10.1489
3481.5 124 11.1355
3482.5 111 10.5357
3483.5 123 11.0905
3484.5 127 11.2694
3485.5 121 11
3486.5 95 9.74679
3487.5 113 10.6301
3488.5 110 10.4881
3489.5 99 9.94987
3490.5 94 9.69536
3491.5 118 10.8628
3492.5 92 9.59166
3493.5 103 10.1489
3494.5 99 9.94987
3495.5 106 10.2956
3496.5 91 9.53939
3497.5 99 9.94987
3498.5 84 9.16515
3499.5 112 10.583
3500.5 97 9.84886
3501.5 111 10.5357
3502.5 93 9.64365
3503.5 92 9.59166
3504.5 112 10.583
3505.5 82 9.05539
3506.5 95 9.74679
3507.5 101 10.0499
3508.5 81 9
3509.5 82 9.05539
3510.5 117 10.8167
3511.5 92 9.59166
3512.5 86 9.27362
3513.5 99 9.94987
3514.5 106 10.2956
3515.5 114 10.6771
3516.5 100 10
3517.5 106 10.2956
3518.5 99 9.94987
3519.5 113 10.6301
3520.5 79 8.88819
3521.5 82 9.05539
3522.5 79 8.88819
3523.5 97 9.84886
3524.5 97 9.84886
3525.5 95 9.74679
3526.5 98 9.89949
3527.5 105 10.247
3528.5 82 9.05539
3529.5 78 8.83176
3530.5 86 9.27362
3531.5 72 8.48528
3532.5 93 9.64365
3533.5 81 9
3534.5 67 8.18535
3535.5 82 9.05539
3536.5 82 9.05539
3537.5 75 8.66025
3538.5 73 8.544
3539.5 81 9
3540.5 73 8.544
3541.5 60 7.74597
3542.5 65 8.06226
3543.5 70 8.3666
3544.5 87 9.32738
3545.5 75 8.66025
3546.5 73 8.544
3547.5 60 7.74597
3548.5 83 9.11043
3549.5 69 8.30662
3550.5 77 8.77496
3551.5 55 7.4162
3552.5 60 7.74597
3553.5 62 7.87401
3554.5 61 7.81025
3555.5 57 7.54983
3556.5 55 7.4162
3557.5 52 7.2111
3558.5 65 8.06226
3559.5 58 7.61577
3560.5 72 8.48528
3561.5 51 7.14143
3562.5 64 8
3563.5 72 8.48528
3564.5 56 7.48331
3565.5 62 7.87401
3566.5 70 8.3666
3567.5 68 8.24621
3568.5 56 7.48331
3569.5 60 7.74597
3570.5 61 7.81025
3571.5 68 8.24621
3572.5 62 7.87401
3573.5 51 7.14143
3574.5 61 7.81025
3575.5 58 7.61577
3576.5 68 8.24621
3577.5 70 8.3666
3578.5 62 7.87401
3579.5 50 7.07107
3580.5 56 7.48331
3581.5 64 8
3582.5 56 7.48331
3583.5 75 8.66025
3584.5 58 7.61577
3585.5 61 7.81025
3586.5 45 6.7082
3587.5 64 8
3588.5 59 7.68115
3589.5 58 7.61577
3590.5 65 8.06226
3591.5 52 7.2111
3592.5 81 9
3593.5 73 8.544
3594.5 50 7.07107
3595.5 60 7.74597
3596.5 55 7.4162
3597.5 69 8.30662
3598.5 62 7.87401
3599.5 58 7.61577
3600.5 59 7.68115
3601.5 44 6.63325
3602.5 65 8.06226
3603.5 66 8.12404
3604.5 75 8.66025
3605.5 52 7.2111
3606.5 45 6.7082
3607.5 53 7.28011
3608.5 62 7.87401
3609.5 44 6.63325
3610.5 62 7.87401
3611.5 75 8.66025
3612.5 58 7.61577
3613.5 64 8
3614.5 48 6.9282
3615.5 60 7.74597
3616.5 44 6.63325
3617.5 57 7.54983
3618.5 62 7.87401
3619.5 68 8.24621
3620.5 55 7.4162
3621.5 55 7.4162
3622.5 54 7.34847
3623.5 63 7.93725
3624.5 51 7.14143
3625.5 57 7.54983
3626.5 59 7.68115
3627.5 66 8.12404
3628.5 55 7.4162
3629.5 69 8.30662
3630.5 56 7.48331
3631.5 67 8.18535
3632.5 61 7.81025
3633.5 48 6.9282
3634.5 60 7.74597
3635.5 49 7
3636.5 56 7.48331
3637.5 63 7.93725
3638.5 46 6.78233
3639.5 52 7.2111
3640.5 68 8.24621
3641.5 62 7.87401
3642.5 51 7.14143
3643.5 64 8
3644.5 56 7.48331
3645.5 52 7.2111
3646.5 51 7.14143
3647.5 58 7.61577
3648.5 65 8.06226
3649.5 68 8.24621
3650.5 63 7.93725
3651.5 58 7.61577
3652.5 55 7.4162
3653.5 52 7.2111
3654.5 63 7.93725
3655.5 58 7.61577
3656.5 61 7.81025
3657.5 66 8.12404
3658.5 49 7
3659.5 63 7.93725
3660.5 59 7.68115
3661.5 58 7.61577
3662.5 56 7.48331
3663.5 49 7
3664.5 72 8.48528
3665.5 58 7.61577
3666.5 62 7.87401
3667.5 52 7.2111
3668.5 45 6.7082
3669.5 56 7.48331
3670.5 49 7
3671.5 46 6.78233
3672.5 54 7.34847
3673.5 69 8.30662
3674.5 48 6.9282
3675.5 52 7.2111
3676.5 57 7.54983
3677.5 55 7.4162
3678.5 57 7.54983
3679.5 76 8.7178
3680.5 59 7.68115
3681.5 43 6.55744
3682.5 56 7.48331
3683.5 55 7.4162
3684.5 61 7.81025
3685.5 73 8.544
3686.5 52 7.2111
3687.5 54 7.34847
3688.5 60 7.74597
3689.5 53 7.28011
3690.5 71 8.42615
3691.5 46 6.78233
3692.5 61 7.81025
3693.5 63 7.93725
3694.5 55 7.4162
3695.5 49 7
3696.5 55 7.4162
3697.5 82 9.05539
3698.5 49 7
3699.5 50 7.07107
3700.5 47 6.85565
3701.5 62 7.87401
3702.5 60 7.74597
3703.5 49 7
3704.5 67 8.18535
3705.5 58 7.61577
3706.5 60 7.74597
3707.5 66 8.12404
3708.5 66 8.12404
3709.5 57 7.54983
3710.5 51 7.14143
3711.5 74 8.60233
3712.5 52 7.2111
3713.5 64 8
3714.5 50 7.07107
3715.5 56 7.48331
3716.5 54 7.34847
3717.5 41 6.40312
3718.5 57 7.54983
3719.5 63 7.93725
3720.5 68 8.24621
3721.5 45 6.7082
3722.5 49 7
3723.5 38 6.16441
3724.5 64 8
3725.5 53 7.28011
3726.5 55 7.4162
3727.5 44 6.63325
3728.5 64 8
3729.5 42 6.48074
3730.5 56 7.48331
3731.5 71 8.42615
3732.5 52 7.2111
3733.5 46 6.78233
3734.5 47 6.85565
3735.5 61 7.81025
3736.5 61 7.81025
3737.5 35 5.91608
3738.5 56 7.48331
3739.5 57 7.54983
3740.5 52 7.2111
3741.5 71 8.42615
3742.5 54 7.34847
3743.5 60 7.74597
3744.5 62 7.87401
3745.5 49 7
3746.5 66 8.12404
3747.5 52 7.2111
3748.5 64 8
3749.5 59 7.68115
3750.5 55 7.4162
3751.5 42 6.48074
3752.5 64 8
3753.5 40 6.32456
3754.5 59 7.68115
3755.5 66 8.12404
3756.5 52 7.2111
3757.5 48 6.9282
3758.5 59 7.68115
3759.5 61 7.81025
3760.5 73 8.544
3761.5 67 8.18535
3762.5 56 7.48331
3763.5 47 6.85565
3764.5 67 8.18535
3765.5 49 7
3766.5 49 7
3767.5 66 8.12404
3768.5 53 7.28011
3769.5 41 6.40312
3770.5 55 7.4162
3771.5 53 7.28011
3772.5 48 6.9282
3773.5 57 7.54983
3774.5 51 7.14143
3775.5 62 7.87401
3776.5 63 7.93725
3777.5 55 7.4162
3778.5 60 7.74597
3779.5 56 7.48331
3780.5 55 7.4162
3781.5 52 7.2111
3782.5 52 7.2111
3783.5 55 7.4162
3784.5 57 7.54983
3785.5 61 7.81025
3786.5 59 7.68115
3787.5 52 7.2111
3788.5 48 6.9282
3789.5 51 7.14143
3790.5 79 8.88819
3791.5 64 8
3792.5 67 8.18535
3793.5 61 7.81025
3794.5 51 7.14143
3795.5 60 7.74597
3796.5 69 8.30662
3797.5 51 7.14143
3798.5 47 6.85565
3799.5 51 7.14143
3800.5 64 8
3801.5 51 7.14143
3802.5 55 7.4162
3803.5 56 7.48331
3804.5 61 7.81025
3805.5 52 7.2111
3806.5 61 7.81025
3807.5 59 7.68115
3808.5 65 8.06226
3809.5 47 6.85565
3810.5 55 7.4162
3811.5 55 7.4162
3812.5 57 7.54983
3813.5 57 7.54983
3814.5 52 7.2111
3815.5 47 6.85565
3816.5 56 7.48331
3817.5 59 7.68115
3818.5 44 6.63325
3819.5 49 7
3820.5 63 7.93725
3821.5 53 7.28011
3822.5 52 7.2111
3823.5 62 7.87401
3824.5 60 7.74597
3825.5 58 7.61577
3826.5 55 7.4162
3827.5 54 7.34847
3828.5 55 7.4162
3829.5 70 8.3666
3830.5 56 7.48331
3831.5 60 7.74597
3832.5 44 6.63325
3833.5 56 7.48331
3834.5 59 7.68115
3835.5 47 6.85565
3836.5 46 6.78233
3837.5 71 8.42615
3838.5 72 8.48528
3839.5 46 6.78233
3840.5 54 7.34847
3841.5 53 7.28011
3842.5 67 8.18535
3843.5 38 6.16441
3844.5 57 7.54983
3845.5 67 8.18535
3846.5 72 8.48528
3847.5 48 6.9282
3848.5 53 7.28011
3849.5 59 7.68115
3850.5 55 7.4162
3851.5 63 7.93725
3852.5 66 8.12404
3853.5 43 6.55744
3854.5 55 7.4162
3855.5 61 7.81025
3856.5 60 7.74597
3857.5 73 8.544
3858.5 47 6.85565
3859.5 49 7
3860.5 54 7.34847
3861.5 54 7.34847
3862.5 52 7.2111
3863.5 63 7.93725
3864.5 56 7.48331
3865.5 46 6.78233
3866.5 59 7.68115
3867.5 54 7.34847
3868.5 41 6.40312
3869.5 61 7.81025
3870.5 43 6.55744
3871.5 45 6.7082
3872.5 55 7.4162
3873.5 46 6.78233
3874.5 59 7.68115
3875.5 61 7.81025
3876.5 59 7.68115
3877.5 55 7.4162
3878.5 63 7.93725
3879.5 59 7.68115
3880.5 58 7.61577
3881.5 52 7.2111
3882.5 67 8.18535
3883.5 59 7.68115
3884.5 49 7
3885.5 65 8.06226
3886.5 68 8.24621
3887.5 64 8
3888.5 62 7.87401
3889.5 60 7.74597
3890.5 53 7.28011
3891.5 49 7
3892.5 45 6.7082
3893.5 58 7.61577
3894.5 59 7.68115
3895.5 52 7.2111
3896.5 53 7.28011
3897.5 58 7.61577
3898.5 44 6.63325
3899.5 67 8.18535
3900.5 59 7.68115
3901.5 55 7.4162
3902.5 53 7.28011
3903.5 60 7.74597
3904.5 56 7.48331
3905.5 49 7
3906.5 65 8.06226
3907.5 63 7.93725
3908.5 47 6.85565
3909.5 48 6.9282
3910.5 53 7.28011
3911.5 72 8.48528
3912.5 63 7.93725
3913.5 61 7.81025
3914.5 59 7.68115
3915.5 48 6.9282
3916.5 47 6.85565
3917.5 49 7
3918.5 47 6.85565
3919.5 63 7.93725
3920.5 62 7.87401
3921.5 57 7.54983
3922.5 32 5.65685
3923.5 61 7.81025
3924.5 57 7.54983
3925.5 50 7.07107
3926.5 51 7.14143
3927.5 58 7.61577
3928.5 62 7.87401
3929.5 68 8.24621
3930.5 61 7.81025
3931.5 43 6.55744
3932.5 65 8.06226
3933.5 51 7.14143
3934.5 50 7.07107
3935.5 61 7.81025
3936.5 57 7.54983
3937.5 49 7
3938.5 57 7.54983
3939.5 63 7.93725
3940.5 54 7.34847
3941.5 59 7.68115
3942.5 51 7.14143
3943.5 63 7.93725
3944.5 50 7.07107
3945.5 51 7.14143
3946.5 51 7.14143
3947.5 48 6.9282
3948.5 43 6.55744
3949.5 49 7
3950.5 46 6.78233
3951.5 51 7.14143
3952.5 61 7.81025
3953.5 52 7.2111
3954.5 65 8.06226
3955.5 58 7.61577
3956.5 59 7.68115
3957.5 62 7.87401
3958.5 66 8.12404
3959.5 55 7.4162
3960.5 54 7.34847
3961.5 61 7.81025
3962.5 58 7.61577
3963.5 59 7.68115
3964.5 60 7.74597
3965.5 56 7.48331
3966.5 59 7.68115
3967.5 73 8.544
3968.5 61 7.81025
3969.5 54 7.34847
3970.5 43 6.55744
3971.5 63 7.93725
3972.5 54 7.34847
3973.5 46 6.78233
3974.5 58 7.61577
3975.5 67 8.18535
3976.5 55 7.4162
3977.5 64 8
3978.5 60 7.74597
3979.5 66 8.12404
3980.5 52 7.2111
3981.5 62 7.87401
3982.5 43 6.55744
3983.5 63 7.93725
3984.5 72 8.48528
3985.5 51 7.14143
3986.5 46 6.78233
3987.5 51 7.14143
3988.5 54 7.34847
3989.5 50 7.07107
3990.5 61 7.81025
3991.5 56 7.48331
3992.5 65 8.06226
3993.5 51 7.14143
3994.5 63 7.93725
3995.5 51 7.14143
3996.5 59 7.68115
3997.5 49 7
3998.5 59 7.68115
3999.5 46 6.78233
4000.5 56 7.48331
4001.5 54 7.34847
4002.5 62 7.87401
4003.5 46 6.78233
4004.5 45 6.7082
4005.5 57 7.54983
4006.5 63 7.93725
4007.5 48 6.9282
4008.5 58 7.61577
4009.5 66 8.12404
4010.5 55 7.4162
4011.5 38 6.16441
4012.5 56 7.48331
4013.5 53 7.28011
4014.5 49 7
4015.5 50 7.07107
4016.5 56 7.48331
4017.5 43 6.55744
4018.5 67 8.18535
4019.5 53 7.28011
4020.5 54 7.34847
4021.5 40 6.32456
4022.5 49 7
4023.5 57 7.54983
4024.5 54 7.34847
4025.5 50 7.07107
4026.5 56 7.48331
4027.5 57 7.54983
4028.5 53 7.28011
4029.5 48 6.9282
4030.5 44 6.63325
4031.5 40 6.32456
4032.5 40 6.32456
4033.5 48 6.9282
4034.5 61 7.81025
4035.5 55 7.4162
4036.5 43 6.55744
4037.5 50 7.07107
4038.5 57 7.54983
4039.5 65 8.06226
4040.5 50 7.07107
4041.5 61 7.81025
4042.5 60 7.74597
4043.5 50 7.07107
4044.5 55 7.4162
4045.5 52 7.2111
4046.5 51 7.14143
4047.5 53 7.28011
4048.5 59 7.68115
4049.5 65 8.06226
4050.5 49 7
4051.5 59 7.68115
4052.5 38 6.16441
4053.5 52 7.2111
4054.5 60 7.74597
4055.5 44 6.63325
4056.5 59 7.68115
4057.5 55 7.4162
4058.5 64 8
4059.5 43 6.55744
4060.5 53 7.28011
4061.5 67 8.18535
4062.5 54 7.34847
4063.5 66 8.12404
4064.5 55 7.4162
4065.5 49 7
4066.5 64 8
4067.5 40 6.32456
4068.5 64 8
4069.5 52 7.2111
4070.5 46 6.78233
4071.5 47 6.85565
4072.5 40 6.32456
4073.5 56 7.48331
4074.5 52 7.2111
4075.5 52 7.2111
4076.5 42 6.48074
4077.5 49 7
4078.5 66 8.12404
4079.5 63 7.93725
4080.5 48 6.9282
4081.5 49 7
4082.5 56 7.48331
4083.5 40 6.32456
4084.5 65 8.06226
4085.5 65 8.06226
4086.5 48 6.9282
4087.5 56 7.48331
4088.5 47 6.85565
4089.5 48 6.9282
4090.5 42 6.48074
4091.5 68 8.24621
4092.5 44 6.63325
4093.5 47 6.85565
4094.5 45 6.7082
4095.5 52 7.2111
4096.5 50 7.07107
4097.5 51 7.14143
4098.5 62 7.87401
4099.5 48 6.9282
4100.5 48 6.9282
4101.5 55 7.4162
4102.5 48 6.9282
4103.5 62 7.87401
4104.5 50 7.07107
4105.5 56 7.48331
4106.5 47 6.85565
4107.5 48 6.9282
4108.5 57 7.54983
4109.5 52 7.2111
4110.5 52 7.2111
4111.5 50 7.07107
4112.5 62 7.87401
4113.5 51 7.14143
4114.5 56 7.48331
4115.5 53 7.28011
4116.5 54 7.34847
4117.5 54 7.34847
4118.5 44 6.63325
4119.5 53 7.28011
4120.5 39 6.245
4121.5 68 8.24621
4122.5 50 7.07107
4123.5 51 7.14143
4124.5 52 7.2111
4125.5 45 6.7082
4126.5 58 7.61577
4127.5 42 6.48074
4128.5 60 7.74597
4129.5 55 7.4162
4130.5 53 7.28011
4131.5 43 6.55744
4132.5 56 7.48331
4133.5 63 7.93725
4134.5 52 7.2111
4135.5 55 7.4162
4136.5 47 6.85565
4137.5 64 8
4138.5 50 7.07107
4139.5 46 6.78233
4140.5 61 7.81025
4141.5 39 6.245
4142.5 54 7.34847
4143.5 49 7
4144.5 44 6.63325
4145.5 47 6.85565
4146.5 57 7.54983
4147.5 48 6.9282
4148.5 51 7.14143
4149.5 43 6.55744
4150.5 50 7.07107
4151.5 53 7.28011
4152.5 57 7.54983
4153.5 48 6.9282
4154.5 46 6.78233
4155.5 49 7
4156.5 52 7.2111
4157.5 47 6.85565
4158.5 41 6.40312
4159.5 50 7.07107
4160.5 57 7.54983
4161.5 50 7.07107
4162.5 47 6.85565
4163.5 50 7.07107
4164.5 61 7.81025
4165.5 57 7.54983
4166.5 52 7.2111
4167.5 46 6.78233
4168.5 63 7.93725
4169.5 56 7.48331
4170.5 55 7.4162
4171.5 65 8.06226
4172.5 58 7.61577
4173.5 62 7.87401
4174.5 48 6.9282
4175.5 65 8.06226
4176.5 55 7.4162
4177.5 65 8.06226
4178.5 54 7.34847
4179.5 55 7.4162
4180.5 51 7.14143
4181.5 59 7.68115
4182.5 54 7.34847
4183.5 49 7
4184.5 53 7.28011
4185.5 57 7.54983
4186.5 47 6.85565
4187.5 71 8.42615
4188.5 62 7.87401
4189.5 58 7.61577
4190.5 58 7.61577
4191.5 39 6.245
4192.5 48 6.9282
4193.5 59 7.68115
4194.5 76 8.7178
4195.5 69 8.30662
4196.5 43 6.55744
4197.5 42 6.48074
4198.5 58 7.61577
4199.5 51 7.14143
4200.5 48 6.9282
4201.5 53 7.28011
4202.5 61 7.81025
4203.5 62 7.87401
4204.5 67 8.18535
4205.5 49 7
4206.5 60 7.74597
4207.5 52 7.2111
4208.5 52 7.2111
4209.5 47 6.85565
4210.5 48 6.9282
4211.5 50 7.07107
4212.5 52 7.2111
4213.5 53 7.28011
4214.5 56 7.48331
4215.5 57 7.54983
4216.5 47 6.85565
4217.5 46 6.78233
4218.5 53 7.28011
4219.5 44 6.63325
4220.5 49 7
4221.5 67 8.18535
4222.5 57 7.54983
4223.5 55 7.4162
4224.5 51 7.14143
4225.5 33 5.74456
4226.5 43 6.55744
4227.5 57 7.54983
4228.5 56 7.48331
4229.5 34 5.83095
4230.5 48 6.9282
4231.5 55 7.4162
4232.5 38 6.16441
4233.5 50 7.07107
4234.5 54 7.34847
4235.5 46 6.78233
4236.5 52 7.2111
4237.5 53 7.28011
4238.5 31 5.56776
4239.5 40 6.32456
4240.5 51 7.14143
4241.5 51 7.14143
4242.5 45 6.7082
4243.5 42 6.48074
4244.5 68 8.24621
4245.5 50 7.07107
4246.5 57 7.54983
4247.5 47 6.85565
4248.5 38 6.16441
4249.5 61 7.81025
4250.5 69 8.30662
4251.5 66 8.12404
4252.5 50 7.07107
4253.5 49 7
4254.5 53 7.28011
4255.5 50 7.07107
4256.5 47 6.85565
4257.5 54 7.34847
4258.5 61 7.81025
4259.5 64 8
4260.5 45 6.7082
4261.5 70 8.3666
4262.5 53 7.28011
4263.5 58 7.61577
4264.5 58 7.61577
4265.5 48 6.9282
4266.5 45 6.7082
4267.5 36 6
4268.5 49 7
4269.5 46 6.78233
4270.5 49 7
4271.5 56 7.48331
4272.5 61 7.81025
4273.5 62 7.87401
4274.5 50 7.07107
4275.5 56 7.48331
4276.5 45 6.7082
4277.5 42 6.48074
4278.5 40 6.32456
4279.5 53 7.28011
4280.5 51 7.14143
4281.5 47 6.85565
4282.5 60 7.74597
4283.5 54 7.34847
4284.5 53 7.28011
4285.5 65 8.06226
4286.5 57 7.54983
4287.5 53 7.28011
4288.5 46 6.78233
4289.5 45 6.7082
4290.5 55 7.4162
4291.5 57 7.54983
4292.5 49 7
4293.5 52 7.2111
4294.5 40 6.32456
4295.5 53 7.28011
4296.5 53 7.28011
4297.5 50 7.07107
4298.5 43 6.55744
4299.5 53 7.28011
4300.5 53 7.28011
4301.5 46 6.78233
4302.5 68 8.24621
4303.5 69 8.30662
4304.5 58 7.61577
4305.5 66 8.12404
4306.5 46 6.78233
4307.5 57 7.54983
4308.5 61 7.81025
4309.5 48 6.9282
4310.5 54 7.34847
4311.5 62 7.87401
4312.5 61 7.81025
4313.5 56 7.48331
4314.5 44 6.63325
4315.5 52 7.2111
4316.5 51 7.14143
4317.5 50 7.07107
4318.5 55 7.4162
4319.5 50 7.07107
4320.5 60 7.74597
4321.5 56 7.48331
4322.5 48 6.9282
4323.5 49 7
4324.5 42 6.48074
4325.5 44 6.63325
4326.5 56 7.48331
4327.5 51 7.14143
4328.5 44 6.63325
4329.5 55 7.4162
4330.5 53 7.28011
4331.5 34 5.83095
4332.5 45 6.7082
4333.5 49 7
4334.5 62 7.87401
4335.5 55 7.4162
4336.5 44 6.63325
4337.5 42 6.48074
4338.5 56 7.48331
4339.5 54 7.34847
4340.5 48 6.9282
4341.5 57 7.54983
4342.5 47 6.85565
4343.5 54 7.34847
4344.5 53 7.28011
4345.5 61 7.81025
4346.5 46 6.78233
4347.5 48 6.9282
4348.5 50 7.07107
4349.5 47 6.85565
4350.5 55 7.4162
4351.5 45 6.7082
4352.5 37 6.08276
4353.5 52 7.2111
4354.5 38 6.16441
4355.5 54 7.34847
4356.5 45 6.7082
4357.5 52 7.2111
4358.5 45 6.7082
4359.5 40 6.32456
4360.5 58 7.61577
4361.5 48 6.9282
4362.5 38 6.16441
4363.5 47 6.85565
4364.5 55 7.4162
4365.5 47 6.85565
4366.5 55 7.4162
4367.5 55 7.4162
4368.5 50 7.07107
4369.5 61 7.81025
4370.5 58 7.61577
4371.5 50 7.07107
4372.5 60 7.74597
4373.5 59 7.68115
4374.5 46 6.78233
4375.5 51 7.14143
4376.5 50 7.07107
4377.5 31 5.56776
4378.5 49 7
4379.5 60 7.74597
4380.5 51 7.14143
4381.5 47 6.85565
4382.5 57 7.54983
4383.5 59 7.68115
4384.5 43 6.55744
4385.5 41 6.40312
4386.5 54 7.34847
4387.5 46 6.78233
4388.5 58 7.61577
4389.5 48 6.9282
4390.5 51 7.14143
4391.5 60 7.74597
4392.5 49 7
4393.5 67 8.18535
4394.5 48 6.9282
4395.5 53 7.28011
4396.5 59 7.68115
4397.5 49 7
4398.5 48 6.9282
4399.5 51 7.14143
4400.5 53 7.28011
4401.5 45 6.7082
4402.5 56 7.48331
4403.5 50 7.07107
4404.5 53 7.28011
4405.5 48 6.9282
4406.5 43 6.55744
4407.5 54 7.34847
4408.5 43 6.55744
4409.5 46 6.78233
4410.5 44 6.63325
4411.5 49 7
4412.5 52 7.2111
4413.5 51 7.14143
4414.5 46 6.78233
4415.5 55 7.4162
4416.5 46 6.78233
4417.5 43 6.55744
4418.5 53 7.28011
4419.5 48 6.9282
4420.5 54 7.34847
4421.5 66 8.12404
4422.5 55 7.4162
4423.5 47 6.85565
4424.5 54 7.34847
4425.5 51 7.14143
4426.5 54 7.34847
4427.5 49 7
4428.5 59 7.68115
4429.5 45 6.7082
4430.5 51 7.14143
4431.5 60 7.74597
4432.5 50 7.07107
4433.5 57 7.54983
4434.5 58 7.61577
4435.5 50 7.07107
4436.5 39 6.245
4437.5 57 7.54983
4438.5 58 7.61577
4439.5 47 6.85565
4440.5 55 7.4162
4441.5 39 6.245
4442.5 59 7.68115
4443.5 45 6.7082
4444.5 44 6.63325
4445.5 45 6.7082
4446.5 62 7.87401
4447.5 58 7.61577
4448.5 43 6.55744
4449.5 42 6.48074
4450.5 45 6.7082
4451.5 43 6.55744
4452.5 61 7.81025
4453.5 50 7.07107
4454.5 52 7.2111
4455.5 55 7.4162
4456.5 43 6.55744
4457.5 39 6.245
4458.5 50 7.07107
4459.5 41 6.40312
4460.5 52 7.2111
4461.5 53 7.28011
4462.5 53 7.28011
4463.5 62 7.87401
4464.5 57 7.54983
4465.5 56 7.48331
4466.5 53 7.28011
4467.5 48 6.9282
4468.5 48 6.9282
4469.5 50 7.07107
4470.5 51 7.14143
4471.5 46 6.78233
4472.5 48 6.9282
4473.5 51 7.14143
4474.5 48 6.9282
4475.5 47 6.85565
4476.5 52 7.2111
4477.5 45 6.7082
4478.5 43 6.55744
4479.5 46 6.78233
4480.5 67 8.18535
4481.5 61 7.81025
4482.5 52 7.2111
4483.5 57 7.54983
4484.5 60 7.74597
4485.5 40 6.32456
4486.5 43 6.55744
4487.5 55 7.4162
4488.5 42 6.48074
4489.5 52 7.2111
4490.5 40 6.32456
4491.5 43 6.55744
4492.5 51 7.14143
4493.5 48 6.9282
4494.5 56 7.48331
4495.5 56 7.48331
4496.5 50 7.07107
4497.5 34 5.83095
4498.5 45 6.7082
4499.5 42 6.48074
4500.5 51 7.14143
4501.5 47 6.85565
4502.5 49 7
4503.5 46 6.78233
4504.5 37 6.08276
4505.5 56 7.48331
4506.5 36 6
4507.5 57 7.54983
4508.5 56 7.48331
4509.5 51 7.14143
4510.5 61 7.81025
4511.5 46 6.78233
4512.5 40 6.32456
4513.5 43 6.55744
4514.5 43 6.55744
4515.5 40 6.32456
4516.5 60 7.74597
4517.5 46 6.78233
4518.5 42 6.48074
4519.5 50 7.07107
4520.5 45 6.7082
4521.5 57 7.54983
4522.5 57 7.54983
4523.5 57 7.54983
4524.5 43 6.55744
4525.5 46 6.78233
4526.5 43 6.55744
4527.5 58 7.61577
4528.5 52 7.2111
4529.5 41 6.40312
4530.5 39 6.245
4531.5 56 7.48331
4532.5 57 7.54983
4533.5 49 7
4534.5 52 7.2111
4535.5 71 8.42615
4536.5 56 7.48331
4537.5 58 7.61577
4538.5 36 6
4539.5 57 7.54983
4540.5 47 6.85565
4541.5 60 7.74597
4542.5 48 6.9282
4543.5 46 6.78233
4544.5 61 7.81025
4545.5 55 7.4162
4546.5 44 6.63325
4547.5 49 7
4548.5 53 7.28011
4549.5 57 7.54983
4550.5 51 7.14143
4551.5 38 6.16441
4552.5 52 7.2111
4553.5 62 7.87401
4554.5 37 6.08276
4555.5 63 7.93725
4556.5 52 7.2111
4557.5 48 6.9282
4558.5 50 7.07107
4559.5 51 7.14143
4560.5 46 6.78233
4561.5 53 7.28011
4562.5 53 7.28011
4563.5 55 7.4162
4564.5 47 6.85565
4565.5 59 7.68115
4566.5 54 7.34847
4567.5 42 6.48074
4568.5 58 7.61577
4569.5 40 6.32456
4570.5 63 7.93725
4571.5 42 6.48074
4572.5 45 6.7082
4573.5 44 6.63325
4574.5 57 7.54983
4575.5 53 7.28011
4576.5 51 7.14143
4577.5 46 6.78233
4578.5 49 7
4579.5 50 7.07107
4580.5 47 6.85565
4581.5 49 7
4582.5 47 6.85565
4583.5 56 7.48331
4584.5 55 7.4162
4585.5 39 6.245
4586.5 49 7
4587.5 55 7.4162
4588.5 56 7.48331
4589.5 33 5.74456
4590.5 49 7
4591.5 48 6.9282
4592.5 54 7.34847
4593.5 53 7.28011
4594.5 50 7.07107
4595.5 51 7.14143
4596.5 40 6.32456
4597.5 56 7.48331
4598.5 63 7.93725
4599.5 60 7.74597
4600.5 48 6.9282
4601.5 46 6.78233
4602.5 55 7.4162
4603.5 42 6.48074
4604.5 49 7
4605.5 40 6.32456
4606.5 43 6.55744
4607.5 46 6.78233
4608.5 47 6.85565
4609.5 55 7.4162
4610.5 53 7.28011
4611.5 52 7.2111
4612.5 52 7.2111
4613.5 49 7
4614.5 49 7
4615.5 55 7.4162
4616.5 39 6.245
4617.5 50 7.07107
4618.5 40 6.32456
4619.5 52 7.2111
4620.5 57 7.54983
4621.5 62 7.87401
4622.5 50 7.07107
4623.5 39 6.245
4624.5 49 7
4625.5 39 6.245
4626.5 46 6.78233
4627.5 47 6.85565
4628.5 49 7
4629.5 52 7.2111
4630.5 55 7.4162
4631.5 35 5.91608
4632.5 54 7.34847
4633.5 46 6.78233
4634.5 48 6.9282
4635.5 56 7.48331
4636.5 53 7.28011
4637.5 50 7.07107
4638.5 53 7.28011
4639.5 50 7.07107
4640.5 47 6.85565
4641.5 43 6.55744
4642.5 51 7.14143
4643.5 40 6.32456
4644.5 44 6.63325
4645.5 58 7.61577
4646.5 59 7.68115
4647.5 64 8
4648.5 43 6.55744
4649.5 47 6.85565
4650.5 48 6.9282
4651.5 55 7.4162
4652.5 61 7.81025
4653.5 47 6.85565
4654.5 62 7.87401
4655.5 63 7.93725
4656.5 55 7.4162
4657.5 52 7.2111
4658.5 40 6.32456
4659.5 53 7.28011
4660.5 42 6.48074
4661.5 53 7.28011
4662.5 55 7.4162
4663.5 63 7.93725
4664.5 50 7.07107
4665.5 51 7.14143
4666.5 41 6.40312
4667.5 64 8
4668.5 38 6.16441
4669.5 55 7.4162
4670.5 50 7.07107
4671.5 55 7.4162
4672.5 49 7
4673.5 46 6.78233
4674.5 47 6.85565
4675.5 43 6.55744
4676.5 50 7.07107
4677.5 52 7.2111
4678.5 51 7.14143
4679.5 50 7.07107
4680.5 64 8
4681.5 58 7.61577
4682.5 49 7
4683.5 57 7.54983
4684.5 45 6.7082
4685.5 51 7.14143
4686.5 39 6.245
4687.5 39 6.245
4688.5 49 7
4689.5 47 6.85565
4690.5 60 7.74597
4691.5 56 7.48331
4692.5 57 7.54983
4693.5 58 7.61577
4694.5 46 6.78233
4695.5 67 8.18535
4696.5 40 6.32456
4697.5 49 7
4698.5 58 7.61577
4699.5 50 7.07107
4700.5 47 6.85565
4701.5 53 7.28011
4702.5 48 6.9282
4703.5 54 7.34847
4704.5 40 6.32456
4705.5 51 7.14143
4706.5 50 7.07107
4707.5 37 6.08276
4708.5 51 7.14143
4709.5 39 6.245
4710.5 54 7.34847
4711.5 52 7.2111
4712.5 36 6
4713.5 45 6.7082
4714.5 38 6.16441
4715.5 58 7.61577
4716.5 49 7
4717.5 48 6.9282
4718.5 50 7.07107
4719.5 50 7.07107
4720.5 37 6.08276
4721.5 49 7
4722.5 45 6.7082
4723.5 58 7.61577
4724.5 54 7.34847
4725.5 70 8.3666
4726.5 58 7.61577
4727.5 46 6.78233
4728.5 58 7.61577
4729.5 58 7.61577
4730.5 38 6.16441
4731.5 50 7.07107
4732.5 49 7
4733.5 49 7
4734.5 47 6.85565
4735.5 47 6.85565
4736.5 44 6.63325
4737.5 65 8.06226
4738.5 39 6.245
4739.5 43 6.55744
4740.5 60 7.74597
4741.5 39 6.245
4742.5 44 6.63325
4743.5 51 7.14143
4744.5 42 6.48074
4745.5 53 7.28011
4746.5 56 7.48331
4747.5 56 7.48331
4748.5 48 6.9282
4749.5 44 6.63325
4750.5 37 6.08276
4751.5 41 6.40312
4752.5 58 7.61577
4753.5 48 6.9282
4754.5 37 6.08276
4755.5 55 7.4162
4756.5 52 7.2111
4757.5 43 6.55744
4758.5 50 7.07107
4759.5 55 7.4162
4760.5 41 6.40312
4761.5 47 6.85565
4762.5 37 6.08276
4763.5 54 7.34847
4764.5 48 6.9282
4765.5 48 6.9282
4766.5 44 6.63325
4767.5 51 7.14143
4768.5 56 7.48331
4769.5 52 7.2111
4770.5 49 7
4771.5 53 7.28011
4772.5 45 6.7082
4773.5 48 6.9282
4774.5 56 7.48331
4775.5 47 6.85565
4776.5 44 6.63325
4777.5 50 7.07107
4778.5 51 7.14143
4779.5 51 7.14143
4780.5 55 7.4162
4781.5 57 7.54983
4782.5 42 6.48074
4783.5 54 7.34847
4784.5 41 6.40312
4785.5 41 6.40312
4786.5 42 6.48074
4787.5 45 6.7082
4788.5 49 7
4789.5 45 6.7082
4790.5 44 6.63325
4791.5 55 7.4162
4792.5 57 7.54983
4793.5 47 6.85565
4794.5 50 7.07107
4795.5 41 6.40312
4796.5 50 7.07107
4797.5 52 7.2111
4798.5 48 6.9282
4799.5 53 7.28011
4800.5 45 6.7082
4801.5 43 6.55744
4802.5 53 7.28011
4803.5 45 6.7082
4804.5 35 5.91608
4805.5 50 7.07107
4806.5 49 7
4807.5 44 6.63325
4808.5 55 7.4162
4809.5 43 6.55744
4810.5 55 7.4162
4811.5 45 6.7082
4812.5 53 7.28011
4813.5 37 6.08276
4814.5 40 6.32456
4815.5 52 7.2111
4816.5 56 7.48331
4817.5 41 6.40312
4818.5 50 7.07107
4819.5 45 6.7082
4820.5 56 7.48331
4821.5 46 6.78233
4822.5 56 7.48331
4823.5 52 7.2111
4824.5 38 6.16441
4825.5 56 7.48331
4826.5 45 6.7082
4827.5 59 7.68115
4828.5 65 8.06226
4829.5 37 6.08276
4830.5 51 7.14143
4831.5 47 6.85565
4832.5 58 7.61577
4833.5 60 7.74597
4834.5 51 7.14143
4835.5 53 7.28011
4836.5 43 6.55744
4837.5 42 6.48074
4838.5 49 7
4839.5 47 6.85565
4840.5 45 6.7082
4841.5 43 6.55744
4842.5 55 7.4162
4843.5 38 6.16441
4844.5 50 7.07107
4845.5 47 6.85565
4846.5 45 6.7082
4847.5 44 6.63325
4848.5 66 8.12404
4849.5 56 7.48331
4850.5 62 7.87401
4851.5 39 6.245
4852.5 38 6.16441
4853.5 49 7
4854.5 35 5.91608
4855.5 45 6.7082
4856.5 40 6.32456
4857.5 51 7.14143
4858.5 57 7.54983
4859.5 41 6.40312
4860.5 44 6.63325
4861.5 55 7.4162
4862.5 52 7.2111
4863.5 59 7.68115
4864.5 53 7.28011
4865.5 56 7.48331
4866.5 45 6.7082
4867.5 50 7.07107
4868.5 36 6
4869.5 54 7.34847
4870.5 51 7.14143
4871.5 55 7.4162
4872.5 54 7.34847
4873.5 54 7.34847
4874.5 41 6.40312
4875.5 64 8
4876.5 39 6.245
4877.5 38 6.16441
4878.5 50 7.07107
4879.5 57 7.54983
4880.5 52 7.2111
4881.5 46 6.78233
4882.5 52 7.2111
4883.5 53 7.28011
4884.5 43 6.55744
4885.5 53 7.28011
4886.5 64 8
4887.5 59 7.68115
4888.5 52 7.2111
4889.5 47 6.85565
4890.5 56 7.48331
4891.5 43 6.55744
4892.5 36 6
4893.5 45 6.7082
4894.5 53 7.28011
4895.5 44 6.63325
4896.5 48 6.9282
4897.5 59 7.68115
4898.5 49 7
4899.5 45 6.7082
4900.5 47 6.85565
4901.5 54 7.34847
4902.5 46 6.78233
4903.5 51 7.14143
4904.5 47 6.85565
4905.5 48 6.9282
4906.5 45 6.7082
4907.5 43 6.55744
4908.5 45 6.7082
4909.5 50 7.07107
4910.5 57 7.54983
4911.5 48 6.9282
4912.5 46 6.78233
4913.5 50 7.07107
4914.5 50 7.07107
4915.5 50 7.07107
4916.5 40 6.32456
4917.5 30 5.47723
4918.5 52 7.2111
4919.5 45 6.7082
4920.5 44 6.63325
4921.5 41 6.40312
4922.5 57 7.54983
4923.5 40 6.32456
4924.5 39 6.245
4925.5 33 5.74456
4926.5 57 7.54983
4927.5 48 6.9282
4928.5 50 7.07107
4929.5 44 6.63325
4930.5 48 6.9282
4931.5 49 7
4932.5 53 7.28011
4933.5 36 6
4934.5 55 7.4162
4935.5 36 6
4936.5 46 6.78233
4937.5 56 7.48331
4938.5 56 7.48331
4939.5 52 7.2111
4940.5 39 6.245
4941.5 47 6.85565
4942.5 59 7.68115
4943.5 56 7.48331
4944.5 48 6.9282
4945.5 38 6.16441
4946.5 51 7.14143
4947.5 57 7.54983
4948.5 56 7.48331
4949.5 46 6.78233
4950.5 37 6.08276
4951.5 48 6.9282
4952.5 45 6.7082
4953.5 51 7.14143
4954.5 52 7.2111
4955.5 43 6.55744
4956.5 51 7.14143
4957.5 51 7.14143
4958.5 43 6.55744
4959.5 42 6.48074
4960.5 52 7.2111
4961.5 51 7.14143
4962.5 53 7.28011
4963.5 58 7.61577
4964.5 56 7.48331
4965.5 57 7.54983
4966.5 48 6.9282
4967.5 45 6.7082
4968.5 53 7.28011
4969.5 54 7.34847
4970.5 49 7
4971.5 38 6.16441
4972.5 58 7.61577
4973.5 43 6.55744
4974.5 42 6.48074
4975.5 49 7
4976.5 41 6.40312
4977.5 38 6.16441
4978.5 55 7.4162
4979.5 59 7.68115
4980.5 43 6.55744
4981.5 63 7.93725
4982.5 47 6.85565
4983.5 39 6.245
4984.5 50 7.07107
4985.5 48 6.9282
4986.5 57 7.54983
4987.5 52 7.2111
4988.5 53 7.28011
4989.5 51 7.14143
4990.5 63 7.93725
4991.5 53 7.28011
4992.5 71 8.42615
4993.5 77 8.77496
4994.5 51 7.14143
4995.5 84 9.16515
4996.5 67 8.18535
4997.5 55 7.4162
4998.5 68 8.24621
4999.5 48 6.9282
5000.5 56 7.48331
5001.5 60 7.74597
5002.5 41 6.40312
5003.5 55 7.4162
5004.5 47 6.85565
5005.5 58 7.61577
5006.5 41 6.40312
5007.5 39 6.245
5008.5 43 6.55744
5009.5 54 7.34847
5010.5 48 6.9282
5011.5 44 6.63325
5012.5 55 7.4162
5013.5 56 7.48331
5014.5 45 6.7082
5015.5 54 7.34847
5016.5 44 6.63325
5017.5 54 7.34847
5018.5 60 7.74597
5019.5 42 6.48074
5020.5 45 6.7082
5021.5 51 7.14143
5022.5 43 6.55744
5023.5 44 6.63325
5024.5 59 7.68115
5025.5 41 6.40312
5026.5 53 7.28011
5027.5 39 6.245
5028.5 44 6.63325
5029.5 35 5.91608
5030.5 48 6.9282
5031.5 37 6.08276
5032.5 39 6.245
5033.5 51 7.14143
5034.5 48 6.9282
5035.5 37 6.08276
5036.5 40 6.32456
5037.5 36 6
5038.5 48 6.9282
5039.5 44 6.63325
5040.5 51 7.14143
5041.5 44 6.63325
5042.5 58 7.61577
5043.5 42 6.48074
5044.5 49 7
5045.5 52 7.2111
5046.5 48 6.9282
5047.5 59 7.68115
5048.5 44 6.63325
5049.5 39 6.245
5050.5 50 7.07107
5051.5 64 8
5052.5 52 7.2111
5053.5 50 7.07107
5054.5 45 6.7082
5055.5 33 5.74456
5056.5 49 7
5057.5 48 6.9282
5058.5 51 7.14143
5059.5 51 7.14143
5060.5 54 7.34847
5061.5 50 7.07107
5062.5 54 7.34847
5063.5 51 7.14143
5064.5 58 7.61577
5065.5 44 6.63325
5066.5 42 6.48074
5067.5 47 6.85565
5068.5 44 6.63325
5069.5 55 7.4162
5070.5 44 6.63325
5071.5 47 6.85565
5072.5 44 6.63325
5073.5 41 6.40312
5074.5 40 6.32456
5075.5 47 6.85565
5076.5 66 8.12404
5077.5 48 6.9282
5078.5 40 6.32456
5079.5 45 6.7082
5080.5 44 6.63325
5081.5 46 6.78233
5082.5 53 7.28011
5083.5 48 6.9282
5084.5 36 6
5085.5 41 6.40312
5086.5 45 6.7082
5087.5 53 7.28011
5088.5 49 7
5089.5 58 7.61577
5090.5 54 7.34847
5091.5 49 7
5092.5 49 7
5093.5 59 7.68115
5094.5 40 6.32456
5095.5 46 6.78233
5096.5 46 6.78233
5097.5 43 6.55744
5098.5 44 6.63325
5099.5 29 5.38516
5100.5 50 7.07107
5101.5 61 7.81025
5102.5 40 6.32456
5103.5 42 6.48074
5104.5 45 6.7082
5105.5 47 6.85565
5106.5 43 6.55744
5107.5 50 7.07107
5108.5 58 7.61577
5109.5 41 6.40312
5110.5 47 6.85565
5111.5 46 6.78233
5112.5 55 7.4162
5113.5 46 6.78233
5114.5 42 6.48074
5115.5 56 7.48331
5116.5 52 7.2111
5117.5 42 6.48074
5118.5 51 7.14143
5119.5 52 7.2111
5120.5 41 6.40312
5121.5 41 6.40312
5122.5 53 7.28011
5123.5 52 7.2111
5124.5 40 6.32456
5125.5 51 7.14143
5126.5 49 7
5127.5 41 6.40312
5128.5 53 7.28011
5129.5 46 6.78233
5130.5 36 6
5131.5 48 6.9282
5132.5 44 6.63325
5133.5 45 6.7082
5134.5 54 7.34847
5135.5 64 8
5136.5 48 6.9282
5137.5 51 7.14143
5138.5 50 7.07107
5139.5 58 7.61577
5140.5 58 7.61577
5141.5 46 6.78233
5142.5 49 7
5143.5 36 6
5144.5 43 6.55744
5145.5 41 6.40312
5146.5 44 6.63325
5147.5 42 6.48074
5148.5 34 5.83095
5149.5 36 6
5150.5 56 7.48331
5151.5 42 6.48074
5152.5 48 6.9282
5153.5 47 6.85565
5154.5 46 6.78233
5155.5 31 5.56776
5156.5 47 6.85565
5157.5 57 7.54983
5158.5 41 6.40312
5159.5 46 6.78233
5160.5 40 6.32456
5161.5 38 6.16441
5162.5 55 7.4162
5163.5 39 6.245
5164.5 38 6.16441
5165.5 47 6.85565
5166.5 46 6.78233
5167.5 51 7.14143
5168.5 57 7.54983
5169.5 42 6.48074
5170.5 42 6.48074
5171.5 46 6.78233
5172.5 41 6.40312
5173.5 53 7.28011
5174.5 33 5.74456
5175.5 42 6.48074
5176.5 38 6.16441
5177.5 48 6.9282
5178.5 37 6.08276
5179.5 48 6.9282
5180.5 54 7.34847
5181.5 44 6.63325
5182.5 49 7
5183.5 58 7.61577
5184.5 51 7.14143
5185.5 52 7.2111
5186.5 35 5.91608
5187.5 53 7.28011
5188.5 55 7.4162
5189.5 42 6.48074
5190.5 50 7.07107
5191.5 50 7.07107
5192.5 55 7.4162
5193.5 50 7.07107
5194.5 31 5.56776
5195.5 46 6.78233
5196.5 52 7.2111
5197.5 55 7.4162
5198.5 49 7
5199.5 58 7.61577
5200.5 50 7.07107
5201.5 53 7.28011
5202.5 45 6.7082
5203.5 44 6.63325
5204.5 54 7.34847
5205.5 47 6.85565
5206.5 56 7.48331
5207.5 54 7.34847
5208.5 51 7.14143
5209.5 47 6.85565
5210.5 45 6.7082
5211.5 38 6.16441
5212.5 49 7
5213.5 45 6.7082
5214.5 32 5.65685
5215.5 48 6.9282
5216.5 64 8
5217.5 50 7.07107
5218.5 47 6.85565
5219.5 43 6.55744
5220.5 51 7.14143
5221.5 44 6.63325
5222.5 51 7.14143
5223.5 56 7.48331
5224.5 60 7.74597
5225.5 35 5.91608
5226.5 49 7
5227.5 45 6.7082
5228.5 34 5.83095
5229.5 58 7.61577
5230.5 47 6.85565
5231.5 49 7
5232.5 28 5.2915
5233.5 41 6.40312
5234.5 47 6.85565
5235.5 48 6.9282
5236.5 43 6.55744
5237.5 57 7.54983
5238.5 52 7.2111
5239.5 43 6.55744
5240.5 61 7.81025
5241.5 42 6.48074
5242.5 54 7.34847
5243.5 50 7.07107
5244.5 38 6.16441
5245.5 54 7.34847
5246.5 51 7.14143
5247.5 49 7
5248.5 44 6.63325
5249.5 59 7.68115
5250.5 48 6.9282
5251.5 46 6.78233
5252.5 43 6.55744
5253.5 47 6.85565
5254.5 46 6.78233
5255.5 41 6.40312
5256.5 45 6.7082
5257.5 51 7.14143
5258.5 42 6.48074
5259.5 42 6.48074
5260.5 50 7.07107
5261.5 43 6.55744
5262.5 40 6.32456
5263.5 45 6.7082
5264.5 44 6.63325
5265.5 41 6.40312
5266.5 54 7.34847
5267.5 41 6.40312
5268.5 53 7.28011
5269.5 48 6.9282
5270.5 48 6.9282
5271.5 40 6.32456
5272.5 59 7.68115
5273.5 43 6.55744
5274.5 50 7.07107
5275.5 54 7.34847
5276.5 35 5.91608
5277.5 46 6.78233
5278.5 49 7
5279.5 45 6.7082
5280.5 40 6.32456
5281.5 53 7.28011
5282.5 51 7.14143
5283.5 52 7.2111
5284.5 52 7.2111
5285.5 50 7.07107
5286.5 50 7.07107
5287.5 58 7.61577
5288.5 65 8.06226
5289.5 47 6.85565
5290.5 49 7
5291.5 48 6.9282
5292.5 44 6.63325
5293.5 48 6.9282
5294.5 52 7.2111
5295.5 48 6.9282
5296.5 48 6.9282
5297.5 52 7.2111
5298.5 38 6.16441
5299.5 43 6.55744
5300.5 47 6.85565
5301.5 37 6.08276
5302.5 44 6.63325
5303.5 52 7.2111
5304.5 43 6.55744
5305.5 47 6.85565
5306.5 52 7.2111
5307.5 45 6.7082
5308.5 42 6.48074
5309.5 44 6.63325
5310.5 51 7.14143
5311.5 60 7.74597
5312.5 45 6.7082
5313.5 42 6.48074
5314.5 42 6.48074
5315.5 37 6.08276
5316.5 41 6.40312
5317.5 40 6.32456
5318.5 46 6.78233
5319.5 40 6.32456
5320.5 43 6.55744
5321.5 49 7
5322.5 43 6.55744
5323.5 52 7.2111
5324.5 43 6.55744
5325.5 54 7.34847
5326.5 62 7.87401
5327.5 35 5.91608
5328.5 45 6.7082
5329.5 55 7.4162
5330.5 40 6.32456
5331.5 46 6.78233
5332.5 48 6.9282
5333.5 58 7.61577
5334.5 37 6.08276
5335.5 60 7.74597
5336.5 50 7.07107
5337.5 53 7.28011
5338.5 68 8.24621
5339.5 42 6.48074
5340.5 52 7.2111
5341.5 45 6.7082
5342.5 44 6.63325
5343.5 34 5.83095
5344.5 30 5.47723
5345.5 43 6.55744
5346.5 41 6.40312
5347.5 33 5.74456
5348.5 41 6.40312
5349.5 25 5
5350.5 48 6.9282
5351.5 50 7.07107
5352.5 48 6.9282
5353.5 52 7.2111
5354.5 40 6.32456
5355.5 52 7.2111
5356.5 49 7
5357.5 47 6.85565
5358.5 44 6.63325
5359.5 44 6.63325
5360.5 41 6.40312
5361.5 45 6.7082
5362.5 63 7.93725
5363.5 46 6.78233
5364.5 43 6.55744
5365.5 45 6.7082
5366.5 40 6.32456
5367.5 52 7.2111
5368.5 48 6.9282
5369.5 47 6.85565
5370.5 43 6.55744
5371.5 52 7.2111
5372.5 49 7
5373.5 55 7.4162
5374.5 65 8.06226
5375.5 49 7
5376.5 40 6.32456
5377.5 48 6.9282
5378.5 54 7.34847
5379.5 47 6.85565
5380.5 45 6.7082
5381.5 35 5.91608
5382.5 48 6.9282
5383.5 44 6.63325
5384.5 43 6.55744
5385.5 46 6.78233
5386.5 42 6.48074
5387.5 53 7.28011
5388.5 46 6.78233
5389.5 49 7
5390.5 48 6.9282
5391.5 60 7.74597
5392.5 43 6.55744
5393.5 57 7.54983
5394.5 46 6.78233
5395.5 56 7.48331
5396.5 43 6.55744
5397.5 44 6.63325
5398.5 31 5.56776
5399.5 32 5.65685
5400.5 46 6.78233
5401.5 50 7.07107
5402.5 44 6.63325
5403.5 56 7.48331
5404.5 66 8.12404
5405.5 45 6.7082
5406.5 40 6.32456
5407.5 47 6.85565
5408.5 44 6.63325
5409.5 43 6.55744
5410.5 38 6.16441
5411.5 53 7.28011
5412.5 45 6.7082
5413.5 53 7.28011
5414.5 38 6.16441
5415.5 46 6.78233
5416.5 50 7.07107
5417.5 47 6.85565
5418.5 51 7.14143
5419.5 52 7.2111
5420.5 48 6.9282
5421.5 41 6.40312
5422.5 38 6.16441
5423.5 45 6.7082
5424.5 41 6.40312
5425.5 46 6.78233
5426.5 46 6.78233
5427.5 37 6.08276
5428.5 50 7.07107
5429.5 45 6.7082
5430.5 46 6.78233
5431.5 55 7.4162
5432.5 55 7.4162
5433.5 39 6.245
5434.5 38 6.16441
5435.5 47 6.85565
5436.5 46 6.78233
5437.5 37 6.08276
5438.5 59 7.68115
5439.5 53 7.28011
5440.5 49 7
5441.5 46 6.78233
5442.5 48 6.9282
5443.5 46 6.78233
5444.5 49 7
5445.5 39 6.245
5446.5 47 6.85565
5447.5 47 6.85565
5448.5 58 7.61577
5449.5 37 6.08276
5450.5 54 7.34847
5451.5 37 6.08276
5452.5 53 7.28011
5453.5 39 6.245
5454.5 54 7.34847
5455.5 43 6.55744
5456.5 66 8.12404
5457.5 49 7
5458.5 47 6.85565
5459.5 49 7
5460.5 45 6.7082
5461.5 52 7.2111
5462.5 52 7.2111
5463.5 32 5.65685
5464.5 46 6.78233
5465.5 52 7.2111
5466.5 50 7.07107
5467.5 59 7.68115
5468.5 57 7.54983
5469.5 41 6.40312
5470.5 34 5.83095
5471.5 49 7
5472.5 43 6.55744
5473.5 44 6.63325
5474.5 54 7.34847
5475.5 44 6.63325
5476.5 47 6.85565
5477.5 46 6.78233
5478.5 50 7.07107
5479.5 52 7.2111
5480.5 58 7.61577
5481.5 42 6.48074
5482.5 42 6.48074
5483.5 42 6.48074
5484.5 50 7.07107
5485.5 48 6.9282
5486.5 43 6.55744
5487.5 44 6.63325
5488.5 46 6.78233
5489.5 48 6.9282
5490.5 43 6.55744
5491.5 37 6.08276
5492.5 42 6.48074
5493.5 48 6.9282
5494.5 60 7.74597
5495.5 52 7.2111
5496.5 41 6.40312
5497.5 43 6.55744
5498.5 56 7.48331
5499.5 53 7.28011
5500.5 57 7.54983
5501.5 50 7.07107
5502.5 49 7
5503.5 43 6.55744
5504.5 59 7.68115
5505.5 48 6.9282
5506.5 59 7.68115
5507.5 54 7.34847
5508.5 43 6.55744
5509.5 44 6.63325
5510.5 48 6.9282
5511.5 51 7.14143
5512.5 49 7
5513.5 38 6.16441
5514.5 40 6.32456
5515.5 51 7.14143
5516.5 43 6.55744
5517.5 46 6.78233
5518.5 37 6.08276
5519.5 50 7.07107
5520.5 46 6.78233
5521.5 60 7.74597
5522.5 56 7.48331
5523.5 45 6.7082
5524.5 48 6.9282
5525.5 44 6.63325
5526.5 40 6.32456
5527.5 35 5.91608
5528.5 53 7.28011
5529.5 57 7.54983
5530.5 40 6.32456
5531.5 49 7
5532.5 53 7.28011
5533.5 44 6.63325
5534.5 39 6.245
5535.5 52 7.2111
5536.5 43 6.55744
5537.5 52 7.2111
5538.5 34 5.83095
5539.5 46 6.78233
5540.5 47 6.85565
5541.5 50 7.07107
5542.5 44 6.63325
5543.5 45 6.7082
5544.5 41 6.40312
5545.5 45 6.7082
5546.5 44 6.63325
5547.5 66 8.12404
5548.5 44 6.63325
5549.5 53 7.28011
5550.5 56 7.48331
5551.5 49 7
5552.5 36 6
5553.5 36 6
5554.5 42 6.48074
5555.5 41 6.40312
5556.5 43 6.55744
5557.5 41 6.40312
5558.5 50 7.07107
5559.5 55 7.4162
5560.5 45 6.7082
5561.5 43 6.55744
5562.5 34 5.83095
5563.5 48 6.9282
5564.5 37 6.08276
5565.5 50 7.07107
5566.5 34 5.83095
5567.5 60 7.74597
5568.5 39 6.245
5569.5 54 7.34847
5570.5 50 7.07107
5571.5 45 6.7082
5572.5 50 7.07107
5573.5 52 7.2111
5574.5 44 6.63325
5575.5 47 6.85565
5576.5 37 6.08276
5577.5 51 7.14143
5578.5 52 7.2111
5579.5 36 6
5580.5 36 6
5581.5 29 5.38516
5582.5 42 6.48074
5583.5 48 6.9282
5584.5 47 6.85565
5585.5 43 6.55744
5586.5 55 7.4162
5587.5 47 6.85565
5588.5 42 6.48074
5589.5 51 7.14143
5590.5 38 6.16441
5591.5 47 6.85565
5592.5 49 7
5593.5 41 6.40312
5594.5 52 7.2111
5595.5 35 5.91608
5596.5 52 7.2111
5597.5 45 6.7082
5598.5 49 7
5599.5 44 6.63325
5600.5 53 7.28011
5601.5 41 6.40312
5602.5 42 6.48074
5603.5 64 8
5604.5 41 6.40312
5605.5 52 7.2111
5606.5 59 7.68115
5607.5 46 6.78233
5608.5 42 6.48074
5609.5 42 6.48074
5610.5 51 7.14143
5611.5 39 6.245
5612.5 44 6.63325
5613.5 43 6.55744
5614.5 54 7.34847
5615.5 38 6.16441
5616.5 43 6.55744
5617.5 52 7.2111
5618.5 52 7.2111
5619.5 50 7.07107
5620.5 49 7
5621.5 40 6.32456
5622.5 46 6.78233
5623.5 48 6.9282
5624.5 43 6.55744
5625.5 44 6.63325
5626.5 56 7.48331
5627.5 52 7.2111
5628.5 39 6.245
5629.5 34 5.83095
5630.5 53 7.28011
5631.5 38 6.16441
5632.5 46 6.78233
5633.5 51 7.14143
5634.5 51 7.14143
5635.5 37 6.08276
5636.5 49 7
5637.5 43 6.55744
5638.5 41 6.40312
5639.5 42 6.48074
5640.5 54 7.34847
5641.5 54 7.34847
5642.5 40 6.32456
5643.5 53 7.28011
5644.5 43 6.55744
5645.5 41 6.40312
5646.5 45 6.7082
5647.5 35 5.91608
5648.5 50 7.07107
5649.5 52 7.2111
5650.5 39 6.245
5651.5 43 6.55744
5652.5 37 6.08276
5653.5 59 7.68115
5654.5 51 7.14143
5655.5 55 7.4162
5656.5 46 6.78233
5657.5 41 6.40312
5658.5 44 6.63325
5659.5 42 6.48074
5660.5 49 7
5661.5 45 6.7082
5662.5 45 6.7082
5663.5 55 7.4162
5664.5 51 7.14143
5665.5 40 6.32456
5666.5 36 6
5667.5 50 7.07107
5668.5 38 6.16441
5669.5 51 7.14143
5670.5 42 6.48074
5671.5 34 5.83095
5672.5 37 6.08276
5673.5 48 6.9282
5674.5 61 7.81025
5675.5 51 7.14143
5676.5 41 6.40312
5677.5 54 7.34847
5678.5 38 6.16441
5679.5 52 7.2111
5680.5 51 7.14143
5681.5 45 6.7082
5682.5 45 6.7082
5683.5 46 6.78233
5684.5 27 5.19615
5685.5 42 6.48074
5686.5 38 6.16441
5687.5 51 7.14143
5688.5 40 6.32456
5689.5 52 7.2111
5690.5 45 6.7082
5691.5 53 7.28011
5692.5 46 6.78233
5693.5 51 7.14143
5694.5 50 7.07107
5695.5 40 6.32456
5696.5 38 6.16441
5697.5 58 7.61577
5698.5 47 6.85565
5699.5 59 7.68115
5700.5 56 7.48331
5701.5 45 6.7082
5702.5 44 6.63325
5703.5 52 7.2111
5704.5 48 6.9282
5705.5 47 6.85565
5706.5 59 7.68115
5707.5 47 6.85565
5708.5 53 7.28011
5709.5 41 6.40312
5710.5 44 6.63325
5711.5 39 6.245
5712.5 43 6.55744
5713.5 46 6.78233
5714.5 35 5.91608
5715.5 41 6.40312
5716.5 54 7.34847
5717.5 57 7.54983
5718.5 51 7.14143
5719.5 61 7.81025
5720.5 49 7
5721.5 60 7.74597
5722.5 57 7.54983
5723.5 57 7.54983
5724.5 55 7.4162
5725.5 54 7.34847
5726.5 61 7.81025
5727.5 64 8
5728.5 71 8.42615
5729.5 72 8.48528
5730.5 85 9.21954
5731.5 74 8.60233
5732.5 88 9.38083
5733.5 119 10.9087
5734.5 94 9.69536
5735.5 112 10.583
5736.5 154 12.4097
5737.5 172 13.1149
5738.5 162 12.7279
5739.5 192 13.8564
5740.5 215 14.6629
5741.5 226 15.0333
5742.5 232 15.2315
5743.5 255 15.9687
5744.5 252 15.8745
5745.5 274 16.5529
5746.5 289 17
5747.5 240 15.4919
5748.5 262 16.1864
5749.5 245 15.6525
5750.5 215 14.6629
5751.5 178 13.3417
5752.5 153 12.3693
5753.5 178 13.3417
5754.5 130 11.4018
5755.5 114 10.6771
5756.5 77 8.77496
5757.5 71 8.42615
5758.5 74 8.60233
5759.5 61 7.81025
5760.5 49 7
5761.5 76 8.7178
5762.5 69 8.30662
5763.5 52 7.2111
5764.5 59 7.68115
5765.5 52 7.2111
5766.5 60 7.74597
5767.5 47 6.85565
5768.5 63 7.93725
5769.5 54 7.34847
5770.5 60 7.74597
5771.5 61 7.81025
5772.5 43 6.55744
5773.5 64 8
5774.5 59 7.68115
5775.5 55 7.4162
5776.5 57 7.54983
5777.5 51 7.14143
5778.5 52 7.2111
5779.5 54 7.34847
5780.5 40 6.32456
5781.5 64 8
5782.5 59 7.68115
5783.5 51 7.14143
5784.5 52 7.2111
5785.5 45 6.7082
5786.5 43 6.55744
5787.5 53 7.28011
5788.5 63 7.93725
5789.5 46 6.78233
5790.5 53 7.28011
5791.5 48 6.9282
5792.5 55 7.4162
5793.5 48 6.9282
5794.5 48 6.9282
5795.5 51 7.14143
5796.5 68 8.24621
5797.5 47 6.85565
5798.5 49 7
5799.5 51 7.14143
5800.5 43 6.55744
5801.5 62 7.87401
5802.5 37 6.08276
5803.5 44 6.63325
5804.5 48 6.9282
5805.5 39 6.245
5806.5 71 8.42615
5807.5 42 6.48074
5808.5 45 6.7082
5809.5 56 7.48331
5810.5 52 7.2111
5811.5 49 7
5812.5 46 6.78233
5813.5 42 6.48074
5814.5 64 8
5815.5 49 7
5816.5 54 7.34847
5817.5 58 7.61577
5818.5 52 7.2111
5819.5 53 7.28011
5820.5 47 6.85565
5821.5 48 6.9282
5822.5 61 7.81025
5823.5 56 7.48331
5824.5 46 6.78233
5825.5 58 7.61577
5826.5 39 6.245
5827.5 47 6.85565
5828.5 59 7.68115
5829.5 56 7.48331
5830.5 50 7.07107
5831.5 59 7.68115
5832.5 61 7.81025
5833.5 56 7.48331
5834.5 61 7.81025
5835.5 47 6.85565
5836.5 53 7.28011
5837.5 46 6.78233
5838.5 43 6.55744
5839.5 45 6.7082
5840.5 42 6.48074
5841.5 51 7.14143
5842.5 55 7.4162
5843.5 49 7
5844.5 53 7.28011
5845.5 63 7.93725
5846.5 50 7.07107
5847.5 54 7.34847
5848.5 50 7.07107
5849.5 57 7.54983
5850.5 41 6.40312
5851.5 52 7.2111
5852.5 44 6.63325
5853.5 42 6.48074
5854.5 49 7
5855.5 35 5.91608
5856.5 47 6.85565
5857.5 54 7.34847
5858.5 48 6.9282
5859.5 59 7.68115
5860.5 51 7.14143
5861.5 44 6.63325
5862.5 40 6.32456
5863.5 40 6.32456
5864.5 55 7.4162
5865.5 62 7.87401
5866.5 49 7
5867.5 54 7.34847
5868.5 52 7.2111
5869.5 58 7.61577
5870.5 52 7.2111
5871.5 67 8.18535
5872.5 51 7.14143
5873.5 52 7.2111
5874.5 49 7
5875.5 50 7.07107
5876.5 60 7.74597
5877.5 59 7.68115
5878.5 43 6.55744
5879.5 45 6.7082
5880.5 46 6.78233
5881.5 48 6.9282
5882.5 29 5.38516
5883.5 47 6.85565
5884.5 51 7.14143
5885.5 42 6.48074
5886.5 42 6.48074
5887.5 57 7.54983
5888.5 44 6.63325
5889.5 50 7.07107
5890.5 35 5.91608
5891.5 51 7.14143
5892.5 45 6.7082
5893.5 49 7
5894.5 47 6.85565
5895.5 47 6.85565
5896.5 42 6.48074
5897.5 47 6.85565
5898.5 65 8.06226
5899.5 46 6.78233
5900.5 56 7.48331
5901.5 50 7.07107
5902.5 58 7.61577
5903.5 61 7.81025
5904.5 48 6.9282
5905.5 48 6.9282
5906.5 56 7.48331
5907.5 47 6.85565
5908.5 52 7.2111
5909.5 51 7.14143
5910.5 44 6.63325
5911.5 38 6.16441
5912.5 39 6.245
5913.5 46 6.78233
5914.5 55 7.4162
5915.5 39 6.245
5916.5 47 6.85565
5917.5 51 7.14143
5918.5 50 7.07107
5919.5 49 7
5920.5 49 7
5921.5 49 7
5922.5 63 7.93725
5923.5 39 6.245
5924.5 58 7.61577
5925.5 43 6.55744
5926.5 60 7.74597
5927.5 44 6.63325
5928.5 61 7.81025
5929.5 43 6.55744
5930.5 57 7.54983
5931.5 53 7.28011
5932.5 49 7
5933.5 49 7
5934.5 44 6.63325
5935.5 56 7.48331
5936.5 47 6.85565
5937.5 49 7
5938.5 61 7.81025
5939.5 34 5.83095
5940.5 63 7.93725
5941.5 53 7.28011
5942.5 57 7.54983
5943.5 61 7.81025
5944.5 55 7.4162
5945.5 37 6.08276
5946.5 39 6.245
5947.5 42 6.48074
5948.5 53 7.28011
5949.5 39 6.245
5950.5 49 7
5951.5 55 7.4162
5952.5 65 8.06226
5953.5 56 7.48331
5954.5 53 7.28011
5955.5 56 7.48331
5956.5 43 6.55744
5957.5 67 8.18535
5958.5 49 7
5959.5 54 7.34847
5960.5 40 6.32456
5961.5 47 6.85565
5962.5 46 6.78233
5963.5 55 7.4162
5964.5 58 7.61577
5965.5 54 7.34847
5966.5 48 6.9282
5967.5 51 7.14143
5968.5 48 6.9282
5969.5 52 7.2111
5970.5 48 6.9282
5971.5 50 7.07107
5972.5 48 6.9282
5973.5 41 6.40312
5974.5 65 8.06226
5975.5 48 6.9282
5976.5 35 5.91608
5977.5 54 7.34847
5978.5 47 6.85565
5979.5 51 7.14143
5980.5 34 5.83095
5981.5 52 7.2111
5982.5 49 7
5983.5 55 7.4162
5984.5 58 7.61577
5985.5 48 6.9282
5986.5 69 8.30662
5987.5 41 6.40312
5988.5 45 6.7082
5989.5 42 6.48074
5990.5 43 6.55744
5991.5 44 6.63325
5992.5 56 7.48331
5993.5 45 6.7082
5994.5 43 6.55744
5995.5 49 7
5996.5 45 6.7082
5997.5 54 7.34847
5998.5 37 6.08276
5999.5 46 6.78233
6000.5 43 6.55744
6001.5 45 6.7082
6002.5 55 7.4162
6003.5 47 6.85565
6004.5 56 7.48331
6005.5 43 6.55744
6006.5 59 7.68115
6007.5 52 7.2111
6008.5 47 6.85565
6009.5 62 7.87401
6010.5 63 7.93725
6011.5 57 7.54983
6012.5 57 7.54983
6013.5 57 7.54983
6014.5 60 7.74597
6015.5 61 7.81025
6016.5 48 6.9282
6017.5 46 6.78233
6018.5 59 7.68115
6019.5 48 6.9282
6020.5 59 7.68115
6021.5 61 7.81025
6022.5 43 6.55744
6023.5 64 8
6024.5 59 7.68115
6025.5 64 8
6026.5 49 7
6027.5 57 7.54983
6028.5 47 6.85565
6029.5 57 7.54983
6030.5 44 6.63325
6031.5 60 7.74597
6032.5 49 7
6033.5 57 7.54983
6034.5 57 7.54983
6035.5 43 6.55744
6036.5 51 7.14143
6037.5 58 7.61577
6038.5 58 7.61577
6039.5 58 7.61577
6040.5 48 6.9282
6041.5 64 8
6042.5 58 7.61577
6043.5 49 7
6044.5 55 7.4162
6045.5 45 6.7082
6046.5 58 7.61577
6047.5 58 7.61577
6048.5 54 7.34847
6049.5 44 6.63325
6050.5 55 7.4162
6051.5 53 7.28011
6052.5 48 6.9282
6053.5 57 7.54983
6054.5 36 6
6055.5 46 6.78233
6056.5 55 7.4162
6057.5 56 7.48331
6058.5 55 7.4162
6059.5 63 7.93725
6060.5 48 6.9282
6061.5 50 7.07107
6062.5 53 7.28011
6063.5 48 6.9282
6064.5 57 7.54983
6065.5 46 6.78233
6066.5 49 7
6067.5 53 7.28011
6068.5 61 7.81025
6069.5 47 6.85565
6070.5 43 6.55744
6071.5 58 7.61577
6072.5 66 8.12404
6073.5 57 7.54983
6074.5 52 7.2111
6075.5 46 6.78233
6076.5 51 7.14143
6077.5 49 7
6078.5 47 6.85565
6079.5 49 7
6080.5 56 7.48331
6081.5 50 7.07107
6082.5 54 7.34847
6083.5 46 6.78233
6084.5 43 6.55744
6085.5 54 7.34847
6086.5 55 7.4162
6087.5 47 6.85565
6088.5 55 7.4162
6089.5 51 7.14143
6090.5 54 7.34847
6091.5 46 6.78233
6092.5 60 7.74597
6093.5 43 6.55744
6094.5 50 7.07107
6095.5 61 7.81025
6096.5 52 7.2111
6097.5 51 7.14143
6098.5 41 6.40312
6099.5 41 6.40312
6100.5 45 6.7082
6101.5 55 7.4162
6102.5 57 7.54983
6103.5 54 7.34847
6104.5 46 6.78233
6105.5 51 7.14143
6106.5 55 7.4162
6107.5 47 6.85565
6108.5 54 7.34847
6109.5 53 7.28011
6110.5 40 6.32456
6111.5 53 7.28011
6112.5 36 6
6113.5 48 6.9282
6114.5 54 7.34847
6115.5 50 7.07107
6116.5 51 7.14143
6117.5 44 6.63325
6118.5 44 6.63325
6119.5 50 7.07107
6120.5 55 7.4162
6121.5 58 7.61577
6122.5 53 7.28011
6123.5 47 6.85565
6124.5 47 6.85565
6125.5 38 6.16441
6126.5 49 7
6127.5 38 6.16441
6128.5 54 7.34847
6129.5 49 7
6130.5 47 6.85565
6131.5 46 6.78233
6132.5 46 6.78233
6133.5 37 6.08276
6134.5 66 8.12404
6135.5 57 7.54983
6136.5 58 7.61577
6137.5 54 7.34847
6138.5 60 7.74597
6139.5 43 6.55744
6140.5 56 7.48331
6141.5 45 6.7082
6142.5 46 6.78233
6143.5 54 7.34847
6144.5 40 6.32456
6145.5 47 6.85565
6146.5 56 7.48331
6147.5 45 6.7082
6148.5 46 6.78233
6149.5 50 7.07107
6150.5 46 6.78233
6151.5 39 6.245
6152.5 56 7.48331
6153.5 45 6.7082
6154.5 48 6.9282
6155.5 45 6.7082
6156.5 43 6.55744
6157.5 45 6.7082
6158.5 53 7.28011
6159.5 47 6.85565
6160.5 62 7.87401
6161.5 45 6.7082
6162.5 53 7.28011
6163.5 56 7.48331
6164.5 50 7.07107
6165.5 55 7.4162
6166.5 61 7.81025
6167.5 51 7.14143
6168.5 50 7.07107
6169.5 57 7.54983
6170.5 54 7.34847
6171.5 44 6.63325
6172.5 50 7.07107
6173.5 42 6.48074
6174.5 46 6.78233
6175.5 57 7.54983
6176.5 46 6.78233
6177.5 49 7
6178.5 55 7.4162
6179.5 46 6.78233
6180.5 51 7.14143
6181.5 46 6.78233
6182.5 40 6.32456
6183.5 49 7
6184.5 62 7.87401
6185.5 45 6.7082
6186.5 55 7.4162
6187.5 56 7.48331
6188.5 63 7.93725
6189.5 54 7.34847
6190.5 63 7.93725
6191.5 53 7.28011
6192.5 44 6.63325
6193.5 50 7.07107
6194.5 55 7.4162
6195.5 46 6.78233
6196.5 56 7.48331
6197.5 50 7.07107
6198.5 49 7
6199.5 44 6.63325
6200.5 55 7.4162
6201.5 40 6.32456
6202.5 51 7.14143
6203.5 54 7.34847
6204.5 41 6.40312
6205.5 42 6.48074
6206.5 59 7.68115
6207.5 42 6.48074
6208.5 57 7.54983
6209.5 46 6.78233
6210.5 35 5.91608
6211.5 36 6
6212.5 43 6.55744
6213.5 66 8.12404
6214.5 51 7.14143
6215.5 54 7.34847
6216.5 59 7.68115
6217.5 41 6.40312
6218.5 59 7.68115
6219.5 57 7.54983
6220.5 41 6.40312
6221.5 41 6.40312
6222.5 42 6.48074
6223.5 44 6.63325
6224.5 42 6.48074
6225.5 35 5.91608
6226.5 40 6.32456
6227.5 44 6.63325
6228.5 65 8.06226
6229.5 42 6.48074
6230.5 48 6.9282
6231.5 60 7.74597
6232.5 45 6.7082
6233.5 51 7.14143
6234.5 56 7.48331
6235.5 52 7.2111
6236.5 40 6.32456
6237.5 47 6.85565
6238.5 34 5.83095
6239.5 42 6.48074
6240.5 52 7.2111
6241.5 47 6.85565
6242.5 42 6.48074
6243.5 51 7.14143
6244.5 39 6.245
6245.5 48 6.9282
6246.5 45 6.7082
6247.5 59 7.68115
6248.5 47 6.85565
6249.5 52 7.2111
6250.5 45 6.7082
6251.5 47 6.85565
6252.5 48 6.9282
6253.5 39 6.245
6254.5 55 7.4162
6255.5 45 6.7082
6256.5 43 6.55744
6257.5 47 6.85565
6258.5 41 6.40312
6259.5 44 6.63325
6260.5 65 8.06226
6261.5 49 7
6262.5 44 6.63325
6263.5 46 6.78233
6264.5 48 6.9282
6265.5 54 7.34847
6266.5 56 7.48331
6267.5 43 6.55744
6268.5 52 7.2111
6269.5 52 7.2111
6270.5 44 6.63325
6271.5 56 7.48331
6272.5 61 7.81025
6273.5 50 7.07107
6274.5 55 7.4162
6275.5 43 6.55744
6276.5 45 6.7082
6277.5 46 6.78233
6278.5 27 5.19615
6279.5 51 7.14143
6280.5 79 8.88819
6281.5 41 6.40312
6282.5 53 7.28011
6283.5 48 6.9282
6284.5 45 6.7082
6285.5 58 7.61577
6286.5 48 6.9282
6287.5 48 6.9282
6288.5 61 7.81025
6289.5 38 6.16441
6290.5 50 7.07107
6291.5 44 6.63325
6292.5 49 7
6293.5 50 7.07107
6294.5 52 7.2111
6295.5 64 8
6296.5 38 6.16441
6297.5 50 7.07107
6298.5 38 6.16441
6299.5 46 6.78233
6300.5 46 6.78233
6301.5 54 7.34847
6302.5 53 7.28011
6303.5 64 8
6304.5 44 6.63325
6305.5 47 6.85565
6306.5 47 6.85565
6307.5 42 6.48074
6308.5 42 6.48074
6309.5 56 7.48331
6310.5 48 6.9282
6311.5 59 7.68115
6312.5 41 6.40312
6313.5 54 7.34847
6314.5 56 7.48331
6315.5 53 7.28011
6316.5 50 7.07107
6317.5 46 6.78233
6318.5 44 6.63325
6319.5 62 7.87401
6320.5 51 7.14143
6321.5 57 7.54983
6322.5 58 7.61577
6323.5 52 7.2111
6324.5 45 6.7082
6325.5 53 7.28011
6326.5 41 6.40312
6327.5 53 7.28011
6328.5 51 7.14143
6329.5 47 6.85565
6330.5 54 7.34847
6331.5 51 7.14143
6332.5 55 7.4162
6333.5 44 6.63325
6334.5 51 7.14143
6335.5 40 6.32456
6336.5 43 6.55744
6337.5 58 7.61577
6338.5 49 7
6339.5 59 7.68115
6340.5 41 6.40312
6341.5 62 7.87401
6342.5 51 7.14143
6343.5 58 7.61577
6344.5 47 6.85565
6345.5 55 7.4162
6346.5 53 7.28011
6347.5 58 7.61577
6348.5 55 7.4162
6349.5 61 7.81025
6350.5 45 6.7082
6351.5 51 7.14143
6352.5 44 6.63325
6353.5 46 6.78233
6354.5 43 6.55744
6355.5 53 7.28011
6356.5 49 7
6357.5 58 7.61577
6358.5 53 7.28011
6359.5 44 6.63325
6360.5 54 7.34847
6361.5 55 7.4162
6362.5 60 7.74597
6363.5 46 6.78233
6364.5 40 6.32456
6365.5 45 6.7082
6366.5 46 6.78233
6367.5 43 6.55744
6368.5 49 7
6369.5 52 7.2111
6370.5 52 7.2111
6371.5 55 7.4162
6372.5 40 6.32456
6373.5 50 7.07107
6374.5 53 7.28011
6375.5 52 7.2111
6376.5 32 5.65685
6377.5 47 6.85565
6378.5 45 6.7082
6379.5 45 6.7082
6380.5 49 7
6381.5 48 6.9282
6382.5 61 7.81025
6383.5 54 7.34847
6384.5 51 7.14143
6385.5 43 6.55744
6386.5 53 7.28011
6387.5 41 6.40312
6388.5 53 7.28011
6389.5 58 7.61577
6390.5 41 6.40312
6391.5 46 6.78233
6392.5 49 7
6393.5 39 6.245
6394.5 54 7.34847
6395.5 51 7.14143
6396.5 44 6.63325
6397.5 54 7.34847
6398.5 52 7.2111
6399.5 49 7
6400.5 55 7.4162
6401.5 57 7.54983
6402.5 58 7.61577
6403.5 59 7.68115
6404.5 53 7.28011
6405.5 37 6.08276
6406.5 47 6.85565
6407.5 35 5.91608
6408.5 60 7.74597
6409.5 39 6.245
6410.5 57 7.54983
6411.5 53 7.28011
6412.5 64 8
6413.5 47 6.85565
6414.5 48 6.9282
6415.5 55 7.4162
6416.5 56 7.48331
6417.5 36 6
6418.5 41 6.40312
6419.5 47 6.85565
6420.5 39 6.245
6421.5 49 7
6422.5 55 7.4162
6423.5 56 7.48331
6424.5 42 6.48074
6425.5 46 6.78233
6426.5 46 6.78233
6427.5 60 7.74597
6428.5 49 7
6429.5 55 7.4162
6430.5 66 8.12404
6431.5 53 7.28011
6432.5 42 6.48074
6433.5 49 7
6434.5 50 7.07107
6435.5 45 6.7082
6436.5 46 6.78233
6437.5 47 6.85565
6438.5 59 7.68115
6439.5 66 8.12404
6440.5 52 7.2111
6441.5 50 7.07107
6442.5 65 8.06226
6443.5 54 7.34847
6444.5 54 7.34847
6445.5 50 7.07107
6446.5 59 7.68115
6447.5 42 6.48074
6448.5 59 7.68115
6449.5 46 6.78233
6450.5 41 6.40312
6451.5 63 7.93725
6452.5 58 7.61577
6453.5 41 6.40312
6454.5 47 6.85565
6455.5 51 7.14143
6456.5 51 7.14143
6457.5 50 7.07107
6458.5 60 7.74597
6459.5 52 7.2111
6460.5 44 6.63325
6461.5 50 7.07107
6462.5 44 6.63325
6463.5 51 7.14143
6464.5 56 7.48331
6465.5 45 6.7082
6466.5 41 6.40312
6467.5 59 7.68115
6468.5 61 7.81025
6469.5 52 7.2111
6470.5 51 7.14143
6471.5 52 7.2111
6472.5 52 7.2111
6473.5 56 7.48331
6474.5 45 6.7082
6475.5 57 7.54983
6476.5 48 6.9282
6477.5 51 7.14143
6478.5 53 7.28011
6479.5 45 6.7082
6480.5 42 6.48074
6481.5 52 7.2111
6482.5 60 7.74597
6483.5 52 7.2111
6484.5 52 7.2111
6485.5 47 6.85565
6486.5 48 6.9282
6487.5 60 7.74597
6488.5 57 7.54983
6489.5 39 6.245
6490.5 56 7.48331
6491.5 48 6.9282
6492.5 45 6.7082
6493.5 53 7.28011
6494.5 66 8.12404
6495.5 50 7.07107
6496.5 50 7.07107
6497.5 43 6.55744
6498.5 61 7.81025
6499.5 56 7.48331
6500.5 60 7.74597
6501.5 55 7.4162
6502.5 64 8
6503.5 44 6.63325
6504.5 64 8
6505.5 51 7.14143
6506.5 52 7.2111
6507.5 51 7.14143
6508.5 44 6.63325
6509.5 48 6.9282
6510.5 71 8.42615
6511.5 46 6.78233
6512.5 43 6.55744
6513.5 64 8
6514.5 48 6.9282
6515.5 49 7
6516.5 46 6.78233
6517.5 67 8.18535
6518.5 48 6.9282
6519.5 37 6.08276
6520.5 51 7.14143
6521.5 50 7.07107
6522.5 55 7.4162
6523.5 54 7.34847
6524.5 45 6.7082
6525.5 51 7.14143
6526.5 52 7.2111
6527.5 52 7.2111
6528.5 57 7.54983
6529.5 41 6.40312
6530.5 49 7
6531.5 57 7.54983
6532.5 33 5.74456
6533.5 44 6.63325
6534.5 36 6
6535.5 61 7.81025
6536.5 56 7.48331
6537.5 43 6.55744
6538.5 52 7.2111
6539.5 51 7.14143
6540.5 56 7.48331
6541.5 59 7.68115
6542.5 51 7.14143
6543.5 66 8.12404
6544.5 39 6.245
6545.5 46 6.78233
6546.5 48 6.9282
6547.5 67 8.18535
6548.5 60 7.74597
6549.5 46 6.78233
6550.5 53 7.28011
6551.5 45 6.7082
6552.5 45 6.7082
6553.5 60 7.74597
6554.5 59 7.68115
6555.5 44 6.63325
6556.5 46 6.78233
6557.5 54 7.34847
6558.5 50 7.07107
6559.5 57 7.54983
6560.5 44 6.63325
6561.5 61 7.81025
6562.5 44 6.63325
6563.5 37 6.08276
6564.5 46 6.78233
6565.5 50 7.07107
6566.5 56 7.48331
6567.5 47 6.85565
6568.5 53 7.28011
6569.5 58 7.61577
6570.5 47 6.85565
6571.5 56 7.48331
6572.5 51 7.14143
6573.5 40 6.32456
6574.5 48 6.9282
6575.5 56 7.48331
6576.5 41 6.40312
6577.5 53 7.28011
6578.5 43 6.55744
6579.5 51 7.14143
6580.5 46 6.78233
6581.5 51 7.14143
6582.5 52 7.2111
6583.5 50 7.07107
6584.5 46 6.78233
6585.5 58 7.61577
6586.5 54 7.34847
6587.5 55 7.4162
6588.5 46 6.78233
6589.5 49 7
6590.5 41 6.40312
6591.5 55 7.4162
6592.5 41 6.40312
6593.5 47 6.85565
6594.5 55 7.4162
6595.5 51 7.14143
6596.5 48 6.9282
6597.5 47 6.85565
6598.5 40 6.32456
6599.5 47 6.85565
6600.5 46 6.78233
6601.5 47 6.85565
6602.5 40 6.32456
6603.5 54 7.34847
6604.5 59 7.68115
6605.5 49 7
6606.5 56 7.48331
6607.5 57 7.54983
6608.5 52 7.2111
6609.5 37 6.08276
6610.5 50 7.07107
6611.5 47 6.85565
6612.5 48 6.9282
6613.5 59 7.68115
6614.5 57 7.54983
6615.5 50 7.07107
6616.5 59 7.68115
6617.5 51 7.14143
6618.5 59 7.68115
6619.5 55 7.4162
6620.5 49 7
6621.5 55 7.4162
6622.5 43 6.55744
6623.5 45 6.7082
6624.5 43 6.55744
6625.5 43 6.55744
6626.5 57 7.54983
6627.5 60 7.74597
6628.5 45 6.7082
6629.5 53 7.28011
6630.5 58 7.61577
6631.5 36 6
6632.5 47 6.85565
6633.5 55 7.4162
6634.5 41 6.40312
6635.5 60 7.74597
6636.5 56 7.48331
6637.5 53 7.28011
6638.5 53 7.28011
6639.5 43 6.55744
6640.5 48 6.9282
6641.5 31 5.56776
6642.5 55 7.4162
6643.5 51 7.14143
6644.5 57 7.54983
6645.5 55 7.4162
6646.5 59 7.68115
6647.5 58 7.61577
6648.5 56 7.48331
6649.5 46 6.78233
6650.5 47 6.85565
6651.5 54 7.34847
6652.5 50 7.07107
6653.5 53 7.28011
6654.5 53 7.28011
6655.5 47 6.85565
6656.5 54 7.34847
6657.5 43 6.55744
6658.5 46 6.78233
6659.5 47 6.85565
6660.5 46 6.78233
6661.5 56 7.48331
6662.5 44 6.63325
6663.5 69 8.30662
6664.5 49 7
6665.5 40 6.32456
6666.5 42 6.48074
6667.5 49 7
6668.5 49 7
6669.5 51 7.14143
6670.5 54 7.34847
6671.5 61 7.81025
6672.5 65 8.06226
6673.5 58 7.61577
6674.5 60 7.74597
6675.5 56 7.48331
6676.5 52 7.2111
6677.5 40 6.32456
6678.5 47 6.85565
6679.5 52 7.2111
6680.5 61 7.81025
6681.5 45 6.7082
6682.5 59 7.68115
6683.5 59 7.68115
6684.5 51 7.14143
6685.5 52 7.2111
6686.5 43 6.55744
6687.5 49 7
6688.5 54 7.34847
6689.5 55 7.4162
6690.5 43 6.55744
6691.5 51 7.14143
6692.5 60 7.74597
6693.5 52 7.2111
6694.5 56 7.48331
6695.5 49 7
6696.5 65 8.06226
6697.5 49 7
6698.5 54 7.34847
6699.5 46 6.78233
6700.5 61 7.81025
6701.5 39 6.245
6702.5 67 8.18535
6703.5 46 6.78233
6704.5 51 7.14143
6705.5 52 7.2111
6706.5 46 6.78233
6707.5 43 6.55744
6708.5 58 7.61577
6709.5 54 7.34847
6710.5 60 7.74597
6711.5 45 6.7082
6712.5 39 6.245
6713.5 44 6.63325
6714.5 47 6.85565
6715.5 53 7.28011
6716.5 45 6.7082
6717.5 62 7.87401
6718.5 50 7.07107
6719.5 46 6.78233
6720.5 47 6.85565
6721.5 45 6.7082
6722.5 61 7.81025
6723.5 36 6
6724.5 60 7.74597
6725.5 51 7.14143
6726.5 45 6.7082
6727.5 43 6.55744
6728.5 55 7.4162
6729.5 59 7.68115
6730.5 47 6.85565
6731.5 50 7.07107
6732.5 49 7
6733.5 50 7.07107
6734.5 42 6.48074
6735.5 57 7.54983
6736.5 60 7.74597
6737.5 59 7.68115
6738.5 60 7.74597
6739.5 42 6.48074
6740.5 55 7.4162
6741.5 53 7.28011
6742.5 37 6.08276
6743.5 60 7.74597
6744.5 63 7.93725
6745.5 49 7
6746.5 58 7.61577
6747.5 55 7.4162
6748.5 54 7.34847
6749.5 43 6.55744
6750.5 51 7.14143
6751.5 45 6.7082
6752.5 47 6.85565
6753.5 53 7.28011
6754.5 51 7.14143
6755.5 58 7.61577
6756.5 43 6.55744
6757.5 56 7.48331
6758.5 58 7.61577
6759.5 44 6.63325
6760.5 54 7.34847
6761.5 49 7
6762.5 52 7.2111
6763.5 58 7.61577
6764.5 35 5.91608
6765.5 56 7.48331
6766.5 42 6.48074
6767.5 59 7.68115
6768.5 54 7.34847
6769.5 61 7.81025
6770.5 46 6.78233
6771.5 60 7.74597
6772.5 63 7.93725
6773.5 45 6.7082
6774.5 52 7.2111
6775.5 43 6.55744
6776.5 66 8.12404
6777.5 60 7.74597
6778.5 60 7.74597
6779.5 46 6.78233
6780.5 41 6.40312
6781.5 54 7.34847
6782.5 45 6.7082
6783.5 56 7.48331
6784.5 51 7.14143
6785.5 66 8.12404
6786.5 46 6.78233
6787.5 48 6.9282
6788.5 44 6.63325
6789.5 55 7.4162
6790.5 50 7.07107
6791.5 44 6.63325
6792.5 46 6.78233
6793.5 50 7.07107
6794.5 45 6.7082
6795.5 46 6.78233
6796.5 49 7
6797.5 35 5.91608
6798.5 53 7.28011
6799.5 49 7
6800.5 60 7.74597
6801.5 50 7.07107
6802.5 49 7
6803.5 50 7.07107
6804.5 43 6.55744
6805.5 50 7.07107
6806.5 63 7.93725
6807.5 50 7.07107
6808.5 56 7.48331
6809.5 49 7
6810.5 44 6.63325
6811.5 58 7.61577
6812.5 42 6.48074
6813.5 43 6.55744
6814.5 60 7.74597
6815.5 42 6.48074
6816.5 45 6.7082
6817.5 44 6.63325
6818.5 58 7.61577
6819.5 53 7.28011
6820.5 48 6.9282
6821.5 60 7.74597
6822.5 50 7.07107
6823.5 58 7.61577
6824.5 54 7.34847
6825.5 51 7.14143
6826.5 55 7.4162
6827.5 49 7
6828.5 38 6.16441
6829.5 55 7.4162
6830.5 44 6.63325
6831.5 47 6.85565
6832.5 40 6.32456
6833.5 39 6.245
6834.5 54 7.34847
6835.5 54 7.34847
6836.5 50 7.07107
6837.5 58 7.61577
6838.5 56 7.48331
6839.5 56 7.48331
6840.5 61 7.81025
6841.5 54 7.34847
6842.5 53 7.28011
6843.5 44 6.63325
6844.5 40 6.32456
6845.5 57 7.54983
6846.5 56 7.48331
6847.5 66 8.12404
6848.5 55 7.4162
6849.5 51 7.14143
6850.5 56 7.48331
6851.5 46 6.78233
6852.5 52 7.2111
6853.5 64 8
6854.5 42 6.48074
6855.5 55 7.4162
6856.5 45 6.7082
6857.5 57 7.54983
6858.5 48 6.9282
6859.5 42 6.48074
6860.5 57 7.54983
6861.5 56 7.48331
6862.5 51 7.14143
6863.5 47 6.85565
6864.5 62 7.87401
6865.5 54 7.34847
6866.5 43 6.55744
6867.5 46 6.78233
6868.5 51 7.14143
6869.5 59 7.68115
6870.5 49 7
6871.5 49 7
6872.5 54 7.34847
6873.5 50 7.07107
6874.5 40 6.32456
6875.5 60 7.74597
6876.5 64 8
6877.5 45 6.7082
6878.5 47 6.85565
6879.5 60 7.74597
6880.5 54 7.34847
6881.5 47 6.85565
6882.5 50 7.07107
6883.5 47 6.85565
6884.5 59 7.68115
6885.5 62 7.87401
6886.5 59 7.68115
6887.5 47 6.85565
6888.5 56 7.48331
6889.5 48 6.9282
6890.5 45 6.7082
6891.5 46 6.78233
6892.5 65 8.06226
6893.5 51 7.14143
6894.5 60 7.74597
6895.5 63 7.93725
6896.5 66 8.12404
6897.5 59 7.68115
6898.5 51 7.14143
6899.5 44 6.63325
6900.5 53 7.28011
6901.5 62 7.87401
6902.5 59 7.68115
6903.5 66 8.12404
6904.5 40 6.32456
6905.5 43 6.55744
6906.5 52 7.2111
6907.5 50 7.07107
6908.5 53 7.28011
6909.5 43 6.55744
6910.5 55 7.4162
6911.5 53 7.28011
6912.5 50 7.07107
6913.5 43 6.55744
6914.5 40 6.32456
6915.5 60 7.74597
6916.5 53 7.28011
6917.5 50 7.07107
6918.5 61 7.81025
6919.5 40 6.32456
6920.5 59 7.68115
6921.5 53 7.28011
6922.5 56 7.48331
6923.5 62 7.87401
6924.5 47 6.85565
6925.5 48 6.9282
6926.5 47 6.85565
6927.5 46 6.78233
6928.5 49 7
6929.5 54 7.34847
6930.5 48 6.9282
6931.5 55 7.4162
6932.5 41 6.40312
6933.5 56 7.48331
6934.5 59 7.68115
6935.5 46 6.78233
6936.5 50 7.07107
6937.5 53 7.28011
6938.5 61 7.81025
6939.5 40 6.32456
6940.5 55 7.4162
6941.5 54 7.34847
6942.5 53 7.28011
6943.5 48 6.9282
6944.5 58 7.61577
6945.5 47 6.85565
6946.5 42 6.48074
6947.5 51 7.14143
6948.5 53 7.28011
6949.5 50 7.07107
6950.5 54 7.34847
6951.5 57 7.54983
6952.5 45 6.7082
6953.5 69 8.30662
6954.5 54 7.34847
6955.5 54 7.34847
6956.5 58 7.61577
6957.5 55 7.4162
6958.5 42 6.48074
6959.5 42 6.48074
6960.5 48 6.9282
6961.5 51 7.14143
6962.5 64 8
6963.5 61 7.81025
6964.5 48 6.9282
6965.5 52 7.2111
6966.5 50 7.07107
6967.5 54 7.34847
6968.5 53 7.28011
6969.5 45 6.7082
6970.5 62 7.87401
6971.5 53 7.28011
6972.5 50 7.07107
6973.5 63 7.93725
6974.5 53 7.28011
6975.5 58 7.61577
6976.5 56 7.48331
6977.5 63 7.93725
6978.5 53 7.28011
6979.5 54 7.34847
6980.5 55 7.4162
6981.5 63 7.93725
6982.5 43 6.55744
6983.5 55 7.4162
6984.5 54 7.34847
6985.5 48 6.9282
6986.5 58 7.61577
6987.5 61 7.81025
6988.5 48 6.9282
6989.5 56 7.48331
6990.5 55 7.4162
6991.5 47 6.85565
6992.5 65 8.06226
6993.5 50 7.07107
6994.5 43 6.55744
6995.5 67 8.18535
6996.5 53 7.28011
6997.5 47 6.85565
6998.5 56 7.48331
6999.5 51 7.14143
7000.5 52 7.2111
7001.5 52 7.2111
7002.5 58 7.61577
7003.5 52 7.2111
7004.5 39 6.245
7005.5 62 7.87401
7006.5 41 6.40312
7007.5 43 6.55744
7008.5 56 7.48331
7009.5 66 8.12404
7010.5 40 6.32456
7011.5 55 7.4162
7012.5 51 7.14143
7013.5 54 7.34847
7014.5 60 7.74597
7015.5 56 7.48331
7016.5 51 7.14143
7017.5 54 7.34847
7018.5 56 7.48331
7019.5 58 7.61577
7020.5 51 7.14143
7021.5 57 7.54983
7022.5 48 6.9282
7023.5 48 6.9282
7024.5 59 7.68115
7025.5 54 7.34847
7026.5 53 7.28011
7027.5 59 7.68115
7028.5 54 7.34847
7029.5 67 8.18535
7030.5 47 6.85565
7031.5 49 7
7032.5 59 7.68115
7033.5 55 7.4162
7034.5 52 7.2111
7035.5 47 6.85565
7036.5 43 6.55744
7037.5 59 7.68115
7038.5 40 6.32456
7039.5 60 7.74597
7040.5 49 7
7041.5 38 6.16441
7042.5 55 7.4162
7043.5 55 7.4162
7044.5 62 7.87401
7045.5 47 6.85565
7046.5 49 7
7047.5 57 7.54983
7048.5 56 7.48331
7049.5 46 6.78233
7050.5 37 6.08276
7051.5 56 7.48331
7052.5 62 7.87401
7053.5 49 7
7054.5 48 6.9282
7055.5 47 6.85565
7056.5 43 6.55744
7057.5 60 7.74597
7058.5 58 7.61577
7059.5 53 7.28011
7060.5 59 7.68115
7061.5 50 7.07107
7062.5 49 7
7063.5 61 7.81025
7064.5 56 7.48331
7065.5 61 7.81025
7066.5 52 7.2111
7067.5 54 7.34847
7068.5 67 8.18535
7069.5 48 6.9282
7070.5 45 6.7082
7071.5 52 7.2111
7072.5 58 7.61577
7073.5 60 7.74597
7074.5 55 7.4162
7075.5 57 7.54983
7076.5 63 7.93725
7077.5 49 7
7078.5 48 6.9282
7079.5 48 6.9282
7080.5 61 7.81025
7081.5 54 7.34847
7082.5 48 6.9282
7083.5 49 7
7084.5 60 7.74597
7085.5 40 6.32456
7086.5 47 6.85565
7087.5 49 7
7088.5 62 7.87401
7089.5 52 7.2111
7090.5 53 7.28011
7091.5 52 7.2111
7092.5 53 7.28011
7093.5 53 7.28011
7094.5 44 6.63325
7095.5 52 7.2111
7096.5 68 8.24621
7097.5 58 7.61577
7098.5 42 6.48074
7099.5 73 8.544
7100.5 40 6.32456
7101.5 62 7.87401
7102.5 55 7.4162
7103.5 61 7.81025
7104.5 57 7.54983
7105.5 55 7.4162
7106.5 53 7.28011
7107.5 62 7.87401
7108.5 61 7.81025
7109.5 51 7.14143
7110.5 53 7.28011
7111.5 61 7.81025
7112.5 52 7.2111
7113.5 58 7.61577
7114.5 54 7.34847
7115.5 48 6.9282
7116.5 49 7
7117.5 42 6.48074
7118.5 53 7.28011
7119.5 51 7.14143
7120.5 50 7.07107
7121.5 61 7.81025
7122.5 48 6.9282
7123.5 53 7.28011
7124.5 51 7.14143
7125.5 48 6.9282
7126.5 58 7.61577
7127.5 59 7.68115
7128.5 57 7.54983
7129.5 43 6.55744
7130.5 58 7.61577
7131.5 66 8.12404
7132.5 68 8.24621
7133.5 47 6.85565
7134.5 53 7.28011
7135.5 42 6.48074
7136.5 59 7.68115
7137.5 51 7.14143
7138.5 62 7.87401
7139.5 51 7.14143
7140.5 60 7.74597
7141.5 44 6.63325
7142.5 51 7.14143
7143.5 47 6.85565
7144.5 49 7
7145.5 45 6.7082
7146.5 67 8.18535
7147.5 55 7.4162
7148.5 59 7.68115
7149.5 49 7
7150.5 64 8
7151.5 53 7.28011
7152.5 58 7.61577
7153.5 49 7
7154.5 68 8.24621
7155.5 50 7.07107
7156.5 46 6.78233
7157.5 58 7.61577
7158.5 54 7.34847
7159.5 47 6.85565
7160.5 52 7.2111
7161.5 49 7
7162.5 46 6.78233
7163.5 45 6.7082
7164.5 39 6.245
7165.5 58 7.61577
7166.5 48 6.9282
7167.5 47 6.85565
7168.5 42 6.48074
7169.5 51 7.14143
7170.5 46 6.78233
7171.5 48 6.9282
7172.5 63 7.93725
7173.5 56 7.48331
7174.5 48 6.9282
7175.5 37 6.08276
7176.5 46 6.78233
7177.5 45 6.7082
7178.5 50 7.07107
7179.5 52 7.2111
7180.5 44 6.63325
7181.5 52 7.2111
7182.5 58 7.61577
7183.5 51 7.14143
7184.5 50 7.07107
7185.5 50 7.07107
7186.5 44 6.63325
7187.5 43 6.55744
7188.5 48 6.9282
7189.5 49 7
7190.5 61 7.81025
7191.5 61 7.81025
7192.5 66 8.12404
7193.5 62 7.87401
7194.5 52 7.2111
7195.5 53 7.28011
7196.5 59 7.68115
7197.5 40 6.32456
7198.5 54 7.34847
7199.5 45 6.7082
7200.5 41 6.40312
7201.5 53 7.28011
7202.5 52 7.2111
7203.5 48 6.9282
7204.5 51 7.14143
7205.5 56 7.48331
7206.5 55 7.4162
7207.5 65 8.06226
7208.5 51 7.14143
7209.5 56 7.48331
7210.5 57 7.54983
7211.5 58 7.61577
7212.5 53 7.28011
7213.5 46 6.78233
7214.5 44 6.63325
7215.5 56 7.48331
7216.5 58 7.61577
7217.5 45 6.7082
7218.5 54 7.34847
7219.5 68 8.24621
7220.5 52 7.2111
7221.5 49 7
7222.5 43 6.55744
7223.5 56 7.48331
7224.5 52 7.2111
7225.5 59 7.68115
7226.5 44 6.63325
7227.5 58 7.61577
7228.5 59 7.68115
7229.5 53 7.28011
7230.5 54 7.34847
7231.5 55 7.4162
7232.5 53 7.28011
7233.5 52 7.2111
7234.5 51 7.14143
7235.5 44 6.63325
7236.5 53 7.28011
7237.5 43 6.55744
7238.5 62 7.87401
7239.5 63 7.93725
7240.5 62 7.87401
7241.5 36 6
7242.5 49 7
7243.5 48 6.9282
7244.5 62 7.87401
7245.5 50 7.07107
7246.5 59 7.68115
7247.5 50 7.07107
7248.5 62 7.87401
7249.5 55 7.4162
7250.5 59 7.68115
7251.5 53 7.28011
7252.5 39 6.245
7253.5 53 7.28011
7254.5 63 7.93725
7255.5 46 6.78233
7256.5 52 7.2111
7257.5 60 7.74597
7258.5 63 7.93725
7259.5 62 7.87401
7260.5 57 7.54983
7261.5 67 8.18535
7262.5 53 7.28011
7263.5 53 7.28011
7264.5 47 6.85565
7265.5 52 7.2111
7266.5 45 6.7082
7267.5 62 7.87401
7268.5 61 7.81025
7269.5 47 6.85565
7270.5 58 7.61577
7271.5 38 6.16441
7272.5 57 7.54983
7273.5 68 8.24621
7274.5 56 7.48331
7275.5 45 6.7082
7276.5 57 7.54983
7277.5 45 6.7082
7278.5 56 7.48331
7279.5 56 7.48331
7280.5 39 6.245
7281.5 65 8.06226
7282.5 51 7.14143
7283.5 57 7.54983
7284.5 60 7.74597
7285.5 55 7.4162
7286.5 49 7
7287.5 57 7.54983
7288.5 47 6.85565
7289.5 51 7.14143
7290.5 75 8.66025
7291.5 55 7.4162
7292.5 40 6.32456
7293.5 55 7.4162
7294.5 74 8.60233
7295.5 53 7.28011
7296.5 43 6.55744
7297.5 52 7.2111
7298.5 51 7.14143
7299.5 54 7.34847
7300.5 51 7.14143
7301.5 53 7.28011
7302.5 56 7.48331
7303.5 54 7.34847
7304.5 50 7.07107
7305.5 43 6.55744
7306.5 54 7.34847
7307.5 49 7
7308.5 63 7.93725
7309.5 44 6.63325
7310.5 49 7
7311.5 47 6.85565
7312.5 48 6.9282
7313.5 59 7.68115
7314.5 62 7.87401
7315.5 43 6.55744
7316.5 55 7.4162
7317.5 44 6.63325
7318.5 65 8.06226
7319.5 52 7.2111
7320.5 53 7.28011
7321.5 50 7.07107
7322.5 59 7.68115
7323.5 52 7.2111
7324.5 57 7.54983
7325.5 53 7.28011
7326.5 45 6.7082
7327.5 47 6.85565
7328.5 45 6.7082
7329.5 49 7
7330.5 54 7.34847
7331.5 50 7.07107
7332.5 60 7.74597
7333.5 47 6.85565
7334.5 62 7.87401
7335.5 57 7.54983
7336.5 47 6.85565
7337.5 67 8.18535
7338.5 51 7.14143
7339.5 46 6.78233
7340.5 53 7.28011
7341.5 41 6.40312
7342.5 52 7.2111
7343.5 46 6.78233
7344.5 50 7.07107
7345.5 38 6.16441
7346.5 62 7.87401
7347.5 48 6.9282
7348.5 64 8
7349.5 54 7.34847
7350.5 63 7.93725
7351.5 51 7.14143
7352.5 53 7.28011
7353.5 57 7.54983
7354.5 41 6.40312
7355.5 58 7.61577
7356.5 60 7.74597
7357.5 55 7.4162
7358.5 47 6.85565
7359.5 57 7.54983
7360.5 41 6.40312
7361.5 62 7.87401
7362.5 61 7.81025
7363.5 59 7.68115
7364.5 54 7.34847
7365.5 53 7.28011
7366.5 50 7.07107
7367.5 52 7.2111
7368.5 51 7.14143
7369.5 48 6.9282
7370.5 52 7.2111
7371.5 61 7.81025
7372.5 53 7.28011
7373.5 60 7.74597
7374.5 52 7.2111
7375.5 54 7.34847
7376.5 62 7.87401
7377.5 44 6.63325
7378.5 49 7
7379.5 57 7.54983
7380.5 47 6.85565
7381.5 55 7.4162
7382.5 47 6.85565
7383.5 55 7.4162
7384.5 44 6.63325
7385.5 48 6.9282
7386.5 75 8.66025
7387.5 57 7.54983
7388.5 64 8
7389.5 57 7.54983
7390.5 67 8.18535
7391.5 56 7.48331
7392.5 49 7
7393.5 49 7
7394.5 51 7.14143
7395.5 58 7.61577
7396.5 54 7.34847
7397.5 50 7.07107
7398.5 60 7.74597
7399.5 61 7.81025
7400.5 51 7.14143
7401.5 56 7.48331
7402.5 58 7.61577
7403.5 55 7.4162
7404.5 57 7.54983
7405.5 51 7.14143
7406.5 58 7.61577
7407.5 52 7.2111
7408.5 42 6.48074
7409.5 45 6.7082
7410.5 58 7.61577
7411.5 42 6.48074
7412.5 55 7.4162
7413.5 44 6.63325
7414.5 66 8.12404
7415.5 51 7.14143
7416.5 50 7.07107
7417.5 50 7.07107
7418.5 59 7.68115
7419.5 63 7.93725
7420.5 59 7.68115
7421.5 56 7.48331
7422.5 53 7.28011
7423.5 51 7.14143
7424.5 37 6.08276
7425.5 62 7.87401
7426.5 59 7.68115
7427.5 50 7.07107
7428.5 54 7.34847
7429.5 59 7.68115
7430.5 48 6.9282
7431.5 57 7.54983
7432.5 63 7.93725
7433.5 45 6.7082
7434.5 51 7.14143
7435.5 56 7.48331
7436.5 56 7.48331
7437.5 61 7.81025
7438.5 58 7.61577
7439.5 50 7.07107
7440.5 71 8.42615
7441.5 46 6.78233
7442.5 58 7.61577
7443.5 60 7.74597
7444.5 55 7.4162
7445.5 44 6.63325
7446.5 42 6.48074
7447.5 47 6.85565
7448.5 37 6.08276
7449.5 57 7.54983
7450.5 66 8.12404
7451.5 59 7.68115
7452.5 56 7.48331
7453.5 63 7.93725
7454.5 55 7.4162
7455.5 54 7.34847
7456.5 48 6.9282
7457.5 55 7.4162
7458.5 46 6.78233
7459.5 52 7.2111
7460.5 57 7.54983
7461.5 59 7.68115
7462.5 53 7.28011
7463.5 51 7.14143
7464.5 48 6.9282
7465.5 46 6.78233
7466.5 59 7.68115
7467.5 49 7
7468.5 60 7.74597
7469.5 56 7.48331
7470.5 59 7.68115
7471.5 59 7.68115
7472.5 54 7.34847
7473.5 60 7.74597
7474.5 46 6.78233
7475.5 54 7.34847
7476.5 55 7.4162
7477.5 56 7.48331
7478.5 55 7.4162
7479.5 50 7.07107
7480.5 56 7.48331
7481.5 43 6.55744
7482.5 61 7.81025
7483.5 64 8
7484.5 69 8.30662
7485.5 77 8.77496
7486.5 55 7.4162
7487.5 48 6.9282
7488.5 69 8.30662
7489.5 55 7.4162
7490.5 45 6.7082
7491.5 66 8.12404
7492.5 54 7.34847
7493.5 47 6.85565
7494.5 58 7.61577
7495.5 57 7.54983
7496.5 47 6.85565
7497.5 65 8.06226
7498.5 59 7.68115
7499.5 54 7.34847
7500.5 63 7.93725
7501.5 63 7.93725
7502.5 63 7.93725
7503.5 63 7.93725
7504.5 45 6.7082
7505.5 64 8
7506.5 70 8.3666
7507.5 72 8.48528
7508.5 59 7.68115
7509.5 61 7.81025
7510.5 88 9.38083
7511.5 76 8.7178
7512.5 79 8.88819
7513.5 75 8.66025
7514.5 77 8.77496
7515.5 84 9.16515
7516.5 89 9.43398
7517.5 63 7.93725
7518.5 79 8.88819
7519.5 92 9.59166
7520.5 90 9.48683
7521.5 63 7.93725
7522.5 78 8.83176
7523.5 72 8.48528
7524.5 81 9
7525.5 52 7.2111
7526.5 65 8.06226
7527.5 68 8.24621
7528.5 72 8.48528
7529.5 79 8.88819
7530.5 57 7.54983
7531.5 57 7.54983
7532.5 51 7.14143
7533.5 43 6.55744
7534.5 47 6.85565
7535.5 54 7.34847
7536.5 46 6.78233
7537.5 65 8.06226
7538.5 69 8.30662
7539.5 53 7.28011
7540.5 51 7.14143
7541.5 56 7.48331
7542.5 70 8.3666
7543.5 54 7.34847
7544.5 49 7
7545.5 57 7.54983
7546.5 59 7.68115
7547.5 59 7.68115
7548.5 58 7.61577
7549.5 52 7.2111
7550.5 62 7.87401
7551.5 49 7
7552.5 61 7.81025
7553.5 63 7.93725
7554.5 59 7.68115
7555.5 65 8.06226
7556.5 45 6.7082
7557.5 53 7.28011
7558.5 51 7.14143
7559.5 62 7.87401
7560.5 53 7.28011
7561.5 58 7.61577
7562.5 62 7.87401
7563.5 70 8.3666
7564.5 65 8.06226
7565.5 50 7.07107
7566.5 49 7
7567.5 66 8.12404
7568.5 51 7.14143
7569.5 62 7.87401
7570.5 49 7
7571.5 51 7.14143
7572.5 63 7.93725
7573.5 46 6.78233
7574.5 56 7.48331
7575.5 45 6.7082
7576.5 57 7.54983
7577.5 64 8
7578.5 62 7.87401
7579.5 46 6.78233
7580.5 46 6.78233
7581.5 63 7.93725
7582.5 53 7.28011
7583.5 65 8.06226
7584.5 56 7.48331
7585.5 48 6.9282
7586.5 58 7.61577
7587.5 57 7.54983
7588.5 46 6.78233
7589.5 59 7.68115
7590.5 49 7
7591.5 50 7.07107
7592.5 49 7
7593.5 68 8.24621
7594.5 48 6.9282
7595.5 69 8.30662
7596.5 58 7.61577
7597.5 53 7.28011
7598.5 60 7.74597
7599.5 57 7.54983
7600.5 58 7.61577
7601.5 62 7.87401
7602.5 70 8.3666
7603.5 58 7.61577
7604.5 56 7.48331
7605.5 60 7.74597
7606.5 65 8.06226
7607.5 49 7
7608.5 59 7.68115
7609.5 48 6.9282
7610.5 50 7.07107
7611.5 57 7.54983
7612.5 61 7.81025
7613.5 49 7
7614.5 54 7.34847
7615.5 56 7.48331
7616.5 49 7
7617.5 65 8.06226
7618.5 57 7.54983
7619.5 52 7.2111
7620.5 57 7.54983
7621.5 57 7.54983
7622.5 71 8.42615
7623.5 64 8
7624.5 71 8.42615
7625.5 59 7.68115
7626.5 60 7.74597
7627.5 50 7.07107
7628.5 54 7.34847
7629.5 52 7.2111
7630.5 50 7.07107
7631.5 55 7.4162
7632.5 65 8.06226
7633.5 57 7.54983
7634.5 58 7.61577
7635.5 62 7.87401
7636.5 51 7.14143
7637.5 59 7.68115
7638.5 55 7.4162
7639.5 46 6.78233
7640.5 53 7.28011
7641.5 55 7.4162
7642.5 59 7.68115
7643.5 59 7.68115
7644.5 51 7.14143
7645.5 62 7.87401
7646.5 58 7.61577
7647.5 66 8.12404
7648.5 39 6.245
7649.5 56 7.48331
7650.5 76 8.7178
7651.5 60 7.74597
7652.5 55 7.4162
7653.5 38 6.16441
7654.5 49 7
7655.5 64 8
7656.5 51 7.14143
7657.5 60 7.74597
7658.5 46 6.78233
7659.5 56 7.48331
7660.5 56 7.48331
7661.5 47 6.85565
7662.5 51 7.14143
7663.5 60 7.74597
7664.5 59 7.68115
7665.5 54 7.34847
7666.5 69 8.30662
7667.5 41 6.40312
7668.5 55 7.4162
7669.5 58 7.61577
7670.5 66 8.12404
7671.5 69 8.30662
7672.5 61 7.81025
7673.5 68 8.24621
7674.5 52 7.2111
7675.5 67 8.18535
7676.5 57 7.54983
7677.5 73 8.544
7678.5 47 6.85565
7679.5 73 8.544
7680.5 64 8
7681.5 67 8.18535
7682.5 50 7.07107
7683.5 58 7.61577
7684.5 63 7.93725
7685.5 55 7.4162
7686.5 59 7.68115
7687.5 58 7.61577
7688.5 62 7.87401
7689.5 63 7.93725
7690.5 51 7.14143
7691.5 38 6.16441
7692.5 66 8.12404
7693.5 63 7.93725
7694.5 58 7.61577
7695.5 55 7.4162
7696.5 54 7.34847
7697.5 52 7.2111
7698.5 66 8.12404
7699.5 59 7.68115
7700.5 65 8.06226
7701.5 48 6.9282
7702.5 53 7.28011
7703.5 57 7.54983
7704.5 51 7.14143
7705.5 61 7.81025
7706.5 58 7.61577
7707.5 59 7.68115
7708.5 50 7.07107
7709.5 64 8
7710.5 51 7.14143
7711.5 51 7.14143
7712.5 52 7.2111
7713.5 60 7.74597
7714.5 52 7.2111
7715.5 49 7
7716.5 54 7.34847
7717.5 56 7.48331
7718.5 63 7.93725
7719.5 43 6.55744
7720.5 62 7.87401
7721.5 74 8.60233
7722.5 55 7.4162
7723.5 64 8
7724.5 51 7.14143
7725.5 67 8.18535
7726.5 42 6.48074
7727.5 68 8.24621
7728.5 56 7.48331
7729.5 57 7.54983
7730.5 47 6.85565
7731.5 63 7.93725
7732.5 62 7.87401
7733.5 55 7.4162
7734.5 59 7.68115
7735.5 51 7.14143
7736.5 62 7.87401
7737.5 64 8
7738.5 48 6.9282
7739.5 55 7.4162
7740.5 54 7.34847
7741.5 53 7.28011
7742.5 54 7.34847
7743.5 68 8.24621
7744.5 57 7.54983
7745.5 54 7.34847
7746.5 55 7.4162
7747.5 43 6.55744
7748.5 51 7.14143
7749.5 49 7
7750.5 45 6.7082
7751.5 64 8
7752.5 52 7.2111
7753.5 42 6.48074
7754.5 46 6.78233
7755.5 60 7.74597
7756.5 52 7.2111
7757.5 55 7.4162
7758.5 62 7.87401
7759.5 58 7.61577
7760.5 56 7.48331
7761.5 46 6.78233
7762.5 59 7.68115
7763.5 51 7.14143
7764.5 46 6.78233
7765.5 69 8.30662
7766.5 57 7.54983
7767.5 62 7.87401
7768.5 51 7.14143
7769.5 52 7.2111
7770.5 55 7.4162
7771.5 71 8.42615
7772.5 48 6.9282
7773.5 53 7.28011
7774.5 47 6.85565
7775.5 56 7.48331
7776.5 55 7.4162
7777.5 63 7.93725
7778.5 52 7.2111
7779.5 61 7.81025
7780.5 52 7.2111
7781.5 57 7.54983
7782.5 49 7
7783.5 55 7.4162
7784.5 62 7.87401
7785.5 58 7.61577
7786.5 68 8.24621
7787.5 58 7.61577
7788.5 54 7.34847
7789.5 64 8
7790.5 59 7.68115
7791.5 44 6.63325
7792.5 49 7
7793.5 68 8.24621
7794.5 48 6.9282
7795.5 64 8
7796.5 58 7.61577
7797.5 56 7.48331
7798.5 52 7.2111
7799.5 52 7.2111
7800.5 70 8.3666
7801.5 48 6.9282
7802.5 60 7.74597
7803.5 63 7.93725
7804.5 50 7.07107
7805.5 55 7.4162
7806.5 45 6.7082
7807.5 44 6.63325
7808.5 63 7.93725
7809.5 53 7.28011
7810.5 57 7.54983
7811.5 58 7.61577
7812.5 63 7.93725
7813.5 65 8.06226
7814.5 56 7.48331
7815.5 61 7.81025
7816.5 53 7.28011
7817.5 60 7.74597
7818.5 65 8.06226
7819.5 48 6.9282
7820.5 47 6.85565
7821.5 64 8
7822.5 49 7
7823.5 44 6.63325
7824.5 57 7.54983
7825.5 47 6.85565
7826.5 52 7.2111
7827.5 74 8.60233
7828.5 60 7.74597
7829.5 51 7.14143
7830.5 45 6.7082
7831.5 66 8.12404
7832.5 58 7.61577
7833.5 61 7.81025
7834.5 49 7
7835.5 59 7.68115
7836.5 71 8.42615
7837.5 43 6.55744
7838.5 60 7.74597
7839.5 49 7
7840.5 48 6.9282
7841.5 43 6.55744
7842.5 56 7.48331
7843.5 52 7.2111
7844.5 49 7
7845.5 68 8.24621
7846.5 53 7.28011
7847.5 55 7.4162
7848.5 63 7.93725
7849.5 55 7.4162
7850.5 54 7.34847
7851.5 47 6.85565
7852.5 50 7.07107
7853.5 56 7.48331
7854.5 59 7.68115
7855.5 47 6.85565
7856.5 47 6.85565
7857.5 54 7.34847
7858.5 61 7.81025
7859.5 57 7.54983
7860.5 52 7.2111
7861.5 61 7.81025
7862.5 53 7.28011
7863.5 45 6.7082
7864.5 49 7
7865.5 46 6.78233
7866.5 51 7.14143
7867.5 43 6.55744
7868.5 62 7.87401
7869.5 63 7.93725
7870.5 49 7
7871.5 49 7
7872.5 48 6.9282
7873.5 53 7.28011
7874.5 48 6.9282
7875.5 65 8.06226
7876.5 51 7.14143
7877.5 42 6.48074
7878.5 67 8.18535
7879.5 54 7.34847
7880.5 60 7.74597
7881.5 51 7.14143
7882.5 50 7.07107
7883.5 50 7.07107
7884.5 52 7.2111
7885.5 58 7.61577
7886.5 54 7.34847
7887.5 61 7.81025
7888.5 51 7.14143
7889.5 71 8.42615
7890.5 59 7.68115
7891.5 55 7.4162
7892.5 58 7.61577
7893.5 45 6.7082
7894.5 48 6.9282
7895.5 62 7.87401
7896.5 52 7.2111
7897.5 50 7.07107
7898.5 57 7.54983
7899.5 50 7.07107
7900.5 49 7
7901.5 57 7.54983
7902.5 63 7.93725
7903.5 54 7.34847
7904.5 55 7.4162
7905.5 44 6.63325
7906.5 45 6.7082
7907.5 56 7.48331
7908.5 43 6.55744
7909.5 56 7.48331
7910.5 50 7.07107
7911.5 52 7.2111
7912.5 55 7.4162
7913.5 49 7
7914.5 42 6.48074
7915.5 43 6.55744
7916.5 61 7.81025
7917.5 70 8.3666
7918.5 40 6.32456
7919.5 53 7.28011
7920.5 48 6.9282
7921.5 53 7.28011
7922.5 67 8.18535
7923.5 61 7.81025
7924.5 62 7.87401
7925.5 64 8
7926.5 64 8
7927.5 51 7.14143
7928.5 51 7.14143
7929.5 56 7.48331
7930.5 58 7.61577
7931.5 58 7.61577
7932.5 52 7.2111
7933.5 59 7.68115
7934.5 62 7.87401
7935.5 59 7.68115
7936.5 60 7.74597
7937.5 59 7.68115
7938.5 49 7
7939.5 57 7.54983
7940.5 64 8
7941.5 47 6.85565
7942.5 46 6.78233
7943.5 77 8.77496
7944.5 51 7.14143
7945.5 58 7.61577
7946.5 61 7.81025
7947.5 56 7.48331
7948.5 53 7.28011
7949.5 65 8.06226
7950.5 64 8
7951.5 65 8.06226
7952.5 70 8.3666
7953.5 74 8.60233
7954.5 67 8.18535
7955.5 53 7.28011
7956.5 63 7.93725
7957.5 55 7.4162
7958.5 75 8.66025
7959.5 59 7.68115
7960.5 71 8.42615
7961.5 66 8.12404
7962.5 46 6.78233
7963.5 56 7.48331
7964.5 57 7.54983
7965.5 53 7.28011
7966.5 59 7.68115
7967.5 58 7.61577
7968.5 54 7.34847
7969.5 38 6.16441
7970.5 53 7.28011
7971.5 51 7.14143
7972.5 57 7.54983
7973.5 52 7.2111
7974.5 56 7.48331
7975.5 60 7.74597
7976.5 64 8
7977.5 61 7.81025
7978.5 63 7.93725
7979.5 59 7.68115
7980.5 52 7.2111
7981.5 64 8
7982.5 43 6.55744
7983.5 56 7.48331
7984.5 57 7.54983
7985.5 56 7.48331
7986.5 53 7.28011
7987.5 48 6.9282
7988.5 53 7.28011
7989.5 60 7.74597
7990.5 64 8
7991.5 52 7.2111
7992.5 47 6.85565
7993.5 69 8.30662
7994.5 48 6.9282
7995.5 62 7.87401
7996.5 65 8.06226
7997.5 44 6.63325
7998.5 58 7.61577
7999.5 42 6.48074
8000.5 51 7.14143
8001.5 45 6.7082
8002.5 62 7.87401
8003.5 59 7.68115
8004.5 56 7.48331
8005.5 66 8.12404
8006.5 53 7.28011
8007.5 64 8
8008.5 57 7.54983
8009.5 55 7.4162
8010.5 50 7.07107
8011.5 58 7.61577
8012.5 49 7
8013.5 61 7.81025
8014.5 53 7.28011
8015.5 61 7.81025
8016.5 51 7.14143
8017.5 44 6.63325
8018.5 66 8.12404
8019.5 52 7.2111
8020.5 47 6.85565
8021.5 48 6.9282
8022.5 55 7.4162
8023.5 61 7.81025
8024.5 65 8.06226
8025.5 41 6.40312
8026.5 58 7.61577
8027.5 40 6.32456
8028.5 73 8.544
8029.5 59 7.68115
8030.5 52 7.2111
8031.5 60 7.74597
8032.5 64 8
8033.5 49 7
8034.5 56 7.48331
8035.5 52 7.2111
8036.5 49 7
8037.5 55 7.4162
8038.5 54 7.34847
8039.5 47 6.85565
8040.5 64 8
8041.5 67 8.18535
8042.5 62 7.87401
8043.5 52 7.2111
8044.5 43 6.55744
8045.5 61 7.81025
8046.5 55 7.4162
8047.5 67 8.18535
8048.5 52 7.2111
8049.5 48 6.9282
8050.5 49 7
8051.5 67 8.18535
8052.5 67 8.18535
8053.5 67 8.18535
8054.5 55 7.4162
8055.5 68 8.24621
8056.5 54 7.34847
8057.5 54 7.34847
8058.5 57 7.54983
8059.5 57 7.54983
8060.5 49 7
8061.5 50 7.07107
8062.5 41 6.40312
8063.5 49 7
8064.5 55 7.4162
8065.5 62 7.87401
8066.5 66 8.12404
8067.5 54 7.34847
8068.5 51 7.14143
8069.5 50 7.07107
8070.5 52 7.2111
8071.5 68 8.24621
8072.5 68 8.24621
8073.5 63 7.93725
8074.5 56 7.48331
8075.5 48 6.9282
8076.5 50 7.07107
8077.5 82 9.05539
8078.5 46 6.78233
8079.5 66 8.12404
8080.5 45 6.7082
8081.5 66 8.12404
8082.5 62 7.87401
8083.5 51 7.14143
8084.5 55 7.4162
8085.5 48 6.9282
8086.5 65 8.06226
8087.5 59 7.68115
8088.5 54 7.34847
8089.5 55 7.4162
8090.5 60 7.74597
8091.5 59 7.68115
8092.5 54 7.34847
8093.5 53 7.28011
8094.5 41 6.40312
8095.5 54 7.34847
8096.5 51 7.14143
8097.5 49 7
8098.5 53 7.28011
8099.5 53 7.28011
8100.5 52 7.2111
8101.5 47 6.85565
8102.5 54 7.34847
8103.5 55 7.4162
8104.5 75 8.66025
8105.5 57 7.54983
8106.5 42 6.48074
8107.5 56 7.48331
8108.5 54 7.34847
8109.5 53 7.28011
8110.5 49 7
8111.5 63 7.93725
8112.5 56 7.48331
8113.5 51 7.14143
8114.5 58 7.61577
8115.5 59 7.68115
8116.5 60 7.74597
8117.5 56 7.48331
8118.5 58 7.61577
8119.5 64 8
8120.5 54 7.34847
8121.5 56 7.48331
8122.5 68 8.24621
8123.5 56 7.48331
8124.5 47 6.85565
8125.5 53 7.28011
8126.5 68 8.24621
8127.5 76 8.7178
8128.5 46 6.78233
8129.5 57 7.54983
8130.5 61 7.81025
8131.5 55 7.4162
8132.5 57 7.54983
8133.5 67 8.18535
8134.5 64 8
8135.5 56 7.48331
8136.5 52 7.2111
8137.5 53 7.28011
8138.5 48 6.9282
8139.5 62 7.87401
8140.5 49 7
8141.5 49 7
8142.5 61 7.81025
8143.5 61 7.81025
8144.5 53 7.28011
8145.5 59 7.68115
8146.5 48 6.9282
8147.5 47 6.85565
8148.5 58 7.61577
8149.5 50 7.07107
8150.5 54 7.34847
8151.5 65 8.06226
8152.5 60 7.74597
8153.5 63 7.93725
8154.5 55 7.4162
8155.5 61 7.81025
8156.5 55 7.4162
8157.5 55 7.4162
8158.5 63 7.93725
8159.5 41 6.40312
8160.5 57 7.54983
8161.5 50 7.07107
8162.5 63 7.93725
8163.5 63 7.93725
8164.5 66 8.12404
8165.5 63 7.93725
8166.5 53 7.28011
8167.5 64 8
8168.5 66 8.12404
8169.5 51 7.14143
8170.5 48 6.9282
8171.5 55 7.4162
8172.5 57 7.54983
8173.5 45 6.7082
8174.5 62 7.87401
8175.5 49 7
8176.5 48 6.9282
8177.5 53 7.28011
8178.5 56 7.48331
8179.5 57 7.54983
8180.5 63 7.93725
8181.5 55 7.4162
8182.5 50 7.07107
8183.5 53 7.28011
8184.5 53 7.28011
8185.5 60 7.74597
8186.5 64 8
8187.5 58 7.61577
8188.5 65 8.06226
8189.5 71 8.42615
8190.5 62 7.87401
8191.5 52 7.2111
8192.5 69 8.30662
8193.5 63 7.93725
8194.5 49 7
8195.5 66 8.12404
8196.5 70 8.3666
8197.5 50 7.07107
8198.5 53 7.28011
8199.5 48 6.9282
8200.5 60 7.74597
8201.5 52 7.2111
8202.5 61 7.81025
8203.5 44 6.63325
8204.5 52 7.2111
8205.5 60 7.74597
8206.5 55 7.4162
8207.5 42 6.48074
8208.5 59 7.68115
8209.5 70 8.3666
8210.5 39 6.245
8211.5 62 7.87401
8212.5 58 7.61577
8213.5 48 6.9282
8214.5 72 8.48528
8215.5 54 7.34847
8216.5 55 7.4162
8217.5 60 7.74597
8218.5 60 7.74597
8219.5 51 7.14143
8220.5 65 8.06226
8221.5 50 7.07107
8222.5 62 7.87401
8223.5 52 7.2111
8224.5 61 7.81025
8225.5 56 7.48331
8226.5 37 6.08276
8227.5 55 7.4162
8228.5 56 7.48331
8229.5 67 8.18535
8230.5 61 7.81025
8231.5 44 6.63325
8232.5 56 7.48331
8233.5 57 7.54983
8234.5 69 8.30662
8235.5 79 8.88819
8236.5 56 7.48331
8237.5 64 8
8238.5 62 7.87401
8239.5 51 7.14143
8240.5 63 7.93725
8241.5 44 6.63325
8242.5 56 7.48331
8243.5 79 8.88819
8244.5 49 7
8245.5 57 7.54983
8246.5 47 6.85565
8247.5 68 8.24621
8248.5 71 8.42615
8249.5 59 7.68115
8250.5 58 7.61577
8251.5 60 7.74597
8252.5 53 7.28011
8253.5 51 7.14143
8254.5 63 7.93725
8255.5 52 7.2111
8256.5 72 8.48528
8257.5 56 7.48331
8258.5 51 7.14143
8259.5 46 6.78233
8260.5 57 7.54983
8261.5 70 8.3666
8262.5 66 8.12404
8263.5 52 7.2111
8264.5 64 8
8265.5 51 7.14143
8266.5 68 8.24621
8267.5 64 8
8268.5 52 7.2111
8269.5 57 7.54983
8270.5 60 7.74597
8271.5 50 7.07107
8272.5 53 7.28011
8273.5 82 9.05539
8274.5 68 8.24621
8275.5 63 7.93725
8276.5 67 8.18535
8277.5 50 7.07107
8278.5 62 7.87401
8279.5 61 7.81025
8280.5 55 7.4162
8281.5 66 8.12404
8282.5 52 7.2111
8283.5 49 7
8284.5 63 7.93725
8285.5 56 7.48331
8286.5 55 7.4162
8287.5 48 6.9282
8288.5 55 7.4162
8289.5 78 8.83176
8290.5 54 7.34847
8291.5 50 7.07107
8292.5 56 7.48331
8293.5 59 7.68115
8294.5 55 7.4162
8295.5 64 8
8296.5 61 7.81025
8297.5 52 7.2111
8298.5 70 8.3666
8299.5 52 7.2111
8300.5 57 7.54983
8301.5 51 7.14143
8302.5 67 8.18535
8303.5 50 7.07107
8304.5 61 7.81025
8305.5 57 7.54983
8306.5 67 8.18535
8307.5 61 7.81025
8308.5 61 7.81025
8309.5 75 8.66025
8310.5 56 7.48331
8311.5 56 7.48331
8312.5 55 7.4162
8313.5 70 8.3666
8314.5 69 8.30662
8315.5 62 7.87401
8316.5 60 7.74597
8317.5 62 7.87401
8318.5 45 6.7082
8319.5 62 7.87401
8320.5 55 7.4162
8321.5 57 7.54983
8322.5 65 8.06226
8323.5 64 8
8324.5 57 7.54983
8325.5 52 7.2111
8326.5 44 6.63325
8327.5 62 7.87401
8328.5 54 7.34847
8329.5 71 8.42615
8330.5 72 8.48528
8331.5 54 7.34847
8332.5 68 8.24621
8333.5 55 7.4162
8334.5 56 7.48331
8335.5 57 7.54983
8336.5 54 7.34847
8337.5 57 7.54983
8338.5 65 8.06226
8339.5 60 7.74597
8340.5 67 8.18535
8341.5 62 7.87401
8342.5 50 7.07107
8343.5 45 6.7082
8344.5 48 6.9282
8345.5 61 7.81025
8346.5 48 6.9282
8347.5 51 7.14143
8348.5 75 8.66025
8349.5 45 6.7082
8350.5 53 7.28011
8351.5 58 7.61577
8352.5 33 5.74456
8353.5 54 7.34847
8354.5 68 8.24621
8355.5 89 9.43398
8356.5 55 7.4162
8357.5 63 7.93725
8358.5 61 7.81025
8359.5 51 7.14143
8360.5 47 6.85565
8361.5 65 8.06226
8362.5 55 7.4162
8363.5 66 8.12404
8364.5 68 8.24621
8365.5 65 8.06226
8366.5 63 7.93725
8367.5 46 6.78233
8368.5 45 6.7082
8369.5 62 7.87401
8370.5 59 7.68115
8371.5 60 7.74597
8372.5 57 7.54983
8373.5 49 7
8374.5 49 7
8375.5 68 8.24621
8376.5 50 7.07107
8377.5 52 7.2111
8378.5 60 7.74597
8379.5 43 6.55744
8380.5 54 7.34847
8381.5 61 7.81025
8382.5 52 7.2111
8383.5 36 6
8384.5 55 7.4162
8385.5 69 8.30662
8386.5 72 8.48528
8387.5 59 7.68115
8388.5 53 7.28011
8389.5 70 8.3666
8390.5 60 7.74597
8391.5 64 8
8392.5 67 8.18535
8393.5 55 7.4162
8394.5 66 8.12404
8395.5 42 6.48074
8396.5 53 7.28011
8397.5 57 7.54983
8398.5 59 7.68115
8399.5 63 7.93725
8400.5 67 8.18535
8401.5 53 7.28011
8402.5 72 8.48528
8403.5 76 8.7178
8404.5 65 8.06226
8405.5 52 7.2111
8406.5 55 7.4162
8407.5 59 7.68115
8408.5 62 7.87401
8409.5 63 7.93725
8410.5 64 8
8411.5 70 8.3666
8412.5 62 7.87401
8413.5 60 7.74597
8414.5 53 7.28011
8415.5 71 8.42615
8416.5 52 7.2111
8417.5 49 7
8418.5 62 7.87401
8419.5 56 7.48331
8420.5 64 8
8421.5 57 7.54983
8422.5 64 8
8423.5 49 7
8424.5 66 8.12404
8425.5 51 7.14143
8426.5 60 7.74597
8427.5 59 7.68115
8428.5 47 6.85565
8429.5 52 7.2111
8430.5 65 8.06226
8431.5 71 8.42615
8432.5 48 6.9282
8433.5 49 7
8434.5 60 7.74597
8435.5 50 7.07107
8436.5 56 7.48331
8437.5 52 7.2111
8438.5 80 8.94427
8439.5 63 7.93725
8440.5 56 7.48331
8441.5 73 8.544
8442.5 59 7.68115
8443.5 52 7.2111
8444.5 52 7.2111
8445.5 52 7.2111
8446.5 47 6.85565
8447.5 68 8.24621
8448.5 62 7.87401
8449.5 54 7.34847
8450.5 54 7.34847
8451.5 64 8
8452.5 58 7.61577
8453.5 63 7.93725
8454.5 47 6.85565
8455.5 64 8
8456.5 62 7.87401
8457.5 59 7.68115
8458.5 75 8.66025
8459.5 60 7.74597
8460.5 58 7.61577
8461.5 78 8.83176
8462.5 61 7.81025
8463.5 69 8.30662
8464.5 67 8.18535
8465.5 57 7.54983
8466.5 52 7.2111
8467.5 74 8.60233
8468.5 57 7.54983
8469.5 61 7.81025
8470.5 50 7.07107
8471.5 78 8.83176
8472.5 54 7.34847
8473.5 55 7.4162
8474.5 52 7.2111
8475.5 58 7.61577
8476.5 71 8.42615
8477.5 65 8.06226
8478.5 55 7.4162
8479.5 72 8.48528
8480.5 65 8.06226
8481.5 56 7.48331
8482.5 42 6.48074
8483.5 48 6.9282
8484.5 67 8.18535
8485.5 59 7.68115
8486.5 61 7.81025
8487.5 57 7.54983
8488.5 84 9.16515
8489.5 65 8.06226
8490.5 49 7
8491.5 62 7.87401
8492.5 55 7.4162
8493.5 53 7.28011
8494.5 78 8.83176
8495.5 64 8
8496.5 63 7.93725
8497.5 76 8.7178
8498.5 57 7.54983
8499.5 59 7.68115
8500.5 65 8.06226
8501.5 65 8.06226
8502.5 56 7.48331
8503.5 72 8.48528
8504.5 72 8.48528
8505.5 65 8.06226
8506.5 72 8.48528
8507.5 63 7.93725
8508.5 57 7.54983
8509.5 58 7.61577
8510.5 64 8
8511.5 68 8.24621
8512.5 75 8.66025
8513.5 51 7.14143
8514.5 80 8.94427
8515.5 69 8.30662
8516.5 62 7.87401
8517.5 60 7.74597
8518.5 63 7.93725
8519.5 72 8.48528
8520.5 58 7.61577
8521.5 53 7.28011
8522.5 61 7.81025
8523.5 64 8
8524.5 57 7.54983
8525.5 56 7.48331
8526.5 68 8.24621
8527.5 45 6.7082
8528.5 57 7.54983
8529.5 61 7.81025
8530.5 69 8.30662
8531.5 69 8.30662
8532.5 62 7.87401
8533.5 59 7.68115
8534.5 65 8.06226
8535.5 60 7.74597
8536.5 51 7.14143
8537.5 59 7.68115
8538.5 63 7.93725
8539.5 53 7.28011
8540.5 56 7.48331
8541.5 58 7.61577
8542.5 62 7.87401
8543.5 68 8.24621
8544.5 64 8
8545.5 52 7.2111
8546.5 71 8.42615
8547.5 66 8.12404
8548.5 64 8
8549.5 65 8.06226
8550.5 59 7.68115
8551.5 74 8.60233
8552.5 76 8.7178
8553.5 53 7.28011
8554.5 67 8.18535
8555.5 66 8.12404
8556.5 58 7.61577
8557.5 72 8.48528
8558.5 71 8.42615
8559.5 65 8.06226
8560.5 53 7.28011
8561.5 61 7.81025
8562.5 66 8.12404
8563.5 63 7.93725
8564.5 60 7.74597
8565.5 67 8.18535
8566.5 66 8.12404
8567.5 61 7.81025
8568.5 56 7.48331
8569.5 70 8.3666
8570.5 58 7.61577
8571.5 64 8
8572.5 58 7.61577
8573.5 60 7.74597
8574.5 75 8.66025
8575.5 55 7.4162
8576.5 66 8.12404
8577.5 64 8
8578.5 56 7.48331
8579.5 56 7.48331
8580.5 67 8.18535
8581.5 75 8.66025
8582.5 61 7.81025
8583.5 70 8.3666
8584.5 65 8.06226
8585.5 60 7.74597
8586.5 61 7.81025
8587.5 55 7.4162
8588.5 58 7.61577
8589.5 64 8
8590.5 66 8.12404
8591.5 68 8.24621
8592.5 51 7.14143
8593.5 66 8.12404
8594.5 67 8.18535
8595.5 53 7.28011
8596.5 44 6.63325
8597.5 62 7.87401
8598.5 61 7.81025
8599.5 53 7.28011
8600.5 44 6.63325
8601.5 62 7.87401
8602.5 60 7.74597
8603.5 66 8.12404
8604.5 67 8.18535
8605.5 55 7.4162
8606.5 61 7.81025
8607.5 61 7.81025
8608.5 64 8
8609.5 71 8.42615
8610.5 68 8.24621
8611.5 48 6.9282
8612.5 65 8.06226
8613.5 67 8.18535
8614.5 59 7.68115
8615.5 66 8.12404
8616.5 66 8.12404
8617.5 72 8.48528
8618.5 50 7.07107
8619.5 64 8
8620.5 66 8.12404
8621.5 64 8
8622.5 66 8.12404
8623.5 73 8.544
8624.5 58 7.61577
8625.5 63 7.93725
8626.5 66 8.12404
8627.5 72 8.48528
8628.5 62 7.87401
8629.5 55 7.4162
8630.5 56 7.48331
8631.5 67 8.18535
8632.5 63 7.93725
8633.5 67 8.18535
8634.5 60 7.74597
8635.5 67 8.18535
8636.5 54 7.34847
8637.5 68 8.24621
8638.5 71 8.42615
8639.5 71 8.42615
8640.5 65 8.06226
8641.5 59 7.68115
8642.5 65 8.06226
8643.5 57 7.54983
8644.5 69 8.30662
8645.5 65 8.06226
8646.5 71 8.42615
8647.5 58 7.61577
8648.5 62 7.87401
8649.5 80 8.94427
8650.5 75 8.66025
8651.5 63 7.93725
8652.5 63 7.93725
8653.5 56 7.48331
8654.5 73 8.544
8655.5 66 8.12404
8656.5 47 6.85565
8657.5 53 7.28011
8658.5 76 8.7178
8659.5 63 7.93725
8660.5 66 8.12404
8661.5 60 7.74597
8662.5 72 8.48528
8663.5 76 8.7178
8664.5 69 8.30662
8665.5 76 8.7178
8666.5 72 8.48528
8667.5 72 8.48528
8668.5 66 8.12404
8669.5 74 8.60233
8670.5 75 8.66025
8671.5 70 8.3666
8672.5 61 7.81025
8673.5 65 8.06226
8674.5 69 8.30662
8675.5 67 8.18535
8676.5 82 9.05539
8677.5 77 8.77496
8678.5 75 8.66025
8679.5 79 8.88819
8680.5 90 9.48683
8681.5 91 9.53939
8682.5 88 9.38083
8683.5 85 9.21954
8684.5 89 9.43398
8685.5 83 9.11043
8686.5 99 9.94987
8687.5 96 9.79796
8688.5 105 10.247
8689.5 116 10.7703
8690.5 106 10.2956
8691.5 129 11.3578
8692.5 138 11.7473
8693.5 140 11.8322
8694.5 163 12.7671
8695.5 149 12.2066
8696.5 164 12.8062
8697.5 193 13.8924
8698.5 152 12.3288
8699.5 227 15.0665
8700.5 234 15.2971
8701.5 217 14.7309
8702.5 210 14.4914
8703.5 227 15.0665
8704.5 211 14.5258
8705.5 213 14.5945
8706.5 209 14.4568
8707.5 212 14.5602
8708.5 214 14.6287
8709.5 203 14.2478
8710.5 217 14.7309
8711.5 167 12.9228
8712.5 172 13.1149
8713.5 164 12.8062
8714.5 156 12.49
8715.5 161 12.6886
8716.5 126 11.225
8717.5 129 11.3578
8718.5 117 10.8167
8719.5 97 9.84886
8720.5 100 10
8721.5 92 9.59166
8722.5 107 10.3441
8723.5 91 9.53939
8724.5 64 8
8725.5 84 9.16515
8726.5 76 8.7178
8727.5 74 8.60233
8728.5 71 8.42615
8729.5 73 8.544
8730.5 76 8.7178
8731.5 52 7.2111
8732.5 74 8.60233
8733.5 68 8.24621
8734.5 74 8.60233
8735.5 64 8
8736.5 77 8.77496
8737.5 70 8.3666
8738.5 72 8.48528
8739.5 77 8.77496
8740.5 68 8.24621
8741.5 71 8.42615
8742.5 81 9
8743.5 64 8
8744.5 80 8.94427
8745.5 80 8.94427
8746.5 93 9.64365
8747.5 76 8.7178
8748.5 62 7.87401
8749.5 58 7.61577
8750.5 63 7.93725
8751.5 72 8.48528
8752.5 59 7.68115
8753.5 83 9.11043
8754.5 55 7.4162
8755.5 65 8.06226
8756.5 73 8.544
8757.5 59 7.68115
8758.5 56 7.48331
8759.5 57 7.54983
8760.5 56 7.48331
8761.5 62 7.87401
8762.5 63 7.93725
8763.5 60 7.74597
8764.5 66 8.12404
8765.5 57 7.54983
8766.5 62 7.87401
8767.5 59 7.68115
8768.5 61 7.81025
8769.5 67 8.18535
8770.5 72 8.48528
8771.5 64 8
8772.5 71 8.42615
8773.5 66 8.12404
8774.5 55 7.4162
8775.5 66 8.12404
8776.5 70 8.3666
8777.5 62 7.87401
8778.5 73 8.544
8779.5 54 7.34847
8780.5 68 8.24621
8781.5 59 7.68115
8782.5 83 9.11043
8783.5 86 9.27362
8784.5 69 8.30662
8785.5 83 9.11043
8786.5 70 8.3666
8787.5 64 8
8788.5 64 8
8789.5 68 8.24621
8790.5 77 8.77496
8791.5 71 8.42615
8792.5 65 8.06226
8793.5 72 8.48528
8794.5 73 8.544
8795.5 67 8.18535
8796.5 67 8.18535
8797.5 72 8.48528
8798.5 63 7.93725
8799.5 76 8.7178
8800.5 66 8.12404
8801.5 63 7.93725
8802.5 86 9.27362
8803.5 70 8.3666
8804.5 73 8.544
8805.5 65 8.06226
8806.5 70 8.3666
8807.5 42 6.48074
8808.5 79 8.88819
8809.5 64 8
8810.5 76 8.7178
8811.5 52 7.2111
8812.5 71 8.42615
8813.5 71 8.42615
8814.5 69 8.30662
8815.5 71 8.42615
8816.5 66 8.12404
8817.5 72 8.48528
8818.5 64 8
8819.5 55 7.4162
8820.5 73 8.544
8821.5 68 8.24621
8822.5 75 8.66025
8823.5 59 7.68115
8824.5 76 8.7178
8825.5 71 8.42615
8826.5 63 7.93725
8827.5 56 7.48331
8828.5 64 8
8829.5 69 8.30662
8830.5 60 7.74597
8831.5 71 8.42615
8832.5 67 8.18535
8833.5 76 8.7178
8834.5 66 8.12404
8835.5 68 8.24621
8836.5 73 8.544
8837.5 52 7.2111
8838.5 64 8
8839.5 74 8.60233
8840.5 84 9.16515
8841.5 68 8.24621
8842.5 72 8.48528
8843.5 74 8.60233
8844.5 64 8
8845.5 65 8.06226
8846.5 77 8.77496
8847.5 68 8.24621
8848.5 51 7.14143
8849.5 63 7.93725
8850.5 71 8.42615
8851.5 70 8.3666
8852.5 56 7.48331
8853.5 78 8.83176
8854.5 68 8.24621
8855.5 67 8.18535
8856.5 54 7.34847
8857.5 60 7.74597
8858.5 62 7.87401
8859.5 69 8.30662
8860.5 52 7.2111
8861.5 79 8.88819
8862.5 79 8.88819
8863.5 67 8.18535
8864.5 52 7.2111
8865.5 77 8.77496
8866.5 67 8.18535
8867.5 59 7.68115
8868.5 62 7.87401
8869.5 65 8.06226
8870.5 74 8.60233
8871.5 68 8.24621
8872.5 82 9.05539
8873.5 62 7.87401
8874.5 70 8.3666
8875.5 56 7.48331
8876.5 73 8.544
8877.5 68 8.24621
8878.5 85 9.21954
8879.5 60 7.74597
8880.5 68 8.24621
8881.5 62 7.87401
8882.5 59 7.68115
8883.5 74 8.60233
8884.5 65 8.06226
8885.5 66 8.12404
8886.5 60 7.74597
8887.5 66 8.12404
8888.5 76 8.7178
8889.5 57 7.54983
8890.5 67 8.18535
8891.5 69 8.30662
8892.5 64 8
8893.5 74 8.60233
8894.5 59 7.68115
8895.5 64 8
8896.5 76 8.7178
8897.5 61 7.81025
8898.5 71 8.42615
8899.5 70 8.3666
8900.5 67 8.18535
8901.5 69 8.30662
8902.5 68 8.24621
8903.5 65 8.06226
8904.5 72 8.48528
8905.5 63 7.93725
8906.5 81 9
8907.5 80 8.94427
8908.5 71 8.42615
8909.5 67 8.18535
8910.5 68 8.24621
8911.5 67 8.18535
8912.5 77 8.77496
8913.5 65 8.06226
8914.5 77 8.77496
8915.5 67 8.18535
8916.5 63 7.93725
8917.5 86 9.27362
8918.5 73 8.544
8919.5 58 7.61577
8920.5 71 8.42615
8921.5 82 9.05539
8922.5 71 8.42615
8923.5 77 8.77496
8924.5 74 8.60233
8925.5 58 7.61577
8926.5 69 8.30662
8927.5 65 8.06226
8928.5 56 7.48331
8929.5 62 7.87401
8930.5 62 7.87401
8931.5 68 8.24621
8932.5 72 8.48528
8933.5 72 8.48528
8934.5 73 8.544
8935.5 59 7.68115
8936.5 78 8.83176
8937.5 65 8.06226
8938.5 64 8
8939.5 58 7.61577
8940.5 69 8.30662
8941.5 78 8.83176
8942.5 73 8.544
8943.5 67 8.18535
8944.5 67 8.18535
8945.5 59 7.68115
8946.5 64 8
8947.5 78 8.83176
8948.5 68 8.24621
8949.5 64 8
8950.5 68 8.24621
8951.5 71 8.42615
8952.5 45 6.7082
8953.5 61 7.81025
8954.5 72 8.48528
8955.5 67 8.18535
8956.5 66 8.12404
8957.5 69 8.30662
8958.5 68 8.24621
8959.5 76 8.7178
8960.5 56 7.48331
8961.5 78 8.83176
8962.5 73 8.544
8963.5 63 7.93725
8964.5 62 7.87401
8965.5 67 8.18535
8966.5 71 8.42615
8967.5 70 8.3666
8968.5 63 7.93725
8969.5 63 7.93725
8970.5 68 8.24621
8971.5 83 9.11043
8972.5 76 8.7178
8973.5 76 8.7178
8974.5 67 8.18535
8975.5 70 8.3666
8976.5 63 7.93725
8977.5 79 8.88819
8978.5 72 8.48528
8979.5 73 8.544
8980.5 71 8.42615
8981.5 83 9.11043
8982.5 62 7.87401
8983.5 73 8.544
8984.5 85 9.21954
8985.5 80 8.94427
8986.5 71 8.42615
8987.5 63 7.93725
8988.5 74 8.60233
8989.5 63 7.93725
8990.5 55 7.4162
8991.5 70 8.3666
8992.5 70 8.3666
8993.5 68 8.24621
8994.5 56 7.48331
8995.5 62 7.87401
8996.5 69 8.30662
8997.5 73 8.544
8998.5 75 8.66025
8999.5 90 9.48683
9000.5 82 9.05539
9001.5 65 8.06226
9002.5 86 9.27362
9003.5 76 8.7178
9004.5 79 8.88819
9005.5 71 8.42615
9006.5 79 8.88819
9007.5 74 8.60233
9008.5 74 8.60233
9009.5 73 8.544
9010.5 61 7.81025
9011.5 84 9.16515
9012.5 91 9.53939
9013.5 64 8
9014.5 83 9.11043
9015.5 93 9.64365
9016.5 89 9.43398
9017.5 86 9.27362
9018.5 89 9.43398
9019.5 98 9.89949
9020.5 88 9.38083
9021.5 93 9.64365
9022.5 89 9.43398
9023.5 95 9.74679
9024.5 82 9.05539
9025.5 71 8.42615
9026.5 77 8.77496
9027.5 79 8.88819
9028.5 77 8.77496
9029.5 70 8.3666
9030.5 55 7.4162
9031.5 76 8.7178
9032.5 67 8.18535
9033.5 75 8.66025
9034.5 71 8.42615
9035.5 68 8.24621
9036.5 80 8.94427
9037.5 77 8.77496
9038.5 60 7.74597
9039.5 67 8.18535
9040.5 72 8.48528
9041.5 69 8.30662
9042.5 79 8.88819
9043.5 60 7.74597
9044.5 72 8.48528
9045.5 63 7.93725
9046.5 74 8.60233
9047.5 73 8.544
9048.5 69 8.30662
9049.5 72 8.48528
9050.5 70 8.3666
9051.5 63 7.93725
9052.5 68 8.24621
9053.5 69 8.30662
9054.5 62 7.87401
9055.5 54 7.34847
9056.5 64 8
9057.5 68 8.24621
9058.5 74 8.60233
9059.5 68 8.24621
9060.5 61 7.81025
9061.5 76 8.7178
9062.5 62 7.87401
9063.5 68 8.24621
9064.5 61 7.81025
9065.5 57 7.54983
9066.5 67 8.18535
9067.5 64 8
9068.5 59 7.68115
9069.5 67 8.18535
9070.5 62 7.87401
9071.5 62 7.87401
9072.5 72 8.48528
9073.5 56 7.48331
9074.5 65 8.06226
9075.5 71 8.42615
9076.5 74 8.60233
9077.5 70 8.3666
9078.5 79 8.88819
9079.5 71 8.42615
9080.5 51 7.14143
9081.5 61 7.81025
9082.5 72 8.48528
9083.5 69 8.30662
9084.5 77 8.77496
9085.5 73 8.544
9086.5 75 8.66025
9087.5 75 8.66025
9088.5 69 8.30662
9089.5 66 8.12404
9090.5 70 8.3666
9091.5 66 8.12404
9092.5 79 8.88819
9093.5 76 8.7178
9094.5 75 8.66025
9095.5 68 8.24621
9096.5 79 8.88819
9097.5 76 8.7178
9098.5 68 8.24621
9099.5 74 8.60233
9100.5 77 8.77496
9101.5 72 8.48528
9102.5 76 8.7178
9103.5 66 8.12404
9104.5 69 8.30662
9105.5 66 8.12404
9106.5 68 8.24621
9107.5 74 8.60233
9108.5 66 8.12404
9109.5 78 8.83176
9110.5 75 8.66025
9111.5 71 8.42615
9112.5 69 8.30662
9113.5 70 8.3666
9114.5 77 8.77496
9115.5 60 7.74597
9116.5 71 8.42615
9117.5 79 8.88819
9118.5 71 8.42615
9119.5 77 8.77496
9120.5 76 8.7178
9121.5 72 8.48528
9122.5 87 9.32738
9123.5 73 8.544
9124.5 75 8.66025
9125.5 67 8.18535
9126.5 80 8.94427
9127.5 75 8.66025
9128.5 87 9.32738
9129.5 68 8.24621
9130.5 75 8.66025
9131.5 66 8.12404
9132.5 82 9.05539
9133.5 82 9.05539
9134.5 73 8.544
9135.5 83 9.11043
9136.5 60 7.74597
9137.5 69 8.30662
9138.5 69 8.30662
9139.5 67 8.18535
9140.5 85 9.21954
9141.5 73 8.544
9142.5 67 8.18535
9143.5 73 8.544
9144.5 71 8.42615
9145.5 76 8.7178
9146.5 74 8.60233
9147.5 60 7.74597
9148.5 85 9.21954
9149.5 78 8.83176
9150.5 71 8.42615
9151.5 70 8.3666
9152.5 74 8.60233
9153.5 65 8.06226
9154.5 81 9
9155.5 50 7.07107
9156.5 68 8.24621
9157.5 65 8.06226
9158.5 63 7.93725
9159.5 67 8.18535
9160.5 71 8.42615
9161.5 71 8.42615
9162.5 75 8.66025
9163.5 71 8.42615
9164.5 58 7.61577
9165.5 67 8.18535
9166.5 77 8.77496
9167.5 77 8.77496
9168.5 77 8.77496
9169.5 67 8.18535
9170.5 85 9.21954
9171.5 75 8.66025
9172.5 86 9.27362
9173.5 75 8.66025
9174.5 71 8.42615
9175.5 79 8.88819
9176.5 78 8.83176
9177.5 73 8.544
9178.5 72 8.48528
9179.5 60 7.74597
9180.5 59 7.68115
9181.5 79 8.88819
9182.5 71 8.42615
9183.5 52 7.2111
9184.5 76 8.7178
9185.5 73 8.544
9186.5 67 8.18535
9187.5 69 8.30662
9188.5 86 9.27362
9189.5 85 9.21954
9190.5 61 7.81025
9191.5 73 8.544
9192.5 71 8.42615
9193.5 100 10
9194.5 75 8.66025
9195.5 84 9.16515
9196.5 76 8.7178
9197.5 73 8.544
9198.5 69 8.30662
9199.5 87 9.32738
9200.5 69 8.30662
9201.5 85 9.21954
9202.5 75 8.66025
9203.5 83 9.11043
9204.5 86 9.27362
9205.5 72 8.48528
9206.5 73 8.544
9207.5 67 8.18535
9208.5 70 8.3666
9209.5 88 9.38083
9210.5 89 9.43398
9211.5 69 8.30662
9212.5 79 8.88819
9213.5 69 8.30662
9214.5 85 9.21954
9215.5 76 8.7178
9216.5 66 8.12404
9217.5 72 8.48528
9218.5 84 9.16515
9219.5 76 8.7178
9220.5 83 9.11043
9221.5 72 8.48528
9222.5 78 8.83176
9223.5 80 8.94427
9224.5 73 8.544
9225.5 83 9.11043
9226.5 81 9
9227.5 81 9
9228.5 78 8.83176
9229.5 74 8.60233
9230.5 90 9.48683
9231.5 98 9.89949
9232.5 67 8.18535
9233.5 61 7.81025
9234.5 94 9.69536
9235.5 73 8.544
9236.5 79 8.88819
9237.5 76 8.7178
9238.5 74 8.60233
9239.5 75 8.66025
9240.5 78 8.83176
9241.5 69 8.30662
9242.5 77 8.77496
9243.5 76 8.7178
9244.5 73 8.544
9245.5 63 7.93725
9246.5 65 8.06226
9247.5 73 8.544
9248.5 78 8.83176
9249.5 75 8.66025
9250.5 78 8.83176
9251.5 77 8.77496
9252.5 72 8.48528
9253.5 67 8.18535
9254.5 69 8.30662
9255.5 89 9.43398
9256.5 81 9
9257.5 74 8.60233
9258.5 76 8.7178
9259.5 88 9.38083
9260.5 69 8.30662
9261.5 67 8.18535
9262.5 81 9
9263.5 59 7.68115
9264.5 64 8
9265.5 89 9.43398
9266.5 78 8.83176
9267.5 87 9.32738
9268.5 74 8.60233
9269.5 78 8.83176
9270.5 67 8.18535
9271.5 69 8.30662
9272.5 81 9
9273.5 80 8.94427
9274.5 90 9.48683
9275.5 82 9.05539
9276.5 83 9.11043
9277.5 68 8.24621
9278.5 76 8.7178
9279.5 83 9.11043
9280.5 86 9.27362
9281.5 69 8.30662
9282.5 72 8.48528
9283.5 75 8.66025
9284.5 70 8.3666
9285.5 82 9.05539
9286.5 73 8.544
9287.5 73 8.544
9288.5 77 8.77496
9289.5 75 8.66025
9290.5 91 9.53939
9291.5 79 8.88819
9292.5 70 8.3666
9293.5 92 9.59166
9294.5 83 9.11043
9295.5 81 9
9296.5 75 8.66025
9297.5 73 8.544
9298.5 87 9.32738
9299.5 66 8.12404
9300.5 88 9.38083
9301.5 77 8.77496
9302.5 62 7.87401
9303.5 84 9.16515
9304.5 68 8.24621
9305.5 73 8.544
9306.5 62 7.87401
9307.5 77 8.77496
9308.5 67 8.18535
9309.5 75 8.66025
9310.5 62 7.87401
9311.5 70 8.3666
9312.5 98 9.89949
9313.5 87 9.32738
9314.5 83 9.11043
9315.5 88 9.38083
9316.5 88 9.38083
9317.5 61 7.81025
9318.5 84 9.16515
9319.5 90 9.48683
9320.5 74 8.60233
9321.5 75 8.66025
9322.5 73 8.544
9323.5 73 8.544
9324.5 80 8.94427
9325.5 67 8.18535
9326.5 62 7.87401
9327.5 84 9.16515
9328.5 89 9.43398
9329.5 78 8.83176
9330.5 84 9.16515
9331.5 72 8.48528
9332.5 71 8.42615
9333.5 77 8.77496
9334.5 79 8.88819
9335.5 75 8.66025
9336.5 77 8.77496
9337.5 57 7.54983
9338.5 88 9.38083
9339.5 78 8.83176
9340.5 78 8.83176
9341.5 87 9.32738
9342.5 77 8.77496
9343.5 71 8.42615
9344.5 89 9.43398
9345.5 79 8.88819
9346.5 74 8.60233
9347.5 66 8.12404
9348.5 76 8.7178
9349.5 75 8.66025
9350.5 80 8.94427
9351.5 80 8.94427
9352.5 77 8.77496
9353.5 72 8.48528
9354.5 63 7.93725
9355.5 89 9.43398
9356.5 81 9
9357.5 81 9
9358.5 96 9.79796
9359.5 80 8.94427
9360.5 73 8.544
9361.5 74 8.60233
9362.5 96 9.79796
9363.5 77 8.77496
9364.5 85 9.21954
9365.5 92 9.59166
9366.5 85 9.21954
9367.5 62 7.87401
9368.5 85 9.21954
9369.5 71 8.42615
9370.5 59 7.68115
9371.5 87 9.32738
9372.5 82 9.05539
9373.5 55 7.4162
9374.5 94 9.69536
9375.5 76 8.7178
9376.5 71 8.42615
9377.5 92 9.59166
9378.5 82 9.05539
9379.5 91 9.53939
9380.5 83 9.11043
9381.5 78 8.83176
9382.5 64 8
9383.5 81 9
9384.5 81 9
9385.5 71 8.42615
9386.5 75 8.66025
9387.5 85 9.21954
9388.5 74 8.60233
9389.5 97 9.84886
9390.5 69 8.30662
9391.5 85 9.21954
9392.5 73 8.544
9393.5 80 8.94427
9394.5 84 9.16515
9395.5 84 9.16515
9396.5 79 8.88819
9397.5 67 8.18535
9398.5 76 8.7178
9399.5 77 8.77496
9400.5 88 9.38083
9401.5 77 8.77496
9402.5 86 9.27362
9403.5 78 8.83176
9404.5 97 9.84886
9405.5 72 8.48528
9406.5 77 8.77496
9407.5 86 9.27362
9408.5 95 9.74679
9409.5 81 9
9410.5 81 9
9411.5 87 9.32738
9412.5 84 9.16515
9413.5 84 9.16515
9414.5 63 7.93725
9415.5 87 9.32738
9416.5 76 8.7178
9417.5 92 9.59166
9418.5 102 10.0995
9419.5 72 8.48528
9420.5 68 8.24621
9421.5 82 9.05539
9422.5 78 8.83176
9423.5 66 8.12404
9424.5 78 8.83176
9425.5 76 8.7178
9426.5 77 8.77496
9427.5 79 8.88819
9428.5 83 9.11043
9429.5 62 7.87401
9430.5 87 9.32738
9431.5 77 8.77496
9432.5 71 8.42615
9433.5 73 8.544
9434.5 87 9.32738
9435.5 70 8.3666
9436.5 73 8.544
9437.5 80 8.94427
9438.5 76 8.7178
9439.5 87 9.32738
9440.5 82 9.05539
9441.5 85 9.21954
9442.5 63 7.93725
9443.5 65 8.06226
9444.5 76 8.7178
9445.5 91 9.53939
9446.5 88 9.38083
9447.5 81 9
9448.5 76 8.7178
9449.5 97 9.84886
9450.5 99 9.94987
9451.5 86 9.27362
9452.5 76 8.7178
9453.5 71 8.42615
9454.5 92 9.59166
9455.5 64 8
9456.5 71 8.42615
9457.5 77 8.77496
9458.5 89 9.43398
9459.5 84 9.16515
9460.5 91 9.53939
9461.5 89 9.43398
9462.5 85 9.21954
9463.5 77 8.77496
9464.5 78 8.83176
9465.5 75 8.66025
9466.5 85 9.21954
9467.5 97 9.84886
9468.5 90 9.48683
9469.5 83 9.11043
9470.5 75 8.66025
9471.5 85 9.21954
9472.5 90 9.48683
9473.5 76 8.7178
9474.5 85 9.21954
9475.5 81 9
9476.5 91 9.53939
9477.5 74 8.60233
9478.5 77 8.77496
9479.5 92 9.59166
9480.5 70 8.3666
9481.5 84 9.16515
9482.5 83 9.11043
9483.5 92 9.59166
9484.5 76 8.7178
9485.5 79 8.88819
9486.5 70 8.3666
9487.5 60 7.74597
9488.5 90 9.48683
9489.5 84 9.16515
9490.5 91 9.53939
9491.5 83 9.11043
9492.5 92 9.59166
9493.5 83 9.11043
9494.5 83 9.11043
9495.5 71 8.42615
9496.5 87 9.32738
9497.5 84 9.16515
9498.5 79 8.88819
9499.5 93 9.64365
9500.5 73 8.544
9501.5 86 9.27362
9502.5 96 9.79796
9503.5 98 9.89949
9504.5 89 9.43398
9505.5 77 8.77496
9506.5 82 9.05539
9507.5 82 9.05539
9508.5 79 8.88819
9509.5 86 9.27362
9510.5 87 9.32738
9511.5 92 9.59166
9512.5 97 9.84886
9513.5 78 8.83176
9514.5 77 8.77496
9515.5 79 8.88819
9516.5 95 9.74679
9517.5 90 9.48683
9518.5 85 9.21954
9519.5 79 8.88819
9520.5 82 9.05539
9521.5 86 9.27362
9522.5 71 8.42615
9523.5 81 9
9524.5 85 9.21954
9525.5 72 8.48528
9526.5 87 9.32738
9527.5 75 8.66025
9528.5 88 9.38083
9529.5 74 8.60233
9530.5 82 9.05539
9531.5 88 9.38083
9532.5 77 8.77496
9533.5 70 8.3666
9534.5 73 8.544
9535.5 93 9.64365
9536.5 86 9.27362
9537.5 59 7.68115
9538.5 86 9.27362
9539.5 83 9.11043
9540.5 88 9.38083
9541.5 86 9.27362
9542.5 99 9.94987
9543.5 91 9.53939
9544.5 86 9.27362
9545.5 72 8.48528
9546.5 92 9.59166
9547.5 103 10.1489
9548.5 95 9.74679
9549.5 81 9
9550.5 87 9.32738
9551.5 91 9.53939
9552.5 73 8.544
9553.5 81 9
9554.5 92 9.59166
9555.5 93 9.64365
9556.5 81 9
9557.5 83 9.11043
9558.5 80 8.94427
9559.5 101 10.0499
9560.5 87 9.32738
9561.5 75 8.66025
9562.5 95 9.74679
9563.5 84 9.16515
9564.5 90 9.48683
9565.5 88 9.38083
9566.5 95 9.74679
9567.5 76 8.7178
9568.5 107 10.3441
9569.5 98 9.89949
9570.5 84 9.16515
9571.5 81 9
9572.5 77 8.77496
9573.5 93 9.64365
9574.5 93 9.64365
9575.5 83 9.11043
9576.5 85 9.21954
9577.5 70 8.3666
9578.5 68 8.24621
9579.5 90 9.48683
9580.5 87 9.32738
9581.5 112 10.583
9582.5 94 9.69536
9583.5 81 9
9584.5 84 9.16515
9585.5 79 8.88819
9586.5 85 9.21954
9587.5 85 9.21954
9588.5 87 9.32738
9589.5 87 9.32738
9590.5 93 9.64365
9591.5 90 9.48683
9592.5 77 8.77496
9593.5 72 8.48528
9594.5 81 9
9595.5 91 9.53939
9596.5 82 9.05539
9597.5 90 9.48683
9598.5 70 8.3666
9599.5 100 10
9600.5 80 8.94427
9601.5 68 8.24621
9602.5 93 9.64365
9603.5 82 9.05539
9604.5 91 9.53939
9605.5 90 9.48683
9606.5 69 8.30662
9607.5 66 8.12404
9608.5 100 10
9609.5 96 9.79796
9610.5 67 8.18535
9611.5 85 9.21954
9612.5 104 10.198
9613.5 89 9.43398
9614.5 94 9.69536
9615.5 87 9.32738
9616.5 82 9.05539
9617.5 82 9.05539
9618.5 89 9.43398
9619.5 84 9.16515
9620.5 87 9.32738
9621.5 78 8.83176
9622.5 89 9.43398
9623.5 82 9.05539
9624.5 64 8
9625.5 91 9.53939
9626.5 83 9.11043
9627.5 76 8.7178
9628.5 88 9.38083
9629.5 78 8.83176
9630.5 73 8.544
9631.5 67 8.18535
9632.5 97 9.84886
9633.5 84 9.16515
9634.5 89 9.43398
9635.5 108 10.3923
9636.5 87 9.32738
9637.5 83 9.11043
9638.5 88 9.38083
9639.5 100 10
9640.5 104 10.198
9641.5 90 9.48683
9642.5 86 9.27362
9643.5 90 9.48683
9644.5 90 9.48683
9645.5 87 9.32738
9646.5 79 8.88819
9647.5 81 9
9648.5 79 8.88819
9649.5 76 8.7178
9650.5 115 10.7238
9651.5 112 10.583
9652.5 88 9.38083
9653.5 78 8.83176
9654.5 70 8.3666
9655.5 80 8.94427
9656.5 91 9.53939
9657.5 86 9.27362
9658.5 93 9.64365
9659.5 90 9.48683
9660.5 79 8.88819
9661.5 94 9.69536
9662.5 99 9.94987
9663.5 84 9.16515
9664.5 78 8.83176
9665.5 87 9.32738
9666.5 92 9.59166
9667.5 86 9.27362
9668.5 103 10.1489
9669.5 90 9.48683
9670.5 70 8.3666
9671.5 74 8.60233
9672.5 93 9.64365
9673.5 76 8.7178
9674.5 93 9.64365
9675.5 93 9.64365
9676.5 85 9.21954
9677.5 94 9.69536
9678.5 108 10.3923
9679.5 81 9
9680.5 94 9.69536
9681.5 100 10
9682.5 91 9.53939
9683.5 88 9.38083
9684.5 96 9.79796
9685.5 100 10
9686.5 75 8.66025
9687.5 97 9.84886
9688.5 113 10.6301
9689.5 87 9.32738
9690.5 106 10.2956
9691.5 96 9.79796
9692.5 89 9.43398
9693.5 100 10
9694.5 94 9.69536
9695.5 86 9.27362
9696.5 79 8.88819
9697.5 87 9.32738
9698.5 106 10.2956
9699.5 82 9.05539
9700.5 95 9.74679
9701.5 78 8.83176
9702.5 94 9.69536
9703.5 89 9.43398
9704.5 84 9.16515
9705.5 99 9.94987
9706.5 96 9.79796
9707.5 87 9.32738
9708.5 97 9.84886
9709.5 93 9.64365
9710.5 76 8.7178
9711.5 91 9.53939
9712.5 88 9.38083
9713.5 89 9.43398
9714.5 79 8.88819
9715.5 103 10.1489
9716.5 95 9.74679
9717.5 92 9.59166
9718.5 80 8.94427
9719.5 70 8.3666
9720.5 107 10.3441
9721.5 97 9.84886
9722.5 92 9.59166
9723.5 109 10.4403
9724.5 96 9.79796
9725.5 86 9.27362
9726.5 90 9.48683
9727.5 78 8.83176
9728.5 86 9.27362
9729.5 91 9.53939
9730.5 88 9.38083
9731.5 93 9.64365
9732.5 100 10
9733.5 92 9.59166
9734.5 89 9.43398
9735.5 82 9.05539
9736.5 100 10
9737.5 116 10.7703
9738.5 100 10
9739.5 100 10
9740.5 70 8.3666
9741.5 80 8.94427
9742.5 102 10.0995
9743.5 96 9.79796
9744.5 101 10.0499
9745.5 77 8.77496
9746.5 100 10
9747.5 85 9.21954
9748.5 102 10.0995
9749.5 94 9.69536
9750.5 119 10.9087
9751.5 114 10.6771
9752.5 82 9.05539
9753.5 99 9.94987
9754.5 87 9.32738
9755.5 101 10.0499
9756.5 81 9
9757.5 84 9.16515
9758.5 94 9.69536
9759.5 72 8.48528
9760.5 101 10.0499
9761.5 99 9.94987
9762.5 111 10.5357
9763.5 100 10
9764.5 87 9.32738
9765.5 100 10
9766.5 103 10.1489
9767.5 95 9.74679
9768.5 93 9.64365
9769.5 94 9.69536
9770.5 104 10.198
9771.5 94 9.69536
9772.5 95 9.74679
9773.5 113 10.6301
9774.5 75 8.66025
9775.5 79 8.88819
9776.5 98 9.89949
9777.5 89 9.43398
9778.5 101 10.0499
9779.5 86 9.27362
9780.5 88 9.38083
9781.5 95 9.74679
9782.5 108 10.3923
9783.5 89 9.43398
9784.5 97 9.84886
9785.5 96 9.79796
9786.5 106 10.2956
9787.5 88 9.38083
9788.5 84 9.16515
9789.5 74 8.60233
9790.5 85 9.21954
9791.5 87 9.32738
9792.5 87 9.32738
9793.5 100 10
9794.5 93 9.64365
9795.5 99 9.94987
9796.5 99 9.94987
9797.5 91 9.53939
9798.5 88 9.38083
9799.5 103 10.1489
9800.5 87 9.32738
9801.5 100 10
9802.5 78 8.83176
9803.5 96 9.79796
9804.5 101 10.0499
9805.5 90 9.48683
9806.5 86 9.27362
9807.5 100 10
9808.5 94 9.69536
9809.5 94 9.69536
9810.5 89 9.43398
9811.5 106 10.2956
9812.5 102 10.0995
9813.5 108 10.3923
9814.5 88 9.38083
9815.5 79 8.88819
9816.5 100 10
9817.5 81 9
9818.5 77 8.77496
9819.5 85 9.21954
9820.5 107 10.3441
9821.5 100 10
9822.5 112 10.583
9823.5 86 9.27362
9824.5 100 10
9825.5 101 10.0499
9826.5 80 8.94427
9827.5 103 10.1489
9828.5 107 10.3441
9829.5 94 9.69536
9830.5 87 9.32738
9831.5 104 10.198
9832.5 73 8.544
9833.5 93 9.64365
9834.5 110 10.4881
9835.5 100 10
9836.5 110 10.4881
9837.5 99 9.94987
9838.5 95 9.74679
9839.5 96 9.79796
9840.5 86 9.27362
9841.5 94 9.69536
9842.5 94 9.69536
9843.5 99 9.94987
9844.5 98 9.89949
9845.5 90 9.48683
9846.5 97 9.84886
9847.5 96 9.79796
9848.5 91 9.53939
9849.5 91 9.53939
9850.5 84 9.16515
9851.5 100 10
9852.5 109 10.4403
9853.5 99 9.94987
9854.5 109 10.4403
9855.5 95 9.74679
9856.5 101 10.0499
9857.5 100 10
9858.5 87 9.32738
9859.5 102 10.0995
9860.5 100 10
9861.5 99 9.94987
9862.5 104 10.198
9863.5 101 10.0499
9864.5 94 9.69536
9865.5 87 9.32738
9866.5 99 9.94987
9867.5 111 10.5357
9868.5 115 10.7238
9869.5 90 9.48683
9870.5 84 9.16515
9871.5 109 10.4403
9872.5 95 9.74679
9873.5 90 9.48683
9874.5 105 10.247
9875.5 115 10.7238
9876.5 110 10.4881
9877.5 101 10.0499
9878.5 121 11
9879.5 92 9.59166
9880.5 105 10.247
9881.5 112 10.583
9882.5 91 9.53939
9883.5 92 9.59166
9884.5 95 9.74679
9885.5 90 9.48683
9886.5 103 10.1489
9887.5 93 9.64365
9888.5 90 9.48683
9889.5 104 10.198
9890.5 112 10.583
9891.5 93 9.64365
9892.5 111 10.5357
9893.5 91 9.53939
9894.5 113 10.6301
9895.5 98 9.89949
9896.5 114 10.6771
9897.5 103 10.1489
9898.5 102 10.0995
9899.5 94 9.69536
9900.5 107 10.3441
9901.5 86 9.27362
9902.5 104 10.198
9903.5 95 9.74679
9904.5 100 10
9905.5 99 9.94987
9906.5 104 10.198
9907.5 107 10.3441
9908.5 84 9.16515
9909.5 99 9.94987
9910.5 86 9.27362
9911.5 127 11.2694
9912.5 87 9.32738
9913.5 106 10.2956
9914.5 95 9.74679
9915.5 89 9.43398
9916.5 103 10.1489
9917.5 106 10.2956
9918.5 117 10.8167
9919.5 84 9.16515
9920.5 94 9.69536
9921.5 106 10.2956
9922.5 109 10.4403
9923.5 105 10.247
9924.5 111 10.5357
9925.5 99 9.94987
9926.5 89 9.43398
9927.5 106 10.2956
9928.5 90 9.48683
9929.5 86 9.27362
9930.5 80 8.94427
9931.5 99 9.94987
9932.5 111 10.5357
9933.5 118 10.8628
9934.5 100 10
9935.5 108 10.3923
9936.5 100 10
9937.5 86 9.27362
9938.5 108 10.3923
9939.5 93 9.64365
9940.5 90 9.48683
9941.5 119 10.9087
9942.5 78 8.83176
9943.5 111 10.5357
9944.5 107 10.3441
9945.5 92 9.59166
9946.5 103 10.1489
9947.5 88 9.38083
9948.5 93 9.64365
9949.5 103 10.1489
9950.5 121 11
9951.5 114 10.6771
9952.5 104 10.198
9953.5 106 10.2956
9954.5 85 9.21954
9955.5 107 10.3441
9956.5 114 10.6771
9957.5 102 10.0995
9958.5 98 9.89949
9959.5 132 11.4891
9960.5 112 10.583
9961.5 85 9.21954
9962.5 105 10.247
9963.5 86 9.27362
9964.5 91 9.53939
9965.5 90 9.48683
9966.5 103 10.1489
9967.5 107 10.3441
9968.5 105 10.247
9969.5 108 10.3923
9970.5 119 10.9087
9971.5 121 11
9972.5 105 10.247
9973.5 104 10.198
9974.5 112 10.583
9975.5 105 10.247
9976.5 108 10.3923
9977.5 125 11.1803
9978.5 89 9.43398
9979.5 98 9.89949
9980.5 114 10.6771
9981.5 107 10.3441
9982.5 92 9.59166
9983.5 111 10.5357
9984.5 129 11.3578
9985.5 95 9.74679
9986.5 96 9.79796
9987.5 129 11.3578
9988.5 118 10.8628
9989.5 95 9.74679
9990.5 122 11.0454
9991.5 111 10.5357
9992.5 104 10.198
9993.5 112 10.583
9994.5 118 10.8628
9995.5 101 10.0499
9996.5 107 10.3441
9997.5 128 11.3137
9998.5 99 9.94987
9999.5 98 9.89949
10000.5 116 10.7703
10001.5 92 9.59166
10002.5 100 10
10003.5 99 9.94987
10004.5 97 9.84886
10005.5 103 10.1489
10006.5 113 10.6301
10007.5 106 10.2956
10008.5 106 10.2956
10009.5 110 10.4881
10010.5 118 10.8628
10011.5 106 10.2956
10012.5 114 10.6771
10013.5 83 9.11043
10014.5 98 9.89949
10015.5 132 11.4891
10016.5 93 9.64365
10017.5 90 9.48683
10018.5 114 10.6771
10019.5 97 9.84886
10020.5 110 10.4881
10021.5 105 10.247
10022.5 107 10.3441
10023.5 117 10.8167
10024.5 113 10.6301
10025.5 105 10.247
10026.5 98 9.89949
10027.5 115 10.7238
10028.5 124 11.1355
10029.5 113 10.6301
10030.5 102 10.0995
10031.5 128 11.3137
10032.5 113 10.6301
10033.5 112 10.583
10034.5 109 10.4403
10035.5 110 10.4881
10036.5 106 10.2956
10037.5 102 10.0995
10038.5 102 10.0995
10039.5 80 8.94427
10040.5 98 9.89949
10041.5 106 10.2956
10042.5 121 11
10043.5 116 10.7703
10044.5 107 10.3441
10045.5 119 10.9087
10046.5 114 10.6771
10047.5 90 9.48683
10048.5 138 11.7473
10049.5 112 10.583
10050.5 86 9.27362
10051.5 141 11.8743
10052.5 99 9.94987
10053.5 104 10.198
10054.5 109 10.4403
10055.5 111 10.5357
10056.5 96 9.79796
10057.5 95 9.74679
10058.5 107 10.3441
10059.5 112 10.583
10060.5 105 10.247
10061.5 121 11
10062.5 113 10.6301
10063.5 129 11.3578
10064.5 104 10.198
10065.5 121 11
10066.5 97 9.84886
10067.5 110 10.4881
10068.5 108 10.3923
10069.5 128 11.3137
10070.5 91 9.53939
10071.5 110 10.4881
10072.5 112 10.583
10073.5 116 10.7703
10074.5 110 10.4881
10075.5 116 10.7703
10076.5 104 10.198
10077.5 116 10.7703
10078.5 91 9.53939
10079.5 104 10.198
10080.5 98 9.89949
10081.5 112 10.583
10082.5 107 10.3441
10083.5 110 10.4881
10084.5 114 10.6771
10085.5 101 10.0499
10086.5 106 10.2956
10087.5 109 10.4403
10088.5 124 11.1355
10089.5 92 9.59166
10090.5 120 10.9545
10091.5 112 10.583
10092.5 90 9.48683
10093.5 123 11.0905
10094.5 98 9.89949
10095.5 109 10.4403
10096.5 113 10.6301
10097.5 115 10.7238
10098.5 126 11.225
10099.5 124 11.1355
10100.5 100 10
10101.5 111 10.5357
10102.5 116 10.7703
10103.5 116 10.7703
10104.5 104 10.198
10105.5 117 10.8167
10106.5 110 10.4881
10107.5 117 10.8167
10108.5 111 10.5357
10109.5 113 10.6301
10110.5 118 10.8628
10111.5 111 10.5357
10112.5 117 10.8167
10113.5 99 9.94987
10114.5 122 11.0454
10115.5 92 9.59166
10116.5 113 10.6301
10117.5 127 11.2694
10118.5 122 11.0454
10119.5 111 10.5357
10120.5 108 10.3923
10121.5 115 10.7238
10122.5 113 10.6301
10123.5 94 9.69536
10124.5 114 10.6771
10125.5 130 11.4018
10126.5 100 10
10127.5 121 11
10128.5 111 10.5357
10129.5 123 11.0905
10130.5 114 10.6771
10131.5 117 10.8167
10132.5 114 10.6771
10133.5 98 9.89949
10134.5 124 11.1355
10135.5 115 10.7238
10136.5 115 10.7238
10137.5 115 10.7238
10138.5 115 10.7238
10139.5 109 10.4403
10140.5 117 10.8167
10141.5 116 10.7703
10142.5 126 11.225
10143.5 121 11
10144.5 108 10.3923
10145.5 117 10.8167
10146.5 116 10.7703
10147.5 95 9.74679
10148.5 130 11.4018
10149.5 115 10.7238
10150.5 115 10.7238
10151.5 100 10
10152.5 114 10.6771
10153.5 108 10.3923
10154.5 102 10.0995
10155.5 112 10.583
10156.5 128 11.3137
10157.5 120 10.9545
10158.5 98 9.89949
10159.5 118 10.8628
10160.5 122 11.0454
10161.5 102 10.0995
10162.5 102 10.0995
10163.5 120 10.9545
10164.5 115 10.7238
10165.5 112 10.583
10166.5 115 10.7238
10167.5 120 10.9545
10168.5 128 11.3137
10169.5 111 10.5357
10170.5 138 11.7473
10171.5 113 10.6301
10172.5 132 11.4891
10173.5 119 10.9087
10174.5 110 10.4881
10175.5 123 11.0905
10176.5 129 11.3578
10177.5 110 10.4881
10178.5 118 10.8628
10179.5 123 11.0905
10180.5 117 10.8167
10181.5 118 10.8628
10182.5 123 11.0905
10183.5 117 10.8167
10184.5 132 11.4891
10185.5 103 10.1489
10186.5 131 11.4455
10187.5 114 10.6771
10188.5 128 11.3137
10189.5 112 10.583
10190.5 123 11.0905
10191.5 112 10.583
10192.5 111 10.5357
10193.5 130 11.4018
10194.5 116 10.7703
10195.5 121 11
10196.5 125 11.1803
10197.5 122 11.0454
10198.5 128 11.3137
10199.5 125 11.1803
10200.5 125 11.1803
10201.5 102 10.0995
10202.5 121 11
10203.5 130 11.4018
10204.5 132 11.4891
10205.5 123 11.0905
10206.5 135 11.619
10207.5 121 11
10208.5 120 10.9545
10209.5 125 11.1803
10210.5 124 11.1355
10211.5 124 11.1355
10212.5 128 11.3137
10213.5 130 11.4018
10214.5 98 9.89949
10215.5 128 11.3137
10216.5 118 10.8628
10217.5 117 10.8167
10218.5 133 11.5326
10219.5 115 10.7238
10220.5 131 11.4455
10221.5 122 11.0454
10222.5 122 11.0454
10223.5 119 10.9087
10224.5 134 11.5758
10225.5 118 10.8628
10226.5 87 9.32738
10227.5 115 10.7238
10228.5 123 11.0905
10229.5 107 10.3441
10230.5 133 11.5326
10231.5 142 11.9164
10232.5 101 10.0499
10233.5 120 10.9545
10234.5 98 9.89949
10235.5 124 11.1355
10236.5 120 10.9545
10237.5 126 11.225
10238.5 132 11.4891
10239.5 119 10.9087
10240.5 122 11.0454
10241.5 129 11.3578
10242.5 127 11.2694
10243.5 127 11.2694
10244.5 129 11.3578
10245.5 116 10.7703
10246.5 124 11.1355
10247.5 120 10.9545
10248.5 127 11.2694
10249.5 138 11.7473
10250.5 118 10.8628
10251.5 116 10.7703
10252.5 120 10.9545
10253.5 121 11
10254.5 127 11.2694
10255.5 121 11
10256.5 112 10.583
10257.5 121 11
10258.5 112 10.583
10259.5 117 10.8167
10260.5 112 10.583
10261.5 126 11.225
10262.5 120 10.9545
10263.5 102 10.0995
10264.5 114 10.6771
10265.5 113 10.6301
10266.5 99 9.94987
10267.5 126 11.225
10268.5 116 10.7703
10269.5 114 10.6771
10270.5 112 10.583
10271.5 142 11.9164
10272.5 117 10.8167
10273.5 97 9.84886
10274.5 135 11.619
10275.5 126 11.225
10276.5 116 10.7703
10277.5 112 10.583
10278.5 136 11.6619
10279.5 93 9.64365
10280.5 116 10.7703
10281.5 114 10.6771
10282.5 110 10.4881
10283.5 117 10.8167
10284.5 103 10.1489
10285.5 129 11.3578
10286.5 109 10.4403
10287.5 135 11.619
10288.5 132 11.4891
10289.5 128 11.3137
10290.5 110 10.4881
10291.5 130 11.4018
10292.5 123 11.0905
10293.5 125 11.1803
10294.5 144 12
10295.5 125 11.1803
10296.5 111 10.5357
10297.5 117 10.8167
10298.5 117 10.8167
10299.5 106 10.2956
10300.5 105 10.247
10301.5 113 10.6301
10302.5 137 11.7047
10303.5 103 10.1489
10304.5 106 10.2956
10305.5 123 11.0905
10306.5 108 10.3923
10307.5 108 10.3923
10308.5 127 11.2694
10309.5 104 10.198
10310.5 129 11.3578
10311.5 98 9.89949
10312.5 126 11.225
10313.5 128 11.3137
10314.5 134 11.5758
10315.5 118 10.8628
10316.5 121 11
10317.5 121 11
10318.5 97 9.84886
10319.5 129 11.3578
10320.5 118 10.8628
10321.5 116 10.7703
10322.5 110 10.4881
10323.5 119 10.9087
10324.5 103 10.1489
10325.5 109 10.4403
10326.5 107 10.3441
10327.5 104 10.198
10328.5 105 10.247
10329.5 114 10.6771
10330.5 138 11.7473
10331.5 88 9.38083
10332.5 109 10.4403
10333.5 113 10.6301
10334.5 101 10.0499
10335.5 103 10.1489
10336.5 114 10.6771
10337.5 122 11.0454
10338.5 120 10.9545
10339.5 112 10.583
10340.5 118 10.8628
10341.5 124 11.1355
10342.5 93 9.64365
10343.5 99 9.94987
10344.5 118 10.8628
10345.5 90 9.48683
10346.5 123 11.0905
10347.5 113 10.6301
10348.5 92 9.59166
10349.5 98 9.89949
10350.5 96 9.79796
10351.5 93 9.64365
10352.5 113 10.6301
10353.5 77 8.77496
10354.5 76 8.7178
10355.5 96 9.79796
10356.5 86 9.27362
10357.5 80 8.94427
10358.5 90 9.48683
10359.5 89 9.43398
10360.5 71 8.42615
10361.5 119 10.9087
10362.5 105 10.247
10363.5 101 10.0499
10364.5 85 9.21954
10365.5 91 9.53939
10366.5 105 10.247
10367.5 92 9.59166
10368.5 84 9.16515
10369.5 89 9.43398
10370.5 104 10.198
10371.5 72 8.48528
10372.5 90 9.48683
10373.5 87 9.32738
10374.5 99 9.94987
10375.5 80 8.94427
10376.5 99 9.94987
10377.5 100 10
10378.5 81 9
10379.5 82 9.05539
10380.5 95 9.74679
10381.5 103 10.1489
10382.5 101 10.0499
10383.5 87 9.32738
10384.5 82 9.05539
10385.5 77 8.77496
10386.5 70 8.3666
10387.5 75 8.66025
10388.5 98 9.89949
10389.5 77 8.77496
10390.5 79 8.88819
10391.5 81 9
10392.5 65 8.06226
10393.5 88 9.38083
10394.5 89 9.43398
10395.5 87 9.32738
10396.5 75 8.66025
10397.5 75 8.66025
10398.5 87 9.32738
10399.5 73 8.544
10400.5 80 8.94427
10401.5 90 9.48683
10402.5 80 8.94427
10403.5 69 8.30662
10404.5 82 9.05539
10405.5 88 9.38083
10406.5 87 9.32738
10407.5 77 8.77496
10408.5 76 8.7178
10409.5 91 9.53939
10410.5 80 8.94427
10411.5 75 8.66025
10412.5 79 8.88819
10413.5 94 9.69536
10414.5 83 9.11043
10415.5 77 8.77496
10416.5 72 8.48528
10417.5 64 8
10418.5 65 8.06226
10419.5 77 8.77496
10420.5 54 7.34847
10421.5 73 8.544
10422.5 74 8.60233
10423.5 81 9
10424.5 67 8.18535
10425.5 80 8.94427
10426.5 86 9.27362
10427.5 72 8.48528
10428.5 78 8.83176
10429.5 81 9
10430.5 66 8.12404
10431.5 64 8
10432.5 82 9.05539
10433.5 79 8.88819
10434.5 89 9.43398
10435.5 72 8.48528
10436.5 80 8.94427
10437.5 68 8.24621
10438.5 75 8.66025
10439.5 79 8.88819
10440.5 71 8.42615
10441.5 75 8.66025
10442.5 74 8.60233
10443.5 69 8.30662
10444.5 75 8.66025
10445.5 76 8.7178
10446.5 66 8.12404
10447.5 70 8.3666
10448.5 70 8.3666
10449.5 75 8.66025
10450.5 93 9.64365
10451.5 87 9.32738
10452.5 76 8.7178
10453.5 72 8.48528
10454.5 73 8.544
10455.5 75 8.66025
10456.5 77 8.77496
10457.5 74 8.60233
10458.5 74 8.60233
10459.5 78 8.83176
10460.5 82 9.05539
10461.5 68 8.24621
10462.5 75 8.66025
10463.5 79 8.88819
10464.5 78 8.83176
10465.5 73 8.544
10466.5 66 8.12404
10467.5 75 8.66025
10468.5 69 8.30662
10469.5 81 9
10470.5 65 8.06226
10471.5 84 9.16515
10472.5 71 8.42615
10473.5 50 7.07107
10474.5 75 8.66025
10475.5 66 8.12404
10476.5 69 8.30662
10477.5 73 8.544
10478.5 77 8.77496
10479.5 82 9.05539
10480.5 85 9.21954
10481.5 76 8.7178
10482.5 77 8.77496
10483.5 62 7.87401
10484.5 85 9.21954
10485.5 62 7.87401
10486.5 72 8.48528
10487.5 74 8.60233
10488.5 77 8.77496
10489.5 63 7.93725
10490.5 89 9.43398
10491.5 64 8
10492.5 68 8.24621
10493.5 87 9.32738
10494.5 73 8.544
10495.5 65 8.06226
10496.5 77 8.77496
10497.5 68 8.24621
10498.5 55 7.4162
10499.5 61 7.81025
10500.5 68 8.24621
10501.5 79 8.88819
10502.5 80 8.94427
10503.5 82 9.05539
10504.5 72 8.48528
10505.5 75 8.66025
10506.5 68 8.24621
10507.5 77 8.77496
10508.5 84 9.16515
10509.5 54 7.34847
10510.5 65 8.06226
10511.5 72 8.48528
10512.5 67 8.18535
10513.5 80 8.94427
10514.5 68 8.24621
10515.5 69 8.30662
10516.5 72 8.48528
10517.5 63 7.93725
10518.5 86 9.27362
10519.5 63 7.93725
10520.5 62 7.87401
10521.5 65 8.06226
10522.5 66 8.12404
10523.5 72 8.48528
10524.5 71 8.42615
10525.5 62 7.87401
10526.5 66 8.12404
10527.5 72 8.48528
10528.5 68 8.24621
10529.5 83 9.11043
10530.5 77 8.77496
10531.5 80 8.94427
10532.5 64 8
10533.5 81 9
10534.5 63 7.93725
10535.5 71 8.42615
10536.5 80 8.94427
10537.5 79 8.88819
10538.5 74 8.60233
10539.5 66 8.12404
10540.5 65 8.06226
10541.5 79 8.88819
10542.5 69 8.30662
10543.5 70 8.3666
10544.5 67 8.18535
10545.5 51 7.14143
10546.5 60 7.74597
10547.5 57 7.54983
10548.5 77 8.77496
10549.5 80 8.94427
10550.5 76 8.7178
10551.5 65 8.06226
10552.5 63 7.93725
10553.5 72 8.48528
10554.5 73 8.544
10555.5 73 8.544
10556.5 59 7.68115
10557.5 76 8.7178
10558.5 72 8.48528
10559.5 72 8.48528
10560.5 81 9
10561.5 76 8.7178
10562.5 89 9.43398
10563.5 54 7.34847
10564.5 69 8.30662
10565.5 67 8.18535
10566.5 73 8.544
10567.5 71 8.42615
10568.5 70 8.3666
10569.5 58 7.61577
10570.5 60 7.74597
10571.5 65 8.06226
10572.5 63 7.93725
10573.5 66 8.12404
10574.5 65 8.06226
10575.5 91 9.53939
10576.5 69 8.30662
10577.5 70 8.3666
10578.5 58 7.61577
10579.5 78 8.83176
10580.5 78 8.83176
10581.5 69 8.30662
10582.5 77 8.77496
10583.5 70 8.3666
10584.5 54 7.34847
10585.5 64 8
10586.5 66 8.12404
10587.5 58 7.61577
10588.5 67 8.18535
10589.5 57 7.54983
10590.5 79 8.88819
10591.5 74 8.60233
10592.5 60 7.74597
10593.5 62 7.87401
10594.5 74 8.60233
10595.5 77 8.77496
10596.5 67 8.18535
10597.5 58 7.61577
10598.5 83 9.11043
10599.5 64 8
10600.5 71 8.42615
10601.5 47 6.85565
10602.5 64 8
10603.5 66 8.12404
10604.5 69 8.30662
10605.5 49 7
10606.5 55 7.4162
10607.5 65 8.06226
10608.5 60 7.74597
10609.5 84 9.16515
10610.5 69 8.30662
10611.5 62 7.87401
10612.5 76 8.7178
10613.5 60 7.74597
10614.5 70 8.3666
10615.5 64 8
10616.5 70 8.3666
10617.5 63 7.93725
10618.5 53 7.28011
10619.5 71 8.42615
10620.5 57 7.54983
10621.5 69 8.30662
10622.5 60 7.74597
10623.5 58 7.61577
10624.5 62 7.87401
10625.5 74 8.60233
10626.5 58 7.61577
10627.5 51 7.14143
10628.5 66 8.12404
10629.5 65 8.06226
10630.5 61 7.81025
10631.5 71 8.42615
10632.5 57 7.54983
10633.5 61 7.81025
10634.5 71 8.42615
10635.5 75 8.66025
10636.5 75 8.66025
10637.5 57 7.54983
10638.5 58 7.61577
10639.5 60 7.74597
10640.5 58 7.61577
10641.5 53 7.28011
10642.5 47 6.85565
10643.5 66 8.12404
10644.5 50 7.07107
10645.5 62 7.87401
10646.5 57 7.54983
10647.5 54 7.34847
10648.5 67 8.18535
10649.5 69 8.30662
10650.5 54 7.34847
10651.5 54 7.34847
10652.5 76 8.7178
10653.5 69 8.30662
10654.5 55 7.4162
10655.5 73 8.544
10656.5 63 7.93725
10657.5 63 7.93725
10658.5 75 8.66025
10659.5 70 8.3666
10660.5 69 8.30662
10661.5 67 8.18535
10662.5 55 7.4162
10663.5 59 7.68115
10664.5 79 8.88819
10665.5 63 7.93725
10666.5 56 7.48331
10667.5 72 8.48528
10668.5 46 6.78233
10669.5 60 7.74597
10670.5 52 7.2111
10671.5 48 6.9282
10672.5 54 7.34847
10673.5 67 8.18535
10674.5 59 7.68115
10675.5 63 7.93725
10676.5 67 8.18535
10677.5 57 7.54983
10678.5 60 7.74597
10679.5 63 7.93725
10680.5 50 7.07107
10681.5 46 6.78233
10682.5 58 7.61577
10683.5 59 7.68115
10684.5 62 7.87401
10685.5 65 8.06226
10686.5 65 8.06226
10687.5 54 7.34847
10688.5 64 8
10689.5 60 7.74597
10690.5 55 7.4162
10691.5 60 7.74597
10692.5 70 8.3666
10693.5 75 8.66025
10694.5 54 7.34847
10695.5 68 8.24621
10696.5 59 7.68115
10697.5 63 7.93725
10698.5 76 8.7178
10699.5 63 7.93725
10700.5 66 8.12404
10701.5 57 7.54983
10702.5 75 8.66025
10703.5 54 7.34847
10704.5 65 8.06226
10705.5 57 7.54983
10706.5 58 7.61577
10707.5 52 7.2111
10708.5 55 7.4162
10709.5 58 7.61577
10710.5 56 7.48331
10711.5 56 7.48331
10712.5 67 8.18535
10713.5 64 8
10714.5 62 7.87401
10715.5 43 6.55744
10716.5 56 7.48331
10717.5 56 7.48331
10718.5 47 6.85565
10719.5 49 7
10720.5 68 8.24621
10721.5 49 7
10722.5 63 7.93725
10723.5 58 7.61577
10724.5 64 8
10725.5 59 7.68115
10726.5 70 8.3666
10727.5 64 8
10728.5 65 8.06226
10729.5 66 8.12404
10730.5 57 7.54983
10731.5 51 7.14143
10732.5 50 7.07107
10733.5 55 7.4162
10734.5 64 8
10735.5 65 8.06226
10736.5 64 8
10737.5 67 8.18535
10738.5 73 8.544
10739.5 55 7.4162
10740.5 48 6.9282
10741.5 58 7.61577
10742.5 49 7
10743.5 64 8
10744.5 52 7.2111
10745.5 51 7.14143
10746.5 52 7.2111
10747.5 57 7.54983
10748.5 63 7.93725
10749.5 56 7.48331
10750.5 56 7.48331
10751.5 53 7.28011
10752.5 62 7.87401
10753.5 58 7.61577
10754.5 52 7.2111
10755.5 56 7.48331
10756.5 45 6.7082
10757.5 61 7.81025
10758.5 60 7.74597
10759.5 43 6.55744
10760.5 60 7.74597
10761.5 58 7.61577
10762.5 51 7.14143
10763.5 44 6.63325
10764.5 59 7.68115
10765.5 50 7.07107
10766.5 65 8.06226
10767.5 74 8.60233
10768.5 49 7
10769.5 60 7.74597
10770.5 64 8
10771.5 45 6.7082
10772.5 49 7
10773.5 61 7.81025
10774.5 56 7.48331
10775.5 54 7.34847
10776.5 47 6.85565
10777.5 54 7.34847
10778.5 55 7.4162
10779.5 54 7.34847
10780.5 64 8
10781.5 57 7.54983
10782.5 50 7.07107
10783.5 56 7.48331
10784.5 47 6.85565
10785.5 42 6.48074
10786.5 45 6.7082
10787.5 67 8.18535
10788.5 61 7.81025
10789.5 63 7.93725
10790.5 42 6.48074
10791.5 50 7.07107
10792.5 51 7.14143
10793.5 48 6.9282
10794.5 52 7.2111
10795.5 47 6.85565
10796.5 55 7.4162
10797.5 39 6.245
10798.5 51 7.14143
10799.5 55 7.4162
10800.5 55 7.4162
10801.5 50 7.07107
10802.5 52 7.2111
10803.5 58 7.61577
10804.5 55 7.4162
10805.5 43 6.55744
10806.5 57 7.54983
10807.5 39 6.245
10808.5 42 6.48074
10809.5 47 6.85565
10810.5 38 6.16441
10811.5 45 6.7082
10812.5 51 7.14143
10813.5 40 6.32456
10814.5 43 6.55744
10815.5 57 7.54983
10816.5 55 7.4162
10817.5 52 7.2111
10818.5 41 6.40312
10819.5 50 7.07107
10820.5 55 7.4162
10821.5 39 6.245
10822.5 58 7.61577
10823.5 54 7.34847
10824.5 49 7
10825.5 60 7.74597
10826.5 40 6.32456
10827.5 42 6.48074
10828.5 44 6.63325
10829.5 47 6.85565
10830.5 50 7.07107
10831.5 38 6.16441
10832.5 53 7.28011
10833.5 42 6.48074
10834.5 44 6.63325
10835.5 56 7.48331
10836.5 61 7.81025
10837.5 51 7.14143
10838.5 58 7.61577
10839.5 46 6.78233
10840.5 45 6.7082
10841.5 55 7.4162
10842.5 36 6
10843.5 41 6.40312
10844.5 45 6.7082
10845.5 47 6.85565
10846.5 52 7.2111
10847.5 46 6.78233
10848.5 40 6.32456
10849.5 45 6.7082
10850.5 55 7.4162
10851.5 63 7.93725
10852.5 44 6.63325
10853.5 48 6.9282
10854.5 49 7
10855.5 35 5.91608
10856.5 43 6.55744
10857.5 58 7.61577
10858.5 57 7.54983
10859.5 46 6.78233
10860.5 55 7.4162
10861.5 47 6.85565
10862.5 47 6.85565
10863.5 36 6
10864.5 55 7.4162
10865.5 48 6.9282
10866.5 54 7.34847
10867.5 46 6.78233
10868.5 58 7.61577
10869.5 43 6.55744
10870.5 46 6.78233
10871.5 46 6.78233
10872.5 57 7.54983
10873.5 58 7.61577
10874.5 47 6.85565
10875.5 51 7.14143
10876.5 40 6.32456
10877.5 39 6.245
10878.5 46 6.78233
10879.5 40 6.32456
10880.5 32 5.65685
10881.5 48 6.9282
10882.5 37 6.08276
10883.5 59 7.68115
10884.5 40 6.32456
10885.5 28 5.2915
10886.5 56 7.48331
10887.5 36 6
10888.5 37 6.08276
10889.5 40 6.32456
10890.5 38 6.16441
10891.5 41 6.40312
10892.5 33 5.74456
10893.5 57 7.54983
10894.5 37 6.08276
10895.5 52 7.2111
10896.5 46 6.78233
10897.5 36 6
10898.5 40 6.32456
10899.5 34 5.83095
10900.5 38 6.16441
10901.5 32 5.65685
10902.5 43 6.55744
10903.5 36 6
10904.5 40 6.32456
10905.5 35 5.91608
10906.5 46 6.78233
10907.5 32 5.65685
10908.5 41 6.40312
10909.5 35 5.91608
10910.5 42 6.48074
10911.5 60 7.74597
10912.5 28 5.2915
10913.5 32 5.65685
10914.5 33 5.74456
10915.5 37 6.08276
10916.5 32 5.65685
10917.5 31 5.56776
10918.5 32 5.65685
10919.5 33 5.74456
10920.5 38 6.16441
10921.5 38 6.16441
10922.5 35 5.91608
10923.5 33 5.74456
10924.5 38 6.16441
10925.5 42 6.48074
10926.5 37 6.08276
10927.5 41 6.40312
10928.5 36 6
10929.5 29 5.38516
10930.5 39 6.245
10931.5 40 6.32456
10932.5 37 6.08276
10933.5 32 5.65685
10934.5 37 6.08276
10935.5 29 5.38516
10936.5 40 6.32456
10937.5 38 6.16441
10938.5 32 5.65685
10939.5 31 5.56776
10940.5 38 6.16441
10941.5 36 6
10942.5 27 5.19615
10943.5 36 6
10944.5 28 5.2915
10945.5 37 6.08276
10946.5 38 6.16441
10947.5 38 6.16441
10948.5 43 6.55744
10949.5 43 6.55744
10950.5 28 5.2915
10951.5 28 5.2915
10952.5 38 6.16441
10953.5 35 5.91608
10954.5 38 6.16441
10955.5 35 5.91608
10956.5 37 6.08276
10957.5 28 5.2915
10958.5 27 5.19615
10959.5 32 5.65685
10960.5 33 5.74456
10961.5 39 6.245
10962.5 34 5.83095
10963.5 30 5.47723
10964.5 36 6
10965.5 40 6.32456
10966.5 29 5.38516
10967.5 43 6.55744
10968.5 27 5.19615
10969.5 25 5
10970.5 33 5.74456
10971.5 36 6
10972.5 32 5.65685
10973.5 31 5.56776
10974.5 35 5.91608
10975.5 25 5
10976.5 23 4.79583
10977.5 28 5.2915
10978.5 35 5.91608
10979.5 29 5.38516
10980.5 26 5.09902
10981.5 44 6.63325
10982.5 37 6.08276
10983.5 24 4.89898
10984.5 28 5.2915
10985.5 29 5.38516
10986.5 35 5.91608
10987.5 23 4.79583
10988.5 29 5.38516
10989.5 29 5.38516
10990.5 33 5.74456
10991.5 29 5.38516
10992.5 30 5.47723
10993.5 39 6.245
10994.5 29 5.38516
10995.5 39 6.245
10996.5 37 6.08276
10997.5 26 5.09902
10998.5 28 5.2915
10999.5 41 6.40312
11000.5 27 5.19615
11001.5 21 4.58258
11002.5 32 5.65685
11003.5 33 5.74456
11004.5 30 5.47723
11005.5 30 5.47723
11006.5 28 5.2915
11007.5 32 5.65685
11008.5 33 5.74456
11009.5 37 6.08276
11010.5 25 5
11011.5 24 4.89898
11012.5 30 5.47723
11013.5 33 5.74456
11014.5 28 5.2915
11015.5 21 4.58258
11016.5 21 4.58258
11017.5 29 5.38516
11018.5 30 5.47723
11019.5 32 5.65685
11020.5 38 6.16441
11021.5 30 5.47723
11022.5 43 6.55744
11023.5 26 5.09902
11024.5 29 5.38516
11025.5 26 5.09902
11026.5 27 5.19615
11027.5 25 5
11028.5 21 4.58258
11029.5 24 4.89898
11030.5 28 5.2915
11031.5 36 6
11032.5 23 4.79583
11033.5 24 4.89898
11034.5 15 3.87298
11035.5 27 5.19615
11036.5 26 5.09902
11037.5 24 4.89898
11038.5 25 5
11039.5 36 6
11040.5 27 5.19615
11041.5 24 4.89898
11042.5 22 4.69042
11043.5 29 5.38516
11044.5 21 4.58258
11045.5 23 4.79583
11046.5 28 5.2915
11047.5 33 5.74456
11048.5 38 6.16441
11049.5 20 4.47214
11050.5 27 5.19615
11051.5 32 5.65685
11052.5 27 5.19615
11053.5 29 5.38516
11054.5 20 4.47214
11055.5 21 4.58258
11056.5 12 3.4641
11057.5 30 5.47723
11058.5 35 5.91608
11059.5 33 5.74456
11060.5 27 5.19615
11061.5 19 4.3589
11062.5 18 4.24264
11063.5 24 4.89898
11064.5 13 3.60555
11065.5 31 5.56776
11066.5 27 5.19615
11067.5 19 4.3589
11068.5 27 5.19615
11069.5 16 4
11070.5 20 4.47214
11071.5 25 5
11072.5 28 5.2915
11073.5 22 4.69042
11074.5 19 4.3589
11075.5 20 4.47214
11076.5 24 4.89898
11077.5 19 4.3589
11078.5 19 4.3589
11079.5 30 5.47723
11080.5 14 3.74166
11081.5 24 4.89898
11082.5 17 4.12311
11083.5 24 4.89898
11084.5 28 5.2915
11085.5 27 5.19615
11086.5 20 4.47214
11087.5 27 5.19615
11088.5 23 4.79583
11089.5 18 4.24264
11090.5 18 4.24264
11091.5 24 4.89898
11092.5 27 5.19615
11093.5 33 5.74456
11094.5 22 4.69042
11095.5 28 5.2915
11096.5 14 3.74166
11097.5 19 4.3589
11098.5 16 4
11099.5 31 5.56776
11100.5 20 4.47214
11101.5 17 4.12311
11102.5 17 4.12311
11103.5 25 5
11104.5 28 5.2915
11105.5 21 4.58258
11106.5 25 5
11107.5 14 3.74166
11108.5 34 5.83095
11109.5 23 4.79583
11110.5 18 4.24264
11111.5 31 5.56776
11112.5 22 4.69042
11113.5 22 4.69042
11114.5 12 3.4641
11115.5 18 4.24264
11116.5 14 3.74166
11117.5 21 4.58258
11118.5 23 4.79583
11119.5 24 4.89898
11120.5 17 4.12311
11121.5 21 4.58258
11122.5 21 4.58258
11123.5 22 4.69042
11124.5 19 4.3589
11125.5 16 4
11126.5 24 4.89898
11127.5 17 4.12311
11128.5 24 4.89898
11129.5 22 4.69042
11130.5 13 3.60555
11131.5 20 4.47214
11132.5 18 4.24264
11133.5 22 4.69042
11134.5 17 4.12311
11135.5 22 4.69042
11136.5 17 4.12311
11137.5 20 4.47214
11138.5 25 5
11139.5 19 4.3589
11140.5 13 3.60555
11141.5 19 4.3589
11142.5 11 3.31662
11143.5 19 4.3589
11144.5 23 4.79583
11145.5 19 4.3589
11146.5 20 4.47214
11147.5 15 3.87298
11148.5 32 5.65685
11149.5 17 4.12311
11150.5 18 4.24264
11151.5 21 4.58258
11152.5 17 4.12311
11153.5 30 5.47723
11154.5 28 5.2915
11155.5 17 4.12311
11156.5 23 4.79583
11157.5 20 4.47214
11158.5 20 4.47214
11159.5 23 4.79583
11160.5 20 4.47214
11161.5 27 5.19615
11162.5 18 4.24264
11163.5 23 4.79583
11164.5 19 4.3589
11165.5 16 4
11166.5 15 3.87298
11167.5 24 4.89898
11168.5 18 4.24264
11169.5 16 4
11170.5 20 4.47214
11171.5 29 5.38516
11172.5 20 4.47214
11173.5 22 4.69042
11174.5 20 4.47214
11175.5 24 4.89898
11176.5 29 5.38516
11177.5 25 5
11178.5 28 5.2915
11179.5 21 4.58258
11180.5 19 4.3589
11181.5 33 5.74456
11182.5 21 4.58258
11183.5 19 4.3589
11184.5 14 3.74166
11185.5 30 5.47723
11186.5 23 4.79583
11187.5 11 3.31662
11188.5 22 4.69042
11189.5 11 3.31662
11190.5 17 4.12311
11191.5 19 4.3589
11192.5 12 3.4641
11193.5 13 3.60555
11194.5 17 4.12311
11195.5 17 4.12311
11196.5 14 3.74166
11197.5 17 4.12311
11198.5 23 4.79583
11199.5 16 4
11200.5 14 3.74166
11201.5 16 4
11202.5 17 4.12311
11203.5 19 4.3589
11204.5 18 4.24264
11205.5 22 4.69042
11206.5 14 3.74166
11207.5 18 4.24264
11208.5 23 4.79583
11209.5 14 3.74166
11210.5 18 4.24264
11211.5 13 3.60555
11212.5 11 3.31662
11213.5 17 4.12311
11214.5 15 3.87298
11215.5 18 4.24264
11216.5 20 4.47214
11217.5 21 4.58258
11218.5 21 4.58258
11219.5 13 3.60555
11220.5 13 3.60555
11221.5 16 4
11222.5 18 4.24264
11223.5 12 3.4641
11224.5 16 4
11225.5 16 4
11226.5 13 3.60555
11227.5 15 3.87298
11228.5 11 3.31662
11229.5 21 4.58258
11230.5 20 4.47214
11231.5 12 3.4641
11232.5 18 4.24264
11233.5 16 4
11234.5 17 4.12311
11235.5 17 4.12311
11236.5 13 3.60555
11237.5 12 3.4641
11238.5 15 3.87298
11239.5 15 3.87298
11240.5 13 3.60555
11241.5 25 5
11242.5 15 3.87298
11243.5 17 4.12311
11244.5 11 3.31662
11245.5 16 4
11246.5 17 4.12311
11247.5 17 4.12311
11248.5 12 3.4641
11249.5 15 3.87298
11250.5 22 4.69042
11251.5 6 2.44949
11252.5 21 4.58258
11253.5 22 4.69042
11254.5 11 3.31662
11255.5 14 3.74166
11256.5 19 4.3589
11257.5 15 3.87298
11258.5 8 2.82843
11259.5 26 5.09902
11260.5 18 4.24264
11261.5 20 4.47214
11262.5 19 4.3589
11263.5 18 4.24264
11264.5 18 4.24264
11265.5 18 4.24264
11266.5 17 4.12311
11267.5 14 3.74166
11268.5 20 4.47214
11269.5 11 3.31662
11270.5 14 3.74166
11271.5 16 4
11272.5 18 4.24264
11273.5 12 3.4641
11274.5 12 3.4641
11275.5 12 3.4641
11276.5 17 4.12311
11277.5 11 3.31662
11278.5 7 2.64575
11279.5 14 3.74166
11280.5 19 4.3589
11281.5 11 3.31662
11282.5 17 4.12311
11283.5 11 3.31662
11284.5 20 4.47214
11285.5 17 4.12311
11286.5 19 4.3589
11287.5 17 4.12311
11288.5 16 4
11289.5 14 3.74166
11290.5 26 5.09902
11291.5 16 4
11292.5 14 3.74166
11293.5 18 4.24264
11294.5 19 4.3589
11295.5 14 3.74166
11296.5 16 4
11297.5 16 4
11298.5 18 4.24264
11299.5 15 3.87298
11300.5 16 4
11301.5 12 3.4641
11302.5 20 4.47214
11303.5 14 3.74166
11304.5 13 3.60555
11305.5 17 4.12311
11306.5 15 3.87298
11307.5 15 3.87298
11308.5 19 4.3589
11309.5 18 4.24264
11310.5 15 3.87298
11311.5 10 3.16228
11312.5 12 3.4641
11313.5 13 3.60555
11314.5 19 4.3589
11315.5 15 3.87298
11316.5 18 4.24264
11317.5 20 4.47214
11318.5 21 4.58258
11319.5 23 4.79583
11320.5 23 4.79583
11321.5 12 3.4641
11322.5 11 3.31662
11323.5 14 3.74166
11324.5 11 3.31662
11325.5 15 3.87298
11326.5 14 3.74166
11327.5 11 3.31662
11328.5 10 3.16228
11329.5 22 4.69042
11330.5 16 4
11331.5 13 3.60555
11332.5 7 2.64575
11333.5 11 3.31662
11334.5 13 3.60555
11335.5 21 4.58258
11336.5 11 3.31662
11337.5 18 4.24264
11338.5 15 3.87298
11339.5 18 4.24264
11340.5 18 4.24264
11341.5 13 3.60555
11342.5 13 3.60555
11343.5 17 4.12311
11344.5 16 4
11345.5 11 3.31662
11346.5 17 4.12311
11347.5 14 3.74166
11348.5 15 3.87298
11349.5 10 3.16228
11350.5 12 3.4641
11351.5 19 4.3589
11352.5 15 3.87298
11353.5 16 4
11354.5 23 4.79583
11355.5 11 3.31662
11356.5 13 3.60555
11357.5 18 4.24264
11358.5 10 3.16228
11359.5 11 3.31662
11360.5 15 3.87298
11361.5 10 3.16228
11362.5 10 3.16228
11363.5 12 3.4641
11364.5 16 4
11365.5 18 4.24264
11366.5 17 4.12311
11367.5 14 3.74166
11368.5 10 3.16228
11369.5 21 4.58258
11370.5 15 3.87298
11371.5 12 3.4641
11372.5 14 3.74166
11373.5 18 4.24264
11374.5 15 3.87298
11375.5 12 3.4641
11376.5 22 4.69042
11377.5 10 3.16228
11378.5 24 4.89898
11379.5 9 3
11380.5 19 4.3589
11381.5 13 3.60555
11382.5 8 2.82843
11383.5 15 3.87298
11384.5 18 4.24264
11385.5 15 3.87298
11386.5 20 4.47214
11387.5 16 4
11388.5 17 4.12311
11389.5 16 4
11390.5 15 3.87298
11391.5 12 3.4641
11392.5 17 4.12311
11393.5 16 4
11394.5 16 4
11395.5 12 3.4641
11396.5 16 4
11397.5 10 3.16228
11398.5 12 3.4641
11399.5 10 3.16228
11400.5 10 3.16228
11401.5 10 3.16228
11402.5 11 3.31662
11403.5 11 3.31662
11404.5 17 4.12311
11405.5 18 4.24264
11406.5 13 3.60555
11407.5 18 4.24264
11408.5 9 3
11409.5 16 4
11410.5 15 3.87298
11411.5 10 3.16228
11412.5 19 4.3589
11413.5 11 3.31662
11414.5 17 4.12311
11415.5 22 4.69042
11416.5 17 4.12311
11417.5 19 4.3589
11418.5 13 3.60555
11419.5 8 2.82843
11420.5 12 3.4641
11421.5 16 4
11422.5 26 5.09902
11423.5 10 3.16228
11424.5 12 3.4641
11425.5 8 2.82843
11426.5 15 3.87298
11427.5 5 2.23607
11428.5 12 3.4641
11429.5 13 3.60555
11430.5 12 3.4641
11431.5 10 3.16228
11432.5 18 4.24264
11433.5 13 3.60555
11434.5 6 2.44949
11435.5 17 4.12311
11436.5 12 3.4641
11437.5 15 3.87298
11438.5 10 3.16228
11439.5 15 3.87298
11440.5 15 3.87298
11441.5 15 3.87298
11442.5 17 4.12311
11443.5 16 4
11444.5 8 2.82843
11445.5 16 4
11446.5 11 3.31662
11447.5 14 3.74166
11448.5 12 3.4641
11449.5 8 2.82843
11450.5 13 3.60555
11451.5 11 3.31662
11452.5 14 3.74166
11453.5 13 3.60555
11454.5 10 3.16228
11455.5 10 3.16228
11456.5 12 3.4641
11457.5 21 4.58258
11458.5 19 4.3589
11459.5 18 4.24264
11460.5 15 3.87298
11461.5 6 2.44949
11462.5 15 3.87298
11463.5 9 3
11464.5 12 3.4641
11465.5 15 3.87298
11466.5 18 4.24264
11467.5 20 4.47214
11468.5 9 3
11469.5 12 3.4641
11470.5 10 3.16228
11471.5 6 2.44949
11472.5 14 3.74166
11473.5 14 3.74166
11474.5 13 3.60555
11475.5 20 4.47214
11476.5 17 4.12311
11477.5 10 3.16228
11478.5 9 3
11479.5 16 4
11480.5 12 3.4641
11481.5 15 3.87298
11482.5 15 3.87298
11483.5 16 4
11484.5 19 4.3589
11485.5 13 3.60555
11486.5 9 3
11487.5 23 4.79583
11488.5 13 3.60555
11489.5 19 4.3589
11490.5 18 4.24264
11491.5 6 2.44949
11492.5 14 3.74166
11493.5 26 5.09902
11494.5 19 4.3589
11495.5 11 3.31662
11496.5 14 3.74166
11497.5 13 3.60555
11498.5 20 4.47214
11499.5 13 3.60555
11500.5 12 3.4641
11501.5 17 4.12311
11502.5 14 3.74166
11503.5 13 3.60555
11504.5 13 3.60555
11505.5 9 3
11506.5 7 2.64575
11507.5 24 4.89898
11508.5 21 4.58258
11509.5 14 3.74166
11510.5 22 4.69042
11511.5 17 4.12311
11512.5 20 4.47214
11513.5 14 3.74166
11514.5 23 4.79583
11515.5 15 3.87298
11516.5 11 3.31662
11517.5 12 3.4641
11518.5 10 3.16228
11519.5 19 4.3589
11520.5 15 3.87298
11521.5 17 4.12311
11522.5 18 4.24264
11523.5 8 2.82843
11524.5 12 3.4641
11525.5 14 3.74166
11526.5 10 3.16228
11527.5 16 4
11528.5 20 4.47214
11529.5 14 3.74166
11530.5 15 3.87298
11531.5 13 3.60555
11532.5 14 3.74166
11533.5 15 3.87298
11534.5 8 2.82843
11535.5 9 3
11536.5 19 4.3589
11537.5 15 3.87298
11538.5 11 3.31662
11539.5 13 3.60555
11540.5 10 3.16228
11541.5 11 3.31662
11542.5 7 2.64575
11543.5 11 3.31662
11544.5 8 2.82843
11545.5 12 3.4641
11546.5 18 4.24264
11547.5 16 4
11548.5 12 3.4641
11549.5 10 3.16228
11550.5 17 4.12311
11551.5 12 3.4641
11552.5 14 3.74166
11553.5 11 3.31662
11554.5 17 4.12311
11555.5 13 3.60555
11556.5 8 2.82843
11557.5 14 3.74166
11558.5 10 3.16228
11559.5 7 2.64575
11560.5 11 3.31662
11561.5 14 3.74166
11562.5 12 3.4641
11563.5 11 3.31662
11564.5 11 3.31662
11565.5 16 4
11566.5 22 4.69042
11567.5 20 4.47214
11568.5 11 3.31662
11569.5 14 3.74166
11570.5 16 4
11571.5 20 4.47214
11572.5 7 2.64575
11573.5 13 3.60555
11574.5 15 3.87298
11575.5 21 4.58258
11576.5 12 3.4641
11577.5 13 3.60555
11578.5 23 4.79583
11579.5 21 4.58258
11580.5 21 4.58258
11581.5 22 4.69042
11582.5 18 4.24264
11583.5 12 3.4641
11584.5 15 3.87298
11585.5 14 3.74166
11586.5 22 4.69042
11587.5 20 4.47214
11588.5 14 3.74166
11589.5 22 4.69042
11590.5 14 3.74166
11591.5 18 4.24264
11592.5 27 5.19615
11593.5 22 4.69042
11594.5 22 4.69042
11595.5 16 4
11596.5 23 4.79583
11597.5 34 5.83095
11598.5 28 5.2915
11599.5 22 4.69042
11600.5 21 4.58258
11601.5 30 5.47723
11602.5 31 5.56776
11603.5 31 5.56776
11604.5 25 5
11605.5 23 4.79583
11606.5 24 4.89898
11607.5 42 6.48074
11608.5 36 6
11609.5 31 5.56776
11610.5 39 6.245
11611.5 44 6.63325
11612.5 38 6.16441
11613.5 51 7.14143
11614.5 55 7.4162
11615.5 44 6.63325
11616.5 53 7.28011
11617.5 55 7.4162
11618.5 57 7.54983
11619.5 58 7.61577
11620.5 56 7.48331
11621.5 60 7.74597
11622.5 63 7.93725
11623.5 65 8.06226
11624.5 64 8
11625.5 78 8.83176
11626.5 89 9.43398
11627.5 83 9.11043
11628.5 91 9.53939
11629.5 105 10.247
11630.5 118 10.8628
11631.5 125 11.1803
11632.5 124 11.1355
11633.5 128 11.3137
11634.5 171 13.0767
11635.5 143 11.9583
11636.5 192 13.8564
11637.5 207 14.3875
11638.5 230 15.1658
11639.5 263 16.2173
11640.5 304 17.4356
11641.5 322 17.9444
11642.5 373 19.3132
11643.5 436 20.8806
11644.5 509 22.561
11645.5 526 22.9347
11646.5 652 25.5343
11647.5 813 28.5132
11648.5 882 29.6985
11649.5 1069 32.6956
11650.5 1161 34.0735
11651.5 1375 37.081
11652.5 1507 38.8201
11653.5 1729 41.5812
11654.5 2054 45.3211
11655.5 2337 48.3425
11656.5 2567 50.6656
11657.5 2814 53.0471
11658.5 3025 55
11659.5 3271 57.1927
11660.5 3440 58.6515
11661.5 3503 59.1861
11662.5 3459 58.8133
11663.5 3369 58.0431
11664.5 3300 57.4456
11665.5 3153 56.1516
11666.5 2689 51.8556
11667.5 2677 51.7397
11668.5 2270 47.6445
11669.5 1901 43.6005
11670.5 1672 40.8901
11671.5 1387 37.2424
11672.5 1140 33.7639
11673.5 933 30.545
11674.5 746 27.313
11675.5 562 23.7065
11676.5 487 22.0681
11677.5 375 19.3649
11678.5 304 17.4356
11679.5 241 15.5242
11680.5 216 14.6969
11681.5 187 13.6748
11682.5 148 12.1655
11683.5 155 12.4499
11684.5 123 11.0905
11685.5 123 11.0905
11686.5 98 9.89949
11687.5 94 9.69536
11688.5 97 9.84886
11689.5 100 10
11690.5 80 8.94427
11691.5 92 9.59166
11692.5 77 8.77496
11693.5 84 9.16515
11694.5 61 7.81025
11695.5 68 8.24621
11696.5 54 7.34847
11697.5 54 7.34847
11698.5 60 7.74597
11699.5 60 7.74597
11700.5 52 7.2111
11701.5 55 7.4162
11702.5 50 7.07107
11703.5 59 7.68115
11704.5 56 7.48331
11705.5 45 6.7082
11706.5 49 7
11707.5 33 5.74456
11708.5 56 7.48331
11709.5 43 6.55744
11710.5 30 5.47723
11711.5 38 6.16441
11712.5 40 6.32456
11713.5 28 5.2915
11714.5 29 5.38516
11715.5 33 5.74456
11716.5 28 5.2915
11717.5 21 4.58258
11718.5 30 5.47723
11719.5 27 5.19615
11720.5 25 5
11721.5 30 5.47723
11722.5 24 4.89898
11723.5 36 6
11724.5 28 5.2915
11725.5 22 4.69042
11726.5 26 5.09902
11727.5 26 5.09902
11728.5 42 6.48074
11729.5 27 5.19615
11730.5 27 5.19615
11731.5 29 5.38516
11732.5 25 5
11733.5 33 5.74456
11734.5 33 5.74456
11735.5 20 4.47214
11736.5 28 5.2915
11737.5 16 4
11738.5 35 5.91608
11739.5 30 5.47723
11740.5 26 5.09902
11741.5 29 5.38516
11742.5 24 4.89898
11743.5 28 5.2915
11744.5 34 5.83095
11745.5 19 4.3589
11746.5 38 6.16441
11747.5 37 6.08276
11748.5 32 5.65685
11749.5 30 5.47723
11750.5 36 6
11751.5 16 4
11752.5 28 5.2915
11753.5 30 5.47723
11754.5 14 3.74166
11755.5 26 5.09902
11756.5 24 4.89898
11757.5 27 5.19615
11758.5 21 4.58258
11759.5 30 5.47723
11760.5 29 5.38516
11761.5 27 5.19615
11762.5 27 5.19615
11763.5 31 5.56776
11764.5 19 4.3589
11765.5 21 4.58258
11766.5 24 4.89898
11767.5 28 5.2915
11768.5 23 4.79583
11769.5 14 3.74166
11770.5 19 4.3589
11771.5 30 5.47723
11772.5 22 4.69042
11773.5 31 5.56776
11774.5 15 3.87298
11775.5 27 5.19615
11776.5 29 5.38516
11777.5 22 4.69042
11778.5 25 5
11779.5 25 5
11780.5 22 4.69042
11781.5 24 4.89898
11782.5 27 5.19615
11783.5 26 5.09902
11784.5 16 4
11785.5 16 4
11786.5 16 4
11787.5 19 4.3589
11788.5 24 4.89898
11789.5 20 4.47214
11790.5 18 4.24264
11791.5 9 3
11792.5 17 4.12311
11793.5 16 4
11794.5 11 3.31662
11795.5 14 3.74166
11796.5 19 4.3589
11797.5 8 2.82843
11798.5 7 2.64575
11799.5 11 3.31662
11800.5 10 3.16228
11801.5 13 3.60555
11802.5 11 3.31662
11803.5 10 3.16228
11804.5 4 2
11805.5 12 3.4641
11806.5 7 2.64575
11807.5 5 2.23607
11808.5 8 2.82843
11809.5 11 3.31662
11810.5 5 2.23607
11811.5 11 3.31662
11812.5 5 2.23607
11813.5 8 2.82843
11814.5 5 2.23607
11815.5 9 3
11816.5 9 3
11817.5 12 3.4641
11818.5 7 2.64575
11819.5 6 2.44949
11820.5 3 1.73205
11821.5 6 2.44949
11822.5 11 3.31662
11823.5 7 2.64575
11824.5 7 2.64575
11825.5 14 3.74166
11826.5 9 3
11827.5 3 1.73205
11828.5 11 3.31662
11829.5 5 2.23607
11830.5 8 2.82843
11831.5 11 3.31662
11832.5 6 2.44949
11833.5 8 2.82843
11834.5 2 1.41421
11835.5 5 2.23607
11836.5 8 2.82843
11837.5 7 2.64575
11838.5 5 2.23607
11839.5 3 1.73205
11840.5 2 1.41421
11841.5 2 1.41421
11842.5 6 2.44949
11843.5 6 2.44949
11844.5 9 3
11845.5 6 2.44949
11846.5 3 1.73205
11847.5 3 1.73205
11848.5 8 2.82843
11849.5 3 1.73205
11850.5 7 2.64575
11851.5 3 1.73205
11852.5 5 2.23607
11853.5 7 2.64575
11854.5 6 2.44949
11855.5 7 2.64575
11856.5 6 2.44949
11857.5 3 1.73205
11858.5 5 2.23607
11859.5 7 2.64575
11860.5 8 2.82843
11861.5 8 2.82843
11862.5 9 3
11863.5 4 2
11864.5 6 2.44949
11865.5 3 1.73205
11866.5 7 2.64575
11867.5 8 2.82843
11868.5 5 2.23607
11869.5 8 2.82843
11870.5 4 2
11871.5 10 3.16228
11872.5 5 2.23607
11873.5 6 2.44949
11874.5 6 2.44949
11875.5 5 2.23607
11876.5 7 2.64575
11877.5 5 2.23607
11878.5 11 3.31662
11879.5 5 2.23607
11880.5 3 1.73205
11881.5 5 2.23607
11882.5 3 1.73205
11883.5 7 2.64575
11884.5 6 2.44949
11885.5 4 2
11886.5 2 1.41421
11887.5 4 2
11888.5 5 2.23607
11889.5 7 2.64575
11890.5 8 2.82843
11891.5 5 2.23607
11892.5 4 2
11893.5 11 3.31662
11894.5 3 1.73205
11895.5 8 2.82843
11896.5 7 2.64575
11897.5 7 2.64575
11898.5 6 2.44949
11899.5 3 1.73205
11900.5 4 2
11901.5 5 2.23607
11902.5 5 2.23607
11903.5 3 1.73205
11904.5 14 3.74166
11905.5 8 2.82843
11906.5 3 1.73205
11907.5 5 2.23607
11908.5 5 2.23607
11909.5 2 1.41421
11910.5 6 2.44949
11911.5 6 2.44949
11912.5 4 2
11913.5 10 3.16228
11914.5 11 3.31662
11915.5 4 2
11916.5 10 3.16228
11917.5 10 3.16228
11918.5 8 2.82843
11919.5 4 2
11920.5 4 2
11921.5 3 1.73205
11922.5 1 1
11923.5 9 3
11924.5 6 2.44949
11925.5 5 2.23607
11926.5 8 2.82843
11927.5 6 2.44949
11928.5 4 2
11929.5 6 2.44949
11930.5 6 2.44949
11931.5 14 3.74166
11932.5 8 2.82843
11933.5 12 3.4641
11934.5 6 2.44949
11935.5 4 2
11936.5 3 1.73205
11937.5 7 2.64575
11938.5 11 3.31662
11939.5 6 2.44949
11940.5 10 3.16228
11941.5 6 2.44949
11942.5 12 3.4641
11943.5 6 2.44949
11944.5 7 2.64575
11945.5 8 2.82843
11946.5 11 3.31662
11947.5 9 3
11948.5 6 2.44949
11949.5 11 3.31662
11950.5 10 3.16228
11951.5 12 3.4641
11952.5 12 3.4641
11953.5 6 2.44949
11954.5 8 2.82843
11955.5 8 2.82843
11956.5 13 3.60555
11957.5 12 3.4641
11958.5 18 4.24264
11959.5 11 3.31662
11960.5 21 4.58258
11961.5 9 3
11962.5 9 3
11963.5 12 3.4641
11964.5 21 4.58258
11965.5 21 4.58258
11966.5 14 3.74166
11967.5 31 5.56776
11968.5 21 4.58258
11969.5 21 4.58258
11970.5 20 4.47214
11971.5 28 5.2915
11972.5 19 4.3589
11973.5 17 4.12311
11974.5 18 4.24264
11975.5 23 4.79583
11976.5 26 5.09902
11977.5 21 4.58258
11978.5 21 4.58258
11979.5 24 4.89898
11980.5 17 4.12311
11981.5 13 3.60555
11982.5 16 4
11983.5 19 4.3589
11984.5 16 4
11985.5 12 3.4641
11986.5 11 3.31662
11987.5 11 3.31662
11988.5 10 3.16228
11989.5 7 2.64575
11990.5 10 3.16228
11991.5 12 3.4641
11992.5 8 2.82843
11993.5 2 1.41421
11994.5 2 1.41421
11995.5 6 2.44949
11996.5 10 3.16228
11997.5 10 3.16228
11998.5 7 2.64575
11999.5 12 3.4641
12000.5 3 1.73205
12001.5 13 3.60555
12002.5 5 2.23607
12003.5 5 2.23607
12004.5 9 3
12005.5 12 3.4641
12006.5 13 3.60555
12007.5 8 2.82843
12008.5 4 2
12009.5 6 2.44949
12010.5 6 2.44949
12011.5 5 2.23607
12012.5 4 2
12013.5 6 2.44949
12014.5 4 2
12015.5 6 2.44949
12016.5 7 2.64575
12017.5 5 2.23607
12018.5 9 3
12019.5 8 2.82843
12020.5 7 2.64575
12021.5 8 2.82843
12022.5 4 2
12023.5 13 3.60555
12024.5 7 2.64575
12025.5 5 2.23607
12026.5 3 1.73205
12027.5 6 2.44949
12028.5 5 2.23607
12029.5 6 2.44949
12030.5 5 2.23607
12031.5 5 2.23607
12032.5 5 2.23607
12033.5 8 2.82843
12034.5 11 3.31662
12035.5 4 2
12036.5 6 2.44949
12037.5 6 2.44949
12038.5 8 2.82843
12039.5 9 3
12040.5 9 3
12041.5 8 2.82843
12042.5 6 2.44949
12043.5 4 2
12044.5 7 2.64575
12045.5 9 3
12046.5 3 1.73205
12047.5 7 2.64575
12048.5 3 1.73205
12049.5 5 2.23607
12050.5 9 3
12051.5 6 2.44949
12052.5 7 2.64575
12053.5 6 2.44949
12054.5 9 3
12055.5 7 2.64575
12056.5 5 2.23607
12057.5 9 3
12058.5 11 3.31662
12059.5 8 2.82843
12060.5 7 2.64575
12061.5 9 3
12062.5 2 1.41421
12063.5 11 3.31662
12064.5 10 3.16228
12065.5 3 1.73205
12066.5 14 3.74166
12067.5 3 1.73205
12068.5 5 2.23607
12069.5 1 1
12070.5 8 2.82843
12071.5 5 2.23607
12072.5 4 2
12073.5 6 2.44949
12074.5 7 2.64575
12075.5 8 2.82843
12076.5 5 2.23607
12077.5 6 2.44949
12078.5 3 1.73205
12079.5 7 2.64575
12080.5 4 2
12081.5 4 2
12082.5 5 2.23607
12083.5 8 2.82843
12084.5 5 2.23607
12085.5 6 2.44949
12086.5 12 3.4641
12087.5 10 3.16228
12088.5 11 3.31662
12089.5 7 2.64575
12090.5 7 2.64575
12091.5 11 3.31662
12092.5 10 3.16228
12093.5 5 2.23607
12094.5 6 2.44949
12095.5 6 2.44949
12096.5 9 3
12097.5 3 1.73205
12098.5 7 2.64575
12099.5 8 2.82843
12100.5 6 2.44949
12101.5 9 3
12102.5 6 2.44949
12103.5 6 2.44949
12104.5 6 2.44949
12105.5 9 3
12106.5 8 2.82843
12107.5 12 3.4641
12108.5 5 2.23607
12109.5 8 2.82843
12110.5 3 1.73205
12111.5 6 2.44949
12112.5 5 2.23607
12113.5 7 2.64575
12114.5 8 2.82843
12115.5 8 2.82843
12116.5 3 1.73205
12117.5 3 1.73205
12118.5 5 2.23607
12119.5 10 3.16228
12120.5 4 2
12121.5 3 1.73205
12122.5 7 2.64575
12123.5 3 1.73205
12124.5 4 2
12125.5 4 2
12126.5 10 3.16228
12127.5 7 2.64575
12128.5 4 2
12129.5 4 2
12130.5 7 2.64575
12131.5 3 1.73205
12132.5 4 2
12133.5 6 2.44949
12134.5 7 2.64575
12135.5 5 2.23607
12136.5 10 3.16228
12137.5 4 2
12138.5 4 2
12139.5 8 2.82843
12140.5 3 1.73205
12141.5 6 2.44949
12142.5 6 2.44949
12143.5 3 1.73205
12144.5 6 2.44949
12145.5 5 2.23607
12146.5 9 3
12147.5 7 2.64575
12148.5 12 3.4641
12149.5 4 2
12150.5 3 1.73205
12151.5 5 2.23607
12152.5 7 2.64575
12153.5 4 2
12154.5 3 1.73205
12155.5 4 2
12156.5 6 2.44949
12157.5 6 2.44949
12158.5 5 2.23607
12159.5 5 2.23607
12160.5 6 2.44949
12161.5 5 2.23607
12162.5 4 2
12163.5 3 1.73205
12164.5 7 2.64575
12165.5 11 3.31662
12166.5 7 2.64575
12167.5 6 2.44949
12168.5 8 2.82843
12169.5 5 2.23607
12170.5 5 2.23607
12171.5 3 1.73205
12172.5 3 1.73205
12173.5 7 2.64575
12174.5 4 2
12175.5 7 2.64575
12176.5 5 2.23607
12177.5 7 2.64575
12178.5 6 2.44949
12179.5 3 1.73205
12180.5 10 3.16228
12181.5 4 2
12182.5 5 2.23607
12183.5 5 2.23607
12184.5 4 2
12185.5 5 2.23607
12186.5 3 1.73205
12187.5 5 2.23607
12188.5 4 2
12189.5 7 2.64575
12190.5 4 2
12191.5 6 2.44949
12192.5 6 2.44949
12193.5 6 2.44949
12194.5 8 2.82843
12195.5 5 2.23607
12196.5 4 2
12197.5 9 3
12198.5 6 2.44949
12199.5 7 2.64575
12200.5 5 2.23607
12201.5 9 3
12202.5 6 2.44949
12203.5 2 1.41421
12204.5 7 2.64575
12205.5 5 2.23607
12206.5 3 1.73205
12207.5 7 2.64575
12208.5 7 2.64575
12209.5 6 2.44949
12210.5 3 1.73205
12211.5 3 1.73205
12212.5 10 3.16228
12213.5 7 2.64575
12214.5 7 2.64575
12215.5 3 1.73205
12216.5 7 2.64575
12217.5 6 2.44949
12218.5 9 3
12219.5 4 2
12220.5 2 1.41421
12221.5 7 2.64575
12222.5 7 2.64575
12223.5 5 2.23607
12224.5 7 2.64575
12225.5 7 2.64575
12226.5 6 2.44949
12227.5 9 3
12228.5 2 1.41421
12229.5 6 2.44949
12230.5 5 2.23607
12231.5 2 1.41421
12232.5 5 2.23607
12233.5 4 2
12234.5 5 2.23607
12235.5 4 2
12236.5 8 2.82843
12237.5 3 1.73205
12238.5 6 2.44949
12239.5 7 2.64575
12240.5 4 2
12241.5 6 2.44949
12242.5 14 3.74166
12243.5 6 2.44949
12244.5 3 1.73205
12245.5 5 2.23607
12246.5 5 2.23607
12247.5 5 2.23607
12248.5 6 2.44949
12249.5 4 2
12250.5 6 2.44949
12251.5 6 2.44949
12252.5 9 3
12253.5 8 2.82843
12254.5 4 2
12255.5 8 2.82843
12256.5 4 2
12257.5 5 2.23607
12258.5 6 2.44949
12259.5 6 2.44949
12260.5 5 2.23607
12261.5 10 3.16228
12262.5 4 2
12263.5 6 2.44949
12264.5 4 2
12265.5 8 2.82843
12266.5 8 2.82843
12267.5 8 2.82843
12268.5 3 1.73205
12269.5 4 2
12270.5 6 2.44949
12271.5 4 2
12272.5 7 2.64575
12273.5 5 2.23607
12274.5 4 2
12275.5 8 2.82843
12276.5 5 2.23607
12277.5 3 1.73205
12278.5 6 2.44949
12279.5 3 1.73205
12280.5 4 2
12281.5 8 2.82843
12282.5 8 2.82843
12283.5 3 1.73205
12284.5 4 2
12285.5 5 2.23607
12286.5 2 1.41421
12287.5 5 2.23607
12288.5 2 1.41421
12289.5 7 2.64575
12290.5 7 2.64575
12291.5 9 3
12292.5 3 1.73205
12293.5 6 2.44949
12294.5 8 2.82843
12295.5 5 2.23607
12296.5 7 2.64575
12297.5 9 3
12298.5 6 2.44949
12299.5 6 2.44949
12300.5 7 2.64575
12301.5 6 2.44949
12302.5 7 2.64575
12303.5 3 1.73205
12304.5 5 2.23607
12305.5 8 2.82843
12306.5 4 2
12307.5 8 2.82843
12308.5 3 1.73205
12309.5 8 2.82843
12310.5 2 1.41421
12311.5 4 2
12312.5 8 2.82843
12313.5 6 2.44949
12314.5 5 2.23607
12315.5 5 2.23607
12316.5 9 3
12317.5 6 2.44949
12318.5 6 2.44949
12319.5 8 2.82843
12320.5 10 3.16228
12321.5 2 1.41421
12322.5 6 2.44949
12323.5 7 2.64575
12324.5 4 2
12325.5 5 2.23607
12326.5 10 3.16228
12327.5 6 2.44949
12328.5 7 2.64575
12329.5 5 2.23607
12330.5 2 1.41421
12331.5 6 2.44949
12332.5 9 3
12333.5 7 2.64575
12334.5 9 3
12335.5 5 2.23607
12336.5 8 2.82843
12337.5 5 2.23607
12338.5 3 1.73205
12339.5 5 2.23607
12340.5 8 2.82843
12341.5 6 2.44949
12342.5 7 2.64575
12343.5 9 3
12344.5 7 2.64575
12345.5 10 3.16228
12346.5 6 2.44949
12347.5 4 2
12348.5 2 1.41421
12349.5 8 2.82843
12350.5 7 2.64575
12351.5 4 2
12352.5 3 1.73205
12353.5 9 3
12354.5 9 3
12355.5 7 2.64575
12356.5 3 1.73205
12357.5 7 2.64575
12358.5 4 2
12359.5 5 2.23607
12360.5 7 2.64575
12361.5 4 2
12362.5 9 3
12363.5 4 2
12364.5 5 2.23607
12365.5 5 2.23607
12366.5 6 2.44949
12367.5 3 1.73205
12368.5 7 2.64575
12369.5 7 2.64575
12370.5 4 2
12371.5 5 2.23607
12372.5 10 3.16228
12373.5 9 3
12374.5 2 1.41421
12375.5 4 2
12376.5 10 3.16228
12377.5 4 2
12378.5 4 2
12379.5 7 2.64575
12380.5 2 1.41421
12381.5 5 2.23607
12382.5 5 2.23607
12383.5 9 3
12384.5 14 3.74166
12385.5 5 2.23607
12386.5 6 2.44949
12387.5 5 2.23607
12388.5 4 2
12389.5 2 1.41421
12390.5 6 2.44949
12391.5 7 2.64575
12392.5 5 2.23607
12393.5 5 2.23607
12394.5 3 1.73205
12395.5 8 2.82843
12396.5 5 2.23607
12397.5 6 2.44949
12398.5 6 2.44949
12399.5 5 2.23607
12400.5 8 2.82843
12401.5 5 2.23607
12402.5 6 2.44949
12403.5 5 2.23607
12404.5 6 2.44949
12405.5 6 2.44949
12406.5 9 3
12407.5 8 2.82843
12408.5 5 2.23607
12409.5 6 2.44949
12410.5 4 2
12411.5 4 2
12412.5 3 1.73205
12413.5 6 2.44949
12414.5 6 2.44949
12415.5 8 2.82843
12416.5 3 1.73205
12417.5 5 2.23607
12418.5 10 3.16228
12419.5 3 1.73205
12420.5 11 3.31662
12421.5 5 2.23607
12422.5 6 2.44949
12423.5 2 1.41421
12424.5 7 2.64575
12425.5 6 2.44949
12426.5 4 2
12427.5 7 2.64575
12428.5 3 1.73205
12429.5 8 2.82843
12430.5 4 2
12431.5 4 2
12432.5 6 2.44949
12433.5 6 2.44949
12434.5 7 2.64575
12435.5 1 1
12436.5 5 2.23607
12437.5 7 2.64575
12438.5 10 3.16228
12439.5 4 2
12440.5 4 2
12441.5 6 2.44949
12442.5 6 2.44949
12443.5 4 2
12444.5 4 2
12445.5 3 1.73205
12446.5 5 2.23607
12447.5 7 2.64575
12448.5 3 1.73205
12449.5 7 2.64575
12450.5 7 2.64575
12451.5 6 2.44949
12452.5 2 1.41421
12453.5 14 3.74166
12454.5 10 3.16228
12455.5 3 1.73205
12456.5 3 1.73205
12457.5 7 2.64575
12458.5 4 2
12459.5 3 1.73205
12460.5 6 2.44949
12461.5 10 3.16228
12462.5 10 3.16228
12463.5 9 3
12464.5 8 2.82843
12465.5 7 2.64575
12466.5 6 2.44949
12467.5 2 1.41421
12468.5 6 2.44949
12469.5 4 2
12470.5 6 2.44949
12471.5 11 3.31662
12472.5 6 2.44949
12473.5 7 2.64575
12474.5 10 3.16228
12475.5 5 2.23607
12476.5 5 2.23607
12477.5 3 1.73205
12478.5 2 1.41421
12479.5 3 1.73205
12480.5 7 2.64575
12481.5 7 2.64575
12482.5 9 3
12483.5 5 2.23607
12484.5 10 3.16228
12485.5 8 2.82843
12486.5 6 2.44949
12487.5 4 2
12488.5 3 1.73205
12489.5 4 2
12490.5 2 1.41421
12491.5 5 2.23607
12492.5 4 2
12493.5 5 2.23607
12494.5 3 1.73205
12495.5 9 3
12496.5 3 1.73205
12497.5 10 3.16228
12498.5 14 3.74166
12499.5 6 2.44949
12500.5 6 2.44949
12501.5 8 2.82843
12502.5 6 2.44949
12503.5 5 2.23607
12504.5 8 2.82843
12505.5 7 2.64575
12506.5 3 1.73205
12507.5 5 2.23607
12508.5 5 2.23607
12509.5 3 1.73205
12510.5 4 2
12511.5 8 2.82843
12512.5 4 2
12513.5 9 3
12514.5 7 2.64575
12515.5 10 3.16228
12516.5 6 2.44949
12517.5 10 3.16228
12518.5 2 1.41421
12519.5 5 2.23607
12520.5 8 2.82843
12521.5 11 3.31662
12522.5 5 2.23607
12523.5 2 1.41421
12524.5 6 2.44949
12525.5 6 2.44949
12526.5 7 2.64575
12527.5 4 2
12528.5 8 2.82843
12529.5 8 2.82843
12530.5 7 2.64575
12531.5 6 2.44949
12532.5 5 2.23607
12533.5 9 3
12534.5 8 2.82843
12535.5 5 2.23607
12536.5 7 2.64575
12537.5 3 1.73205
12538.5 3 1.73205
12539.5 8 2.82843
12540.5 8 2.82843
12541.5 7 2.64575
12542.5 7 2.64575
12543.5 9 3
12544.5 6 2.44949
12545.5 6 2.44949
12546.5 9 3
12547.5 6 2.44949
12548.5 7 2.64575
12549.5 7 2.64575
12550.5 3 1.73205
12551.5 5 2.23607
12552.5 11 3.31662
12553.5 7 2.64575
12554.5 4 2
12555.5 7 2.64575
12556.5 9 3
12557.5 5 2.23607
12558.5 2 1.41421
12559.5 5 2.23607
12560.5 7 2.64575
12561.5 5 2.23607
12562.5 10 3.16228
12563.5 6 2.44949
12564.5 8 2.82843
12565.5 3 1.73205
12566.5 12 3.4641
12567.5 4 2
12568.5 8 2.82843
12569.5 3 1.73205
12570.5 7 2.64575
12571.5 4 2
12572.5 3 1.73205
12573.5 7 2.64575
12574.5 1 1
12575.5 9 3
12576.5 6 2.44949
12577.5 10 3.16228
12578.5 8 2.82843
12579.5 4 2
12580.5 4 2
12581.5 7 2.64575
12582.5 7 2.64575
12583.5 7 2.64575
12584.5 11 3.31662
12585.5 5 2.23607
12586.5 4 2
12587.5 5 2.23607
12588.5 2 1.41421
12589.5 1 1
12590.5 9 3
12591.5 5 2.23607
12592.5 7 2.64575
12593.5 1 1
12594.5 3 1.73205
12595.5 4 2
12596.5 3 1.73205
12597.5 5 2.23607
12598.5 1 1
12599.5 7 2.64575
12600.5 6 2.44949
12601.5 3 1.73205
12602.5 4 2
12603.5 9 3
12604.5 3 1.73205
12605.5 7 2.64575
12606.5 6 2.44949
12607.5 3 1.73205
12608.5 6 2.44949
12609.5 4 2
12610.5 7 2.64575
12611.5 6 2.44949
12612.5 7 2.64575
12613.5 5 2.23607
12614.5 7 2.64575
12615.5 6 2.44949
12616.5 4 2
12617.5 2 1.41421
12618.5 3 1.73205
12619.5 4 2
12620.5 6 2.44949
12621.5 5 2.23607
12622.5 4 2
12623.5 6 2.44949
12624.5 12 3.4641
12625.5 8 2.82843
12626.5 3 1.73205
12627.5 8 2.82843
12628.5 1 1
12629.5 5 2.23607
12630.5 7 2.64575
12631.5 14 3.74166
12632.5 7 2.64575
12633.5 11 3.31662
12634.5 6 2.44949
12635.5 5 2.23607
12636.5 6 2.44949
12637.5 4 2
12638.5 5 2.23607
12639.5 4 2
12640.5 4 2
12641.5 4 2
12642.5 3 1.73205
12643.5 8 2.82843
12644.5 7 2.64575
12645.5 8 2.82843
12646.5 5 2.23607
12647.5 6 2.44949
12648.5 10 3.16228
12649.5 4 2
12650.5 8 2.82843
12651.5 8 2.82843
12652.5 4 2
12653.5 9 3
12654.5 8 2.82843
12655.5 6 2.44949
12656.5 5 2.23607
12657.5 6 2.44949
12658.5 3 1.73205
12659.5 7 2.64575
12660.5 7 2.64575
12661.5 5 2.23607
12662.5 6 2.44949
12663.5 3 1.73205
12664.5 8 2.82843
12665.5 6 2.44949
12666.5 5 2.23607
12667.5 7 2.64575
12668.5 11 3.31662
12669.5 6 2.44949
12670.5 15 3.87298
12671.5 5 2.23607
12672.5 5 2.23607
12673.5 7 2.64575
12674.5 8 2.82843
12675.5 4 2
12676.5 5 2.23607
12677.5 7 2.64575
12678.5 9 3
12679.5 7 2.64575
12680.5 5 2.23607
12681.5 5 2.23607
12682.5 8 2.82843
12683.5 7 2.64575
12684.5 2 1.41421
12685.5 6 2.44949
12686.5 13 3.60555
12687.5 2 1.41421
12688.5 8 2.82843
12689.5 5 2.23607
12690.5 3 1.73205
12691.5 7 2.64575
12692.5 3 1.73205
12693.5 7 2.64575
12694.5 6 2.44949
12695.5 7 2.64575
12696.5 2 1.41421
12697.5 1 1
12698.5 7 2.64575
12699.5 11 3.31662
12700.5 8 2.82843
12701.5 9 3
12702.5 6 2.44949
12703.5 3 1.73205
12704.5 8 2.82843
12705.5 5 2.23607
12706.5 3 1.73205
12707.5 3 1.73205
12708.5 7 2.64575
12709.5 9 3
12710.5 13 3.60555
12711.5 10 3.16228
12712.5 6 2.44949
12713.5 2 1.41421
12714.5 6 2.44949
12715.5 8 2.82843
12716.5 4 2
12717.5 9 3
12718.5 10 3.16228
12719.5 4 2
12720.5 4 2
12721.5 8 2.82843
12722.5 9 3
12723.5 10 3.16228
12724.5 6 2.44949
12725.5 10 3.16228
12726.5 7 2.64575
12727.5 4 2
12728.5 5 2.23607
12729.5 9 3
12730.5 8 2.82843
12731.5 4 2
12732.5 10 3.16228
12733.5 6 2.44949
12734.5 7 2.64575
12735.5 4 2
12736.5 5 2.23607
12737.5 10 3.16228
12738.5 2 1.41421
12739.5 6 2.44949
12740.5 5 2.23607
12741.5 6 2.44949
12742.5 10 3.16228
12743.5 3 1.73205
12744.5 8 2.82843
12745.5 8 2.82843
12746.5 10 3.16228
12747.5 5 2.23607
12748.5 5 2.23607
12749.5 12 3.4641
12750.5 3 1.73205
12751.5 6 2.44949
12752.5 7 2.64575
12753.5 4 2
12754.5 5 2.23607
12755.5 4 2
12756.5 7 2.64575
12757.5 3 1.73205
12758.5 7 2.64575
12759.5 4 2
12760.5 7 2.64575
12761.5 6 2.44949
12762.5 4 2
12763.5 10 3.16228
12764.5 8 2.82843
12765.5 5 2.23607
12766.5 7 2.64575
12767.5 8 2.82843
12768.5 5 2.23607
12769.5 6 2.44949
12770.5 10 3.16228
12771.5 5 2.23607
12772.5 12 3.4641
12773.5 9 3
12774.5 4 2
12775.5 5 2.23607
12776.5 5 2.23607
12777.5 6 2.44949
12778.5 8 2.82843
12779.5 4 2
12780.5 4 2
12781.5 10 3.16228
12782.5 4 2
12783.5 7 2.64575
12784.5 6 2.44949
12785.5 7 2.64575
12786.5 10 3.16228
12787.5 8 2.82843
12788.5 4 2
12789.5 11 3.31662
12790.5 11 3.31662
12791.5 4 2
12792.5 8 2.82843
12793.5 7 2.64575
12794.5 5 2.23607
12795.5 7 2.64575
12796.5 9 3
12797.5 6 2.44949
12798.5 6 2.44949
12799.5 10 3.16228
12800.5 5 2.23607
12801.5 5 2.23607
12802.5 9 3
12803.5 6 2.44949
12804.5 3 1.73205
12805.5 5 2.23607
12806.5 9 3
12807.5 5 2.23607
12808.5 7 2.64575
12809.5 8 2.82843
12810.5 2 1.41421
12811.5 13 3.60555
12812.5 7 2.64575
12813.5 7 2.64575
12814.5 4 2
12815.5 7 2.64575
12816.5 6 2.44949
12817.5 9 3
12818.5 5 2.23607
12819.5 6 2.44949
12820.5 3 1.73205
12821.5 4 2
12822.5 5 2.23607
12823.5 4 2
12824.5 10 3.16228
12825.5 8 2.82843
12826.5 7 2.64575
12827.5 11 3.31662
12828.5 4 2
12829.5 9 3
12830.5 8 2.82843
12831.5 7 2.64575
12832.5 7 2.64575
12833.5 11 3.31662
12834.5 9 3
12835.5 4 2
12836.5 6 2.44949
12837.5 5 2.23607
12838.5 7 2.64575
12839.5 7 2.64575
12840.5 4 2
12841.5 4 2
12842.5 4 2
12843.5 8 2.82843
12844.5 4 2
12845.5 3 1.73205
12846.5 6 2.44949
12847.5 8 2.82843
12848.5 6 2.44949
12849.5 4 2
12850.5 2 1.41421
12851.5 6 2.44949
12852.5 3 1.73205
12853.5 8 2.82843
12854.5 4 2
12855.5 9 3
12856.5 6 2.44949
12857.5 9 3
12858.5 8 2.82843
12859.5 6 2.44949
12860.5 6 2.44949
12861.5 8 2.82843
12862.5 11 3.31662
12863.5 10 3.16228
12864.5 7 2.64575
12865.5 6 2.44949
12866.5 6 2.44949
12867.5 7 2.64575
12868.5 5 2.23607
12869.5 5 2.23607
12870.5 5 2.23607
12871.5 6 2.44949
12872.5 7 2.64575
12873.5 7 2.64575
12874.5 5 2.23607
12875.5 8 2.82843
12876.5 9 3
12877.5 6 2.44949
12878.5 9 3
12879.5 6 2.44949
12880.5 4 2
12881.5 3 1.73205
12882.5 4 2
12883.5 3 1.73205
12884.5 8 2.82843
12885.5 4 2
12886.5 10 3.16228
12887.5 4 2
12888.5 1 1
12889.5 8 2.82843
12890.5 4 2
12891.5 4 2
12892.5 8 2.82843
12893.5 7 2.64575
12894.5 5 2.23607
12895.5 5 2.23607
12896.5 7 2.64575
12897.5 10 3.16228
12898.5 7 2.64575
12899.5 5 2.23607
12900.5 10 3.16228
12901.5 9 3
12902.5 4 2
12903.5 8 2.82843
12904.5 4 2
12905.5 7 2.64575
12906.5 7 2.64575
12907.5 8 2.82843
12908.5 6 2.44949
12909.5 6 2.44949
12910.5 4 2
12911.5 13 3.60555
12912.5 5 2.23607
12913.5 7 2.64575
12914.5 10 3.16228
12915.5 9 3
12916.5 3 1.73205
12917.5 6 2.44949
12918.5 9 3
12919.5 7 2.64575
12920.5 7 2.64575
12921.5 9 3
12922.5 4 2
12923.5 6 2.44949
12924.5 4 2
12925.5 10 3.16228
12926.5 6 2.44949
12927.5 5 2.23607
12928.5 10 3.16228
12929.5 4 2
12930.5 12 3.4641
12931.5 5 2.23607
12932.5 8 2.82843
12933.5 10 3.16228
12934.5 4 2
12935.5 2 1.41421
12936.5 10 3.16228
12937.5 7 2.64575
12938.5 7 2.64575
12939.5 4 2
12940.5 5 2.23607
12941.5 7 2.64575
12942.5 3 1.73205
12943.5 4 2
12944.5 7 2.64575
12945.5 11 3.31662
12946.5 8 2.82843
12947.5 12 3.4641
12948.5 5 2.23607
12949.5 11 3.31662
12950.5 3 1.73205
12951.5 8 2.82843
12952.5 8 2.82843
12953.5 9 3
12954.5 9 3
12955.5 6 2.44949
12956.5 10 3.16228
12957.5 8 2.82843
12958.5 8 2.82843
12959.5 6 2.44949
12960.5 5 2.23607
12961.5 6 2.44949
12962.5 9 3
12963.5 0 0
12964.5 13 3.60555
12965.5 5 2.23607
12966.5 7 2.64575
12967.5 4 2
12968.5 8 2.82843
12969.5 7 2.64575
12970.5 6 2.44949
12971.5 4 2
12972.5 6 2.44949
12973.5 13 3.60555
12974.5 5 2.23607
12975.5 2 1.41421
12976.5 3 1.73205
12977.5 7 2.64575
12978.5 2 1.41421
12979.5 11 3.31662
12980.5 9 3
12981.5 3 1.73205
12982.5 6 2.44949
12983.5 2 1.41421
12984.5 7 2.64575
12985.5 8 2.82843
12986.5 10 3.16228
12987.5 5 2.23607
12988.5 9 3
12989.5 8 2.82843
12990.5 1 1
12991.5 4 2
12992.5 4 2
12993.5 10 3.16228
12994.5 1 1
12995.5 4 2
12996.5 1 1
12997.5 6 2.44949
12998.5 6 2.44949
12999.5 8 2.82843
13000.5 7 2.64575
13001.5 2 1.41421
13002.5 8 2.82843
13003.5 9 3
13004.5 7 2.64575
13005.5 5 2.23607
13006.5 7 2.64575
13007.5 8 2.82843
13008.5 3 1.73205
13009.5 7 2.64575
13010.5 5 2.23607
13011.5 5 2.23607
13012.5 5 2.23607
13013.5 6 2.44949
13014.5 7 2.64575
13015.5 3 1.73205
13016.5 5 2.23607
13017.5 9 3
13018.5 7 2.64575
13019.5 6 2.44949
13020.5 9 3
13021.5 5 2.23607
13022.5 5 2.23607
13023.5 11 3.31662
13024.5 6 2.44949
13025.5 10 3.16228
13026.5 8 2.82843
13027.5 5 2.23607
13028.5 2 1.41421
13029.5 4 2
13030.5 4 2
13031.5 5 2.23607
13032.5 8 2.82843
13033.5 7 2.64575
13034.5 7 2.64575
13035.5 8 2.82843
13036.5 3 1.73205
13037.5 10 3.16228
13038.5 8 2.82843
13039.5 6 2.44949
13040.5 5 2.23607
13041.5 3 1.73205
13042.5 8 2.82843
13043.5 6 2.44949
13044.5 6 2.44949
13045.5 8 2.82843
13046.5 5 2.23607
13047.5 8 2.82843
13048.5 7 2.64575
13049.5 8 2.82843
13050.5 6 2.44949
13051.5 6 2.44949
13052.5 7 2.64575
13053.5 5 2.23607
13054.5 4 2
13055.5 7 2.64575
13056.5 6 2.44949
13057.5 3 1.73205
13058.5 4 2
13059.5 6 2.44949
13060.5 3 1.73205
13061.5 8 2.82843
13062.5 7 2.64575
13063.5 7 2.64575
13064.5 3 1.73205
13065.5 5 2.23607
13066.5 7 2.64575
13067.5 4 2
13068.5 11 3.31662
13069.5 6 2.44949
13070.5 5 2.23607
13071.5 7 2.64575
13072.5 6 2.44949
13073.5 5 2.23607
13074.5 4 2
13075.5 4 2
13076.5 3 1.73205
13077.5 12 3.4641
13078.5 5 2.23607
13079.5 4 2
13080.5 6 2.44949
13081.5 10 3.16228
13082.5 3 1.73205
13083.5 8 2.82843
13084.5 9 3
13085.5 4 2
13086.5 9 3
13087.5 11 3.31662
13088.5 3 1.73205
13089.5 6 2.44949
13090.5 2 1.41421
13091.5 7 2.64575
13092.5 3 1.73205
13093.5 5 2.23607
13094.5 4 2
13095.5 6 2.44949
13096.5 5 2.23607
13097.5 4 2
13098.5 10 3.16228
13099.5 6 2.44949
13100.5 3 1.73205
13101.5 4 2
13102.5 7 2.64575
13103.5 8 2.82843
13104.5 9 3
13105.5 11 3.31662
13106.5 5 2.23607
13107.5 9 3
13108.5 7 2.64575
13109.5 7 2.64575
13110.5 9 3
13111.5 7 2.64575
13112.5 8 2.82843
13113.5 5 2.23607
13114.5 5 2.23607
13115.5 8 2.82843
13116.5 10 3.16228
13117.5 7 2.64575
13118.5 7 2.64575
13119.5 6 2.44949
13120.5 4 2
13121.5 6 2.44949
13122.5 9 3
13123.5 10 3.16228
13124.5 11 3.31662
13125.5 10 3.16228
13126.5 8 2.82843
13127.5 3 1.73205
13128.5 5 2.23607
13129.5 12 3.4641
13130.5 5 2.23607
13131.5 2 1.41421
13132.5 7 2.64575
13133.5 4 2
13134.5 4 2
13135.5 6 2.44949
13136.5 4 2
13137.5 2 1.41421
13138.5 6 2.44949
13139.5 8 2.82843
13140.5 5 2.23607
13141.5 8 2.82843
13142.5 8 2.82843
13143.5 7 2.64575
13144.5 13 3.60555
13145.5 10 3.16228
13146.5 3 1.73205
13147.5 8 2.82843
13148.5 7 2.64575
13149.5 7 2.64575
13150.5 9 3
13151.5 6 2.44949
13152.5 6 2.44949
13153.5 12 3.4641
13154.5 11 3.31662
13155.5 7 2.64575
13156.5 5 2.23607
13157.5 7 2.64575
13158.5 7 2.64575
13159.5 6 2.44949
13160.5 2 1.41421
13161.5 5 2.23607
13162.5 8 2.82843
13163.5 7 2.64575
13164.5 10 3.16228
13165.5 5 2.23607
13166.5 2 1.41421
13167.5 11 3.31662
13168.5 6 2.44949
13169.5 10 3.16228
13170.5 4 2
13171.5 6 2.44949
13172.5 9 3
13173.5 9 3
13174.5 5 2.23607
13175.5 4 2
13176.5 8 2.82843
13177.5 3 1.73205
13178.5 8 2.82843
13179.5 4 2
13180.5 9 3
13181.5 7 2.64575
13182.5 5 2.23607
13183.5 5 2.23607
13184.5 8 2.82843
13185.5 6 2.44949
13186.5 7 2.64575
13187.5 8 2.82843
13188.5 7 2.64575
13189.5 5 2.23607
13190.5 11 3.31662
13191.5 5 2.23607
13192.5 6 2.44949
13193.5 6 2.44949
13194.5 6 2.44949
13195.5 6 2.44949
13196.5 4 2
13197.5 7 2.64575
13198.5 10 3.16228
13199.5 2 1.41421
13200.5 4 2
13201.5 8 2.82843
13202.5 6 2.44949
13203.5 3 1.73205
13204.5 9 3
13205.5 3 1.73205
13206.5 5 2.23607
13207.5 7 2.64575
13208.5 9 3
13209.5 8 2.82843
13210.5 7 2.64575
13211.5 10 3.16228
13212.5 9 3
13213.5 3 1.73205
13214.5 10 3.16228
13215.5 8 2.82843
13216.5 4 2
13217.5 5 2.23607
13218.5 4 2
13219.5 4 2
13220.5 6 2.44949
13221.5 6 2.44949
13222.5 5 2.23607
13223.5 9 3
13224.5 10 3.16228
13225.5 6 2.44949
13226.5 9 3
13227.5 9 3
13228.5 4 2
13229.5 9 3
13230.5 8 2.82843
13231.5 6 2.44949
13232.5 3 1.73205
13233.5 8 2.82843
13234.5 5 2.23607
13235.5 10 3.16228
13236.5 5 2.23607
13237.5 3 1.73205
13238.5 7 2.64575
13239.5 4 2
13240.5 11 3.31662
13241.5 2 1.41421
13242.5 3 1.73205
13243.5 9 3
13244.5 4 2
13245.5 2 1.41421
13246.5 6 2.44949
13247.5 6 2.44949
13248.5 9 3
13249.5 10 3.16228
13250.5 4 2
13251.5 6 2.44949
13252.5 10 3.16228
13253.5 6 2.44949
13254.5 5 2.23607
13255.5 9 3
13256.5 4 2
13257.5 7 2.64575
13258.5 7 2.64575
13259.5 9 3
13260.5 8 2.82843
13261.5 5 2.23607
13262.5 2 1.41421
13263.5 9 3
13264.5 6 2.44949
13265.5 7 2.64575
13266.5 9 3
13267.5 4 2
13268.5 7 2.64575
13269.5 7 2.64575
13270.5 7 2.64575
13271.5 5 2.23607
13272.5 8 2.82843
13273.5 3 1.73205
13274.5 4 2
13275.5 6 2.44949
13276.5 7 2.64575
13277.5 3 1.73205
13278.5 5 2.23607
13279.5 3 1.73205
13280.5 4 2
13281.5 10 3.16228
13282.5 2 1.41421
13283.5 8 2.82843
13284.5 5 2.23607
13285.5 7 2.64575
13286.5 8 2.82843
13287.5 4 2
13288.5 12 3.4641
13289.5 4 2
13290.5 11 3.31662
13291.5 7 2.64575
13292.5 4 2
13293.5 10 3.16228
13294.5 5 2.23607
13295.5 9 3
13296.5 2 1.41421
13297.5 8 2.82843
13298.5 6 2.44949
13299.5 3 1.73205
13300.5 4 2
13301.5 6 2.44949
13302.5 5 2.23607
13303.5 4 2
13304.5 4 2
13305.5 2 1.41421
13306.5 8 2.82843
13307.5 7 2.64575
13308.5 4 2
13309.5 10 3.16228
13310.5 9 3
13311.5 8 2.82843
13312.5 9 3
13313.5 5 2.23607
13314.5 9 3
13315.5 7 2.64575
13316.5 7 2.64575
13317.5 9 3
13318.5 5 2.23607
13319.5 4 2
13320.5 3 1.73205
13321.5 7 2.64575
13322.5 6 2.44949
13323.5 6 2.44949
13324.5 2 1.41421
13325.5 6 2.44949
13326.5 10 3.16228
13327.5 10 3.16228
13328.5 8 2.82843
13329.5 8 2.82843
13330.5 4 2
13331.5 12 3.4641
13332.5 5 2.23607
13333.5 3 1.73205
13334.5 5 2.23607
13335.5 9 3
13336.5 7 2.64575
13337.5 8 2.82843
13338.5 8 2.82843
13339.5 5 2.23607
13340.5 7 2.64575
13341.5 9 3
13342.5 11 3.31662
13343.5 4 2
13344.5 5 2.23607
13345.5 6 2.44949
13346.5 5 2.23607
13347.5 5 2.23607
13348.5 8 2.82843
13349.5 3 1.73205
13350.5 10 3.16228
13351.5 5 2.23607
13352.5 8 2.82843
13353.5 5 2.23607
13354.5 3 1.73205
13355.5 7 2.64575
13356.5 5 2.23607
13357.5 7 2.64575
13358.5 12 3.4641
13359.5 12 3.4641
13360.5 6 2.44949
13361.5 10 3.16228
13362.5 4 2
13363.5 6 2.44949
13364.5 1 1
13365.5 3 1.73205
13366.5 5 2.23607
13367.5 6 2.44949
13368.5 3 1.73205
13369.5 7 2.64575
13370.5 5 2.23607
13371.5 7 2.64575
13372.5 7 2.64575
13373.5 4 2
13374.5 9 3
13375.5 9 3
13376.5 7 2.64575
13377.5 9 3
13378.5 8 2.82843
13379.5 5 2.23607
13380.5 6 2.44949
13381.5 9 3
13382.5 6 2.44949
13383.5 5 2.23607
13384.5 5 2.23607
13385.5 12 3.4641
13386.5 7 2.64575
13387.5 9 3
13388.5 2 1.41421
13389.5 7 2.64575
13390.5 4 2
13391.5 5 2.23607
13392.5 5 2.23607
13393.5 8 2.82843
13394.5 11 3.31662
13395.5 5 2.23607
13396.5 8 2.82843
13397.5 7 2.64575
13398.5 9 3
13399.5 8 2.82843
13400.5 5 2.23607
13401.5 3 1.73205
13402.5 4 2
13403.5 3 1.73205
13404.5 8 2.82843
13405.5 12 3.4641
13406.5 11 3.31662
13407.5 9 3
13408.5 6 2.44949
13409.5 10 3.16228
13410.5 6 2.44949
13411.5 6 2.44949
13412.5 9 3
13413.5 7 2.64575
13414.5 9 3
13415.5 4 2
13416.5 9 3
13417.5 2 1.41421
13418.5 7 2.64575
13419.5 11 3.31662
13420.5 6 2.44949
13421.5 5 2.23607
13422.5 8 2.82843
13423.5 6 2.44949
13424.5 8 2.82843
13425.5 9 3
13426.5 10 3.16228
13427.5 4 2
13428.5 11 3.31662
13429.5 2 1.41421
13430.5 8 2.82843
13431.5 6 2.44949
13432.5 2 1.41421
13433.5 4 2
13434.5 7 2.64575
13435.5 6 2.44949
13436.5 10 3.16228
13437.5 6 2.44949
13438.5 3 1.73205
13439.5 9 3
13440.5 10 3.16228
13441.5 9 3
13442.5 6 2.44949
13443.5 3 1.73205
13444.5 4 2
13445.5 10 3.16228
13446.5 7 2.64575
13447.5 4 2
13448.5 4 2
13449.5 7 2.64575
13450.5 10 3.16228
13451.5 1 1
13452.5 9 3
13453.5 5 2.23607
13454.5 8 2.82843
13455.5 8 2.82843
13456.5 8 2.82843
13457.5 10 3.16228
13458.5 9 3
13459.5 10 3.16228
13460.5 5 2.23607
13461.5 7 2.64575
13462.5 8 2.82843
13463.5 12 3.4641
13464.5 7 2.64575
13465.5 4 2
13466.5 10 3.16228
13467.5 5 2.23607
13468.5 6 2.44949
13469.5 3 1.73205
13470.5 7 2.64575
13471.5 8 2.82843
13472.5 4 2
13473.5 5 2.23607
13474.5 8 2.82843
13475.5 7 2.64575
13476.5 6 2.44949
13477.5 7 2.64575
13478.5 7 2.64575
13479.5 7 2.64575
13480.5 7 2.64575
13481.5 9 3
13482.5 8 2.82843
13483.5 4 2
13484.5 9 3
13485.5 6 2.44949
13486.5 6 2.44949
13487.5 8 2.82843
13488.5 5 2.23607
13489.5 6 2.44949
13490.5 7 2.64575
13491.5 8 2.82843
13492.5 4 2
13493.5 5 2.23607
13494.5 6 2.44949
13495.5 5 2.23607
13496.5 11 3.31662
13497.5 5 2.23607
13498.5 6 2.44949
13499.5 6 2.44949
13500.5 11 3.31662
13501.5 7 2.64575
13502.5 11 3.31662
13503.5 6 2.44949
13504.5 6 2.44949
13505.5 8 2.82843
13506.5 6 2.44949
13507.5 5 2.23607
13508.5 9 3
13509.5 4 2
13510.5 6 2.44949
13511.5 5 2.23607
13512.5 7 2.64575
13513.5 9 3
13514.5 8 2.82843
13515.5 5 2.23607
13516.5 13 3.60555
13517.5 12 3.4641
13518.5 8 2.82843
13519.5 7 2.64575
13520.5 4 2
13521.5 7 2.64575
13522.5 5 2.23607
13523.5 12 3.4641
13524.5 5 2.23607
13525.5 5 2.23607
13526.5 8 2.82843
13527.5 7 2.64575
13528.5 9 3
13529.5 7 2.64575
13530.5 9 3
13531.5 8 2.82843
13532.5 5 2.23607
13533.5 4 2
13534.5 9 3
13535.5 7 2.64575
13536.5 9 3
13537.5 5 2.23607
13538.5 8 2.82843
13539.5 9 3
13540.5 9 3
13541.5 7 2.64575
13542.5 11 3.31662
13543.5 8 2.82843
13544.5 9 3
13545.5 5 2.23607
13546.5 5 2.23607
13547.5 17 4.12311
13548.5 8 2.82843
13549.5 10 3.16228
13550.5 7 2.64575
13551.5 8 2.82843
13552.5 5 2.23607
13553.5 9 3
13554.5 6 2.44949
13555.5 7 2.64575
13556.5 7 2.64575
13557.5 11 3.31662
13558.5 8 2.82843
13559.5 7 2.64575
13560.5 3 1.73205
13561.5 9 3
13562.5 4 2
13563.5 8 2.82843
13564.5 4 2
13565.5 3 1.73205
13566.5 9 3
13567.5 7 2.64575
13568.5 11 3.31662
13569.5 10 3.16228
13570.5 8 2.82843
13571.5 8 2.82843
13572.5 8 2.82843
13573.5 8 2.82843
13574.5 9 3
13575.5 10 3.16228
13576.5 8 2.82843
13577.5 5 2.23607
13578.5 10 3.16228
13579.5 3 1.73205
13580.5 9 3
13581.5 12 3.4641
13582.5 6 2.44949
13583.5 8 2.82843
13584.5 9 3
13585.5 5 2.23607
13586.5 8 2.82843
13587.5 5 2.23607
13588.5 7 2.64575
13589.5 10 3.16228
13590.5 10 3.16228
13591.5 10 3.16228
13592.5 5 2.23607
13593.5 6 2.44949
13594.5 4 2
13595.5 4 2
13596.5 4 2
13597.5 6 2.44949
13598.5 5 2.23607
13599.5 9 3
13600.5 3 1.73205
13601.5 4 2
13602.5 6 2.44949
13603.5 9 3
13604.5 3 1.73205
13605.5 7 2.64575
13606.5 4 2
13607.5 7 2.64575
13608.5 4 2
13609.5 5 2.23607
13610.5 5 2.23607
13611.5 5 2.23607
13612.5 6 2.44949
13613.5 4 2
13614.5 7 2.64575
13615.5 3 1.73205
13616.5 8 2.82843
13617.5 6 2.44949
13618.5 6 2.44949
13619.5 2 1.41421
13620.5 11 3.31662
13621.5 9 3
13622.5 4 2
13623.5 5 2.23607
13624.5 8 2.82843
13625.5 1 1
13626.5 4 2
13627.5 10 3.16228
13628.5 7 2.64575
13629.5 6 2.44949
13630.5 9 3
13631.5 5 2.23607
13632.5 4 2
13633.5 7 2.64575
13634.5 7 2.64575
13635.5 5 2.23607
13636.5 7 2.64575
13637.5 10 3.16228
13638.5 5 2.23607
13639.5 2 1.41421
13640.5 3 1.73205
13641.5 6 2.44949
13642.5 4 2
13643.5 2 1.41421
13644.5 5 2.23607
13645.5 2 1.41421
13646.5 8 2.82843
13647.5 6 2.44949
13648.5 3 1.73205
13649.5 7 2.64575
13650.5 2 1.41421
13651.5 8 2.82843
13652.5 10 3.16228
13653.5 9 3
13654.5 5 2.23607
13655.5 6 2.44949
13656.5 4 2
13657.5 7 2.64575
13658.5 2 1.41421
13659.5 2 1.41421
13660.5 7 2.64575
13661.5 6 2.44949
13662.5 5 2.23607
13663.5 5 2.23607
13664.5 3 1.73205
13665.5 4 2
13666.5 8 2.82843
13667.5 3 1.73205
13668.5 6 2.44949
13669.5 5 2.23607
13670.5 4 2
13671.5 4 2
13672.5 6 2.44949
13673.5 5 2.23607
13674.5 3 1.73205
13675.5 4 2
13676.5 4 2
13677.5 5 2.23607
13678.5 6 2.44949
13679.5 6 2.44949
13680.5 6 2.44949
13681.5 7 2.64575
13682.5 2 1.41421
13683.5 4 2
13684.5 6 2.44949
13685.5 6 2.44949
13686.5 4 2
13687.5 3 1.73205
13688.5 3 1.73205
13689.5 6 2.44949
13690.5 8 2.82843
13691.5 8 2.82843
13692.5 4 2
13693.5 7 2.64575
13694.5 7 2.64575
13695.5 8 2.82843
13696.5 7 2.64575
13697.5 9 3
13698.5 7 2.64575
13699.5 2 1.41421
13700.5 5 2.23607
13701.5 4 2
13702.5 9 3
13703.5 4 2
13704.5 6 2.44949
13705.5 2 1.41421
13706.5 5 2.23607
13707.5 5 2.23607
13708.5 5 2.23607
13709.5 5 2.23607
13710.5 7 2.64575
13711.5 8 2.82843
13712.5 5 2.23607
13713.5 8 2.82843
13714.5 9 3
13715.5 12 3.4641
13716.5 5 2.23607
13717.5 5 2.23607
13718.5 4 2
13719.5 6 2.44949
13720.5 7 2.64575
13721.5 8 2.82843
13722.5 3 1.73205
13723.5 6 2.44949
13724.5 4 2
13725.5 5 2.23607
13726.5 6 2.44949
13727.5 2 1.41421
13728.5 4 2
13729.5 7 2.64575
13730.5 1 1
13731.5 8 2.82843
13732.5 3 1.73205
13733.5 4 2
13734.5 2 1.41421
13735.5 1 1
13736.5 7 2.64575
13737.5 3 1.73205
13738.5 3 1.73205
13739.5 3 1.73205
13740.5 3 1.73205
13741.5 6 2.44949
13742.5 4 2
13743.5 3 1.73205
13744.5 10 3.16228
13745.5 0 0
13746.5 2 1.41421
13747.5 3 1.73205
13748.5 5 2.23607
13749.5 7 2.64575
13750.5 5 2.23607
13751.5 6 2.44949
13752.5 8 2.82843
13753.5 1 1
13754.5 3 1.73205
13755.5 7 2.64575
13756.5 3 1.73205
13757.5 3 1.73205
13758.5 6 2.44949
13759.5 5 2.23607
13760.5 5 2.23607
13761.5 7 2.64575
13762.5 2 1.41421
13763.5 6 2.44949
13764.5 4 2
13765.5 3 1.73205
13766.5 4 2
13767.5 7 2.64575
13768.5 4 2
13769.5 8 2.82843
13770.5 9 3
13771.5 4 2
13772.5 5 2.23607
13773.5 5 2.23607
13774.5 6 2.44949
13775.5 6 2.44949
13776.5 3 1.73205
13777.5 3 1.73205
13778.5 3 1.73205
13779.5 7 2.64575
13780.5 2 1.41421
13781.5 5 2.23607
13782.5 5 2.23607
13783.5 3 1.73205
13784.5 5 2.23607
13785.5 4 2
13786.5 5 2.23607
13787.5 6 2.44949
13788.5 7 2.64575
13789.5 4 2
13790.5 6 2.44949
13791.5 3 1.73205
13792.5 2 1.41421
13793.5 5 2.23607
13794.5 7 2.64575
13795.5 8 2.82843
13796.5 2 1.41421
13797.5 4 2
13798.5 4 2
13799.5 7 2.64575
13800.5 4 2
13801.5 9 3
13802.5 1 1
13803.5 8 2.82843
13804.5 4 2
13805.5 5 2.23607
13806.5 4 2
13807.5 5 2.23607
13808.5 8 2.82843
13809.5 3 1.73205
13810.5 4 2
13811.5 4 2
13812.5 5 2.23607
13813.5 5 2.23607
13814.5 6 2.44949
13815.5 3 1.73205
13816.5 4 2
13817.5 9 3
13818.5 5 2.23607
13819.5 3 1.73205
13820.5 5 2.23607
13821.5 5 2.23607
13822.5 8 2.82843
13823.5 2 1.41421
13824.5 5 2.23607
13825.5 4 2
13826.5 7 2.64575
13827.5 3 1.73205
13828.5 4 2
13829.5 5 2.23607
13830.5 3 1.73205
13831.5 3 1.73205
13832.5 6 2.44949
13833.5 4 2
13834.5 4 2
13835.5 9 3
13836.5 9 3
13837.5 5 2.23607
13838.5 5 2.23607
13839.5 9 3
13840.5 6 2.44949
13841.5 4 2
13842.5 2 1.41421
13843.5 4 2
13844.5 3 1.73205
13845.5 6 2.44949
13846.5 6 2.44949
13847.5 4 2
13848.5 5 2.23607
13849.5 8 2.82843
13850.5 3 1.73205
13851.5 5 2.23607
13852.5 5 2.23607
13853.5 3 1.73205
13854.5 3 1.73205
13855.5 1 1
13856.5 3 1.73205
13857.5 2 1.41421
13858.5 2 1.41421
13859.5 3 1.73205
13860.5 7 2.64575
13861.5 2 1.41421
13862.5 4 2
13863.5 6 2.44949
13864.5 7 2.64575
13865.5 3 1.73205
13866.5 2 1.41421
13867.5 2 1.41421
13868.5 5 2.23607
13869.5 3 1.73205
13870.5 5 2.23607
13871.5 2 1.41421
13872.5 3 1.73205
13873.5 6 2.44949
13874.5 5 2.23607
13875.5 3 1.73205
13876.5 4 2
13877.5 5 2.23607
13878.5 3 1.73205
13879.5 6 2.44949
13880.5 4 2
13881.5 6 2.44949
13882.5 4 2
13883.5 3 1.73205
13884.5 4 2
13885.5 6 2.44949
13886.5 1 1
13887.5 7 2.64575
13888.5 8 2.82843
13889.5 5 2.23607
13890.5 4 2
13891.5 5 2.23607
13892.5 6 2.44949
13893.5 5 2.23607
13894.5 3 1.73205
13895.5 3 1.73205
13896.5 8 2.82843
13897.5 4 2
13898.5 2 1.41421
13899.5 6 2.44949
13900.5 4 2
13901.5 5 2.23607
13902.5 4 2
13903.5 5 2.23607
13904.5 4 2
13905.5 6 2.44949
13906.5 1 1
13907.5 4 2
13908.5 10 3.16228
13909.5 0 0
13910.5 4 2
13911.5 4 2
13912.5 8 2.82843
13913.5 5 2.23607
13914.5 4 2
13915.5 4 2
13916.5 2 1.41421
13917.5 3 1.73205
13918.5 9 3
13919.5 2 1.41421
13920.5 7 2.64575
13921.5 5 2.23607
13922.5 8 2.82843
13923.5 4 2
13924.5 1 1
13925.5 3 1.73205
13926.5 7 2.64575
13927.5 4 2
13928.5 4 2
13929.5 5 2.23607
13930.5 7 2.64575
13931.5 6 2.44949
13932.5 4 2
13933.5 1 1
13934.5 5 2.23607
13935.5 5 2.23607
13936.5 2 1.41421
13937.5 2 1.41421
13938.5 6 2.44949
13939.5 7 2.64575
13940.5 3 1.73205
13941.5 3 1.73205
13942.5 6 2.44949
13943.5 3 1.73205
13944.5 5 2.23607
13945.5 5 2.23607
13946.5 5 2.23607
13947.5 5 2.23607
13948.5 8 2.82843
13949.5 3 1.73205
13950.5 7 2.64575
13951.5 7 2.64575
13952.5 2 1.41421
13953.5 9 3
13954.5 2 1.41421
13955.5 10 3.16228
13956.5 7 2.64575
13957.5 4 2
13958.5 3 1.73205
13959.5 4 2
13960.5 3 1.73205
13961.5 6 2.44949
13962.5 5 2.23607
13963.5 5 2.23607
13964.5 8 2.82843
13965.5 7 2.64575
13966.5 3 1.73205
13967.5 6 2.44949
13968.5 5 2.23607
13969.5 7 2.64575
13970.5 2 1.41421
13971.5 4 2
13972.5 9 3
13973.5 7 2.64575
13974.5 8 2.82843
13975.5 5 2.23607
13976.5 6 2.44949
13977.5 5 2.23607
13978.5 6 2.44949
13979.5 4 2
13980.5 3 1.73205
13981.5 0 0
13982.5 8 2.82843
13983.5 2 1.41421
13984.5 6 2.44949
13985.5 2 1.41421
13986.5 2 1.41421
13987.5 4 2
13988.5 4 2
13989.5 3 1.73205
13990.5 3 1.73205
13991.5 5 2.23607
13992.5 4 2
13993.5 4 2
13994.5 3 1.73205
13995.5 1 1
13996.5 4 2
13997.5 2 1.41421
13998.5 7 2.64575
13999.5 5 2.23607
14000.5 5 2.23607
14001.5 2 1.41421
14002.5 2 1.41421
14003.5 0 0
14004.5 3 1.73205
14005.5 2 1.41421
14006.5 3 1.73205
14007.5 1 1
14008.5 2 1.41421
14009.5 3 1.73205
14010.5 2 1.41421
14011.5 1 1
14012.5 5 2.23607
14013.5 1 1
14014.5 3 1.73205
14015.5 6 2.44949
14016.5 5 2.23607
14017.5 5 2.23607
14018.5 1 1
14019.5 9 3
14020.5 4 2
14021.5 5 2.23607
14022.5 1 1
14023.5 1 1
14024.5 2 1.41421
14025.5 4 2
14026.5 2 1.41421
14027.5 10 3.16228
14028.5 3 1.73205
14029.5 1 1
14030.5 5 2.23607
14031.5 5 2.23607
14032.5 5 2.23607
14033.5 3 1.73205
14034.5 3 1.73205
14035.5 6 2.44949
14036.5 4 2
14037.5 1 1
14038.5 3 1.73205
14039.5 3 1.73205
14040.5 1 1
14041.5 4 2
14042.5 3 1.73205
14043.5 3 1.73205
14044.5 5 2.23607
14045.5 4 2
14046.5 5 2.23607
14047.5 2 1.41421
14048.5 4 2
14049.5 4 2
14050.5 3 1.73205
14051.5 5 2.23607
14052.5 3 1.73205
14053.5 1 1
14054.5 2 1.41421
14055.5 3 1.73205
14056.5 6 2.44949
14057.5 5 2.23607
14058.5 2 1.41421
14059.5 1 1
14060.5 1 1
14061.5 5 2.23607
14062.5 3 1.73205
14063.5 3 1.73205
14064.5 5 2.23607
14065.5 4 2
14066.5 4 2
14067.5 6 2.44949
14068.5 4 2
14069.5 5 2.23607
14070.5 0 0
14071.5 3 1.73205
14072.5 3 1.73205
14073.5 6 2.44949
14074.5 2 1.41421
14075.5 7 2.64575
14076.5 5 2.23607
14077.5 3 1.73205
14078.5 4 2
14079.5 5 2.23607
14080.5 12 3.4641
14081.5 7 2.64575
14082.5 2 1.41421
14083.5 6 2.44949
14084.5 6 2.44949
14085.5 6 2.44949
14086.5 4 2
14087.5 6 2.44949
14088.5 3 1.73205
14089.5 5 2.23607
14090.5 3 1.73205
14091.5 3 1.73205
14092.5 2 1.41421
14093.5 2 1.41421
14094.5 5 2.23607
14095.5 3 1.73205
14096.5 5 2.23607
14097.5 4 2
14098.5 1 1
14099.5 4 2
14100.5 1 1
14101.5 1 1
14102.5 2 1.41421
14103.5 5 2.23607
14104.5 5 2.23607
14105.5 6 2.44949
14106.5 4 2
14107.5 1 1
14108.5 4 2
14109.5 2 1.41421
14110.5 7 2.64575
14111.5 3 1.73205
14112.5 5 2.23607
14113.5 2 1.41421
14114.5 3 1.73205
14115.5 2 1.41421
14116.5 4 2
14117.5 3 1.73205
14118.5 4 2
14119.5 5 2.23607
14120.5 4 2
14121.5 5 2.23607
14122.5 2 1.41421
14123.5 4 2
14124.5 5 2.23607
14125.5 2 1.41421
14126.5 2 1.41421
14127.5 2 1.41421
14128.5 2 1.41421
14129.5 3 1.73205
14130.5 3 1.73205
14131.5 1 1
14132.5 3 1.73205
14133.5 3 1.73205
14134.5 0 0
14135.5 6 2.44949
14136.5 2 1.41421
14137.5 7 2.64575
14138.5 2 1.41421
14139.5 2 1.41421
14140.5 5 2.23607
14141.5 1 1
14142.5 2 1.41421
14143.5 2 1.41421
14144.5 3 1.73205
14145.5 3 1.73205
14146.5 3 1.73205
14147.5 3 1.73205
14148.5 1 1
14149.5 1 1
14150.5 1 1
14151.5 3 1.73205
14152.5 2 1.41421
14153.5 6 2.44949
14154.5 0 0
14155.5 2 1.41421
14156.5 1 1
14157.5 5 2.23607
14158.5 5 2.23607
14159.5 2 1.41421
14160.5 1 1
14161.5 6 2.44949
14162.5 3 1.73205
14163.5 0 0
14164.5 4 2
14165.5 5 2.23607
14166.5 7 2.64575
14167.5 2 1.41421
14168.5 5 2.23607
14169.5 3 1.73205
14170.5 1 1
14171.5 4 2
14172.5 4 2
14173.5 2 1.41421
14174.5 3 1.73205
14175.5 3 1.73205
14176.5 2 1.41421
14177.5 1 1
14178.5 0 0
14179.5 1 1
14180.5 5 2.23607
14181.5 5 2.23607
14182.5 2 1.41421
14183.5 5 2.23607
14184.5 0 0
14185.5 3 1.73205
14186.5 6 2.44949
14187.5 3 1.73205
14188.5 8 2.82843
14189.5 3 1.73205
14190.5 2 1.41421
14191.5 4 2
14192.5 2 1.41421
14193.5 4 2
14194.5 3 1.73205
14195.5 5 2.23607
14196.5 1 1
14197.5 3 1.73205
14198.5 4 2
14199.5 4 2
14200.5 2 1.41421
14201.5 2 1.41421
14202.5 1 1
14203.5 2 1.41421
14204.5 1 1
14205.5 3 1.73205
14206.5 0 0
14207.5 0 0
14208.5 2 1.41421
14209.5 0 0
14210.5 5 2.23607
14211.5 4 2
14212.5 3 1.73205
14213.5 0 0
14214.5 4 2
14215.5 4 2
14216.5 7 2.64575
14217.5 1 1
14218.5 1 1
14219.5 2 1.41421
14220.5 5 2.23607
14221.5 5 2.23607
14222.5 2 1.41421
14223.5 1 1
14224.5 2 1.41421
14225.5 0 0
14226.5 0 0
14227.5 2 1.41421
14228.5 2 1.41421
14229.5 4 2
14230.5 2 1.41421
14231.5 4 2
14232.5 1 1
14233.5 3 1.73205
14234.5 1 1
14235.5 6 2.44949
14236.5 2 1.41421
14237.5 2 1.41421
14238.5 2 1.41421
14239.5 3 1.73205
14240.5 3 1.73205
14241.5 4 2
14242.5 1 1
14243.5 3 1.73205
14244.5 6 2.44949
14245.5 2 1.41421
14246.5 0 0
14247.5 1 1
14248.5 3 1.73205
14249.5 1 1
14250.5 3 1.73205
14251.5 2 1.41421
14252.5 2 1.41421
14253.5 1 1
14254.5 3 1.73205
14255.5 1 1
14256.5 1 1
14257.5 4 2
14258.5 2 1.41421
14259.5 3 1.73205
14260.5 5 2.23607
14261.5 2 1.41421
14262.5 1 1
14263.5 4 2
14264.5 3 1.73205
14265.5 2 1.41421
14266.5 3 1.73205
14267.5 2 1.41421
14268.5 3 1.73205
14269.5 3 1.73205
14270.5 2 1.41421
14271.5 3 1.73205
14272.5 1 1
14273.5 1 1
14274.5 5 2.23607
14275.5 1 1
14276.5 3 1.73205
14277.5 2 1.41421
14278.5 0 0
14279.5 0 0
14280.5 3 1.73205
14281.5 4 2
14282.5 1 1
14283.5 1 1
14284.5 5 2.23607
14285.5 2 1.41421
14286.5 1 1
14287.5 2 1.41421
14288.5 3 1.73205
14289.5 2 1.41421
14290.5 1 1
14291.5 5 2.23607
14292.5 1 1
14293.5 0 0
14294.5 1 1
14295.5 1 1
14296.5 1 1
14297.5 3 1.73205
14298.5 3 1.73205
14299.5 2 1.41421
14300.5 3 1.73205
14301.5 1 1
14302.5 3 1.73205
14303.5 2 1.41421
14304.5 3 1.73205
14305.5 1 1
14306.5 2 1.41421
14307.5 2 1.41421
14308.5 3 1.73205
14309.5 1 1
14310.5 2 1.41421
14311.5 3 1.73205
14312.5 1 1
14313.5 2 1.41421
14314.5 2 1.41421
14315.5 7 2.64575
14316.5 1 1
14317.5 1 1
14318.5 2 1.41421
14319.5 3 1.73205
14320.5 1 1
14321.5 2 1.41421
14322.5 3 1.73205
14323.5 4 2
14324.5 0 0
14325.5 0 0
14326.5 1 1
14327.5 0 0
14328.5 3 1.73205
14329.5 1 1
14330.5 4 2
14331.5 0 0
14332.5 4 2
14333.5 1 1
14334.5 0 0
14335.5 1 1
14336.5 3 1.73205
14337.5 4 2
14338.5 1 1
14339.5 1 1
14340.5 0 0
14341.5 1 1
14342.5 1 1
14343.5 4 2
14344.5 0 0
14345.5 2 1.41421
14346.5 2 1.41421
14347.5 2 1.41421
14348.5 3 1.73205
14349.5 1 1
14350.5 1 1
14351.5 5 2.23607
14352.5 3 1.73205
14353.5 1 1
14354.5 2 1.41421
14355.5 4 2
14356.5 0 0
14357.5 1 1
14358.5 1 1
14359.5 1 1
14360.5 0 0
14361.5 2 1.41421
14362.5 2 1.41421
14363.5 3 1.73205
14364.5 2 1.41421
14365.5 0 0
14366.5 3 1.73205
14367.5 4 2
14368.5 4 2
14369.5 1 1
14370.5 3 1.73205
14371.5 3 1.73205
14372.5 2 1.41421
14373.5 1 1
14374.5 4 2
14375.5 1 1
14376.5 1 1
14377.5 0 0
14378.5 2 1.41421
14379.5 3 1.73205
14380.5 2 1.41421
14381.5 1 1
14382.5 1 1
14383.5 3 1.73205
14384.5 0 0
14385.5 1 1
14386.5 2 1.41421
14387.5 1 1
14388.5 1 1
14389.5 1 1
14390.5 1 1
14391.5 0 0
14392.5 1 1
14393.5 2 1.41421
14394.5 1 1
14395.5 3 1.73205
14396.5 0 0
14397.5 2 1.41421
14398.5 0 0
14399.5 1 1
14400.5 1 1
14401.5 2 1.41421
14402.5 3 1.73205
14403.5 1 1
14404.5 1 1
14405.5 0 0
14406.5 2 1.41421
14407.5 3 1.73205
14408.5 0 0
14409.5 0 0
14410.5 4 2
14411.5 2 1.41421
14412.5 3 1.73205
14413.5 2 1.41421
14414.5 0 0
14415.5 2 1.41421
14416.5 0 0
14417.5 2 1.41421
14418.5 1 1
14419.5 2 1.41421
14420.5 0 0
14421.5 0 0
14422.5 2 1.41421
14423.5 0 0
14424.5 1 1
14425.5 2 1.41421
14426.5 0 0
14427.5 1 1
14428.5 2 1.41421
14429.5 4 2
14430.5 2 1.41421
14431.5 1 1
14432.5 1 1
14433.5 1 1
14434.5 1 1
14435.5 0 0
14436.5 0 0
14437.5 2 1.41421
14438.5 0 0
14439.5 4 2
14440.5 3 1.73205
14441.5 1 1
14442.5 1 1
14443.5 0 0
14444.5 3 1.73205
14445.5 0 0
14446.5 1 1
14447.5 1 1
14448.5 0 0
14449.5 1 1
14450.5 1 1
14451.5 1 1
14452.5 1 1
14453.5 5 2.23607
14454.5 0 0
14455.5 1 1
14456.5 1 1
14457.5 1 1
14458.5 1 1
14459.5 0 0
14460.5 1 1
14461.5 0 0
14462.5 0 0
14463.5 1 1
14464.5 2 1.41421
14465.5 1 1
14466.5 3 1.73205
14467.5 2 1.41421
14468.5 0 0
14469.5 1 1
14470.5 0 0
14471.5 1 1
14472.5 0 0
14473.5 0 0
14474.5 3 1.73205
14475.5 1 1
14476.5 2 1.41421
14477.5 0 0
14478.5 0 0
14479.5 3 1.73205
14480.5 0 0
14481.5 2 1.41421
14482.5 1 1
14483.5 4 2
14484.5 0 0
14485.5 0 0
14486.5 1 1
14487.5 2 1.41421
14488.5 6 2.44949
14489.5 1 1
14490.5 0 0
14491.5 0 0
14492.5 1 1
14493.5 4 2
14494.5 1 1
14495.5 0 0
14496.5 1 1
14497.5 0 0
14498.5 0 0
14499.5 3 1.73205
14500.5 7 2.64575
14501.5 1 1
14502.5 1 1
14503.5 2 1.41421
14504.5 2 1.41421
14505.5 3 1.73205
14506.5 0 0
14507.5 0 0
14508.5 0 0
14509.5 0 0
14510.5 0 0
14511.5 1 1
14512.5 0 0
14513.5 2 1.41421
14514.5 0 0
14515.5 2 1.41421
14516.5 0 0
14517.5 2 1.41421
14518.5 0 0
14519.5 2 1.41421
14520.5 3 1.73205
14521.5 2 1.41421
14522.5 1 1
14523.5 1 1
14524.5 0 0
14525.5 2 1.41421
14526.5 1 1
14527.5 1 1
14528.5 0 0
14529.5 2 1.41421
14530.5 2 1.41421
14531.5 0 0
14532.5 0 0
14533.5 4 2
14534.5 1 1
14535.5 0 0
14536.5 2 1.41421
14537.5 0 0
14538.5 2 1.41421
14539.5 1 1
14540.5 5 2.23607
14541.5 2 1.41421
14542.5 4 2
14543.5 3 1.73205
14544.5 0 0
14545.5 6 2.44949
14546.5 2 1.41421
14547.5 2 1.41421
14548.5 1 1
14549.5 4 2
14550.5 4 2
14551.5 2 1.41421
14552.5 3 1.73205
14553.5 4 2
14554.5 4 2
14555.5 2 1.41421
14556.5 8 2.82843
14557.5 1 1
14558.5 6 2.44949
14559.5 6 2.44949
14560.5 8 2.82843
14561.5 6 2.44949
14562.5 5 2.23607
14563.5 6 2.44949
14564.5 0 0
14565.5 6 2.44949
14566.5 6 2.44949
14567.5 2 1.41421
14568.5 6 2.44949
14569.5 3 1.73205
14570.5 4 2
14571.5 5 2.23607
14572.5 0 0
14573.5 5 2.23607
14574.5 1 1
14575.5 3 1.73205
14576.5 4 2
14577.5 5 2.23607
14578.5 4 2
14579.5 1 1
14580.5 1 1
14581.5 1 1
14582.5 0 0
14583.5 3 1.73205
14584.5 1 1
14585.5 0 0
14586.5 0 0
14587.5 0 0
14588.5 1 1
14589.5 0 0
14590.5 3 1.73205
14591.5 0 0
14592.5 0 0
14593.5 2 1.41421
14594.5 0 0
14595.5 0 0
14596.5 1 1
14597.5 1 1
14598.5 2 1.41421
14599.5 0 0
14600.5 2 1.41421
14601.5 1 1
14602.5 4 2
14603.5 3 1.73205
14604.5 0 0
14605.5 0 0
14606.5 2 1.41421
14607.5 1 1
14608.5 0 0
14609.5 4 2
14610.5 1 1
14611.5 2 1.41421
14612.5 1 1
14613.5 1 1
14614.5 1 1
14615.5 3 1.73205
14616.5 0 0
14617.5 2 1.41421
14618.5 4 2
14619.5 0 0
14620.5 0 0
14621.5 3 1.73205
14622.5 2 1.41421
14623.5 2 1.41421
14624.5 2 1.41421
14625.5 1 1
14626.5 3 1.73205
14627.5 2 1.41421
14628.5 0 0
14629.5 0 0
14630.5 1 1
14631.5 4 2
14632.5 0 0
14633.5 1 1
14634.5 2 1.41421
14635.5 3 1.73205
14636.5 2 1.41421
14637.5 0 0
14638.5 1 1
14639.5 2 1.41421
14640.5 2 1.41421
14641.5 0 0
14642.5 0 0
14643.5 1 1
14644.5 0 0
14645.5 2 1.41421
14646.5 2 1.41421
14647.5 2 1.41421
14648.5 0 0
14649.5 0 0
14650.5 1 1
14651.5 0 0
14652.5 1 1
14653.5 1 1
14654.5 0 0
14655.5 2 1.41421
14656.5 1 1
14657.5 2 1.41421
14658.5 0 0
14659.5 0 0
14660.5 0 0
14661.5 0 0
14662.5 0 0
14663.5 0 0
14664.5 1 1
14665.5 1 1
14666.5 1 1
14667.5 0 0
14668.5 0 0
14669.5 4 2
14670.5 1 1
14671.5 2 1.41421
14672.5 3 1.73205
14673.5 2 1.41421
14674.5 2 1.41421
14675.5 0 0
14676.5 2 1.41421
14677.5 1 1
14678.5 1 1
14679.5 1 1
14680.5 0 0
14681.5 3 1.73205
14682.5 1 1
14683.5 0 0
14684.5 2 1.41421
14685.5 2 1.41421
14686.5 0 0
14687.5 1 1
14688.5 0 0
14689.5 0 0
14690.5 3 1.73205
14691.5 2 1.41421
14692.5 2 1.41421
14693.5 0 0
14694.5 2 1.41421
14695.5 2 1.41421
14696.5 0 0
14697.5 1 1
14698.5 0 0
14699.5 0 0
14700.5 0 0
14701.5 0 0
14702.5 3 1.73205
14703.5 1 1
14704.5 0 0
14705.5 2 1.41421
14706.5 0 0
14707.5 1 1
14708.5 4 2
14709.5 6 2.44949
14710.5 0 0
14711.5 0 0
14712.5 2 1.41421
14713.5 3 1.73205
14714.5 1 1
14715.5 2 1.41421
14716.5 1 1
14717.5 0 0
14718.5 0 0
14719.5 2 1.41421
14720.5 2 1.41421
14721.5 2 1.41421
14722.5 2 1.41421
14723.5 3 1.73205
14724.5 1 1
14725.5 2 1.41421
14726.5 3 1.73205
14727.5 0 0
14728.5 0 0
14729.5 0 0
14730.5 2 1.41421
14731.5 0 0
14732.5 0 0
14733.5 1 1
14734.5 0 0
14735.5 2 1.41421
14736.5 0 0
14737.5 2 1.41421
14738.5 1 1
14739.5 1 1
14740.5 2 1.41421
14741.5 1 1
14742.5 1 1
14743.5 1 1
14744.5 1 1
14745.5 1 1
14746.5 1 1
14747.5 1 1
14748.5 1 1
14749.5 0 0
14750.5 1 1
14751.5 1 1
14752.5 1 1
14753.5 2 1.41421
14754.5 1 1
14755.5 0 0
14756.5 1 1
14757.5 3 1.73205
14758.5 2 1.41421
14759.5 0 0
14760.5 1 1
14761.5 1 1
14762.5 1 1
14763.5 1 1
14764.5 1 1
14765.5 0 0
14766.5 2 1.41421
14767.5 2 1.41421
14768.5 0 0
14769.5 0 0
14770.5 2 1.41421
14771.5 0 0
14772.5 0 0
14773.5 0 0
14774.5 3 1.73205
14775.5 1 1
14776.5 0 0
14777.5 1 1
14778.5 1 1
14779.5 0 0
14780.5 2 1.41421
14781.5 2 1.41421
14782.5 3 1.73205
14783.5 0 0
14784.5 1 1
14785.5 0 0
14786.5 2 1.41421
14787.5 0 0
14788.5 1 1
14789.5 1 1
14790.5 2 1.41421
14791.5 0 0
14792.5 0 0
14793.5 2 1.41421
14794.5 5 2.23607
14795.5 4 2
14796.5 2 1.41421
14797.5 2 1.41421
14798.5 1 1
14799.5 2 1.41421
14800.5 1 1
14801.5 1 1
14802.5 1 1
14803.5 1 1
14804.5 5 2.23607
14805.5 2 1.41421
14806.5 0 0
14807.5 2 1.41421
14808.5 1 1
14809.5 0 0
14810.5 3 1.73205
14811.5 0 0
14812.5 0 0
14813.5 1 1
14814.5 2 1.41421
14815.5 2 1.41421
14816.5 7 2.64575
14817.5 0 0
14818.5 1 1
14819.5 0 0
14820.5 0 0
14821.5 2 1.41421
14822.5 1 1
14823.5 1 1
14824.5 0 0
14825.5 3 1.73205
14826.5 3 1.73205
14827.5 1 1
14828.5 1 1
14829.5 4 2
14830.5 1 1
14831.5 0 0
14832.5 3 1.73205
14833.5 4 2
14834.5 3 1.73205
14835.5 1 1
14836.5 0 0
14837.5 0 0
14838.5 2 1.41421
14839.5 0 0
14840.5 2 1.41421
14841.5 0 0
14842.5 0 0
14843.5 2 1.41421
14844.5 2 1.41421
14845.5 2 1.41421
14846.5 1 1
14847.5 2 1.41421
14848.5 0 0
14849.5 1 1
14850.5 0 0
14851.5 0 0
14852.5 1 1
14853.5 0 0
14854.5 0 0
14855.5 0 0
14856.5 1 1
14857.5 2 1.41421
14858.5 4 2
14859.5 2 1.41421
14860.5 2 1.41421
14861.5 1 1
14862.5 2 1.41421
14863.5 0 0
14864.5 1 1
14865.5 1 1
14866.5 2 1.41421
14867.5 1 1
14868.5 2 1.41421
14869.5 1 1
14870.5 2 1.41421
14871.5 1 1
14872.5 1 1
14873.5 1 1
14874.5 3 1.73205
14875.5 1 1
14876.5 0 0
14877.5 1 1
14878.5 1 1
14879.5 2 1.41421
14880.5 1 1
14881.5 1 1
14882.5 3 1.73205
14883.5 1 1
14884.5 3 1.73205
14885.5 1 1
14886.5 2 1.41421
14887.5 1 1
14888.5 1 1
14889.5 2 1.41421
14890.5 6 2.44949
14891.5 3 1.73205
14892.5 4 2
14893.5 5 2.23607
14894.5 3 1.73205
14895.5 4 2
14896.5 5 2.23607
14897.5 6 2.44949
14898.5 8 2.82843
14899.5 7 2.64575
14900.5 8 2.82843
14901.5 8 2.82843
14902.5 8 2.82843
14903.5 7 2.64575
14904.5 9 3
14905.5 10 3.16228
14906.5 10 3.16228
14907.5 14 3.74166
14908.5 9 3
14909.5 17 4.12311
14910.5 14 3.74166
14911.5 15 3.87298
14912.5 32 5.65685
14913.5 23 4.79583
14914.5 23 4.79583
14915.5 30 5.47723
14916.5 24 4.89898
14917.5 41 6.40312
14918.5 59 7.68115
14919.5 44 6.63325
14920.5 63 7.93725
14921.5 86 9.27362
14922.5 81 9
14923.5 85 9.21954
14924.5 82 9.05539
14925.5 109 10.4403
14926.5 129 11.3578
14927.5 97 9.84886
14928.5 133 11.5326
14929.5 142 11.9164
14930.5 153 12.3693
14931.5 141 11.8743
14932.5 130 11.4018
14933.5 141 11.8743
14934.5 130 11.4018
14935.5 122 11.0454
14936.5 111 10.5357
14937.5 125 11.1803
14938.5 111 10.5357
14939.5 89 9.43398
14940.5 92 9.59166
14941.5 53 7.28011
14942.5 57 7.54983
14943.5 39 6.245
14944.5 47 6.85565
14945.5 33 5.74456
14946.5 25 5
14947.5 23 4.79583
14948.5 19 4.3589
14949.5 19 4.3589
14950.5 9 3
14951.5 11 3.31662
14952.5 10 3.16228
14953.5 10 3.16228
14954.5 7 2.64575
14955.5 2 1.41421
14956.5 8 2.82843
14957.5 8 2.82843
14958.5 7 2.64575
14959.5 5 2.23607
14960.5 8 2.82843
14961.5 2 1.41421
14962.5 5 2.23607
14963.5 7 2.64575
14964.5 3 1.73205
14965.5 5 2.23607
14966.5 5 2.23607
14967.5 4 2
14968.5 5 2.23607
14969.5 3 1.73205
14970.5 4 2
14971.5 0 0
14972.5 4 2
14973.5 4 2
14974.5 5 2.23607
14975.5 2 1.41421
14976.5 2 1.41421
14977.5 0 0
14978.5 2 1.41421
14979.5 4 2
14980.5 3 1.73205
14981.5 2 1.41421
14982.5 1 1
14983.5 0 0
14984.5 2 1.41421
14985.5 2 1.41421
14986.5 3 1.73205
14987.5 2 1.41421
14988.5 3 1.73205
14989.5 2 1.41421
14990.5 1 1
14991.5 0 0
14992.5 0 0
14993.5 2 1.41421
14994.5 4 2
14995.5 2 1.41421
14996.5 3 1.73205
14997.5 0 0
14998.5 1 1
14999.5 4 2
15000.5 1 1
15001.5 3 1.73205
15002.5 1 1
15003.5 2 1.41421
15004.5 2 1.41421
15005.5 2 1.41421
15006.5 6 2.44949
15007.5 2 1.41421
15008.5 1 1
15009.5 3 1.73205
15010.5 1 1
15011.5 1 1
15012.5 3 1.73205
15013.5 1 1
15014.5 4 2
15015.5 4 2
15016.5 1 1
15017.5 6 2.44949
15018.5 1 1
15019.5 2 1.41421
15020.5 1 1
15021.5 0 0
15022.5 2 1.41421
15023.5 3 1.73205
15024.5 3 1.73205
15025.5 3 1.73205
15026.5 0 0
15027.5 0 0
15028.5 2 1.41421
15029.5 7 2.64575
15030.5 2 1.41421
15031.5 3 1.73205
15032.5 4 2
15033.5 1 1
15034.5 4 2
15035.5 4 2
15036.5 5 2.23607
15037.5 4 2
15038.5 8 2.82843
15039.5 8 2.82843
15040.5 8 2.82843
15041.5 7 2.64575
15042.5 15 3.87298
15043.5 11 3.31662
15044.5 10 3.16228
15045.5 15 3.87298
15046.5 12 3.4641
15047.5 13 3.60555
15048.5 15 3.87298
15049.5 23 4.79583
15050.5 23 4.79583
15051.5 17 4.12311
15052.5 14 3.74166
15053.5 11 3.31662
15054.5 26 5.09902
15055.5 18 4.24264
15056.5 14 3.74166
15057.5 18 4.24264
15058.5 18 4.24264
15059.5 12 3.4641
15060.5 18 4.24264
15061.5 6 2.44949
15062.5 12 3.4641
15063.5 10 3.16228
15064.5 8 2.82843
15065.5 5 2.23607
15066.5 10 3.16228
15067.5 6 2.44949
15068.5 3 1.73205
15069.5 0 0
15070.5 2 1.41421
15071.5 2 1.41421
15072.5 2 1.41421
15073.5 1 1
15074.5 0 0
15075.5 1 1
15076.5 1 1
15077.5 1 1
15078.5 0 0
15079.5 0 0
15080.5 0 0
15081.5 4 2
15082.5 0 0
15083.5 0 0
15084.5 1 1
15085.5 2 1.41421
15086.5 0 0
15087.5 0 0
15088.5 3 1.73205
15089.5 1 1
15090.5 0 0
15091.5 1 1
15092.5 1 1
15093.5 3 1.73205
15094.5 1 1
15095.5 2 1.41421
15096.5 0 0
15097.5 1 1
15098.5 1 1
15099.5 0 0
15100.5 1 1
15101.5 0 0
15102.5 3 1.73205
15103.5 1 1
15104.5 2 1.41421
15105.5 0 0
15106.5 0 0
15107.5 1 1
15108.5 1 1
15109.5 0 0
15110.5 2 1.41421
15111.5 0 0
15112.5 0 0
15113.5 1 1
15114.5 0 0
15115.5 0 0
15116.5 1 1
15117.5 0 0
15118.5 1 1
15119.5 0 0
15120.5 2 1.41421
15121.5 0 0
15122.5 3 1.73205
15123.5 0 0
15124.5 2 1.41421
15125.5 0 0
15126.5 0 0
15127.5 3 1.73205
15128.5 0 0
15129.5 3 1.73205
15130.5 0 0
15131.5 2 1.41421
15132.5 0 0
15133.5 0 0
15134.5 2 1.41421
15135.5 1 1
15136.5 1 1
15137.5 2 1.41421
15138.5 1 1
15139.5 2 1.41421
15140.5 2 1.41421
15141.5 1 1
15142.5 2 1.41421
15143.5 1 1
15144.5 2 1.41421
15145.5 1 1
15146.5 4 2
15147.5 1 1
15148.5 2 1.41421
15149.5 0 0
15150.5 3 1.73205
15151.5 2 1.41421
15152.5 2 1.41421
15153.5 1 1
15154.5 2 1.41421
15155.5 2 1.41421
15156.5 0 0
15157.5 1 1
15158.5 0 0
15159.5 1 1
15160.5 2 1.41421
15161.5 1 1
15162.5 1 1
15163.5 0 0
15164.5 2 1.41421
15165.5 0 0
15166.5 1 1
15167.5 0 0
15168.5 1 1
15169.5 0 0
15170.5 0 0
15171.5 1 1
15172.5 0 0
15173.5 0 0
15174.5 0 0
15175.5 0 0
15176.5 1 1
15177.5 2 1.41421
15178.5 0 0
15179.5 0 0
15180.5 1 1
15181.5 1 1
15182.5 0 0
15183.5 1 1
15184.5 0 0
15185.5 0 0
15186.5 0 0
15187.5 1 1
15188.5 0 0
15189.5 0 0
15190.5 1 1
15191.5 0 0
15192.5 1 1
15193.5 2 1.41421
15194.5 0 0
15195.5 0 0
15196.5 1 1
15197.5 0 0
15198.5 2 1.41421
15199.5 1 1
15200.5 0 0
15201.5 0 0
15202.5 0 0
15203.5 0 0
15204.5 0 0
15205.5 1 1
15206.5 1 1
15207.5 1 1
15208.5 0 0
15209.5 0 0
15210.5 0 0
15211.5 1 1
15212.5 3 1.73205
15213.5 0 0
15214.5 0 0
15215.5 1 1
15216.5 1 1
15217.5 1 1
15218.5 1 1
15219.5 0 0
15220.5 0 0
15221.5 0 0
15222.5 0 0
15223.5 1 1
15224.5 0 0
15225.5 1 1
15226.5 0 0
15227.5 0 0
15228.5 1 1
15229.5 0 0
15230.5 0 0
15231.5 0 0
15232.5 1 1
15233.5 0 0
15234.5 0 0
15235.5 0 0
15236.5 1 1
15237.5 0 0
15238.5 0 0
15239.5 0 0
15240.5 0 0
15241.5 0 0
15242.5 1 1
15243.5 0 0
15244.5 1 1
15245.5 2 1.41421
15246.5 2 1.41421
15247.5 0 0
15248.5 1 1
15249.5 0 0
15250.5 1 1
15251.5 0 0
15252.5 1 1
15253.5 0 0
15254.5 1 1
15255.5 0 0
15256.5 0 0
15257.5 0 0
15258.5 0 0
15259.5 1 1
15260.5 0 0
15261.5 1 1
15262.5 0 0
15263.5 0 0
15264.5 2 1.41421
15265.5 0 0
15266.5 0 0
15267.5 1 1
15268.5 0 0
15269.5 0 0
15270.5 0 0
15271.5 2 1.41421
15272.5 0 0
15273.5 1 1
15274.5 1 1
15275.5 0 0
15276.5 0 0
15277.5 0 0
15278.5 1 1
15279.5 1 1
15280.5 0 0
15281.5 1 1
15282.5 2 1.41421
15283.5 0 0
15284.5 0 0
15285.5 0 0
15286.5 2 1.41421
15287.5 0 0
15288.5 0 0
15289.5 0 0
15290.5 0 0
15291.5 1 1
15292.5 2 1.41421
15293.5 0 0
15294.5 0 0
15295.5 0 0
15296.5 1 1
15297.5 0 0
15298.5 0 0
15299.5 1 1
15300.5 1 1
15301.5 0 0
15302.5 0 0
15303.5 0 0
15304.5 1 1
15305.5 0 0
15306.5 1 1
15307.5 0 0
15308.5 0 0
15309.5 0 0
15310.5 0 0
15311.5 0 0
15312.5 0 0
15313.5 0 0
15314.5 0 0
15315.5 0 0
15316.5 0 0
15317.5 0 0
15318.5 1 1
15319.5 0 0
15320.5 1 1
15321.5 1 1
15322.5 1 1
15323.5 0 0
15324.5 1 1
15325.5 0 0
15326.5 0 0
15327.5 0 0
15328.5 0 0
15329.5 0 0
15330.5 1 1
15331.5 1 1
15332.5 0 0
15333.5 0 0
15334.5 0 0
15335.5 0 0
15336.5 1 1
15337.5 3 1.73205
15338.5 1 1
15339.5 2 1.41421
15340.5 0 0
15341.5 2 1.41421
15342.5 0 0
15343.5 0 0
15344.5 0 0
15345.5 0 0
15346.5 0 0
15347.5 1 1
15348.5 2 1.41421
15349.5 1 1
15350.5 2 1.41421
15351.5 0 0
15352.5 0 0
15353.5 0 0
15354.5 0 0
15355.5 1 1
15356.5 0 0
15357.5 0 0
15358.5 0 0
15359.5 0 0
15360.5 1 1
15361.5 1 1
15362.5 0 0
15363.5 1 1
15364.5 0 0
15365.5 0 0
15366.5 0 0
15367.5 0 0
15368.5 1 1
15369.5 1 1
15370.5 0 0
15371.5 0 0
15372.5 0 0
15373.5 1 1
15374.5 0 0
15375.5 0 0
15376.5 0 0
15377.5 0 0
15378.5 0 0
15379.5 1 1
15380.5 1 1
15381.5 1 1
15382.5 0 0
15383.5 0 0
15384.5 1 1
15385.5 1 1
15386.5 0 0
15387.5 1 1
15388.5 0 0
15389.5 0 0
15390.5 0 0
15391.5 0 0
15392.5 0 0
15393.5 0 0
15394.5 2 1.41421
15395.5 1 1
15396.5 2 1.41421
15397.5 2 1.41421
15398.5 0 0
15399.5 2 1.41421
15400.5 0 0
15401.5 0 0
15402.5 1 1
15403.5 0 0
15404.5 0 0
15405.5 0 0
15406.5 1 1
15407.5 2 1.41421
15408.5 0 0
15409.5 2 1.41421
15410.5 1 1
15411.5 0 0
15412.5 0 0
15413.5 0 0
15414.5 0 0
15415.5 0 0
15416.5 0 0
15417.5 0 0
15418.5 0 0
15419.5 0 0
15420.5 1 1
15421.5 0 0
15422.5 1 1
15423.5 0 0
15424.5 0 0
15425.5 1 1
15426.5 0 0
15427.5 0 0
15428.5 0 0
15429.5 1 1
15430.5 0 0
15431.5 0 0
15432.5 1 1
15433.5 0 0
15434.5 1 1
15435.5 0 0
15436.5 2 1.41421
15437.5 0 0
15438.5 0 0
15439.5 0 0
15440.5 0 0
15441.5 0 0
15442.5 0 0
15443.5 1 1
15444.5 0 0
15445.5 1 1
15446.5 1 1
15447.5 0 0
15448.5 0 0
15449.5 1 1
15450.5 0 0
15451.5 1 1
15452.5 0 0
15453.5 0 0
15454.5 0 0
15455.5 0 0
15456.5 0 0
15457.5 1 1
15458.5 0 0
15459.5 0 0
15460.5 0 0
15461.5 0 0
15462.5 1 1
15463.5 0 0
15464.5 0 0
15465.5 0 0
15466.5 1 1
15467.5 0 0
15468.5 1 1
15469.5 0 0
15470.5 2 1.41421
15471.5 1 1
15472.5 0 0
15473.5 0 0
15474.5 1 1
15475.5 0 0
15476.5 0 0
15477.5 1 1
15478.5 0 0
15479.5 0 0
15480.5 0 0
15481.5 0 0
15482.5 2 1.41421
15483.5 0 0
15484.5 0 0
15485.5 0 0
15486.5 1 1
15487.5 0 0
15488.5 1 1
15489.5 0 0
15490.5 1 1
15491.5 0 0
15492.5 0 0
15493.5 0 0
15494.5 1 1
15495.5 0 0
15496.5 0 0
15497.5 0 0
15498.5 0 0
15499.5 0 0
15500.5 0 0
15501.5 0 0
15502.5 0 0
15503.5 1 1
15504.5 1 1
15505.5 0 0
15506.5 0 0
15507.5 1 1
15508.5 0 0
15509.5 1 1
15510.5 0 0
15511.5 0 0
15512.5 0 0
15513.5 0 0
15514.5 1 1
15515.5 0 0
15516.5 1 1
15517.5 1 1
15518.5 1 1
15519.5 1 1
15520.5 2 1.41421
15521.5 0 0
15522.5 0 0
15523.5 0 0
15524.5 0 0
15525.5 1 1
15526.5 0 0
15527.5 3 1.73205
15528.5 0 0
15529.5 0 0
15530.5 0 0
15531.5 1 1
15532.5 0 0
15533.5 2 1.41421
15534.5 1 1
15535.5 0 0
15536.5 0 0
15537.5 0 0
15538.5 0 0
15539.5 0 0
15540.5 0 0
15541.5 2 1.41421
15542.5 1 1
15543.5 0 0
15544.5 1 1
15545.5 0 0
15546.5 0 0
15547.5 0 0
15548.5 2 1.41421
15549.5 0 0
15550.5 0 0
15551.5 0 0
15552.5 1 1
15553.5 0 0
15554.5 1 1
15555.5 0 0
15556.5 0 0
15557.5 1 1
15558.5 0 0
15559.5 1 1
15560.5 0 0
15561.5 1 1
15562.5 0 0
15563.5 1 1
15564.5 0 0
15565.5 0 0
15566.5 0 0
15567.5 0 0
15568.5 1 1
15569.5 0 0
15570.5 0 0
15571.5 0 0
15572.5 0 0
15573.5 0 0
15574.5 1 1
15575.5 0 0
15576.5 0 0
15577.5 0 0
15578.5 1 1
15579.5 0 0
15580.5 1 1
15581.5 0 0
15582.5 0 0
15583.5 0 0
15584.5 0 0
15585.5 0 0
15586.5 0 0
15587.5 0 0
15588.5 1 1
15589.5 0 0
15590.5 1 1
15591.5 0 0
15592.5 1 1
15593.5 1 1
15594.5 3 1.73205
15595.5 1 1
15596.5 0 0
15597.5 1 1
15598.5 0 0
15599.5 0 0
15600.5 0 0
15601.5 0 0
15602.5 0 0
15603.5 0 0
15604.5 0 0
15605.5 0 0
15606.5 0 0
15607.5 0 0
15608.5 0 0
15609.5 0 0
15610.5 0 0
15611.5 1 1
15612.5 1 1
15613.5 0 0
15614.5 0 0
15615.5 0 0
15616.5 0 0
15617.5 0 0
15618.5 1 1
15619.5 0 0
15620.5 0 0
15621.5 0 0
15622.5 0 0
15623.5 1 1
15624.5 0 0
15625.5 0 0
15626.5 1 1
15627.5 2 1.41421
15628.5 0 0
15629.5 0 0
15630.5 0 0
15631.5 0 0
15632.5 1 1
15633.5 1 1
15634.5 0 0
15635.5 0 0
15636.5 1 1
15637.5 0 0
15638.5 1 1
15639.5 1 1
15640.5 0 0
15641.5 0 0
15642.5 2 1.41421
15643.5 0 0
15644.5 0 0
15645.5 0 0
15646.5 0 0
15647.5 0 0
15648.5 1 1
15649.5 1 1
15650.5 0 0
15651.5 0 0
15652.5 0 0
15653.5 0 0
15654.5 0 0
15655.5 0 0
15656.5 2 1.41421
15657.5 0 0
15658.5 0 0
15659.5 0 0
15660.5 0 0
15661.5 0 0
15662.5 1 1
15663.5 0 0
15664.5 0 0
15665.5 0 0
15666.5 0 0
15667.5 1 1
15668.5 0 0
15669.5 1 1
15670.5 0 0
15671.5 1 1
15672.5 1 1
15673.5 1 1
15674.5 0 0
15675.5 1 1
15676.5 1 1
15677.5 1 1
15678.5 1 1
15679.5 1 1
15680.5 0 0
15681.5 2 1.41421
15682.5 1 1
15683.5 1 1
15684.5 1 1
15685.5 0 0
15686.5 0 0
15687.5 0 0
15688.5 0 0
15689.5 0 0
15690.5 0 0
15691.5 1 1
15692.5 0 0
15693.5 0 0
15694.5 0 0
15695.5 0 0
15696.5 0 0
15697.5 2 1.41421
15698.5 0 0
15699.5 0 0
15700.5 1 1
15701.5 0 0
15702.5 0 0
15703.5 0 0
15704.5 1 1
15705.5 0 0
15706.5 0 0
15707.5 0 0
15708.5 0 0
15709.5 0 0
15710.5 0 0
15711.5 0 0
15712.5 0 0
15713.5 0 0
15714.5 1 1
15715.5 0 0
15716.5 1 1
15717.5 1 1
15718.5 1 1
15719.5 0 0
15720.5 0 0
15721.5 0 0
15722.5 0 0
15723.5 1 1
15724.5 0 0
15725.5 0 0
15726.5 0 0
15727.5 0 0
15728.5 2 1.41421
15729.5 0 0
15730.5 2 1.41421
15731.5 0 0
15732.5 1 1
15733.5 0 0
15734.5 0 0
15735.5 1 1
15736.5 0 0
15737.5 0 0
15738.5 0 0
15739.5 0 0
15740.5 0 0
15741.5 0 0
15742.5 0 0
15743.5 0 0
15744.5 0 0
15745.5 0 0
15746.5 0 0
15747.5 0 0
15748.5 0 0
15749.5 2 1.41421
15750.5 1 1
15751.5 0 0
15752.5 0 0
15753.5 0 0
15754.5 1 1
15755.5 0 0
15756.5 2 1.41421
15757.5 0 0
15758.5 1 1
15759.5 0 0
15760.5 1 1
15761.5 0 0
15762.5 1 1
15763.5 0 0
15764.5 1 1
15765.5 0 0
15766.5 0 0
15767.5 1 1
15768.5 1 1
15769.5 0 0
15770.5 1 1
15771.5 2 1.41421
15772.5 1 1
15773.5 0 0
15774.5 0 0
15775.5 2 1.41421
15776.5 0 0
15777.5 0 0
15778.5 0 0
15779.5 0 0
15780.5 1 1
15781.5 0 0
15782.5 4 2
15783.5 0 0
15784.5 1 1
15785.5 1 1
15786.5 1 1
15787.5 3 1.73205
15788.5 4 2
15789.5 1 1
15790.5 2 1.41421
15791.5 3 1.73205
15792.5 3 1.73205
15793.5 3 1.73205
15794.5 0 0
15795.5 4 2
15796.5 3 1.73205
15797.5 3 1.73205
15798.5 2 1.41421
15799.5 2 1.41421
15800.5 2 1.41421
15801.5 2 1.41421
15802.5 1 1
15803.5 1 1
15804.5 6 2.44949
15805.5 3 1.73205
15806.5 2 1.41421
15807.5 1 1
15808.5 1 1
15809.5 0 0
15810.5 1 1
15811.5 0 0
15812.5 0 0
15813.5 0 0
15814.5 1 1
15815.5 0 0
15816.5 0 0
15817.5 1 1
15818.5 1 1
15819.5 1 1
15820.5 1 1
15821.5 1 1
15822.5 1 1
15823.5 0 0
15824.5 0 0
15825.5 1 1
15826.5 0 0
15827.5 0 0
15828.5 0 0
15829.5 0 0
15830.5 1 1
15831.5 0 0
15832.5 0 0
15833.5 0 0
15834.5 1 1
15835.5 2 1.41421
15836.5 0 0
15837.5 2 1.41421
15838.5 0 0
15839.5 1 1
15840.5 2 1.41421
15841.5 0 0
15842.5 1 1
15843.5 0 0
15844.5 0 0
15845.5 1 1
15846.5 1 1
15847.5 2 1.41421
15848.5 1 1
15849.5 0 0
15850.5 0 0
15851.5 0 0
15852.5 0 0
15853.5 0 0
15854.5 0 0
15855.5 0 0
15856.5 0 0
15857.5 3 1.73205
15858.5 0 0
15859.5 0 0
15860.5 0 0
15861.5 0 0
15862.5 0 0
15863.5 0 0
15864.5 1 1
15865.5 0 0
15866.5 0 0
15867.5 1 1
15868.5 1 1
15869.5 0 0
15870.5 0 0
15871.5 0 0
15872.5 0 0
15873.5 0 0
15874.5 0 0
15875.5 0 0
15876.5 1 1
15877.5 1 1
15878.5 0 0
15879.5 0 0
15880.5 0 0
15881.5 1 1
15882.5 1 1
15883.5 0 0
15884.5 0 0
15885.5 0 0
15886.5 0 0
15887.5 0 0
15888.5 0 0
15889.5 0 0
15890.5 1 1
15891.5 1 1
15892.5 0 0
15893.5 0 0
15894.5 0 0
15895.5 1 1
15896.5 0 0
15897.5 0 0
15898.5 1 1
15899.5 0 0
15900.5 0 0
15901.5 0 0
15902.5 0 0
15903.5 0 0
15904.5 2 1.41421
15905.5 0 0
15906.5 0 0
15907.5 0 0
15908.5 0 0
15909.5 0 0
15910.5 0 0
15911.5 0 0
15912.5 0 0
15913.5 0 0
15914.5 0 0
15915.5 0 0
15916.5 0 0
15917.5 0 0
15918.5 0 0
15919.5 0 0
15920.5 1 1
15921.5 0 0
15922.5 0 0
15923.5 1 1
15924.5 0 0
15925.5 0 0
15926.5 0 0
15927.5 0 0
15928.5 0 0
15929.5 2 1.41421
15930.5 0 0
15931.5 1 1
15932.5 0 0
15933.5 1 1
15934.5 2 1.41421
15935.5 0 0
15936.5 0 0
15937.5 0 0
15938.5 0 0
15939.5 1 1
15940.5 0 0
15941.5 0 0
15942.5 1 1
15943.5 0 0
15944.5 0 0
15945.5 0 0
15946.5 0 0
15947.5 0 0
15948.5 0 0
15949.5 1 1
15950.5 0 0
15951.5 1 1
15952.5 0 0
15953.5 1 1
15954.5 0 0
15955.5 1 1
15956.5 0 0
15957.5 0 0
15958.5 0 0
15959.5 0 0
15960.5 0 0
15961.5 1 1
15962.5 0 0
15963.5 0 0
15964.5 0 0
15965.5 1 1
15966.5 1 1
15967.5 0 0
15968.5 0 0
15969.5 0 0
15970.5 0 0
15971.5 1 1
15972.5 1 1
15973.5 0 0
15974.5 0 0
15975.5 0 0
15976.5 0 0
15977.5 0 0
15978.5 0 0
15979.5 0 0
15980.5 1 1
15981.5 0 0
15982.5 0 0
15983.5 0 0
15984.5 0 0
15985.5 1 1
15986.5 0 0
15987.5 0 0
15988.5 0 0
15989.5 0 0
15990.5 0 0
15991.5 0 0
15992.5 0 0
15993.5 1 1
15994.5 0 0
15995.5 0 0
15996.5 1 1
15997.5 1 1
15998.5 0 0
15999.5 0 0
16000.5 1 1
16001.5 0 0
16002.5 0 0
16003.5 0 0
16004.5 0 0
16005.5 0 0
16006.5 0 0
16007.5 0 0
16008.5 1 1
16009.5 0 0
16010.5 0 0
16011.5 0 0
16012.5 0 0
16013.5 0 0
16014.5 0 0
16015.5 1 1
16016.5 0 0
16017.5 0 0
16018.5 0 0
16019.5 0 0
16020.5 0 0
16021.5 0 0
16022.5 0 0
16023.5 0 0
16024.5 1 1
16025.5 0 0
16026.5 0 0
16027.5 0 0
16028.5 0 0
16029.5 0 0
16030.5 1 1
16031.5 1 1
16032.5 0 0
16033.5 1 1
16034.5 1 1
16035.5 0 0
16036.5 0 0
16037.5 1 1
16038.5 0 0
16039.5 1 1
16040.5 0 0
16041.5 1 1
16042.5 0 0
16043.5 0 0
16044.5 0 0
16045.5 0 0
16046.5 0 0
16047.5 0 0
16048.5 1 1
16049.5 1 1
16050.5 0 0
16051.5 0 0
16052.5 0 0
16053.5 1 1
16054.5 0 0
16055.5 0 0
16056.5 0 0
16057.5 0 0
16058.5 0 0
16059.5 0 0
16060.5 0 0
16061.5 0 0
16062.5 0 0
16063.5 1 1
16064.5 0 0
16065.5 0 0
16066.5 0 0
16067.5 0 0
16068.5 1 1
16069.5 0 0
16070.5 1 1
16071.5 0 0
16072.5 0 0
16073.5 0 0
16074.5 0 0
16075.5 0 0
16076.5 0 0
16077.5 1 1
16078.5 0 0
16079.5 1 1
16080.5 0 0
16081.5 0 0
16082.5 0 0
16083.5 0 0
16084.5 0 0
16085.5 0 0
16086.5 0 0
16087.5 1 1
16088.5 1 1
16089.5 1 1
16090.5 0 0
16091.5 0 0
16092.5 0 0
16093.5 1 1
16094.5 0 0
16095.5 1 1
16096.5 1 1
16097.5 0 0
16098.5 0 0
16099.5 0 0
16100.5 1 1
16101.5 0 0
16102.5 1 1
16103.5 0 0
16104.5 1 1
16105.5 0 0
16106.5 0 0
16107.5 2 1.41421
16108.5 0 0
16109.5 0 0
16110.5 0 0
16111.5 1 1
16112.5 0 0
16113.5 1 1
16114.5 1 1
16115.5 1 1
16116.5 0 0
16117.5 1 1
16118.5 0 0
16119.5 0 0
16120.5 0 0
16121.5 0 0
16122.5 0 0
16123.5 0 0
16124.5 2 1.41421
16125.5 0 0
16126.5 0 0
16127.5 0 0
16128.5 0 0
16129.5 0 0
16130.5 1 1
16131.5 1 1
16132.5 0 0
16133.5 0 0
16134.5 1 1
16135.5 1 1
16136.5 0 0
16137.5 0 0
16138.5 0 0
16139.5 0 0
16140.5 0 0
16141.5 0 0
16142.5 0 0
16143.5 0 0
16144.5 0 0
16145.5 1 1
16146.5 0 0
16147.5 0 0
16148.5 0 0
16149.5 0 0
16150.5 3 1.73205
16151.5 1 1
16152.5 1 1
16153.5 1 1
16154.5 0 0
16155.5 0 0
16156.5 0 0
16157.5 0 0
16158.5 0 0
16159.5 1 1
16160.5 0 0
16161.5 0 0
16162.5 0 0
16163.5 0 0
16164.5 0 0
16165.5 0 0
16166.5 0 0
16167.5 0 0
16168.5 0 0
16169.5 1 1
16170.5 0 0
16171.5 0 0
16172.5 0 0
16173.5 0 0
16174.5 0 0
16175.5 0 0
16176.5 0 0
16177.5 0 0
16178.5 0 0
16179.5 0 0
16180.5 0 0
16181.5 1 1
16182.5 0 0
16183.5 0 0
16184.5 0 0
16185.5 0 0
16186.5 0 0
16187.5 0 0
16188.5 1 1
16189.5 0 0
16190.5 0 0
16191.5 0 0
16192.5 2 1.41421
16193.5 0 0
16194.5 0 0
16195.5 0 0
16196.5 0 0
16197.5 0 0
16198.5 1 1
16199.5 2 1.41421
16200.5 0 0
16201.5 2 1.41421
16202.5 0 0
16203.5 0 0
16204.5 0 0
16205.5 0 0
16206.5 0 0
16207.5 0 0
16208.5 0 0
16209.5 0 0
16210.5 0 0
16211.5 0 0
16212.5 0 0
16213.5 0 0
16214.5 0 0
16215.5 0 0
16216.5 0 0
16217.5 0 0
16218.5 0 0
16219.5 0 0
16220.5 0 0
16221.5 0 0
16222.5 0 0
16223.5 0 0
16224.5 0 0
16225.5 0 0
16226.5 0 0
16227.5 0 0
16228.5 0 0
16229.5 0 0
16230.5 0 0
16231.5 4 2
16232.5 1 1
16233.5 0 0
16234.5 0 0
16235.5 0 0
16236.5 0 0
16237.5 0 0
16238.5 2 1.41421
16239.5 1 1
16240.5 0 0
16241.5 0 0
16242.5 0 0
16243.5 2 1.41421
16244.5 0 0
16245.5 0 0
16246.5 2 1.41421
16247.5 0 0
16248.5 0 0
16249.5 0 0
16250.5 0 0
16251.5 0 0
16252.5 0 0
16253.5 0 0
16254.5 2 1.41421
16255.5 0 0
16256.5 0 0
16257.5 0 0
16258.5 0 0
16259.5 0 0
16260.5 1 1
16261.5 0 0
16262.5 0 0
16263.5 1 1
16264.5 1 1
16265.5 1 1
16266.5 0 0
16267.5 0 0
16268.5 1 1
16269.5 0 0
16270.5 0 0
16271.5 0 0
16272.5 0 0
16273.5 1 1
16274.5 1 1
16275.5 1 1
16276.5 0 0
16277.5 0 0
16278.5 1 1
16279.5 1 1
16280.5 0 0
16281.5 0 0
16282.5 0 0
16283.5 0 0
16284.5 1 1
16285.5 0 0
16286.5 1 1
16287.5 0 0
16288.5 0 0
16289.5 0 0
16290.5 1 1
16291.5 0 0
16292.5 1 1
16293.5 0 0
16294.5 1 1
16295.5 0 0
16296.5 0 0
16297.5 0 0
16298.5 0 0
16299.5 0 0
16300.5 0 0
16301.5 1 1
16302.5 0 0
16303.5 1 1
16304.5 0 0
16305.5 0 0
16306.5 0 0
16307.5 0 0
16308.5 0 0
16309.5 1 1
16310.5 0 0
16311.5 3 1.73205
16312.5 1 1
16313.5 0 0
16314.5 0 0
16315.5 0 0
16316.5 0 0
16317.5 0 0
16318.5 1 1
16319.5 0 0
16320.5 0 0
16321.5 0 0
16322.5 0 0
16323.5 0 0
16324.5 0 0
16325.5 0 0
16326.5 1 1
16327.5 0 0
16328.5 0 0
16329.5 0 0
16330.5 0 0
16331.5 2 1.41421
16332.5 0 0
16333.5 1 1
16334.5 1 1
16335.5 0 0
16336.5 0 0
16337.5 0 0
16338.5 0 0
16339.5 0 0
16340.5 1 1
16341.5 0 0
16342.5 1 1
16343.5 1 1
16344.5 0 0
16345.5 0 0
16346.5 0 0
16347.5 0 0
16348.5 0 0
16349.5 0 0
16350.5 0 0
16351.5 2 1.41421
16352.5 0 0
16353.5 0 0
16354.5 1 1
16355.5 1 1
16356.5 0 0
16357.5 0 0
16358.5 2 1.41421
16359.5 0 0
16360.5 1 1
16361.5 0 0
16362.5 1 1
16363.5 0 0
16364.5 0 0
16365.5 0 0
16366.5 2 1.41421
16367.5 0 0
16368.5 0 0
16369.5 0 0
16370.5 0 0
16371.5 0 0
16372.5 0 0
16373.5 0 0
16374.5 1 1
16375.5 0 0
16376.5 0 0
16377.5 0 0
16378.5 0 0
16379.5 0 0
16380.5 0 0
16381.5 0 0
16382.5 1 1
16383.5 0 0
