# Histogram: 112
# File: K47_T1_005-7.his
#X  N  dN
0.5 21445 146.441
1.5 1 1
2.5 1 1
3.5 2 1.41421
4.5 0 0
5.5 0 0
6.5 1 1
7.5 1 1
8.5 1 1
9.5 0 0
10.5 1 1
11.5 1 1
12.5 4 2
13.5 2 1.41421
14.5 0 0
15.5 5 2.23607
16.5 5 2.23607
17.5 1 1
18.5 3 1.73205
19.5 3 1.73205
20.5 3 1.73205
21.5 3 1.73205
22.5 6 2.44949
23.5 1 1
24.5 1 1
25.5 3 1.73205
26.5 1 1
27.5 8 2.82843
28.5 4 2
29.5 4 2
30.5 6 2.44949
31.5 5 2.23607
32.5 6 2.44949
33.5 8 2.82843
34.5 10 3.16228
35.5 6 2.44949
36.5 9 3
37.5 13 3.60555
38.5 8 2.82843
39.5 10 3.16228
40.5 11 3.31662
41.5 12 3.4641
42.5 10 3.16228
43.5 15 3.87298
44.5 12 3.4641
45.5 12 3.4641
46.5 13 3.60555
47.5 18 4.24264
48.5 24 4.89898
49.5 18 4.24264
50.5 14 3.74166
51.5 18 4.24264
52.5 16 4
53.5 25 5
54.5 23 4.79583
55.5 26 5.09902
56.5 28 5.2915
57.5 23 4.79583
58.5 36 6
59.5 23 4.79583
60.5 34 5.83095
61.5 27 5.19615
62.5 44 6.63325
63.5 45 6.7082
64.5 45 6.7082
65.5 49 7
66.5 39 6.245
67.5 54 7.34847
68.5 45 6.7082
69.5 56 7.48331
70.5 62 7.87401
71.5 60 7.74597
72.5 61 7.81025
73.5 48 6.9282
74.5 64 8
75.5 58 7.61577
76.5 68 8.24621
77.5 63 7.93725
78.5 68 8.24621
79.5 82 9.05539
80.5 96 9.79796
81.5 99 9.94987
82.5 91 9.53939
83.5 95 9.74679
84.5 89 9.43398
85.5 102 10.0995
86.5 103 10.1489
87.5 105 10.247
88.5 103 10.1489
89.5 137 11.7047
90.5 137 11.7047
91.5 123 11.0905
92.5 131 11.4455
93.5 137 11.7047
94.5 144 12
95.5 140 11.8322
96.5 168 12.9615
97.5 151 12.2882
98.5 172 13.1149
99.5 176 13.2665
100.5 195 13.9642
101.5 161 12.6886
102.5 199 14.1067
103.5 218 14.7648
104.5 249 15.7797
105.5 225 15
106.5 219 14.7986
107.5 219 14.7986
108.5 245 15.6525
109.5 255 15.9687
110.5 258 16.0624
111.5 284 16.8523
112.5 278 16.6733
113.5 280 16.7332
114.5 295 17.1756
115.5 279 16.7033
116.5 302 17.3781
117.5 289 17
118.5 299 17.2916
119.5 331 18.1934
120.5 321 17.9165
121.5 315 17.7482
122.5 333 18.2483
123.5 320 17.8885
124.5 361 19
125.5 406 20.1494
126.5 336 18.3303
127.5 340 18.4391
128.5 375 19.3649
129.5 383 19.5704
130.5 375 19.3649
131.5 373 19.3132
132.5 378 19.4422
133.5 386 19.6469
134.5 393 19.8242
135.5 422 20.5426
136.5 410 20.2485
137.5 378 19.4422
138.5 398 19.9499
139.5 406 20.1494
140.5 426 20.6398
141.5 459 21.4243
142.5 365 19.105
143.5 416 20.3961
144.5 461 21.4709
145.5 409 20.2237
146.5 461 21.4709
147.5 439 20.9523
148.5 423 20.567
149.5 452 21.2603
150.5 399 19.975
151.5 459 21.4243
152.5 455 21.3307
153.5 442 21.0238
154.5 464 21.5407
155.5 450 21.2132
156.5 463 21.5174
157.5 456 21.3542
158.5 448 21.166
159.5 486 22.0454
160.5 452 21.2603
161.5 418 20.445
162.5 428 20.6882
163.5 468 21.6333
164.5 480 21.9089
165.5 466 21.587
166.5 466 21.587
167.5 480 21.9089
168.5 492 22.1811
169.5 511 22.6053
170.5 456 21.3542
171.5 491 22.1585
172.5 530 23.0217
173.5 440 20.9762
174.5 448 21.166
175.5 479 21.8861
176.5 439 20.9523
177.5 507 22.5167
178.5 477 21.8403
179.5 508 22.5389
180.5 501 22.383
181.5 519 22.7816
182.5 529 23
183.5 487 22.0681
184.5 538 23.1948
185.5 492 22.1811
186.5 553 23.516
187.5 495 22.2486
188.5 496 22.2711
189.5 504 22.4499
190.5 532 23.0651
191.5 505 22.4722
192.5 530 23.0217
193.5 533 23.0868
194.5 507 22.5167
195.5 519 22.7816
196.5 548 23.4094
197.5 541 23.2594
198.5 556 23.5797
199.5 530 23.0217
200.5 508 22.5389
201.5 504 22.4499
202.5 532 23.0651
203.5 553 23.516
204.5 501 22.383
205.5 522 22.8473
206.5 492 22.1811
207.5 519 22.7816
208.5 520 22.8035
209.5 508 22.5389
210.5 484 22
211.5 516 22.7156
212.5 551 23.4734
213.5 531 23.0434
214.5 481 21.9317
215.5 542 23.2809
216.5 532 23.0651
217.5 543 23.3024
218.5 535 23.1301
219.5 526 22.9347
220.5 533 23.0868
221.5 544 23.3238
222.5 538 23.1948
223.5 562 23.7065
224.5 532 23.0651
225.5 558 23.622
226.5 536 23.1517
227.5 544 23.3238
228.5 530 23.0217
229.5 534 23.1084
230.5 547 23.388
231.5 524 22.891
232.5 569 23.8537
233.5 543 23.3024
234.5 580 24.0832
235.5 560 23.6643
236.5 530 23.0217
237.5 576 24
238.5 564 23.7487
239.5 552 23.4947
240.5 578 24.0416
241.5 517 22.7376
242.5 560 23.6643
243.5 502 22.4054
244.5 556 23.5797
245.5 584 24.1661
246.5 532 23.0651
247.5 553 23.516
248.5 582 24.1247
249.5 571 23.8956
250.5 562 23.7065
251.5 561 23.6854
252.5 579 24.0624
253.5 534 23.1084
254.5 568 23.8328
255.5 538 23.1948
256.5 572 23.9165
257.5 528 22.9783
258.5 570 23.8747
259.5 547 23.388
260.5 595 24.3926
261.5 584 24.1661
262.5 581 24.1039
263.5 568 23.8328
264.5 577 24.0208
265.5 568 23.8328
266.5 566 23.7908
267.5 598 24.454
268.5 536 23.1517
269.5 576 24
270.5 578 24.0416
271.5 588 24.2487
272.5 550 23.4521
273.5 550 23.4521
274.5 572 23.9165
275.5 608 24.6577
276.5 587 24.2281
277.5 622 24.9399
278.5 557 23.6008
279.5 567 23.8118
280.5 600 24.4949
281.5 581 24.1039
282.5 548 23.4094
283.5 601 24.5153
284.5 602 24.5357
285.5 633 25.1595
286.5 595 24.3926
287.5 598 24.454
288.5 568 23.8328
289.5 631 25.1197
290.5 596 24.4131
291.5 570 23.8747
292.5 604 24.5764
293.5 598 24.454
294.5 570 23.8747
295.5 560 23.6643
296.5 566 23.7908
297.5 596 24.4131
298.5 641 25.318
299.5 566 23.7908
300.5 577 24.0208
301.5 572 23.9165
302.5 583 24.1454
303.5 576 24
304.5 612 24.7386
305.5 593 24.3516
306.5 593 24.3516
307.5 576 24
308.5 582 24.1247
309.5 617 24.8395
310.5 589 24.2693
311.5 637 25.2389
312.5 629 25.0799
313.5 634 25.1794
314.5 632 25.1396
315.5 561 23.6854
316.5 568 23.8328
317.5 585 24.1868
318.5 618 24.8596
319.5 603 24.5561
320.5 596 24.4131
321.5 612 24.7386
322.5 625 25
323.5 592 24.3311
324.5 591 24.3105
325.5 639 25.2784
326.5 665 25.7876
327.5 597 24.4336
328.5 607 24.6374
329.5 645 25.3969
330.5 693 26.3249
331.5 656 25.6125
332.5 657 25.632
333.5 638 25.2587
334.5 667 25.8263
335.5 638 25.2587
336.5 597 24.4336
337.5 649 25.4755
338.5 625 25
339.5 677 26.0192
340.5 671 25.9037
341.5 603 24.5561
342.5 610 24.6982
343.5 593 24.3516
344.5 608 24.6577
345.5 628 25.0599
346.5 640 25.2982
347.5 646 25.4165
348.5 617 24.8395
349.5 632 25.1396
350.5 617 24.8395
351.5 643 25.3574
352.5 625 25
353.5 611 24.7184
354.5 676 26
355.5 664 25.7682
356.5 635 25.1992
357.5 650 25.4951
358.5 571 23.8956
359.5 634 25.1794
360.5 643 25.3574
361.5 652 25.5343
362.5 639 25.2784
363.5 689 26.2488
364.5 627 25.04
365.5 670 25.8844
366.5 659 25.671
367.5 616 24.8193
368.5 613 24.7588
369.5 645 25.3969
370.5 644 25.3772
371.5 644 25.3772
372.5 657 25.632
373.5 658 25.6515
374.5 627 25.04
375.5 641 25.318
376.5 651 25.5147
377.5 652 25.5343
378.5 660 25.6905
379.5 648 25.4558
380.5 650 25.4951
381.5 688 26.2298
382.5 693 26.3249
383.5 689 26.2488
384.5 636 25.219
385.5 609 24.6779
386.5 660 25.6905
387.5 652 25.5343
388.5 646 25.4165
389.5 666 25.807
390.5 619 24.8797
391.5 689 26.2488
392.5 645 25.3969
393.5 683 26.1343
394.5 659 25.671
395.5 626 25.02
396.5 657 25.632
397.5 696 26.3818
398.5 690 26.2679
399.5 664 25.7682
400.5 652 25.5343
401.5 720 26.8328
402.5 699 26.4386
403.5 677 26.0192
404.5 705 26.5518
405.5 648 25.4558
406.5 639 25.2784
407.5 656 25.6125
408.5 643 25.3574
409.5 700 26.4575
410.5 744 27.2764
411.5 685 26.1725
412.5 680 26.0768
413.5 682 26.1151
414.5 695 26.3629
415.5 682 26.1151
416.5 686 26.1916
417.5 680 26.0768
418.5 727 26.9629
419.5 696 26.3818
420.5 675 25.9808
421.5 706 26.5707
422.5 707 26.5895
423.5 657 25.632
424.5 704 26.533
425.5 675 25.9808
426.5 702 26.4953
427.5 700 26.4575
428.5 683 26.1343
429.5 717 26.7769
430.5 651 25.5147
431.5 678 26.0384
432.5 654 25.5734
433.5 715 26.7395
434.5 717 26.7769
435.5 694 26.3439
436.5 745 27.2947
437.5 692 26.3059
438.5 682 26.1151
439.5 670 25.8844
440.5 697 26.4008
441.5 712 26.6833
442.5 674 25.9615
443.5 687 26.2107
444.5 710 26.6458
445.5 693 26.3249
446.5 700 26.4575
447.5 710 26.6458
448.5 683 26.1343
449.5 677 26.0192
450.5 713 26.7021
451.5 676 26
452.5 762 27.6043
453.5 710 26.6458
454.5 741 27.2213
455.5 658 25.6515
456.5 679 26.0576
457.5 716 26.7582
458.5 681 26.096
459.5 656 25.6125
460.5 706 26.5707
461.5 784 28
462.5 704 26.533
463.5 699 26.4386
464.5 750 27.3861
465.5 722 26.8701
466.5 711 26.6646
467.5 701 26.4764
468.5 693 26.3249
469.5 705 26.5518
470.5 783 27.9821
471.5 738 27.1662
472.5 685 26.1725
473.5 695 26.3629
474.5 723 26.8887
475.5 693 26.3249
476.5 718 26.7955
477.5 723 26.8887
478.5 703 26.5141
479.5 715 26.7395
480.5 738 27.1662
481.5 736 27.1293
482.5 695 26.3629
483.5 723 26.8887
484.5 742 27.2397
485.5 715 26.7395
486.5 745 27.2947
487.5 721 26.8514
488.5 774 27.8209
489.5 728 26.9815
490.5 726 26.9444
491.5 718 26.7955
492.5 649 25.4755
493.5 740 27.2029
494.5 739 27.1846
495.5 680 26.0768
496.5 721 26.8514
497.5 703 26.5141
498.5 774 27.8209
499.5 753 27.4408
500.5 712 26.6833
501.5 756 27.4955
502.5 734 27.0924
503.5 729 27
504.5 746 27.313
505.5 716 26.7582
506.5 728 26.9815
507.5 715 26.7395
508.5 688 26.2298
509.5 721 26.8514
510.5 757 27.5136
511.5 746 27.313
512.5 720 26.8328
513.5 751 27.4044
514.5 772 27.7849
515.5 722 26.8701
516.5 695 26.3629
517.5 686 26.1916
518.5 698 26.4197
519.5 674 25.9615
520.5 745 27.2947
521.5 731 27.037
522.5 709 26.6271
523.5 699 26.4386
524.5 715 26.7395
525.5 740 27.2029
526.5 714 26.7208
527.5 773 27.8029
528.5 735 27.1109
529.5 735 27.1109
530.5 755 27.4773
531.5 723 26.8887
532.5 728 26.9815
533.5 703 26.5141
534.5 723 26.8887
535.5 770 27.7489
536.5 714 26.7208
537.5 780 27.9285
538.5 738 27.1662
539.5 774 27.8209
540.5 728 26.9815
541.5 741 27.2213
542.5 725 26.9258
543.5 715 26.7395
544.5 785 28.0179
545.5 761 27.5862
546.5 755 27.4773
547.5 748 27.3496
548.5 737 27.1477
549.5 744 27.2764
550.5 760 27.5681
551.5 732 27.0555
552.5 736 27.1293
553.5 727 26.9629
554.5 752 27.4226
555.5 749 27.3679
556.5 746 27.313
557.5 758 27.5318
558.5 775 27.8388
559.5 771 27.7669
560.5 741 27.2213
561.5 702 26.4953
562.5 771 27.7669
563.5 730 27.0185
564.5 718 26.7955
565.5 765 27.6586
566.5 759 27.55
567.5 784 28
568.5 782 27.9643
569.5 748 27.3496
570.5 725 26.9258
571.5 799 28.2666
572.5 734 27.0924
573.5 774 27.8209
574.5 751 27.4044
575.5 768 27.7128
576.5 728 26.9815
577.5 809 28.4429
578.5 789 28.0891
579.5 738 27.1662
580.5 789 28.0891
581.5 766 27.6767
582.5 779 27.9106
583.5 785 28.0179
584.5 769 27.7308
585.5 786 28.0357
586.5 746 27.313
587.5 744 27.2764
588.5 752 27.4226
589.5 755 27.4773
590.5 762 27.6043
591.5 795 28.1957
592.5 748 27.3496
593.5 744 27.2764
594.5 781 27.9464
595.5 795 28.1957
596.5 784 28
597.5 816 28.5657
598.5 777 27.8747
599.5 742 27.2397
600.5 771 27.7669
601.5 733 27.074
602.5 801 28.3019
603.5 757 27.5136
604.5 819 28.6182
605.5 760 27.5681
606.5 744 27.2764
607.5 746 27.313
608.5 779 27.9106
609.5 807 28.4077
610.5 718 26.7955
611.5 759 27.55
612.5 822 28.6705
613.5 770 27.7489
614.5 787 28.0535
615.5 799 28.2666
616.5 820 28.6356
617.5 810 28.4605
618.5 723 26.8887
619.5 778 27.8927
620.5 811 28.4781
621.5 769 27.7308
622.5 762 27.6043
623.5 787 28.0535
624.5 755 27.4773
625.5 783 27.9821
626.5 739 27.1846
627.5 763 27.6225
628.5 773 27.8029
629.5 855 29.2404
630.5 776 27.8568
631.5 787 28.0535
632.5 805 28.3725
633.5 826 28.7402
634.5 798 28.2489
635.5 811 28.4781
636.5 802 28.3196
637.5 840 28.9828
638.5 780 27.9285
639.5 772 27.7849
640.5 779 27.9106
641.5 783 27.9821
642.5 791 28.1247
643.5 774 27.8209
644.5 788 28.0713
645.5 736 27.1293
646.5 753 27.4408
647.5 819 28.6182
648.5 805 28.3725
649.5 782 27.9643
650.5 818 28.6007
651.5 742 27.2397
652.5 760 27.5681
653.5 801 28.3019
654.5 757 27.5136
655.5 772 27.7849
656.5 812 28.4956
657.5 747 27.3313
658.5 811 28.4781
659.5 774 27.8209
660.5 801 28.3019
661.5 850 29.1548
662.5 783 27.9821
663.5 766 27.6767
664.5 771 27.7669
665.5 783 27.9821
666.5 784 28
667.5 775 27.8388
668.5 744 27.2764
669.5 788 28.0713
670.5 768 27.7128
671.5 778 27.8927
672.5 788 28.0713
673.5 774 27.8209
674.5 810 28.4605
675.5 816 28.5657
676.5 768 27.7128
677.5 821 28.6531
678.5 755 27.4773
679.5 807 28.4077
680.5 814 28.5307
681.5 750 27.3861
682.5 796 28.2135
683.5 809 28.4429
684.5 803 28.3373
685.5 812 28.4956
686.5 817 28.5832
687.5 773 27.8029
688.5 759 27.55
689.5 803 28.3373
690.5 834 28.8791
691.5 818 28.6007
692.5 827 28.7576
693.5 841 29
694.5 823 28.688
695.5 789 28.0891
696.5 837 28.931
697.5 799 28.2666
698.5 811 28.4781
699.5 835 28.8964
700.5 751 27.4044
701.5 806 28.3901
702.5 787 28.0535
703.5 805 28.3725
704.5 802 28.3196
705.5 797 28.2312
706.5 815 28.5482
707.5 841 29
708.5 763 27.6225
709.5 803 28.3373
710.5 751 27.4044
711.5 803 28.3373
712.5 779 27.9106
713.5 801 28.3019
714.5 806 28.3901
715.5 781 27.9464
716.5 785 28.0179
717.5 760 27.5681
718.5 825 28.7228
719.5 763 27.6225
720.5 829 28.7924
721.5 809 28.4429
722.5 830 28.8097
723.5 809 28.4429
724.5 824 28.7054
725.5 796 28.2135
726.5 765 27.6586
727.5 808 28.4253
728.5 806 28.3901
729.5 770 27.7489
730.5 802 28.3196
731.5 813 28.5132
732.5 820 28.6356
733.5 794 28.178
734.5 827 28.7576
735.5 818 28.6007
736.5 787 28.0535
737.5 808 28.4253
738.5 810 28.4605
739.5 800 28.2843
740.5 784 28
741.5 788 28.0713
742.5 821 28.6531
743.5 796 28.2135
744.5 794 28.178
745.5 880 29.6648
746.5 832 28.8444
747.5 785 28.0179
748.5 814 28.5307
749.5 806 28.3901
750.5 854 29.2233
751.5 808 28.4253
752.5 798 28.2489
753.5 805 28.3725
754.5 752 27.4226
755.5 804 28.3549
756.5 831 28.8271
757.5 758 27.5318
758.5 801 28.3019
759.5 813 28.5132
760.5 741 27.2213
761.5 787 28.0535
762.5 835 28.8964
763.5 787 28.0535
764.5 832 28.8444
765.5 810 28.4605
766.5 789 28.0891
767.5 757 27.5136
768.5 792 28.1425
769.5 812 28.4956
770.5 844 29.0517
771.5 794 28.178
772.5 803 28.3373
773.5 746 27.313
774.5 785 28.0179
775.5 824 28.7054
776.5 805 28.3725
777.5 771 27.7669
778.5 840 28.9828
779.5 827 28.7576
780.5 746 27.313
781.5 771 27.7669
782.5 776 27.8568
783.5 805 28.3725
784.5 757 27.5136
785.5 780 27.9285
786.5 809 28.4429
787.5 793 28.1603
788.5 844 29.0517
789.5 793 28.1603
790.5 812 28.4956
791.5 796 28.2135
792.5 737 27.1477
793.5 827 28.7576
794.5 797 28.2312
795.5 754 27.4591
796.5 742 27.2397
797.5 753 27.4408
798.5 786 28.0357
799.5 833 28.8617
800.5 779 27.9106
801.5 803 28.3373
802.5 817 28.5832
803.5 798 28.2489
804.5 758 27.5318
805.5 767 27.6948
806.5 759 27.55
807.5 790 28.1069
808.5 770 27.7489
809.5 792 28.1425
810.5 786 28.0357
811.5 778 27.8927
812.5 759 27.55
813.5 803 28.3373
814.5 774 27.8209
815.5 801 28.3019
816.5 779 27.9106
817.5 811 28.4781
818.5 789 28.0891
819.5 717 26.7769
820.5 767 27.6948
821.5 787 28.0535
822.5 804 28.3549
823.5 783 27.9821
824.5 817 28.5832
825.5 723 26.8887
826.5 788 28.0713
827.5 780 27.9285
828.5 731 27.037
829.5 821 28.6531
830.5 800 28.2843
831.5 783 27.9821
832.5 812 28.4956
833.5 750 27.3861
834.5 816 28.5657
835.5 792 28.1425
836.5 794 28.178
837.5 777 27.8747
838.5 774 27.8209
839.5 792 28.1425
840.5 757 27.5136
841.5 819 28.6182
842.5 750 27.3861
843.5 745 27.2947
844.5 829 28.7924
845.5 788 28.0713
846.5 753 27.4408
847.5 754 27.4591
848.5 786 28.0357
849.5 791 28.1247
850.5 826 28.7402
851.5 803 28.3373
852.5 755 27.4773
853.5 752 27.4226
854.5 754 27.4591
855.5 777 27.8747
856.5 721 26.8514
857.5 810 28.4605
858.5 753 27.4408
859.5 800 28.2843
860.5 813 28.5132
861.5 744 27.2764
862.5 789 28.0891
863.5 807 28.4077
864.5 773 27.8029
865.5 821 28.6531
866.5 753 27.4408
867.5 749 27.3679
868.5 767 27.6948
869.5 715 26.7395
870.5 821 28.6531
871.5 734 27.0924
872.5 755 27.4773
873.5 796 28.2135
874.5 789 28.0891
875.5 788 28.0713
876.5 766 27.6767
877.5 792 28.1425
878.5 801 28.3019
879.5 772 27.7849
880.5 797 28.2312
881.5 780 27.9285
882.5 785 28.0179
883.5 823 28.688
884.5 759 27.55
885.5 710 26.6458
886.5 762 27.6043
887.5 802 28.3196
888.5 762 27.6043
889.5 789 28.0891
890.5 730 27.0185
891.5 760 27.5681
892.5 756 27.4955
893.5 801 28.3019
894.5 745 27.2947
895.5 804 28.3549
896.5 706 26.5707
897.5 785 28.0179
898.5 745 27.2947
899.5 752 27.4226
900.5 779 27.9106
901.5 752 27.4226
902.5 740 27.2029
903.5 711 26.6646
904.5 762 27.6043
905.5 737 27.1477
906.5 722 26.8701
907.5 807 28.4077
908.5 802 28.3196
909.5 742 27.2397
910.5 774 27.8209
911.5 759 27.55
912.5 760 27.5681
913.5 740 27.2029
914.5 715 26.7395
915.5 670 25.8844
916.5 749 27.3679
917.5 752 27.4226
918.5 757 27.5136
919.5 772 27.7849
920.5 755 27.4773
921.5 752 27.4226
922.5 795 28.1957
923.5 792 28.1425
924.5 721 26.8514
925.5 714 26.7208
926.5 728 26.9815
927.5 742 27.2397
928.5 763 27.6225
929.5 781 27.9464
930.5 749 27.3679
931.5 754 27.4591
932.5 780 27.9285
933.5 761 27.5862
934.5 793 28.1603
935.5 777 27.8747
936.5 772 27.7849
937.5 751 27.4044
938.5 773 27.8029
939.5 759 27.55
940.5 794 28.178
941.5 795 28.1957
942.5 739 27.1846
943.5 752 27.4226
944.5 735 27.1109
945.5 779 27.9106
946.5 771 27.7669
947.5 763 27.6225
948.5 748 27.3496
949.5 771 27.7669
950.5 804 28.3549
951.5 740 27.2029
952.5 773 27.8029
953.5 776 27.8568
954.5 762 27.6043
955.5 791 28.1247
956.5 751 27.4044
957.5 777 27.8747
958.5 818 28.6007
959.5 797 28.2312
960.5 810 28.4605
961.5 842 29.0172
962.5 740 27.2029
963.5 745 27.2947
964.5 772 27.7849
965.5 747 27.3313
966.5 808 28.4253
967.5 802 28.3196
968.5 853 29.2062
969.5 805 28.3725
970.5 816 28.5657
971.5 862 29.3598
972.5 808 28.4253
973.5 767 27.6948
974.5 835 28.8964
975.5 806 28.3901
976.5 809 28.4429
977.5 794 28.178
978.5 770 27.7489
979.5 853 29.2062
980.5 839 28.9655
981.5 793 28.1603
982.5 800 28.2843
983.5 833 28.8617
984.5 810 28.4605
985.5 834 28.8791
986.5 824 28.7054
987.5 839 28.9655
988.5 815 28.5482
989.5 800 28.2843
990.5 831 28.8271
991.5 809 28.4429
992.5 839 28.9655
993.5 805 28.3725
994.5 823 28.688
995.5 877 29.6142
996.5 808 28.4253
997.5 858 29.2916
998.5 817 28.5832
999.5 852 29.189
1000.5 835 28.8964
1001.5 782 27.9643
1002.5 828 28.775
1003.5 818 28.6007
1004.5 848 29.1204
1005.5 831 28.8271
1006.5 821 28.6531
1007.5 894 29.8998
1008.5 811 28.4781
1009.5 819 28.6182
1010.5 880 29.6648
1011.5 844 29.0517
1012.5 834 28.8791
1013.5 840 28.9828
1014.5 835 28.8964
1015.5 857 29.2746
1016.5 861 29.3428
1017.5 883 29.7153
1018.5 860 29.3258
1019.5 836 28.9137
1020.5 887 29.7825
1021.5 817 28.5832
1022.5 866 29.4279
1023.5 802 28.3196
1024.5 826 28.7402
1025.5 807 28.4077
1026.5 832 28.8444
1027.5 804 28.3549
1028.5 835 28.8964
1029.5 869 29.4788
1030.5 836 28.9137
1031.5 851 29.1719
1032.5 822 28.6705
1033.5 815 28.5482
1034.5 836 28.9137
1035.5 864 29.3939
1036.5 813 28.5132
1037.5 863 29.3769
1038.5 815 28.5482
1039.5 822 28.6705
1040.5 839 28.9655
1041.5 834 28.8791
1042.5 797 28.2312
1043.5 822 28.6705
1044.5 836 28.9137
1045.5 834 28.8791
1046.5 849 29.1376
1047.5 823 28.688
1048.5 849 29.1376
1049.5 818 28.6007
1050.5 847 29.1033
1051.5 825 28.7228
1052.5 874 29.5635
1053.5 819 28.6182
1054.5 769 27.7308
1055.5 778 27.8927
1056.5 823 28.688
1057.5 835 28.8964
1058.5 812 28.4956
1059.5 817 28.5832
1060.5 768 27.7128
1061.5 830 28.8097
1062.5 771 27.7669
1063.5 761 27.5862
1064.5 857 29.2746
1065.5 794 28.178
1066.5 756 27.4955
1067.5 837 28.931
1068.5 788 28.0713
1069.5 779 27.9106
1070.5 819 28.6182
1071.5 810 28.4605
1072.5 786 28.0357
1073.5 776 27.8568
1074.5 796 28.2135
1075.5 797 28.2312
1076.5 802 28.3196
1077.5 772 27.7849
1078.5 808 28.4253
1079.5 779 27.9106
1080.5 832 28.8444
1081.5 796 28.2135
1082.5 785 28.0179
1083.5 785 28.0179
1084.5 798 28.2489
1085.5 808 28.4253
1086.5 754 27.4591
1087.5 774 27.8209
1088.5 769 27.7308
1089.5 758 27.5318
1090.5 817 28.5832
1091.5 790 28.1069
1092.5 772 27.7849
1093.5 775 27.8388
1094.5 796 28.2135
1095.5 716 26.7582
1096.5 732 27.0555
1097.5 790 28.1069
1098.5 737 27.1477
1099.5 801 28.3019
1100.5 774 27.8209
1101.5 775 27.8388
1102.5 739 27.1846
1103.5 737 27.1477
1104.5 768 27.7128
1105.5 722 26.8701
1106.5 724 26.9072
1107.5 738 27.1662
1108.5 737 27.1477
1109.5 752 27.4226
1110.5 773 27.8029
1111.5 770 27.7489
1112.5 720 26.8328
1113.5 777 27.8747
1114.5 732 27.0555
1115.5 742 27.2397
1116.5 764 27.6405
1117.5 734 27.0924
1118.5 713 26.7021
1119.5 739 27.1846
1120.5 749 27.3679
1121.5 737 27.1477
1122.5 709 26.6271
1123.5 714 26.7208
1124.5 707 26.5895
1125.5 762 27.6043
1126.5 725 26.9258
1127.5 725 26.9258
1128.5 716 26.7582
1129.5 748 27.3496
1130.5 713 26.7021
1131.5 690 26.2679
1132.5 738 27.1662
1133.5 715 26.7395
1134.5 786 28.0357
1135.5 742 27.2397
1136.5 716 26.7582
1137.5 716 26.7582
1138.5 742 27.2397
1139.5 747 27.3313
1140.5 727 26.9629
1141.5 740 27.2029
1142.5 670 25.8844
1143.5 726 26.9444
1144.5 733 27.074
1145.5 699 26.4386
1146.5 707 26.5895
1147.5 695 26.3629
1148.5 718 26.7955
1149.5 730 27.0185
1150.5 719 26.8142
1151.5 697 26.4008
1152.5 627 25.04
1153.5 702 26.4953
1154.5 690 26.2679
1155.5 696 26.3818
1156.5 712 26.6833
1157.5 690 26.2679
1158.5 718 26.7955
1159.5 666 25.807
1160.5 695 26.3629
1161.5 687 26.2107
1162.5 628 25.0599
1163.5 715 26.7395
1164.5 671 25.9037
1165.5 662 25.7294
1166.5 697 26.4008
1167.5 663 25.7488
1168.5 662 25.7294
1169.5 707 26.5895
1170.5 667 25.8263
1171.5 682 26.1151
1172.5 643 25.3574
1173.5 632 25.1396
1174.5 665 25.7876
1175.5 713 26.7021
1176.5 672 25.923
1177.5 715 26.7395
1178.5 631 25.1197
1179.5 660 25.6905
1180.5 690 26.2679
1181.5 667 25.8263
1182.5 687 26.2107
1183.5 685 26.1725
1184.5 678 26.0384
1185.5 691 26.2869
1186.5 671 25.9037
1187.5 665 25.7876
1188.5 653 25.5539
1189.5 696 26.3818
1190.5 600 24.4949
1191.5 612 24.7386
1192.5 659 25.671
1193.5 685 26.1725
1194.5 636 25.219
1195.5 618 24.8596
1196.5 647 25.4362
1197.5 670 25.8844
1198.5 669 25.865
1199.5 655 25.593
1200.5 646 25.4165
1201.5 600 24.4949
1202.5 622 24.9399
1203.5 651 25.5147
1204.5 681 26.096
1205.5 664 25.7682
1206.5 679 26.0576
1207.5 618 24.8596
1208.5 657 25.632
1209.5 682 26.1151
1210.5 661 25.7099
1211.5 690 26.2679
1212.5 655 25.593
1213.5 683 26.1343
1214.5 644 25.3772
1215.5 631 25.1197
1216.5 630 25.0998
1217.5 645 25.3969
1218.5 629 25.0799
1219.5 625 25
1220.5 675 25.9808
1221.5 651 25.5147
1222.5 673 25.9422
1223.5 646 25.4165
1224.5 672 25.923
1225.5 674 25.9615
1226.5 604 24.5764
1227.5 673 25.9422
1228.5 725 26.9258
1229.5 635 25.1992
1230.5 640 25.2982
1231.5 673 25.9422
1232.5 612 24.7386
1233.5 664 25.7682
1234.5 662 25.7294
1235.5 625 25
1236.5 670 25.8844
1237.5 620 24.8998
1238.5 633 25.1595
1239.5 619 24.8797
1240.5 630 25.0998
1241.5 668 25.8457
1242.5 671 25.9037
1243.5 659 25.671
1244.5 657 25.632
1245.5 612 24.7386
1246.5 639 25.2784
1247.5 634 25.1794
1248.5 575 23.9792
1249.5 562 23.7065
1250.5 621 24.9199
1251.5 675 25.9808
1252.5 644 25.3772
1253.5 583 24.1454
1254.5 622 24.9399
1255.5 670 25.8844
1256.5 596 24.4131
1257.5 631 25.1197
1258.5 640 25.2982
1259.5 683 26.1343
1260.5 619 24.8797
1261.5 632 25.1396
1262.5 630 25.0998
1263.5 612 24.7386
1264.5 640 25.2982
1265.5 638 25.2587
1266.5 636 25.219
1267.5 669 25.865
1268.5 632 25.1396
1269.5 609 24.6779
1270.5 661 25.7099
1271.5 648 25.4558
1272.5 654 25.5734
1273.5 607 24.6374
1274.5 624 24.98
1275.5 622 24.9399
1276.5 644 25.3772
1277.5 638 25.2587
1278.5 596 24.4131
1279.5 621 24.9199
1280.5 607 24.6374
1281.5 668 25.8457
1282.5 604 24.5764
1283.5 602 24.5357
1284.5 596 24.4131
1285.5 612 24.7386
1286.5 609 24.6779
1287.5 573 23.9374
1288.5 628 25.0599
1289.5 603 24.5561
1290.5 614 24.779
1291.5 621 24.9199
1292.5 642 25.3377
1293.5 628 25.0599
1294.5 579 24.0624
1295.5 698 26.4197
1296.5 624 24.98
1297.5 648 25.4558
1298.5 636 25.219
1299.5 634 25.1794
1300.5 639 25.2784
1301.5 618 24.8596
1302.5 589 24.2693
1303.5 624 24.98
1304.5 602 24.5357
1305.5 637 25.2389
1306.5 656 25.6125
1307.5 567 23.8118
1308.5 614 24.779
1309.5 584 24.1661
1310.5 635 25.1992
1311.5 574 23.9583
1312.5 599 24.4745
1313.5 624 24.98
1314.5 615 24.7992
1315.5 666 25.807
1316.5 610 24.6982
1317.5 589 24.2693
1318.5 645 25.3969
1319.5 585 24.1868
1320.5 604 24.5764
1321.5 633 25.1595
1322.5 589 24.2693
1323.5 616 24.8193
1324.5 608 24.6577
1325.5 588 24.2487
1326.5 583 24.1454
1327.5 568 23.8328
1328.5 592 24.3311
1329.5 613 24.7588
1330.5 560 23.6643
1331.5 606 24.6171
1332.5 592 24.3311
1333.5 583 24.1454
1334.5 565 23.7697
1335.5 595 24.3926
1336.5 595 24.3926
1337.5 610 24.6982
1338.5 552 23.4947
1339.5 564 23.7487
1340.5 594 24.3721
1341.5 617 24.8395
1342.5 579 24.0624
1343.5 582 24.1247
1344.5 578 24.0416
1345.5 633 25.1595
1346.5 620 24.8998
1347.5 591 24.3105
1348.5 613 24.7588
1349.5 562 23.7065
1350.5 555 23.5584
1351.5 541 23.2594
1352.5 560 23.6643
1353.5 600 24.4949
1354.5 585 24.1868
1355.5 608 24.6577
1356.5 575 23.9792
1357.5 579 24.0624
1358.5 599 24.4745
1359.5 547 23.388
1360.5 610 24.6982
1361.5 637 25.2389
1362.5 548 23.4094
1363.5 606 24.6171
1364.5 542 23.2809
1365.5 584 24.1661
1366.5 573 23.9374
1367.5 577 24.0208
1368.5 583 24.1454
1369.5 597 24.4336
1370.5 565 23.7697
1371.5 565 23.7697
1372.5 571 23.8956
1373.5 585 24.1868
1374.5 518 22.7596
1375.5 622 24.9399
1376.5 575 23.9792
1377.5 584 24.1661
1378.5 606 24.6171
1379.5 541 23.2594
1380.5 549 23.4307
1381.5 569 23.8537
1382.5 543 23.3024
1383.5 539 23.2164
1384.5 548 23.4094
1385.5 534 23.1084
1386.5 556 23.5797
1387.5 561 23.6854
1388.5 548 23.4094
1389.5 570 23.8747
1390.5 565 23.7697
1391.5 581 24.1039
1392.5 558 23.622
1393.5 549 23.4307
1394.5 555 23.5584
1395.5 585 24.1868
1396.5 525 22.9129
1397.5 558 23.622
1398.5 573 23.9374
1399.5 546 23.3666
1400.5 556 23.5797
1401.5 503 22.4277
1402.5 530 23.0217
1403.5 513 22.6495
1404.5 549 23.4307
1405.5 551 23.4734
1406.5 559 23.6432
1407.5 536 23.1517
1408.5 581 24.1039
1409.5 549 23.4307
1410.5 560 23.6643
1411.5 535 23.1301
1412.5 544 23.3238
1413.5 539 23.2164
1414.5 515 22.6936
1415.5 468 21.6333
1416.5 587 24.2281
1417.5 561 23.6854
1418.5 516 22.7156
1419.5 511 22.6053
1420.5 514 22.6716
1421.5 531 23.0434
1422.5 559 23.6432
1423.5 563 23.7276
1424.5 537 23.1733
1425.5 512 22.6274
1426.5 545 23.3452
1427.5 543 23.3024
1428.5 574 23.9583
1429.5 510 22.5832
1430.5 540 23.2379
1431.5 523 22.8692
1432.5 539 23.2164
1433.5 503 22.4277
1434.5 507 22.5167
1435.5 550 23.4521
1436.5 471 21.7025
1437.5 544 23.3238
1438.5 560 23.6643
1439.5 550 23.4521
1440.5 552 23.4947
1441.5 530 23.0217
1442.5 501 22.383
1443.5 503 22.4277
1444.5 556 23.5797
1445.5 513 22.6495
1446.5 502 22.4054
1447.5 546 23.3666
1448.5 492 22.1811
1449.5 495 22.2486
1450.5 557 23.6008
1451.5 491 22.1585
1452.5 553 23.516
1453.5 497 22.2935
1454.5 462 21.4942
1455.5 496 22.2711
1456.5 533 23.0868
1457.5 513 22.6495
1458.5 560 23.6643
1459.5 497 22.2935
1460.5 531 23.0434
1461.5 513 22.6495
1462.5 516 22.7156
1463.5 493 22.2036
1464.5 518 22.7596
1465.5 498 22.3159
1466.5 506 22.4944
1467.5 465 21.5639
1468.5 536 23.1517
1469.5 491 22.1585
1470.5 546 23.3666
1471.5 498 22.3159
1472.5 477 21.8403
1473.5 508 22.5389
1474.5 515 22.6936
1475.5 524 22.891
1476.5 499 22.3383
1477.5 509 22.561
1478.5 508 22.5389
1479.5 497 22.2935
1480.5 504 22.4499
1481.5 506 22.4944
1482.5 485 22.0227
1483.5 504 22.4499
1484.5 521 22.8254
1485.5 523 22.8692
1486.5 510 22.5832
1487.5 501 22.383
1488.5 505 22.4722
1489.5 506 22.4944
1490.5 471 21.7025
1491.5 562 23.7065
1492.5 499 22.3383
1493.5 484 22
1494.5 493 22.2036
1495.5 503 22.4277
1496.5 517 22.7376
1497.5 532 23.0651
1498.5 477 21.8403
1499.5 508 22.5389
1500.5 495 22.2486
1501.5 547 23.388
1502.5 515 22.6936
1503.5 497 22.2935
1504.5 501 22.383
1505.5 482 21.9545
1506.5 477 21.8403
1507.5 487 22.0681
1508.5 507 22.5167
1509.5 473 21.7486
1510.5 466 21.587
1511.5 484 22
1512.5 523 22.8692
1513.5 478 21.8632
1514.5 449 21.1896
1515.5 478 21.8632
1516.5 458 21.4009
1517.5 481 21.9317
1518.5 507 22.5167
1519.5 493 22.2036
1520.5 486 22.0454
1521.5 490 22.1359
1522.5 456 21.3542
1523.5 492 22.1811
1524.5 508 22.5389
1525.5 467 21.6102
1526.5 492 22.1811
1527.5 449 21.1896
1528.5 496 22.2711
1529.5 481 21.9317
1530.5 479 21.8861
1531.5 485 22.0227
1532.5 449 21.1896
1533.5 469 21.6564
1534.5 472 21.7256
1535.5 466 21.587
1536.5 503 22.4277
1537.5 527 22.9565
1538.5 469 21.6564
1539.5 515 22.6936
1540.5 516 22.7156
1541.5 444 21.0713
1542.5 492 22.1811
1543.5 488 22.0907
1544.5 443 21.0476
1545.5 520 22.8035
1546.5 480 21.9089
1547.5 477 21.8403
1548.5 478 21.8632
1549.5 464 21.5407
1550.5 463 21.5174
1551.5 444 21.0713
1552.5 463 21.5174
1553.5 455 21.3307
1554.5 467 21.6102
1555.5 494 22.2261
1556.5 482 21.9545
1557.5 476 21.8174
1558.5 464 21.5407
1559.5 473 21.7486
1560.5 452 21.2603
1561.5 505 22.4722
1562.5 484 22
1563.5 445 21.095
1564.5 481 21.9317
1565.5 505 22.4722
1566.5 484 22
1567.5 449 21.1896
1568.5 452 21.2603
1569.5 408 20.199
1570.5 484 22
1571.5 480 21.9089
1572.5 463 21.5174
1573.5 457 21.3776
1574.5 457 21.3776
1575.5 438 20.9284
1576.5 426 20.6398
1577.5 449 21.1896
1578.5 478 21.8632
1579.5 417 20.4206
1580.5 449 21.1896
1581.5 478 21.8632
1582.5 434 20.8327
1583.5 435 20.8567
1584.5 492 22.1811
1585.5 496 22.2711
1586.5 430 20.7364
1587.5 466 21.587
1588.5 415 20.3715
1589.5 438 20.9284
1590.5 409 20.2237
1591.5 450 21.2132
1592.5 466 21.587
1593.5 457 21.3776
1594.5 459 21.4243
1595.5 452 21.2603
1596.5 491 22.1585
1597.5 463 21.5174
1598.5 476 21.8174
1599.5 445 21.095
1600.5 479 21.8861
1601.5 430 20.7364
1602.5 456 21.3542
1603.5 435 20.8567
1604.5 429 20.7123
1605.5 452 21.2603
1606.5 485 22.0227
1607.5 456 21.3542
1608.5 489 22.1133
1609.5 427 20.664
1610.5 470 21.6795
1611.5 462 21.4942
1612.5 467 21.6102
1613.5 451 21.2368
1614.5 450 21.2132
1615.5 402 20.0499
1616.5 424 20.5913
1617.5 434 20.8327
1618.5 430 20.7364
1619.5 452 21.2603
1620.5 431 20.7605
1621.5 458 21.4009
1622.5 418 20.445
1623.5 441 21
1624.5 445 21.095
1625.5 452 21.2603
1626.5 453 21.2838
1627.5 433 20.8087
1628.5 453 21.2838
1629.5 414 20.347
1630.5 431 20.7605
1631.5 397 19.9249
1632.5 428 20.6882
1633.5 405 20.1246
1634.5 438 20.9284
1635.5 435 20.8567
1636.5 469 21.6564
1637.5 414 20.347
1638.5 436 20.8806
1639.5 452 21.2603
1640.5 465 21.5639
1641.5 432 20.7846
1642.5 416 20.3961
1643.5 413 20.3224
1644.5 423 20.567
1645.5 415 20.3715
1646.5 403 20.0749
1647.5 422 20.5426
1648.5 441 21
1649.5 449 21.1896
1650.5 462 21.4942
1651.5 388 19.6977
1652.5 409 20.2237
1653.5 451 21.2368
1654.5 423 20.567
1655.5 439 20.9523
1656.5 442 21.0238
1657.5 431 20.7605
1658.5 418 20.445
1659.5 440 20.9762
1660.5 434 20.8327
1661.5 438 20.9284
1662.5 433 20.8087
1663.5 425 20.6155
1664.5 435 20.8567
1665.5 437 20.9045
1666.5 455 21.3307
1667.5 424 20.5913
1668.5 427 20.664
1669.5 437 20.9045
1670.5 457 21.3776
1671.5 427 20.664
1672.5 396 19.8997
1673.5 442 21.0238
1674.5 403 20.0749
1675.5 468 21.6333
1676.5 384 19.5959
1677.5 471 21.7025
1678.5 411 20.2731
1679.5 414 20.347
1680.5 398 19.9499
1681.5 414 20.347
1682.5 412 20.2978
1683.5 394 19.8494
1684.5 442 21.0238
1685.5 454 21.3073
1686.5 401 20.025
1687.5 408 20.199
1688.5 424 20.5913
1689.5 437 20.9045
1690.5 441 21
1691.5 444 21.0713
1692.5 360 18.9737
1693.5 426 20.6398
1694.5 431 20.7605
1695.5 390 19.7484
1696.5 437 20.9045
1697.5 387 19.6723
1698.5 453 21.2838
1699.5 419 20.4695
1700.5 437 20.9045
1701.5 424 20.5913
1702.5 455 21.3307
1703.5 405 20.1246
1704.5 463 21.5174
1705.5 419 20.4695
1706.5 436 20.8806
1707.5 404 20.0998
1708.5 451 21.2368
1709.5 378 19.4422
1710.5 418 20.445
1711.5 432 20.7846
1712.5 411 20.2731
1713.5 405 20.1246
1714.5 428 20.6882
1715.5 370 19.2354
1716.5 427 20.664
1717.5 405 20.1246
1718.5 395 19.8746
1719.5 387 19.6723
1720.5 381 19.5192
1721.5 446 21.1187
1722.5 420 20.4939
1723.5 424 20.5913
1724.5 393 19.8242
1725.5 384 19.5959
1726.5 392 19.799
1727.5 389 19.7231
1728.5 393 19.8242
1729.5 409 20.2237
1730.5 387 19.6723
1731.5 393 19.8242
1732.5 381 19.5192
1733.5 414 20.347
1734.5 418 20.445
1735.5 413 20.3224
1736.5 382 19.5448
1737.5 418 20.445
1738.5 389 19.7231
1739.5 410 20.2485
1740.5 368 19.1833
1741.5 403 20.0749
1742.5 404 20.0998
1743.5 438 20.9284
1744.5 425 20.6155
1745.5 392 19.799
1746.5 428 20.6882
1747.5 417 20.4206
1748.5 410 20.2485
1749.5 427 20.664
1750.5 412 20.2978
1751.5 412 20.2978
1752.5 442 21.0238
1753.5 420 20.4939
1754.5 404 20.0998
1755.5 399 19.975
1756.5 384 19.5959
1757.5 414 20.347
1758.5 396 19.8997
1759.5 415 20.3715
1760.5 417 20.4206
1761.5 390 19.7484
1762.5 365 19.105
1763.5 403 20.0749
1764.5 370 19.2354
1765.5 413 20.3224
1766.5 388 19.6977
1767.5 424 20.5913
1768.5 378 19.4422
1769.5 406 20.1494
1770.5 378 19.4422
1771.5 413 20.3224
1772.5 434 20.8327
1773.5 402 20.0499
1774.5 366 19.1311
1775.5 399 19.975
1776.5 382 19.5448
1777.5 377 19.4165
1778.5 407 20.1742
1779.5 414 20.347
1780.5 416 20.3961
1781.5 409 20.2237
1782.5 444 21.0713
1783.5 414 20.347
1784.5 424 20.5913
1785.5 388 19.6977
1786.5 403 20.0749
1787.5 389 19.7231
1788.5 411 20.2731
1789.5 411 20.2731
1790.5 407 20.1742
1791.5 397 19.9249
1792.5 386 19.6469
1793.5 379 19.4679
1794.5 365 19.105
1795.5 409 20.2237
1796.5 389 19.7231
1797.5 379 19.4679
1798.5 367 19.1572
1799.5 400 20
1800.5 416 20.3961
1801.5 422 20.5426
1802.5 394 19.8494
1803.5 405 20.1246
1804.5 396 19.8997
1805.5 379 19.4679
1806.5 383 19.5704
1807.5 433 20.8087
1808.5 401 20.025
1809.5 399 19.975
1810.5 398 19.9499
1811.5 392 19.799
1812.5 377 19.4165
1813.5 387 19.6723
1814.5 415 20.3715
1815.5 368 19.1833
1816.5 383 19.5704
1817.5 408 20.199
1818.5 392 19.799
1819.5 417 20.4206
1820.5 410 20.2485
1821.5 425 20.6155
1822.5 406 20.1494
1823.5 422 20.5426
1824.5 413 20.3224
1825.5 376 19.3907
1826.5 389 19.7231
1827.5 383 19.5704
1828.5 386 19.6469
1829.5 360 18.9737
1830.5 398 19.9499
1831.5 394 19.8494
1832.5 411 20.2731
1833.5 396 19.8997
1834.5 398 19.9499
1835.5 401 20.025
1836.5 431 20.7605
1837.5 378 19.4422
1838.5 399 19.975
1839.5 379 19.4679
1840.5 397 19.9249
1841.5 401 20.025
1842.5 397 19.9249
1843.5 362 19.0263
1844.5 372 19.2873
1845.5 376 19.3907
1846.5 379 19.4679
1847.5 414 20.347
1848.5 352 18.7617
1849.5 357 18.8944
1850.5 409 20.2237
1851.5 384 19.5959
1852.5 384 19.5959
1853.5 403 20.0749
1854.5 408 20.199
1855.5 393 19.8242
1856.5 398 19.9499
1857.5 380 19.4936
1858.5 402 20.0499
1859.5 369 19.2094
1860.5 385 19.6214
1861.5 391 19.7737
1862.5 395 19.8746
1863.5 399 19.975
1864.5 361 19
1865.5 393 19.8242
1866.5 377 19.4165
1867.5 381 19.5192
1868.5 395 19.8746
1869.5 368 19.1833
1870.5 364 19.0788
1871.5 381 19.5192
1872.5 381 19.5192
1873.5 367 19.1572
1874.5 357 18.8944
1875.5 405 20.1246
1876.5 389 19.7231
1877.5 425 20.6155
1878.5 389 19.7231
1879.5 387 19.6723
1880.5 370 19.2354
1881.5 397 19.9249
1882.5 386 19.6469
1883.5 384 19.5959
1884.5 431 20.7605
1885.5 435 20.8567
1886.5 404 20.0998
1887.5 418 20.445
1888.5 383 19.5704
1889.5 414 20.347
1890.5 383 19.5704
1891.5 393 19.8242
1892.5 379 19.4679
1893.5 400 20
1894.5 383 19.5704
1895.5 389 19.7231
1896.5 406 20.1494
1897.5 406 20.1494
1898.5 373 19.3132
1899.5 390 19.7484
1900.5 364 19.0788
1901.5 427 20.664
1902.5 382 19.5448
1903.5 405 20.1246
1904.5 385 19.6214
1905.5 409 20.2237
1906.5 437 20.9045
1907.5 374 19.3391
1908.5 387 19.6723
1909.5 382 19.5448
1910.5 379 19.4679
1911.5 382 19.5448
1912.5 379 19.4679
1913.5 416 20.3961
1914.5 395 19.8746
1915.5 387 19.6723
1916.5 392 19.799
1917.5 386 19.6469
1918.5 380 19.4936
1919.5 418 20.445
1920.5 388 19.6977
1921.5 388 19.6977
1922.5 404 20.0998
1923.5 418 20.445
1924.5 399 19.975
1925.5 429 20.7123
1926.5 402 20.0499
1927.5 408 20.199
1928.5 414 20.347
1929.5 376 19.3907
1930.5 422 20.5426
1931.5 380 19.4936
1932.5 401 20.025
1933.5 383 19.5704
1934.5 384 19.5959
1935.5 394 19.8494
1936.5 385 19.6214
1937.5 385 19.6214
1938.5 388 19.6977
1939.5 404 20.0998
1940.5 404 20.0998
1941.5 372 19.2873
1942.5 378 19.4422
1943.5 395 19.8746
1944.5 409 20.2237
1945.5 403 20.0749
1946.5 387 19.6723
1947.5 385 19.6214
1948.5 368 19.1833
1949.5 405 20.1246
1950.5 387 19.6723
1951.5 358 18.9209
1952.5 415 20.3715
1953.5 391 19.7737
1954.5 409 20.2237
1955.5 406 20.1494
1956.5 396 19.8997
1957.5 362 19.0263
1958.5 439 20.9523
1959.5 409 20.2237
1960.5 392 19.799
1961.5 397 19.9249
1962.5 417 20.4206
1963.5 433 20.8087
1964.5 433 20.8087
1965.5 380 19.4936
1966.5 385 19.6214
1967.5 366 19.1311
1968.5 438 20.9284
1969.5 388 19.6977
1970.5 358 18.9209
1971.5 382 19.5448
1972.5 419 20.4695
1973.5 413 20.3224
1974.5 370 19.2354
1975.5 395 19.8746
1976.5 402 20.0499
1977.5 383 19.5704
1978.5 361 19
1979.5 400 20
1980.5 374 19.3391
1981.5 384 19.5959
1982.5 414 20.347
1983.5 376 19.3907
1984.5 402 20.0499
1985.5 398 19.9499
1986.5 406 20.1494
1987.5 401 20.025
1988.5 398 19.9499
1989.5 392 19.799
1990.5 385 19.6214
1991.5 401 20.025
1992.5 398 19.9499
1993.5 374 19.3391
1994.5 387 19.6723
1995.5 387 19.6723
1996.5 375 19.3649
1997.5 377 19.4165
1998.5 383 19.5704
1999.5 366 19.1311
2000.5 430 20.7364
2001.5 391 19.7737
2002.5 378 19.4422
2003.5 392 19.799
2004.5 423 20.567
2005.5 375 19.3649
2006.5 352 18.7617
2007.5 368 19.1833
2008.5 346 18.6011
2009.5 367 19.1572
2010.5 376 19.3907
2011.5 381 19.5192
2012.5 370 19.2354
2013.5 395 19.8746
2014.5 349 18.6815
2015.5 429 20.7123
2016.5 384 19.5959
2017.5 380 19.4936
2018.5 385 19.6214
2019.5 396 19.8997
2020.5 391 19.7737
2021.5 384 19.5959
2022.5 379 19.4679
2023.5 362 19.0263
2024.5 388 19.6977
2025.5 374 19.3391
2026.5 385 19.6214
2027.5 399 19.975
2028.5 400 20
2029.5 389 19.7231
2030.5 429 20.7123
2031.5 381 19.5192
2032.5 369 19.2094
2033.5 390 19.7484
2034.5 399 19.975
2035.5 380 19.4936
2036.5 405 20.1246
2037.5 408 20.199
2038.5 427 20.664
2039.5 424 20.5913
2040.5 387 19.6723
2041.5 403 20.0749
2042.5 362 19.0263
2043.5 411 20.2731
2044.5 395 19.8746
2045.5 368 19.1833
2046.5 378 19.4422
2047.5 384 19.5959
2048.5 430 20.7364
2049.5 420 20.4939
2050.5 417 20.4206
2051.5 389 19.7231
2052.5 415 20.3715
2053.5 411 20.2731
2054.5 411 20.2731
2055.5 350 18.7083
2056.5 418 20.445
2057.5 397 19.9249
2058.5 387 19.6723
2059.5 413 20.3224
2060.5 367 19.1572
2061.5 382 19.5448
2062.5 412 20.2978
2063.5 408 20.199
2064.5 387 19.6723
2065.5 399 19.975
2066.5 419 20.4695
2067.5 394 19.8494
2068.5 385 19.6214
2069.5 405 20.1246
2070.5 381 19.5192
2071.5 403 20.0749
2072.5 409 20.2237
2073.5 353 18.7883
2074.5 387 19.6723
2075.5 407 20.1742
2076.5 411 20.2731
2077.5 390 19.7484
2078.5 382 19.5448
2079.5 433 20.8087
2080.5 383 19.5704
2081.5 402 20.0499
2082.5 384 19.5959
2083.5 415 20.3715
2084.5 399 19.975
2085.5 429 20.7123
2086.5 396 19.8997
2087.5 421 20.5183
2088.5 396 19.8997
2089.5 380 19.4936
2090.5 431 20.7605
2091.5 387 19.6723
2092.5 413 20.3224
2093.5 374 19.3391
2094.5 384 19.5959
2095.5 391 19.7737
2096.5 369 19.2094
2097.5 403 20.0749
2098.5 396 19.8997
2099.5 408 20.199
2100.5 394 19.8494
2101.5 379 19.4679
2102.5 403 20.0749
2103.5 403 20.0749
2104.5 416 20.3961
2105.5 401 20.025
2106.5 381 19.5192
2107.5 407 20.1742
2108.5 427 20.664
2109.5 417 20.4206
2110.5 378 19.4422
2111.5 367 19.1572
2112.5 390 19.7484
2113.5 392 19.799
2114.5 434 20.8327
2115.5 367 19.1572
2116.5 389 19.7231
2117.5 412 20.2978
2118.5 388 19.6977
2119.5 367 19.1572
2120.5 430 20.7364
2121.5 397 19.9249
2122.5 404 20.0998
2123.5 382 19.5448
2124.5 382 19.5448
2125.5 418 20.445
2126.5 404 20.0998
2127.5 382 19.5448
2128.5 398 19.9499
2129.5 400 20
2130.5 394 19.8494
2131.5 398 19.9499
2132.5 393 19.8242
2133.5 395 19.8746
2134.5 407 20.1742
2135.5 380 19.4936
2136.5 405 20.1246
2137.5 389 19.7231
2138.5 359 18.9473
2139.5 391 19.7737
2140.5 387 19.6723
2141.5 418 20.445
2142.5 374 19.3391
2143.5 378 19.4422
2144.5 422 20.5426
2145.5 393 19.8242
2146.5 410 20.2485
2147.5 421 20.5183
2148.5 404 20.0998
2149.5 421 20.5183
2150.5 389 19.7231
2151.5 388 19.6977
2152.5 376 19.3907
2153.5 376 19.3907
2154.5 394 19.8494
2155.5 378 19.4422
2156.5 406 20.1494
2157.5 371 19.2614
2158.5 399 19.975
2159.5 361 19
2160.5 360 18.9737
2161.5 392 19.799
2162.5 361 19
2163.5 360 18.9737
2164.5 387 19.6723
2165.5 415 20.3715
2166.5 399 19.975
2167.5 395 19.8746
2168.5 385 19.6214
2169.5 400 20
2170.5 365 19.105
2171.5 379 19.4679
2172.5 371 19.2614
2173.5 386 19.6469
2174.5 391 19.7737
2175.5 367 19.1572
2176.5 421 20.5183
2177.5 384 19.5959
2178.5 411 20.2731
2179.5 407 20.1742
2180.5 421 20.5183
2181.5 371 19.2614
2182.5 395 19.8746
2183.5 410 20.2485
2184.5 398 19.9499
2185.5 373 19.3132
2186.5 340 18.4391
2187.5 386 19.6469
2188.5 399 19.975
2189.5 376 19.3907
2190.5 383 19.5704
2191.5 384 19.5959
2192.5 365 19.105
2193.5 385 19.6214
2194.5 356 18.868
2195.5 420 20.4939
2196.5 374 19.3391
2197.5 373 19.3132
2198.5 391 19.7737
2199.5 386 19.6469
2200.5 387 19.6723
2201.5 364 19.0788
2202.5 358 18.9209
2203.5 374 19.3391
2204.5 349 18.6815
2205.5 390 19.7484
2206.5 325 18.0278
2207.5 383 19.5704
2208.5 357 18.8944
2209.5 361 19
2210.5 384 19.5959
2211.5 358 18.9209
2212.5 344 18.5472
2213.5 351 18.735
2214.5 359 18.9473
2215.5 342 18.4932
2216.5 341 18.4662
2217.5 369 19.2094
2218.5 381 19.5192
2219.5 365 19.105
2220.5 323 17.9722
2221.5 354 18.8149
2222.5 332 18.2209
2223.5 365 19.105
2224.5 389 19.7231
2225.5 371 19.2614
2226.5 332 18.2209
2227.5 335 18.303
2228.5 372 19.2873
2229.5 332 18.2209
2230.5 326 18.0555
2231.5 342 18.4932
2232.5 349 18.6815
2233.5 355 18.8414
2234.5 391 19.7737
2235.5 353 18.7883
2236.5 318 17.8326
2237.5 328 18.1108
2238.5 325 18.0278
2239.5 338 18.3848
2240.5 321 17.9165
2241.5 306 17.4929
2242.5 332 18.2209
2243.5 323 17.9722
2244.5 310 17.6068
2245.5 334 18.2757
2246.5 305 17.4642
2247.5 338 18.3848
2248.5 320 17.8885
2249.5 341 18.4662
2250.5 332 18.2209
2251.5 355 18.8414
2252.5 294 17.1464
2253.5 321 17.9165
2254.5 327 18.0831
2255.5 329 18.1384
2256.5 302 17.3781
2257.5 312 17.6635
2258.5 283 16.8226
2259.5 283 16.8226
2260.5 281 16.7631
2261.5 265 16.2788
2262.5 278 16.6733
2263.5 284 16.8523
2264.5 312 17.6635
2265.5 298 17.2627
2266.5 285 16.8819
2267.5 296 17.2047
2268.5 265 16.2788
2269.5 320 17.8885
2270.5 311 17.6352
2271.5 275 16.5831
2272.5 291 17.0587
2273.5 318 17.8326
2274.5 281 16.7631
2275.5 287 16.9411
2276.5 263 16.2173
2277.5 280 16.7332
2278.5 239 15.4596
2279.5 304 17.4356
2280.5 255 15.9687
2281.5 273 16.5227
2282.5 270 16.4317
2283.5 264 16.2481
2284.5 287 16.9411
2285.5 261 16.1555
2286.5 257 16.0312
2287.5 282 16.7929
2288.5 282 16.7929
2289.5 278 16.6733
2290.5 251 15.843
2291.5 269 16.4012
2292.5 254 15.9374
2293.5 260 16.1245
2294.5 260 16.1245
2295.5 264 16.2481
2296.5 270 16.4317
2297.5 254 15.9374
2298.5 278 16.6733
2299.5 266 16.3095
2300.5 270 16.4317
2301.5 238 15.4272
2302.5 256 16
2303.5 248 15.748
2304.5 254 15.9374
2305.5 274 16.5529
2306.5 280 16.7332
2307.5 256 16
2308.5 276 16.6132
2309.5 238 15.4272
2310.5 262 16.1864
2311.5 278 16.6733
2312.5 237 15.3948
2313.5 272 16.4924
2314.5 255 15.9687
2315.5 276 16.6132
2316.5 258 16.0624
2317.5 248 15.748
2318.5 243 15.5885
2319.5 269 16.4012
2320.5 224 14.9666
2321.5 239 15.4596
2322.5 234 15.2971
2323.5 249 15.7797
2324.5 268 16.3707
2325.5 307 17.5214
2326.5 255 15.9687
2327.5 223 14.9332
2328.5 226 15.0333
2329.5 226 15.0333
2330.5 247 15.7162
2331.5 249 15.7797
2332.5 243 15.5885
2333.5 223 14.9332
2334.5 253 15.906
2335.5 251 15.843
2336.5 228 15.0997
2337.5 266 16.3095
2338.5 224 14.9666
2339.5 209 14.4568
2340.5 231 15.1987
2341.5 251 15.843
2342.5 237 15.3948
2343.5 228 15.0997
2344.5 222 14.8997
2345.5 246 15.6844
2346.5 223 14.9332
2347.5 273 16.5227
2348.5 249 15.7797
2349.5 224 14.9666
2350.5 245 15.6525
2351.5 245 15.6525
2352.5 237 15.3948
2353.5 234 15.2971
2354.5 241 15.5242
2355.5 218 14.7648
2356.5 222 14.8997
2357.5 225 15
2358.5 236 15.3623
2359.5 250 15.8114
2360.5 226 15.0333
2361.5 241 15.5242
2362.5 233 15.2643
2363.5 256 16
2364.5 214 14.6287
2365.5 236 15.3623
2366.5 200 14.1421
2367.5 209 14.4568
2368.5 227 15.0665
2369.5 213 14.5945
2370.5 213 14.5945
2371.5 237 15.3948
2372.5 210 14.4914
2373.5 235 15.3297
2374.5 220 14.8324
2375.5 223 14.9332
2376.5 200 14.1421
2377.5 211 14.5258
2378.5 239 15.4596
2379.5 227 15.0665
2380.5 231 15.1987
2381.5 216 14.6969
2382.5 196 14
2383.5 245 15.6525
2384.5 225 15
2385.5 221 14.8661
2386.5 209 14.4568
2387.5 241 15.5242
2388.5 211 14.5258
2389.5 199 14.1067
2390.5 234 15.2971
2391.5 176 13.2665
2392.5 208 14.4222
2393.5 260 16.1245
2394.5 189 13.7477
2395.5 200 14.1421
2396.5 233 15.2643
2397.5 218 14.7648
2398.5 215 14.6629
2399.5 220 14.8324
2400.5 222 14.8997
2401.5 218 14.7648
2402.5 218 14.7648
2403.5 207 14.3875
2404.5 218 14.7648
2405.5 219 14.7986
2406.5 223 14.9332
2407.5 203 14.2478
2408.5 193 13.8924
2409.5 233 15.2643
2410.5 194 13.9284
2411.5 202 14.2127
2412.5 175 13.2288
2413.5 196 14
2414.5 196 14
2415.5 198 14.0712
2416.5 208 14.4222
2417.5 196 14
2418.5 205 14.3178
2419.5 197 14.0357
2420.5 207 14.3875
2421.5 213 14.5945
2422.5 222 14.8997
2423.5 212 14.5602
2424.5 198 14.0712
2425.5 186 13.6382
2426.5 198 14.0712
2427.5 178 13.3417
2428.5 189 13.7477
2429.5 194 13.9284
2430.5 197 14.0357
2431.5 199 14.1067
2432.5 198 14.0712
2433.5 181 13.4536
2434.5 178 13.3417
2435.5 228 15.0997
2436.5 206 14.3527
2437.5 189 13.7477
2438.5 210 14.4914
2439.5 182 13.4907
2440.5 191 13.8203
2441.5 197 14.0357
2442.5 201 14.1774
2443.5 205 14.3178
2444.5 191 13.8203
2445.5 208 14.4222
2446.5 211 14.5258
2447.5 171 13.0767
2448.5 217 14.7309
2449.5 210 14.4914
2450.5 211 14.5258
2451.5 191 13.8203
2452.5 206 14.3527
2453.5 199 14.1067
2454.5 201 14.1774
2455.5 196 14
2456.5 185 13.6015
2457.5 187 13.6748
2458.5 178 13.3417
2459.5 177 13.3041
2460.5 170 13.0384
2461.5 177 13.3041
2462.5 176 13.2665
2463.5 174 13.1909
2464.5 198 14.0712
2465.5 186 13.6382
2466.5 192 13.8564
2467.5 201 14.1774
2468.5 160 12.6491
2469.5 200 14.1421
2470.5 203 14.2478
2471.5 190 13.784
2472.5 216 14.6969
2473.5 211 14.5258
2474.5 190 13.784
2475.5 191 13.8203
2476.5 174 13.1909
2477.5 204 14.2829
2478.5 192 13.8564
2479.5 175 13.2288
2480.5 183 13.5277
2481.5 209 14.4568
2482.5 169 13
2483.5 215 14.6629
2484.5 180 13.4164
2485.5 174 13.1909
2486.5 198 14.0712
2487.5 185 13.6015
2488.5 198 14.0712
2489.5 179 13.3791
2490.5 200 14.1421
2491.5 162 12.7279
2492.5 154 12.4097
2493.5 191 13.8203
2494.5 170 13.0384
2495.5 189 13.7477
2496.5 208 14.4222
2497.5 170 13.0384
2498.5 195 13.9642
2499.5 180 13.4164
2500.5 153 12.3693
2501.5 168 12.9615
2502.5 168 12.9615
2503.5 203 14.2478
2504.5 143 11.9583
2505.5 188 13.7113
2506.5 176 13.2665
2507.5 168 12.9615
2508.5 179 13.3791
2509.5 192 13.8564
2510.5 162 12.7279
2511.5 180 13.4164
2512.5 170 13.0384
2513.5 174 13.1909
2514.5 210 14.4914
2515.5 189 13.7477
2516.5 158 12.5698
2517.5 164 12.8062
2518.5 157 12.53
2519.5 159 12.6095
2520.5 168 12.9615
2521.5 191 13.8203
2522.5 177 13.3041
2523.5 201 14.1774
2524.5 190 13.784
2525.5 156 12.49
2526.5 175 13.2288
2527.5 182 13.4907
2528.5 177 13.3041
2529.5 186 13.6382
2530.5 151 12.2882
2531.5 162 12.7279
2532.5 159 12.6095
2533.5 160 12.6491
2534.5 179 13.3791
2535.5 181 13.4536
2536.5 184 13.5647
2537.5 184 13.5647
2538.5 165 12.8452
2539.5 170 13.0384
2540.5 149 12.2066
2541.5 187 13.6748
2542.5 164 12.8062
2543.5 172 13.1149
2544.5 172 13.1149
2545.5 170 13.0384
2546.5 179 13.3791
2547.5 191 13.8203
2548.5 165 12.8452
2549.5 149 12.2066
2550.5 141 11.8743
2551.5 164 12.8062
2552.5 158 12.5698
2553.5 175 13.2288
2554.5 180 13.4164
2555.5 176 13.2665
2556.5 148 12.1655
2557.5 148 12.1655
2558.5 177 13.3041
2559.5 185 13.6015
2560.5 190 13.784
2561.5 146 12.083
2562.5 164 12.8062
2563.5 166 12.8841
2564.5 154 12.4097
2565.5 162 12.7279
2566.5 163 12.7671
2567.5 157 12.53
2568.5 181 13.4536
2569.5 154 12.4097
2570.5 150 12.2474
2571.5 175 13.2288
2572.5 166 12.8841
2573.5 179 13.3791
2574.5 138 11.7473
2575.5 172 13.1149
2576.5 172 13.1149
2577.5 136 11.6619
2578.5 148 12.1655
2579.5 148 12.1655
2580.5 148 12.1655
2581.5 158 12.5698
2582.5 165 12.8452
2583.5 156 12.49
2584.5 138 11.7473
2585.5 138 11.7473
2586.5 169 13
2587.5 172 13.1149
2588.5 148 12.1655
2589.5 138 11.7473
2590.5 159 12.6095
2591.5 147 12.1244
2592.5 123 11.0905
2593.5 129 11.3578
2594.5 158 12.5698
2595.5 147 12.1244
2596.5 162 12.7279
2597.5 142 11.9164
2598.5 140 11.8322
2599.5 150 12.2474
2600.5 158 12.5698
2601.5 164 12.8062
2602.5 137 11.7047
2603.5 148 12.1655
2604.5 149 12.2066
2605.5 145 12.0416
2606.5 156 12.49
2607.5 153 12.3693
2608.5 140 11.8322
2609.5 173 13.1529
2610.5 158 12.5698
2611.5 146 12.083
2612.5 167 12.9228
2613.5 148 12.1655
2614.5 153 12.3693
2615.5 146 12.083
2616.5 161 12.6886
2617.5 135 11.619
2618.5 125 11.1803
2619.5 150 12.2474
2620.5 145 12.0416
2621.5 140 11.8322
2622.5 124 11.1355
2623.5 160 12.6491
2624.5 141 11.8743
2625.5 146 12.083
2626.5 152 12.3288
2627.5 147 12.1244
2628.5 137 11.7047
2629.5 140 11.8322
2630.5 128 11.3137
2631.5 140 11.8322
2632.5 150 12.2474
2633.5 141 11.8743
2634.5 156 12.49
2635.5 148 12.1655
2636.5 149 12.2066
2637.5 168 12.9615
2638.5 131 11.4455
2639.5 143 11.9583
2640.5 158 12.5698
2641.5 159 12.6095
2642.5 145 12.0416
2643.5 155 12.4499
2644.5 124 11.1355
2645.5 148 12.1655
2646.5 144 12
2647.5 148 12.1655
2648.5 135 11.619
2649.5 132 11.4891
2650.5 154 12.4097
2651.5 140 11.8322
2652.5 133 11.5326
2653.5 137 11.7047
2654.5 155 12.4499
2655.5 139 11.7898
2656.5 148 12.1655
2657.5 151 12.2882
2658.5 136 11.6619
2659.5 141 11.8743
2660.5 127 11.2694
2661.5 138 11.7473
2662.5 147 12.1244
2663.5 151 12.2882
2664.5 163 12.7671
2665.5 159 12.6095
2666.5 130 11.4018
2667.5 145 12.0416
2668.5 139 11.7898
2669.5 155 12.4499
2670.5 142 11.9164
2671.5 139 11.7898
2672.5 118 10.8628
2673.5 135 11.619
2674.5 160 12.6491
2675.5 135 11.619
2676.5 117 10.8167
2677.5 142 11.9164
2678.5 116 10.7703
2679.5 137 11.7047
2680.5 131 11.4455
2681.5 132 11.4891
2682.5 143 11.9583
2683.5 130 11.4018
2684.5 150 12.2474
2685.5 163 12.7671
2686.5 136 11.6619
2687.5 144 12
2688.5 139 11.7898
2689.5 145 12.0416
2690.5 132 11.4891
2691.5 126 11.225
2692.5 141 11.8743
2693.5 142 11.9164
2694.5 128 11.3137
2695.5 129 11.3578
2696.5 137 11.7047
2697.5 133 11.5326
2698.5 121 11
2699.5 128 11.3137
2700.5 147 12.1244
2701.5 167 12.9228
2702.5 141 11.8743
2703.5 148 12.1655
2704.5 138 11.7473
2705.5 123 11.0905
2706.5 156 12.49
2707.5 145 12.0416
2708.5 148 12.1655
2709.5 135 11.619
2710.5 127 11.2694
2711.5 138 11.7473
2712.5 139 11.7898
2713.5 129 11.3578
2714.5 142 11.9164
2715.5 123 11.0905
2716.5 156 12.49
2717.5 146 12.083
2718.5 132 11.4891
2719.5 133 11.5326
2720.5 109 10.4403
2721.5 123 11.0905
2722.5 120 10.9545
2723.5 147 12.1244
2724.5 123 11.0905
2725.5 131 11.4455
2726.5 129 11.3578
2727.5 132 11.4891
2728.5 103 10.1489
2729.5 141 11.8743
2730.5 137 11.7047
2731.5 111 10.5357
2732.5 135 11.619
2733.5 136 11.6619
2734.5 130 11.4018
2735.5 104 10.198
2736.5 136 11.6619
2737.5 132 11.4891
2738.5 133 11.5326
2739.5 136 11.6619
2740.5 135 11.619
2741.5 124 11.1355
2742.5 135 11.619
2743.5 113 10.6301
2744.5 129 11.3578
2745.5 127 11.2694
2746.5 124 11.1355
2747.5 130 11.4018
2748.5 121 11
2749.5 119 10.9087
2750.5 140 11.8322
2751.5 108 10.3923
2752.5 117 10.8167
2753.5 124 11.1355
2754.5 118 10.8628
2755.5 144 12
2756.5 128 11.3137
2757.5 120 10.9545
2758.5 125 11.1803
2759.5 119 10.9087
2760.5 119 10.9087
2761.5 134 11.5758
2762.5 137 11.7047
2763.5 123 11.0905
2764.5 130 11.4018
2765.5 149 12.2066
2766.5 125 11.1803
2767.5 145 12.0416
2768.5 129 11.3578
2769.5 153 12.3693
2770.5 121 11
2771.5 158 12.5698
2772.5 135 11.619
2773.5 107 10.3441
2774.5 146 12.083
2775.5 113 10.6301
2776.5 118 10.8628
2777.5 137 11.7047
2778.5 151 12.2882
2779.5 152 12.3288
2780.5 148 12.1655
2781.5 160 12.6491
2782.5 143 11.9583
2783.5 139 11.7898
2784.5 126 11.225
2785.5 144 12
2786.5 129 11.3578
2787.5 134 11.5758
2788.5 152 12.3288
2789.5 143 11.9583
2790.5 127 11.2694
2791.5 146 12.083
2792.5 146 12.083
2793.5 140 11.8322
2794.5 170 13.0384
2795.5 169 13
2796.5 141 11.8743
2797.5 150 12.2474
2798.5 146 12.083
2799.5 132 11.4891
2800.5 161 12.6886
2801.5 149 12.2066
2802.5 140 11.8322
2803.5 179 13.3791
2804.5 162 12.7279
2805.5 178 13.3417
2806.5 164 12.8062
2807.5 156 12.49
2808.5 177 13.3041
2809.5 153 12.3693
2810.5 158 12.5698
2811.5 161 12.6886
2812.5 198 14.0712
2813.5 181 13.4536
2814.5 170 13.0384
2815.5 186 13.6382
2816.5 184 13.5647
2817.5 171 13.0767
2818.5 200 14.1421
2819.5 160 12.6491
2820.5 192 13.8564
2821.5 191 13.8203
2822.5 177 13.3041
2823.5 202 14.2127
2824.5 163 12.7671
2825.5 200 14.1421
2826.5 152 12.3288
2827.5 197 14.0357
2828.5 197 14.0357
2829.5 164 12.8062
2830.5 168 12.9615
2831.5 182 13.4907
2832.5 169 13
2833.5 185 13.6015
2834.5 170 13.0384
2835.5 165 12.8452
2836.5 156 12.49
2837.5 162 12.7279
2838.5 174 13.1909
2839.5 171 13.0767
2840.5 165 12.8452
2841.5 146 12.083
2842.5 149 12.2066
2843.5 146 12.083
2844.5 131 11.4455
2845.5 152 12.3288
2846.5 145 12.0416
2847.5 142 11.9164
2848.5 144 12
2849.5 124 11.1355
2850.5 147 12.1244
2851.5 155 12.4499
2852.5 145 12.0416
2853.5 143 11.9583
2854.5 165 12.8452
2855.5 136 11.6619
2856.5 152 12.3288
2857.5 129 11.3578
2858.5 139 11.7898
2859.5 146 12.083
2860.5 135 11.619
2861.5 110 10.4881
2862.5 127 11.2694
2863.5 134 11.5758
2864.5 108 10.3923
2865.5 127 11.2694
2866.5 116 10.7703
2867.5 119 10.9087
2868.5 134 11.5758
2869.5 115 10.7238
2870.5 134 11.5758
2871.5 118 10.8628
2872.5 127 11.2694
2873.5 119 10.9087
2874.5 138 11.7473
2875.5 111 10.5357
2876.5 115 10.7238
2877.5 118 10.8628
2878.5 103 10.1489
2879.5 119 10.9087
2880.5 123 11.0905
2881.5 126 11.225
2882.5 134 11.5758
2883.5 105 10.247
2884.5 104 10.198
2885.5 105 10.247
2886.5 120 10.9545
2887.5 113 10.6301
2888.5 129 11.3578
2889.5 128 11.3137
2890.5 109 10.4403
2891.5 120 10.9545
2892.5 134 11.5758
2893.5 103 10.1489
2894.5 118 10.8628
2895.5 95 9.74679
2896.5 132 11.4891
2897.5 100 10
2898.5 115 10.7238
2899.5 109 10.4403
2900.5 100 10
2901.5 115 10.7238
2902.5 105 10.247
2903.5 94 9.69536
2904.5 113 10.6301
2905.5 106 10.2956
2906.5 120 10.9545
2907.5 106 10.2956
2908.5 108 10.3923
2909.5 124 11.1355
2910.5 120 10.9545
2911.5 112 10.583
2912.5 127 11.2694
2913.5 130 11.4018
2914.5 107 10.3441
2915.5 119 10.9087
2916.5 86 9.27362
2917.5 96 9.79796
2918.5 109 10.4403
2919.5 99 9.94987
2920.5 104 10.198
2921.5 106 10.2956
2922.5 116 10.7703
2923.5 120 10.9545
2924.5 108 10.3923
2925.5 97 9.84886
2926.5 114 10.6771
2927.5 99 9.94987
2928.5 119 10.9087
2929.5 103 10.1489
2930.5 98 9.89949
2931.5 119 10.9087
2932.5 95 9.74679
2933.5 96 9.79796
2934.5 111 10.5357
2935.5 97 9.84886
2936.5 110 10.4881
2937.5 106 10.2956
2938.5 105 10.247
2939.5 96 9.79796
2940.5 107 10.3441
2941.5 98 9.89949
2942.5 114 10.6771
2943.5 93 9.64365
2944.5 107 10.3441
2945.5 90 9.48683
2946.5 100 10
2947.5 110 10.4881
2948.5 97 9.84886
2949.5 99 9.94987
2950.5 106 10.2956
2951.5 95 9.74679
2952.5 84 9.16515
2953.5 95 9.74679
2954.5 111 10.5357
2955.5 100 10
2956.5 108 10.3923
2957.5 106 10.2956
2958.5 111 10.5357
2959.5 110 10.4881
2960.5 103 10.1489
2961.5 104 10.198
2962.5 111 10.5357
2963.5 95 9.74679
2964.5 108 10.3923
2965.5 101 10.0499
2966.5 106 10.2956
2967.5 114 10.6771
2968.5 106 10.2956
2969.5 104 10.198
2970.5 103 10.1489
2971.5 100 10
2972.5 87 9.32738
2973.5 113 10.6301
2974.5 111 10.5357
2975.5 111 10.5357
2976.5 100 10
2977.5 103 10.1489
2978.5 93 9.64365
2979.5 100 10
2980.5 119 10.9087
2981.5 103 10.1489
2982.5 106 10.2956
2983.5 99 9.94987
2984.5 98 9.89949
2985.5 92 9.59166
2986.5 91 9.53939
2987.5 104 10.198
2988.5 98 9.89949
2989.5 114 10.6771
2990.5 103 10.1489
2991.5 108 10.3923
2992.5 98 9.89949
2993.5 97 9.84886
2994.5 119 10.9087
2995.5 118 10.8628
2996.5 109 10.4403
2997.5 104 10.198
2998.5 101 10.0499
2999.5 104 10.198
3000.5 108 10.3923
3001.5 97 9.84886
3002.5 106 10.2956
3003.5 109 10.4403
3004.5 100 10
3005.5 94 9.69536
3006.5 106 10.2956
3007.5 109 10.4403
3008.5 101 10.0499
3009.5 97 9.84886
3010.5 85 9.21954
3011.5 112 10.583
3012.5 113 10.6301
3013.5 98 9.89949
3014.5 110 10.4881
3015.5 84 9.16515
3016.5 127 11.2694
3017.5 104 10.198
3018.5 105 10.247
3019.5 119 10.9087
3020.5 100 10
3021.5 91 9.53939
3022.5 73 8.544
3023.5 108 10.3923
3024.5 115 10.7238
3025.5 113 10.6301
3026.5 106 10.2956
3027.5 109 10.4403
3028.5 117 10.8167
3029.5 112 10.583
3030.5 114 10.6771
3031.5 112 10.583
3032.5 106 10.2956
3033.5 103 10.1489
3034.5 119 10.9087
3035.5 109 10.4403
3036.5 109 10.4403
3037.5 113 10.6301
3038.5 123 11.0905
3039.5 123 11.0905
3040.5 119 10.9087
3041.5 111 10.5357
3042.5 124 11.1355
3043.5 127 11.2694
3044.5 110 10.4881
3045.5 107 10.3441
3046.5 124 11.1355
3047.5 135 11.619
3048.5 138 11.7473
3049.5 139 11.7898
3050.5 143 11.9583
3051.5 109 10.4403
3052.5 139 11.7898
3053.5 125 11.1803
3054.5 127 11.2694
3055.5 137 11.7047
3056.5 151 12.2882
3057.5 133 11.5326
3058.5 140 11.8322
3059.5 136 11.6619
3060.5 138 11.7473
3061.5 149 12.2066
3062.5 162 12.7279
3063.5 157 12.53
3064.5 153 12.3693
3065.5 179 13.3791
3066.5 154 12.4097
3067.5 164 12.8062
3068.5 168 12.9615
3069.5 162 12.7279
3070.5 164 12.8062
3071.5 175 13.2288
3072.5 192 13.8564
3073.5 186 13.6382
3074.5 194 13.9284
3075.5 176 13.2665
3076.5 190 13.784
3077.5 188 13.7113
3078.5 222 14.8997
3079.5 186 13.6382
3080.5 217 14.7309
3081.5 229 15.1327
3082.5 240 15.4919
3083.5 241 15.5242
3084.5 213 14.5945
3085.5 231 15.1987
3086.5 197 14.0357
3087.5 206 14.3527
3088.5 233 15.2643
3089.5 239 15.4596
3090.5 217 14.7309
3091.5 222 14.8997
3092.5 249 15.7797
3093.5 223 14.9332
3094.5 239 15.4596
3095.5 241 15.5242
3096.5 263 16.2173
3097.5 226 15.0333
3098.5 273 16.5227
3099.5 271 16.4621
3100.5 259 16.0935
3101.5 300 17.3205
3102.5 303 17.4069
3103.5 303 17.4069
3104.5 322 17.9444
3105.5 368 19.1833
3106.5 341 18.4662
3107.5 373 19.3132
3108.5 349 18.6815
3109.5 337 18.3576
3110.5 361 19
3111.5 406 20.1494
3112.5 444 21.0713
3113.5 408 20.199
3114.5 421 20.5183
3115.5 488 22.0907
3116.5 442 21.0238
3117.5 479 21.8861
3118.5 510 22.5832
3119.5 473 21.7486
3120.5 474 21.7715
3121.5 492 22.1811
3122.5 486 22.0454
3123.5 502 22.4054
3124.5 520 22.8035
3125.5 484 22
3126.5 489 22.1133
3127.5 496 22.2711
3128.5 531 23.0434
3129.5 500 22.3607
3130.5 501 22.383
3131.5 440 20.9762
3132.5 467 21.6102
3133.5 438 20.9284
3134.5 431 20.7605
3135.5 409 20.2237
3136.5 444 21.0713
3137.5 422 20.5426
3138.5 410 20.2485
3139.5 352 18.7617
3140.5 351 18.735
3141.5 354 18.8149
3142.5 338 18.3848
3143.5 333 18.2483
3144.5 304 17.4356
3145.5 335 18.303
3146.5 300 17.3205
3147.5 317 17.8045
3148.5 306 17.4929
3149.5 298 17.2627
3150.5 282 16.7929
3151.5 280 16.7332
3152.5 274 16.5529
3153.5 265 16.2788
3154.5 262 16.1864
3155.5 282 16.7929
3156.5 258 16.0624
3157.5 268 16.3707
3158.5 267 16.3401
3159.5 250 15.8114
3160.5 301 17.3494
3161.5 294 17.1464
3162.5 261 16.1555
3163.5 316 17.7764
3164.5 289 17
3165.5 332 18.2209
3166.5 283 16.8226
3167.5 343 18.5203
3168.5 298 17.2627
3169.5 342 18.4932
3170.5 345 18.5742
3171.5 372 19.2873
3172.5 358 18.9209
3173.5 418 20.445
3174.5 388 19.6977
3175.5 429 20.7123
3176.5 424 20.5913
3177.5 440 20.9762
3178.5 413 20.3224
3179.5 464 21.5407
3180.5 502 22.4054
3181.5 463 21.5174
3182.5 535 23.1301
3183.5 521 22.8254
3184.5 600 24.4949
3185.5 598 24.454
3186.5 591 24.3105
3187.5 622 24.9399
3188.5 638 25.2587
3189.5 647 25.4362
3190.5 625 25
3191.5 659 25.671
3192.5 725 26.9258
3193.5 733 27.074
3194.5 704 26.533
3195.5 765 27.6586
3196.5 779 27.9106
3197.5 725 26.9258
3198.5 789 28.0891
3199.5 780 27.9285
3200.5 845 29.0689
3201.5 798 28.2489
3202.5 804 28.3549
3203.5 853 29.2062
3204.5 789 28.0891
3205.5 909 30.1496
3206.5 878 29.6311
3207.5 920 30.3315
3208.5 925 30.4138
3209.5 973 31.1929
3210.5 962 31.0161
3211.5 973 31.1929
3212.5 940 30.6594
3213.5 1002 31.6544
3214.5 1033 32.1403
3215.5 1112 33.3467
3216.5 1181 34.3657
3217.5 1201 34.6554
3218.5 1271 35.6511
3219.5 1307 36.1525
3220.5 1340 36.606
3221.5 1376 37.0945
3222.5 1420 37.6829
3223.5 1517 38.9487
3224.5 1548 39.3446
3225.5 1591 39.8873
3226.5 1673 40.9023
3227.5 1656 40.694
3228.5 1786 42.2611
3229.5 1874 43.2897
3230.5 2005 44.7772
3231.5 2047 45.2438
3232.5 2095 45.7712
3233.5 2148 46.3465
3234.5 2161 46.4866
3235.5 2139 46.2493
3236.5 2229 47.2123
3237.5 2339 48.3632
3238.5 2329 48.2597
3239.5 2421 49.2037
3240.5 2364 48.621
3241.5 2400 48.9898
3242.5 2379 48.775
3243.5 2193 46.8295
3244.5 2212 47.0319
3245.5 2171 46.594
3246.5 2263 47.571
3247.5 2185 46.744
3248.5 2098 45.8039
3249.5 2069 45.4863
3250.5 2010 44.833
3251.5 1983 44.5309
3252.5 1835 42.8369
3253.5 1715 41.4126
3254.5 1697 41.1947
3255.5 1555 39.4335
3256.5 1602 40.025
3257.5 1420 37.6829
3258.5 1373 37.054
3259.5 1334 36.524
3260.5 1271 35.6511
3261.5 1079 32.8481
3262.5 1054 32.4654
3263.5 1046 32.3419
3264.5 951 30.8383
3265.5 954 30.8869
3266.5 886 29.7658
3267.5 856 29.2575
3268.5 775 27.8388
3269.5 742 27.2397
3270.5 746 27.313
3271.5 682 26.1151
3272.5 727 26.9629
3273.5 659 25.671
3274.5 633 25.1595
3275.5 616 24.8193
3276.5 582 24.1247
3277.5 539 23.2164
3278.5 581 24.1039
3279.5 541 23.2594
3280.5 484 22
3281.5 506 22.4944
3282.5 513 22.6495
3283.5 473 21.7486
3284.5 457 21.3776
3285.5 462 21.4942
3286.5 458 21.4009
3287.5 393 19.8242
3288.5 395 19.8746
3289.5 420 20.4939
3290.5 363 19.0526
3291.5 360 18.9737
3292.5 382 19.5448
3293.5 363 19.0526
3294.5 354 18.8149
3295.5 351 18.735
3296.5 313 17.6918
3297.5 319 17.8606
3298.5 281 16.7631
3299.5 295 17.1756
3300.5 265 16.2788
3301.5 283 16.8226
3302.5 269 16.4012
3303.5 245 15.6525
3304.5 290 17.0294
3305.5 295 17.1756
3306.5 259 16.0935
3307.5 238 15.4272
3308.5 228 15.0997
3309.5 236 15.3623
3310.5 254 15.9374
3311.5 234 15.2971
3312.5 192 13.8564
3313.5 226 15.0333
3314.5 211 14.5258
3315.5 229 15.1327
3316.5 202 14.2127
3317.5 181 13.4536
3318.5 176 13.2665
3319.5 180 13.4164
3320.5 167 12.9228
3321.5 149 12.2066
3322.5 164 12.8062
3323.5 153 12.3693
3324.5 149 12.2066
3325.5 129 11.3578
3326.5 140 11.8322
3327.5 117 10.8167
3328.5 126 11.225
3329.5 113 10.6301
3330.5 139 11.7898
3331.5 123 11.0905
3332.5 112 10.583
3333.5 105 10.247
3334.5 96 9.79796
3335.5 112 10.583
3336.5 99 9.94987
3337.5 104 10.198
3338.5 102 10.0995
3339.5 104 10.198
3340.5 94 9.69536
3341.5 100 10
3342.5 91 9.53939
3343.5 98 9.89949
3344.5 91 9.53939
3345.5 93 9.64365
3346.5 95 9.74679
3347.5 88 9.38083
3348.5 79 8.88819
3349.5 90 9.48683
3350.5 77 8.77496
3351.5 77 8.77496
3352.5 86 9.27362
3353.5 79 8.88819
3354.5 73 8.544
3355.5 84 9.16515
3356.5 63 7.93725
3357.5 80 8.94427
3358.5 83 9.11043
3359.5 62 7.87401
3360.5 68 8.24621
3361.5 80 8.94427
3362.5 64 8
3363.5 69 8.30662
3364.5 74 8.60233
3365.5 57 7.54983
3366.5 60 7.74597
3367.5 58 7.61577
3368.5 55 7.4162
3369.5 64 8
3370.5 83 9.11043
3371.5 77 8.77496
3372.5 79 8.88819
3373.5 63 7.93725
3374.5 60 7.74597
3375.5 73 8.544
3376.5 77 8.77496
3377.5 64 8
3378.5 68 8.24621
3379.5 67 8.18535
3380.5 64 8
3381.5 61 7.81025
3382.5 79 8.88819
3383.5 59 7.68115
3384.5 55 7.4162
3385.5 55 7.4162
3386.5 63 7.93725
3387.5 72 8.48528
3388.5 52 7.2111
3389.5 57 7.54983
3390.5 52 7.2111
3391.5 68 8.24621
3392.5 47 6.85565
3393.5 65 8.06226
3394.5 60 7.74597
3395.5 69 8.30662
3396.5 58 7.61577
3397.5 68 8.24621
3398.5 61 7.81025
3399.5 62 7.87401
3400.5 45 6.7082
3401.5 62 7.87401
3402.5 58 7.61577
3403.5 72 8.48528
3404.5 51 7.14143
3405.5 70 8.3666
3406.5 70 8.3666
3407.5 66 8.12404
3408.5 67 8.18535
3409.5 46 6.78233
3410.5 67 8.18535
3411.5 60 7.74597
3412.5 55 7.4162
3413.5 69 8.30662
3414.5 64 8
3415.5 60 7.74597
3416.5 73 8.544
3417.5 59 7.68115
3418.5 64 8
3419.5 66 8.12404
3420.5 73 8.544
3421.5 65 8.06226
3422.5 50 7.07107
3423.5 60 7.74597
3424.5 75 8.66025
3425.5 61 7.81025
3426.5 72 8.48528
3427.5 62 7.87401
3428.5 58 7.61577
3429.5 65 8.06226
3430.5 56 7.48331
3431.5 52 7.2111
3432.5 68 8.24621
3433.5 67 8.18535
3434.5 71 8.42615
3435.5 77 8.77496
3436.5 72 8.48528
3437.5 64 8
3438.5 63 7.93725
3439.5 74 8.60233
3440.5 63 7.93725
3441.5 76 8.7178
3442.5 65 8.06226
3443.5 51 7.14143
3444.5 52 7.2111
3445.5 61 7.81025
3446.5 71 8.42615
3447.5 66 8.12404
3448.5 62 7.87401
3449.5 53 7.28011
3450.5 49 7
3451.5 61 7.81025
3452.5 43 6.55744
3453.5 68 8.24621
3454.5 61 7.81025
3455.5 67 8.18535
3456.5 68 8.24621
3457.5 66 8.12404
3458.5 49 7
3459.5 47 6.85565
3460.5 46 6.78233
3461.5 46 6.78233
3462.5 69 8.30662
3463.5 62 7.87401
3464.5 55 7.4162
3465.5 62 7.87401
3466.5 53 7.28011
3467.5 63 7.93725
3468.5 43 6.55744
3469.5 57 7.54983
3470.5 59 7.68115
3471.5 50 7.07107
3472.5 60 7.74597
3473.5 54 7.34847
3474.5 50 7.07107
3475.5 64 8
3476.5 52 7.2111
3477.5 51 7.14143
3478.5 52 7.2111
3479.5 54 7.34847
3480.5 42 6.48074
3481.5 54 7.34847
3482.5 59 7.68115
3483.5 56 7.48331
3484.5 59 7.68115
3485.5 46 6.78233
3486.5 55 7.4162
3487.5 58 7.61577
3488.5 62 7.87401
3489.5 62 7.87401
3490.5 67 8.18535
3491.5 54 7.34847
3492.5 63 7.93725
3493.5 63 7.93725
3494.5 61 7.81025
3495.5 48 6.9282
3496.5 58 7.61577
3497.5 59 7.68115
3498.5 59 7.68115
3499.5 54 7.34847
3500.5 49 7
3501.5 65 8.06226
3502.5 57 7.54983
3503.5 68 8.24621
3504.5 63 7.93725
3505.5 64 8
3506.5 47 6.85565
3507.5 66 8.12404
3508.5 57 7.54983
3509.5 64 8
3510.5 52 7.2111
3511.5 58 7.61577
3512.5 40 6.32456
3513.5 54 7.34847
3514.5 62 7.87401
3515.5 59 7.68115
3516.5 55 7.4162
3517.5 60 7.74597
3518.5 58 7.61577
3519.5 47 6.85565
3520.5 65 8.06226
3521.5 59 7.68115
3522.5 53 7.28011
3523.5 57 7.54983
3524.5 67 8.18535
3525.5 50 7.07107
3526.5 48 6.9282
3527.5 40 6.32456
3528.5 54 7.34847
3529.5 39 6.245
3530.5 55 7.4162
3531.5 51 7.14143
3532.5 52 7.2111
3533.5 68 8.24621
3534.5 48 6.9282
3535.5 49 7
3536.5 44 6.63325
3537.5 58 7.61577
3538.5 71 8.42615
3539.5 55 7.4162
3540.5 68 8.24621
3541.5 55 7.4162
3542.5 52 7.2111
3543.5 55 7.4162
3544.5 48 6.9282
3545.5 65 8.06226
3546.5 45 6.7082
3547.5 50 7.07107
3548.5 52 7.2111
3549.5 49 7
3550.5 45 6.7082
3551.5 44 6.63325
3552.5 61 7.81025
3553.5 46 6.78233
3554.5 50 7.07107
3555.5 60 7.74597
3556.5 57 7.54983
3557.5 45 6.7082
3558.5 46 6.78233
3559.5 64 8
3560.5 63 7.93725
3561.5 52 7.2111
3562.5 51 7.14143
3563.5 52 7.2111
3564.5 55 7.4162
3565.5 47 6.85565
3566.5 61 7.81025
3567.5 36 6
3568.5 56 7.48331
3569.5 42 6.48074
3570.5 57 7.54983
3571.5 55 7.4162
3572.5 58 7.61577
3573.5 53 7.28011
3574.5 61 7.81025
3575.5 48 6.9282
3576.5 54 7.34847
3577.5 57 7.54983
3578.5 49 7
3579.5 49 7
3580.5 46 6.78233
3581.5 53 7.28011
3582.5 46 6.78233
3583.5 57 7.54983
3584.5 44 6.63325
3585.5 42 6.48074
3586.5 68 8.24621
3587.5 44 6.63325
3588.5 56 7.48331
3589.5 38 6.16441
3590.5 62 7.87401
3591.5 47 6.85565
3592.5 54 7.34847
3593.5 45 6.7082
3594.5 55 7.4162
3595.5 50 7.07107
3596.5 49 7
3597.5 53 7.28011
3598.5 59 7.68115
3599.5 55 7.4162
3600.5 49 7
3601.5 49 7
3602.5 68 8.24621
3603.5 46 6.78233
3604.5 54 7.34847
3605.5 54 7.34847
3606.5 49 7
3607.5 38 6.16441
3608.5 62 7.87401
3609.5 48 6.9282
3610.5 63 7.93725
3611.5 56 7.48331
3612.5 62 7.87401
3613.5 62 7.87401
3614.5 53 7.28011
3615.5 44 6.63325
3616.5 50 7.07107
3617.5 39 6.245
3618.5 63 7.93725
3619.5 59 7.68115
3620.5 53 7.28011
3621.5 68 8.24621
3622.5 46 6.78233
3623.5 57 7.54983
3624.5 49 7
3625.5 52 7.2111
3626.5 49 7
3627.5 50 7.07107
3628.5 64 8
3629.5 52 7.2111
3630.5 62 7.87401
3631.5 63 7.93725
3632.5 48 6.9282
3633.5 48 6.9282
3634.5 59 7.68115
3635.5 37 6.08276
3636.5 48 6.9282
3637.5 56 7.48331
3638.5 51 7.14143
3639.5 54 7.34847
3640.5 51 7.14143
3641.5 45 6.7082
3642.5 52 7.2111
3643.5 58 7.61577
3644.5 47 6.85565
3645.5 55 7.4162
3646.5 55 7.4162
3647.5 56 7.48331
3648.5 48 6.9282
3649.5 51 7.14143
3650.5 57 7.54983
3651.5 59 7.68115
3652.5 64 8
3653.5 40 6.32456
3654.5 45 6.7082
3655.5 47 6.85565
3656.5 49 7
3657.5 53 7.28011
3658.5 56 7.48331
3659.5 62 7.87401
3660.5 61 7.81025
3661.5 58 7.61577
3662.5 59 7.68115
3663.5 56 7.48331
3664.5 56 7.48331
3665.5 59 7.68115
3666.5 55 7.4162
3667.5 43 6.55744
3668.5 50 7.07107
3669.5 51 7.14143
3670.5 47 6.85565
3671.5 51 7.14143
3672.5 56 7.48331
3673.5 55 7.4162
3674.5 47 6.85565
3675.5 52 7.2111
3676.5 56 7.48331
3677.5 46 6.78233
3678.5 57 7.54983
3679.5 69 8.30662
3680.5 44 6.63325
3681.5 61 7.81025
3682.5 53 7.28011
3683.5 62 7.87401
3684.5 57 7.54983
3685.5 57 7.54983
3686.5 47 6.85565
3687.5 54 7.34847
3688.5 42 6.48074
3689.5 56 7.48331
3690.5 51 7.14143
3691.5 45 6.7082
3692.5 50 7.07107
3693.5 39 6.245
3694.5 50 7.07107
3695.5 61 7.81025
3696.5 68 8.24621
3697.5 60 7.74597
3698.5 48 6.9282
3699.5 52 7.2111
3700.5 49 7
3701.5 47 6.85565
3702.5 46 6.78233
3703.5 53 7.28011
3704.5 51 7.14143
3705.5 63 7.93725
3706.5 46 6.78233
3707.5 61 7.81025
3708.5 56 7.48331
3709.5 55 7.4162
3710.5 46 6.78233
3711.5 47 6.85565
3712.5 65 8.06226
3713.5 55 7.4162
3714.5 58 7.61577
3715.5 58 7.61577
3716.5 57 7.54983
3717.5 73 8.544
3718.5 55 7.4162
3719.5 55 7.4162
3720.5 57 7.54983
3721.5 54 7.34847
3722.5 40 6.32456
3723.5 42 6.48074
3724.5 54 7.34847
3725.5 51 7.14143
3726.5 54 7.34847
3727.5 57 7.54983
3728.5 56 7.48331
3729.5 52 7.2111
3730.5 51 7.14143
3731.5 53 7.28011
3732.5 42 6.48074
3733.5 63 7.93725
3734.5 44 6.63325
3735.5 45 6.7082
3736.5 45 6.7082
3737.5 61 7.81025
3738.5 58 7.61577
3739.5 50 7.07107
3740.5 44 6.63325
3741.5 54 7.34847
3742.5 49 7
3743.5 51 7.14143
3744.5 46 6.78233
3745.5 55 7.4162
3746.5 58 7.61577
3747.5 48 6.9282
3748.5 47 6.85565
3749.5 56 7.48331
3750.5 48 6.9282
3751.5 52 7.2111
3752.5 45 6.7082
3753.5 68 8.24621
3754.5 46 6.78233
3755.5 57 7.54983
3756.5 48 6.9282
3757.5 51 7.14143
3758.5 42 6.48074
3759.5 64 8
3760.5 51 7.14143
3761.5 57 7.54983
3762.5 50 7.07107
3763.5 52 7.2111
3764.5 50 7.07107
3765.5 65 8.06226
3766.5 62 7.87401
3767.5 43 6.55744
3768.5 55 7.4162
3769.5 50 7.07107
3770.5 45 6.7082
3771.5 54 7.34847
3772.5 50 7.07107
3773.5 39 6.245
3774.5 44 6.63325
3775.5 43 6.55744
3776.5 51 7.14143
3777.5 47 6.85565
3778.5 50 7.07107
3779.5 41 6.40312
3780.5 54 7.34847
3781.5 57 7.54983
3782.5 49 7
3783.5 46 6.78233
3784.5 51 7.14143
3785.5 74 8.60233
3786.5 56 7.48331
3787.5 52 7.2111
3788.5 38 6.16441
3789.5 50 7.07107
3790.5 55 7.4162
3791.5 33 5.74456
3792.5 47 6.85565
3793.5 43 6.55744
3794.5 47 6.85565
3795.5 55 7.4162
3796.5 40 6.32456
3797.5 58 7.61577
3798.5 52 7.2111
3799.5 60 7.74597
3800.5 45 6.7082
3801.5 49 7
3802.5 47 6.85565
3803.5 54 7.34847
3804.5 46 6.78233
3805.5 52 7.2111
3806.5 51 7.14143
3807.5 51 7.14143
3808.5 47 6.85565
3809.5 49 7
3810.5 45 6.7082
3811.5 56 7.48331
3812.5 41 6.40312
3813.5 55 7.4162
3814.5 51 7.14143
3815.5 45 6.7082
3816.5 52 7.2111
3817.5 65 8.06226
3818.5 47 6.85565
3819.5 49 7
3820.5 69 8.30662
3821.5 58 7.61577
3822.5 59 7.68115
3823.5 36 6
3824.5 59 7.68115
3825.5 64 8
3826.5 38 6.16441
3827.5 61 7.81025
3828.5 50 7.07107
3829.5 52 7.2111
3830.5 51 7.14143
3831.5 34 5.83095
3832.5 56 7.48331
3833.5 51 7.14143
3834.5 58 7.61577
3835.5 58 7.61577
3836.5 31 5.56776
3837.5 47 6.85565
3838.5 54 7.34847
3839.5 55 7.4162
3840.5 46 6.78233
3841.5 45 6.7082
3842.5 57 7.54983
3843.5 54 7.34847
3844.5 53 7.28011
3845.5 49 7
3846.5 59 7.68115
3847.5 39 6.245
3848.5 36 6
3849.5 41 6.40312
3850.5 58 7.61577
3851.5 55 7.4162
3852.5 57 7.54983
3853.5 51 7.14143
3854.5 58 7.61577
3855.5 46 6.78233
3856.5 54 7.34847
3857.5 52 7.2111
3858.5 49 7
3859.5 47 6.85565
3860.5 37 6.08276
3861.5 49 7
3862.5 41 6.40312
3863.5 41 6.40312
3864.5 45 6.7082
3865.5 61 7.81025
3866.5 61 7.81025
3867.5 60 7.74597
3868.5 34 5.83095
3869.5 48 6.9282
3870.5 52 7.2111
3871.5 49 7
3872.5 54 7.34847
3873.5 54 7.34847
3874.5 33 5.74456
3875.5 47 6.85565
3876.5 54 7.34847
3877.5 46 6.78233
3878.5 54 7.34847
3879.5 46 6.78233
3880.5 45 6.7082
3881.5 55 7.4162
3882.5 51 7.14143
3883.5 58 7.61577
3884.5 57 7.54983
3885.5 46 6.78233
3886.5 51 7.14143
3887.5 68 8.24621
3888.5 60 7.74597
3889.5 55 7.4162
3890.5 42 6.48074
3891.5 47 6.85565
3892.5 61 7.81025
3893.5 50 7.07107
3894.5 44 6.63325
3895.5 45 6.7082
3896.5 49 7
3897.5 58 7.61577
3898.5 42 6.48074
3899.5 45 6.7082
3900.5 52 7.2111
3901.5 39 6.245
3902.5 41 6.40312
3903.5 47 6.85565
3904.5 50 7.07107
3905.5 39 6.245
3906.5 58 7.61577
3907.5 56 7.48331
3908.5 53 7.28011
3909.5 44 6.63325
3910.5 61 7.81025
3911.5 46 6.78233
3912.5 48 6.9282
3913.5 42 6.48074
3914.5 56 7.48331
3915.5 50 7.07107
3916.5 55 7.4162
3917.5 41 6.40312
3918.5 40 6.32456
3919.5 56 7.48331
3920.5 47 6.85565
3921.5 42 6.48074
3922.5 46 6.78233
3923.5 38 6.16441
3924.5 42 6.48074
3925.5 48 6.9282
3926.5 47 6.85565
3927.5 36 6
3928.5 47 6.85565
3929.5 52 7.2111
3930.5 56 7.48331
3931.5 50 7.07107
3932.5 53 7.28011
3933.5 53 7.28011
3934.5 55 7.4162
3935.5 42 6.48074
3936.5 43 6.55744
3937.5 53 7.28011
3938.5 51 7.14143
3939.5 46 6.78233
3940.5 38 6.16441
3941.5 63 7.93725
3942.5 56 7.48331
3943.5 45 6.7082
3944.5 53 7.28011
3945.5 54 7.34847
3946.5 56 7.48331
3947.5 56 7.48331
3948.5 45 6.7082
3949.5 50 7.07107
3950.5 49 7
3951.5 46 6.78233
3952.5 62 7.87401
3953.5 48 6.9282
3954.5 57 7.54983
3955.5 42 6.48074
3956.5 49 7
3957.5 46 6.78233
3958.5 46 6.78233
3959.5 53 7.28011
3960.5 51 7.14143
3961.5 44 6.63325
3962.5 47 6.85565
3963.5 43 6.55744
3964.5 54 7.34847
3965.5 45 6.7082
3966.5 38 6.16441
3967.5 45 6.7082
3968.5 40 6.32456
3969.5 49 7
3970.5 50 7.07107
3971.5 41 6.40312
3972.5 56 7.48331
3973.5 39 6.245
3974.5 55 7.4162
3975.5 47 6.85565
3976.5 62 7.87401
3977.5 35 5.91608
3978.5 60 7.74597
3979.5 36 6
3980.5 45 6.7082
3981.5 54 7.34847
3982.5 51 7.14143
3983.5 44 6.63325
3984.5 50 7.07107
3985.5 45 6.7082
3986.5 56 7.48331
3987.5 50 7.07107
3988.5 39 6.245
3989.5 52 7.2111
3990.5 51 7.14143
3991.5 58 7.61577
3992.5 45 6.7082
3993.5 49 7
3994.5 48 6.9282
3995.5 47 6.85565
3996.5 38 6.16441
3997.5 33 5.74456
3998.5 49 7
3999.5 49 7
4000.5 49 7
4001.5 49 7
4002.5 49 7
4003.5 46 6.78233
4004.5 60 7.74597
4005.5 37 6.08276
4006.5 45 6.7082
4007.5 46 6.78233
4008.5 49 7
4009.5 59 7.68115
4010.5 48 6.9282
4011.5 48 6.9282
4012.5 60 7.74597
4013.5 52 7.2111
4014.5 38 6.16441
4015.5 40 6.32456
4016.5 42 6.48074
4017.5 48 6.9282
4018.5 56 7.48331
4019.5 42 6.48074
4020.5 41 6.40312
4021.5 59 7.68115
4022.5 37 6.08276
4023.5 38 6.16441
4024.5 48 6.9282
4025.5 52 7.2111
4026.5 51 7.14143
4027.5 44 6.63325
4028.5 41 6.40312
4029.5 42 6.48074
4030.5 46 6.78233
4031.5 46 6.78233
4032.5 52 7.2111
4033.5 39 6.245
4034.5 46 6.78233
4035.5 38 6.16441
4036.5 49 7
4037.5 48 6.9282
4038.5 49 7
4039.5 40 6.32456
4040.5 56 7.48331
4041.5 43 6.55744
4042.5 39 6.245
4043.5 46 6.78233
4044.5 49 7
4045.5 62 7.87401
4046.5 47 6.85565
4047.5 55 7.4162
4048.5 47 6.85565
4049.5 54 7.34847
4050.5 44 6.63325
4051.5 55 7.4162
4052.5 51 7.14143
4053.5 46 6.78233
4054.5 51 7.14143
4055.5 54 7.34847
4056.5 48 6.9282
4057.5 49 7
4058.5 57 7.54983
4059.5 52 7.2111
4060.5 58 7.61577
4061.5 46 6.78233
4062.5 40 6.32456
4063.5 51 7.14143
4064.5 42 6.48074
4065.5 48 6.9282
4066.5 38 6.16441
4067.5 54 7.34847
4068.5 37 6.08276
4069.5 44 6.63325
4070.5 36 6
4071.5 57 7.54983
4072.5 42 6.48074
4073.5 50 7.07107
4074.5 44 6.63325
4075.5 45 6.7082
4076.5 45 6.7082
4077.5 42 6.48074
4078.5 43 6.55744
4079.5 53 7.28011
4080.5 40 6.32456
4081.5 46 6.78233
4082.5 44 6.63325
4083.5 44 6.63325
4084.5 54 7.34847
4085.5 40 6.32456
4086.5 49 7
4087.5 36 6
4088.5 48 6.9282
4089.5 44 6.63325
4090.5 45 6.7082
4091.5 45 6.7082
4092.5 63 7.93725
4093.5 42 6.48074
4094.5 50 7.07107
4095.5 46 6.78233
4096.5 42 6.48074
4097.5 53 7.28011
4098.5 51 7.14143
4099.5 39 6.245
4100.5 50 7.07107
4101.5 54 7.34847
4102.5 53 7.28011
4103.5 47 6.85565
4104.5 61 7.81025
4105.5 50 7.07107
4106.5 59 7.68115
4107.5 38 6.16441
4108.5 51 7.14143
4109.5 40 6.32456
4110.5 48 6.9282
4111.5 45 6.7082
4112.5 44 6.63325
4113.5 49 7
4114.5 58 7.61577
4115.5 43 6.55744
4116.5 45 6.7082
4117.5 52 7.2111
4118.5 63 7.93725
4119.5 47 6.85565
4120.5 49 7
4121.5 49 7
4122.5 41 6.40312
4123.5 45 6.7082
4124.5 44 6.63325
4125.5 55 7.4162
4126.5 43 6.55744
4127.5 39 6.245
4128.5 46 6.78233
4129.5 42 6.48074
4130.5 45 6.7082
4131.5 53 7.28011
4132.5 60 7.74597
4133.5 52 7.2111
4134.5 48 6.9282
4135.5 45 6.7082
4136.5 53 7.28011
4137.5 71 8.42615
4138.5 39 6.245
4139.5 34 5.83095
4140.5 37 6.08276
4141.5 46 6.78233
4142.5 47 6.85565
4143.5 48 6.9282
4144.5 49 7
4145.5 57 7.54983
4146.5 47 6.85565
4147.5 43 6.55744
4148.5 42 6.48074
4149.5 58 7.61577
4150.5 45 6.7082
4151.5 45 6.7082
4152.5 39 6.245
4153.5 49 7
4154.5 51 7.14143
4155.5 56 7.48331
4156.5 41 6.40312
4157.5 43 6.55744
4158.5 50 7.07107
4159.5 46 6.78233
4160.5 46 6.78233
4161.5 44 6.63325
4162.5 50 7.07107
4163.5 60 7.74597
4164.5 34 5.83095
4165.5 54 7.34847
4166.5 52 7.2111
4167.5 38 6.16441
4168.5 49 7
4169.5 41 6.40312
4170.5 32 5.65685
4171.5 45 6.7082
4172.5 47 6.85565
4173.5 44 6.63325
4174.5 40 6.32456
4175.5 42 6.48074
4176.5 46 6.78233
4177.5 51 7.14143
4178.5 44 6.63325
4179.5 47 6.85565
4180.5 53 7.28011
4181.5 55 7.4162
4182.5 46 6.78233
4183.5 39 6.245
4184.5 49 7
4185.5 52 7.2111
4186.5 33 5.74456
4187.5 49 7
4188.5 40 6.32456
4189.5 47 6.85565
4190.5 60 7.74597
4191.5 48 6.9282
4192.5 30 5.47723
4193.5 58 7.61577
4194.5 55 7.4162
4195.5 57 7.54983
4196.5 50 7.07107
4197.5 44 6.63325
4198.5 40 6.32456
4199.5 43 6.55744
4200.5 48 6.9282
4201.5 55 7.4162
4202.5 47 6.85565
4203.5 47 6.85565
4204.5 57 7.54983
4205.5 36 6
4206.5 42 6.48074
4207.5 50 7.07107
4208.5 43 6.55744
4209.5 46 6.78233
4210.5 51 7.14143
4211.5 70 8.3666
4212.5 40 6.32456
4213.5 44 6.63325
4214.5 47 6.85565
4215.5 54 7.34847
4216.5 60 7.74597
4217.5 47 6.85565
4218.5 55 7.4162
4219.5 58 7.61577
4220.5 45 6.7082
4221.5 56 7.48331
4222.5 43 6.55744
4223.5 37 6.08276
4224.5 54 7.34847
4225.5 61 7.81025
4226.5 52 7.2111
4227.5 53 7.28011
4228.5 57 7.54983
4229.5 39 6.245
4230.5 51 7.14143
4231.5 50 7.07107
4232.5 46 6.78233
4233.5 54 7.34847
4234.5 49 7
4235.5 37 6.08276
4236.5 37 6.08276
4237.5 44 6.63325
4238.5 39 6.245
4239.5 42 6.48074
4240.5 51 7.14143
4241.5 49 7
4242.5 48 6.9282
4243.5 45 6.7082
4244.5 47 6.85565
4245.5 45 6.7082
4246.5 42 6.48074
4247.5 50 7.07107
4248.5 40 6.32456
4249.5 45 6.7082
4250.5 54 7.34847
4251.5 53 7.28011
4252.5 48 6.9282
4253.5 43 6.55744
4254.5 52 7.2111
4255.5 49 7
4256.5 46 6.78233
4257.5 37 6.08276
4258.5 51 7.14143
4259.5 50 7.07107
4260.5 44 6.63325
4261.5 46 6.78233
4262.5 48 6.9282
4263.5 45 6.7082
4264.5 48 6.9282
4265.5 41 6.40312
4266.5 51 7.14143
4267.5 32 5.65685
4268.5 52 7.2111
4269.5 54 7.34847
4270.5 41 6.40312
4271.5 42 6.48074
4272.5 49 7
4273.5 42 6.48074
4274.5 44 6.63325
4275.5 41 6.40312
4276.5 54 7.34847
4277.5 44 6.63325
4278.5 53 7.28011
4279.5 38 6.16441
4280.5 40 6.32456
4281.5 45 6.7082
4282.5 39 6.245
4283.5 50 7.07107
4284.5 54 7.34847
4285.5 43 6.55744
4286.5 38 6.16441
4287.5 48 6.9282
4288.5 47 6.85565
4289.5 46 6.78233
4290.5 47 6.85565
4291.5 54 7.34847
4292.5 49 7
4293.5 53 7.28011
4294.5 48 6.9282
4295.5 50 7.07107
4296.5 45 6.7082
4297.5 43 6.55744
4298.5 45 6.7082
4299.5 47 6.85565
4300.5 57 7.54983
4301.5 46 6.78233
4302.5 51 7.14143
4303.5 43 6.55744
4304.5 46 6.78233
4305.5 43 6.55744
4306.5 60 7.74597
4307.5 42 6.48074
4308.5 47 6.85565
4309.5 56 7.48331
4310.5 37 6.08276
4311.5 45 6.7082
4312.5 48 6.9282
4313.5 31 5.56776
4314.5 51 7.14143
4315.5 55 7.4162
4316.5 66 8.12404
4317.5 42 6.48074
4318.5 52 7.2111
4319.5 46 6.78233
4320.5 48 6.9282
4321.5 46 6.78233
4322.5 48 6.9282
4323.5 42 6.48074
4324.5 41 6.40312
4325.5 39 6.245
4326.5 54 7.34847
4327.5 47 6.85565
4328.5 63 7.93725
4329.5 42 6.48074
4330.5 53 7.28011
4331.5 42 6.48074
4332.5 46 6.78233
4333.5 46 6.78233
4334.5 62 7.87401
4335.5 39 6.245
4336.5 56 7.48331
4337.5 61 7.81025
4338.5 58 7.61577
4339.5 52 7.2111
4340.5 48 6.9282
4341.5 51 7.14143
4342.5 46 6.78233
4343.5 57 7.54983
4344.5 46 6.78233
4345.5 43 6.55744
4346.5 47 6.85565
4347.5 45 6.7082
4348.5 38 6.16441
4349.5 43 6.55744
4350.5 51 7.14143
4351.5 60 7.74597
4352.5 46 6.78233
4353.5 47 6.85565
4354.5 53 7.28011
4355.5 46 6.78233
4356.5 57 7.54983
4357.5 56 7.48331
4358.5 44 6.63325
4359.5 54 7.34847
4360.5 44 6.63325
4361.5 54 7.34847
4362.5 54 7.34847
4363.5 39 6.245
4364.5 47 6.85565
4365.5 42 6.48074
4366.5 41 6.40312
4367.5 46 6.78233
4368.5 40 6.32456
4369.5 42 6.48074
4370.5 41 6.40312
4371.5 53 7.28011
4372.5 43 6.55744
4373.5 49 7
4374.5 48 6.9282
4375.5 42 6.48074
4376.5 45 6.7082
4377.5 42 6.48074
4378.5 48 6.9282
4379.5 57 7.54983
4380.5 53 7.28011
4381.5 39 6.245
4382.5 50 7.07107
4383.5 52 7.2111
4384.5 48 6.9282
4385.5 48 6.9282
4386.5 47 6.85565
4387.5 51 7.14143
4388.5 45 6.7082
4389.5 66 8.12404
4390.5 47 6.85565
4391.5 46 6.78233
4392.5 56 7.48331
4393.5 56 7.48331
4394.5 49 7
4395.5 38 6.16441
4396.5 51 7.14143
4397.5 45 6.7082
4398.5 45 6.7082
4399.5 52 7.2111
4400.5 58 7.61577
4401.5 46 6.78233
4402.5 32 5.65685
4403.5 46 6.78233
4404.5 41 6.40312
4405.5 40 6.32456
4406.5 52 7.2111
4407.5 43 6.55744
4408.5 60 7.74597
4409.5 55 7.4162
4410.5 57 7.54983
4411.5 43 6.55744
4412.5 47 6.85565
4413.5 42 6.48074
4414.5 43 6.55744
4415.5 48 6.9282
4416.5 51 7.14143
4417.5 37 6.08276
4418.5 39 6.245
4419.5 48 6.9282
4420.5 43 6.55744
4421.5 44 6.63325
4422.5 45 6.7082
4423.5 51 7.14143
4424.5 58 7.61577
4425.5 31 5.56776
4426.5 46 6.78233
4427.5 53 7.28011
4428.5 40 6.32456
4429.5 41 6.40312
4430.5 41 6.40312
4431.5 32 5.65685
4432.5 52 7.2111
4433.5 42 6.48074
4434.5 47 6.85565
4435.5 49 7
4436.5 52 7.2111
4437.5 46 6.78233
4438.5 39 6.245
4439.5 46 6.78233
4440.5 54 7.34847
4441.5 49 7
4442.5 46 6.78233
4443.5 46 6.78233
4444.5 47 6.85565
4445.5 52 7.2111
4446.5 47 6.85565
4447.5 52 7.2111
4448.5 50 7.07107
4449.5 60 7.74597
4450.5 41 6.40312
4451.5 46 6.78233
4452.5 55 7.4162
4453.5 47 6.85565
4454.5 53 7.28011
4455.5 46 6.78233
4456.5 42 6.48074
4457.5 60 7.74597
4458.5 50 7.07107
4459.5 53 7.28011
4460.5 56 7.48331
4461.5 47 6.85565
4462.5 56 7.48331
4463.5 46 6.78233
4464.5 48 6.9282
4465.5 54 7.34847
4466.5 51 7.14143
4467.5 56 7.48331
4468.5 64 8
4469.5 63 7.93725
4470.5 33 5.74456
4471.5 46 6.78233
4472.5 43 6.55744
4473.5 39 6.245
4474.5 52 7.2111
4475.5 47 6.85565
4476.5 42 6.48074
4477.5 50 7.07107
4478.5 51 7.14143
4479.5 53 7.28011
4480.5 57 7.54983
4481.5 48 6.9282
4482.5 45 6.7082
4483.5 43 6.55744
4484.5 50 7.07107
4485.5 43 6.55744
4486.5 53 7.28011
4487.5 51 7.14143
4488.5 55 7.4162
4489.5 54 7.34847
4490.5 64 8
4491.5 44 6.63325
4492.5 47 6.85565
4493.5 47 6.85565
4494.5 37 6.08276
4495.5 55 7.4162
4496.5 55 7.4162
4497.5 47 6.85565
4498.5 40 6.32456
4499.5 53 7.28011
4500.5 46 6.78233
4501.5 35 5.91608
4502.5 46 6.78233
4503.5 49 7
4504.5 51 7.14143
4505.5 49 7
4506.5 41 6.40312
4507.5 43 6.55744
4508.5 42 6.48074
4509.5 37 6.08276
4510.5 57 7.54983
4511.5 53 7.28011
4512.5 48 6.9282
4513.5 46 6.78233
4514.5 32 5.65685
4515.5 60 7.74597
4516.5 53 7.28011
4517.5 51 7.14143
4518.5 52 7.2111
4519.5 43 6.55744
4520.5 39 6.245
4521.5 46 6.78233
4522.5 46 6.78233
4523.5 45 6.7082
4524.5 49 7
4525.5 40 6.32456
4526.5 47 6.85565
4527.5 56 7.48331
4528.5 37 6.08276
4529.5 51 7.14143
4530.5 49 7
4531.5 33 5.74456
4532.5 40 6.32456
4533.5 33 5.74456
4534.5 43 6.55744
4535.5 56 7.48331
4536.5 51 7.14143
4537.5 45 6.7082
4538.5 42 6.48074
4539.5 50 7.07107
4540.5 44 6.63325
4541.5 38 6.16441
4542.5 45 6.7082
4543.5 48 6.9282
4544.5 37 6.08276
4545.5 52 7.2111
4546.5 45 6.7082
4547.5 50 7.07107
4548.5 43 6.55744
4549.5 46 6.78233
4550.5 47 6.85565
4551.5 51 7.14143
4552.5 49 7
4553.5 37 6.08276
4554.5 51 7.14143
4555.5 48 6.9282
4556.5 53 7.28011
4557.5 43 6.55744
4558.5 49 7
4559.5 33 5.74456
4560.5 37 6.08276
4561.5 42 6.48074
4562.5 46 6.78233
4563.5 37 6.08276
4564.5 47 6.85565
4565.5 46 6.78233
4566.5 46 6.78233
4567.5 47 6.85565
4568.5 49 7
4569.5 35 5.91608
4570.5 46 6.78233
4571.5 51 7.14143
4572.5 44 6.63325
4573.5 32 5.65685
4574.5 48 6.9282
4575.5 51 7.14143
4576.5 45 6.7082
4577.5 50 7.07107
4578.5 50 7.07107
4579.5 56 7.48331
4580.5 59 7.68115
4581.5 50 7.07107
4582.5 40 6.32456
4583.5 39 6.245
4584.5 50 7.07107
4585.5 39 6.245
4586.5 47 6.85565
4587.5 55 7.4162
4588.5 34 5.83095
4589.5 42 6.48074
4590.5 43 6.55744
4591.5 49 7
4592.5 44 6.63325
4593.5 46 6.78233
4594.5 51 7.14143
4595.5 47 6.85565
4596.5 58 7.61577
4597.5 48 6.9282
4598.5 61 7.81025
4599.5 48 6.9282
4600.5 56 7.48331
4601.5 35 5.91608
4602.5 59 7.68115
4603.5 55 7.4162
4604.5 42 6.48074
4605.5 45 6.7082
4606.5 36 6
4607.5 36 6
4608.5 49 7
4609.5 48 6.9282
4610.5 50 7.07107
4611.5 46 6.78233
4612.5 51 7.14143
4613.5 42 6.48074
4614.5 55 7.4162
4615.5 55 7.4162
4616.5 46 6.78233
4617.5 50 7.07107
4618.5 44 6.63325
4619.5 45 6.7082
4620.5 44 6.63325
4621.5 38 6.16441
4622.5 53 7.28011
4623.5 42 6.48074
4624.5 45 6.7082
4625.5 50 7.07107
4626.5 53 7.28011
4627.5 56 7.48331
4628.5 47 6.85565
4629.5 44 6.63325
4630.5 41 6.40312
4631.5 48 6.9282
4632.5 51 7.14143
4633.5 42 6.48074
4634.5 48 6.9282
4635.5 43 6.55744
4636.5 49 7
4637.5 44 6.63325
4638.5 44 6.63325
4639.5 49 7
4640.5 39 6.245
4641.5 49 7
4642.5 45 6.7082
4643.5 46 6.78233
4644.5 48 6.9282
4645.5 52 7.2111
4646.5 38 6.16441
4647.5 52 7.2111
4648.5 41 6.40312
4649.5 57 7.54983
4650.5 40 6.32456
4651.5 41 6.40312
4652.5 42 6.48074
4653.5 51 7.14143
4654.5 39 6.245
4655.5 41 6.40312
4656.5 40 6.32456
4657.5 47 6.85565
4658.5 50 7.07107
4659.5 39 6.245
4660.5 40 6.32456
4661.5 40 6.32456
4662.5 57 7.54983
4663.5 53 7.28011
4664.5 41 6.40312
4665.5 40 6.32456
4666.5 39 6.245
4667.5 47 6.85565
4668.5 43 6.55744
4669.5 53 7.28011
4670.5 43 6.55744
4671.5 49 7
4672.5 52 7.2111
4673.5 41 6.40312
4674.5 33 5.74456
4675.5 31 5.56776
4676.5 38 6.16441
4677.5 46 6.78233
4678.5 38 6.16441
4679.5 33 5.74456
4680.5 34 5.83095
4681.5 43 6.55744
4682.5 49 7
4683.5 51 7.14143
4684.5 46 6.78233
4685.5 48 6.9282
4686.5 35 5.91608
4687.5 48 6.9282
4688.5 49 7
4689.5 38 6.16441
4690.5 53 7.28011
4691.5 40 6.32456
4692.5 42 6.48074
4693.5 28 5.2915
4694.5 57 7.54983
4695.5 54 7.34847
4696.5 42 6.48074
4697.5 37 6.08276
4698.5 55 7.4162
4699.5 42 6.48074
4700.5 41 6.40312
4701.5 45 6.7082
4702.5 44 6.63325
4703.5 53 7.28011
4704.5 45 6.7082
4705.5 56 7.48331
4706.5 55 7.4162
4707.5 59 7.68115
4708.5 44 6.63325
4709.5 62 7.87401
4710.5 48 6.9282
4711.5 34 5.83095
4712.5 39 6.245
4713.5 60 7.74597
4714.5 38 6.16441
4715.5 41 6.40312
4716.5 45 6.7082
4717.5 42 6.48074
4718.5 43 6.55744
4719.5 47 6.85565
4720.5 44 6.63325
4721.5 45 6.7082
4722.5 49 7
4723.5 51 7.14143
4724.5 41 6.40312
4725.5 35 5.91608
4726.5 42 6.48074
4727.5 46 6.78233
4728.5 49 7
4729.5 34 5.83095
4730.5 40 6.32456
4731.5 43 6.55744
4732.5 46 6.78233
4733.5 45 6.7082
4734.5 51 7.14143
4735.5 52 7.2111
4736.5 43 6.55744
4737.5 42 6.48074
4738.5 42 6.48074
4739.5 40 6.32456
4740.5 48 6.9282
4741.5 34 5.83095
4742.5 37 6.08276
4743.5 49 7
4744.5 49 7
4745.5 44 6.63325
4746.5 49 7
4747.5 57 7.54983
4748.5 54 7.34847
4749.5 35 5.91608
4750.5 49 7
4751.5 49 7
4752.5 48 6.9282
4753.5 39 6.245
4754.5 53 7.28011
4755.5 52 7.2111
4756.5 36 6
4757.5 43 6.55744
4758.5 41 6.40312
4759.5 54 7.34847
4760.5 44 6.63325
4761.5 53 7.28011
4762.5 53 7.28011
4763.5 49 7
4764.5 50 7.07107
4765.5 48 6.9282
4766.5 50 7.07107
4767.5 57 7.54983
4768.5 51 7.14143
4769.5 49 7
4770.5 38 6.16441
4771.5 50 7.07107
4772.5 34 5.83095
4773.5 44 6.63325
4774.5 54 7.34847
4775.5 51 7.14143
4776.5 53 7.28011
4777.5 46 6.78233
4778.5 55 7.4162
4779.5 51 7.14143
4780.5 43 6.55744
4781.5 32 5.65685
4782.5 55 7.4162
4783.5 42 6.48074
4784.5 41 6.40312
4785.5 41 6.40312
4786.5 40 6.32456
4787.5 56 7.48331
4788.5 43 6.55744
4789.5 41 6.40312
4790.5 40 6.32456
4791.5 38 6.16441
4792.5 44 6.63325
4793.5 48 6.9282
4794.5 40 6.32456
4795.5 56 7.48331
4796.5 56 7.48331
4797.5 45 6.7082
4798.5 51 7.14143
4799.5 52 7.2111
4800.5 43 6.55744
4801.5 55 7.4162
4802.5 37 6.08276
4803.5 54 7.34847
4804.5 50 7.07107
4805.5 50 7.07107
4806.5 47 6.85565
4807.5 48 6.9282
4808.5 42 6.48074
4809.5 43 6.55744
4810.5 56 7.48331
4811.5 56 7.48331
4812.5 58 7.61577
4813.5 44 6.63325
4814.5 37 6.08276
4815.5 39 6.245
4816.5 52 7.2111
4817.5 36 6
4818.5 55 7.4162
4819.5 39 6.245
4820.5 47 6.85565
4821.5 46 6.78233
4822.5 31 5.56776
4823.5 54 7.34847
4824.5 57 7.54983
4825.5 43 6.55744
4826.5 40 6.32456
4827.5 42 6.48074
4828.5 38 6.16441
4829.5 42 6.48074
4830.5 41 6.40312
4831.5 44 6.63325
4832.5 36 6
4833.5 56 7.48331
4834.5 54 7.34847
4835.5 39 6.245
4836.5 40 6.32456
4837.5 47 6.85565
4838.5 53 7.28011
4839.5 45 6.7082
4840.5 45 6.7082
4841.5 39 6.245
4842.5 42 6.48074
4843.5 45 6.7082
4844.5 45 6.7082
4845.5 56 7.48331
4846.5 42 6.48074
4847.5 57 7.54983
4848.5 44 6.63325
4849.5 47 6.85565
4850.5 42 6.48074
4851.5 43 6.55744
4852.5 53 7.28011
4853.5 52 7.2111
4854.5 47 6.85565
4855.5 52 7.2111
4856.5 36 6
4857.5 53 7.28011
4858.5 43 6.55744
4859.5 51 7.14143
4860.5 41 6.40312
4861.5 49 7
4862.5 44 6.63325
4863.5 46 6.78233
4864.5 44 6.63325
4865.5 48 6.9282
4866.5 63 7.93725
4867.5 48 6.9282
4868.5 43 6.55744
4869.5 54 7.34847
4870.5 40 6.32456
4871.5 44 6.63325
4872.5 54 7.34847
4873.5 42 6.48074
4874.5 47 6.85565
4875.5 36 6
4876.5 51 7.14143
4877.5 47 6.85565
4878.5 42 6.48074
4879.5 33 5.74456
4880.5 41 6.40312
4881.5 38 6.16441
4882.5 49 7
4883.5 47 6.85565
4884.5 51 7.14143
4885.5 38 6.16441
4886.5 40 6.32456
4887.5 48 6.9282
4888.5 46 6.78233
4889.5 41 6.40312
4890.5 37 6.08276
4891.5 38 6.16441
4892.5 33 5.74456
4893.5 48 6.9282
4894.5 47 6.85565
4895.5 39 6.245
4896.5 33 5.74456
4897.5 37 6.08276
4898.5 55 7.4162
4899.5 52 7.2111
4900.5 51 7.14143
4901.5 47 6.85565
4902.5 59 7.68115
4903.5 48 6.9282
4904.5 46 6.78233
4905.5 51 7.14143
4906.5 29 5.38516
4907.5 55 7.4162
4908.5 48 6.9282
4909.5 42 6.48074
4910.5 41 6.40312
4911.5 47 6.85565
4912.5 41 6.40312
4913.5 30 5.47723
4914.5 49 7
4915.5 49 7
4916.5 54 7.34847
4917.5 37 6.08276
4918.5 37 6.08276
4919.5 51 7.14143
4920.5 44 6.63325
4921.5 52 7.2111
4922.5 50 7.07107
4923.5 54 7.34847
4924.5 54 7.34847
4925.5 63 7.93725
4926.5 51 7.14143
4927.5 18 4.24264
4928.5 32 5.65685
4929.5 43 6.55744
4930.5 52 7.2111
4931.5 54 7.34847
4932.5 41 6.40312
4933.5 34 5.83095
4934.5 52 7.2111
4935.5 45 6.7082
4936.5 45 6.7082
4937.5 45 6.7082
4938.5 47 6.85565
4939.5 40 6.32456
4940.5 40 6.32456
4941.5 44 6.63325
4942.5 63 7.93725
4943.5 50 7.07107
4944.5 55 7.4162
4945.5 34 5.83095
4946.5 47 6.85565
4947.5 45 6.7082
4948.5 44 6.63325
4949.5 37 6.08276
4950.5 39 6.245
4951.5 37 6.08276
4952.5 40 6.32456
4953.5 51 7.14143
4954.5 39 6.245
4955.5 42 6.48074
4956.5 49 7
4957.5 40 6.32456
4958.5 43 6.55744
4959.5 46 6.78233
4960.5 55 7.4162
4961.5 40 6.32456
4962.5 33 5.74456
4963.5 46 6.78233
4964.5 40 6.32456
4965.5 29 5.38516
4966.5 46 6.78233
4967.5 43 6.55744
4968.5 49 7
4969.5 45 6.7082
4970.5 41 6.40312
4971.5 32 5.65685
4972.5 42 6.48074
4973.5 41 6.40312
4974.5 40 6.32456
4975.5 62 7.87401
4976.5 64 8
4977.5 40 6.32456
4978.5 44 6.63325
4979.5 48 6.9282
4980.5 48 6.9282
4981.5 44 6.63325
4982.5 43 6.55744
4983.5 24 4.89898
4984.5 39 6.245
4985.5 40 6.32456
4986.5 34 5.83095
4987.5 46 6.78233
4988.5 52 7.2111
4989.5 38 6.16441
4990.5 42 6.48074
4991.5 49 7
4992.5 52 7.2111
4993.5 44 6.63325
4994.5 47 6.85565
4995.5 38 6.16441
4996.5 52 7.2111
4997.5 57 7.54983
4998.5 43 6.55744
4999.5 42 6.48074
5000.5 51 7.14143
5001.5 47 6.85565
5002.5 37 6.08276
5003.5 48 6.9282
5004.5 44 6.63325
5005.5 45 6.7082
5006.5 38 6.16441
5007.5 52 7.2111
5008.5 47 6.85565
5009.5 49 7
5010.5 39 6.245
5011.5 51 7.14143
5012.5 47 6.85565
5013.5 46 6.78233
5014.5 50 7.07107
5015.5 47 6.85565
5016.5 61 7.81025
5017.5 46 6.78233
5018.5 46 6.78233
5019.5 50 7.07107
5020.5 47 6.85565
5021.5 47 6.85565
5022.5 48 6.9282
5023.5 33 5.74456
5024.5 40 6.32456
5025.5 54 7.34847
5026.5 26 5.09902
5027.5 52 7.2111
5028.5 35 5.91608
5029.5 50 7.07107
5030.5 45 6.7082
5031.5 53 7.28011
5032.5 45 6.7082
5033.5 40 6.32456
5034.5 39 6.245
5035.5 44 6.63325
5036.5 40 6.32456
5037.5 38 6.16441
5038.5 42 6.48074
5039.5 62 7.87401
5040.5 55 7.4162
5041.5 37 6.08276
5042.5 43 6.55744
5043.5 44 6.63325
5044.5 49 7
5045.5 44 6.63325
5046.5 46 6.78233
5047.5 50 7.07107
5048.5 42 6.48074
5049.5 52 7.2111
5050.5 42 6.48074
5051.5 47 6.85565
5052.5 45 6.7082
5053.5 50 7.07107
5054.5 31 5.56776
5055.5 43 6.55744
5056.5 39 6.245
5057.5 44 6.63325
5058.5 44 6.63325
5059.5 44 6.63325
5060.5 47 6.85565
5061.5 36 6
5062.5 40 6.32456
5063.5 41 6.40312
5064.5 47 6.85565
5065.5 38 6.16441
5066.5 30 5.47723
5067.5 47 6.85565
5068.5 43 6.55744
5069.5 41 6.40312
5070.5 41 6.40312
5071.5 45 6.7082
5072.5 43 6.55744
5073.5 31 5.56776
5074.5 41 6.40312
5075.5 35 5.91608
5076.5 33 5.74456
5077.5 37 6.08276
5078.5 47 6.85565
5079.5 43 6.55744
5080.5 43 6.55744
5081.5 46 6.78233
5082.5 43 6.55744
5083.5 34 5.83095
5084.5 44 6.63325
5085.5 49 7
5086.5 43 6.55744
5087.5 40 6.32456
5088.5 54 7.34847
5089.5 47 6.85565
5090.5 41 6.40312
5091.5 49 7
5092.5 48 6.9282
5093.5 60 7.74597
5094.5 57 7.54983
5095.5 40 6.32456
5096.5 46 6.78233
5097.5 41 6.40312
5098.5 49 7
5099.5 37 6.08276
5100.5 52 7.2111
5101.5 61 7.81025
5102.5 44 6.63325
5103.5 31 5.56776
5104.5 31 5.56776
5105.5 39 6.245
5106.5 49 7
5107.5 55 7.4162
5108.5 29 5.38516
5109.5 46 6.78233
5110.5 54 7.34847
5111.5 41 6.40312
5112.5 49 7
5113.5 37 6.08276
5114.5 52 7.2111
5115.5 35 5.91608
5116.5 38 6.16441
5117.5 46 6.78233
5118.5 40 6.32456
5119.5 44 6.63325
5120.5 47 6.85565
5121.5 37 6.08276
5122.5 32 5.65685
5123.5 41 6.40312
5124.5 38 6.16441
5125.5 35 5.91608
5126.5 42 6.48074
5127.5 37 6.08276
5128.5 51 7.14143
5129.5 49 7
5130.5 42 6.48074
5131.5 40 6.32456
5132.5 41 6.40312
5133.5 44 6.63325
5134.5 38 6.16441
5135.5 48 6.9282
5136.5 39 6.245
5137.5 41 6.40312
5138.5 44 6.63325
5139.5 55 7.4162
5140.5 48 6.9282
5141.5 42 6.48074
5142.5 45 6.7082
5143.5 50 7.07107
5144.5 45 6.7082
5145.5 50 7.07107
5146.5 38 6.16441
5147.5 45 6.7082
5148.5 47 6.85565
5149.5 40 6.32456
5150.5 48 6.9282
5151.5 39 6.245
5152.5 39 6.245
5153.5 43 6.55744
5154.5 26 5.09902
5155.5 39 6.245
5156.5 52 7.2111
5157.5 46 6.78233
5158.5 35 5.91608
5159.5 55 7.4162
5160.5 43 6.55744
5161.5 50 7.07107
5162.5 40 6.32456
5163.5 39 6.245
5164.5 42 6.48074
5165.5 41 6.40312
5166.5 37 6.08276
5167.5 46 6.78233
5168.5 42 6.48074
5169.5 47 6.85565
5170.5 51 7.14143
5171.5 47 6.85565
5172.5 44 6.63325
5173.5 41 6.40312
5174.5 42 6.48074
5175.5 40 6.32456
5176.5 50 7.07107
5177.5 45 6.7082
5178.5 45 6.7082
5179.5 46 6.78233
5180.5 38 6.16441
5181.5 48 6.9282
5182.5 48 6.9282
5183.5 37 6.08276
5184.5 48 6.9282
5185.5 42 6.48074
5186.5 40 6.32456
5187.5 49 7
5188.5 46 6.78233
5189.5 44 6.63325
5190.5 49 7
5191.5 44 6.63325
5192.5 41 6.40312
5193.5 47 6.85565
5194.5 40 6.32456
5195.5 46 6.78233
5196.5 43 6.55744
5197.5 52 7.2111
5198.5 50 7.07107
5199.5 50 7.07107
5200.5 43 6.55744
5201.5 33 5.74456
5202.5 35 5.91608
5203.5 52 7.2111
5204.5 45 6.7082
5205.5 43 6.55744
5206.5 45 6.7082
5207.5 33 5.74456
5208.5 49 7
5209.5 42 6.48074
5210.5 34 5.83095
5211.5 46 6.78233
5212.5 46 6.78233
5213.5 29 5.38516
5214.5 33 5.74456
5215.5 63 7.93725
5216.5 43 6.55744
5217.5 48 6.9282
5218.5 51 7.14143
5219.5 53 7.28011
5220.5 43 6.55744
5221.5 46 6.78233
5222.5 54 7.34847
5223.5 53 7.28011
5224.5 58 7.61577
5225.5 48 6.9282
5226.5 50 7.07107
5227.5 46 6.78233
5228.5 45 6.7082
5229.5 46 6.78233
5230.5 52 7.2111
5231.5 50 7.07107
5232.5 41 6.40312
5233.5 43 6.55744
5234.5 49 7
5235.5 42 6.48074
5236.5 39 6.245
5237.5 32 5.65685
5238.5 42 6.48074
5239.5 44 6.63325
5240.5 57 7.54983
5241.5 38 6.16441
5242.5 33 5.74456
5243.5 34 5.83095
5244.5 46 6.78233
5245.5 45 6.7082
5246.5 33 5.74456
5247.5 54 7.34847
5248.5 52 7.2111
5249.5 35 5.91608
5250.5 29 5.38516
5251.5 42 6.48074
5252.5 41 6.40312
5253.5 54 7.34847
5254.5 52 7.2111
5255.5 39 6.245
5256.5 42 6.48074
5257.5 46 6.78233
5258.5 47 6.85565
5259.5 41 6.40312
5260.5 30 5.47723
5261.5 46 6.78233
5262.5 44 6.63325
5263.5 49 7
5264.5 53 7.28011
5265.5 53 7.28011
5266.5 40 6.32456
5267.5 55 7.4162
5268.5 32 5.65685
5269.5 45 6.7082
5270.5 49 7
5271.5 42 6.48074
5272.5 47 6.85565
5273.5 40 6.32456
5274.5 34 5.83095
5275.5 56 7.48331
5276.5 49 7
5277.5 41 6.40312
5278.5 50 7.07107
5279.5 49 7
5280.5 52 7.2111
5281.5 38 6.16441
5282.5 50 7.07107
5283.5 45 6.7082
5284.5 30 5.47723
5285.5 42 6.48074
5286.5 44 6.63325
5287.5 41 6.40312
5288.5 36 6
5289.5 44 6.63325
5290.5 54 7.34847
5291.5 38 6.16441
5292.5 41 6.40312
5293.5 42 6.48074
5294.5 37 6.08276
5295.5 51 7.14143
5296.5 36 6
5297.5 37 6.08276
5298.5 47 6.85565
5299.5 39 6.245
5300.5 36 6
5301.5 59 7.68115
5302.5 44 6.63325
5303.5 44 6.63325
5304.5 42 6.48074
5305.5 46 6.78233
5306.5 51 7.14143
5307.5 46 6.78233
5308.5 48 6.9282
5309.5 34 5.83095
5310.5 60 7.74597
5311.5 43 6.55744
5312.5 49 7
5313.5 40 6.32456
5314.5 53 7.28011
5315.5 42 6.48074
5316.5 44 6.63325
5317.5 48 6.9282
5318.5 50 7.07107
5319.5 59 7.68115
5320.5 52 7.2111
5321.5 50 7.07107
5322.5 42 6.48074
5323.5 43 6.55744
5324.5 42 6.48074
5325.5 42 6.48074
5326.5 35 5.91608
5327.5 45 6.7082
5328.5 56 7.48331
5329.5 51 7.14143
5330.5 45 6.7082
5331.5 55 7.4162
5332.5 40 6.32456
5333.5 56 7.48331
5334.5 59 7.68115
5335.5 51 7.14143
5336.5 53 7.28011
5337.5 44 6.63325
5338.5 55 7.4162
5339.5 53 7.28011
5340.5 38 6.16441
5341.5 35 5.91608
5342.5 48 6.9282
5343.5 44 6.63325
5344.5 45 6.7082
5345.5 38 6.16441
5346.5 37 6.08276
5347.5 44 6.63325
5348.5 50 7.07107
5349.5 45 6.7082
5350.5 46 6.78233
5351.5 43 6.55744
5352.5 55 7.4162
5353.5 35 5.91608
5354.5 58 7.61577
5355.5 48 6.9282
5356.5 49 7
5357.5 41 6.40312
5358.5 50 7.07107
5359.5 62 7.87401
5360.5 47 6.85565
5361.5 51 7.14143
5362.5 50 7.07107
5363.5 40 6.32456
5364.5 73 8.544
5365.5 50 7.07107
5366.5 42 6.48074
5367.5 57 7.54983
5368.5 47 6.85565
5369.5 49 7
5370.5 52 7.2111
5371.5 50 7.07107
5372.5 48 6.9282
5373.5 35 5.91608
5374.5 38 6.16441
5375.5 40 6.32456
5376.5 48 6.9282
5377.5 46 6.78233
5378.5 44 6.63325
5379.5 54 7.34847
5380.5 48 6.9282
5381.5 46 6.78233
5382.5 47 6.85565
5383.5 46 6.78233
5384.5 43 6.55744
5385.5 41 6.40312
5386.5 44 6.63325
5387.5 44 6.63325
5388.5 49 7
5389.5 34 5.83095
5390.5 43 6.55744
5391.5 40 6.32456
5392.5 44 6.63325
5393.5 53 7.28011
5394.5 42 6.48074
5395.5 37 6.08276
5396.5 56 7.48331
5397.5 43 6.55744
5398.5 44 6.63325
5399.5 41 6.40312
5400.5 49 7
5401.5 46 6.78233
5402.5 38 6.16441
5403.5 49 7
5404.5 45 6.7082
5405.5 49 7
5406.5 50 7.07107
5407.5 40 6.32456
5408.5 51 7.14143
5409.5 50 7.07107
5410.5 43 6.55744
5411.5 53 7.28011
5412.5 47 6.85565
5413.5 54 7.34847
5414.5 47 6.85565
5415.5 48 6.9282
5416.5 48 6.9282
5417.5 55 7.4162
5418.5 55 7.4162
5419.5 56 7.48331
5420.5 46 6.78233
5421.5 48 6.9282
5422.5 42 6.48074
5423.5 54 7.34847
5424.5 67 8.18535
5425.5 55 7.4162
5426.5 62 7.87401
5427.5 54 7.34847
5428.5 39 6.245
5429.5 63 7.93725
5430.5 60 7.74597
5431.5 77 8.77496
5432.5 66 8.12404
5433.5 63 7.93725
5434.5 67 8.18535
5435.5 48 6.9282
5436.5 61 7.81025
5437.5 62 7.87401
5438.5 66 8.12404
5439.5 46 6.78233
5440.5 57 7.54983
5441.5 64 8
5442.5 67 8.18535
5443.5 76 8.7178
5444.5 56 7.48331
5445.5 54 7.34847
5446.5 55 7.4162
5447.5 56 7.48331
5448.5 56 7.48331
5449.5 64 8
5450.5 60 7.74597
5451.5 77 8.77496
5452.5 76 8.7178
5453.5 73 8.544
5454.5 58 7.61577
5455.5 59 7.68115
5456.5 73 8.544
5457.5 77 8.77496
5458.5 67 8.18535
5459.5 73 8.544
5460.5 73 8.544
5461.5 86 9.27362
5462.5 82 9.05539
5463.5 84 9.16515
5464.5 82 9.05539
5465.5 78 8.83176
5466.5 72 8.48528
5467.5 66 8.12404
5468.5 82 9.05539
5469.5 94 9.69536
5470.5 86 9.27362
5471.5 87 9.32738
5472.5 91 9.53939
5473.5 91 9.53939
5474.5 94 9.69536
5475.5 100 10
5476.5 125 11.1803
5477.5 100 10
5478.5 117 10.8167
5479.5 130 11.4018
5480.5 91 9.53939
5481.5 98 9.89949
5482.5 115 10.7238
5483.5 121 11
5484.5 86 9.27362
5485.5 103 10.1489
5486.5 110 10.4881
5487.5 120 10.9545
5488.5 111 10.5357
5489.5 108 10.3923
5490.5 99 9.94987
5491.5 95 9.74679
5492.5 101 10.0499
5493.5 92 9.59166
5494.5 89 9.43398
5495.5 77 8.77496
5496.5 64 8
5497.5 90 9.48683
5498.5 94 9.69536
5499.5 88 9.38083
5500.5 90 9.48683
5501.5 83 9.11043
5502.5 75 8.66025
5503.5 79 8.88819
5504.5 79 8.88819
5505.5 64 8
5506.5 49 7
5507.5 79 8.88819
5508.5 57 7.54983
5509.5 69 8.30662
5510.5 59 7.68115
5511.5 69 8.30662
5512.5 58 7.61577
5513.5 67 8.18535
5514.5 79 8.88819
5515.5 62 7.87401
5516.5 89 9.43398
5517.5 59 7.68115
5518.5 82 9.05539
5519.5 51 7.14143
5520.5 54 7.34847
5521.5 54 7.34847
5522.5 55 7.4162
5523.5 65 8.06226
5524.5 50 7.07107
5525.5 56 7.48331
5526.5 56 7.48331
5527.5 69 8.30662
5528.5 55 7.4162
5529.5 48 6.9282
5530.5 40 6.32456
5531.5 60 7.74597
5532.5 65 8.06226
5533.5 53 7.28011
5534.5 84 9.16515
5535.5 42 6.48074
5536.5 53 7.28011
5537.5 52 7.2111
5538.5 57 7.54983
5539.5 50 7.07107
5540.5 63 7.93725
5541.5 52 7.2111
5542.5 61 7.81025
5543.5 50 7.07107
5544.5 65 8.06226
5545.5 45 6.7082
5546.5 45 6.7082
5547.5 55 7.4162
5548.5 46 6.78233
5549.5 52 7.2111
5550.5 51 7.14143
5551.5 52 7.2111
5552.5 53 7.28011
5553.5 45 6.7082
5554.5 66 8.12404
5555.5 47 6.85565
5556.5 48 6.9282
5557.5 38 6.16441
5558.5 60 7.74597
5559.5 49 7
5560.5 47 6.85565
5561.5 45 6.7082
5562.5 55 7.4162
5563.5 50 7.07107
5564.5 48 6.9282
5565.5 44 6.63325
5566.5 39 6.245
5567.5 52 7.2111
5568.5 47 6.85565
5569.5 46 6.78233
5570.5 51 7.14143
5571.5 50 7.07107
5572.5 51 7.14143
5573.5 44 6.63325
5574.5 58 7.61577
5575.5 68 8.24621
5576.5 53 7.28011
5577.5 45 6.7082
5578.5 60 7.74597
5579.5 43 6.55744
5580.5 57 7.54983
5581.5 44 6.63325
5582.5 46 6.78233
5583.5 51 7.14143
5584.5 68 8.24621
5585.5 53 7.28011
5586.5 57 7.54983
5587.5 57 7.54983
5588.5 64 8
5589.5 50 7.07107
5590.5 44 6.63325
5591.5 49 7
5592.5 56 7.48331
5593.5 47 6.85565
5594.5 38 6.16441
5595.5 48 6.9282
5596.5 58 7.61577
5597.5 42 6.48074
5598.5 46 6.78233
5599.5 54 7.34847
5600.5 45 6.7082
5601.5 55 7.4162
5602.5 48 6.9282
5603.5 52 7.2111
5604.5 51 7.14143
5605.5 35 5.91608
5606.5 37 6.08276
5607.5 54 7.34847
5608.5 34 5.83095
5609.5 45 6.7082
5610.5 48 6.9282
5611.5 41 6.40312
5612.5 51 7.14143
5613.5 47 6.85565
5614.5 48 6.9282
5615.5 44 6.63325
5616.5 42 6.48074
5617.5 49 7
5618.5 50 7.07107
5619.5 53 7.28011
5620.5 57 7.54983
5621.5 50 7.07107
5622.5 44 6.63325
5623.5 53 7.28011
5624.5 55 7.4162
5625.5 46 6.78233
5626.5 53 7.28011
5627.5 46 6.78233
5628.5 57 7.54983
5629.5 48 6.9282
5630.5 43 6.55744
5631.5 38 6.16441
5632.5 47 6.85565
5633.5 54 7.34847
5634.5 54 7.34847
5635.5 43 6.55744
5636.5 40 6.32456
5637.5 48 6.9282
5638.5 38 6.16441
5639.5 45 6.7082
5640.5 45 6.7082
5641.5 51 7.14143
5642.5 50 7.07107
5643.5 46 6.78233
5644.5 42 6.48074
5645.5 57 7.54983
5646.5 52 7.2111
5647.5 51 7.14143
5648.5 58 7.61577
5649.5 44 6.63325
5650.5 47 6.85565
5651.5 51 7.14143
5652.5 55 7.4162
5653.5 51 7.14143
5654.5 48 6.9282
5655.5 41 6.40312
5656.5 49 7
5657.5 56 7.48331
5658.5 43 6.55744
5659.5 46 6.78233
5660.5 46 6.78233
5661.5 55 7.4162
5662.5 44 6.63325
5663.5 54 7.34847
5664.5 41 6.40312
5665.5 38 6.16441
5666.5 52 7.2111
5667.5 42 6.48074
5668.5 43 6.55744
5669.5 41 6.40312
5670.5 43 6.55744
5671.5 45 6.7082
5672.5 55 7.4162
5673.5 42 6.48074
5674.5 57 7.54983
5675.5 53 7.28011
5676.5 52 7.2111
5677.5 40 6.32456
5678.5 39 6.245
5679.5 47 6.85565
5680.5 53 7.28011
5681.5 34 5.83095
5682.5 57 7.54983
5683.5 59 7.68115
5684.5 40 6.32456
5685.5 41 6.40312
5686.5 58 7.61577
5687.5 57 7.54983
5688.5 51 7.14143
5689.5 43 6.55744
5690.5 44 6.63325
5691.5 42 6.48074
5692.5 38 6.16441
5693.5 49 7
5694.5 45 6.7082
5695.5 52 7.2111
5696.5 50 7.07107
5697.5 50 7.07107
5698.5 57 7.54983
5699.5 43 6.55744
5700.5 47 6.85565
5701.5 56 7.48331
5702.5 43 6.55744
5703.5 52 7.2111
5704.5 53 7.28011
5705.5 43 6.55744
5706.5 43 6.55744
5707.5 37 6.08276
5708.5 61 7.81025
5709.5 46 6.78233
5710.5 65 8.06226
5711.5 71 8.42615
5712.5 59 7.68115
5713.5 52 7.2111
5714.5 53 7.28011
5715.5 59 7.68115
5716.5 42 6.48074
5717.5 59 7.68115
5718.5 42 6.48074
5719.5 50 7.07107
5720.5 49 7
5721.5 54 7.34847
5722.5 51 7.14143
5723.5 46 6.78233
5724.5 44 6.63325
5725.5 50 7.07107
5726.5 58 7.61577
5727.5 54 7.34847
5728.5 49 7
5729.5 45 6.7082
5730.5 46 6.78233
5731.5 42 6.48074
5732.5 53 7.28011
5733.5 57 7.54983
5734.5 49 7
5735.5 48 6.9282
5736.5 42 6.48074
5737.5 65 8.06226
5738.5 44 6.63325
5739.5 57 7.54983
5740.5 48 6.9282
5741.5 61 7.81025
5742.5 52 7.2111
5743.5 36 6
5744.5 58 7.61577
5745.5 46 6.78233
5746.5 43 6.55744
5747.5 45 6.7082
5748.5 48 6.9282
5749.5 59 7.68115
5750.5 54 7.34847
5751.5 46 6.78233
5752.5 44 6.63325
5753.5 48 6.9282
5754.5 56 7.48331
5755.5 69 8.30662
5756.5 46 6.78233
5757.5 55 7.4162
5758.5 45 6.7082
5759.5 40 6.32456
5760.5 52 7.2111
5761.5 63 7.93725
5762.5 47 6.85565
5763.5 51 7.14143
5764.5 49 7
5765.5 55 7.4162
5766.5 46 6.78233
5767.5 62 7.87401
5768.5 45 6.7082
5769.5 40 6.32456
5770.5 47 6.85565
5771.5 47 6.85565
5772.5 63 7.93725
5773.5 60 7.74597
5774.5 53 7.28011
5775.5 52 7.2111
5776.5 56 7.48331
5777.5 38 6.16441
5778.5 50 7.07107
5779.5 33 5.74456
5780.5 47 6.85565
5781.5 50 7.07107
5782.5 46 6.78233
5783.5 59 7.68115
5784.5 47 6.85565
5785.5 57 7.54983
5786.5 43 6.55744
5787.5 50 7.07107
5788.5 47 6.85565
5789.5 43 6.55744
5790.5 42 6.48074
5791.5 41 6.40312
5792.5 56 7.48331
5793.5 35 5.91608
5794.5 33 5.74456
5795.5 30 5.47723
5796.5 49 7
5797.5 53 7.28011
5798.5 44 6.63325
5799.5 54 7.34847
5800.5 49 7
5801.5 51 7.14143
5802.5 47 6.85565
5803.5 49 7
5804.5 55 7.4162
5805.5 45 6.7082
5806.5 46 6.78233
5807.5 47 6.85565
5808.5 38 6.16441
5809.5 57 7.54983
5810.5 53 7.28011
5811.5 53 7.28011
5812.5 44 6.63325
5813.5 42 6.48074
5814.5 56 7.48331
5815.5 38 6.16441
5816.5 51 7.14143
5817.5 54 7.34847
5818.5 57 7.54983
5819.5 53 7.28011
5820.5 45 6.7082
5821.5 45 6.7082
5822.5 47 6.85565
5823.5 45 6.7082
5824.5 37 6.08276
5825.5 50 7.07107
5826.5 47 6.85565
5827.5 58 7.61577
5828.5 53 7.28011
5829.5 45 6.7082
5830.5 42 6.48074
5831.5 54 7.34847
5832.5 55 7.4162
5833.5 51 7.14143
5834.5 48 6.9282
5835.5 44 6.63325
5836.5 48 6.9282
5837.5 47 6.85565
5838.5 46 6.78233
5839.5 65 8.06226
5840.5 55 7.4162
5841.5 46 6.78233
5842.5 49 7
5843.5 43 6.55744
5844.5 57 7.54983
5845.5 57 7.54983
5846.5 37 6.08276
5847.5 35 5.91608
5848.5 52 7.2111
5849.5 49 7
5850.5 46 6.78233
5851.5 40 6.32456
5852.5 55 7.4162
5853.5 42 6.48074
5854.5 56 7.48331
5855.5 45 6.7082
5856.5 39 6.245
5857.5 34 5.83095
5858.5 46 6.78233
5859.5 51 7.14143
5860.5 42 6.48074
5861.5 48 6.9282
5862.5 39 6.245
5863.5 47 6.85565
5864.5 41 6.40312
5865.5 54 7.34847
5866.5 49 7
5867.5 39 6.245
5868.5 59 7.68115
5869.5 53 7.28011
5870.5 44 6.63325
5871.5 50 7.07107
5872.5 61 7.81025
5873.5 54 7.34847
5874.5 50 7.07107
5875.5 56 7.48331
5876.5 51 7.14143
5877.5 53 7.28011
5878.5 54 7.34847
5879.5 57 7.54983
5880.5 49 7
5881.5 45 6.7082
5882.5 50 7.07107
5883.5 56 7.48331
5884.5 58 7.61577
5885.5 41 6.40312
5886.5 41 6.40312
5887.5 73 8.544
5888.5 45 6.7082
5889.5 62 7.87401
5890.5 51 7.14143
5891.5 39 6.245
5892.5 48 6.9282
5893.5 63 7.93725
5894.5 45 6.7082
5895.5 43 6.55744
5896.5 51 7.14143
5897.5 47 6.85565
5898.5 61 7.81025
5899.5 49 7
5900.5 36 6
5901.5 44 6.63325
5902.5 45 6.7082
5903.5 43 6.55744
5904.5 66 8.12404
5905.5 50 7.07107
5906.5 51 7.14143
5907.5 49 7
5908.5 59 7.68115
5909.5 51 7.14143
5910.5 38 6.16441
5911.5 48 6.9282
5912.5 45 6.7082
5913.5 45 6.7082
5914.5 54 7.34847
5915.5 55 7.4162
5916.5 39 6.245
5917.5 54 7.34847
5918.5 62 7.87401
5919.5 45 6.7082
5920.5 47 6.85565
5921.5 39 6.245
5922.5 47 6.85565
5923.5 63 7.93725
5924.5 38 6.16441
5925.5 43 6.55744
5926.5 53 7.28011
5927.5 57 7.54983
5928.5 60 7.74597
5929.5 53 7.28011
5930.5 48 6.9282
5931.5 38 6.16441
5932.5 46 6.78233
5933.5 41 6.40312
5934.5 50 7.07107
5935.5 57 7.54983
5936.5 47 6.85565
5937.5 47 6.85565
5938.5 53 7.28011
5939.5 54 7.34847
5940.5 58 7.61577
5941.5 52 7.2111
5942.5 51 7.14143
5943.5 46 6.78233
5944.5 50 7.07107
5945.5 52 7.2111
5946.5 35 5.91608
5947.5 55 7.4162
5948.5 56 7.48331
5949.5 49 7
5950.5 45 6.7082
5951.5 48 6.9282
5952.5 47 6.85565
5953.5 57 7.54983
5954.5 54 7.34847
5955.5 43 6.55744
5956.5 47 6.85565
5957.5 50 7.07107
5958.5 54 7.34847
5959.5 42 6.48074
5960.5 44 6.63325
5961.5 57 7.54983
5962.5 51 7.14143
5963.5 47 6.85565
5964.5 56 7.48331
5965.5 49 7
5966.5 53 7.28011
5967.5 55 7.4162
5968.5 54 7.34847
5969.5 37 6.08276
5970.5 39 6.245
5971.5 54 7.34847
5972.5 53 7.28011
5973.5 49 7
5974.5 50 7.07107
5975.5 49 7
5976.5 35 5.91608
5977.5 52 7.2111
5978.5 52 7.2111
5979.5 44 6.63325
5980.5 52 7.2111
5981.5 51 7.14143
5982.5 45 6.7082
5983.5 44 6.63325
5984.5 38 6.16441
5985.5 51 7.14143
5986.5 52 7.2111
5987.5 46 6.78233
5988.5 53 7.28011
5989.5 47 6.85565
5990.5 52 7.2111
5991.5 48 6.9282
5992.5 44 6.63325
5993.5 50 7.07107
5994.5 49 7
5995.5 52 7.2111
5996.5 39 6.245
5997.5 46 6.78233
5998.5 48 6.9282
5999.5 42 6.48074
6000.5 54 7.34847
6001.5 40 6.32456
6002.5 51 7.14143
6003.5 44 6.63325
6004.5 36 6
6005.5 48 6.9282
6006.5 45 6.7082
6007.5 62 7.87401
6008.5 51 7.14143
6009.5 48 6.9282
6010.5 41 6.40312
6011.5 59 7.68115
6012.5 47 6.85565
6013.5 48 6.9282
6014.5 61 7.81025
6015.5 40 6.32456
6016.5 57 7.54983
6017.5 47 6.85565
6018.5 52 7.2111
6019.5 40 6.32456
6020.5 43 6.55744
6021.5 42 6.48074
6022.5 41 6.40312
6023.5 44 6.63325
6024.5 46 6.78233
6025.5 54 7.34847
6026.5 48 6.9282
6027.5 61 7.81025
6028.5 59 7.68115
6029.5 53 7.28011
6030.5 46 6.78233
6031.5 43 6.55744
6032.5 38 6.16441
6033.5 59 7.68115
6034.5 43 6.55744
6035.5 49 7
6036.5 42 6.48074
6037.5 59 7.68115
6038.5 48 6.9282
6039.5 50 7.07107
6040.5 40 6.32456
6041.5 39 6.245
6042.5 51 7.14143
6043.5 40 6.32456
6044.5 49 7
6045.5 47 6.85565
6046.5 46 6.78233
6047.5 50 7.07107
6048.5 54 7.34847
6049.5 41 6.40312
6050.5 32 5.65685
6051.5 52 7.2111
6052.5 52 7.2111
6053.5 66 8.12404
6054.5 54 7.34847
6055.5 57 7.54983
6056.5 54 7.34847
6057.5 62 7.87401
6058.5 56 7.48331
6059.5 52 7.2111
6060.5 58 7.61577
6061.5 48 6.9282
6062.5 42 6.48074
6063.5 43 6.55744
6064.5 56 7.48331
6065.5 61 7.81025
6066.5 42 6.48074
6067.5 50 7.07107
6068.5 38 6.16441
6069.5 43 6.55744
6070.5 44 6.63325
6071.5 49 7
6072.5 60 7.74597
6073.5 43 6.55744
6074.5 60 7.74597
6075.5 38 6.16441
6076.5 49 7
6077.5 43 6.55744
6078.5 51 7.14143
6079.5 56 7.48331
6080.5 53 7.28011
6081.5 46 6.78233
6082.5 47 6.85565
6083.5 43 6.55744
6084.5 52 7.2111
6085.5 49 7
6086.5 46 6.78233
6087.5 51 7.14143
6088.5 49 7
6089.5 35 5.91608
6090.5 57 7.54983
6091.5 44 6.63325
6092.5 46 6.78233
6093.5 66 8.12404
6094.5 49 7
6095.5 36 6
6096.5 43 6.55744
6097.5 41 6.40312
6098.5 44 6.63325
6099.5 40 6.32456
6100.5 38 6.16441
6101.5 28 5.2915
6102.5 46 6.78233
6103.5 46 6.78233
6104.5 50 7.07107
6105.5 43 6.55744
6106.5 41 6.40312
6107.5 56 7.48331
6108.5 47 6.85565
6109.5 53 7.28011
6110.5 48 6.9282
6111.5 37 6.08276
6112.5 50 7.07107
6113.5 45 6.7082
6114.5 41 6.40312
6115.5 56 7.48331
6116.5 52 7.2111
6117.5 32 5.65685
6118.5 43 6.55744
6119.5 51 7.14143
6120.5 45 6.7082
6121.5 39 6.245
6122.5 58 7.61577
6123.5 37 6.08276
6124.5 39 6.245
6125.5 43 6.55744
6126.5 53 7.28011
6127.5 41 6.40312
6128.5 53 7.28011
6129.5 51 7.14143
6130.5 50 7.07107
6131.5 50 7.07107
6132.5 51 7.14143
6133.5 46 6.78233
6134.5 59 7.68115
6135.5 41 6.40312
6136.5 48 6.9282
6137.5 55 7.4162
6138.5 51 7.14143
6139.5 53 7.28011
6140.5 39 6.245
6141.5 49 7
6142.5 49 7
6143.5 49 7
6144.5 36 6
6145.5 46 6.78233
6146.5 52 7.2111
6147.5 58 7.61577
6148.5 55 7.4162
6149.5 44 6.63325
6150.5 45 6.7082
6151.5 60 7.74597
6152.5 45 6.7082
6153.5 48 6.9282
6154.5 43 6.55744
6155.5 44 6.63325
6156.5 42 6.48074
6157.5 49 7
6158.5 45 6.7082
6159.5 41 6.40312
6160.5 60 7.74597
6161.5 44 6.63325
6162.5 37 6.08276
6163.5 50 7.07107
6164.5 45 6.7082
6165.5 43 6.55744
6166.5 48 6.9282
6167.5 52 7.2111
6168.5 46 6.78233
6169.5 53 7.28011
6170.5 51 7.14143
6171.5 47 6.85565
6172.5 58 7.61577
6173.5 49 7
6174.5 48 6.9282
6175.5 48 6.9282
6176.5 48 6.9282
6177.5 43 6.55744
6178.5 45 6.7082
6179.5 39 6.245
6180.5 49 7
6181.5 50 7.07107
6182.5 47 6.85565
6183.5 41 6.40312
6184.5 51 7.14143
6185.5 59 7.68115
6186.5 46 6.78233
6187.5 38 6.16441
6188.5 43 6.55744
6189.5 55 7.4162
6190.5 50 7.07107
6191.5 44 6.63325
6192.5 39 6.245
6193.5 45 6.7082
6194.5 45 6.7082
6195.5 41 6.40312
6196.5 58 7.61577
6197.5 48 6.9282
6198.5 47 6.85565
6199.5 47 6.85565
6200.5 61 7.81025
6201.5 46 6.78233
6202.5 46 6.78233
6203.5 51 7.14143
6204.5 55 7.4162
6205.5 53 7.28011
6206.5 49 7
6207.5 41 6.40312
6208.5 48 6.9282
6209.5 51 7.14143
6210.5 52 7.2111
6211.5 42 6.48074
6212.5 38 6.16441
6213.5 41 6.40312
6214.5 40 6.32456
6215.5 36 6
6216.5 43 6.55744
6217.5 32 5.65685
6218.5 41 6.40312
6219.5 50 7.07107
6220.5 57 7.54983
6221.5 57 7.54983
6222.5 37 6.08276
6223.5 40 6.32456
6224.5 43 6.55744
6225.5 50 7.07107
6226.5 54 7.34847
6227.5 49 7
6228.5 54 7.34847
6229.5 39 6.245
6230.5 40 6.32456
6231.5 47 6.85565
6232.5 48 6.9282
6233.5 47 6.85565
6234.5 53 7.28011
6235.5 37 6.08276
6236.5 48 6.9282
6237.5 40 6.32456
6238.5 50 7.07107
6239.5 42 6.48074
6240.5 46 6.78233
6241.5 48 6.9282
6242.5 47 6.85565
6243.5 49 7
6244.5 50 7.07107
6245.5 45 6.7082
6246.5 48 6.9282
6247.5 46 6.78233
6248.5 51 7.14143
6249.5 54 7.34847
6250.5 43 6.55744
6251.5 44 6.63325
6252.5 44 6.63325
6253.5 44 6.63325
6254.5 52 7.2111
6255.5 38 6.16441
6256.5 51 7.14143
6257.5 52 7.2111
6258.5 55 7.4162
6259.5 53 7.28011
6260.5 51 7.14143
6261.5 55 7.4162
6262.5 38 6.16441
6263.5 54 7.34847
6264.5 42 6.48074
6265.5 44 6.63325
6266.5 34 5.83095
6267.5 54 7.34847
6268.5 50 7.07107
6269.5 65 8.06226
6270.5 54 7.34847
6271.5 53 7.28011
6272.5 49 7
6273.5 60 7.74597
6274.5 45 6.7082
6275.5 42 6.48074
6276.5 48 6.9282
6277.5 43 6.55744
6278.5 43 6.55744
6279.5 38 6.16441
6280.5 42 6.48074
6281.5 54 7.34847
6282.5 50 7.07107
6283.5 36 6
6284.5 40 6.32456
6285.5 40 6.32456
6286.5 59 7.68115
6287.5 43 6.55744
6288.5 57 7.54983
6289.5 53 7.28011
6290.5 48 6.9282
6291.5 40 6.32456
6292.5 48 6.9282
6293.5 52 7.2111
6294.5 45 6.7082
6295.5 32 5.65685
6296.5 54 7.34847
6297.5 28 5.2915
6298.5 51 7.14143
6299.5 37 6.08276
6300.5 55 7.4162
6301.5 41 6.40312
6302.5 53 7.28011
6303.5 51 7.14143
6304.5 54 7.34847
6305.5 48 6.9282
6306.5 36 6
6307.5 45 6.7082
6308.5 45 6.7082
6309.5 59 7.68115
6310.5 30 5.47723
6311.5 39 6.245
6312.5 54 7.34847
6313.5 62 7.87401
6314.5 45 6.7082
6315.5 44 6.63325
6316.5 53 7.28011
6317.5 56 7.48331
6318.5 48 6.9282
6319.5 53 7.28011
6320.5 39 6.245
6321.5 48 6.9282
6322.5 41 6.40312
6323.5 42 6.48074
6324.5 50 7.07107
6325.5 42 6.48074
6326.5 56 7.48331
6327.5 61 7.81025
6328.5 53 7.28011
6329.5 50 7.07107
6330.5 44 6.63325
6331.5 58 7.61577
6332.5 31 5.56776
6333.5 54 7.34847
6334.5 41 6.40312
6335.5 60 7.74597
6336.5 50 7.07107
6337.5 39 6.245
6338.5 59 7.68115
6339.5 51 7.14143
6340.5 47 6.85565
6341.5 43 6.55744
6342.5 43 6.55744
6343.5 59 7.68115
6344.5 52 7.2111
6345.5 43 6.55744
6346.5 54 7.34847
6347.5 59 7.68115
6348.5 50 7.07107
6349.5 36 6
6350.5 41 6.40312
6351.5 52 7.2111
6352.5 31 5.56776
6353.5 46 6.78233
6354.5 46 6.78233
6355.5 45 6.7082
6356.5 35 5.91608
6357.5 52 7.2111
6358.5 42 6.48074
6359.5 45 6.7082
6360.5 42 6.48074
6361.5 43 6.55744
6362.5 53 7.28011
6363.5 42 6.48074
6364.5 53 7.28011
6365.5 43 6.55744
6366.5 54 7.34847
6367.5 61 7.81025
6368.5 42 6.48074
6369.5 37 6.08276
6370.5 41 6.40312
6371.5 50 7.07107
6372.5 59 7.68115
6373.5 50 7.07107
6374.5 42 6.48074
6375.5 48 6.9282
6376.5 48 6.9282
6377.5 55 7.4162
6378.5 44 6.63325
6379.5 38 6.16441
6380.5 47 6.85565
6381.5 49 7
6382.5 45 6.7082
6383.5 55 7.4162
6384.5 33 5.74456
6385.5 40 6.32456
6386.5 41 6.40312
6387.5 51 7.14143
6388.5 57 7.54983
6389.5 30 5.47723
6390.5 47 6.85565
6391.5 37 6.08276
6392.5 38 6.16441
6393.5 43 6.55744
6394.5 36 6
6395.5 42 6.48074
6396.5 48 6.9282
6397.5 54 7.34847
6398.5 55 7.4162
6399.5 48 6.9282
6400.5 50 7.07107
6401.5 41 6.40312
6402.5 46 6.78233
6403.5 34 5.83095
6404.5 53 7.28011
6405.5 34 5.83095
6406.5 43 6.55744
6407.5 49 7
6408.5 29 5.38516
6409.5 59 7.68115
6410.5 36 6
6411.5 42 6.48074
6412.5 44 6.63325
6413.5 47 6.85565
6414.5 58 7.61577
6415.5 50 7.07107
6416.5 46 6.78233
6417.5 49 7
6418.5 44 6.63325
6419.5 44 6.63325
6420.5 50 7.07107
6421.5 34 5.83095
6422.5 44 6.63325
6423.5 60 7.74597
6424.5 37 6.08276
6425.5 52 7.2111
6426.5 47 6.85565
6427.5 40 6.32456
6428.5 44 6.63325
6429.5 43 6.55744
6430.5 44 6.63325
6431.5 51 7.14143
6432.5 42 6.48074
6433.5 46 6.78233
6434.5 46 6.78233
6435.5 41 6.40312
6436.5 39 6.245
6437.5 33 5.74456
6438.5 58 7.61577
6439.5 47 6.85565
6440.5 36 6
6441.5 57 7.54983
6442.5 46 6.78233
6443.5 39 6.245
6444.5 44 6.63325
6445.5 36 6
6446.5 45 6.7082
6447.5 46 6.78233
6448.5 45 6.7082
6449.5 43 6.55744
6450.5 57 7.54983
6451.5 50 7.07107
6452.5 52 7.2111
6453.5 62 7.87401
6454.5 54 7.34847
6455.5 57 7.54983
6456.5 56 7.48331
6457.5 62 7.87401
6458.5 48 6.9282
6459.5 50 7.07107
6460.5 33 5.74456
6461.5 77 8.77496
6462.5 37 6.08276
6463.5 45 6.7082
6464.5 49 7
6465.5 49 7
6466.5 48 6.9282
6467.5 57 7.54983
6468.5 53 7.28011
6469.5 51 7.14143
6470.5 56 7.48331
6471.5 52 7.2111
6472.5 48 6.9282
6473.5 48 6.9282
6474.5 58 7.61577
6475.5 50 7.07107
6476.5 53 7.28011
6477.5 60 7.74597
6478.5 41 6.40312
6479.5 52 7.2111
6480.5 47 6.85565
6481.5 54 7.34847
6482.5 43 6.55744
6483.5 56 7.48331
6484.5 51 7.14143
6485.5 41 6.40312
6486.5 45 6.7082
6487.5 61 7.81025
6488.5 53 7.28011
6489.5 55 7.4162
6490.5 32 5.65685
6491.5 43 6.55744
6492.5 62 7.87401
6493.5 56 7.48331
6494.5 46 6.78233
6495.5 44 6.63325
6496.5 41 6.40312
6497.5 45 6.7082
6498.5 53 7.28011
6499.5 51 7.14143
6500.5 45 6.7082
6501.5 61 7.81025
6502.5 48 6.9282
6503.5 40 6.32456
6504.5 47 6.85565
6505.5 46 6.78233
6506.5 38 6.16441
6507.5 57 7.54983
6508.5 46 6.78233
6509.5 45 6.7082
6510.5 52 7.2111
6511.5 45 6.7082
6512.5 35 5.91608
6513.5 43 6.55744
6514.5 40 6.32456
6515.5 59 7.68115
6516.5 39 6.245
6517.5 56 7.48331
6518.5 40 6.32456
6519.5 50 7.07107
6520.5 34 5.83095
6521.5 56 7.48331
6522.5 55 7.4162
6523.5 64 8
6524.5 41 6.40312
6525.5 50 7.07107
6526.5 45 6.7082
6527.5 41 6.40312
6528.5 34 5.83095
6529.5 51 7.14143
6530.5 46 6.78233
6531.5 36 6
6532.5 59 7.68115
6533.5 53 7.28011
6534.5 46 6.78233
6535.5 51 7.14143
6536.5 53 7.28011
6537.5 37 6.08276
6538.5 37 6.08276
6539.5 49 7
6540.5 47 6.85565
6541.5 48 6.9282
6542.5 54 7.34847
6543.5 47 6.85565
6544.5 40 6.32456
6545.5 39 6.245
6546.5 40 6.32456
6547.5 49 7
6548.5 50 7.07107
6549.5 45 6.7082
6550.5 47 6.85565
6551.5 42 6.48074
6552.5 40 6.32456
6553.5 39 6.245
6554.5 47 6.85565
6555.5 45 6.7082
6556.5 45 6.7082
6557.5 41 6.40312
6558.5 52 7.2111
6559.5 44 6.63325
6560.5 46 6.78233
6561.5 34 5.83095
6562.5 38 6.16441
6563.5 53 7.28011
6564.5 57 7.54983
6565.5 45 6.7082
6566.5 48 6.9282
6567.5 48 6.9282
6568.5 37 6.08276
6569.5 38 6.16441
6570.5 54 7.34847
6571.5 35 5.91608
6572.5 52 7.2111
6573.5 49 7
6574.5 40 6.32456
6575.5 39 6.245
6576.5 43 6.55744
6577.5 52 7.2111
6578.5 55 7.4162
6579.5 42 6.48074
6580.5 41 6.40312
6581.5 48 6.9282
6582.5 50 7.07107
6583.5 40 6.32456
6584.5 51 7.14143
6585.5 40 6.32456
6586.5 47 6.85565
6587.5 46 6.78233
6588.5 35 5.91608
6589.5 42 6.48074
6590.5 39 6.245
6591.5 51 7.14143
6592.5 48 6.9282
6593.5 42 6.48074
6594.5 45 6.7082
6595.5 54 7.34847
6596.5 61 7.81025
6597.5 45 6.7082
6598.5 43 6.55744
6599.5 49 7
6600.5 48 6.9282
6601.5 47 6.85565
6602.5 50 7.07107
6603.5 27 5.19615
6604.5 43 6.55744
6605.5 52 7.2111
6606.5 45 6.7082
6607.5 50 7.07107
6608.5 36 6
6609.5 51 7.14143
6610.5 48 6.9282
6611.5 48 6.9282
6612.5 51 7.14143
6613.5 51 7.14143
6614.5 50 7.07107
6615.5 44 6.63325
6616.5 44 6.63325
6617.5 57 7.54983
6618.5 38 6.16441
6619.5 35 5.91608
6620.5 52 7.2111
6621.5 47 6.85565
6622.5 38 6.16441
6623.5 50 7.07107
6624.5 45 6.7082
6625.5 57 7.54983
6626.5 37 6.08276
6627.5 43 6.55744
6628.5 57 7.54983
6629.5 45 6.7082
6630.5 36 6
6631.5 44 6.63325
6632.5 44 6.63325
6633.5 40 6.32456
6634.5 44 6.63325
6635.5 33 5.74456
6636.5 46 6.78233
6637.5 55 7.4162
6638.5 49 7
6639.5 49 7
6640.5 57 7.54983
6641.5 47 6.85565
6642.5 41 6.40312
6643.5 48 6.9282
6644.5 60 7.74597
6645.5 39 6.245
6646.5 39 6.245
6647.5 44 6.63325
6648.5 46 6.78233
6649.5 55 7.4162
6650.5 35 5.91608
6651.5 39 6.245
6652.5 56 7.48331
6653.5 46 6.78233
6654.5 50 7.07107
6655.5 47 6.85565
6656.5 40 6.32456
6657.5 58 7.61577
6658.5 49 7
6659.5 61 7.81025
6660.5 52 7.2111
6661.5 49 7
6662.5 36 6
6663.5 40 6.32456
6664.5 47 6.85565
6665.5 51 7.14143
6666.5 43 6.55744
6667.5 44 6.63325
6668.5 47 6.85565
6669.5 44 6.63325
6670.5 38 6.16441
6671.5 43 6.55744
6672.5 40 6.32456
6673.5 54 7.34847
6674.5 43 6.55744
6675.5 42 6.48074
6676.5 40 6.32456
6677.5 45 6.7082
6678.5 43 6.55744
6679.5 61 7.81025
6680.5 51 7.14143
6681.5 44 6.63325
6682.5 45 6.7082
6683.5 61 7.81025
6684.5 34 5.83095
6685.5 39 6.245
6686.5 45 6.7082
6687.5 59 7.68115
6688.5 45 6.7082
6689.5 41 6.40312
6690.5 49 7
6691.5 34 5.83095
6692.5 33 5.74456
6693.5 49 7
6694.5 47 6.85565
6695.5 56 7.48331
6696.5 39 6.245
6697.5 45 6.7082
6698.5 52 7.2111
6699.5 38 6.16441
6700.5 46 6.78233
6701.5 56 7.48331
6702.5 44 6.63325
6703.5 50 7.07107
6704.5 38 6.16441
6705.5 51 7.14143
6706.5 53 7.28011
6707.5 44 6.63325
6708.5 44 6.63325
6709.5 51 7.14143
6710.5 54 7.34847
6711.5 41 6.40312
6712.5 56 7.48331
6713.5 41 6.40312
6714.5 55 7.4162
6715.5 43 6.55744
6716.5 35 5.91608
6717.5 47 6.85565
6718.5 49 7
6719.5 44 6.63325
6720.5 46 6.78233
6721.5 46 6.78233
6722.5 33 5.74456
6723.5 48 6.9282
6724.5 55 7.4162
6725.5 48 6.9282
6726.5 43 6.55744
6727.5 55 7.4162
6728.5 44 6.63325
6729.5 35 5.91608
6730.5 44 6.63325
6731.5 53 7.28011
6732.5 41 6.40312
6733.5 50 7.07107
6734.5 55 7.4162
6735.5 43 6.55744
6736.5 50 7.07107
6737.5 45 6.7082
6738.5 45 6.7082
6739.5 51 7.14143
6740.5 37 6.08276
6741.5 52 7.2111
6742.5 42 6.48074
6743.5 43 6.55744
6744.5 61 7.81025
6745.5 50 7.07107
6746.5 49 7
6747.5 57 7.54983
6748.5 44 6.63325
6749.5 48 6.9282
6750.5 40 6.32456
6751.5 44 6.63325
6752.5 43 6.55744
6753.5 50 7.07107
6754.5 45 6.7082
6755.5 40 6.32456
6756.5 49 7
6757.5 44 6.63325
6758.5 43 6.55744
6759.5 39 6.245
6760.5 47 6.85565
6761.5 45 6.7082
6762.5 42 6.48074
6763.5 36 6
6764.5 48 6.9282
6765.5 54 7.34847
6766.5 53 7.28011
6767.5 54 7.34847
6768.5 42 6.48074
6769.5 40 6.32456
6770.5 55 7.4162
6771.5 42 6.48074
6772.5 52 7.2111
6773.5 46 6.78233
6774.5 43 6.55744
6775.5 35 5.91608
6776.5 31 5.56776
6777.5 44 6.63325
6778.5 49 7
6779.5 38 6.16441
6780.5 50 7.07107
6781.5 48 6.9282
6782.5 44 6.63325
6783.5 50 7.07107
6784.5 44 6.63325
6785.5 40 6.32456
6786.5 43 6.55744
6787.5 44 6.63325
6788.5 47 6.85565
6789.5 48 6.9282
6790.5 39 6.245
6791.5 55 7.4162
6792.5 59 7.68115
6793.5 51 7.14143
6794.5 56 7.48331
6795.5 42 6.48074
6796.5 48 6.9282
6797.5 50 7.07107
6798.5 37 6.08276
6799.5 42 6.48074
6800.5 51 7.14143
6801.5 48 6.9282
6802.5 52 7.2111
6803.5 47 6.85565
6804.5 50 7.07107
6805.5 40 6.32456
6806.5 60 7.74597
6807.5 61 7.81025
6808.5 39 6.245
6809.5 46 6.78233
6810.5 36 6
6811.5 40 6.32456
6812.5 50 7.07107
6813.5 46 6.78233
6814.5 48 6.9282
6815.5 48 6.9282
6816.5 55 7.4162
6817.5 42 6.48074
6818.5 55 7.4162
6819.5 53 7.28011
6820.5 56 7.48331
6821.5 51 7.14143
6822.5 37 6.08276
6823.5 48 6.9282
6824.5 57 7.54983
6825.5 56 7.48331
6826.5 46 6.78233
6827.5 49 7
6828.5 56 7.48331
6829.5 37 6.08276
6830.5 50 7.07107
6831.5 36 6
6832.5 39 6.245
6833.5 50 7.07107
6834.5 41 6.40312
6835.5 35 5.91608
6836.5 58 7.61577
6837.5 42 6.48074
6838.5 55 7.4162
6839.5 46 6.78233
6840.5 53 7.28011
6841.5 39 6.245
6842.5 56 7.48331
6843.5 49 7
6844.5 40 6.32456
6845.5 45 6.7082
6846.5 47 6.85565
6847.5 47 6.85565
6848.5 38 6.16441
6849.5 47 6.85565
6850.5 42 6.48074
6851.5 47 6.85565
6852.5 48 6.9282
6853.5 49 7
6854.5 56 7.48331
6855.5 41 6.40312
6856.5 37 6.08276
6857.5 45 6.7082
6858.5 43 6.55744
6859.5 37 6.08276
6860.5 49 7
6861.5 43 6.55744
6862.5 36 6
6863.5 34 5.83095
6864.5 52 7.2111
6865.5 43 6.55744
6866.5 57 7.54983
6867.5 49 7
6868.5 48 6.9282
6869.5 50 7.07107
6870.5 27 5.19615
6871.5 64 8
6872.5 51 7.14143
6873.5 34 5.83095
6874.5 57 7.54983
6875.5 65 8.06226
6876.5 50 7.07107
6877.5 48 6.9282
6878.5 41 6.40312
6879.5 37 6.08276
6880.5 44 6.63325
6881.5 46 6.78233
6882.5 58 7.61577
6883.5 44 6.63325
6884.5 57 7.54983
6885.5 52 7.2111
6886.5 44 6.63325
6887.5 42 6.48074
6888.5 46 6.78233
6889.5 43 6.55744
6890.5 40 6.32456
6891.5 56 7.48331
6892.5 55 7.4162
6893.5 48 6.9282
6894.5 62 7.87401
6895.5 40 6.32456
6896.5 55 7.4162
6897.5 45 6.7082
6898.5 39 6.245
6899.5 49 7
6900.5 47 6.85565
6901.5 43 6.55744
6902.5 42 6.48074
6903.5 55 7.4162
6904.5 59 7.68115
6905.5 58 7.61577
6906.5 50 7.07107
6907.5 43 6.55744
6908.5 53 7.28011
6909.5 56 7.48331
6910.5 53 7.28011
6911.5 55 7.4162
6912.5 47 6.85565
6913.5 60 7.74597
6914.5 58 7.61577
6915.5 50 7.07107
6916.5 38 6.16441
6917.5 49 7
6918.5 44 6.63325
6919.5 50 7.07107
6920.5 47 6.85565
6921.5 49 7
6922.5 52 7.2111
6923.5 41 6.40312
6924.5 32 5.65685
6925.5 52 7.2111
6926.5 50 7.07107
6927.5 45 6.7082
6928.5 40 6.32456
6929.5 60 7.74597
6930.5 39 6.245
6931.5 44 6.63325
6932.5 59 7.68115
6933.5 54 7.34847
6934.5 40 6.32456
6935.5 41 6.40312
6936.5 52 7.2111
6937.5 44 6.63325
6938.5 50 7.07107
6939.5 57 7.54983
6940.5 41 6.40312
6941.5 52 7.2111
6942.5 48 6.9282
6943.5 53 7.28011
6944.5 53 7.28011
6945.5 53 7.28011
6946.5 46 6.78233
6947.5 45 6.7082
6948.5 54 7.34847
6949.5 53 7.28011
6950.5 51 7.14143
6951.5 45 6.7082
6952.5 50 7.07107
6953.5 55 7.4162
6954.5 48 6.9282
6955.5 35 5.91608
6956.5 44 6.63325
6957.5 56 7.48331
6958.5 43 6.55744
6959.5 50 7.07107
6960.5 58 7.61577
6961.5 41 6.40312
6962.5 52 7.2111
6963.5 48 6.9282
6964.5 57 7.54983
6965.5 51 7.14143
6966.5 54 7.34847
6967.5 37 6.08276
6968.5 64 8
6969.5 44 6.63325
6970.5 57 7.54983
6971.5 56 7.48331
6972.5 51 7.14143
6973.5 34 5.83095
6974.5 44 6.63325
6975.5 48 6.9282
6976.5 44 6.63325
6977.5 54 7.34847
6978.5 51 7.14143
6979.5 47 6.85565
6980.5 48 6.9282
6981.5 47 6.85565
6982.5 47 6.85565
6983.5 50 7.07107
6984.5 49 7
6985.5 44 6.63325
6986.5 45 6.7082
6987.5 44 6.63325
6988.5 40 6.32456
6989.5 50 7.07107
6990.5 43 6.55744
6991.5 42 6.48074
6992.5 60 7.74597
6993.5 43 6.55744
6994.5 51 7.14143
6995.5 50 7.07107
6996.5 53 7.28011
6997.5 56 7.48331
6998.5 41 6.40312
6999.5 41 6.40312
7000.5 44 6.63325
7001.5 52 7.2111
7002.5 46 6.78233
7003.5 53 7.28011
7004.5 45 6.7082
7005.5 52 7.2111
7006.5 47 6.85565
7007.5 47 6.85565
7008.5 47 6.85565
7009.5 60 7.74597
7010.5 47 6.85565
7011.5 49 7
7012.5 47 6.85565
7013.5 49 7
7014.5 49 7
7015.5 48 6.9282
7016.5 40 6.32456
7017.5 58 7.61577
7018.5 45 6.7082
7019.5 43 6.55744
7020.5 50 7.07107
7021.5 37 6.08276
7022.5 46 6.78233
7023.5 37 6.08276
7024.5 49 7
7025.5 43 6.55744
7026.5 46 6.78233
7027.5 47 6.85565
7028.5 50 7.07107
7029.5 50 7.07107
7030.5 40 6.32456
7031.5 46 6.78233
7032.5 43 6.55744
7033.5 48 6.9282
7034.5 56 7.48331
7035.5 44 6.63325
7036.5 49 7
7037.5 46 6.78233
7038.5 44 6.63325
7039.5 56 7.48331
7040.5 42 6.48074
7041.5 54 7.34847
7042.5 44 6.63325
7043.5 48 6.9282
7044.5 46 6.78233
7045.5 47 6.85565
7046.5 41 6.40312
7047.5 54 7.34847
7048.5 57 7.54983
7049.5 48 6.9282
7050.5 54 7.34847
7051.5 54 7.34847
7052.5 46 6.78233
7053.5 48 6.9282
7054.5 54 7.34847
7055.5 53 7.28011
7056.5 49 7
7057.5 34 5.83095
7058.5 39 6.245
7059.5 59 7.68115
7060.5 49 7
7061.5 51 7.14143
7062.5 44 6.63325
7063.5 48 6.9282
7064.5 57 7.54983
7065.5 42 6.48074
7066.5 48 6.9282
7067.5 49 7
7068.5 55 7.4162
7069.5 50 7.07107
7070.5 46 6.78233
7071.5 54 7.34847
7072.5 48 6.9282
7073.5 56 7.48331
7074.5 55 7.4162
7075.5 49 7
7076.5 63 7.93725
7077.5 56 7.48331
7078.5 49 7
7079.5 33 5.74456
7080.5 67 8.18535
7081.5 48 6.9282
7082.5 44 6.63325
7083.5 58 7.61577
7084.5 75 8.66025
7085.5 58 7.61577
7086.5 68 8.24621
7087.5 48 6.9282
7088.5 53 7.28011
7089.5 35 5.91608
7090.5 58 7.61577
7091.5 63 7.93725
7092.5 52 7.2111
7093.5 56 7.48331
7094.5 56 7.48331
7095.5 39 6.245
7096.5 44 6.63325
7097.5 49 7
7098.5 58 7.61577
7099.5 48 6.9282
7100.5 54 7.34847
7101.5 49 7
7102.5 55 7.4162
7103.5 60 7.74597
7104.5 71 8.42615
7105.5 53 7.28011
7106.5 60 7.74597
7107.5 59 7.68115
7108.5 51 7.14143
7109.5 73 8.544
7110.5 50 7.07107
7111.5 53 7.28011
7112.5 50 7.07107
7113.5 71 8.42615
7114.5 58 7.61577
7115.5 59 7.68115
7116.5 65 8.06226
7117.5 55 7.4162
7118.5 48 6.9282
7119.5 66 8.12404
7120.5 55 7.4162
7121.5 63 7.93725
7122.5 76 8.7178
7123.5 46 6.78233
7124.5 54 7.34847
7125.5 71 8.42615
7126.5 54 7.34847
7127.5 51 7.14143
7128.5 56 7.48331
7129.5 65 8.06226
7130.5 62 7.87401
7131.5 42 6.48074
7132.5 70 8.3666
7133.5 46 6.78233
7134.5 66 8.12404
7135.5 63 7.93725
7136.5 62 7.87401
7137.5 78 8.83176
7138.5 62 7.87401
7139.5 76 8.7178
7140.5 67 8.18535
7141.5 69 8.30662
7142.5 67 8.18535
7143.5 70 8.3666
7144.5 68 8.24621
7145.5 74 8.60233
7146.5 77 8.77496
7147.5 86 9.27362
7148.5 73 8.544
7149.5 57 7.54983
7150.5 79 8.88819
7151.5 72 8.48528
7152.5 73 8.544
7153.5 74 8.60233
7154.5 70 8.3666
7155.5 78 8.83176
7156.5 92 9.59166
7157.5 81 9
7158.5 77 8.77496
7159.5 84 9.16515
7160.5 84 9.16515
7161.5 87 9.32738
7162.5 97 9.84886
7163.5 100 10
7164.5 106 10.2956
7165.5 99 9.94987
7166.5 88 9.38083
7167.5 98 9.89949
7168.5 95 9.74679
7169.5 101 10.0499
7170.5 100 10
7171.5 91 9.53939
7172.5 104 10.198
7173.5 112 10.583
7174.5 80 8.94427
7175.5 105 10.247
7176.5 78 8.83176
7177.5 79 8.88819
7178.5 98 9.89949
7179.5 91 9.53939
7180.5 88 9.38083
7181.5 97 9.84886
7182.5 98 9.89949
7183.5 88 9.38083
7184.5 97 9.84886
7185.5 80 8.94427
7186.5 99 9.94987
7187.5 80 8.94427
7188.5 91 9.53939
7189.5 91 9.53939
7190.5 76 8.7178
7191.5 66 8.12404
7192.5 72 8.48528
7193.5 79 8.88819
7194.5 74 8.60233
7195.5 65 8.06226
7196.5 82 9.05539
7197.5 63 7.93725
7198.5 65 8.06226
7199.5 63 7.93725
7200.5 82 9.05539
7201.5 66 8.12404
7202.5 63 7.93725
7203.5 49 7
7204.5 66 8.12404
7205.5 75 8.66025
7206.5 53 7.28011
7207.5 67 8.18535
7208.5 59 7.68115
7209.5 49 7
7210.5 59 7.68115
7211.5 69 8.30662
7212.5 58 7.61577
7213.5 73 8.544
7214.5 58 7.61577
7215.5 56 7.48331
7216.5 56 7.48331
7217.5 46 6.78233
7218.5 71 8.42615
7219.5 45 6.7082
7220.5 59 7.68115
7221.5 45 6.7082
7222.5 58 7.61577
7223.5 50 7.07107
7224.5 64 8
7225.5 53 7.28011
7226.5 56 7.48331
7227.5 54 7.34847
7228.5 63 7.93725
7229.5 59 7.68115
7230.5 58 7.61577
7231.5 54 7.34847
7232.5 56 7.48331
7233.5 54 7.34847
7234.5 57 7.54983
7235.5 45 6.7082
7236.5 49 7
7237.5 54 7.34847
7238.5 58 7.61577
7239.5 58 7.61577
7240.5 60 7.74597
7241.5 52 7.2111
7242.5 47 6.85565
7243.5 57 7.54983
7244.5 44 6.63325
7245.5 46 6.78233
7246.5 34 5.83095
7247.5 57 7.54983
7248.5 47 6.85565
7249.5 52 7.2111
7250.5 62 7.87401
7251.5 45 6.7082
7252.5 50 7.07107
7253.5 60 7.74597
7254.5 49 7
7255.5 48 6.9282
7256.5 38 6.16441
7257.5 67 8.18535
7258.5 53 7.28011
7259.5 58 7.61577
7260.5 45 6.7082
7261.5 55 7.4162
7262.5 45 6.7082
7263.5 57 7.54983
7264.5 48 6.9282
7265.5 59 7.68115
7266.5 48 6.9282
7267.5 51 7.14143
7268.5 58 7.61577
7269.5 40 6.32456
7270.5 45 6.7082
7271.5 43 6.55744
7272.5 48 6.9282
7273.5 53 7.28011
7274.5 41 6.40312
7275.5 46 6.78233
7276.5 44 6.63325
7277.5 53 7.28011
7278.5 55 7.4162
7279.5 51 7.14143
7280.5 45 6.7082
7281.5 58 7.61577
7282.5 54 7.34847
7283.5 50 7.07107
7284.5 41 6.40312
7285.5 49 7
7286.5 43 6.55744
7287.5 49 7
7288.5 52 7.2111
7289.5 45 6.7082
7290.5 47 6.85565
7291.5 61 7.81025
7292.5 50 7.07107
7293.5 59 7.68115
7294.5 50 7.07107
7295.5 55 7.4162
7296.5 50 7.07107
7297.5 49 7
7298.5 53 7.28011
7299.5 58 7.61577
7300.5 50 7.07107
7301.5 46 6.78233
7302.5 49 7
7303.5 49 7
7304.5 69 8.30662
7305.5 48 6.9282
7306.5 54 7.34847
7307.5 61 7.81025
7308.5 40 6.32456
7309.5 54 7.34847
7310.5 46 6.78233
7311.5 47 6.85565
7312.5 41 6.40312
7313.5 41 6.40312
7314.5 44 6.63325
7315.5 53 7.28011
7316.5 50 7.07107
7317.5 51 7.14143
7318.5 41 6.40312
7319.5 38 6.16441
7320.5 54 7.34847
7321.5 52 7.2111
7322.5 48 6.9282
7323.5 60 7.74597
7324.5 49 7
7325.5 41 6.40312
7326.5 44 6.63325
7327.5 57 7.54983
7328.5 49 7
7329.5 58 7.61577
7330.5 45 6.7082
7331.5 38 6.16441
7332.5 45 6.7082
7333.5 49 7
7334.5 50 7.07107
7335.5 45 6.7082
7336.5 45 6.7082
7337.5 44 6.63325
7338.5 57 7.54983
7339.5 49 7
7340.5 55 7.4162
7341.5 61 7.81025
7342.5 49 7
7343.5 59 7.68115
7344.5 35 5.91608
7345.5 38 6.16441
7346.5 49 7
7347.5 49 7
7348.5 44 6.63325
7349.5 49 7
7350.5 56 7.48331
7351.5 53 7.28011
7352.5 46 6.78233
7353.5 44 6.63325
7354.5 44 6.63325
7355.5 46 6.78233
7356.5 37 6.08276
7357.5 50 7.07107
7358.5 47 6.85565
7359.5 49 7
7360.5 54 7.34847
7361.5 46 6.78233
7362.5 59 7.68115
7363.5 51 7.14143
7364.5 48 6.9282
7365.5 59 7.68115
7366.5 52 7.2111
7367.5 34 5.83095
7368.5 47 6.85565
7369.5 53 7.28011
7370.5 56 7.48331
7371.5 42 6.48074
7372.5 44 6.63325
7373.5 36 6
7374.5 37 6.08276
7375.5 49 7
7376.5 50 7.07107
7377.5 38 6.16441
7378.5 50 7.07107
7379.5 55 7.4162
7380.5 54 7.34847
7381.5 50 7.07107
7382.5 37 6.08276
7383.5 71 8.42615
7384.5 47 6.85565
7385.5 43 6.55744
7386.5 59 7.68115
7387.5 70 8.3666
7388.5 38 6.16441
7389.5 57 7.54983
7390.5 46 6.78233
7391.5 43 6.55744
7392.5 40 6.32456
7393.5 42 6.48074
7394.5 58 7.61577
7395.5 44 6.63325
7396.5 40 6.32456
7397.5 45 6.7082
7398.5 44 6.63325
7399.5 46 6.78233
7400.5 58 7.61577
7401.5 54 7.34847
7402.5 61 7.81025
7403.5 45 6.7082
7404.5 53 7.28011
7405.5 46 6.78233
7406.5 40 6.32456
7407.5 48 6.9282
7408.5 41 6.40312
7409.5 43 6.55744
7410.5 35 5.91608
7411.5 51 7.14143
7412.5 40 6.32456
7413.5 54 7.34847
7414.5 50 7.07107
7415.5 54 7.34847
7416.5 46 6.78233
7417.5 47 6.85565
7418.5 47 6.85565
7419.5 52 7.2111
7420.5 33 5.74456
7421.5 54 7.34847
7422.5 53 7.28011
7423.5 43 6.55744
7424.5 40 6.32456
7425.5 48 6.9282
7426.5 58 7.61577
7427.5 41 6.40312
7428.5 43 6.55744
7429.5 44 6.63325
7430.5 55 7.4162
7431.5 54 7.34847
7432.5 39 6.245
7433.5 42 6.48074
7434.5 63 7.93725
7435.5 54 7.34847
7436.5 45 6.7082
7437.5 45 6.7082
7438.5 51 7.14143
7439.5 45 6.7082
7440.5 51 7.14143
7441.5 45 6.7082
7442.5 52 7.2111
7443.5 55 7.4162
7444.5 47 6.85565
7445.5 45 6.7082
7446.5 37 6.08276
7447.5 61 7.81025
7448.5 49 7
7449.5 55 7.4162
7450.5 61 7.81025
7451.5 53 7.28011
7452.5 44 6.63325
7453.5 42 6.48074
7454.5 60 7.74597
7455.5 46 6.78233
7456.5 46 6.78233
7457.5 54 7.34847
7458.5 57 7.54983
7459.5 43 6.55744
7460.5 45 6.7082
7461.5 55 7.4162
7462.5 49 7
7463.5 48 6.9282
7464.5 49 7
7465.5 44 6.63325
7466.5 52 7.2111
7467.5 59 7.68115
7468.5 60 7.74597
7469.5 48 6.9282
7470.5 47 6.85565
7471.5 41 6.40312
7472.5 50 7.07107
7473.5 61 7.81025
7474.5 38 6.16441
7475.5 50 7.07107
7476.5 44 6.63325
7477.5 48 6.9282
7478.5 42 6.48074
7479.5 39 6.245
7480.5 44 6.63325
7481.5 41 6.40312
7482.5 33 5.74456
7483.5 56 7.48331
7484.5 60 7.74597
7485.5 40 6.32456
7486.5 59 7.68115
7487.5 60 7.74597
7488.5 43 6.55744
7489.5 50 7.07107
7490.5 51 7.14143
7491.5 36 6
7492.5 55 7.4162
7493.5 52 7.2111
7494.5 58 7.61577
7495.5 56 7.48331
7496.5 64 8
7497.5 56 7.48331
7498.5 50 7.07107
7499.5 44 6.63325
7500.5 52 7.2111
7501.5 43 6.55744
7502.5 48 6.9282
7503.5 40 6.32456
7504.5 54 7.34847
7505.5 35 5.91608
7506.5 46 6.78233
7507.5 50 7.07107
7508.5 52 7.2111
7509.5 56 7.48331
7510.5 37 6.08276
7511.5 51 7.14143
7512.5 56 7.48331
7513.5 48 6.9282
7514.5 47 6.85565
7515.5 51 7.14143
7516.5 47 6.85565
7517.5 40 6.32456
7518.5 43 6.55744
7519.5 43 6.55744
7520.5 66 8.12404
7521.5 56 7.48331
7522.5 37 6.08276
7523.5 55 7.4162
7524.5 46 6.78233
7525.5 47 6.85565
7526.5 47 6.85565
7527.5 49 7
7528.5 52 7.2111
7529.5 49 7
7530.5 48 6.9282
7531.5 51 7.14143
7532.5 50 7.07107
7533.5 59 7.68115
7534.5 57 7.54983
7535.5 56 7.48331
7536.5 47 6.85565
7537.5 52 7.2111
7538.5 60 7.74597
7539.5 60 7.74597
7540.5 49 7
7541.5 51 7.14143
7542.5 55 7.4162
7543.5 50 7.07107
7544.5 45 6.7082
7545.5 44 6.63325
7546.5 59 7.68115
7547.5 55 7.4162
7548.5 62 7.87401
7549.5 62 7.87401
7550.5 54 7.34847
7551.5 54 7.34847
7552.5 40 6.32456
7553.5 40 6.32456
7554.5 61 7.81025
7555.5 42 6.48074
7556.5 55 7.4162
7557.5 46 6.78233
7558.5 54 7.34847
7559.5 50 7.07107
7560.5 45 6.7082
7561.5 44 6.63325
7562.5 47 6.85565
7563.5 61 7.81025
7564.5 41 6.40312
7565.5 53 7.28011
7566.5 49 7
7567.5 52 7.2111
7568.5 42 6.48074
7569.5 54 7.34847
7570.5 50 7.07107
7571.5 52 7.2111
7572.5 53 7.28011
7573.5 45 6.7082
7574.5 51 7.14143
7575.5 51 7.14143
7576.5 38 6.16441
7577.5 47 6.85565
7578.5 49 7
7579.5 44 6.63325
7580.5 49 7
7581.5 43 6.55744
7582.5 59 7.68115
7583.5 62 7.87401
7584.5 58 7.61577
7585.5 49 7
7586.5 45 6.7082
7587.5 51 7.14143
7588.5 47 6.85565
7589.5 45 6.7082
7590.5 46 6.78233
7591.5 60 7.74597
7592.5 48 6.9282
7593.5 54 7.34847
7594.5 50 7.07107
7595.5 45 6.7082
7596.5 63 7.93725
7597.5 51 7.14143
7598.5 50 7.07107
7599.5 51 7.14143
7600.5 61 7.81025
7601.5 44 6.63325
7602.5 41 6.40312
7603.5 49 7
7604.5 51 7.14143
7605.5 58 7.61577
7606.5 49 7
7607.5 48 6.9282
7608.5 48 6.9282
7609.5 48 6.9282
7610.5 39 6.245
7611.5 48 6.9282
7612.5 60 7.74597
7613.5 42 6.48074
7614.5 53 7.28011
7615.5 51 7.14143
7616.5 53 7.28011
7617.5 57 7.54983
7618.5 63 7.93725
7619.5 46 6.78233
7620.5 40 6.32456
7621.5 50 7.07107
7622.5 49 7
7623.5 47 6.85565
7624.5 60 7.74597
7625.5 59 7.68115
7626.5 48 6.9282
7627.5 37 6.08276
7628.5 56 7.48331
7629.5 71 8.42615
7630.5 61 7.81025
7631.5 64 8
7632.5 50 7.07107
7633.5 50 7.07107
7634.5 50 7.07107
7635.5 51 7.14143
7636.5 44 6.63325
7637.5 40 6.32456
7638.5 59 7.68115
7639.5 50 7.07107
7640.5 52 7.2111
7641.5 59 7.68115
7642.5 46 6.78233
7643.5 48 6.9282
7644.5 54 7.34847
7645.5 33 5.74456
7646.5 53 7.28011
7647.5 51 7.14143
7648.5 48 6.9282
7649.5 42 6.48074
7650.5 54 7.34847
7651.5 47 6.85565
7652.5 45 6.7082
7653.5 50 7.07107
7654.5 41 6.40312
7655.5 48 6.9282
7656.5 45 6.7082
7657.5 43 6.55744
7658.5 62 7.87401
7659.5 47 6.85565
7660.5 30 5.47723
7661.5 54 7.34847
7662.5 57 7.54983
7663.5 58 7.61577
7664.5 50 7.07107
7665.5 47 6.85565
7666.5 54 7.34847
7667.5 54 7.34847
7668.5 52 7.2111
7669.5 53 7.28011
7670.5 50 7.07107
7671.5 36 6
7672.5 55 7.4162
7673.5 51 7.14143
7674.5 40 6.32456
7675.5 47 6.85565
7676.5 58 7.61577
7677.5 43 6.55744
7678.5 41 6.40312
7679.5 56 7.48331
7680.5 57 7.54983
7681.5 51 7.14143
7682.5 66 8.12404
7683.5 57 7.54983
7684.5 43 6.55744
7685.5 45 6.7082
7686.5 61 7.81025
7687.5 46 6.78233
7688.5 69 8.30662
7689.5 59 7.68115
7690.5 41 6.40312
7691.5 57 7.54983
7692.5 53 7.28011
7693.5 59 7.68115
7694.5 46 6.78233
7695.5 46 6.78233
7696.5 45 6.7082
7697.5 51 7.14143
7698.5 61 7.81025
7699.5 52 7.2111
7700.5 41 6.40312
7701.5 54 7.34847
7702.5 62 7.87401
7703.5 42 6.48074
7704.5 50 7.07107
7705.5 48 6.9282
7706.5 48 6.9282
7707.5 43 6.55744
7708.5 51 7.14143
7709.5 47 6.85565
7710.5 53 7.28011
7711.5 46 6.78233
7712.5 47 6.85565
7713.5 55 7.4162
7714.5 50 7.07107
7715.5 45 6.7082
7716.5 45 6.7082
7717.5 53 7.28011
7718.5 48 6.9282
7719.5 54 7.34847
7720.5 46 6.78233
7721.5 49 7
7722.5 56 7.48331
7723.5 59 7.68115
7724.5 40 6.32456
7725.5 42 6.48074
7726.5 59 7.68115
7727.5 46 6.78233
7728.5 49 7
7729.5 56 7.48331
7730.5 48 6.9282
7731.5 56 7.48331
7732.5 51 7.14143
7733.5 66 8.12404
7734.5 53 7.28011
7735.5 51 7.14143
7736.5 47 6.85565
7737.5 59 7.68115
7738.5 42 6.48074
7739.5 40 6.32456
7740.5 59 7.68115
7741.5 51 7.14143
7742.5 45 6.7082
7743.5 61 7.81025
7744.5 50 7.07107
7745.5 53 7.28011
7746.5 46 6.78233
7747.5 52 7.2111
7748.5 48 6.9282
7749.5 46 6.78233
7750.5 57 7.54983
7751.5 51 7.14143
7752.5 61 7.81025
7753.5 61 7.81025
7754.5 51 7.14143
7755.5 60 7.74597
7756.5 54 7.34847
7757.5 54 7.34847
7758.5 43 6.55744
7759.5 49 7
7760.5 55 7.4162
7761.5 54 7.34847
7762.5 56 7.48331
7763.5 63 7.93725
7764.5 55 7.4162
7765.5 59 7.68115
7766.5 52 7.2111
7767.5 48 6.9282
7768.5 56 7.48331
7769.5 53 7.28011
7770.5 52 7.2111
7771.5 55 7.4162
7772.5 53 7.28011
7773.5 41 6.40312
7774.5 60 7.74597
7775.5 49 7
7776.5 46 6.78233
7777.5 59 7.68115
7778.5 45 6.7082
7779.5 63 7.93725
7780.5 44 6.63325
7781.5 58 7.61577
7782.5 54 7.34847
7783.5 56 7.48331
7784.5 52 7.2111
7785.5 46 6.78233
7786.5 64 8
7787.5 50 7.07107
7788.5 37 6.08276
7789.5 50 7.07107
7790.5 48 6.9282
7791.5 47 6.85565
7792.5 47 6.85565
7793.5 40 6.32456
7794.5 45 6.7082
7795.5 54 7.34847
7796.5 54 7.34847
7797.5 53 7.28011
7798.5 41 6.40312
7799.5 47 6.85565
7800.5 42 6.48074
7801.5 51 7.14143
7802.5 45 6.7082
7803.5 55 7.4162
7804.5 55 7.4162
7805.5 66 8.12404
7806.5 58 7.61577
7807.5 41 6.40312
7808.5 53 7.28011
7809.5 54 7.34847
7810.5 56 7.48331
7811.5 47 6.85565
7812.5 53 7.28011
7813.5 51 7.14143
7814.5 39 6.245
7815.5 44 6.63325
7816.5 50 7.07107
7817.5 49 7
7818.5 42 6.48074
7819.5 52 7.2111
7820.5 48 6.9282
7821.5 44 6.63325
7822.5 51 7.14143
7823.5 59 7.68115
7824.5 63 7.93725
7825.5 54 7.34847
7826.5 52 7.2111
7827.5 49 7
7828.5 60 7.74597
7829.5 50 7.07107
7830.5 64 8
7831.5 47 6.85565
7832.5 50 7.07107
7833.5 53 7.28011
7834.5 55 7.4162
7835.5 53 7.28011
7836.5 62 7.87401
7837.5 51 7.14143
7838.5 51 7.14143
7839.5 52 7.2111
7840.5 39 6.245
7841.5 50 7.07107
7842.5 50 7.07107
7843.5 66 8.12404
7844.5 46 6.78233
7845.5 64 8
7846.5 49 7
7847.5 68 8.24621
7848.5 49 7
7849.5 54 7.34847
7850.5 58 7.61577
7851.5 51 7.14143
7852.5 54 7.34847
7853.5 58 7.61577
7854.5 61 7.81025
7855.5 55 7.4162
7856.5 62 7.87401
7857.5 62 7.87401
7858.5 63 7.93725
7859.5 47 6.85565
7860.5 54 7.34847
7861.5 53 7.28011
7862.5 49 7
7863.5 46 6.78233
7864.5 40 6.32456
7865.5 55 7.4162
7866.5 50 7.07107
7867.5 52 7.2111
7868.5 58 7.61577
7869.5 53 7.28011
7870.5 48 6.9282
7871.5 49 7
7872.5 49 7
7873.5 49 7
7874.5 60 7.74597
7875.5 49 7
7876.5 64 8
7877.5 63 7.93725
7878.5 48 6.9282
7879.5 44 6.63325
7880.5 42 6.48074
7881.5 42 6.48074
7882.5 55 7.4162
7883.5 62 7.87401
7884.5 59 7.68115
7885.5 45 6.7082
7886.5 44 6.63325
7887.5 52 7.2111
7888.5 57 7.54983
7889.5 58 7.61577
7890.5 64 8
7891.5 56 7.48331
7892.5 54 7.34847
7893.5 60 7.74597
7894.5 54 7.34847
7895.5 50 7.07107
7896.5 55 7.4162
7897.5 50 7.07107
7898.5 51 7.14143
7899.5 51 7.14143
7900.5 64 8
7901.5 53 7.28011
7902.5 49 7
7903.5 55 7.4162
7904.5 45 6.7082
7905.5 46 6.78233
7906.5 56 7.48331
7907.5 62 7.87401
7908.5 35 5.91608
7909.5 52 7.2111
7910.5 64 8
7911.5 46 6.78233
7912.5 48 6.9282
7913.5 46 6.78233
7914.5 54 7.34847
7915.5 58 7.61577
7916.5 51 7.14143
7917.5 50 7.07107
7918.5 56 7.48331
7919.5 54 7.34847
7920.5 41 6.40312
7921.5 42 6.48074
7922.5 50 7.07107
7923.5 60 7.74597
7924.5 43 6.55744
7925.5 48 6.9282
7926.5 54 7.34847
7927.5 67 8.18535
7928.5 54 7.34847
7929.5 45 6.7082
7930.5 51 7.14143
7931.5 38 6.16441
7932.5 53 7.28011
7933.5 45 6.7082
7934.5 68 8.24621
7935.5 46 6.78233
7936.5 58 7.61577
7937.5 51 7.14143
7938.5 50 7.07107
7939.5 51 7.14143
7940.5 69 8.30662
7941.5 45 6.7082
7942.5 51 7.14143
7943.5 47 6.85565
7944.5 58 7.61577
7945.5 41 6.40312
7946.5 45 6.7082
7947.5 47 6.85565
7948.5 53 7.28011
7949.5 53 7.28011
7950.5 48 6.9282
7951.5 50 7.07107
7952.5 49 7
7953.5 46 6.78233
7954.5 62 7.87401
7955.5 52 7.2111
7956.5 57 7.54983
7957.5 47 6.85565
7958.5 48 6.9282
7959.5 49 7
7960.5 71 8.42615
7961.5 49 7
7962.5 43 6.55744
7963.5 53 7.28011
7964.5 58 7.61577
7965.5 48 6.9282
7966.5 49 7
7967.5 63 7.93725
7968.5 41 6.40312
7969.5 57 7.54983
7970.5 43 6.55744
7971.5 48 6.9282
7972.5 54 7.34847
7973.5 60 7.74597
7974.5 52 7.2111
7975.5 51 7.14143
7976.5 61 7.81025
7977.5 45 6.7082
7978.5 55 7.4162
7979.5 52 7.2111
7980.5 42 6.48074
7981.5 48 6.9282
7982.5 39 6.245
7983.5 45 6.7082
7984.5 57 7.54983
7985.5 46 6.78233
7986.5 50 7.07107
7987.5 49 7
7988.5 54 7.34847
7989.5 52 7.2111
7990.5 45 6.7082
7991.5 55 7.4162
7992.5 45 6.7082
7993.5 49 7
7994.5 57 7.54983
7995.5 47 6.85565
7996.5 47 6.85565
7997.5 56 7.48331
7998.5 55 7.4162
7999.5 47 6.85565
8000.5 42 6.48074
8001.5 45 6.7082
8002.5 65 8.06226
8003.5 42 6.48074
8004.5 44 6.63325
8005.5 57 7.54983
8006.5 51 7.14143
8007.5 50 7.07107
8008.5 58 7.61577
8009.5 48 6.9282
8010.5 49 7
8011.5 54 7.34847
8012.5 59 7.68115
8013.5 61 7.81025
8014.5 43 6.55744
8015.5 60 7.74597
8016.5 49 7
8017.5 51 7.14143
8018.5 56 7.48331
8019.5 56 7.48331
8020.5 53 7.28011
8021.5 48 6.9282
8022.5 52 7.2111
8023.5 40 6.32456
8024.5 51 7.14143
8025.5 44 6.63325
8026.5 48 6.9282
8027.5 56 7.48331
8028.5 49 7
8029.5 55 7.4162
8030.5 45 6.7082
8031.5 51 7.14143
8032.5 46 6.78233
8033.5 51 7.14143
8034.5 66 8.12404
8035.5 46 6.78233
8036.5 55 7.4162
8037.5 41 6.40312
8038.5 60 7.74597
8039.5 66 8.12404
8040.5 56 7.48331
8041.5 60 7.74597
8042.5 57 7.54983
8043.5 52 7.2111
8044.5 63 7.93725
8045.5 36 6
8046.5 47 6.85565
8047.5 47 6.85565
8048.5 44 6.63325
8049.5 52 7.2111
8050.5 47 6.85565
8051.5 63 7.93725
8052.5 49 7
8053.5 61 7.81025
8054.5 61 7.81025
8055.5 72 8.48528
8056.5 63 7.93725
8057.5 46 6.78233
8058.5 43 6.55744
8059.5 56 7.48331
8060.5 54 7.34847
8061.5 41 6.40312
8062.5 49 7
8063.5 48 6.9282
8064.5 61 7.81025
8065.5 81 9
8066.5 45 6.7082
8067.5 63 7.93725
8068.5 48 6.9282
8069.5 48 6.9282
8070.5 66 8.12404
8071.5 59 7.68115
8072.5 65 8.06226
8073.5 40 6.32456
8074.5 52 7.2111
8075.5 53 7.28011
8076.5 76 8.7178
8077.5 63 7.93725
8078.5 45 6.7082
8079.5 50 7.07107
8080.5 59 7.68115
8081.5 54 7.34847
8082.5 54 7.34847
8083.5 49 7
8084.5 51 7.14143
8085.5 60 7.74597
8086.5 54 7.34847
8087.5 54 7.34847
8088.5 64 8
8089.5 60 7.74597
8090.5 47 6.85565
8091.5 54 7.34847
8092.5 53 7.28011
8093.5 48 6.9282
8094.5 55 7.4162
8095.5 53 7.28011
8096.5 58 7.61577
8097.5 55 7.4162
8098.5 54 7.34847
8099.5 52 7.2111
8100.5 54 7.34847
8101.5 37 6.08276
8102.5 52 7.2111
8103.5 56 7.48331
8104.5 48 6.9282
8105.5 42 6.48074
8106.5 47 6.85565
8107.5 49 7
8108.5 53 7.28011
8109.5 66 8.12404
8110.5 53 7.28011
8111.5 51 7.14143
8112.5 43 6.55744
8113.5 57 7.54983
8114.5 65 8.06226
8115.5 39 6.245
8116.5 60 7.74597
8117.5 72 8.48528
8118.5 39 6.245
8119.5 49 7
8120.5 50 7.07107
8121.5 50 7.07107
8122.5 55 7.4162
8123.5 62 7.87401
8124.5 52 7.2111
8125.5 61 7.81025
8126.5 49 7
8127.5 42 6.48074
8128.5 56 7.48331
8129.5 59 7.68115
8130.5 57 7.54983
8131.5 54 7.34847
8132.5 46 6.78233
8133.5 54 7.34847
8134.5 52 7.2111
8135.5 51 7.14143
8136.5 44 6.63325
8137.5 62 7.87401
8138.5 59 7.68115
8139.5 53 7.28011
8140.5 53 7.28011
8141.5 55 7.4162
8142.5 62 7.87401
8143.5 55 7.4162
8144.5 52 7.2111
8145.5 56 7.48331
8146.5 60 7.74597
8147.5 49 7
8148.5 51 7.14143
8149.5 57 7.54983
8150.5 50 7.07107
8151.5 49 7
8152.5 47 6.85565
8153.5 57 7.54983
8154.5 55 7.4162
8155.5 68 8.24621
8156.5 46 6.78233
8157.5 51 7.14143
8158.5 59 7.68115
8159.5 50 7.07107
8160.5 56 7.48331
8161.5 47 6.85565
8162.5 51 7.14143
8163.5 48 6.9282
8164.5 54 7.34847
8165.5 62 7.87401
8166.5 63 7.93725
8167.5 58 7.61577
8168.5 57 7.54983
8169.5 58 7.61577
8170.5 54 7.34847
8171.5 69 8.30662
8172.5 50 7.07107
8173.5 66 8.12404
8174.5 39 6.245
8175.5 58 7.61577
8176.5 46 6.78233
8177.5 52 7.2111
8178.5 60 7.74597
8179.5 56 7.48331
8180.5 55 7.4162
8181.5 54 7.34847
8182.5 56 7.48331
8183.5 55 7.4162
8184.5 57 7.54983
8185.5 54 7.34847
8186.5 61 7.81025
8187.5 47 6.85565
8188.5 68 8.24621
8189.5 40 6.32456
8190.5 62 7.87401
8191.5 49 7
8192.5 55 7.4162
8193.5 54 7.34847
8194.5 55 7.4162
8195.5 59 7.68115
8196.5 53 7.28011
8197.5 52 7.2111
8198.5 62 7.87401
8199.5 68 8.24621
8200.5 56 7.48331
8201.5 54 7.34847
8202.5 50 7.07107
8203.5 69 8.30662
8204.5 56 7.48331
8205.5 50 7.07107
8206.5 60 7.74597
8207.5 52 7.2111
8208.5 56 7.48331
8209.5 69 8.30662
8210.5 58 7.61577
8211.5 58 7.61577
8212.5 53 7.28011
8213.5 53 7.28011
8214.5 53 7.28011
8215.5 40 6.32456
8216.5 48 6.9282
8217.5 64 8
8218.5 70 8.3666
8219.5 50 7.07107
8220.5 69 8.30662
8221.5 46 6.78233
8222.5 47 6.85565
8223.5 53 7.28011
8224.5 57 7.54983
8225.5 49 7
8226.5 51 7.14143
8227.5 49 7
8228.5 51 7.14143
8229.5 61 7.81025
8230.5 54 7.34847
8231.5 52 7.2111
8232.5 65 8.06226
8233.5 71 8.42615
8234.5 52 7.2111
8235.5 60 7.74597
8236.5 49 7
8237.5 51 7.14143
8238.5 56 7.48331
8239.5 67 8.18535
8240.5 80 8.94427
8241.5 70 8.3666
8242.5 70 8.3666
8243.5 63 7.93725
8244.5 65 8.06226
8245.5 70 8.3666
8246.5 63 7.93725
8247.5 57 7.54983
8248.5 61 7.81025
8249.5 60 7.74597
8250.5 62 7.87401
8251.5 78 8.83176
8252.5 54 7.34847
8253.5 77 8.77496
8254.5 77 8.77496
8255.5 72 8.48528
8256.5 63 7.93725
8257.5 79 8.88819
8258.5 80 8.94427
8259.5 71 8.42615
8260.5 65 8.06226
8261.5 65 8.06226
8262.5 75 8.66025
8263.5 71 8.42615
8264.5 73 8.544
8265.5 78 8.83176
8266.5 65 8.06226
8267.5 70 8.3666
8268.5 79 8.88819
8269.5 77 8.77496
8270.5 78 8.83176
8271.5 64 8
8272.5 79 8.88819
8273.5 87 9.32738
8274.5 81 9
8275.5 85 9.21954
8276.5 66 8.12404
8277.5 70 8.3666
8278.5 74 8.60233
8279.5 78 8.83176
8280.5 79 8.88819
8281.5 78 8.83176
8282.5 86 9.27362
8283.5 103 10.1489
8284.5 99 9.94987
8285.5 95 9.74679
8286.5 102 10.0995
8287.5 98 9.89949
8288.5 89 9.43398
8289.5 96 9.79796
8290.5 110 10.4881
8291.5 96 9.79796
8292.5 108 10.3923
8293.5 103 10.1489
8294.5 95 9.74679
8295.5 98 9.89949
8296.5 95 9.74679
8297.5 82 9.05539
8298.5 82 9.05539
8299.5 116 10.7703
8300.5 116 10.7703
8301.5 100 10
8302.5 104 10.198
8303.5 115 10.7238
8304.5 98 9.89949
8305.5 116 10.7703
8306.5 106 10.2956
8307.5 103 10.1489
8308.5 91 9.53939
8309.5 111 10.5357
8310.5 101 10.0499
8311.5 94 9.69536
8312.5 122 11.0454
8313.5 94 9.69536
8314.5 83 9.11043
8315.5 94 9.69536
8316.5 104 10.198
8317.5 102 10.0995
8318.5 96 9.79796
8319.5 101 10.0499
8320.5 101 10.0499
8321.5 94 9.69536
8322.5 88 9.38083
8323.5 89 9.43398
8324.5 86 9.27362
8325.5 95 9.74679
8326.5 78 8.83176
8327.5 93 9.64365
8328.5 75 8.66025
8329.5 85 9.21954
8330.5 68 8.24621
8331.5 70 8.3666
8332.5 81 9
8333.5 62 7.87401
8334.5 76 8.7178
8335.5 83 9.11043
8336.5 78 8.83176
8337.5 70 8.3666
8338.5 81 9
8339.5 71 8.42615
8340.5 80 8.94427
8341.5 89 9.43398
8342.5 76 8.7178
8343.5 83 9.11043
8344.5 78 8.83176
8345.5 66 8.12404
8346.5 74 8.60233
8347.5 71 8.42615
8348.5 61 7.81025
8349.5 68 8.24621
8350.5 69 8.30662
8351.5 73 8.544
8352.5 71 8.42615
8353.5 73 8.544
8354.5 66 8.12404
8355.5 61 7.81025
8356.5 70 8.3666
8357.5 58 7.61577
8358.5 70 8.3666
8359.5 67 8.18535
8360.5 69 8.30662
8361.5 63 7.93725
8362.5 75 8.66025
8363.5 60 7.74597
8364.5 68 8.24621
8365.5 72 8.48528
8366.5 71 8.42615
8367.5 69 8.30662
8368.5 57 7.54983
8369.5 62 7.87401
8370.5 53 7.28011
8371.5 78 8.83176
8372.5 60 7.74597
8373.5 58 7.61577
8374.5 59 7.68115
8375.5 89 9.43398
8376.5 77 8.77496
8377.5 57 7.54983
8378.5 61 7.81025
8379.5 58 7.61577
8380.5 64 8
8381.5 70 8.3666
8382.5 47 6.85565
8383.5 67 8.18535
8384.5 54 7.34847
8385.5 66 8.12404
8386.5 53 7.28011
8387.5 59 7.68115
8388.5 59 7.68115
8389.5 59 7.68115
8390.5 44 6.63325
8391.5 53 7.28011
8392.5 63 7.93725
8393.5 59 7.68115
8394.5 68 8.24621
8395.5 55 7.4162
8396.5 74 8.60233
8397.5 57 7.54983
8398.5 58 7.61577
8399.5 63 7.93725
8400.5 59 7.68115
8401.5 70 8.3666
8402.5 59 7.68115
8403.5 61 7.81025
8404.5 73 8.544
8405.5 58 7.61577
8406.5 63 7.93725
8407.5 59 7.68115
8408.5 66 8.12404
8409.5 44 6.63325
8410.5 72 8.48528
8411.5 62 7.87401
8412.5 56 7.48331
8413.5 55 7.4162
8414.5 57 7.54983
8415.5 67 8.18535
8416.5 58 7.61577
8417.5 56 7.48331
8418.5 61 7.81025
8419.5 52 7.2111
8420.5 81 9
8421.5 68 8.24621
8422.5 52 7.2111
8423.5 56 7.48331
8424.5 70 8.3666
8425.5 64 8
8426.5 69 8.30662
8427.5 62 7.87401
8428.5 53 7.28011
8429.5 52 7.2111
8430.5 61 7.81025
8431.5 61 7.81025
8432.5 56 7.48331
8433.5 50 7.07107
8434.5 52 7.2111
8435.5 58 7.61577
8436.5 62 7.87401
8437.5 80 8.94427
8438.5 50 7.07107
8439.5 61 7.81025
8440.5 53 7.28011
8441.5 50 7.07107
8442.5 58 7.61577
8443.5 55 7.4162
8444.5 69 8.30662
8445.5 59 7.68115
8446.5 60 7.74597
8447.5 55 7.4162
8448.5 62 7.87401
8449.5 66 8.12404
8450.5 47 6.85565
8451.5 74 8.60233
8452.5 60 7.74597
8453.5 68 8.24621
8454.5 60 7.74597
8455.5 53 7.28011
8456.5 46 6.78233
8457.5 62 7.87401
8458.5 65 8.06226
8459.5 57 7.54983
8460.5 61 7.81025
8461.5 61 7.81025
8462.5 65 8.06226
8463.5 49 7
8464.5 53 7.28011
8465.5 62 7.87401
8466.5 48 6.9282
8467.5 66 8.12404
8468.5 60 7.74597
8469.5 54 7.34847
8470.5 72 8.48528
8471.5 61 7.81025
8472.5 61 7.81025
8473.5 60 7.74597
8474.5 62 7.87401
8475.5 54 7.34847
8476.5 53 7.28011
8477.5 67 8.18535
8478.5 58 7.61577
8479.5 78 8.83176
8480.5 72 8.48528
8481.5 58 7.61577
8482.5 43 6.55744
8483.5 58 7.61577
8484.5 66 8.12404
8485.5 62 7.87401
8486.5 63 7.93725
8487.5 54 7.34847
8488.5 54 7.34847
8489.5 47 6.85565
8490.5 69 8.30662
8491.5 63 7.93725
8492.5 55 7.4162
8493.5 55 7.4162
8494.5 66 8.12404
8495.5 64 8
8496.5 64 8
8497.5 69 8.30662
8498.5 52 7.2111
8499.5 61 7.81025
8500.5 59 7.68115
8501.5 54 7.34847
8502.5 58 7.61577
8503.5 69 8.30662
8504.5 57 7.54983
8505.5 67 8.18535
8506.5 52 7.2111
8507.5 61 7.81025
8508.5 63 7.93725
8509.5 45 6.7082
8510.5 61 7.81025
8511.5 62 7.87401
8512.5 68 8.24621
8513.5 40 6.32456
8514.5 62 7.87401
8515.5 66 8.12404
8516.5 46 6.78233
8517.5 62 7.87401
8518.5 57 7.54983
8519.5 52 7.2111
8520.5 67 8.18535
8521.5 66 8.12404
8522.5 60 7.74597
8523.5 63 7.93725
8524.5 67 8.18535
8525.5 66 8.12404
8526.5 74 8.60233
8527.5 60 7.74597
8528.5 61 7.81025
8529.5 63 7.93725
8530.5 65 8.06226
8531.5 62 7.87401
8532.5 72 8.48528
8533.5 65 8.06226
8534.5 64 8
8535.5 65 8.06226
8536.5 77 8.77496
8537.5 57 7.54983
8538.5 58 7.61577
8539.5 42 6.48074
8540.5 64 8
8541.5 60 7.74597
8542.5 56 7.48331
8543.5 67 8.18535
8544.5 61 7.81025
8545.5 73 8.544
8546.5 62 7.87401
8547.5 47 6.85565
8548.5 71 8.42615
8549.5 61 7.81025
8550.5 78 8.83176
8551.5 52 7.2111
8552.5 67 8.18535
8553.5 56 7.48331
8554.5 50 7.07107
8555.5 71 8.42615
8556.5 75 8.66025
8557.5 58 7.61577
8558.5 68 8.24621
8559.5 74 8.60233
8560.5 57 7.54983
8561.5 53 7.28011
8562.5 52 7.2111
8563.5 56 7.48331
8564.5 72 8.48528
8565.5 54 7.34847
8566.5 55 7.4162
8567.5 58 7.61577
8568.5 77 8.77496
8569.5 72 8.48528
8570.5 68 8.24621
8571.5 55 7.4162
8572.5 57 7.54983
8573.5 69 8.30662
8574.5 64 8
8575.5 59 7.68115
8576.5 59 7.68115
8577.5 62 7.87401
8578.5 61 7.81025
8579.5 70 8.3666
8580.5 77 8.77496
8581.5 74 8.60233
8582.5 70 8.3666
8583.5 66 8.12404
8584.5 57 7.54983
8585.5 50 7.07107
8586.5 61 7.81025
8587.5 66 8.12404
8588.5 61 7.81025
8589.5 68 8.24621
8590.5 63 7.93725
8591.5 73 8.544
8592.5 72 8.48528
8593.5 65 8.06226
8594.5 65 8.06226
8595.5 67 8.18535
8596.5 62 7.87401
8597.5 71 8.42615
8598.5 72 8.48528
8599.5 66 8.12404
8600.5 62 7.87401
8601.5 65 8.06226
8602.5 69 8.30662
8603.5 68 8.24621
8604.5 64 8
8605.5 66 8.12404
8606.5 69 8.30662
8607.5 66 8.12404
8608.5 77 8.77496
8609.5 69 8.30662
8610.5 63 7.93725
8611.5 74 8.60233
8612.5 66 8.12404
8613.5 61 7.81025
8614.5 82 9.05539
8615.5 76 8.7178
8616.5 68 8.24621
8617.5 60 7.74597
8618.5 62 7.87401
8619.5 66 8.12404
8620.5 84 9.16515
8621.5 68 8.24621
8622.5 62 7.87401
8623.5 57 7.54983
8624.5 66 8.12404
8625.5 77 8.77496
8626.5 64 8
8627.5 61 7.81025
8628.5 54 7.34847
8629.5 71 8.42615
8630.5 89 9.43398
8631.5 61 7.81025
8632.5 66 8.12404
8633.5 52 7.2111
8634.5 67 8.18535
8635.5 65 8.06226
8636.5 61 7.81025
8637.5 67 8.18535
8638.5 75 8.66025
8639.5 65 8.06226
8640.5 56 7.48331
8641.5 80 8.94427
8642.5 65 8.06226
8643.5 47 6.85565
8644.5 67 8.18535
8645.5 69 8.30662
8646.5 54 7.34847
8647.5 59 7.68115
8648.5 51 7.14143
8649.5 64 8
8650.5 67 8.18535
8651.5 58 7.61577
8652.5 70 8.3666
8653.5 64 8
8654.5 54 7.34847
8655.5 76 8.7178
8656.5 72 8.48528
8657.5 71 8.42615
8658.5 62 7.87401
8659.5 41 6.40312
8660.5 52 7.2111
8661.5 44 6.63325
8662.5 63 7.93725
8663.5 53 7.28011
8664.5 70 8.3666
8665.5 48 6.9282
8666.5 76 8.7178
8667.5 53 7.28011
8668.5 66 8.12404
8669.5 63 7.93725
8670.5 61 7.81025
8671.5 68 8.24621
8672.5 58 7.61577
8673.5 80 8.94427
8674.5 76 8.7178
8675.5 79 8.88819
8676.5 73 8.544
8677.5 67 8.18535
8678.5 60 7.74597
8679.5 59 7.68115
8680.5 64 8
8681.5 67 8.18535
8682.5 68 8.24621
8683.5 63 7.93725
8684.5 58 7.61577
8685.5 68 8.24621
8686.5 72 8.48528
8687.5 65 8.06226
8688.5 72 8.48528
8689.5 76 8.7178
8690.5 60 7.74597
8691.5 52 7.2111
8692.5 57 7.54983
8693.5 52 7.2111
8694.5 68 8.24621
8695.5 71 8.42615
8696.5 66 8.12404
8697.5 71 8.42615
8698.5 65 8.06226
8699.5 75 8.66025
8700.5 81 9
8701.5 59 7.68115
8702.5 63 7.93725
8703.5 46 6.78233
8704.5 59 7.68115
8705.5 70 8.3666
8706.5 62 7.87401
8707.5 68 8.24621
8708.5 62 7.87401
8709.5 63 7.93725
8710.5 62 7.87401
8711.5 59 7.68115
8712.5 58 7.61577
8713.5 67 8.18535
8714.5 57 7.54983
8715.5 58 7.61577
8716.5 59 7.68115
8717.5 63 7.93725
8718.5 73 8.544
8719.5 59 7.68115
8720.5 59 7.68115
8721.5 52 7.2111
8722.5 62 7.87401
8723.5 70 8.3666
8724.5 65 8.06226
8725.5 73 8.544
8726.5 61 7.81025
8727.5 66 8.12404
8728.5 61 7.81025
8729.5 62 7.87401
8730.5 72 8.48528
8731.5 62 7.87401
8732.5 50 7.07107
8733.5 63 7.93725
8734.5 55 7.4162
8735.5 59 7.68115
8736.5 80 8.94427
8737.5 57 7.54983
8738.5 60 7.74597
8739.5 52 7.2111
8740.5 60 7.74597
8741.5 61 7.81025
8742.5 69 8.30662
8743.5 74 8.60233
8744.5 63 7.93725
8745.5 77 8.77496
8746.5 66 8.12404
8747.5 60 7.74597
8748.5 80 8.94427
8749.5 47 6.85565
8750.5 76 8.7178
8751.5 55 7.4162
8752.5 62 7.87401
8753.5 72 8.48528
8754.5 63 7.93725
8755.5 69 8.30662
8756.5 69 8.30662
8757.5 69 8.30662
8758.5 73 8.544
8759.5 80 8.94427
8760.5 69 8.30662
8761.5 65 8.06226
8762.5 73 8.544
8763.5 63 7.93725
8764.5 62 7.87401
8765.5 78 8.83176
8766.5 70 8.3666
8767.5 64 8
8768.5 52 7.2111
8769.5 71 8.42615
8770.5 57 7.54983
8771.5 82 9.05539
8772.5 85 9.21954
8773.5 54 7.34847
8774.5 77 8.77496
8775.5 70 8.3666
8776.5 82 9.05539
8777.5 69 8.30662
8778.5 68 8.24621
8779.5 56 7.48331
8780.5 67 8.18535
8781.5 65 8.06226
8782.5 52 7.2111
8783.5 45 6.7082
8784.5 73 8.544
8785.5 53 7.28011
8786.5 58 7.61577
8787.5 65 8.06226
8788.5 65 8.06226
8789.5 66 8.12404
8790.5 68 8.24621
8791.5 58 7.61577
8792.5 65 8.06226
8793.5 66 8.12404
8794.5 50 7.07107
8795.5 61 7.81025
8796.5 67 8.18535
8797.5 71 8.42615
8798.5 54 7.34847
8799.5 89 9.43398
8800.5 59 7.68115
8801.5 51 7.14143
8802.5 73 8.544
8803.5 66 8.12404
8804.5 57 7.54983
8805.5 57 7.54983
8806.5 61 7.81025
8807.5 75 8.66025
8808.5 71 8.42615
8809.5 67 8.18535
8810.5 73 8.544
8811.5 66 8.12404
8812.5 63 7.93725
8813.5 69 8.30662
8814.5 75 8.66025
8815.5 60 7.74597
8816.5 53 7.28011
8817.5 75 8.66025
8818.5 53 7.28011
8819.5 70 8.3666
8820.5 71 8.42615
8821.5 66 8.12404
8822.5 68 8.24621
8823.5 67 8.18535
8824.5 51 7.14143
8825.5 77 8.77496
8826.5 69 8.30662
8827.5 59 7.68115
8828.5 50 7.07107
8829.5 68 8.24621
8830.5 70 8.3666
8831.5 84 9.16515
8832.5 71 8.42615
8833.5 62 7.87401
8834.5 67 8.18535
8835.5 48 6.9282
8836.5 78 8.83176
8837.5 72 8.48528
8838.5 63 7.93725
8839.5 64 8
8840.5 55 7.4162
8841.5 66 8.12404
8842.5 67 8.18535
8843.5 54 7.34847
8844.5 72 8.48528
8845.5 58 7.61577
8846.5 81 9
8847.5 67 8.18535
8848.5 62 7.87401
8849.5 68 8.24621
8850.5 55 7.4162
8851.5 64 8
8852.5 72 8.48528
8853.5 66 8.12404
8854.5 66 8.12404
8855.5 57 7.54983
8856.5 68 8.24621
8857.5 76 8.7178
8858.5 57 7.54983
8859.5 63 7.93725
8860.5 53 7.28011
8861.5 69 8.30662
8862.5 71 8.42615
8863.5 69 8.30662
8864.5 91 9.53939
8865.5 73 8.544
8866.5 58 7.61577
8867.5 62 7.87401
8868.5 52 7.2111
8869.5 65 8.06226
8870.5 69 8.30662
8871.5 66 8.12404
8872.5 63 7.93725
8873.5 60 7.74597
8874.5 69 8.30662
8875.5 66 8.12404
8876.5 71 8.42615
8877.5 62 7.87401
8878.5 81 9
8879.5 69 8.30662
8880.5 66 8.12404
8881.5 59 7.68115
8882.5 71 8.42615
8883.5 70 8.3666
8884.5 57 7.54983
8885.5 63 7.93725
8886.5 62 7.87401
8887.5 56 7.48331
8888.5 77 8.77496
8889.5 63 7.93725
8890.5 73 8.544
8891.5 71 8.42615
8892.5 64 8
8893.5 71 8.42615
8894.5 73 8.544
8895.5 69 8.30662
8896.5 73 8.544
8897.5 75 8.66025
8898.5 60 7.74597
8899.5 80 8.94427
8900.5 73 8.544
8901.5 66 8.12404
8902.5 66 8.12404
8903.5 78 8.83176
8904.5 75 8.66025
8905.5 60 7.74597
8906.5 56 7.48331
8907.5 62 7.87401
8908.5 72 8.48528
8909.5 66 8.12404
8910.5 46 6.78233
8911.5 73 8.544
8912.5 86 9.27362
8913.5 67 8.18535
8914.5 68 8.24621
8915.5 75 8.66025
8916.5 62 7.87401
8917.5 73 8.544
8918.5 61 7.81025
8919.5 59 7.68115
8920.5 64 8
8921.5 63 7.93725
8922.5 63 7.93725
8923.5 69 8.30662
8924.5 71 8.42615
8925.5 54 7.34847
8926.5 66 8.12404
8927.5 76 8.7178
8928.5 67 8.18535
8929.5 77 8.77496
8930.5 68 8.24621
8931.5 60 7.74597
8932.5 86 9.27362
8933.5 73 8.544
8934.5 63 7.93725
8935.5 71 8.42615
8936.5 68 8.24621
8937.5 71 8.42615
8938.5 75 8.66025
8939.5 69 8.30662
8940.5 59 7.68115
8941.5 51 7.14143
8942.5 76 8.7178
8943.5 72 8.48528
8944.5 66 8.12404
8945.5 54 7.34847
8946.5 64 8
8947.5 66 8.12404
8948.5 64 8
8949.5 48 6.9282
8950.5 65 8.06226
8951.5 70 8.3666
8952.5 76 8.7178
8953.5 61 7.81025
8954.5 64 8
8955.5 66 8.12404
8956.5 69 8.30662
8957.5 72 8.48528
8958.5 60 7.74597
8959.5 58 7.61577
8960.5 62 7.87401
8961.5 63 7.93725
8962.5 74 8.60233
8963.5 69 8.30662
8964.5 60 7.74597
8965.5 69 8.30662
8966.5 64 8
8967.5 72 8.48528
8968.5 80 8.94427
8969.5 63 7.93725
8970.5 72 8.48528
8971.5 83 9.11043
8972.5 67 8.18535
8973.5 73 8.544
8974.5 58 7.61577
8975.5 71 8.42615
8976.5 66 8.12404
8977.5 70 8.3666
8978.5 69 8.30662
8979.5 71 8.42615
8980.5 68 8.24621
8981.5 71 8.42615
8982.5 75 8.66025
8983.5 75 8.66025
8984.5 72 8.48528
8985.5 73 8.544
8986.5 56 7.48331
8987.5 78 8.83176
8988.5 61 7.81025
8989.5 66 8.12404
8990.5 57 7.54983
8991.5 72 8.48528
8992.5 71 8.42615
8993.5 74 8.60233
8994.5 67 8.18535
8995.5 82 9.05539
8996.5 78 8.83176
8997.5 68 8.24621
8998.5 59 7.68115
8999.5 77 8.77496
9000.5 78 8.83176
9001.5 89 9.43398
9002.5 57 7.54983
9003.5 66 8.12404
9004.5 69 8.30662
9005.5 77 8.77496
9006.5 67 8.18535
9007.5 64 8
9008.5 77 8.77496
9009.5 66 8.12404
9010.5 70 8.3666
9011.5 71 8.42615
9012.5 60 7.74597
9013.5 79 8.88819
9014.5 72 8.48528
9015.5 60 7.74597
9016.5 70 8.3666
9017.5 79 8.88819
9018.5 72 8.48528
9019.5 92 9.59166
9020.5 65 8.06226
9021.5 68 8.24621
9022.5 68 8.24621
9023.5 69 8.30662
9024.5 76 8.7178
9025.5 74 8.60233
9026.5 62 7.87401
9027.5 67 8.18535
9028.5 74 8.60233
9029.5 79 8.88819
9030.5 72 8.48528
9031.5 73 8.544
9032.5 75 8.66025
9033.5 66 8.12404
9034.5 79 8.88819
9035.5 81 9
9036.5 58 7.61577
9037.5 74 8.60233
9038.5 67 8.18535
9039.5 70 8.3666
9040.5 65 8.06226
9041.5 79 8.88819
9042.5 63 7.93725
9043.5 66 8.12404
9044.5 72 8.48528
9045.5 63 7.93725
9046.5 73 8.544
9047.5 77 8.77496
9048.5 79 8.88819
9049.5 74 8.60233
9050.5 79 8.88819
9051.5 78 8.83176
9052.5 88 9.38083
9053.5 71 8.42615
9054.5 58 7.61577
9055.5 88 9.38083
9056.5 83 9.11043
9057.5 56 7.48331
9058.5 76 8.7178
9059.5 77 8.77496
9060.5 64 8
9061.5 79 8.88819
9062.5 66 8.12404
9063.5 85 9.21954
9064.5 71 8.42615
9065.5 81 9
9066.5 76 8.7178
9067.5 88 9.38083
9068.5 69 8.30662
9069.5 64 8
9070.5 75 8.66025
9071.5 84 9.16515
9072.5 67 8.18535
9073.5 67 8.18535
9074.5 74 8.60233
9075.5 71 8.42615
9076.5 77 8.77496
9077.5 79 8.88819
9078.5 66 8.12404
9079.5 79 8.88819
9080.5 86 9.27362
9081.5 78 8.83176
9082.5 59 7.68115
9083.5 84 9.16515
9084.5 76 8.7178
9085.5 56 7.48331
9086.5 69 8.30662
9087.5 77 8.77496
9088.5 81 9
9089.5 73 8.544
9090.5 71 8.42615
9091.5 73 8.544
9092.5 82 9.05539
9093.5 65 8.06226
9094.5 63 7.93725
9095.5 82 9.05539
9096.5 72 8.48528
9097.5 89 9.43398
9098.5 63 7.93725
9099.5 75 8.66025
9100.5 70 8.3666
9101.5 69 8.30662
9102.5 73 8.544
9103.5 77 8.77496
9104.5 78 8.83176
9105.5 76 8.7178
9106.5 72 8.48528
9107.5 84 9.16515
9108.5 85 9.21954
9109.5 71 8.42615
9110.5 74 8.60233
9111.5 65 8.06226
9112.5 80 8.94427
9113.5 75 8.66025
9114.5 67 8.18535
9115.5 74 8.60233
9116.5 75 8.66025
9117.5 75 8.66025
9118.5 82 9.05539
9119.5 71 8.42615
9120.5 85 9.21954
9121.5 90 9.48683
9122.5 58 7.61577
9123.5 77 8.77496
9124.5 75 8.66025
9125.5 63 7.93725
9126.5 80 8.94427
9127.5 70 8.3666
9128.5 76 8.7178
9129.5 75 8.66025
9130.5 64 8
9131.5 86 9.27362
9132.5 87 9.32738
9133.5 84 9.16515
9134.5 95 9.74679
9135.5 85 9.21954
9136.5 60 7.74597
9137.5 92 9.59166
9138.5 97 9.84886
9139.5 67 8.18535
9140.5 59 7.68115
9141.5 79 8.88819
9142.5 85 9.21954
9143.5 74 8.60233
9144.5 84 9.16515
9145.5 84 9.16515
9146.5 76 8.7178
9147.5 62 7.87401
9148.5 77 8.77496
9149.5 82 9.05539
9150.5 80 8.94427
9151.5 78 8.83176
9152.5 76 8.7178
9153.5 78 8.83176
9154.5 79 8.88819
9155.5 87 9.32738
9156.5 74 8.60233
9157.5 91 9.53939
9158.5 76 8.7178
9159.5 80 8.94427
9160.5 77 8.77496
9161.5 80 8.94427
9162.5 80 8.94427
9163.5 61 7.81025
9164.5 80 8.94427
9165.5 66 8.12404
9166.5 78 8.83176
9167.5 63 7.93725
9168.5 87 9.32738
9169.5 97 9.84886
9170.5 75 8.66025
9171.5 73 8.544
9172.5 89 9.43398
9173.5 86 9.27362
9174.5 75 8.66025
9175.5 88 9.38083
9176.5 83 9.11043
9177.5 78 8.83176
9178.5 84 9.16515
9179.5 82 9.05539
9180.5 79 8.88819
9181.5 90 9.48683
9182.5 82 9.05539
9183.5 72 8.48528
9184.5 82 9.05539
9185.5 78 8.83176
9186.5 69 8.30662
9187.5 81 9
9188.5 74 8.60233
9189.5 73 8.544
9190.5 71 8.42615
9191.5 79 8.88819
9192.5 83 9.11043
9193.5 79 8.88819
9194.5 84 9.16515
9195.5 77 8.77496
9196.5 73 8.544
9197.5 85 9.21954
9198.5 91 9.53939
9199.5 77 8.77496
9200.5 76 8.7178
9201.5 75 8.66025
9202.5 76 8.7178
9203.5 79 8.88819
9204.5 60 7.74597
9205.5 75 8.66025
9206.5 88 9.38083
9207.5 81 9
9208.5 71 8.42615
9209.5 73 8.544
9210.5 67 8.18535
9211.5 63 7.93725
9212.5 94 9.69536
9213.5 81 9
9214.5 70 8.3666
9215.5 79 8.88819
9216.5 91 9.53939
9217.5 90 9.48683
9218.5 99 9.94987
9219.5 70 8.3666
9220.5 93 9.64365
9221.5 75 8.66025
9222.5 76 8.7178
9223.5 79 8.88819
9224.5 71 8.42615
9225.5 79 8.88819
9226.5 71 8.42615
9227.5 83 9.11043
9228.5 65 8.06226
9229.5 71 8.42615
9230.5 67 8.18535
9231.5 73 8.544
9232.5 79 8.88819
9233.5 71 8.42615
9234.5 89 9.43398
9235.5 76 8.7178
9236.5 78 8.83176
9237.5 90 9.48683
9238.5 80 8.94427
9239.5 85 9.21954
9240.5 75 8.66025
9241.5 70 8.3666
9242.5 60 7.74597
9243.5 80 8.94427
9244.5 80 8.94427
9245.5 83 9.11043
9246.5 77 8.77496
9247.5 72 8.48528
9248.5 72 8.48528
9249.5 82 9.05539
9250.5 87 9.32738
9251.5 94 9.69536
9252.5 85 9.21954
9253.5 90 9.48683
9254.5 94 9.69536
9255.5 94 9.69536
9256.5 82 9.05539
9257.5 80 8.94427
9258.5 101 10.0499
9259.5 83 9.11043
9260.5 89 9.43398
9261.5 97 9.84886
9262.5 70 8.3666
9263.5 93 9.64365
9264.5 77 8.77496
9265.5 89 9.43398
9266.5 79 8.88819
9267.5 99 9.94987
9268.5 76 8.7178
9269.5 76 8.7178
9270.5 73 8.544
9271.5 96 9.79796
9272.5 75 8.66025
9273.5 78 8.83176
9274.5 79 8.88819
9275.5 78 8.83176
9276.5 90 9.48683
9277.5 84 9.16515
9278.5 85 9.21954
9279.5 87 9.32738
9280.5 77 8.77496
9281.5 77 8.77496
9282.5 76 8.7178
9283.5 88 9.38083
9284.5 81 9
9285.5 87 9.32738
9286.5 65 8.06226
9287.5 67 8.18535
9288.5 72 8.48528
9289.5 73 8.544
9290.5 76 8.7178
9291.5 65 8.06226
9292.5 84 9.16515
9293.5 80 8.94427
9294.5 81 9
9295.5 75 8.66025
9296.5 84 9.16515
9297.5 87 9.32738
9298.5 78 8.83176
9299.5 76 8.7178
9300.5 92 9.59166
9301.5 72 8.48528
9302.5 75 8.66025
9303.5 74 8.60233
9304.5 79 8.88819
9305.5 91 9.53939
9306.5 70 8.3666
9307.5 89 9.43398
9308.5 77 8.77496
9309.5 82 9.05539
9310.5 76 8.7178
9311.5 108 10.3923
9312.5 80 8.94427
9313.5 95 9.74679
9314.5 91 9.53939
9315.5 84 9.16515
9316.5 84 9.16515
9317.5 86 9.27362
9318.5 92 9.59166
9319.5 78 8.83176
9320.5 91 9.53939
9321.5 73 8.544
9322.5 88 9.38083
9323.5 77 8.77496
9324.5 86 9.27362
9325.5 82 9.05539
9326.5 97 9.84886
9327.5 95 9.74679
9328.5 71 8.42615
9329.5 103 10.1489
9330.5 89 9.43398
9331.5 86 9.27362
9332.5 88 9.38083
9333.5 100 10
9334.5 90 9.48683
9335.5 78 8.83176
9336.5 82 9.05539
9337.5 89 9.43398
9338.5 71 8.42615
9339.5 72 8.48528
9340.5 83 9.11043
9341.5 101 10.0499
9342.5 91 9.53939
9343.5 91 9.53939
9344.5 86 9.27362
9345.5 81 9
9346.5 89 9.43398
9347.5 90 9.48683
9348.5 92 9.59166
9349.5 73 8.544
9350.5 91 9.53939
9351.5 71 8.42615
9352.5 92 9.59166
9353.5 72 8.48528
9354.5 78 8.83176
9355.5 84 9.16515
9356.5 88 9.38083
9357.5 87 9.32738
9358.5 105 10.247
9359.5 90 9.48683
9360.5 77 8.77496
9361.5 86 9.27362
9362.5 83 9.11043
9363.5 98 9.89949
9364.5 94 9.69536
9365.5 102 10.0995
9366.5 80 8.94427
9367.5 69 8.30662
9368.5 77 8.77496
9369.5 81 9
9370.5 89 9.43398
9371.5 82 9.05539
9372.5 80 8.94427
9373.5 105 10.247
9374.5 87 9.32738
9375.5 83 9.11043
9376.5 88 9.38083
9377.5 93 9.64365
9378.5 84 9.16515
9379.5 72 8.48528
9380.5 75 8.66025
9381.5 101 10.0499
9382.5 86 9.27362
9383.5 96 9.79796
9384.5 83 9.11043
9385.5 92 9.59166
9386.5 77 8.77496
9387.5 84 9.16515
9388.5 75 8.66025
9389.5 75 8.66025
9390.5 87 9.32738
9391.5 96 9.79796
9392.5 97 9.84886
9393.5 98 9.89949
9394.5 89 9.43398
9395.5 83 9.11043
9396.5 87 9.32738
9397.5 85 9.21954
9398.5 66 8.12404
9399.5 98 9.89949
9400.5 80 8.94427
9401.5 101 10.0499
9402.5 77 8.77496
9403.5 90 9.48683
9404.5 90 9.48683
9405.5 97 9.84886
9406.5 91 9.53939
9407.5 92 9.59166
9408.5 110 10.4881
9409.5 80 8.94427
9410.5 69 8.30662
9411.5 90 9.48683
9412.5 94 9.69536
9413.5 82 9.05539
9414.5 85 9.21954
9415.5 100 10
9416.5 82 9.05539
9417.5 78 8.83176
9418.5 95 9.74679
9419.5 74 8.60233
9420.5 97 9.84886
9421.5 93 9.64365
9422.5 86 9.27362
9423.5 97 9.84886
9424.5 102 10.0995
9425.5 113 10.6301
9426.5 88 9.38083
9427.5 85 9.21954
9428.5 89 9.43398
9429.5 84 9.16515
9430.5 87 9.32738
9431.5 93 9.64365
9432.5 76 8.7178
9433.5 92 9.59166
9434.5 97 9.84886
9435.5 67 8.18535
9436.5 82 9.05539
9437.5 78 8.83176
9438.5 87 9.32738
9439.5 89 9.43398
9440.5 104 10.198
9441.5 88 9.38083
9442.5 88 9.38083
9443.5 97 9.84886
9444.5 92 9.59166
9445.5 92 9.59166
9446.5 90 9.48683
9447.5 94 9.69536
9448.5 87 9.32738
9449.5 90 9.48683
9450.5 89 9.43398
9451.5 76 8.7178
9452.5 74 8.60233
9453.5 85 9.21954
9454.5 73 8.544
9455.5 78 8.83176
9456.5 81 9
9457.5 83 9.11043
9458.5 97 9.84886
9459.5 106 10.2956
9460.5 83 9.11043
9461.5 87 9.32738
9462.5 69 8.30662
9463.5 90 9.48683
9464.5 97 9.84886
9465.5 91 9.53939
9466.5 86 9.27362
9467.5 86 9.27362
9468.5 99 9.94987
9469.5 95 9.74679
9470.5 84 9.16515
9471.5 81 9
9472.5 89 9.43398
9473.5 92 9.59166
9474.5 84 9.16515
9475.5 91 9.53939
9476.5 95 9.74679
9477.5 92 9.59166
9478.5 94 9.69536
9479.5 100 10
9480.5 86 9.27362
9481.5 85 9.21954
9482.5 86 9.27362
9483.5 84 9.16515
9484.5 92 9.59166
9485.5 76 8.7178
9486.5 96 9.79796
9487.5 95 9.74679
9488.5 85 9.21954
9489.5 99 9.94987
9490.5 104 10.198
9491.5 99 9.94987
9492.5 84 9.16515
9493.5 87 9.32738
9494.5 90 9.48683
9495.5 78 8.83176
9496.5 95 9.74679
9497.5 81 9
9498.5 85 9.21954
9499.5 95 9.74679
9500.5 104 10.198
9501.5 100 10
9502.5 81 9
9503.5 93 9.64365
9504.5 91 9.53939
9505.5 88 9.38083
9506.5 94 9.69536
9507.5 80 8.94427
9508.5 95 9.74679
9509.5 87 9.32738
9510.5 109 10.4403
9511.5 93 9.64365
9512.5 89 9.43398
9513.5 98 9.89949
9514.5 114 10.6771
9515.5 90 9.48683
9516.5 87 9.32738
9517.5 95 9.74679
9518.5 86 9.27362
9519.5 101 10.0499
9520.5 98 9.89949
9521.5 92 9.59166
9522.5 80 8.94427
9523.5 88 9.38083
9524.5 112 10.583
9525.5 104 10.198
9526.5 88 9.38083
9527.5 74 8.60233
9528.5 84 9.16515
9529.5 93 9.64365
9530.5 109 10.4403
9531.5 97 9.84886
9532.5 88 9.38083
9533.5 77 8.77496
9534.5 91 9.53939
9535.5 108 10.3923
9536.5 83 9.11043
9537.5 102 10.0995
9538.5 102 10.0995
9539.5 97 9.84886
9540.5 103 10.1489
9541.5 94 9.69536
9542.5 93 9.64365
9543.5 104 10.198
9544.5 100 10
9545.5 107 10.3441
9546.5 94 9.69536
9547.5 120 10.9545
9548.5 90 9.48683
9549.5 97 9.84886
9550.5 93 9.64365
9551.5 111 10.5357
9552.5 66 8.12404
9553.5 96 9.79796
9554.5 104 10.198
9555.5 85 9.21954
9556.5 114 10.6771
9557.5 80 8.94427
9558.5 90 9.48683
9559.5 95 9.74679
9560.5 87 9.32738
9561.5 103 10.1489
9562.5 99 9.94987
9563.5 99 9.94987
9564.5 95 9.74679
9565.5 110 10.4881
9566.5 91 9.53939
9567.5 99 9.94987
9568.5 105 10.247
9569.5 95 9.74679
9570.5 101 10.0499
9571.5 91 9.53939
9572.5 96 9.79796
9573.5 113 10.6301
9574.5 95 9.74679
9575.5 84 9.16515
9576.5 101 10.0499
9577.5 92 9.59166
9578.5 90 9.48683
9579.5 93 9.64365
9580.5 90 9.48683
9581.5 98 9.89949
9582.5 94 9.69536
9583.5 111 10.5357
9584.5 95 9.74679
9585.5 105 10.247
9586.5 101 10.0499
9587.5 99 9.94987
9588.5 97 9.84886
9589.5 94 9.69536
9590.5 95 9.74679
9591.5 99 9.94987
9592.5 111 10.5357
9593.5 97 9.84886
9594.5 100 10
9595.5 104 10.198
9596.5 100 10
9597.5 87 9.32738
9598.5 113 10.6301
9599.5 93 9.64365
9600.5 94 9.69536
9601.5 97 9.84886
9602.5 87 9.32738
9603.5 88 9.38083
9604.5 96 9.79796
9605.5 92 9.59166
9606.5 103 10.1489
9607.5 102 10.0995
9608.5 108 10.3923
9609.5 84 9.16515
9610.5 106 10.2956
9611.5 88 9.38083
9612.5 96 9.79796
9613.5 90 9.48683
9614.5 124 11.1355
9615.5 92 9.59166
9616.5 83 9.11043
9617.5 73 8.544
9618.5 86 9.27362
9619.5 110 10.4881
9620.5 76 8.7178
9621.5 96 9.79796
9622.5 119 10.9087
9623.5 120 10.9545
9624.5 85 9.21954
9625.5 86 9.27362
9626.5 94 9.69536
9627.5 110 10.4881
9628.5 107 10.3441
9629.5 91 9.53939
9630.5 81 9
9631.5 91 9.53939
9632.5 108 10.3923
9633.5 96 9.79796
9634.5 95 9.74679
9635.5 93 9.64365
9636.5 102 10.0995
9637.5 93 9.64365
9638.5 99 9.94987
9639.5 97 9.84886
9640.5 96 9.79796
9641.5 114 10.6771
9642.5 95 9.74679
9643.5 102 10.0995
9644.5 97 9.84886
9645.5 106 10.2956
9646.5 117 10.8167
9647.5 86 9.27362
9648.5 92 9.59166
9649.5 103 10.1489
9650.5 104 10.198
9651.5 87 9.32738
9652.5 92 9.59166
9653.5 104 10.198
9654.5 83 9.11043
9655.5 95 9.74679
9656.5 118 10.8628
9657.5 90 9.48683
9658.5 100 10
9659.5 85 9.21954
9660.5 127 11.2694
9661.5 112 10.583
9662.5 108 10.3923
9663.5 94 9.69536
9664.5 100 10
9665.5 107 10.3441
9666.5 92 9.59166
9667.5 102 10.0995
9668.5 98 9.89949
9669.5 117 10.8167
9670.5 104 10.198
9671.5 85 9.21954
9672.5 99 9.94987
9673.5 113 10.6301
9674.5 82 9.05539
9675.5 109 10.4403
9676.5 87 9.32738
9677.5 108 10.3923
9678.5 96 9.79796
9679.5 98 9.89949
9680.5 104 10.198
9681.5 90 9.48683
9682.5 106 10.2956
9683.5 102 10.0995
9684.5 108 10.3923
9685.5 96 9.79796
9686.5 103 10.1489
9687.5 111 10.5357
9688.5 94 9.69536
9689.5 93 9.64365
9690.5 94 9.69536
9691.5 103 10.1489
9692.5 109 10.4403
9693.5 103 10.1489
9694.5 84 9.16515
9695.5 112 10.583
9696.5 107 10.3441
9697.5 103 10.1489
9698.5 101 10.0499
9699.5 94 9.69536
9700.5 112 10.583
9701.5 95 9.74679
9702.5 104 10.198
9703.5 110 10.4881
9704.5 108 10.3923
9705.5 108 10.3923
9706.5 112 10.583
9707.5 105 10.247
9708.5 95 9.74679
9709.5 106 10.2956
9710.5 114 10.6771
9711.5 120 10.9545
9712.5 101 10.0499
9713.5 107 10.3441
9714.5 86 9.27362
9715.5 99 9.94987
9716.5 105 10.247
9717.5 100 10
9718.5 123 11.0905
9719.5 100 10
9720.5 109 10.4403
9721.5 116 10.7703
9722.5 101 10.0499
9723.5 101 10.0499
9724.5 97 9.84886
9725.5 110 10.4881
9726.5 120 10.9545
9727.5 115 10.7238
9728.5 88 9.38083
9729.5 115 10.7238
9730.5 106 10.2956
9731.5 120 10.9545
9732.5 104 10.198
9733.5 102 10.0995
9734.5 118 10.8628
9735.5 110 10.4881
9736.5 91 9.53939
9737.5 102 10.0995
9738.5 114 10.6771
9739.5 111 10.5357
9740.5 110 10.4881
9741.5 105 10.247
9742.5 104 10.198
9743.5 93 9.64365
9744.5 111 10.5357
9745.5 93 9.64365
9746.5 116 10.7703
9747.5 117 10.8167
9748.5 95 9.74679
9749.5 109 10.4403
9750.5 105 10.247
9751.5 104 10.198
9752.5 115 10.7238
9753.5 114 10.6771
9754.5 117 10.8167
9755.5 111 10.5357
9756.5 106 10.2956
9757.5 92 9.59166
9758.5 100 10
9759.5 115 10.7238
9760.5 128 11.3137
9761.5 107 10.3441
9762.5 113 10.6301
9763.5 127 11.2694
9764.5 115 10.7238
9765.5 117 10.8167
9766.5 101 10.0499
9767.5 123 11.0905
9768.5 99 9.94987
9769.5 107 10.3441
9770.5 114 10.6771
9771.5 111 10.5357
9772.5 114 10.6771
9773.5 95 9.74679
9774.5 120 10.9545
9775.5 106 10.2956
9776.5 109 10.4403
9777.5 99 9.94987
9778.5 114 10.6771
9779.5 112 10.583
9780.5 111 10.5357
9781.5 113 10.6301
9782.5 99 9.94987
9783.5 99 9.94987
9784.5 105 10.247
9785.5 122 11.0454
9786.5 122 11.0454
9787.5 94 9.69536
9788.5 108 10.3923
9789.5 103 10.1489
9790.5 117 10.8167
9791.5 97 9.84886
9792.5 92 9.59166
9793.5 96 9.79796
9794.5 100 10
9795.5 105 10.247
9796.5 92 9.59166
9797.5 95 9.74679
9798.5 109 10.4403
9799.5 120 10.9545
9800.5 106 10.2956
9801.5 100 10
9802.5 107 10.3441
9803.5 103 10.1489
9804.5 103 10.1489
9805.5 107 10.3441
9806.5 87 9.32738
9807.5 102 10.0995
9808.5 102 10.0995
9809.5 86 9.27362
9810.5 111 10.5357
9811.5 101 10.0499
9812.5 103 10.1489
9813.5 98 9.89949
9814.5 107 10.3441
9815.5 104 10.198
9816.5 99 9.94987
9817.5 109 10.4403
9818.5 108 10.3923
9819.5 109 10.4403
9820.5 94 9.69536
9821.5 97 9.84886
9822.5 114 10.6771
9823.5 111 10.5357
9824.5 84 9.16515
9825.5 100 10
9826.5 114 10.6771
9827.5 94 9.69536
9828.5 100 10
9829.5 115 10.7238
9830.5 112 10.583
9831.5 118 10.8628
9832.5 103 10.1489
9833.5 120 10.9545
9834.5 93 9.64365
9835.5 92 9.59166
9836.5 111 10.5357
9837.5 101 10.0499
9838.5 89 9.43398
9839.5 95 9.74679
9840.5 99 9.94987
9841.5 101 10.0499
9842.5 96 9.79796
9843.5 101 10.0499
9844.5 91 9.53939
9845.5 95 9.74679
9846.5 97 9.84886
9847.5 93 9.64365
9848.5 109 10.4403
9849.5 95 9.74679
9850.5 116 10.7703
9851.5 87 9.32738
9852.5 102 10.0995
9853.5 97 9.84886
9854.5 96 9.79796
9855.5 91 9.53939
9856.5 97 9.84886
9857.5 95 9.74679
9858.5 95 9.74679
9859.5 72 8.48528
9860.5 93 9.64365
9861.5 109 10.4403
9862.5 100 10
9863.5 90 9.48683
9864.5 91 9.53939
9865.5 89 9.43398
9866.5 77 8.77496
9867.5 92 9.59166
9868.5 107 10.3441
9869.5 86 9.27362
9870.5 80 8.94427
9871.5 89 9.43398
9872.5 89 9.43398
9873.5 90 9.48683
9874.5 83 9.11043
9875.5 82 9.05539
9876.5 88 9.38083
9877.5 101 10.0499
9878.5 94 9.69536
9879.5 81 9
9880.5 87 9.32738
9881.5 89 9.43398
9882.5 83 9.11043
9883.5 91 9.53939
9884.5 93 9.64365
9885.5 83 9.11043
9886.5 90 9.48683
9887.5 96 9.79796
9888.5 78 8.83176
9889.5 86 9.27362
9890.5 81 9
9891.5 82 9.05539
9892.5 90 9.48683
9893.5 74 8.60233
9894.5 103 10.1489
9895.5 79 8.88819
9896.5 89 9.43398
9897.5 84 9.16515
9898.5 86 9.27362
9899.5 81 9
9900.5 85 9.21954
9901.5 66 8.12404
9902.5 74 8.60233
9903.5 72 8.48528
9904.5 74 8.60233
9905.5 86 9.27362
9906.5 82 9.05539
9907.5 81 9
9908.5 87 9.32738
9909.5 87 9.32738
9910.5 73 8.544
9911.5 64 8
9912.5 70 8.3666
9913.5 79 8.88819
9914.5 78 8.83176
9915.5 70 8.3666
9916.5 80 8.94427
9917.5 65 8.06226
9918.5 83 9.11043
9919.5 80 8.94427
9920.5 75 8.66025
9921.5 75 8.66025
9922.5 50 7.07107
9923.5 76 8.7178
9924.5 72 8.48528
9925.5 66 8.12404
9926.5 82 9.05539
9927.5 83 9.11043
9928.5 69 8.30662
9929.5 85 9.21954
9930.5 83 9.11043
9931.5 64 8
9932.5 65 8.06226
9933.5 74 8.60233
9934.5 80 8.94427
9935.5 61 7.81025
9936.5 65 8.06226
9937.5 69 8.30662
9938.5 62 7.87401
9939.5 80 8.94427
9940.5 75 8.66025
9941.5 66 8.12404
9942.5 64 8
9943.5 70 8.3666
9944.5 71 8.42615
9945.5 69 8.30662
9946.5 78 8.83176
9947.5 76 8.7178
9948.5 62 7.87401
9949.5 67 8.18535
9950.5 64 8
9951.5 63 7.93725
9952.5 70 8.3666
9953.5 67 8.18535
9954.5 59 7.68115
9955.5 72 8.48528
9956.5 74 8.60233
9957.5 54 7.34847
9958.5 72 8.48528
9959.5 67 8.18535
9960.5 63 7.93725
9961.5 63 7.93725
9962.5 60 7.74597
9963.5 70 8.3666
9964.5 66 8.12404
9965.5 64 8
9966.5 70 8.3666
9967.5 67 8.18535
9968.5 61 7.81025
9969.5 67 8.18535
9970.5 75 8.66025
9971.5 84 9.16515
9972.5 76 8.7178
9973.5 63 7.93725
9974.5 67 8.18535
9975.5 58 7.61577
9976.5 62 7.87401
9977.5 60 7.74597
9978.5 76 8.7178
9979.5 58 7.61577
9980.5 64 8
9981.5 56 7.48331
9982.5 72 8.48528
9983.5 63 7.93725
9984.5 72 8.48528
9985.5 71 8.42615
9986.5 66 8.12404
9987.5 56 7.48331
9988.5 53 7.28011
9989.5 72 8.48528
9990.5 62 7.87401
9991.5 53 7.28011
9992.5 66 8.12404
9993.5 70 8.3666
9994.5 60 7.74597
9995.5 65 8.06226
9996.5 68 8.24621
9997.5 83 9.11043
9998.5 58 7.61577
9999.5 51 7.14143
10000.5 66 8.12404
10001.5 57 7.54983
10002.5 66 8.12404
10003.5 49 7
10004.5 54 7.34847
10005.5 72 8.48528
10006.5 68 8.24621
10007.5 61 7.81025
10008.5 53 7.28011
10009.5 67 8.18535
10010.5 53 7.28011
10011.5 54 7.34847
10012.5 66 8.12404
10013.5 58 7.61577
10014.5 61 7.81025
10015.5 75 8.66025
10016.5 74 8.60233
10017.5 56 7.48331
10018.5 51 7.14143
10019.5 68 8.24621
10020.5 67 8.18535
10021.5 58 7.61577
10022.5 51 7.14143
10023.5 74 8.60233
10024.5 52 7.2111
10025.5 66 8.12404
10026.5 72 8.48528
10027.5 65 8.06226
10028.5 51 7.14143
10029.5 52 7.2111
10030.5 51 7.14143
10031.5 63 7.93725
10032.5 64 8
10033.5 65 8.06226
10034.5 78 8.83176
10035.5 71 8.42615
10036.5 71 8.42615
10037.5 67 8.18535
10038.5 55 7.4162
10039.5 65 8.06226
10040.5 69 8.30662
10041.5 71 8.42615
10042.5 70 8.3666
10043.5 50 7.07107
10044.5 56 7.48331
10045.5 84 9.16515
10046.5 68 8.24621
10047.5 54 7.34847
10048.5 60 7.74597
10049.5 63 7.93725
10050.5 60 7.74597
10051.5 67 8.18535
10052.5 60 7.74597
10053.5 63 7.93725
10054.5 55 7.4162
10055.5 74 8.60233
10056.5 63 7.93725
10057.5 45 6.7082
10058.5 68 8.24621
10059.5 57 7.54983
10060.5 61 7.81025
10061.5 51 7.14143
10062.5 77 8.77496
10063.5 53 7.28011
10064.5 63 7.93725
10065.5 66 8.12404
10066.5 45 6.7082
10067.5 63 7.93725
10068.5 45 6.7082
10069.5 57 7.54983
10070.5 59 7.68115
10071.5 52 7.2111
10072.5 49 7
10073.5 63 7.93725
10074.5 73 8.544
10075.5 65 8.06226
10076.5 54 7.34847
10077.5 44 6.63325
10078.5 46 6.78233
10079.5 64 8
10080.5 48 6.9282
10081.5 56 7.48331
10082.5 61 7.81025
10083.5 52 7.2111
10084.5 48 6.9282
10085.5 53 7.28011
10086.5 52 7.2111
10087.5 67 8.18535
10088.5 63 7.93725
10089.5 55 7.4162
10090.5 73 8.544
10091.5 57 7.54983
10092.5 61 7.81025
10093.5 64 8
10094.5 61 7.81025
10095.5 50 7.07107
10096.5 78 8.83176
10097.5 58 7.61577
10098.5 65 8.06226
10099.5 78 8.83176
10100.5 51 7.14143
10101.5 59 7.68115
10102.5 48 6.9282
10103.5 61 7.81025
10104.5 53 7.28011
10105.5 56 7.48331
10106.5 59 7.68115
10107.5 70 8.3666
10108.5 64 8
10109.5 56 7.48331
10110.5 69 8.30662
10111.5 61 7.81025
10112.5 63 7.93725
10113.5 57 7.54983
10114.5 62 7.87401
10115.5 65 8.06226
10116.5 51 7.14143
10117.5 50 7.07107
10118.5 62 7.87401
10119.5 50 7.07107
10120.5 66 8.12404
10121.5 57 7.54983
10122.5 62 7.87401
10123.5 52 7.2111
10124.5 47 6.85565
10125.5 63 7.93725
10126.5 60 7.74597
10127.5 51 7.14143
10128.5 46 6.78233
10129.5 41 6.40312
10130.5 59 7.68115
10131.5 53 7.28011
10132.5 46 6.78233
10133.5 51 7.14143
10134.5 54 7.34847
10135.5 70 8.3666
10136.5 57 7.54983
10137.5 63 7.93725
10138.5 49 7
10139.5 54 7.34847
10140.5 49 7
10141.5 42 6.48074
10142.5 51 7.14143
10143.5 57 7.54983
10144.5 61 7.81025
10145.5 48 6.9282
10146.5 52 7.2111
10147.5 37 6.08276
10148.5 49 7
10149.5 46 6.78233
10150.5 54 7.34847
10151.5 53 7.28011
10152.5 56 7.48331
10153.5 55 7.4162
10154.5 54 7.34847
10155.5 47 6.85565
10156.5 49 7
10157.5 51 7.14143
10158.5 37 6.08276
10159.5 53 7.28011
10160.5 58 7.61577
10161.5 69 8.30662
10162.5 51 7.14143
10163.5 53 7.28011
10164.5 53 7.28011
10165.5 57 7.54983
10166.5 58 7.61577
10167.5 43 6.55744
10168.5 65 8.06226
10169.5 69 8.30662
10170.5 48 6.9282
10171.5 61 7.81025
10172.5 62 7.87401
10173.5 52 7.2111
10174.5 57 7.54983
10175.5 51 7.14143
10176.5 58 7.61577
10177.5 68 8.24621
10178.5 51 7.14143
10179.5 56 7.48331
10180.5 62 7.87401
10181.5 54 7.34847
10182.5 42 6.48074
10183.5 50 7.07107
10184.5 49 7
10185.5 56 7.48331
10186.5 54 7.34847
10187.5 56 7.48331
10188.5 48 6.9282
10189.5 61 7.81025
10190.5 50 7.07107
10191.5 56 7.48331
10192.5 52 7.2111
10193.5 40 6.32456
10194.5 49 7
10195.5 64 8
10196.5 46 6.78233
10197.5 59 7.68115
10198.5 44 6.63325
10199.5 53 7.28011
10200.5 46 6.78233
10201.5 46 6.78233
10202.5 58 7.61577
10203.5 52 7.2111
10204.5 58 7.61577
10205.5 54 7.34847
10206.5 46 6.78233
10207.5 57 7.54983
10208.5 55 7.4162
10209.5 34 5.83095
10210.5 35 5.91608
10211.5 62 7.87401
10212.5 51 7.14143
10213.5 42 6.48074
10214.5 48 6.9282
10215.5 52 7.2111
10216.5 38 6.16441
10217.5 57 7.54983
10218.5 46 6.78233
10219.5 48 6.9282
10220.5 69 8.30662
10221.5 50 7.07107
10222.5 38 6.16441
10223.5 42 6.48074
10224.5 45 6.7082
10225.5 58 7.61577
10226.5 42 6.48074
10227.5 41 6.40312
10228.5 39 6.245
10229.5 48 6.9282
10230.5 51 7.14143
10231.5 44 6.63325
10232.5 37 6.08276
10233.5 55 7.4162
10234.5 36 6
10235.5 45 6.7082
10236.5 59 7.68115
10237.5 45 6.7082
10238.5 55 7.4162
10239.5 60 7.74597
10240.5 58 7.61577
10241.5 49 7
10242.5 36 6
10243.5 63 7.93725
10244.5 50 7.07107
10245.5 55 7.4162
10246.5 48 6.9282
10247.5 53 7.28011
10248.5 48 6.9282
10249.5 42 6.48074
10250.5 55 7.4162
10251.5 57 7.54983
10252.5 39 6.245
10253.5 48 6.9282
10254.5 49 7
10255.5 39 6.245
10256.5 39 6.245
10257.5 60 7.74597
10258.5 64 8
10259.5 41 6.40312
10260.5 42 6.48074
10261.5 41 6.40312
10262.5 43 6.55744
10263.5 44 6.63325
10264.5 54 7.34847
10265.5 53 7.28011
10266.5 46 6.78233
10267.5 47 6.85565
10268.5 58 7.61577
10269.5 34 5.83095
10270.5 32 5.65685
10271.5 40 6.32456
10272.5 52 7.2111
10273.5 41 6.40312
10274.5 54 7.34847
10275.5 35 5.91608
10276.5 41 6.40312
10277.5 57 7.54983
10278.5 42 6.48074
10279.5 42 6.48074
10280.5 40 6.32456
10281.5 54 7.34847
10282.5 43 6.55744
10283.5 42 6.48074
10284.5 37 6.08276
10285.5 47 6.85565
10286.5 41 6.40312
10287.5 47 6.85565
10288.5 43 6.55744
10289.5 36 6
10290.5 54 7.34847
10291.5 44 6.63325
10292.5 44 6.63325
10293.5 40 6.32456
10294.5 54 7.34847
10295.5 27 5.19615
10296.5 63 7.93725
10297.5 38 6.16441
10298.5 38 6.16441
10299.5 53 7.28011
10300.5 47 6.85565
10301.5 44 6.63325
10302.5 43 6.55744
10303.5 44 6.63325
10304.5 43 6.55744
10305.5 51 7.14143
10306.5 49 7
10307.5 45 6.7082
10308.5 43 6.55744
10309.5 45 6.7082
10310.5 36 6
10311.5 35 5.91608
10312.5 42 6.48074
10313.5 49 7
10314.5 51 7.14143
10315.5 39 6.245
10316.5 51 7.14143
10317.5 30 5.47723
10318.5 41 6.40312
10319.5 32 5.65685
10320.5 50 7.07107
10321.5 51 7.14143
10322.5 49 7
10323.5 49 7
10324.5 37 6.08276
10325.5 39 6.245
10326.5 40 6.32456
10327.5 48 6.9282
10328.5 39 6.245
10329.5 37 6.08276
10330.5 60 7.74597
10331.5 52 7.2111
10332.5 42 6.48074
10333.5 42 6.48074
10334.5 33 5.74456
10335.5 37 6.08276
10336.5 50 7.07107
10337.5 33 5.74456
10338.5 51 7.14143
10339.5 35 5.91608
10340.5 37 6.08276
10341.5 35 5.91608
10342.5 49 7
10343.5 34 5.83095
10344.5 43 6.55744
10345.5 45 6.7082
10346.5 41 6.40312
10347.5 50 7.07107
10348.5 41 6.40312
10349.5 38 6.16441
10350.5 37 6.08276
10351.5 43 6.55744
10352.5 56 7.48331
10353.5 42 6.48074
10354.5 39 6.245
10355.5 35 5.91608
10356.5 33 5.74456
10357.5 41 6.40312
10358.5 33 5.74456
10359.5 47 6.85565
10360.5 41 6.40312
10361.5 46 6.78233
10362.5 37 6.08276
10363.5 45 6.7082
10364.5 39 6.245
10365.5 39 6.245
10366.5 41 6.40312
10367.5 39 6.245
10368.5 36 6
10369.5 39 6.245
10370.5 41 6.40312
10371.5 24 4.89898
10372.5 36 6
10373.5 53 7.28011
10374.5 38 6.16441
10375.5 35 5.91608
10376.5 46 6.78233
10377.5 42 6.48074
10378.5 49 7
10379.5 31 5.56776
10380.5 43 6.55744
10381.5 39 6.245
10382.5 38 6.16441
10383.5 45 6.7082
10384.5 40 6.32456
10385.5 34 5.83095
10386.5 33 5.74456
10387.5 25 5
10388.5 38 6.16441
10389.5 34 5.83095
10390.5 43 6.55744
10391.5 26 5.09902
10392.5 36 6
10393.5 46 6.78233
10394.5 41 6.40312
10395.5 48 6.9282
10396.5 40 6.32456
10397.5 31 5.56776
10398.5 35 5.91608
10399.5 39 6.245
10400.5 30 5.47723
10401.5 38 6.16441
10402.5 30 5.47723
10403.5 34 5.83095
10404.5 34 5.83095
10405.5 38 6.16441
10406.5 42 6.48074
10407.5 38 6.16441
10408.5 35 5.91608
10409.5 27 5.19615
10410.5 36 6
10411.5 48 6.9282
10412.5 30 5.47723
10413.5 27 5.19615
10414.5 22 4.69042
10415.5 36 6
10416.5 39 6.245
10417.5 30 5.47723
10418.5 31 5.56776
10419.5 50 7.07107
10420.5 42 6.48074
10421.5 32 5.65685
10422.5 33 5.74456
10423.5 37 6.08276
10424.5 28 5.2915
10425.5 25 5
10426.5 20 4.47214
10427.5 35 5.91608
10428.5 31 5.56776
10429.5 30 5.47723
10430.5 29 5.38516
10431.5 37 6.08276
10432.5 34 5.83095
10433.5 26 5.09902
10434.5 26 5.09902
10435.5 38 6.16441
10436.5 26 5.09902
10437.5 42 6.48074
10438.5 33 5.74456
10439.5 32 5.65685
10440.5 37 6.08276
10441.5 45 6.7082
10442.5 29 5.38516
10443.5 43 6.55744
10444.5 41 6.40312
10445.5 36 6
10446.5 35 5.91608
10447.5 33 5.74456
10448.5 30 5.47723
10449.5 27 5.19615
10450.5 20 4.47214
10451.5 29 5.38516
10452.5 27 5.19615
10453.5 44 6.63325
10454.5 28 5.2915
10455.5 27 5.19615
10456.5 37 6.08276
10457.5 39 6.245
10458.5 22 4.69042
10459.5 35 5.91608
10460.5 33 5.74456
10461.5 22 4.69042
10462.5 30 5.47723
10463.5 35 5.91608
10464.5 34 5.83095
10465.5 34 5.83095
10466.5 37 6.08276
10467.5 37 6.08276
10468.5 29 5.38516
10469.5 27 5.19615
10470.5 27 5.19615
10471.5 34 5.83095
10472.5 34 5.83095
10473.5 27 5.19615
10474.5 29 5.38516
10475.5 31 5.56776
10476.5 24 4.89898
10477.5 23 4.79583
10478.5 28 5.2915
10479.5 27 5.19615
10480.5 27 5.19615
10481.5 22 4.69042
10482.5 27 5.19615
10483.5 23 4.79583
10484.5 31 5.56776
10485.5 30 5.47723
10486.5 24 4.89898
10487.5 26 5.09902
10488.5 32 5.65685
10489.5 26 5.09902
10490.5 19 4.3589
10491.5 27 5.19615
10492.5 30 5.47723
10493.5 23 4.79583
10494.5 28 5.2915
10495.5 29 5.38516
10496.5 27 5.19615
10497.5 30 5.47723
10498.5 29 5.38516
10499.5 29 5.38516
10500.5 26 5.09902
10501.5 29 5.38516
10502.5 25 5
10503.5 39 6.245
10504.5 41 6.40312
10505.5 22 4.69042
10506.5 37 6.08276
10507.5 29 5.38516
10508.5 39 6.245
10509.5 26 5.09902
10510.5 27 5.19615
10511.5 32 5.65685
10512.5 31 5.56776
10513.5 36 6
10514.5 20 4.47214
10515.5 22 4.69042
10516.5 25 5
10517.5 21 4.58258
10518.5 30 5.47723
10519.5 30 5.47723
10520.5 29 5.38516
10521.5 28 5.2915
10522.5 39 6.245
10523.5 17 4.12311
10524.5 27 5.19615
10525.5 22 4.69042
10526.5 31 5.56776
10527.5 22 4.69042
10528.5 29 5.38516
10529.5 20 4.47214
10530.5 27 5.19615
10531.5 17 4.12311
10532.5 23 4.79583
10533.5 22 4.69042
10534.5 30 5.47723
10535.5 23 4.79583
10536.5 19 4.3589
10537.5 21 4.58258
10538.5 21 4.58258
10539.5 25 5
10540.5 33 5.74456
10541.5 21 4.58258
10542.5 28 5.2915
10543.5 24 4.89898
10544.5 28 5.2915
10545.5 26 5.09902
10546.5 31 5.56776
10547.5 30 5.47723
10548.5 17 4.12311
10549.5 24 4.89898
10550.5 28 5.2915
10551.5 25 5
10552.5 17 4.12311
10553.5 21 4.58258
10554.5 28 5.2915
10555.5 19 4.3589
10556.5 13 3.60555
10557.5 14 3.74166
10558.5 28 5.2915
10559.5 22 4.69042
10560.5 33 5.74456
10561.5 16 4
10562.5 25 5
10563.5 24 4.89898
10564.5 25 5
10565.5 31 5.56776
10566.5 22 4.69042
10567.5 15 3.87298
10568.5 24 4.89898
10569.5 21 4.58258
10570.5 13 3.60555
10571.5 26 5.09902
10572.5 26 5.09902
10573.5 15 3.87298
10574.5 16 4
10575.5 26 5.09902
10576.5 17 4.12311
10577.5 17 4.12311
10578.5 20 4.47214
10579.5 17 4.12311
10580.5 20 4.47214
10581.5 22 4.69042
10582.5 14 3.74166
10583.5 17 4.12311
10584.5 16 4
10585.5 18 4.24264
10586.5 16 4
10587.5 23 4.79583
10588.5 19 4.3589
10589.5 17 4.12311
10590.5 23 4.79583
10591.5 25 5
10592.5 24 4.89898
10593.5 20 4.47214
10594.5 24 4.89898
10595.5 16 4
10596.5 27 5.19615
10597.5 16 4
10598.5 14 3.74166
10599.5 8 2.82843
10600.5 24 4.89898
10601.5 23 4.79583
10602.5 12 3.4641
10603.5 15 3.87298
10604.5 16 4
10605.5 28 5.2915
10606.5 19 4.3589
10607.5 14 3.74166
10608.5 19 4.3589
10609.5 22 4.69042
10610.5 25 5
10611.5 21 4.58258
10612.5 17 4.12311
10613.5 21 4.58258
10614.5 18 4.24264
10615.5 12 3.4641
10616.5 14 3.74166
10617.5 20 4.47214
10618.5 26 5.09902
10619.5 15 3.87298
10620.5 14 3.74166
10621.5 17 4.12311
10622.5 25 5
10623.5 17 4.12311
10624.5 14 3.74166
10625.5 18 4.24264
10626.5 16 4
10627.5 20 4.47214
10628.5 22 4.69042
10629.5 24 4.89898
10630.5 20 4.47214
10631.5 16 4
10632.5 22 4.69042
10633.5 17 4.12311
10634.5 22 4.69042
10635.5 25 5
10636.5 18 4.24264
10637.5 15 3.87298
10638.5 21 4.58258
10639.5 12 3.4641
10640.5 23 4.79583
10641.5 16 4
10642.5 30 5.47723
10643.5 17 4.12311
10644.5 20 4.47214
10645.5 22 4.69042
10646.5 21 4.58258
10647.5 11 3.31662
10648.5 23 4.79583
10649.5 18 4.24264
10650.5 23 4.79583
10651.5 11 3.31662
10652.5 23 4.79583
10653.5 17 4.12311
10654.5 15 3.87298
10655.5 13 3.60555
10656.5 16 4
10657.5 21 4.58258
10658.5 22 4.69042
10659.5 17 4.12311
10660.5 17 4.12311
10661.5 16 4
10662.5 15 3.87298
10663.5 20 4.47214
10664.5 21 4.58258
10665.5 22 4.69042
10666.5 15 3.87298
10667.5 14 3.74166
10668.5 18 4.24264
10669.5 14 3.74166
10670.5 11 3.31662
10671.5 17 4.12311
10672.5 16 4
10673.5 13 3.60555
10674.5 14 3.74166
10675.5 20 4.47214
10676.5 18 4.24264
10677.5 18 4.24264
10678.5 15 3.87298
10679.5 21 4.58258
10680.5 19 4.3589
10681.5 20 4.47214
10682.5 13 3.60555
10683.5 15 3.87298
10684.5 17 4.12311
10685.5 25 5
10686.5 12 3.4641
10687.5 16 4
10688.5 19 4.3589
10689.5 12 3.4641
10690.5 18 4.24264
10691.5 20 4.47214
10692.5 13 3.60555
10693.5 23 4.79583
10694.5 17 4.12311
10695.5 17 4.12311
10696.5 19 4.3589
10697.5 19 4.3589
10698.5 13 3.60555
10699.5 9 3
10700.5 12 3.4641
10701.5 17 4.12311
10702.5 13 3.60555
10703.5 14 3.74166
10704.5 12 3.4641
10705.5 15 3.87298
10706.5 12 3.4641
10707.5 16 4
10708.5 12 3.4641
10709.5 13 3.60555
10710.5 17 4.12311
10711.5 12 3.4641
10712.5 18 4.24264
10713.5 13 3.60555
10714.5 18 4.24264
10715.5 11 3.31662
10716.5 11 3.31662
10717.5 14 3.74166
10718.5 20 4.47214
10719.5 19 4.3589
10720.5 19 4.3589
10721.5 8 2.82843
10722.5 13 3.60555
10723.5 13 3.60555
10724.5 16 4
10725.5 17 4.12311
10726.5 13 3.60555
10727.5 22 4.69042
10728.5 21 4.58258
10729.5 15 3.87298
10730.5 15 3.87298
10731.5 21 4.58258
10732.5 16 4
10733.5 18 4.24264
10734.5 8 2.82843
10735.5 11 3.31662
10736.5 18 4.24264
10737.5 20 4.47214
10738.5 18 4.24264
10739.5 13 3.60555
10740.5 17 4.12311
10741.5 18 4.24264
10742.5 12 3.4641
10743.5 7 2.64575
10744.5 20 4.47214
10745.5 12 3.4641
10746.5 11 3.31662
10747.5 16 4
10748.5 6 2.44949
10749.5 11 3.31662
10750.5 11 3.31662
10751.5 7 2.64575
10752.5 16 4
10753.5 18 4.24264
10754.5 17 4.12311
10755.5 14 3.74166
10756.5 17 4.12311
10757.5 14 3.74166
10758.5 9 3
10759.5 15 3.87298
10760.5 15 3.87298
10761.5 8 2.82843
10762.5 21 4.58258
10763.5 11 3.31662
10764.5 11 3.31662
10765.5 12 3.4641
10766.5 15 3.87298
10767.5 11 3.31662
10768.5 9 3
10769.5 8 2.82843
10770.5 12 3.4641
10771.5 11 3.31662
10772.5 17 4.12311
10773.5 14 3.74166
10774.5 11 3.31662
10775.5 11 3.31662
10776.5 12 3.4641
10777.5 11 3.31662
10778.5 8 2.82843
10779.5 16 4
10780.5 7 2.64575
10781.5 15 3.87298
10782.5 9 3
10783.5 22 4.69042
10784.5 13 3.60555
10785.5 10 3.16228
10786.5 16 4
10787.5 14 3.74166
10788.5 12 3.4641
10789.5 14 3.74166
10790.5 22 4.69042
10791.5 8 2.82843
10792.5 10 3.16228
10793.5 11 3.31662
10794.5 11 3.31662
10795.5 13 3.60555
10796.5 14 3.74166
10797.5 16 4
10798.5 6 2.44949
10799.5 13 3.60555
10800.5 11 3.31662
10801.5 14 3.74166
10802.5 12 3.4641
10803.5 13 3.60555
10804.5 16 4
10805.5 19 4.3589
10806.5 14 3.74166
10807.5 14 3.74166
10808.5 20 4.47214
10809.5 8 2.82843
10810.5 11 3.31662
10811.5 9 3
10812.5 11 3.31662
10813.5 13 3.60555
10814.5 18 4.24264
10815.5 18 4.24264
10816.5 16 4
10817.5 11 3.31662
10818.5 17 4.12311
10819.5 10 3.16228
10820.5 17 4.12311
10821.5 10 3.16228
10822.5 11 3.31662
10823.5 10 3.16228
10824.5 17 4.12311
10825.5 12 3.4641
10826.5 10 3.16228
10827.5 11 3.31662
10828.5 18 4.24264
10829.5 14 3.74166
10830.5 10 3.16228
10831.5 17 4.12311
10832.5 8 2.82843
10833.5 11 3.31662
10834.5 11 3.31662
10835.5 14 3.74166
10836.5 9 3
10837.5 12 3.4641
10838.5 11 3.31662
10839.5 12 3.4641
10840.5 10 3.16228
10841.5 12 3.4641
10842.5 15 3.87298
10843.5 10 3.16228
10844.5 8 2.82843
10845.5 8 2.82843
10846.5 9 3
10847.5 10 3.16228
10848.5 16 4
10849.5 17 4.12311
10850.5 17 4.12311
10851.5 11 3.31662
10852.5 14 3.74166
10853.5 16 4
10854.5 13 3.60555
10855.5 7 2.64575
10856.5 11 3.31662
10857.5 15 3.87298
10858.5 15 3.87298
10859.5 11 3.31662
10860.5 9 3
10861.5 13 3.60555
10862.5 17 4.12311
10863.5 9 3
10864.5 17 4.12311
10865.5 9 3
10866.5 12 3.4641
10867.5 15 3.87298
10868.5 13 3.60555
10869.5 13 3.60555
10870.5 17 4.12311
10871.5 8 2.82843
10872.5 12 3.4641
10873.5 9 3
10874.5 7 2.64575
10875.5 8 2.82843
10876.5 22 4.69042
10877.5 15 3.87298
10878.5 7 2.64575
10879.5 10 3.16228
10880.5 10 3.16228
10881.5 11 3.31662
10882.5 9 3
10883.5 16 4
10884.5 7 2.64575
10885.5 9 3
10886.5 14 3.74166
10887.5 9 3
10888.5 10 3.16228
10889.5 16 4
10890.5 13 3.60555
10891.5 14 3.74166
10892.5 14 3.74166
10893.5 4 2
10894.5 14 3.74166
10895.5 19 4.3589
10896.5 15 3.87298
10897.5 12 3.4641
10898.5 13 3.60555
10899.5 14 3.74166
10900.5 14 3.74166
10901.5 17 4.12311
10902.5 14 3.74166
10903.5 9 3
10904.5 13 3.60555
10905.5 12 3.4641
10906.5 8 2.82843
10907.5 15 3.87298
10908.5 6 2.44949
10909.5 10 3.16228
10910.5 16 4
10911.5 14 3.74166
10912.5 10 3.16228
10913.5 12 3.4641
10914.5 17 4.12311
10915.5 14 3.74166
10916.5 16 4
10917.5 11 3.31662
10918.5 6 2.44949
10919.5 12 3.4641
10920.5 11 3.31662
10921.5 12 3.4641
10922.5 15 3.87298
10923.5 7 2.64575
10924.5 14 3.74166
10925.5 12 3.4641
10926.5 9 3
10927.5 9 3
10928.5 14 3.74166
10929.5 12 3.4641
10930.5 15 3.87298
10931.5 9 3
10932.5 13 3.60555
10933.5 8 2.82843
10934.5 13 3.60555
10935.5 10 3.16228
10936.5 7 2.64575
10937.5 13 3.60555
10938.5 15 3.87298
10939.5 12 3.4641
10940.5 10 3.16228
10941.5 11 3.31662
10942.5 15 3.87298
10943.5 10 3.16228
10944.5 13 3.60555
10945.5 14 3.74166
10946.5 14 3.74166
10947.5 5 2.23607
10948.5 13 3.60555
10949.5 6 2.44949
10950.5 11 3.31662
10951.5 14 3.74166
10952.5 16 4
10953.5 8 2.82843
10954.5 5 2.23607
10955.5 11 3.31662
10956.5 8 2.82843
10957.5 14 3.74166
10958.5 15 3.87298
10959.5 17 4.12311
10960.5 9 3
10961.5 10 3.16228
10962.5 15 3.87298
10963.5 13 3.60555
10964.5 13 3.60555
10965.5 9 3
10966.5 12 3.4641
10967.5 8 2.82843
10968.5 16 4
10969.5 11 3.31662
10970.5 10 3.16228
10971.5 10 3.16228
10972.5 10 3.16228
10973.5 9 3
10974.5 11 3.31662
10975.5 10 3.16228
10976.5 13 3.60555
10977.5 13 3.60555
10978.5 12 3.4641
10979.5 10 3.16228
10980.5 8 2.82843
10981.5 12 3.4641
10982.5 16 4
10983.5 11 3.31662
10984.5 11 3.31662
10985.5 16 4
10986.5 10 3.16228
10987.5 12 3.4641
10988.5 8 2.82843
10989.5 11 3.31662
10990.5 10 3.16228
10991.5 11 3.31662
10992.5 10 3.16228
10993.5 9 3
10994.5 16 4
10995.5 20 4.47214
10996.5 14 3.74166
10997.5 12 3.4641
10998.5 8 2.82843
10999.5 12 3.4641
11000.5 17 4.12311
11001.5 12 3.4641
11002.5 15 3.87298
11003.5 12 3.4641
11004.5 15 3.87298
11005.5 16 4
11006.5 7 2.64575
11007.5 5 2.23607
11008.5 17 4.12311
11009.5 13 3.60555
11010.5 8 2.82843
11011.5 13 3.60555
11012.5 7 2.64575
11013.5 12 3.4641
11014.5 11 3.31662
11015.5 10 3.16228
11016.5 12 3.4641
11017.5 19 4.3589
11018.5 15 3.87298
11019.5 10 3.16228
11020.5 14 3.74166
11021.5 10 3.16228
11022.5 9 3
11023.5 12 3.4641
11024.5 10 3.16228
11025.5 12 3.4641
11026.5 9 3
11027.5 11 3.31662
11028.5 8 2.82843
11029.5 14 3.74166
11030.5 12 3.4641
11031.5 15 3.87298
11032.5 11 3.31662
11033.5 12 3.4641
11034.5 9 3
11035.5 9 3
11036.5 11 3.31662
11037.5 8 2.82843
11038.5 15 3.87298
11039.5 16 4
11040.5 14 3.74166
11041.5 12 3.4641
11042.5 18 4.24264
11043.5 12 3.4641
11044.5 10 3.16228
11045.5 17 4.12311
11046.5 11 3.31662
11047.5 11 3.31662
11048.5 11 3.31662
11049.5 14 3.74166
11050.5 15 3.87298
11051.5 12 3.4641
11052.5 16 4
11053.5 13 3.60555
11054.5 16 4
11055.5 12 3.4641
11056.5 13 3.60555
11057.5 17 4.12311
11058.5 13 3.60555
11059.5 11 3.31662
11060.5 15 3.87298
11061.5 17 4.12311
11062.5 17 4.12311
11063.5 19 4.3589
11064.5 18 4.24264
11065.5 19 4.3589
11066.5 13 3.60555
11067.5 20 4.47214
11068.5 16 4
11069.5 17 4.12311
11070.5 20 4.47214
11071.5 15 3.87298
11072.5 13 3.60555
11073.5 14 3.74166
11074.5 14 3.74166
11075.5 14 3.74166
11076.5 20 4.47214
11077.5 22 4.69042
11078.5 26 5.09902
11079.5 28 5.2915
11080.5 24 4.89898
11081.5 26 5.09902
11082.5 22 4.69042
11083.5 24 4.89898
11084.5 22 4.69042
11085.5 22 4.69042
11086.5 26 5.09902
11087.5 22 4.69042
11088.5 27 5.19615
11089.5 23 4.79583
11090.5 26 5.09902
11091.5 40 6.32456
11092.5 36 6
11093.5 27 5.19615
11094.5 35 5.91608
11095.5 27 5.19615
11096.5 37 6.08276
11097.5 33 5.74456
11098.5 43 6.55744
11099.5 25 5
11100.5 41 6.40312
11101.5 35 5.91608
11102.5 40 6.32456
11103.5 51 7.14143
11104.5 50 7.07107
11105.5 65 8.06226
11106.5 44 6.63325
11107.5 58 7.61577
11108.5 49 7
11109.5 72 8.48528
11110.5 63 7.93725
11111.5 69 8.30662
11112.5 67 8.18535
11113.5 72 8.48528
11114.5 91 9.53939
11115.5 94 9.69536
11116.5 105 10.247
11117.5 84 9.16515
11118.5 100 10
11119.5 95 9.74679
11120.5 116 10.7703
11121.5 111 10.5357
11122.5 116 10.7703
11123.5 108 10.3923
11124.5 131 11.4455
11125.5 140 11.8322
11126.5 154 12.4097
11127.5 163 12.7671
11128.5 130 11.4018
11129.5 164 12.8062
11130.5 193 13.8924
11131.5 195 13.9642
11132.5 193 13.8924
11133.5 184 13.5647
11134.5 226 15.0333
11135.5 199 14.1067
11136.5 221 14.8661
11137.5 214 14.6287
11138.5 237 15.3948
11139.5 255 15.9687
11140.5 263 16.2173
11141.5 263 16.2173
11142.5 269 16.4012
11143.5 278 16.6733
11144.5 294 17.1464
11145.5 298 17.2627
11146.5 263 16.2173
11147.5 297 17.2337
11148.5 312 17.6635
11149.5 293 17.1172
11150.5 313 17.6918
11151.5 332 18.2209
11152.5 288 16.9706
11153.5 349 18.6815
11154.5 362 19.0263
11155.5 331 18.1934
11156.5 416 20.3961
11157.5 373 19.3132
11158.5 363 19.0526
11159.5 368 19.1833
11160.5 386 19.6469
11161.5 407 20.1742
11162.5 433 20.8087
11163.5 420 20.4939
11164.5 474 21.7715
11165.5 483 21.9773
11166.5 526 22.9347
11167.5 505 22.4722
11168.5 530 23.0217
11169.5 562 23.7065
11170.5 557 23.6008
11171.5 594 24.3721
11172.5 572 23.9165
11173.5 662 25.7294
11174.5 662 25.7294
11175.5 741 27.2213
11176.5 708 26.6083
11177.5 736 27.1293
11178.5 725 26.9258
11179.5 779 27.9106
11180.5 799 28.2666
11181.5 777 27.8747
11182.5 813 28.5132
11183.5 789 28.0891
11184.5 841 29
11185.5 842 29.0172
11186.5 940 30.6594
11187.5 886 29.7658
11188.5 978 31.273
11189.5 931 30.5123
11190.5 936 30.5941
11191.5 899 29.9833
11192.5 988 31.4325
11193.5 947 30.7734
11194.5 921 30.348
11195.5 906 30.0998
11196.5 893 29.8831
11197.5 885 29.7489
11198.5 871 29.5127
11199.5 810 28.4605
11200.5 840 28.9828
11201.5 780 27.9285
11202.5 760 27.5681
11203.5 751 27.4044
11204.5 773 27.8029
11205.5 752 27.4226
11206.5 716 26.7582
11207.5 629 25.0799
11208.5 622 24.9399
11209.5 582 24.1247
11210.5 618 24.8596
11211.5 510 22.5832
11212.5 475 21.7945
11213.5 509 22.561
11214.5 478 21.8632
11215.5 428 20.6882
11216.5 414 20.347
11217.5 404 20.0998
11218.5 356 18.868
11219.5 339 18.412
11220.5 373 19.3132
11221.5 317 17.8045
11222.5 325 18.0278
11223.5 279 16.7033
11224.5 280 16.7332
11225.5 263 16.2173
11226.5 280 16.7332
11227.5 264 16.2481
11228.5 262 16.1864
11229.5 222 14.8997
11230.5 202 14.2127
11231.5 235 15.3297
11232.5 208 14.4222
11233.5 194 13.9284
11234.5 215 14.6629
11235.5 202 14.2127
11236.5 206 14.3527
11237.5 194 13.9284
11238.5 176 13.2665
11239.5 164 12.8062
11240.5 149 12.2066
11241.5 167 12.9228
11242.5 134 11.5758
11243.5 145 12.0416
11244.5 140 11.8322
11245.5 131 11.4455
11246.5 134 11.5758
11247.5 114 10.6771
11248.5 107 10.3441
11249.5 121 11
11250.5 111 10.5357
11251.5 124 11.1355
11252.5 120 10.9545
11253.5 108 10.3923
11254.5 97 9.84886
11255.5 109 10.4403
11256.5 104 10.198
11257.5 96 9.79796
11258.5 91 9.53939
11259.5 85 9.21954
11260.5 82 9.05539
11261.5 85 9.21954
11262.5 83 9.11043
11263.5 76 8.7178
11264.5 73 8.544
11265.5 78 8.83176
11266.5 52 7.2111
11267.5 62 7.87401
11268.5 52 7.2111
11269.5 51 7.14143
11270.5 68 8.24621
11271.5 45 6.7082
11272.5 54 7.34847
11273.5 51 7.14143
11274.5 50 7.07107
11275.5 50 7.07107
11276.5 47 6.85565
11277.5 40 6.32456
11278.5 42 6.48074
11279.5 31 5.56776
11280.5 23 4.79583
11281.5 40 6.32456
11282.5 39 6.245
11283.5 49 7
11284.5 24 4.89898
11285.5 26 5.09902
11286.5 29 5.38516
11287.5 32 5.65685
11288.5 26 5.09902
11289.5 20 4.47214
11290.5 19 4.3589
11291.5 24 4.89898
11292.5 25 5
11293.5 18 4.24264
11294.5 22 4.69042
11295.5 17 4.12311
11296.5 21 4.58258
11297.5 23 4.79583
11298.5 15 3.87298
11299.5 11 3.31662
11300.5 23 4.79583
11301.5 19 4.3589
11302.5 10 3.16228
11303.5 15 3.87298
11304.5 14 3.74166
11305.5 17 4.12311
11306.5 16 4
11307.5 17 4.12311
11308.5 14 3.74166
11309.5 8 2.82843
11310.5 12 3.4641
11311.5 15 3.87298
11312.5 13 3.60555
11313.5 14 3.74166
11314.5 14 3.74166
11315.5 10 3.16228
11316.5 13 3.60555
11317.5 14 3.74166
11318.5 18 4.24264
11319.5 9 3
11320.5 12 3.4641
11321.5 4 2
11322.5 9 3
11323.5 10 3.16228
11324.5 8 2.82843
11325.5 9 3
11326.5 10 3.16228
11327.5 15 3.87298
11328.5 5 2.23607
11329.5 6 2.44949
11330.5 6 2.44949
11331.5 10 3.16228
11332.5 9 3
11333.5 13 3.60555
11334.5 9 3
11335.5 6 2.44949
11336.5 9 3
11337.5 4 2
11338.5 7 2.64575
11339.5 9 3
11340.5 5 2.23607
11341.5 6 2.44949
11342.5 4 2
11343.5 6 2.44949
11344.5 8 2.82843
11345.5 11 3.31662
11346.5 8 2.82843
11347.5 5 2.23607
11348.5 13 3.60555
11349.5 4 2
11350.5 7 2.64575
11351.5 10 3.16228
11352.5 6 2.44949
11353.5 4 2
11354.5 6 2.44949
11355.5 7 2.64575
11356.5 4 2
11357.5 5 2.23607
11358.5 8 2.82843
11359.5 5 2.23607
11360.5 12 3.4641
11361.5 6 2.44949
11362.5 7 2.64575
11363.5 9 3
11364.5 5 2.23607
11365.5 9 3
11366.5 9 3
11367.5 4 2
11368.5 9 3
11369.5 3 1.73205
11370.5 8 2.82843
11371.5 4 2
11372.5 5 2.23607
11373.5 6 2.44949
11374.5 1 1
11375.5 4 2
11376.5 7 2.64575
11377.5 9 3
11378.5 5 2.23607
11379.5 7 2.64575
11380.5 2 1.41421
11381.5 7 2.64575
11382.5 3 1.73205
11383.5 5 2.23607
11384.5 6 2.44949
11385.5 3 1.73205
11386.5 6 2.44949
11387.5 4 2
11388.5 7 2.64575
11389.5 4 2
11390.5 6 2.44949
11391.5 10 3.16228
11392.5 1 1
11393.5 10 3.16228
11394.5 4 2
11395.5 6 2.44949
11396.5 6 2.44949
11397.5 6 2.44949
11398.5 10 3.16228
11399.5 1 1
11400.5 5 2.23607
11401.5 3 1.73205
11402.5 5 2.23607
11403.5 5 2.23607
11404.5 11 3.31662
11405.5 4 2
11406.5 3 1.73205
11407.5 8 2.82843
11408.5 4 2
11409.5 2 1.41421
11410.5 5 2.23607
11411.5 3 1.73205
11412.5 7 2.64575
11413.5 9 3
11414.5 0 0
11415.5 12 3.4641
11416.5 6 2.44949
11417.5 6 2.44949
11418.5 4 2
11419.5 7 2.64575
11420.5 3 1.73205
11421.5 7 2.64575
11422.5 10 3.16228
11423.5 6 2.44949
11424.5 3 1.73205
11425.5 7 2.64575
11426.5 5 2.23607
11427.5 2 1.41421
11428.5 5 2.23607
11429.5 6 2.44949
11430.5 7 2.64575
11431.5 9 3
11432.5 7 2.64575
11433.5 10 3.16228
11434.5 6 2.44949
11435.5 8 2.82843
11436.5 8 2.82843
11437.5 8 2.82843
11438.5 9 3
11439.5 7 2.64575
11440.5 7 2.64575
11441.5 3 1.73205
11442.5 5 2.23607
11443.5 3 1.73205
11444.5 6 2.44949
11445.5 10 3.16228
11446.5 3 1.73205
11447.5 8 2.82843
11448.5 6 2.44949
11449.5 4 2
11450.5 10 3.16228
11451.5 7 2.64575
11452.5 5 2.23607
11453.5 5 2.23607
11454.5 9 3
11455.5 14 3.74166
11456.5 8 2.82843
11457.5 6 2.44949
11458.5 8 2.82843
11459.5 8 2.82843
11460.5 5 2.23607
11461.5 11 3.31662
11462.5 8 2.82843
11463.5 6 2.44949
11464.5 6 2.44949
11465.5 9 3
11466.5 7 2.64575
11467.5 9 3
11468.5 6 2.44949
11469.5 5 2.23607
11470.5 12 3.4641
11471.5 11 3.31662
11472.5 12 3.4641
11473.5 10 3.16228
11474.5 9 3
11475.5 5 2.23607
11476.5 9 3
11477.5 5 2.23607
11478.5 13 3.60555
11479.5 9 3
11480.5 14 3.74166
11481.5 13 3.60555
11482.5 10 3.16228
11483.5 7 2.64575
11484.5 8 2.82843
11485.5 11 3.31662
11486.5 13 3.60555
11487.5 6 2.44949
11488.5 11 3.31662
11489.5 9 3
11490.5 12 3.4641
11491.5 9 3
11492.5 8 2.82843
11493.5 10 3.16228
11494.5 13 3.60555
11495.5 9 3
11496.5 11 3.31662
11497.5 8 2.82843
11498.5 8 2.82843
11499.5 10 3.16228
11500.5 11 3.31662
11501.5 9 3
11502.5 10 3.16228
11503.5 7 2.64575
11504.5 5 2.23607
11505.5 6 2.44949
11506.5 9 3
11507.5 11 3.31662
11508.5 8 2.82843
11509.5 7 2.64575
11510.5 5 2.23607
11511.5 6 2.44949
11512.5 10 3.16228
11513.5 8 2.82843
11514.5 4 2
11515.5 9 3
11516.5 6 2.44949
11517.5 8 2.82843
11518.5 5 2.23607
11519.5 11 3.31662
11520.5 10 3.16228
11521.5 7 2.64575
11522.5 5 2.23607
11523.5 5 2.23607
11524.5 5 2.23607
11525.5 5 2.23607
11526.5 6 2.44949
11527.5 7 2.64575
11528.5 7 2.64575
11529.5 7 2.64575
11530.5 3 1.73205
11531.5 1 1
11532.5 6 2.44949
11533.5 6 2.44949
11534.5 8 2.82843
11535.5 6 2.44949
11536.5 4 2
11537.5 2 1.41421
11538.5 4 2
11539.5 10 3.16228
11540.5 5 2.23607
11541.5 9 3
11542.5 6 2.44949
11543.5 10 3.16228
11544.5 11 3.31662
11545.5 4 2
11546.5 4 2
11547.5 5 2.23607
11548.5 5 2.23607
11549.5 1 1
11550.5 3 1.73205
11551.5 4 2
11552.5 7 2.64575
11553.5 5 2.23607
11554.5 8 2.82843
11555.5 6 2.44949
11556.5 6 2.44949
11557.5 4 2
11558.5 4 2
11559.5 5 2.23607
11560.5 3 1.73205
11561.5 6 2.44949
11562.5 9 3
11563.5 5 2.23607
11564.5 5 2.23607
11565.5 3 1.73205
11566.5 6 2.44949
11567.5 4 2
11568.5 9 3
11569.5 4 2
11570.5 8 2.82843
11571.5 6 2.44949
11572.5 4 2
11573.5 5 2.23607
11574.5 3 1.73205
11575.5 4 2
11576.5 6 2.44949
11577.5 6 2.44949
11578.5 8 2.82843
11579.5 4 2
11580.5 1 1
11581.5 8 2.82843
11582.5 5 2.23607
11583.5 2 1.41421
11584.5 6 2.44949
11585.5 4 2
11586.5 4 2
11587.5 5 2.23607
11588.5 5 2.23607
11589.5 6 2.44949
11590.5 9 3
11591.5 6 2.44949
11592.5 2 1.41421
11593.5 7 2.64575
11594.5 4 2
11595.5 10 3.16228
11596.5 3 1.73205
11597.5 5 2.23607
11598.5 6 2.44949
11599.5 12 3.4641
11600.5 3 1.73205
11601.5 5 2.23607
11602.5 5 2.23607
11603.5 5 2.23607
11604.5 4 2
11605.5 7 2.64575
11606.5 3 1.73205
11607.5 4 2
11608.5 5 2.23607
11609.5 7 2.64575
11610.5 8 2.82843
11611.5 5 2.23607
11612.5 3 1.73205
11613.5 6 2.44949
11614.5 7 2.64575
11615.5 7 2.64575
11616.5 3 1.73205
11617.5 4 2
11618.5 4 2
11619.5 10 3.16228
11620.5 4 2
11621.5 4 2
11622.5 4 2
11623.5 6 2.44949
11624.5 4 2
11625.5 7 2.64575
11626.5 4 2
11627.5 4 2
11628.5 3 1.73205
11629.5 1 1
11630.5 4 2
11631.5 9 3
11632.5 3 1.73205
11633.5 4 2
11634.5 4 2
11635.5 7 2.64575
11636.5 8 2.82843
11637.5 2 1.41421
11638.5 7 2.64575
11639.5 7 2.64575
11640.5 5 2.23607
11641.5 1 1
11642.5 3 1.73205
11643.5 3 1.73205
11644.5 3 1.73205
11645.5 5 2.23607
11646.5 4 2
11647.5 6 2.44949
11648.5 4 2
11649.5 5 2.23607
11650.5 7 2.64575
11651.5 4 2
11652.5 11 3.31662
11653.5 3 1.73205
11654.5 5 2.23607
11655.5 5 2.23607
11656.5 4 2
11657.5 8 2.82843
11658.5 11 3.31662
11659.5 9 3
11660.5 8 2.82843
11661.5 4 2
11662.5 4 2
11663.5 5 2.23607
11664.5 4 2
11665.5 3 1.73205
11666.5 4 2
11667.5 2 1.41421
11668.5 1 1
11669.5 6 2.44949
11670.5 3 1.73205
11671.5 2 1.41421
11672.5 4 2
11673.5 4 2
11674.5 6 2.44949
11675.5 7 2.64575
11676.5 7 2.64575
11677.5 2 1.41421
11678.5 5 2.23607
11679.5 7 2.64575
11680.5 7 2.64575
11681.5 6 2.44949
11682.5 11 3.31662
11683.5 7 2.64575
11684.5 7 2.64575
11685.5 1 1
11686.5 0 0
11687.5 3 1.73205
11688.5 8 2.82843
11689.5 2 1.41421
11690.5 14 3.74166
11691.5 3 1.73205
11692.5 6 2.44949
11693.5 6 2.44949
11694.5 4 2
11695.5 5 2.23607
11696.5 5 2.23607
11697.5 7 2.64575
11698.5 1 1
11699.5 2 1.41421
11700.5 3 1.73205
11701.5 8 2.82843
11702.5 8 2.82843
11703.5 4 2
11704.5 2 1.41421
11705.5 8 2.82843
11706.5 3 1.73205
11707.5 2 1.41421
11708.5 4 2
11709.5 5 2.23607
11710.5 1 1
11711.5 7 2.64575
11712.5 2 1.41421
11713.5 4 2
11714.5 3 1.73205
11715.5 5 2.23607
11716.5 3 1.73205
11717.5 3 1.73205
11718.5 4 2
11719.5 5 2.23607
11720.5 6 2.44949
11721.5 7 2.64575
11722.5 4 2
11723.5 5 2.23607
11724.5 0 0
11725.5 6 2.44949
11726.5 4 2
11727.5 7 2.64575
11728.5 5 2.23607
11729.5 2 1.41421
11730.5 14 3.74166
11731.5 10 3.16228
11732.5 9 3
11733.5 4 2
11734.5 3 1.73205
11735.5 2 1.41421
11736.5 4 2
11737.5 5 2.23607
11738.5 1 1
11739.5 6 2.44949
11740.5 5 2.23607
11741.5 3 1.73205
11742.5 6 2.44949
11743.5 5 2.23607
11744.5 5 2.23607
11745.5 5 2.23607
11746.5 5 2.23607
11747.5 8 2.82843
11748.5 6 2.44949
11749.5 5 2.23607
11750.5 7 2.64575
11751.5 5 2.23607
11752.5 5 2.23607
11753.5 1 1
11754.5 9 3
11755.5 1 1
11756.5 8 2.82843
11757.5 8 2.82843
11758.5 6 2.44949
11759.5 8 2.82843
11760.5 5 2.23607
11761.5 3 1.73205
11762.5 4 2
11763.5 4 2
11764.5 4 2
11765.5 6 2.44949
11766.5 4 2
11767.5 3 1.73205
11768.5 4 2
11769.5 8 2.82843
11770.5 8 2.82843
11771.5 0 0
11772.5 7 2.64575
11773.5 5 2.23607
11774.5 4 2
11775.5 7 2.64575
11776.5 4 2
11777.5 5 2.23607
11778.5 5 2.23607
11779.5 4 2
11780.5 7 2.64575
11781.5 5 2.23607
11782.5 11 3.31662
11783.5 4 2
11784.5 3 1.73205
11785.5 6 2.44949
11786.5 5 2.23607
11787.5 5 2.23607
11788.5 5 2.23607
11789.5 5 2.23607
11790.5 2 1.41421
11791.5 5 2.23607
11792.5 4 2
11793.5 8 2.82843
11794.5 5 2.23607
11795.5 0 0
11796.5 6 2.44949
11797.5 7 2.64575
11798.5 7 2.64575
11799.5 6 2.44949
11800.5 3 1.73205
11801.5 5 2.23607
11802.5 3 1.73205
11803.5 3 1.73205
11804.5 8 2.82843
11805.5 8 2.82843
11806.5 3 1.73205
11807.5 5 2.23607
11808.5 1 1
11809.5 2 1.41421
11810.5 10 3.16228
11811.5 4 2
11812.5 6 2.44949
11813.5 2 1.41421
11814.5 4 2
11815.5 8 2.82843
11816.5 7 2.64575
11817.5 7 2.64575
11818.5 4 2
11819.5 3 1.73205
11820.5 9 3
11821.5 3 1.73205
11822.5 3 1.73205
11823.5 3 1.73205
11824.5 3 1.73205
11825.5 7 2.64575
11826.5 10 3.16228
11827.5 9 3
11828.5 3 1.73205
11829.5 3 1.73205
11830.5 7 2.64575
11831.5 6 2.44949
11832.5 3 1.73205
11833.5 6 2.44949
11834.5 9 3
11835.5 4 2
11836.5 4 2
11837.5 3 1.73205
11838.5 3 1.73205
11839.5 3 1.73205
11840.5 5 2.23607
11841.5 7 2.64575
11842.5 2 1.41421
11843.5 3 1.73205
11844.5 3 1.73205
11845.5 6 2.44949
11846.5 12 3.4641
11847.5 5 2.23607
11848.5 6 2.44949
11849.5 3 1.73205
11850.5 5 2.23607
11851.5 4 2
11852.5 9 3
11853.5 7 2.64575
11854.5 1 1
11855.5 3 1.73205
11856.5 5 2.23607
11857.5 9 3
11858.5 5 2.23607
11859.5 6 2.44949
11860.5 1 1
11861.5 3 1.73205
11862.5 7 2.64575
11863.5 9 3
11864.5 2 1.41421
11865.5 7 2.64575
11866.5 7 2.64575
11867.5 5 2.23607
11868.5 6 2.44949
11869.5 4 2
11870.5 11 3.31662
11871.5 8 2.82843
11872.5 6 2.44949
11873.5 5 2.23607
11874.5 5 2.23607
11875.5 0 0
11876.5 9 3
11877.5 4 2
11878.5 4 2
11879.5 4 2
11880.5 2 1.41421
11881.5 4 2
11882.5 6 2.44949
11883.5 7 2.64575
11884.5 7 2.64575
11885.5 9 3
11886.5 8 2.82843
11887.5 2 1.41421
11888.5 5 2.23607
11889.5 8 2.82843
11890.5 9 3
11891.5 5 2.23607
11892.5 6 2.44949
11893.5 7 2.64575
11894.5 4 2
11895.5 4 2
11896.5 8 2.82843
11897.5 7 2.64575
11898.5 2 1.41421
11899.5 7 2.64575
11900.5 2 1.41421
11901.5 9 3
11902.5 9 3
11903.5 6 2.44949
11904.5 3 1.73205
11905.5 3 1.73205
11906.5 2 1.41421
11907.5 4 2
11908.5 5 2.23607
11909.5 3 1.73205
11910.5 4 2
11911.5 8 2.82843
11912.5 5 2.23607
11913.5 7 2.64575
11914.5 4 2
11915.5 5 2.23607
11916.5 5 2.23607
11917.5 7 2.64575
11918.5 6 2.44949
11919.5 3 1.73205
11920.5 4 2
11921.5 6 2.44949
11922.5 2 1.41421
11923.5 6 2.44949
11924.5 8 2.82843
11925.5 7 2.64575
11926.5 5 2.23607
11927.5 2 1.41421
11928.5 3 1.73205
11929.5 5 2.23607
11930.5 5 2.23607
11931.5 4 2
11932.5 6 2.44949
11933.5 3 1.73205
11934.5 6 2.44949
11935.5 5 2.23607
11936.5 9 3
11937.5 9 3
11938.5 6 2.44949
11939.5 5 2.23607
11940.5 3 1.73205
11941.5 3 1.73205
11942.5 3 1.73205
11943.5 2 1.41421
11944.5 5 2.23607
11945.5 6 2.44949
11946.5 5 2.23607
11947.5 5 2.23607
11948.5 7 2.64575
11949.5 5 2.23607
11950.5 5 2.23607
11951.5 8 2.82843
11952.5 8 2.82843
11953.5 5 2.23607
11954.5 3 1.73205
11955.5 4 2
11956.5 4 2
11957.5 5 2.23607
11958.5 6 2.44949
11959.5 7 2.64575
11960.5 3 1.73205
11961.5 6 2.44949
11962.5 3 1.73205
11963.5 6 2.44949
11964.5 3 1.73205
11965.5 7 2.64575
11966.5 2 1.41421
11967.5 5 2.23607
11968.5 9 3
11969.5 4 2
11970.5 6 2.44949
11971.5 4 2
11972.5 5 2.23607
11973.5 2 1.41421
11974.5 1 1
11975.5 4 2
11976.5 6 2.44949
11977.5 6 2.44949
11978.5 6 2.44949
11979.5 7 2.64575
11980.5 10 3.16228
11981.5 2 1.41421
11982.5 10 3.16228
11983.5 3 1.73205
11984.5 8 2.82843
11985.5 4 2
11986.5 5 2.23607
11987.5 6 2.44949
11988.5 11 3.31662
11989.5 3 1.73205
11990.5 7 2.64575
11991.5 4 2
11992.5 3 1.73205
11993.5 6 2.44949
11994.5 3 1.73205
11995.5 3 1.73205
11996.5 8 2.82843
11997.5 7 2.64575
11998.5 5 2.23607
11999.5 6 2.44949
12000.5 8 2.82843
12001.5 4 2
12002.5 6 2.44949
12003.5 8 2.82843
12004.5 8 2.82843
12005.5 5 2.23607
12006.5 6 2.44949
12007.5 8 2.82843
12008.5 1 1
12009.5 5 2.23607
12010.5 9 3
12011.5 2 1.41421
12012.5 2 1.41421
12013.5 7 2.64575
12014.5 5 2.23607
12015.5 6 2.44949
12016.5 4 2
12017.5 3 1.73205
12018.5 6 2.44949
12019.5 4 2
12020.5 8 2.82843
12021.5 12 3.4641
12022.5 4 2
12023.5 1 1
12024.5 6 2.44949
12025.5 1 1
12026.5 3 1.73205
12027.5 4 2
12028.5 9 3
12029.5 6 2.44949
12030.5 3 1.73205
12031.5 7 2.64575
12032.5 5 2.23607
12033.5 5 2.23607
12034.5 2 1.41421
12035.5 7 2.64575
12036.5 6 2.44949
12037.5 6 2.44949
12038.5 3 1.73205
12039.5 3 1.73205
12040.5 6 2.44949
12041.5 1 1
12042.5 3 1.73205
12043.5 7 2.64575
12044.5 3 1.73205
12045.5 5 2.23607
12046.5 3 1.73205
12047.5 8 2.82843
12048.5 6 2.44949
12049.5 7 2.64575
12050.5 5 2.23607
12051.5 4 2
12052.5 6 2.44949
12053.5 6 2.44949
12054.5 6 2.44949
12055.5 7 2.64575
12056.5 2 1.41421
12057.5 8 2.82843
12058.5 4 2
12059.5 5 2.23607
12060.5 3 1.73205
12061.5 3 1.73205
12062.5 4 2
12063.5 6 2.44949
12064.5 8 2.82843
12065.5 3 1.73205
12066.5 8 2.82843
12067.5 5 2.23607
12068.5 5 2.23607
12069.5 4 2
12070.5 6 2.44949
12071.5 11 3.31662
12072.5 6 2.44949
12073.5 4 2
12074.5 6 2.44949
12075.5 4 2
12076.5 3 1.73205
12077.5 7 2.64575
12078.5 8 2.82843
12079.5 10 3.16228
12080.5 9 3
12081.5 8 2.82843
12082.5 6 2.44949
12083.5 4 2
12084.5 5 2.23607
12085.5 4 2
12086.5 8 2.82843
12087.5 1 1
12088.5 4 2
12089.5 4 2
12090.5 5 2.23607
12091.5 7 2.64575
12092.5 6 2.44949
12093.5 3 1.73205
12094.5 7 2.64575
12095.5 3 1.73205
12096.5 5 2.23607
12097.5 6 2.44949
12098.5 8 2.82843
12099.5 4 2
12100.5 6 2.44949
12101.5 1 1
12102.5 7 2.64575
12103.5 6 2.44949
12104.5 3 1.73205
12105.5 9 3
12106.5 1 1
12107.5 4 2
12108.5 3 1.73205
12109.5 3 1.73205
12110.5 4 2
12111.5 8 2.82843
12112.5 6 2.44949
12113.5 9 3
12114.5 4 2
12115.5 1 1
12116.5 5 2.23607
12117.5 5 2.23607
12118.5 6 2.44949
12119.5 4 2
12120.5 4 2
12121.5 2 1.41421
12122.5 3 1.73205
12123.5 1 1
12124.5 3 1.73205
12125.5 3 1.73205
12126.5 12 3.4641
12127.5 5 2.23607
12128.5 10 3.16228
12129.5 5 2.23607
12130.5 10 3.16228
12131.5 4 2
12132.5 3 1.73205
12133.5 5 2.23607
12134.5 3 1.73205
12135.5 5 2.23607
12136.5 5 2.23607
12137.5 8 2.82843
12138.5 10 3.16228
12139.5 3 1.73205
12140.5 8 2.82843
12141.5 6 2.44949
12142.5 3 1.73205
12143.5 7 2.64575
12144.5 7 2.64575
12145.5 4 2
12146.5 10 3.16228
12147.5 7 2.64575
12148.5 2 1.41421
12149.5 5 2.23607
12150.5 7 2.64575
12151.5 9 3
12152.5 5 2.23607
12153.5 6 2.44949
12154.5 4 2
12155.5 6 2.44949
12156.5 8 2.82843
12157.5 7 2.64575
12158.5 9 3
12159.5 3 1.73205
12160.5 3 1.73205
12161.5 5 2.23607
12162.5 3 1.73205
12163.5 6 2.44949
12164.5 2 1.41421
12165.5 6 2.44949
12166.5 3 1.73205
12167.5 7 2.64575
12168.5 8 2.82843
12169.5 4 2
12170.5 8 2.82843
12171.5 2 1.41421
12172.5 5 2.23607
12173.5 3 1.73205
12174.5 7 2.64575
12175.5 8 2.82843
12176.5 10 3.16228
12177.5 3 1.73205
12178.5 8 2.82843
12179.5 6 2.44949
12180.5 7 2.64575
12181.5 5 2.23607
12182.5 3 1.73205
12183.5 3 1.73205
12184.5 7 2.64575
12185.5 4 2
12186.5 3 1.73205
12187.5 2 1.41421
12188.5 6 2.44949
12189.5 3 1.73205
12190.5 3 1.73205
12191.5 9 3
12192.5 6 2.44949
12193.5 8 2.82843
12194.5 5 2.23607
12195.5 8 2.82843
12196.5 7 2.64575
12197.5 6 2.44949
12198.5 7 2.64575
12199.5 4 2
12200.5 7 2.64575
12201.5 4 2
12202.5 6 2.44949
12203.5 7 2.64575
12204.5 3 1.73205
12205.5 5 2.23607
12206.5 5 2.23607
12207.5 6 2.44949
12208.5 7 2.64575
12209.5 2 1.41421
12210.5 2 1.41421
12211.5 6 2.44949
12212.5 9 3
12213.5 4 2
12214.5 5 2.23607
12215.5 2 1.41421
12216.5 6 2.44949
12217.5 8 2.82843
12218.5 5 2.23607
12219.5 9 3
12220.5 5 2.23607
12221.5 3 1.73205
12222.5 4 2
12223.5 10 3.16228
12224.5 2 1.41421
12225.5 6 2.44949
12226.5 1 1
12227.5 6 2.44949
12228.5 6 2.44949
12229.5 5 2.23607
12230.5 2 1.41421
12231.5 6 2.44949
12232.5 3 1.73205
12233.5 4 2
12234.5 4 2
12235.5 3 1.73205
12236.5 4 2
12237.5 3 1.73205
12238.5 8 2.82843
12239.5 7 2.64575
12240.5 7 2.64575
12241.5 8 2.82843
12242.5 4 2
12243.5 7 2.64575
12244.5 4 2
12245.5 4 2
12246.5 5 2.23607
12247.5 8 2.82843
12248.5 3 1.73205
12249.5 8 2.82843
12250.5 5 2.23607
12251.5 7 2.64575
12252.5 5 2.23607
12253.5 6 2.44949
12254.5 7 2.64575
12255.5 4 2
12256.5 7 2.64575
12257.5 7 2.64575
12258.5 9 3
12259.5 4 2
12260.5 2 1.41421
12261.5 5 2.23607
12262.5 6 2.44949
12263.5 9 3
12264.5 2 1.41421
12265.5 7 2.64575
12266.5 8 2.82843
12267.5 12 3.4641
12268.5 6 2.44949
12269.5 7 2.64575
12270.5 4 2
12271.5 7 2.64575
12272.5 7 2.64575
12273.5 7 2.64575
12274.5 2 1.41421
12275.5 7 2.64575
12276.5 2 1.41421
12277.5 6 2.44949
12278.5 10 3.16228
12279.5 6 2.44949
12280.5 2 1.41421
12281.5 2 1.41421
12282.5 6 2.44949
12283.5 3 1.73205
12284.5 2 1.41421
12285.5 9 3
12286.5 4 2
12287.5 8 2.82843
12288.5 6 2.44949
12289.5 4 2
12290.5 7 2.64575
12291.5 4 2
12292.5 3 1.73205
12293.5 10 3.16228
12294.5 6 2.44949
12295.5 4 2
12296.5 5 2.23607
12297.5 3 1.73205
12298.5 2 1.41421
12299.5 8 2.82843
12300.5 8 2.82843
12301.5 5 2.23607
12302.5 3 1.73205
12303.5 11 3.31662
12304.5 5 2.23607
12305.5 5 2.23607
12306.5 4 2
12307.5 4 2
12308.5 5 2.23607
12309.5 3 1.73205
12310.5 8 2.82843
12311.5 11 3.31662
12312.5 4 2
12313.5 4 2
12314.5 4 2
12315.5 5 2.23607
12316.5 6 2.44949
12317.5 6 2.44949
12318.5 7 2.64575
12319.5 9 3
12320.5 2 1.41421
12321.5 3 1.73205
12322.5 5 2.23607
12323.5 6 2.44949
12324.5 7 2.64575
12325.5 6 2.44949
12326.5 10 3.16228
12327.5 3 1.73205
12328.5 4 2
12329.5 8 2.82843
12330.5 11 3.31662
12331.5 8 2.82843
12332.5 4 2
12333.5 1 1
12334.5 8 2.82843
12335.5 3 1.73205
12336.5 6 2.44949
12337.5 10 3.16228
12338.5 11 3.31662
12339.5 7 2.64575
12340.5 5 2.23607
12341.5 6 2.44949
12342.5 6 2.44949
12343.5 3 1.73205
12344.5 9 3
12345.5 4 2
12346.5 4 2
12347.5 4 2
12348.5 5 2.23607
12349.5 3 1.73205
12350.5 3 1.73205
12351.5 6 2.44949
12352.5 5 2.23607
12353.5 5 2.23607
12354.5 8 2.82843
12355.5 8 2.82843
12356.5 4 2
12357.5 5 2.23607
12358.5 8 2.82843
12359.5 4 2
12360.5 7 2.64575
12361.5 3 1.73205
12362.5 5 2.23607
12363.5 5 2.23607
12364.5 4 2
12365.5 5 2.23607
12366.5 6 2.44949
12367.5 7 2.64575
12368.5 7 2.64575
12369.5 4 2
12370.5 4 2
12371.5 8 2.82843
12372.5 12 3.4641
12373.5 5 2.23607
12374.5 4 2
12375.5 7 2.64575
12376.5 6 2.44949
12377.5 5 2.23607
12378.5 5 2.23607
12379.5 7 2.64575
12380.5 8 2.82843
12381.5 4 2
12382.5 7 2.64575
12383.5 6 2.44949
12384.5 2 1.41421
12385.5 5 2.23607
12386.5 8 2.82843
12387.5 4 2
12388.5 3 1.73205
12389.5 7 2.64575
12390.5 5 2.23607
12391.5 9 3
12392.5 7 2.64575
12393.5 7 2.64575
12394.5 6 2.44949
12395.5 3 1.73205
12396.5 4 2
12397.5 10 3.16228
12398.5 3 1.73205
12399.5 2 1.41421
12400.5 5 2.23607
12401.5 6 2.44949
12402.5 6 2.44949
12403.5 1 1
12404.5 1 1
12405.5 3 1.73205
12406.5 7 2.64575
12407.5 6 2.44949
12408.5 3 1.73205
12409.5 5 2.23607
12410.5 8 2.82843
12411.5 4 2
12412.5 5 2.23607
12413.5 4 2
12414.5 5 2.23607
12415.5 12 3.4641
12416.5 2 1.41421
12417.5 1 1
12418.5 4 2
12419.5 7 2.64575
12420.5 5 2.23607
12421.5 6 2.44949
12422.5 3 1.73205
12423.5 6 2.44949
12424.5 3 1.73205
12425.5 2 1.41421
12426.5 2 1.41421
12427.5 3 1.73205
12428.5 2 1.41421
12429.5 3 1.73205
12430.5 11 3.31662
12431.5 4 2
12432.5 7 2.64575
12433.5 6 2.44949
12434.5 9 3
12435.5 5 2.23607
12436.5 6 2.44949
12437.5 3 1.73205
12438.5 4 2
12439.5 3 1.73205
12440.5 12 3.4641
12441.5 8 2.82843
12442.5 5 2.23607
12443.5 8 2.82843
12444.5 8 2.82843
12445.5 1 1
12446.5 7 2.64575
12447.5 2 1.41421
12448.5 12 3.4641
12449.5 7 2.64575
12450.5 7 2.64575
12451.5 5 2.23607
12452.5 4 2
12453.5 6 2.44949
12454.5 4 2
12455.5 8 2.82843
12456.5 5 2.23607
12457.5 8 2.82843
12458.5 9 3
12459.5 3 1.73205
12460.5 5 2.23607
12461.5 2 1.41421
12462.5 11 3.31662
12463.5 7 2.64575
12464.5 3 1.73205
12465.5 4 2
12466.5 3 1.73205
12467.5 4 2
12468.5 2 1.41421
12469.5 6 2.44949
12470.5 7 2.64575
12471.5 7 2.64575
12472.5 9 3
12473.5 8 2.82843
12474.5 8 2.82843
12475.5 8 2.82843
12476.5 7 2.64575
12477.5 8 2.82843
12478.5 9 3
12479.5 7 2.64575
12480.5 4 2
12481.5 5 2.23607
12482.5 8 2.82843
12483.5 4 2
12484.5 6 2.44949
12485.5 9 3
12486.5 7 2.64575
12487.5 6 2.44949
12488.5 12 3.4641
12489.5 6 2.44949
12490.5 12 3.4641
12491.5 3 1.73205
12492.5 6 2.44949
12493.5 12 3.4641
12494.5 5 2.23607
12495.5 4 2
12496.5 1 1
12497.5 6 2.44949
12498.5 5 2.23607
12499.5 8 2.82843
12500.5 10 3.16228
12501.5 4 2
12502.5 5 2.23607
12503.5 7 2.64575
12504.5 3 1.73205
12505.5 4 2
12506.5 9 3
12507.5 6 2.44949
12508.5 16 4
12509.5 5 2.23607
12510.5 5 2.23607
12511.5 9 3
12512.5 9 3
12513.5 3 1.73205
12514.5 5 2.23607
12515.5 6 2.44949
12516.5 5 2.23607
12517.5 4 2
12518.5 9 3
12519.5 7 2.64575
12520.5 7 2.64575
12521.5 4 2
12522.5 6 2.44949
12523.5 6 2.44949
12524.5 3 1.73205
12525.5 7 2.64575
12526.5 5 2.23607
12527.5 6 2.44949
12528.5 4 2
12529.5 4 2
12530.5 7 2.64575
12531.5 4 2
12532.5 5 2.23607
12533.5 2 1.41421
12534.5 7 2.64575
12535.5 5 2.23607
12536.5 3 1.73205
12537.5 7 2.64575
12538.5 8 2.82843
12539.5 8 2.82843
12540.5 9 3
12541.5 5 2.23607
12542.5 2 1.41421
12543.5 3 1.73205
12544.5 3 1.73205
12545.5 5 2.23607
12546.5 12 3.4641
12547.5 5 2.23607
12548.5 2 1.41421
12549.5 3 1.73205
12550.5 1 1
12551.5 6 2.44949
12552.5 7 2.64575
12553.5 6 2.44949
12554.5 3 1.73205
12555.5 6 2.44949
12556.5 3 1.73205
12557.5 4 2
12558.5 7 2.64575
12559.5 5 2.23607
12560.5 7 2.64575
12561.5 3 1.73205
12562.5 6 2.44949
12563.5 6 2.44949
12564.5 3 1.73205
12565.5 5 2.23607
12566.5 6 2.44949
12567.5 5 2.23607
12568.5 4 2
12569.5 4 2
12570.5 5 2.23607
12571.5 7 2.64575
12572.5 4 2
12573.5 5 2.23607
12574.5 8 2.82843
12575.5 3 1.73205
12576.5 7 2.64575
12577.5 2 1.41421
12578.5 4 2
12579.5 7 2.64575
12580.5 2 1.41421
12581.5 2 1.41421
12582.5 9 3
12583.5 3 1.73205
12584.5 9 3
12585.5 5 2.23607
12586.5 4 2
12587.5 5 2.23607
12588.5 4 2
12589.5 3 1.73205
12590.5 5 2.23607
12591.5 5 2.23607
12592.5 10 3.16228
12593.5 6 2.44949
12594.5 5 2.23607
12595.5 12 3.4641
12596.5 5 2.23607
12597.5 4 2
12598.5 6 2.44949
12599.5 4 2
12600.5 3 1.73205
12601.5 3 1.73205
12602.5 4 2
12603.5 8 2.82843
12604.5 8 2.82843
12605.5 3 1.73205
12606.5 7 2.64575
12607.5 6 2.44949
12608.5 10 3.16228
12609.5 9 3
12610.5 6 2.44949
12611.5 7 2.64575
12612.5 9 3
12613.5 12 3.4641
12614.5 7 2.64575
12615.5 9 3
12616.5 5 2.23607
12617.5 8 2.82843
12618.5 5 2.23607
12619.5 6 2.44949
12620.5 3 1.73205
12621.5 4 2
12622.5 3 1.73205
12623.5 4 2
12624.5 6 2.44949
12625.5 7 2.64575
12626.5 6 2.44949
12627.5 12 3.4641
12628.5 7 2.64575
12629.5 10 3.16228
12630.5 2 1.41421
12631.5 8 2.82843
12632.5 4 2
12633.5 5 2.23607
12634.5 2 1.41421
12635.5 2 1.41421
12636.5 5 2.23607
12637.5 6 2.44949
12638.5 3 1.73205
12639.5 11 3.31662
12640.5 6 2.44949
12641.5 6 2.44949
12642.5 5 2.23607
12643.5 7 2.64575
12644.5 3 1.73205
12645.5 12 3.4641
12646.5 6 2.44949
12647.5 5 2.23607
12648.5 10 3.16228
12649.5 6 2.44949
12650.5 5 2.23607
12651.5 13 3.60555
12652.5 4 2
12653.5 6 2.44949
12654.5 5 2.23607
12655.5 2 1.41421
12656.5 6 2.44949
12657.5 7 2.64575
12658.5 9 3
12659.5 6 2.44949
12660.5 4 2
12661.5 4 2
12662.5 7 2.64575
12663.5 4 2
12664.5 7 2.64575
12665.5 6 2.44949
12666.5 5 2.23607
12667.5 3 1.73205
12668.5 5 2.23607
12669.5 6 2.44949
12670.5 10 3.16228
12671.5 8 2.82843
12672.5 10 3.16228
12673.5 5 2.23607
12674.5 6 2.44949
12675.5 4 2
12676.5 6 2.44949
12677.5 6 2.44949
12678.5 4 2
12679.5 5 2.23607
12680.5 11 3.31662
12681.5 10 3.16228
12682.5 6 2.44949
12683.5 4 2
12684.5 6 2.44949
12685.5 3 1.73205
12686.5 5 2.23607
12687.5 10 3.16228
12688.5 4 2
12689.5 4 2
12690.5 5 2.23607
12691.5 13 3.60555
12692.5 4 2
12693.5 8 2.82843
12694.5 9 3
12695.5 2 1.41421
12696.5 9 3
12697.5 8 2.82843
12698.5 11 3.31662
12699.5 4 2
12700.5 5 2.23607
12701.5 7 2.64575
12702.5 11 3.31662
12703.5 7 2.64575
12704.5 4 2
12705.5 8 2.82843
12706.5 7 2.64575
12707.5 9 3
12708.5 3 1.73205
12709.5 7 2.64575
12710.5 4 2
12711.5 8 2.82843
12712.5 5 2.23607
12713.5 6 2.44949
12714.5 4 2
12715.5 11 3.31662
12716.5 5 2.23607
12717.5 1 1
12718.5 2 1.41421
12719.5 5 2.23607
12720.5 5 2.23607
12721.5 2 1.41421
12722.5 5 2.23607
12723.5 3 1.73205
12724.5 8 2.82843
12725.5 3 1.73205
12726.5 3 1.73205
12727.5 8 2.82843
12728.5 8 2.82843
12729.5 10 3.16228
12730.5 7 2.64575
12731.5 7 2.64575
12732.5 6 2.44949
12733.5 6 2.44949
12734.5 7 2.64575
12735.5 8 2.82843
12736.5 3 1.73205
12737.5 8 2.82843
12738.5 8 2.82843
12739.5 3 1.73205
12740.5 4 2
12741.5 9 3
12742.5 4 2
12743.5 8 2.82843
12744.5 10 3.16228
12745.5 6 2.44949
12746.5 8 2.82843
12747.5 10 3.16228
12748.5 2 1.41421
12749.5 9 3
12750.5 11 3.31662
12751.5 5 2.23607
12752.5 5 2.23607
12753.5 6 2.44949
12754.5 8 2.82843
12755.5 6 2.44949
12756.5 4 2
12757.5 8 2.82843
12758.5 5 2.23607
12759.5 10 3.16228
12760.5 7 2.64575
12761.5 6 2.44949
12762.5 6 2.44949
12763.5 3 1.73205
12764.5 3 1.73205
12765.5 2 1.41421
12766.5 7 2.64575
12767.5 5 2.23607
12768.5 1 1
12769.5 4 2
12770.5 7 2.64575
12771.5 7 2.64575
12772.5 5 2.23607
12773.5 6 2.44949
12774.5 6 2.44949
12775.5 6 2.44949
12776.5 7 2.64575
12777.5 2 1.41421
12778.5 7 2.64575
12779.5 9 3
12780.5 7 2.64575
12781.5 4 2
12782.5 7 2.64575
12783.5 10 3.16228
12784.5 5 2.23607
12785.5 9 3
12786.5 10 3.16228
12787.5 6 2.44949
12788.5 7 2.64575
12789.5 7 2.64575
12790.5 5 2.23607
12791.5 5 2.23607
12792.5 3 1.73205
12793.5 3 1.73205
12794.5 8 2.82843
12795.5 6 2.44949
12796.5 7 2.64575
12797.5 4 2
12798.5 10 3.16228
12799.5 5 2.23607
12800.5 7 2.64575
12801.5 7 2.64575
12802.5 4 2
12803.5 4 2
12804.5 7 2.64575
12805.5 10 3.16228
12806.5 1 1
12807.5 5 2.23607
12808.5 7 2.64575
12809.5 10 3.16228
12810.5 5 2.23607
12811.5 4 2
12812.5 8 2.82843
12813.5 5 2.23607
12814.5 8 2.82843
12815.5 7 2.64575
12816.5 5 2.23607
12817.5 8 2.82843
12818.5 4 2
12819.5 7 2.64575
12820.5 8 2.82843
12821.5 6 2.44949
12822.5 3 1.73205
12823.5 5 2.23607
12824.5 2 1.41421
12825.5 10 3.16228
12826.5 4 2
12827.5 5 2.23607
12828.5 5 2.23607
12829.5 1 1
12830.5 6 2.44949
12831.5 2 1.41421
12832.5 8 2.82843
12833.5 3 1.73205
12834.5 5 2.23607
12835.5 5 2.23607
12836.5 13 3.60555
12837.5 3 1.73205
12838.5 1 1
12839.5 6 2.44949
12840.5 3 1.73205
12841.5 11 3.31662
12842.5 4 2
12843.5 7 2.64575
12844.5 7 2.64575
12845.5 7 2.64575
12846.5 5 2.23607
12847.5 5 2.23607
12848.5 4 2
12849.5 4 2
12850.5 5 2.23607
12851.5 8 2.82843
12852.5 4 2
12853.5 8 2.82843
12854.5 12 3.4641
12855.5 6 2.44949
12856.5 14 3.74166
12857.5 3 1.73205
12858.5 4 2
12859.5 7 2.64575
12860.5 5 2.23607
12861.5 10 3.16228
12862.5 5 2.23607
12863.5 9 3
12864.5 9 3
12865.5 4 2
12866.5 6 2.44949
12867.5 5 2.23607
12868.5 7 2.64575
12869.5 8 2.82843
12870.5 6 2.44949
12871.5 6 2.44949
12872.5 7 2.64575
12873.5 10 3.16228
12874.5 6 2.44949
12875.5 7 2.64575
12876.5 2 1.41421
12877.5 9 3
12878.5 11 3.31662
12879.5 9 3
12880.5 4 2
12881.5 8 2.82843
12882.5 4 2
12883.5 5 2.23607
12884.5 6 2.44949
12885.5 5 2.23607
12886.5 10 3.16228
12887.5 11 3.31662
12888.5 8 2.82843
12889.5 7 2.64575
12890.5 3 1.73205
12891.5 3 1.73205
12892.5 5 2.23607
12893.5 8 2.82843
12894.5 8 2.82843
12895.5 5 2.23607
12896.5 5 2.23607
12897.5 9 3
12898.5 6 2.44949
12899.5 7 2.64575
12900.5 8 2.82843
12901.5 6 2.44949
12902.5 5 2.23607
12903.5 8 2.82843
12904.5 7 2.64575
12905.5 1 1
12906.5 10 3.16228
12907.5 4 2
12908.5 3 1.73205
12909.5 8 2.82843
12910.5 7 2.64575
12911.5 3 1.73205
12912.5 8 2.82843
12913.5 6 2.44949
12914.5 4 2
12915.5 3 1.73205
12916.5 9 3
12917.5 8 2.82843
12918.5 9 3
12919.5 6 2.44949
12920.5 5 2.23607
12921.5 6 2.44949
12922.5 9 3
12923.5 0 0
12924.5 7 2.64575
12925.5 10 3.16228
12926.5 4 2
12927.5 6 2.44949
12928.5 8 2.82843
12929.5 12 3.4641
12930.5 5 2.23607
12931.5 5 2.23607
12932.5 4 2
12933.5 3 1.73205
12934.5 8 2.82843
12935.5 5 2.23607
12936.5 9 3
12937.5 1 1
12938.5 9 3
12939.5 5 2.23607
12940.5 7 2.64575
12941.5 4 2
12942.5 9 3
12943.5 4 2
12944.5 13 3.60555
12945.5 0 0
12946.5 5 2.23607
12947.5 5 2.23607
12948.5 5 2.23607
12949.5 7 2.64575
12950.5 7 2.64575
12951.5 6 2.44949
12952.5 5 2.23607
12953.5 4 2
12954.5 9 3
12955.5 2 1.41421
12956.5 5 2.23607
12957.5 3 1.73205
12958.5 3 1.73205
12959.5 5 2.23607
12960.5 10 3.16228
12961.5 9 3
12962.5 2 1.41421
12963.5 4 2
12964.5 7 2.64575
12965.5 8 2.82843
12966.5 8 2.82843
12967.5 3 1.73205
12968.5 4 2
12969.5 2 1.41421
12970.5 6 2.44949
12971.5 4 2
12972.5 7 2.64575
12973.5 4 2
12974.5 6 2.44949
12975.5 7 2.64575
12976.5 8 2.82843
12977.5 6 2.44949
12978.5 5 2.23607
12979.5 7 2.64575
12980.5 3 1.73205
12981.5 10 3.16228
12982.5 3 1.73205
12983.5 10 3.16228
12984.5 4 2
12985.5 3 1.73205
12986.5 4 2
12987.5 10 3.16228
12988.5 4 2
12989.5 9 3
12990.5 6 2.44949
12991.5 3 1.73205
12992.5 7 2.64575
12993.5 6 2.44949
12994.5 4 2
12995.5 11 3.31662
12996.5 2 1.41421
12997.5 7 2.64575
12998.5 2 1.41421
12999.5 5 2.23607
13000.5 3 1.73205
13001.5 6 2.44949
13002.5 5 2.23607
13003.5 5 2.23607
13004.5 6 2.44949
13005.5 7 2.64575
13006.5 8 2.82843
13007.5 7 2.64575
13008.5 3 1.73205
13009.5 11 3.31662
13010.5 8 2.82843
13011.5 6 2.44949
13012.5 9 3
13013.5 5 2.23607
13014.5 8 2.82843
13015.5 4 2
13016.5 3 1.73205
13017.5 6 2.44949
13018.5 3 1.73205
13019.5 5 2.23607
13020.5 3 1.73205
13021.5 2 1.41421
13022.5 7 2.64575
13023.5 5 2.23607
13024.5 3 1.73205
13025.5 4 2
13026.5 7 2.64575
13027.5 5 2.23607
13028.5 3 1.73205
13029.5 6 2.44949
13030.5 5 2.23607
13031.5 3 1.73205
13032.5 7 2.64575
13033.5 5 2.23607
13034.5 6 2.44949
13035.5 4 2
13036.5 2 1.41421
13037.5 4 2
13038.5 10 3.16228
13039.5 2 1.41421
13040.5 5 2.23607
13041.5 0 0
13042.5 10 3.16228
13043.5 9 3
13044.5 3 1.73205
13045.5 8 2.82843
13046.5 5 2.23607
13047.5 7 2.64575
13048.5 7 2.64575
13049.5 4 2
13050.5 1 1
13051.5 7 2.64575
13052.5 3 1.73205
13053.5 5 2.23607
13054.5 6 2.44949
13055.5 5 2.23607
13056.5 3 1.73205
13057.5 3 1.73205
13058.5 2 1.41421
13059.5 1 1
13060.5 3 1.73205
13061.5 8 2.82843
13062.5 4 2
13063.5 4 2
13064.5 4 2
13065.5 10 3.16228
13066.5 2 1.41421
13067.5 3 1.73205
13068.5 3 1.73205
13069.5 5 2.23607
13070.5 7 2.64575
13071.5 5 2.23607
13072.5 8 2.82843
13073.5 1 1
13074.5 3 1.73205
13075.5 8 2.82843
13076.5 4 2
13077.5 7 2.64575
13078.5 7 2.64575
13079.5 3 1.73205
13080.5 6 2.44949
13081.5 2 1.41421
13082.5 5 2.23607
13083.5 4 2
13084.5 6 2.44949
13085.5 4 2
13086.5 4 2
13087.5 7 2.64575
13088.5 3 1.73205
13089.5 4 2
13090.5 3 1.73205
13091.5 3 1.73205
13092.5 6 2.44949
13093.5 3 1.73205
13094.5 2 1.41421
13095.5 6 2.44949
13096.5 3 1.73205
13097.5 6 2.44949
13098.5 5 2.23607
13099.5 7 2.64575
13100.5 5 2.23607
13101.5 5 2.23607
13102.5 4 2
13103.5 9 3
13104.5 5 2.23607
13105.5 4 2
13106.5 3 1.73205
13107.5 7 2.64575
13108.5 6 2.44949
13109.5 4 2
13110.5 9 3
13111.5 11 3.31662
13112.5 1 1
13113.5 1 1
13114.5 3 1.73205
13115.5 5 2.23607
13116.5 4 2
13117.5 4 2
13118.5 6 2.44949
13119.5 4 2
13120.5 4 2
13121.5 6 2.44949
13122.5 3 1.73205
13123.5 5 2.23607
13124.5 2 1.41421
13125.5 2 1.41421
13126.5 4 2
13127.5 12 3.4641
13128.5 6 2.44949
13129.5 3 1.73205
13130.5 4 2
13131.5 5 2.23607
13132.5 4 2
13133.5 5 2.23607
13134.5 10 3.16228
13135.5 4 2
13136.5 7 2.64575
13137.5 3 1.73205
13138.5 7 2.64575
13139.5 5 2.23607
13140.5 6 2.44949
13141.5 7 2.64575
13142.5 2 1.41421
13143.5 7 2.64575
13144.5 6 2.44949
13145.5 2 1.41421
13146.5 6 2.44949
13147.5 0 0
13148.5 8 2.82843
13149.5 3 1.73205
13150.5 2 1.41421
13151.5 4 2
13152.5 4 2
13153.5 4 2
13154.5 3 1.73205
13155.5 8 2.82843
13156.5 3 1.73205
13157.5 4 2
13158.5 6 2.44949
13159.5 5 2.23607
13160.5 2 1.41421
13161.5 5 2.23607
13162.5 7 2.64575
13163.5 2 1.41421
13164.5 3 1.73205
13165.5 4 2
13166.5 6 2.44949
13167.5 6 2.44949
13168.5 4 2
13169.5 4 2
13170.5 8 2.82843
13171.5 4 2
13172.5 3 1.73205
13173.5 1 1
13174.5 6 2.44949
13175.5 2 1.41421
13176.5 6 2.44949
13177.5 5 2.23607
13178.5 2 1.41421
13179.5 4 2
13180.5 5 2.23607
13181.5 5 2.23607
13182.5 8 2.82843
13183.5 5 2.23607
13184.5 4 2
13185.5 2 1.41421
13186.5 7 2.64575
13187.5 3 1.73205
13188.5 4 2
13189.5 4 2
13190.5 9 3
13191.5 3 1.73205
13192.5 5 2.23607
13193.5 2 1.41421
13194.5 1 1
13195.5 6 2.44949
13196.5 6 2.44949
13197.5 2 1.41421
13198.5 5 2.23607
13199.5 2 1.41421
13200.5 1 1
13201.5 1 1
13202.5 8 2.82843
13203.5 2 1.41421
13204.5 5 2.23607
13205.5 2 1.41421
13206.5 8 2.82843
13207.5 3 1.73205
13208.5 2 1.41421
13209.5 1 1
13210.5 5 2.23607
13211.5 5 2.23607
13212.5 1 1
13213.5 5 2.23607
13214.5 9 3
13215.5 5 2.23607
13216.5 2 1.41421
13217.5 3 1.73205
13218.5 4 2
13219.5 7 2.64575
13220.5 3 1.73205
13221.5 0 0
13222.5 5 2.23607
13223.5 5 2.23607
13224.5 5 2.23607
13225.5 4 2
13226.5 6 2.44949
13227.5 3 1.73205
13228.5 6 2.44949
13229.5 5 2.23607
13230.5 5 2.23607
13231.5 5 2.23607
13232.5 2 1.41421
13233.5 3 1.73205
13234.5 2 1.41421
13235.5 1 1
13236.5 1 1
13237.5 3 1.73205
13238.5 1 1
13239.5 4 2
13240.5 3 1.73205
13241.5 3 1.73205
13242.5 5 2.23607
13243.5 9 3
13244.5 5 2.23607
13245.5 5 2.23607
13246.5 3 1.73205
13247.5 3 1.73205
13248.5 6 2.44949
13249.5 5 2.23607
13250.5 7 2.64575
13251.5 5 2.23607
13252.5 2 1.41421
13253.5 2 1.41421
13254.5 4 2
13255.5 3 1.73205
13256.5 5 2.23607
13257.5 4 2
13258.5 1 1
13259.5 7 2.64575
13260.5 4 2
13261.5 3 1.73205
13262.5 1 1
13263.5 1 1
13264.5 2 1.41421
13265.5 4 2
13266.5 7 2.64575
13267.5 4 2
13268.5 1 1
13269.5 3 1.73205
13270.5 11 3.31662
13271.5 4 2
13272.5 5 2.23607
13273.5 4 2
13274.5 2 1.41421
13275.5 2 1.41421
13276.5 1 1
13277.5 3 1.73205
13278.5 5 2.23607
13279.5 4 2
13280.5 1 1
13281.5 4 2
13282.5 3 1.73205
13283.5 9 3
13284.5 5 2.23607
13285.5 3 1.73205
13286.5 4 2
13287.5 3 1.73205
13288.5 1 1
13289.5 2 1.41421
13290.5 13 3.60555
13291.5 2 1.41421
13292.5 4 2
13293.5 4 2
13294.5 3 1.73205
13295.5 5 2.23607
13296.5 0 0
13297.5 3 1.73205
13298.5 3 1.73205
13299.5 3 1.73205
13300.5 2 1.41421
13301.5 7 2.64575
13302.5 2 1.41421
13303.5 2 1.41421
13304.5 9 3
13305.5 6 2.44949
13306.5 4 2
13307.5 4 2
13308.5 3 1.73205
13309.5 7 2.64575
13310.5 3 1.73205
13311.5 4 2
13312.5 3 1.73205
13313.5 6 2.44949
13314.5 8 2.82843
13315.5 3 1.73205
13316.5 1 1
13317.5 3 1.73205
13318.5 1 1
13319.5 6 2.44949
13320.5 4 2
13321.5 1 1
13322.5 3 1.73205
13323.5 6 2.44949
13324.5 5 2.23607
13325.5 2 1.41421
13326.5 5 2.23607
13327.5 5 2.23607
13328.5 1 1
13329.5 6 2.44949
13330.5 3 1.73205
13331.5 6 2.44949
13332.5 3 1.73205
13333.5 0 0
13334.5 6 2.44949
13335.5 5 2.23607
13336.5 2 1.41421
13337.5 4 2
13338.5 5 2.23607
13339.5 4 2
13340.5 1 1
13341.5 4 2
13342.5 8 2.82843
13343.5 4 2
13344.5 6 2.44949
13345.5 3 1.73205
13346.5 1 1
13347.5 2 1.41421
13348.5 1 1
13349.5 9 3
13350.5 9 3
13351.5 7 2.64575
13352.5 3 1.73205
13353.5 3 1.73205
13354.5 5 2.23607
13355.5 2 1.41421
13356.5 1 1
13357.5 3 1.73205
13358.5 5 2.23607
13359.5 4 2
13360.5 4 2
13361.5 3 1.73205
13362.5 4 2
13363.5 5 2.23607
13364.5 2 1.41421
13365.5 3 1.73205
13366.5 3 1.73205
13367.5 1 1
13368.5 3 1.73205
13369.5 0 0
13370.5 2 1.41421
13371.5 8 2.82843
13372.5 5 2.23607
13373.5 6 2.44949
13374.5 2 1.41421
13375.5 3 1.73205
13376.5 4 2
13377.5 3 1.73205
13378.5 5 2.23607
13379.5 6 2.44949
13380.5 1 1
13381.5 3 1.73205
13382.5 2 1.41421
13383.5 4 2
13384.5 4 2
13385.5 7 2.64575
13386.5 3 1.73205
13387.5 5 2.23607
13388.5 3 1.73205
13389.5 4 2
13390.5 5 2.23607
13391.5 3 1.73205
13392.5 6 2.44949
13393.5 2 1.41421
13394.5 3 1.73205
13395.5 9 3
13396.5 2 1.41421
13397.5 3 1.73205
13398.5 4 2
13399.5 1 1
13400.5 1 1
13401.5 4 2
13402.5 2 1.41421
13403.5 2 1.41421
13404.5 2 1.41421
13405.5 4 2
13406.5 1 1
13407.5 1 1
13408.5 6 2.44949
13409.5 5 2.23607
13410.5 4 2
13411.5 3 1.73205
13412.5 2 1.41421
13413.5 2 1.41421
13414.5 1 1
13415.5 1 1
13416.5 3 1.73205
13417.5 3 1.73205
13418.5 4 2
13419.5 4 2
13420.5 3 1.73205
13421.5 3 1.73205
13422.5 5 2.23607
13423.5 2 1.41421
13424.5 2 1.41421
13425.5 5 2.23607
13426.5 3 1.73205
13427.5 3 1.73205
13428.5 2 1.41421
13429.5 4 2
13430.5 6 2.44949
13431.5 3 1.73205
13432.5 5 2.23607
13433.5 2 1.41421
13434.5 5 2.23607
13435.5 3 1.73205
13436.5 2 1.41421
13437.5 4 2
13438.5 4 2
13439.5 4 2
13440.5 3 1.73205
13441.5 2 1.41421
13442.5 2 1.41421
13443.5 3 1.73205
13444.5 4 2
13445.5 0 0
13446.5 1 1
13447.5 1 1
13448.5 4 2
13449.5 8 2.82843
13450.5 3 1.73205
13451.5 5 2.23607
13452.5 6 2.44949
13453.5 1 1
13454.5 1 1
13455.5 1 1
13456.5 4 2
13457.5 2 1.41421
13458.5 1 1
13459.5 5 2.23607
13460.5 0 0
13461.5 4 2
13462.5 2 1.41421
13463.5 2 1.41421
13464.5 0 0
13465.5 3 1.73205
13466.5 2 1.41421
13467.5 4 2
13468.5 3 1.73205
13469.5 5 2.23607
13470.5 4 2
13471.5 3 1.73205
13472.5 4 2
13473.5 5 2.23607
13474.5 4 2
13475.5 2 1.41421
13476.5 6 2.44949
13477.5 3 1.73205
13478.5 2 1.41421
13479.5 1 1
13480.5 5 2.23607
13481.5 5 2.23607
13482.5 1 1
13483.5 5 2.23607
13484.5 4 2
13485.5 2 1.41421
13486.5 5 2.23607
13487.5 6 2.44949
13488.5 3 1.73205
13489.5 4 2
13490.5 2 1.41421
13491.5 1 1
13492.5 4 2
13493.5 5 2.23607
13494.5 3 1.73205
13495.5 2 1.41421
13496.5 4 2
13497.5 5 2.23607
13498.5 1 1
13499.5 2 1.41421
13500.5 3 1.73205
13501.5 4 2
13502.5 5 2.23607
13503.5 4 2
13504.5 5 2.23607
13505.5 5 2.23607
13506.5 2 1.41421
13507.5 9 3
13508.5 4 2
13509.5 5 2.23607
13510.5 4 2
13511.5 2 1.41421
13512.5 3 1.73205
13513.5 5 2.23607
13514.5 2 1.41421
13515.5 6 2.44949
13516.5 4 2
13517.5 3 1.73205
13518.5 4 2
13519.5 4 2
13520.5 2 1.41421
13521.5 3 1.73205
13522.5 6 2.44949
13523.5 3 1.73205
13524.5 4 2
13525.5 3 1.73205
13526.5 3 1.73205
13527.5 4 2
13528.5 2 1.41421
13529.5 0 0
13530.5 4 2
13531.5 1 1
13532.5 3 1.73205
13533.5 1 1
13534.5 2 1.41421
13535.5 3 1.73205
13536.5 3 1.73205
13537.5 4 2
13538.5 6 2.44949
13539.5 1 1
13540.5 5 2.23607
13541.5 1 1
13542.5 2 1.41421
13543.5 3 1.73205
13544.5 1 1
13545.5 6 2.44949
13546.5 1 1
13547.5 2 1.41421
13548.5 4 2
13549.5 3 1.73205
13550.5 2 1.41421
13551.5 5 2.23607
13552.5 4 2
13553.5 1 1
13554.5 1 1
13555.5 5 2.23607
13556.5 3 1.73205
13557.5 2 1.41421
13558.5 6 2.44949
13559.5 2 1.41421
13560.5 2 1.41421
13561.5 2 1.41421
13562.5 1 1
13563.5 0 0
13564.5 1 1
13565.5 1 1
13566.5 0 0
13567.5 5 2.23607
13568.5 2 1.41421
13569.5 1 1
13570.5 1 1
13571.5 2 1.41421
13572.5 4 2
13573.5 2 1.41421
13574.5 2 1.41421
13575.5 4 2
13576.5 5 2.23607
13577.5 3 1.73205
13578.5 0 0
13579.5 2 1.41421
13580.5 2 1.41421
13581.5 3 1.73205
13582.5 3 1.73205
13583.5 3 1.73205
13584.5 6 2.44949
13585.5 2 1.41421
13586.5 3 1.73205
13587.5 0 0
13588.5 2 1.41421
13589.5 0 0
13590.5 2 1.41421
13591.5 4 2
13592.5 3 1.73205
13593.5 1 1
13594.5 4 2
13595.5 5 2.23607
13596.5 2 1.41421
13597.5 2 1.41421
13598.5 0 0
13599.5 1 1
13600.5 2 1.41421
13601.5 5 2.23607
13602.5 2 1.41421
13603.5 1 1
13604.5 5 2.23607
13605.5 4 2
13606.5 0 0
13607.5 3 1.73205
13608.5 1 1
13609.5 3 1.73205
13610.5 2 1.41421
13611.5 3 1.73205
13612.5 0 0
13613.5 1 1
13614.5 3 1.73205
13615.5 2 1.41421
13616.5 2 1.41421
13617.5 1 1
13618.5 3 1.73205
13619.5 2 1.41421
13620.5 2 1.41421
13621.5 2 1.41421
13622.5 1 1
13623.5 2 1.41421
13624.5 4 2
13625.5 0 0
13626.5 2 1.41421
13627.5 0 0
13628.5 4 2
13629.5 6 2.44949
13630.5 2 1.41421
13631.5 4 2
13632.5 2 1.41421
13633.5 5 2.23607
13634.5 3 1.73205
13635.5 1 1
13636.5 2 1.41421
13637.5 1 1
13638.5 2 1.41421
13639.5 1 1
13640.5 4 2
13641.5 2 1.41421
13642.5 2 1.41421
13643.5 1 1
13644.5 7 2.64575
13645.5 2 1.41421
13646.5 4 2
13647.5 0 0
13648.5 0 0
13649.5 1 1
13650.5 2 1.41421
13651.5 1 1
13652.5 1 1
13653.5 1 1
13654.5 2 1.41421
13655.5 1 1
13656.5 3 1.73205
13657.5 2 1.41421
13658.5 3 1.73205
13659.5 3 1.73205
13660.5 2 1.41421
13661.5 1 1
13662.5 3 1.73205
13663.5 1 1
13664.5 1 1
13665.5 3 1.73205
13666.5 2 1.41421
13667.5 2 1.41421
13668.5 1 1
13669.5 3 1.73205
13670.5 4 2
13671.5 2 1.41421
13672.5 0 0
13673.5 1 1
13674.5 2 1.41421
13675.5 1 1
13676.5 2 1.41421
13677.5 2 1.41421
13678.5 0 0
13679.5 0 0
13680.5 4 2
13681.5 3 1.73205
13682.5 2 1.41421
13683.5 1 1
13684.5 0 0
13685.5 2 1.41421
13686.5 4 2
13687.5 3 1.73205
13688.5 2 1.41421
13689.5 0 0
13690.5 2 1.41421
13691.5 3 1.73205
13692.5 3 1.73205
13693.5 1 1
13694.5 1 1
13695.5 2 1.41421
13696.5 1 1
13697.5 1 1
13698.5 1 1
13699.5 1 1
13700.5 0 0
13701.5 2 1.41421
13702.5 3 1.73205
13703.5 2 1.41421
13704.5 0 0
13705.5 1 1
13706.5 4 2
13707.5 6 2.44949
13708.5 2 1.41421
13709.5 1 1
13710.5 0 0
13711.5 1 1
13712.5 2 1.41421
13713.5 2 1.41421
13714.5 4 2
13715.5 1 1
13716.5 1 1
13717.5 2 1.41421
13718.5 2 1.41421
13719.5 3 1.73205
13720.5 5 2.23607
13721.5 0 0
13722.5 3 1.73205
13723.5 1 1
13724.5 1 1
13725.5 1 1
13726.5 1 1
13727.5 0 0
13728.5 0 0
13729.5 0 0
13730.5 1 1
13731.5 1 1
13732.5 1 1
13733.5 1 1
13734.5 5 2.23607
13735.5 0 0
13736.5 1 1
13737.5 2 1.41421
13738.5 3 1.73205
13739.5 0 0
13740.5 1 1
13741.5 1 1
13742.5 2 1.41421
13743.5 0 0
13744.5 0 0
13745.5 2 1.41421
13746.5 2 1.41421
13747.5 2 1.41421
13748.5 4 2
13749.5 1 1
13750.5 3 1.73205
13751.5 0 0
13752.5 3 1.73205
13753.5 0 0
13754.5 1 1
13755.5 0 0
13756.5 0 0
13757.5 0 0
13758.5 2 1.41421
13759.5 1 1
13760.5 1 1
13761.5 3 1.73205
13762.5 1 1
13763.5 0 0
13764.5 1 1
13765.5 0 0
13766.5 0 0
13767.5 1 1
13768.5 1 1
13769.5 2 1.41421
13770.5 1 1
13771.5 0 0
13772.5 2 1.41421
13773.5 0 0
13774.5 1 1
13775.5 1 1
13776.5 0 0
13777.5 1 1
13778.5 0 0
13779.5 2 1.41421
13780.5 1 1
13781.5 1 1
13782.5 1 1
13783.5 2 1.41421
13784.5 0 0
13785.5 1 1
13786.5 1 1
13787.5 2 1.41421
13788.5 3 1.73205
13789.5 0 0
13790.5 1 1
13791.5 1 1
13792.5 6 2.44949
13793.5 3 1.73205
13794.5 0 0
13795.5 3 1.73205
13796.5 1 1
13797.5 2 1.41421
13798.5 3 1.73205
13799.5 4 2
13800.5 1 1
13801.5 2 1.41421
13802.5 3 1.73205
13803.5 2 1.41421
13804.5 1 1
13805.5 2 1.41421
13806.5 2 1.41421
13807.5 2 1.41421
13808.5 2 1.41421
13809.5 2 1.41421
13810.5 1 1
13811.5 0 0
13812.5 3 1.73205
13813.5 2 1.41421
13814.5 1 1
13815.5 0 0
13816.5 0 0
13817.5 1 1
13818.5 3 1.73205
13819.5 1 1
13820.5 0 0
13821.5 0 0
13822.5 0 0
13823.5 2 1.41421
13824.5 0 0
13825.5 0 0
13826.5 0 0
13827.5 1 1
13828.5 2 1.41421
13829.5 1 1
13830.5 2 1.41421
13831.5 0 0
13832.5 1 1
13833.5 0 0
13834.5 3 1.73205
13835.5 2 1.41421
13836.5 1 1
13837.5 0 0
13838.5 0 0
13839.5 2 1.41421
13840.5 2 1.41421
13841.5 1 1
13842.5 1 1
13843.5 2 1.41421
13844.5 2 1.41421
13845.5 0 0
13846.5 1 1
13847.5 1 1
13848.5 1 1
13849.5 1 1
13850.5 1 1
13851.5 2 1.41421
13852.5 2 1.41421
13853.5 3 1.73205
13854.5 1 1
13855.5 1 1
13856.5 1 1
13857.5 1 1
13858.5 1 1
13859.5 1 1
13860.5 0 0
13861.5 0 0
13862.5 1 1
13863.5 1 1
13864.5 2 1.41421
13865.5 0 0
13866.5 4 2
13867.5 3 1.73205
13868.5 2 1.41421
13869.5 1 1
13870.5 1 1
13871.5 3 1.73205
13872.5 1 1
13873.5 0 0
13874.5 5 2.23607
13875.5 0 0
13876.5 0 0
13877.5 1 1
13878.5 0 0
13879.5 0 0
13880.5 2 1.41421
13881.5 0 0
13882.5 2 1.41421
13883.5 2 1.41421
13884.5 2 1.41421
13885.5 3 1.73205
13886.5 0 0
13887.5 0 0
13888.5 0 0
13889.5 1 1
13890.5 1 1
13891.5 0 0
13892.5 4 2
13893.5 1 1
13894.5 1 1
13895.5 0 0
13896.5 1 1
13897.5 0 0
13898.5 3 1.73205
13899.5 1 1
13900.5 2 1.41421
13901.5 1 1
13902.5 2 1.41421
13903.5 2 1.41421
13904.5 1 1
13905.5 2 1.41421
13906.5 3 1.73205
13907.5 2 1.41421
13908.5 2 1.41421
13909.5 0 0
13910.5 1 1
13911.5 3 1.73205
13912.5 1 1
13913.5 2 1.41421
13914.5 2 1.41421
13915.5 3 1.73205
13916.5 0 0
13917.5 3 1.73205
13918.5 2 1.41421
13919.5 0 0
13920.5 1 1
13921.5 1 1
13922.5 3 1.73205
13923.5 1 1
13924.5 1 1
13925.5 0 0
13926.5 2 1.41421
13927.5 2 1.41421
13928.5 0 0
13929.5 3 1.73205
13930.5 2 1.41421
13931.5 3 1.73205
13932.5 2 1.41421
13933.5 0 0
13934.5 1 1
13935.5 0 0
13936.5 1 1
13937.5 2 1.41421
13938.5 3 1.73205
13939.5 1 1
13940.5 1 1
13941.5 3 1.73205
13942.5 5 2.23607
13943.5 3 1.73205
13944.5 2 1.41421
13945.5 2 1.41421
13946.5 0 0
13947.5 2 1.41421
13948.5 3 1.73205
13949.5 0 0
13950.5 0 0
13951.5 1 1
13952.5 1 1
13953.5 1 1
13954.5 3 1.73205
13955.5 1 1
13956.5 3 1.73205
13957.5 3 1.73205
13958.5 2 1.41421
13959.5 2 1.41421
13960.5 4 2
13961.5 1 1
13962.5 3 1.73205
13963.5 2 1.41421
13964.5 0 0
13965.5 2 1.41421
13966.5 0 0
13967.5 5 2.23607
13968.5 0 0
13969.5 4 2
13970.5 1 1
13971.5 0 0
13972.5 4 2
13973.5 1 1
13974.5 2 1.41421
13975.5 2 1.41421
13976.5 6 2.44949
13977.5 0 0
13978.5 1 1
13979.5 0 0
13980.5 2 1.41421
13981.5 2 1.41421
13982.5 1 1
13983.5 2 1.41421
13984.5 2 1.41421
13985.5 0 0
13986.5 0 0
13987.5 0 0
13988.5 0 0
13989.5 0 0
13990.5 0 0
13991.5 5 2.23607
13992.5 3 1.73205
13993.5 0 0
13994.5 4 2
13995.5 0 0
13996.5 2 1.41421
13997.5 1 1
13998.5 1 1
13999.5 2 1.41421
14000.5 3 1.73205
14001.5 1 1
14002.5 2 1.41421
14003.5 0 0
14004.5 1 1
14005.5 1 1
14006.5 4 2
14007.5 1 1
14008.5 2 1.41421
14009.5 0 0
14010.5 0 0
14011.5 0 0
14012.5 1 1
14013.5 0 0
14014.5 0 0
14015.5 1 1
14016.5 0 0
14017.5 2 1.41421
14018.5 2 1.41421
14019.5 2 1.41421
14020.5 1 1
14021.5 3 1.73205
14022.5 0 0
14023.5 1 1
14024.5 1 1
14025.5 0 0
14026.5 0 0
14027.5 2 1.41421
14028.5 2 1.41421
14029.5 1 1
14030.5 1 1
14031.5 1 1
14032.5 2 1.41421
14033.5 0 0
14034.5 2 1.41421
14035.5 0 0
14036.5 0 0
14037.5 1 1
14038.5 1 1
14039.5 1 1
14040.5 2 1.41421
14041.5 0 0
14042.5 1 1
14043.5 2 1.41421
14044.5 1 1
14045.5 1 1
14046.5 1 1
14047.5 4 2
14048.5 1 1
14049.5 1 1
14050.5 1 1
14051.5 1 1
14052.5 1 1
14053.5 2 1.41421
14054.5 1 1
14055.5 0 0
14056.5 2 1.41421
14057.5 2 1.41421
14058.5 1 1
14059.5 3 1.73205
14060.5 2 1.41421
14061.5 0 0
14062.5 3 1.73205
14063.5 0 0
14064.5 1 1
14065.5 4 2
14066.5 1 1
14067.5 0 0
14068.5 0 0
14069.5 0 0
14070.5 0 0
14071.5 1 1
14072.5 1 1
14073.5 0 0
14074.5 2 1.41421
14075.5 0 0
14076.5 3 1.73205
14077.5 0 0
14078.5 1 1
14079.5 0 0
14080.5 0 0
14081.5 0 0
14082.5 0 0
14083.5 3 1.73205
14084.5 1 1
14085.5 0 0
14086.5 1 1
14087.5 2 1.41421
14088.5 1 1
14089.5 1 1
14090.5 1 1
14091.5 3 1.73205
14092.5 1 1
14093.5 1 1
14094.5 2 1.41421
14095.5 2 1.41421
14096.5 0 0
14097.5 0 0
14098.5 1 1
14099.5 0 0
14100.5 1 1
14101.5 0 0
14102.5 0 0
14103.5 1 1
14104.5 0 0
14105.5 2 1.41421
14106.5 1 1
14107.5 0 0
14108.5 0 0
14109.5 1 1
14110.5 2 1.41421
14111.5 0 0
14112.5 0 0
14113.5 0 0
14114.5 2 1.41421
14115.5 3 1.73205
14116.5 0 0
14117.5 2 1.41421
14118.5 1 1
14119.5 1 1
14120.5 1 1
14121.5 1 1
14122.5 2 1.41421
14123.5 1 1
14124.5 0 0
14125.5 0 0
14126.5 3 1.73205
14127.5 0 0
14128.5 0 0
14129.5 0 0
14130.5 1 1
14131.5 0 0
14132.5 1 1
14133.5 1 1
14134.5 1 1
14135.5 1 1
14136.5 2 1.41421
14137.5 1 1
14138.5 0 0
14139.5 0 0
14140.5 0 0
14141.5 2 1.41421
14142.5 1 1
14143.5 1 1
14144.5 0 0
14145.5 2 1.41421
14146.5 0 0
14147.5 1 1
14148.5 0 0
14149.5 1 1
14150.5 2 1.41421
14151.5 3 1.73205
14152.5 2 1.41421
14153.5 1 1
14154.5 1 1
14155.5 0 0
14156.5 2 1.41421
14157.5 2 1.41421
14158.5 1 1
14159.5 2 1.41421
14160.5 2 1.41421
14161.5 0 0
14162.5 0 0
14163.5 2 1.41421
14164.5 1 1
14165.5 0 0
14166.5 2 1.41421
14167.5 0 0
14168.5 2 1.41421
14169.5 0 0
14170.5 1 1
14171.5 0 0
14172.5 3 1.73205
14173.5 0 0
14174.5 3 1.73205
14175.5 1 1
14176.5 2 1.41421
14177.5 0 0
14178.5 1 1
14179.5 0 0
14180.5 2 1.41421
14181.5 2 1.41421
14182.5 2 1.41421
14183.5 0 0
14184.5 2 1.41421
14185.5 0 0
14186.5 2 1.41421
14187.5 2 1.41421
14188.5 0 0
14189.5 3 1.73205
14190.5 1 1
14191.5 1 1
14192.5 1 1
14193.5 0 0
14194.5 0 0
14195.5 1 1
14196.5 1 1
14197.5 0 0
14198.5 2 1.41421
14199.5 2 1.41421
14200.5 3 1.73205
14201.5 3 1.73205
14202.5 2 1.41421
14203.5 4 2
14204.5 0 0
14205.5 2 1.41421
14206.5 2 1.41421
14207.5 2 1.41421
14208.5 0 0
14209.5 1 1
14210.5 0 0
14211.5 4 2
14212.5 4 2
14213.5 2 1.41421
14214.5 1 1
14215.5 3 1.73205
14216.5 1 1
14217.5 1 1
14218.5 1 1
14219.5 4 2
14220.5 1 1
14221.5 3 1.73205
14222.5 3 1.73205
14223.5 0 0
14224.5 2 1.41421
14225.5 3 1.73205
14226.5 3 1.73205
14227.5 2 1.41421
14228.5 2 1.41421
14229.5 7 2.64575
14230.5 5 2.23607
14231.5 2 1.41421
14232.5 1 1
14233.5 5 2.23607
14234.5 3 1.73205
14235.5 4 2
14236.5 3 1.73205
14237.5 2 1.41421
14238.5 4 2
14239.5 3 1.73205
14240.5 5 2.23607
14241.5 3 1.73205
14242.5 6 2.44949
14243.5 4 2
14244.5 3 1.73205
14245.5 11 3.31662
14246.5 0 0
14247.5 5 2.23607
14248.5 6 2.44949
14249.5 8 2.82843
14250.5 7 2.64575
14251.5 10 3.16228
14252.5 4 2
14253.5 8 2.82843
14254.5 7 2.64575
14255.5 11 3.31662
14256.5 9 3
14257.5 12 3.4641
14258.5 7 2.64575
14259.5 7 2.64575
14260.5 15 3.87298
14261.5 8 2.82843
14262.5 10 3.16228
14263.5 7 2.64575
14264.5 15 3.87298
14265.5 13 3.60555
14266.5 16 4
14267.5 8 2.82843
14268.5 14 3.74166
14269.5 15 3.87298
14270.5 8 2.82843
14271.5 20 4.47214
14272.5 18 4.24264
14273.5 22 4.69042
14274.5 16 4
14275.5 14 3.74166
14276.5 17 4.12311
14277.5 11 3.31662
14278.5 13 3.60555
14279.5 20 4.47214
14280.5 25 5
14281.5 19 4.3589
14282.5 17 4.12311
14283.5 17 4.12311
14284.5 20 4.47214
14285.5 28 5.2915
14286.5 21 4.58258
14287.5 13 3.60555
14288.5 23 4.79583
14289.5 21 4.58258
14290.5 32 5.65685
14291.5 26 5.09902
14292.5 32 5.65685
14293.5 31 5.56776
14294.5 25 5
14295.5 26 5.09902
14296.5 43 6.55744
14297.5 27 5.19615
14298.5 41 6.40312
14299.5 29 5.38516
14300.5 44 6.63325
14301.5 39 6.245
14302.5 44 6.63325
14303.5 26 5.09902
14304.5 45 6.7082
14305.5 43 6.55744
14306.5 39 6.245
14307.5 51 7.14143
14308.5 33 5.74456
14309.5 38 6.16441
14310.5 45 6.7082
14311.5 31 5.56776
14312.5 37 6.08276
14313.5 40 6.32456
14314.5 50 7.07107
14315.5 38 6.16441
14316.5 50 7.07107
14317.5 44 6.63325
14318.5 39 6.245
14319.5 41 6.40312
14320.5 43 6.55744
14321.5 44 6.63325
14322.5 41 6.40312
14323.5 44 6.63325
14324.5 43 6.55744
14325.5 33 5.74456
14326.5 47 6.85565
14327.5 47 6.85565
14328.5 40 6.32456
14329.5 29 5.38516
14330.5 26 5.09902
14331.5 27 5.19615
14332.5 31 5.56776
14333.5 31 5.56776
14334.5 35 5.91608
14335.5 29 5.38516
14336.5 21 4.58258
14337.5 22 4.69042
14338.5 18 4.24264
14339.5 15 3.87298
14340.5 26 5.09902
14341.5 15 3.87298
14342.5 6 2.44949
14343.5 15 3.87298
14344.5 17 4.12311
14345.5 18 4.24264
14346.5 14 3.74166
14347.5 8 2.82843
14348.5 8 2.82843
14349.5 7 2.64575
14350.5 7 2.64575
14351.5 8 2.82843
14352.5 9 3
14353.5 15 3.87298
14354.5 19 4.3589
14355.5 10 3.16228
14356.5 9 3
14357.5 7 2.64575
14358.5 12 3.4641
14359.5 10 3.16228
14360.5 8 2.82843
14361.5 7 2.64575
14362.5 10 3.16228
14363.5 3 1.73205
14364.5 10 3.16228
14365.5 10 3.16228
14366.5 4 2
14367.5 4 2
14368.5 11 3.31662
14369.5 6 2.44949
14370.5 6 2.44949
14371.5 5 2.23607
14372.5 9 3
14373.5 8 2.82843
14374.5 7 2.64575
14375.5 5 2.23607
14376.5 3 1.73205
14377.5 4 2
14378.5 6 2.44949
14379.5 6 2.44949
14380.5 6 2.44949
14381.5 3 1.73205
14382.5 5 2.23607
14383.5 1 1
14384.5 10 3.16228
14385.5 10 3.16228
14386.5 3 1.73205
14387.5 8 2.82843
14388.5 3 1.73205
14389.5 5 2.23607
14390.5 12 3.4641
14391.5 7 2.64575
14392.5 0 0
14393.5 5 2.23607
14394.5 4 2
14395.5 2 1.41421
14396.5 8 2.82843
14397.5 2 1.41421
14398.5 5 2.23607
14399.5 5 2.23607
14400.5 4 2
14401.5 6 2.44949
14402.5 5 2.23607
14403.5 3 1.73205
14404.5 3 1.73205
14405.5 1 1
14406.5 2 1.41421
14407.5 2 1.41421
14408.5 4 2
14409.5 3 1.73205
14410.5 5 2.23607
14411.5 4 2
14412.5 4 2
14413.5 5 2.23607
14414.5 6 2.44949
14415.5 3 1.73205
14416.5 3 1.73205
14417.5 6 2.44949
14418.5 8 2.82843
14419.5 2 1.41421
14420.5 6 2.44949
14421.5 4 2
14422.5 4 2
14423.5 9 3
14424.5 3 1.73205
14425.5 4 2
14426.5 6 2.44949
14427.5 6 2.44949
14428.5 3 1.73205
14429.5 9 3
14430.5 7 2.64575
14431.5 4 2
14432.5 6 2.44949
14433.5 6 2.44949
14434.5 4 2
14435.5 5 2.23607
14436.5 2 1.41421
14437.5 4 2
14438.5 6 2.44949
14439.5 1 1
14440.5 7 2.64575
14441.5 3 1.73205
14442.5 5 2.23607
14443.5 6 2.44949
14444.5 4 2
14445.5 5 2.23607
14446.5 4 2
14447.5 3 1.73205
14448.5 4 2
14449.5 6 2.44949
14450.5 3 1.73205
14451.5 6 2.44949
14452.5 1 1
14453.5 4 2
14454.5 4 2
14455.5 3 1.73205
14456.5 2 1.41421
14457.5 5 2.23607
14458.5 3 1.73205
14459.5 2 1.41421
14460.5 3 1.73205
14461.5 2 1.41421
14462.5 6 2.44949
14463.5 5 2.23607
14464.5 2 1.41421
14465.5 1 1
14466.5 4 2
14467.5 3 1.73205
14468.5 0 0
14469.5 1 1
14470.5 3 1.73205
14471.5 7 2.64575
14472.5 3 1.73205
14473.5 1 1
14474.5 1 1
14475.5 3 1.73205
14476.5 1 1
14477.5 0 0
14478.5 2 1.41421
14479.5 3 1.73205
14480.5 0 0
14481.5 1 1
14482.5 1 1
14483.5 2 1.41421
14484.5 3 1.73205
14485.5 0 0
14486.5 3 1.73205
14487.5 2 1.41421
14488.5 2 1.41421
14489.5 3 1.73205
14490.5 1 1
14491.5 2 1.41421
14492.5 1 1
14493.5 0 0
14494.5 2 1.41421
14495.5 3 1.73205
14496.5 3 1.73205
14497.5 0 0
14498.5 1 1
14499.5 1 1
14500.5 2 1.41421
14501.5 4 2
14502.5 0 0
14503.5 1 1
14504.5 0 0
14505.5 1 1
14506.5 1 1
14507.5 0 0
14508.5 0 0
14509.5 1 1
14510.5 2 1.41421
14511.5 1 1
14512.5 1 1
14513.5 1 1
14514.5 1 1
14515.5 1 1
14516.5 1 1
14517.5 1 1
14518.5 2 1.41421
14519.5 3 1.73205
14520.5 0 0
14521.5 2 1.41421
14522.5 2 1.41421
14523.5 2 1.41421
14524.5 0 0
14525.5 3 1.73205
14526.5 1 1
14527.5 2 1.41421
14528.5 3 1.73205
14529.5 1 1
14530.5 1 1
14531.5 3 1.73205
14532.5 0 0
14533.5 1 1
14534.5 1 1
14535.5 0 0
14536.5 1 1
14537.5 1 1
14538.5 1 1
14539.5 1 1
14540.5 2 1.41421
14541.5 1 1
14542.5 0 0
14543.5 0 0
14544.5 0 0
14545.5 2 1.41421
14546.5 0 0
14547.5 0 0
14548.5 0 0
14549.5 2 1.41421
14550.5 0 0
14551.5 3 1.73205
14552.5 1 1
14553.5 1 1
14554.5 0 0
14555.5 1 1
14556.5 0 0
14557.5 1 1
14558.5 0 0
14559.5 0 0
14560.5 1 1
14561.5 1 1
14562.5 0 0
14563.5 1 1
14564.5 0 0
14565.5 2 1.41421
14566.5 1 1
14567.5 1 1
14568.5 0 0
14569.5 0 0
14570.5 1 1
14571.5 1 1
14572.5 1 1
14573.5 0 0
14574.5 1 1
14575.5 1 1
14576.5 1 1
14577.5 1 1
14578.5 0 0
14579.5 1 1
14580.5 1 1
14581.5 2 1.41421
14582.5 0 0
14583.5 0 0
14584.5 0 0
14585.5 0 0
14586.5 1 1
14587.5 0 0
14588.5 0 0
14589.5 0 0
14590.5 0 0
14591.5 2 1.41421
14592.5 0 0
14593.5 0 0
14594.5 1 1
14595.5 0 0
14596.5 0 0
14597.5 1 1
14598.5 0 0
14599.5 0 0
14600.5 0 0
14601.5 0 0
14602.5 0 0
14603.5 0 0
14604.5 0 0
14605.5 0 0
14606.5 1 1
14607.5 0 0
14608.5 0 0
14609.5 0 0
14610.5 0 0
14611.5 1 1
14612.5 0 0
14613.5 0 0
14614.5 0 0
14615.5 0 0
14616.5 2 1.41421
14617.5 0 0
14618.5 2 1.41421
14619.5 0 0
14620.5 0 0
14621.5 0 0
14622.5 2 1.41421
14623.5 1 1
14624.5 1 1
14625.5 0 0
14626.5 1 1
14627.5 0 0
14628.5 0 0
14629.5 0 0
14630.5 0 0
14631.5 0 0
14632.5 3 1.73205
14633.5 0 0
14634.5 0 0
14635.5 0 0
14636.5 0 0
14637.5 0 0
14638.5 0 0
14639.5 1 1
14640.5 0 0
14641.5 0 0
14642.5 0 0
14643.5 1 1
14644.5 0 0
14645.5 1 1
14646.5 0 0
14647.5 0 0
14648.5 0 0
14649.5 0 0
14650.5 0 0
14651.5 0 0
14652.5 1 1
14653.5 1 1
14654.5 1 1
14655.5 0 0
14656.5 1 1
14657.5 0 0
14658.5 1 1
14659.5 0 0
14660.5 0 0
14661.5 0 0
14662.5 0 0
14663.5 0 0
14664.5 1 1
14665.5 0 0
14666.5 0 0
14667.5 0 0
14668.5 0 0
14669.5 0 0
14670.5 0 0
14671.5 0 0
14672.5 1 1
14673.5 1 1
14674.5 0 0
14675.5 1 1
14676.5 1 1
14677.5 3 1.73205
14678.5 0 0
14679.5 0 0
14680.5 1 1
14681.5 0 0
14682.5 0 0
14683.5 0 0
14684.5 1 1
14685.5 0 0
14686.5 0 0
14687.5 0 0
14688.5 1 1
14689.5 0 0
14690.5 2 1.41421
14691.5 0 0
14692.5 0 0
14693.5 1 1
14694.5 0 0
14695.5 0 0
14696.5 1 1
14697.5 0 0
14698.5 0 0
14699.5 0 0
14700.5 0 0
14701.5 0 0
14702.5 1 1
14703.5 1 1
14704.5 1 1
14705.5 1 1
14706.5 0 0
14707.5 0 0
14708.5 0 0
14709.5 0 0
14710.5 0 0
14711.5 0 0
14712.5 0 0
14713.5 0 0
14714.5 2 1.41421
14715.5 0 0
14716.5 0 0
14717.5 0 0
14718.5 0 0
14719.5 0 0
14720.5 0 0
14721.5 0 0
14722.5 1 1
14723.5 0 0
14724.5 0 0
14725.5 0 0
14726.5 1 1
14727.5 0 0
14728.5 1 1
14729.5 0 0
14730.5 0 0
14731.5 1 1
14732.5 0 0
14733.5 0 0
14734.5 3 1.73205
14735.5 0 0
14736.5 0 0
14737.5 0 0
14738.5 0 0
14739.5 1 1
14740.5 1 1
14741.5 0 0
14742.5 1 1
14743.5 2 1.41421
14744.5 1 1
14745.5 0 0
14746.5 1 1
14747.5 0 0
14748.5 1 1
14749.5 0 0
14750.5 0 0
14751.5 0 0
14752.5 1 1
14753.5 0 0
14754.5 0 0
14755.5 0 0
14756.5 0 0
14757.5 0 0
14758.5 0 0
14759.5 1 1
14760.5 0 0
14761.5 0 0
14762.5 0 0
14763.5 1 1
14764.5 1 1
14765.5 2 1.41421
14766.5 1 1
14767.5 0 0
14768.5 0 0
14769.5 1 1
14770.5 0 0
14771.5 2 1.41421
14772.5 0 0
14773.5 1 1
14774.5 0 0
14775.5 0 0
14776.5 0 0
14777.5 1 1
14778.5 1 1
14779.5 0 0
14780.5 0 0
14781.5 1 1
14782.5 1 1
14783.5 0 0
14784.5 0 0
14785.5 0 0
14786.5 0 0
14787.5 0 0
14788.5 1 1
14789.5 0 0
14790.5 0 0
14791.5 0 0
14792.5 3 1.73205
14793.5 0 0
14794.5 1 1
14795.5 0 0
14796.5 0 0
14797.5 1 1
14798.5 0 0
14799.5 0 0
14800.5 0 0
14801.5 0 0
14802.5 0 0
14803.5 0 0
14804.5 1 1
14805.5 0 0
14806.5 1 1
14807.5 1 1
14808.5 0 0
14809.5 0 0
14810.5 0 0
14811.5 0 0
14812.5 0 0
14813.5 0 0
14814.5 0 0
14815.5 0 0
14816.5 0 0
14817.5 0 0
14818.5 0 0
14819.5 0 0
14820.5 0 0
14821.5 1 1
14822.5 1 1
14823.5 1 1
14824.5 0 0
14825.5 0 0
14826.5 0 0
14827.5 0 0
14828.5 0 0
14829.5 0 0
14830.5 0 0
14831.5 0 0
14832.5 0 0
14833.5 1 1
14834.5 3 1.73205
14835.5 0 0
14836.5 1 1
14837.5 2 1.41421
14838.5 1 1
14839.5 0 0
14840.5 1 1
14841.5 0 0
14842.5 0 0
14843.5 0 0
14844.5 0 0
14845.5 0 0
14846.5 2 1.41421
14847.5 1 1
14848.5 2 1.41421
14849.5 0 0
14850.5 1 1
14851.5 1 1
14852.5 0 0
14853.5 1 1
14854.5 0 0
14855.5 0 0
14856.5 0 0
14857.5 1 1
14858.5 0 0
14859.5 1 1
14860.5 0 0
14861.5 0 0
14862.5 0 0
14863.5 0 0
14864.5 0 0
14865.5 0 0
14866.5 0 0
14867.5 0 0
14868.5 0 0
14869.5 0 0
14870.5 0 0
14871.5 2 1.41421
14872.5 0 0
14873.5 2 1.41421
14874.5 0 0
14875.5 0 0
14876.5 0 0
14877.5 0 0
14878.5 0 0
14879.5 2 1.41421
14880.5 1 1
14881.5 1 1
14882.5 0 0
14883.5 0 0
14884.5 1 1
14885.5 0 0
14886.5 2 1.41421
14887.5 1 1
14888.5 0 0
14889.5 1 1
14890.5 1 1
14891.5 0 0
14892.5 1 1
14893.5 2 1.41421
14894.5 1 1
14895.5 2 1.41421
14896.5 0 0
14897.5 0 0
14898.5 1 1
14899.5 0 0
14900.5 1 1
14901.5 0 0
14902.5 0 0
14903.5 0 0
14904.5 0 0
14905.5 0 0
14906.5 1 1
14907.5 1 1
14908.5 0 0
14909.5 0 0
14910.5 1 1
14911.5 1 1
14912.5 0 0
14913.5 0 0
14914.5 0 0
14915.5 0 0
14916.5 0 0
14917.5 0 0
14918.5 0 0
14919.5 0 0
14920.5 0 0
14921.5 0 0
14922.5 1 1
14923.5 0 0
14924.5 0 0
14925.5 2 1.41421
14926.5 1 1
14927.5 1 1
14928.5 0 0
14929.5 0 0
14930.5 0 0
14931.5 1 1
14932.5 0 0
14933.5 0 0
14934.5 0 0
14935.5 0 0
14936.5 0 0
14937.5 0 0
14938.5 0 0
14939.5 0 0
14940.5 1 1
14941.5 0 0
14942.5 0 0
14943.5 0 0
14944.5 1 1
14945.5 1 1
14946.5 1 1
14947.5 0 0
14948.5 1 1
14949.5 2 1.41421
14950.5 0 0
14951.5 0 0
14952.5 0 0
14953.5 1 1
14954.5 0 0
14955.5 0 0
14956.5 1 1
14957.5 0 0
14958.5 0 0
14959.5 2 1.41421
14960.5 2 1.41421
14961.5 0 0
14962.5 0 0
14963.5 0 0
14964.5 0 0
14965.5 0 0
14966.5 1 1
14967.5 1 1
14968.5 1 1
14969.5 1 1
14970.5 1 1
14971.5 1 1
14972.5 0 0
14973.5 0 0
14974.5 1 1
14975.5 0 0
14976.5 0 0
14977.5 0 0
14978.5 0 0
14979.5 1 1
14980.5 0 0
14981.5 1 1
14982.5 0 0
14983.5 0 0
14984.5 0 0
14985.5 0 0
14986.5 1 1
14987.5 0 0
14988.5 1 1
14989.5 2 1.41421
14990.5 0 0
14991.5 1 1
14992.5 1 1
14993.5 0 0
14994.5 1 1
14995.5 1 1
14996.5 2 1.41421
14997.5 0 0
14998.5 0 0
14999.5 0 0
15000.5 2 1.41421
15001.5 0 0
15002.5 0 0
15003.5 1 1
15004.5 0 0
15005.5 0 0
15006.5 1 1
15007.5 1 1
15008.5 0 0
15009.5 1 1
15010.5 1 1
15011.5 0 0
15012.5 1 1
15013.5 0 0
15014.5 1 1
15015.5 0 0
15016.5 2 1.41421
15017.5 0 0
15018.5 1 1
15019.5 1 1
15020.5 0 0
15021.5 2 1.41421
15022.5 1 1
15023.5 0 0
15024.5 1 1
15025.5 0 0
15026.5 1 1
15027.5 1 1
15028.5 1 1
15029.5 1 1
15030.5 0 0
15031.5 2 1.41421
15032.5 1 1
15033.5 1 1
15034.5 1 1
15035.5 0 0
15036.5 2 1.41421
15037.5 1 1
15038.5 1 1
15039.5 1 1
15040.5 0 0
15041.5 0 0
15042.5 0 0
15043.5 1 1
15044.5 1 1
15045.5 1 1
15046.5 1 1
15047.5 0 0
15048.5 0 0
15049.5 1 1
15050.5 1 1
15051.5 1 1
15052.5 1 1
15053.5 0 0
15054.5 0 0
15055.5 0 0
15056.5 0 0
15057.5 0 0
15058.5 0 0
15059.5 0 0
15060.5 0 0
15061.5 1 1
15062.5 1 1
15063.5 0 0
15064.5 1 1
15065.5 0 0
15066.5 0 0
15067.5 0 0
15068.5 0 0
15069.5 0 0
15070.5 0 0
15071.5 1 1
15072.5 1 1
15073.5 0 0
15074.5 0 0
15075.5 1 1
15076.5 0 0
15077.5 0 0
15078.5 0 0
15079.5 1 1
15080.5 0 0
15081.5 1 1
15082.5 1 1
15083.5 0 0
15084.5 3 1.73205
15085.5 1 1
15086.5 0 0
15087.5 1 1
15088.5 0 0
15089.5 0 0
15090.5 1 1
15091.5 1 1
15092.5 0 0
15093.5 1 1
15094.5 0 0
15095.5 1 1
15096.5 0 0
15097.5 0 0
15098.5 1 1
15099.5 0 0
15100.5 0 0
15101.5 0 0
15102.5 1 1
15103.5 0 0
15104.5 1 1
15105.5 0 0
15106.5 0 0
15107.5 0 0
15108.5 0 0
15109.5 1 1
15110.5 0 0
15111.5 0 0
15112.5 0 0
15113.5 0 0
15114.5 1 1
15115.5 0 0
15116.5 0 0
15117.5 1 1
15118.5 0 0
15119.5 1 1
15120.5 0 0
15121.5 1 1
15122.5 0 0
15123.5 1 1
15124.5 2 1.41421
15125.5 0 0
15126.5 1 1
15127.5 0 0
15128.5 2 1.41421
15129.5 0 0
15130.5 0 0
15131.5 1 1
15132.5 3 1.73205
15133.5 3 1.73205
15134.5 0 0
15135.5 0 0
15136.5 1 1
15137.5 0 0
15138.5 0 0
15139.5 3 1.73205
15140.5 1 1
15141.5 1 1
15142.5 0 0
15143.5 1 1
15144.5 1 1
15145.5 2 1.41421
15146.5 2 1.41421
15147.5 3 1.73205
15148.5 3 1.73205
15149.5 1 1
15150.5 1 1
15151.5 0 0
15152.5 1 1
15153.5 1 1
15154.5 0 0
15155.5 1 1
15156.5 0 0
15157.5 0 0
15158.5 1 1
15159.5 0 0
15160.5 1 1
15161.5 0 0
15162.5 3 1.73205
15163.5 2 1.41421
15164.5 2 1.41421
15165.5 0 0
15166.5 1 1
15167.5 0 0
15168.5 0 0
15169.5 0 0
15170.5 1 1
15171.5 0 0
15172.5 1 1
15173.5 2 1.41421
15174.5 1 1
15175.5 1 1
15176.5 0 0
15177.5 0 0
15178.5 1 1
15179.5 0 0
15180.5 0 0
15181.5 0 0
15182.5 0 0
15183.5 0 0
15184.5 0 0
15185.5 0 0
15186.5 0 0
15187.5 0 0
15188.5 2 1.41421
15189.5 0 0
15190.5 0 0
15191.5 1 1
15192.5 0 0
15193.5 1 1
15194.5 0 0
15195.5 0 0
15196.5 0 0
15197.5 0 0
15198.5 1 1
15199.5 0 0
15200.5 0 0
15201.5 0 0
15202.5 2 1.41421
15203.5 0 0
15204.5 0 0
15205.5 0 0
15206.5 0 0
15207.5 0 0
15208.5 0 0
15209.5 0 0
15210.5 0 0
15211.5 0 0
15212.5 1 1
15213.5 1 1
15214.5 0 0
15215.5 0 0
15216.5 0 0
15217.5 0 0
15218.5 0 0
15219.5 0 0
15220.5 0 0
15221.5 0 0
15222.5 0 0
15223.5 0 0
15224.5 0 0
15225.5 1 1
15226.5 0 0
15227.5 0 0
15228.5 0 0
15229.5 0 0
15230.5 0 0
15231.5 1 1
15232.5 1 1
15233.5 1 1
15234.5 0 0
15235.5 1 1
15236.5 0 0
15237.5 0 0
15238.5 0 0
15239.5 0 0
15240.5 1 1
15241.5 0 0
15242.5 0 0
15243.5 2 1.41421
15244.5 0 0
15245.5 1 1
15246.5 0 0
15247.5 0 0
15248.5 0 0
15249.5 1 1
15250.5 1 1
15251.5 1 1
15252.5 0 0
15253.5 1 1
15254.5 1 1
15255.5 0 0
15256.5 0 0
15257.5 0 0
15258.5 0 0
15259.5 0 0
15260.5 0 0
15261.5 0 0
15262.5 0 0
15263.5 0 0
15264.5 0 0
15265.5 0 0
15266.5 0 0
15267.5 0 0
15268.5 0 0
15269.5 1 1
15270.5 0 0
15271.5 0 0
15272.5 0 0
15273.5 0 0
15274.5 1 1
15275.5 1 1
15276.5 2 1.41421
15277.5 0 0
15278.5 0 0
15279.5 1 1
15280.5 0 0
15281.5 0 0
15282.5 0 0
15283.5 1 1
15284.5 0 0
15285.5 0 0
15286.5 0 0
15287.5 0 0
15288.5 0 0
15289.5 1 1
15290.5 0 0
15291.5 2 1.41421
15292.5 1 1
15293.5 0 0
15294.5 0 0
15295.5 0 0
15296.5 0 0
15297.5 0 0
15298.5 1 1
15299.5 0 0
15300.5 0 0
15301.5 0 0
15302.5 0 0
15303.5 0 0
15304.5 0 0
15305.5 0 0
15306.5 0 0
15307.5 1 1
15308.5 0 0
15309.5 0 0
15310.5 0 0
15311.5 0 0
15312.5 0 0
15313.5 0 0
15314.5 0 0
15315.5 0 0
15316.5 0 0
15317.5 0 0
15318.5 0 0
15319.5 0 0
15320.5 0 0
15321.5 0 0
15322.5 0 0
15323.5 0 0
15324.5 0 0
15325.5 0 0
15326.5 0 0
15327.5 1 1
15328.5 0 0
15329.5 1 1
15330.5 0 0
15331.5 0 0
15332.5 0 0
15333.5 0 0
15334.5 0 0
15335.5 0 0
15336.5 1 1
15337.5 0 0
15338.5 0 0
15339.5 1 1
15340.5 0 0
15341.5 0 0
15342.5 0 0
15343.5 0 0
15344.5 1 1
15345.5 0 0
15346.5 0 0
15347.5 0 0
15348.5 0 0
15349.5 0 0
15350.5 0 0
15351.5 1 1
15352.5 0 0
15353.5 0 0
15354.5 1 1
15355.5 0 0
15356.5 0 0
15357.5 0 0
15358.5 0 0
15359.5 1 1
15360.5 0 0
15361.5 0 0
15362.5 0 0
15363.5 0 0
15364.5 0 0
15365.5 0 0
15366.5 1 1
15367.5 0 0
15368.5 0 0
15369.5 1 1
15370.5 0 0
15371.5 0 0
15372.5 1 1
15373.5 0 0
15374.5 0 0
15375.5 0 0
15376.5 0 0
15377.5 0 0
15378.5 0 0
15379.5 0 0
15380.5 1 1
15381.5 1 1
15382.5 0 0
15383.5 0 0
15384.5 0 0
15385.5 1 1
15386.5 0 0
15387.5 1 1
15388.5 0 0
15389.5 0 0
15390.5 0 0
15391.5 1 1
15392.5 0 0
15393.5 0 0
15394.5 1 1
15395.5 0 0
15396.5 0 0
15397.5 0 0
15398.5 0 0
15399.5 1 1
15400.5 0 0
15401.5 0 0
15402.5 0 0
15403.5 0 0
15404.5 0 0
15405.5 0 0
15406.5 0 0
15407.5 0 0
15408.5 1 1
15409.5 0 0
15410.5 1 1
15411.5 1 1
15412.5 0 0
15413.5 0 0
15414.5 2 1.41421
15415.5 0 0
15416.5 0 0
15417.5 2 1.41421
15418.5 0 0
15419.5 0 0
15420.5 0 0
15421.5 0 0
15422.5 1 1
15423.5 1 1
15424.5 0 0
15425.5 1 1
15426.5 0 0
15427.5 1 1
15428.5 0 0
15429.5 1 1
15430.5 0 0
15431.5 0 0
15432.5 0 0
15433.5 0 0
15434.5 0 0
15435.5 0 0
15436.5 0 0
15437.5 0 0
15438.5 0 0
15439.5 0 0
15440.5 0 0
15441.5 1 1
15442.5 2 1.41421
15443.5 0 0
15444.5 0 0
15445.5 0 0
15446.5 1 1
15447.5 0 0
15448.5 0 0
15449.5 0 0
15450.5 0 0
15451.5 1 1
15452.5 0 0
15453.5 0 0
15454.5 0 0
15455.5 0 0
15456.5 0 0
15457.5 1 1
15458.5 0 0
15459.5 0 0
15460.5 0 0
15461.5 1 1
15462.5 1 1
15463.5 0 0
15464.5 1 1
15465.5 0 0
15466.5 1 1
15467.5 0 0
15468.5 0 0
15469.5 0 0
15470.5 0 0
15471.5 1 1
15472.5 0 0
15473.5 0 0
15474.5 0 0
15475.5 0 0
15476.5 0 0
15477.5 2 1.41421
15478.5 1 1
15479.5 0 0
15480.5 0 0
15481.5 0 0
15482.5 1 1
15483.5 1 1
15484.5 1 1
15485.5 1 1
15486.5 1 1
15487.5 0 0
15488.5 1 1
15489.5 0 0
15490.5 0 0
15491.5 0 0
15492.5 0 0
15493.5 0 0
15494.5 1 1
15495.5 1 1
15496.5 1 1
15497.5 0 0
15498.5 0 0
15499.5 1 1
15500.5 0 0
15501.5 1 1
15502.5 0 0
15503.5 0 0
15504.5 1 1
15505.5 0 0
15506.5 0 0
15507.5 0 0
15508.5 0 0
15509.5 0 0
15510.5 0 0
15511.5 0 0
15512.5 0 0
15513.5 0 0
15514.5 1 1
15515.5 0 0
15516.5 0 0
15517.5 0 0
15518.5 0 0
15519.5 0 0
15520.5 0 0
15521.5 0 0
15522.5 0 0
15523.5 0 0
15524.5 0 0
15525.5 0 0
15526.5 0 0
15527.5 1 1
15528.5 0 0
15529.5 0 0
15530.5 0 0
15531.5 0 0
15532.5 1 1
15533.5 0 0
15534.5 0 0
15535.5 0 0
15536.5 0 0
15537.5 0 0
15538.5 0 0
15539.5 1 1
15540.5 1 1
15541.5 0 0
15542.5 1 1
15543.5 0 0
15544.5 0 0
15545.5 1 1
15546.5 1 1
15547.5 0 0
15548.5 0 0
15549.5 0 0
15550.5 0 0
15551.5 0 0
15552.5 0 0
15553.5 0 0
15554.5 0 0
15555.5 0 0
15556.5 0 0
15557.5 0 0
15558.5 0 0
15559.5 0 0
15560.5 0 0
15561.5 0 0
15562.5 0 0
15563.5 0 0
15564.5 0 0
15565.5 1 1
15566.5 0 0
15567.5 0 0
15568.5 0 0
15569.5 0 0
15570.5 1 1
15571.5 0 0
15572.5 0 0
15573.5 1 1
15574.5 0 0
15575.5 0 0
15576.5 0 0
15577.5 0 0
15578.5 0 0
15579.5 0 0
15580.5 0 0
15581.5 0 0
15582.5 0 0
15583.5 0 0
15584.5 0 0
15585.5 0 0
15586.5 0 0
15587.5 0 0
15588.5 1 1
15589.5 0 0
15590.5 0 0
15591.5 0 0
15592.5 1 1
15593.5 0 0
15594.5 0 0
15595.5 0 0
15596.5 0 0
15597.5 0 0
15598.5 0 0
15599.5 0 0
15600.5 0 0
15601.5 0 0
15602.5 0 0
15603.5 0 0
15604.5 0 0
15605.5 0 0
15606.5 0 0
15607.5 1 1
15608.5 0 0
15609.5 0 0
15610.5 0 0
15611.5 0 0
15612.5 0 0
15613.5 0 0
15614.5 0 0
15615.5 1 1
15616.5 0 0
15617.5 0 0
15618.5 1 1
15619.5 0 0
15620.5 0 0
15621.5 0 0
15622.5 0 0
15623.5 0 0
15624.5 0 0
15625.5 0 0
15626.5 1 1
15627.5 0 0
15628.5 0 0
15629.5 0 0
15630.5 0 0
15631.5 0 0
15632.5 0 0
15633.5 0 0
15634.5 0 0
15635.5 1 1
15636.5 0 0
15637.5 0 0
15638.5 0 0
15639.5 0 0
15640.5 1 1
15641.5 1 1
15642.5 0 0
15643.5 0 0
15644.5 0 0
15645.5 0 0
15646.5 0 0
15647.5 0 0
15648.5 0 0
15649.5 0 0
15650.5 1 1
15651.5 0 0
15652.5 0 0
15653.5 0 0
15654.5 0 0
15655.5 1 1
15656.5 0 0
15657.5 0 0
15658.5 0 0
15659.5 0 0
15660.5 0 0
15661.5 0 0
15662.5 1 1
15663.5 0 0
15664.5 1 1
15665.5 0 0
15666.5 0 0
15667.5 0 0
15668.5 0 0
15669.5 0 0
15670.5 0 0
15671.5 0 0
15672.5 1 1
15673.5 0 0
15674.5 0 0
15675.5 0 0
15676.5 0 0
15677.5 0 0
15678.5 0 0
15679.5 1 1
15680.5 1 1
15681.5 0 0
15682.5 2 1.41421
15683.5 0 0
15684.5 0 0
15685.5 1 1
15686.5 0 0
15687.5 0 0
15688.5 1 1
15689.5 0 0
15690.5 0 0
15691.5 0 0
15692.5 0 0
15693.5 0 0
15694.5 0 0
15695.5 0 0
15696.5 1 1
15697.5 0 0
15698.5 0 0
15699.5 0 0
15700.5 0 0
15701.5 0 0
15702.5 0 0
15703.5 0 0
15704.5 0 0
15705.5 0 0
15706.5 0 0
15707.5 1 1
15708.5 0 0
15709.5 0 0
15710.5 0 0
15711.5 0 0
15712.5 0 0
15713.5 1 1
15714.5 0 0
15715.5 2 1.41421
15716.5 0 0
15717.5 0 0
15718.5 0 0
15719.5 0 0
15720.5 0 0
15721.5 0 0
15722.5 0 0
15723.5 0 0
15724.5 0 0
15725.5 1 1
15726.5 0 0
15727.5 0 0
15728.5 0 0
15729.5 0 0
15730.5 0 0
15731.5 1 1
15732.5 0 0
15733.5 1 1
15734.5 0 0
15735.5 1 1
15736.5 0 0
15737.5 0 0
15738.5 0 0
15739.5 0 0
15740.5 0 0
15741.5 0 0
15742.5 0 0
15743.5 1 1
15744.5 1 1
15745.5 0 0
15746.5 0 0
15747.5 1 1
15748.5 0 0
15749.5 0 0
15750.5 0 0
15751.5 0 0
15752.5 0 0
15753.5 1 1
15754.5 0 0
15755.5 0 0
15756.5 0 0
15757.5 0 0
15758.5 0 0
15759.5 0 0
15760.5 0 0
15761.5 0 0
15762.5 0 0
15763.5 0 0
15764.5 0 0
15765.5 0 0
15766.5 0 0
15767.5 0 0
15768.5 0 0
15769.5 0 0
15770.5 0 0
15771.5 0 0
15772.5 0 0
15773.5 0 0
15774.5 0 0
15775.5 0 0
15776.5 0 0
15777.5 0 0
15778.5 0 0
15779.5 1 1
15780.5 0 0
15781.5 1 1
15782.5 0 0
15783.5 1 1
15784.5 1 1
15785.5 0 0
15786.5 0 0
15787.5 0 0
15788.5 2 1.41421
15789.5 0 0
15790.5 1 1
15791.5 1 1
15792.5 0 0
15793.5 0 0
15794.5 0 0
15795.5 0 0
15796.5 1 1
15797.5 0 0
15798.5 1 1
15799.5 0 0
15800.5 1 1
15801.5 1 1
15802.5 0 0
15803.5 0 0
15804.5 0 0
15805.5 0 0
15806.5 2 1.41421
15807.5 1 1
15808.5 2 1.41421
15809.5 1 1
15810.5 0 0
15811.5 1 1
15812.5 0 0
15813.5 2 1.41421
15814.5 2 1.41421
15815.5 0 0
15816.5 0 0
15817.5 0 0
15818.5 0 0
15819.5 0 0
15820.5 1 1
15821.5 0 0
15822.5 0 0
15823.5 0 0
15824.5 1 1
15825.5 2 1.41421
15826.5 1 1
15827.5 0 0
15828.5 1 1
15829.5 1 1
15830.5 1 1
15831.5 0 0
15832.5 1 1
15833.5 1 1
15834.5 0 0
15835.5 1 1
15836.5 2 1.41421
15837.5 0 0
15838.5 1 1
15839.5 3 1.73205
15840.5 4 2
15841.5 0 0
15842.5 2 1.41421
15843.5 1 1
15844.5 1 1
15845.5 4 2
15846.5 2 1.41421
15847.5 1 1
15848.5 0 0
15849.5 2 1.41421
15850.5 1 1
15851.5 2 1.41421
15852.5 5 2.23607
15853.5 1 1
15854.5 0 0
15855.5 2 1.41421
15856.5 1 1
15857.5 7 2.64575
15858.5 1 1
15859.5 0 0
15860.5 0 0
15861.5 0 0
15862.5 0 0
15863.5 0 0
15864.5 2 1.41421
15865.5 1 1
15866.5 1 1
15867.5 2 1.41421
15868.5 2 1.41421
15869.5 2 1.41421
15870.5 1 1
15871.5 1 1
15872.5 0 0
15873.5 2 1.41421
15874.5 4 2
15875.5 1 1
15876.5 2 1.41421
15877.5 1 1
15878.5 0 0
15879.5 0 0
15880.5 0 0
15881.5 1 1
15882.5 2 1.41421
15883.5 0 0
15884.5 1 1
15885.5 0 0
15886.5 0 0
15887.5 0 0
15888.5 1 1
15889.5 2 1.41421
15890.5 1 1
15891.5 2 1.41421
15892.5 0 0
15893.5 1 1
15894.5 0 0
15895.5 0 0
15896.5 1 1
15897.5 0 0
15898.5 1 1
15899.5 0 0
15900.5 1 1
15901.5 0 0
15902.5 2 1.41421
15903.5 1 1
15904.5 0 0
15905.5 0 0
15906.5 0 0
15907.5 0 0
15908.5 1 1
15909.5 2 1.41421
15910.5 0 0
15911.5 0 0
15912.5 0 0
15913.5 0 0
15914.5 2 1.41421
15915.5 0 0
15916.5 0 0
15917.5 0 0
15918.5 0 0
15919.5 1 1
15920.5 1 1
15921.5 1 1
15922.5 0 0
15923.5 1 1
15924.5 0 0
15925.5 1 1
15926.5 0 0
15927.5 1 1
15928.5 1 1
15929.5 1 1
15930.5 1 1
15931.5 1 1
15932.5 2 1.41421
15933.5 1 1
15934.5 1 1
15935.5 1 1
15936.5 0 0
15937.5 0 0
15938.5 1 1
15939.5 0 0
15940.5 0 0
15941.5 0 0
15942.5 0 0
15943.5 0 0
15944.5 0 0
15945.5 1 1
15946.5 0 0
15947.5 1 1
15948.5 0 0
15949.5 2 1.41421
15950.5 1 1
15951.5 2 1.41421
15952.5 0 0
15953.5 2 1.41421
15954.5 1 1
15955.5 1 1
15956.5 1 1
15957.5 1 1
15958.5 3 1.73205
15959.5 4 2
15960.5 0 0
15961.5 1 1
15962.5 1 1
15963.5 0 0
15964.5 1 1
15965.5 1 1
15966.5 0 0
15967.5 0 0
15968.5 0 0
15969.5 0 0
15970.5 0 0
15971.5 1 1
15972.5 5 2.23607
15973.5 2 1.41421
15974.5 0 0
15975.5 0 0
15976.5 0 0
15977.5 3 1.73205
15978.5 0 0
15979.5 3 1.73205
15980.5 0 0
15981.5 1 1
15982.5 1 1
15983.5 4 2
15984.5 3 1.73205
15985.5 0 0
15986.5 1 1
15987.5 1 1
15988.5 0 0
15989.5 1 1
15990.5 1 1
15991.5 1 1
15992.5 3 1.73205
15993.5 0 0
15994.5 1 1
15995.5 0 0
15996.5 1 1
15997.5 0 0
15998.5 0 0
15999.5 1 1
16000.5 0 0
16001.5 1 1
16002.5 0 0
16003.5 0 0
16004.5 0 0
16005.5 0 0
16006.5 0 0
16007.5 0 0
16008.5 1 1
16009.5 1 1
16010.5 2 1.41421
16011.5 0 0
16012.5 0 0
16013.5 0 0
16014.5 1 1
16015.5 0 0
16016.5 1 1
16017.5 0 0
16018.5 0 0
16019.5 0 0
16020.5 0 0
16021.5 1 1
16022.5 0 0
16023.5 0 0
16024.5 0 0
16025.5 0 0
16026.5 0 0
16027.5 0 0
16028.5 0 0
16029.5 0 0
16030.5 0 0
16031.5 0 0
16032.5 0 0
16033.5 0 0
16034.5 0 0
16035.5 0 0
16036.5 1 1
16037.5 0 0
16038.5 0 0
16039.5 0 0
16040.5 0 0
16041.5 0 0
16042.5 0 0
16043.5 0 0
16044.5 0 0
16045.5 0 0
16046.5 0 0
16047.5 0 0
16048.5 0 0
16049.5 0 0
16050.5 0 0
16051.5 0 0
16052.5 0 0
16053.5 0 0
16054.5 0 0
16055.5 0 0
16056.5 1 1
16057.5 1 1
16058.5 0 0
16059.5 0 0
16060.5 0 0
16061.5 1 1
16062.5 0 0
16063.5 1 1
16064.5 1 1
16065.5 0 0
16066.5 0 0
16067.5 1 1
16068.5 0 0
16069.5 0 0
16070.5 0 0
16071.5 0 0
16072.5 1 1
16073.5 4 2
16074.5 0 0
16075.5 0 0
16076.5 0 0
16077.5 0 0
16078.5 0 0
16079.5 0 0
16080.5 0 0
16081.5 0 0
16082.5 0 0
16083.5 0 0
16084.5 0 0
16085.5 0 0
16086.5 0 0
16087.5 0 0
16088.5 0 0
16089.5 0 0
16090.5 0 0
16091.5 1 1
16092.5 0 0
16093.5 0 0
16094.5 0 0
16095.5 0 0
16096.5 1 1
16097.5 0 0
16098.5 0 0
16099.5 0 0
16100.5 0 0
16101.5 0 0
16102.5 0 0
16103.5 0 0
16104.5 0 0
16105.5 0 0
16106.5 0 0
16107.5 1 1
16108.5 0 0
16109.5 0 0
16110.5 0 0
16111.5 0 0
16112.5 0 0
16113.5 0 0
16114.5 2 1.41421
16115.5 0 0
16116.5 0 0
16117.5 1 1
16118.5 0 0
16119.5 0 0
16120.5 1 1
16121.5 0 0
16122.5 0 0
16123.5 1 1
16124.5 0 0
16125.5 1 1
16126.5 0 0
16127.5 0 0
16128.5 0 0
16129.5 0 0
16130.5 0 0
16131.5 0 0
16132.5 0 0
16133.5 0 0
16134.5 0 0
16135.5 0 0
16136.5 0 0
16137.5 1 1
16138.5 0 0
16139.5 0 0
16140.5 0 0
16141.5 0 0
16142.5 0 0
16143.5 0 0
16144.5 1 1
16145.5 0 0
16146.5 0 0
16147.5 0 0
16148.5 0 0
16149.5 0 0
16150.5 0 0
16151.5 0 0
16152.5 0 0
16153.5 0 0
16154.5 0 0
16155.5 0 0
16156.5 0 0
16157.5 0 0
16158.5 1 1
16159.5 0 0
16160.5 0 0
16161.5 0 0
16162.5 0 0
16163.5 0 0
16164.5 0 0
16165.5 0 0
16166.5 0 0
16167.5 1 1
16168.5 1 1
16169.5 0 0
16170.5 0 0
16171.5 0 0
16172.5 0 0
16173.5 0 0
16174.5 0 0
16175.5 1 1
16176.5 0 0
16177.5 1 1
16178.5 0 0
16179.5 1 1
16180.5 0 0
16181.5 0 0
16182.5 0 0
16183.5 0 0
16184.5 0 0
16185.5 0 0
16186.5 1 1
16187.5 0 0
16188.5 0 0
16189.5 0 0
16190.5 0 0
16191.5 0 0
16192.5 0 0
16193.5 0 0
16194.5 0 0
16195.5 0 0
16196.5 1 1
16197.5 0 0
16198.5 0 0
16199.5 0 0
16200.5 0 0
16201.5 1 1
16202.5 0 0
16203.5 1 1
16204.5 0 0
16205.5 0 0
16206.5 1 1
16207.5 0 0
16208.5 1 1
16209.5 2 1.41421
16210.5 0 0
16211.5 0 0
16212.5 1 1
16213.5 1 1
16214.5 0 0
16215.5 0 0
16216.5 0 0
16217.5 0 0
16218.5 0 0
16219.5 2 1.41421
16220.5 1 1
16221.5 0 0
16222.5 1 1
16223.5 0 0
16224.5 0 0
16225.5 1 1
16226.5 0 0
16227.5 0 0
16228.5 0 0
16229.5 0 0
16230.5 2 1.41421
16231.5 0 0
16232.5 0 0
16233.5 1 1
16234.5 1 1
16235.5 0 0
16236.5 0 0
16237.5 0 0
16238.5 0 0
16239.5 0 0
16240.5 1 1
16241.5 0 0
16242.5 0 0
16243.5 2 1.41421
16244.5 0 0
16245.5 0 0
16246.5 0 0
16247.5 0 0
16248.5 1 1
16249.5 0 0
16250.5 0 0
16251.5 0 0
16252.5 1 1
16253.5 1 1
16254.5 0 0
16255.5 0 0
16256.5 2 1.41421
16257.5 0 0
16258.5 0 0
16259.5 1 1
16260.5 0 0
16261.5 1 1
16262.5 1 1
16263.5 0 0
16264.5 0 0
16265.5 1 1
16266.5 0 0
16267.5 0 0
16268.5 0 0
16269.5 0 0
16270.5 1 1
16271.5 0 0
16272.5 1 1
16273.5 0 0
16274.5 0 0
16275.5 0 0
16276.5 0 0
16277.5 0 0
16278.5 0 0
16279.5 1 1
16280.5 1 1
16281.5 0 0
16282.5 1 1
16283.5 1 1
16284.5 0 0
16285.5 1 1
16286.5 0 0
16287.5 0 0
16288.5 0 0
16289.5 0 0
16290.5 1 1
16291.5 0 0
16292.5 0 0
16293.5 1 1
16294.5 0 0
16295.5 1 1
16296.5 0 0
16297.5 0 0
16298.5 0 0
16299.5 0 0
16300.5 0 0
16301.5 0 0
16302.5 0 0
16303.5 0 0
16304.5 0 0
16305.5 0 0
16306.5 0 0
16307.5 0 0
16308.5 0 0
16309.5 0 0
16310.5 0 0
16311.5 1 1
16312.5 0 0
16313.5 0 0
16314.5 0 0
16315.5 0 0
16316.5 0 0
16317.5 0 0
16318.5 0 0
16319.5 0 0
16320.5 0 0
16321.5 0 0
16322.5 0 0
16323.5 0 0
16324.5 0 0
16325.5 1 1
16326.5 0 0
16327.5 0 0
16328.5 0 0
16329.5 0 0
16330.5 2 1.41421
16331.5 0 0
16332.5 0 0
16333.5 1 1
16334.5 0 0
16335.5 0 0
16336.5 0 0
16337.5 0 0
16338.5 0 0
16339.5 0 0
16340.5 0 0
16341.5 0 0
16342.5 0 0
16343.5 3 1.73205
16344.5 0 0
16345.5 0 0
16346.5 0 0
16347.5 0 0
16348.5 0 0
16349.5 0 0
16350.5 0 0
16351.5 0 0
16352.5 0 0
16353.5 0 0
16354.5 0 0
16355.5 0 0
16356.5 0 0
16357.5 0 0
16358.5 0 0
16359.5 0 0
16360.5 1 1
16361.5 0 0
16362.5 0 0
16363.5 0 0
16364.5 0 0
16365.5 0 0
16366.5 2 1.41421
16367.5 0 0
16368.5 0 0
16369.5 0 0
16370.5 0 0
16371.5 0 0
16372.5 0 0
16373.5 0 0
16374.5 1 1
16375.5 0 0
16376.5 0 0
16377.5 0 0
16378.5 0 0
16379.5 0 0
16380.5 0 0
16381.5 0 0
16382.5 0 0
16383.5 0 0
