# Histogram: 102
# File: K47_T1_005-5.his
#X  N  dN
0.5 5270 72.5948
1.5 342 18.4932
2.5 343 18.5203
3.5 349 18.6815
4.5 330 18.1659
5.5 328 18.1108
6.5 300 17.3205
7.5 298 17.2627
8.5 255 15.9687
9.5 264 16.2481
10.5 282 16.7929
11.5 251 15.843
12.5 219 14.7986
13.5 190 13.784
14.5 148 12.1655
15.5 104 10.198
16.5 104 10.198
17.5 51 7.14143
18.5 24 4.89898
19.5 18 4.24264
20.5 13 3.60555
21.5 9 3
22.5 13 3.60555
23.5 8 2.82843
24.5 9 3
25.5 6 2.44949
26.5 14 3.74166
27.5 13 3.60555
28.5 20 4.47214
29.5 23 4.79583
30.5 19 4.3589
31.5 21 4.58258
32.5 33 5.74456
33.5 32 5.65685
34.5 46 6.78233
35.5 30 5.47723
36.5 36 6
37.5 54 7.34847
38.5 55 7.4162
39.5 45 6.7082
40.5 66 8.12404
41.5 66 8.12404
42.5 61 7.81025
43.5 64 8
44.5 92 9.59166
45.5 61 7.81025
46.5 54 7.34847
47.5 79 8.88819
48.5 85 9.21954
49.5 93 9.64365
50.5 83 9.11043
51.5 84 9.16515
52.5 93 9.64365
53.5 89 9.43398
54.5 91 9.53939
55.5 87 9.32738
56.5 104 10.198
57.5 77 8.77496
58.5 79 8.88819
59.5 115 10.7238
60.5 105 10.247
61.5 87 9.32738
62.5 81 9
63.5 89 9.43398
64.5 119 10.9087
65.5 94 9.69536
66.5 104 10.198
67.5 96 9.79796
68.5 110 10.4881
69.5 77 8.77496
70.5 91 9.53939
71.5 93 9.64365
72.5 74 8.60233
73.5 102 10.0995
74.5 92 9.59166
75.5 91 9.53939
76.5 97 9.84886
77.5 99 9.94987
78.5 88 9.38083
79.5 87 9.32738
80.5 105 10.247
81.5 106 10.2956
82.5 96 9.79796
83.5 104 10.198
84.5 107 10.3441
85.5 97 9.84886
86.5 102 10.0995
87.5 96 9.79796
88.5 109 10.4403
89.5 96 9.79796
90.5 111 10.5357
91.5 114 10.6771
92.5 87 9.32738
93.5 120 10.9545
94.5 122 11.0454
95.5 107 10.3441
96.5 93 9.64365
97.5 118 10.8628
98.5 79 8.88819
99.5 98 9.89949
100.5 96 9.79796
101.5 84 9.16515
102.5 83 9.11043
103.5 87 9.32738
104.5 99 9.94987
105.5 94 9.69536
106.5 93 9.64365
107.5 89 9.43398
108.5 100 10
109.5 100 10
110.5 107 10.3441
111.5 99 9.94987
112.5 90 9.48683
113.5 112 10.583
114.5 102 10.0995
115.5 108 10.3923
116.5 95 9.74679
117.5 106 10.2956
118.5 90 9.48683
119.5 95 9.74679
120.5 98 9.89949
121.5 98 9.89949
122.5 114 10.6771
123.5 114 10.6771
124.5 98 9.89949
125.5 103 10.1489
126.5 112 10.583
127.5 99 9.94987
128.5 108 10.3923
129.5 106 10.2956
130.5 119 10.9087
131.5 131 11.4455
132.5 117 10.8167
133.5 134 11.5758
134.5 117 10.8167
135.5 104 10.198
136.5 114 10.6771
137.5 111 10.5357
138.5 122 11.0454
139.5 105 10.247
140.5 111 10.5357
141.5 116 10.7703
142.5 113 10.6301
143.5 126 11.225
144.5 126 11.225
145.5 105 10.247
146.5 120 10.9545
147.5 118 10.8628
148.5 105 10.247
149.5 103 10.1489
150.5 112 10.583
151.5 92 9.59166
152.5 105 10.247
153.5 114 10.6771
154.5 118 10.8628
155.5 106 10.2956
156.5 90 9.48683
157.5 103 10.1489
158.5 121 11
159.5 106 10.2956
160.5 106 10.2956
161.5 102 10.0995
162.5 85 9.21954
163.5 95 9.74679
164.5 87 9.32738
165.5 102 10.0995
166.5 110 10.4881
167.5 118 10.8628
168.5 93 9.64365
169.5 107 10.3441
170.5 110 10.4881
171.5 121 11
172.5 97 9.84886
173.5 121 11
174.5 112 10.583
175.5 101 10.0499
176.5 116 10.7703
177.5 104 10.198
178.5 116 10.7703
179.5 100 10
180.5 120 10.9545
181.5 108 10.3923
182.5 104 10.198
183.5 106 10.2956
184.5 120 10.9545
185.5 108 10.3923
186.5 111 10.5357
187.5 113 10.6301
188.5 102 10.0995
189.5 105 10.247
190.5 122 11.0454
191.5 102 10.0995
192.5 112 10.583
193.5 115 10.7238
194.5 116 10.7703
195.5 109 10.4403
196.5 101 10.0499
197.5 114 10.6771
198.5 104 10.198
199.5 100 10
200.5 123 11.0905
201.5 100 10
202.5 109 10.4403
203.5 113 10.6301
204.5 110 10.4881
205.5 101 10.0499
206.5 108 10.3923
207.5 96 9.79796
208.5 116 10.7703
209.5 116 10.7703
210.5 119 10.9087
211.5 133 11.5326
212.5 109 10.4403
213.5 99 9.94987
214.5 116 10.7703
215.5 101 10.0499
216.5 106 10.2956
217.5 106 10.2956
218.5 98 9.89949
219.5 109 10.4403
220.5 105 10.247
221.5 101 10.0499
222.5 106 10.2956
223.5 107 10.3441
224.5 110 10.4881
225.5 118 10.8628
226.5 121 11
227.5 97 9.84886
228.5 103 10.1489
229.5 103 10.1489
230.5 118 10.8628
231.5 116 10.7703
232.5 101 10.0499
233.5 107 10.3441
234.5 104 10.198
235.5 106 10.2956
236.5 113 10.6301
237.5 129 11.3578
238.5 99 9.94987
239.5 112 10.583
240.5 102 10.0995
241.5 121 11
242.5 116 10.7703
243.5 126 11.225
244.5 106 10.2956
245.5 121 11
246.5 102 10.0995
247.5 115 10.7238
248.5 101 10.0499
249.5 119 10.9087
250.5 115 10.7238
251.5 110 10.4881
252.5 111 10.5357
253.5 123 11.0905
254.5 115 10.7238
255.5 132 11.4891
256.5 127 11.2694
257.5 114 10.6771
258.5 93 9.64365
259.5 118 10.8628
260.5 95 9.74679
261.5 117 10.8167
262.5 117 10.8167
263.5 103 10.1489
264.5 105 10.247
265.5 134 11.5758
266.5 117 10.8167
267.5 128 11.3137
268.5 125 11.1803
269.5 128 11.3137
270.5 122 11.0454
271.5 128 11.3137
272.5 99 9.94987
273.5 131 11.4455
274.5 120 10.9545
275.5 128 11.3137
276.5 125 11.1803
277.5 106 10.2956
278.5 130 11.4018
279.5 127 11.2694
280.5 125 11.1803
281.5 123 11.0905
282.5 139 11.7898
283.5 129 11.3578
284.5 135 11.619
285.5 130 11.4018
286.5 133 11.5326
287.5 117 10.8167
288.5 129 11.3578
289.5 118 10.8628
290.5 127 11.2694
291.5 136 11.6619
292.5 116 10.7703
293.5 121 11
294.5 140 11.8322
295.5 107 10.3441
296.5 125 11.1803
297.5 145 12.0416
298.5 119 10.9087
299.5 119 10.9087
300.5 129 11.3578
301.5 150 12.2474
302.5 142 11.9164
303.5 135 11.619
304.5 142 11.9164
305.5 137 11.7047
306.5 137 11.7047
307.5 140 11.8322
308.5 127 11.2694
309.5 146 12.083
310.5 138 11.7473
311.5 147 12.1244
312.5 141 11.8743
313.5 145 12.0416
314.5 140 11.8322
315.5 136 11.6619
316.5 145 12.0416
317.5 146 12.083
318.5 129 11.3578
319.5 141 11.8743
320.5 164 12.8062
321.5 152 12.3288
322.5 157 12.53
323.5 148 12.1655
324.5 162 12.7279
325.5 161 12.6886
326.5 153 12.3693
327.5 149 12.2066
328.5 157 12.53
329.5 168 12.9615
330.5 147 12.1244
331.5 159 12.6095
332.5 151 12.2882
333.5 169 13
334.5 176 13.2665
335.5 142 11.9164
336.5 197 14.0357
337.5 167 12.9228
338.5 154 12.4097
339.5 174 13.1909
340.5 182 13.4907
341.5 161 12.6886
342.5 160 12.6491
343.5 173 13.1529
344.5 186 13.6382
345.5 157 12.53
346.5 129 11.3578
347.5 164 12.8062
348.5 197 14.0357
349.5 181 13.4536
350.5 161 12.6886
351.5 168 12.9615
352.5 163 12.7671
353.5 174 13.1909
354.5 169 13
355.5 176 13.2665
356.5 176 13.2665
357.5 173 13.1529
358.5 159 12.6095
359.5 180 13.4164
360.5 178 13.3417
361.5 155 12.4499
362.5 178 13.3417
363.5 176 13.2665
364.5 179 13.3791
365.5 190 13.784
366.5 192 13.8564
367.5 173 13.1529
368.5 179 13.3791
369.5 188 13.7113
370.5 190 13.784
371.5 166 12.8841
372.5 190 13.784
373.5 190 13.784
374.5 185 13.6015
375.5 165 12.8452
376.5 170 13.0384
377.5 191 13.8203
378.5 182 13.4907
379.5 172 13.1149
380.5 189 13.7477
381.5 222 14.8997
382.5 183 13.5277
383.5 184 13.5647
384.5 192 13.8564
385.5 203 14.2478
386.5 201 14.1774
387.5 189 13.7477
388.5 217 14.7309
389.5 227 15.0665
390.5 199 14.1067
391.5 184 13.5647
392.5 207 14.3875
393.5 168 12.9615
394.5 236 15.3623
395.5 192 13.8564
396.5 200 14.1421
397.5 224 14.9666
398.5 205 14.3178
399.5 187 13.6748
400.5 191 13.8203
401.5 214 14.6287
402.5 218 14.7648
403.5 208 14.4222
404.5 208 14.4222
405.5 257 16.0312
406.5 231 15.1987
407.5 228 15.0997
408.5 212 14.5602
409.5 216 14.6969
410.5 225 15
411.5 205 14.3178
412.5 214 14.6287
413.5 229 15.1327
414.5 189 13.7477
415.5 237 15.3948
416.5 212 14.5602
417.5 189 13.7477
418.5 241 15.5242
419.5 197 14.0357
420.5 212 14.5602
421.5 199 14.1067
422.5 229 15.1327
423.5 249 15.7797
424.5 199 14.1067
425.5 207 14.3875
426.5 207 14.3875
427.5 223 14.9332
428.5 197 14.0357
429.5 201 14.1774
430.5 212 14.5602
431.5 206 14.3527
432.5 214 14.6287
433.5 212 14.5602
434.5 204 14.2829
435.5 217 14.7309
436.5 211 14.5258
437.5 222 14.8997
438.5 226 15.0333
439.5 200 14.1421
440.5 207 14.3875
441.5 224 14.9666
442.5 196 14
443.5 204 14.2829
444.5 224 14.9666
445.5 227 15.0665
446.5 211 14.5258
447.5 215 14.6629
448.5 222 14.8997
449.5 223 14.9332
450.5 237 15.3948
451.5 207 14.3875
452.5 197 14.0357
453.5 197 14.0357
454.5 215 14.6629
455.5 245 15.6525
456.5 257 16.0312
457.5 251 15.843
458.5 212 14.5602
459.5 253 15.906
460.5 233 15.2643
461.5 252 15.8745
462.5 207 14.3875
463.5 245 15.6525
464.5 222 14.8997
465.5 236 15.3623
466.5 218 14.7648
467.5 236 15.3623
468.5 245 15.6525
469.5 219 14.7986
470.5 218 14.7648
471.5 248 15.748
472.5 213 14.5945
473.5 245 15.6525
474.5 227 15.0665
475.5 252 15.8745
476.5 195 13.9642
477.5 245 15.6525
478.5 217 14.7309
479.5 209 14.4568
480.5 228 15.0997
481.5 237 15.3948
482.5 229 15.1327
483.5 233 15.2643
484.5 230 15.1658
485.5 238 15.4272
486.5 225 15
487.5 239 15.4596
488.5 203 14.2478
489.5 242 15.5563
490.5 227 15.0665
491.5 236 15.3623
492.5 247 15.7162
493.5 228 15.0997
494.5 219 14.7986
495.5 229 15.1327
496.5 241 15.5242
497.5 222 14.8997
498.5 248 15.748
499.5 223 14.9332
500.5 244 15.6205
501.5 224 14.9666
502.5 208 14.4222
503.5 210 14.4914
504.5 219 14.7986
505.5 231 15.1987
506.5 231 15.1987
507.5 230 15.1658
508.5 228 15.0997
509.5 229 15.1327
510.5 231 15.1987
511.5 213 14.5945
512.5 205 14.3178
513.5 201 14.1774
514.5 231 15.1987
515.5 242 15.5563
516.5 242 15.5563
517.5 232 15.2315
518.5 232 15.2315
519.5 231 15.1987
520.5 262 16.1864
521.5 244 15.6205
522.5 234 15.2971
523.5 238 15.4272
524.5 254 15.9374
525.5 247 15.7162
526.5 230 15.1658
527.5 260 16.1245
528.5 259 16.0935
529.5 220 14.8324
530.5 216 14.6969
531.5 257 16.0312
532.5 229 15.1327
533.5 229 15.1327
534.5 235 15.3297
535.5 236 15.3623
536.5 220 14.8324
537.5 221 14.8661
538.5 234 15.2971
539.5 221 14.8661
540.5 230 15.1658
541.5 233 15.2643
542.5 250 15.8114
543.5 245 15.6525
544.5 222 14.8997
545.5 223 14.9332
546.5 219 14.7986
547.5 221 14.8661
548.5 242 15.5563
549.5 210 14.4914
550.5 224 14.9666
551.5 229 15.1327
552.5 227 15.0665
553.5 211 14.5258
554.5 221 14.8661
555.5 250 15.8114
556.5 247 15.7162
557.5 242 15.5563
558.5 229 15.1327
559.5 247 15.7162
560.5 234 15.2971
561.5 202 14.2127
562.5 208 14.4222
563.5 248 15.748
564.5 239 15.4596
565.5 238 15.4272
566.5 252 15.8745
567.5 245 15.6525
568.5 238 15.4272
569.5 230 15.1658
570.5 220 14.8324
571.5 229 15.1327
572.5 234 15.2971
573.5 213 14.5945
574.5 216 14.6969
575.5 225 15
576.5 230 15.1658
577.5 241 15.5242
578.5 202 14.2127
579.5 247 15.7162
580.5 261 16.1555
581.5 238 15.4272
582.5 255 15.9687
583.5 255 15.9687
584.5 249 15.7797
585.5 250 15.8114
586.5 223 14.9332
587.5 243 15.5885
588.5 241 15.5242
589.5 259 16.0935
590.5 230 15.1658
591.5 239 15.4596
592.5 230 15.1658
593.5 214 14.6287
594.5 246 15.6844
595.5 230 15.1658
596.5 227 15.0665
597.5 232 15.2315
598.5 226 15.0333
599.5 269 16.4012
600.5 233 15.2643
601.5 245 15.6525
602.5 214 14.6287
603.5 224 14.9666
604.5 276 16.6132
605.5 222 14.8997
606.5 225 15
607.5 201 14.1774
608.5 267 16.3401
609.5 247 15.7162
610.5 243 15.5885
611.5 245 15.6525
612.5 246 15.6844
613.5 228 15.0997
614.5 216 14.6969
615.5 224 14.9666
616.5 216 14.6969
617.5 235 15.3297
618.5 238 15.4272
619.5 226 15.0333
620.5 213 14.5945
621.5 248 15.748
622.5 263 16.2173
623.5 257 16.0312
624.5 235 15.3297
625.5 287 16.9411
626.5 233 15.2643
627.5 243 15.5885
628.5 242 15.5563
629.5 252 15.8745
630.5 241 15.5242
631.5 233 15.2643
632.5 220 14.8324
633.5 210 14.4914
634.5 216 14.6969
635.5 225 15
636.5 239 15.4596
637.5 237 15.3948
638.5 248 15.748
639.5 205 14.3178
640.5 242 15.5563
641.5 213 14.5945
642.5 257 16.0312
643.5 211 14.5258
644.5 232 15.2315
645.5 224 14.9666
646.5 230 15.1658
647.5 222 14.8997
648.5 235 15.3297
649.5 235 15.3297
650.5 233 15.2643
651.5 185 13.6015
652.5 263 16.2173
653.5 225 15
654.5 230 15.1658
655.5 237 15.3948
656.5 237 15.3948
657.5 222 14.8997
658.5 217 14.7309
659.5 237 15.3948
660.5 216 14.6969
661.5 239 15.4596
662.5 262 16.1864
663.5 222 14.8997
664.5 224 14.9666
665.5 227 15.0665
666.5 233 15.2643
667.5 223 14.9332
668.5 236 15.3623
669.5 239 15.4596
670.5 213 14.5945
671.5 231 15.1987
672.5 214 14.6287
673.5 228 15.0997
674.5 212 14.5602
675.5 245 15.6525
676.5 232 15.2315
677.5 212 14.5602
678.5 238 15.4272
679.5 235 15.3297
680.5 237 15.3948
681.5 215 14.6629
682.5 235 15.3297
683.5 216 14.6969
684.5 260 16.1245
685.5 223 14.9332
686.5 238 15.4272
687.5 251 15.843
688.5 253 15.906
689.5 209 14.4568
690.5 217 14.7309
691.5 197 14.0357
692.5 221 14.8661
693.5 221 14.8661
694.5 239 15.4596
695.5 232 15.2315
696.5 231 15.1987
697.5 246 15.6844
698.5 217 14.7309
699.5 235 15.3297
700.5 210 14.4914
701.5 223 14.9332
702.5 178 13.3417
703.5 222 14.8997
704.5 219 14.7986
705.5 212 14.5602
706.5 196 14
707.5 234 15.2971
708.5 248 15.748
709.5 252 15.8745
710.5 236 15.3623
711.5 204 14.2829
712.5 263 16.2173
713.5 221 14.8661
714.5 213 14.5945
715.5 239 15.4596
716.5 222 14.8997
717.5 212 14.5602
718.5 215 14.6629
719.5 211 14.5258
720.5 220 14.8324
721.5 228 15.0997
722.5 203 14.2478
723.5 223 14.9332
724.5 224 14.9666
725.5 215 14.6629
726.5 224 14.9666
727.5 224 14.9666
728.5 215 14.6629
729.5 223 14.9332
730.5 212 14.5602
731.5 186 13.6382
732.5 224 14.9666
733.5 212 14.5602
734.5 215 14.6629
735.5 223 14.9332
736.5 229 15.1327
737.5 203 14.2478
738.5 242 15.5563
739.5 212 14.5602
740.5 233 15.2643
741.5 205 14.3178
742.5 215 14.6629
743.5 211 14.5258
744.5 211 14.5258
745.5 214 14.6287
746.5 199 14.1067
747.5 193 13.8924
748.5 245 15.6525
749.5 204 14.2829
750.5 160 12.6491
751.5 213 14.5945
752.5 202 14.2127
753.5 213 14.5945
754.5 204 14.2829
755.5 202 14.2127
756.5 199 14.1067
757.5 212 14.5602
758.5 213 14.5945
759.5 171 13.0767
760.5 200 14.1421
761.5 201 14.1774
762.5 229 15.1327
763.5 200 14.1421
764.5 193 13.8924
765.5 221 14.8661
766.5 199 14.1067
767.5 207 14.3875
768.5 189 13.7477
769.5 207 14.3875
770.5 222 14.8997
771.5 196 14
772.5 183 13.5277
773.5 197 14.0357
774.5 204 14.2829
775.5 195 13.9642
776.5 197 14.0357
777.5 175 13.2288
778.5 197 14.0357
779.5 213 14.5945
780.5 195 13.9642
781.5 222 14.8997
782.5 193 13.8924
783.5 195 13.9642
784.5 192 13.8564
785.5 182 13.4907
786.5 219 14.7986
787.5 196 14
788.5 211 14.5258
789.5 197 14.0357
790.5 198 14.0712
791.5 206 14.3527
792.5 201 14.1774
793.5 191 13.8203
794.5 215 14.6629
795.5 226 15.0333
796.5 196 14
797.5 208 14.4222
798.5 200 14.1421
799.5 186 13.6382
800.5 189 13.7477
801.5 184 13.5647
802.5 185 13.6015
803.5 166 12.8841
804.5 212 14.5602
805.5 215 14.6629
806.5 201 14.1774
807.5 211 14.5258
808.5 190 13.784
809.5 190 13.784
810.5 214 14.6287
811.5 184 13.5647
812.5 185 13.6015
813.5 168 12.9615
814.5 197 14.0357
815.5 187 13.6748
816.5 204 14.2829
817.5 202 14.2127
818.5 224 14.9666
819.5 198 14.0712
820.5 188 13.7113
821.5 176 13.2665
822.5 179 13.3791
823.5 209 14.4568
824.5 186 13.6382
825.5 203 14.2478
826.5 184 13.5647
827.5 209 14.4568
828.5 203 14.2478
829.5 180 13.4164
830.5 185 13.6015
831.5 192 13.8564
832.5 198 14.0712
833.5 171 13.0767
834.5 195 13.9642
835.5 163 12.7671
836.5 181 13.4536
837.5 171 13.0767
838.5 181 13.4536
839.5 177 13.3041
840.5 177 13.3041
841.5 192 13.8564
842.5 194 13.9284
843.5 194 13.9284
844.5 210 14.4914
845.5 178 13.3417
846.5 203 14.2478
847.5 191 13.8203
848.5 174 13.1909
849.5 195 13.9642
850.5 177 13.3041
851.5 170 13.0384
852.5 185 13.6015
853.5 177 13.3041
854.5 186 13.6382
855.5 189 13.7477
856.5 181 13.4536
857.5 181 13.4536
858.5 204 14.2829
859.5 186 13.6382
860.5 195 13.9642
861.5 180 13.4164
862.5 180 13.4164
863.5 180 13.4164
864.5 170 13.0384
865.5 190 13.784
866.5 201 14.1774
867.5 185 13.6015
868.5 194 13.9284
869.5 175 13.2288
870.5 186 13.6382
871.5 207 14.3875
872.5 158 12.5698
873.5 180 13.4164
874.5 190 13.784
875.5 189 13.7477
876.5 198 14.0712
877.5 201 14.1774
878.5 193 13.8924
879.5 147 12.1244
880.5 179 13.3791
881.5 188 13.7113
882.5 166 12.8841
883.5 176 13.2665
884.5 165 12.8452
885.5 187 13.6748
886.5 171 13.0767
887.5 158 12.5698
888.5 179 13.3791
889.5 198 14.0712
890.5 181 13.4536
891.5 163 12.7671
892.5 181 13.4536
893.5 191 13.8203
894.5 190 13.784
895.5 179 13.3791
896.5 191 13.8203
897.5 183 13.5277
898.5 153 12.3693
899.5 164 12.8062
900.5 165 12.8452
901.5 166 12.8841
902.5 183 13.5277
903.5 172 13.1149
904.5 180 13.4164
905.5 192 13.8564
906.5 191 13.8203
907.5 171 13.0767
908.5 179 13.3791
909.5 194 13.9284
910.5 187 13.6748
911.5 178 13.3417
912.5 176 13.2665
913.5 182 13.4907
914.5 168 12.9615
915.5 173 13.1529
916.5 175 13.2288
917.5 157 12.53
918.5 152 12.3288
919.5 172 13.1149
920.5 155 12.4499
921.5 172 13.1149
922.5 179 13.3791
923.5 184 13.5647
924.5 171 13.0767
925.5 185 13.6015
926.5 180 13.4164
927.5 187 13.6748
928.5 167 12.9228
929.5 159 12.6095
930.5 158 12.5698
931.5 155 12.4499
932.5 137 11.7047
933.5 173 13.1529
934.5 182 13.4907
935.5 176 13.2665
936.5 193 13.8924
937.5 169 13
938.5 173 13.1529
939.5 168 12.9615
940.5 195 13.9642
941.5 188 13.7113
942.5 178 13.3417
943.5 177 13.3041
944.5 172 13.1149
945.5 162 12.7279
946.5 186 13.6382
947.5 182 13.4907
948.5 173 13.1529
949.5 169 13
950.5 183 13.5277
951.5 187 13.6748
952.5 173 13.1529
953.5 164 12.8062
954.5 163 12.7671
955.5 193 13.8924
956.5 184 13.5647
957.5 169 13
958.5 173 13.1529
959.5 179 13.3791
960.5 159 12.6095
961.5 169 13
962.5 148 12.1655
963.5 174 13.1909
964.5 169 13
965.5 176 13.2665
966.5 163 12.7671
967.5 200 14.1421
968.5 194 13.9284
969.5 175 13.2288
970.5 168 12.9615
971.5 175 13.2288
972.5 153 12.3693
973.5 159 12.6095
974.5 170 13.0384
975.5 153 12.3693
976.5 166 12.8841
977.5 159 12.6095
978.5 167 12.9228
979.5 177 13.3041
980.5 188 13.7113
981.5 152 12.3288
982.5 171 13.0767
983.5 190 13.784
984.5 174 13.1909
985.5 158 12.5698
986.5 153 12.3693
987.5 149 12.2066
988.5 174 13.1909
989.5 190 13.784
990.5 183 13.5277
991.5 183 13.5277
992.5 179 13.3791
993.5 186 13.6382
994.5 187 13.6748
995.5 151 12.2882
996.5 170 13.0384
997.5 169 13
998.5 157 12.53
999.5 159 12.6095
1000.5 174 13.1909
1001.5 165 12.8452
1002.5 140 11.8322
1003.5 175 13.2288
1004.5 197 14.0357
1005.5 166 12.8841
1006.5 174 13.1909
1007.5 171 13.0767
1008.5 154 12.4097
1009.5 177 13.3041
1010.5 172 13.1149
1011.5 171 13.0767
1012.5 173 13.1529
1013.5 164 12.8062
1014.5 140 11.8322
1015.5 155 12.4499
1016.5 174 13.1909
1017.5 165 12.8452
1018.5 157 12.53
1019.5 177 13.3041
1020.5 178 13.3417
1021.5 162 12.7279
1022.5 133 11.5326
1023.5 187 13.6748
1024.5 161 12.6886
1025.5 167 12.9228
1026.5 162 12.7279
1027.5 162 12.7279
1028.5 156 12.49
1029.5 178 13.3417
1030.5 159 12.6095
1031.5 162 12.7279
1032.5 153 12.3693
1033.5 166 12.8841
1034.5 167 12.9228
1035.5 158 12.5698
1036.5 165 12.8452
1037.5 144 12
1038.5 169 13
1039.5 152 12.3288
1040.5 138 11.7473
1041.5 166 12.8841
1042.5 142 11.9164
1043.5 167 12.9228
1044.5 164 12.8062
1045.5 149 12.2066
1046.5 173 13.1529
1047.5 159 12.6095
1048.5 163 12.7671
1049.5 178 13.3417
1050.5 172 13.1149
1051.5 172 13.1149
1052.5 171 13.0767
1053.5 159 12.6095
1054.5 152 12.3288
1055.5 174 13.1909
1056.5 148 12.1655
1057.5 139 11.7898
1058.5 164 12.8062
1059.5 181 13.4536
1060.5 140 11.8322
1061.5 165 12.8452
1062.5 155 12.4499
1063.5 152 12.3288
1064.5 159 12.6095
1065.5 148 12.1655
1066.5 147 12.1244
1067.5 157 12.53
1068.5 146 12.083
1069.5 154 12.4097
1070.5 140 11.8322
1071.5 150 12.2474
1072.5 135 11.619
1073.5 164 12.8062
1074.5 164 12.8062
1075.5 131 11.4455
1076.5 151 12.2882
1077.5 149 12.2066
1078.5 144 12
1079.5 163 12.7671
1080.5 150 12.2474
1081.5 153 12.3693
1082.5 140 11.8322
1083.5 157 12.53
1084.5 139 11.7898
1085.5 162 12.7279
1086.5 140 11.8322
1087.5 148 12.1655
1088.5 143 11.9583
1089.5 137 11.7047
1090.5 141 11.8743
1091.5 142 11.9164
1092.5 154 12.4097
1093.5 155 12.4499
1094.5 188 13.7113
1095.5 155 12.4499
1096.5 146 12.083
1097.5 143 11.9583
1098.5 149 12.2066
1099.5 175 13.2288
1100.5 141 11.8743
1101.5 166 12.8841
1102.5 152 12.3288
1103.5 166 12.8841
1104.5 161 12.6886
1105.5 132 11.4891
1106.5 149 12.2066
1107.5 142 11.9164
1108.5 163 12.7671
1109.5 155 12.4499
1110.5 126 11.225
1111.5 121 11
1112.5 149 12.2066
1113.5 154 12.4097
1114.5 123 11.0905
1115.5 131 11.4455
1116.5 143 11.9583
1117.5 161 12.6886
1118.5 132 11.4891
1119.5 140 11.8322
1120.5 112 10.583
1121.5 137 11.7047
1122.5 121 11
1123.5 138 11.7473
1124.5 126 11.225
1125.5 150 12.2474
1126.5 162 12.7279
1127.5 133 11.5326
1128.5 125 11.1803
1129.5 154 12.4097
1130.5 159 12.6095
1131.5 132 11.4891
1132.5 137 11.7047
1133.5 131 11.4455
1134.5 138 11.7473
1135.5 133 11.5326
1136.5 148 12.1655
1137.5 131 11.4455
1138.5 146 12.083
1139.5 124 11.1355
1140.5 146 12.083
1141.5 118 10.8628
1142.5 126 11.225
1143.5 163 12.7671
1144.5 119 10.9087
1145.5 138 11.7473
1146.5 113 10.6301
1147.5 154 12.4097
1148.5 139 11.7898
1149.5 146 12.083
1150.5 123 11.0905
1151.5 119 10.9087
1152.5 127 11.2694
1153.5 135 11.619
1154.5 133 11.5326
1155.5 141 11.8743
1156.5 118 10.8628
1157.5 130 11.4018
1158.5 130 11.4018
1159.5 115 10.7238
1160.5 120 10.9545
1161.5 135 11.619
1162.5 137 11.7047
1163.5 144 12
1164.5 134 11.5758
1165.5 136 11.6619
1166.5 123 11.0905
1167.5 141 11.8743
1168.5 152 12.3288
1169.5 122 11.0454
1170.5 123 11.0905
1171.5 132 11.4891
1172.5 128 11.3137
1173.5 108 10.3923
1174.5 119 10.9087
1175.5 138 11.7473
1176.5 135 11.619
1177.5 139 11.7898
1178.5 131 11.4455
1179.5 137 11.7047
1180.5 153 12.3693
1181.5 135 11.619
1182.5 151 12.2882
1183.5 130 11.4018
1184.5 111 10.5357
1185.5 124 11.1355
1186.5 138 11.7473
1187.5 125 11.1803
1188.5 128 11.3137
1189.5 131 11.4455
1190.5 129 11.3578
1191.5 119 10.9087
1192.5 127 11.2694
1193.5 119 10.9087
1194.5 120 10.9545
1195.5 121 11
1196.5 112 10.583
1197.5 134 11.5758
1198.5 126 11.225
1199.5 123 11.0905
1200.5 112 10.583
1201.5 110 10.4881
1202.5 131 11.4455
1203.5 124 11.1355
1204.5 102 10.0995
1205.5 135 11.619
1206.5 129 11.3578
1207.5 128 11.3137
1208.5 133 11.5326
1209.5 114 10.6771
1210.5 119 10.9087
1211.5 130 11.4018
1212.5 131 11.4455
1213.5 106 10.2956
1214.5 126 11.225
1215.5 112 10.583
1216.5 135 11.619
1217.5 120 10.9545
1218.5 122 11.0454
1219.5 108 10.3923
1220.5 117 10.8167
1221.5 105 10.247
1222.5 113 10.6301
1223.5 140 11.8322
1224.5 125 11.1803
1225.5 110 10.4881
1226.5 115 10.7238
1227.5 116 10.7703
1228.5 144 12
1229.5 121 11
1230.5 117 10.8167
1231.5 118 10.8628
1232.5 139 11.7898
1233.5 131 11.4455
1234.5 115 10.7238
1235.5 102 10.0995
1236.5 104 10.198
1237.5 114 10.6771
1238.5 124 11.1355
1239.5 122 11.0454
1240.5 119 10.9087
1241.5 118 10.8628
1242.5 112 10.583
1243.5 121 11
1244.5 105 10.247
1245.5 116 10.7703
1246.5 106 10.2956
1247.5 125 11.1803
1248.5 140 11.8322
1249.5 116 10.7703
1250.5 120 10.9545
1251.5 126 11.225
1252.5 112 10.583
1253.5 110 10.4881
1254.5 100 10
1255.5 140 11.8322
1256.5 117 10.8167
1257.5 103 10.1489
1258.5 123 11.0905
1259.5 131 11.4455
1260.5 143 11.9583
1261.5 120 10.9545
1262.5 111 10.5357
1263.5 112 10.583
1264.5 109 10.4403
1265.5 121 11
1266.5 123 11.0905
1267.5 114 10.6771
1268.5 106 10.2956
1269.5 100 10
1270.5 110 10.4881
1271.5 127 11.2694
1272.5 127 11.2694
1273.5 115 10.7238
1274.5 134 11.5758
1275.5 134 11.5758
1276.5 94 9.69536
1277.5 126 11.225
1278.5 98 9.89949
1279.5 113 10.6301
1280.5 109 10.4403
1281.5 101 10.0499
1282.5 115 10.7238
1283.5 117 10.8167
1284.5 125 11.1803
1285.5 113 10.6301
1286.5 111 10.5357
1287.5 137 11.7047
1288.5 145 12.0416
1289.5 122 11.0454
1290.5 124 11.1355
1291.5 107 10.3441
1292.5 129 11.3578
1293.5 103 10.1489
1294.5 110 10.4881
1295.5 105 10.247
1296.5 112 10.583
1297.5 112 10.583
1298.5 109 10.4403
1299.5 110 10.4881
1300.5 107 10.3441
1301.5 107 10.3441
1302.5 103 10.1489
1303.5 105 10.247
1304.5 131 11.4455
1305.5 115 10.7238
1306.5 111 10.5357
1307.5 114 10.6771
1308.5 116 10.7703
1309.5 106 10.2956
1310.5 122 11.0454
1311.5 116 10.7703
1312.5 111 10.5357
1313.5 115 10.7238
1314.5 134 11.5758
1315.5 112 10.583
1316.5 105 10.247
1317.5 121 11
1318.5 114 10.6771
1319.5 76 8.7178
1320.5 104 10.198
1321.5 121 11
1322.5 125 11.1803
1323.5 107 10.3441
1324.5 110 10.4881
1325.5 107 10.3441
1326.5 112 10.583
1327.5 119 10.9087
1328.5 84 9.16515
1329.5 114 10.6771
1330.5 99 9.94987
1331.5 91 9.53939
1332.5 105 10.247
1333.5 104 10.198
1334.5 100 10
1335.5 110 10.4881
1336.5 87 9.32738
1337.5 102 10.0995
1338.5 107 10.3441
1339.5 96 9.79796
1340.5 101 10.0499
1341.5 126 11.225
1342.5 109 10.4403
1343.5 96 9.79796
1344.5 116 10.7703
1345.5 92 9.59166
1346.5 103 10.1489
1347.5 91 9.53939
1348.5 105 10.247
1349.5 104 10.198
1350.5 104 10.198
1351.5 102 10.0995
1352.5 115 10.7238
1353.5 104 10.198
1354.5 115 10.7238
1355.5 112 10.583
1356.5 114 10.6771
1357.5 97 9.84886
1358.5 118 10.8628
1359.5 107 10.3441
1360.5 98 9.89949
1361.5 118 10.8628
1362.5 82 9.05539
1363.5 89 9.43398
1364.5 101 10.0499
1365.5 118 10.8628
1366.5 115 10.7238
1367.5 106 10.2956
1368.5 100 10
1369.5 94 9.69536
1370.5 89 9.43398
1371.5 109 10.4403
1372.5 118 10.8628
1373.5 117 10.8167
1374.5 94 9.69536
1375.5 118 10.8628
1376.5 132 11.4891
1377.5 101 10.0499
1378.5 91 9.53939
1379.5 85 9.21954
1380.5 105 10.247
1381.5 85 9.21954
1382.5 111 10.5357
1383.5 94 9.69536
1384.5 99 9.94987
1385.5 113 10.6301
1386.5 105 10.247
1387.5 105 10.247
1388.5 94 9.69536
1389.5 106 10.2956
1390.5 109 10.4403
1391.5 104 10.198
1392.5 81 9
1393.5 81 9
1394.5 94 9.69536
1395.5 125 11.1803
1396.5 106 10.2956
1397.5 104 10.198
1398.5 99 9.94987
1399.5 89 9.43398
1400.5 107 10.3441
1401.5 94 9.69536
1402.5 92 9.59166
1403.5 73 8.544
1404.5 101 10.0499
1405.5 101 10.0499
1406.5 94 9.69536
1407.5 90 9.48683
1408.5 107 10.3441
1409.5 104 10.198
1410.5 128 11.3137
1411.5 78 8.83176
1412.5 97 9.84886
1413.5 88 9.38083
1414.5 111 10.5357
1415.5 90 9.48683
1416.5 104 10.198
1417.5 98 9.89949
1418.5 94 9.69536
1419.5 91 9.53939
1420.5 92 9.59166
1421.5 106 10.2956
1422.5 101 10.0499
1423.5 93 9.64365
1424.5 96 9.79796
1425.5 111 10.5357
1426.5 87 9.32738
1427.5 89 9.43398
1428.5 95 9.74679
1429.5 86 9.27362
1430.5 106 10.2956
1431.5 82 9.05539
1432.5 100 10
1433.5 96 9.79796
1434.5 89 9.43398
1435.5 91 9.53939
1436.5 100 10
1437.5 82 9.05539
1438.5 97 9.84886
1439.5 79 8.88819
1440.5 82 9.05539
1441.5 101 10.0499
1442.5 108 10.3923
1443.5 83 9.11043
1444.5 98 9.89949
1445.5 92 9.59166
1446.5 91 9.53939
1447.5 76 8.7178
1448.5 107 10.3441
1449.5 83 9.11043
1450.5 85 9.21954
1451.5 90 9.48683
1452.5 106 10.2956
1453.5 80 8.94427
1454.5 86 9.27362
1455.5 74 8.60233
1456.5 100 10
1457.5 86 9.27362
1458.5 93 9.64365
1459.5 99 9.94987
1460.5 103 10.1489
1461.5 84 9.16515
1462.5 104 10.198
1463.5 96 9.79796
1464.5 71 8.42615
1465.5 86 9.27362
1466.5 92 9.59166
1467.5 108 10.3923
1468.5 92 9.59166
1469.5 100 10
1470.5 77 8.77496
1471.5 107 10.3441
1472.5 94 9.69536
1473.5 101 10.0499
1474.5 92 9.59166
1475.5 92 9.59166
1476.5 84 9.16515
1477.5 91 9.53939
1478.5 100 10
1479.5 77 8.77496
1480.5 91 9.53939
1481.5 92 9.59166
1482.5 90 9.48683
1483.5 82 9.05539
1484.5 86 9.27362
1485.5 86 9.27362
1486.5 77 8.77496
1487.5 91 9.53939
1488.5 102 10.0995
1489.5 78 8.83176
1490.5 92 9.59166
1491.5 85 9.21954
1492.5 86 9.27362
1493.5 85 9.21954
1494.5 125 11.1803
1495.5 97 9.84886
1496.5 89 9.43398
1497.5 86 9.27362
1498.5 76 8.7178
1499.5 91 9.53939
1500.5 83 9.11043
1501.5 102 10.0995
1502.5 96 9.79796
1503.5 95 9.74679
1504.5 72 8.48528
1505.5 74 8.60233
1506.5 99 9.94987
1507.5 77 8.77496
1508.5 100 10
1509.5 83 9.11043
1510.5 112 10.583
1511.5 92 9.59166
1512.5 83 9.11043
1513.5 84 9.16515
1514.5 70 8.3666
1515.5 86 9.27362
1516.5 93 9.64365
1517.5 96 9.79796
1518.5 79 8.88819
1519.5 75 8.66025
1520.5 84 9.16515
1521.5 99 9.94987
1522.5 82 9.05539
1523.5 74 8.60233
1524.5 79 8.88819
1525.5 91 9.53939
1526.5 78 8.83176
1527.5 79 8.88819
1528.5 73 8.544
1529.5 92 9.59166
1530.5 93 9.64365
1531.5 97 9.84886
1532.5 96 9.79796
1533.5 84 9.16515
1534.5 76 8.7178
1535.5 94 9.69536
1536.5 92 9.59166
1537.5 73 8.544
1538.5 91 9.53939
1539.5 99 9.94987
1540.5 84 9.16515
1541.5 83 9.11043
1542.5 99 9.94987
1543.5 101 10.0499
1544.5 91 9.53939
1545.5 79 8.88819
1546.5 65 8.06226
1547.5 74 8.60233
1548.5 90 9.48683
1549.5 83 9.11043
1550.5 74 8.60233
1551.5 82 9.05539
1552.5 84 9.16515
1553.5 105 10.247
1554.5 94 9.69536
1555.5 93 9.64365
1556.5 84 9.16515
1557.5 98 9.89949
1558.5 83 9.11043
1559.5 79 8.88819
1560.5 79 8.88819
1561.5 84 9.16515
1562.5 91 9.53939
1563.5 86 9.27362
1564.5 83 9.11043
1565.5 86 9.27362
1566.5 75 8.66025
1567.5 82 9.05539
1568.5 81 9
1569.5 71 8.42615
1570.5 70 8.3666
1571.5 78 8.83176
1572.5 85 9.21954
1573.5 64 8
1574.5 73 8.544
1575.5 81 9
1576.5 85 9.21954
1577.5 76 8.7178
1578.5 83 9.11043
1579.5 94 9.69536
1580.5 98 9.89949
1581.5 88 9.38083
1582.5 72 8.48528
1583.5 77 8.77496
1584.5 88 9.38083
1585.5 97 9.84886
1586.5 94 9.69536
1587.5 74 8.60233
1588.5 89 9.43398
1589.5 89 9.43398
1590.5 89 9.43398
1591.5 77 8.77496
1592.5 87 9.32738
1593.5 70 8.3666
1594.5 78 8.83176
1595.5 69 8.30662
1596.5 66 8.12404
1597.5 89 9.43398
1598.5 98 9.89949
1599.5 69 8.30662
1600.5 86 9.27362
1601.5 96 9.79796
1602.5 86 9.27362
1603.5 94 9.69536
1604.5 73 8.544
1605.5 90 9.48683
1606.5 85 9.21954
1607.5 84 9.16515
1608.5 84 9.16515
1609.5 98 9.89949
1610.5 74 8.60233
1611.5 84 9.16515
1612.5 63 7.93725
1613.5 97 9.84886
1614.5 79 8.88819
1615.5 65 8.06226
1616.5 72 8.48528
1617.5 71 8.42615
1618.5 73 8.544
1619.5 70 8.3666
1620.5 78 8.83176
1621.5 77 8.77496
1622.5 94 9.69536
1623.5 74 8.60233
1624.5 97 9.84886
1625.5 67 8.18535
1626.5 57 7.54983
1627.5 84 9.16515
1628.5 86 9.27362
1629.5 78 8.83176
1630.5 77 8.77496
1631.5 86 9.27362
1632.5 74 8.60233
1633.5 71 8.42615
1634.5 84 9.16515
1635.5 65 8.06226
1636.5 65 8.06226
1637.5 76 8.7178
1638.5 81 9
1639.5 63 7.93725
1640.5 79 8.88819
1641.5 78 8.83176
1642.5 74 8.60233
1643.5 72 8.48528
1644.5 84 9.16515
1645.5 74 8.60233
1646.5 77 8.77496
1647.5 81 9
1648.5 91 9.53939
1649.5 77 8.77496
1650.5 73 8.544
1651.5 73 8.544
1652.5 87 9.32738
1653.5 82 9.05539
1654.5 84 9.16515
1655.5 66 8.12404
1656.5 74 8.60233
1657.5 68 8.24621
1658.5 80 8.94427
1659.5 71 8.42615
1660.5 80 8.94427
1661.5 75 8.66025
1662.5 80 8.94427
1663.5 85 9.21954
1664.5 75 8.66025
1665.5 72 8.48528
1666.5 74 8.60233
1667.5 74 8.60233
1668.5 83 9.11043
1669.5 90 9.48683
1670.5 70 8.3666
1671.5 74 8.60233
1672.5 85 9.21954
1673.5 81 9
1674.5 69 8.30662
1675.5 77 8.77496
1676.5 82 9.05539
1677.5 81 9
1678.5 73 8.544
1679.5 75 8.66025
1680.5 72 8.48528
1681.5 66 8.12404
1682.5 75 8.66025
1683.5 102 10.0995
1684.5 77 8.77496
1685.5 77 8.77496
1686.5 63 7.93725
1687.5 64 8
1688.5 85 9.21954
1689.5 67 8.18535
1690.5 80 8.94427
1691.5 75 8.66025
1692.5 86 9.27362
1693.5 77 8.77496
1694.5 87 9.32738
1695.5 68 8.24621
1696.5 82 9.05539
1697.5 53 7.28011
1698.5 72 8.48528
1699.5 66 8.12404
1700.5 80 8.94427
1701.5 75 8.66025
1702.5 93 9.64365
1703.5 83 9.11043
1704.5 85 9.21954
1705.5 83 9.11043
1706.5 80 8.94427
1707.5 80 8.94427
1708.5 77 8.77496
1709.5 61 7.81025
1710.5 83 9.11043
1711.5 76 8.7178
1712.5 78 8.83176
1713.5 66 8.12404
1714.5 95 9.74679
1715.5 71 8.42615
1716.5 68 8.24621
1717.5 57 7.54983
1718.5 79 8.88819
1719.5 62 7.87401
1720.5 78 8.83176
1721.5 83 9.11043
1722.5 81 9
1723.5 78 8.83176
1724.5 87 9.32738
1725.5 65 8.06226
1726.5 85 9.21954
1727.5 74 8.60233
1728.5 76 8.7178
1729.5 62 7.87401
1730.5 85 9.21954
1731.5 65 8.06226
1732.5 64 8
1733.5 84 9.16515
1734.5 72 8.48528
1735.5 83 9.11043
1736.5 83 9.11043
1737.5 60 7.74597
1738.5 70 8.3666
1739.5 87 9.32738
1740.5 86 9.27362
1741.5 81 9
1742.5 79 8.88819
1743.5 70 8.3666
1744.5 80 8.94427
1745.5 83 9.11043
1746.5 61 7.81025
1747.5 70 8.3666
1748.5 73 8.544
1749.5 73 8.544
1750.5 69 8.30662
1751.5 53 7.28011
1752.5 76 8.7178
1753.5 80 8.94427
1754.5 74 8.60233
1755.5 85 9.21954
1756.5 62 7.87401
1757.5 76 8.7178
1758.5 65 8.06226
1759.5 79 8.88819
1760.5 78 8.83176
1761.5 65 8.06226
1762.5 66 8.12404
1763.5 81 9
1764.5 69 8.30662
1765.5 75 8.66025
1766.5 81 9
1767.5 67 8.18535
1768.5 72 8.48528
1769.5 85 9.21954
1770.5 68 8.24621
1771.5 93 9.64365
1772.5 63 7.93725
1773.5 77 8.77496
1774.5 70 8.3666
1775.5 78 8.83176
1776.5 78 8.83176
1777.5 75 8.66025
1778.5 77 8.77496
1779.5 66 8.12404
1780.5 60 7.74597
1781.5 58 7.61577
1782.5 81 9
1783.5 77 8.77496
1784.5 85 9.21954
1785.5 82 9.05539
1786.5 62 7.87401
1787.5 64 8
1788.5 71 8.42615
1789.5 68 8.24621
1790.5 83 9.11043
1791.5 79 8.88819
1792.5 77 8.77496
1793.5 76 8.7178
1794.5 80 8.94427
1795.5 72 8.48528
1796.5 71 8.42615
1797.5 71 8.42615
1798.5 64 8
1799.5 75 8.66025
1800.5 56 7.48331
1801.5 72 8.48528
1802.5 78 8.83176
1803.5 82 9.05539
1804.5 69 8.30662
1805.5 69 8.30662
1806.5 79 8.88819
1807.5 75 8.66025
1808.5 77 8.77496
1809.5 89 9.43398
1810.5 59 7.68115
1811.5 60 7.74597
1812.5 58 7.61577
1813.5 60 7.74597
1814.5 68 8.24621
1815.5 74 8.60233
1816.5 80 8.94427
1817.5 69 8.30662
1818.5 68 8.24621
1819.5 76 8.7178
1820.5 76 8.7178
1821.5 65 8.06226
1822.5 69 8.30662
1823.5 56 7.48331
1824.5 61 7.81025
1825.5 72 8.48528
1826.5 74 8.60233
1827.5 75 8.66025
1828.5 69 8.30662
1829.5 57 7.54983
1830.5 73 8.544
1831.5 65 8.06226
1832.5 62 7.87401
1833.5 77 8.77496
1834.5 84 9.16515
1835.5 70 8.3666
1836.5 64 8
1837.5 91 9.53939
1838.5 76 8.7178
1839.5 68 8.24621
1840.5 73 8.544
1841.5 84 9.16515
1842.5 70 8.3666
1843.5 67 8.18535
1844.5 74 8.60233
1845.5 74 8.60233
1846.5 73 8.544
1847.5 72 8.48528
1848.5 73 8.544
1849.5 70 8.3666
1850.5 68 8.24621
1851.5 71 8.42615
1852.5 67 8.18535
1853.5 63 7.93725
1854.5 67 8.18535
1855.5 59 7.68115
1856.5 62 7.87401
1857.5 66 8.12404
1858.5 82 9.05539
1859.5 62 7.87401
1860.5 77 8.77496
1861.5 71 8.42615
1862.5 72 8.48528
1863.5 56 7.48331
1864.5 63 7.93725
1865.5 81 9
1866.5 65 8.06226
1867.5 65 8.06226
1868.5 76 8.7178
1869.5 74 8.60233
1870.5 55 7.4162
1871.5 66 8.12404
1872.5 63 7.93725
1873.5 81 9
1874.5 67 8.18535
1875.5 82 9.05539
1876.5 72 8.48528
1877.5 88 9.38083
1878.5 73 8.544
1879.5 78 8.83176
1880.5 74 8.60233
1881.5 74 8.60233
1882.5 85 9.21954
1883.5 72 8.48528
1884.5 84 9.16515
1885.5 74 8.60233
1886.5 84 9.16515
1887.5 54 7.34847
1888.5 80 8.94427
1889.5 77 8.77496
1890.5 73 8.544
1891.5 56 7.48331
1892.5 85 9.21954
1893.5 85 9.21954
1894.5 80 8.94427
1895.5 85 9.21954
1896.5 74 8.60233
1897.5 79 8.88819
1898.5 85 9.21954
1899.5 82 9.05539
1900.5 76 8.7178
1901.5 73 8.544
1902.5 57 7.54983
1903.5 81 9
1904.5 80 8.94427
1905.5 71 8.42615
1906.5 95 9.74679
1907.5 90 9.48683
1908.5 77 8.77496
1909.5 94 9.69536
1910.5 83 9.11043
1911.5 86 9.27362
1912.5 89 9.43398
1913.5 79 8.88819
1914.5 65 8.06226
1915.5 81 9
1916.5 76 8.7178
1917.5 78 8.83176
1918.5 82 9.05539
1919.5 73 8.544
1920.5 80 8.94427
1921.5 75 8.66025
1922.5 77 8.77496
1923.5 71 8.42615
1924.5 66 8.12404
1925.5 61 7.81025
1926.5 67 8.18535
1927.5 68 8.24621
1928.5 67 8.18535
1929.5 68 8.24621
1930.5 80 8.94427
1931.5 84 9.16515
1932.5 64 8
1933.5 78 8.83176
1934.5 75 8.66025
1935.5 72 8.48528
1936.5 62 7.87401
1937.5 63 7.93725
1938.5 71 8.42615
1939.5 63 7.93725
1940.5 72 8.48528
1941.5 64 8
1942.5 86 9.27362
1943.5 75 8.66025
1944.5 75 8.66025
1945.5 60 7.74597
1946.5 71 8.42615
1947.5 63 7.93725
1948.5 76 8.7178
1949.5 64 8
1950.5 68 8.24621
1951.5 58 7.61577
1952.5 67 8.18535
1953.5 73 8.544
1954.5 72 8.48528
1955.5 81 9
1956.5 73 8.544
1957.5 69 8.30662
1958.5 70 8.3666
1959.5 65 8.06226
1960.5 74 8.60233
1961.5 55 7.4162
1962.5 76 8.7178
1963.5 64 8
1964.5 90 9.48683
1965.5 70 8.3666
1966.5 70 8.3666
1967.5 70 8.3666
1968.5 67 8.18535
1969.5 69 8.30662
1970.5 74 8.60233
1971.5 72 8.48528
1972.5 69 8.30662
1973.5 67 8.18535
1974.5 80 8.94427
1975.5 91 9.53939
1976.5 62 7.87401
1977.5 86 9.27362
1978.5 70 8.3666
1979.5 66 8.12404
1980.5 71 8.42615
1981.5 58 7.61577
1982.5 88 9.38083
1983.5 56 7.48331
1984.5 84 9.16515
1985.5 60 7.74597
1986.5 61 7.81025
1987.5 81 9
1988.5 70 8.3666
1989.5 59 7.68115
1990.5 74 8.60233
1991.5 63 7.93725
1992.5 73 8.544
1993.5 74 8.60233
1994.5 69 8.30662
1995.5 58 7.61577
1996.5 46 6.78233
1997.5 65 8.06226
1998.5 69 8.30662
1999.5 66 8.12404
2000.5 76 8.7178
2001.5 77 8.77496
2002.5 68 8.24621
2003.5 60 7.74597
2004.5 70 8.3666
2005.5 76 8.7178
2006.5 64 8
2007.5 66 8.12404
2008.5 79 8.88819
2009.5 84 9.16515
2010.5 61 7.81025
2011.5 71 8.42615
2012.5 82 9.05539
2013.5 81 9
2014.5 65 8.06226
2015.5 77 8.77496
2016.5 52 7.2111
2017.5 65 8.06226
2018.5 74 8.60233
2019.5 81 9
2020.5 60 7.74597
2021.5 84 9.16515
2022.5 79 8.88819
2023.5 67 8.18535
2024.5 78 8.83176
2025.5 82 9.05539
2026.5 65 8.06226
2027.5 81 9
2028.5 77 8.77496
2029.5 63 7.93725
2030.5 81 9
2031.5 73 8.544
2032.5 80 8.94427
2033.5 57 7.54983
2034.5 67 8.18535
2035.5 52 7.2111
2036.5 67 8.18535
2037.5 66 8.12404
2038.5 70 8.3666
2039.5 70 8.3666
2040.5 66 8.12404
2041.5 81 9
2042.5 60 7.74597
2043.5 72 8.48528
2044.5 64 8
2045.5 74 8.60233
2046.5 78 8.83176
2047.5 74 8.60233
2048.5 67 8.18535
2049.5 63 7.93725
2050.5 75 8.66025
2051.5 68 8.24621
2052.5 59 7.68115
2053.5 58 7.61577
2054.5 59 7.68115
2055.5 65 8.06226
2056.5 59 7.68115
2057.5 80 8.94427
2058.5 89 9.43398
2059.5 68 8.24621
2060.5 70 8.3666
2061.5 64 8
2062.5 77 8.77496
2063.5 80 8.94427
2064.5 69 8.30662
2065.5 61 7.81025
2066.5 71 8.42615
2067.5 66 8.12404
2068.5 64 8
2069.5 77 8.77496
2070.5 57 7.54983
2071.5 77 8.77496
2072.5 61 7.81025
2073.5 67 8.18535
2074.5 81 9
2075.5 77 8.77496
2076.5 70 8.3666
2077.5 69 8.30662
2078.5 67 8.18535
2079.5 75 8.66025
2080.5 79 8.88819
2081.5 71 8.42615
2082.5 65 8.06226
2083.5 74 8.60233
2084.5 75 8.66025
2085.5 74 8.60233
2086.5 60 7.74597
2087.5 52 7.2111
2088.5 68 8.24621
2089.5 71 8.42615
2090.5 79 8.88819
2091.5 67 8.18535
2092.5 75 8.66025
2093.5 57 7.54983
2094.5 54 7.34847
2095.5 70 8.3666
2096.5 66 8.12404
2097.5 73 8.544
2098.5 58 7.61577
2099.5 60 7.74597
2100.5 67 8.18535
2101.5 78 8.83176
2102.5 68 8.24621
2103.5 57 7.54983
2104.5 63 7.93725
2105.5 66 8.12404
2106.5 71 8.42615
2107.5 76 8.7178
2108.5 59 7.68115
2109.5 76 8.7178
2110.5 64 8
2111.5 70 8.3666
2112.5 90 9.48683
2113.5 71 8.42615
2114.5 68 8.24621
2115.5 61 7.81025
2116.5 71 8.42615
2117.5 72 8.48528
2118.5 72 8.48528
2119.5 51 7.14143
2120.5 68 8.24621
2121.5 67 8.18535
2122.5 68 8.24621
2123.5 54 7.34847
2124.5 64 8
2125.5 65 8.06226
2126.5 68 8.24621
2127.5 69 8.30662
2128.5 67 8.18535
2129.5 68 8.24621
2130.5 58 7.61577
2131.5 69 8.30662
2132.5 67 8.18535
2133.5 81 9
2134.5 69 8.30662
2135.5 66 8.12404
2136.5 52 7.2111
2137.5 57 7.54983
2138.5 55 7.4162
2139.5 52 7.2111
2140.5 62 7.87401
2141.5 79 8.88819
2142.5 63 7.93725
2143.5 66 8.12404
2144.5 70 8.3666
2145.5 65 8.06226
2146.5 72 8.48528
2147.5 70 8.3666
2148.5 62 7.87401
2149.5 66 8.12404
2150.5 64 8
2151.5 67 8.18535
2152.5 61 7.81025
2153.5 64 8
2154.5 68 8.24621
2155.5 68 8.24621
2156.5 72 8.48528
2157.5 69 8.30662
2158.5 56 7.48331
2159.5 67 8.18535
2160.5 61 7.81025
2161.5 63 7.93725
2162.5 64 8
2163.5 60 7.74597
2164.5 91 9.53939
2165.5 62 7.87401
2166.5 57 7.54983
2167.5 78 8.83176
2168.5 75 8.66025
2169.5 66 8.12404
2170.5 59 7.68115
2171.5 65 8.06226
2172.5 61 7.81025
2173.5 61 7.81025
2174.5 75 8.66025
2175.5 67 8.18535
2176.5 68 8.24621
2177.5 62 7.87401
2178.5 52 7.2111
2179.5 67 8.18535
2180.5 57 7.54983
2181.5 73 8.544
2182.5 75 8.66025
2183.5 48 6.9282
2184.5 62 7.87401
2185.5 73 8.544
2186.5 67 8.18535
2187.5 76 8.7178
2188.5 61 7.81025
2189.5 65 8.06226
2190.5 57 7.54983
2191.5 67 8.18535
2192.5 62 7.87401
2193.5 60 7.74597
2194.5 67 8.18535
2195.5 55 7.4162
2196.5 69 8.30662
2197.5 59 7.68115
2198.5 66 8.12404
2199.5 58 7.61577
2200.5 67 8.18535
2201.5 59 7.68115
2202.5 69 8.30662
2203.5 67 8.18535
2204.5 60 7.74597
2205.5 60 7.74597
2206.5 69 8.30662
2207.5 70 8.3666
2208.5 66 8.12404
2209.5 75 8.66025
2210.5 68 8.24621
2211.5 68 8.24621
2212.5 68 8.24621
2213.5 59 7.68115
2214.5 68 8.24621
2215.5 73 8.544
2216.5 58 7.61577
2217.5 63 7.93725
2218.5 40 6.32456
2219.5 60 7.74597
2220.5 58 7.61577
2221.5 63 7.93725
2222.5 52 7.2111
2223.5 42 6.48074
2224.5 67 8.18535
2225.5 57 7.54983
2226.5 61 7.81025
2227.5 54 7.34847
2228.5 49 7
2229.5 63 7.93725
2230.5 55 7.4162
2231.5 48 6.9282
2232.5 50 7.07107
2233.5 48 6.9282
2234.5 42 6.48074
2235.5 53 7.28011
2236.5 48 6.9282
2237.5 66 8.12404
2238.5 62 7.87401
2239.5 52 7.2111
2240.5 51 7.14143
2241.5 49 7
2242.5 46 6.78233
2243.5 47 6.85565
2244.5 52 7.2111
2245.5 51 7.14143
2246.5 57 7.54983
2247.5 61 7.81025
2248.5 51 7.14143
2249.5 57 7.54983
2250.5 53 7.28011
2251.5 43 6.55744
2252.5 46 6.78233
2253.5 43 6.55744
2254.5 74 8.60233
2255.5 50 7.07107
2256.5 48 6.9282
2257.5 60 7.74597
2258.5 65 8.06226
2259.5 69 8.30662
2260.5 37 6.08276
2261.5 58 7.61577
2262.5 58 7.61577
2263.5 53 7.28011
2264.5 34 5.83095
2265.5 50 7.07107
2266.5 52 7.2111
2267.5 54 7.34847
2268.5 48 6.9282
2269.5 55 7.4162
2270.5 59 7.68115
2271.5 46 6.78233
2272.5 46 6.78233
2273.5 66 8.12404
2274.5 41 6.40312
2275.5 62 7.87401
2276.5 56 7.48331
2277.5 60 7.74597
2278.5 50 7.07107
2279.5 49 7
2280.5 66 8.12404
2281.5 46 6.78233
2282.5 46 6.78233
2283.5 55 7.4162
2284.5 46 6.78233
2285.5 44 6.63325
2286.5 64 8
2287.5 53 7.28011
2288.5 43 6.55744
2289.5 55 7.4162
2290.5 42 6.48074
2291.5 43 6.55744
2292.5 44 6.63325
2293.5 58 7.61577
2294.5 45 6.7082
2295.5 45 6.7082
2296.5 48 6.9282
2297.5 57 7.54983
2298.5 53 7.28011
2299.5 52 7.2111
2300.5 59 7.68115
2301.5 40 6.32456
2302.5 58 7.61577
2303.5 50 7.07107
2304.5 52 7.2111
2305.5 37 6.08276
2306.5 45 6.7082
2307.5 39 6.245
2308.5 44 6.63325
2309.5 45 6.7082
2310.5 53 7.28011
2311.5 68 8.24621
2312.5 45 6.7082
2313.5 53 7.28011
2314.5 47 6.85565
2315.5 49 7
2316.5 37 6.08276
2317.5 53 7.28011
2318.5 46 6.78233
2319.5 50 7.07107
2320.5 47 6.85565
2321.5 53 7.28011
2322.5 39 6.245
2323.5 37 6.08276
2324.5 50 7.07107
2325.5 51 7.14143
2326.5 66 8.12404
2327.5 45 6.7082
2328.5 33 5.74456
2329.5 58 7.61577
2330.5 58 7.61577
2331.5 47 6.85565
2332.5 43 6.55744
2333.5 53 7.28011
2334.5 47 6.85565
2335.5 42 6.48074
2336.5 46 6.78233
2337.5 42 6.48074
2338.5 41 6.40312
2339.5 54 7.34847
2340.5 41 6.40312
2341.5 44 6.63325
2342.5 49 7
2343.5 53 7.28011
2344.5 40 6.32456
2345.5 44 6.63325
2346.5 49 7
2347.5 46 6.78233
2348.5 42 6.48074
2349.5 40 6.32456
2350.5 51 7.14143
2351.5 48 6.9282
2352.5 45 6.7082
2353.5 47 6.85565
2354.5 47 6.85565
2355.5 39 6.245
2356.5 41 6.40312
2357.5 48 6.9282
2358.5 31 5.56776
2359.5 36 6
2360.5 51 7.14143
2361.5 57 7.54983
2362.5 49 7
2363.5 36 6
2364.5 41 6.40312
2365.5 49 7
2366.5 47 6.85565
2367.5 49 7
2368.5 53 7.28011
2369.5 50 7.07107
2370.5 53 7.28011
2371.5 54 7.34847
2372.5 44 6.63325
2373.5 56 7.48331
2374.5 50 7.07107
2375.5 37 6.08276
2376.5 60 7.74597
2377.5 34 5.83095
2378.5 51 7.14143
2379.5 47 6.85565
2380.5 44 6.63325
2381.5 38 6.16441
2382.5 40 6.32456
2383.5 46 6.78233
2384.5 40 6.32456
2385.5 43 6.55744
2386.5 49 7
2387.5 32 5.65685
2388.5 57 7.54983
2389.5 52 7.2111
2390.5 48 6.9282
2391.5 56 7.48331
2392.5 53 7.28011
2393.5 44 6.63325
2394.5 46 6.78233
2395.5 52 7.2111
2396.5 43 6.55744
2397.5 40 6.32456
2398.5 50 7.07107
2399.5 49 7
2400.5 52 7.2111
2401.5 47 6.85565
2402.5 52 7.2111
2403.5 47 6.85565
2404.5 33 5.74456
2405.5 34 5.83095
2406.5 33 5.74456
2407.5 31 5.56776
2408.5 45 6.7082
2409.5 44 6.63325
2410.5 40 6.32456
2411.5 30 5.47723
2412.5 42 6.48074
2413.5 47 6.85565
2414.5 36 6
2415.5 47 6.85565
2416.5 47 6.85565
2417.5 33 5.74456
2418.5 41 6.40312
2419.5 41 6.40312
2420.5 42 6.48074
2421.5 35 5.91608
2422.5 41 6.40312
2423.5 42 6.48074
2424.5 44 6.63325
2425.5 43 6.55744
2426.5 42 6.48074
2427.5 38 6.16441
2428.5 47 6.85565
2429.5 43 6.55744
2430.5 39 6.245
2431.5 44 6.63325
2432.5 47 6.85565
2433.5 32 5.65685
2434.5 47 6.85565
2435.5 39 6.245
2436.5 41 6.40312
2437.5 45 6.7082
2438.5 47 6.85565
2439.5 39 6.245
2440.5 47 6.85565
2441.5 46 6.78233
2442.5 38 6.16441
2443.5 37 6.08276
2444.5 50 7.07107
2445.5 37 6.08276
2446.5 35 5.91608
2447.5 45 6.7082
2448.5 43 6.55744
2449.5 46 6.78233
2450.5 39 6.245
2451.5 42 6.48074
2452.5 40 6.32456
2453.5 42 6.48074
2454.5 26 5.09902
2455.5 40 6.32456
2456.5 29 5.38516
2457.5 39 6.245
2458.5 46 6.78233
2459.5 42 6.48074
2460.5 30 5.47723
2461.5 47 6.85565
2462.5 44 6.63325
2463.5 38 6.16441
2464.5 48 6.9282
2465.5 39 6.245
2466.5 47 6.85565
2467.5 42 6.48074
2468.5 41 6.40312
2469.5 38 6.16441
2470.5 35 5.91608
2471.5 44 6.63325
2472.5 54 7.34847
2473.5 46 6.78233
2474.5 39 6.245
2475.5 31 5.56776
2476.5 30 5.47723
2477.5 39 6.245
2478.5 34 5.83095
2479.5 42 6.48074
2480.5 34 5.83095
2481.5 39 6.245
2482.5 30 5.47723
2483.5 56 7.48331
2484.5 47 6.85565
2485.5 42 6.48074
2486.5 36 6
2487.5 38 6.16441
2488.5 40 6.32456
2489.5 34 5.83095
2490.5 35 5.91608
2491.5 47 6.85565
2492.5 36 6
2493.5 39 6.245
2494.5 37 6.08276
2495.5 31 5.56776
2496.5 55 7.4162
2497.5 34 5.83095
2498.5 37 6.08276
2499.5 27 5.19615
2500.5 30 5.47723
2501.5 34 5.83095
2502.5 32 5.65685
2503.5 38 6.16441
2504.5 32 5.65685
2505.5 31 5.56776
2506.5 46 6.78233
2507.5 32 5.65685
2508.5 38 6.16441
2509.5 28 5.2915
2510.5 39 6.245
2511.5 31 5.56776
2512.5 35 5.91608
2513.5 48 6.9282
2514.5 32 5.65685
2515.5 37 6.08276
2516.5 38 6.16441
2517.5 30 5.47723
2518.5 35 5.91608
2519.5 38 6.16441
2520.5 34 5.83095
2521.5 42 6.48074
2522.5 34 5.83095
2523.5 41 6.40312
2524.5 32 5.65685
2525.5 33 5.74456
2526.5 23 4.79583
2527.5 40 6.32456
2528.5 26 5.09902
2529.5 22 4.69042
2530.5 23 4.79583
2531.5 37 6.08276
2532.5 29 5.38516
2533.5 31 5.56776
2534.5 39 6.245
2535.5 34 5.83095
2536.5 37 6.08276
2537.5 29 5.38516
2538.5 33 5.74456
2539.5 24 4.89898
2540.5 39 6.245
2541.5 39 6.245
2542.5 42 6.48074
2543.5 39 6.245
2544.5 43 6.55744
2545.5 33 5.74456
2546.5 44 6.63325
2547.5 42 6.48074
2548.5 33 5.74456
2549.5 36 6
2550.5 25 5
2551.5 36 6
2552.5 36 6
2553.5 42 6.48074
2554.5 35 5.91608
2555.5 35 5.91608
2556.5 36 6
2557.5 40 6.32456
2558.5 37 6.08276
2559.5 31 5.56776
2560.5 33 5.74456
2561.5 24 4.89898
2562.5 39 6.245
2563.5 30 5.47723
2564.5 30 5.47723
2565.5 34 5.83095
2566.5 29 5.38516
2567.5 33 5.74456
2568.5 29 5.38516
2569.5 35 5.91608
2570.5 36 6
2571.5 27 5.19615
2572.5 33 5.74456
2573.5 24 4.89898
2574.5 37 6.08276
2575.5 21 4.58258
2576.5 30 5.47723
2577.5 35 5.91608
2578.5 28 5.2915
2579.5 29 5.38516
2580.5 42 6.48074
2581.5 30 5.47723
2582.5 28 5.2915
2583.5 37 6.08276
2584.5 32 5.65685
2585.5 32 5.65685
2586.5 28 5.2915
2587.5 37 6.08276
2588.5 29 5.38516
2589.5 38 6.16441
2590.5 34 5.83095
2591.5 41 6.40312
2592.5 35 5.91608
2593.5 30 5.47723
2594.5 22 4.69042
2595.5 31 5.56776
2596.5 39 6.245
2597.5 40 6.32456
2598.5 40 6.32456
2599.5 28 5.2915
2600.5 26 5.09902
2601.5 33 5.74456
2602.5 33 5.74456
2603.5 30 5.47723
2604.5 24 4.89898
2605.5 28 5.2915
2606.5 28 5.2915
2607.5 33 5.74456
2608.5 34 5.83095
2609.5 33 5.74456
2610.5 37 6.08276
2611.5 36 6
2612.5 29 5.38516
2613.5 31 5.56776
2614.5 28 5.2915
2615.5 29 5.38516
2616.5 43 6.55744
2617.5 30 5.47723
2618.5 24 4.89898
2619.5 30 5.47723
2620.5 40 6.32456
2621.5 18 4.24264
2622.5 38 6.16441
2623.5 38 6.16441
2624.5 26 5.09902
2625.5 22 4.69042
2626.5 28 5.2915
2627.5 23 4.79583
2628.5 28 5.2915
2629.5 32 5.65685
2630.5 28 5.2915
2631.5 30 5.47723
2632.5 26 5.09902
2633.5 26 5.09902
2634.5 25 5
2635.5 32 5.65685
2636.5 38 6.16441
2637.5 33 5.74456
2638.5 30 5.47723
2639.5 35 5.91608
2640.5 41 6.40312
2641.5 42 6.48074
2642.5 33 5.74456
2643.5 22 4.69042
2644.5 37 6.08276
2645.5 29 5.38516
2646.5 27 5.19615
2647.5 41 6.40312
2648.5 40 6.32456
2649.5 33 5.74456
2650.5 26 5.09902
2651.5 29 5.38516
2652.5 40 6.32456
2653.5 40 6.32456
2654.5 34 5.83095
2655.5 38 6.16441
2656.5 31 5.56776
2657.5 34 5.83095
2658.5 29 5.38516
2659.5 33 5.74456
2660.5 25 5
2661.5 22 4.69042
2662.5 31 5.56776
2663.5 28 5.2915
2664.5 39 6.245
2665.5 26 5.09902
2666.5 32 5.65685
2667.5 28 5.2915
2668.5 32 5.65685
2669.5 30 5.47723
2670.5 27 5.19615
2671.5 29 5.38516
2672.5 35 5.91608
2673.5 24 4.89898
2674.5 31 5.56776
2675.5 36 6
2676.5 26 5.09902
2677.5 25 5
2678.5 36 6
2679.5 28 5.2915
2680.5 41 6.40312
2681.5 34 5.83095
2682.5 29 5.38516
2683.5 23 4.79583
2684.5 24 4.89898
2685.5 28 5.2915
2686.5 24 4.89898
2687.5 29 5.38516
2688.5 31 5.56776
2689.5 35 5.91608
2690.5 22 4.69042
2691.5 32 5.65685
2692.5 26 5.09902
2693.5 27 5.19615
2694.5 28 5.2915
2695.5 32 5.65685
2696.5 21 4.58258
2697.5 22 4.69042
2698.5 26 5.09902
2699.5 25 5
2700.5 27 5.19615
2701.5 26 5.09902
2702.5 23 4.79583
2703.5 25 5
2704.5 34 5.83095
2705.5 22 4.69042
2706.5 27 5.19615
2707.5 31 5.56776
2708.5 24 4.89898
2709.5 25 5
2710.5 31 5.56776
2711.5 26 5.09902
2712.5 34 5.83095
2713.5 26 5.09902
2714.5 26 5.09902
2715.5 30 5.47723
2716.5 30 5.47723
2717.5 24 4.89898
2718.5 22 4.69042
2719.5 23 4.79583
2720.5 35 5.91608
2721.5 25 5
2722.5 21 4.58258
2723.5 28 5.2915
2724.5 34 5.83095
2725.5 33 5.74456
2726.5 24 4.89898
2727.5 30 5.47723
2728.5 25 5
2729.5 28 5.2915
2730.5 26 5.09902
2731.5 21 4.58258
2732.5 29 5.38516
2733.5 24 4.89898
2734.5 31 5.56776
2735.5 28 5.2915
2736.5 33 5.74456
2737.5 31 5.56776
2738.5 30 5.47723
2739.5 27 5.19615
2740.5 28 5.2915
2741.5 22 4.69042
2742.5 26 5.09902
2743.5 21 4.58258
2744.5 24 4.89898
2745.5 27 5.19615
2746.5 32 5.65685
2747.5 22 4.69042
2748.5 24 4.89898
2749.5 28 5.2915
2750.5 31 5.56776
2751.5 30 5.47723
2752.5 34 5.83095
2753.5 24 4.89898
2754.5 31 5.56776
2755.5 44 6.63325
2756.5 43 6.55744
2757.5 31 5.56776
2758.5 27 5.19615
2759.5 31 5.56776
2760.5 36 6
2761.5 31 5.56776
2762.5 41 6.40312
2763.5 45 6.7082
2764.5 66 8.12404
2765.5 44 6.63325
2766.5 57 7.54983
2767.5 67 8.18535
2768.5 69 8.30662
2769.5 74 8.60233
2770.5 76 8.7178
2771.5 76 8.7178
2772.5 69 8.30662
2773.5 62 7.87401
2774.5 85 9.21954
2775.5 77 8.77496
2776.5 74 8.60233
2777.5 81 9
2778.5 67 8.18535
2779.5 67 8.18535
2780.5 56 7.48331
2781.5 51 7.14143
2782.5 46 6.78233
2783.5 66 8.12404
2784.5 51 7.14143
2785.5 46 6.78233
2786.5 37 6.08276
2787.5 34 5.83095
2788.5 33 5.74456
2789.5 39 6.245
2790.5 28 5.2915
2791.5 33 5.74456
2792.5 28 5.2915
2793.5 25 5
2794.5 25 5
2795.5 27 5.19615
2796.5 33 5.74456
2797.5 31 5.56776
2798.5 30 5.47723
2799.5 22 4.69042
2800.5 28 5.2915
2801.5 29 5.38516
2802.5 33 5.74456
2803.5 27 5.19615
2804.5 33 5.74456
2805.5 37 6.08276
2806.5 24 4.89898
2807.5 22 4.69042
2808.5 30 5.47723
2809.5 21 4.58258
2810.5 17 4.12311
2811.5 17 4.12311
2812.5 35 5.91608
2813.5 24 4.89898
2814.5 22 4.69042
2815.5 23 4.79583
2816.5 18 4.24264
2817.5 27 5.19615
2818.5 22 4.69042
2819.5 27 5.19615
2820.5 20 4.47214
2821.5 25 5
2822.5 16 4
2823.5 21 4.58258
2824.5 20 4.47214
2825.5 15 3.87298
2826.5 18 4.24264
2827.5 29 5.38516
2828.5 17 4.12311
2829.5 19 4.3589
2830.5 24 4.89898
2831.5 16 4
2832.5 28 5.2915
2833.5 27 5.19615
2834.5 23 4.79583
2835.5 32 5.65685
2836.5 14 3.74166
2837.5 16 4
2838.5 26 5.09902
2839.5 21 4.58258
2840.5 21 4.58258
2841.5 15 3.87298
2842.5 28 5.2915
2843.5 20 4.47214
2844.5 23 4.79583
2845.5 28 5.2915
2846.5 21 4.58258
2847.5 26 5.09902
2848.5 25 5
2849.5 18 4.24264
2850.5 19 4.3589
2851.5 27 5.19615
2852.5 17 4.12311
2853.5 27 5.19615
2854.5 20 4.47214
2855.5 23 4.79583
2856.5 14 3.74166
2857.5 27 5.19615
2858.5 24 4.89898
2859.5 16 4
2860.5 21 4.58258
2861.5 23 4.79583
2862.5 23 4.79583
2863.5 23 4.79583
2864.5 24 4.89898
2865.5 18 4.24264
2866.5 24 4.89898
2867.5 19 4.3589
2868.5 19 4.3589
2869.5 18 4.24264
2870.5 30 5.47723
2871.5 23 4.79583
2872.5 22 4.69042
2873.5 22 4.69042
2874.5 20 4.47214
2875.5 15 3.87298
2876.5 20 4.47214
2877.5 15 3.87298
2878.5 16 4
2879.5 17 4.12311
2880.5 19 4.3589
2881.5 19 4.3589
2882.5 28 5.2915
2883.5 19 4.3589
2884.5 23 4.79583
2885.5 33 5.74456
2886.5 25 5
2887.5 20 4.47214
2888.5 27 5.19615
2889.5 29 5.38516
2890.5 18 4.24264
2891.5 16 4
2892.5 21 4.58258
2893.5 19 4.3589
2894.5 19 4.3589
2895.5 37 6.08276
2896.5 21 4.58258
2897.5 15 3.87298
2898.5 29 5.38516
2899.5 23 4.79583
2900.5 27 5.19615
2901.5 16 4
2902.5 22 4.69042
2903.5 24 4.89898
2904.5 25 5
2905.5 27 5.19615
2906.5 19 4.3589
2907.5 13 3.60555
2908.5 18 4.24264
2909.5 24 4.89898
2910.5 20 4.47214
2911.5 21 4.58258
2912.5 20 4.47214
2913.5 16 4
2914.5 20 4.47214
2915.5 27 5.19615
2916.5 18 4.24264
2917.5 27 5.19615
2918.5 22 4.69042
2919.5 22 4.69042
2920.5 19 4.3589
2921.5 20 4.47214
2922.5 24 4.89898
2923.5 21 4.58258
2924.5 17 4.12311
2925.5 20 4.47214
2926.5 24 4.89898
2927.5 24 4.89898
2928.5 15 3.87298
2929.5 13 3.60555
2930.5 29 5.38516
2931.5 28 5.2915
2932.5 25 5
2933.5 20 4.47214
2934.5 20 4.47214
2935.5 24 4.89898
2936.5 26 5.09902
2937.5 24 4.89898
2938.5 24 4.89898
2939.5 25 5
2940.5 19 4.3589
2941.5 12 3.4641
2942.5 19 4.3589
2943.5 15 3.87298
2944.5 20 4.47214
2945.5 18 4.24264
2946.5 17 4.12311
2947.5 23 4.79583
2948.5 19 4.3589
2949.5 20 4.47214
2950.5 17 4.12311
2951.5 20 4.47214
2952.5 18 4.24264
2953.5 14 3.74166
2954.5 15 3.87298
2955.5 28 5.2915
2956.5 17 4.12311
2957.5 13 3.60555
2958.5 20 4.47214
2959.5 20 4.47214
2960.5 13 3.60555
2961.5 15 3.87298
2962.5 7 2.64575
2963.5 21 4.58258
2964.5 16 4
2965.5 21 4.58258
2966.5 20 4.47214
2967.5 24 4.89898
2968.5 28 5.2915
2969.5 18 4.24264
2970.5 27 5.19615
2971.5 21 4.58258
2972.5 13 3.60555
2973.5 15 3.87298
2974.5 13 3.60555
2975.5 29 5.38516
2976.5 18 4.24264
2977.5 23 4.79583
2978.5 11 3.31662
2979.5 21 4.58258
2980.5 18 4.24264
2981.5 17 4.12311
2982.5 21 4.58258
2983.5 21 4.58258
2984.5 29 5.38516
2985.5 26 5.09902
2986.5 30 5.47723
2987.5 23 4.79583
2988.5 19 4.3589
2989.5 14 3.74166
2990.5 17 4.12311
2991.5 22 4.69042
2992.5 16 4
2993.5 21 4.58258
2994.5 23 4.79583
2995.5 20 4.47214
2996.5 19 4.3589
2997.5 25 5
2998.5 17 4.12311
2999.5 18 4.24264
3000.5 20 4.47214
3001.5 22 4.69042
3002.5 15 3.87298
3003.5 22 4.69042
3004.5 21 4.58258
3005.5 26 5.09902
3006.5 24 4.89898
3007.5 26 5.09902
3008.5 29 5.38516
3009.5 21 4.58258
3010.5 14 3.74166
3011.5 14 3.74166
3012.5 25 5
3013.5 13 3.60555
3014.5 29 5.38516
3015.5 27 5.19615
3016.5 19 4.3589
3017.5 23 4.79583
3018.5 28 5.2915
3019.5 18 4.24264
3020.5 27 5.19615
3021.5 20 4.47214
3022.5 20 4.47214
3023.5 19 4.3589
3024.5 15 3.87298
3025.5 15 3.87298
3026.5 22 4.69042
3027.5 21 4.58258
3028.5 24 4.89898
3029.5 20 4.47214
3030.5 23 4.79583
3031.5 18 4.24264
3032.5 17 4.12311
3033.5 24 4.89898
3034.5 19 4.3589
3035.5 15 3.87298
3036.5 21 4.58258
3037.5 28 5.2915
3038.5 18 4.24264
3039.5 21 4.58258
3040.5 27 5.19615
3041.5 21 4.58258
3042.5 18 4.24264
3043.5 15 3.87298
3044.5 22 4.69042
3045.5 34 5.83095
3046.5 24 4.89898
3047.5 24 4.89898
3048.5 27 5.19615
3049.5 19 4.3589
3050.5 28 5.2915
3051.5 34 5.83095
3052.5 29 5.38516
3053.5 31 5.56776
3054.5 46 6.78233
3055.5 56 7.48331
3056.5 93 9.64365
3057.5 103 10.1489
3058.5 106 10.2956
3059.5 145 12.0416
3060.5 178 13.3417
3061.5 181 13.4536
3062.5 172 13.1149
3063.5 213 14.5945
3064.5 216 14.6969
3065.5 217 14.7309
3066.5 185 13.6015
3067.5 179 13.3791
3068.5 169 13
3069.5 118 10.8628
3070.5 129 11.3578
3071.5 130 11.4018
3072.5 87 9.32738
3073.5 90 9.48683
3074.5 61 7.81025
3075.5 53 7.28011
3076.5 41 6.40312
3077.5 35 5.91608
3078.5 21 4.58258
3079.5 34 5.83095
3080.5 24 4.89898
3081.5 21 4.58258
3082.5 23 4.79583
3083.5 23 4.79583
3084.5 27 5.19615
3085.5 23 4.79583
3086.5 15 3.87298
3087.5 21 4.58258
3088.5 19 4.3589
3089.5 17 4.12311
3090.5 18 4.24264
3091.5 17 4.12311
3092.5 17 4.12311
3093.5 21 4.58258
3094.5 21 4.58258
3095.5 13 3.60555
3096.5 13 3.60555
3097.5 18 4.24264
3098.5 20 4.47214
3099.5 24 4.89898
3100.5 13 3.60555
3101.5 19 4.3589
3102.5 17 4.12311
3103.5 20 4.47214
3104.5 19 4.3589
3105.5 20 4.47214
3106.5 13 3.60555
3107.5 14 3.74166
3108.5 17 4.12311
3109.5 12 3.4641
3110.5 12 3.4641
3111.5 15 3.87298
3112.5 14 3.74166
3113.5 17 4.12311
3114.5 14 3.74166
3115.5 21 4.58258
3116.5 20 4.47214
3117.5 13 3.60555
3118.5 15 3.87298
3119.5 20 4.47214
3120.5 22 4.69042
3121.5 23 4.79583
3122.5 20 4.47214
3123.5 17 4.12311
3124.5 20 4.47214
3125.5 15 3.87298
3126.5 12 3.4641
3127.5 20 4.47214
3128.5 18 4.24264
3129.5 22 4.69042
3130.5 15 3.87298
3131.5 17 4.12311
3132.5 18 4.24264
3133.5 18 4.24264
3134.5 19 4.3589
3135.5 11 3.31662
3136.5 22 4.69042
3137.5 18 4.24264
3138.5 17 4.12311
3139.5 20 4.47214
3140.5 24 4.89898
3141.5 16 4
3142.5 25 5
3143.5 18 4.24264
3144.5 23 4.79583
3145.5 24 4.89898
3146.5 22 4.69042
3147.5 22 4.69042
3148.5 20 4.47214
3149.5 21 4.58258
3150.5 15 3.87298
3151.5 17 4.12311
3152.5 23 4.79583
3153.5 25 5
3154.5 23 4.79583
3155.5 23 4.79583
3156.5 17 4.12311
3157.5 19 4.3589
3158.5 32 5.65685
3159.5 30 5.47723
3160.5 26 5.09902
3161.5 41 6.40312
3162.5 43 6.55744
3163.5 47 6.85565
3164.5 65 8.06226
3165.5 80 8.94427
3166.5 85 9.21954
3167.5 106 10.2956
3168.5 158 12.5698
3169.5 195 13.9642
3170.5 234 15.2971
3171.5 403 20.0749
3172.5 471 21.7025
3173.5 576 24
3174.5 684 26.1534
3175.5 791 28.1247
3176.5 918 30.2985
3177.5 1043 32.2955
3178.5 1111 33.3317
3179.5 1104 33.2265
3180.5 1092 33.0454
3181.5 1023 31.9844
3182.5 895 29.9166
3183.5 812 28.4956
3184.5 711 26.6646
3185.5 614 24.779
3186.5 506 22.4944
3187.5 474 21.7715
3188.5 351 18.735
3189.5 264 16.2481
3190.5 244 15.6205
3191.5 209 14.4568
3192.5 168 12.9615
3193.5 114 10.6771
3194.5 73 8.544
3195.5 71 8.42615
3196.5 40 6.32456
3197.5 39 6.245
3198.5 29 5.38516
3199.5 28 5.2915
3200.5 27 5.19615
3201.5 17 4.12311
3202.5 14 3.74166
3203.5 15 3.87298
3204.5 18 4.24264
3205.5 13 3.60555
3206.5 20 4.47214
3207.5 15 3.87298
3208.5 13 3.60555
3209.5 16 4
3210.5 20 4.47214
3211.5 13 3.60555
3212.5 22 4.69042
3213.5 17 4.12311
3214.5 16 4
3215.5 19 4.3589
3216.5 18 4.24264
3217.5 8 2.82843
3218.5 17 4.12311
3219.5 20 4.47214
3220.5 15 3.87298
3221.5 12 3.4641
3222.5 16 4
3223.5 15 3.87298
3224.5 19 4.3589
3225.5 15 3.87298
3226.5 19 4.3589
3227.5 20 4.47214
3228.5 23 4.79583
3229.5 16 4
3230.5 16 4
3231.5 15 3.87298
3232.5 20 4.47214
3233.5 15 3.87298
3234.5 5 2.23607
3235.5 18 4.24264
3236.5 20 4.47214
3237.5 12 3.4641
3238.5 8 2.82843
3239.5 21 4.58258
3240.5 16 4
3241.5 14 3.74166
3242.5 15 3.87298
3243.5 13 3.60555
3244.5 14 3.74166
3245.5 8 2.82843
3246.5 16 4
3247.5 19 4.3589
3248.5 15 3.87298
3249.5 15 3.87298
3250.5 15 3.87298
3251.5 14 3.74166
3252.5 11 3.31662
3253.5 16 4
3254.5 18 4.24264
3255.5 17 4.12311
3256.5 11 3.31662
3257.5 11 3.31662
3258.5 6 2.44949
3259.5 6 2.44949
3260.5 16 4
3261.5 10 3.16228
3262.5 18 4.24264
3263.5 21 4.58258
3264.5 16 4
3265.5 10 3.16228
3266.5 12 3.4641
3267.5 12 3.4641
3268.5 17 4.12311
3269.5 11 3.31662
3270.5 16 4
3271.5 16 4
3272.5 13 3.60555
3273.5 16 4
3274.5 16 4
3275.5 15 3.87298
3276.5 14 3.74166
3277.5 21 4.58258
3278.5 11 3.31662
3279.5 22 4.69042
3280.5 15 3.87298
3281.5 16 4
3282.5 18 4.24264
3283.5 17 4.12311
3284.5 12 3.4641
3285.5 21 4.58258
3286.5 16 4
3287.5 11 3.31662
3288.5 14 3.74166
3289.5 16 4
3290.5 17 4.12311
3291.5 19 4.3589
3292.5 24 4.89898
3293.5 13 3.60555
3294.5 21 4.58258
3295.5 15 3.87298
3296.5 22 4.69042
3297.5 21 4.58258
3298.5 24 4.89898
3299.5 15 3.87298
3300.5 20 4.47214
3301.5 19 4.3589
3302.5 20 4.47214
3303.5 21 4.58258
3304.5 19 4.3589
3305.5 29 5.38516
3306.5 26 5.09902
3307.5 35 5.91608
3308.5 23 4.79583
3309.5 22 4.69042
3310.5 16 4
3311.5 28 5.2915
3312.5 25 5
3313.5 14 3.74166
3314.5 21 4.58258
3315.5 24 4.89898
3316.5 20 4.47214
3317.5 13 3.60555
3318.5 13 3.60555
3319.5 15 3.87298
3320.5 14 3.74166
3321.5 23 4.79583
3322.5 15 3.87298
3323.5 20 4.47214
3324.5 18 4.24264
3325.5 16 4
3326.5 16 4
3327.5 9 3
3328.5 14 3.74166
3329.5 11 3.31662
3330.5 14 3.74166
3331.5 12 3.4641
3332.5 16 4
3333.5 14 3.74166
3334.5 14 3.74166
3335.5 9 3
3336.5 16 4
3337.5 15 3.87298
3338.5 12 3.4641
3339.5 14 3.74166
3340.5 16 4
3341.5 22 4.69042
3342.5 10 3.16228
3343.5 10 3.16228
3344.5 14 3.74166
3345.5 16 4
3346.5 11 3.31662
3347.5 18 4.24264
3348.5 11 3.31662
3349.5 9 3
3350.5 14 3.74166
3351.5 13 3.60555
3352.5 6 2.44949
3353.5 10 3.16228
3354.5 14 3.74166
3355.5 9 3
3356.5 18 4.24264
3357.5 19 4.3589
3358.5 20 4.47214
3359.5 12 3.4641
3360.5 17 4.12311
3361.5 13 3.60555
3362.5 10 3.16228
3363.5 14 3.74166
3364.5 11 3.31662
3365.5 16 4
3366.5 13 3.60555
3367.5 20 4.47214
3368.5 10 3.16228
3369.5 9 3
3370.5 11 3.31662
3371.5 9 3
3372.5 14 3.74166
3373.5 9 3
3374.5 11 3.31662
3375.5 20 4.47214
3376.5 19 4.3589
3377.5 11 3.31662
3378.5 7 2.64575
3379.5 15 3.87298
3380.5 16 4
3381.5 11 3.31662
3382.5 17 4.12311
3383.5 11 3.31662
3384.5 10 3.16228
3385.5 18 4.24264
3386.5 9 3
3387.5 14 3.74166
3388.5 8 2.82843
3389.5 15 3.87298
3390.5 16 4
3391.5 15 3.87298
3392.5 16 4
3393.5 19 4.3589
3394.5 19 4.3589
3395.5 12 3.4641
3396.5 11 3.31662
3397.5 11 3.31662
3398.5 13 3.60555
3399.5 14 3.74166
3400.5 10 3.16228
3401.5 15 3.87298
3402.5 16 4
3403.5 15 3.87298
3404.5 12 3.4641
3405.5 14 3.74166
3406.5 14 3.74166
3407.5 10 3.16228
3408.5 13 3.60555
3409.5 8 2.82843
3410.5 11 3.31662
3411.5 16 4
3412.5 11 3.31662
3413.5 16 4
3414.5 11 3.31662
3415.5 14 3.74166
3416.5 16 4
3417.5 12 3.4641
3418.5 10 3.16228
3419.5 17 4.12311
3420.5 13 3.60555
3421.5 7 2.64575
3422.5 7 2.64575
3423.5 10 3.16228
3424.5 13 3.60555
3425.5 15 3.87298
3426.5 18 4.24264
3427.5 13 3.60555
3428.5 5 2.23607
3429.5 15 3.87298
3430.5 18 4.24264
3431.5 16 4
3432.5 20 4.47214
3433.5 10 3.16228
3434.5 9 3
3435.5 15 3.87298
3436.5 14 3.74166
3437.5 15 3.87298
3438.5 16 4
3439.5 21 4.58258
3440.5 7 2.64575
3441.5 17 4.12311
3442.5 9 3
3443.5 13 3.60555
3444.5 14 3.74166
3445.5 20 4.47214
3446.5 14 3.74166
3447.5 14 3.74166
3448.5 19 4.3589
3449.5 13 3.60555
3450.5 20 4.47214
3451.5 17 4.12311
3452.5 15 3.87298
3453.5 15 3.87298
3454.5 11 3.31662
3455.5 12 3.4641
3456.5 13 3.60555
3457.5 19 4.3589
3458.5 6 2.44949
3459.5 19 4.3589
3460.5 14 3.74166
3461.5 8 2.82843
3462.5 8 2.82843
3463.5 15 3.87298
3464.5 18 4.24264
3465.5 16 4
3466.5 10 3.16228
3467.5 14 3.74166
3468.5 14 3.74166
3469.5 16 4
3470.5 7 2.64575
3471.5 13 3.60555
3472.5 10 3.16228
3473.5 23 4.79583
3474.5 17 4.12311
3475.5 15 3.87298
3476.5 14 3.74166
3477.5 13 3.60555
3478.5 17 4.12311
3479.5 12 3.4641
3480.5 15 3.87298
3481.5 9 3
3482.5 16 4
3483.5 12 3.4641
3484.5 15 3.87298
3485.5 7 2.64575
3486.5 16 4
3487.5 12 3.4641
3488.5 17 4.12311
3489.5 11 3.31662
3490.5 9 3
3491.5 13 3.60555
3492.5 8 2.82843
3493.5 11 3.31662
3494.5 11 3.31662
3495.5 12 3.4641
3496.5 14 3.74166
3497.5 10 3.16228
3498.5 11 3.31662
3499.5 14 3.74166
3500.5 11 3.31662
3501.5 14 3.74166
3502.5 15 3.87298
3503.5 7 2.64575
3504.5 14 3.74166
3505.5 18 4.24264
3506.5 8 2.82843
3507.5 11 3.31662
3508.5 13 3.60555
3509.5 18 4.24264
3510.5 10 3.16228
3511.5 14 3.74166
3512.5 16 4
3513.5 9 3
3514.5 14 3.74166
3515.5 17 4.12311
3516.5 17 4.12311
3517.5 11 3.31662
3518.5 11 3.31662
3519.5 13 3.60555
3520.5 14 3.74166
3521.5 14 3.74166
3522.5 15 3.87298
3523.5 11 3.31662
3524.5 13 3.60555
3525.5 7 2.64575
3526.5 11 3.31662
3527.5 12 3.4641
3528.5 11 3.31662
3529.5 9 3
3530.5 5 2.23607
3531.5 14 3.74166
3532.5 9 3
3533.5 10 3.16228
3534.5 9 3
3535.5 13 3.60555
3536.5 10 3.16228
3537.5 11 3.31662
3538.5 13 3.60555
3539.5 15 3.87298
3540.5 8 2.82843
3541.5 12 3.4641
3542.5 16 4
3543.5 7 2.64575
3544.5 13 3.60555
3545.5 11 3.31662
3546.5 12 3.4641
3547.5 13 3.60555
3548.5 10 3.16228
3549.5 10 3.16228
3550.5 17 4.12311
3551.5 8 2.82843
3552.5 12 3.4641
3553.5 12 3.4641
3554.5 12 3.4641
3555.5 9 3
3556.5 13 3.60555
3557.5 13 3.60555
3558.5 8 2.82843
3559.5 7 2.64575
3560.5 14 3.74166
3561.5 15 3.87298
3562.5 14 3.74166
3563.5 16 4
3564.5 14 3.74166
3565.5 9 3
3566.5 11 3.31662
3567.5 10 3.16228
3568.5 10 3.16228
3569.5 13 3.60555
3570.5 16 4
3571.5 16 4
3572.5 12 3.4641
3573.5 8 2.82843
3574.5 14 3.74166
3575.5 14 3.74166
3576.5 16 4
3577.5 13 3.60555
3578.5 13 3.60555
3579.5 4 2
3580.5 20 4.47214
3581.5 13 3.60555
3582.5 11 3.31662
3583.5 12 3.4641
3584.5 18 4.24264
3585.5 16 4
3586.5 8 2.82843
3587.5 15 3.87298
3588.5 17 4.12311
3589.5 13 3.60555
3590.5 10 3.16228
3591.5 18 4.24264
3592.5 16 4
3593.5 9 3
3594.5 8 2.82843
3595.5 17 4.12311
3596.5 15 3.87298
3597.5 11 3.31662
3598.5 10 3.16228
3599.5 14 3.74166
3600.5 10 3.16228
3601.5 12 3.4641
3602.5 14 3.74166
3603.5 11 3.31662
3604.5 21 4.58258
3605.5 17 4.12311
3606.5 13 3.60555
3607.5 18 4.24264
3608.5 12 3.4641
3609.5 10 3.16228
3610.5 15 3.87298
3611.5 11 3.31662
3612.5 7 2.64575
3613.5 12 3.4641
3614.5 15 3.87298
3615.5 9 3
3616.5 12 3.4641
3617.5 17 4.12311
3618.5 17 4.12311
3619.5 17 4.12311
3620.5 14 3.74166
3621.5 14 3.74166
3622.5 13 3.60555
3623.5 11 3.31662
3624.5 16 4
3625.5 13 3.60555
3626.5 12 3.4641
3627.5 10 3.16228
3628.5 19 4.3589
3629.5 14 3.74166
3630.5 12 3.4641
3631.5 12 3.4641
3632.5 9 3
3633.5 14 3.74166
3634.5 11 3.31662
3635.5 19 4.3589
3636.5 15 3.87298
3637.5 10 3.16228
3638.5 11 3.31662
3639.5 24 4.89898
3640.5 15 3.87298
3641.5 15 3.87298
3642.5 10 3.16228
3643.5 9 3
3644.5 15 3.87298
3645.5 9 3
3646.5 10 3.16228
3647.5 7 2.64575
3648.5 13 3.60555
3649.5 14 3.74166
3650.5 14 3.74166
3651.5 7 2.64575
3652.5 12 3.4641
3653.5 7 2.64575
3654.5 11 3.31662
3655.5 9 3
3656.5 11 3.31662
3657.5 11 3.31662
3658.5 15 3.87298
3659.5 11 3.31662
3660.5 10 3.16228
3661.5 15 3.87298
3662.5 9 3
3663.5 8 2.82843
3664.5 17 4.12311
3665.5 8 2.82843
3666.5 11 3.31662
3667.5 8 2.82843
3668.5 20 4.47214
3669.5 9 3
3670.5 9 3
3671.5 12 3.4641
3672.5 15 3.87298
3673.5 5 2.23607
3674.5 14 3.74166
3675.5 16 4
3676.5 11 3.31662
3677.5 12 3.4641
3678.5 9 3
3679.5 15 3.87298
3680.5 12 3.4641
3681.5 7 2.64575
3682.5 9 3
3683.5 20 4.47214
3684.5 14 3.74166
3685.5 12 3.4641
3686.5 10 3.16228
3687.5 12 3.4641
3688.5 9 3
3689.5 4 2
3690.5 13 3.60555
3691.5 14 3.74166
3692.5 9 3
3693.5 10 3.16228
3694.5 10 3.16228
3695.5 10 3.16228
3696.5 14 3.74166
3697.5 17 4.12311
3698.5 21 4.58258
3699.5 10 3.16228
3700.5 19 4.3589
3701.5 13 3.60555
3702.5 13 3.60555
3703.5 15 3.87298
3704.5 11 3.31662
3705.5 13 3.60555
3706.5 14 3.74166
3707.5 13 3.60555
3708.5 14 3.74166
3709.5 10 3.16228
3710.5 13 3.60555
3711.5 5 2.23607
3712.5 14 3.74166
3713.5 18 4.24264
3714.5 13 3.60555
3715.5 10 3.16228
3716.5 11 3.31662
3717.5 13 3.60555
3718.5 7 2.64575
3719.5 10 3.16228
3720.5 10 3.16228
3721.5 7 2.64575
3722.5 13 3.60555
3723.5 6 2.44949
3724.5 10 3.16228
3725.5 11 3.31662
3726.5 18 4.24264
3727.5 9 3
3728.5 11 3.31662
3729.5 13 3.60555
3730.5 9 3
3731.5 12 3.4641
3732.5 13 3.60555
3733.5 9 3
3734.5 6 2.44949
3735.5 12 3.4641
3736.5 9 3
3737.5 11 3.31662
3738.5 12 3.4641
3739.5 5 2.23607
3740.5 9 3
3741.5 10 3.16228
3742.5 13 3.60555
3743.5 15 3.87298
3744.5 7 2.64575
3745.5 9 3
3746.5 10 3.16228
3747.5 17 4.12311
3748.5 11 3.31662
3749.5 12 3.4641
3750.5 13 3.60555
3751.5 8 2.82843
3752.5 13 3.60555
3753.5 9 3
3754.5 13 3.60555
3755.5 12 3.4641
3756.5 7 2.64575
3757.5 15 3.87298
3758.5 18 4.24264
3759.5 12 3.4641
3760.5 8 2.82843
3761.5 9 3
3762.5 12 3.4641
3763.5 5 2.23607
3764.5 10 3.16228
3765.5 8 2.82843
3766.5 13 3.60555
3767.5 10 3.16228
3768.5 7 2.64575
3769.5 10 3.16228
3770.5 16 4
3771.5 16 4
3772.5 12 3.4641
3773.5 17 4.12311
3774.5 11 3.31662
3775.5 9 3
3776.5 13 3.60555
3777.5 19 4.3589
3778.5 15 3.87298
3779.5 13 3.60555
3780.5 19 4.3589
3781.5 12 3.4641
3782.5 10 3.16228
3783.5 14 3.74166
3784.5 5 2.23607
3785.5 9 3
3786.5 9 3
3787.5 12 3.4641
3788.5 5 2.23607
3789.5 12 3.4641
3790.5 10 3.16228
3791.5 12 3.4641
3792.5 8 2.82843
3793.5 14 3.74166
3794.5 15 3.87298
3795.5 14 3.74166
3796.5 13 3.60555
3797.5 11 3.31662
3798.5 16 4
3799.5 8 2.82843
3800.5 9 3
3801.5 9 3
3802.5 18 4.24264
3803.5 17 4.12311
3804.5 11 3.31662
3805.5 9 3
3806.5 14 3.74166
3807.5 11 3.31662
3808.5 14 3.74166
3809.5 13 3.60555
3810.5 13 3.60555
3811.5 14 3.74166
3812.5 10 3.16228
3813.5 8 2.82843
3814.5 14 3.74166
3815.5 13 3.60555
3816.5 11 3.31662
3817.5 12 3.4641
3818.5 13 3.60555
3819.5 14 3.74166
3820.5 11 3.31662
3821.5 8 2.82843
3822.5 16 4
3823.5 12 3.4641
3824.5 17 4.12311
3825.5 19 4.3589
3826.5 10 3.16228
3827.5 13 3.60555
3828.5 12 3.4641
3829.5 12 3.4641
3830.5 9 3
3831.5 9 3
3832.5 11 3.31662
3833.5 8 2.82843
3834.5 13 3.60555
3835.5 7 2.64575
3836.5 8 2.82843
3837.5 5 2.23607
3838.5 9 3
3839.5 14 3.74166
3840.5 10 3.16228
3841.5 9 3
3842.5 16 4
3843.5 12 3.4641
3844.5 10 3.16228
3845.5 11 3.31662
3846.5 19 4.3589
3847.5 8 2.82843
3848.5 8 2.82843
3849.5 12 3.4641
3850.5 18 4.24264
3851.5 7 2.64575
3852.5 13 3.60555
3853.5 10 3.16228
3854.5 9 3
3855.5 10 3.16228
3856.5 14 3.74166
3857.5 11 3.31662
3858.5 13 3.60555
3859.5 7 2.64575
3860.5 10 3.16228
3861.5 11 3.31662
3862.5 12 3.4641
3863.5 12 3.4641
3864.5 10 3.16228
3865.5 11 3.31662
3866.5 9 3
3867.5 15 3.87298
3868.5 12 3.4641
3869.5 13 3.60555
3870.5 11 3.31662
3871.5 9 3
3872.5 9 3
3873.5 11 3.31662
3874.5 10 3.16228
3875.5 5 2.23607
3876.5 11 3.31662
3877.5 13 3.60555
3878.5 10 3.16228
3879.5 7 2.64575
3880.5 9 3
3881.5 13 3.60555
3882.5 6 2.44949
3883.5 11 3.31662
3884.5 17 4.12311
3885.5 9 3
3886.5 17 4.12311
3887.5 12 3.4641
3888.5 9 3
3889.5 13 3.60555
3890.5 5 2.23607
3891.5 19 4.3589
3892.5 14 3.74166
3893.5 6 2.44949
3894.5 10 3.16228
3895.5 10 3.16228
3896.5 18 4.24264
3897.5 10 3.16228
3898.5 6 2.44949
3899.5 16 4
3900.5 11 3.31662
3901.5 17 4.12311
3902.5 13 3.60555
3903.5 11 3.31662
3904.5 15 3.87298
3905.5 13 3.60555
3906.5 10 3.16228
3907.5 12 3.4641
3908.5 10 3.16228
3909.5 12 3.4641
3910.5 17 4.12311
3911.5 8 2.82843
3912.5 8 2.82843
3913.5 13 3.60555
3914.5 9 3
3915.5 10 3.16228
3916.5 8 2.82843
3917.5 12 3.4641
3918.5 10 3.16228
3919.5 10 3.16228
3920.5 12 3.4641
3921.5 10 3.16228
3922.5 13 3.60555
3923.5 16 4
3924.5 8 2.82843
3925.5 16 4
3926.5 10 3.16228
3927.5 12 3.4641
3928.5 10 3.16228
3929.5 9 3
3930.5 7 2.64575
3931.5 9 3
3932.5 17 4.12311
3933.5 10 3.16228
3934.5 10 3.16228
3935.5 12 3.4641
3936.5 6 2.44949
3937.5 12 3.4641
3938.5 12 3.4641
3939.5 7 2.64575
3940.5 8 2.82843
3941.5 9 3
3942.5 9 3
3943.5 12 3.4641
3944.5 13 3.60555
3945.5 8 2.82843
3946.5 16 4
3947.5 16 4
3948.5 11 3.31662
3949.5 8 2.82843
3950.5 7 2.64575
3951.5 5 2.23607
3952.5 14 3.74166
3953.5 8 2.82843
3954.5 10 3.16228
3955.5 9 3
3956.5 8 2.82843
3957.5 9 3
3958.5 9 3
3959.5 15 3.87298
3960.5 15 3.87298
3961.5 11 3.31662
3962.5 10 3.16228
3963.5 10 3.16228
3964.5 13 3.60555
3965.5 9 3
3966.5 10 3.16228
3967.5 12 3.4641
3968.5 10 3.16228
3969.5 9 3
3970.5 7 2.64575
3971.5 11 3.31662
3972.5 7 2.64575
3973.5 15 3.87298
3974.5 8 2.82843
3975.5 9 3
3976.5 10 3.16228
3977.5 12 3.4641
3978.5 5 2.23607
3979.5 9 3
3980.5 7 2.64575
3981.5 8 2.82843
3982.5 16 4
3983.5 11 3.31662
3984.5 10 3.16228
3985.5 8 2.82843
3986.5 10 3.16228
3987.5 11 3.31662
3988.5 9 3
3989.5 15 3.87298
3990.5 9 3
3991.5 15 3.87298
3992.5 11 3.31662
3993.5 10 3.16228
3994.5 20 4.47214
3995.5 8 2.82843
3996.5 15 3.87298
3997.5 14 3.74166
3998.5 10 3.16228
3999.5 12 3.4641
4000.5 11 3.31662
4001.5 12 3.4641
4002.5 8 2.82843
4003.5 19 4.3589
4004.5 16 4
4005.5 7 2.64575
4006.5 11 3.31662
4007.5 14 3.74166
4008.5 14 3.74166
4009.5 11 3.31662
4010.5 12 3.4641
4011.5 12 3.4641
4012.5 11 3.31662
4013.5 10 3.16228
4014.5 9 3
4015.5 7 2.64575
4016.5 10 3.16228
4017.5 12 3.4641
4018.5 11 3.31662
4019.5 12 3.4641
4020.5 12 3.4641
4021.5 5 2.23607
4022.5 9 3
4023.5 6 2.44949
4024.5 11 3.31662
4025.5 7 2.64575
4026.5 10 3.16228
4027.5 15 3.87298
4028.5 13 3.60555
4029.5 14 3.74166
4030.5 11 3.31662
4031.5 8 2.82843
4032.5 15 3.87298
4033.5 9 3
4034.5 10 3.16228
4035.5 14 3.74166
4036.5 10 3.16228
4037.5 9 3
4038.5 10 3.16228
4039.5 11 3.31662
4040.5 13 3.60555
4041.5 16 4
4042.5 12 3.4641
4043.5 15 3.87298
4044.5 9 3
4045.5 11 3.31662
4046.5 14 3.74166
4047.5 14 3.74166
4048.5 12 3.4641
4049.5 8 2.82843
4050.5 12 3.4641
4051.5 11 3.31662
4052.5 7 2.64575
4053.5 7 2.64575
4054.5 12 3.4641
4055.5 21 4.58258
4056.5 12 3.4641
4057.5 15 3.87298
4058.5 4 2
4059.5 10 3.16228
4060.5 16 4
4061.5 8 2.82843
4062.5 12 3.4641
4063.5 11 3.31662
4064.5 7 2.64575
4065.5 10 3.16228
4066.5 11 3.31662
4067.5 10 3.16228
4068.5 13 3.60555
4069.5 8 2.82843
4070.5 13 3.60555
4071.5 7 2.64575
4072.5 17 4.12311
4073.5 9 3
4074.5 11 3.31662
4075.5 9 3
4076.5 15 3.87298
4077.5 10 3.16228
4078.5 13 3.60555
4079.5 9 3
4080.5 8 2.82843
4081.5 10 3.16228
4082.5 7 2.64575
4083.5 9 3
4084.5 4 2
4085.5 8 2.82843
4086.5 9 3
4087.5 13 3.60555
4088.5 14 3.74166
4089.5 17 4.12311
4090.5 12 3.4641
4091.5 13 3.60555
4092.5 15 3.87298
4093.5 6 2.44949
4094.5 9 3
4095.5 13 3.60555
4096.5 8 2.82843
4097.5 9 3
4098.5 7 2.64575
4099.5 13 3.60555
4100.5 11 3.31662
4101.5 9 3
4102.5 5 2.23607
4103.5 5 2.23607
4104.5 7 2.64575
4105.5 2 1.41421
4106.5 11 3.31662
4107.5 7 2.64575
4108.5 9 3
4109.5 10 3.16228
4110.5 10 3.16228
4111.5 10 3.16228
4112.5 13 3.60555
4113.5 13 3.60555
4114.5 10 3.16228
4115.5 14 3.74166
4116.5 4 2
4117.5 10 3.16228
4118.5 18 4.24264
4119.5 9 3
4120.5 11 3.31662
4121.5 19 4.3589
4122.5 13 3.60555
4123.5 7 2.64575
4124.5 10 3.16228
4125.5 9 3
4126.5 11 3.31662
4127.5 6 2.44949
4128.5 6 2.44949
4129.5 10 3.16228
4130.5 9 3
4131.5 13 3.60555
4132.5 4 2
4133.5 9 3
4134.5 8 2.82843
4135.5 10 3.16228
4136.5 11 3.31662
4137.5 8 2.82843
4138.5 10 3.16228
4139.5 8 2.82843
4140.5 11 3.31662
4141.5 7 2.64575
4142.5 12 3.4641
4143.5 7 2.64575
4144.5 13 3.60555
4145.5 9 3
4146.5 8 2.82843
4147.5 10 3.16228
4148.5 7 2.64575
4149.5 7 2.64575
4150.5 14 3.74166
4151.5 17 4.12311
4152.5 9 3
4153.5 9 3
4154.5 10 3.16228
4155.5 11 3.31662
4156.5 6 2.44949
4157.5 8 2.82843
4158.5 17 4.12311
4159.5 11 3.31662
4160.5 13 3.60555
4161.5 14 3.74166
4162.5 9 3
4163.5 14 3.74166
4164.5 19 4.3589
4165.5 12 3.4641
4166.5 11 3.31662
4167.5 12 3.4641
4168.5 12 3.4641
4169.5 12 3.4641
4170.5 9 3
4171.5 9 3
4172.5 17 4.12311
4173.5 10 3.16228
4174.5 9 3
4175.5 12 3.4641
4176.5 13 3.60555
4177.5 9 3
4178.5 11 3.31662
4179.5 8 2.82843
4180.5 12 3.4641
4181.5 8 2.82843
4182.5 11 3.31662
4183.5 8 2.82843
4184.5 14 3.74166
4185.5 3 1.73205
4186.5 18 4.24264
4187.5 9 3
4188.5 10 3.16228
4189.5 11 3.31662
4190.5 7 2.64575
4191.5 11 3.31662
4192.5 10 3.16228
4193.5 4 2
4194.5 10 3.16228
4195.5 15 3.87298
4196.5 12 3.4641
4197.5 13 3.60555
4198.5 15 3.87298
4199.5 12 3.4641
4200.5 6 2.44949
4201.5 10 3.16228
4202.5 6 2.44949
4203.5 20 4.47214
4204.5 8 2.82843
4205.5 13 3.60555
4206.5 10 3.16228
4207.5 10 3.16228
4208.5 5 2.23607
4209.5 16 4
4210.5 11 3.31662
4211.5 15 3.87298
4212.5 12 3.4641
4213.5 12 3.4641
4214.5 11 3.31662
4215.5 10 3.16228
4216.5 11 3.31662
4217.5 12 3.4641
4218.5 12 3.4641
4219.5 17 4.12311
4220.5 15 3.87298
4221.5 8 2.82843
4222.5 9 3
4223.5 5 2.23607
4224.5 9 3
4225.5 9 3
4226.5 13 3.60555
4227.5 8 2.82843
4228.5 8 2.82843
4229.5 8 2.82843
4230.5 8 2.82843
4231.5 13 3.60555
4232.5 9 3
4233.5 9 3
4234.5 8 2.82843
4235.5 11 3.31662
4236.5 10 3.16228
4237.5 14 3.74166
4238.5 12 3.4641
4239.5 9 3
4240.5 5 2.23607
4241.5 11 3.31662
4242.5 7 2.64575
4243.5 11 3.31662
4244.5 11 3.31662
4245.5 10 3.16228
4246.5 8 2.82843
4247.5 10 3.16228
4248.5 16 4
4249.5 4 2
4250.5 7 2.64575
4251.5 11 3.31662
4252.5 12 3.4641
4253.5 16 4
4254.5 7 2.64575
4255.5 12 3.4641
4256.5 11 3.31662
4257.5 8 2.82843
4258.5 9 3
4259.5 11 3.31662
4260.5 15 3.87298
4261.5 16 4
4262.5 11 3.31662
4263.5 8 2.82843
4264.5 16 4
4265.5 10 3.16228
4266.5 10 3.16228
4267.5 15 3.87298
4268.5 12 3.4641
4269.5 17 4.12311
4270.5 6 2.44949
4271.5 4 2
4272.5 7 2.64575
4273.5 10 3.16228
4274.5 5 2.23607
4275.5 11 3.31662
4276.5 6 2.44949
4277.5 11 3.31662
4278.5 10 3.16228
4279.5 10 3.16228
4280.5 9 3
4281.5 3 1.73205
4282.5 13 3.60555
4283.5 6 2.44949
4284.5 15 3.87298
4285.5 8 2.82843
4286.5 13 3.60555
4287.5 8 2.82843
4288.5 12 3.4641
4289.5 14 3.74166
4290.5 12 3.4641
4291.5 8 2.82843
4292.5 9 3
4293.5 6 2.44949
4294.5 9 3
4295.5 12 3.4641
4296.5 6 2.44949
4297.5 10 3.16228
4298.5 13 3.60555
4299.5 12 3.4641
4300.5 11 3.31662
4301.5 8 2.82843
4302.5 11 3.31662
4303.5 11 3.31662
4304.5 8 2.82843
4305.5 17 4.12311
4306.5 18 4.24264
4307.5 11 3.31662
4308.5 9 3
4309.5 12 3.4641
4310.5 5 2.23607
4311.5 8 2.82843
4312.5 14 3.74166
4313.5 11 3.31662
4314.5 16 4
4315.5 15 3.87298
4316.5 10 3.16228
4317.5 6 2.44949
4318.5 10 3.16228
4319.5 8 2.82843
4320.5 8 2.82843
4321.5 13 3.60555
4322.5 8 2.82843
4323.5 15 3.87298
4324.5 10 3.16228
4325.5 11 3.31662
4326.5 10 3.16228
4327.5 9 3
4328.5 13 3.60555
4329.5 8 2.82843
4330.5 12 3.4641
4331.5 10 3.16228
4332.5 10 3.16228
4333.5 9 3
4334.5 8 2.82843
4335.5 16 4
4336.5 5 2.23607
4337.5 12 3.4641
4338.5 10 3.16228
4339.5 12 3.4641
4340.5 8 2.82843
4341.5 11 3.31662
4342.5 3 1.73205
4343.5 7 2.64575
4344.5 7 2.64575
4345.5 10 3.16228
4346.5 12 3.4641
4347.5 11 3.31662
4348.5 7 2.64575
4349.5 10 3.16228
4350.5 12 3.4641
4351.5 10 3.16228
4352.5 13 3.60555
4353.5 11 3.31662
4354.5 9 3
4355.5 11 3.31662
4356.5 9 3
4357.5 9 3
4358.5 10 3.16228
4359.5 8 2.82843
4360.5 15 3.87298
4361.5 11 3.31662
4362.5 18 4.24264
4363.5 6 2.44949
4364.5 7 2.64575
4365.5 7 2.64575
4366.5 13 3.60555
4367.5 7 2.64575
4368.5 10 3.16228
4369.5 8 2.82843
4370.5 9 3
4371.5 14 3.74166
4372.5 19 4.3589
4373.5 7 2.64575
4374.5 4 2
4375.5 9 3
4376.5 5 2.23607
4377.5 8 2.82843
4378.5 12 3.4641
4379.5 14 3.74166
4380.5 15 3.87298
4381.5 14 3.74166
4382.5 10 3.16228
4383.5 10 3.16228
4384.5 15 3.87298
4385.5 9 3
4386.5 18 4.24264
4387.5 6 2.44949
4388.5 8 2.82843
4389.5 14 3.74166
4390.5 12 3.4641
4391.5 10 3.16228
4392.5 9 3
4393.5 9 3
4394.5 13 3.60555
4395.5 9 3
4396.5 5 2.23607
4397.5 8 2.82843
4398.5 11 3.31662
4399.5 8 2.82843
4400.5 11 3.31662
4401.5 9 3
4402.5 8 2.82843
4403.5 14 3.74166
4404.5 7 2.64575
4405.5 8 2.82843
4406.5 5 2.23607
4407.5 10 3.16228
4408.5 7 2.64575
4409.5 7 2.64575
4410.5 8 2.82843
4411.5 12 3.4641
4412.5 12 3.4641
4413.5 7 2.64575
4414.5 6 2.44949
4415.5 10 3.16228
4416.5 8 2.82843
4417.5 13 3.60555
4418.5 5 2.23607
4419.5 17 4.12311
4420.5 12 3.4641
4421.5 3 1.73205
4422.5 10 3.16228
4423.5 7 2.64575
4424.5 7 2.64575
4425.5 12 3.4641
4426.5 7 2.64575
4427.5 7 2.64575
4428.5 9 3
4429.5 9 3
4430.5 15 3.87298
4431.5 12 3.4641
4432.5 11 3.31662
4433.5 13 3.60555
4434.5 12 3.4641
4435.5 8 2.82843
4436.5 9 3
4437.5 9 3
4438.5 6 2.44949
4439.5 10 3.16228
4440.5 7 2.64575
4441.5 10 3.16228
4442.5 11 3.31662
4443.5 5 2.23607
4444.5 10 3.16228
4445.5 8 2.82843
4446.5 9 3
4447.5 7 2.64575
4448.5 10 3.16228
4449.5 6 2.44949
4450.5 8 2.82843
4451.5 10 3.16228
4452.5 9 3
4453.5 10 3.16228
4454.5 9 3
4455.5 14 3.74166
4456.5 15 3.87298
4457.5 8 2.82843
4458.5 11 3.31662
4459.5 8 2.82843
4460.5 11 3.31662
4461.5 10 3.16228
4462.5 8 2.82843
4463.5 6 2.44949
4464.5 11 3.31662
4465.5 10 3.16228
4466.5 5 2.23607
4467.5 4 2
4468.5 8 2.82843
4469.5 9 3
4470.5 11 3.31662
4471.5 6 2.44949
4472.5 11 3.31662
4473.5 9 3
4474.5 8 2.82843
4475.5 9 3
4476.5 10 3.16228
4477.5 4 2
4478.5 14 3.74166
4479.5 9 3
4480.5 10 3.16228
4481.5 5 2.23607
4482.5 8 2.82843
4483.5 5 2.23607
4484.5 11 3.31662
4485.5 13 3.60555
4486.5 9 3
4487.5 8 2.82843
4488.5 9 3
4489.5 7 2.64575
4490.5 15 3.87298
4491.5 11 3.31662
4492.5 9 3
4493.5 11 3.31662
4494.5 12 3.4641
4495.5 8 2.82843
4496.5 4 2
4497.5 12 3.4641
4498.5 9 3
4499.5 12 3.4641
4500.5 11 3.31662
4501.5 8 2.82843
4502.5 6 2.44949
4503.5 11 3.31662
4504.5 11 3.31662
4505.5 7 2.64575
4506.5 9 3
4507.5 8 2.82843
4508.5 10 3.16228
4509.5 10 3.16228
4510.5 15 3.87298
4511.5 8 2.82843
4512.5 10 3.16228
4513.5 8 2.82843
4514.5 4 2
4515.5 9 3
4516.5 7 2.64575
4517.5 7 2.64575
4518.5 13 3.60555
4519.5 8 2.82843
4520.5 12 3.4641
4521.5 8 2.82843
4522.5 9 3
4523.5 11 3.31662
4524.5 9 3
4525.5 14 3.74166
4526.5 4 2
4527.5 10 3.16228
4528.5 17 4.12311
4529.5 11 3.31662
4530.5 11 3.31662
4531.5 6 2.44949
4532.5 11 3.31662
4533.5 11 3.31662
4534.5 7 2.64575
4535.5 15 3.87298
4536.5 9 3
4537.5 6 2.44949
4538.5 12 3.4641
4539.5 12 3.4641
4540.5 7 2.64575
4541.5 8 2.82843
4542.5 11 3.31662
4543.5 12 3.4641
4544.5 10 3.16228
4545.5 13 3.60555
4546.5 14 3.74166
4547.5 3 1.73205
4548.5 6 2.44949
4549.5 5 2.23607
4550.5 15 3.87298
4551.5 6 2.44949
4552.5 9 3
4553.5 16 4
4554.5 9 3
4555.5 7 2.64575
4556.5 12 3.4641
4557.5 13 3.60555
4558.5 10 3.16228
4559.5 9 3
4560.5 13 3.60555
4561.5 6 2.44949
4562.5 7 2.64575
4563.5 11 3.31662
4564.5 10 3.16228
4565.5 8 2.82843
4566.5 10 3.16228
4567.5 9 3
4568.5 8 2.82843
4569.5 7 2.64575
4570.5 9 3
4571.5 11 3.31662
4572.5 6 2.44949
4573.5 8 2.82843
4574.5 19 4.3589
4575.5 7 2.64575
4576.5 7 2.64575
4577.5 14 3.74166
4578.5 3 1.73205
4579.5 12 3.4641
4580.5 8 2.82843
4581.5 6 2.44949
4582.5 13 3.60555
4583.5 11 3.31662
4584.5 5 2.23607
4585.5 12 3.4641
4586.5 14 3.74166
4587.5 10 3.16228
4588.5 7 2.64575
4589.5 6 2.44949
4590.5 7 2.64575
4591.5 15 3.87298
4592.5 8 2.82843
4593.5 7 2.64575
4594.5 8 2.82843
4595.5 10 3.16228
4596.5 10 3.16228
4597.5 8 2.82843
4598.5 6 2.44949
4599.5 15 3.87298
4600.5 10 3.16228
4601.5 10 3.16228
4602.5 15 3.87298
4603.5 6 2.44949
4604.5 4 2
4605.5 11 3.31662
4606.5 10 3.16228
4607.5 4 2
4608.5 11 3.31662
4609.5 11 3.31662
4610.5 9 3
4611.5 5 2.23607
4612.5 10 3.16228
4613.5 8 2.82843
4614.5 12 3.4641
4615.5 5 2.23607
4616.5 13 3.60555
4617.5 12 3.4641
4618.5 14 3.74166
4619.5 5 2.23607
4620.5 10 3.16228
4621.5 6 2.44949
4622.5 9 3
4623.5 10 3.16228
4624.5 8 2.82843
4625.5 5 2.23607
4626.5 15 3.87298
4627.5 4 2
4628.5 9 3
4629.5 15 3.87298
4630.5 7 2.64575
4631.5 5 2.23607
4632.5 6 2.44949
4633.5 11 3.31662
4634.5 4 2
4635.5 9 3
4636.5 9 3
4637.5 8 2.82843
4638.5 4 2
4639.5 7 2.64575
4640.5 7 2.64575
4641.5 11 3.31662
4642.5 9 3
4643.5 12 3.4641
4644.5 4 2
4645.5 10 3.16228
4646.5 10 3.16228
4647.5 10 3.16228
4648.5 13 3.60555
4649.5 9 3
4650.5 12 3.4641
4651.5 9 3
4652.5 6 2.44949
4653.5 6 2.44949
4654.5 8 2.82843
4655.5 10 3.16228
4656.5 8 2.82843
4657.5 14 3.74166
4658.5 7 2.64575
4659.5 7 2.64575
4660.5 14 3.74166
4661.5 12 3.4641
4662.5 11 3.31662
4663.5 10 3.16228
4664.5 14 3.74166
4665.5 11 3.31662
4666.5 10 3.16228
4667.5 12 3.4641
4668.5 6 2.44949
4669.5 14 3.74166
4670.5 18 4.24264
4671.5 14 3.74166
4672.5 16 4
4673.5 14 3.74166
4674.5 8 2.82843
4675.5 13 3.60555
4676.5 11 3.31662
4677.5 9 3
4678.5 11 3.31662
4679.5 7 2.64575
4680.5 5 2.23607
4681.5 10 3.16228
4682.5 7 2.64575
4683.5 11 3.31662
4684.5 9 3
4685.5 3 1.73205
4686.5 6 2.44949
4687.5 9 3
4688.5 16 4
4689.5 6 2.44949
4690.5 9 3
4691.5 7 2.64575
4692.5 11 3.31662
4693.5 8 2.82843
4694.5 6 2.44949
4695.5 11 3.31662
4696.5 7 2.64575
4697.5 15 3.87298
4698.5 7 2.64575
4699.5 15 3.87298
4700.5 5 2.23607
4701.5 11 3.31662
4702.5 6 2.44949
4703.5 10 3.16228
4704.5 6 2.44949
4705.5 14 3.74166
4706.5 16 4
4707.5 8 2.82843
4708.5 13 3.60555
4709.5 9 3
4710.5 13 3.60555
4711.5 10 3.16228
4712.5 8 2.82843
4713.5 9 3
4714.5 7 2.64575
4715.5 8 2.82843
4716.5 5 2.23607
4717.5 4 2
4718.5 9 3
4719.5 7 2.64575
4720.5 9 3
4721.5 6 2.44949
4722.5 5 2.23607
4723.5 10 3.16228
4724.5 12 3.4641
4725.5 9 3
4726.5 13 3.60555
4727.5 3 1.73205
4728.5 9 3
4729.5 14 3.74166
4730.5 7 2.64575
4731.5 6 2.44949
4732.5 5 2.23607
4733.5 17 4.12311
4734.5 14 3.74166
4735.5 6 2.44949
4736.5 12 3.4641
4737.5 11 3.31662
4738.5 6 2.44949
4739.5 14 3.74166
4740.5 7 2.64575
4741.5 10 3.16228
4742.5 5 2.23607
4743.5 11 3.31662
4744.5 8 2.82843
4745.5 10 3.16228
4746.5 6 2.44949
4747.5 10 3.16228
4748.5 10 3.16228
4749.5 9 3
4750.5 8 2.82843
4751.5 11 3.31662
4752.5 13 3.60555
4753.5 11 3.31662
4754.5 11 3.31662
4755.5 5 2.23607
4756.5 14 3.74166
4757.5 6 2.44949
4758.5 5 2.23607
4759.5 6 2.44949
4760.5 10 3.16228
4761.5 5 2.23607
4762.5 11 3.31662
4763.5 5 2.23607
4764.5 8 2.82843
4765.5 8 2.82843
4766.5 9 3
4767.5 9 3
4768.5 15 3.87298
4769.5 11 3.31662
4770.5 3 1.73205
4771.5 6 2.44949
4772.5 11 3.31662
4773.5 13 3.60555
4774.5 8 2.82843
4775.5 3 1.73205
4776.5 12 3.4641
4777.5 13 3.60555
4778.5 9 3
4779.5 6 2.44949
4780.5 9 3
4781.5 6 2.44949
4782.5 10 3.16228
4783.5 14 3.74166
4784.5 13 3.60555
4785.5 8 2.82843
4786.5 12 3.4641
4787.5 2 1.41421
4788.5 6 2.44949
4789.5 2 1.41421
4790.5 5 2.23607
4791.5 9 3
4792.5 8 2.82843
4793.5 13 3.60555
4794.5 9 3
4795.5 5 2.23607
4796.5 11 3.31662
4797.5 4 2
4798.5 8 2.82843
4799.5 11 3.31662
4800.5 14 3.74166
4801.5 8 2.82843
4802.5 7 2.64575
4803.5 13 3.60555
4804.5 7 2.64575
4805.5 6 2.44949
4806.5 8 2.82843
4807.5 15 3.87298
4808.5 11 3.31662
4809.5 7 2.64575
4810.5 14 3.74166
4811.5 6 2.44949
4812.5 5 2.23607
4813.5 12 3.4641
4814.5 5 2.23607
4815.5 6 2.44949
4816.5 7 2.64575
4817.5 8 2.82843
4818.5 10 3.16228
4819.5 3 1.73205
4820.5 7 2.64575
4821.5 8 2.82843
4822.5 7 2.64575
4823.5 11 3.31662
4824.5 12 3.4641
4825.5 8 2.82843
4826.5 12 3.4641
4827.5 7 2.64575
4828.5 5 2.23607
4829.5 7 2.64575
4830.5 7 2.64575
4831.5 8 2.82843
4832.5 7 2.64575
4833.5 7 2.64575
4834.5 5 2.23607
4835.5 7 2.64575
4836.5 15 3.87298
4837.5 5 2.23607
4838.5 4 2
4839.5 6 2.44949
4840.5 10 3.16228
4841.5 11 3.31662
4842.5 8 2.82843
4843.5 8 2.82843
4844.5 11 3.31662
4845.5 4 2
4846.5 2 1.41421
4847.5 13 3.60555
4848.5 5 2.23607
4849.5 7 2.64575
4850.5 9 3
4851.5 9 3
4852.5 10 3.16228
4853.5 8 2.82843
4854.5 10 3.16228
4855.5 5 2.23607
4856.5 11 3.31662
4857.5 6 2.44949
4858.5 9 3
4859.5 9 3
4860.5 9 3
4861.5 9 3
4862.5 13 3.60555
4863.5 7 2.64575
4864.5 5 2.23607
4865.5 12 3.4641
4866.5 5 2.23607
4867.5 11 3.31662
4868.5 6 2.44949
4869.5 9 3
4870.5 7 2.64575
4871.5 7 2.64575
4872.5 6 2.44949
4873.5 11 3.31662
4874.5 10 3.16228
4875.5 8 2.82843
4876.5 9 3
4877.5 8 2.82843
4878.5 12 3.4641
4879.5 4 2
4880.5 12 3.4641
4881.5 12 3.4641
4882.5 12 3.4641
4883.5 8 2.82843
4884.5 5 2.23607
4885.5 10 3.16228
4886.5 13 3.60555
4887.5 8 2.82843
4888.5 9 3
4889.5 8 2.82843
4890.5 10 3.16228
4891.5 6 2.44949
4892.5 5 2.23607
4893.5 6 2.44949
4894.5 9 3
4895.5 6 2.44949
4896.5 5 2.23607
4897.5 1 1
4898.5 7 2.64575
4899.5 12 3.4641
4900.5 8 2.82843
4901.5 9 3
4902.5 10 3.16228
4903.5 7 2.64575
4904.5 2 1.41421
4905.5 13 3.60555
4906.5 11 3.31662
4907.5 13 3.60555
4908.5 8 2.82843
4909.5 10 3.16228
4910.5 7 2.64575
4911.5 5 2.23607
4912.5 11 3.31662
4913.5 10 3.16228
4914.5 4 2
4915.5 12 3.4641
4916.5 10 3.16228
4917.5 6 2.44949
4918.5 5 2.23607
4919.5 10 3.16228
4920.5 6 2.44949
4921.5 13 3.60555
4922.5 6 2.44949
4923.5 4 2
4924.5 5 2.23607
4925.5 14 3.74166
4926.5 14 3.74166
4927.5 8 2.82843
4928.5 11 3.31662
4929.5 9 3
4930.5 7 2.64575
4931.5 15 3.87298
4932.5 6 2.44949
4933.5 7 2.64575
4934.5 11 3.31662
4935.5 9 3
4936.5 7 2.64575
4937.5 8 2.82843
4938.5 13 3.60555
4939.5 13 3.60555
4940.5 17 4.12311
4941.5 11 3.31662
4942.5 8 2.82843
4943.5 13 3.60555
4944.5 14 3.74166
4945.5 15 3.87298
4946.5 10 3.16228
4947.5 11 3.31662
4948.5 11 3.31662
4949.5 10 3.16228
4950.5 18 4.24264
4951.5 10 3.16228
4952.5 8 2.82843
4953.5 7 2.64575
4954.5 10 3.16228
4955.5 6 2.44949
4956.5 11 3.31662
4957.5 5 2.23607
4958.5 13 3.60555
4959.5 7 2.64575
4960.5 7 2.64575
4961.5 5 2.23607
4962.5 10 3.16228
4963.5 7 2.64575
4964.5 6 2.44949
4965.5 10 3.16228
4966.5 9 3
4967.5 7 2.64575
4968.5 8 2.82843
4969.5 15 3.87298
4970.5 7 2.64575
4971.5 7 2.64575
4972.5 6 2.44949
4973.5 10 3.16228
4974.5 7 2.64575
4975.5 7 2.64575
4976.5 7 2.64575
4977.5 6 2.44949
4978.5 6 2.44949
4979.5 6 2.44949
4980.5 6 2.44949
4981.5 10 3.16228
4982.5 6 2.44949
4983.5 10 3.16228
4984.5 9 3
4985.5 11 3.31662
4986.5 11 3.31662
4987.5 15 3.87298
4988.5 9 3
4989.5 9 3
4990.5 11 3.31662
4991.5 10 3.16228
4992.5 8 2.82843
4993.5 13 3.60555
4994.5 6 2.44949
4995.5 7 2.64575
4996.5 14 3.74166
4997.5 13 3.60555
4998.5 9 3
4999.5 5 2.23607
5000.5 7 2.64575
5001.5 7 2.64575
5002.5 8 2.82843
5003.5 9 3
5004.5 11 3.31662
5005.5 9 3
5006.5 10 3.16228
5007.5 8 2.82843
5008.5 10 3.16228
5009.5 10 3.16228
5010.5 13 3.60555
5011.5 4 2
5012.5 4 2
5013.5 4 2
5014.5 8 2.82843
5015.5 12 3.4641
5016.5 8 2.82843
5017.5 7 2.64575
5018.5 10 3.16228
5019.5 11 3.31662
5020.5 10 3.16228
5021.5 7 2.64575
5022.5 6 2.44949
5023.5 7 2.64575
5024.5 9 3
5025.5 3 1.73205
5026.5 7 2.64575
5027.5 9 3
5028.5 12 3.4641
5029.5 2 1.41421
5030.5 8 2.82843
5031.5 8 2.82843
5032.5 6 2.44949
5033.5 6 2.44949
5034.5 6 2.44949
5035.5 9 3
5036.5 8 2.82843
5037.5 6 2.44949
5038.5 4 2
5039.5 7 2.64575
5040.5 6 2.44949
5041.5 13 3.60555
5042.5 12 3.4641
5043.5 6 2.44949
5044.5 11 3.31662
5045.5 12 3.4641
5046.5 14 3.74166
5047.5 8 2.82843
5048.5 8 2.82843
5049.5 7 2.64575
5050.5 8 2.82843
5051.5 7 2.64575
5052.5 11 3.31662
5053.5 7 2.64575
5054.5 9 3
5055.5 4 2
5056.5 11 3.31662
5057.5 8 2.82843
5058.5 9 3
5059.5 12 3.4641
5060.5 11 3.31662
5061.5 8 2.82843
5062.5 7 2.64575
5063.5 11 3.31662
5064.5 6 2.44949
5065.5 11 3.31662
5066.5 9 3
5067.5 9 3
5068.5 5 2.23607
5069.5 7 2.64575
5070.5 6 2.44949
5071.5 6 2.44949
5072.5 4 2
5073.5 8 2.82843
5074.5 7 2.64575
5075.5 10 3.16228
5076.5 4 2
5077.5 3 1.73205
5078.5 2 1.41421
5079.5 4 2
5080.5 7 2.64575
5081.5 9 3
5082.5 6 2.44949
5083.5 9 3
5084.5 7 2.64575
5085.5 7 2.64575
5086.5 11 3.31662
5087.5 5 2.23607
5088.5 13 3.60555
5089.5 4 2
5090.5 10 3.16228
5091.5 8 2.82843
5092.5 6 2.44949
5093.5 5 2.23607
5094.5 10 3.16228
5095.5 8 2.82843
5096.5 6 2.44949
5097.5 12 3.4641
5098.5 9 3
5099.5 6 2.44949
5100.5 4 2
5101.5 14 3.74166
5102.5 6 2.44949
5103.5 8 2.82843
5104.5 2 1.41421
5105.5 10 3.16228
5106.5 10 3.16228
5107.5 8 2.82843
5108.5 8 2.82843
5109.5 9 3
5110.5 2 1.41421
5111.5 4 2
5112.5 11 3.31662
5113.5 8 2.82843
5114.5 9 3
5115.5 5 2.23607
5116.5 7 2.64575
5117.5 10 3.16228
5118.5 13 3.60555
5119.5 10 3.16228
5120.5 4 2
5121.5 9 3
5122.5 9 3
5123.5 7 2.64575
5124.5 7 2.64575
5125.5 3 1.73205
5126.5 4 2
5127.5 11 3.31662
5128.5 13 3.60555
5129.5 3 1.73205
5130.5 11 3.31662
5131.5 3 1.73205
5132.5 7 2.64575
5133.5 6 2.44949
5134.5 11 3.31662
5135.5 9 3
5136.5 6 2.44949
5137.5 13 3.60555
5138.5 7 2.64575
5139.5 8 2.82843
5140.5 13 3.60555
5141.5 5 2.23607
5142.5 4 2
5143.5 8 2.82843
5144.5 7 2.64575
5145.5 7 2.64575
5146.5 11 3.31662
5147.5 6 2.44949
5148.5 8 2.82843
5149.5 12 3.4641
5150.5 4 2
5151.5 7 2.64575
5152.5 11 3.31662
5153.5 5 2.23607
5154.5 7 2.64575
5155.5 8 2.82843
5156.5 5 2.23607
5157.5 6 2.44949
5158.5 9 3
5159.5 11 3.31662
5160.5 8 2.82843
5161.5 4 2
5162.5 8 2.82843
5163.5 4 2
5164.5 11 3.31662
5165.5 9 3
5166.5 8 2.82843
5167.5 13 3.60555
5168.5 12 3.4641
5169.5 3 1.73205
5170.5 11 3.31662
5171.5 9 3
5172.5 6 2.44949
5173.5 9 3
5174.5 2 1.41421
5175.5 6 2.44949
5176.5 8 2.82843
5177.5 16 4
5178.5 9 3
5179.5 11 3.31662
5180.5 7 2.64575
5181.5 10 3.16228
5182.5 11 3.31662
5183.5 9 3
5184.5 6 2.44949
5185.5 8 2.82843
5186.5 8 2.82843
5187.5 10 3.16228
5188.5 6 2.44949
5189.5 7 2.64575
5190.5 10 3.16228
5191.5 9 3
5192.5 8 2.82843
5193.5 7 2.64575
5194.5 5 2.23607
5195.5 6 2.44949
5196.5 7 2.64575
5197.5 8 2.82843
5198.5 8 2.82843
5199.5 10 3.16228
5200.5 9 3
5201.5 4 2
5202.5 8 2.82843
5203.5 10 3.16228
5204.5 4 2
5205.5 11 3.31662
5206.5 6 2.44949
5207.5 8 2.82843
5208.5 7 2.64575
5209.5 7 2.64575
5210.5 10 3.16228
5211.5 12 3.4641
5212.5 9 3
5213.5 7 2.64575
5214.5 9 3
5215.5 4 2
5216.5 5 2.23607
5217.5 9 3
5218.5 4 2
5219.5 11 3.31662
5220.5 8 2.82843
5221.5 7 2.64575
5222.5 6 2.44949
5223.5 11 3.31662
5224.5 9 3
5225.5 4 2
5226.5 5 2.23607
5227.5 8 2.82843
5228.5 10 3.16228
5229.5 6 2.44949
5230.5 8 2.82843
5231.5 7 2.64575
5232.5 6 2.44949
5233.5 14 3.74166
5234.5 9 3
5235.5 12 3.4641
5236.5 11 3.31662
5237.5 11 3.31662
5238.5 13 3.60555
5239.5 8 2.82843
5240.5 6 2.44949
5241.5 13 3.60555
5242.5 8 2.82843
5243.5 10 3.16228
5244.5 4 2
5245.5 4 2
5246.5 8 2.82843
5247.5 13 3.60555
5248.5 6 2.44949
5249.5 6 2.44949
5250.5 9 3
5251.5 13 3.60555
5252.5 6 2.44949
5253.5 6 2.44949
5254.5 8 2.82843
5255.5 8 2.82843
5256.5 8 2.82843
5257.5 11 3.31662
5258.5 9 3
5259.5 11 3.31662
5260.5 5 2.23607
5261.5 6 2.44949
5262.5 7 2.64575
5263.5 6 2.44949
5264.5 12 3.4641
5265.5 10 3.16228
5266.5 7 2.64575
5267.5 7 2.64575
5268.5 11 3.31662
5269.5 6 2.44949
5270.5 7 2.64575
5271.5 6 2.44949
5272.5 14 3.74166
5273.5 7 2.64575
5274.5 7 2.64575
5275.5 12 3.4641
5276.5 9 3
5277.5 16 4
5278.5 16 4
5279.5 8 2.82843
5280.5 7 2.64575
5281.5 11 3.31662
5282.5 5 2.23607
5283.5 11 3.31662
5284.5 7 2.64575
5285.5 7 2.64575
5286.5 8 2.82843
5287.5 6 2.44949
5288.5 8 2.82843
5289.5 16 4
5290.5 4 2
5291.5 10 3.16228
5292.5 6 2.44949
5293.5 12 3.4641
5294.5 16 4
5295.5 5 2.23607
5296.5 11 3.31662
5297.5 3 1.73205
5298.5 12 3.4641
5299.5 8 2.82843
5300.5 9 3
5301.5 11 3.31662
5302.5 8 2.82843
5303.5 8 2.82843
5304.5 8 2.82843
5305.5 6 2.44949
5306.5 11 3.31662
5307.5 10 3.16228
5308.5 8 2.82843
5309.5 8 2.82843
5310.5 16 4
5311.5 11 3.31662
5312.5 8 2.82843
5313.5 8 2.82843
5314.5 9 3
5315.5 10 3.16228
5316.5 12 3.4641
5317.5 4 2
5318.5 6 2.44949
5319.5 10 3.16228
5320.5 6 2.44949
5321.5 11 3.31662
5322.5 6 2.44949
5323.5 4 2
5324.5 7 2.64575
5325.5 6 2.44949
5326.5 8 2.82843
5327.5 9 3
5328.5 10 3.16228
5329.5 10 3.16228
5330.5 13 3.60555
5331.5 9 3
5332.5 6 2.44949
5333.5 6 2.44949
5334.5 6 2.44949
5335.5 5 2.23607
5336.5 7 2.64575
5337.5 8 2.82843
5338.5 7 2.64575
5339.5 9 3
5340.5 6 2.44949
5341.5 9 3
5342.5 8 2.82843
5343.5 6 2.44949
5344.5 5 2.23607
5345.5 8 2.82843
5346.5 8 2.82843
5347.5 6 2.44949
5348.5 12 3.4641
5349.5 9 3
5350.5 8 2.82843
5351.5 14 3.74166
5352.5 11 3.31662
5353.5 9 3
5354.5 6 2.44949
5355.5 7 2.64575
5356.5 4 2
5357.5 9 3
5358.5 6 2.44949
5359.5 8 2.82843
5360.5 11 3.31662
5361.5 9 3
5362.5 4 2
5363.5 13 3.60555
5364.5 15 3.87298
5365.5 14 3.74166
5366.5 7 2.64575
5367.5 20 4.47214
5368.5 15 3.87298
5369.5 14 3.74166
5370.5 13 3.60555
5371.5 19 4.3589
5372.5 28 5.2915
5373.5 14 3.74166
5374.5 20 4.47214
5375.5 31 5.56776
5376.5 33 5.74456
5377.5 35 5.91608
5378.5 38 6.16441
5379.5 32 5.65685
5380.5 37 6.08276
5381.5 29 5.38516
5382.5 39 6.245
5383.5 20 4.47214
5384.5 19 4.3589
5385.5 26 5.09902
5386.5 15 3.87298
5387.5 20 4.47214
5388.5 15 3.87298
5389.5 12 3.4641
5390.5 17 4.12311
5391.5 10 3.16228
5392.5 12 3.4641
5393.5 5 2.23607
5394.5 10 3.16228
5395.5 2 1.41421
5396.5 9 3
5397.5 11 3.31662
5398.5 5 2.23607
5399.5 7 2.64575
5400.5 6 2.44949
5401.5 10 3.16228
5402.5 4 2
5403.5 9 3
5404.5 8 2.82843
5405.5 6 2.44949
5406.5 14 3.74166
5407.5 4 2
5408.5 4 2
5409.5 14 3.74166
5410.5 11 3.31662
5411.5 7 2.64575
5412.5 5 2.23607
5413.5 8 2.82843
5414.5 11 3.31662
5415.5 7 2.64575
5416.5 7 2.64575
5417.5 9 3
5418.5 5 2.23607
5419.5 4 2
5420.5 7 2.64575
5421.5 13 3.60555
5422.5 10 3.16228
5423.5 7 2.64575
5424.5 9 3
5425.5 12 3.4641
5426.5 9 3
5427.5 9 3
5428.5 6 2.44949
5429.5 11 3.31662
5430.5 6 2.44949
5431.5 6 2.44949
5432.5 9 3
5433.5 4 2
5434.5 6 2.44949
5435.5 10 3.16228
5436.5 9 3
5437.5 7 2.64575
5438.5 6 2.44949
5439.5 14 3.74166
5440.5 8 2.82843
5441.5 15 3.87298
5442.5 10 3.16228
5443.5 10 3.16228
5444.5 9 3
5445.5 8 2.82843
5446.5 8 2.82843
5447.5 8 2.82843
5448.5 10 3.16228
5449.5 11 3.31662
5450.5 6 2.44949
5451.5 4 2
5452.5 9 3
5453.5 11 3.31662
5454.5 11 3.31662
5455.5 6 2.44949
5456.5 12 3.4641
5457.5 4 2
5458.5 8 2.82843
5459.5 6 2.44949
5460.5 13 3.60555
5461.5 14 3.74166
5462.5 16 4
5463.5 9 3
5464.5 12 3.4641
5465.5 7 2.64575
5466.5 7 2.64575
5467.5 11 3.31662
5468.5 3 1.73205
5469.5 10 3.16228
5470.5 4 2
5471.5 6 2.44949
5472.5 7 2.64575
5473.5 4 2
5474.5 9 3
5475.5 9 3
5476.5 5 2.23607
5477.5 9 3
5478.5 11 3.31662
5479.5 12 3.4641
5480.5 7 2.64575
5481.5 3 1.73205
5482.5 8 2.82843
5483.5 8 2.82843
5484.5 6 2.44949
5485.5 4 2
5486.5 9 3
5487.5 10 3.16228
5488.5 13 3.60555
5489.5 9 3
5490.5 11 3.31662
5491.5 13 3.60555
5492.5 4 2
5493.5 12 3.4641
5494.5 6 2.44949
5495.5 7 2.64575
5496.5 6 2.44949
5497.5 7 2.64575
5498.5 7 2.64575
5499.5 8 2.82843
5500.5 8 2.82843
5501.5 11 3.31662
5502.5 8 2.82843
5503.5 6 2.44949
5504.5 10 3.16228
5505.5 6 2.44949
5506.5 1 1
5507.5 4 2
5508.5 6 2.44949
5509.5 6 2.44949
5510.5 8 2.82843
5511.5 9 3
5512.5 7 2.64575
5513.5 7 2.64575
5514.5 9 3
5515.5 8 2.82843
5516.5 8 2.82843
5517.5 9 3
5518.5 7 2.64575
5519.5 9 3
5520.5 9 3
5521.5 9 3
5522.5 8 2.82843
5523.5 5 2.23607
5524.5 9 3
5525.5 8 2.82843
5526.5 16 4
5527.5 8 2.82843
5528.5 6 2.44949
5529.5 12 3.4641
5530.5 4 2
5531.5 8 2.82843
5532.5 9 3
5533.5 9 3
5534.5 10 3.16228
5535.5 7 2.64575
5536.5 16 4
5537.5 9 3
5538.5 6 2.44949
5539.5 12 3.4641
5540.5 6 2.44949
5541.5 9 3
5542.5 5 2.23607
5543.5 15 3.87298
5544.5 9 3
5545.5 7 2.64575
5546.5 14 3.74166
5547.5 9 3
5548.5 6 2.44949
5549.5 7 2.64575
5550.5 9 3
5551.5 9 3
5552.5 9 3
5553.5 9 3
5554.5 5 2.23607
5555.5 8 2.82843
5556.5 5 2.23607
5557.5 7 2.64575
5558.5 12 3.4641
5559.5 5 2.23607
5560.5 9 3
5561.5 9 3
5562.5 5 2.23607
5563.5 14 3.74166
5564.5 10 3.16228
5565.5 6 2.44949
5566.5 11 3.31662
5567.5 12 3.4641
5568.5 10 3.16228
5569.5 10 3.16228
5570.5 6 2.44949
5571.5 8 2.82843
5572.5 2 1.41421
5573.5 10 3.16228
5574.5 8 2.82843
5575.5 8 2.82843
5576.5 8 2.82843
5577.5 6 2.44949
5578.5 6 2.44949
5579.5 10 3.16228
5580.5 11 3.31662
5581.5 8 2.82843
5582.5 8 2.82843
5583.5 4 2
5584.5 10 3.16228
5585.5 9 3
5586.5 5 2.23607
5587.5 7 2.64575
5588.5 6 2.44949
5589.5 9 3
5590.5 7 2.64575
5591.5 10 3.16228
5592.5 5 2.23607
5593.5 8 2.82843
5594.5 12 3.4641
5595.5 7 2.64575
5596.5 5 2.23607
5597.5 6 2.44949
5598.5 8 2.82843
5599.5 11 3.31662
5600.5 9 3
5601.5 12 3.4641
5602.5 7 2.64575
5603.5 9 3
5604.5 7 2.64575
5605.5 10 3.16228
5606.5 9 3
5607.5 11 3.31662
5608.5 10 3.16228
5609.5 5 2.23607
5610.5 7 2.64575
5611.5 8 2.82843
5612.5 6 2.44949
5613.5 5 2.23607
5614.5 6 2.44949
5615.5 11 3.31662
5616.5 3 1.73205
5617.5 10 3.16228
5618.5 6 2.44949
5619.5 6 2.44949
5620.5 5 2.23607
5621.5 9 3
5622.5 7 2.64575
5623.5 14 3.74166
5624.5 9 3
5625.5 8 2.82843
5626.5 7 2.64575
5627.5 11 3.31662
5628.5 7 2.64575
5629.5 8 2.82843
5630.5 8 2.82843
5631.5 14 3.74166
5632.5 8 2.82843
5633.5 5 2.23607
5634.5 8 2.82843
5635.5 9 3
5636.5 6 2.44949
5637.5 8 2.82843
5638.5 10 3.16228
5639.5 11 3.31662
5640.5 12 3.4641
5641.5 7 2.64575
5642.5 5 2.23607
5643.5 6 2.44949
5644.5 8 2.82843
5645.5 8 2.82843
5646.5 6 2.44949
5647.5 4 2
5648.5 7 2.64575
5649.5 9 3
5650.5 6 2.44949
5651.5 7 2.64575
5652.5 8 2.82843
5653.5 14 3.74166
5654.5 9 3
5655.5 7 2.64575
5656.5 7 2.64575
5657.5 6 2.44949
5658.5 9 3
5659.5 15 3.87298
5660.5 7 2.64575
5661.5 11 3.31662
5662.5 15 3.87298
5663.5 7 2.64575
5664.5 5 2.23607
5665.5 11 3.31662
5666.5 11 3.31662
5667.5 2 1.41421
5668.5 7 2.64575
5669.5 11 3.31662
5670.5 9 3
5671.5 6 2.44949
5672.5 7 2.64575
5673.5 7 2.64575
5674.5 11 3.31662
5675.5 11 3.31662
5676.5 8 2.82843
5677.5 5 2.23607
5678.5 7 2.64575
5679.5 10 3.16228
5680.5 10 3.16228
5681.5 9 3
5682.5 8 2.82843
5683.5 9 3
5684.5 18 4.24264
5685.5 11 3.31662
5686.5 9 3
5687.5 8 2.82843
5688.5 8 2.82843
5689.5 6 2.44949
5690.5 17 4.12311
5691.5 4 2
5692.5 6 2.44949
5693.5 11 3.31662
5694.5 14 3.74166
5695.5 7 2.64575
5696.5 6 2.44949
5697.5 7 2.64575
5698.5 6 2.44949
5699.5 9 3
5700.5 6 2.44949
5701.5 6 2.44949
5702.5 12 3.4641
5703.5 5 2.23607
5704.5 11 3.31662
5705.5 6 2.44949
5706.5 7 2.64575
5707.5 7 2.64575
5708.5 12 3.4641
5709.5 13 3.60555
5710.5 13 3.60555
5711.5 7 2.64575
5712.5 6 2.44949
5713.5 8 2.82843
5714.5 11 3.31662
5715.5 8 2.82843
5716.5 8 2.82843
5717.5 8 2.82843
5718.5 7 2.64575
5719.5 7 2.64575
5720.5 8 2.82843
5721.5 9 3
5722.5 9 3
5723.5 7 2.64575
5724.5 10 3.16228
5725.5 6 2.44949
5726.5 8 2.82843
5727.5 8 2.82843
5728.5 7 2.64575
5729.5 8 2.82843
5730.5 7 2.64575
5731.5 13 3.60555
5732.5 5 2.23607
5733.5 5 2.23607
5734.5 2 1.41421
5735.5 6 2.44949
5736.5 9 3
5737.5 10 3.16228
5738.5 7 2.64575
5739.5 6 2.44949
5740.5 6 2.44949
5741.5 8 2.82843
5742.5 9 3
5743.5 4 2
5744.5 8 2.82843
5745.5 4 2
5746.5 10 3.16228
5747.5 7 2.64575
5748.5 11 3.31662
5749.5 9 3
5750.5 9 3
5751.5 11 3.31662
5752.5 2 1.41421
5753.5 8 2.82843
5754.5 14 3.74166
5755.5 6 2.44949
5756.5 7 2.64575
5757.5 6 2.44949
5758.5 11 3.31662
5759.5 9 3
5760.5 6 2.44949
5761.5 8 2.82843
5762.5 6 2.44949
5763.5 7 2.64575
5764.5 5 2.23607
5765.5 6 2.44949
5766.5 5 2.23607
5767.5 7 2.64575
5768.5 8 2.82843
5769.5 15 3.87298
5770.5 8 2.82843
5771.5 8 2.82843
5772.5 4 2
5773.5 5 2.23607
5774.5 10 3.16228
5775.5 9 3
5776.5 7 2.64575
5777.5 4 2
5778.5 14 3.74166
5779.5 9 3
5780.5 11 3.31662
5781.5 7 2.64575
5782.5 8 2.82843
5783.5 5 2.23607
5784.5 6 2.44949
5785.5 6 2.44949
5786.5 9 3
5787.5 9 3
5788.5 8 2.82843
5789.5 13 3.60555
5790.5 14 3.74166
5791.5 10 3.16228
5792.5 10 3.16228
5793.5 6 2.44949
5794.5 9 3
5795.5 9 3
5796.5 10 3.16228
5797.5 6 2.44949
5798.5 8 2.82843
5799.5 11 3.31662
5800.5 13 3.60555
5801.5 5 2.23607
5802.5 12 3.4641
5803.5 11 3.31662
5804.5 13 3.60555
5805.5 8 2.82843
5806.5 9 3
5807.5 5 2.23607
5808.5 10 3.16228
5809.5 2 1.41421
5810.5 5 2.23607
5811.5 12 3.4641
5812.5 7 2.64575
5813.5 11 3.31662
5814.5 7 2.64575
5815.5 12 3.4641
5816.5 7 2.64575
5817.5 6 2.44949
5818.5 6 2.44949
5819.5 10 3.16228
5820.5 5 2.23607
5821.5 7 2.64575
5822.5 11 3.31662
5823.5 8 2.82843
5824.5 18 4.24264
5825.5 8 2.82843
5826.5 8 2.82843
5827.5 4 2
5828.5 5 2.23607
5829.5 11 3.31662
5830.5 6 2.44949
5831.5 10 3.16228
5832.5 6 2.44949
5833.5 13 3.60555
5834.5 7 2.64575
5835.5 8 2.82843
5836.5 7 2.64575
5837.5 12 3.4641
5838.5 7 2.64575
5839.5 8 2.82843
5840.5 8 2.82843
5841.5 7 2.64575
5842.5 9 3
5843.5 11 3.31662
5844.5 12 3.4641
5845.5 7 2.64575
5846.5 8 2.82843
5847.5 8 2.82843
5848.5 9 3
5849.5 7 2.64575
5850.5 9 3
5851.5 7 2.64575
5852.5 2 1.41421
5853.5 12 3.4641
5854.5 7 2.64575
5855.5 8 2.82843
5856.5 6 2.44949
5857.5 7 2.64575
5858.5 9 3
5859.5 7 2.64575
5860.5 8 2.82843
5861.5 9 3
5862.5 5 2.23607
5863.5 5 2.23607
5864.5 8 2.82843
5865.5 10 3.16228
5866.5 3 1.73205
5867.5 4 2
5868.5 7 2.64575
5869.5 12 3.4641
5870.5 8 2.82843
5871.5 3 1.73205
5872.5 6 2.44949
5873.5 9 3
5874.5 9 3
5875.5 4 2
5876.5 8 2.82843
5877.5 5 2.23607
5878.5 10 3.16228
5879.5 10 3.16228
5880.5 11 3.31662
5881.5 6 2.44949
5882.5 13 3.60555
5883.5 11 3.31662
5884.5 14 3.74166
5885.5 6 2.44949
5886.5 9 3
5887.5 9 3
5888.5 6 2.44949
5889.5 3 1.73205
5890.5 7 2.64575
5891.5 6 2.44949
5892.5 8 2.82843
5893.5 5 2.23607
5894.5 4 2
5895.5 7 2.64575
5896.5 4 2
5897.5 10 3.16228
5898.5 8 2.82843
5899.5 5 2.23607
5900.5 16 4
5901.5 4 2
5902.5 10 3.16228
5903.5 6 2.44949
5904.5 9 3
5905.5 4 2
5906.5 8 2.82843
5907.5 9 3
5908.5 8 2.82843
5909.5 13 3.60555
5910.5 9 3
5911.5 2 1.41421
5912.5 5 2.23607
5913.5 3 1.73205
5914.5 11 3.31662
5915.5 2 1.41421
5916.5 4 2
5917.5 7 2.64575
5918.5 5 2.23607
5919.5 10 3.16228
5920.5 5 2.23607
5921.5 5 2.23607
5922.5 6 2.44949
5923.5 6 2.44949
5924.5 9 3
5925.5 5 2.23607
5926.5 7 2.64575
5927.5 3 1.73205
5928.5 5 2.23607
5929.5 3 1.73205
5930.5 8 2.82843
5931.5 7 2.64575
5932.5 12 3.4641
5933.5 7 2.64575
5934.5 5 2.23607
5935.5 5 2.23607
5936.5 8 2.82843
5937.5 14 3.74166
5938.5 6 2.44949
5939.5 7 2.64575
5940.5 9 3
5941.5 9 3
5942.5 6 2.44949
5943.5 8 2.82843
5944.5 7 2.64575
5945.5 12 3.4641
5946.5 8 2.82843
5947.5 9 3
5948.5 9 3
5949.5 8 2.82843
5950.5 9 3
5951.5 7 2.64575
5952.5 7 2.64575
5953.5 6 2.44949
5954.5 10 3.16228
5955.5 5 2.23607
5956.5 8 2.82843
5957.5 4 2
5958.5 8 2.82843
5959.5 5 2.23607
5960.5 3 1.73205
5961.5 9 3
5962.5 7 2.64575
5963.5 7 2.64575
5964.5 8 2.82843
5965.5 13 3.60555
5966.5 9 3
5967.5 6 2.44949
5968.5 5 2.23607
5969.5 4 2
5970.5 7 2.64575
5971.5 8 2.82843
5972.5 4 2
5973.5 14 3.74166
5974.5 10 3.16228
5975.5 8 2.82843
5976.5 10 3.16228
5977.5 10 3.16228
5978.5 7 2.64575
5979.5 8 2.82843
5980.5 10 3.16228
5981.5 4 2
5982.5 5 2.23607
5983.5 10 3.16228
5984.5 4 2
5985.5 5 2.23607
5986.5 8 2.82843
5987.5 13 3.60555
5988.5 9 3
5989.5 10 3.16228
5990.5 7 2.64575
5991.5 9 3
5992.5 5 2.23607
5993.5 7 2.64575
5994.5 5 2.23607
5995.5 12 3.4641
5996.5 7 2.64575
5997.5 5 2.23607
5998.5 5 2.23607
5999.5 14 3.74166
6000.5 7 2.64575
6001.5 7 2.64575
6002.5 7 2.64575
6003.5 6 2.44949
6004.5 5 2.23607
6005.5 3 1.73205
6006.5 11 3.31662
6007.5 6 2.44949
6008.5 11 3.31662
6009.5 10 3.16228
6010.5 7 2.64575
6011.5 5 2.23607
6012.5 9 3
6013.5 7 2.64575
6014.5 5 2.23607
6015.5 6 2.44949
6016.5 8 2.82843
6017.5 4 2
6018.5 9 3
6019.5 10 3.16228
6020.5 2 1.41421
6021.5 6 2.44949
6022.5 8 2.82843
6023.5 7 2.64575
6024.5 4 2
6025.5 8 2.82843
6026.5 10 3.16228
6027.5 7 2.64575
6028.5 7 2.64575
6029.5 8 2.82843
6030.5 4 2
6031.5 9 3
6032.5 5 2.23607
6033.5 14 3.74166
6034.5 6 2.44949
6035.5 11 3.31662
6036.5 11 3.31662
6037.5 4 2
6038.5 6 2.44949
6039.5 10 3.16228
6040.5 2 1.41421
6041.5 3 1.73205
6042.5 5 2.23607
6043.5 9 3
6044.5 8 2.82843
6045.5 6 2.44949
6046.5 6 2.44949
6047.5 5 2.23607
6048.5 12 3.4641
6049.5 8 2.82843
6050.5 4 2
6051.5 3 1.73205
6052.5 13 3.60555
6053.5 5 2.23607
6054.5 6 2.44949
6055.5 11 3.31662
6056.5 9 3
6057.5 5 2.23607
6058.5 5 2.23607
6059.5 4 2
6060.5 6 2.44949
6061.5 4 2
6062.5 7 2.64575
6063.5 9 3
6064.5 11 3.31662
6065.5 9 3
6066.5 8 2.82843
6067.5 6 2.44949
6068.5 6 2.44949
6069.5 7 2.64575
6070.5 5 2.23607
6071.5 13 3.60555
6072.5 10 3.16228
6073.5 9 3
6074.5 10 3.16228
6075.5 16 4
6076.5 12 3.4641
6077.5 12 3.4641
6078.5 8 2.82843
6079.5 13 3.60555
6080.5 11 3.31662
6081.5 13 3.60555
6082.5 8 2.82843
6083.5 10 3.16228
6084.5 9 3
6085.5 12 3.4641
6086.5 7 2.64575
6087.5 8 2.82843
6088.5 8 2.82843
6089.5 8 2.82843
6090.5 3 1.73205
6091.5 6 2.44949
6092.5 7 2.64575
6093.5 12 3.4641
6094.5 6 2.44949
6095.5 7 2.64575
6096.5 7 2.64575
6097.5 11 3.31662
6098.5 5 2.23607
6099.5 8 2.82843
6100.5 10 3.16228
6101.5 5 2.23607
6102.5 8 2.82843
6103.5 8 2.82843
6104.5 6 2.44949
6105.5 5 2.23607
6106.5 6 2.44949
6107.5 11 3.31662
6108.5 11 3.31662
6109.5 9 3
6110.5 11 3.31662
6111.5 9 3
6112.5 8 2.82843
6113.5 7 2.64575
6114.5 10 3.16228
6115.5 9 3
6116.5 7 2.64575
6117.5 6 2.44949
6118.5 5 2.23607
6119.5 1 1
6120.5 12 3.4641
6121.5 10 3.16228
6122.5 7 2.64575
6123.5 2 1.41421
6124.5 10 3.16228
6125.5 12 3.4641
6126.5 9 3
6127.5 5 2.23607
6128.5 6 2.44949
6129.5 6 2.44949
6130.5 4 2
6131.5 7 2.64575
6132.5 7 2.64575
6133.5 7 2.64575
6134.5 5 2.23607
6135.5 8 2.82843
6136.5 10 3.16228
6137.5 0 0
6138.5 11 3.31662
6139.5 11 3.31662
6140.5 12 3.4641
6141.5 7 2.64575
6142.5 3 1.73205
6143.5 8 2.82843
6144.5 8 2.82843
6145.5 3 1.73205
6146.5 8 2.82843
6147.5 7 2.64575
6148.5 4 2
6149.5 4 2
6150.5 7 2.64575
6151.5 5 2.23607
6152.5 2 1.41421
6153.5 7 2.64575
6154.5 10 3.16228
6155.5 8 2.82843
6156.5 9 3
6157.5 7 2.64575
6158.5 11 3.31662
6159.5 6 2.44949
6160.5 5 2.23607
6161.5 5 2.23607
6162.5 7 2.64575
6163.5 8 2.82843
6164.5 7 2.64575
6165.5 10 3.16228
6166.5 7 2.64575
6167.5 3 1.73205
6168.5 11 3.31662
6169.5 8 2.82843
6170.5 7 2.64575
6171.5 5 2.23607
6172.5 3 1.73205
6173.5 4 2
6174.5 9 3
6175.5 14 3.74166
6176.5 14 3.74166
6177.5 11 3.31662
6178.5 8 2.82843
6179.5 8 2.82843
6180.5 11 3.31662
6181.5 8 2.82843
6182.5 4 2
6183.5 7 2.64575
6184.5 6 2.44949
6185.5 8 2.82843
6186.5 8 2.82843
6187.5 11 3.31662
6188.5 8 2.82843
6189.5 7 2.64575
6190.5 8 2.82843
6191.5 8 2.82843
6192.5 7 2.64575
6193.5 5 2.23607
6194.5 7 2.64575
6195.5 9 3
6196.5 4 2
6197.5 7 2.64575
6198.5 6 2.44949
6199.5 9 3
6200.5 11 3.31662
6201.5 5 2.23607
6202.5 5 2.23607
6203.5 8 2.82843
6204.5 7 2.64575
6205.5 7 2.64575
6206.5 3 1.73205
6207.5 7 2.64575
6208.5 10 3.16228
6209.5 12 3.4641
6210.5 9 3
6211.5 3 1.73205
6212.5 2 1.41421
6213.5 8 2.82843
6214.5 9 3
6215.5 5 2.23607
6216.5 11 3.31662
6217.5 9 3
6218.5 9 3
6219.5 7 2.64575
6220.5 12 3.4641
6221.5 4 2
6222.5 4 2
6223.5 8 2.82843
6224.5 6 2.44949
6225.5 6 2.44949
6226.5 11 3.31662
6227.5 5 2.23607
6228.5 5 2.23607
6229.5 6 2.44949
6230.5 11 3.31662
6231.5 13 3.60555
6232.5 7 2.64575
6233.5 9 3
6234.5 11 3.31662
6235.5 7 2.64575
6236.5 4 2
6237.5 5 2.23607
6238.5 8 2.82843
6239.5 5 2.23607
6240.5 7 2.64575
6241.5 7 2.64575
6242.5 8 2.82843
6243.5 5 2.23607
6244.5 8 2.82843
6245.5 8 2.82843
6246.5 11 3.31662
6247.5 10 3.16228
6248.5 6 2.44949
6249.5 5 2.23607
6250.5 6 2.44949
6251.5 10 3.16228
6252.5 15 3.87298
6253.5 4 2
6254.5 7 2.64575
6255.5 8 2.82843
6256.5 9 3
6257.5 4 2
6258.5 7 2.64575
6259.5 5 2.23607
6260.5 7 2.64575
6261.5 11 3.31662
6262.5 10 3.16228
6263.5 4 2
6264.5 7 2.64575
6265.5 9 3
6266.5 10 3.16228
6267.5 6 2.44949
6268.5 9 3
6269.5 12 3.4641
6270.5 10 3.16228
6271.5 9 3
6272.5 5 2.23607
6273.5 6 2.44949
6274.5 3 1.73205
6275.5 6 2.44949
6276.5 4 2
6277.5 8 2.82843
6278.5 10 3.16228
6279.5 4 2
6280.5 9 3
6281.5 10 3.16228
6282.5 3 1.73205
6283.5 7 2.64575
6284.5 8 2.82843
6285.5 7 2.64575
6286.5 3 1.73205
6287.5 9 3
6288.5 9 3
6289.5 7 2.64575
6290.5 8 2.82843
6291.5 7 2.64575
6292.5 8 2.82843
6293.5 10 3.16228
6294.5 10 3.16228
6295.5 11 3.31662
6296.5 5 2.23607
6297.5 7 2.64575
6298.5 5 2.23607
6299.5 7 2.64575
6300.5 4 2
6301.5 8 2.82843
6302.5 11 3.31662
6303.5 10 3.16228
6304.5 6 2.44949
6305.5 10 3.16228
6306.5 5 2.23607
6307.5 4 2
6308.5 11 3.31662
6309.5 7 2.64575
6310.5 11 3.31662
6311.5 12 3.4641
6312.5 7 2.64575
6313.5 3 1.73205
6314.5 9 3
6315.5 12 3.4641
6316.5 8 2.82843
6317.5 6 2.44949
6318.5 5 2.23607
6319.5 11 3.31662
6320.5 6 2.44949
6321.5 8 2.82843
6322.5 14 3.74166
6323.5 10 3.16228
6324.5 8 2.82843
6325.5 6 2.44949
6326.5 8 2.82843
6327.5 5 2.23607
6328.5 3 1.73205
6329.5 8 2.82843
6330.5 9 3
6331.5 11 3.31662
6332.5 5 2.23607
6333.5 5 2.23607
6334.5 11 3.31662
6335.5 8 2.82843
6336.5 6 2.44949
6337.5 4 2
6338.5 5 2.23607
6339.5 5 2.23607
6340.5 7 2.64575
6341.5 7 2.64575
6342.5 4 2
6343.5 9 3
6344.5 10 3.16228
6345.5 14 3.74166
6346.5 9 3
6347.5 12 3.4641
6348.5 4 2
6349.5 4 2
6350.5 12 3.4641
6351.5 6 2.44949
6352.5 8 2.82843
6353.5 8 2.82843
6354.5 4 2
6355.5 5 2.23607
6356.5 3 1.73205
6357.5 9 3
6358.5 9 3
6359.5 4 2
6360.5 10 3.16228
6361.5 8 2.82843
6362.5 6 2.44949
6363.5 6 2.44949
6364.5 11 3.31662
6365.5 8 2.82843
6366.5 5 2.23607
6367.5 5 2.23607
6368.5 11 3.31662
6369.5 6 2.44949
6370.5 6 2.44949
6371.5 16 4
6372.5 2 1.41421
6373.5 8 2.82843
6374.5 2 1.41421
6375.5 7 2.64575
6376.5 7 2.64575
6377.5 8 2.82843
6378.5 5 2.23607
6379.5 11 3.31662
6380.5 9 3
6381.5 8 2.82843
6382.5 8 2.82843
6383.5 7 2.64575
6384.5 4 2
6385.5 9 3
6386.5 7 2.64575
6387.5 9 3
6388.5 13 3.60555
6389.5 6 2.44949
6390.5 5 2.23607
6391.5 10 3.16228
6392.5 8 2.82843
6393.5 9 3
6394.5 7 2.64575
6395.5 7 2.64575
6396.5 9 3
6397.5 7 2.64575
6398.5 2 1.41421
6399.5 8 2.82843
6400.5 6 2.44949
6401.5 5 2.23607
6402.5 7 2.64575
6403.5 7 2.64575
6404.5 6 2.44949
6405.5 10 3.16228
6406.5 13 3.60555
6407.5 8 2.82843
6408.5 7 2.64575
6409.5 8 2.82843
6410.5 4 2
6411.5 7 2.64575
6412.5 7 2.64575
6413.5 12 3.4641
6414.5 6 2.44949
6415.5 2 1.41421
6416.5 10 3.16228
6417.5 12 3.4641
6418.5 8 2.82843
6419.5 3 1.73205
6420.5 14 3.74166
6421.5 7 2.64575
6422.5 8 2.82843
6423.5 10 3.16228
6424.5 11 3.31662
6425.5 8 2.82843
6426.5 6 2.44949
6427.5 12 3.4641
6428.5 9 3
6429.5 6 2.44949
6430.5 4 2
6431.5 6 2.44949
6432.5 6 2.44949
6433.5 7 2.64575
6434.5 10 3.16228
6435.5 9 3
6436.5 7 2.64575
6437.5 8 2.82843
6438.5 5 2.23607
6439.5 10 3.16228
6440.5 5 2.23607
6441.5 7 2.64575
6442.5 5 2.23607
6443.5 9 3
6444.5 9 3
6445.5 7 2.64575
6446.5 8 2.82843
6447.5 7 2.64575
6448.5 6 2.44949
6449.5 5 2.23607
6450.5 6 2.44949
6451.5 8 2.82843
6452.5 7 2.64575
6453.5 1 1
6454.5 14 3.74166
6455.5 7 2.64575
6456.5 4 2
6457.5 5 2.23607
6458.5 7 2.64575
6459.5 9 3
6460.5 5 2.23607
6461.5 5 2.23607
6462.5 5 2.23607
6463.5 8 2.82843
6464.5 8 2.82843
6465.5 5 2.23607
6466.5 7 2.64575
6467.5 4 2
6468.5 9 3
6469.5 7 2.64575
6470.5 5 2.23607
6471.5 8 2.82843
6472.5 8 2.82843
6473.5 6 2.44949
6474.5 10 3.16228
6475.5 6 2.44949
6476.5 3 1.73205
6477.5 8 2.82843
6478.5 3 1.73205
6479.5 6 2.44949
6480.5 6 2.44949
6481.5 9 3
6482.5 7 2.64575
6483.5 5 2.23607
6484.5 4 2
6485.5 8 2.82843
6486.5 6 2.44949
6487.5 11 3.31662
6488.5 8 2.82843
6489.5 5 2.23607
6490.5 9 3
6491.5 4 2
6492.5 10 3.16228
6493.5 5 2.23607
6494.5 5 2.23607
6495.5 10 3.16228
6496.5 7 2.64575
6497.5 6 2.44949
6498.5 5 2.23607
6499.5 16 4
6500.5 8 2.82843
6501.5 5 2.23607
6502.5 5 2.23607
6503.5 9 3
6504.5 10 3.16228
6505.5 8 2.82843
6506.5 5 2.23607
6507.5 13 3.60555
6508.5 9 3
6509.5 5 2.23607
6510.5 8 2.82843
6511.5 6 2.44949
6512.5 9 3
6513.5 5 2.23607
6514.5 1 1
6515.5 3 1.73205
6516.5 8 2.82843
6517.5 3 1.73205
6518.5 6 2.44949
6519.5 6 2.44949
6520.5 8 2.82843
6521.5 5 2.23607
6522.5 10 3.16228
6523.5 4 2
6524.5 9 3
6525.5 2 1.41421
6526.5 11 3.31662
6527.5 8 2.82843
6528.5 4 2
6529.5 9 3
6530.5 7 2.64575
6531.5 10 3.16228
6532.5 7 2.64575
6533.5 9 3
6534.5 8 2.82843
6535.5 10 3.16228
6536.5 8 2.82843
6537.5 7 2.64575
6538.5 10 3.16228
6539.5 5 2.23607
6540.5 7 2.64575
6541.5 9 3
6542.5 9 3
6543.5 9 3
6544.5 6 2.44949
6545.5 6 2.44949
6546.5 6 2.44949
6547.5 8 2.82843
6548.5 11 3.31662
6549.5 9 3
6550.5 4 2
6551.5 11 3.31662
6552.5 9 3
6553.5 9 3
6554.5 5 2.23607
6555.5 8 2.82843
6556.5 7 2.64575
6557.5 5 2.23607
6558.5 5 2.23607
6559.5 7 2.64575
6560.5 11 3.31662
6561.5 1 1
6562.5 10 3.16228
6563.5 6 2.44949
6564.5 11 3.31662
6565.5 6 2.44949
6566.5 6 2.44949
6567.5 4 2
6568.5 5 2.23607
6569.5 5 2.23607
6570.5 6 2.44949
6571.5 4 2
6572.5 9 3
6573.5 7 2.64575
6574.5 10 3.16228
6575.5 11 3.31662
6576.5 6 2.44949
6577.5 9 3
6578.5 8 2.82843
6579.5 7 2.64575
6580.5 5 2.23607
6581.5 10 3.16228
6582.5 12 3.4641
6583.5 3 1.73205
6584.5 7 2.64575
6585.5 7 2.64575
6586.5 6 2.44949
6587.5 8 2.82843
6588.5 10 3.16228
6589.5 11 3.31662
6590.5 8 2.82843
6591.5 7 2.64575
6592.5 6 2.44949
6593.5 4 2
6594.5 7 2.64575
6595.5 6 2.44949
6596.5 5 2.23607
6597.5 6 2.44949
6598.5 7 2.64575
6599.5 15 3.87298
6600.5 10 3.16228
6601.5 10 3.16228
6602.5 4 2
6603.5 9 3
6604.5 7 2.64575
6605.5 6 2.44949
6606.5 7 2.64575
6607.5 10 3.16228
6608.5 13 3.60555
6609.5 4 2
6610.5 5 2.23607
6611.5 6 2.44949
6612.5 7 2.64575
6613.5 6 2.44949
6614.5 9 3
6615.5 9 3
6616.5 4 2
6617.5 6 2.44949
6618.5 10 3.16228
6619.5 4 2
6620.5 10 3.16228
6621.5 5 2.23607
6622.5 4 2
6623.5 10 3.16228
6624.5 9 3
6625.5 9 3
6626.5 9 3
6627.5 8 2.82843
6628.5 3 1.73205
6629.5 8 2.82843
6630.5 8 2.82843
6631.5 7 2.64575
6632.5 9 3
6633.5 11 3.31662
6634.5 10 3.16228
6635.5 3 1.73205
6636.5 2 1.41421
6637.5 10 3.16228
6638.5 7 2.64575
6639.5 11 3.31662
6640.5 10 3.16228
6641.5 8 2.82843
6642.5 7 2.64575
6643.5 6 2.44949
6644.5 9 3
6645.5 5 2.23607
6646.5 10 3.16228
6647.5 6 2.44949
6648.5 10 3.16228
6649.5 5 2.23607
6650.5 5 2.23607
6651.5 5 2.23607
6652.5 8 2.82843
6653.5 8 2.82843
6654.5 6 2.44949
6655.5 7 2.64575
6656.5 3 1.73205
6657.5 8 2.82843
6658.5 9 3
6659.5 3 1.73205
6660.5 9 3
6661.5 7 2.64575
6662.5 14 3.74166
6663.5 4 2
6664.5 7 2.64575
6665.5 12 3.4641
6666.5 9 3
6667.5 7 2.64575
6668.5 5 2.23607
6669.5 4 2
6670.5 5 2.23607
6671.5 8 2.82843
6672.5 6 2.44949
6673.5 15 3.87298
6674.5 3 1.73205
6675.5 2 1.41421
6676.5 7 2.64575
6677.5 7 2.64575
6678.5 11 3.31662
6679.5 8 2.82843
6680.5 10 3.16228
6681.5 8 2.82843
6682.5 4 2
6683.5 6 2.44949
6684.5 8 2.82843
6685.5 7 2.64575
6686.5 6 2.44949
6687.5 3 1.73205
6688.5 5 2.23607
6689.5 6 2.44949
6690.5 5 2.23607
6691.5 9 3
6692.5 10 3.16228
6693.5 3 1.73205
6694.5 6 2.44949
6695.5 2 1.41421
6696.5 8 2.82843
6697.5 12 3.4641
6698.5 10 3.16228
6699.5 14 3.74166
6700.5 5 2.23607
6701.5 8 2.82843
6702.5 7 2.64575
6703.5 4 2
6704.5 9 3
6705.5 5 2.23607
6706.5 5 2.23607
6707.5 8 2.82843
6708.5 9 3
6709.5 12 3.4641
6710.5 14 3.74166
6711.5 5 2.23607
6712.5 2 1.41421
6713.5 8 2.82843
6714.5 8 2.82843
6715.5 8 2.82843
6716.5 7 2.64575
6717.5 10 3.16228
6718.5 12 3.4641
6719.5 12 3.4641
6720.5 2 1.41421
6721.5 7 2.64575
6722.5 14 3.74166
6723.5 9 3
6724.5 5 2.23607
6725.5 14 3.74166
6726.5 7 2.64575
6727.5 13 3.60555
6728.5 2 1.41421
6729.5 6 2.44949
6730.5 2 1.41421
6731.5 8 2.82843
6732.5 6 2.44949
6733.5 6 2.44949
6734.5 11 3.31662
6735.5 9 3
6736.5 13 3.60555
6737.5 5 2.23607
6738.5 6 2.44949
6739.5 7 2.64575
6740.5 9 3
6741.5 9 3
6742.5 7 2.64575
6743.5 8 2.82843
6744.5 12 3.4641
6745.5 6 2.44949
6746.5 6 2.44949
6747.5 5 2.23607
6748.5 9 3
6749.5 5 2.23607
6750.5 8 2.82843
6751.5 7 2.64575
6752.5 7 2.64575
6753.5 7 2.64575
6754.5 7 2.64575
6755.5 12 3.4641
6756.5 6 2.44949
6757.5 9 3
6758.5 6 2.44949
6759.5 3 1.73205
6760.5 4 2
6761.5 5 2.23607
6762.5 7 2.64575
6763.5 7 2.64575
6764.5 5 2.23607
6765.5 11 3.31662
6766.5 5 2.23607
6767.5 3 1.73205
6768.5 3 1.73205
6769.5 11 3.31662
6770.5 8 2.82843
6771.5 6 2.44949
6772.5 9 3
6773.5 10 3.16228
6774.5 5 2.23607
6775.5 7 2.64575
6776.5 8 2.82843
6777.5 10 3.16228
6778.5 9 3
6779.5 10 3.16228
6780.5 7 2.64575
6781.5 6 2.44949
6782.5 4 2
6783.5 5 2.23607
6784.5 5 2.23607
6785.5 2 1.41421
6786.5 7 2.64575
6787.5 1 1
6788.5 6 2.44949
6789.5 12 3.4641
6790.5 7 2.64575
6791.5 8 2.82843
6792.5 5 2.23607
6793.5 4 2
6794.5 6 2.44949
6795.5 2 1.41421
6796.5 6 2.44949
6797.5 9 3
6798.5 4 2
6799.5 3 1.73205
6800.5 7 2.64575
6801.5 10 3.16228
6802.5 8 2.82843
6803.5 5 2.23607
6804.5 7 2.64575
6805.5 7 2.64575
6806.5 7 2.64575
6807.5 9 3
6808.5 7 2.64575
6809.5 6 2.44949
6810.5 9 3
6811.5 13 3.60555
6812.5 8 2.82843
6813.5 9 3
6814.5 8 2.82843
6815.5 6 2.44949
6816.5 7 2.64575
6817.5 5 2.23607
6818.5 5 2.23607
6819.5 7 2.64575
6820.5 7 2.64575
6821.5 6 2.44949
6822.5 9 3
6823.5 6 2.44949
6824.5 6 2.44949
6825.5 12 3.4641
6826.5 9 3
6827.5 7 2.64575
6828.5 9 3
6829.5 8 2.82843
6830.5 10 3.16228
6831.5 4 2
6832.5 8 2.82843
6833.5 4 2
6834.5 10 3.16228
6835.5 4 2
6836.5 7 2.64575
6837.5 6 2.44949
6838.5 8 2.82843
6839.5 12 3.4641
6840.5 13 3.60555
6841.5 7 2.64575
6842.5 9 3
6843.5 8 2.82843
6844.5 11 3.31662
6845.5 5 2.23607
6846.5 6 2.44949
6847.5 7 2.64575
6848.5 7 2.64575
6849.5 7 2.64575
6850.5 7 2.64575
6851.5 6 2.44949
6852.5 6 2.44949
6853.5 12 3.4641
6854.5 9 3
6855.5 7 2.64575
6856.5 5 2.23607
6857.5 8 2.82843
6858.5 5 2.23607
6859.5 6 2.44949
6860.5 7 2.64575
6861.5 9 3
6862.5 8 2.82843
6863.5 9 3
6864.5 3 1.73205
6865.5 7 2.64575
6866.5 3 1.73205
6867.5 9 3
6868.5 3 1.73205
6869.5 8 2.82843
6870.5 4 2
6871.5 9 3
6872.5 7 2.64575
6873.5 11 3.31662
6874.5 7 2.64575
6875.5 4 2
6876.5 6 2.44949
6877.5 8 2.82843
6878.5 4 2
6879.5 6 2.44949
6880.5 7 2.64575
6881.5 8 2.82843
6882.5 6 2.44949
6883.5 4 2
6884.5 6 2.44949
6885.5 12 3.4641
6886.5 7 2.64575
6887.5 2 1.41421
6888.5 6 2.44949
6889.5 8 2.82843
6890.5 6 2.44949
6891.5 9 3
6892.5 6 2.44949
6893.5 5 2.23607
6894.5 5 2.23607
6895.5 5 2.23607
6896.5 10 3.16228
6897.5 11 3.31662
6898.5 10 3.16228
6899.5 6 2.44949
6900.5 14 3.74166
6901.5 5 2.23607
6902.5 8 2.82843
6903.5 9 3
6904.5 6 2.44949
6905.5 7 2.64575
6906.5 7 2.64575
6907.5 3 1.73205
6908.5 8 2.82843
6909.5 3 1.73205
6910.5 7 2.64575
6911.5 6 2.44949
6912.5 8 2.82843
6913.5 5 2.23607
6914.5 8 2.82843
6915.5 9 3
6916.5 4 2
6917.5 6 2.44949
6918.5 4 2
6919.5 6 2.44949
6920.5 7 2.64575
6921.5 6 2.44949
6922.5 12 3.4641
6923.5 5 2.23607
6924.5 6 2.44949
6925.5 10 3.16228
6926.5 9 3
6927.5 9 3
6928.5 3 1.73205
6929.5 5 2.23607
6930.5 7 2.64575
6931.5 3 1.73205
6932.5 6 2.44949
6933.5 8 2.82843
6934.5 16 4
6935.5 4 2
6936.5 10 3.16228
6937.5 9 3
6938.5 7 2.64575
6939.5 9 3
6940.5 3 1.73205
6941.5 10 3.16228
6942.5 7 2.64575
6943.5 9 3
6944.5 9 3
6945.5 10 3.16228
6946.5 3 1.73205
6947.5 7 2.64575
6948.5 11 3.31662
6949.5 7 2.64575
6950.5 8 2.82843
6951.5 9 3
6952.5 3 1.73205
6953.5 9 3
6954.5 8 2.82843
6955.5 4 2
6956.5 3 1.73205
6957.5 4 2
6958.5 13 3.60555
6959.5 5 2.23607
6960.5 5 2.23607
6961.5 6 2.44949
6962.5 9 3
6963.5 5 2.23607
6964.5 5 2.23607
6965.5 5 2.23607
6966.5 10 3.16228
6967.5 9 3
6968.5 3 1.73205
6969.5 8 2.82843
6970.5 1 1
6971.5 4 2
6972.5 5 2.23607
6973.5 7 2.64575
6974.5 8 2.82843
6975.5 10 3.16228
6976.5 7 2.64575
6977.5 2 1.41421
6978.5 6 2.44949
6979.5 8 2.82843
6980.5 7 2.64575
6981.5 9 3
6982.5 8 2.82843
6983.5 6 2.44949
6984.5 12 3.4641
6985.5 7 2.64575
6986.5 10 3.16228
6987.5 15 3.87298
6988.5 9 3
6989.5 7 2.64575
6990.5 4 2
6991.5 4 2
6992.5 11 3.31662
6993.5 9 3
6994.5 6 2.44949
6995.5 5 2.23607
6996.5 4 2
6997.5 9 3
6998.5 16 4
6999.5 7 2.64575
7000.5 6 2.44949
7001.5 3 1.73205
7002.5 6 2.44949
7003.5 5 2.23607
7004.5 11 3.31662
7005.5 7 2.64575
7006.5 10 3.16228
7007.5 7 2.64575
7008.5 6 2.44949
7009.5 8 2.82843
7010.5 7 2.64575
7011.5 3 1.73205
7012.5 10 3.16228
7013.5 6 2.44949
7014.5 12 3.4641
7015.5 7 2.64575
7016.5 9 3
7017.5 11 3.31662
7018.5 10 3.16228
7019.5 8 2.82843
7020.5 13 3.60555
7021.5 9 3
7022.5 12 3.4641
7023.5 11 3.31662
7024.5 16 4
7025.5 12 3.4641
7026.5 16 4
7027.5 15 3.87298
7028.5 15 3.87298
7029.5 20 4.47214
7030.5 14 3.74166
7031.5 10 3.16228
7032.5 15 3.87298
7033.5 24 4.89898
7034.5 25 5
7035.5 35 5.91608
7036.5 30 5.47723
7037.5 31 5.56776
7038.5 19 4.3589
7039.5 22 4.69042
7040.5 37 6.08276
7041.5 18 4.24264
7042.5 24 4.89898
7043.5 20 4.47214
7044.5 25 5
7045.5 23 4.79583
7046.5 12 3.4641
7047.5 12 3.4641
7048.5 10 3.16228
7049.5 7 2.64575
7050.5 10 3.16228
7051.5 11 3.31662
7052.5 6 2.44949
7053.5 13 3.60555
7054.5 6 2.44949
7055.5 12 3.4641
7056.5 13 3.60555
7057.5 6 2.44949
7058.5 8 2.82843
7059.5 8 2.82843
7060.5 8 2.82843
7061.5 5 2.23607
7062.5 7 2.64575
7063.5 9 3
7064.5 8 2.82843
7065.5 6 2.44949
7066.5 7 2.64575
7067.5 6 2.44949
7068.5 6 2.44949
7069.5 9 3
7070.5 7 2.64575
7071.5 5 2.23607
7072.5 6 2.44949
7073.5 6 2.44949
7074.5 5 2.23607
7075.5 5 2.23607
7076.5 8 2.82843
7077.5 12 3.4641
7078.5 10 3.16228
7079.5 10 3.16228
7080.5 3 1.73205
7081.5 5 2.23607
7082.5 3 1.73205
7083.5 4 2
7084.5 12 3.4641
7085.5 5 2.23607
7086.5 6 2.44949
7087.5 2 1.41421
7088.5 8 2.82843
7089.5 6 2.44949
7090.5 5 2.23607
7091.5 14 3.74166
7092.5 8 2.82843
7093.5 2 1.41421
7094.5 7 2.64575
7095.5 8 2.82843
7096.5 2 1.41421
7097.5 8 2.82843
7098.5 9 3
7099.5 7 2.64575
7100.5 1 1
7101.5 5 2.23607
7102.5 8 2.82843
7103.5 12 3.4641
7104.5 7 2.64575
7105.5 7 2.64575
7106.5 4 2
7107.5 9 3
7108.5 6 2.44949
7109.5 7 2.64575
7110.5 8 2.82843
7111.5 7 2.64575
7112.5 5 2.23607
7113.5 7 2.64575
7114.5 8 2.82843
7115.5 3 1.73205
7116.5 9 3
7117.5 6 2.44949
7118.5 7 2.64575
7119.5 2 1.41421
7120.5 9 3
7121.5 6 2.44949
7122.5 18 4.24264
7123.5 11 3.31662
7124.5 12 3.4641
7125.5 6 2.44949
7126.5 9 3
7127.5 7 2.64575
7128.5 6 2.44949
7129.5 5 2.23607
7130.5 7 2.64575
7131.5 7 2.64575
7132.5 7 2.64575
7133.5 5 2.23607
7134.5 8 2.82843
7135.5 6 2.44949
7136.5 7 2.64575
7137.5 5 2.23607
7138.5 15 3.87298
7139.5 6 2.44949
7140.5 3 1.73205
7141.5 7 2.64575
7142.5 7 2.64575
7143.5 11 3.31662
7144.5 6 2.44949
7145.5 11 3.31662
7146.5 2 1.41421
7147.5 6 2.44949
7148.5 7 2.64575
7149.5 3 1.73205
7150.5 2 1.41421
7151.5 7 2.64575
7152.5 10 3.16228
7153.5 9 3
7154.5 4 2
7155.5 9 3
7156.5 4 2
7157.5 3 1.73205
7158.5 7 2.64575
7159.5 4 2
7160.5 10 3.16228
7161.5 11 3.31662
7162.5 6 2.44949
7163.5 8 2.82843
7164.5 4 2
7165.5 8 2.82843
7166.5 6 2.44949
7167.5 7 2.64575
7168.5 7 2.64575
7169.5 10 3.16228
7170.5 6 2.44949
7171.5 10 3.16228
7172.5 11 3.31662
7173.5 5 2.23607
7174.5 10 3.16228
7175.5 3 1.73205
7176.5 7 2.64575
7177.5 10 3.16228
7178.5 10 3.16228
7179.5 7 2.64575
7180.5 8 2.82843
7181.5 7 2.64575
7182.5 11 3.31662
7183.5 7 2.64575
7184.5 7 2.64575
7185.5 12 3.4641
7186.5 7 2.64575
7187.5 10 3.16228
7188.5 6 2.44949
7189.5 7 2.64575
7190.5 4 2
7191.5 7 2.64575
7192.5 6 2.44949
7193.5 7 2.64575
7194.5 5 2.23607
7195.5 10 3.16228
7196.5 8 2.82843
7197.5 5 2.23607
7198.5 5 2.23607
7199.5 9 3
7200.5 3 1.73205
7201.5 9 3
7202.5 7 2.64575
7203.5 7 2.64575
7204.5 6 2.44949
7205.5 9 3
7206.5 6 2.44949
7207.5 6 2.44949
7208.5 5 2.23607
7209.5 9 3
7210.5 9 3
7211.5 4 2
7212.5 9 3
7213.5 11 3.31662
7214.5 8 2.82843
7215.5 3 1.73205
7216.5 6 2.44949
7217.5 9 3
7218.5 10 3.16228
7219.5 11 3.31662
7220.5 5 2.23607
7221.5 5 2.23607
7222.5 6 2.44949
7223.5 2 1.41421
7224.5 8 2.82843
7225.5 7 2.64575
7226.5 6 2.44949
7227.5 7 2.64575
7228.5 6 2.44949
7229.5 7 2.64575
7230.5 7 2.64575
7231.5 7 2.64575
7232.5 8 2.82843
7233.5 4 2
7234.5 3 1.73205
7235.5 10 3.16228
7236.5 4 2
7237.5 8 2.82843
7238.5 9 3
7239.5 6 2.44949
7240.5 5 2.23607
7241.5 6 2.44949
7242.5 10 3.16228
7243.5 11 3.31662
7244.5 6 2.44949
7245.5 8 2.82843
7246.5 6 2.44949
7247.5 2 1.41421
7248.5 3 1.73205
7249.5 9 3
7250.5 1 1
7251.5 7 2.64575
7252.5 9 3
7253.5 8 2.82843
7254.5 6 2.44949
7255.5 6 2.44949
7256.5 6 2.44949
7257.5 5 2.23607
7258.5 6 2.44949
7259.5 7 2.64575
7260.5 4 2
7261.5 13 3.60555
7262.5 6 2.44949
7263.5 8 2.82843
7264.5 6 2.44949
7265.5 8 2.82843
7266.5 7 2.64575
7267.5 2 1.41421
7268.5 2 1.41421
7269.5 8 2.82843
7270.5 10 3.16228
7271.5 6 2.44949
7272.5 5 2.23607
7273.5 4 2
7274.5 5 2.23607
7275.5 2 1.41421
7276.5 7 2.64575
7277.5 4 2
7278.5 8 2.82843
7279.5 9 3
7280.5 11 3.31662
7281.5 4 2
7282.5 13 3.60555
7283.5 9 3
7284.5 5 2.23607
7285.5 5 2.23607
7286.5 5 2.23607
7287.5 7 2.64575
7288.5 4 2
7289.5 5 2.23607
7290.5 9 3
7291.5 10 3.16228
7292.5 4 2
7293.5 5 2.23607
7294.5 6 2.44949
7295.5 8 2.82843
7296.5 8 2.82843
7297.5 7 2.64575
7298.5 9 3
7299.5 4 2
7300.5 7 2.64575
7301.5 7 2.64575
7302.5 7 2.64575
7303.5 8 2.82843
7304.5 4 2
7305.5 10 3.16228
7306.5 5 2.23607
7307.5 4 2
7308.5 6 2.44949
7309.5 5 2.23607
7310.5 8 2.82843
7311.5 8 2.82843
7312.5 7 2.64575
7313.5 10 3.16228
7314.5 7 2.64575
7315.5 8 2.82843
7316.5 5 2.23607
7317.5 9 3
7318.5 4 2
7319.5 6 2.44949
7320.5 10 3.16228
7321.5 4 2
7322.5 9 3
7323.5 7 2.64575
7324.5 6 2.44949
7325.5 5 2.23607
7326.5 10 3.16228
7327.5 8 2.82843
7328.5 7 2.64575
7329.5 10 3.16228
7330.5 4 2
7331.5 6 2.44949
7332.5 9 3
7333.5 8 2.82843
7334.5 8 2.82843
7335.5 10 3.16228
7336.5 10 3.16228
7337.5 8 2.82843
7338.5 2 1.41421
7339.5 8 2.82843
7340.5 8 2.82843
7341.5 8 2.82843
7342.5 10 3.16228
7343.5 4 2
7344.5 6 2.44949
7345.5 5 2.23607
7346.5 2 1.41421
7347.5 6 2.44949
7348.5 9 3
7349.5 4 2
7350.5 6 2.44949
7351.5 8 2.82843
7352.5 3 1.73205
7353.5 6 2.44949
7354.5 10 3.16228
7355.5 11 3.31662
7356.5 14 3.74166
7357.5 9 3
7358.5 6 2.44949
7359.5 4 2
7360.5 5 2.23607
7361.5 8 2.82843
7362.5 5 2.23607
7363.5 7 2.64575
7364.5 8 2.82843
7365.5 7 2.64575
7366.5 7 2.64575
7367.5 8 2.82843
7368.5 3 1.73205
7369.5 11 3.31662
7370.5 6 2.44949
7371.5 5 2.23607
7372.5 5 2.23607
7373.5 9 3
7374.5 13 3.60555
7375.5 5 2.23607
7376.5 5 2.23607
7377.5 4 2
7378.5 6 2.44949
7379.5 4 2
7380.5 3 1.73205
7381.5 7 2.64575
7382.5 10 3.16228
7383.5 5 2.23607
7384.5 6 2.44949
7385.5 10 3.16228
7386.5 6 2.44949
7387.5 5 2.23607
7388.5 7 2.64575
7389.5 4 2
7390.5 7 2.64575
7391.5 9 3
7392.5 7 2.64575
7393.5 8 2.82843
7394.5 8 2.82843
7395.5 3 1.73205
7396.5 3 1.73205
7397.5 12 3.4641
7398.5 6 2.44949
7399.5 8 2.82843
7400.5 3 1.73205
7401.5 5 2.23607
7402.5 13 3.60555
7403.5 7 2.64575
7404.5 10 3.16228
7405.5 2 1.41421
7406.5 6 2.44949
7407.5 5 2.23607
7408.5 8 2.82843
7409.5 4 2
7410.5 8 2.82843
7411.5 6 2.44949
7412.5 8 2.82843
7413.5 9 3
7414.5 10 3.16228
7415.5 8 2.82843
7416.5 6 2.44949
7417.5 9 3
7418.5 3 1.73205
7419.5 5 2.23607
7420.5 6 2.44949
7421.5 4 2
7422.5 6 2.44949
7423.5 1 1
7424.5 9 3
7425.5 8 2.82843
7426.5 11 3.31662
7427.5 7 2.64575
7428.5 6 2.44949
7429.5 8 2.82843
7430.5 2 1.41421
7431.5 8 2.82843
7432.5 5 2.23607
7433.5 4 2
7434.5 10 3.16228
7435.5 5 2.23607
7436.5 7 2.64575
7437.5 4 2
7438.5 14 3.74166
7439.5 5 2.23607
7440.5 4 2
7441.5 6 2.44949
7442.5 5 2.23607
7443.5 4 2
7444.5 11 3.31662
7445.5 6 2.44949
7446.5 2 1.41421
7447.5 8 2.82843
7448.5 3 1.73205
7449.5 5 2.23607
7450.5 6 2.44949
7451.5 8 2.82843
7452.5 6 2.44949
7453.5 9 3
7454.5 3 1.73205
7455.5 9 3
7456.5 11 3.31662
7457.5 12 3.4641
7458.5 7 2.64575
7459.5 7 2.64575
7460.5 5 2.23607
7461.5 9 3
7462.5 6 2.44949
7463.5 5 2.23607
7464.5 9 3
7465.5 3 1.73205
7466.5 10 3.16228
7467.5 8 2.82843
7468.5 5 2.23607
7469.5 8 2.82843
7470.5 10 3.16228
7471.5 8 2.82843
7472.5 10 3.16228
7473.5 5 2.23607
7474.5 8 2.82843
7475.5 9 3
7476.5 8 2.82843
7477.5 4 2
7478.5 5 2.23607
7479.5 11 3.31662
7480.5 6 2.44949
7481.5 10 3.16228
7482.5 13 3.60555
7483.5 9 3
7484.5 7 2.64575
7485.5 14 3.74166
7486.5 13 3.60555
7487.5 10 3.16228
7488.5 3 1.73205
7489.5 7 2.64575
7490.5 6 2.44949
7491.5 4 2
7492.5 11 3.31662
7493.5 6 2.44949
7494.5 4 2
7495.5 3 1.73205
7496.5 4 2
7497.5 8 2.82843
7498.5 6 2.44949
7499.5 9 3
7500.5 4 2
7501.5 7 2.64575
7502.5 3 1.73205
7503.5 8 2.82843
7504.5 8 2.82843
7505.5 9 3
7506.5 5 2.23607
7507.5 6 2.44949
7508.5 9 3
7509.5 4 2
7510.5 4 2
7511.5 4 2
7512.5 6 2.44949
7513.5 7 2.64575
7514.5 8 2.82843
7515.5 8 2.82843
7516.5 11 3.31662
7517.5 6 2.44949
7518.5 8 2.82843
7519.5 5 2.23607
7520.5 4 2
7521.5 7 2.64575
7522.5 8 2.82843
7523.5 4 2
7524.5 8 2.82843
7525.5 7 2.64575
7526.5 5 2.23607
7527.5 4 2
7528.5 8 2.82843
7529.5 8 2.82843
7530.5 10 3.16228
7531.5 4 2
7532.5 4 2
7533.5 4 2
7534.5 7 2.64575
7535.5 5 2.23607
7536.5 11 3.31662
7537.5 7 2.64575
7538.5 8 2.82843
7539.5 7 2.64575
7540.5 11 3.31662
7541.5 4 2
7542.5 5 2.23607
7543.5 6 2.44949
7544.5 6 2.44949
7545.5 8 2.82843
7546.5 7 2.64575
7547.5 5 2.23607
7548.5 3 1.73205
7549.5 3 1.73205
7550.5 6 2.44949
7551.5 3 1.73205
7552.5 9 3
7553.5 8 2.82843
7554.5 7 2.64575
7555.5 6 2.44949
7556.5 7 2.64575
7557.5 9 3
7558.5 5 2.23607
7559.5 2 1.41421
7560.5 11 3.31662
7561.5 9 3
7562.5 8 2.82843
7563.5 3 1.73205
7564.5 2 1.41421
7565.5 10 3.16228
7566.5 5 2.23607
7567.5 9 3
7568.5 0 0
7569.5 7 2.64575
7570.5 8 2.82843
7571.5 4 2
7572.5 6 2.44949
7573.5 7 2.64575
7574.5 5 2.23607
7575.5 5 2.23607
7576.5 5 2.23607
7577.5 9 3
7578.5 10 3.16228
7579.5 6 2.44949
7580.5 6 2.44949
7581.5 9 3
7582.5 9 3
7583.5 6 2.44949
7584.5 3 1.73205
7585.5 8 2.82843
7586.5 9 3
7587.5 6 2.44949
7588.5 7 2.64575
7589.5 11 3.31662
7590.5 10 3.16228
7591.5 6 2.44949
7592.5 3 1.73205
7593.5 4 2
7594.5 6 2.44949
7595.5 5 2.23607
7596.5 9 3
7597.5 6 2.44949
7598.5 4 2
7599.5 8 2.82843
7600.5 4 2
7601.5 1 1
7602.5 4 2
7603.5 10 3.16228
7604.5 8 2.82843
7605.5 6 2.44949
7606.5 11 3.31662
7607.5 10 3.16228
7608.5 7 2.64575
7609.5 8 2.82843
7610.5 5 2.23607
7611.5 6 2.44949
7612.5 2 1.41421
7613.5 6 2.44949
7614.5 16 4
7615.5 7 2.64575
7616.5 8 2.82843
7617.5 6 2.44949
7618.5 6 2.44949
7619.5 4 2
7620.5 4 2
7621.5 6 2.44949
7622.5 7 2.64575
7623.5 9 3
7624.5 8 2.82843
7625.5 6 2.44949
7626.5 4 2
7627.5 4 2
7628.5 6 2.44949
7629.5 12 3.4641
7630.5 3 1.73205
7631.5 9 3
7632.5 8 2.82843
7633.5 7 2.64575
7634.5 12 3.4641
7635.5 6 2.44949
7636.5 9 3
7637.5 6 2.44949
7638.5 7 2.64575
7639.5 10 3.16228
7640.5 5 2.23607
7641.5 7 2.64575
7642.5 7 2.64575
7643.5 7 2.64575
7644.5 5 2.23607
7645.5 7 2.64575
7646.5 5 2.23607
7647.5 5 2.23607
7648.5 7 2.64575
7649.5 3 1.73205
7650.5 3 1.73205
7651.5 6 2.44949
7652.5 6 2.44949
7653.5 4 2
7654.5 7 2.64575
7655.5 9 3
7656.5 3 1.73205
7657.5 8 2.82843
7658.5 3 1.73205
7659.5 10 3.16228
7660.5 4 2
7661.5 5 2.23607
7662.5 9 3
7663.5 6 2.44949
7664.5 2 1.41421
7665.5 4 2
7666.5 6 2.44949
7667.5 7 2.64575
7668.5 5 2.23607
7669.5 4 2
7670.5 7 2.64575
7671.5 4 2
7672.5 3 1.73205
7673.5 10 3.16228
7674.5 5 2.23607
7675.5 6 2.44949
7676.5 9 3
7677.5 7 2.64575
7678.5 8 2.82843
7679.5 16 4
7680.5 6 2.44949
7681.5 5 2.23607
7682.5 7 2.64575
7683.5 6 2.44949
7684.5 10 3.16228
7685.5 9 3
7686.5 5 2.23607
7687.5 6 2.44949
7688.5 8 2.82843
7689.5 6 2.44949
7690.5 10 3.16228
7691.5 8 2.82843
7692.5 3 1.73205
7693.5 11 3.31662
7694.5 4 2
7695.5 10 3.16228
7696.5 9 3
7697.5 10 3.16228
7698.5 4 2
7699.5 3 1.73205
7700.5 7 2.64575
7701.5 2 1.41421
7702.5 9 3
7703.5 9 3
7704.5 9 3
7705.5 4 2
7706.5 5 2.23607
7707.5 10 3.16228
7708.5 3 1.73205
7709.5 7 2.64575
7710.5 6 2.44949
7711.5 7 2.64575
7712.5 10 3.16228
7713.5 13 3.60555
7714.5 9 3
7715.5 7 2.64575
7716.5 6 2.44949
7717.5 8 2.82843
7718.5 8 2.82843
7719.5 7 2.64575
7720.5 6 2.44949
7721.5 8 2.82843
7722.5 4 2
7723.5 7 2.64575
7724.5 6 2.44949
7725.5 3 1.73205
7726.5 3 1.73205
7727.5 9 3
7728.5 4 2
7729.5 6 2.44949
7730.5 5 2.23607
7731.5 3 1.73205
7732.5 10 3.16228
7733.5 2 1.41421
7734.5 7 2.64575
7735.5 11 3.31662
7736.5 1 1
7737.5 9 3
7738.5 10 3.16228
7739.5 6 2.44949
7740.5 5 2.23607
7741.5 5 2.23607
7742.5 12 3.4641
7743.5 3 1.73205
7744.5 6 2.44949
7745.5 7 2.64575
7746.5 10 3.16228
7747.5 11 3.31662
7748.5 8 2.82843
7749.5 5 2.23607
7750.5 6 2.44949
7751.5 9 3
7752.5 3 1.73205
7753.5 4 2
7754.5 5 2.23607
7755.5 6 2.44949
7756.5 10 3.16228
7757.5 3 1.73205
7758.5 2 1.41421
7759.5 7 2.64575
7760.5 4 2
7761.5 5 2.23607
7762.5 6 2.44949
7763.5 7 2.64575
7764.5 7 2.64575
7765.5 12 3.4641
7766.5 7 2.64575
7767.5 8 2.82843
7768.5 3 1.73205
7769.5 15 3.87298
7770.5 7 2.64575
7771.5 10 3.16228
7772.5 5 2.23607
7773.5 6 2.44949
7774.5 7 2.64575
7775.5 3 1.73205
7776.5 5 2.23607
7777.5 7 2.64575
7778.5 4 2
7779.5 11 3.31662
7780.5 8 2.82843
7781.5 6 2.44949
7782.5 9 3
7783.5 8 2.82843
7784.5 6 2.44949
7785.5 7 2.64575
7786.5 5 2.23607
7787.5 10 3.16228
7788.5 5 2.23607
7789.5 5 2.23607
7790.5 7 2.64575
7791.5 4 2
7792.5 6 2.44949
7793.5 11 3.31662
7794.5 6 2.44949
7795.5 7 2.64575
7796.5 8 2.82843
7797.5 10 3.16228
7798.5 3 1.73205
7799.5 5 2.23607
7800.5 9 3
7801.5 6 2.44949
7802.5 11 3.31662
7803.5 6 2.44949
7804.5 8 2.82843
7805.5 10 3.16228
7806.5 4 2
7807.5 5 2.23607
7808.5 8 2.82843
7809.5 3 1.73205
7810.5 6 2.44949
7811.5 6 2.44949
7812.5 12 3.4641
7813.5 10 3.16228
7814.5 10 3.16228
7815.5 5 2.23607
7816.5 4 2
7817.5 2 1.41421
7818.5 7 2.64575
7819.5 6 2.44949
7820.5 7 2.64575
7821.5 8 2.82843
7822.5 8 2.82843
7823.5 5 2.23607
7824.5 10 3.16228
7825.5 12 3.4641
7826.5 7 2.64575
7827.5 7 2.64575
7828.5 8 2.82843
7829.5 5 2.23607
7830.5 14 3.74166
7831.5 3 1.73205
7832.5 6 2.44949
7833.5 3 1.73205
7834.5 6 2.44949
7835.5 5 2.23607
7836.5 8 2.82843
7837.5 6 2.44949
7838.5 12 3.4641
7839.5 9 3
7840.5 11 3.31662
7841.5 7 2.64575
7842.5 8 2.82843
7843.5 13 3.60555
7844.5 7 2.64575
7845.5 7 2.64575
7846.5 9 3
7847.5 4 2
7848.5 10 3.16228
7849.5 7 2.64575
7850.5 6 2.44949
7851.5 11 3.31662
7852.5 5 2.23607
7853.5 10 3.16228
7854.5 4 2
7855.5 4 2
7856.5 12 3.4641
7857.5 7 2.64575
7858.5 7 2.64575
7859.5 5 2.23607
7860.5 9 3
7861.5 9 3
7862.5 11 3.31662
7863.5 6 2.44949
7864.5 10 3.16228
7865.5 8 2.82843
7866.5 8 2.82843
7867.5 6 2.44949
7868.5 2 1.41421
7869.5 8 2.82843
7870.5 6 2.44949
7871.5 5 2.23607
7872.5 5 2.23607
7873.5 6 2.44949
7874.5 8 2.82843
7875.5 8 2.82843
7876.5 9 3
7877.5 9 3
7878.5 6 2.44949
7879.5 11 3.31662
7880.5 3 1.73205
7881.5 10 3.16228
7882.5 5 2.23607
7883.5 6 2.44949
7884.5 11 3.31662
7885.5 8 2.82843
7886.5 5 2.23607
7887.5 10 3.16228
7888.5 6 2.44949
7889.5 11 3.31662
7890.5 6 2.44949
7891.5 8 2.82843
7892.5 3 1.73205
7893.5 2 1.41421
7894.5 9 3
7895.5 5 2.23607
7896.5 10 3.16228
7897.5 6 2.44949
7898.5 4 2
7899.5 6 2.44949
7900.5 9 3
7901.5 7 2.64575
7902.5 10 3.16228
7903.5 6 2.44949
7904.5 9 3
7905.5 4 2
7906.5 9 3
7907.5 8 2.82843
7908.5 14 3.74166
7909.5 9 3
7910.5 16 4
7911.5 5 2.23607
7912.5 10 3.16228
7913.5 7 2.64575
7914.5 13 3.60555
7915.5 10 3.16228
7916.5 11 3.31662
7917.5 13 3.60555
7918.5 16 4
7919.5 9 3
7920.5 17 4.12311
7921.5 12 3.4641
7922.5 18 4.24264
7923.5 15 3.87298
7924.5 13 3.60555
7925.5 11 3.31662
7926.5 12 3.4641
7927.5 16 4
7928.5 18 4.24264
7929.5 10 3.16228
7930.5 11 3.31662
7931.5 17 4.12311
7932.5 14 3.74166
7933.5 9 3
7934.5 12 3.4641
7935.5 15 3.87298
7936.5 19 4.3589
7937.5 6 2.44949
7938.5 9 3
7939.5 4 2
7940.5 6 2.44949
7941.5 13 3.60555
7942.5 7 2.64575
7943.5 6 2.44949
7944.5 5 2.23607
7945.5 9 3
7946.5 12 3.4641
7947.5 10 3.16228
7948.5 11 3.31662
7949.5 4 2
7950.5 9 3
7951.5 5 2.23607
7952.5 9 3
7953.5 6 2.44949
7954.5 6 2.44949
7955.5 5 2.23607
7956.5 4 2
7957.5 7 2.64575
7958.5 4 2
7959.5 10 3.16228
7960.5 6 2.44949
7961.5 5 2.23607
7962.5 8 2.82843
7963.5 17 4.12311
7964.5 7 2.64575
7965.5 9 3
7966.5 10 3.16228
7967.5 6 2.44949
7968.5 9 3
7969.5 5 2.23607
7970.5 9 3
7971.5 7 2.64575
7972.5 4 2
7973.5 7 2.64575
7974.5 4 2
7975.5 6 2.44949
7976.5 8 2.82843
7977.5 3 1.73205
7978.5 4 2
7979.5 12 3.4641
7980.5 6 2.44949
7981.5 5 2.23607
7982.5 3 1.73205
7983.5 7 2.64575
7984.5 8 2.82843
7985.5 7 2.64575
7986.5 7 2.64575
7987.5 7 2.64575
7988.5 8 2.82843
7989.5 9 3
7990.5 4 2
7991.5 4 2
7992.5 6 2.44949
7993.5 9 3
7994.5 5 2.23607
7995.5 4 2
7996.5 5 2.23607
7997.5 10 3.16228
7998.5 8 2.82843
7999.5 4 2
8000.5 5 2.23607
8001.5 7 2.64575
8002.5 5 2.23607
8003.5 6 2.44949
8004.5 9 3
8005.5 11 3.31662
8006.5 6 2.44949
8007.5 4 2
8008.5 5 2.23607
8009.5 10 3.16228
8010.5 5 2.23607
8011.5 8 2.82843
8012.5 4 2
8013.5 7 2.64575
8014.5 8 2.82843
8015.5 7 2.64575
8016.5 5 2.23607
8017.5 10 3.16228
8018.5 4 2
8019.5 8 2.82843
8020.5 13 3.60555
8021.5 1 1
8022.5 6 2.44949
8023.5 3 1.73205
8024.5 9 3
8025.5 9 3
8026.5 5 2.23607
8027.5 6 2.44949
8028.5 6 2.44949
8029.5 9 3
8030.5 10 3.16228
8031.5 12 3.4641
8032.5 7 2.64575
8033.5 4 2
8034.5 4 2
8035.5 9 3
8036.5 5 2.23607
8037.5 1 1
8038.5 10 3.16228
8039.5 7 2.64575
8040.5 8 2.82843
8041.5 9 3
8042.5 4 2
8043.5 9 3
8044.5 6 2.44949
8045.5 9 3
8046.5 6 2.44949
8047.5 5 2.23607
8048.5 8 2.82843
8049.5 8 2.82843
8050.5 9 3
8051.5 11 3.31662
8052.5 2 1.41421
8053.5 7 2.64575
8054.5 3 1.73205
8055.5 7 2.64575
8056.5 6 2.44949
8057.5 7 2.64575
8058.5 6 2.44949
8059.5 12 3.4641
8060.5 7 2.64575
8061.5 9 3
8062.5 3 1.73205
8063.5 4 2
8064.5 10 3.16228
8065.5 7 2.64575
8066.5 6 2.44949
8067.5 7 2.64575
8068.5 6 2.44949
8069.5 9 3
8070.5 6 2.44949
8071.5 7 2.64575
8072.5 6 2.44949
8073.5 9 3
8074.5 9 3
8075.5 8 2.82843
8076.5 2 1.41421
8077.5 12 3.4641
8078.5 9 3
8079.5 3 1.73205
8080.5 9 3
8081.5 5 2.23607
8082.5 7 2.64575
8083.5 7 2.64575
8084.5 6 2.44949
8085.5 5 2.23607
8086.5 6 2.44949
8087.5 10 3.16228
8088.5 5 2.23607
8089.5 6 2.44949
8090.5 9 3
8091.5 11 3.31662
8092.5 13 3.60555
8093.5 12 3.4641
8094.5 5 2.23607
8095.5 8 2.82843
8096.5 7 2.64575
8097.5 7 2.64575
8098.5 4 2
8099.5 12 3.4641
8100.5 3 1.73205
8101.5 11 3.31662
8102.5 5 2.23607
8103.5 10 3.16228
8104.5 5 2.23607
8105.5 4 2
8106.5 6 2.44949
8107.5 5 2.23607
8108.5 9 3
8109.5 6 2.44949
8110.5 6 2.44949
8111.5 9 3
8112.5 7 2.64575
8113.5 8 2.82843
8114.5 12 3.4641
8115.5 12 3.4641
8116.5 7 2.64575
8117.5 8 2.82843
8118.5 5 2.23607
8119.5 8 2.82843
8120.5 11 3.31662
8121.5 7 2.64575
8122.5 5 2.23607
8123.5 6 2.44949
8124.5 5 2.23607
8125.5 15 3.87298
8126.5 7 2.64575
8127.5 8 2.82843
8128.5 12 3.4641
8129.5 12 3.4641
8130.5 9 3
8131.5 5 2.23607
8132.5 9 3
8133.5 9 3
8134.5 7 2.64575
8135.5 13 3.60555
8136.5 10 3.16228
8137.5 12 3.4641
8138.5 14 3.74166
8139.5 14 3.74166
8140.5 21 4.58258
8141.5 18 4.24264
8142.5 19 4.3589
8143.5 15 3.87298
8144.5 24 4.89898
8145.5 24 4.89898
8146.5 21 4.58258
8147.5 25 5
8148.5 26 5.09902
8149.5 29 5.38516
8150.5 16 4
8151.5 37 6.08276
8152.5 31 5.56776
8153.5 26 5.09902
8154.5 23 4.79583
8155.5 32 5.65685
8156.5 21 4.58258
8157.5 19 4.3589
8158.5 21 4.58258
8159.5 15 3.87298
8160.5 12 3.4641
8161.5 14 3.74166
8162.5 18 4.24264
8163.5 11 3.31662
8164.5 10 3.16228
8165.5 8 2.82843
8166.5 11 3.31662
8167.5 3 1.73205
8168.5 6 2.44949
8169.5 10 3.16228
8170.5 9 3
8171.5 9 3
8172.5 14 3.74166
8173.5 5 2.23607
8174.5 7 2.64575
8175.5 9 3
8176.5 6 2.44949
8177.5 12 3.4641
8178.5 5 2.23607
8179.5 3 1.73205
8180.5 4 2
8181.5 3 1.73205
8182.5 6 2.44949
8183.5 9 3
8184.5 7 2.64575
8185.5 6 2.44949
8186.5 3 1.73205
8187.5 9 3
8188.5 6 2.44949
8189.5 10 3.16228
8190.5 10 3.16228
8191.5 6 2.44949
8192.5 7 2.64575
8193.5 5 2.23607
8194.5 11 3.31662
8195.5 5 2.23607
8196.5 12 3.4641
8197.5 8 2.82843
8198.5 8 2.82843
8199.5 7 2.64575
8200.5 6 2.44949
8201.5 9 3
8202.5 10 3.16228
8203.5 10 3.16228
8204.5 9 3
8205.5 6 2.44949
8206.5 10 3.16228
8207.5 10 3.16228
8208.5 9 3
8209.5 8 2.82843
8210.5 11 3.31662
8211.5 5 2.23607
8212.5 12 3.4641
8213.5 7 2.64575
8214.5 4 2
8215.5 6 2.44949
8216.5 9 3
8217.5 12 3.4641
8218.5 8 2.82843
8219.5 7 2.64575
8220.5 13 3.60555
8221.5 8 2.82843
8222.5 6 2.44949
8223.5 7 2.64575
8224.5 7 2.64575
8225.5 7 2.64575
8226.5 12 3.4641
8227.5 7 2.64575
8228.5 7 2.64575
8229.5 6 2.44949
8230.5 7 2.64575
8231.5 6 2.44949
8232.5 7 2.64575
8233.5 8 2.82843
8234.5 5 2.23607
8235.5 6 2.44949
8236.5 3 1.73205
8237.5 7 2.64575
8238.5 4 2
8239.5 4 2
8240.5 6 2.44949
8241.5 5 2.23607
8242.5 3 1.73205
8243.5 9 3
8244.5 2 1.41421
8245.5 9 3
8246.5 10 3.16228
8247.5 11 3.31662
8248.5 10 3.16228
8249.5 12 3.4641
8250.5 9 3
8251.5 6 2.44949
8252.5 5 2.23607
8253.5 9 3
8254.5 5 2.23607
8255.5 11 3.31662
8256.5 8 2.82843
8257.5 8 2.82843
8258.5 7 2.64575
8259.5 5 2.23607
8260.5 8 2.82843
8261.5 9 3
8262.5 10 3.16228
8263.5 7 2.64575
8264.5 7 2.64575
8265.5 7 2.64575
8266.5 6 2.44949
8267.5 8 2.82843
8268.5 6 2.44949
8269.5 8 2.82843
8270.5 6 2.44949
8271.5 13 3.60555
8272.5 11 3.31662
8273.5 7 2.64575
8274.5 9 3
8275.5 5 2.23607
8276.5 9 3
8277.5 6 2.44949
8278.5 5 2.23607
8279.5 6 2.44949
8280.5 5 2.23607
8281.5 7 2.64575
8282.5 4 2
8283.5 5 2.23607
8284.5 4 2
8285.5 10 3.16228
8286.5 3 1.73205
8287.5 11 3.31662
8288.5 5 2.23607
8289.5 5 2.23607
8290.5 8 2.82843
8291.5 6 2.44949
8292.5 7 2.64575
8293.5 11 3.31662
8294.5 9 3
8295.5 9 3
8296.5 6 2.44949
8297.5 6 2.44949
8298.5 13 3.60555
8299.5 6 2.44949
8300.5 6 2.44949
8301.5 12 3.4641
8302.5 8 2.82843
8303.5 3 1.73205
8304.5 11 3.31662
8305.5 2 1.41421
8306.5 7 2.64575
8307.5 11 3.31662
8308.5 10 3.16228
8309.5 7 2.64575
8310.5 8 2.82843
8311.5 11 3.31662
8312.5 5 2.23607
8313.5 10 3.16228
8314.5 5 2.23607
8315.5 10 3.16228
8316.5 5 2.23607
8317.5 8 2.82843
8318.5 8 2.82843
8319.5 10 3.16228
8320.5 12 3.4641
8321.5 8 2.82843
8322.5 11 3.31662
8323.5 13 3.60555
8324.5 12 3.4641
8325.5 14 3.74166
8326.5 7 2.64575
8327.5 9 3
8328.5 5 2.23607
8329.5 7 2.64575
8330.5 3 1.73205
8331.5 11 3.31662
8332.5 9 3
8333.5 7 2.64575
8334.5 8 2.82843
8335.5 7 2.64575
8336.5 6 2.44949
8337.5 6 2.44949
8338.5 2 1.41421
8339.5 6 2.44949
8340.5 8 2.82843
8341.5 9 3
8342.5 12 3.4641
8343.5 13 3.60555
8344.5 7 2.64575
8345.5 11 3.31662
8346.5 5 2.23607
8347.5 7 2.64575
8348.5 7 2.64575
8349.5 5 2.23607
8350.5 5 2.23607
8351.5 8 2.82843
8352.5 6 2.44949
8353.5 8 2.82843
8354.5 6 2.44949
8355.5 8 2.82843
8356.5 8 2.82843
8357.5 9 3
8358.5 11 3.31662
8359.5 13 3.60555
8360.5 2 1.41421
8361.5 5 2.23607
8362.5 9 3
8363.5 4 2
8364.5 8 2.82843
8365.5 10 3.16228
8366.5 14 3.74166
8367.5 2 1.41421
8368.5 10 3.16228
8369.5 7 2.64575
8370.5 5 2.23607
8371.5 9 3
8372.5 8 2.82843
8373.5 9 3
8374.5 14 3.74166
8375.5 6 2.44949
8376.5 11 3.31662
8377.5 12 3.4641
8378.5 9 3
8379.5 9 3
8380.5 6 2.44949
8381.5 8 2.82843
8382.5 7 2.64575
8383.5 6 2.44949
8384.5 11 3.31662
8385.5 9 3
8386.5 4 2
8387.5 11 3.31662
8388.5 8 2.82843
8389.5 7 2.64575
8390.5 9 3
8391.5 5 2.23607
8392.5 1 1
8393.5 6 2.44949
8394.5 4 2
8395.5 9 3
8396.5 3 1.73205
8397.5 11 3.31662
8398.5 9 3
8399.5 9 3
8400.5 12 3.4641
8401.5 5 2.23607
8402.5 6 2.44949
8403.5 9 3
8404.5 10 3.16228
8405.5 12 3.4641
8406.5 9 3
8407.5 6 2.44949
8408.5 8 2.82843
8409.5 11 3.31662
8410.5 6 2.44949
8411.5 6 2.44949
8412.5 10 3.16228
8413.5 6 2.44949
8414.5 8 2.82843
8415.5 6 2.44949
8416.5 9 3
8417.5 8 2.82843
8418.5 6 2.44949
8419.5 6 2.44949
8420.5 4 2
8421.5 10 3.16228
8422.5 8 2.82843
8423.5 5 2.23607
8424.5 12 3.4641
8425.5 6 2.44949
8426.5 11 3.31662
8427.5 7 2.64575
8428.5 6 2.44949
8429.5 9 3
8430.5 9 3
8431.5 7 2.64575
8432.5 15 3.87298
8433.5 8 2.82843
8434.5 7 2.64575
8435.5 6 2.44949
8436.5 10 3.16228
8437.5 11 3.31662
8438.5 12 3.4641
8439.5 10 3.16228
8440.5 16 4
8441.5 10 3.16228
8442.5 16 4
8443.5 12 3.4641
8444.5 7 2.64575
8445.5 9 3
8446.5 15 3.87298
8447.5 5 2.23607
8448.5 10 3.16228
8449.5 9 3
8450.5 7 2.64575
8451.5 6 2.44949
8452.5 3 1.73205
8453.5 13 3.60555
8454.5 8 2.82843
8455.5 5 2.23607
8456.5 7 2.64575
8457.5 9 3
8458.5 11 3.31662
8459.5 8 2.82843
8460.5 8 2.82843
8461.5 10 3.16228
8462.5 8 2.82843
8463.5 8 2.82843
8464.5 3 1.73205
8465.5 5 2.23607
8466.5 8 2.82843
8467.5 12 3.4641
8468.5 8 2.82843
8469.5 3 1.73205
8470.5 10 3.16228
8471.5 11 3.31662
8472.5 6 2.44949
8473.5 8 2.82843
8474.5 8 2.82843
8475.5 5 2.23607
8476.5 6 2.44949
8477.5 11 3.31662
8478.5 9 3
8479.5 6 2.44949
8480.5 7 2.64575
8481.5 6 2.44949
8482.5 6 2.44949
8483.5 13 3.60555
8484.5 10 3.16228
8485.5 1 1
8486.5 10 3.16228
8487.5 9 3
8488.5 5 2.23607
8489.5 9 3
8490.5 3 1.73205
8491.5 6 2.44949
8492.5 5 2.23607
8493.5 4 2
8494.5 10 3.16228
8495.5 7 2.64575
8496.5 7 2.64575
8497.5 7 2.64575
8498.5 12 3.4641
8499.5 5 2.23607
8500.5 5 2.23607
8501.5 12 3.4641
8502.5 4 2
8503.5 7 2.64575
8504.5 7 2.64575
8505.5 14 3.74166
8506.5 12 3.4641
8507.5 11 3.31662
8508.5 7 2.64575
8509.5 11 3.31662
8510.5 10 3.16228
8511.5 5 2.23607
8512.5 7 2.64575
8513.5 10 3.16228
8514.5 8 2.82843
8515.5 7 2.64575
8516.5 10 3.16228
8517.5 6 2.44949
8518.5 12 3.4641
8519.5 8 2.82843
8520.5 10 3.16228
8521.5 8 2.82843
8522.5 13 3.60555
8523.5 4 2
8524.5 10 3.16228
8525.5 3 1.73205
8526.5 6 2.44949
8527.5 5 2.23607
8528.5 7 2.64575
8529.5 9 3
8530.5 10 3.16228
8531.5 6 2.44949
8532.5 11 3.31662
8533.5 5 2.23607
8534.5 7 2.64575
8535.5 5 2.23607
8536.5 9 3
8537.5 8 2.82843
8538.5 10 3.16228
8539.5 10 3.16228
8540.5 7 2.64575
8541.5 6 2.44949
8542.5 8 2.82843
8543.5 5 2.23607
8544.5 8 2.82843
8545.5 6 2.44949
8546.5 5 2.23607
8547.5 10 3.16228
8548.5 5 2.23607
8549.5 8 2.82843
8550.5 8 2.82843
8551.5 7 2.64575
8552.5 9 3
8553.5 11 3.31662
8554.5 11 3.31662
8555.5 5 2.23607
8556.5 11 3.31662
8557.5 15 3.87298
8558.5 7 2.64575
8559.5 12 3.4641
8560.5 9 3
8561.5 5 2.23607
8562.5 5 2.23607
8563.5 7 2.64575
8564.5 8 2.82843
8565.5 10 3.16228
8566.5 10 3.16228
8567.5 16 4
8568.5 10 3.16228
8569.5 11 3.31662
8570.5 10 3.16228
8571.5 7 2.64575
8572.5 10 3.16228
8573.5 10 3.16228
8574.5 6 2.44949
8575.5 4 2
8576.5 10 3.16228
8577.5 9 3
8578.5 4 2
8579.5 7 2.64575
8580.5 10 3.16228
8581.5 8 2.82843
8582.5 7 2.64575
8583.5 12 3.4641
8584.5 5 2.23607
8585.5 8 2.82843
8586.5 5 2.23607
8587.5 14 3.74166
8588.5 10 3.16228
8589.5 17 4.12311
8590.5 4 2
8591.5 6 2.44949
8592.5 5 2.23607
8593.5 7 2.64575
8594.5 9 3
8595.5 9 3
8596.5 6 2.44949
8597.5 12 3.4641
8598.5 7 2.64575
8599.5 6 2.44949
8600.5 12 3.4641
8601.5 14 3.74166
8602.5 10 3.16228
8603.5 12 3.4641
8604.5 3 1.73205
8605.5 10 3.16228
8606.5 11 3.31662
8607.5 2 1.41421
8608.5 5 2.23607
8609.5 10 3.16228
8610.5 8 2.82843
8611.5 8 2.82843
8612.5 6 2.44949
8613.5 5 2.23607
8614.5 9 3
8615.5 5 2.23607
8616.5 12 3.4641
8617.5 5 2.23607
8618.5 12 3.4641
8619.5 7 2.64575
8620.5 11 3.31662
8621.5 4 2
8622.5 16 4
8623.5 12 3.4641
8624.5 5 2.23607
8625.5 9 3
8626.5 13 3.60555
8627.5 8 2.82843
8628.5 7 2.64575
8629.5 4 2
8630.5 12 3.4641
8631.5 5 2.23607
8632.5 4 2
8633.5 7 2.64575
8634.5 15 3.87298
8635.5 7 2.64575
8636.5 6 2.44949
8637.5 12 3.4641
8638.5 8 2.82843
8639.5 8 2.82843
8640.5 9 3
8641.5 6 2.44949
8642.5 4 2
8643.5 7 2.64575
8644.5 9 3
8645.5 10 3.16228
8646.5 3 1.73205
8647.5 3 1.73205
8648.5 10 3.16228
8649.5 7 2.64575
8650.5 6 2.44949
8651.5 4 2
8652.5 8 2.82843
8653.5 5 2.23607
8654.5 3 1.73205
8655.5 7 2.64575
8656.5 8 2.82843
8657.5 14 3.74166
8658.5 10 3.16228
8659.5 7 2.64575
8660.5 8 2.82843
8661.5 7 2.64575
8662.5 7 2.64575
8663.5 11 3.31662
8664.5 6 2.44949
8665.5 5 2.23607
8666.5 10 3.16228
8667.5 4 2
8668.5 13 3.60555
8669.5 6 2.44949
8670.5 11 3.31662
8671.5 11 3.31662
8672.5 9 3
8673.5 6 2.44949
8674.5 7 2.64575
8675.5 11 3.31662
8676.5 13 3.60555
8677.5 9 3
8678.5 15 3.87298
8679.5 7 2.64575
8680.5 8 2.82843
8681.5 7 2.64575
8682.5 8 2.82843
8683.5 5 2.23607
8684.5 9 3
8685.5 7 2.64575
8686.5 9 3
8687.5 6 2.44949
8688.5 11 3.31662
8689.5 9 3
8690.5 8 2.82843
8691.5 10 3.16228
8692.5 8 2.82843
8693.5 7 2.64575
8694.5 10 3.16228
8695.5 8 2.82843
8696.5 6 2.44949
8697.5 8 2.82843
8698.5 6 2.44949
8699.5 6 2.44949
8700.5 6 2.44949
8701.5 8 2.82843
8702.5 9 3
8703.5 4 2
8704.5 6 2.44949
8705.5 10 3.16228
8706.5 9 3
8707.5 10 3.16228
8708.5 11 3.31662
8709.5 15 3.87298
8710.5 10 3.16228
8711.5 11 3.31662
8712.5 11 3.31662
8713.5 5 2.23607
8714.5 10 3.16228
8715.5 5 2.23607
8716.5 5 2.23607
8717.5 7 2.64575
8718.5 8 2.82843
8719.5 8 2.82843
8720.5 9 3
8721.5 11 3.31662
8722.5 10 3.16228
8723.5 10 3.16228
8724.5 5 2.23607
8725.5 6 2.44949
8726.5 12 3.4641
8727.5 8 2.82843
8728.5 6 2.44949
8729.5 7 2.64575
8730.5 13 3.60555
8731.5 9 3
8732.5 7 2.64575
8733.5 5 2.23607
8734.5 7 2.64575
8735.5 10 3.16228
8736.5 10 3.16228
8737.5 5 2.23607
8738.5 8 2.82843
8739.5 11 3.31662
8740.5 9 3
8741.5 8 2.82843
8742.5 6 2.44949
8743.5 3 1.73205
8744.5 9 3
8745.5 9 3
8746.5 6 2.44949
8747.5 6 2.44949
8748.5 8 2.82843
8749.5 8 2.82843
8750.5 9 3
8751.5 10 3.16228
8752.5 12 3.4641
8753.5 6 2.44949
8754.5 9 3
8755.5 8 2.82843
8756.5 12 3.4641
8757.5 7 2.64575
8758.5 4 2
8759.5 11 3.31662
8760.5 7 2.64575
8761.5 8 2.82843
8762.5 10 3.16228
8763.5 7 2.64575
8764.5 6 2.44949
8765.5 5 2.23607
8766.5 7 2.64575
8767.5 8 2.82843
8768.5 9 3
8769.5 4 2
8770.5 7 2.64575
8771.5 9 3
8772.5 6 2.44949
8773.5 5 2.23607
8774.5 6 2.44949
8775.5 10 3.16228
8776.5 8 2.82843
8777.5 8 2.82843
8778.5 8 2.82843
8779.5 11 3.31662
8780.5 10 3.16228
8781.5 9 3
8782.5 8 2.82843
8783.5 13 3.60555
8784.5 10 3.16228
8785.5 7 2.64575
8786.5 9 3
8787.5 14 3.74166
8788.5 5 2.23607
8789.5 6 2.44949
8790.5 12 3.4641
8791.5 6 2.44949
8792.5 12 3.4641
8793.5 3 1.73205
8794.5 8 2.82843
8795.5 10 3.16228
8796.5 5 2.23607
8797.5 5 2.23607
8798.5 5 2.23607
8799.5 6 2.44949
8800.5 6 2.44949
8801.5 6 2.44949
8802.5 10 3.16228
8803.5 7 2.64575
8804.5 9 3
8805.5 5 2.23607
8806.5 10 3.16228
8807.5 9 3
8808.5 7 2.64575
8809.5 5 2.23607
8810.5 7 2.64575
8811.5 3 1.73205
8812.5 5 2.23607
8813.5 9 3
8814.5 10 3.16228
8815.5 9 3
8816.5 10 3.16228
8817.5 13 3.60555
8818.5 5 2.23607
8819.5 8 2.82843
8820.5 11 3.31662
8821.5 7 2.64575
8822.5 8 2.82843
8823.5 13 3.60555
8824.5 6 2.44949
8825.5 11 3.31662
8826.5 5 2.23607
8827.5 8 2.82843
8828.5 12 3.4641
8829.5 4 2
8830.5 6 2.44949
8831.5 8 2.82843
8832.5 8 2.82843
8833.5 13 3.60555
8834.5 4 2
8835.5 14 3.74166
8836.5 13 3.60555
8837.5 9 3
8838.5 7 2.64575
8839.5 7 2.64575
8840.5 15 3.87298
8841.5 9 3
8842.5 14 3.74166
8843.5 9 3
8844.5 11 3.31662
8845.5 11 3.31662
8846.5 9 3
8847.5 10 3.16228
8848.5 8 2.82843
8849.5 12 3.4641
8850.5 4 2
8851.5 10 3.16228
8852.5 8 2.82843
8853.5 8 2.82843
8854.5 9 3
8855.5 4 2
8856.5 9 3
8857.5 12 3.4641
8858.5 9 3
8859.5 8 2.82843
8860.5 16 4
8861.5 11 3.31662
8862.5 12 3.4641
8863.5 6 2.44949
8864.5 13 3.60555
8865.5 12 3.4641
8866.5 10 3.16228
8867.5 6 2.44949
8868.5 11 3.31662
8869.5 4 2
8870.5 6 2.44949
8871.5 16 4
8872.5 9 3
8873.5 10 3.16228
8874.5 13 3.60555
8875.5 10 3.16228
8876.5 4 2
8877.5 9 3
8878.5 12 3.4641
8879.5 6 2.44949
8880.5 12 3.4641
8881.5 14 3.74166
8882.5 9 3
8883.5 11 3.31662
8884.5 8 2.82843
8885.5 14 3.74166
8886.5 16 4
8887.5 10 3.16228
8888.5 3 1.73205
8889.5 11 3.31662
8890.5 4 2
8891.5 9 3
8892.5 11 3.31662
8893.5 9 3
8894.5 9 3
8895.5 9 3
8896.5 11 3.31662
8897.5 13 3.60555
8898.5 10 3.16228
8899.5 5 2.23607
8900.5 3 1.73205
8901.5 11 3.31662
8902.5 13 3.60555
8903.5 6 2.44949
8904.5 11 3.31662
8905.5 7 2.64575
8906.5 9 3
8907.5 10 3.16228
8908.5 9 3
8909.5 10 3.16228
8910.5 7 2.64575
8911.5 6 2.44949
8912.5 10 3.16228
8913.5 9 3
8914.5 5 2.23607
8915.5 12 3.4641
8916.5 6 2.44949
8917.5 7 2.64575
8918.5 7 2.64575
8919.5 4 2
8920.5 8 2.82843
8921.5 11 3.31662
8922.5 11 3.31662
8923.5 11 3.31662
8924.5 2 1.41421
8925.5 10 3.16228
8926.5 9 3
8927.5 11 3.31662
8928.5 7 2.64575
8929.5 8 2.82843
8930.5 7 2.64575
8931.5 6 2.44949
8932.5 8 2.82843
8933.5 3 1.73205
8934.5 6 2.44949
8935.5 10 3.16228
8936.5 6 2.44949
8937.5 8 2.82843
8938.5 11 3.31662
8939.5 9 3
8940.5 4 2
8941.5 13 3.60555
8942.5 5 2.23607
8943.5 8 2.82843
8944.5 10 3.16228
8945.5 8 2.82843
8946.5 8 2.82843
8947.5 11 3.31662
8948.5 14 3.74166
8949.5 9 3
8950.5 7 2.64575
8951.5 8 2.82843
8952.5 14 3.74166
8953.5 7 2.64575
8954.5 10 3.16228
8955.5 14 3.74166
8956.5 9 3
8957.5 6 2.44949
8958.5 13 3.60555
8959.5 9 3
8960.5 4 2
8961.5 13 3.60555
8962.5 9 3
8963.5 11 3.31662
8964.5 2 1.41421
8965.5 7 2.64575
8966.5 9 3
8967.5 2 1.41421
8968.5 10 3.16228
8969.5 17 4.12311
8970.5 7 2.64575
8971.5 9 3
8972.5 10 3.16228
8973.5 6 2.44949
8974.5 13 3.60555
8975.5 7 2.64575
8976.5 9 3
8977.5 14 3.74166
8978.5 4 2
8979.5 10 3.16228
8980.5 15 3.87298
8981.5 7 2.64575
8982.5 7 2.64575
8983.5 13 3.60555
8984.5 6 2.44949
8985.5 5 2.23607
8986.5 13 3.60555
8987.5 11 3.31662
8988.5 7 2.64575
8989.5 7 2.64575
8990.5 7 2.64575
8991.5 14 3.74166
8992.5 9 3
8993.5 6 2.44949
8994.5 8 2.82843
8995.5 8 2.82843
8996.5 10 3.16228
8997.5 10 3.16228
8998.5 8 2.82843
8999.5 6 2.44949
9000.5 8 2.82843
9001.5 13 3.60555
9002.5 10 3.16228
9003.5 8 2.82843
9004.5 9 3
9005.5 10 3.16228
9006.5 4 2
9007.5 6 2.44949
9008.5 8 2.82843
9009.5 11 3.31662
9010.5 18 4.24264
9011.5 8 2.82843
9012.5 13 3.60555
9013.5 12 3.4641
9014.5 4 2
9015.5 8 2.82843
9016.5 13 3.60555
9017.5 14 3.74166
9018.5 10 3.16228
9019.5 6 2.44949
9020.5 15 3.87298
9021.5 11 3.31662
9022.5 8 2.82843
9023.5 9 3
9024.5 11 3.31662
9025.5 8 2.82843
9026.5 14 3.74166
9027.5 7 2.64575
9028.5 15 3.87298
9029.5 6 2.44949
9030.5 7 2.64575
9031.5 16 4
9032.5 6 2.44949
9033.5 5 2.23607
9034.5 10 3.16228
9035.5 13 3.60555
9036.5 11 3.31662
9037.5 7 2.64575
9038.5 10 3.16228
9039.5 11 3.31662
9040.5 10 3.16228
9041.5 11 3.31662
9042.5 13 3.60555
9043.5 12 3.4641
9044.5 16 4
9045.5 6 2.44949
9046.5 14 3.74166
9047.5 12 3.4641
9048.5 13 3.60555
9049.5 11 3.31662
9050.5 8 2.82843
9051.5 6 2.44949
9052.5 8 2.82843
9053.5 10 3.16228
9054.5 7 2.64575
9055.5 8 2.82843
9056.5 11 3.31662
9057.5 8 2.82843
9058.5 10 3.16228
9059.5 10 3.16228
9060.5 10 3.16228
9061.5 10 3.16228
9062.5 14 3.74166
9063.5 11 3.31662
9064.5 5 2.23607
9065.5 6 2.44949
9066.5 6 2.44949
9067.5 9 3
9068.5 9 3
9069.5 5 2.23607
9070.5 19 4.3589
9071.5 5 2.23607
9072.5 13 3.60555
9073.5 9 3
9074.5 6 2.44949
9075.5 12 3.4641
9076.5 16 4
9077.5 11 3.31662
9078.5 18 4.24264
9079.5 6 2.44949
9080.5 8 2.82843
9081.5 6 2.44949
9082.5 13 3.60555
9083.5 13 3.60555
9084.5 17 4.12311
9085.5 8 2.82843
9086.5 14 3.74166
9087.5 10 3.16228
9088.5 8 2.82843
9089.5 13 3.60555
9090.5 15 3.87298
9091.5 7 2.64575
9092.5 18 4.24264
9093.5 7 2.64575
9094.5 14 3.74166
9095.5 11 3.31662
9096.5 14 3.74166
9097.5 15 3.87298
9098.5 7 2.64575
9099.5 7 2.64575
9100.5 6 2.44949
9101.5 7 2.64575
9102.5 6 2.44949
9103.5 13 3.60555
9104.5 5 2.23607
9105.5 5 2.23607
9106.5 7 2.64575
9107.5 9 3
9108.5 11 3.31662
9109.5 14 3.74166
9110.5 5 2.23607
9111.5 8 2.82843
9112.5 17 4.12311
9113.5 7 2.64575
9114.5 7 2.64575
9115.5 11 3.31662
9116.5 15 3.87298
9117.5 6 2.44949
9118.5 8 2.82843
9119.5 10 3.16228
9120.5 15 3.87298
9121.5 11 3.31662
9122.5 10 3.16228
9123.5 12 3.4641
9124.5 7 2.64575
9125.5 14 3.74166
9126.5 7 2.64575
9127.5 14 3.74166
9128.5 7 2.64575
9129.5 5 2.23607
9130.5 13 3.60555
9131.5 7 2.64575
9132.5 10 3.16228
9133.5 20 4.47214
9134.5 9 3
9135.5 11 3.31662
9136.5 2 1.41421
9137.5 11 3.31662
9138.5 7 2.64575
9139.5 4 2
9140.5 11 3.31662
9141.5 7 2.64575
9142.5 12 3.4641
9143.5 9 3
9144.5 9 3
9145.5 15 3.87298
9146.5 7 2.64575
9147.5 11 3.31662
9148.5 9 3
9149.5 7 2.64575
9150.5 8 2.82843
9151.5 10 3.16228
9152.5 15 3.87298
9153.5 15 3.87298
9154.5 12 3.4641
9155.5 9 3
9156.5 10 3.16228
9157.5 11 3.31662
9158.5 7 2.64575
9159.5 13 3.60555
9160.5 15 3.87298
9161.5 10 3.16228
9162.5 9 3
9163.5 11 3.31662
9164.5 6 2.44949
9165.5 9 3
9166.5 13 3.60555
9167.5 12 3.4641
9168.5 9 3
9169.5 6 2.44949
9170.5 12 3.4641
9171.5 6 2.44949
9172.5 5 2.23607
9173.5 7 2.64575
9174.5 11 3.31662
9175.5 11 3.31662
9176.5 8 2.82843
9177.5 15 3.87298
9178.5 9 3
9179.5 11 3.31662
9180.5 14 3.74166
9181.5 6 2.44949
9182.5 10 3.16228
9183.5 12 3.4641
9184.5 14 3.74166
9185.5 14 3.74166
9186.5 8 2.82843
9187.5 14 3.74166
9188.5 7 2.64575
9189.5 10 3.16228
9190.5 9 3
9191.5 11 3.31662
9192.5 7 2.64575
9193.5 7 2.64575
9194.5 11 3.31662
9195.5 14 3.74166
9196.5 8 2.82843
9197.5 5 2.23607
9198.5 16 4
9199.5 15 3.87298
9200.5 6 2.44949
9201.5 12 3.4641
9202.5 9 3
9203.5 9 3
9204.5 10 3.16228
9205.5 12 3.4641
9206.5 13 3.60555
9207.5 8 2.82843
9208.5 7 2.64575
9209.5 11 3.31662
9210.5 8 2.82843
9211.5 3 1.73205
9212.5 12 3.4641
9213.5 14 3.74166
9214.5 8 2.82843
9215.5 10 3.16228
9216.5 15 3.87298
9217.5 14 3.74166
9218.5 9 3
9219.5 9 3
9220.5 11 3.31662
9221.5 8 2.82843
9222.5 12 3.4641
9223.5 11 3.31662
9224.5 11 3.31662
9225.5 10 3.16228
9226.5 12 3.4641
9227.5 8 2.82843
9228.5 12 3.4641
9229.5 5 2.23607
9230.5 14 3.74166
9231.5 11 3.31662
9232.5 7 2.64575
9233.5 9 3
9234.5 12 3.4641
9235.5 6 2.44949
9236.5 8 2.82843
9237.5 9 3
9238.5 13 3.60555
9239.5 16 4
9240.5 9 3
9241.5 11 3.31662
9242.5 7 2.64575
9243.5 10 3.16228
9244.5 12 3.4641
9245.5 13 3.60555
9246.5 8 2.82843
9247.5 15 3.87298
9248.5 11 3.31662
9249.5 12 3.4641
9250.5 15 3.87298
9251.5 6 2.44949
9252.5 18 4.24264
9253.5 12 3.4641
9254.5 6 2.44949
9255.5 12 3.4641
9256.5 7 2.64575
9257.5 13 3.60555
9258.5 9 3
9259.5 12 3.4641
9260.5 14 3.74166
9261.5 9 3
9262.5 7 2.64575
9263.5 9 3
9264.5 13 3.60555
9265.5 10 3.16228
9266.5 10 3.16228
9267.5 7 2.64575
9268.5 4 2
9269.5 2 1.41421
9270.5 11 3.31662
9271.5 9 3
9272.5 5 2.23607
9273.5 17 4.12311
9274.5 10 3.16228
9275.5 5 2.23607
9276.5 12 3.4641
9277.5 4 2
9278.5 11 3.31662
9279.5 12 3.4641
9280.5 10 3.16228
9281.5 13 3.60555
9282.5 9 3
9283.5 8 2.82843
9284.5 9 3
9285.5 10 3.16228
9286.5 12 3.4641
9287.5 8 2.82843
9288.5 12 3.4641
9289.5 12 3.4641
9290.5 9 3
9291.5 15 3.87298
9292.5 12 3.4641
9293.5 16 4
9294.5 11 3.31662
9295.5 9 3
9296.5 9 3
9297.5 9 3
9298.5 12 3.4641
9299.5 10 3.16228
9300.5 8 2.82843
9301.5 10 3.16228
9302.5 6 2.44949
9303.5 14 3.74166
9304.5 21 4.58258
9305.5 7 2.64575
9306.5 8 2.82843
9307.5 7 2.64575
9308.5 8 2.82843
9309.5 10 3.16228
9310.5 12 3.4641
9311.5 9 3
9312.5 8 2.82843
9313.5 9 3
9314.5 13 3.60555
9315.5 12 3.4641
9316.5 11 3.31662
9317.5 6 2.44949
9318.5 17 4.12311
9319.5 11 3.31662
9320.5 8 2.82843
9321.5 16 4
9322.5 9 3
9323.5 11 3.31662
9324.5 7 2.64575
9325.5 20 4.47214
9326.5 14 3.74166
9327.5 16 4
9328.5 9 3
9329.5 12 3.4641
9330.5 7 2.64575
9331.5 11 3.31662
9332.5 11 3.31662
9333.5 11 3.31662
9334.5 12 3.4641
9335.5 14 3.74166
9336.5 17 4.12311
9337.5 12 3.4641
9338.5 18 4.24264
9339.5 6 2.44949
9340.5 14 3.74166
9341.5 9 3
9342.5 12 3.4641
9343.5 10 3.16228
9344.5 8 2.82843
9345.5 14 3.74166
9346.5 21 4.58258
9347.5 9 3
9348.5 15 3.87298
9349.5 16 4
9350.5 10 3.16228
9351.5 11 3.31662
9352.5 6 2.44949
9353.5 15 3.87298
9354.5 4 2
9355.5 9 3
9356.5 19 4.3589
9357.5 9 3
9358.5 9 3
9359.5 11 3.31662
9360.5 9 3
9361.5 8 2.82843
9362.5 10 3.16228
9363.5 19 4.3589
9364.5 11 3.31662
9365.5 8 2.82843
9366.5 13 3.60555
9367.5 6 2.44949
9368.5 17 4.12311
9369.5 12 3.4641
9370.5 12 3.4641
9371.5 9 3
9372.5 7 2.64575
9373.5 9 3
9374.5 10 3.16228
9375.5 8 2.82843
9376.5 10 3.16228
9377.5 9 3
9378.5 12 3.4641
9379.5 5 2.23607
9380.5 9 3
9381.5 12 3.4641
9382.5 13 3.60555
9383.5 10 3.16228
9384.5 9 3
9385.5 10 3.16228
9386.5 14 3.74166
9387.5 17 4.12311
9388.5 12 3.4641
9389.5 6 2.44949
9390.5 19 4.3589
9391.5 9 3
9392.5 8 2.82843
9393.5 22 4.69042
9394.5 15 3.87298
9395.5 9 3
9396.5 9 3
9397.5 11 3.31662
9398.5 10 3.16228
9399.5 18 4.24264
9400.5 12 3.4641
9401.5 8 2.82843
9402.5 17 4.12311
9403.5 12 3.4641
9404.5 18 4.24264
9405.5 17 4.12311
9406.5 11 3.31662
9407.5 9 3
9408.5 11 3.31662
9409.5 13 3.60555
9410.5 14 3.74166
9411.5 5 2.23607
9412.5 12 3.4641
9413.5 11 3.31662
9414.5 9 3
9415.5 10 3.16228
9416.5 10 3.16228
9417.5 8 2.82843
9418.5 9 3
9419.5 6 2.44949
9420.5 6 2.44949
9421.5 14 3.74166
9422.5 15 3.87298
9423.5 18 4.24264
9424.5 13 3.60555
9425.5 8 2.82843
9426.5 13 3.60555
9427.5 14 3.74166
9428.5 14 3.74166
9429.5 8 2.82843
9430.5 8 2.82843
9431.5 11 3.31662
9432.5 14 3.74166
9433.5 13 3.60555
9434.5 16 4
9435.5 15 3.87298
9436.5 9 3
9437.5 10 3.16228
9438.5 10 3.16228
9439.5 9 3
9440.5 6 2.44949
9441.5 16 4
9442.5 14 3.74166
9443.5 9 3
9444.5 12 3.4641
9445.5 12 3.4641
9446.5 20 4.47214
9447.5 6 2.44949
9448.5 10 3.16228
9449.5 13 3.60555
9450.5 6 2.44949
9451.5 8 2.82843
9452.5 12 3.4641
9453.5 12 3.4641
9454.5 12 3.4641
9455.5 16 4
9456.5 14 3.74166
9457.5 13 3.60555
9458.5 15 3.87298
9459.5 6 2.44949
9460.5 6 2.44949
9461.5 10 3.16228
9462.5 15 3.87298
9463.5 11 3.31662
9464.5 14 3.74166
9465.5 11 3.31662
9466.5 9 3
9467.5 7 2.64575
9468.5 8 2.82843
9469.5 11 3.31662
9470.5 16 4
9471.5 8 2.82843
9472.5 10 3.16228
9473.5 14 3.74166
9474.5 14 3.74166
9475.5 15 3.87298
9476.5 6 2.44949
9477.5 16 4
9478.5 14 3.74166
9479.5 11 3.31662
9480.5 15 3.87298
9481.5 8 2.82843
9482.5 7 2.64575
9483.5 13 3.60555
9484.5 7 2.64575
9485.5 11 3.31662
9486.5 17 4.12311
9487.5 11 3.31662
9488.5 8 2.82843
9489.5 9 3
9490.5 14 3.74166
9491.5 13 3.60555
9492.5 18 4.24264
9493.5 18 4.24264
9494.5 9 3
9495.5 12 3.4641
9496.5 12 3.4641
9497.5 14 3.74166
9498.5 7 2.64575
9499.5 11 3.31662
9500.5 8 2.82843
9501.5 10 3.16228
9502.5 12 3.4641
9503.5 14 3.74166
9504.5 12 3.4641
9505.5 15 3.87298
9506.5 17 4.12311
9507.5 15 3.87298
9508.5 12 3.4641
9509.5 9 3
9510.5 18 4.24264
9511.5 11 3.31662
9512.5 16 4
9513.5 16 4
9514.5 6 2.44949
9515.5 12 3.4641
9516.5 15 3.87298
9517.5 12 3.4641
9518.5 11 3.31662
9519.5 13 3.60555
9520.5 15 3.87298
9521.5 11 3.31662
9522.5 10 3.16228
9523.5 18 4.24264
9524.5 13 3.60555
9525.5 7 2.64575
9526.5 9 3
9527.5 9 3
9528.5 15 3.87298
9529.5 9 3
9530.5 13 3.60555
9531.5 11 3.31662
9532.5 17 4.12311
9533.5 10 3.16228
9534.5 12 3.4641
9535.5 13 3.60555
9536.5 17 4.12311
9537.5 13 3.60555
9538.5 10 3.16228
9539.5 14 3.74166
9540.5 11 3.31662
9541.5 20 4.47214
9542.5 14 3.74166
9543.5 15 3.87298
9544.5 10 3.16228
9545.5 12 3.4641
9546.5 10 3.16228
9547.5 16 4
9548.5 16 4
9549.5 18 4.24264
9550.5 16 4
9551.5 15 3.87298
9552.5 13 3.60555
9553.5 6 2.44949
9554.5 8 2.82843
9555.5 7 2.64575
9556.5 17 4.12311
9557.5 16 4
9558.5 13 3.60555
9559.5 4 2
9560.5 11 3.31662
9561.5 16 4
9562.5 11 3.31662
9563.5 7 2.64575
9564.5 20 4.47214
9565.5 19 4.3589
9566.5 15 3.87298
9567.5 9 3
9568.5 19 4.3589
9569.5 23 4.79583
9570.5 20 4.47214
9571.5 10 3.16228
9572.5 14 3.74166
9573.5 14 3.74166
9574.5 15 3.87298
9575.5 11 3.31662
9576.5 7 2.64575
9577.5 14 3.74166
9578.5 26 5.09902
9579.5 7 2.64575
9580.5 20 4.47214
9581.5 13 3.60555
9582.5 15 3.87298
9583.5 10 3.16228
9584.5 8 2.82843
9585.5 10 3.16228
9586.5 11 3.31662
9587.5 20 4.47214
9588.5 14 3.74166
9589.5 15 3.87298
9590.5 9 3
9591.5 12 3.4641
9592.5 8 2.82843
9593.5 14 3.74166
9594.5 15 3.87298
9595.5 14 3.74166
9596.5 11 3.31662
9597.5 13 3.60555
9598.5 11 3.31662
9599.5 23 4.79583
9600.5 17 4.12311
9601.5 17 4.12311
9602.5 12 3.4641
9603.5 17 4.12311
9604.5 17 4.12311
9605.5 12 3.4641
9606.5 14 3.74166
9607.5 5 2.23607
9608.5 15 3.87298
9609.5 19 4.3589
9610.5 17 4.12311
9611.5 15 3.87298
9612.5 16 4
9613.5 13 3.60555
9614.5 12 3.4641
9615.5 12 3.4641
9616.5 10 3.16228
9617.5 13 3.60555
9618.5 12 3.4641
9619.5 12 3.4641
9620.5 15 3.87298
9621.5 15 3.87298
9622.5 9 3
9623.5 12 3.4641
9624.5 17 4.12311
9625.5 10 3.16228
9626.5 8 2.82843
9627.5 9 3
9628.5 8 2.82843
9629.5 14 3.74166
9630.5 8 2.82843
9631.5 17 4.12311
9632.5 15 3.87298
9633.5 9 3
9634.5 10 3.16228
9635.5 10 3.16228
9636.5 11 3.31662
9637.5 11 3.31662
9638.5 13 3.60555
9639.5 11 3.31662
9640.5 12 3.4641
9641.5 8 2.82843
9642.5 15 3.87298
9643.5 16 4
9644.5 9 3
9645.5 11 3.31662
9646.5 16 4
9647.5 21 4.58258
9648.5 14 3.74166
9649.5 9 3
9650.5 10 3.16228
9651.5 13 3.60555
9652.5 16 4
9653.5 13 3.60555
9654.5 14 3.74166
9655.5 11 3.31662
9656.5 12 3.4641
9657.5 13 3.60555
9658.5 13 3.60555
9659.5 20 4.47214
9660.5 15 3.87298
9661.5 14 3.74166
9662.5 12 3.4641
9663.5 11 3.31662
9664.5 14 3.74166
9665.5 17 4.12311
9666.5 17 4.12311
9667.5 11 3.31662
9668.5 22 4.69042
9669.5 15 3.87298
9670.5 14 3.74166
9671.5 9 3
9672.5 11 3.31662
9673.5 13 3.60555
9674.5 23 4.79583
9675.5 8 2.82843
9676.5 20 4.47214
9677.5 11 3.31662
9678.5 9 3
9679.5 10 3.16228
9680.5 9 3
9681.5 12 3.4641
9682.5 11 3.31662
9683.5 22 4.69042
9684.5 9 3
9685.5 9 3
9686.5 12 3.4641
9687.5 6 2.44949
9688.5 17 4.12311
9689.5 4 2
9690.5 13 3.60555
9691.5 11 3.31662
9692.5 9 3
9693.5 10 3.16228
9694.5 13 3.60555
9695.5 11 3.31662
9696.5 6 2.44949
9697.5 9 3
9698.5 14 3.74166
9699.5 16 4
9700.5 7 2.64575
9701.5 11 3.31662
9702.5 15 3.87298
9703.5 12 3.4641
9704.5 9 3
9705.5 5 2.23607
9706.5 8 2.82843
9707.5 10 3.16228
9708.5 10 3.16228
9709.5 3 1.73205
9710.5 9 3
9711.5 4 2
9712.5 9 3
9713.5 22 4.69042
9714.5 11 3.31662
9715.5 12 3.4641
9716.5 7 2.64575
9717.5 9 3
9718.5 4 2
9719.5 6 2.44949
9720.5 12 3.4641
9721.5 10 3.16228
9722.5 7 2.64575
9723.5 8 2.82843
9724.5 7 2.64575
9725.5 9 3
9726.5 9 3
9727.5 1 1
9728.5 6 2.44949
9729.5 8 2.82843
9730.5 8 2.82843
9731.5 9 3
9732.5 5 2.23607
9733.5 15 3.87298
9734.5 5 2.23607
9735.5 7 2.64575
9736.5 7 2.64575
9737.5 12 3.4641
9738.5 9 3
9739.5 12 3.4641
9740.5 8 2.82843
9741.5 12 3.4641
9742.5 7 2.64575
9743.5 6 2.44949
9744.5 11 3.31662
9745.5 5 2.23607
9746.5 14 3.74166
9747.5 9 3
9748.5 10 3.16228
9749.5 11 3.31662
9750.5 6 2.44949
9751.5 13 3.60555
9752.5 9 3
9753.5 6 2.44949
9754.5 5 2.23607
9755.5 5 2.23607
9756.5 14 3.74166
9757.5 7 2.64575
9758.5 15 3.87298
9759.5 6 2.44949
9760.5 7 2.64575
9761.5 9 3
9762.5 9 3
9763.5 7 2.64575
9764.5 9 3
9765.5 8 2.82843
9766.5 6 2.44949
9767.5 10 3.16228
9768.5 10 3.16228
9769.5 5 2.23607
9770.5 7 2.64575
9771.5 8 2.82843
9772.5 5 2.23607
9773.5 6 2.44949
9774.5 5 2.23607
9775.5 2 1.41421
9776.5 10 3.16228
9777.5 7 2.64575
9778.5 8 2.82843
9779.5 8 2.82843
9780.5 13 3.60555
9781.5 8 2.82843
9782.5 8 2.82843
9783.5 8 2.82843
9784.5 8 2.82843
9785.5 4 2
9786.5 10 3.16228
9787.5 3 1.73205
9788.5 8 2.82843
9789.5 8 2.82843
9790.5 7 2.64575
9791.5 6 2.44949
9792.5 7 2.64575
9793.5 7 2.64575
9794.5 10 3.16228
9795.5 11 3.31662
9796.5 8 2.82843
9797.5 11 3.31662
9798.5 7 2.64575
9799.5 5 2.23607
9800.5 9 3
9801.5 7 2.64575
9802.5 11 3.31662
9803.5 6 2.44949
9804.5 10 3.16228
9805.5 11 3.31662
9806.5 9 3
9807.5 8 2.82843
9808.5 6 2.44949
9809.5 10 3.16228
9810.5 9 3
9811.5 10 3.16228
9812.5 9 3
9813.5 4 2
9814.5 10 3.16228
9815.5 16 4
9816.5 7 2.64575
9817.5 5 2.23607
9818.5 7 2.64575
9819.5 6 2.44949
9820.5 6 2.44949
9821.5 7 2.64575
9822.5 9 3
9823.5 10 3.16228
9824.5 11 3.31662
9825.5 3 1.73205
9826.5 6 2.44949
9827.5 10 3.16228
9828.5 5 2.23607
9829.5 6 2.44949
9830.5 6 2.44949
9831.5 7 2.64575
9832.5 12 3.4641
9833.5 3 1.73205
9834.5 10 3.16228
9835.5 8 2.82843
9836.5 9 3
9837.5 11 3.31662
9838.5 6 2.44949
9839.5 4 2
9840.5 3 1.73205
9841.5 5 2.23607
9842.5 10 3.16228
9843.5 3 1.73205
9844.5 8 2.82843
9845.5 6 2.44949
9846.5 8 2.82843
9847.5 10 3.16228
9848.5 11 3.31662
9849.5 7 2.64575
9850.5 7 2.64575
9851.5 5 2.23607
9852.5 7 2.64575
9853.5 10 3.16228
9854.5 7 2.64575
9855.5 5 2.23607
9856.5 8 2.82843
9857.5 12 3.4641
9858.5 7 2.64575
9859.5 10 3.16228
9860.5 14 3.74166
9861.5 6 2.44949
9862.5 3 1.73205
9863.5 7 2.64575
9864.5 4 2
9865.5 17 4.12311
9866.5 11 3.31662
9867.5 4 2
9868.5 8 2.82843
9869.5 6 2.44949
9870.5 6 2.44949
9871.5 11 3.31662
9872.5 5 2.23607
9873.5 11 3.31662
9874.5 8 2.82843
9875.5 2 1.41421
9876.5 2 1.41421
9877.5 6 2.44949
9878.5 2 1.41421
9879.5 8 2.82843
9880.5 7 2.64575
9881.5 7 2.64575
9882.5 9 3
9883.5 7 2.64575
9884.5 9 3
9885.5 2 1.41421
9886.5 9 3
9887.5 11 3.31662
9888.5 4 2
9889.5 7 2.64575
9890.5 3 1.73205
9891.5 8 2.82843
9892.5 11 3.31662
9893.5 10 3.16228
9894.5 6 2.44949
9895.5 9 3
9896.5 6 2.44949
9897.5 8 2.82843
9898.5 3 1.73205
9899.5 5 2.23607
9900.5 10 3.16228
9901.5 5 2.23607
9902.5 7 2.64575
9903.5 9 3
9904.5 5 2.23607
9905.5 6 2.44949
9906.5 7 2.64575
9907.5 4 2
9908.5 8 2.82843
9909.5 4 2
9910.5 7 2.64575
9911.5 9 3
9912.5 4 2
9913.5 9 3
9914.5 4 2
9915.5 10 3.16228
9916.5 5 2.23607
9917.5 7 2.64575
9918.5 15 3.87298
9919.5 9 3
9920.5 5 2.23607
9921.5 3 1.73205
9922.5 4 2
9923.5 9 3
9924.5 10 3.16228
9925.5 5 2.23607
9926.5 9 3
9927.5 9 3
9928.5 4 2
9929.5 9 3
9930.5 13 3.60555
9931.5 10 3.16228
9932.5 5 2.23607
9933.5 5 2.23607
9934.5 10 3.16228
9935.5 5 2.23607
9936.5 2 1.41421
9937.5 3 1.73205
9938.5 10 3.16228
9939.5 8 2.82843
9940.5 8 2.82843
9941.5 8 2.82843
9942.5 7 2.64575
9943.5 11 3.31662
9944.5 9 3
9945.5 5 2.23607
9946.5 7 2.64575
9947.5 12 3.4641
9948.5 7 2.64575
9949.5 6 2.44949
9950.5 5 2.23607
9951.5 3 1.73205
9952.5 6 2.44949
9953.5 4 2
9954.5 5 2.23607
9955.5 9 3
9956.5 2 1.41421
9957.5 2 1.41421
9958.5 5 2.23607
9959.5 3 1.73205
9960.5 2 1.41421
9961.5 9 3
9962.5 4 2
9963.5 9 3
9964.5 8 2.82843
9965.5 9 3
9966.5 11 3.31662
9967.5 4 2
9968.5 6 2.44949
9969.5 5 2.23607
9970.5 6 2.44949
9971.5 5 2.23607
9972.5 4 2
9973.5 6 2.44949
9974.5 4 2
9975.5 6 2.44949
9976.5 7 2.64575
9977.5 6 2.44949
9978.5 12 3.4641
9979.5 6 2.44949
9980.5 8 2.82843
9981.5 7 2.64575
9982.5 7 2.64575
9983.5 6 2.44949
9984.5 13 3.60555
9985.5 7 2.64575
9986.5 4 2
9987.5 6 2.44949
9988.5 8 2.82843
9989.5 2 1.41421
9990.5 4 2
9991.5 6 2.44949
9992.5 2 1.41421
9993.5 7 2.64575
9994.5 2 1.41421
9995.5 3 1.73205
9996.5 6 2.44949
9997.5 2 1.41421
9998.5 7 2.64575
9999.5 8 2.82843
10000.5 6 2.44949
10001.5 2 1.41421
10002.5 6 2.44949
10003.5 3 1.73205
10004.5 7 2.64575
10005.5 9 3
10006.5 6 2.44949
10007.5 7 2.64575
10008.5 7 2.64575
10009.5 8 2.82843
10010.5 3 1.73205
10011.5 9 3
10012.5 6 2.44949
10013.5 10 3.16228
10014.5 7 2.64575
10015.5 9 3
10016.5 7 2.64575
10017.5 3 1.73205
10018.5 5 2.23607
10019.5 4 2
10020.5 7 2.64575
10021.5 7 2.64575
10022.5 4 2
10023.5 5 2.23607
10024.5 6 2.44949
10025.5 9 3
10026.5 6 2.44949
10027.5 4 2
10028.5 3 1.73205
10029.5 10 3.16228
10030.5 7 2.64575
10031.5 8 2.82843
10032.5 5 2.23607
10033.5 5 2.23607
10034.5 9 3
10035.5 5 2.23607
10036.5 2 1.41421
10037.5 8 2.82843
10038.5 5 2.23607
10039.5 5 2.23607
10040.5 8 2.82843
10041.5 5 2.23607
10042.5 3 1.73205
10043.5 13 3.60555
10044.5 6 2.44949
10045.5 7 2.64575
10046.5 5 2.23607
10047.5 5 2.23607
10048.5 8 2.82843
10049.5 7 2.64575
10050.5 8 2.82843
10051.5 8 2.82843
10052.5 6 2.44949
10053.5 3 1.73205
10054.5 3 1.73205
10055.5 9 3
10056.5 9 3
10057.5 5 2.23607
10058.5 5 2.23607
10059.5 5 2.23607
10060.5 5 2.23607
10061.5 7 2.64575
10062.5 6 2.44949
10063.5 6 2.44949
10064.5 5 2.23607
10065.5 6 2.44949
10066.5 4 2
10067.5 9 3
10068.5 6 2.44949
10069.5 5 2.23607
10070.5 7 2.64575
10071.5 4 2
10072.5 8 2.82843
10073.5 9 3
10074.5 5 2.23607
10075.5 10 3.16228
10076.5 8 2.82843
10077.5 13 3.60555
10078.5 8 2.82843
10079.5 7 2.64575
10080.5 8 2.82843
10081.5 6 2.44949
10082.5 6 2.44949
10083.5 0 0
10084.5 4 2
10085.5 4 2
10086.5 3 1.73205
10087.5 10 3.16228
10088.5 7 2.64575
10089.5 7 2.64575
10090.5 5 2.23607
10091.5 3 1.73205
10092.5 9 3
10093.5 3 1.73205
10094.5 4 2
10095.5 8 2.82843
10096.5 8 2.82843
10097.5 3 1.73205
10098.5 3 1.73205
10099.5 3 1.73205
10100.5 2 1.41421
10101.5 3 1.73205
10102.5 8 2.82843
10103.5 5 2.23607
10104.5 6 2.44949
10105.5 9 3
10106.5 7 2.64575
10107.5 6 2.44949
10108.5 7 2.64575
10109.5 1 1
10110.5 6 2.44949
10111.5 4 2
10112.5 3 1.73205
10113.5 3 1.73205
10114.5 6 2.44949
10115.5 6 2.44949
10116.5 9 3
10117.5 6 2.44949
10118.5 3 1.73205
10119.5 8 2.82843
10120.5 7 2.64575
10121.5 7 2.64575
10122.5 4 2
10123.5 5 2.23607
10124.5 8 2.82843
10125.5 2 1.41421
10126.5 8 2.82843
10127.5 5 2.23607
10128.5 7 2.64575
10129.5 4 2
10130.5 3 1.73205
10131.5 5 2.23607
10132.5 5 2.23607
10133.5 10 3.16228
10134.5 4 2
10135.5 5 2.23607
10136.5 5 2.23607
10137.5 7 2.64575
10138.5 6 2.44949
10139.5 5 2.23607
10140.5 8 2.82843
10141.5 2 1.41421
10142.5 7 2.64575
10143.5 1 1
10144.5 2 1.41421
10145.5 4 2
10146.5 6 2.44949
10147.5 3 1.73205
10148.5 6 2.44949
10149.5 6 2.44949
10150.5 6 2.44949
10151.5 3 1.73205
10152.5 2 1.41421
10153.5 5 2.23607
10154.5 5 2.23607
10155.5 3 1.73205
10156.5 4 2
10157.5 3 1.73205
10158.5 0 0
10159.5 5 2.23607
10160.5 4 2
10161.5 6 2.44949
10162.5 7 2.64575
10163.5 5 2.23607
10164.5 5 2.23607
10165.5 3 1.73205
10166.5 6 2.44949
10167.5 5 2.23607
10168.5 3 1.73205
10169.5 3 1.73205
10170.5 7 2.64575
10171.5 6 2.44949
10172.5 5 2.23607
10173.5 6 2.44949
10174.5 5 2.23607
10175.5 3 1.73205
10176.5 5 2.23607
10177.5 3 1.73205
10178.5 5 2.23607
10179.5 6 2.44949
10180.5 3 1.73205
10181.5 2 1.41421
10182.5 2 1.41421
10183.5 3 1.73205
10184.5 7 2.64575
10185.5 3 1.73205
10186.5 2 1.41421
10187.5 7 2.64575
10188.5 5 2.23607
10189.5 3 1.73205
10190.5 4 2
10191.5 4 2
10192.5 5 2.23607
10193.5 3 1.73205
10194.5 4 2
10195.5 4 2
10196.5 4 2
10197.5 2 1.41421
10198.5 4 2
10199.5 5 2.23607
10200.5 6 2.44949
10201.5 6 2.44949
10202.5 4 2
10203.5 1 1
10204.5 5 2.23607
10205.5 2 1.41421
10206.5 6 2.44949
10207.5 2 1.41421
10208.5 4 2
10209.5 7 2.64575
10210.5 0 0
10211.5 3 1.73205
10212.5 1 1
10213.5 9 3
10214.5 4 2
10215.5 7 2.64575
10216.5 4 2
10217.5 4 2
10218.5 5 2.23607
10219.5 3 1.73205
10220.5 2 1.41421
10221.5 4 2
10222.5 2 1.41421
10223.5 3 1.73205
10224.5 3 1.73205
10225.5 5 2.23607
10226.5 8 2.82843
10227.5 7 2.64575
10228.5 5 2.23607
10229.5 6 2.44949
10230.5 2 1.41421
10231.5 6 2.44949
10232.5 2 1.41421
10233.5 2 1.41421
10234.5 2 1.41421
10235.5 3 1.73205
10236.5 4 2
10237.5 4 2
10238.5 6 2.44949
10239.5 3 1.73205
10240.5 0 0
10241.5 6 2.44949
10242.5 4 2
10243.5 3 1.73205
10244.5 9 3
10245.5 4 2
10246.5 8 2.82843
10247.5 5 2.23607
10248.5 3 1.73205
10249.5 4 2
10250.5 1 1
10251.5 1 1
10252.5 5 2.23607
10253.5 4 2
10254.5 2 1.41421
10255.5 2 1.41421
10256.5 1 1
10257.5 2 1.41421
10258.5 3 1.73205
10259.5 1 1
10260.5 8 2.82843
10261.5 11 3.31662
10262.5 6 2.44949
10263.5 3 1.73205
10264.5 1 1
10265.5 2 1.41421
10266.5 6 2.44949
10267.5 5 2.23607
10268.5 1 1
10269.5 5 2.23607
10270.5 4 2
10271.5 4 2
10272.5 5 2.23607
10273.5 1 1
10274.5 1 1
10275.5 5 2.23607
10276.5 1 1
10277.5 2 1.41421
10278.5 3 1.73205
10279.5 3 1.73205
10280.5 8 2.82843
10281.5 4 2
10282.5 4 2
10283.5 7 2.64575
10284.5 2 1.41421
10285.5 5 2.23607
10286.5 5 2.23607
10287.5 4 2
10288.5 4 2
10289.5 5 2.23607
10290.5 3 1.73205
10291.5 0 0
10292.5 2 1.41421
10293.5 4 2
10294.5 5 2.23607
10295.5 1 1
10296.5 2 1.41421
10297.5 0 0
10298.5 5 2.23607
10299.5 5 2.23607
10300.5 3 1.73205
10301.5 5 2.23607
10302.5 4 2
10303.5 6 2.44949
10304.5 3 1.73205
10305.5 4 2
10306.5 0 0
10307.5 5 2.23607
10308.5 4 2
10309.5 1 1
10310.5 2 1.41421
10311.5 2 1.41421
10312.5 2 1.41421
10313.5 2 1.41421
10314.5 2 1.41421
10315.5 4 2
10316.5 2 1.41421
10317.5 1 1
10318.5 5 2.23607
10319.5 3 1.73205
10320.5 8 2.82843
10321.5 1 1
10322.5 0 0
10323.5 1 1
10324.5 3 1.73205
10325.5 6 2.44949
10326.5 3 1.73205
10327.5 6 2.44949
10328.5 1 1
10329.5 4 2
10330.5 1 1
10331.5 2 1.41421
10332.5 5 2.23607
10333.5 1 1
10334.5 1 1
10335.5 4 2
10336.5 3 1.73205
10337.5 2 1.41421
10338.5 2 1.41421
10339.5 4 2
10340.5 6 2.44949
10341.5 1 1
10342.5 6 2.44949
10343.5 6 2.44949
10344.5 3 1.73205
10345.5 3 1.73205
10346.5 3 1.73205
10347.5 5 2.23607
10348.5 6 2.44949
10349.5 1 1
10350.5 3 1.73205
10351.5 2 1.41421
10352.5 0 0
10353.5 5 2.23607
10354.5 4 2
10355.5 3 1.73205
10356.5 1 1
10357.5 5 2.23607
10358.5 1 1
10359.5 6 2.44949
10360.5 1 1
10361.5 1 1
10362.5 2 1.41421
10363.5 3 1.73205
10364.5 1 1
10365.5 3 1.73205
10366.5 2 1.41421
10367.5 6 2.44949
10368.5 2 1.41421
10369.5 4 2
10370.5 3 1.73205
10371.5 1 1
10372.5 1 1
10373.5 4 2
10374.5 2 1.41421
10375.5 4 2
10376.5 5 2.23607
10377.5 2 1.41421
10378.5 1 1
10379.5 2 1.41421
10380.5 4 2
10381.5 4 2
10382.5 4 2
10383.5 3 1.73205
10384.5 1 1
10385.5 6 2.44949
10386.5 1 1
10387.5 1 1
10388.5 1 1
10389.5 2 1.41421
10390.5 3 1.73205
10391.5 2 1.41421
10392.5 0 0
10393.5 2 1.41421
10394.5 1 1
10395.5 3 1.73205
10396.5 6 2.44949
10397.5 3 1.73205
10398.5 2 1.41421
10399.5 3 1.73205
10400.5 1 1
10401.5 1 1
10402.5 0 0
10403.5 2 1.41421
10404.5 0 0
10405.5 2 1.41421
10406.5 1 1
10407.5 1 1
10408.5 2 1.41421
10409.5 2 1.41421
10410.5 4 2
10411.5 2 1.41421
10412.5 2 1.41421
10413.5 1 1
10414.5 2 1.41421
10415.5 2 1.41421
10416.5 2 1.41421
10417.5 3 1.73205
10418.5 4 2
10419.5 3 1.73205
10420.5 3 1.73205
10421.5 2 1.41421
10422.5 3 1.73205
10423.5 3 1.73205
10424.5 4 2
10425.5 4 2
10426.5 3 1.73205
10427.5 3 1.73205
10428.5 2 1.41421
10429.5 1 1
10430.5 1 1
10431.5 1 1
10432.5 5 2.23607
10433.5 1 1
10434.5 1 1
10435.5 3 1.73205
10436.5 1 1
10437.5 0 0
10438.5 3 1.73205
10439.5 1 1
10440.5 5 2.23607
10441.5 0 0
10442.5 1 1
10443.5 1 1
10444.5 2 1.41421
10445.5 2 1.41421
10446.5 2 1.41421
10447.5 3 1.73205
10448.5 0 0
10449.5 3 1.73205
10450.5 3 1.73205
10451.5 2 1.41421
10452.5 3 1.73205
10453.5 4 2
10454.5 4 2
10455.5 4 2
10456.5 2 1.41421
10457.5 3 1.73205
10458.5 3 1.73205
10459.5 2 1.41421
10460.5 1 1
10461.5 3 1.73205
10462.5 0 0
10463.5 6 2.44949
10464.5 2 1.41421
10465.5 3 1.73205
10466.5 2 1.41421
10467.5 3 1.73205
10468.5 1 1
10469.5 3 1.73205
10470.5 2 1.41421
10471.5 4 2
10472.5 2 1.41421
10473.5 3 1.73205
10474.5 3 1.73205
10475.5 1 1
10476.5 1 1
10477.5 1 1
10478.5 2 1.41421
10479.5 5 2.23607
10480.5 0 0
10481.5 1 1
10482.5 0 0
10483.5 1 1
10484.5 2 1.41421
10485.5 1 1
10486.5 2 1.41421
10487.5 0 0
10488.5 3 1.73205
10489.5 3 1.73205
10490.5 0 0
10491.5 0 0
10492.5 0 0
10493.5 2 1.41421
10494.5 0 0
10495.5 4 2
10496.5 3 1.73205
10497.5 3 1.73205
10498.5 3 1.73205
10499.5 0 0
10500.5 1 1
10501.5 0 0
10502.5 2 1.41421
10503.5 1 1
10504.5 2 1.41421
10505.5 2 1.41421
10506.5 2 1.41421
10507.5 1 1
10508.5 2 1.41421
10509.5 1 1
10510.5 1 1
10511.5 0 0
10512.5 1 1
10513.5 3 1.73205
10514.5 0 0
10515.5 1 1
10516.5 1 1
10517.5 6 2.44949
10518.5 3 1.73205
10519.5 1 1
10520.5 3 1.73205
10521.5 1 1
10522.5 1 1
10523.5 1 1
10524.5 1 1
10525.5 0 0
10526.5 0 0
10527.5 3 1.73205
10528.5 4 2
10529.5 4 2
10530.5 2 1.41421
10531.5 0 0
10532.5 2 1.41421
10533.5 2 1.41421
10534.5 0 0
10535.5 2 1.41421
10536.5 2 1.41421
10537.5 0 0
10538.5 3 1.73205
10539.5 1 1
10540.5 2 1.41421
10541.5 1 1
10542.5 1 1
10543.5 2 1.41421
10544.5 3 1.73205
10545.5 0 0
10546.5 2 1.41421
10547.5 3 1.73205
10548.5 0 0
10549.5 0 0
10550.5 2 1.41421
10551.5 0 0
10552.5 1 1
10553.5 0 0
10554.5 0 0
10555.5 0 0
10556.5 2 1.41421
10557.5 1 1
10558.5 1 1
10559.5 3 1.73205
10560.5 0 0
10561.5 2 1.41421
10562.5 4 2
10563.5 2 1.41421
10564.5 1 1
10565.5 1 1
10566.5 2 1.41421
10567.5 0 0
10568.5 3 1.73205
10569.5 3 1.73205
10570.5 2 1.41421
10571.5 0 0
10572.5 1 1
10573.5 1 1
10574.5 0 0
10575.5 3 1.73205
10576.5 0 0
10577.5 0 0
10578.5 2 1.41421
10579.5 2 1.41421
10580.5 0 0
10581.5 1 1
10582.5 0 0
10583.5 0 0
10584.5 1 1
10585.5 0 0
10586.5 1 1
10587.5 0 0
10588.5 3 1.73205
10589.5 0 0
10590.5 1 1
10591.5 2 1.41421
10592.5 3 1.73205
10593.5 2 1.41421
10594.5 1 1
10595.5 1 1
10596.5 1 1
10597.5 0 0
10598.5 1 1
10599.5 0 0
10600.5 3 1.73205
10601.5 0 0
10602.5 3 1.73205
10603.5 2 1.41421
10604.5 0 0
10605.5 2 1.41421
10606.5 1 1
10607.5 6 2.44949
10608.5 3 1.73205
10609.5 1 1
10610.5 3 1.73205
10611.5 1 1
10612.5 3 1.73205
10613.5 1 1
10614.5 3 1.73205
10615.5 0 0
10616.5 1 1
10617.5 1 1
10618.5 0 0
10619.5 2 1.41421
10620.5 1 1
10621.5 1 1
10622.5 2 1.41421
10623.5 2 1.41421
10624.5 1 1
10625.5 0 0
10626.5 0 0
10627.5 2 1.41421
10628.5 0 0
10629.5 1 1
10630.5 2 1.41421
10631.5 3 1.73205
10632.5 3 1.73205
10633.5 2 1.41421
10634.5 1 1
10635.5 1 1
10636.5 2 1.41421
10637.5 1 1
10638.5 3 1.73205
10639.5 2 1.41421
10640.5 2 1.41421
10641.5 2 1.41421
10642.5 3 1.73205
10643.5 3 1.73205
10644.5 0 0
10645.5 1 1
10646.5 0 0
10647.5 3 1.73205
10648.5 2 1.41421
10649.5 1 1
10650.5 2 1.41421
10651.5 0 0
10652.5 5 2.23607
10653.5 3 1.73205
10654.5 3 1.73205
10655.5 0 0
10656.5 1 1
10657.5 0 0
10658.5 1 1
10659.5 2 1.41421
10660.5 0 0
10661.5 0 0
10662.5 0 0
10663.5 0 0
10664.5 1 1
10665.5 1 1
10666.5 5 2.23607
10667.5 1 1
10668.5 3 1.73205
10669.5 1 1
10670.5 0 0
10671.5 1 1
10672.5 3 1.73205
10673.5 3 1.73205
10674.5 3 1.73205
10675.5 2 1.41421
10676.5 3 1.73205
10677.5 3 1.73205
10678.5 3 1.73205
10679.5 3 1.73205
10680.5 2 1.41421
10681.5 0 0
10682.5 2 1.41421
10683.5 1 1
10684.5 4 2
10685.5 3 1.73205
10686.5 0 0
10687.5 1 1
10688.5 2 1.41421
10689.5 1 1
10690.5 2 1.41421
10691.5 1 1
10692.5 0 0
10693.5 2 1.41421
10694.5 3 1.73205
10695.5 2 1.41421
10696.5 2 1.41421
10697.5 0 0
10698.5 3 1.73205
10699.5 2 1.41421
10700.5 2 1.41421
10701.5 0 0
10702.5 0 0
10703.5 1 1
10704.5 1 1
10705.5 0 0
10706.5 3 1.73205
10707.5 2 1.41421
10708.5 2 1.41421
10709.5 2 1.41421
10710.5 3 1.73205
10711.5 1 1
10712.5 1 1
10713.5 3 1.73205
10714.5 2 1.41421
10715.5 1 1
10716.5 0 0
10717.5 1 1
10718.5 3 1.73205
10719.5 2 1.41421
10720.5 0 0
10721.5 4 2
10722.5 0 0
10723.5 0 0
10724.5 0 0
10725.5 0 0
10726.5 2 1.41421
10727.5 3 1.73205
10728.5 1 1
10729.5 1 1
10730.5 1 1
10731.5 1 1
10732.5 1 1
10733.5 2 1.41421
10734.5 4 2
10735.5 0 0
10736.5 1 1
10737.5 0 0
10738.5 0 0
10739.5 2 1.41421
10740.5 2 1.41421
10741.5 1 1
10742.5 1 1
10743.5 1 1
10744.5 1 1
10745.5 3 1.73205
10746.5 0 0
10747.5 1 1
10748.5 1 1
10749.5 1 1
10750.5 2 1.41421
10751.5 0 0
10752.5 1 1
10753.5 1 1
10754.5 1 1
10755.5 5 2.23607
10756.5 2 1.41421
10757.5 2 1.41421
10758.5 1 1
10759.5 0 0
10760.5 0 0
10761.5 1 1
10762.5 0 0
10763.5 1 1
10764.5 2 1.41421
10765.5 1 1
10766.5 1 1
10767.5 3 1.73205
10768.5 2 1.41421
10769.5 3 1.73205
10770.5 1 1
10771.5 2 1.41421
10772.5 5 2.23607
10773.5 0 0
10774.5 2 1.41421
10775.5 2 1.41421
10776.5 4 2
10777.5 2 1.41421
10778.5 3 1.73205
10779.5 2 1.41421
10780.5 2 1.41421
10781.5 3 1.73205
10782.5 1 1
10783.5 4 2
10784.5 3 1.73205
10785.5 0 0
10786.5 2 1.41421
10787.5 1 1
10788.5 2 1.41421
10789.5 0 0
10790.5 0 0
10791.5 5 2.23607
10792.5 2 1.41421
10793.5 1 1
10794.5 2 1.41421
10795.5 2 1.41421
10796.5 4 2
10797.5 2 1.41421
10798.5 2 1.41421
10799.5 2 1.41421
10800.5 3 1.73205
10801.5 3 1.73205
10802.5 1 1
10803.5 2 1.41421
10804.5 1 1
10805.5 2 1.41421
10806.5 3 1.73205
10807.5 1 1
10808.5 1 1
10809.5 1 1
10810.5 1 1
10811.5 2 1.41421
10812.5 3 1.73205
10813.5 1 1
10814.5 1 1
10815.5 3 1.73205
10816.5 0 0
10817.5 0 0
10818.5 1 1
10819.5 3 1.73205
10820.5 1 1
10821.5 4 2
10822.5 2 1.41421
10823.5 2 1.41421
10824.5 1 1
10825.5 1 1
10826.5 2 1.41421
10827.5 0 0
10828.5 1 1
10829.5 2 1.41421
10830.5 0 0
10831.5 1 1
10832.5 2 1.41421
10833.5 0 0
10834.5 1 1
10835.5 2 1.41421
10836.5 1 1
10837.5 0 0
10838.5 1 1
10839.5 1 1
10840.5 2 1.41421
10841.5 0 0
10842.5 4 2
10843.5 1 1
10844.5 3 1.73205
10845.5 1 1
10846.5 2 1.41421
10847.5 1 1
10848.5 2 1.41421
10849.5 2 1.41421
10850.5 1 1
10851.5 1 1
10852.5 0 0
10853.5 1 1
10854.5 2 1.41421
10855.5 1 1
10856.5 3 1.73205
10857.5 2 1.41421
10858.5 1 1
10859.5 2 1.41421
10860.5 0 0
10861.5 1 1
10862.5 2 1.41421
10863.5 1 1
10864.5 4 2
10865.5 3 1.73205
10866.5 0 0
10867.5 2 1.41421
10868.5 0 0
10869.5 1 1
10870.5 1 1
10871.5 1 1
10872.5 2 1.41421
10873.5 4 2
10874.5 4 2
10875.5 3 1.73205
10876.5 0 0
10877.5 3 1.73205
10878.5 1 1
10879.5 4 2
10880.5 1 1
10881.5 1 1
10882.5 1 1
10883.5 5 2.23607
10884.5 5 2.23607
10885.5 3 1.73205
10886.5 2 1.41421
10887.5 0 0
10888.5 1 1
10889.5 4 2
10890.5 3 1.73205
10891.5 7 2.64575
10892.5 3 1.73205
10893.5 8 2.82843
10894.5 9 3
10895.5 8 2.82843
10896.5 13 3.60555
10897.5 17 4.12311
10898.5 23 4.79583
10899.5 27 5.19615
10900.5 30 5.47723
10901.5 40 6.32456
10902.5 43 6.55744
10903.5 65 8.06226
10904.5 89 9.43398
10905.5 112 10.583
10906.5 142 11.9164
10907.5 175 13.2288
10908.5 203 14.2478
10909.5 229 15.1327
10910.5 275 16.5831
10911.5 302 17.3781
10912.5 313 17.6918
10913.5 383 19.5704
10914.5 347 18.6279
10915.5 392 19.799
10916.5 393 19.8242
10917.5 377 19.4165
10918.5 347 18.6279
10919.5 386 19.6469
10920.5 329 18.1384
10921.5 299 17.2916
10922.5 297 17.2337
10923.5 248 15.748
10924.5 246 15.6844
10925.5 226 15.0333
10926.5 165 12.8452
10927.5 131 11.4455
10928.5 107 10.3441
10929.5 91 9.53939
10930.5 75 8.66025
10931.5 66 8.12404
10932.5 39 6.245
10933.5 45 6.7082
10934.5 30 5.47723
10935.5 16 4
10936.5 16 4
10937.5 8 2.82843
10938.5 3 1.73205
10939.5 6 2.44949
10940.5 2 1.41421
10941.5 6 2.44949
10942.5 2 1.41421
10943.5 2 1.41421
10944.5 1 1
10945.5 1 1
10946.5 3 1.73205
10947.5 0 0
10948.5 2 1.41421
10949.5 2 1.41421
10950.5 2 1.41421
10951.5 1 1
10952.5 0 0
10953.5 2 1.41421
10954.5 1 1
10955.5 3 1.73205
10956.5 5 2.23607
10957.5 3 1.73205
10958.5 2 1.41421
10959.5 1 1
10960.5 1 1
10961.5 2 1.41421
10962.5 2 1.41421
10963.5 2 1.41421
10964.5 0 0
10965.5 1 1
10966.5 1 1
10967.5 0 0
10968.5 3 1.73205
10969.5 0 0
10970.5 0 0
10971.5 3 1.73205
10972.5 0 0
10973.5 2 1.41421
10974.5 0 0
10975.5 1 1
10976.5 0 0
10977.5 0 0
10978.5 0 0
10979.5 0 0
10980.5 1 1
10981.5 2 1.41421
10982.5 3 1.73205
10983.5 0 0
10984.5 3 1.73205
10985.5 0 0
10986.5 0 0
10987.5 0 0
10988.5 0 0
10989.5 0 0
10990.5 0 0
10991.5 1 1
10992.5 0 0
10993.5 0 0
10994.5 2 1.41421
10995.5 0 0
10996.5 0 0
10997.5 1 1
10998.5 1 1
10999.5 0 0
11000.5 1 1
11001.5 0 0
11002.5 1 1
11003.5 0 0
11004.5 3 1.73205
11005.5 0 0
11006.5 3 1.73205
11007.5 1 1
11008.5 0 0
11009.5 0 0
11010.5 0 0
11011.5 0 0
11012.5 4 2
11013.5 0 0
11014.5 0 0
11015.5 2 1.41421
11016.5 1 1
11017.5 1 1
11018.5 0 0
11019.5 0 0
11020.5 0 0
11021.5 1 1
11022.5 0 0
11023.5 0 0
11024.5 0 0
11025.5 0 0
11026.5 0 0
11027.5 0 0
11028.5 1 1
11029.5 0 0
11030.5 0 0
11031.5 1 1
11032.5 1 1
11033.5 2 1.41421
11034.5 2 1.41421
11035.5 0 0
11036.5 0 0
11037.5 2 1.41421
11038.5 2 1.41421
11039.5 1 1
11040.5 0 0
11041.5 0 0
11042.5 2 1.41421
11043.5 0 0
11044.5 1 1
11045.5 1 1
11046.5 0 0
11047.5 2 1.41421
11048.5 0 0
11049.5 2 1.41421
11050.5 3 1.73205
11051.5 0 0
11052.5 1 1
11053.5 1 1
11054.5 0 0
11055.5 0 0
11056.5 0 0
11057.5 1 1
11058.5 0 0
11059.5 1 1
11060.5 0 0
11061.5 0 0
11062.5 1 1
11063.5 0 0
11064.5 0 0
11065.5 0 0
11066.5 0 0
11067.5 0 0
11068.5 0 0
11069.5 0 0
11070.5 2 1.41421
11071.5 0 0
11072.5 1 1
11073.5 0 0
11074.5 1 1
11075.5 0 0
11076.5 0 0
11077.5 1 1
11078.5 0 0
11079.5 1 1
11080.5 2 1.41421
11081.5 0 0
11082.5 0 0
11083.5 2 1.41421
11084.5 0 0
11085.5 1 1
11086.5 1 1
11087.5 1 1
11088.5 0 0
11089.5 0 0
11090.5 0 0
11091.5 0 0
11092.5 0 0
11093.5 1 1
11094.5 1 1
11095.5 0 0
11096.5 1 1
11097.5 1 1
11098.5 1 1
11099.5 0 0
11100.5 1 1
11101.5 0 0
11102.5 0 0
11103.5 0 0
11104.5 3 1.73205
11105.5 2 1.41421
11106.5 0 0
11107.5 1 1
11108.5 0 0
11109.5 0 0
11110.5 0 0
11111.5 0 0
11112.5 0 0
11113.5 0 0
11114.5 1 1
11115.5 0 0
11116.5 0 0
11117.5 1 1
11118.5 1 1
11119.5 0 0
11120.5 0 0
11121.5 1 1
11122.5 0 0
11123.5 0 0
11124.5 0 0
11125.5 2 1.41421
11126.5 2 1.41421
11127.5 0 0
11128.5 0 0
11129.5 0 0
11130.5 0 0
11131.5 1 1
11132.5 1 1
11133.5 2 1.41421
11134.5 3 1.73205
11135.5 1 1
11136.5 1 1
11137.5 1 1
11138.5 0 0
11139.5 0 0
11140.5 2 1.41421
11141.5 3 1.73205
11142.5 1 1
11143.5 2 1.41421
11144.5 0 0
11145.5 0 0
11146.5 1 1
11147.5 0 0
11148.5 1 1
11149.5 1 1
11150.5 1 1
11151.5 0 0
11152.5 0 0
11153.5 0 0
11154.5 0 0
11155.5 3 1.73205
11156.5 0 0
11157.5 2 1.41421
11158.5 1 1
11159.5 1 1
11160.5 0 0
11161.5 1 1
11162.5 0 0
11163.5 0 0
11164.5 0 0
11165.5 0 0
11166.5 0 0
11167.5 1 1
11168.5 1 1
11169.5 0 0
11170.5 2 1.41421
11171.5 0 0
11172.5 0 0
11173.5 0 0
11174.5 1 1
11175.5 0 0
11176.5 0 0
11177.5 0 0
11178.5 2 1.41421
11179.5 0 0
11180.5 1 1
11181.5 1 1
11182.5 3 1.73205
11183.5 1 1
11184.5 1 1
11185.5 2 1.41421
11186.5 0 0
11187.5 1 1
11188.5 2 1.41421
11189.5 0 0
11190.5 0 0
11191.5 0 0
11192.5 3 1.73205
11193.5 2 1.41421
11194.5 2 1.41421
11195.5 2 1.41421
11196.5 2 1.41421
11197.5 1 1
11198.5 3 1.73205
11199.5 3 1.73205
11200.5 1 1
11201.5 4 2
11202.5 3 1.73205
11203.5 1 1
11204.5 0 0
11205.5 3 1.73205
11206.5 1 1
11207.5 5 2.23607
11208.5 3 1.73205
11209.5 2 1.41421
11210.5 2 1.41421
11211.5 1 1
11212.5 0 0
11213.5 1 1
11214.5 4 2
11215.5 2 1.41421
11216.5 4 2
11217.5 0 0
11218.5 2 1.41421
11219.5 1 1
11220.5 2 1.41421
11221.5 1 1
11222.5 1 1
11223.5 1 1
11224.5 0 0
11225.5 1 1
11226.5 0 0
11227.5 0 0
11228.5 2 1.41421
11229.5 0 0
11230.5 1 1
11231.5 0 0
11232.5 0 0
11233.5 1 1
11234.5 0 0
11235.5 0 0
11236.5 2 1.41421
11237.5 0 0
11238.5 0 0
11239.5 1 1
11240.5 1 1
11241.5 1 1
11242.5 2 1.41421
11243.5 1 1
11244.5 0 0
11245.5 2 1.41421
11246.5 1 1
11247.5 0 0
11248.5 2 1.41421
11249.5 2 1.41421
11250.5 1 1
11251.5 1 1
11252.5 0 0
11253.5 1 1
11254.5 0 0
11255.5 0 0
11256.5 1 1
11257.5 0 0
11258.5 1 1
11259.5 0 0
11260.5 0 0
11261.5 0 0
11262.5 1 1
11263.5 0 0
11264.5 3 1.73205
11265.5 1 1
11266.5 0 0
11267.5 2 1.41421
11268.5 0 0
11269.5 1 1
11270.5 2 1.41421
11271.5 0 0
11272.5 3 1.73205
11273.5 0 0
11274.5 0 0
11275.5 0 0
11276.5 1 1
11277.5 1 1
11278.5 1 1
11279.5 0 0
11280.5 0 0
11281.5 1 1
11282.5 0 0
11283.5 1 1
11284.5 2 1.41421
11285.5 1 1
11286.5 2 1.41421
11287.5 1 1
11288.5 0 0
11289.5 0 0
11290.5 1 1
11291.5 0 0
11292.5 1 1
11293.5 0 0
11294.5 0 0
11295.5 0 0
11296.5 1 1
11297.5 0 0
11298.5 0 0
11299.5 1 1
11300.5 0 0
11301.5 0 0
11302.5 0 0
11303.5 0 0
11304.5 0 0
11305.5 2 1.41421
11306.5 3 1.73205
11307.5 0 0
11308.5 0 0
11309.5 1 1
11310.5 1 1
11311.5 2 1.41421
11312.5 1 1
11313.5 1 1
11314.5 1 1
11315.5 1 1
11316.5 1 1
11317.5 0 0
11318.5 2 1.41421
11319.5 0 0
11320.5 1 1
11321.5 0 0
11322.5 3 1.73205
11323.5 3 1.73205
11324.5 1 1
11325.5 0 0
11326.5 1 1
11327.5 1 1
11328.5 0 0
11329.5 1 1
11330.5 0 0
11331.5 0 0
11332.5 2 1.41421
11333.5 0 0
11334.5 0 0
11335.5 1 1
11336.5 2 1.41421
11337.5 1 1
11338.5 0 0
11339.5 1 1
11340.5 0 0
11341.5 1 1
11342.5 0 0
11343.5 2 1.41421
11344.5 0 0
11345.5 0 0
11346.5 0 0
11347.5 0 0
11348.5 0 0
11349.5 0 0
11350.5 0 0
11351.5 1 1
11352.5 0 0
11353.5 0 0
11354.5 0 0
11355.5 1 1
11356.5 0 0
11357.5 2 1.41421
11358.5 0 0
11359.5 0 0
11360.5 0 0
11361.5 2 1.41421
11362.5 1 1
11363.5 0 0
11364.5 0 0
11365.5 1 1
11366.5 0 0
11367.5 0 0
11368.5 0 0
11369.5 2 1.41421
11370.5 0 0
11371.5 3 1.73205
11372.5 1 1
11373.5 1 1
11374.5 1 1
11375.5 1 1
11376.5 1 1
11377.5 1 1
11378.5 0 0
11379.5 0 0
11380.5 0 0
11381.5 0 0
11382.5 0 0
11383.5 2 1.41421
11384.5 0 0
11385.5 0 0
11386.5 1 1
11387.5 0 0
11388.5 0 0
11389.5 0 0
11390.5 0 0
11391.5 1 1
11392.5 0 0
11393.5 1 1
11394.5 0 0
11395.5 1 1
11396.5 0 0
11397.5 0 0
11398.5 1 1
11399.5 0 0
11400.5 2 1.41421
11401.5 0 0
11402.5 1 1
11403.5 0 0
11404.5 0 0
11405.5 2 1.41421
11406.5 1 1
11407.5 0 0
11408.5 0 0
11409.5 0 0
11410.5 1 1
11411.5 0 0
11412.5 2 1.41421
11413.5 1 1
11414.5 0 0
11415.5 1 1
11416.5 1 1
11417.5 0 0
11418.5 1 1
11419.5 1 1
11420.5 0 0
11421.5 1 1
11422.5 1 1
11423.5 0 0
11424.5 2 1.41421
11425.5 2 1.41421
11426.5 0 0
11427.5 1 1
11428.5 0 0
11429.5 1 1
11430.5 0 0
11431.5 1 1
11432.5 2 1.41421
11433.5 1 1
11434.5 0 0
11435.5 0 0
11436.5 0 0
11437.5 1 1
11438.5 2 1.41421
11439.5 1 1
11440.5 1 1
11441.5 1 1
11442.5 1 1
11443.5 2 1.41421
11444.5 1 1
11445.5 0 0
11446.5 0 0
11447.5 0 0
11448.5 0 0
11449.5 0 0
11450.5 1 1
11451.5 2 1.41421
11452.5 1 1
11453.5 0 0
11454.5 0 0
11455.5 1 1
11456.5 0 0
11457.5 1 1
11458.5 2 1.41421
11459.5 0 0
11460.5 0 0
11461.5 1 1
11462.5 1 1
11463.5 0 0
11464.5 1 1
11465.5 0 0
11466.5 0 0
11467.5 3 1.73205
11468.5 0 0
11469.5 1 1
11470.5 2 1.41421
11471.5 0 0
11472.5 0 0
11473.5 0 0
11474.5 0 0
11475.5 0 0
11476.5 0 0
11477.5 1 1
11478.5 0 0
11479.5 0 0
11480.5 0 0
11481.5 1 1
11482.5 0 0
11483.5 1 1
11484.5 1 1
11485.5 0 0
11486.5 1 1
11487.5 1 1
11488.5 1 1
11489.5 2 1.41421
11490.5 1 1
11491.5 2 1.41421
11492.5 0 0
11493.5 1 1
11494.5 0 0
11495.5 0 0
11496.5 0 0
11497.5 0 0
11498.5 1 1
11499.5 0 0
11500.5 0 0
11501.5 1 1
11502.5 0 0
11503.5 1 1
11504.5 1 1
11505.5 1 1
11506.5 1 1
11507.5 0 0
11508.5 1 1
11509.5 1 1
11510.5 2 1.41421
11511.5 1 1
11512.5 0 0
11513.5 1 1
11514.5 0 0
11515.5 1 1
11516.5 1 1
11517.5 0 0
11518.5 0 0
11519.5 0 0
11520.5 2 1.41421
11521.5 0 0
11522.5 1 1
11523.5 0 0
11524.5 1 1
11525.5 1 1
11526.5 0 0
11527.5 1 1
11528.5 0 0
11529.5 1 1
11530.5 0 0
11531.5 1 1
11532.5 0 0
11533.5 0 0
11534.5 1 1
11535.5 0 0
11536.5 1 1
11537.5 0 0
11538.5 0 0
11539.5 0 0
11540.5 2 1.41421
11541.5 1 1
11542.5 0 0
11543.5 1 1
11544.5 0 0
11545.5 1 1
11546.5 1 1
11547.5 0 0
11548.5 2 1.41421
11549.5 0 0
11550.5 0 0
11551.5 0 0
11552.5 2 1.41421
11553.5 1 1
11554.5 0 0
11555.5 0 0
11556.5 1 1
11557.5 0 0
11558.5 1 1
11559.5 1 1
11560.5 1 1
11561.5 0 0
11562.5 0 0
11563.5 0 0
11564.5 2 1.41421
11565.5 3 1.73205
11566.5 2 1.41421
11567.5 2 1.41421
11568.5 2 1.41421
11569.5 0 0
11570.5 1 1
11571.5 3 1.73205
11572.5 1 1
11573.5 0 0
11574.5 0 0
11575.5 0 0
11576.5 0 0
11577.5 1 1
11578.5 0 0
11579.5 3 1.73205
11580.5 0 0
11581.5 0 0
11582.5 1 1
11583.5 1 1
11584.5 1 1
11585.5 0 0
11586.5 1 1
11587.5 0 0
11588.5 2 1.41421
11589.5 0 0
11590.5 0 0
11591.5 1 1
11592.5 1 1
11593.5 0 0
11594.5 0 0
11595.5 0 0
11596.5 0 0
11597.5 0 0
11598.5 1 1
11599.5 0 0
11600.5 2 1.41421
11601.5 1 1
11602.5 2 1.41421
11603.5 1 1
11604.5 0 0
11605.5 2 1.41421
11606.5 0 0
11607.5 1 1
11608.5 0 0
11609.5 0 0
11610.5 0 0
11611.5 1 1
11612.5 1 1
11613.5 1 1
11614.5 0 0
11615.5 1 1
11616.5 0 0
11617.5 0 0
11618.5 1 1
11619.5 1 1
11620.5 1 1
11621.5 0 0
11622.5 0 0
11623.5 0 0
11624.5 1 1
11625.5 4 2
11626.5 3 1.73205
11627.5 1 1
11628.5 2 1.41421
11629.5 0 0
11630.5 1 1
11631.5 0 0
11632.5 2 1.41421
11633.5 1 1
11634.5 0 0
11635.5 1 1
11636.5 1 1
11637.5 0 0
11638.5 0 0
11639.5 0 0
11640.5 1 1
11641.5 1 1
11642.5 0 0
11643.5 0 0
11644.5 1 1
11645.5 0 0
11646.5 1 1
11647.5 0 0
11648.5 1 1
11649.5 2 1.41421
11650.5 1 1
11651.5 0 0
11652.5 0 0
11653.5 2 1.41421
11654.5 1 1
11655.5 3 1.73205
11656.5 0 0
11657.5 0 0
11658.5 1 1
11659.5 0 0
11660.5 0 0
11661.5 1 1
11662.5 0 0
11663.5 0 0
11664.5 0 0
11665.5 1 1
11666.5 1 1
11667.5 1 1
11668.5 1 1
11669.5 2 1.41421
11670.5 0 0
11671.5 0 0
11672.5 1 1
11673.5 1 1
11674.5 0 0
11675.5 0 0
11676.5 1 1
11677.5 1 1
11678.5 0 0
11679.5 0 0
11680.5 1 1
11681.5 1 1
11682.5 0 0
11683.5 1 1
11684.5 1 1
11685.5 1 1
11686.5 1 1
11687.5 1 1
11688.5 0 0
11689.5 0 0
11690.5 0 0
11691.5 0 0
11692.5 0 0
11693.5 2 1.41421
11694.5 0 0
11695.5 1 1
11696.5 3 1.73205
11697.5 1 1
11698.5 2 1.41421
11699.5 0 0
11700.5 1 1
11701.5 0 0
11702.5 0 0
11703.5 0 0
11704.5 0 0
11705.5 0 0
11706.5 0 0
11707.5 2 1.41421
11708.5 0 0
11709.5 0 0
11710.5 0 0
11711.5 2 1.41421
11712.5 0 0
11713.5 0 0
11714.5 1 1
11715.5 0 0
11716.5 1 1
11717.5 1 1
11718.5 1 1
11719.5 1 1
11720.5 0 0
11721.5 0 0
11722.5 1 1
11723.5 0 0
11724.5 0 0
11725.5 0 0
11726.5 0 0
11727.5 1 1
11728.5 1 1
11729.5 0 0
11730.5 0 0
11731.5 0 0
11732.5 1 1
11733.5 2 1.41421
11734.5 1 1
11735.5 0 0
11736.5 2 1.41421
11737.5 0 0
11738.5 1 1
11739.5 0 0
11740.5 1 1
11741.5 0 0
11742.5 0 0
11743.5 1 1
11744.5 0 0
11745.5 1 1
11746.5 0 0
11747.5 0 0
11748.5 0 0
11749.5 1 1
11750.5 1 1
11751.5 1 1
11752.5 1 1
11753.5 0 0
11754.5 0 0
11755.5 3 1.73205
11756.5 0 0
11757.5 1 1
11758.5 1 1
11759.5 1 1
11760.5 1 1
11761.5 1 1
11762.5 0 0
11763.5 0 0
11764.5 1 1
11765.5 2 1.41421
11766.5 0 0
11767.5 2 1.41421
11768.5 0 0
11769.5 1 1
11770.5 1 1
11771.5 0 0
11772.5 0 0
11773.5 0 0
11774.5 1 1
11775.5 2 1.41421
11776.5 2 1.41421
11777.5 0 0
11778.5 0 0
11779.5 0 0
11780.5 0 0
11781.5 1 1
11782.5 0 0
11783.5 0 0
11784.5 1 1
11785.5 1 1
11786.5 1 1
11787.5 0 0
11788.5 0 0
11789.5 1 1
11790.5 0 0
11791.5 1 1
11792.5 0 0
11793.5 0 0
11794.5 0 0
11795.5 0 0
11796.5 0 0
11797.5 2 1.41421
11798.5 0 0
11799.5 0 0
11800.5 0 0
11801.5 2 1.41421
11802.5 0 0
11803.5 1 1
11804.5 1 1
11805.5 0 0
11806.5 1 1
11807.5 0 0
11808.5 0 0
11809.5 0 0
11810.5 2 1.41421
11811.5 0 0
11812.5 0 0
11813.5 0 0
11814.5 1 1
11815.5 0 0
11816.5 0 0
11817.5 0 0
11818.5 1 1
11819.5 0 0
11820.5 0 0
11821.5 1 1
11822.5 0 0
11823.5 0 0
11824.5 0 0
11825.5 0 0
11826.5 1 1
11827.5 1 1
11828.5 1 1
11829.5 0 0
11830.5 1 1
11831.5 0 0
11832.5 1 1
11833.5 0 0
11834.5 1 1
11835.5 1 1
11836.5 1 1
11837.5 0 0
11838.5 1 1
11839.5 0 0
11840.5 1 1
11841.5 2 1.41421
11842.5 0 0
11843.5 1 1
11844.5 1 1
11845.5 1 1
11846.5 0 0
11847.5 0 0
11848.5 0 0
11849.5 2 1.41421
11850.5 0 0
11851.5 0 0
11852.5 1 1
11853.5 0 0
11854.5 0 0
11855.5 0 0
11856.5 1 1
11857.5 1 1
11858.5 0 0
11859.5 0 0
11860.5 1 1
11861.5 0 0
11862.5 0 0
11863.5 2 1.41421
11864.5 1 1
11865.5 1 1
11866.5 1 1
11867.5 1 1
11868.5 0 0
11869.5 1 1
11870.5 1 1
11871.5 0 0
11872.5 0 0
11873.5 0 0
11874.5 1 1
11875.5 3 1.73205
11876.5 1 1
11877.5 0 0
11878.5 2 1.41421
11879.5 0 0
11880.5 0 0
11881.5 1 1
11882.5 0 0
11883.5 1 1
11884.5 0 0
11885.5 1 1
11886.5 0 0
11887.5 1 1
11888.5 2 1.41421
11889.5 0 0
11890.5 0 0
11891.5 0 0
11892.5 1 1
11893.5 0 0
11894.5 1 1
11895.5 1 1
11896.5 0 0
11897.5 0 0
11898.5 1 1
11899.5 1 1
11900.5 0 0
11901.5 0 0
11902.5 3 1.73205
11903.5 0 0
11904.5 1 1
11905.5 0 0
11906.5 1 1
11907.5 0 0
11908.5 1 1
11909.5 0 0
11910.5 1 1
11911.5 1 1
11912.5 0 0
11913.5 1 1
11914.5 0 0
11915.5 0 0
11916.5 1 1
11917.5 1 1
11918.5 0 0
11919.5 1 1
11920.5 1 1
11921.5 0 0
11922.5 0 0
11923.5 0 0
11924.5 0 0
11925.5 1 1
11926.5 1 1
11927.5 1 1
11928.5 0 0
11929.5 1 1
11930.5 1 1
11931.5 0 0
11932.5 0 0
11933.5 0 0
11934.5 2 1.41421
11935.5 0 0
11936.5 1 1
11937.5 1 1
11938.5 2 1.41421
11939.5 1 1
11940.5 1 1
11941.5 1 1
11942.5 1 1
11943.5 1 1
11944.5 2 1.41421
11945.5 1 1
11946.5 4 2
11947.5 3 1.73205
11948.5 2 1.41421
11949.5 0 0
11950.5 1 1
11951.5 1 1
11952.5 1 1
11953.5 2 1.41421
11954.5 2 1.41421
11955.5 0 0
11956.5 1 1
11957.5 1 1
11958.5 2 1.41421
11959.5 1 1
11960.5 1 1
11961.5 2 1.41421
11962.5 0 0
11963.5 2 1.41421
11964.5 2 1.41421
11965.5 3 1.73205
11966.5 0 0
11967.5 0 0
11968.5 0 0
11969.5 1 1
11970.5 1 1
11971.5 1 1
11972.5 2 1.41421
11973.5 2 1.41421
11974.5 1 1
11975.5 2 1.41421
11976.5 2 1.41421
11977.5 0 0
11978.5 1 1
11979.5 1 1
11980.5 0 0
11981.5 0 0
11982.5 1 1
11983.5 0 0
11984.5 3 1.73205
11985.5 1 1
11986.5 1 1
11987.5 0 0
11988.5 2 1.41421
11989.5 1 1
11990.5 1 1
11991.5 0 0
11992.5 1 1
11993.5 2 1.41421
11994.5 0 0
11995.5 1 1
11996.5 0 0
11997.5 0 0
11998.5 0 0
11999.5 0 0
12000.5 1 1
12001.5 0 0
12002.5 0 0
12003.5 2 1.41421
12004.5 1 1
12005.5 0 0
12006.5 2 1.41421
12007.5 3 1.73205
12008.5 3 1.73205
12009.5 0 0
12010.5 0 0
12011.5 0 0
12012.5 2 1.41421
12013.5 0 0
12014.5 0 0
12015.5 1 1
12016.5 0 0
12017.5 1 1
12018.5 0 0
12019.5 1 1
12020.5 1 1
12021.5 1 1
12022.5 1 1
12023.5 2 1.41421
12024.5 1 1
12025.5 0 0
12026.5 0 0
12027.5 1 1
12028.5 0 0
12029.5 2 1.41421
12030.5 1 1
12031.5 1 1
12032.5 2 1.41421
12033.5 1 1
12034.5 1 1
12035.5 0 0
12036.5 0 0
12037.5 0 0
12038.5 0 0
12039.5 0 0
12040.5 1 1
12041.5 2 1.41421
12042.5 1 1
12043.5 1 1
12044.5 1 1
12045.5 0 0
12046.5 0 0
12047.5 0 0
12048.5 0 0
12049.5 2 1.41421
12050.5 1 1
12051.5 0 0
12052.5 0 0
12053.5 2 1.41421
12054.5 0 0
12055.5 0 0
12056.5 1 1
12057.5 1 1
12058.5 0 0
12059.5 2 1.41421
12060.5 1 1
12061.5 1 1
12062.5 0 0
12063.5 1 1
12064.5 1 1
12065.5 3 1.73205
12066.5 0 0
12067.5 1 1
12068.5 0 0
12069.5 1 1
12070.5 1 1
12071.5 0 0
12072.5 1 1
12073.5 1 1
12074.5 0 0
12075.5 2 1.41421
12076.5 1 1
12077.5 2 1.41421
12078.5 0 0
12079.5 0 0
12080.5 2 1.41421
12081.5 0 0
12082.5 2 1.41421
12083.5 0 0
12084.5 0 0
12085.5 1 1
12086.5 1 1
12087.5 0 0
12088.5 0 0
12089.5 1 1
12090.5 0 0
12091.5 1 1
12092.5 1 1
12093.5 1 1
12094.5 0 0
12095.5 1 1
12096.5 1 1
12097.5 0 0
12098.5 0 0
12099.5 2 1.41421
12100.5 0 0
12101.5 1 1
12102.5 0 0
12103.5 1 1
12104.5 2 1.41421
12105.5 1 1
12106.5 0 0
12107.5 1 1
12108.5 1 1
12109.5 0 0
12110.5 2 1.41421
12111.5 1 1
12112.5 1 1
12113.5 1 1
12114.5 0 0
12115.5 0 0
12116.5 0 0
12117.5 0 0
12118.5 3 1.73205
12119.5 1 1
12120.5 0 0
12121.5 0 0
12122.5 0 0
12123.5 0 0
12124.5 1 1
12125.5 2 1.41421
12126.5 1 1
12127.5 0 0
12128.5 1 1
12129.5 0 0
12130.5 0 0
12131.5 1 1
12132.5 1 1
12133.5 1 1
12134.5 2 1.41421
12135.5 1 1
12136.5 1 1
12137.5 2 1.41421
12138.5 3 1.73205
12139.5 1 1
12140.5 1 1
12141.5 1 1
12142.5 2 1.41421
12143.5 0 0
12144.5 1 1
12145.5 0 0
12146.5 0 0
12147.5 0 0
12148.5 1 1
12149.5 0 0
12150.5 0 0
12151.5 0 0
12152.5 1 1
12153.5 0 0
12154.5 0 0
12155.5 1 1
12156.5 2 1.41421
12157.5 0 0
12158.5 2 1.41421
12159.5 0 0
12160.5 0 0
12161.5 0 0
12162.5 0 0
12163.5 0 0
12164.5 1 1
12165.5 1 1
12166.5 0 0
12167.5 1 1
12168.5 1 1
12169.5 0 0
12170.5 0 0
12171.5 1 1
12172.5 1 1
12173.5 2 1.41421
12174.5 0 0
12175.5 1 1
12176.5 0 0
12177.5 0 0
12178.5 1 1
12179.5 0 0
12180.5 0 0
12181.5 0 0
12182.5 2 1.41421
12183.5 0 0
12184.5 1 1
12185.5 2 1.41421
12186.5 1 1
12187.5 0 0
12188.5 0 0
12189.5 0 0
12190.5 0 0
12191.5 0 0
12192.5 1 1
12193.5 1 1
12194.5 3 1.73205
12195.5 1 1
12196.5 1 1
12197.5 3 1.73205
12198.5 0 0
12199.5 2 1.41421
12200.5 0 0
12201.5 1 1
12202.5 1 1
12203.5 0 0
12204.5 2 1.41421
12205.5 0 0
12206.5 1 1
12207.5 1 1
12208.5 1 1
12209.5 2 1.41421
12210.5 0 0
12211.5 0 0
12212.5 1 1
12213.5 1 1
12214.5 0 0
12215.5 0 0
12216.5 1 1
12217.5 1 1
12218.5 2 1.41421
12219.5 1 1
12220.5 0 0
12221.5 3 1.73205
12222.5 1 1
12223.5 0 0
12224.5 0 0
12225.5 1 1
12226.5 0 0
12227.5 1 1
12228.5 2 1.41421
12229.5 0 0
12230.5 1 1
12231.5 0 0
12232.5 2 1.41421
12233.5 1 1
12234.5 0 0
12235.5 1 1
12236.5 0 0
12237.5 1 1
12238.5 2 1.41421
12239.5 1 1
12240.5 1 1
12241.5 0 0
12242.5 1 1
12243.5 0 0
12244.5 0 0
12245.5 2 1.41421
12246.5 0 0
12247.5 0 0
12248.5 1 1
12249.5 0 0
12250.5 0 0
12251.5 0 0
12252.5 1 1
12253.5 0 0
12254.5 1 1
12255.5 1 1
12256.5 1 1
12257.5 0 0
12258.5 0 0
12259.5 0 0
12260.5 1 1
12261.5 2 1.41421
12262.5 0 0
12263.5 2 1.41421
12264.5 1 1
12265.5 0 0
12266.5 1 1
12267.5 0 0
12268.5 2 1.41421
12269.5 3 1.73205
12270.5 0 0
12271.5 0 0
12272.5 0 0
12273.5 2 1.41421
12274.5 0 0
12275.5 1 1
12276.5 0 0
12277.5 1 1
12278.5 2 1.41421
12279.5 3 1.73205
12280.5 3 1.73205
12281.5 0 0
12282.5 0 0
12283.5 0 0
12284.5 1 1
12285.5 0 0
12286.5 1 1
12287.5 0 0
12288.5 1 1
12289.5 2 1.41421
12290.5 2 1.41421
12291.5 1 1
12292.5 1 1
12293.5 0 0
12294.5 0 0
12295.5 1 1
12296.5 3 1.73205
12297.5 0 0
12298.5 2 1.41421
12299.5 0 0
12300.5 0 0
12301.5 1 1
12302.5 0 0
12303.5 1 1
12304.5 0 0
12305.5 1 1
12306.5 0 0
12307.5 0 0
12308.5 1 1
12309.5 0 0
12310.5 1 1
12311.5 2 1.41421
12312.5 2 1.41421
12313.5 0 0
12314.5 1 1
12315.5 0 0
12316.5 0 0
12317.5 0 0
12318.5 0 0
12319.5 0 0
12320.5 1 1
12321.5 0 0
12322.5 0 0
12323.5 2 1.41421
12324.5 0 0
12325.5 1 1
12326.5 0 0
12327.5 2 1.41421
12328.5 1 1
12329.5 1 1
12330.5 0 0
12331.5 2 1.41421
12332.5 1 1
12333.5 1 1
12334.5 1 1
12335.5 1 1
12336.5 1 1
12337.5 1 1
12338.5 1 1
12339.5 2 1.41421
12340.5 0 0
12341.5 1 1
12342.5 0 0
12343.5 1 1
12344.5 2 1.41421
12345.5 2 1.41421
12346.5 1 1
12347.5 0 0
12348.5 0 0
12349.5 0 0
12350.5 0 0
12351.5 0 0
12352.5 0 0
12353.5 0 0
12354.5 0 0
12355.5 1 1
12356.5 0 0
12357.5 0 0
12358.5 2 1.41421
12359.5 0 0
12360.5 1 1
12361.5 1 1
12362.5 0 0
12363.5 2 1.41421
12364.5 0 0
12365.5 1 1
12366.5 0 0
12367.5 2 1.41421
12368.5 0 0
12369.5 0 0
12370.5 2 1.41421
12371.5 1 1
12372.5 3 1.73205
12373.5 0 0
12374.5 2 1.41421
12375.5 1 1
12376.5 1 1
12377.5 0 0
12378.5 4 2
12379.5 0 0
12380.5 2 1.41421
12381.5 0 0
12382.5 1 1
12383.5 1 1
12384.5 2 1.41421
12385.5 1 1
12386.5 1 1
12387.5 1 1
12388.5 0 0
12389.5 1 1
12390.5 1 1
12391.5 0 0
12392.5 1 1
12393.5 0 0
12394.5 1 1
12395.5 1 1
12396.5 1 1
12397.5 0 0
12398.5 0 0
12399.5 1 1
12400.5 1 1
12401.5 1 1
12402.5 1 1
12403.5 0 0
12404.5 1 1
12405.5 1 1
12406.5 1 1
12407.5 0 0
12408.5 2 1.41421
12409.5 3 1.73205
12410.5 1 1
12411.5 0 0
12412.5 0 0
12413.5 2 1.41421
12414.5 3 1.73205
12415.5 1 1
12416.5 0 0
12417.5 0 0
12418.5 1 1
12419.5 0 0
12420.5 2 1.41421
12421.5 1 1
12422.5 1 1
12423.5 2 1.41421
12424.5 2 1.41421
12425.5 1 1
12426.5 2 1.41421
12427.5 2 1.41421
12428.5 2 1.41421
12429.5 1 1
12430.5 0 0
12431.5 0 0
12432.5 1 1
12433.5 1 1
12434.5 0 0
12435.5 3 1.73205
12436.5 1 1
12437.5 1 1
12438.5 3 1.73205
12439.5 2 1.41421
12440.5 0 0
12441.5 0 0
12442.5 1 1
12443.5 0 0
12444.5 1 1
12445.5 0 0
12446.5 1 1
12447.5 0 0
12448.5 0 0
12449.5 0 0
12450.5 3 1.73205
12451.5 0 0
12452.5 0 0
12453.5 1 1
12454.5 0 0
12455.5 1 1
12456.5 1 1
12457.5 1 1
12458.5 2 1.41421
12459.5 0 0
12460.5 0 0
12461.5 0 0
12462.5 0 0
12463.5 2 1.41421
12464.5 0 0
12465.5 1 1
12466.5 0 0
12467.5 1 1
12468.5 1 1
12469.5 0 0
12470.5 1 1
12471.5 0 0
12472.5 1 1
12473.5 0 0
12474.5 1 1
12475.5 1 1
12476.5 0 0
12477.5 0 0
12478.5 0 0
12479.5 0 0
12480.5 2 1.41421
12481.5 1 1
12482.5 0 0
12483.5 1 1
12484.5 0 0
12485.5 1 1
12486.5 0 0
12487.5 0 0
12488.5 1 1
12489.5 0 0
12490.5 0 0
12491.5 0 0
12492.5 0 0
12493.5 0 0
12494.5 0 0
12495.5 1 1
12496.5 0 0
12497.5 0 0
12498.5 2 1.41421
12499.5 1 1
12500.5 2 1.41421
12501.5 1 1
12502.5 1 1
12503.5 2 1.41421
12504.5 1 1
12505.5 0 0
12506.5 1 1
12507.5 0 0
12508.5 1 1
12509.5 0 0
12510.5 1 1
12511.5 1 1
12512.5 0 0
12513.5 4 2
12514.5 2 1.41421
12515.5 0 0
12516.5 0 0
12517.5 1 1
12518.5 0 0
12519.5 3 1.73205
12520.5 0 0
12521.5 0 0
12522.5 1 1
12523.5 0 0
12524.5 3 1.73205
12525.5 1 1
12526.5 0 0
12527.5 1 1
12528.5 0 0
12529.5 1 1
12530.5 0 0
12531.5 0 0
12532.5 0 0
12533.5 1 1
12534.5 0 0
12535.5 0 0
12536.5 0 0
12537.5 0 0
12538.5 0 0
12539.5 1 1
12540.5 0 0
12541.5 1 1
12542.5 0 0
12543.5 1 1
12544.5 1 1
12545.5 1 1
12546.5 0 0
12547.5 0 0
12548.5 1 1
12549.5 0 0
12550.5 0 0
12551.5 1 1
12552.5 1 1
12553.5 2 1.41421
12554.5 1 1
12555.5 0 0
12556.5 0 0
12557.5 2 1.41421
12558.5 2 1.41421
12559.5 1 1
12560.5 1 1
12561.5 1 1
12562.5 1 1
12563.5 1 1
12564.5 0 0
12565.5 0 0
12566.5 1 1
12567.5 1 1
12568.5 1 1
12569.5 1 1
12570.5 1 1
12571.5 0 0
12572.5 0 0
12573.5 0 0
12574.5 0 0
12575.5 0 0
12576.5 0 0
12577.5 2 1.41421
12578.5 0 0
12579.5 3 1.73205
12580.5 0 0
12581.5 3 1.73205
12582.5 1 1
12583.5 2 1.41421
12584.5 1 1
12585.5 1 1
12586.5 0 0
12587.5 2 1.41421
12588.5 5 2.23607
12589.5 2 1.41421
12590.5 1 1
12591.5 0 0
12592.5 1 1
12593.5 1 1
12594.5 0 0
12595.5 0 0
12596.5 1 1
12597.5 0 0
12598.5 4 2
12599.5 0 0
12600.5 1 1
12601.5 2 1.41421
12602.5 0 0
12603.5 0 0
12604.5 1 1
12605.5 4 2
12606.5 0 0
12607.5 5 2.23607
12608.5 2 1.41421
12609.5 0 0
12610.5 2 1.41421
12611.5 1 1
12612.5 0 0
12613.5 1 1
12614.5 0 0
12615.5 1 1
12616.5 0 0
12617.5 1 1
12618.5 0 0
12619.5 1 1
12620.5 2 1.41421
12621.5 0 0
12622.5 0 0
12623.5 2 1.41421
12624.5 0 0
12625.5 0 0
12626.5 1 1
12627.5 1 1
12628.5 0 0
12629.5 3 1.73205
12630.5 1 1
12631.5 0 0
12632.5 0 0
12633.5 1 1
12634.5 2 1.41421
12635.5 2 1.41421
12636.5 0 0
12637.5 0 0
12638.5 2 1.41421
12639.5 1 1
12640.5 1 1
12641.5 1 1
12642.5 0 0
12643.5 0 0
12644.5 0 0
12645.5 1 1
12646.5 1 1
12647.5 0 0
12648.5 2 1.41421
12649.5 2 1.41421
12650.5 0 0
12651.5 1 1
12652.5 1 1
12653.5 0 0
12654.5 1 1
12655.5 1 1
12656.5 0 0
12657.5 0 0
12658.5 0 0
12659.5 1 1
12660.5 4 2
12661.5 3 1.73205
12662.5 0 0
12663.5 0 0
12664.5 1 1
12665.5 0 0
12666.5 1 1
12667.5 0 0
12668.5 1 1
12669.5 0 0
12670.5 1 1
12671.5 1 1
12672.5 0 0
12673.5 0 0
12674.5 2 1.41421
12675.5 1 1
12676.5 0 0
12677.5 1 1
12678.5 0 0
12679.5 1 1
12680.5 1 1
12681.5 1 1
12682.5 1 1
12683.5 0 0
12684.5 1 1
12685.5 3 1.73205
12686.5 0 0
12687.5 2 1.41421
12688.5 0 0
12689.5 0 0
12690.5 0 0
12691.5 1 1
12692.5 0 0
12693.5 0 0
12694.5 1 1
12695.5 2 1.41421
12696.5 0 0
12697.5 0 0
12698.5 1 1
12699.5 0 0
12700.5 1 1
12701.5 1 1
12702.5 0 0
12703.5 1 1
12704.5 1 1
12705.5 5 2.23607
12706.5 0 0
12707.5 1 1
12708.5 2 1.41421
12709.5 2 1.41421
12710.5 2 1.41421
12711.5 2 1.41421
12712.5 1 1
12713.5 0 0
12714.5 0 0
12715.5 0 0
12716.5 3 1.73205
12717.5 3 1.73205
12718.5 0 0
12719.5 1 1
12720.5 2 1.41421
12721.5 0 0
12722.5 1 1
12723.5 0 0
12724.5 2 1.41421
12725.5 1 1
12726.5 1 1
12727.5 0 0
12728.5 1 1
12729.5 0 0
12730.5 0 0
12731.5 1 1
12732.5 1 1
12733.5 2 1.41421
12734.5 1 1
12735.5 1 1
12736.5 0 0
12737.5 0 0
12738.5 0 0
12739.5 1 1
12740.5 0 0
12741.5 0 0
12742.5 0 0
12743.5 1 1
12744.5 1 1
12745.5 2 1.41421
12746.5 2 1.41421
12747.5 0 0
12748.5 0 0
12749.5 0 0
12750.5 0 0
12751.5 0 0
12752.5 0 0
12753.5 0 0
12754.5 3 1.73205
12755.5 0 0
12756.5 0 0
12757.5 1 1
12758.5 0 0
12759.5 1 1
12760.5 0 0
12761.5 0 0
12762.5 0 0
12763.5 0 0
12764.5 0 0
12765.5 1 1
12766.5 1 1
12767.5 0 0
12768.5 0 0
12769.5 0 0
12770.5 0 0
12771.5 1 1
12772.5 0 0
12773.5 0 0
12774.5 0 0
12775.5 0 0
12776.5 1 1
12777.5 0 0
12778.5 0 0
12779.5 0 0
12780.5 2 1.41421
12781.5 0 0
12782.5 0 0
12783.5 1 1
12784.5 2 1.41421
12785.5 0 0
12786.5 0 0
12787.5 1 1
12788.5 0 0
12789.5 1 1
12790.5 1 1
12791.5 1 1
12792.5 1 1
12793.5 0 0
12794.5 0 0
12795.5 2 1.41421
12796.5 0 0
12797.5 0 0
12798.5 0 0
12799.5 1 1
12800.5 0 0
12801.5 1 1
12802.5 1 1
12803.5 0 0
12804.5 0 0
12805.5 0 0
12806.5 0 0
12807.5 0 0
12808.5 0 0
12809.5 2 1.41421
12810.5 1 1
12811.5 0 0
12812.5 0 0
12813.5 2 1.41421
12814.5 0 0
12815.5 2 1.41421
12816.5 1 1
12817.5 0 0
12818.5 0 0
12819.5 0 0
12820.5 0 0
12821.5 0 0
12822.5 0 0
12823.5 0 0
12824.5 1 1
12825.5 1 1
12826.5 1 1
12827.5 2 1.41421
12828.5 1 1
12829.5 0 0
12830.5 0 0
12831.5 0 0
12832.5 2 1.41421
12833.5 0 0
12834.5 2 1.41421
12835.5 0 0
12836.5 0 0
12837.5 0 0
12838.5 0 0
12839.5 0 0
12840.5 0 0
12841.5 0 0
12842.5 1 1
12843.5 1 1
12844.5 1 1
12845.5 1 1
12846.5 0 0
12847.5 1 1
12848.5 0 0
12849.5 2 1.41421
12850.5 1 1
12851.5 1 1
12852.5 0 0
12853.5 0 0
12854.5 0 0
12855.5 1 1
12856.5 3 1.73205
12857.5 0 0
12858.5 0 0
12859.5 0 0
12860.5 1 1
12861.5 0 0
12862.5 2 1.41421
12863.5 0 0
12864.5 0 0
12865.5 0 0
12866.5 0 0
12867.5 0 0
12868.5 0 0
12869.5 2 1.41421
12870.5 0 0
12871.5 1 1
12872.5 0 0
12873.5 0 0
12874.5 0 0
12875.5 1 1
12876.5 1 1
12877.5 0 0
12878.5 1 1
12879.5 0 0
12880.5 0 0
12881.5 0 0
12882.5 2 1.41421
12883.5 0 0
12884.5 2 1.41421
12885.5 0 0
12886.5 1 1
12887.5 0 0
12888.5 0 0
12889.5 1 1
12890.5 0 0
12891.5 0 0
12892.5 0 0
12893.5 1 1
12894.5 0 0
12895.5 0 0
12896.5 0 0
12897.5 0 0
12898.5 0 0
12899.5 0 0
12900.5 0 0
12901.5 1 1
12902.5 0 0
12903.5 0 0
12904.5 0 0
12905.5 0 0
12906.5 2 1.41421
12907.5 1 1
12908.5 1 1
12909.5 1 1
12910.5 0 0
12911.5 1 1
12912.5 0 0
12913.5 1 1
12914.5 0 0
12915.5 0 0
12916.5 0 0
12917.5 0 0
12918.5 0 0
12919.5 2 1.41421
12920.5 1 1
12921.5 0 0
12922.5 2 1.41421
12923.5 0 0
12924.5 1 1
12925.5 0 0
12926.5 0 0
12927.5 2 1.41421
12928.5 2 1.41421
12929.5 2 1.41421
12930.5 1 1
12931.5 1 1
12932.5 0 0
12933.5 1 1
12934.5 0 0
12935.5 1 1
12936.5 2 1.41421
12937.5 0 0
12938.5 0 0
12939.5 0 0
12940.5 0 0
12941.5 1 1
12942.5 0 0
12943.5 0 0
12944.5 0 0
12945.5 0 0
12946.5 0 0
12947.5 2 1.41421
12948.5 0 0
12949.5 1 1
12950.5 2 1.41421
12951.5 2 1.41421
12952.5 1 1
12953.5 1 1
12954.5 2 1.41421
12955.5 0 0
12956.5 0 0
12957.5 0 0
12958.5 2 1.41421
12959.5 1 1
12960.5 0 0
12961.5 1 1
12962.5 2 1.41421
12963.5 1 1
12964.5 1 1
12965.5 0 0
12966.5 2 1.41421
12967.5 0 0
12968.5 0 0
12969.5 0 0
12970.5 0 0
12971.5 0 0
12972.5 2 1.41421
12973.5 0 0
12974.5 1 1
12975.5 0 0
12976.5 0 0
12977.5 0 0
12978.5 0 0
12979.5 3 1.73205
12980.5 0 0
12981.5 0 0
12982.5 0 0
12983.5 0 0
12984.5 1 1
12985.5 0 0
12986.5 1 1
12987.5 0 0
12988.5 0 0
12989.5 1 1
12990.5 0 0
12991.5 0 0
12992.5 0 0
12993.5 0 0
12994.5 1 1
12995.5 0 0
12996.5 1 1
12997.5 0 0
12998.5 1 1
12999.5 0 0
13000.5 0 0
13001.5 0 0
13002.5 0 0
13003.5 0 0
13004.5 1 1
13005.5 1 1
13006.5 1 1
13007.5 0 0
13008.5 1 1
13009.5 2 1.41421
13010.5 0 0
13011.5 1 1
13012.5 1 1
13013.5 1 1
13014.5 2 1.41421
13015.5 0 0
13016.5 0 0
13017.5 0 0
13018.5 0 0
13019.5 0 0
13020.5 1 1
13021.5 2 1.41421
13022.5 0 0
13023.5 0 0
13024.5 2 1.41421
13025.5 0 0
13026.5 0 0
13027.5 1 1
13028.5 1 1
13029.5 0 0
13030.5 0 0
13031.5 0 0
13032.5 0 0
13033.5 0 0
13034.5 0 0
13035.5 0 0
13036.5 0 0
13037.5 0 0
13038.5 1 1
13039.5 0 0
13040.5 0 0
13041.5 0 0
13042.5 1 1
13043.5 0 0
13044.5 0 0
13045.5 1 1
13046.5 2 1.41421
13047.5 0 0
13048.5 0 0
13049.5 0 0
13050.5 1 1
13051.5 1 1
13052.5 1 1
13053.5 1 1
13054.5 2 1.41421
13055.5 2 1.41421
13056.5 2 1.41421
13057.5 1 1
13058.5 1 1
13059.5 0 0
13060.5 1 1
13061.5 0 0
13062.5 0 0
13063.5 1 1
13064.5 0 0
13065.5 1 1
13066.5 1 1
13067.5 0 0
13068.5 1 1
13069.5 0 0
13070.5 1 1
13071.5 4 2
13072.5 3 1.73205
13073.5 1 1
13074.5 0 0
13075.5 0 0
13076.5 0 0
13077.5 1 1
13078.5 0 0
13079.5 0 0
13080.5 0 0
13081.5 0 0
13082.5 2 1.41421
13083.5 0 0
13084.5 1 1
13085.5 0 0
13086.5 0 0
13087.5 1 1
13088.5 1 1
13089.5 2 1.41421
13090.5 0 0
13091.5 0 0
13092.5 0 0
13093.5 0 0
13094.5 0 0
13095.5 1 1
13096.5 0 0
13097.5 0 0
13098.5 0 0
13099.5 0 0
13100.5 1 1
13101.5 2 1.41421
13102.5 0 0
13103.5 1 1
13104.5 0 0
13105.5 1 1
13106.5 1 1
13107.5 0 0
13108.5 0 0
13109.5 0 0
13110.5 0 0
13111.5 0 0
13112.5 1 1
13113.5 0 0
13114.5 0 0
13115.5 0 0
13116.5 2 1.41421
13117.5 1 1
13118.5 1 1
13119.5 0 0
13120.5 0 0
13121.5 0 0
13122.5 0 0
13123.5 1 1
13124.5 0 0
13125.5 1 1
13126.5 1 1
13127.5 0 0
13128.5 0 0
13129.5 0 0
13130.5 0 0
13131.5 0 0
13132.5 0 0
13133.5 0 0
13134.5 1 1
13135.5 0 0
13136.5 0 0
13137.5 0 0
13138.5 0 0
13139.5 0 0
13140.5 0 0
13141.5 0 0
13142.5 0 0
13143.5 0 0
13144.5 0 0
13145.5 1 1
13146.5 0 0
13147.5 0 0
13148.5 0 0
13149.5 1 1
13150.5 1 1
13151.5 1 1
13152.5 1 1
13153.5 1 1
13154.5 0 0
13155.5 0 0
13156.5 1 1
13157.5 0 0
13158.5 2 1.41421
13159.5 0 0
13160.5 0 0
13161.5 0 0
13162.5 0 0
13163.5 2 1.41421
13164.5 0 0
13165.5 0 0
13166.5 0 0
13167.5 0 0
13168.5 0 0
13169.5 1 1
13170.5 0 0
13171.5 0 0
13172.5 1 1
13173.5 0 0
13174.5 0 0
13175.5 1 1
13176.5 0 0
13177.5 2 1.41421
13178.5 1 1
13179.5 1 1
13180.5 0 0
13181.5 0 0
13182.5 0 0
13183.5 0 0
13184.5 0 0
13185.5 0 0
13186.5 0 0
13187.5 1 1
13188.5 0 0
13189.5 2 1.41421
13190.5 1 1
13191.5 0 0
13192.5 0 0
13193.5 0 0
13194.5 0 0
13195.5 0 0
13196.5 0 0
13197.5 0 0
13198.5 0 0
13199.5 0 0
13200.5 0 0
13201.5 2 1.41421
13202.5 0 0
13203.5 1 1
13204.5 3 1.73205
13205.5 0 0
13206.5 2 1.41421
13207.5 2 1.41421
13208.5 1 1
13209.5 0 0
13210.5 0 0
13211.5 1 1
13212.5 1 1
13213.5 1 1
13214.5 0 0
13215.5 0 0
13216.5 0 0
13217.5 1 1
13218.5 1 1
13219.5 0 0
13220.5 1 1
13221.5 0 0
13222.5 0 0
13223.5 0 0
13224.5 2 1.41421
13225.5 0 0
13226.5 0 0
13227.5 0 0
13228.5 0 0
13229.5 0 0
13230.5 0 0
13231.5 0 0
13232.5 1 1
13233.5 0 0
13234.5 0 0
13235.5 0 0
13236.5 0 0
13237.5 0 0
13238.5 0 0
13239.5 0 0
13240.5 0 0
13241.5 0 0
13242.5 0 0
13243.5 1 1
13244.5 0 0
13245.5 0 0
13246.5 1 1
13247.5 0 0
13248.5 0 0
13249.5 0 0
13250.5 0 0
13251.5 1 1
13252.5 0 0
13253.5 1 1
13254.5 1 1
13255.5 0 0
13256.5 0 0
13257.5 0 0
13258.5 2 1.41421
13259.5 0 0
13260.5 1 1
13261.5 1 1
13262.5 1 1
13263.5 0 0
13264.5 0 0
13265.5 0 0
13266.5 1 1
13267.5 0 0
13268.5 0 0
13269.5 2 1.41421
13270.5 0 0
13271.5 0 0
13272.5 0 0
13273.5 0 0
13274.5 0 0
13275.5 1 1
13276.5 1 1
13277.5 2 1.41421
13278.5 0 0
13279.5 0 0
13280.5 1 1
13281.5 2 1.41421
13282.5 0 0
13283.5 0 0
13284.5 0 0
13285.5 1 1
13286.5 0 0
13287.5 0 0
13288.5 0 0
13289.5 0 0
13290.5 0 0
13291.5 0 0
13292.5 0 0
13293.5 0 0
13294.5 1 1
13295.5 0 0
13296.5 0 0
13297.5 1 1
13298.5 1 1
13299.5 1 1
13300.5 1 1
13301.5 1 1
13302.5 0 0
13303.5 0 0
13304.5 0 0
13305.5 0 0
13306.5 1 1
13307.5 0 0
13308.5 1 1
13309.5 1 1
13310.5 1 1
13311.5 0 0
13312.5 0 0
13313.5 0 0
13314.5 1 1
13315.5 0 0
13316.5 0 0
13317.5 1 1
13318.5 1 1
13319.5 0 0
13320.5 0 0
13321.5 0 0
13322.5 0 0
13323.5 1 1
13324.5 0 0
13325.5 0 0
13326.5 0 0
13327.5 0 0
13328.5 0 0
13329.5 1 1
13330.5 2 1.41421
13331.5 0 0
13332.5 0 0
13333.5 1 1
13334.5 0 0
13335.5 1 1
13336.5 2 1.41421
13337.5 0 0
13338.5 1 1
13339.5 0 0
13340.5 0 0
13341.5 0 0
13342.5 0 0
13343.5 2 1.41421
13344.5 0 0
13345.5 0 0
13346.5 0 0
13347.5 0 0
13348.5 0 0
13349.5 0 0
13350.5 1 1
13351.5 0 0
13352.5 0 0
13353.5 0 0
13354.5 1 1
13355.5 1 1
13356.5 0 0
13357.5 0 0
13358.5 0 0
13359.5 0 0
13360.5 0 0
13361.5 1 1
13362.5 0 0
13363.5 0 0
13364.5 0 0
13365.5 1 1
13366.5 0 0
13367.5 0 0
13368.5 0 0
13369.5 0 0
13370.5 0 0
13371.5 0 0
13372.5 0 0
13373.5 1 1
13374.5 1 1
13375.5 1 1
13376.5 0 0
13377.5 0 0
13378.5 0 0
13379.5 0 0
13380.5 2 1.41421
13381.5 0 0
13382.5 0 0
13383.5 0 0
13384.5 0 0
13385.5 0 0
13386.5 0 0
13387.5 0 0
13388.5 0 0
13389.5 0 0
13390.5 1 1
13391.5 0 0
13392.5 0 0
13393.5 0 0
13394.5 0 0
13395.5 2 1.41421
13396.5 1 1
13397.5 0 0
13398.5 1 1
13399.5 1 1
13400.5 0 0
13401.5 1 1
13402.5 0 0
13403.5 0 0
13404.5 0 0
13405.5 0 0
13406.5 0 0
13407.5 1 1
13408.5 0 0
13409.5 0 0
13410.5 1 1
13411.5 0 0
13412.5 0 0
13413.5 0 0
13414.5 1 1
13415.5 0 0
13416.5 0 0
13417.5 0 0
13418.5 0 0
13419.5 0 0
13420.5 0 0
13421.5 0 0
13422.5 0 0
13423.5 0 0
13424.5 0 0
13425.5 0 0
13426.5 0 0
13427.5 0 0
13428.5 0 0
13429.5 0 0
13430.5 1 1
13431.5 1 1
13432.5 0 0
13433.5 0 0
13434.5 0 0
13435.5 3 1.73205
13436.5 0 0
13437.5 0 0
13438.5 0 0
13439.5 0 0
13440.5 0 0
13441.5 1 1
13442.5 0 0
13443.5 0 0
13444.5 0 0
13445.5 0 0
13446.5 0 0
13447.5 0 0
13448.5 0 0
13449.5 0 0
13450.5 0 0
13451.5 1 1
13452.5 0 0
13453.5 1 1
13454.5 0 0
13455.5 0 0
13456.5 0 0
13457.5 0 0
13458.5 0 0
13459.5 0 0
13460.5 0 0
13461.5 0 0
13462.5 0 0
13463.5 0 0
13464.5 0 0
13465.5 1 1
13466.5 0 0
13467.5 2 1.41421
13468.5 1 1
13469.5 1 1
13470.5 0 0
13471.5 0 0
13472.5 0 0
13473.5 0 0
13474.5 0 0
13475.5 0 0
13476.5 0 0
13477.5 0 0
13478.5 0 0
13479.5 0 0
13480.5 1 1
13481.5 0 0
13482.5 0 0
13483.5 0 0
13484.5 0 0
13485.5 0 0
13486.5 0 0
13487.5 1 1
13488.5 0 0
13489.5 0 0
13490.5 2 1.41421
13491.5 0 0
13492.5 0 0
13493.5 0 0
13494.5 0 0
13495.5 0 0
13496.5 0 0
13497.5 0 0
13498.5 0 0
13499.5 0 0
13500.5 0 0
13501.5 0 0
13502.5 0 0
13503.5 0 0
13504.5 0 0
13505.5 1 1
13506.5 0 0
13507.5 0 0
13508.5 0 0
13509.5 0 0
13510.5 0 0
13511.5 0 0
13512.5 0 0
13513.5 0 0
13514.5 1 1
13515.5 0 0
13516.5 0 0
13517.5 1 1
13518.5 0 0
13519.5 0 0
13520.5 0 0
13521.5 0 0
13522.5 0 0
13523.5 0 0
13524.5 0 0
13525.5 1 1
13526.5 1 1
13527.5 0 0
13528.5 0 0
13529.5 1 1
13530.5 1 1
13531.5 0 0
13532.5 0 0
13533.5 0 0
13534.5 0 0
13535.5 1 1
13536.5 1 1
13537.5 0 0
13538.5 0 0
13539.5 0 0
13540.5 0 0
13541.5 0 0
13542.5 0 0
13543.5 0 0
13544.5 1 1
13545.5 0 0
13546.5 0 0
13547.5 0 0
13548.5 0 0
13549.5 0 0
13550.5 1 1
13551.5 0 0
13552.5 0 0
13553.5 0 0
13554.5 0 0
13555.5 0 0
13556.5 0 0
13557.5 0 0
13558.5 0 0
13559.5 0 0
13560.5 0 0
13561.5 2 1.41421
13562.5 1 1
13563.5 1 1
13564.5 0 0
13565.5 0 0
13566.5 1 1
13567.5 0 0
13568.5 0 0
13569.5 0 0
13570.5 1 1
13571.5 0 0
13572.5 0 0
13573.5 0 0
13574.5 0 0
13575.5 0 0
13576.5 0 0
13577.5 0 0
13578.5 0 0
13579.5 0 0
13580.5 1 1
13581.5 0 0
13582.5 0 0
13583.5 0 0
13584.5 2 1.41421
13585.5 0 0
13586.5 1 1
13587.5 0 0
13588.5 0 0
13589.5 0 0
13590.5 0 0
13591.5 0 0
13592.5 0 0
13593.5 0 0
13594.5 1 1
13595.5 0 0
13596.5 1 1
13597.5 1 1
13598.5 0 0
13599.5 0 0
13600.5 0 0
13601.5 1 1
13602.5 1 1
13603.5 0 0
13604.5 0 0
13605.5 0 0
13606.5 0 0
13607.5 0 0
13608.5 0 0
13609.5 0 0
13610.5 0 0
13611.5 0 0
13612.5 0 0
13613.5 0 0
13614.5 0 0
13615.5 0 0
13616.5 0 0
13617.5 0 0
13618.5 1 1
13619.5 0 0
13620.5 0 0
13621.5 0 0
13622.5 1 1
13623.5 0 0
13624.5 1 1
13625.5 0 0
13626.5 1 1
13627.5 0 0
13628.5 0 0
13629.5 0 0
13630.5 0 0
13631.5 3 1.73205
13632.5 0 0
13633.5 0 0
13634.5 0 0
13635.5 0 0
13636.5 1 1
13637.5 0 0
13638.5 1 1
13639.5 0 0
13640.5 0 0
13641.5 1 1
13642.5 1 1
13643.5 2 1.41421
13644.5 0 0
13645.5 1 1
13646.5 0 0
13647.5 0 0
13648.5 0 0
13649.5 1 1
13650.5 0 0
13651.5 0 0
13652.5 0 0
13653.5 0 0
13654.5 0 0
13655.5 0 0
13656.5 0 0
13657.5 0 0
13658.5 0 0
13659.5 0 0
13660.5 0 0
13661.5 0 0
13662.5 0 0
13663.5 0 0
13664.5 0 0
13665.5 0 0
13666.5 1 1
13667.5 0 0
13668.5 0 0
13669.5 0 0
13670.5 0 0
13671.5 0 0
13672.5 0 0
13673.5 1 1
13674.5 0 0
13675.5 1 1
13676.5 0 0
13677.5 1 1
13678.5 0 0
13679.5 0 0
13680.5 0 0
13681.5 0 0
13682.5 0 0
13683.5 0 0
13684.5 0 0
13685.5 0 0
13686.5 0 0
13687.5 0 0
13688.5 0 0
13689.5 0 0
13690.5 0 0
13691.5 0 0
13692.5 0 0
13693.5 0 0
13694.5 0 0
13695.5 0 0
13696.5 0 0
13697.5 0 0
13698.5 0 0
13699.5 0 0
13700.5 0 0
13701.5 1 1
13702.5 0 0
13703.5 0 0
13704.5 0 0
13705.5 0 0
13706.5 1 1
13707.5 0 0
13708.5 1 1
13709.5 1 1
13710.5 0 0
13711.5 0 0
13712.5 0 0
13713.5 0 0
13714.5 0 0
13715.5 0 0
13716.5 1 1
13717.5 0 0
13718.5 0 0
13719.5 0 0
13720.5 0 0
13721.5 0 0
13722.5 1 1
13723.5 0 0
13724.5 1 1
13725.5 2 1.41421
13726.5 0 0
13727.5 1 1
13728.5 2 1.41421
13729.5 0 0
13730.5 1 1
13731.5 0 0
13732.5 0 0
13733.5 0 0
13734.5 0 0
13735.5 1 1
13736.5 0 0
13737.5 1 1
13738.5 1 1
13739.5 0 0
13740.5 0 0
13741.5 0 0
13742.5 0 0
13743.5 0 0
13744.5 0 0
13745.5 0 0
13746.5 0 0
13747.5 0 0
13748.5 0 0
13749.5 0 0
13750.5 0 0
13751.5 1 1
13752.5 0 0
13753.5 0 0
13754.5 0 0
13755.5 0 0
13756.5 0 0
13757.5 0 0
13758.5 0 0
13759.5 0 0
13760.5 0 0
13761.5 0 0
13762.5 1 1
13763.5 0 0
13764.5 0 0
13765.5 0 0
13766.5 1 1
13767.5 1 1
13768.5 0 0
13769.5 0 0
13770.5 0 0
13771.5 0 0
13772.5 1 1
13773.5 0 0
13774.5 0 0
13775.5 0 0
13776.5 1 1
13777.5 0 0
13778.5 1 1
13779.5 0 0
13780.5 0 0
13781.5 0 0
13782.5 0 0
13783.5 0 0
13784.5 0 0
13785.5 0 0
13786.5 0 0
13787.5 1 1
13788.5 0 0
13789.5 0 0
13790.5 1 1
13791.5 1 1
13792.5 0 0
13793.5 0 0
13794.5 0 0
13795.5 0 0
13796.5 0 0
13797.5 0 0
13798.5 0 0
13799.5 0 0
13800.5 0 0
13801.5 0 0
13802.5 0 0
13803.5 0 0
13804.5 1 1
13805.5 0 0
13806.5 0 0
13807.5 0 0
13808.5 0 0
13809.5 0 0
13810.5 0 0
13811.5 1 1
13812.5 0 0
13813.5 1 1
13814.5 1 1
13815.5 0 0
13816.5 1 1
13817.5 0 0
13818.5 1 1
13819.5 1 1
13820.5 0 0
13821.5 0 0
13822.5 0 0
13823.5 1 1
13824.5 0 0
13825.5 0 0
13826.5 0 0
13827.5 0 0
13828.5 0 0
13829.5 0 0
13830.5 0 0
13831.5 0 0
13832.5 0 0
13833.5 0 0
13834.5 1 1
13835.5 0 0
13836.5 0 0
13837.5 0 0
13838.5 0 0
13839.5 0 0
13840.5 0 0
13841.5 0 0
13842.5 0 0
13843.5 0 0
13844.5 0 0
13845.5 0 0
13846.5 0 0
13847.5 0 0
13848.5 0 0
13849.5 0 0
13850.5 2 1.41421
13851.5 0 0
13852.5 0 0
13853.5 0 0
13854.5 0 0
13855.5 0 0
13856.5 0 0
13857.5 0 0
13858.5 0 0
13859.5 0 0
13860.5 0 0
13861.5 0 0
13862.5 0 0
13863.5 0 0
13864.5 0 0
13865.5 1 1
13866.5 0 0
13867.5 0 0
13868.5 0 0
13869.5 0 0
13870.5 0 0
13871.5 0 0
13872.5 0 0
13873.5 0 0
13874.5 1 1
13875.5 0 0
13876.5 0 0
13877.5 0 0
13878.5 0 0
13879.5 0 0
13880.5 0 0
13881.5 1 1
13882.5 0 0
13883.5 0 0
13884.5 0 0
13885.5 0 0
13886.5 0 0
13887.5 0 0
13888.5 0 0
13889.5 0 0
13890.5 0 0
13891.5 1 1
13892.5 0 0
13893.5 0 0
13894.5 0 0
13895.5 0 0
13896.5 1 1
13897.5 0 0
13898.5 0 0
13899.5 0 0
13900.5 1 1
13901.5 0 0
13902.5 0 0
13903.5 0 0
13904.5 0 0
13905.5 0 0
13906.5 0 0
13907.5 0 0
13908.5 0 0
13909.5 0 0
13910.5 0 0
13911.5 0 0
13912.5 0 0
13913.5 0 0
13914.5 0 0
13915.5 0 0
13916.5 0 0
13917.5 0 0
13918.5 1 1
13919.5 0 0
13920.5 1 1
13921.5 0 0
13922.5 0 0
13923.5 1 1
13924.5 0 0
13925.5 1 1
13926.5 0 0
13927.5 1 1
13928.5 1 1
13929.5 1 1
13930.5 2 1.41421
13931.5 0 0
13932.5 0 0
13933.5 0 0
13934.5 0 0
13935.5 1 1
13936.5 0 0
13937.5 1 1
13938.5 0 0
13939.5 0 0
13940.5 1 1
13941.5 0 0
13942.5 0 0
13943.5 0 0
13944.5 0 0
13945.5 0 0
13946.5 0 0
13947.5 1 1
13948.5 1 1
13949.5 1 1
13950.5 1 1
13951.5 0 0
13952.5 0 0
13953.5 0 0
13954.5 0 0
13955.5 3 1.73205
13956.5 2 1.41421
13957.5 0 0
13958.5 3 1.73205
13959.5 0 0
13960.5 0 0
13961.5 0 0
13962.5 2 1.41421
13963.5 3 1.73205
13964.5 10 3.16228
13965.5 4 2
13966.5 8 2.82843
13967.5 6 2.44949
13968.5 8 2.82843
13969.5 7 2.64575
13970.5 8 2.82843
13971.5 5 2.23607
13972.5 8 2.82843
13973.5 10 3.16228
13974.5 19 4.3589
13975.5 8 2.82843
13976.5 22 4.69042
13977.5 21 4.58258
13978.5 13 3.60555
13979.5 21 4.58258
13980.5 19 4.3589
13981.5 14 3.74166
13982.5 15 3.87298
13983.5 9 3
13984.5 10 3.16228
13985.5 13 3.60555
13986.5 14 3.74166
13987.5 9 3
13988.5 6 2.44949
13989.5 4 2
13990.5 4 2
13991.5 3 1.73205
13992.5 3 1.73205
13993.5 3 1.73205
13994.5 1 1
13995.5 3 1.73205
13996.5 2 1.41421
13997.5 3 1.73205
13998.5 2 1.41421
13999.5 2 1.41421
14000.5 0 0
14001.5 0 0
14002.5 0 0
14003.5 0 0
14004.5 0 0
14005.5 1 1
14006.5 0 0
14007.5 0 0
14008.5 0 0
14009.5 0 0
14010.5 0 0
14011.5 0 0
14012.5 0 0
14013.5 0 0
14014.5 0 0
14015.5 0 0
14016.5 0 0
14017.5 1 1
14018.5 0 0
14019.5 0 0
14020.5 0 0
14021.5 1 1
14022.5 0 0
14023.5 0 0
14024.5 0 0
14025.5 0 0
14026.5 1 1
14027.5 0 0
14028.5 0 0
14029.5 0 0
14030.5 0 0
14031.5 0 0
14032.5 0 0
14033.5 0 0
14034.5 0 0
14035.5 0 0
14036.5 0 0
14037.5 0 0
14038.5 0 0
14039.5 0 0
14040.5 0 0
14041.5 0 0
14042.5 1 1
14043.5 0 0
14044.5 1 1
14045.5 1 1
14046.5 0 0
14047.5 0 0
14048.5 0 0
14049.5 0 0
14050.5 0 0
14051.5 0 0
14052.5 1 1
14053.5 0 0
14054.5 0 0
14055.5 0 0
14056.5 0 0
14057.5 0 0
14058.5 0 0
14059.5 0 0
14060.5 0 0
14061.5 0 0
14062.5 0 0
14063.5 0 0
14064.5 1 1
14065.5 0 0
14066.5 0 0
14067.5 0 0
14068.5 0 0
14069.5 0 0
14070.5 0 0
14071.5 0 0
14072.5 0 0
14073.5 0 0
14074.5 0 0
14075.5 0 0
14076.5 0 0
14077.5 0 0
14078.5 1 1
14079.5 0 0
14080.5 0 0
14081.5 1 1
14082.5 1 1
14083.5 0 0
14084.5 1 1
14085.5 1 1
14086.5 0 0
14087.5 1 1
14088.5 1 1
14089.5 0 0
14090.5 0 0
14091.5 2 1.41421
14092.5 2 1.41421
14093.5 2 1.41421
14094.5 3 1.73205
14095.5 1 1
14096.5 0 0
14097.5 0 0
14098.5 1 1
14099.5 1 1
14100.5 2 1.41421
14101.5 0 0
14102.5 3 1.73205
14103.5 1 1
14104.5 1 1
14105.5 0 0
14106.5 0 0
14107.5 0 0
14108.5 1 1
14109.5 0 0
14110.5 0 0
14111.5 0 0
14112.5 1 1
14113.5 1 1
14114.5 1 1
14115.5 0 0
14116.5 0 0
14117.5 0 0
14118.5 0 0
14119.5 0 0
14120.5 0 0
14121.5 0 0
14122.5 0 0
14123.5 0 0
14124.5 0 0
14125.5 0 0
14126.5 2 1.41421
14127.5 0 0
14128.5 0 0
14129.5 0 0
14130.5 0 0
14131.5 0 0
14132.5 0 0
14133.5 0 0
14134.5 0 0
14135.5 0 0
14136.5 0 0
14137.5 0 0
14138.5 0 0
14139.5 0 0
14140.5 0 0
14141.5 0 0
14142.5 0 0
14143.5 0 0
14144.5 0 0
14145.5 0 0
14146.5 0 0
14147.5 0 0
14148.5 1 1
14149.5 0 0
14150.5 0 0
14151.5 0 0
14152.5 0 0
14153.5 0 0
14154.5 1 1
14155.5 0 0
14156.5 0 0
14157.5 1 1
14158.5 0 0
14159.5 1 1
14160.5 0 0
14161.5 0 0
14162.5 1 1
14163.5 0 0
14164.5 2 1.41421
14165.5 0 0
14166.5 0 0
14167.5 0 0
14168.5 0 0
14169.5 1 1
14170.5 1 1
14171.5 1 1
14172.5 8 2.82843
14173.5 2 1.41421
14174.5 2 1.41421
14175.5 2 1.41421
14176.5 4 2
14177.5 7 2.64575
14178.5 1 1
14179.5 3 1.73205
14180.5 4 2
14181.5 2 1.41421
14182.5 0 0
14183.5 4 2
14184.5 2 1.41421
14185.5 2 1.41421
14186.5 2 1.41421
14187.5 0 0
14188.5 1 1
14189.5 0 0
14190.5 0 0
14191.5 0 0
14192.5 0 0
14193.5 1 1
14194.5 1 1
14195.5 0 0
14196.5 0 0
14197.5 0 0
14198.5 0 0
14199.5 0 0
14200.5 0 0
14201.5 0 0
14202.5 0 0
14203.5 0 0
14204.5 0 0
14205.5 0 0
14206.5 0 0
14207.5 0 0
14208.5 0 0
14209.5 0 0
14210.5 0 0
14211.5 0 0
14212.5 0 0
14213.5 0 0
14214.5 0 0
14215.5 0 0
14216.5 0 0
14217.5 0 0
14218.5 0 0
14219.5 0 0
14220.5 0 0
14221.5 0 0
14222.5 0 0
14223.5 0 0
14224.5 0 0
14225.5 0 0
14226.5 0 0
14227.5 0 0
14228.5 1 1
14229.5 0 0
14230.5 0 0
14231.5 0 0
14232.5 0 0
14233.5 0 0
14234.5 0 0
14235.5 0 0
14236.5 0 0
14237.5 0 0
14238.5 1 1
14239.5 0 0
14240.5 0 0
14241.5 0 0
14242.5 0 0
14243.5 0 0
14244.5 0 0
14245.5 0 0
14246.5 0 0
14247.5 0 0
14248.5 0 0
14249.5 0 0
14250.5 0 0
14251.5 0 0
14252.5 0 0
14253.5 0 0
14254.5 0 0
14255.5 0 0
14256.5 0 0
14257.5 0 0
14258.5 1 1
14259.5 1 1
14260.5 0 0
14261.5 0 0
14262.5 0 0
14263.5 0 0
14264.5 0 0
14265.5 0 0
14266.5 0 0
14267.5 0 0
14268.5 1 1
14269.5 0 0
14270.5 0 0
14271.5 0 0
14272.5 0 0
14273.5 1 1
14274.5 0 0
14275.5 1 1
14276.5 0 0
14277.5 0 0
14278.5 0 0
14279.5 0 0
14280.5 0 0
14281.5 0 0
14282.5 0 0
14283.5 0 0
14284.5 0 0
14285.5 0 0
14286.5 0 0
14287.5 0 0
14288.5 0 0
14289.5 1 1
14290.5 0 0
14291.5 1 1
14292.5 0 0
14293.5 0 0
14294.5 0 0
14295.5 0 0
14296.5 0 0
14297.5 0 0
14298.5 0 0
14299.5 0 0
14300.5 1 1
14301.5 0 0
14302.5 0 0
14303.5 0 0
14304.5 0 0
14305.5 1 1
14306.5 0 0
14307.5 0 0
14308.5 0 0
14309.5 0 0
14310.5 0 0
14311.5 0 0
14312.5 0 0
14313.5 0 0
14314.5 0 0
14315.5 0 0
14316.5 0 0
14317.5 0 0
14318.5 0 0
14319.5 1 1
14320.5 0 0
14321.5 0 0
14322.5 0 0
14323.5 0 0
14324.5 1 1
14325.5 0 0
14326.5 0 0
14327.5 1 1
14328.5 0 0
14329.5 0 0
14330.5 0 0
14331.5 0 0
14332.5 0 0
14333.5 0 0
14334.5 0 0
14335.5 0 0
14336.5 0 0
14337.5 0 0
14338.5 0 0
14339.5 0 0
14340.5 0 0
14341.5 0 0
14342.5 0 0
14343.5 0 0
14344.5 0 0
14345.5 0 0
14346.5 1 1
14347.5 0 0
14348.5 0 0
14349.5 0 0
14350.5 0 0
14351.5 0 0
14352.5 0 0
14353.5 0 0
14354.5 0 0
14355.5 0 0
14356.5 0 0
14357.5 0 0
14358.5 0 0
14359.5 0 0
14360.5 0 0
14361.5 0 0
14362.5 0 0
14363.5 0 0
14364.5 0 0
14365.5 0 0
14366.5 0 0
14367.5 0 0
14368.5 0 0
14369.5 0 0
14370.5 0 0
14371.5 1 1
14372.5 0 0
14373.5 0 0
14374.5 0 0
14375.5 0 0
14376.5 1 1
14377.5 0 0
14378.5 0 0
14379.5 0 0
14380.5 1 1
14381.5 0 0
14382.5 0 0
14383.5 0 0
14384.5 0 0
14385.5 0 0
14386.5 0 0
14387.5 0 0
14388.5 1 1
14389.5 0 0
14390.5 0 0
14391.5 1 1
14392.5 0 0
14393.5 0 0
14394.5 0 0
14395.5 0 0
14396.5 0 0
14397.5 0 0
14398.5 2 1.41421
14399.5 1 1
14400.5 0 0
14401.5 0 0
14402.5 0 0
14403.5 0 0
14404.5 1 1
14405.5 0 0
14406.5 0 0
14407.5 0 0
14408.5 1 1
14409.5 0 0
14410.5 1 1
14411.5 0 0
14412.5 0 0
14413.5 0 0
14414.5 0 0
14415.5 0 0
14416.5 0 0
14417.5 0 0
14418.5 0 0
14419.5 0 0
14420.5 0 0
14421.5 0 0
14422.5 1 1
14423.5 0 0
14424.5 1 1
14425.5 0 0
14426.5 0 0
14427.5 0 0
14428.5 0 0
14429.5 1 1
14430.5 0 0
14431.5 0 0
14432.5 0 0
14433.5 0 0
14434.5 0 0
14435.5 0 0
14436.5 0 0
14437.5 0 0
14438.5 0 0
14439.5 0 0
14440.5 0 0
14441.5 0 0
14442.5 0 0
14443.5 0 0
14444.5 0 0
14445.5 0 0
14446.5 0 0
14447.5 0 0
14448.5 0 0
14449.5 0 0
14450.5 0 0
14451.5 0 0
14452.5 0 0
14453.5 0 0
14454.5 0 0
14455.5 0 0
14456.5 0 0
14457.5 0 0
14458.5 0 0
14459.5 1 1
14460.5 0 0
14461.5 0 0
14462.5 0 0
14463.5 0 0
14464.5 0 0
14465.5 0 0
14466.5 0 0
14467.5 0 0
14468.5 1 1
14469.5 0 0
14470.5 0 0
14471.5 0 0
14472.5 0 0
14473.5 0 0
14474.5 0 0
14475.5 1 1
14476.5 0 0
14477.5 0 0
14478.5 0 0
14479.5 0 0
14480.5 0 0
14481.5 0 0
14482.5 0 0
14483.5 0 0
14484.5 0 0
14485.5 0 0
14486.5 0 0
14487.5 0 0
14488.5 0 0
14489.5 0 0
14490.5 0 0
14491.5 0 0
14492.5 0 0
14493.5 0 0
14494.5 0 0
14495.5 0 0
14496.5 0 0
14497.5 0 0
14498.5 0 0
14499.5 0 0
14500.5 0 0
14501.5 0 0
14502.5 1 1
14503.5 0 0
14504.5 0 0
14505.5 1 1
14506.5 0 0
14507.5 0 0
14508.5 0 0
14509.5 0 0
14510.5 0 0
14511.5 0 0
14512.5 0 0
14513.5 0 0
14514.5 0 0
14515.5 0 0
14516.5 0 0
14517.5 0 0
14518.5 1 1
14519.5 0 0
14520.5 0 0
14521.5 0 0
14522.5 0 0
14523.5 0 0
14524.5 0 0
14525.5 0 0
14526.5 0 0
14527.5 0 0
14528.5 0 0
14529.5 0 0
14530.5 0 0
14531.5 0 0
14532.5 0 0
14533.5 0 0
14534.5 0 0
14535.5 0 0
14536.5 0 0
14537.5 0 0
14538.5 0 0
14539.5 0 0
14540.5 0 0
14541.5 1 1
14542.5 0 0
14543.5 0 0
14544.5 0 0
14545.5 0 0
14546.5 0 0
14547.5 1 1
14548.5 0 0
14549.5 0 0
14550.5 0 0
14551.5 2 1.41421
14552.5 0 0
14553.5 0 0
14554.5 0 0
14555.5 1 1
14556.5 0 0
14557.5 0 0
14558.5 0 0
14559.5 1 1
14560.5 0 0
14561.5 0 0
14562.5 0 0
14563.5 0 0
14564.5 0 0
14565.5 0 0
14566.5 0 0
14567.5 0 0
14568.5 0 0
14569.5 0 0
14570.5 0 0
14571.5 0 0
14572.5 0 0
14573.5 0 0
14574.5 0 0
14575.5 0 0
14576.5 0 0
14577.5 1 1
14578.5 0 0
14579.5 1 1
14580.5 0 0
14581.5 0 0
14582.5 0 0
14583.5 0 0
14584.5 0 0
14585.5 0 0
14586.5 0 0
14587.5 0 0
14588.5 1 1
14589.5 0 0
14590.5 0 0
14591.5 0 0
14592.5 1 1
14593.5 0 0
14594.5 0 0
14595.5 0 0
14596.5 0 0
14597.5 0 0
14598.5 0 0
14599.5 0 0
14600.5 0 0
14601.5 0 0
14602.5 0 0
14603.5 0 0
14604.5 0 0
14605.5 0 0
14606.5 0 0
14607.5 0 0
14608.5 1 1
14609.5 0 0
14610.5 0 0
14611.5 0 0
14612.5 0 0
14613.5 0 0
14614.5 0 0
14615.5 0 0
14616.5 0 0
14617.5 0 0
14618.5 0 0
14619.5 0 0
14620.5 0 0
14621.5 0 0
14622.5 0 0
14623.5 0 0
14624.5 1 1
14625.5 0 0
14626.5 0 0
14627.5 0 0
14628.5 0 0
14629.5 0 0
14630.5 0 0
14631.5 0 0
14632.5 0 0
14633.5 0 0
14634.5 0 0
14635.5 1 1
14636.5 0 0
14637.5 0 0
14638.5 0 0
14639.5 0 0
14640.5 0 0
14641.5 0 0
14642.5 2 1.41421
14643.5 1 1
14644.5 0 0
14645.5 0 0
14646.5 0 0
14647.5 0 0
14648.5 0 0
14649.5 0 0
14650.5 0 0
14651.5 0 0
14652.5 0 0
14653.5 0 0
14654.5 0 0
14655.5 0 0
14656.5 0 0
14657.5 0 0
14658.5 0 0
14659.5 1 1
14660.5 0 0
14661.5 0 0
14662.5 0 0
14663.5 0 0
14664.5 0 0
14665.5 0 0
14666.5 0 0
14667.5 0 0
14668.5 0 0
14669.5 0 0
14670.5 0 0
14671.5 0 0
14672.5 0 0
14673.5 0 0
14674.5 0 0
14675.5 0 0
14676.5 0 0
14677.5 1 1
14678.5 0 0
14679.5 0 0
14680.5 0 0
14681.5 0 0
14682.5 1 1
14683.5 0 0
14684.5 0 0
14685.5 0 0
14686.5 1 1
14687.5 0 0
14688.5 0 0
14689.5 0 0
14690.5 0 0
14691.5 0 0
14692.5 0 0
14693.5 0 0
14694.5 0 0
14695.5 0 0
14696.5 0 0
14697.5 0 0
14698.5 0 0
14699.5 0 0
14700.5 0 0
14701.5 0 0
14702.5 0 0
14703.5 0 0
14704.5 0 0
14705.5 0 0
14706.5 0 0
14707.5 0 0
14708.5 0 0
14709.5 0 0
14710.5 0 0
14711.5 0 0
14712.5 0 0
14713.5 0 0
14714.5 0 0
14715.5 0 0
14716.5 0 0
14717.5 0 0
14718.5 0 0
14719.5 0 0
14720.5 0 0
14721.5 0 0
14722.5 0 0
14723.5 0 0
14724.5 0 0
14725.5 0 0
14726.5 0 0
14727.5 0 0
14728.5 1 1
14729.5 0 0
14730.5 0 0
14731.5 0 0
14732.5 0 0
14733.5 0 0
14734.5 0 0
14735.5 0 0
14736.5 0 0
14737.5 0 0
14738.5 0 0
14739.5 0 0
14740.5 0 0
14741.5 0 0
14742.5 0 0
14743.5 0 0
14744.5 0 0
14745.5 0 0
14746.5 0 0
14747.5 0 0
14748.5 0 0
14749.5 0 0
14750.5 0 0
14751.5 0 0
14752.5 0 0
14753.5 0 0
14754.5 1 1
14755.5 0 0
14756.5 0 0
14757.5 0 0
14758.5 0 0
14759.5 1 1
14760.5 0 0
14761.5 0 0
14762.5 0 0
14763.5 0 0
14764.5 0 0
14765.5 1 1
14766.5 0 0
14767.5 0 0
14768.5 0 0
14769.5 0 0
14770.5 1 1
14771.5 0 0
14772.5 1 1
14773.5 1 1
14774.5 2 1.41421
14775.5 0 0
14776.5 0 0
14777.5 0 0
14778.5 0 0
14779.5 0 0
14780.5 0 0
14781.5 0 0
14782.5 0 0
14783.5 0 0
14784.5 0 0
14785.5 0 0
14786.5 0 0
14787.5 0 0
14788.5 1 1
14789.5 0 0
14790.5 0 0
14791.5 0 0
14792.5 2 1.41421
14793.5 0 0
14794.5 1 1
14795.5 0 0
14796.5 2 1.41421
14797.5 0 0
14798.5 0 0
14799.5 0 0
14800.5 2 1.41421
14801.5 0 0
14802.5 0 0
14803.5 0 0
14804.5 0 0
14805.5 0 0
14806.5 0 0
14807.5 0 0
14808.5 0 0
14809.5 0 0
14810.5 0 0
14811.5 0 0
14812.5 0 0
14813.5 0 0
14814.5 0 0
14815.5 0 0
14816.5 0 0
14817.5 0 0
14818.5 0 0
14819.5 0 0
14820.5 0 0
14821.5 0 0
14822.5 1 1
14823.5 1 1
14824.5 0 0
14825.5 0 0
14826.5 0 0
14827.5 0 0
14828.5 1 1
14829.5 0 0
14830.5 1 1
14831.5 0 0
14832.5 0 0
14833.5 0 0
14834.5 0 0
14835.5 0 0
14836.5 0 0
14837.5 0 0
14838.5 0 0
14839.5 0 0
14840.5 0 0
14841.5 0 0
14842.5 0 0
14843.5 0 0
14844.5 0 0
14845.5 0 0
14846.5 0 0
14847.5 0 0
14848.5 0 0
14849.5 0 0
14850.5 0 0
14851.5 0 0
14852.5 0 0
14853.5 1 1
14854.5 0 0
14855.5 0 0
14856.5 0 0
14857.5 0 0
14858.5 0 0
14859.5 0 0
14860.5 1 1
14861.5 0 0
14862.5 0 0
14863.5 0 0
14864.5 0 0
14865.5 0 0
14866.5 0 0
14867.5 0 0
14868.5 1 1
14869.5 0 0
14870.5 1 1
14871.5 0 0
14872.5 0 0
14873.5 0 0
14874.5 0 0
14875.5 0 0
14876.5 0 0
14877.5 0 0
14878.5 0 0
14879.5 0 0
14880.5 0 0
14881.5 0 0
14882.5 0 0
14883.5 0 0
14884.5 0 0
14885.5 0 0
14886.5 0 0
14887.5 0 0
14888.5 0 0
14889.5 0 0
14890.5 0 0
14891.5 0 0
14892.5 0 0
14893.5 0 0
14894.5 0 0
14895.5 0 0
14896.5 0 0
14897.5 0 0
14898.5 0 0
14899.5 0 0
14900.5 1 1
14901.5 0 0
14902.5 0 0
14903.5 0 0
14904.5 0 0
14905.5 0 0
14906.5 0 0
14907.5 0 0
14908.5 1 1
14909.5 0 0
14910.5 0 0
14911.5 0 0
14912.5 0 0
14913.5 0 0
14914.5 0 0
14915.5 0 0
14916.5 0 0
14917.5 0 0
14918.5 1 1
14919.5 2 1.41421
14920.5 0 0
14921.5 0 0
14922.5 0 0
14923.5 0 0
14924.5 0 0
14925.5 0 0
14926.5 0 0
14927.5 0 0
14928.5 0 0
14929.5 0 0
14930.5 0 0
14931.5 0 0
14932.5 0 0
14933.5 0 0
14934.5 0 0
14935.5 0 0
14936.5 0 0
14937.5 0 0
14938.5 0 0
14939.5 0 0
14940.5 0 0
14941.5 0 0
14942.5 0 0
14943.5 0 0
14944.5 0 0
14945.5 0 0
14946.5 0 0
14947.5 0 0
14948.5 0 0
14949.5 0 0
14950.5 0 0
14951.5 0 0
14952.5 0 0
14953.5 0 0
14954.5 0 0
14955.5 0 0
14956.5 0 0
14957.5 0 0
14958.5 0 0
14959.5 1 1
14960.5 0 0
14961.5 0 0
14962.5 0 0
14963.5 1 1
14964.5 0 0
14965.5 0 0
14966.5 0 0
14967.5 0 0
14968.5 1 1
14969.5 0 0
14970.5 0 0
14971.5 0 0
14972.5 0 0
14973.5 0 0
14974.5 0 0
14975.5 0 0
14976.5 1 1
14977.5 0 0
14978.5 0 0
14979.5 0 0
14980.5 0 0
14981.5 0 0
14982.5 1 1
14983.5 0 0
14984.5 0 0
14985.5 0 0
14986.5 0 0
14987.5 1 1
14988.5 0 0
14989.5 0 0
14990.5 0 0
14991.5 0 0
14992.5 0 0
14993.5 0 0
14994.5 0 0
14995.5 0 0
14996.5 0 0
14997.5 0 0
14998.5 0 0
14999.5 0 0
15000.5 1 1
15001.5 0 0
15002.5 0 0
15003.5 0 0
15004.5 0 0
15005.5 0 0
15006.5 0 0
15007.5 0 0
15008.5 0 0
15009.5 0 0
15010.5 0 0
15011.5 1 1
15012.5 0 0
15013.5 0 0
15014.5 0 0
15015.5 0 0
15016.5 0 0
15017.5 0 0
15018.5 0 0
15019.5 0 0
15020.5 0 0
15021.5 1 1
15022.5 0 0
15023.5 1 1
15024.5 0 0
15025.5 0 0
15026.5 1 1
15027.5 0 0
15028.5 1 1
15029.5 0 0
15030.5 0 0
15031.5 0 0
15032.5 1 1
15033.5 0 0
15034.5 0 0
15035.5 0 0
15036.5 0 0
15037.5 1 1
15038.5 0 0
15039.5 0 0
15040.5 0 0
15041.5 0 0
15042.5 0 0
15043.5 0 0
15044.5 0 0
15045.5 0 0
15046.5 0 0
15047.5 0 0
15048.5 0 0
15049.5 0 0
15050.5 0 0
15051.5 0 0
15052.5 0 0
15053.5 0 0
15054.5 1 1
15055.5 0 0
15056.5 0 0
15057.5 0 0
15058.5 0 0
15059.5 0 0
15060.5 0 0
15061.5 0 0
15062.5 0 0
15063.5 0 0
15064.5 0 0
15065.5 0 0
15066.5 0 0
15067.5 0 0
15068.5 0 0
15069.5 0 0
15070.5 1 1
15071.5 0 0
15072.5 0 0
15073.5 0 0
15074.5 0 0
15075.5 1 1
15076.5 0 0
15077.5 0 0
15078.5 1 1
15079.5 0 0
15080.5 0 0
15081.5 0 0
15082.5 0 0
15083.5 1 1
15084.5 0 0
15085.5 0 0
15086.5 0 0
15087.5 0 0
15088.5 0 0
15089.5 0 0
15090.5 0 0
15091.5 0 0
15092.5 1 1
15093.5 0 0
15094.5 0 0
15095.5 0 0
15096.5 0 0
15097.5 0 0
15098.5 0 0
15099.5 0 0
15100.5 0 0
15101.5 0 0
15102.5 1 1
15103.5 0 0
15104.5 0 0
15105.5 0 0
15106.5 0 0
15107.5 1 1
15108.5 0 0
15109.5 0 0
15110.5 0 0
15111.5 0 0
15112.5 0 0
15113.5 0 0
15114.5 0 0
15115.5 1 1
15116.5 0 0
15117.5 2 1.41421
15118.5 0 0
15119.5 0 0
15120.5 0 0
15121.5 0 0
15122.5 1 1
15123.5 0 0
15124.5 0 0
15125.5 1 1
15126.5 0 0
15127.5 0 0
15128.5 0 0
15129.5 0 0
15130.5 0 0
15131.5 0 0
15132.5 0 0
15133.5 0 0
15134.5 0 0
15135.5 0 0
15136.5 0 0
15137.5 0 0
15138.5 0 0
15139.5 1 1
15140.5 0 0
15141.5 0 0
15142.5 0 0
15143.5 0 0
15144.5 0 0
15145.5 1 1
15146.5 0 0
15147.5 0 0
15148.5 1 1
15149.5 0 0
15150.5 0 0
15151.5 0 0
15152.5 0 0
15153.5 0 0
15154.5 0 0
15155.5 0 0
15156.5 0 0
15157.5 0 0
15158.5 0 0
15159.5 0 0
15160.5 0 0
15161.5 0 0
15162.5 0 0
15163.5 0 0
15164.5 0 0
15165.5 0 0
15166.5 0 0
15167.5 0 0
15168.5 0 0
15169.5 0 0
15170.5 0 0
15171.5 0 0
15172.5 0 0
15173.5 0 0
15174.5 0 0
15175.5 0 0
15176.5 0 0
15177.5 0 0
15178.5 0 0
15179.5 0 0
15180.5 0 0
15181.5 0 0
15182.5 1 1
15183.5 1 1
15184.5 0 0
15185.5 0 0
15186.5 0 0
15187.5 0 0
15188.5 0 0
15189.5 1 1
15190.5 0 0
15191.5 0 0
15192.5 0 0
15193.5 0 0
15194.5 0 0
15195.5 1 1
15196.5 0 0
15197.5 0 0
15198.5 0 0
15199.5 0 0
15200.5 0 0
15201.5 0 0
15202.5 0 0
15203.5 0 0
15204.5 0 0
15205.5 0 0
15206.5 0 0
15207.5 0 0
15208.5 0 0
15209.5 0 0
15210.5 0 0
15211.5 0 0
15212.5 0 0
15213.5 0 0
15214.5 0 0
15215.5 0 0
15216.5 0 0
15217.5 0 0
15218.5 0 0
15219.5 0 0
15220.5 0 0
15221.5 0 0
15222.5 0 0
15223.5 0 0
15224.5 1 1
15225.5 0 0
15226.5 0 0
15227.5 0 0
15228.5 0 0
15229.5 0 0
15230.5 0 0
15231.5 0 0
15232.5 0 0
15233.5 0 0
15234.5 0 0
15235.5 0 0
15236.5 0 0
15237.5 0 0
15238.5 1 1
15239.5 0 0
15240.5 0 0
15241.5 0 0
15242.5 0 0
15243.5 1 1
15244.5 1 1
15245.5 0 0
15246.5 0 0
15247.5 0 0
15248.5 1 1
15249.5 0 0
15250.5 0 0
15251.5 0 0
15252.5 0 0
15253.5 0 0
15254.5 0 0
15255.5 1 1
15256.5 0 0
15257.5 0 0
15258.5 1 1
15259.5 0 0
15260.5 0 0
15261.5 0 0
15262.5 0 0
15263.5 0 0
15264.5 0 0
15265.5 0 0
15266.5 1 1
15267.5 0 0
15268.5 0 0
15269.5 0 0
15270.5 0 0
15271.5 0 0
15272.5 0 0
15273.5 0 0
15274.5 0 0
15275.5 0 0
15276.5 0 0
15277.5 0 0
15278.5 0 0
15279.5 0 0
15280.5 0 0
15281.5 0 0
15282.5 0 0
15283.5 0 0
15284.5 0 0
15285.5 0 0
15286.5 0 0
15287.5 1 1
15288.5 0 0
15289.5 0 0
15290.5 0 0
15291.5 0 0
15292.5 0 0
15293.5 0 0
15294.5 1 1
15295.5 0 0
15296.5 0 0
15297.5 0 0
15298.5 0 0
15299.5 0 0
15300.5 0 0
15301.5 0 0
15302.5 0 0
15303.5 0 0
15304.5 0 0
15305.5 0 0
15306.5 0 0
15307.5 0 0
15308.5 0 0
15309.5 0 0
15310.5 0 0
15311.5 0 0
15312.5 0 0
15313.5 0 0
15314.5 0 0
15315.5 1 1
15316.5 0 0
15317.5 0 0
15318.5 0 0
15319.5 0 0
15320.5 0 0
15321.5 0 0
15322.5 0 0
15323.5 0 0
15324.5 0 0
15325.5 0 0
15326.5 0 0
15327.5 0 0
15328.5 1 1
15329.5 0 0
15330.5 0 0
15331.5 0 0
15332.5 0 0
15333.5 0 0
15334.5 0 0
15335.5 0 0
15336.5 0 0
15337.5 0 0
15338.5 0 0
15339.5 0 0
15340.5 0 0
15341.5 0 0
15342.5 0 0
15343.5 0 0
15344.5 0 0
15345.5 0 0
15346.5 1 1
15347.5 0 0
15348.5 0 0
15349.5 0 0
15350.5 0 0
15351.5 0 0
15352.5 0 0
15353.5 0 0
15354.5 0 0
15355.5 0 0
15356.5 0 0
15357.5 0 0
15358.5 0 0
15359.5 0 0
15360.5 0 0
15361.5 1 1
15362.5 0 0
15363.5 0 0
15364.5 0 0
15365.5 0 0
15366.5 0 0
15367.5 0 0
15368.5 0 0
15369.5 0 0
15370.5 0 0
15371.5 0 0
15372.5 0 0
15373.5 0 0
15374.5 0 0
15375.5 0 0
15376.5 0 0
15377.5 1 1
15378.5 0 0
15379.5 1 1
15380.5 0 0
15381.5 1 1
15382.5 0 0
15383.5 0 0
15384.5 0 0
15385.5 0 0
15386.5 0 0
15387.5 0 0
15388.5 0 0
15389.5 0 0
15390.5 0 0
15391.5 0 0
15392.5 0 0
15393.5 0 0
15394.5 0 0
15395.5 1 1
15396.5 0 0
15397.5 0 0
15398.5 0 0
15399.5 1 1
15400.5 0 0
15401.5 0 0
15402.5 0 0
15403.5 0 0
15404.5 0 0
15405.5 0 0
15406.5 0 0
15407.5 0 0
15408.5 0 0
15409.5 0 0
15410.5 0 0
15411.5 1 1
15412.5 1 1
15413.5 0 0
15414.5 0 0
15415.5 0 0
15416.5 0 0
15417.5 0 0
15418.5 0 0
15419.5 0 0
15420.5 0 0
15421.5 0 0
15422.5 0 0
15423.5 0 0
15424.5 0 0
15425.5 0 0
15426.5 0 0
15427.5 0 0
15428.5 0 0
15429.5 0 0
15430.5 0 0
15431.5 0 0
15432.5 0 0
15433.5 0 0
15434.5 0 0
15435.5 0 0
15436.5 0 0
15437.5 0 0
15438.5 0 0
15439.5 0 0
15440.5 0 0
15441.5 0 0
15442.5 0 0
15443.5 0 0
15444.5 0 0
15445.5 0 0
15446.5 0 0
15447.5 1 1
15448.5 1 1
15449.5 0 0
15450.5 0 0
15451.5 0 0
15452.5 0 0
15453.5 0 0
15454.5 0 0
15455.5 0 0
15456.5 0 0
15457.5 0 0
15458.5 0 0
15459.5 0 0
15460.5 0 0
15461.5 0 0
15462.5 0 0
15463.5 0 0
15464.5 0 0
15465.5 0 0
15466.5 0 0
15467.5 0 0
15468.5 0 0
15469.5 0 0
15470.5 0 0
15471.5 0 0
15472.5 0 0
15473.5 0 0
15474.5 0 0
15475.5 0 0
15476.5 0 0
15477.5 1 1
15478.5 0 0
15479.5 0 0
15480.5 0 0
15481.5 0 0
15482.5 0 0
15483.5 0 0
15484.5 1 1
15485.5 0 0
15486.5 1 1
15487.5 1 1
15488.5 0 0
15489.5 0 0
15490.5 1 1
15491.5 2 1.41421
15492.5 0 0
15493.5 1 1
15494.5 0 0
15495.5 0 0
15496.5 2 1.41421
15497.5 1 1
15498.5 1 1
15499.5 0 0
15500.5 0 0
15501.5 0 0
15502.5 0 0
15503.5 0 0
15504.5 0 0
15505.5 0 0
15506.5 0 0
15507.5 0 0
15508.5 0 0
15509.5 0 0
15510.5 0 0
15511.5 0 0
15512.5 0 0
15513.5 0 0
15514.5 1 1
15515.5 0 0
15516.5 0 0
15517.5 0 0
15518.5 0 0
15519.5 0 0
15520.5 0 0
15521.5 0 0
15522.5 1 1
15523.5 1 1
15524.5 0 0
15525.5 1 1
15526.5 0 0
15527.5 0 0
15528.5 0 0
15529.5 0 0
15530.5 0 0
15531.5 0 0
15532.5 0 0
15533.5 0 0
15534.5 0 0
15535.5 0 0
15536.5 0 0
15537.5 0 0
15538.5 0 0
15539.5 0 0
15540.5 0 0
15541.5 0 0
15542.5 0 0
15543.5 0 0
15544.5 0 0
15545.5 0 0
15546.5 0 0
15547.5 0 0
15548.5 0 0
15549.5 0 0
15550.5 0 0
15551.5 0 0
15552.5 0 0
15553.5 0 0
15554.5 0 0
15555.5 0 0
15556.5 0 0
15557.5 0 0
15558.5 0 0
15559.5 0 0
15560.5 0 0
15561.5 0 0
15562.5 0 0
15563.5 0 0
15564.5 0 0
15565.5 0 0
15566.5 0 0
15567.5 0 0
15568.5 0 0
15569.5 0 0
15570.5 0 0
15571.5 0 0
15572.5 1 1
15573.5 0 0
15574.5 0 0
15575.5 0 0
15576.5 0 0
15577.5 0 0
15578.5 0 0
15579.5 0 0
15580.5 0 0
15581.5 0 0
15582.5 0 0
15583.5 1 1
15584.5 1 1
15585.5 0 0
15586.5 0 0
15587.5 0 0
15588.5 0 0
15589.5 0 0
15590.5 0 0
15591.5 1 1
15592.5 1 1
15593.5 0 0
15594.5 1 1
15595.5 0 0
15596.5 1 1
15597.5 0 0
15598.5 0 0
15599.5 0 0
15600.5 0 0
15601.5 0 0
15602.5 0 0
15603.5 0 0
15604.5 1 1
15605.5 0 0
15606.5 0 0
15607.5 0 0
15608.5 1 1
15609.5 0 0
15610.5 1 1
15611.5 0 0
15612.5 0 0
15613.5 0 0
15614.5 0 0
15615.5 1 1
15616.5 0 0
15617.5 0 0
15618.5 1 1
15619.5 1 1
15620.5 0 0
15621.5 0 0
15622.5 0 0
15623.5 0 0
15624.5 0 0
15625.5 0 0
15626.5 0 0
15627.5 0 0
15628.5 0 0
15629.5 0 0
15630.5 0 0
15631.5 0 0
15632.5 0 0
15633.5 0 0
15634.5 0 0
15635.5 0 0
15636.5 0 0
15637.5 0 0
15638.5 0 0
15639.5 0 0
15640.5 0 0
15641.5 0 0
15642.5 0 0
15643.5 0 0
15644.5 0 0
15645.5 0 0
15646.5 0 0
15647.5 0 0
15648.5 0 0
15649.5 0 0
15650.5 0 0
15651.5 0 0
15652.5 0 0
15653.5 0 0
15654.5 0 0
15655.5 1 1
15656.5 0 0
15657.5 0 0
15658.5 0 0
15659.5 0 0
15660.5 0 0
15661.5 0 0
15662.5 0 0
15663.5 0 0
15664.5 0 0
15665.5 0 0
15666.5 0 0
15667.5 0 0
15668.5 0 0
15669.5 1 1
15670.5 0 0
15671.5 1 1
15672.5 1 1
15673.5 1 1
15674.5 0 0
15675.5 0 0
15676.5 0 0
15677.5 1 1
15678.5 0 0
15679.5 0 0
15680.5 0 0
15681.5 0 0
15682.5 0 0
15683.5 0 0
15684.5 0 0
15685.5 0 0
15686.5 0 0
15687.5 0 0
15688.5 0 0
15689.5 0 0
15690.5 0 0
15691.5 0 0
15692.5 0 0
15693.5 0 0
15694.5 0 0
15695.5 0 0
15696.5 1 1
15697.5 0 0
15698.5 0 0
15699.5 0 0
15700.5 0 0
15701.5 0 0
15702.5 0 0
15703.5 0 0
15704.5 0 0
15705.5 0 0
15706.5 0 0
15707.5 0 0
15708.5 0 0
15709.5 0 0
15710.5 0 0
15711.5 0 0
15712.5 0 0
15713.5 0 0
15714.5 0 0
15715.5 0 0
15716.5 1 1
15717.5 0 0
15718.5 0 0
15719.5 0 0
15720.5 0 0
15721.5 0 0
15722.5 0 0
15723.5 0 0
15724.5 0 0
15725.5 0 0
15726.5 0 0
15727.5 0 0
15728.5 0 0
15729.5 0 0
15730.5 0 0
15731.5 0 0
15732.5 0 0
15733.5 0 0
15734.5 0 0
15735.5 0 0
15736.5 0 0
15737.5 0 0
15738.5 0 0
15739.5 1 1
15740.5 0 0
15741.5 0 0
15742.5 0 0
15743.5 0 0
15744.5 0 0
15745.5 0 0
15746.5 0 0
15747.5 0 0
15748.5 0 0
15749.5 0 0
15750.5 1 1
15751.5 0 0
15752.5 0 0
15753.5 0 0
15754.5 0 0
15755.5 0 0
15756.5 0 0
15757.5 0 0
15758.5 1 1
15759.5 0 0
15760.5 0 0
15761.5 0 0
15762.5 0 0
15763.5 0 0
15764.5 0 0
15765.5 0 0
15766.5 0 0
15767.5 0 0
15768.5 0 0
15769.5 0 0
15770.5 0 0
15771.5 0 0
15772.5 0 0
15773.5 0 0
15774.5 0 0
15775.5 0 0
15776.5 0 0
15777.5 0 0
15778.5 0 0
15779.5 0 0
15780.5 0 0
15781.5 0 0
15782.5 0 0
15783.5 0 0
15784.5 0 0
15785.5 0 0
15786.5 0 0
15787.5 0 0
15788.5 0 0
15789.5 0 0
15790.5 0 0
15791.5 0 0
15792.5 0 0
15793.5 0 0
15794.5 0 0
15795.5 0 0
15796.5 0 0
15797.5 0 0
15798.5 1 1
15799.5 1 1
15800.5 0 0
15801.5 0 0
15802.5 1 1
15803.5 0 0
15804.5 0 0
15805.5 0 0
15806.5 0 0
15807.5 0 0
15808.5 0 0
15809.5 0 0
15810.5 0 0
15811.5 0 0
15812.5 0 0
15813.5 0 0
15814.5 0 0
15815.5 0 0
15816.5 0 0
15817.5 0 0
15818.5 0 0
15819.5 0 0
15820.5 0 0
15821.5 0 0
15822.5 0 0
15823.5 0 0
15824.5 0 0
15825.5 0 0
15826.5 0 0
15827.5 0 0
15828.5 0 0
15829.5 0 0
15830.5 1 1
15831.5 0 0
15832.5 0 0
15833.5 0 0
15834.5 0 0
15835.5 0 0
15836.5 0 0
15837.5 0 0
15838.5 0 0
15839.5 0 0
15840.5 0 0
15841.5 0 0
15842.5 0 0
15843.5 0 0
15844.5 0 0
15845.5 0 0
15846.5 1 1
15847.5 0 0
15848.5 0 0
15849.5 0 0
15850.5 0 0
15851.5 0 0
15852.5 0 0
15853.5 0 0
15854.5 0 0
15855.5 0 0
15856.5 0 0
15857.5 0 0
15858.5 0 0
15859.5 0 0
15860.5 0 0
15861.5 0 0
15862.5 0 0
15863.5 0 0
15864.5 0 0
15865.5 0 0
15866.5 0 0
15867.5 0 0
15868.5 0 0
15869.5 0 0
15870.5 0 0
15871.5 0 0
15872.5 0 0
15873.5 0 0
15874.5 0 0
15875.5 0 0
15876.5 1 1
15877.5 1 1
15878.5 0 0
15879.5 0 0
15880.5 0 0
15881.5 0 0
15882.5 0 0
15883.5 0 0
15884.5 0 0
15885.5 0 0
15886.5 0 0
15887.5 1 1
15888.5 0 0
15889.5 0 0
15890.5 0 0
15891.5 0 0
15892.5 0 0
15893.5 0 0
15894.5 1 1
15895.5 0 0
15896.5 0 0
15897.5 0 0
15898.5 0 0
15899.5 0 0
15900.5 0 0
15901.5 1 1
15902.5 0 0
15903.5 0 0
15904.5 0 0
15905.5 0 0
15906.5 0 0
15907.5 0 0
15908.5 0 0
15909.5 0 0
15910.5 0 0
15911.5 0 0
15912.5 0 0
15913.5 0 0
15914.5 0 0
15915.5 0 0
15916.5 0 0
15917.5 1 1
15918.5 0 0
15919.5 0 0
15920.5 0 0
15921.5 0 0
15922.5 0 0
15923.5 0 0
15924.5 0 0
15925.5 0 0
15926.5 0 0
15927.5 0 0
15928.5 0 0
15929.5 0 0
15930.5 0 0
15931.5 0 0
15932.5 0 0
15933.5 0 0
15934.5 0 0
15935.5 0 0
15936.5 0 0
15937.5 0 0
15938.5 0 0
15939.5 0 0
15940.5 1 1
15941.5 1 1
15942.5 0 0
15943.5 0 0
15944.5 0 0
15945.5 1 1
15946.5 0 0
15947.5 1 1
15948.5 0 0
15949.5 0 0
15950.5 0 0
15951.5 0 0
15952.5 0 0
15953.5 0 0
15954.5 0 0
15955.5 0 0
15956.5 1 1
15957.5 0 0
15958.5 0 0
15959.5 0 0
15960.5 0 0
15961.5 0 0
15962.5 0 0
15963.5 1 1
15964.5 0 0
15965.5 0 0
15966.5 0 0
15967.5 0 0
15968.5 0 0
15969.5 0 0
15970.5 0 0
15971.5 0 0
15972.5 0 0
15973.5 0 0
15974.5 0 0
15975.5 0 0
15976.5 0 0
15977.5 0 0
15978.5 0 0
15979.5 0 0
15980.5 0 0
15981.5 0 0
15982.5 0 0
15983.5 0 0
15984.5 0 0
15985.5 0 0
15986.5 0 0
15987.5 0 0
15988.5 0 0
15989.5 0 0
15990.5 0 0
15991.5 0 0
15992.5 0 0
15993.5 0 0
15994.5 0 0
15995.5 0 0
15996.5 0 0
15997.5 0 0
15998.5 0 0
15999.5 0 0
16000.5 1 1
16001.5 0 0
16002.5 0 0
16003.5 0 0
16004.5 0 0
16005.5 0 0
16006.5 0 0
16007.5 0 0
16008.5 0 0
16009.5 0 0
16010.5 0 0
16011.5 0 0
16012.5 0 0
16013.5 0 0
16014.5 0 0
16015.5 0 0
16016.5 0 0
16017.5 1 1
16018.5 0 0
16019.5 0 0
16020.5 1 1
16021.5 0 0
16022.5 0 0
16023.5 0 0
16024.5 0 0
16025.5 0 0
16026.5 0 0
16027.5 0 0
16028.5 0 0
16029.5 0 0
16030.5 0 0
16031.5 0 0
16032.5 0 0
16033.5 0 0
16034.5 0 0
16035.5 0 0
16036.5 0 0
16037.5 1 1
16038.5 0 0
16039.5 0 0
16040.5 0 0
16041.5 0 0
16042.5 0 0
16043.5 0 0
16044.5 0 0
16045.5 0 0
16046.5 0 0
16047.5 0 0
16048.5 0 0
16049.5 0 0
16050.5 0 0
16051.5 0 0
16052.5 0 0
16053.5 0 0
16054.5 0 0
16055.5 1 1
16056.5 0 0
16057.5 0 0
16058.5 0 0
16059.5 1 1
16060.5 0 0
16061.5 0 0
16062.5 0 0
16063.5 0 0
16064.5 0 0
16065.5 0 0
16066.5 0 0
16067.5 0 0
16068.5 0 0
16069.5 0 0
16070.5 0 0
16071.5 0 0
16072.5 0 0
16073.5 1 1
16074.5 0 0
16075.5 0 0
16076.5 0 0
16077.5 0 0
16078.5 0 0
16079.5 0 0
16080.5 0 0
16081.5 0 0
16082.5 0 0
16083.5 0 0
16084.5 0 0
16085.5 0 0
16086.5 0 0
16087.5 0 0
16088.5 0 0
16089.5 0 0
16090.5 0 0
16091.5 0 0
16092.5 0 0
16093.5 0 0
16094.5 0 0
16095.5 0 0
16096.5 0 0
16097.5 1 1
16098.5 0 0
16099.5 0 0
16100.5 0 0
16101.5 0 0
16102.5 0 0
16103.5 0 0
16104.5 0 0
16105.5 0 0
16106.5 0 0
16107.5 0 0
16108.5 0 0
16109.5 0 0
16110.5 0 0
16111.5 0 0
16112.5 1 1
16113.5 0 0
16114.5 0 0
16115.5 0 0
16116.5 0 0
16117.5 0 0
16118.5 0 0
16119.5 0 0
16120.5 0 0
16121.5 1 1
16122.5 0 0
16123.5 0 0
16124.5 0 0
16125.5 0 0
16126.5 0 0
16127.5 0 0
16128.5 0 0
16129.5 0 0
16130.5 0 0
16131.5 0 0
16132.5 1 1
16133.5 1 1
16134.5 0 0
16135.5 1 1
16136.5 0 0
16137.5 1 1
16138.5 0 0
16139.5 0 0
16140.5 0 0
16141.5 0 0
16142.5 0 0
16143.5 0 0
16144.5 0 0
16145.5 0 0
16146.5 0 0
16147.5 0 0
16148.5 0 0
16149.5 0 0
16150.5 1 1
16151.5 0 0
16152.5 0 0
16153.5 0 0
16154.5 0 0
16155.5 1 1
16156.5 0 0
16157.5 0 0
16158.5 1 1
16159.5 0 0
16160.5 0 0
16161.5 0 0
16162.5 0 0
16163.5 0 0
16164.5 0 0
16165.5 0 0
16166.5 0 0
16167.5 0 0
16168.5 0 0
16169.5 0 0
16170.5 0 0
16171.5 0 0
16172.5 0 0
16173.5 0 0
16174.5 0 0
16175.5 1 1
16176.5 0 0
16177.5 0 0
16178.5 0 0
16179.5 0 0
16180.5 0 0
16181.5 0 0
16182.5 0 0
16183.5 0 0
16184.5 0 0
16185.5 0 0
16186.5 0 0
16187.5 0 0
16188.5 0 0
16189.5 0 0
16190.5 0 0
16191.5 0 0
16192.5 0 0
16193.5 0 0
16194.5 0 0
16195.5 0 0
16196.5 0 0
16197.5 0 0
16198.5 1 1
16199.5 0 0
16200.5 0 0
16201.5 0 0
16202.5 1 1
16203.5 0 0
16204.5 0 0
16205.5 0 0
16206.5 0 0
16207.5 0 0
16208.5 0 0
16209.5 0 0
16210.5 0 0
16211.5 0 0
16212.5 0 0
16213.5 0 0
16214.5 1 1
16215.5 0 0
16216.5 0 0
16217.5 0 0
16218.5 0 0
16219.5 0 0
16220.5 0 0
16221.5 1 1
16222.5 0 0
16223.5 1 1
16224.5 0 0
16225.5 0 0
16226.5 1 1
16227.5 0 0
16228.5 0 0
16229.5 0 0
16230.5 1 1
16231.5 0 0
16232.5 0 0
16233.5 0 0
16234.5 0 0
16235.5 0 0
16236.5 0 0
16237.5 0 0
16238.5 0 0
16239.5 0 0
16240.5 0 0
16241.5 1 1
16242.5 0 0
16243.5 0 0
16244.5 0 0
16245.5 0 0
16246.5 0 0
16247.5 0 0
16248.5 0 0
16249.5 0 0
16250.5 0 0
16251.5 0 0
16252.5 0 0
16253.5 0 0
16254.5 0 0
16255.5 0 0
16256.5 0 0
16257.5 0 0
16258.5 1 1
16259.5 0 0
16260.5 0 0
16261.5 0 0
16262.5 0 0
16263.5 0 0
16264.5 0 0
16265.5 0 0
16266.5 0 0
16267.5 0 0
16268.5 0 0
16269.5 0 0
16270.5 0 0
16271.5 0 0
16272.5 0 0
16273.5 0 0
16274.5 0 0
16275.5 0 0
16276.5 0 0
16277.5 0 0
16278.5 0 0
16279.5 0 0
16280.5 2 1.41421
16281.5 0 0
16282.5 2 1.41421
16283.5 0 0
16284.5 0 0
16285.5 0 0
16286.5 0 0
16287.5 0 0
16288.5 0 0
16289.5 0 0
16290.5 0 0
16291.5 0 0
16292.5 0 0
16293.5 0 0
16294.5 0 0
16295.5 0 0
16296.5 0 0
16297.5 0 0
16298.5 0 0
16299.5 0 0
16300.5 0 0
16301.5 0 0
16302.5 0 0
16303.5 1 1
16304.5 0 0
16305.5 1 1
16306.5 0 0
16307.5 0 0
16308.5 0 0
16309.5 0 0
16310.5 0 0
16311.5 0 0
16312.5 0 0
16313.5 0 0
16314.5 0 0
16315.5 0 0
16316.5 0 0
16317.5 0 0
16318.5 0 0
16319.5 0 0
16320.5 0 0
16321.5 0 0
16322.5 0 0
16323.5 0 0
16324.5 0 0
16325.5 1 1
16326.5 0 0
16327.5 0 0
16328.5 0 0
16329.5 1 1
16330.5 0 0
16331.5 0 0
16332.5 0 0
16333.5 0 0
16334.5 0 0
16335.5 0 0
16336.5 0 0
16337.5 0 0
16338.5 0 0
16339.5 0 0
16340.5 0 0
16341.5 0 0
16342.5 0 0
16343.5 0 0
16344.5 0 0
16345.5 0 0
16346.5 0 0
16347.5 0 0
16348.5 0 0
16349.5 0 0
16350.5 0 0
16351.5 0 0
16352.5 0 0
16353.5 0 0
16354.5 1 1
16355.5 0 0
16356.5 0 0
16357.5 0 0
16358.5 0 0
16359.5 0 0
16360.5 0 0
16361.5 0 0
16362.5 0 0
16363.5 0 0
16364.5 0 0
16365.5 0 0
16366.5 0 0
16367.5 0 0
16368.5 0 0
16369.5 0 0
16370.5 0 0
16371.5 0 0
16372.5 0 0
16373.5 0 0
16374.5 0 0
16375.5 0 0
16376.5 0 0
16377.5 0 0
16378.5 0 0
16379.5 0 0
16380.5 0 0
16381.5 0 0
16382.5 0 0
16383.5 0 0
