# Histogram: 111
# File: K47_T1_002-0.his
#X  N  dN
0.5 29785 172.583
1.5 27 5.19615
2.5 18 4.24264
3.5 26 5.09902
4.5 19 4.3589
5.5 26 5.09902
6.5 30 5.47723
7.5 25 5
8.5 26 5.09902
9.5 25 5
10.5 31 5.56776
11.5 33 5.74456
12.5 31 5.56776
13.5 45 6.7082
14.5 35 5.91608
15.5 42 6.48074
16.5 29 5.38516
17.5 64 8
18.5 44 6.63325
19.5 63 7.93725
20.5 77 8.77496
21.5 82 9.05539
22.5 76 8.7178
23.5 86 9.27362
24.5 126 11.225
25.5 117 10.8167
26.5 120 10.9545
27.5 131 11.4455
28.5 126 11.225
29.5 135 11.619
30.5 184 13.5647
31.5 190 13.784
32.5 196 14
33.5 218 14.7648
34.5 213 14.5945
35.5 236 15.3623
36.5 237 15.3948
37.5 283 16.8226
38.5 277 16.6433
39.5 254 15.9374
40.5 309 17.5784
41.5 323 17.9722
42.5 303 17.4069
43.5 330 18.1659
44.5 345 18.5742
45.5 360 18.9737
46.5 369 19.2094
47.5 391 19.7737
48.5 361 19
49.5 377 19.4165
50.5 400 20
51.5 391 19.7737
52.5 399 19.975
53.5 388 19.6977
54.5 419 20.4695
55.5 397 19.9249
56.5 400 20
57.5 448 21.166
58.5 417 20.4206
59.5 430 20.7364
60.5 433 20.8087
61.5 420 20.4939
62.5 432 20.7846
63.5 400 20
64.5 414 20.347
65.5 428 20.6882
66.5 410 20.2485
67.5 502 22.4054
68.5 454 21.3073
69.5 417 20.4206
70.5 478 21.8632
71.5 428 20.6882
72.5 437 20.9045
73.5 442 21.0238
74.5 412 20.2978
75.5 424 20.5913
76.5 447 21.1424
77.5 461 21.4709
78.5 463 21.5174
79.5 447 21.1424
80.5 472 21.7256
81.5 472 21.7256
82.5 424 20.5913
83.5 423 20.567
84.5 437 20.9045
85.5 469 21.6564
86.5 448 21.166
87.5 500 22.3607
88.5 477 21.8403
89.5 426 20.6398
90.5 455 21.3307
91.5 435 20.8567
92.5 481 21.9317
93.5 481 21.9317
94.5 493 22.2036
95.5 490 22.1359
96.5 487 22.0681
97.5 456 21.3542
98.5 434 20.8327
99.5 470 21.6795
100.5 507 22.5167
101.5 461 21.4709
102.5 439 20.9523
103.5 508 22.5389
104.5 462 21.4942
105.5 487 22.0681
106.5 486 22.0454
107.5 498 22.3159
108.5 433 20.8087
109.5 479 21.8861
110.5 452 21.2603
111.5 481 21.9317
112.5 511 22.6053
113.5 483 21.9773
114.5 468 21.6333
115.5 488 22.0907
116.5 502 22.4054
117.5 490 22.1359
118.5 504 22.4499
119.5 502 22.4054
120.5 541 23.2594
121.5 558 23.622
122.5 446 21.1187
123.5 527 22.9565
124.5 497 22.2935
125.5 506 22.4944
126.5 535 23.1301
127.5 504 22.4499
128.5 526 22.9347
129.5 469 21.6564
130.5 538 23.1948
131.5 515 22.6936
132.5 531 23.0434
133.5 504 22.4499
134.5 501 22.383
135.5 546 23.3666
136.5 475 21.7945
137.5 438 20.9284
138.5 518 22.7596
139.5 509 22.561
140.5 488 22.0907
141.5 490 22.1359
142.5 508 22.5389
143.5 533 23.0868
144.5 518 22.7596
145.5 548 23.4094
146.5 494 22.2261
147.5 511 22.6053
148.5 511 22.6053
149.5 500 22.3607
150.5 539 23.2164
151.5 561 23.6854
152.5 497 22.2935
153.5 528 22.9783
154.5 502 22.4054
155.5 478 21.8632
156.5 551 23.4734
157.5 513 22.6495
158.5 506 22.4944
159.5 500 22.3607
160.5 563 23.7276
161.5 495 22.2486
162.5 511 22.6053
163.5 502 22.4054
164.5 554 23.5372
165.5 548 23.4094
166.5 506 22.4944
167.5 525 22.9129
168.5 550 23.4521
169.5 529 23
170.5 568 23.8328
171.5 543 23.3024
172.5 552 23.4947
173.5 548 23.4094
174.5 545 23.3452
175.5 565 23.7697
176.5 527 22.9565
177.5 516 22.7156
178.5 559 23.6432
179.5 578 24.0416
180.5 550 23.4521
181.5 562 23.7065
182.5 577 24.0208
183.5 526 22.9347
184.5 529 23
185.5 585 24.1868
186.5 583 24.1454
187.5 500 22.3607
188.5 577 24.0208
189.5 550 23.4521
190.5 556 23.5797
191.5 530 23.0217
192.5 558 23.622
193.5 601 24.5153
194.5 571 23.8956
195.5 545 23.3452
196.5 537 23.1733
197.5 572 23.9165
198.5 566 23.7908
199.5 561 23.6854
200.5 567 23.8118
201.5 607 24.6374
202.5 555 23.5584
203.5 583 24.1454
204.5 605 24.5967
205.5 570 23.8747
206.5 566 23.7908
207.5 597 24.4336
208.5 564 23.7487
209.5 586 24.2074
210.5 570 23.8747
211.5 590 24.2899
212.5 581 24.1039
213.5 555 23.5584
214.5 570 23.8747
215.5 577 24.0208
216.5 582 24.1247
217.5 589 24.2693
218.5 568 23.8328
219.5 595 24.3926
220.5 589 24.2693
221.5 612 24.7386
222.5 565 23.7697
223.5 594 24.3721
224.5 614 24.779
225.5 532 23.0651
226.5 590 24.2899
227.5 563 23.7276
228.5 599 24.4745
229.5 621 24.9199
230.5 589 24.2693
231.5 582 24.1247
232.5 596 24.4131
233.5 622 24.9399
234.5 567 23.8118
235.5 565 23.7697
236.5 597 24.4336
237.5 565 23.7697
238.5 585 24.1868
239.5 564 23.7487
240.5 617 24.8395
241.5 602 24.5357
242.5 613 24.7588
243.5 605 24.5967
244.5 604 24.5764
245.5 606 24.6171
246.5 634 25.1794
247.5 602 24.5357
248.5 614 24.779
249.5 602 24.5357
250.5 577 24.0208
251.5 634 25.1794
252.5 591 24.3105
253.5 626 25.02
254.5 596 24.4131
255.5 663 25.7488
256.5 564 23.7487
257.5 635 25.1992
258.5 612 24.7386
259.5 623 24.96
260.5 592 24.3311
261.5 629 25.0799
262.5 624 24.98
263.5 602 24.5357
264.5 622 24.9399
265.5 643 25.3574
266.5 669 25.865
267.5 590 24.2899
268.5 654 25.5734
269.5 636 25.219
270.5 585 24.1868
271.5 633 25.1595
272.5 617 24.8395
273.5 621 24.9199
274.5 605 24.5967
275.5 601 24.5153
276.5 639 25.2784
277.5 613 24.7588
278.5 629 25.0799
279.5 593 24.3516
280.5 630 25.0998
281.5 599 24.4745
282.5 677 26.0192
283.5 624 24.98
284.5 637 25.2389
285.5 627 25.04
286.5 555 23.5584
287.5 655 25.593
288.5 595 24.3926
289.5 582 24.1247
290.5 672 25.923
291.5 679 26.0576
292.5 637 25.2389
293.5 607 24.6374
294.5 618 24.8596
295.5 611 24.7184
296.5 666 25.807
297.5 628 25.0599
298.5 642 25.3377
299.5 619 24.8797
300.5 629 25.0799
301.5 637 25.2389
302.5 607 24.6374
303.5 678 26.0384
304.5 695 26.3629
305.5 610 24.6982
306.5 644 25.3772
307.5 631 25.1197
308.5 668 25.8457
309.5 684 26.1534
310.5 606 24.6171
311.5 604 24.5764
312.5 610 24.6982
313.5 716 26.7582
314.5 696 26.3818
315.5 639 25.2784
316.5 633 25.1595
317.5 643 25.3574
318.5 620 24.8998
319.5 607 24.6374
320.5 608 24.6577
321.5 669 25.865
322.5 651 25.5147
323.5 627 25.04
324.5 652 25.5343
325.5 598 24.454
326.5 664 25.7682
327.5 636 25.219
328.5 686 26.1916
329.5 667 25.8263
330.5 671 25.9037
331.5 701 26.4764
332.5 653 25.5539
333.5 656 25.6125
334.5 661 25.7099
335.5 666 25.807
336.5 646 25.4165
337.5 628 25.0599
338.5 650 25.4951
339.5 688 26.2298
340.5 671 25.9037
341.5 630 25.0998
342.5 642 25.3377
343.5 671 25.9037
344.5 672 25.923
345.5 634 25.1794
346.5 687 26.2107
347.5 667 25.8263
348.5 686 26.1916
349.5 650 25.4951
350.5 622 24.9399
351.5 640 25.2982
352.5 643 25.3574
353.5 630 25.0998
354.5 689 26.2488
355.5 624 24.98
356.5 709 26.6271
357.5 713 26.7021
358.5 654 25.5734
359.5 676 26
360.5 700 26.4575
361.5 692 26.3059
362.5 702 26.4953
363.5 688 26.2298
364.5 675 25.9808
365.5 673 25.9422
366.5 621 24.9199
367.5 685 26.1725
368.5 702 26.4953
369.5 699 26.4386
370.5 714 26.7208
371.5 736 27.1293
372.5 658 25.6515
373.5 651 25.5147
374.5 666 25.807
375.5 661 25.7099
376.5 720 26.8328
377.5 667 25.8263
378.5 717 26.7769
379.5 692 26.3059
380.5 700 26.4575
381.5 673 25.9422
382.5 688 26.2298
383.5 684 26.1534
384.5 658 25.6515
385.5 673 25.9422
386.5 729 27
387.5 709 26.6271
388.5 727 26.9629
389.5 720 26.8328
390.5 716 26.7582
391.5 694 26.3439
392.5 692 26.3059
393.5 681 26.096
394.5 697 26.4008
395.5 691 26.2869
396.5 733 27.074
397.5 714 26.7208
398.5 744 27.2764
399.5 711 26.6646
400.5 729 27
401.5 716 26.7582
402.5 704 26.533
403.5 694 26.3439
404.5 757 27.5136
405.5 743 27.258
406.5 704 26.533
407.5 698 26.4197
408.5 709 26.6271
409.5 707 26.5895
410.5 730 27.0185
411.5 736 27.1293
412.5 724 26.9072
413.5 716 26.7582
414.5 711 26.6646
415.5 717 26.7769
416.5 734 27.0924
417.5 720 26.8328
418.5 725 26.9258
419.5 716 26.7582
420.5 723 26.8887
421.5 739 27.1846
422.5 774 27.8209
423.5 754 27.4591
424.5 706 26.5707
425.5 715 26.7395
426.5 744 27.2764
427.5 751 27.4044
428.5 725 26.9258
429.5 728 26.9815
430.5 731 27.037
431.5 736 27.1293
432.5 711 26.6646
433.5 695 26.3629
434.5 746 27.313
435.5 718 26.7955
436.5 711 26.6646
437.5 736 27.1293
438.5 781 27.9464
439.5 722 26.8701
440.5 719 26.8142
441.5 696 26.3818
442.5 751 27.4044
443.5 768 27.7128
444.5 714 26.7208
445.5 697 26.4008
446.5 688 26.2298
447.5 747 27.3313
448.5 733 27.074
449.5 730 27.0185
450.5 766 27.6767
451.5 716 26.7582
452.5 737 27.1477
453.5 769 27.7308
454.5 716 26.7582
455.5 699 26.4386
456.5 685 26.1725
457.5 793 28.1603
458.5 773 27.8029
459.5 760 27.5681
460.5 748 27.3496
461.5 737 27.1477
462.5 749 27.3679
463.5 794 28.178
464.5 689 26.2488
465.5 782 27.9643
466.5 730 27.0185
467.5 724 26.9072
468.5 745 27.2947
469.5 752 27.4226
470.5 762 27.6043
471.5 711 26.6646
472.5 682 26.1151
473.5 767 27.6948
474.5 766 27.6767
475.5 809 28.4429
476.5 731 27.037
477.5 726 26.9444
478.5 776 27.8568
479.5 796 28.2135
480.5 693 26.3249
481.5 743 27.258
482.5 752 27.4226
483.5 748 27.3496
484.5 751 27.4044
485.5 738 27.1662
486.5 762 27.6043
487.5 747 27.3313
488.5 719 26.8142
489.5 781 27.9464
490.5 700 26.4575
491.5 752 27.4226
492.5 776 27.8568
493.5 699 26.4386
494.5 743 27.258
495.5 742 27.2397
496.5 761 27.5862
497.5 743 27.258
498.5 770 27.7489
499.5 728 26.9815
500.5 797 28.2312
501.5 695 26.3629
502.5 745 27.2947
503.5 766 27.6767
504.5 783 27.9821
505.5 744 27.2764
506.5 847 29.1033
507.5 744 27.2764
508.5 797 28.2312
509.5 784 28
510.5 771 27.7669
511.5 755 27.4773
512.5 803 28.3373
513.5 752 27.4226
514.5 687 26.2107
515.5 749 27.3679
516.5 741 27.2213
517.5 760 27.5681
518.5 767 27.6948
519.5 784 28
520.5 705 26.5518
521.5 744 27.2764
522.5 731 27.037
523.5 782 27.9643
524.5 808 28.4253
525.5 820 28.6356
526.5 733 27.074
527.5 820 28.6356
528.5 823 28.688
529.5 817 28.5832
530.5 783 27.9821
531.5 752 27.4226
532.5 761 27.5862
533.5 755 27.4773
534.5 754 27.4591
535.5 775 27.8388
536.5 772 27.7849
537.5 753 27.4408
538.5 784 28
539.5 711 26.6646
540.5 782 27.9643
541.5 749 27.3679
542.5 760 27.5681
543.5 792 28.1425
544.5 788 28.0713
545.5 749 27.3679
546.5 801 28.3019
547.5 789 28.0891
548.5 767 27.6948
549.5 745 27.2947
550.5 769 27.7308
551.5 772 27.7849
552.5 772 27.7849
553.5 787 28.0535
554.5 791 28.1247
555.5 848 29.1204
556.5 697 26.4008
557.5 761 27.5862
558.5 799 28.2666
559.5 763 27.6225
560.5 776 27.8568
561.5 829 28.7924
562.5 791 28.1247
563.5 784 28
564.5 777 27.8747
565.5 738 27.1662
566.5 813 28.5132
567.5 799 28.2666
568.5 751 27.4044
569.5 809 28.4429
570.5 802 28.3196
571.5 813 28.5132
572.5 812 28.4956
573.5 804 28.3549
574.5 787 28.0535
575.5 801 28.3019
576.5 778 27.8927
577.5 791 28.1247
578.5 809 28.4429
579.5 770 27.7489
580.5 818 28.6007
581.5 773 27.8029
582.5 777 27.8747
583.5 805 28.3725
584.5 806 28.3901
585.5 798 28.2489
586.5 811 28.4781
587.5 819 28.6182
588.5 806 28.3901
589.5 833 28.8617
590.5 789 28.0891
591.5 824 28.7054
592.5 846 29.0861
593.5 791 28.1247
594.5 739 27.1846
595.5 800 28.2843
596.5 780 27.9285
597.5 839 28.9655
598.5 782 27.9643
599.5 780 27.9285
600.5 807 28.4077
601.5 793 28.1603
602.5 762 27.6043
603.5 784 28
604.5 816 28.5657
605.5 815 28.5482
606.5 788 28.0713
607.5 811 28.4781
608.5 818 28.6007
609.5 833 28.8617
610.5 800 28.2843
611.5 804 28.3549
612.5 851 29.1719
613.5 808 28.4253
614.5 819 28.6182
615.5 811 28.4781
616.5 787 28.0535
617.5 822 28.6705
618.5 858 29.2916
619.5 785 28.0179
620.5 746 27.313
621.5 773 27.8029
622.5 830 28.8097
623.5 857 29.2746
624.5 798 28.2489
625.5 808 28.4253
626.5 816 28.5657
627.5 805 28.3725
628.5 834 28.8791
629.5 828 28.775
630.5 822 28.6705
631.5 837 28.931
632.5 825 28.7228
633.5 778 27.8927
634.5 831 28.8271
635.5 768 27.7128
636.5 822 28.6705
637.5 811 28.4781
638.5 858 29.2916
639.5 828 28.775
640.5 792 28.1425
641.5 866 29.4279
642.5 839 28.9655
643.5 806 28.3901
644.5 833 28.8617
645.5 846 29.0861
646.5 850 29.1548
647.5 875 29.5804
648.5 821 28.6531
649.5 836 28.9137
650.5 801 28.3019
651.5 825 28.7228
652.5 832 28.8444
653.5 828 28.775
654.5 869 29.4788
655.5 833 28.8617
656.5 859 29.3087
657.5 803 28.3373
658.5 861 29.3428
659.5 823 28.688
660.5 828 28.775
661.5 838 28.9482
662.5 815 28.5482
663.5 812 28.4956
664.5 815 28.5482
665.5 845 29.0689
666.5 824 28.7054
667.5 868 29.4618
668.5 832 28.8444
669.5 873 29.5466
670.5 885 29.7489
671.5 796 28.2135
672.5 840 28.9828
673.5 812 28.4956
674.5 861 29.3428
675.5 889 29.8161
676.5 854 29.2233
677.5 786 28.0357
678.5 879 29.6479
679.5 803 28.3373
680.5 786 28.0357
681.5 799 28.2666
682.5 790 28.1069
683.5 833 28.8617
684.5 840 28.9828
685.5 838 28.9482
686.5 871 29.5127
687.5 836 28.9137
688.5 820 28.6356
689.5 819 28.6182
690.5 823 28.688
691.5 848 29.1204
692.5 863 29.3769
693.5 866 29.4279
694.5 808 28.4253
695.5 851 29.1719
696.5 829 28.7924
697.5 809 28.4429
698.5 836 28.9137
699.5 845 29.0689
700.5 864 29.3939
701.5 828 28.775
702.5 793 28.1603
703.5 803 28.3373
704.5 829 28.7924
705.5 818 28.6007
706.5 833 28.8617
707.5 851 29.1719
708.5 877 29.6142
709.5 813 28.5132
710.5 827 28.7576
711.5 891 29.8496
712.5 793 28.1603
713.5 855 29.2404
714.5 857 29.2746
715.5 828 28.775
716.5 846 29.0861
717.5 849 29.1376
718.5 792 28.1425
719.5 806 28.3901
720.5 805 28.3725
721.5 810 28.4605
722.5 868 29.4618
723.5 838 28.9482
724.5 850 29.1548
725.5 813 28.5132
726.5 819 28.6182
727.5 825 28.7228
728.5 842 29.0172
729.5 862 29.3598
730.5 777 27.8747
731.5 829 28.7924
732.5 808 28.4253
733.5 800 28.2843
734.5 772 27.7849
735.5 789 28.0891
736.5 810 28.4605
737.5 801 28.3019
738.5 822 28.6705
739.5 840 28.9828
740.5 801 28.3019
741.5 826 28.7402
742.5 829 28.7924
743.5 870 29.4958
744.5 813 28.5132
745.5 812 28.4956
746.5 838 28.9482
747.5 826 28.7402
748.5 805 28.3725
749.5 836 28.9137
750.5 831 28.8271
751.5 820 28.6356
752.5 788 28.0713
753.5 837 28.931
754.5 802 28.3196
755.5 851 29.1719
756.5 877 29.6142
757.5 860 29.3258
758.5 799 28.2666
759.5 757 27.5136
760.5 830 28.8097
761.5 851 29.1719
762.5 863 29.3769
763.5 843 29.0345
764.5 801 28.3019
765.5 800 28.2843
766.5 840 28.9828
767.5 849 29.1376
768.5 814 28.5307
769.5 827 28.7576
770.5 786 28.0357
771.5 829 28.7924
772.5 816 28.5657
773.5 829 28.7924
774.5 807 28.4077
775.5 871 29.5127
776.5 867 29.4449
777.5 815 28.5482
778.5 843 29.0345
779.5 789 28.0891
780.5 814 28.5307
781.5 820 28.6356
782.5 797 28.2312
783.5 868 29.4618
784.5 840 28.9828
785.5 748 27.3496
786.5 833 28.8617
787.5 840 28.9828
788.5 839 28.9655
789.5 800 28.2843
790.5 838 28.9482
791.5 802 28.3196
792.5 830 28.8097
793.5 812 28.4956
794.5 807 28.4077
795.5 778 27.8927
796.5 790 28.1069
797.5 811 28.4781
798.5 795 28.1957
799.5 789 28.0891
800.5 822 28.6705
801.5 786 28.0357
802.5 815 28.5482
803.5 871 29.5127
804.5 855 29.2404
805.5 806 28.3901
806.5 800 28.2843
807.5 839 28.9655
808.5 807 28.4077
809.5 815 28.5482
810.5 808 28.4253
811.5 794 28.178
812.5 841 29
813.5 794 28.178
814.5 786 28.0357
815.5 862 29.3598
816.5 803 28.3373
817.5 817 28.5832
818.5 882 29.6985
819.5 838 28.9482
820.5 830 28.8097
821.5 790 28.1069
822.5 840 28.9828
823.5 850 29.1548
824.5 792 28.1425
825.5 855 29.2404
826.5 839 28.9655
827.5 791 28.1247
828.5 818 28.6007
829.5 813 28.5132
830.5 826 28.7402
831.5 891 29.8496
832.5 807 28.4077
833.5 798 28.2489
834.5 797 28.2312
835.5 811 28.4781
836.5 822 28.6705
837.5 818 28.6007
838.5 823 28.688
839.5 787 28.0535
840.5 835 28.8964
841.5 814 28.5307
842.5 853 29.2062
843.5 837 28.931
844.5 776 27.8568
845.5 813 28.5132
846.5 794 28.178
847.5 818 28.6007
848.5 793 28.1603
849.5 823 28.688
850.5 795 28.1957
851.5 830 28.8097
852.5 768 27.7128
853.5 833 28.8617
854.5 796 28.2135
855.5 798 28.2489
856.5 805 28.3725
857.5 820 28.6356
858.5 782 27.9643
859.5 784 28
860.5 818 28.6007
861.5 842 29.0172
862.5 826 28.7402
863.5 803 28.3373
864.5 878 29.6311
865.5 793 28.1603
866.5 809 28.4429
867.5 851 29.1719
868.5 821 28.6531
869.5 820 28.6356
870.5 768 27.7128
871.5 762 27.6043
872.5 805 28.3725
873.5 807 28.4077
874.5 839 28.9655
875.5 812 28.4956
876.5 818 28.6007
877.5 797 28.2312
878.5 806 28.3901
879.5 793 28.1603
880.5 788 28.0713
881.5 799 28.2666
882.5 848 29.1204
883.5 827 28.7576
884.5 743 27.258
885.5 796 28.2135
886.5 779 27.9106
887.5 834 28.8791
888.5 816 28.5657
889.5 763 27.6225
890.5 743 27.258
891.5 758 27.5318
892.5 816 28.5657
893.5 783 27.9821
894.5 805 28.3725
895.5 807 28.4077
896.5 839 28.9655
897.5 834 28.8791
898.5 854 29.2233
899.5 773 27.8029
900.5 805 28.3725
901.5 801 28.3019
902.5 817 28.5832
903.5 822 28.6705
904.5 801 28.3019
905.5 754 27.4591
906.5 787 28.0535
907.5 769 27.7308
908.5 770 27.7489
909.5 820 28.6356
910.5 761 27.5862
911.5 810 28.4605
912.5 772 27.7849
913.5 803 28.3373
914.5 778 27.8927
915.5 788 28.0713
916.5 797 28.2312
917.5 806 28.3901
918.5 807 28.4077
919.5 812 28.4956
920.5 836 28.9137
921.5 803 28.3373
922.5 736 27.1293
923.5 826 28.7402
924.5 828 28.775
925.5 728 26.9815
926.5 792 28.1425
927.5 783 27.9821
928.5 793 28.1603
929.5 790 28.1069
930.5 783 27.9821
931.5 795 28.1957
932.5 793 28.1603
933.5 845 29.0689
934.5 773 27.8029
935.5 804 28.3549
936.5 838 28.9482
937.5 722 26.8701
938.5 812 28.4956
939.5 829 28.7924
940.5 810 28.4605
941.5 821 28.6531
942.5 818 28.6007
943.5 807 28.4077
944.5 797 28.2312
945.5 786 28.0357
946.5 801 28.3019
947.5 809 28.4429
948.5 848 29.1204
949.5 775 27.8388
950.5 782 27.9643
951.5 817 28.5832
952.5 801 28.3019
953.5 860 29.3258
954.5 817 28.5832
955.5 807 28.4077
956.5 841 29
957.5 833 28.8617
958.5 811 28.4781
959.5 868 29.4618
960.5 822 28.6705
961.5 895 29.9166
962.5 810 28.4605
963.5 865 29.4109
964.5 834 28.8791
965.5 858 29.2916
966.5 804 28.3549
967.5 831 28.8271
968.5 857 29.2746
969.5 869 29.4788
970.5 855 29.2404
971.5 861 29.3428
972.5 864 29.3939
973.5 842 29.0172
974.5 894 29.8998
975.5 848 29.1204
976.5 928 30.4631
977.5 889 29.8161
978.5 906 30.0998
979.5 875 29.5804
980.5 919 30.315
981.5 904 30.0666
982.5 854 29.2233
983.5 884 29.7321
984.5 900 30
985.5 892 29.8664
986.5 963 31.0322
987.5 943 30.7083
988.5 942 30.692
989.5 932 30.5287
990.5 927 30.4467
991.5 946 30.7571
992.5 858 29.2916
993.5 894 29.8998
994.5 895 29.9166
995.5 965 31.0644
996.5 901 30.0167
997.5 929 30.4795
998.5 914 30.2324
999.5 958 30.9516
1000.5 916 30.2655
1001.5 915 30.249
1002.5 913 30.2159
1003.5 927 30.4467
1004.5 929 30.4795
1005.5 941 30.6757
1006.5 947 30.7734
1007.5 902 30.0333
1008.5 926 30.4302
1009.5 896 29.9333
1010.5 954 30.8869
1011.5 893 29.8831
1012.5 924 30.3974
1013.5 904 30.0666
1014.5 901 30.0167
1015.5 902 30.0333
1016.5 940 30.6594
1017.5 877 29.6142
1018.5 867 29.4449
1019.5 899 29.9833
1020.5 936 30.5941
1021.5 935 30.5778
1022.5 916 30.2655
1023.5 905 30.0832
1024.5 957 30.9354
1025.5 928 30.4631
1026.5 889 29.8161
1027.5 910 30.1662
1028.5 889 29.8161
1029.5 877 29.6142
1030.5 926 30.4302
1031.5 892 29.8664
1032.5 895 29.9166
1033.5 889 29.8161
1034.5 924 30.3974
1035.5 922 30.3645
1036.5 894 29.8998
1037.5 892 29.8664
1038.5 931 30.5123
1039.5 867 29.4449
1040.5 898 29.9666
1041.5 941 30.6757
1042.5 874 29.5635
1043.5 876 29.5973
1044.5 891 29.8496
1045.5 923 30.3809
1046.5 861 29.3428
1047.5 893 29.8831
1048.5 944 30.7246
1049.5 891 29.8496
1050.5 922 30.3645
1051.5 899 29.9833
1052.5 856 29.2575
1053.5 848 29.1204
1054.5 941 30.6757
1055.5 884 29.7321
1056.5 863 29.3769
1057.5 854 29.2233
1058.5 866 29.4279
1059.5 878 29.6311
1060.5 842 29.0172
1061.5 835 28.8964
1062.5 858 29.2916
1063.5 836 28.9137
1064.5 848 29.1204
1065.5 809 28.4429
1066.5 855 29.2404
1067.5 843 29.0345
1068.5 862 29.3598
1069.5 884 29.7321
1070.5 866 29.4279
1071.5 873 29.5466
1072.5 833 28.8617
1073.5 874 29.5635
1074.5 863 29.3769
1075.5 858 29.2916
1076.5 846 29.0861
1077.5 817 28.5832
1078.5 861 29.3428
1079.5 801 28.3019
1080.5 828 28.775
1081.5 850 29.1548
1082.5 866 29.4279
1083.5 835 28.8964
1084.5 813 28.5132
1085.5 874 29.5635
1086.5 786 28.0357
1087.5 795 28.1957
1088.5 821 28.6531
1089.5 836 28.9137
1090.5 784 28
1091.5 755 27.4773
1092.5 820 28.6356
1093.5 892 29.8664
1094.5 831 28.8271
1095.5 810 28.4605
1096.5 807 28.4077
1097.5 809 28.4429
1098.5 809 28.4429
1099.5 783 27.9821
1100.5 773 27.8029
1101.5 839 28.9655
1102.5 840 28.9828
1103.5 862 29.3598
1104.5 811 28.4781
1105.5 810 28.4605
1106.5 833 28.8617
1107.5 850 29.1548
1108.5 837 28.931
1109.5 813 28.5132
1110.5 766 27.6767
1111.5 804 28.3549
1112.5 747 27.3313
1113.5 803 28.3373
1114.5 800 28.2843
1115.5 797 28.2312
1116.5 763 27.6225
1117.5 830 28.8097
1118.5 789 28.0891
1119.5 771 27.7669
1120.5 783 27.9821
1121.5 821 28.6531
1122.5 760 27.5681
1123.5 767 27.6948
1124.5 779 27.9106
1125.5 836 28.9137
1126.5 779 27.9106
1127.5 773 27.8029
1128.5 800 28.2843
1129.5 785 28.0179
1130.5 738 27.1662
1131.5 771 27.7669
1132.5 766 27.6767
1133.5 787 28.0535
1134.5 727 26.9629
1135.5 800 28.2843
1136.5 756 27.4955
1137.5 724 26.9072
1138.5 800 28.2843
1139.5 776 27.8568
1140.5 746 27.313
1141.5 822 28.6705
1142.5 758 27.5318
1143.5 763 27.6225
1144.5 703 26.5141
1145.5 712 26.6833
1146.5 734 27.0924
1147.5 764 27.6405
1148.5 728 26.9815
1149.5 780 27.9285
1150.5 798 28.2489
1151.5 721 26.8514
1152.5 757 27.5136
1153.5 727 26.9629
1154.5 755 27.4773
1155.5 739 27.1846
1156.5 720 26.8328
1157.5 714 26.7208
1158.5 730 27.0185
1159.5 671 25.9037
1160.5 722 26.8701
1161.5 754 27.4591
1162.5 739 27.1846
1163.5 724 26.9072
1164.5 746 27.313
1165.5 663 25.7488
1166.5 700 26.4575
1167.5 699 26.4386
1168.5 758 27.5318
1169.5 727 26.9629
1170.5 696 26.3818
1171.5 701 26.4764
1172.5 687 26.2107
1173.5 733 27.074
1174.5 736 27.1293
1175.5 699 26.4386
1176.5 716 26.7582
1177.5 677 26.0192
1178.5 749 27.3679
1179.5 724 26.9072
1180.5 730 27.0185
1181.5 693 26.3249
1182.5 747 27.3313
1183.5 670 25.8844
1184.5 688 26.2298
1185.5 703 26.5141
1186.5 691 26.2869
1187.5 712 26.6833
1188.5 717 26.7769
1189.5 679 26.0576
1190.5 679 26.0576
1191.5 711 26.6646
1192.5 707 26.5895
1193.5 681 26.096
1194.5 707 26.5895
1195.5 693 26.3249
1196.5 681 26.096
1197.5 693 26.3249
1198.5 664 25.7682
1199.5 684 26.1534
1200.5 665 25.7876
1201.5 728 26.9815
1202.5 720 26.8328
1203.5 685 26.1725
1204.5 667 25.8263
1205.5 714 26.7208
1206.5 684 26.1534
1207.5 665 25.7876
1208.5 683 26.1343
1209.5 711 26.6646
1210.5 704 26.533
1211.5 709 26.6271
1212.5 735 27.1109
1213.5 634 25.1794
1214.5 609 24.6779
1215.5 718 26.7955
1216.5 671 25.9037
1217.5 690 26.2679
1218.5 675 25.9808
1219.5 722 26.8701
1220.5 676 26
1221.5 714 26.7208
1222.5 715 26.7395
1223.5 687 26.2107
1224.5 697 26.4008
1225.5 664 25.7682
1226.5 686 26.1916
1227.5 661 25.7099
1228.5 702 26.4953
1229.5 681 26.096
1230.5 703 26.5141
1231.5 687 26.2107
1232.5 676 26
1233.5 608 24.6577
1234.5 679 26.0576
1235.5 705 26.5518
1236.5 659 25.671
1237.5 707 26.5895
1238.5 697 26.4008
1239.5 677 26.0192
1240.5 709 26.6271
1241.5 701 26.4764
1242.5 693 26.3249
1243.5 677 26.0192
1244.5 713 26.7021
1245.5 634 25.1794
1246.5 644 25.3772
1247.5 750 27.3861
1248.5 674 25.9615
1249.5 632 25.1396
1250.5 697 26.4008
1251.5 689 26.2488
1252.5 689 26.2488
1253.5 692 26.3059
1254.5 706 26.5707
1255.5 661 25.7099
1256.5 688 26.2298
1257.5 702 26.4953
1258.5 688 26.2298
1259.5 696 26.3818
1260.5 668 25.8457
1261.5 672 25.923
1262.5 665 25.7876
1263.5 701 26.4764
1264.5 686 26.1916
1265.5 689 26.2488
1266.5 647 25.4362
1267.5 661 25.7099
1268.5 672 25.923
1269.5 719 26.8142
1270.5 688 26.2298
1271.5 609 24.6779
1272.5 681 26.096
1273.5 683 26.1343
1274.5 685 26.1725
1275.5 660 25.6905
1276.5 672 25.923
1277.5 652 25.5343
1278.5 682 26.1151
1279.5 675 25.9808
1280.5 641 25.318
1281.5 667 25.8263
1282.5 636 25.219
1283.5 682 26.1151
1284.5 634 25.1794
1285.5 666 25.807
1286.5 656 25.6125
1287.5 656 25.6125
1288.5 676 26
1289.5 673 25.9422
1290.5 653 25.5539
1291.5 658 25.6515
1292.5 642 25.3377
1293.5 662 25.7294
1294.5 684 26.1534
1295.5 640 25.2982
1296.5 647 25.4362
1297.5 704 26.533
1298.5 619 24.8797
1299.5 674 25.9615
1300.5 636 25.219
1301.5 673 25.9422
1302.5 646 25.4165
1303.5 688 26.2298
1304.5 609 24.6779
1305.5 649 25.4755
1306.5 662 25.7294
1307.5 656 25.6125
1308.5 651 25.5147
1309.5 666 25.807
1310.5 632 25.1396
1311.5 602 24.5357
1312.5 667 25.8263
1313.5 640 25.2982
1314.5 653 25.5539
1315.5 643 25.3574
1316.5 628 25.0599
1317.5 689 26.2488
1318.5 579 24.0624
1319.5 631 25.1197
1320.5 629 25.0799
1321.5 664 25.7682
1322.5 619 24.8797
1323.5 677 26.0192
1324.5 640 25.2982
1325.5 649 25.4755
1326.5 603 24.5561
1327.5 616 24.8193
1328.5 638 25.2587
1329.5 639 25.2784
1330.5 612 24.7386
1331.5 651 25.5147
1332.5 624 24.98
1333.5 607 24.6374
1334.5 636 25.219
1335.5 607 24.6374
1336.5 654 25.5734
1337.5 633 25.1595
1338.5 641 25.318
1339.5 649 25.4755
1340.5 635 25.1992
1341.5 648 25.4558
1342.5 623 24.96
1343.5 658 25.6515
1344.5 624 24.98
1345.5 572 23.9165
1346.5 612 24.7386
1347.5 616 24.8193
1348.5 614 24.779
1349.5 635 25.1992
1350.5 602 24.5357
1351.5 624 24.98
1352.5 611 24.7184
1353.5 643 25.3574
1354.5 622 24.9399
1355.5 576 24
1356.5 575 23.9792
1357.5 599 24.4745
1358.5 567 23.8118
1359.5 628 25.0599
1360.5 627 25.04
1361.5 626 25.02
1362.5 602 24.5357
1363.5 606 24.6171
1364.5 616 24.8193
1365.5 567 23.8118
1366.5 627 25.04
1367.5 629 25.0799
1368.5 610 24.6982
1369.5 587 24.2281
1370.5 598 24.454
1371.5 538 23.1948
1372.5 587 24.2281
1373.5 619 24.8797
1374.5 603 24.5561
1375.5 602 24.5357
1376.5 587 24.2281
1377.5 534 23.1084
1378.5 567 23.8118
1379.5 579 24.0624
1380.5 602 24.5357
1381.5 525 22.9129
1382.5 588 24.2487
1383.5 621 24.9199
1384.5 562 23.7065
1385.5 585 24.1868
1386.5 582 24.1247
1387.5 593 24.3516
1388.5 574 23.9583
1389.5 599 24.4745
1390.5 567 23.8118
1391.5 594 24.3721
1392.5 591 24.3105
1393.5 574 23.9583
1394.5 607 24.6374
1395.5 580 24.0832
1396.5 570 23.8747
1397.5 553 23.516
1398.5 584 24.1661
1399.5 583 24.1454
1400.5 573 23.9374
1401.5 591 24.3105
1402.5 546 23.3666
1403.5 581 24.1039
1404.5 603 24.5561
1405.5 562 23.7065
1406.5 592 24.3311
1407.5 610 24.6982
1408.5 575 23.9792
1409.5 603 24.5561
1410.5 501 22.383
1411.5 510 22.5832
1412.5 584 24.1661
1413.5 575 23.9792
1414.5 552 23.4947
1415.5 562 23.7065
1416.5 582 24.1247
1417.5 535 23.1301
1418.5 613 24.7588
1419.5 566 23.7908
1420.5 579 24.0624
1421.5 567 23.8118
1422.5 564 23.7487
1423.5 523 22.8692
1424.5 571 23.8956
1425.5 531 23.0434
1426.5 568 23.8328
1427.5 512 22.6274
1428.5 555 23.5584
1429.5 543 23.3024
1430.5 580 24.0832
1431.5 548 23.4094
1432.5 542 23.2809
1433.5 513 22.6495
1434.5 554 23.5372
1435.5 544 23.3238
1436.5 551 23.4734
1437.5 581 24.1039
1438.5 543 23.3024
1439.5 533 23.0868
1440.5 535 23.1301
1441.5 576 24
1442.5 527 22.9565
1443.5 551 23.4734
1444.5 550 23.4521
1445.5 520 22.8035
1446.5 544 23.3238
1447.5 540 23.2379
1448.5 553 23.516
1449.5 530 23.0217
1450.5 564 23.7487
1451.5 552 23.4947
1452.5 520 22.8035
1453.5 564 23.7487
1454.5 501 22.383
1455.5 526 22.9347
1456.5 508 22.5389
1457.5 552 23.4947
1458.5 525 22.9129
1459.5 536 23.1517
1460.5 559 23.6432
1461.5 542 23.2809
1462.5 528 22.9783
1463.5 513 22.6495
1464.5 511 22.6053
1465.5 534 23.1084
1466.5 523 22.8692
1467.5 513 22.6495
1468.5 533 23.0868
1469.5 521 22.8254
1470.5 475 21.7945
1471.5 492 22.1811
1472.5 556 23.5797
1473.5 554 23.5372
1474.5 495 22.2486
1475.5 513 22.6495
1476.5 532 23.0651
1477.5 494 22.2261
1478.5 531 23.0434
1479.5 521 22.8254
1480.5 510 22.5832
1481.5 567 23.8118
1482.5 513 22.6495
1483.5 548 23.4094
1484.5 489 22.1133
1485.5 500 22.3607
1486.5 514 22.6716
1487.5 515 22.6936
1488.5 515 22.6936
1489.5 488 22.0907
1490.5 488 22.0907
1491.5 516 22.7156
1492.5 529 23
1493.5 534 23.1084
1494.5 539 23.2164
1495.5 509 22.561
1496.5 499 22.3383
1497.5 516 22.7156
1498.5 502 22.4054
1499.5 508 22.5389
1500.5 536 23.1517
1501.5 564 23.7487
1502.5 552 23.4947
1503.5 542 23.2809
1504.5 518 22.7596
1505.5 497 22.2935
1506.5 546 23.3666
1507.5 504 22.4499
1508.5 494 22.2261
1509.5 549 23.4307
1510.5 529 23
1511.5 489 22.1133
1512.5 555 23.5584
1513.5 545 23.3452
1514.5 519 22.7816
1515.5 502 22.4054
1516.5 518 22.7596
1517.5 518 22.7596
1518.5 505 22.4722
1519.5 508 22.5389
1520.5 482 21.9545
1521.5 494 22.2261
1522.5 515 22.6936
1523.5 507 22.5167
1524.5 510 22.5832
1525.5 509 22.561
1526.5 525 22.9129
1527.5 454 21.3073
1528.5 494 22.2261
1529.5 484 22
1530.5 497 22.2935
1531.5 495 22.2486
1532.5 552 23.4947
1533.5 478 21.8632
1534.5 500 22.3607
1535.5 501 22.383
1536.5 491 22.1585
1537.5 508 22.5389
1538.5 515 22.6936
1539.5 491 22.1585
1540.5 485 22.0227
1541.5 508 22.5389
1542.5 505 22.4722
1543.5 498 22.3159
1544.5 502 22.4054
1545.5 537 23.1733
1546.5 518 22.7596
1547.5 519 22.7816
1548.5 522 22.8473
1549.5 474 21.7715
1550.5 506 22.4944
1551.5 508 22.5389
1552.5 495 22.2486
1553.5 531 23.0434
1554.5 484 22
1555.5 522 22.8473
1556.5 522 22.8473
1557.5 495 22.2486
1558.5 479 21.8861
1559.5 523 22.8692
1560.5 435 20.8567
1561.5 472 21.7256
1562.5 531 23.0434
1563.5 493 22.2036
1564.5 498 22.3159
1565.5 505 22.4722
1566.5 468 21.6333
1567.5 524 22.891
1568.5 510 22.5832
1569.5 487 22.0681
1570.5 472 21.7256
1571.5 512 22.6274
1572.5 475 21.7945
1573.5 501 22.383
1574.5 448 21.166
1575.5 464 21.5407
1576.5 519 22.7816
1577.5 491 22.1585
1578.5 486 22.0454
1579.5 481 21.9317
1580.5 509 22.561
1581.5 504 22.4499
1582.5 484 22
1583.5 495 22.2486
1584.5 445 21.095
1585.5 472 21.7256
1586.5 479 21.8861
1587.5 475 21.7945
1588.5 486 22.0454
1589.5 443 21.0476
1590.5 493 22.2036
1591.5 486 22.0454
1592.5 406 20.1494
1593.5 486 22.0454
1594.5 463 21.5174
1595.5 475 21.7945
1596.5 476 21.8174
1597.5 490 22.1359
1598.5 485 22.0227
1599.5 466 21.587
1600.5 501 22.383
1601.5 511 22.6053
1602.5 453 21.2838
1603.5 449 21.1896
1604.5 478 21.8632
1605.5 436 20.8806
1606.5 440 20.9762
1607.5 480 21.9089
1608.5 462 21.4942
1609.5 452 21.2603
1610.5 430 20.7364
1611.5 519 22.7816
1612.5 489 22.1133
1613.5 470 21.6795
1614.5 467 21.6102
1615.5 481 21.9317
1616.5 458 21.4009
1617.5 461 21.4709
1618.5 476 21.8174
1619.5 501 22.383
1620.5 461 21.4709
1621.5 516 22.7156
1622.5 493 22.2036
1623.5 456 21.3542
1624.5 465 21.5639
1625.5 410 20.2485
1626.5 459 21.4243
1627.5 476 21.8174
1628.5 469 21.6564
1629.5 442 21.0238
1630.5 424 20.5913
1631.5 456 21.3542
1632.5 462 21.4942
1633.5 433 20.8087
1634.5 459 21.4243
1635.5 482 21.9545
1636.5 451 21.2368
1637.5 446 21.1187
1638.5 444 21.0713
1639.5 439 20.9523
1640.5 439 20.9523
1641.5 458 21.4009
1642.5 471 21.7025
1643.5 461 21.4709
1644.5 450 21.2132
1645.5 454 21.3073
1646.5 456 21.3542
1647.5 463 21.5174
1648.5 443 21.0476
1649.5 437 20.9045
1650.5 444 21.0713
1651.5 456 21.3542
1652.5 466 21.587
1653.5 435 20.8567
1654.5 458 21.4009
1655.5 415 20.3715
1656.5 487 22.0681
1657.5 463 21.5174
1658.5 470 21.6795
1659.5 443 21.0476
1660.5 434 20.8327
1661.5 435 20.8567
1662.5 467 21.6102
1663.5 455 21.3307
1664.5 441 21
1665.5 464 21.5407
1666.5 459 21.4243
1667.5 410 20.2485
1668.5 437 20.9045
1669.5 462 21.4942
1670.5 428 20.6882
1671.5 427 20.664
1672.5 464 21.5407
1673.5 491 22.1585
1674.5 431 20.7605
1675.5 467 21.6102
1676.5 440 20.9762
1677.5 434 20.8327
1678.5 463 21.5174
1679.5 438 20.9284
1680.5 469 21.6564
1681.5 467 21.6102
1682.5 476 21.8174
1683.5 467 21.6102
1684.5 432 20.7846
1685.5 449 21.1896
1686.5 465 21.5639
1687.5 431 20.7605
1688.5 473 21.7486
1689.5 440 20.9762
1690.5 438 20.9284
1691.5 441 21
1692.5 488 22.0907
1693.5 485 22.0227
1694.5 427 20.664
1695.5 455 21.3307
1696.5 422 20.5426
1697.5 452 21.2603
1698.5 458 21.4009
1699.5 441 21
1700.5 446 21.1187
1701.5 475 21.7945
1702.5 463 21.5174
1703.5 435 20.8567
1704.5 470 21.6795
1705.5 428 20.6882
1706.5 478 21.8632
1707.5 409 20.2237
1708.5 437 20.9045
1709.5 423 20.567
1710.5 436 20.8806
1711.5 434 20.8327
1712.5 459 21.4243
1713.5 418 20.445
1714.5 456 21.3542
1715.5 469 21.6564
1716.5 412 20.2978
1717.5 436 20.8806
1718.5 436 20.8806
1719.5 393 19.8242
1720.5 430 20.7364
1721.5 452 21.2603
1722.5 449 21.1896
1723.5 454 21.3073
1724.5 448 21.166
1725.5 412 20.2978
1726.5 496 22.2711
1727.5 441 21
1728.5 414 20.347
1729.5 444 21.0713
1730.5 402 20.0499
1731.5 432 20.7846
1732.5 476 21.8174
1733.5 431 20.7605
1734.5 473 21.7486
1735.5 415 20.3715
1736.5 426 20.6398
1737.5 436 20.8806
1738.5 453 21.2838
1739.5 414 20.347
1740.5 458 21.4009
1741.5 437 20.9045
1742.5 440 20.9762
1743.5 414 20.347
1744.5 468 21.6333
1745.5 432 20.7846
1746.5 449 21.1896
1747.5 451 21.2368
1748.5 422 20.5426
1749.5 469 21.6564
1750.5 419 20.4695
1751.5 411 20.2731
1752.5 428 20.6882
1753.5 425 20.6155
1754.5 435 20.8567
1755.5 427 20.664
1756.5 425 20.6155
1757.5 446 21.1187
1758.5 442 21.0238
1759.5 459 21.4243
1760.5 420 20.4939
1761.5 418 20.445
1762.5 442 21.0238
1763.5 445 21.095
1764.5 434 20.8327
1765.5 454 21.3073
1766.5 406 20.1494
1767.5 392 19.799
1768.5 449 21.1896
1769.5 417 20.4206
1770.5 430 20.7364
1771.5 439 20.9523
1772.5 403 20.0749
1773.5 414 20.347
1774.5 433 20.8087
1775.5 433 20.8087
1776.5 424 20.5913
1777.5 434 20.8327
1778.5 417 20.4206
1779.5 430 20.7364
1780.5 447 21.1424
1781.5 389 19.7231
1782.5 463 21.5174
1783.5 397 19.9249
1784.5 446 21.1187
1785.5 407 20.1742
1786.5 473 21.7486
1787.5 443 21.0476
1788.5 415 20.3715
1789.5 430 20.7364
1790.5 402 20.0499
1791.5 427 20.664
1792.5 419 20.4695
1793.5 438 20.9284
1794.5 432 20.7846
1795.5 394 19.8494
1796.5 424 20.5913
1797.5 434 20.8327
1798.5 410 20.2485
1799.5 461 21.4709
1800.5 378 19.4422
1801.5 436 20.8806
1802.5 417 20.4206
1803.5 430 20.7364
1804.5 444 21.0713
1805.5 416 20.3961
1806.5 406 20.1494
1807.5 409 20.2237
1808.5 435 20.8567
1809.5 475 21.7945
1810.5 446 21.1187
1811.5 430 20.7364
1812.5 419 20.4695
1813.5 416 20.3961
1814.5 406 20.1494
1815.5 411 20.2731
1816.5 426 20.6398
1817.5 417 20.4206
1818.5 429 20.7123
1819.5 411 20.2731
1820.5 448 21.166
1821.5 431 20.7605
1822.5 413 20.3224
1823.5 371 19.2614
1824.5 396 19.8997
1825.5 434 20.8327
1826.5 428 20.6882
1827.5 395 19.8746
1828.5 413 20.3224
1829.5 412 20.2978
1830.5 413 20.3224
1831.5 399 19.975
1832.5 424 20.5913
1833.5 441 21
1834.5 417 20.4206
1835.5 415 20.3715
1836.5 434 20.8327
1837.5 392 19.799
1838.5 431 20.7605
1839.5 407 20.1742
1840.5 444 21.0713
1841.5 433 20.8087
1842.5 453 21.2838
1843.5 405 20.1246
1844.5 448 21.166
1845.5 450 21.2132
1846.5 410 20.2485
1847.5 430 20.7364
1848.5 408 20.199
1849.5 394 19.8494
1850.5 426 20.6398
1851.5 414 20.347
1852.5 410 20.2485
1853.5 390 19.7484
1854.5 395 19.8746
1855.5 406 20.1494
1856.5 422 20.5426
1857.5 413 20.3224
1858.5 409 20.2237
1859.5 408 20.199
1860.5 407 20.1742
1861.5 365 19.105
1862.5 381 19.5192
1863.5 410 20.2485
1864.5 408 20.199
1865.5 418 20.445
1866.5 390 19.7484
1867.5 396 19.8997
1868.5 387 19.6723
1869.5 439 20.9523
1870.5 416 20.3961
1871.5 409 20.2237
1872.5 391 19.7737
1873.5 380 19.4936
1874.5 405 20.1246
1875.5 414 20.347
1876.5 420 20.4939
1877.5 426 20.6398
1878.5 422 20.5426
1879.5 383 19.5704
1880.5 411 20.2731
1881.5 349 18.6815
1882.5 448 21.166
1883.5 392 19.799
1884.5 404 20.0998
1885.5 418 20.445
1886.5 382 19.5448
1887.5 439 20.9523
1888.5 410 20.2485
1889.5 425 20.6155
1890.5 408 20.199
1891.5 377 19.4165
1892.5 416 20.3961
1893.5 419 20.4695
1894.5 420 20.4939
1895.5 412 20.2978
1896.5 436 20.8806
1897.5 438 20.9284
1898.5 404 20.0998
1899.5 398 19.9499
1900.5 396 19.8997
1901.5 416 20.3961
1902.5 433 20.8087
1903.5 438 20.9284
1904.5 418 20.445
1905.5 431 20.7605
1906.5 441 21
1907.5 392 19.799
1908.5 397 19.9249
1909.5 399 19.975
1910.5 421 20.5183
1911.5 387 19.6723
1912.5 378 19.4422
1913.5 418 20.445
1914.5 411 20.2731
1915.5 411 20.2731
1916.5 364 19.0788
1917.5 429 20.7123
1918.5 392 19.799
1919.5 425 20.6155
1920.5 471 21.7025
1921.5 409 20.2237
1922.5 406 20.1494
1923.5 397 19.9249
1924.5 424 20.5913
1925.5 450 21.2132
1926.5 440 20.9762
1927.5 373 19.3132
1928.5 434 20.8327
1929.5 414 20.347
1930.5 409 20.2237
1931.5 402 20.0499
1932.5 390 19.7484
1933.5 413 20.3224
1934.5 403 20.0749
1935.5 404 20.0998
1936.5 404 20.0998
1937.5 422 20.5426
1938.5 404 20.0998
1939.5 420 20.4939
1940.5 384 19.5959
1941.5 395 19.8746
1942.5 447 21.1424
1943.5 429 20.7123
1944.5 400 20
1945.5 382 19.5448
1946.5 432 20.7846
1947.5 425 20.6155
1948.5 414 20.347
1949.5 428 20.6882
1950.5 417 20.4206
1951.5 390 19.7484
1952.5 403 20.0749
1953.5 390 19.7484
1954.5 410 20.2485
1955.5 418 20.445
1956.5 422 20.5426
1957.5 410 20.2485
1958.5 448 21.166
1959.5 393 19.8242
1960.5 401 20.025
1961.5 402 20.0499
1962.5 373 19.3132
1963.5 419 20.4695
1964.5 389 19.7231
1965.5 403 20.0749
1966.5 422 20.5426
1967.5 425 20.6155
1968.5 409 20.2237
1969.5 437 20.9045
1970.5 395 19.8746
1971.5 440 20.9762
1972.5 425 20.6155
1973.5 431 20.7605
1974.5 412 20.2978
1975.5 409 20.2237
1976.5 409 20.2237
1977.5 400 20
1978.5 401 20.025
1979.5 431 20.7605
1980.5 389 19.7231
1981.5 417 20.4206
1982.5 428 20.6882
1983.5 409 20.2237
1984.5 428 20.6882
1985.5 376 19.3907
1986.5 388 19.6977
1987.5 370 19.2354
1988.5 432 20.7846
1989.5 416 20.3961
1990.5 398 19.9499
1991.5 426 20.6398
1992.5 434 20.8327
1993.5 435 20.8567
1994.5 407 20.1742
1995.5 428 20.6882
1996.5 424 20.5913
1997.5 394 19.8494
1998.5 389 19.7231
1999.5 420 20.4939
2000.5 424 20.5913
2001.5 426 20.6398
2002.5 444 21.0713
2003.5 445 21.095
2004.5 443 21.0476
2005.5 405 20.1246
2006.5 405 20.1246
2007.5 408 20.199
2008.5 386 19.6469
2009.5 399 19.975
2010.5 428 20.6882
2011.5 455 21.3307
2012.5 435 20.8567
2013.5 400 20
2014.5 403 20.0749
2015.5 446 21.1187
2016.5 432 20.7846
2017.5 398 19.9499
2018.5 413 20.3224
2019.5 420 20.4939
2020.5 423 20.567
2021.5 387 19.6723
2022.5 439 20.9523
2023.5 428 20.6882
2024.5 419 20.4695
2025.5 420 20.4939
2026.5 439 20.9523
2027.5 405 20.1246
2028.5 440 20.9762
2029.5 400 20
2030.5 448 21.166
2031.5 459 21.4243
2032.5 439 20.9523
2033.5 413 20.3224
2034.5 403 20.0749
2035.5 412 20.2978
2036.5 420 20.4939
2037.5 407 20.1742
2038.5 450 21.2132
2039.5 452 21.2603
2040.5 456 21.3542
2041.5 420 20.4939
2042.5 421 20.5183
2043.5 396 19.8997
2044.5 437 20.9045
2045.5 430 20.7364
2046.5 432 20.7846
2047.5 432 20.7846
2048.5 430 20.7364
2049.5 419 20.4695
2050.5 402 20.0499
2051.5 430 20.7364
2052.5 484 22
2053.5 414 20.347
2054.5 425 20.6155
2055.5 425 20.6155
2056.5 438 20.9284
2057.5 390 19.7484
2058.5 401 20.025
2059.5 430 20.7364
2060.5 419 20.4695
2061.5 393 19.8242
2062.5 445 21.095
2063.5 458 21.4009
2064.5 426 20.6398
2065.5 456 21.3542
2066.5 448 21.166
2067.5 414 20.347
2068.5 441 21
2069.5 368 19.1833
2070.5 472 21.7256
2071.5 434 20.8327
2072.5 456 21.3542
2073.5 386 19.6469
2074.5 443 21.0476
2075.5 402 20.0499
2076.5 404 20.0998
2077.5 444 21.0713
2078.5 419 20.4695
2079.5 423 20.567
2080.5 429 20.7123
2081.5 420 20.4939
2082.5 407 20.1742
2083.5 451 21.2368
2084.5 428 20.6882
2085.5 436 20.8806
2086.5 456 21.3542
2087.5 420 20.4939
2088.5 427 20.664
2089.5 417 20.4206
2090.5 404 20.0998
2091.5 408 20.199
2092.5 415 20.3715
2093.5 431 20.7605
2094.5 395 19.8746
2095.5 431 20.7605
2096.5 423 20.567
2097.5 458 21.4009
2098.5 432 20.7846
2099.5 448 21.166
2100.5 439 20.9523
2101.5 408 20.199
2102.5 435 20.8567
2103.5 418 20.445
2104.5 413 20.3224
2105.5 427 20.664
2106.5 427 20.664
2107.5 451 21.2368
2108.5 436 20.8806
2109.5 466 21.587
2110.5 439 20.9523
2111.5 405 20.1246
2112.5 438 20.9284
2113.5 416 20.3961
2114.5 450 21.2132
2115.5 411 20.2731
2116.5 415 20.3715
2117.5 403 20.0749
2118.5 423 20.567
2119.5 414 20.347
2120.5 439 20.9523
2121.5 425 20.6155
2122.5 433 20.8087
2123.5 459 21.4243
2124.5 377 19.4165
2125.5 418 20.445
2126.5 423 20.567
2127.5 407 20.1742
2128.5 425 20.6155
2129.5 429 20.7123
2130.5 388 19.6977
2131.5 421 20.5183
2132.5 451 21.2368
2133.5 420 20.4939
2134.5 443 21.0476
2135.5 401 20.025
2136.5 441 21
2137.5 413 20.3224
2138.5 415 20.3715
2139.5 423 20.567
2140.5 399 19.975
2141.5 435 20.8567
2142.5 445 21.095
2143.5 419 20.4695
2144.5 405 20.1246
2145.5 422 20.5426
2146.5 461 21.4709
2147.5 420 20.4939
2148.5 384 19.5959
2149.5 409 20.2237
2150.5 452 21.2603
2151.5 430 20.7364
2152.5 416 20.3961
2153.5 432 20.7846
2154.5 422 20.5426
2155.5 394 19.8494
2156.5 421 20.5183
2157.5 413 20.3224
2158.5 394 19.8494
2159.5 432 20.7846
2160.5 437 20.9045
2161.5 454 21.3073
2162.5 418 20.445
2163.5 429 20.7123
2164.5 397 19.9249
2165.5 391 19.7737
2166.5 418 20.445
2167.5 423 20.567
2168.5 407 20.1742
2169.5 428 20.6882
2170.5 414 20.347
2171.5 412 20.2978
2172.5 398 19.9499
2173.5 394 19.8494
2174.5 418 20.445
2175.5 424 20.5913
2176.5 384 19.5959
2177.5 422 20.5426
2178.5 438 20.9284
2179.5 430 20.7364
2180.5 379 19.4679
2181.5 402 20.0499
2182.5 406 20.1494
2183.5 391 19.7737
2184.5 379 19.4679
2185.5 385 19.6214
2186.5 413 20.3224
2187.5 443 21.0476
2188.5 418 20.445
2189.5 371 19.2614
2190.5 371 19.2614
2191.5 379 19.4679
2192.5 396 19.8997
2193.5 379 19.4679
2194.5 433 20.8087
2195.5 400 20
2196.5 397 19.9249
2197.5 418 20.445
2198.5 386 19.6469
2199.5 373 19.3132
2200.5 383 19.5704
2201.5 390 19.7484
2202.5 394 19.8494
2203.5 397 19.9249
2204.5 381 19.5192
2205.5 392 19.799
2206.5 388 19.6977
2207.5 403 20.0749
2208.5 370 19.2354
2209.5 385 19.6214
2210.5 403 20.0749
2211.5 360 18.9737
2212.5 410 20.2485
2213.5 350 18.7083
2214.5 386 19.6469
2215.5 375 19.3649
2216.5 392 19.799
2217.5 352 18.7617
2218.5 354 18.8149
2219.5 359 18.9473
2220.5 318 17.8326
2221.5 367 19.1572
2222.5 362 19.0263
2223.5 331 18.1934
2224.5 352 18.7617
2225.5 312 17.6635
2226.5 324 18
2227.5 320 17.8885
2228.5 318 17.8326
2229.5 319 17.8606
2230.5 357 18.8944
2231.5 335 18.303
2232.5 356 18.868
2233.5 324 18
2234.5 315 17.7482
2235.5 328 18.1108
2236.5 342 18.4932
2237.5 292 17.088
2238.5 328 18.1108
2239.5 336 18.3303
2240.5 303 17.4069
2241.5 269 16.4012
2242.5 292 17.088
2243.5 336 18.3303
2244.5 310 17.6068
2245.5 297 17.2337
2246.5 290 17.0294
2247.5 308 17.5499
2248.5 324 18
2249.5 290 17.0294
2250.5 304 17.4356
2251.5 323 17.9722
2252.5 296 17.2047
2253.5 317 17.8045
2254.5 305 17.4642
2255.5 294 17.1464
2256.5 267 16.3401
2257.5 265 16.2788
2258.5 255 15.9687
2259.5 266 16.3095
2260.5 295 17.1756
2261.5 270 16.4317
2262.5 301 17.3494
2263.5 298 17.2627
2264.5 292 17.088
2265.5 276 16.6132
2266.5 281 16.7631
2267.5 280 16.7332
2268.5 305 17.4642
2269.5 273 16.5227
2270.5 295 17.1756
2271.5 278 16.6733
2272.5 286 16.9115
2273.5 269 16.4012
2274.5 287 16.9411
2275.5 261 16.1555
2276.5 281 16.7631
2277.5 288 16.9706
2278.5 277 16.6433
2279.5 302 17.3781
2280.5 264 16.2481
2281.5 261 16.1555
2282.5 277 16.6433
2283.5 292 17.088
2284.5 286 16.9115
2285.5 288 16.9706
2286.5 284 16.8523
2287.5 261 16.1555
2288.5 271 16.4621
2289.5 307 17.5214
2290.5 274 16.5529
2291.5 278 16.6733
2292.5 251 15.843
2293.5 278 16.6733
2294.5 276 16.6132
2295.5 278 16.6733
2296.5 266 16.3095
2297.5 317 17.8045
2298.5 250 15.8114
2299.5 266 16.3095
2300.5 266 16.3095
2301.5 257 16.0312
2302.5 259 16.0935
2303.5 290 17.0294
2304.5 237 15.3948
2305.5 282 16.7929
2306.5 262 16.1864
2307.5 268 16.3707
2308.5 262 16.1864
2309.5 274 16.5529
2310.5 227 15.0665
2311.5 286 16.9115
2312.5 266 16.3095
2313.5 286 16.9115
2314.5 232 15.2315
2315.5 264 16.2481
2316.5 251 15.843
2317.5 280 16.7332
2318.5 262 16.1864
2319.5 274 16.5529
2320.5 241 15.5242
2321.5 239 15.4596
2322.5 241 15.5242
2323.5 247 15.7162
2324.5 268 16.3707
2325.5 232 15.2315
2326.5 268 16.3707
2327.5 252 15.8745
2328.5 226 15.0333
2329.5 250 15.8114
2330.5 233 15.2643
2331.5 235 15.3297
2332.5 249 15.7797
2333.5 239 15.4596
2334.5 233 15.2643
2335.5 249 15.7797
2336.5 256 16
2337.5 246 15.6844
2338.5 250 15.8114
2339.5 254 15.9374
2340.5 248 15.748
2341.5 290 17.0294
2342.5 233 15.2643
2343.5 228 15.0997
2344.5 249 15.7797
2345.5 257 16.0312
2346.5 256 16
2347.5 235 15.3297
2348.5 230 15.1658
2349.5 232 15.2315
2350.5 250 15.8114
2351.5 224 14.9666
2352.5 256 16
2353.5 229 15.1327
2354.5 273 16.5227
2355.5 218 14.7648
2356.5 243 15.5885
2357.5 253 15.906
2358.5 216 14.6969
2359.5 244 15.6205
2360.5 242 15.5563
2361.5 259 16.0935
2362.5 247 15.7162
2363.5 228 15.0997
2364.5 230 15.1658
2365.5 215 14.6629
2366.5 214 14.6287
2367.5 255 15.9687
2368.5 245 15.6525
2369.5 219 14.7986
2370.5 235 15.3297
2371.5 248 15.748
2372.5 211 14.5258
2373.5 224 14.9666
2374.5 204 14.2829
2375.5 229 15.1327
2376.5 234 15.2971
2377.5 230 15.1658
2378.5 269 16.4012
2379.5 211 14.5258
2380.5 245 15.6525
2381.5 216 14.6969
2382.5 192 13.8564
2383.5 210 14.4914
2384.5 239 15.4596
2385.5 221 14.8661
2386.5 253 15.906
2387.5 222 14.8997
2388.5 208 14.4222
2389.5 198 14.0712
2390.5 218 14.7648
2391.5 222 14.8997
2392.5 220 14.8324
2393.5 233 15.2643
2394.5 215 14.6629
2395.5 203 14.2478
2396.5 229 15.1327
2397.5 218 14.7648
2398.5 237 15.3948
2399.5 209 14.4568
2400.5 230 15.1658
2401.5 199 14.1067
2402.5 215 14.6629
2403.5 197 14.0357
2404.5 214 14.6287
2405.5 223 14.9332
2406.5 212 14.5602
2407.5 212 14.5602
2408.5 231 15.1987
2409.5 227 15.0665
2410.5 180 13.4164
2411.5 211 14.5258
2412.5 239 15.4596
2413.5 214 14.6287
2414.5 201 14.1774
2415.5 216 14.6969
2416.5 206 14.3527
2417.5 214 14.6287
2418.5 204 14.2829
2419.5 210 14.4914
2420.5 192 13.8564
2421.5 229 15.1327
2422.5 214 14.6287
2423.5 207 14.3875
2424.5 200 14.1421
2425.5 219 14.7986
2426.5 218 14.7648
2427.5 224 14.9666
2428.5 203 14.2478
2429.5 192 13.8564
2430.5 193 13.8924
2431.5 178 13.3417
2432.5 224 14.9666
2433.5 209 14.4568
2434.5 196 14
2435.5 192 13.8564
2436.5 225 15
2437.5 206 14.3527
2438.5 172 13.1149
2439.5 205 14.3178
2440.5 211 14.5258
2441.5 199 14.1067
2442.5 205 14.3178
2443.5 205 14.3178
2444.5 210 14.4914
2445.5 217 14.7309
2446.5 222 14.8997
2447.5 233 15.2643
2448.5 211 14.5258
2449.5 187 13.6748
2450.5 193 13.8924
2451.5 191 13.8203
2452.5 195 13.9642
2453.5 181 13.4536
2454.5 228 15.0997
2455.5 200 14.1421
2456.5 196 14
2457.5 220 14.8324
2458.5 208 14.4222
2459.5 231 15.1987
2460.5 208 14.4222
2461.5 201 14.1774
2462.5 193 13.8924
2463.5 208 14.4222
2464.5 232 15.2315
2465.5 189 13.7477
2466.5 183 13.5277
2467.5 211 14.5258
2468.5 188 13.7113
2469.5 197 14.0357
2470.5 162 12.7279
2471.5 221 14.8661
2472.5 208 14.4222
2473.5 185 13.6015
2474.5 193 13.8924
2475.5 221 14.8661
2476.5 187 13.6748
2477.5 179 13.3791
2478.5 182 13.4907
2479.5 180 13.4164
2480.5 205 14.3178
2481.5 220 14.8324
2482.5 171 13.0767
2483.5 205 14.3178
2484.5 186 13.6382
2485.5 185 13.6015
2486.5 184 13.5647
2487.5 183 13.5277
2488.5 184 13.5647
2489.5 175 13.2288
2490.5 170 13.0384
2491.5 191 13.8203
2492.5 186 13.6382
2493.5 175 13.2288
2494.5 189 13.7477
2495.5 175 13.2288
2496.5 205 14.3178
2497.5 187 13.6748
2498.5 180 13.4164
2499.5 161 12.6886
2500.5 185 13.6015
2501.5 181 13.4536
2502.5 187 13.6748
2503.5 188 13.7113
2504.5 188 13.7113
2505.5 172 13.1149
2506.5 186 13.6382
2507.5 196 14
2508.5 141 11.8743
2509.5 186 13.6382
2510.5 186 13.6382
2511.5 184 13.5647
2512.5 186 13.6382
2513.5 191 13.8203
2514.5 186 13.6382
2515.5 171 13.0767
2516.5 189 13.7477
2517.5 206 14.3527
2518.5 177 13.3041
2519.5 204 14.2829
2520.5 185 13.6015
2521.5 176 13.2665
2522.5 177 13.3041
2523.5 200 14.1421
2524.5 186 13.6382
2525.5 174 13.1909
2526.5 170 13.0384
2527.5 156 12.49
2528.5 180 13.4164
2529.5 180 13.4164
2530.5 177 13.3041
2531.5 174 13.1909
2532.5 160 12.6491
2533.5 159 12.6095
2534.5 153 12.3693
2535.5 197 14.0357
2536.5 190 13.784
2537.5 172 13.1149
2538.5 175 13.2288
2539.5 147 12.1244
2540.5 161 12.6886
2541.5 182 13.4907
2542.5 176 13.2665
2543.5 159 12.6095
2544.5 190 13.784
2545.5 154 12.4097
2546.5 158 12.5698
2547.5 175 13.2288
2548.5 194 13.9284
2549.5 153 12.3693
2550.5 162 12.7279
2551.5 190 13.784
2552.5 203 14.2478
2553.5 173 13.1529
2554.5 167 12.9228
2555.5 175 13.2288
2556.5 143 11.9583
2557.5 157 12.53
2558.5 182 13.4907
2559.5 160 12.6491
2560.5 150 12.2474
2561.5 145 12.0416
2562.5 160 12.6491
2563.5 174 13.1909
2564.5 156 12.49
2565.5 154 12.4097
2566.5 143 11.9583
2567.5 128 11.3137
2568.5 147 12.1244
2569.5 148 12.1655
2570.5 156 12.49
2571.5 162 12.7279
2572.5 160 12.6491
2573.5 182 13.4907
2574.5 143 11.9583
2575.5 148 12.1655
2576.5 156 12.49
2577.5 149 12.2066
2578.5 159 12.6095
2579.5 180 13.4164
2580.5 155 12.4499
2581.5 151 12.2882
2582.5 146 12.083
2583.5 153 12.3693
2584.5 153 12.3693
2585.5 137 11.7047
2586.5 157 12.53
2587.5 169 13
2588.5 161 12.6886
2589.5 177 13.3041
2590.5 142 11.9164
2591.5 149 12.2066
2592.5 152 12.3288
2593.5 166 12.8841
2594.5 173 13.1529
2595.5 157 12.53
2596.5 162 12.7279
2597.5 141 11.8743
2598.5 146 12.083
2599.5 162 12.7279
2600.5 160 12.6491
2601.5 161 12.6886
2602.5 154 12.4097
2603.5 159 12.6095
2604.5 167 12.9228
2605.5 143 11.9583
2606.5 137 11.7047
2607.5 140 11.8322
2608.5 149 12.2066
2609.5 160 12.6491
2610.5 142 11.9164
2611.5 163 12.7671
2612.5 163 12.7671
2613.5 142 11.9164
2614.5 134 11.5758
2615.5 163 12.7671
2616.5 157 12.53
2617.5 157 12.53
2618.5 143 11.9583
2619.5 157 12.53
2620.5 163 12.7671
2621.5 143 11.9583
2622.5 134 11.5758
2623.5 149 12.2066
2624.5 135 11.619
2625.5 139 11.7898
2626.5 142 11.9164
2627.5 181 13.4536
2628.5 151 12.2882
2629.5 128 11.3137
2630.5 172 13.1149
2631.5 141 11.8743
2632.5 171 13.0767
2633.5 133 11.5326
2634.5 148 12.1655
2635.5 172 13.1149
2636.5 158 12.5698
2637.5 144 12
2638.5 131 11.4455
2639.5 144 12
2640.5 165 12.8452
2641.5 134 11.5758
2642.5 139 11.7898
2643.5 132 11.4891
2644.5 138 11.7473
2645.5 143 11.9583
2646.5 147 12.1244
2647.5 131 11.4455
2648.5 150 12.2474
2649.5 129 11.3578
2650.5 140 11.8322
2651.5 148 12.1655
2652.5 149 12.2066
2653.5 153 12.3693
2654.5 141 11.8743
2655.5 139 11.7898
2656.5 142 11.9164
2657.5 150 12.2474
2658.5 134 11.5758
2659.5 145 12.0416
2660.5 147 12.1244
2661.5 135 11.619
2662.5 145 12.0416
2663.5 158 12.5698
2664.5 164 12.8062
2665.5 150 12.2474
2666.5 126 11.225
2667.5 145 12.0416
2668.5 146 12.083
2669.5 152 12.3288
2670.5 129 11.3578
2671.5 146 12.083
2672.5 161 12.6886
2673.5 127 11.2694
2674.5 162 12.7279
2675.5 144 12
2676.5 119 10.9087
2677.5 139 11.7898
2678.5 109 10.4403
2679.5 131 11.4455
2680.5 142 11.9164
2681.5 129 11.3578
2682.5 131 11.4455
2683.5 126 11.225
2684.5 130 11.4018
2685.5 150 12.2474
2686.5 117 10.8167
2687.5 132 11.4891
2688.5 142 11.9164
2689.5 138 11.7473
2690.5 126 11.225
2691.5 149 12.2066
2692.5 113 10.6301
2693.5 125 11.1803
2694.5 122 11.0454
2695.5 143 11.9583
2696.5 109 10.4403
2697.5 139 11.7898
2698.5 127 11.2694
2699.5 126 11.225
2700.5 159 12.6095
2701.5 109 10.4403
2702.5 118 10.8628
2703.5 123 11.0905
2704.5 119 10.9087
2705.5 138 11.7473
2706.5 118 10.8628
2707.5 133 11.5326
2708.5 129 11.3578
2709.5 114 10.6771
2710.5 150 12.2474
2711.5 120 10.9545
2712.5 116 10.7703
2713.5 128 11.3137
2714.5 139 11.7898
2715.5 115 10.7238
2716.5 121 11
2717.5 148 12.1655
2718.5 117 10.8167
2719.5 140 11.8322
2720.5 155 12.4499
2721.5 122 11.0454
2722.5 138 11.7473
2723.5 138 11.7473
2724.5 145 12.0416
2725.5 123 11.0905
2726.5 107 10.3441
2727.5 136 11.6619
2728.5 119 10.9087
2729.5 138 11.7473
2730.5 125 11.1803
2731.5 116 10.7703
2732.5 125 11.1803
2733.5 127 11.2694
2734.5 134 11.5758
2735.5 130 11.4018
2736.5 123 11.0905
2737.5 123 11.0905
2738.5 128 11.3137
2739.5 127 11.2694
2740.5 134 11.5758
2741.5 120 10.9545
2742.5 143 11.9583
2743.5 120 10.9545
2744.5 126 11.225
2745.5 146 12.083
2746.5 118 10.8628
2747.5 142 11.9164
2748.5 117 10.8167
2749.5 130 11.4018
2750.5 141 11.8743
2751.5 126 11.225
2752.5 119 10.9087
2753.5 135 11.619
2754.5 150 12.2474
2755.5 128 11.3137
2756.5 159 12.6095
2757.5 148 12.1655
2758.5 144 12
2759.5 132 11.4891
2760.5 147 12.1244
2761.5 170 13.0384
2762.5 141 11.8743
2763.5 162 12.7279
2764.5 160 12.6491
2765.5 169 13
2766.5 167 12.9228
2767.5 150 12.2474
2768.5 153 12.3693
2769.5 188 13.7113
2770.5 186 13.6382
2771.5 186 13.6382
2772.5 222 14.8997
2773.5 209 14.4568
2774.5 205 14.3178
2775.5 230 15.1658
2776.5 209 14.4568
2777.5 229 15.1327
2778.5 238 15.4272
2779.5 233 15.2643
2780.5 237 15.3948
2781.5 277 16.6433
2782.5 258 16.0624
2783.5 277 16.6433
2784.5 291 17.0587
2785.5 240 15.4919
2786.5 249 15.7797
2787.5 263 16.2173
2788.5 251 15.843
2789.5 254 15.9374
2790.5 255 15.9687
2791.5 219 14.7986
2792.5 252 15.8745
2793.5 226 15.0333
2794.5 227 15.0665
2795.5 220 14.8324
2796.5 226 15.0333
2797.5 239 15.4596
2798.5 216 14.6969
2799.5 215 14.6629
2800.5 211 14.5258
2801.5 196 14
2802.5 192 13.8564
2803.5 176 13.2665
2804.5 199 14.1067
2805.5 170 13.0384
2806.5 172 13.1149
2807.5 177 13.3041
2808.5 162 12.7279
2809.5 162 12.7279
2810.5 152 12.3288
2811.5 140 11.8322
2812.5 139 11.7898
2813.5 153 12.3693
2814.5 143 11.9583
2815.5 148 12.1655
2816.5 135 11.619
2817.5 142 11.9164
2818.5 121 11
2819.5 118 10.8628
2820.5 121 11
2821.5 158 12.5698
2822.5 122 11.0454
2823.5 116 10.7703
2824.5 100 10
2825.5 120 10.9545
2826.5 120 10.9545
2827.5 114 10.6771
2828.5 118 10.8628
2829.5 125 11.1803
2830.5 138 11.7473
2831.5 104 10.198
2832.5 122 11.0454
2833.5 130 11.4018
2834.5 126 11.225
2835.5 106 10.2956
2836.5 110 10.4881
2837.5 99 9.94987
2838.5 102 10.0995
2839.5 125 11.1803
2840.5 113 10.6301
2841.5 132 11.4891
2842.5 118 10.8628
2843.5 124 11.1355
2844.5 129 11.3578
2845.5 123 11.0905
2846.5 115 10.7238
2847.5 126 11.225
2848.5 113 10.6301
2849.5 127 11.2694
2850.5 127 11.2694
2851.5 103 10.1489
2852.5 108 10.3923
2853.5 102 10.0995
2854.5 96 9.79796
2855.5 115 10.7238
2856.5 108 10.3923
2857.5 133 11.5326
2858.5 121 11
2859.5 104 10.198
2860.5 92 9.59166
2861.5 93 9.64365
2862.5 105 10.247
2863.5 133 11.5326
2864.5 119 10.9087
2865.5 123 11.0905
2866.5 126 11.225
2867.5 101 10.0499
2868.5 102 10.0995
2869.5 108 10.3923
2870.5 97 9.84886
2871.5 117 10.8167
2872.5 103 10.1489
2873.5 110 10.4881
2874.5 131 11.4455
2875.5 123 11.0905
2876.5 97 9.84886
2877.5 107 10.3441
2878.5 119 10.9087
2879.5 124 11.1355
2880.5 111 10.5357
2881.5 117 10.8167
2882.5 107 10.3441
2883.5 111 10.5357
2884.5 108 10.3923
2885.5 110 10.4881
2886.5 96 9.79796
2887.5 112 10.583
2888.5 121 11
2889.5 129 11.3578
2890.5 138 11.7473
2891.5 120 10.9545
2892.5 133 11.5326
2893.5 112 10.583
2894.5 95 9.74679
2895.5 123 11.0905
2896.5 123 11.0905
2897.5 120 10.9545
2898.5 103 10.1489
2899.5 124 11.1355
2900.5 134 11.5758
2901.5 106 10.2956
2902.5 108 10.3923
2903.5 128 11.3137
2904.5 86 9.27362
2905.5 122 11.0454
2906.5 101 10.0499
2907.5 105 10.247
2908.5 122 11.0454
2909.5 106 10.2956
2910.5 96 9.79796
2911.5 113 10.6301
2912.5 109 10.4403
2913.5 102 10.0995
2914.5 99 9.94987
2915.5 109 10.4403
2916.5 118 10.8628
2917.5 132 11.4891
2918.5 106 10.2956
2919.5 114 10.6771
2920.5 119 10.9087
2921.5 104 10.198
2922.5 102 10.0995
2923.5 100 10
2924.5 97 9.84886
2925.5 117 10.8167
2926.5 98 9.89949
2927.5 128 11.3137
2928.5 123 11.0905
2929.5 106 10.2956
2930.5 110 10.4881
2931.5 129 11.3578
2932.5 122 11.0454
2933.5 98 9.89949
2934.5 108 10.3923
2935.5 95 9.74679
2936.5 93 9.64365
2937.5 105 10.247
2938.5 102 10.0995
2939.5 107 10.3441
2940.5 113 10.6301
2941.5 118 10.8628
2942.5 107 10.3441
2943.5 104 10.198
2944.5 104 10.198
2945.5 117 10.8167
2946.5 104 10.198
2947.5 99 9.94987
2948.5 97 9.84886
2949.5 118 10.8628
2950.5 100 10
2951.5 108 10.3923
2952.5 114 10.6771
2953.5 101 10.0499
2954.5 107 10.3441
2955.5 111 10.5357
2956.5 97 9.84886
2957.5 111 10.5357
2958.5 99 9.94987
2959.5 115 10.7238
2960.5 121 11
2961.5 111 10.5357
2962.5 113 10.6301
2963.5 106 10.2956
2964.5 115 10.7238
2965.5 108 10.3923
2966.5 119 10.9087
2967.5 131 11.4455
2968.5 101 10.0499
2969.5 103 10.1489
2970.5 103 10.1489
2971.5 107 10.3441
2972.5 123 11.0905
2973.5 106 10.2956
2974.5 121 11
2975.5 114 10.6771
2976.5 97 9.84886
2977.5 101 10.0499
2978.5 97 9.84886
2979.5 100 10
2980.5 109 10.4403
2981.5 129 11.3578
2982.5 107 10.3441
2983.5 115 10.7238
2984.5 102 10.0995
2985.5 100 10
2986.5 101 10.0499
2987.5 106 10.2956
2988.5 116 10.7703
2989.5 112 10.583
2990.5 91 9.53939
2991.5 115 10.7238
2992.5 93 9.64365
2993.5 77 8.77496
2994.5 105 10.247
2995.5 109 10.4403
2996.5 120 10.9545
2997.5 104 10.198
2998.5 113 10.6301
2999.5 104 10.198
3000.5 114 10.6771
3001.5 114 10.6771
3002.5 103 10.1489
3003.5 106 10.2956
3004.5 123 11.0905
3005.5 93 9.64365
3006.5 118 10.8628
3007.5 116 10.7703
3008.5 122 11.0454
3009.5 113 10.6301
3010.5 131 11.4455
3011.5 121 11
3012.5 104 10.198
3013.5 112 10.583
3014.5 113 10.6301
3015.5 100 10
3016.5 99 9.94987
3017.5 127 11.2694
3018.5 107 10.3441
3019.5 91 9.53939
3020.5 109 10.4403
3021.5 116 10.7703
3022.5 93 9.64365
3023.5 110 10.4881
3024.5 110 10.4881
3025.5 109 10.4403
3026.5 100 10
3027.5 102 10.0995
3028.5 119 10.9087
3029.5 92 9.59166
3030.5 101 10.0499
3031.5 108 10.3923
3032.5 114 10.6771
3033.5 99 9.94987
3034.5 114 10.6771
3035.5 127 11.2694
3036.5 94 9.69536
3037.5 121 11
3038.5 119 10.9087
3039.5 103 10.1489
3040.5 145 12.0416
3041.5 127 11.2694
3042.5 105 10.247
3043.5 120 10.9545
3044.5 120 10.9545
3045.5 117 10.8167
3046.5 104 10.198
3047.5 128 11.3137
3048.5 104 10.198
3049.5 101 10.0499
3050.5 126 11.225
3051.5 115 10.7238
3052.5 138 11.7473
3053.5 137 11.7047
3054.5 123 11.0905
3055.5 150 12.2474
3056.5 146 12.083
3057.5 164 12.8062
3058.5 165 12.8452
3059.5 158 12.5698
3060.5 145 12.0416
3061.5 158 12.5698
3062.5 181 13.4536
3063.5 199 14.1067
3064.5 227 15.0665
3065.5 252 15.8745
3066.5 271 16.4621
3067.5 288 16.9706
3068.5 345 18.5742
3069.5 347 18.6279
3070.5 373 19.3132
3071.5 419 20.4695
3072.5 460 21.4476
3073.5 551 23.4734
3074.5 557 23.6008
3075.5 627 25.04
3076.5 688 26.2298
3077.5 727 26.9629
3078.5 755 27.4773
3079.5 811 28.4781
3080.5 864 29.3939
3081.5 898 29.9666
3082.5 956 30.9192
3083.5 1069 32.6956
3084.5 982 31.3369
3085.5 965 31.0644
3086.5 1044 32.311
3087.5 1074 32.7719
3088.5 1041 32.2645
3089.5 964 31.0483
3090.5 1006 31.7175
3091.5 923 30.3809
3092.5 865 29.4109
3093.5 842 29.0172
3094.5 742 27.2397
3095.5 713 26.7021
3096.5 639 25.2784
3097.5 608 24.6577
3098.5 574 23.9583
3099.5 497 22.2935
3100.5 444 21.0713
3101.5 441 21
3102.5 391 19.7737
3103.5 333 18.2483
3104.5 301 17.3494
3105.5 268 16.3707
3106.5 273 16.5227
3107.5 243 15.5885
3108.5 255 15.9687
3109.5 219 14.7986
3110.5 205 14.3178
3111.5 175 13.2288
3112.5 197 14.0357
3113.5 178 13.3417
3114.5 180 13.4164
3115.5 150 12.2474
3116.5 154 12.4097
3117.5 169 13
3118.5 152 12.3288
3119.5 139 11.7898
3120.5 127 11.2694
3121.5 134 11.5758
3122.5 149 12.2066
3123.5 149 12.2066
3124.5 146 12.083
3125.5 146 12.083
3126.5 154 12.4097
3127.5 137 11.7047
3128.5 125 11.1803
3129.5 130 11.4018
3130.5 144 12
3131.5 132 11.4891
3132.5 144 12
3133.5 117 10.8167
3134.5 138 11.7473
3135.5 127 11.2694
3136.5 137 11.7047
3137.5 147 12.1244
3138.5 150 12.2474
3139.5 153 12.3693
3140.5 141 11.8743
3141.5 152 12.3288
3142.5 140 11.8322
3143.5 149 12.2066
3144.5 157 12.53
3145.5 146 12.083
3146.5 151 12.2882
3147.5 157 12.53
3148.5 140 11.8322
3149.5 153 12.3693
3150.5 180 13.4164
3151.5 164 12.8062
3152.5 150 12.2474
3153.5 152 12.3288
3154.5 182 13.4907
3155.5 137 11.7047
3156.5 170 13.0384
3157.5 161 12.6886
3158.5 181 13.4536
3159.5 162 12.7279
3160.5 173 13.1529
3161.5 149 12.2066
3162.5 134 11.5758
3163.5 160 12.6491
3164.5 170 13.0384
3165.5 163 12.7671
3166.5 223 14.9332
3167.5 169 13
3168.5 207 14.3875
3169.5 231 15.1987
3170.5 263 16.2173
3171.5 285 16.8819
3172.5 264 16.2481
3173.5 314 17.72
3174.5 362 19.0263
3175.5 350 18.7083
3176.5 446 21.1187
3177.5 429 20.7123
3178.5 537 23.1733
3179.5 638 25.2587
3180.5 720 26.8328
3181.5 852 29.189
3182.5 1015 31.8591
3183.5 1070 32.7109
3184.5 1256 35.4401
3185.5 1480 38.4708
3186.5 1693 41.1461
3187.5 1883 43.3935
3188.5 2162 46.4973
3189.5 2428 49.2747
3190.5 2591 50.9019
3191.5 2976 54.5527
3192.5 3312 57.55
3193.5 3577 59.808
3194.5 3827 61.8628
3195.5 4137 64.3195
3196.5 4388 66.242
3197.5 4853 69.6635
3198.5 4884 69.8856
3199.5 5061 71.1407
3200.5 5282 72.6774
3201.5 5467 73.9392
3202.5 5215 72.215
3203.5 5344 73.1027
3204.5 5291 72.7393
3205.5 5052 71.0774
3206.5 4892 69.9428
3207.5 4895 69.9643
3208.5 4626 68.0147
3209.5 4428 66.5432
3210.5 3957 62.9047
3211.5 3671 60.5888
3212.5 3444 58.6856
3213.5 3042 55.1543
3214.5 2679 51.7591
3215.5 2270 47.6445
3216.5 2087 45.6837
3217.5 1850 43.0116
3218.5 1643 40.5339
3219.5 1376 37.0945
3220.5 1177 34.3074
3221.5 1121 33.4813
3222.5 895 29.9166
3223.5 820 28.6356
3224.5 740 27.2029
3225.5 648 25.4558
3226.5 547 23.388
3227.5 538 23.1948
3228.5 425 20.6155
3229.5 446 21.1187
3230.5 417 20.4206
3231.5 390 19.7484
3232.5 321 17.9165
3233.5 325 18.0278
3234.5 301 17.3494
3235.5 287 16.9411
3236.5 276 16.6132
3237.5 292 17.088
3238.5 251 15.843
3239.5 289 17
3240.5 232 15.2315
3241.5 222 14.8997
3242.5 258 16.0624
3243.5 255 15.9687
3244.5 224 14.9666
3245.5 207 14.3875
3246.5 220 14.8324
3247.5 194 13.9284
3248.5 183 13.5277
3249.5 178 13.3417
3250.5 173 13.1529
3251.5 176 13.2665
3252.5 161 12.6886
3253.5 171 13.0767
3254.5 124 11.1355
3255.5 151 12.2882
3256.5 160 12.6491
3257.5 145 12.0416
3258.5 126 11.225
3259.5 151 12.2882
3260.5 142 11.9164
3261.5 157 12.53
3262.5 146 12.083
3263.5 144 12
3264.5 156 12.49
3265.5 109 10.4403
3266.5 116 10.7703
3267.5 125 11.1803
3268.5 147 12.1244
3269.5 118 10.8628
3270.5 128 11.3137
3271.5 124 11.1355
3272.5 110 10.4881
3273.5 118 10.8628
3274.5 119 10.9087
3275.5 122 11.0454
3276.5 93 9.64365
3277.5 119 10.9087
3278.5 107 10.3441
3279.5 90 9.48683
3280.5 108 10.3923
3281.5 95 9.74679
3282.5 98 9.89949
3283.5 100 10
3284.5 88 9.38083
3285.5 99 9.94987
3286.5 92 9.59166
3287.5 87 9.32738
3288.5 97 9.84886
3289.5 94 9.69536
3290.5 101 10.0499
3291.5 93 9.64365
3292.5 85 9.21954
3293.5 96 9.79796
3294.5 103 10.1489
3295.5 101 10.0499
3296.5 78 8.83176
3297.5 79 8.88819
3298.5 74 8.60233
3299.5 79 8.88819
3300.5 72 8.48528
3301.5 85 9.21954
3302.5 75 8.66025
3303.5 77 8.77496
3304.5 83 9.11043
3305.5 71 8.42615
3306.5 79 8.88819
3307.5 83 9.11043
3308.5 67 8.18535
3309.5 64 8
3310.5 73 8.544
3311.5 72 8.48528
3312.5 73 8.544
3313.5 72 8.48528
3314.5 72 8.48528
3315.5 77 8.77496
3316.5 47 6.85565
3317.5 51 7.14143
3318.5 73 8.544
3319.5 54 7.34847
3320.5 64 8
3321.5 63 7.93725
3322.5 73 8.544
3323.5 65 8.06226
3324.5 78 8.83176
3325.5 65 8.06226
3326.5 63 7.93725
3327.5 61 7.81025
3328.5 75 8.66025
3329.5 69 8.30662
3330.5 75 8.66025
3331.5 80 8.94427
3332.5 73 8.544
3333.5 52 7.2111
3334.5 56 7.48331
3335.5 69 8.30662
3336.5 81 9
3337.5 62 7.87401
3338.5 66 8.12404
3339.5 80 8.94427
3340.5 64 8
3341.5 72 8.48528
3342.5 74 8.60233
3343.5 68 8.24621
3344.5 76 8.7178
3345.5 78 8.83176
3346.5 76 8.7178
3347.5 50 7.07107
3348.5 78 8.83176
3349.5 67 8.18535
3350.5 81 9
3351.5 56 7.48331
3352.5 54 7.34847
3353.5 65 8.06226
3354.5 68 8.24621
3355.5 63 7.93725
3356.5 75 8.66025
3357.5 56 7.48331
3358.5 60 7.74597
3359.5 56 7.48331
3360.5 62 7.87401
3361.5 85 9.21954
3362.5 73 8.544
3363.5 58 7.61577
3364.5 58 7.61577
3365.5 68 8.24621
3366.5 69 8.30662
3367.5 90 9.48683
3368.5 74 8.60233
3369.5 48 6.9282
3370.5 58 7.61577
3371.5 71 8.42615
3372.5 72 8.48528
3373.5 69 8.30662
3374.5 57 7.54983
3375.5 56 7.48331
3376.5 66 8.12404
3377.5 56 7.48331
3378.5 71 8.42615
3379.5 50 7.07107
3380.5 46 6.78233
3381.5 67 8.18535
3382.5 66 8.12404
3383.5 57 7.54983
3384.5 47 6.85565
3385.5 64 8
3386.5 49 7
3387.5 65 8.06226
3388.5 65 8.06226
3389.5 68 8.24621
3390.5 49 7
3391.5 40 6.32456
3392.5 55 7.4162
3393.5 54 7.34847
3394.5 61 7.81025
3395.5 58 7.61577
3396.5 62 7.87401
3397.5 68 8.24621
3398.5 35 5.91608
3399.5 68 8.24621
3400.5 58 7.61577
3401.5 53 7.28011
3402.5 52 7.2111
3403.5 47 6.85565
3404.5 58 7.61577
3405.5 58 7.61577
3406.5 44 6.63325
3407.5 61 7.81025
3408.5 63 7.93725
3409.5 63 7.93725
3410.5 71 8.42615
3411.5 55 7.4162
3412.5 58 7.61577
3413.5 59 7.68115
3414.5 61 7.81025
3415.5 54 7.34847
3416.5 60 7.74597
3417.5 66 8.12404
3418.5 59 7.68115
3419.5 54 7.34847
3420.5 75 8.66025
3421.5 60 7.74597
3422.5 58 7.61577
3423.5 67 8.18535
3424.5 58 7.61577
3425.5 59 7.68115
3426.5 56 7.48331
3427.5 56 7.48331
3428.5 85 9.21954
3429.5 63 7.93725
3430.5 61 7.81025
3431.5 71 8.42615
3432.5 47 6.85565
3433.5 65 8.06226
3434.5 57 7.54983
3435.5 63 7.93725
3436.5 55 7.4162
3437.5 57 7.54983
3438.5 53 7.28011
3439.5 52 7.2111
3440.5 61 7.81025
3441.5 54 7.34847
3442.5 43 6.55744
3443.5 71 8.42615
3444.5 49 7
3445.5 60 7.74597
3446.5 56 7.48331
3447.5 56 7.48331
3448.5 70 8.3666
3449.5 62 7.87401
3450.5 58 7.61577
3451.5 65 8.06226
3452.5 53 7.28011
3453.5 67 8.18535
3454.5 78 8.83176
3455.5 59 7.68115
3456.5 55 7.4162
3457.5 65 8.06226
3458.5 61 7.81025
3459.5 56 7.48331
3460.5 60 7.74597
3461.5 58 7.61577
3462.5 55 7.4162
3463.5 59 7.68115
3464.5 46 6.78233
3465.5 61 7.81025
3466.5 64 8
3467.5 72 8.48528
3468.5 55 7.4162
3469.5 40 6.32456
3470.5 65 8.06226
3471.5 49 7
3472.5 68 8.24621
3473.5 55 7.4162
3474.5 64 8
3475.5 69 8.30662
3476.5 70 8.3666
3477.5 51 7.14143
3478.5 52 7.2111
3479.5 57 7.54983
3480.5 55 7.4162
3481.5 61 7.81025
3482.5 58 7.61577
3483.5 54 7.34847
3484.5 58 7.61577
3485.5 42 6.48074
3486.5 56 7.48331
3487.5 62 7.87401
3488.5 38 6.16441
3489.5 61 7.81025
3490.5 48 6.9282
3491.5 50 7.07107
3492.5 56 7.48331
3493.5 52 7.2111
3494.5 54 7.34847
3495.5 54 7.34847
3496.5 63 7.93725
3497.5 61 7.81025
3498.5 53 7.28011
3499.5 64 8
3500.5 45 6.7082
3501.5 47 6.85565
3502.5 53 7.28011
3503.5 63 7.93725
3504.5 59 7.68115
3505.5 59 7.68115
3506.5 32 5.65685
3507.5 56 7.48331
3508.5 71 8.42615
3509.5 49 7
3510.5 45 6.7082
3511.5 53 7.28011
3512.5 66 8.12404
3513.5 60 7.74597
3514.5 54 7.34847
3515.5 69 8.30662
3516.5 50 7.07107
3517.5 55 7.4162
3518.5 57 7.54983
3519.5 62 7.87401
3520.5 55 7.4162
3521.5 56 7.48331
3522.5 65 8.06226
3523.5 54 7.34847
3524.5 55 7.4162
3525.5 61 7.81025
3526.5 58 7.61577
3527.5 64 8
3528.5 58 7.61577
3529.5 43 6.55744
3530.5 44 6.63325
3531.5 50 7.07107
3532.5 49 7
3533.5 59 7.68115
3534.5 45 6.7082
3535.5 61 7.81025
3536.5 53 7.28011
3537.5 67 8.18535
3538.5 49 7
3539.5 60 7.74597
3540.5 65 8.06226
3541.5 58 7.61577
3542.5 51 7.14143
3543.5 54 7.34847
3544.5 55 7.4162
3545.5 54 7.34847
3546.5 57 7.54983
3547.5 50 7.07107
3548.5 62 7.87401
3549.5 65 8.06226
3550.5 61 7.81025
3551.5 52 7.2111
3552.5 64 8
3553.5 62 7.87401
3554.5 54 7.34847
3555.5 54 7.34847
3556.5 54 7.34847
3557.5 63 7.93725
3558.5 44 6.63325
3559.5 51 7.14143
3560.5 56 7.48331
3561.5 61 7.81025
3562.5 53 7.28011
3563.5 49 7
3564.5 65 8.06226
3565.5 61 7.81025
3566.5 66 8.12404
3567.5 38 6.16441
3568.5 54 7.34847
3569.5 58 7.61577
3570.5 54 7.34847
3571.5 76 8.7178
3572.5 62 7.87401
3573.5 51 7.14143
3574.5 62 7.87401
3575.5 55 7.4162
3576.5 65 8.06226
3577.5 61 7.81025
3578.5 56 7.48331
3579.5 49 7
3580.5 54 7.34847
3581.5 52 7.2111
3582.5 51 7.14143
3583.5 61 7.81025
3584.5 47 6.85565
3585.5 58 7.61577
3586.5 61 7.81025
3587.5 51 7.14143
3588.5 59 7.68115
3589.5 59 7.68115
3590.5 53 7.28011
3591.5 46 6.78233
3592.5 60 7.74597
3593.5 61 7.81025
3594.5 52 7.2111
3595.5 57 7.54983
3596.5 54 7.34847
3597.5 70 8.3666
3598.5 55 7.4162
3599.5 53 7.28011
3600.5 66 8.12404
3601.5 61 7.81025
3602.5 62 7.87401
3603.5 44 6.63325
3604.5 45 6.7082
3605.5 61 7.81025
3606.5 56 7.48331
3607.5 48 6.9282
3608.5 63 7.93725
3609.5 55 7.4162
3610.5 63 7.93725
3611.5 60 7.74597
3612.5 53 7.28011
3613.5 52 7.2111
3614.5 62 7.87401
3615.5 57 7.54983
3616.5 67 8.18535
3617.5 62 7.87401
3618.5 70 8.3666
3619.5 55 7.4162
3620.5 61 7.81025
3621.5 62 7.87401
3622.5 54 7.34847
3623.5 57 7.54983
3624.5 48 6.9282
3625.5 62 7.87401
3626.5 57 7.54983
3627.5 70 8.3666
3628.5 54 7.34847
3629.5 55 7.4162
3630.5 53 7.28011
3631.5 48 6.9282
3632.5 56 7.48331
3633.5 48 6.9282
3634.5 65 8.06226
3635.5 46 6.78233
3636.5 60 7.74597
3637.5 48 6.9282
3638.5 63 7.93725
3639.5 56 7.48331
3640.5 57 7.54983
3641.5 56 7.48331
3642.5 61 7.81025
3643.5 61 7.81025
3644.5 52 7.2111
3645.5 48 6.9282
3646.5 67 8.18535
3647.5 52 7.2111
3648.5 59 7.68115
3649.5 68 8.24621
3650.5 52 7.2111
3651.5 48 6.9282
3652.5 69 8.30662
3653.5 52 7.2111
3654.5 48 6.9282
3655.5 56 7.48331
3656.5 52 7.2111
3657.5 55 7.4162
3658.5 45 6.7082
3659.5 59 7.68115
3660.5 50 7.07107
3661.5 60 7.74597
3662.5 67 8.18535
3663.5 61 7.81025
3664.5 52 7.2111
3665.5 41 6.40312
3666.5 56 7.48331
3667.5 61 7.81025
3668.5 59 7.68115
3669.5 54 7.34847
3670.5 51 7.14143
3671.5 56 7.48331
3672.5 63 7.93725
3673.5 46 6.78233
3674.5 50 7.07107
3675.5 68 8.24621
3676.5 49 7
3677.5 69 8.30662
3678.5 58 7.61577
3679.5 45 6.7082
3680.5 43 6.55744
3681.5 42 6.48074
3682.5 56 7.48331
3683.5 54 7.34847
3684.5 40 6.32456
3685.5 54 7.34847
3686.5 43 6.55744
3687.5 55 7.4162
3688.5 53 7.28011
3689.5 55 7.4162
3690.5 63 7.93725
3691.5 49 7
3692.5 52 7.2111
3693.5 48 6.9282
3694.5 53 7.28011
3695.5 55 7.4162
3696.5 54 7.34847
3697.5 50 7.07107
3698.5 61 7.81025
3699.5 54 7.34847
3700.5 63 7.93725
3701.5 59 7.68115
3702.5 61 7.81025
3703.5 54 7.34847
3704.5 58 7.61577
3705.5 56 7.48331
3706.5 54 7.34847
3707.5 64 8
3708.5 48 6.9282
3709.5 53 7.28011
3710.5 47 6.85565
3711.5 50 7.07107
3712.5 54 7.34847
3713.5 72 8.48528
3714.5 56 7.48331
3715.5 59 7.68115
3716.5 75 8.66025
3717.5 45 6.7082
3718.5 61 7.81025
3719.5 44 6.63325
3720.5 54 7.34847
3721.5 57 7.54983
3722.5 57 7.54983
3723.5 55 7.4162
3724.5 52 7.2111
3725.5 56 7.48331
3726.5 62 7.87401
3727.5 65 8.06226
3728.5 59 7.68115
3729.5 53 7.28011
3730.5 48 6.9282
3731.5 53 7.28011
3732.5 52 7.2111
3733.5 60 7.74597
3734.5 52 7.2111
3735.5 57 7.54983
3736.5 62 7.87401
3737.5 55 7.4162
3738.5 62 7.87401
3739.5 45 6.7082
3740.5 47 6.85565
3741.5 48 6.9282
3742.5 50 7.07107
3743.5 51 7.14143
3744.5 51 7.14143
3745.5 61 7.81025
3746.5 44 6.63325
3747.5 69 8.30662
3748.5 66 8.12404
3749.5 59 7.68115
3750.5 54 7.34847
3751.5 42 6.48074
3752.5 41 6.40312
3753.5 56 7.48331
3754.5 57 7.54983
3755.5 74 8.60233
3756.5 53 7.28011
3757.5 45 6.7082
3758.5 59 7.68115
3759.5 60 7.74597
3760.5 40 6.32456
3761.5 51 7.14143
3762.5 60 7.74597
3763.5 60 7.74597
3764.5 44 6.63325
3765.5 61 7.81025
3766.5 56 7.48331
3767.5 57 7.54983
3768.5 49 7
3769.5 52 7.2111
3770.5 47 6.85565
3771.5 33 5.74456
3772.5 53 7.28011
3773.5 45 6.7082
3774.5 45 6.7082
3775.5 63 7.93725
3776.5 48 6.9282
3777.5 57 7.54983
3778.5 53 7.28011
3779.5 54 7.34847
3780.5 47 6.85565
3781.5 59 7.68115
3782.5 54 7.34847
3783.5 61 7.81025
3784.5 47 6.85565
3785.5 48 6.9282
3786.5 46 6.78233
3787.5 55 7.4162
3788.5 51 7.14143
3789.5 65 8.06226
3790.5 57 7.54983
3791.5 57 7.54983
3792.5 41 6.40312
3793.5 50 7.07107
3794.5 44 6.63325
3795.5 47 6.85565
3796.5 58 7.61577
3797.5 58 7.61577
3798.5 62 7.87401
3799.5 43 6.55744
3800.5 57 7.54983
3801.5 53 7.28011
3802.5 57 7.54983
3803.5 49 7
3804.5 44 6.63325
3805.5 62 7.87401
3806.5 60 7.74597
3807.5 58 7.61577
3808.5 60 7.74597
3809.5 56 7.48331
3810.5 56 7.48331
3811.5 50 7.07107
3812.5 61 7.81025
3813.5 45 6.7082
3814.5 51 7.14143
3815.5 61 7.81025
3816.5 56 7.48331
3817.5 52 7.2111
3818.5 58 7.61577
3819.5 63 7.93725
3820.5 51 7.14143
3821.5 62 7.87401
3822.5 54 7.34847
3823.5 54 7.34847
3824.5 56 7.48331
3825.5 64 8
3826.5 40 6.32456
3827.5 49 7
3828.5 49 7
3829.5 53 7.28011
3830.5 48 6.9282
3831.5 46 6.78233
3832.5 51 7.14143
3833.5 49 7
3834.5 45 6.7082
3835.5 53 7.28011
3836.5 60 7.74597
3837.5 54 7.34847
3838.5 52 7.2111
3839.5 63 7.93725
3840.5 56 7.48331
3841.5 49 7
3842.5 42 6.48074
3843.5 52 7.2111
3844.5 63 7.93725
3845.5 56 7.48331
3846.5 48 6.9282
3847.5 56 7.48331
3848.5 61 7.81025
3849.5 45 6.7082
3850.5 53 7.28011
3851.5 47 6.85565
3852.5 43 6.55744
3853.5 55 7.4162
3854.5 56 7.48331
3855.5 45 6.7082
3856.5 51 7.14143
3857.5 62 7.87401
3858.5 44 6.63325
3859.5 49 7
3860.5 50 7.07107
3861.5 55 7.4162
3862.5 51 7.14143
3863.5 36 6
3864.5 40 6.32456
3865.5 49 7
3866.5 62 7.87401
3867.5 48 6.9282
3868.5 58 7.61577
3869.5 53 7.28011
3870.5 53 7.28011
3871.5 42 6.48074
3872.5 46 6.78233
3873.5 50 7.07107
3874.5 58 7.61577
3875.5 62 7.87401
3876.5 40 6.32456
3877.5 48 6.9282
3878.5 59 7.68115
3879.5 58 7.61577
3880.5 68 8.24621
3881.5 57 7.54983
3882.5 56 7.48331
3883.5 46 6.78233
3884.5 61 7.81025
3885.5 59 7.68115
3886.5 31 5.56776
3887.5 50 7.07107
3888.5 53 7.28011
3889.5 45 6.7082
3890.5 40 6.32456
3891.5 48 6.9282
3892.5 59 7.68115
3893.5 59 7.68115
3894.5 57 7.54983
3895.5 58 7.61577
3896.5 52 7.2111
3897.5 51 7.14143
3898.5 55 7.4162
3899.5 53 7.28011
3900.5 61 7.81025
3901.5 43 6.55744
3902.5 54 7.34847
3903.5 60 7.74597
3904.5 59 7.68115
3905.5 52 7.2111
3906.5 61 7.81025
3907.5 45 6.7082
3908.5 56 7.48331
3909.5 58 7.61577
3910.5 54 7.34847
3911.5 52 7.2111
3912.5 50 7.07107
3913.5 40 6.32456
3914.5 54 7.34847
3915.5 50 7.07107
3916.5 51 7.14143
3917.5 51 7.14143
3918.5 48 6.9282
3919.5 67 8.18535
3920.5 50 7.07107
3921.5 48 6.9282
3922.5 51 7.14143
3923.5 67 8.18535
3924.5 48 6.9282
3925.5 41 6.40312
3926.5 46 6.78233
3927.5 42 6.48074
3928.5 43 6.55744
3929.5 56 7.48331
3930.5 46 6.78233
3931.5 49 7
3932.5 66 8.12404
3933.5 47 6.85565
3934.5 51 7.14143
3935.5 48 6.9282
3936.5 39 6.245
3937.5 53 7.28011
3938.5 54 7.34847
3939.5 49 7
3940.5 52 7.2111
3941.5 55 7.4162
3942.5 48 6.9282
3943.5 51 7.14143
3944.5 52 7.2111
3945.5 63 7.93725
3946.5 44 6.63325
3947.5 35 5.91608
3948.5 52 7.2111
3949.5 58 7.61577
3950.5 62 7.87401
3951.5 63 7.93725
3952.5 55 7.4162
3953.5 48 6.9282
3954.5 57 7.54983
3955.5 50 7.07107
3956.5 39 6.245
3957.5 54 7.34847
3958.5 50 7.07107
3959.5 46 6.78233
3960.5 51 7.14143
3961.5 38 6.16441
3962.5 54 7.34847
3963.5 47 6.85565
3964.5 53 7.28011
3965.5 54 7.34847
3966.5 44 6.63325
3967.5 69 8.30662
3968.5 47 6.85565
3969.5 56 7.48331
3970.5 57 7.54983
3971.5 49 7
3972.5 47 6.85565
3973.5 46 6.78233
3974.5 48 6.9282
3975.5 48 6.9282
3976.5 63 7.93725
3977.5 57 7.54983
3978.5 48 6.9282
3979.5 51 7.14143
3980.5 49 7
3981.5 46 6.78233
3982.5 52 7.2111
3983.5 54 7.34847
3984.5 57 7.54983
3985.5 43 6.55744
3986.5 63 7.93725
3987.5 60 7.74597
3988.5 48 6.9282
3989.5 45 6.7082
3990.5 55 7.4162
3991.5 48 6.9282
3992.5 45 6.7082
3993.5 42 6.48074
3994.5 48 6.9282
3995.5 60 7.74597
3996.5 50 7.07107
3997.5 48 6.9282
3998.5 52 7.2111
3999.5 47 6.85565
4000.5 44 6.63325
4001.5 57 7.54983
4002.5 53 7.28011
4003.5 61 7.81025
4004.5 41 6.40312
4005.5 41 6.40312
4006.5 41 6.40312
4007.5 52 7.2111
4008.5 43 6.55744
4009.5 42 6.48074
4010.5 63 7.93725
4011.5 48 6.9282
4012.5 42 6.48074
4013.5 49 7
4014.5 54 7.34847
4015.5 49 7
4016.5 54 7.34847
4017.5 47 6.85565
4018.5 53 7.28011
4019.5 57 7.54983
4020.5 58 7.61577
4021.5 52 7.2111
4022.5 49 7
4023.5 46 6.78233
4024.5 54 7.34847
4025.5 49 7
4026.5 57 7.54983
4027.5 44 6.63325
4028.5 50 7.07107
4029.5 50 7.07107
4030.5 46 6.78233
4031.5 45 6.7082
4032.5 48 6.9282
4033.5 49 7
4034.5 39 6.245
4035.5 52 7.2111
4036.5 59 7.68115
4037.5 52 7.2111
4038.5 42 6.48074
4039.5 55 7.4162
4040.5 42 6.48074
4041.5 51 7.14143
4042.5 41 6.40312
4043.5 46 6.78233
4044.5 56 7.48331
4045.5 52 7.2111
4046.5 52 7.2111
4047.5 53 7.28011
4048.5 51 7.14143
4049.5 48 6.9282
4050.5 56 7.48331
4051.5 61 7.81025
4052.5 43 6.55744
4053.5 56 7.48331
4054.5 53 7.28011
4055.5 45 6.7082
4056.5 51 7.14143
4057.5 51 7.14143
4058.5 55 7.4162
4059.5 67 8.18535
4060.5 41 6.40312
4061.5 56 7.48331
4062.5 47 6.85565
4063.5 42 6.48074
4064.5 52 7.2111
4065.5 50 7.07107
4066.5 46 6.78233
4067.5 64 8
4068.5 52 7.2111
4069.5 49 7
4070.5 38 6.16441
4071.5 57 7.54983
4072.5 45 6.7082
4073.5 47 6.85565
4074.5 42 6.48074
4075.5 49 7
4076.5 53 7.28011
4077.5 51 7.14143
4078.5 51 7.14143
4079.5 62 7.87401
4080.5 57 7.54983
4081.5 53 7.28011
4082.5 47 6.85565
4083.5 46 6.78233
4084.5 50 7.07107
4085.5 42 6.48074
4086.5 55 7.4162
4087.5 40 6.32456
4088.5 56 7.48331
4089.5 43 6.55744
4090.5 38 6.16441
4091.5 48 6.9282
4092.5 42 6.48074
4093.5 53 7.28011
4094.5 48 6.9282
4095.5 44 6.63325
4096.5 52 7.2111
4097.5 43 6.55744
4098.5 36 6
4099.5 48 6.9282
4100.5 54 7.34847
4101.5 52 7.2111
4102.5 50 7.07107
4103.5 47 6.85565
4104.5 57 7.54983
4105.5 56 7.48331
4106.5 48 6.9282
4107.5 44 6.63325
4108.5 46 6.78233
4109.5 59 7.68115
4110.5 57 7.54983
4111.5 53 7.28011
4112.5 53 7.28011
4113.5 54 7.34847
4114.5 45 6.7082
4115.5 56 7.48331
4116.5 47 6.85565
4117.5 48 6.9282
4118.5 45 6.7082
4119.5 55 7.4162
4120.5 47 6.85565
4121.5 48 6.9282
4122.5 58 7.61577
4123.5 52 7.2111
4124.5 45 6.7082
4125.5 50 7.07107
4126.5 59 7.68115
4127.5 38 6.16441
4128.5 60 7.74597
4129.5 52 7.2111
4130.5 46 6.78233
4131.5 46 6.78233
4132.5 49 7
4133.5 42 6.48074
4134.5 57 7.54983
4135.5 49 7
4136.5 65 8.06226
4137.5 41 6.40312
4138.5 35 5.91608
4139.5 51 7.14143
4140.5 57 7.54983
4141.5 48 6.9282
4142.5 46 6.78233
4143.5 69 8.30662
4144.5 44 6.63325
4145.5 58 7.61577
4146.5 51 7.14143
4147.5 51 7.14143
4148.5 45 6.7082
4149.5 57 7.54983
4150.5 54 7.34847
4151.5 52 7.2111
4152.5 59 7.68115
4153.5 46 6.78233
4154.5 49 7
4155.5 46 6.78233
4156.5 52 7.2111
4157.5 58 7.61577
4158.5 57 7.54983
4159.5 55 7.4162
4160.5 48 6.9282
4161.5 45 6.7082
4162.5 52 7.2111
4163.5 47 6.85565
4164.5 48 6.9282
4165.5 42 6.48074
4166.5 59 7.68115
4167.5 50 7.07107
4168.5 62 7.87401
4169.5 38 6.16441
4170.5 60 7.74597
4171.5 39 6.245
4172.5 47 6.85565
4173.5 52 7.2111
4174.5 37 6.08276
4175.5 57 7.54983
4176.5 47 6.85565
4177.5 44 6.63325
4178.5 43 6.55744
4179.5 65 8.06226
4180.5 57 7.54983
4181.5 42 6.48074
4182.5 41 6.40312
4183.5 50 7.07107
4184.5 58 7.61577
4185.5 43 6.55744
4186.5 48 6.9282
4187.5 50 7.07107
4188.5 43 6.55744
4189.5 54 7.34847
4190.5 42 6.48074
4191.5 45 6.7082
4192.5 63 7.93725
4193.5 54 7.34847
4194.5 49 7
4195.5 54 7.34847
4196.5 60 7.74597
4197.5 56 7.48331
4198.5 54 7.34847
4199.5 56 7.48331
4200.5 47 6.85565
4201.5 53 7.28011
4202.5 58 7.61577
4203.5 46 6.78233
4204.5 46 6.78233
4205.5 54 7.34847
4206.5 39 6.245
4207.5 50 7.07107
4208.5 32 5.65685
4209.5 57 7.54983
4210.5 50 7.07107
4211.5 54 7.34847
4212.5 46 6.78233
4213.5 56 7.48331
4214.5 55 7.4162
4215.5 57 7.54983
4216.5 41 6.40312
4217.5 46 6.78233
4218.5 48 6.9282
4219.5 47 6.85565
4220.5 54 7.34847
4221.5 41 6.40312
4222.5 44 6.63325
4223.5 44 6.63325
4224.5 51 7.14143
4225.5 42 6.48074
4226.5 44 6.63325
4227.5 61 7.81025
4228.5 55 7.4162
4229.5 43 6.55744
4230.5 52 7.2111
4231.5 53 7.28011
4232.5 51 7.14143
4233.5 55 7.4162
4234.5 47 6.85565
4235.5 51 7.14143
4236.5 50 7.07107
4237.5 56 7.48331
4238.5 48 6.9282
4239.5 47 6.85565
4240.5 49 7
4241.5 51 7.14143
4242.5 44 6.63325
4243.5 52 7.2111
4244.5 48 6.9282
4245.5 56 7.48331
4246.5 65 8.06226
4247.5 34 5.83095
4248.5 58 7.61577
4249.5 50 7.07107
4250.5 42 6.48074
4251.5 39 6.245
4252.5 60 7.74597
4253.5 67 8.18535
4254.5 50 7.07107
4255.5 47 6.85565
4256.5 52 7.2111
4257.5 43 6.55744
4258.5 67 8.18535
4259.5 57 7.54983
4260.5 58 7.61577
4261.5 49 7
4262.5 45 6.7082
4263.5 55 7.4162
4264.5 40 6.32456
4265.5 57 7.54983
4266.5 50 7.07107
4267.5 44 6.63325
4268.5 52 7.2111
4269.5 44 6.63325
4270.5 49 7
4271.5 41 6.40312
4272.5 43 6.55744
4273.5 30 5.47723
4274.5 42 6.48074
4275.5 59 7.68115
4276.5 55 7.4162
4277.5 60 7.74597
4278.5 36 6
4279.5 63 7.93725
4280.5 49 7
4281.5 54 7.34847
4282.5 52 7.2111
4283.5 55 7.4162
4284.5 67 8.18535
4285.5 59 7.68115
4286.5 55 7.4162
4287.5 42 6.48074
4288.5 68 8.24621
4289.5 50 7.07107
4290.5 46 6.78233
4291.5 56 7.48331
4292.5 54 7.34847
4293.5 40 6.32456
4294.5 56 7.48331
4295.5 47 6.85565
4296.5 43 6.55744
4297.5 41 6.40312
4298.5 56 7.48331
4299.5 58 7.61577
4300.5 46 6.78233
4301.5 55 7.4162
4302.5 38 6.16441
4303.5 53 7.28011
4304.5 38 6.16441
4305.5 45 6.7082
4306.5 42 6.48074
4307.5 51 7.14143
4308.5 57 7.54983
4309.5 49 7
4310.5 53 7.28011
4311.5 55 7.4162
4312.5 47 6.85565
4313.5 46 6.78233
4314.5 60 7.74597
4315.5 54 7.34847
4316.5 44 6.63325
4317.5 49 7
4318.5 56 7.48331
4319.5 53 7.28011
4320.5 39 6.245
4321.5 45 6.7082
4322.5 53 7.28011
4323.5 60 7.74597
4324.5 47 6.85565
4325.5 53 7.28011
4326.5 55 7.4162
4327.5 45 6.7082
4328.5 55 7.4162
4329.5 45 6.7082
4330.5 53 7.28011
4331.5 49 7
4332.5 40 6.32456
4333.5 33 5.74456
4334.5 49 7
4335.5 44 6.63325
4336.5 53 7.28011
4337.5 51 7.14143
4338.5 42 6.48074
4339.5 47 6.85565
4340.5 52 7.2111
4341.5 42 6.48074
4342.5 50 7.07107
4343.5 44 6.63325
4344.5 59 7.68115
4345.5 41 6.40312
4346.5 46 6.78233
4347.5 52 7.2111
4348.5 43 6.55744
4349.5 46 6.78233
4350.5 48 6.9282
4351.5 45 6.7082
4352.5 41 6.40312
4353.5 43 6.55744
4354.5 40 6.32456
4355.5 50 7.07107
4356.5 33 5.74456
4357.5 53 7.28011
4358.5 41 6.40312
4359.5 65 8.06226
4360.5 47 6.85565
4361.5 42 6.48074
4362.5 47 6.85565
4363.5 53 7.28011
4364.5 56 7.48331
4365.5 61 7.81025
4366.5 47 6.85565
4367.5 44 6.63325
4368.5 44 6.63325
4369.5 49 7
4370.5 60 7.74597
4371.5 34 5.83095
4372.5 48 6.9282
4373.5 52 7.2111
4374.5 40 6.32456
4375.5 52 7.2111
4376.5 58 7.61577
4377.5 53 7.28011
4378.5 43 6.55744
4379.5 46 6.78233
4380.5 49 7
4381.5 54 7.34847
4382.5 55 7.4162
4383.5 48 6.9282
4384.5 33 5.74456
4385.5 42 6.48074
4386.5 42 6.48074
4387.5 47 6.85565
4388.5 41 6.40312
4389.5 42 6.48074
4390.5 46 6.78233
4391.5 59 7.68115
4392.5 46 6.78233
4393.5 61 7.81025
4394.5 47 6.85565
4395.5 64 8
4396.5 41 6.40312
4397.5 62 7.87401
4398.5 57 7.54983
4399.5 51 7.14143
4400.5 52 7.2111
4401.5 50 7.07107
4402.5 56 7.48331
4403.5 60 7.74597
4404.5 52 7.2111
4405.5 60 7.74597
4406.5 57 7.54983
4407.5 58 7.61577
4408.5 60 7.74597
4409.5 42 6.48074
4410.5 70 8.3666
4411.5 66 8.12404
4412.5 43 6.55744
4413.5 57 7.54983
4414.5 56 7.48331
4415.5 64 8
4416.5 49 7
4417.5 61 7.81025
4418.5 41 6.40312
4419.5 57 7.54983
4420.5 52 7.2111
4421.5 45 6.7082
4422.5 37 6.08276
4423.5 65 8.06226
4424.5 51 7.14143
4425.5 36 6
4426.5 47 6.85565
4427.5 44 6.63325
4428.5 51 7.14143
4429.5 60 7.74597
4430.5 50 7.07107
4431.5 47 6.85565
4432.5 45 6.7082
4433.5 52 7.2111
4434.5 61 7.81025
4435.5 39 6.245
4436.5 54 7.34847
4437.5 37 6.08276
4438.5 60 7.74597
4439.5 47 6.85565
4440.5 47 6.85565
4441.5 50 7.07107
4442.5 54 7.34847
4443.5 50 7.07107
4444.5 46 6.78233
4445.5 65 8.06226
4446.5 51 7.14143
4447.5 52 7.2111
4448.5 56 7.48331
4449.5 54 7.34847
4450.5 47 6.85565
4451.5 53 7.28011
4452.5 51 7.14143
4453.5 53 7.28011
4454.5 40 6.32456
4455.5 42 6.48074
4456.5 53 7.28011
4457.5 44 6.63325
4458.5 57 7.54983
4459.5 38 6.16441
4460.5 41 6.40312
4461.5 46 6.78233
4462.5 44 6.63325
4463.5 57 7.54983
4464.5 51 7.14143
4465.5 57 7.54983
4466.5 44 6.63325
4467.5 53 7.28011
4468.5 53 7.28011
4469.5 51 7.14143
4470.5 50 7.07107
4471.5 41 6.40312
4472.5 37 6.08276
4473.5 51 7.14143
4474.5 39 6.245
4475.5 47 6.85565
4476.5 51 7.14143
4477.5 46 6.78233
4478.5 42 6.48074
4479.5 45 6.7082
4480.5 50 7.07107
4481.5 43 6.55744
4482.5 43 6.55744
4483.5 50 7.07107
4484.5 54 7.34847
4485.5 59 7.68115
4486.5 39 6.245
4487.5 47 6.85565
4488.5 38 6.16441
4489.5 35 5.91608
4490.5 52 7.2111
4491.5 51 7.14143
4492.5 42 6.48074
4493.5 44 6.63325
4494.5 50 7.07107
4495.5 34 5.83095
4496.5 38 6.16441
4497.5 38 6.16441
4498.5 49 7
4499.5 52 7.2111
4500.5 50 7.07107
4501.5 44 6.63325
4502.5 39 6.245
4503.5 41 6.40312
4504.5 37 6.08276
4505.5 47 6.85565
4506.5 48 6.9282
4507.5 50 7.07107
4508.5 53 7.28011
4509.5 50 7.07107
4510.5 44 6.63325
4511.5 38 6.16441
4512.5 60 7.74597
4513.5 48 6.9282
4514.5 47 6.85565
4515.5 53 7.28011
4516.5 36 6
4517.5 45 6.7082
4518.5 47 6.85565
4519.5 43 6.55744
4520.5 61 7.81025
4521.5 47 6.85565
4522.5 48 6.9282
4523.5 48 6.9282
4524.5 64 8
4525.5 48 6.9282
4526.5 50 7.07107
4527.5 53 7.28011
4528.5 43 6.55744
4529.5 32 5.65685
4530.5 40 6.32456
4531.5 41 6.40312
4532.5 54 7.34847
4533.5 46 6.78233
4534.5 38 6.16441
4535.5 44 6.63325
4536.5 47 6.85565
4537.5 53 7.28011
4538.5 49 7
4539.5 45 6.7082
4540.5 48 6.9282
4541.5 56 7.48331
4542.5 44 6.63325
4543.5 32 5.65685
4544.5 55 7.4162
4545.5 52 7.2111
4546.5 65 8.06226
4547.5 48 6.9282
4548.5 39 6.245
4549.5 54 7.34847
4550.5 45 6.7082
4551.5 49 7
4552.5 45 6.7082
4553.5 64 8
4554.5 54 7.34847
4555.5 44 6.63325
4556.5 41 6.40312
4557.5 51 7.14143
4558.5 50 7.07107
4559.5 45 6.7082
4560.5 52 7.2111
4561.5 61 7.81025
4562.5 50 7.07107
4563.5 46 6.78233
4564.5 40 6.32456
4565.5 52 7.2111
4566.5 53 7.28011
4567.5 53 7.28011
4568.5 50 7.07107
4569.5 49 7
4570.5 62 7.87401
4571.5 50 7.07107
4572.5 45 6.7082
4573.5 51 7.14143
4574.5 40 6.32456
4575.5 42 6.48074
4576.5 43 6.55744
4577.5 53 7.28011
4578.5 55 7.4162
4579.5 39 6.245
4580.5 41 6.40312
4581.5 54 7.34847
4582.5 47 6.85565
4583.5 42 6.48074
4584.5 49 7
4585.5 54 7.34847
4586.5 42 6.48074
4587.5 46 6.78233
4588.5 34 5.83095
4589.5 53 7.28011
4590.5 41 6.40312
4591.5 40 6.32456
4592.5 42 6.48074
4593.5 37 6.08276
4594.5 53 7.28011
4595.5 56 7.48331
4596.5 58 7.61577
4597.5 63 7.93725
4598.5 51 7.14143
4599.5 42 6.48074
4600.5 26 5.09902
4601.5 39 6.245
4602.5 46 6.78233
4603.5 51 7.14143
4604.5 47 6.85565
4605.5 30 5.47723
4606.5 62 7.87401
4607.5 47 6.85565
4608.5 43 6.55744
4609.5 41 6.40312
4610.5 53 7.28011
4611.5 45 6.7082
4612.5 51 7.14143
4613.5 43 6.55744
4614.5 52 7.2111
4615.5 37 6.08276
4616.5 37 6.08276
4617.5 54 7.34847
4618.5 51 7.14143
4619.5 41 6.40312
4620.5 53 7.28011
4621.5 42 6.48074
4622.5 47 6.85565
4623.5 38 6.16441
4624.5 44 6.63325
4625.5 56 7.48331
4626.5 45 6.7082
4627.5 45 6.7082
4628.5 50 7.07107
4629.5 50 7.07107
4630.5 56 7.48331
4631.5 42 6.48074
4632.5 56 7.48331
4633.5 49 7
4634.5 51 7.14143
4635.5 37 6.08276
4636.5 46 6.78233
4637.5 41 6.40312
4638.5 46 6.78233
4639.5 43 6.55744
4640.5 52 7.2111
4641.5 62 7.87401
4642.5 51 7.14143
4643.5 57 7.54983
4644.5 52 7.2111
4645.5 54 7.34847
4646.5 31 5.56776
4647.5 54 7.34847
4648.5 46 6.78233
4649.5 44 6.63325
4650.5 46 6.78233
4651.5 60 7.74597
4652.5 46 6.78233
4653.5 46 6.78233
4654.5 53 7.28011
4655.5 45 6.7082
4656.5 49 7
4657.5 44 6.63325
4658.5 50 7.07107
4659.5 36 6
4660.5 49 7
4661.5 41 6.40312
4662.5 56 7.48331
4663.5 47 6.85565
4664.5 40 6.32456
4665.5 41 6.40312
4666.5 51 7.14143
4667.5 36 6
4668.5 52 7.2111
4669.5 52 7.2111
4670.5 51 7.14143
4671.5 38 6.16441
4672.5 28 5.2915
4673.5 46 6.78233
4674.5 55 7.4162
4675.5 60 7.74597
4676.5 36 6
4677.5 41 6.40312
4678.5 45 6.7082
4679.5 55 7.4162
4680.5 42 6.48074
4681.5 48 6.9282
4682.5 46 6.78233
4683.5 33 5.74456
4684.5 40 6.32456
4685.5 52 7.2111
4686.5 45 6.7082
4687.5 48 6.9282
4688.5 44 6.63325
4689.5 60 7.74597
4690.5 57 7.54983
4691.5 45 6.7082
4692.5 37 6.08276
4693.5 53 7.28011
4694.5 51 7.14143
4695.5 51 7.14143
4696.5 61 7.81025
4697.5 41 6.40312
4698.5 60 7.74597
4699.5 57 7.54983
4700.5 55 7.4162
4701.5 54 7.34847
4702.5 49 7
4703.5 60 7.74597
4704.5 55 7.4162
4705.5 54 7.34847
4706.5 59 7.68115
4707.5 49 7
4708.5 43 6.55744
4709.5 64 8
4710.5 41 6.40312
4711.5 52 7.2111
4712.5 34 5.83095
4713.5 43 6.55744
4714.5 65 8.06226
4715.5 47 6.85565
4716.5 53 7.28011
4717.5 49 7
4718.5 39 6.245
4719.5 43 6.55744
4720.5 49 7
4721.5 54 7.34847
4722.5 43 6.55744
4723.5 57 7.54983
4724.5 49 7
4725.5 43 6.55744
4726.5 33 5.74456
4727.5 54 7.34847
4728.5 52 7.2111
4729.5 47 6.85565
4730.5 46 6.78233
4731.5 40 6.32456
4732.5 50 7.07107
4733.5 42 6.48074
4734.5 56 7.48331
4735.5 44 6.63325
4736.5 44 6.63325
4737.5 42 6.48074
4738.5 47 6.85565
4739.5 48 6.9282
4740.5 47 6.85565
4741.5 52 7.2111
4742.5 47 6.85565
4743.5 43 6.55744
4744.5 45 6.7082
4745.5 53 7.28011
4746.5 57 7.54983
4747.5 46 6.78233
4748.5 45 6.7082
4749.5 55 7.4162
4750.5 43 6.55744
4751.5 35 5.91608
4752.5 42 6.48074
4753.5 44 6.63325
4754.5 47 6.85565
4755.5 42 6.48074
4756.5 46 6.78233
4757.5 41 6.40312
4758.5 49 7
4759.5 44 6.63325
4760.5 47 6.85565
4761.5 49 7
4762.5 40 6.32456
4763.5 51 7.14143
4764.5 60 7.74597
4765.5 56 7.48331
4766.5 38 6.16441
4767.5 51 7.14143
4768.5 41 6.40312
4769.5 42 6.48074
4770.5 55 7.4162
4771.5 45 6.7082
4772.5 43 6.55744
4773.5 45 6.7082
4774.5 52 7.2111
4775.5 55 7.4162
4776.5 38 6.16441
4777.5 49 7
4778.5 49 7
4779.5 51 7.14143
4780.5 52 7.2111
4781.5 56 7.48331
4782.5 57 7.54983
4783.5 54 7.34847
4784.5 46 6.78233
4785.5 53 7.28011
4786.5 56 7.48331
4787.5 46 6.78233
4788.5 54 7.34847
4789.5 55 7.4162
4790.5 38 6.16441
4791.5 46 6.78233
4792.5 39 6.245
4793.5 54 7.34847
4794.5 44 6.63325
4795.5 44 6.63325
4796.5 44 6.63325
4797.5 48 6.9282
4798.5 54 7.34847
4799.5 49 7
4800.5 45 6.7082
4801.5 39 6.245
4802.5 44 6.63325
4803.5 54 7.34847
4804.5 39 6.245
4805.5 49 7
4806.5 53 7.28011
4807.5 50 7.07107
4808.5 59 7.68115
4809.5 52 7.2111
4810.5 55 7.4162
4811.5 58 7.61577
4812.5 49 7
4813.5 51 7.14143
4814.5 40 6.32456
4815.5 32 5.65685
4816.5 53 7.28011
4817.5 51 7.14143
4818.5 50 7.07107
4819.5 43 6.55744
4820.5 52 7.2111
4821.5 46 6.78233
4822.5 53 7.28011
4823.5 44 6.63325
4824.5 52 7.2111
4825.5 44 6.63325
4826.5 43 6.55744
4827.5 53 7.28011
4828.5 44 6.63325
4829.5 48 6.9282
4830.5 42 6.48074
4831.5 57 7.54983
4832.5 48 6.9282
4833.5 53 7.28011
4834.5 37 6.08276
4835.5 28 5.2915
4836.5 62 7.87401
4837.5 46 6.78233
4838.5 52 7.2111
4839.5 42 6.48074
4840.5 56 7.48331
4841.5 44 6.63325
4842.5 40 6.32456
4843.5 53 7.28011
4844.5 49 7
4845.5 49 7
4846.5 54 7.34847
4847.5 46 6.78233
4848.5 39 6.245
4849.5 39 6.245
4850.5 44 6.63325
4851.5 50 7.07107
4852.5 59 7.68115
4853.5 51 7.14143
4854.5 38 6.16441
4855.5 47 6.85565
4856.5 49 7
4857.5 42 6.48074
4858.5 47 6.85565
4859.5 44 6.63325
4860.5 36 6
4861.5 59 7.68115
4862.5 48 6.9282
4863.5 55 7.4162
4864.5 40 6.32456
4865.5 43 6.55744
4866.5 54 7.34847
4867.5 39 6.245
4868.5 54 7.34847
4869.5 42 6.48074
4870.5 51 7.14143
4871.5 47 6.85565
4872.5 35 5.91608
4873.5 46 6.78233
4874.5 44 6.63325
4875.5 43 6.55744
4876.5 56 7.48331
4877.5 46 6.78233
4878.5 37 6.08276
4879.5 43 6.55744
4880.5 33 5.74456
4881.5 56 7.48331
4882.5 51 7.14143
4883.5 40 6.32456
4884.5 46 6.78233
4885.5 44 6.63325
4886.5 54 7.34847
4887.5 47 6.85565
4888.5 45 6.7082
4889.5 50 7.07107
4890.5 47 6.85565
4891.5 46 6.78233
4892.5 40 6.32456
4893.5 46 6.78233
4894.5 39 6.245
4895.5 35 5.91608
4896.5 46 6.78233
4897.5 41 6.40312
4898.5 47 6.85565
4899.5 43 6.55744
4900.5 55 7.4162
4901.5 48 6.9282
4902.5 43 6.55744
4903.5 45 6.7082
4904.5 40 6.32456
4905.5 43 6.55744
4906.5 39 6.245
4907.5 45 6.7082
4908.5 52 7.2111
4909.5 55 7.4162
4910.5 51 7.14143
4911.5 48 6.9282
4912.5 48 6.9282
4913.5 48 6.9282
4914.5 45 6.7082
4915.5 46 6.78233
4916.5 43 6.55744
4917.5 51 7.14143
4918.5 46 6.78233
4919.5 50 7.07107
4920.5 49 7
4921.5 49 7
4922.5 51 7.14143
4923.5 44 6.63325
4924.5 52 7.2111
4925.5 46 6.78233
4926.5 51 7.14143
4927.5 54 7.34847
4928.5 35 5.91608
4929.5 45 6.7082
4930.5 50 7.07107
4931.5 49 7
4932.5 47 6.85565
4933.5 38 6.16441
4934.5 42 6.48074
4935.5 36 6
4936.5 41 6.40312
4937.5 45 6.7082
4938.5 40 6.32456
4939.5 46 6.78233
4940.5 48 6.9282
4941.5 52 7.2111
4942.5 43 6.55744
4943.5 55 7.4162
4944.5 50 7.07107
4945.5 42 6.48074
4946.5 58 7.61577
4947.5 52 7.2111
4948.5 45 6.7082
4949.5 42 6.48074
4950.5 44 6.63325
4951.5 44 6.63325
4952.5 51 7.14143
4953.5 39 6.245
4954.5 45 6.7082
4955.5 50 7.07107
4956.5 51 7.14143
4957.5 55 7.4162
4958.5 39 6.245
4959.5 46 6.78233
4960.5 38 6.16441
4961.5 38 6.16441
4962.5 34 5.83095
4963.5 46 6.78233
4964.5 33 5.74456
4965.5 60 7.74597
4966.5 58 7.61577
4967.5 46 6.78233
4968.5 47 6.85565
4969.5 48 6.9282
4970.5 39 6.245
4971.5 47 6.85565
4972.5 44 6.63325
4973.5 45 6.7082
4974.5 47 6.85565
4975.5 65 8.06226
4976.5 46 6.78233
4977.5 52 7.2111
4978.5 35 5.91608
4979.5 35 5.91608
4980.5 41 6.40312
4981.5 42 6.48074
4982.5 40 6.32456
4983.5 43 6.55744
4984.5 46 6.78233
4985.5 46 6.78233
4986.5 46 6.78233
4987.5 40 6.32456
4988.5 53 7.28011
4989.5 40 6.32456
4990.5 38 6.16441
4991.5 46 6.78233
4992.5 48 6.9282
4993.5 42 6.48074
4994.5 53 7.28011
4995.5 56 7.48331
4996.5 44 6.63325
4997.5 46 6.78233
4998.5 45 6.7082
4999.5 38 6.16441
5000.5 56 7.48331
5001.5 35 5.91608
5002.5 43 6.55744
5003.5 49 7
5004.5 42 6.48074
5005.5 31 5.56776
5006.5 51 7.14143
5007.5 44 6.63325
5008.5 44 6.63325
5009.5 53 7.28011
5010.5 50 7.07107
5011.5 52 7.2111
5012.5 48 6.9282
5013.5 48 6.9282
5014.5 47 6.85565
5015.5 41 6.40312
5016.5 39 6.245
5017.5 34 5.83095
5018.5 46 6.78233
5019.5 51 7.14143
5020.5 24 4.89898
5021.5 31 5.56776
5022.5 37 6.08276
5023.5 46 6.78233
5024.5 47 6.85565
5025.5 46 6.78233
5026.5 72 8.48528
5027.5 54 7.34847
5028.5 47 6.85565
5029.5 53 7.28011
5030.5 37 6.08276
5031.5 45 6.7082
5032.5 44 6.63325
5033.5 48 6.9282
5034.5 55 7.4162
5035.5 40 6.32456
5036.5 51 7.14143
5037.5 50 7.07107
5038.5 50 7.07107
5039.5 36 6
5040.5 52 7.2111
5041.5 34 5.83095
5042.5 47 6.85565
5043.5 52 7.2111
5044.5 50 7.07107
5045.5 57 7.54983
5046.5 48 6.9282
5047.5 44 6.63325
5048.5 42 6.48074
5049.5 39 6.245
5050.5 48 6.9282
5051.5 52 7.2111
5052.5 36 6
5053.5 38 6.16441
5054.5 45 6.7082
5055.5 38 6.16441
5056.5 59 7.68115
5057.5 45 6.7082
5058.5 47 6.85565
5059.5 47 6.85565
5060.5 44 6.63325
5061.5 35 5.91608
5062.5 50 7.07107
5063.5 45 6.7082
5064.5 41 6.40312
5065.5 41 6.40312
5066.5 52 7.2111
5067.5 52 7.2111
5068.5 52 7.2111
5069.5 35 5.91608
5070.5 47 6.85565
5071.5 60 7.74597
5072.5 35 5.91608
5073.5 41 6.40312
5074.5 39 6.245
5075.5 37 6.08276
5076.5 43 6.55744
5077.5 47 6.85565
5078.5 46 6.78233
5079.5 41 6.40312
5080.5 48 6.9282
5081.5 47 6.85565
5082.5 45 6.7082
5083.5 45 6.7082
5084.5 52 7.2111
5085.5 45 6.7082
5086.5 40 6.32456
5087.5 49 7
5088.5 53 7.28011
5089.5 47 6.85565
5090.5 44 6.63325
5091.5 54 7.34847
5092.5 41 6.40312
5093.5 46 6.78233
5094.5 49 7
5095.5 35 5.91608
5096.5 37 6.08276
5097.5 39 6.245
5098.5 58 7.61577
5099.5 42 6.48074
5100.5 43 6.55744
5101.5 43 6.55744
5102.5 47 6.85565
5103.5 25 5
5104.5 38 6.16441
5105.5 52 7.2111
5106.5 46 6.78233
5107.5 52 7.2111
5108.5 46 6.78233
5109.5 43 6.55744
5110.5 51 7.14143
5111.5 39 6.245
5112.5 46 6.78233
5113.5 47 6.85565
5114.5 52 7.2111
5115.5 41 6.40312
5116.5 47 6.85565
5117.5 46 6.78233
5118.5 37 6.08276
5119.5 33 5.74456
5120.5 47 6.85565
5121.5 48 6.9282
5122.5 36 6
5123.5 55 7.4162
5124.5 43 6.55744
5125.5 40 6.32456
5126.5 43 6.55744
5127.5 46 6.78233
5128.5 54 7.34847
5129.5 39 6.245
5130.5 39 6.245
5131.5 37 6.08276
5132.5 45 6.7082
5133.5 42 6.48074
5134.5 50 7.07107
5135.5 55 7.4162
5136.5 36 6
5137.5 56 7.48331
5138.5 55 7.4162
5139.5 36 6
5140.5 39 6.245
5141.5 32 5.65685
5142.5 50 7.07107
5143.5 59 7.68115
5144.5 52 7.2111
5145.5 46 6.78233
5146.5 42 6.48074
5147.5 27 5.19615
5148.5 52 7.2111
5149.5 50 7.07107
5150.5 50 7.07107
5151.5 36 6
5152.5 43 6.55744
5153.5 45 6.7082
5154.5 53 7.28011
5155.5 45 6.7082
5156.5 38 6.16441
5157.5 49 7
5158.5 48 6.9282
5159.5 47 6.85565
5160.5 51 7.14143
5161.5 51 7.14143
5162.5 51 7.14143
5163.5 56 7.48331
5164.5 47 6.85565
5165.5 39 6.245
5166.5 46 6.78233
5167.5 45 6.7082
5168.5 55 7.4162
5169.5 47 6.85565
5170.5 40 6.32456
5171.5 36 6
5172.5 29 5.38516
5173.5 39 6.245
5174.5 28 5.2915
5175.5 38 6.16441
5176.5 49 7
5177.5 33 5.74456
5178.5 47 6.85565
5179.5 57 7.54983
5180.5 49 7
5181.5 42 6.48074
5182.5 33 5.74456
5183.5 39 6.245
5184.5 36 6
5185.5 57 7.54983
5186.5 42 6.48074
5187.5 57 7.54983
5188.5 65 8.06226
5189.5 37 6.08276
5190.5 43 6.55744
5191.5 40 6.32456
5192.5 45 6.7082
5193.5 40 6.32456
5194.5 46 6.78233
5195.5 46 6.78233
5196.5 45 6.7082
5197.5 43 6.55744
5198.5 38 6.16441
5199.5 39 6.245
5200.5 46 6.78233
5201.5 47 6.85565
5202.5 40 6.32456
5203.5 39 6.245
5204.5 47 6.85565
5205.5 57 7.54983
5206.5 37 6.08276
5207.5 50 7.07107
5208.5 37 6.08276
5209.5 45 6.7082
5210.5 39 6.245
5211.5 48 6.9282
5212.5 52 7.2111
5213.5 40 6.32456
5214.5 57 7.54983
5215.5 40 6.32456
5216.5 54 7.34847
5217.5 46 6.78233
5218.5 46 6.78233
5219.5 44 6.63325
5220.5 29 5.38516
5221.5 42 6.48074
5222.5 39 6.245
5223.5 35 5.91608
5224.5 48 6.9282
5225.5 41 6.40312
5226.5 45 6.7082
5227.5 50 7.07107
5228.5 39 6.245
5229.5 44 6.63325
5230.5 41 6.40312
5231.5 49 7
5232.5 53 7.28011
5233.5 42 6.48074
5234.5 48 6.9282
5235.5 34 5.83095
5236.5 32 5.65685
5237.5 49 7
5238.5 53 7.28011
5239.5 58 7.61577
5240.5 46 6.78233
5241.5 35 5.91608
5242.5 41 6.40312
5243.5 34 5.83095
5244.5 40 6.32456
5245.5 60 7.74597
5246.5 37 6.08276
5247.5 63 7.93725
5248.5 45 6.7082
5249.5 36 6
5250.5 40 6.32456
5251.5 37 6.08276
5252.5 32 5.65685
5253.5 42 6.48074
5254.5 47 6.85565
5255.5 58 7.61577
5256.5 38 6.16441
5257.5 42 6.48074
5258.5 57 7.54983
5259.5 48 6.9282
5260.5 45 6.7082
5261.5 46 6.78233
5262.5 41 6.40312
5263.5 44 6.63325
5264.5 46 6.78233
5265.5 37 6.08276
5266.5 50 7.07107
5267.5 50 7.07107
5268.5 41 6.40312
5269.5 47 6.85565
5270.5 50 7.07107
5271.5 59 7.68115
5272.5 59 7.68115
5273.5 56 7.48331
5274.5 53 7.28011
5275.5 42 6.48074
5276.5 52 7.2111
5277.5 40 6.32456
5278.5 44 6.63325
5279.5 45 6.7082
5280.5 41 6.40312
5281.5 48 6.9282
5282.5 49 7
5283.5 56 7.48331
5284.5 48 6.9282
5285.5 43 6.55744
5286.5 37 6.08276
5287.5 54 7.34847
5288.5 46 6.78233
5289.5 39 6.245
5290.5 50 7.07107
5291.5 46 6.78233
5292.5 43 6.55744
5293.5 43 6.55744
5294.5 44 6.63325
5295.5 48 6.9282
5296.5 43 6.55744
5297.5 47 6.85565
5298.5 35 5.91608
5299.5 49 7
5300.5 29 5.38516
5301.5 53 7.28011
5302.5 49 7
5303.5 40 6.32456
5304.5 37 6.08276
5305.5 44 6.63325
5306.5 46 6.78233
5307.5 41 6.40312
5308.5 50 7.07107
5309.5 39 6.245
5310.5 52 7.2111
5311.5 54 7.34847
5312.5 40 6.32456
5313.5 40 6.32456
5314.5 36 6
5315.5 47 6.85565
5316.5 34 5.83095
5317.5 51 7.14143
5318.5 38 6.16441
5319.5 46 6.78233
5320.5 36 6
5321.5 39 6.245
5322.5 51 7.14143
5323.5 67 8.18535
5324.5 48 6.9282
5325.5 54 7.34847
5326.5 46 6.78233
5327.5 54 7.34847
5328.5 52 7.2111
5329.5 50 7.07107
5330.5 40 6.32456
5331.5 44 6.63325
5332.5 48 6.9282
5333.5 64 8
5334.5 55 7.4162
5335.5 47 6.85565
5336.5 51 7.14143
5337.5 45 6.7082
5338.5 47 6.85565
5339.5 40 6.32456
5340.5 47 6.85565
5341.5 42 6.48074
5342.5 50 7.07107
5343.5 54 7.34847
5344.5 48 6.9282
5345.5 41 6.40312
5346.5 48 6.9282
5347.5 52 7.2111
5348.5 37 6.08276
5349.5 46 6.78233
5350.5 53 7.28011
5351.5 49 7
5352.5 55 7.4162
5353.5 57 7.54983
5354.5 39 6.245
5355.5 52 7.2111
5356.5 45 6.7082
5357.5 37 6.08276
5358.5 53 7.28011
5359.5 48 6.9282
5360.5 47 6.85565
5361.5 46 6.78233
5362.5 54 7.34847
5363.5 54 7.34847
5364.5 41 6.40312
5365.5 37 6.08276
5366.5 46 6.78233
5367.5 48 6.9282
5368.5 41 6.40312
5369.5 56 7.48331
5370.5 40 6.32456
5371.5 47 6.85565
5372.5 47 6.85565
5373.5 33 5.74456
5374.5 58 7.61577
5375.5 41 6.40312
5376.5 36 6
5377.5 33 5.74456
5378.5 39 6.245
5379.5 43 6.55744
5380.5 42 6.48074
5381.5 48 6.9282
5382.5 43 6.55744
5383.5 38 6.16441
5384.5 60 7.74597
5385.5 46 6.78233
5386.5 54 7.34847
5387.5 44 6.63325
5388.5 47 6.85565
5389.5 42 6.48074
5390.5 64 8
5391.5 42 6.48074
5392.5 58 7.61577
5393.5 59 7.68115
5394.5 44 6.63325
5395.5 52 7.2111
5396.5 63 7.93725
5397.5 62 7.87401
5398.5 54 7.34847
5399.5 72 8.48528
5400.5 80 8.94427
5401.5 76 8.7178
5402.5 74 8.60233
5403.5 89 9.43398
5404.5 101 10.0499
5405.5 97 9.84886
5406.5 85 9.21954
5407.5 111 10.5357
5408.5 101 10.0499
5409.5 139 11.7898
5410.5 124 11.1355
5411.5 145 12.0416
5412.5 137 11.7047
5413.5 152 12.3288
5414.5 162 12.7279
5415.5 180 13.4164
5416.5 172 13.1149
5417.5 179 13.3791
5418.5 179 13.3791
5419.5 172 13.1149
5420.5 175 13.2288
5421.5 173 13.1529
5422.5 173 13.1529
5423.5 178 13.3417
5424.5 179 13.3791
5425.5 162 12.7279
5426.5 152 12.3288
5427.5 122 11.0454
5428.5 126 11.225
5429.5 135 11.619
5430.5 121 11
5431.5 102 10.0995
5432.5 90 9.48683
5433.5 87 9.32738
5434.5 100 10
5435.5 98 9.89949
5436.5 81 9
5437.5 85 9.21954
5438.5 85 9.21954
5439.5 89 9.43398
5440.5 70 8.3666
5441.5 64 8
5442.5 72 8.48528
5443.5 61 7.81025
5444.5 62 7.87401
5445.5 61 7.81025
5446.5 71 8.42615
5447.5 58 7.61577
5448.5 46 6.78233
5449.5 66 8.12404
5450.5 55 7.4162
5451.5 68 8.24621
5452.5 57 7.54983
5453.5 57 7.54983
5454.5 50 7.07107
5455.5 59 7.68115
5456.5 46 6.78233
5457.5 48 6.9282
5458.5 68 8.24621
5459.5 51 7.14143
5460.5 62 7.87401
5461.5 40 6.32456
5462.5 51 7.14143
5463.5 48 6.9282
5464.5 50 7.07107
5465.5 54 7.34847
5466.5 58 7.61577
5467.5 49 7
5468.5 46 6.78233
5469.5 51 7.14143
5470.5 49 7
5471.5 53 7.28011
5472.5 53 7.28011
5473.5 53 7.28011
5474.5 51 7.14143
5475.5 50 7.07107
5476.5 54 7.34847
5477.5 56 7.48331
5478.5 52 7.2111
5479.5 61 7.81025
5480.5 45 6.7082
5481.5 55 7.4162
5482.5 47 6.85565
5483.5 58 7.61577
5484.5 51 7.14143
5485.5 55 7.4162
5486.5 53 7.28011
5487.5 53 7.28011
5488.5 60 7.74597
5489.5 31 5.56776
5490.5 39 6.245
5491.5 54 7.34847
5492.5 55 7.4162
5493.5 53 7.28011
5494.5 48 6.9282
5495.5 44 6.63325
5496.5 45 6.7082
5497.5 68 8.24621
5498.5 54 7.34847
5499.5 58 7.61577
5500.5 53 7.28011
5501.5 52 7.2111
5502.5 53 7.28011
5503.5 59 7.68115
5504.5 48 6.9282
5505.5 57 7.54983
5506.5 44 6.63325
5507.5 46 6.78233
5508.5 49 7
5509.5 47 6.85565
5510.5 46 6.78233
5511.5 39 6.245
5512.5 45 6.7082
5513.5 53 7.28011
5514.5 56 7.48331
5515.5 67 8.18535
5516.5 52 7.2111
5517.5 43 6.55744
5518.5 45 6.7082
5519.5 52 7.2111
5520.5 43 6.55744
5521.5 42 6.48074
5522.5 48 6.9282
5523.5 61 7.81025
5524.5 43 6.55744
5525.5 61 7.81025
5526.5 42 6.48074
5527.5 59 7.68115
5528.5 46 6.78233
5529.5 37 6.08276
5530.5 60 7.74597
5531.5 53 7.28011
5532.5 41 6.40312
5533.5 45 6.7082
5534.5 73 8.544
5535.5 49 7
5536.5 47 6.85565
5537.5 50 7.07107
5538.5 43 6.55744
5539.5 34 5.83095
5540.5 47 6.85565
5541.5 54 7.34847
5542.5 50 7.07107
5543.5 50 7.07107
5544.5 45 6.7082
5545.5 42 6.48074
5546.5 59 7.68115
5547.5 48 6.9282
5548.5 66 8.12404
5549.5 42 6.48074
5550.5 47 6.85565
5551.5 51 7.14143
5552.5 55 7.4162
5553.5 66 8.12404
5554.5 68 8.24621
5555.5 57 7.54983
5556.5 52 7.2111
5557.5 35 5.91608
5558.5 42 6.48074
5559.5 55 7.4162
5560.5 51 7.14143
5561.5 52 7.2111
5562.5 44 6.63325
5563.5 57 7.54983
5564.5 60 7.74597
5565.5 41 6.40312
5566.5 52 7.2111
5567.5 43 6.55744
5568.5 45 6.7082
5569.5 46 6.78233
5570.5 61 7.81025
5571.5 57 7.54983
5572.5 46 6.78233
5573.5 54 7.34847
5574.5 44 6.63325
5575.5 42 6.48074
5576.5 47 6.85565
5577.5 53 7.28011
5578.5 50 7.07107
5579.5 57 7.54983
5580.5 40 6.32456
5581.5 47 6.85565
5582.5 65 8.06226
5583.5 53 7.28011
5584.5 53 7.28011
5585.5 38 6.16441
5586.5 54 7.34847
5587.5 53 7.28011
5588.5 43 6.55744
5589.5 56 7.48331
5590.5 46 6.78233
5591.5 47 6.85565
5592.5 57 7.54983
5593.5 54 7.34847
5594.5 52 7.2111
5595.5 48 6.9282
5596.5 44 6.63325
5597.5 55 7.4162
5598.5 44 6.63325
5599.5 54 7.34847
5600.5 49 7
5601.5 50 7.07107
5602.5 61 7.81025
5603.5 55 7.4162
5604.5 55 7.4162
5605.5 63 7.93725
5606.5 47 6.85565
5607.5 48 6.9282
5608.5 38 6.16441
5609.5 57 7.54983
5610.5 47 6.85565
5611.5 59 7.68115
5612.5 49 7
5613.5 41 6.40312
5614.5 57 7.54983
5615.5 47 6.85565
5616.5 49 7
5617.5 47 6.85565
5618.5 58 7.61577
5619.5 50 7.07107
5620.5 52 7.2111
5621.5 45 6.7082
5622.5 42 6.48074
5623.5 55 7.4162
5624.5 51 7.14143
5625.5 53 7.28011
5626.5 51 7.14143
5627.5 49 7
5628.5 54 7.34847
5629.5 47 6.85565
5630.5 45 6.7082
5631.5 57 7.54983
5632.5 40 6.32456
5633.5 50 7.07107
5634.5 42 6.48074
5635.5 48 6.9282
5636.5 64 8
5637.5 59 7.68115
5638.5 41 6.40312
5639.5 47 6.85565
5640.5 49 7
5641.5 48 6.9282
5642.5 53 7.28011
5643.5 57 7.54983
5644.5 47 6.85565
5645.5 48 6.9282
5646.5 43 6.55744
5647.5 44 6.63325
5648.5 52 7.2111
5649.5 46 6.78233
5650.5 48 6.9282
5651.5 43 6.55744
5652.5 53 7.28011
5653.5 55 7.4162
5654.5 37 6.08276
5655.5 49 7
5656.5 48 6.9282
5657.5 55 7.4162
5658.5 46 6.78233
5659.5 48 6.9282
5660.5 53 7.28011
5661.5 57 7.54983
5662.5 51 7.14143
5663.5 48 6.9282
5664.5 44 6.63325
5665.5 54 7.34847
5666.5 53 7.28011
5667.5 56 7.48331
5668.5 65 8.06226
5669.5 64 8
5670.5 51 7.14143
5671.5 57 7.54983
5672.5 63 7.93725
5673.5 49 7
5674.5 53 7.28011
5675.5 60 7.74597
5676.5 43 6.55744
5677.5 53 7.28011
5678.5 51 7.14143
5679.5 64 8
5680.5 38 6.16441
5681.5 53 7.28011
5682.5 59 7.68115
5683.5 47 6.85565
5684.5 59 7.68115
5685.5 48 6.9282
5686.5 52 7.2111
5687.5 45 6.7082
5688.5 56 7.48331
5689.5 51 7.14143
5690.5 48 6.9282
5691.5 50 7.07107
5692.5 61 7.81025
5693.5 48 6.9282
5694.5 45 6.7082
5695.5 52 7.2111
5696.5 49 7
5697.5 51 7.14143
5698.5 45 6.7082
5699.5 47 6.85565
5700.5 39 6.245
5701.5 55 7.4162
5702.5 59 7.68115
5703.5 46 6.78233
5704.5 59 7.68115
5705.5 42 6.48074
5706.5 50 7.07107
5707.5 70 8.3666
5708.5 56 7.48331
5709.5 49 7
5710.5 44 6.63325
5711.5 43 6.55744
5712.5 49 7
5713.5 46 6.78233
5714.5 58 7.61577
5715.5 51 7.14143
5716.5 50 7.07107
5717.5 63 7.93725
5718.5 48 6.9282
5719.5 65 8.06226
5720.5 64 8
5721.5 43 6.55744
5722.5 54 7.34847
5723.5 45 6.7082
5724.5 47 6.85565
5725.5 51 7.14143
5726.5 44 6.63325
5727.5 50 7.07107
5728.5 43 6.55744
5729.5 50 7.07107
5730.5 47 6.85565
5731.5 38 6.16441
5732.5 54 7.34847
5733.5 49 7
5734.5 56 7.48331
5735.5 53 7.28011
5736.5 52 7.2111
5737.5 66 8.12404
5738.5 37 6.08276
5739.5 52 7.2111
5740.5 42 6.48074
5741.5 48 6.9282
5742.5 51 7.14143
5743.5 48 6.9282
5744.5 54 7.34847
5745.5 38 6.16441
5746.5 45 6.7082
5747.5 34 5.83095
5748.5 50 7.07107
5749.5 55 7.4162
5750.5 53 7.28011
5751.5 57 7.54983
5752.5 52 7.2111
5753.5 49 7
5754.5 54 7.34847
5755.5 49 7
5756.5 47 6.85565
5757.5 47 6.85565
5758.5 38 6.16441
5759.5 47 6.85565
5760.5 36 6
5761.5 41 6.40312
5762.5 42 6.48074
5763.5 50 7.07107
5764.5 55 7.4162
5765.5 42 6.48074
5766.5 42 6.48074
5767.5 48 6.9282
5768.5 47 6.85565
5769.5 50 7.07107
5770.5 28 5.2915
5771.5 50 7.07107
5772.5 42 6.48074
5773.5 49 7
5774.5 56 7.48331
5775.5 59 7.68115
5776.5 58 7.61577
5777.5 54 7.34847
5778.5 57 7.54983
5779.5 51 7.14143
5780.5 55 7.4162
5781.5 54 7.34847
5782.5 64 8
5783.5 46 6.78233
5784.5 50 7.07107
5785.5 51 7.14143
5786.5 52 7.2111
5787.5 56 7.48331
5788.5 61 7.81025
5789.5 72 8.48528
5790.5 46 6.78233
5791.5 42 6.48074
5792.5 40 6.32456
5793.5 47 6.85565
5794.5 47 6.85565
5795.5 57 7.54983
5796.5 65 8.06226
5797.5 51 7.14143
5798.5 42 6.48074
5799.5 52 7.2111
5800.5 77 8.77496
5801.5 60 7.74597
5802.5 36 6
5803.5 61 7.81025
5804.5 70 8.3666
5805.5 56 7.48331
5806.5 55 7.4162
5807.5 68 8.24621
5808.5 35 5.91608
5809.5 51 7.14143
5810.5 50 7.07107
5811.5 52 7.2111
5812.5 48 6.9282
5813.5 49 7
5814.5 42 6.48074
5815.5 48 6.9282
5816.5 49 7
5817.5 48 6.9282
5818.5 51 7.14143
5819.5 52 7.2111
5820.5 36 6
5821.5 56 7.48331
5822.5 42 6.48074
5823.5 46 6.78233
5824.5 34 5.83095
5825.5 49 7
5826.5 57 7.54983
5827.5 35 5.91608
5828.5 37 6.08276
5829.5 50 7.07107
5830.5 56 7.48331
5831.5 54 7.34847
5832.5 60 7.74597
5833.5 53 7.28011
5834.5 60 7.74597
5835.5 44 6.63325
5836.5 59 7.68115
5837.5 39 6.245
5838.5 47 6.85565
5839.5 56 7.48331
5840.5 50 7.07107
5841.5 51 7.14143
5842.5 44 6.63325
5843.5 51 7.14143
5844.5 46 6.78233
5845.5 49 7
5846.5 42 6.48074
5847.5 54 7.34847
5848.5 48 6.9282
5849.5 52 7.2111
5850.5 43 6.55744
5851.5 59 7.68115
5852.5 62 7.87401
5853.5 47 6.85565
5854.5 45 6.7082
5855.5 52 7.2111
5856.5 40 6.32456
5857.5 45 6.7082
5858.5 52 7.2111
5859.5 48 6.9282
5860.5 49 7
5861.5 54 7.34847
5862.5 54 7.34847
5863.5 37 6.08276
5864.5 47 6.85565
5865.5 38 6.16441
5866.5 64 8
5867.5 57 7.54983
5868.5 41 6.40312
5869.5 59 7.68115
5870.5 49 7
5871.5 49 7
5872.5 54 7.34847
5873.5 66 8.12404
5874.5 45 6.7082
5875.5 55 7.4162
5876.5 46 6.78233
5877.5 47 6.85565
5878.5 67 8.18535
5879.5 43 6.55744
5880.5 37 6.08276
5881.5 56 7.48331
5882.5 51 7.14143
5883.5 52 7.2111
5884.5 41 6.40312
5885.5 49 7
5886.5 45 6.7082
5887.5 54 7.34847
5888.5 50 7.07107
5889.5 52 7.2111
5890.5 52 7.2111
5891.5 55 7.4162
5892.5 43 6.55744
5893.5 46 6.78233
5894.5 51 7.14143
5895.5 54 7.34847
5896.5 52 7.2111
5897.5 63 7.93725
5898.5 54 7.34847
5899.5 55 7.4162
5900.5 40 6.32456
5901.5 42 6.48074
5902.5 44 6.63325
5903.5 39 6.245
5904.5 57 7.54983
5905.5 54 7.34847
5906.5 50 7.07107
5907.5 52 7.2111
5908.5 51 7.14143
5909.5 68 8.24621
5910.5 50 7.07107
5911.5 43 6.55744
5912.5 42 6.48074
5913.5 49 7
5914.5 41 6.40312
5915.5 41 6.40312
5916.5 54 7.34847
5917.5 56 7.48331
5918.5 58 7.61577
5919.5 50 7.07107
5920.5 48 6.9282
5921.5 46 6.78233
5922.5 50 7.07107
5923.5 50 7.07107
5924.5 38 6.16441
5925.5 44 6.63325
5926.5 47 6.85565
5927.5 48 6.9282
5928.5 50 7.07107
5929.5 48 6.9282
5930.5 52 7.2111
5931.5 61 7.81025
5932.5 48 6.9282
5933.5 43 6.55744
5934.5 54 7.34847
5935.5 48 6.9282
5936.5 54 7.34847
5937.5 49 7
5938.5 49 7
5939.5 55 7.4162
5940.5 52 7.2111
5941.5 46 6.78233
5942.5 55 7.4162
5943.5 66 8.12404
5944.5 58 7.61577
5945.5 57 7.54983
5946.5 65 8.06226
5947.5 58 7.61577
5948.5 58 7.61577
5949.5 49 7
5950.5 48 6.9282
5951.5 58 7.61577
5952.5 65 8.06226
5953.5 47 6.85565
5954.5 52 7.2111
5955.5 49 7
5956.5 44 6.63325
5957.5 56 7.48331
5958.5 49 7
5959.5 58 7.61577
5960.5 57 7.54983
5961.5 47 6.85565
5962.5 46 6.78233
5963.5 48 6.9282
5964.5 36 6
5965.5 46 6.78233
5966.5 60 7.74597
5967.5 46 6.78233
5968.5 48 6.9282
5969.5 46 6.78233
5970.5 44 6.63325
5971.5 47 6.85565
5972.5 52 7.2111
5973.5 56 7.48331
5974.5 49 7
5975.5 52 7.2111
5976.5 54 7.34847
5977.5 37 6.08276
5978.5 55 7.4162
5979.5 54 7.34847
5980.5 38 6.16441
5981.5 50 7.07107
5982.5 63 7.93725
5983.5 44 6.63325
5984.5 48 6.9282
5985.5 37 6.08276
5986.5 48 6.9282
5987.5 42 6.48074
5988.5 46 6.78233
5989.5 41 6.40312
5990.5 39 6.245
5991.5 44 6.63325
5992.5 49 7
5993.5 54 7.34847
5994.5 48 6.9282
5995.5 58 7.61577
5996.5 47 6.85565
5997.5 50 7.07107
5998.5 44 6.63325
5999.5 30 5.47723
6000.5 50 7.07107
6001.5 47 6.85565
6002.5 56 7.48331
6003.5 52 7.2111
6004.5 52 7.2111
6005.5 51 7.14143
6006.5 53 7.28011
6007.5 48 6.9282
6008.5 46 6.78233
6009.5 52 7.2111
6010.5 51 7.14143
6011.5 42 6.48074
6012.5 43 6.55744
6013.5 62 7.87401
6014.5 51 7.14143
6015.5 51 7.14143
6016.5 62 7.87401
6017.5 48 6.9282
6018.5 50 7.07107
6019.5 48 6.9282
6020.5 46 6.78233
6021.5 41 6.40312
6022.5 47 6.85565
6023.5 56 7.48331
6024.5 41 6.40312
6025.5 51 7.14143
6026.5 48 6.9282
6027.5 51 7.14143
6028.5 44 6.63325
6029.5 53 7.28011
6030.5 54 7.34847
6031.5 54 7.34847
6032.5 41 6.40312
6033.5 56 7.48331
6034.5 47 6.85565
6035.5 50 7.07107
6036.5 46 6.78233
6037.5 47 6.85565
6038.5 53 7.28011
6039.5 46 6.78233
6040.5 46 6.78233
6041.5 40 6.32456
6042.5 51 7.14143
6043.5 59 7.68115
6044.5 55 7.4162
6045.5 59 7.68115
6046.5 33 5.74456
6047.5 51 7.14143
6048.5 63 7.93725
6049.5 60 7.74597
6050.5 48 6.9282
6051.5 45 6.7082
6052.5 40 6.32456
6053.5 48 6.9282
6054.5 37 6.08276
6055.5 54 7.34847
6056.5 49 7
6057.5 42 6.48074
6058.5 50 7.07107
6059.5 29 5.38516
6060.5 50 7.07107
6061.5 48 6.9282
6062.5 48 6.9282
6063.5 53 7.28011
6064.5 56 7.48331
6065.5 42 6.48074
6066.5 54 7.34847
6067.5 33 5.74456
6068.5 50 7.07107
6069.5 36 6
6070.5 59 7.68115
6071.5 50 7.07107
6072.5 47 6.85565
6073.5 50 7.07107
6074.5 49 7
6075.5 46 6.78233
6076.5 48 6.9282
6077.5 36 6
6078.5 55 7.4162
6079.5 47 6.85565
6080.5 56 7.48331
6081.5 54 7.34847
6082.5 37 6.08276
6083.5 45 6.7082
6084.5 59 7.68115
6085.5 44 6.63325
6086.5 55 7.4162
6087.5 54 7.34847
6088.5 46 6.78233
6089.5 42 6.48074
6090.5 48 6.9282
6091.5 43 6.55744
6092.5 46 6.78233
6093.5 63 7.93725
6094.5 45 6.7082
6095.5 56 7.48331
6096.5 51 7.14143
6097.5 61 7.81025
6098.5 48 6.9282
6099.5 53 7.28011
6100.5 53 7.28011
6101.5 62 7.87401
6102.5 52 7.2111
6103.5 48 6.9282
6104.5 44 6.63325
6105.5 52 7.2111
6106.5 55 7.4162
6107.5 48 6.9282
6108.5 45 6.7082
6109.5 39 6.245
6110.5 58 7.61577
6111.5 42 6.48074
6112.5 61 7.81025
6113.5 48 6.9282
6114.5 47 6.85565
6115.5 56 7.48331
6116.5 46 6.78233
6117.5 51 7.14143
6118.5 49 7
6119.5 54 7.34847
6120.5 56 7.48331
6121.5 42 6.48074
6122.5 57 7.54983
6123.5 55 7.4162
6124.5 59 7.68115
6125.5 58 7.61577
6126.5 46 6.78233
6127.5 51 7.14143
6128.5 60 7.74597
6129.5 64 8
6130.5 47 6.85565
6131.5 53 7.28011
6132.5 51 7.14143
6133.5 62 7.87401
6134.5 55 7.4162
6135.5 44 6.63325
6136.5 51 7.14143
6137.5 54 7.34847
6138.5 47 6.85565
6139.5 56 7.48331
6140.5 55 7.4162
6141.5 46 6.78233
6142.5 49 7
6143.5 48 6.9282
6144.5 47 6.85565
6145.5 46 6.78233
6146.5 63 7.93725
6147.5 50 7.07107
6148.5 52 7.2111
6149.5 56 7.48331
6150.5 52 7.2111
6151.5 52 7.2111
6152.5 41 6.40312
6153.5 45 6.7082
6154.5 60 7.74597
6155.5 44 6.63325
6156.5 49 7
6157.5 39 6.245
6158.5 52 7.2111
6159.5 49 7
6160.5 44 6.63325
6161.5 50 7.07107
6162.5 40 6.32456
6163.5 58 7.61577
6164.5 45 6.7082
6165.5 31 5.56776
6166.5 51 7.14143
6167.5 47 6.85565
6168.5 53 7.28011
6169.5 51 7.14143
6170.5 36 6
6171.5 50 7.07107
6172.5 35 5.91608
6173.5 51 7.14143
6174.5 40 6.32456
6175.5 43 6.55744
6176.5 48 6.9282
6177.5 39 6.245
6178.5 49 7
6179.5 63 7.93725
6180.5 49 7
6181.5 54 7.34847
6182.5 45 6.7082
6183.5 44 6.63325
6184.5 43 6.55744
6185.5 50 7.07107
6186.5 41 6.40312
6187.5 70 8.3666
6188.5 40 6.32456
6189.5 44 6.63325
6190.5 43 6.55744
6191.5 56 7.48331
6192.5 54 7.34847
6193.5 49 7
6194.5 46 6.78233
6195.5 38 6.16441
6196.5 54 7.34847
6197.5 58 7.61577
6198.5 61 7.81025
6199.5 56 7.48331
6200.5 39 6.245
6201.5 56 7.48331
6202.5 55 7.4162
6203.5 48 6.9282
6204.5 54 7.34847
6205.5 53 7.28011
6206.5 59 7.68115
6207.5 55 7.4162
6208.5 47 6.85565
6209.5 44 6.63325
6210.5 55 7.4162
6211.5 52 7.2111
6212.5 47 6.85565
6213.5 60 7.74597
6214.5 42 6.48074
6215.5 58 7.61577
6216.5 55 7.4162
6217.5 44 6.63325
6218.5 46 6.78233
6219.5 58 7.61577
6220.5 50 7.07107
6221.5 49 7
6222.5 53 7.28011
6223.5 36 6
6224.5 45 6.7082
6225.5 62 7.87401
6226.5 45 6.7082
6227.5 53 7.28011
6228.5 43 6.55744
6229.5 48 6.9282
6230.5 26 5.09902
6231.5 57 7.54983
6232.5 40 6.32456
6233.5 45 6.7082
6234.5 61 7.81025
6235.5 45 6.7082
6236.5 46 6.78233
6237.5 41 6.40312
6238.5 44 6.63325
6239.5 39 6.245
6240.5 43 6.55744
6241.5 47 6.85565
6242.5 68 8.24621
6243.5 50 7.07107
6244.5 35 5.91608
6245.5 73 8.544
6246.5 51 7.14143
6247.5 49 7
6248.5 42 6.48074
6249.5 51 7.14143
6250.5 51 7.14143
6251.5 56 7.48331
6252.5 64 8
6253.5 54 7.34847
6254.5 58 7.61577
6255.5 58 7.61577
6256.5 56 7.48331
6257.5 65 8.06226
6258.5 35 5.91608
6259.5 46 6.78233
6260.5 56 7.48331
6261.5 55 7.4162
6262.5 55 7.4162
6263.5 50 7.07107
6264.5 55 7.4162
6265.5 56 7.48331
6266.5 48 6.9282
6267.5 52 7.2111
6268.5 44 6.63325
6269.5 43 6.55744
6270.5 53 7.28011
6271.5 52 7.2111
6272.5 53 7.28011
6273.5 50 7.07107
6274.5 52 7.2111
6275.5 66 8.12404
6276.5 51 7.14143
6277.5 48 6.9282
6278.5 48 6.9282
6279.5 45 6.7082
6280.5 52 7.2111
6281.5 46 6.78233
6282.5 54 7.34847
6283.5 48 6.9282
6284.5 45 6.7082
6285.5 54 7.34847
6286.5 54 7.34847
6287.5 50 7.07107
6288.5 48 6.9282
6289.5 49 7
6290.5 48 6.9282
6291.5 45 6.7082
6292.5 64 8
6293.5 60 7.74597
6294.5 30 5.47723
6295.5 62 7.87401
6296.5 44 6.63325
6297.5 55 7.4162
6298.5 41 6.40312
6299.5 67 8.18535
6300.5 49 7
6301.5 44 6.63325
6302.5 52 7.2111
6303.5 42 6.48074
6304.5 53 7.28011
6305.5 52 7.2111
6306.5 57 7.54983
6307.5 56 7.48331
6308.5 46 6.78233
6309.5 59 7.68115
6310.5 56 7.48331
6311.5 47 6.85565
6312.5 50 7.07107
6313.5 53 7.28011
6314.5 38 6.16441
6315.5 44 6.63325
6316.5 50 7.07107
6317.5 42 6.48074
6318.5 55 7.4162
6319.5 46 6.78233
6320.5 44 6.63325
6321.5 48 6.9282
6322.5 43 6.55744
6323.5 44 6.63325
6324.5 52 7.2111
6325.5 48 6.9282
6326.5 50 7.07107
6327.5 46 6.78233
6328.5 49 7
6329.5 50 7.07107
6330.5 59 7.68115
6331.5 62 7.87401
6332.5 49 7
6333.5 47 6.85565
6334.5 56 7.48331
6335.5 44 6.63325
6336.5 63 7.93725
6337.5 48 6.9282
6338.5 48 6.9282
6339.5 46 6.78233
6340.5 60 7.74597
6341.5 52 7.2111
6342.5 45 6.7082
6343.5 39 6.245
6344.5 66 8.12404
6345.5 52 7.2111
6346.5 57 7.54983
6347.5 46 6.78233
6348.5 45 6.7082
6349.5 42 6.48074
6350.5 38 6.16441
6351.5 57 7.54983
6352.5 42 6.48074
6353.5 44 6.63325
6354.5 49 7
6355.5 48 6.9282
6356.5 42 6.48074
6357.5 43 6.55744
6358.5 53 7.28011
6359.5 44 6.63325
6360.5 62 7.87401
6361.5 53 7.28011
6362.5 38 6.16441
6363.5 55 7.4162
6364.5 45 6.7082
6365.5 61 7.81025
6366.5 53 7.28011
6367.5 54 7.34847
6368.5 50 7.07107
6369.5 46 6.78233
6370.5 53 7.28011
6371.5 48 6.9282
6372.5 38 6.16441
6373.5 45 6.7082
6374.5 63 7.93725
6375.5 44 6.63325
6376.5 50 7.07107
6377.5 43 6.55744
6378.5 38 6.16441
6379.5 43 6.55744
6380.5 49 7
6381.5 48 6.9282
6382.5 50 7.07107
6383.5 54 7.34847
6384.5 51 7.14143
6385.5 52 7.2111
6386.5 58 7.61577
6387.5 55 7.4162
6388.5 49 7
6389.5 46 6.78233
6390.5 41 6.40312
6391.5 51 7.14143
6392.5 51 7.14143
6393.5 62 7.87401
6394.5 56 7.48331
6395.5 44 6.63325
6396.5 57 7.54983
6397.5 52 7.2111
6398.5 54 7.34847
6399.5 49 7
6400.5 48 6.9282
6401.5 65 8.06226
6402.5 58 7.61577
6403.5 64 8
6404.5 55 7.4162
6405.5 56 7.48331
6406.5 43 6.55744
6407.5 52 7.2111
6408.5 45 6.7082
6409.5 52 7.2111
6410.5 55 7.4162
6411.5 53 7.28011
6412.5 41 6.40312
6413.5 56 7.48331
6414.5 44 6.63325
6415.5 49 7
6416.5 53 7.28011
6417.5 47 6.85565
6418.5 51 7.14143
6419.5 52 7.2111
6420.5 49 7
6421.5 44 6.63325
6422.5 53 7.28011
6423.5 51 7.14143
6424.5 54 7.34847
6425.5 36 6
6426.5 53 7.28011
6427.5 61 7.81025
6428.5 49 7
6429.5 48 6.9282
6430.5 43 6.55744
6431.5 41 6.40312
6432.5 49 7
6433.5 55 7.4162
6434.5 48 6.9282
6435.5 51 7.14143
6436.5 52 7.2111
6437.5 52 7.2111
6438.5 48 6.9282
6439.5 48 6.9282
6440.5 41 6.40312
6441.5 51 7.14143
6442.5 50 7.07107
6443.5 52 7.2111
6444.5 57 7.54983
6445.5 45 6.7082
6446.5 51 7.14143
6447.5 45 6.7082
6448.5 51 7.14143
6449.5 52 7.2111
6450.5 50 7.07107
6451.5 49 7
6452.5 43 6.55744
6453.5 52 7.2111
6454.5 57 7.54983
6455.5 32 5.65685
6456.5 47 6.85565
6457.5 60 7.74597
6458.5 51 7.14143
6459.5 57 7.54983
6460.5 36 6
6461.5 48 6.9282
6462.5 45 6.7082
6463.5 44 6.63325
6464.5 44 6.63325
6465.5 54 7.34847
6466.5 48 6.9282
6467.5 45 6.7082
6468.5 39 6.245
6469.5 52 7.2111
6470.5 60 7.74597
6471.5 43 6.55744
6472.5 51 7.14143
6473.5 58 7.61577
6474.5 54 7.34847
6475.5 44 6.63325
6476.5 66 8.12404
6477.5 48 6.9282
6478.5 48 6.9282
6479.5 41 6.40312
6480.5 47 6.85565
6481.5 47 6.85565
6482.5 56 7.48331
6483.5 46 6.78233
6484.5 34 5.83095
6485.5 44 6.63325
6486.5 59 7.68115
6487.5 63 7.93725
6488.5 62 7.87401
6489.5 57 7.54983
6490.5 45 6.7082
6491.5 49 7
6492.5 46 6.78233
6493.5 54 7.34847
6494.5 49 7
6495.5 53 7.28011
6496.5 52 7.2111
6497.5 44 6.63325
6498.5 47 6.85565
6499.5 48 6.9282
6500.5 42 6.48074
6501.5 52 7.2111
6502.5 63 7.93725
6503.5 53 7.28011
6504.5 44 6.63325
6505.5 49 7
6506.5 45 6.7082
6507.5 50 7.07107
6508.5 41 6.40312
6509.5 50 7.07107
6510.5 57 7.54983
6511.5 48 6.9282
6512.5 62 7.87401
6513.5 55 7.4162
6514.5 57 7.54983
6515.5 50 7.07107
6516.5 44 6.63325
6517.5 63 7.93725
6518.5 55 7.4162
6519.5 52 7.2111
6520.5 52 7.2111
6521.5 49 7
6522.5 46 6.78233
6523.5 41 6.40312
6524.5 51 7.14143
6525.5 56 7.48331
6526.5 54 7.34847
6527.5 51 7.14143
6528.5 50 7.07107
6529.5 59 7.68115
6530.5 47 6.85565
6531.5 55 7.4162
6532.5 47 6.85565
6533.5 54 7.34847
6534.5 48 6.9282
6535.5 39 6.245
6536.5 52 7.2111
6537.5 68 8.24621
6538.5 53 7.28011
6539.5 52 7.2111
6540.5 46 6.78233
6541.5 59 7.68115
6542.5 47 6.85565
6543.5 48 6.9282
6544.5 54 7.34847
6545.5 66 8.12404
6546.5 49 7
6547.5 57 7.54983
6548.5 45 6.7082
6549.5 41 6.40312
6550.5 52 7.2111
6551.5 43 6.55744
6552.5 52 7.2111
6553.5 45 6.7082
6554.5 52 7.2111
6555.5 46 6.78233
6556.5 53 7.28011
6557.5 36 6
6558.5 43 6.55744
6559.5 54 7.34847
6560.5 64 8
6561.5 48 6.9282
6562.5 64 8
6563.5 51 7.14143
6564.5 51 7.14143
6565.5 51 7.14143
6566.5 51 7.14143
6567.5 49 7
6568.5 59 7.68115
6569.5 48 6.9282
6570.5 49 7
6571.5 62 7.87401
6572.5 54 7.34847
6573.5 42 6.48074
6574.5 58 7.61577
6575.5 39 6.245
6576.5 46 6.78233
6577.5 52 7.2111
6578.5 55 7.4162
6579.5 43 6.55744
6580.5 53 7.28011
6581.5 42 6.48074
6582.5 43 6.55744
6583.5 78 8.83176
6584.5 46 6.78233
6585.5 48 6.9282
6586.5 47 6.85565
6587.5 61 7.81025
6588.5 41 6.40312
6589.5 54 7.34847
6590.5 48 6.9282
6591.5 53 7.28011
6592.5 48 6.9282
6593.5 47 6.85565
6594.5 42 6.48074
6595.5 57 7.54983
6596.5 50 7.07107
6597.5 57 7.54983
6598.5 47 6.85565
6599.5 52 7.2111
6600.5 55 7.4162
6601.5 49 7
6602.5 32 5.65685
6603.5 44 6.63325
6604.5 48 6.9282
6605.5 47 6.85565
6606.5 40 6.32456
6607.5 50 7.07107
6608.5 49 7
6609.5 52 7.2111
6610.5 60 7.74597
6611.5 47 6.85565
6612.5 43 6.55744
6613.5 54 7.34847
6614.5 36 6
6615.5 46 6.78233
6616.5 55 7.4162
6617.5 62 7.87401
6618.5 51 7.14143
6619.5 50 7.07107
6620.5 49 7
6621.5 55 7.4162
6622.5 55 7.4162
6623.5 49 7
6624.5 46 6.78233
6625.5 56 7.48331
6626.5 41 6.40312
6627.5 48 6.9282
6628.5 54 7.34847
6629.5 59 7.68115
6630.5 59 7.68115
6631.5 59 7.68115
6632.5 48 6.9282
6633.5 52 7.2111
6634.5 61 7.81025
6635.5 53 7.28011
6636.5 41 6.40312
6637.5 42 6.48074
6638.5 50 7.07107
6639.5 42 6.48074
6640.5 68 8.24621
6641.5 47 6.85565
6642.5 57 7.54983
6643.5 57 7.54983
6644.5 52 7.2111
6645.5 52 7.2111
6646.5 51 7.14143
6647.5 50 7.07107
6648.5 49 7
6649.5 53 7.28011
6650.5 45 6.7082
6651.5 50 7.07107
6652.5 44 6.63325
6653.5 51 7.14143
6654.5 54 7.34847
6655.5 49 7
6656.5 41 6.40312
6657.5 56 7.48331
6658.5 55 7.4162
6659.5 55 7.4162
6660.5 47 6.85565
6661.5 67 8.18535
6662.5 45 6.7082
6663.5 42 6.48074
6664.5 45 6.7082
6665.5 43 6.55744
6666.5 50 7.07107
6667.5 46 6.78233
6668.5 49 7
6669.5 48 6.9282
6670.5 42 6.48074
6671.5 51 7.14143
6672.5 53 7.28011
6673.5 46 6.78233
6674.5 39 6.245
6675.5 56 7.48331
6676.5 52 7.2111
6677.5 46 6.78233
6678.5 48 6.9282
6679.5 45 6.7082
6680.5 46 6.78233
6681.5 53 7.28011
6682.5 51 7.14143
6683.5 55 7.4162
6684.5 50 7.07107
6685.5 48 6.9282
6686.5 46 6.78233
6687.5 40 6.32456
6688.5 61 7.81025
6689.5 60 7.74597
6690.5 52 7.2111
6691.5 66 8.12404
6692.5 49 7
6693.5 61 7.81025
6694.5 53 7.28011
6695.5 56 7.48331
6696.5 60 7.74597
6697.5 56 7.48331
6698.5 55 7.4162
6699.5 45 6.7082
6700.5 50 7.07107
6701.5 44 6.63325
6702.5 52 7.2111
6703.5 41 6.40312
6704.5 57 7.54983
6705.5 54 7.34847
6706.5 47 6.85565
6707.5 48 6.9282
6708.5 45 6.7082
6709.5 54 7.34847
6710.5 54 7.34847
6711.5 56 7.48331
6712.5 37 6.08276
6713.5 61 7.81025
6714.5 65 8.06226
6715.5 41 6.40312
6716.5 40 6.32456
6717.5 54 7.34847
6718.5 57 7.54983
6719.5 46 6.78233
6720.5 51 7.14143
6721.5 53 7.28011
6722.5 63 7.93725
6723.5 52 7.2111
6724.5 43 6.55744
6725.5 57 7.54983
6726.5 59 7.68115
6727.5 44 6.63325
6728.5 54 7.34847
6729.5 55 7.4162
6730.5 47 6.85565
6731.5 50 7.07107
6732.5 55 7.4162
6733.5 52 7.2111
6734.5 51 7.14143
6735.5 56 7.48331
6736.5 64 8
6737.5 54 7.34847
6738.5 54 7.34847
6739.5 40 6.32456
6740.5 62 7.87401
6741.5 40 6.32456
6742.5 47 6.85565
6743.5 52 7.2111
6744.5 53 7.28011
6745.5 46 6.78233
6746.5 45 6.7082
6747.5 71 8.42615
6748.5 42 6.48074
6749.5 39 6.245
6750.5 64 8
6751.5 53 7.28011
6752.5 58 7.61577
6753.5 44 6.63325
6754.5 49 7
6755.5 62 7.87401
6756.5 49 7
6757.5 61 7.81025
6758.5 52 7.2111
6759.5 51 7.14143
6760.5 48 6.9282
6761.5 50 7.07107
6762.5 51 7.14143
6763.5 46 6.78233
6764.5 69 8.30662
6765.5 57 7.54983
6766.5 47 6.85565
6767.5 54 7.34847
6768.5 53 7.28011
6769.5 50 7.07107
6770.5 52 7.2111
6771.5 56 7.48331
6772.5 44 6.63325
6773.5 58 7.61577
6774.5 36 6
6775.5 52 7.2111
6776.5 63 7.93725
6777.5 64 8
6778.5 33 5.74456
6779.5 58 7.61577
6780.5 49 7
6781.5 45 6.7082
6782.5 44 6.63325
6783.5 45 6.7082
6784.5 49 7
6785.5 52 7.2111
6786.5 47 6.85565
6787.5 56 7.48331
6788.5 49 7
6789.5 54 7.34847
6790.5 48 6.9282
6791.5 59 7.68115
6792.5 45 6.7082
6793.5 62 7.87401
6794.5 39 6.245
6795.5 52 7.2111
6796.5 45 6.7082
6797.5 44 6.63325
6798.5 44 6.63325
6799.5 57 7.54983
6800.5 54 7.34847
6801.5 48 6.9282
6802.5 49 7
6803.5 40 6.32456
6804.5 58 7.61577
6805.5 65 8.06226
6806.5 60 7.74597
6807.5 53 7.28011
6808.5 53 7.28011
6809.5 49 7
6810.5 60 7.74597
6811.5 49 7
6812.5 62 7.87401
6813.5 51 7.14143
6814.5 41 6.40312
6815.5 61 7.81025
6816.5 43 6.55744
6817.5 53 7.28011
6818.5 46 6.78233
6819.5 50 7.07107
6820.5 45 6.7082
6821.5 53 7.28011
6822.5 37 6.08276
6823.5 49 7
6824.5 58 7.61577
6825.5 51 7.14143
6826.5 52 7.2111
6827.5 60 7.74597
6828.5 41 6.40312
6829.5 39 6.245
6830.5 51 7.14143
6831.5 42 6.48074
6832.5 55 7.4162
6833.5 50 7.07107
6834.5 60 7.74597
6835.5 52 7.2111
6836.5 53 7.28011
6837.5 52 7.2111
6838.5 58 7.61577
6839.5 53 7.28011
6840.5 30 5.47723
6841.5 48 6.9282
6842.5 40 6.32456
6843.5 58 7.61577
6844.5 47 6.85565
6845.5 59 7.68115
6846.5 49 7
6847.5 45 6.7082
6848.5 56 7.48331
6849.5 61 7.81025
6850.5 57 7.54983
6851.5 46 6.78233
6852.5 55 7.4162
6853.5 58 7.61577
6854.5 45 6.7082
6855.5 49 7
6856.5 54 7.34847
6857.5 52 7.2111
6858.5 46 6.78233
6859.5 51 7.14143
6860.5 45 6.7082
6861.5 47 6.85565
6862.5 59 7.68115
6863.5 46 6.78233
6864.5 49 7
6865.5 58 7.61577
6866.5 56 7.48331
6867.5 45 6.7082
6868.5 38 6.16441
6869.5 60 7.74597
6870.5 57 7.54983
6871.5 46 6.78233
6872.5 62 7.87401
6873.5 35 5.91608
6874.5 58 7.61577
6875.5 57 7.54983
6876.5 43 6.55744
6877.5 55 7.4162
6878.5 43 6.55744
6879.5 48 6.9282
6880.5 53 7.28011
6881.5 61 7.81025
6882.5 54 7.34847
6883.5 67 8.18535
6884.5 52 7.2111
6885.5 38 6.16441
6886.5 52 7.2111
6887.5 46 6.78233
6888.5 53 7.28011
6889.5 56 7.48331
6890.5 42 6.48074
6891.5 63 7.93725
6892.5 56 7.48331
6893.5 52 7.2111
6894.5 55 7.4162
6895.5 42 6.48074
6896.5 35 5.91608
6897.5 63 7.93725
6898.5 62 7.87401
6899.5 45 6.7082
6900.5 57 7.54983
6901.5 48 6.9282
6902.5 46 6.78233
6903.5 44 6.63325
6904.5 54 7.34847
6905.5 52 7.2111
6906.5 59 7.68115
6907.5 42 6.48074
6908.5 52 7.2111
6909.5 57 7.54983
6910.5 53 7.28011
6911.5 67 8.18535
6912.5 49 7
6913.5 52 7.2111
6914.5 51 7.14143
6915.5 48 6.9282
6916.5 58 7.61577
6917.5 55 7.4162
6918.5 51 7.14143
6919.5 42 6.48074
6920.5 47 6.85565
6921.5 57 7.54983
6922.5 53 7.28011
6923.5 47 6.85565
6924.5 60 7.74597
6925.5 50 7.07107
6926.5 57 7.54983
6927.5 55 7.4162
6928.5 47 6.85565
6929.5 41 6.40312
6930.5 50 7.07107
6931.5 58 7.61577
6932.5 47 6.85565
6933.5 51 7.14143
6934.5 52 7.2111
6935.5 66 8.12404
6936.5 54 7.34847
6937.5 49 7
6938.5 59 7.68115
6939.5 48 6.9282
6940.5 55 7.4162
6941.5 55 7.4162
6942.5 50 7.07107
6943.5 56 7.48331
6944.5 42 6.48074
6945.5 55 7.4162
6946.5 45 6.7082
6947.5 53 7.28011
6948.5 60 7.74597
6949.5 56 7.48331
6950.5 46 6.78233
6951.5 45 6.7082
6952.5 50 7.07107
6953.5 54 7.34847
6954.5 55 7.4162
6955.5 55 7.4162
6956.5 55 7.4162
6957.5 63 7.93725
6958.5 63 7.93725
6959.5 45 6.7082
6960.5 61 7.81025
6961.5 64 8
6962.5 53 7.28011
6963.5 70 8.3666
6964.5 47 6.85565
6965.5 53 7.28011
6966.5 39 6.245
6967.5 60 7.74597
6968.5 49 7
6969.5 67 8.18535
6970.5 46 6.78233
6971.5 50 7.07107
6972.5 49 7
6973.5 51 7.14143
6974.5 64 8
6975.5 59 7.68115
6976.5 53 7.28011
6977.5 51 7.14143
6978.5 47 6.85565
6979.5 53 7.28011
6980.5 61 7.81025
6981.5 59 7.68115
6982.5 50 7.07107
6983.5 50 7.07107
6984.5 66 8.12404
6985.5 52 7.2111
6986.5 67 8.18535
6987.5 44 6.63325
6988.5 54 7.34847
6989.5 59 7.68115
6990.5 56 7.48331
6991.5 50 7.07107
6992.5 61 7.81025
6993.5 50 7.07107
6994.5 61 7.81025
6995.5 62 7.87401
6996.5 44 6.63325
6997.5 62 7.87401
6998.5 46 6.78233
6999.5 61 7.81025
7000.5 55 7.4162
7001.5 57 7.54983
7002.5 46 6.78233
7003.5 54 7.34847
7004.5 56 7.48331
7005.5 43 6.55744
7006.5 48 6.9282
7007.5 60 7.74597
7008.5 56 7.48331
7009.5 58 7.61577
7010.5 54 7.34847
7011.5 55 7.4162
7012.5 44 6.63325
7013.5 66 8.12404
7014.5 54 7.34847
7015.5 53 7.28011
7016.5 50 7.07107
7017.5 55 7.4162
7018.5 48 6.9282
7019.5 44 6.63325
7020.5 62 7.87401
7021.5 48 6.9282
7022.5 56 7.48331
7023.5 55 7.4162
7024.5 58 7.61577
7025.5 45 6.7082
7026.5 51 7.14143
7027.5 40 6.32456
7028.5 49 7
7029.5 57 7.54983
7030.5 42 6.48074
7031.5 64 8
7032.5 64 8
7033.5 61 7.81025
7034.5 68 8.24621
7035.5 62 7.87401
7036.5 55 7.4162
7037.5 51 7.14143
7038.5 49 7
7039.5 63 7.93725
7040.5 57 7.54983
7041.5 51 7.14143
7042.5 42 6.48074
7043.5 52 7.2111
7044.5 57 7.54983
7045.5 50 7.07107
7046.5 65 8.06226
7047.5 46 6.78233
7048.5 58 7.61577
7049.5 51 7.14143
7050.5 51 7.14143
7051.5 47 6.85565
7052.5 59 7.68115
7053.5 53 7.28011
7054.5 58 7.61577
7055.5 61 7.81025
7056.5 52 7.2111
7057.5 54 7.34847
7058.5 43 6.55744
7059.5 47 6.85565
7060.5 57 7.54983
7061.5 50 7.07107
7062.5 58 7.61577
7063.5 51 7.14143
7064.5 64 8
7065.5 49 7
7066.5 50 7.07107
7067.5 68 8.24621
7068.5 58 7.61577
7069.5 59 7.68115
7070.5 60 7.74597
7071.5 62 7.87401
7072.5 63 7.93725
7073.5 68 8.24621
7074.5 58 7.61577
7075.5 66 8.12404
7076.5 83 9.11043
7077.5 71 8.42615
7078.5 66 8.12404
7079.5 72 8.48528
7080.5 84 9.16515
7081.5 71 8.42615
7082.5 80 8.94427
7083.5 91 9.53939
7084.5 80 8.94427
7085.5 88 9.38083
7086.5 82 9.05539
7087.5 92 9.59166
7088.5 78 8.83176
7089.5 101 10.0499
7090.5 73 8.544
7091.5 84 9.16515
7092.5 90 9.48683
7093.5 77 8.77496
7094.5 78 8.83176
7095.5 82 9.05539
7096.5 99 9.94987
7097.5 84 9.16515
7098.5 71 8.42615
7099.5 87 9.32738
7100.5 78 8.83176
7101.5 67 8.18535
7102.5 66 8.12404
7103.5 86 9.27362
7104.5 80 8.94427
7105.5 58 7.61577
7106.5 72 8.48528
7107.5 69 8.30662
7108.5 52 7.2111
7109.5 47 6.85565
7110.5 61 7.81025
7111.5 60 7.74597
7112.5 54 7.34847
7113.5 57 7.54983
7114.5 51 7.14143
7115.5 59 7.68115
7116.5 61 7.81025
7117.5 56 7.48331
7118.5 54 7.34847
7119.5 52 7.2111
7120.5 52 7.2111
7121.5 55 7.4162
7122.5 41 6.40312
7123.5 50 7.07107
7124.5 53 7.28011
7125.5 60 7.74597
7126.5 56 7.48331
7127.5 58 7.61577
7128.5 67 8.18535
7129.5 64 8
7130.5 44 6.63325
7131.5 69 8.30662
7132.5 58 7.61577
7133.5 50 7.07107
7134.5 44 6.63325
7135.5 73 8.544
7136.5 53 7.28011
7137.5 61 7.81025
7138.5 54 7.34847
7139.5 54 7.34847
7140.5 71 8.42615
7141.5 54 7.34847
7142.5 57 7.54983
7143.5 66 8.12404
7144.5 44 6.63325
7145.5 61 7.81025
7146.5 48 6.9282
7147.5 56 7.48331
7148.5 76 8.7178
7149.5 54 7.34847
7150.5 55 7.4162
7151.5 55 7.4162
7152.5 69 8.30662
7153.5 56 7.48331
7154.5 60 7.74597
7155.5 52 7.2111
7156.5 45 6.7082
7157.5 63 7.93725
7158.5 56 7.48331
7159.5 50 7.07107
7160.5 62 7.87401
7161.5 65 8.06226
7162.5 47 6.85565
7163.5 51 7.14143
7164.5 52 7.2111
7165.5 54 7.34847
7166.5 65 8.06226
7167.5 60 7.74597
7168.5 42 6.48074
7169.5 58 7.61577
7170.5 65 8.06226
7171.5 63 7.93725
7172.5 64 8
7173.5 51 7.14143
7174.5 55 7.4162
7175.5 60 7.74597
7176.5 44 6.63325
7177.5 56 7.48331
7178.5 55 7.4162
7179.5 41 6.40312
7180.5 60 7.74597
7181.5 62 7.87401
7182.5 56 7.48331
7183.5 50 7.07107
7184.5 55 7.4162
7185.5 53 7.28011
7186.5 33 5.74456
7187.5 57 7.54983
7188.5 56 7.48331
7189.5 58 7.61577
7190.5 48 6.9282
7191.5 61 7.81025
7192.5 37 6.08276
7193.5 51 7.14143
7194.5 68 8.24621
7195.5 52 7.2111
7196.5 58 7.61577
7197.5 58 7.61577
7198.5 59 7.68115
7199.5 66 8.12404
7200.5 46 6.78233
7201.5 56 7.48331
7202.5 69 8.30662
7203.5 66 8.12404
7204.5 53 7.28011
7205.5 54 7.34847
7206.5 53 7.28011
7207.5 57 7.54983
7208.5 63 7.93725
7209.5 53 7.28011
7210.5 56 7.48331
7211.5 53 7.28011
7212.5 59 7.68115
7213.5 66 8.12404
7214.5 57 7.54983
7215.5 55 7.4162
7216.5 66 8.12404
7217.5 49 7
7218.5 56 7.48331
7219.5 53 7.28011
7220.5 51 7.14143
7221.5 38 6.16441
7222.5 51 7.14143
7223.5 52 7.2111
7224.5 52 7.2111
7225.5 60 7.74597
7226.5 66 8.12404
7227.5 65 8.06226
7228.5 55 7.4162
7229.5 54 7.34847
7230.5 64 8
7231.5 50 7.07107
7232.5 51 7.14143
7233.5 41 6.40312
7234.5 56 7.48331
7235.5 59 7.68115
7236.5 63 7.93725
7237.5 50 7.07107
7238.5 43 6.55744
7239.5 52 7.2111
7240.5 65 8.06226
7241.5 56 7.48331
7242.5 52 7.2111
7243.5 46 6.78233
7244.5 64 8
7245.5 51 7.14143
7246.5 56 7.48331
7247.5 54 7.34847
7248.5 55 7.4162
7249.5 51 7.14143
7250.5 58 7.61577
7251.5 53 7.28011
7252.5 64 8
7253.5 52 7.2111
7254.5 54 7.34847
7255.5 49 7
7256.5 48 6.9282
7257.5 38 6.16441
7258.5 62 7.87401
7259.5 53 7.28011
7260.5 70 8.3666
7261.5 60 7.74597
7262.5 63 7.93725
7263.5 58 7.61577
7264.5 60 7.74597
7265.5 51 7.14143
7266.5 55 7.4162
7267.5 71 8.42615
7268.5 54 7.34847
7269.5 47 6.85565
7270.5 60 7.74597
7271.5 69 8.30662
7272.5 48 6.9282
7273.5 73 8.544
7274.5 64 8
7275.5 67 8.18535
7276.5 48 6.9282
7277.5 58 7.61577
7278.5 62 7.87401
7279.5 47 6.85565
7280.5 59 7.68115
7281.5 57 7.54983
7282.5 69 8.30662
7283.5 54 7.34847
7284.5 45 6.7082
7285.5 67 8.18535
7286.5 49 7
7287.5 59 7.68115
7288.5 45 6.7082
7289.5 48 6.9282
7290.5 38 6.16441
7291.5 49 7
7292.5 47 6.85565
7293.5 48 6.9282
7294.5 64 8
7295.5 46 6.78233
7296.5 62 7.87401
7297.5 58 7.61577
7298.5 39 6.245
7299.5 65 8.06226
7300.5 60 7.74597
7301.5 44 6.63325
7302.5 46 6.78233
7303.5 56 7.48331
7304.5 57 7.54983
7305.5 42 6.48074
7306.5 77 8.77496
7307.5 41 6.40312
7308.5 56 7.48331
7309.5 50 7.07107
7310.5 56 7.48331
7311.5 51 7.14143
7312.5 61 7.81025
7313.5 50 7.07107
7314.5 50 7.07107
7315.5 47 6.85565
7316.5 53 7.28011
7317.5 62 7.87401
7318.5 42 6.48074
7319.5 53 7.28011
7320.5 61 7.81025
7321.5 46 6.78233
7322.5 60 7.74597
7323.5 63 7.93725
7324.5 46 6.78233
7325.5 58 7.61577
7326.5 47 6.85565
7327.5 55 7.4162
7328.5 52 7.2111
7329.5 57 7.54983
7330.5 53 7.28011
7331.5 52 7.2111
7332.5 54 7.34847
7333.5 52 7.2111
7334.5 47 6.85565
7335.5 49 7
7336.5 50 7.07107
7337.5 49 7
7338.5 54 7.34847
7339.5 52 7.2111
7340.5 53 7.28011
7341.5 59 7.68115
7342.5 52 7.2111
7343.5 43 6.55744
7344.5 47 6.85565
7345.5 55 7.4162
7346.5 58 7.61577
7347.5 59 7.68115
7348.5 63 7.93725
7349.5 46 6.78233
7350.5 55 7.4162
7351.5 54 7.34847
7352.5 56 7.48331
7353.5 60 7.74597
7354.5 41 6.40312
7355.5 51 7.14143
7356.5 51 7.14143
7357.5 40 6.32456
7358.5 60 7.74597
7359.5 47 6.85565
7360.5 49 7
7361.5 47 6.85565
7362.5 47 6.85565
7363.5 46 6.78233
7364.5 48 6.9282
7365.5 41 6.40312
7366.5 46 6.78233
7367.5 61 7.81025
7368.5 52 7.2111
7369.5 62 7.87401
7370.5 53 7.28011
7371.5 55 7.4162
7372.5 58 7.61577
7373.5 46 6.78233
7374.5 61 7.81025
7375.5 45 6.7082
7376.5 46 6.78233
7377.5 56 7.48331
7378.5 49 7
7379.5 56 7.48331
7380.5 61 7.81025
7381.5 54 7.34847
7382.5 52 7.2111
7383.5 47 6.85565
7384.5 58 7.61577
7385.5 49 7
7386.5 53 7.28011
7387.5 51 7.14143
7388.5 55 7.4162
7389.5 55 7.4162
7390.5 56 7.48331
7391.5 49 7
7392.5 51 7.14143
7393.5 49 7
7394.5 49 7
7395.5 75 8.66025
7396.5 51 7.14143
7397.5 47 6.85565
7398.5 52 7.2111
7399.5 49 7
7400.5 60 7.74597
7401.5 56 7.48331
7402.5 65 8.06226
7403.5 52 7.2111
7404.5 62 7.87401
7405.5 31 5.56776
7406.5 50 7.07107
7407.5 53 7.28011
7408.5 50 7.07107
7409.5 41 6.40312
7410.5 49 7
7411.5 58 7.61577
7412.5 66 8.12404
7413.5 61 7.81025
7414.5 53 7.28011
7415.5 65 8.06226
7416.5 68 8.24621
7417.5 69 8.30662
7418.5 57 7.54983
7419.5 54 7.34847
7420.5 55 7.4162
7421.5 45 6.7082
7422.5 59 7.68115
7423.5 39 6.245
7424.5 54 7.34847
7425.5 61 7.81025
7426.5 46 6.78233
7427.5 60 7.74597
7428.5 59 7.68115
7429.5 52 7.2111
7430.5 52 7.2111
7431.5 48 6.9282
7432.5 54 7.34847
7433.5 57 7.54983
7434.5 53 7.28011
7435.5 50 7.07107
7436.5 47 6.85565
7437.5 52 7.2111
7438.5 50 7.07107
7439.5 46 6.78233
7440.5 43 6.55744
7441.5 44 6.63325
7442.5 68 8.24621
7443.5 51 7.14143
7444.5 54 7.34847
7445.5 57 7.54983
7446.5 43 6.55744
7447.5 40 6.32456
7448.5 56 7.48331
7449.5 46 6.78233
7450.5 47 6.85565
7451.5 63 7.93725
7452.5 53 7.28011
7453.5 56 7.48331
7454.5 50 7.07107
7455.5 49 7
7456.5 66 8.12404
7457.5 47 6.85565
7458.5 52 7.2111
7459.5 48 6.9282
7460.5 49 7
7461.5 48 6.9282
7462.5 57 7.54983
7463.5 45 6.7082
7464.5 39 6.245
7465.5 58 7.61577
7466.5 61 7.81025
7467.5 53 7.28011
7468.5 49 7
7469.5 57 7.54983
7470.5 50 7.07107
7471.5 50 7.07107
7472.5 47 6.85565
7473.5 58 7.61577
7474.5 44 6.63325
7475.5 58 7.61577
7476.5 55 7.4162
7477.5 52 7.2111
7478.5 57 7.54983
7479.5 56 7.48331
7480.5 60 7.74597
7481.5 58 7.61577
7482.5 65 8.06226
7483.5 58 7.61577
7484.5 55 7.4162
7485.5 59 7.68115
7486.5 54 7.34847
7487.5 73 8.544
7488.5 50 7.07107
7489.5 60 7.74597
7490.5 44 6.63325
7491.5 53 7.28011
7492.5 53 7.28011
7493.5 52 7.2111
7494.5 50 7.07107
7495.5 57 7.54983
7496.5 67 8.18535
7497.5 59 7.68115
7498.5 56 7.48331
7499.5 51 7.14143
7500.5 50 7.07107
7501.5 61 7.81025
7502.5 57 7.54983
7503.5 58 7.61577
7504.5 46 6.78233
7505.5 45 6.7082
7506.5 47 6.85565
7507.5 63 7.93725
7508.5 61 7.81025
7509.5 61 7.81025
7510.5 52 7.2111
7511.5 60 7.74597
7512.5 51 7.14143
7513.5 55 7.4162
7514.5 46 6.78233
7515.5 55 7.4162
7516.5 51 7.14143
7517.5 52 7.2111
7518.5 43 6.55744
7519.5 48 6.9282
7520.5 43 6.55744
7521.5 49 7
7522.5 60 7.74597
7523.5 65 8.06226
7524.5 51 7.14143
7525.5 66 8.12404
7526.5 54 7.34847
7527.5 55 7.4162
7528.5 47 6.85565
7529.5 61 7.81025
7530.5 54 7.34847
7531.5 47 6.85565
7532.5 47 6.85565
7533.5 64 8
7534.5 49 7
7535.5 51 7.14143
7536.5 47 6.85565
7537.5 56 7.48331
7538.5 55 7.4162
7539.5 48 6.9282
7540.5 55 7.4162
7541.5 52 7.2111
7542.5 56 7.48331
7543.5 42 6.48074
7544.5 59 7.68115
7545.5 58 7.61577
7546.5 66 8.12404
7547.5 45 6.7082
7548.5 58 7.61577
7549.5 56 7.48331
7550.5 56 7.48331
7551.5 52 7.2111
7552.5 50 7.07107
7553.5 53 7.28011
7554.5 45 6.7082
7555.5 50 7.07107
7556.5 48 6.9282
7557.5 55 7.4162
7558.5 49 7
7559.5 65 8.06226
7560.5 58 7.61577
7561.5 58 7.61577
7562.5 59 7.68115
7563.5 33 5.74456
7564.5 58 7.61577
7565.5 57 7.54983
7566.5 54 7.34847
7567.5 55 7.4162
7568.5 45 6.7082
7569.5 52 7.2111
7570.5 54 7.34847
7571.5 47 6.85565
7572.5 47 6.85565
7573.5 53 7.28011
7574.5 48 6.9282
7575.5 55 7.4162
7576.5 57 7.54983
7577.5 63 7.93725
7578.5 47 6.85565
7579.5 47 6.85565
7580.5 45 6.7082
7581.5 65 8.06226
7582.5 47 6.85565
7583.5 47 6.85565
7584.5 55 7.4162
7585.5 60 7.74597
7586.5 41 6.40312
7587.5 67 8.18535
7588.5 40 6.32456
7589.5 62 7.87401
7590.5 63 7.93725
7591.5 73 8.544
7592.5 51 7.14143
7593.5 55 7.4162
7594.5 43 6.55744
7595.5 63 7.93725
7596.5 53 7.28011
7597.5 44 6.63325
7598.5 49 7
7599.5 43 6.55744
7600.5 42 6.48074
7601.5 65 8.06226
7602.5 52 7.2111
7603.5 50 7.07107
7604.5 48 6.9282
7605.5 52 7.2111
7606.5 42 6.48074
7607.5 49 7
7608.5 58 7.61577
7609.5 64 8
7610.5 46 6.78233
7611.5 50 7.07107
7612.5 56 7.48331
7613.5 44 6.63325
7614.5 63 7.93725
7615.5 45 6.7082
7616.5 51 7.14143
7617.5 62 7.87401
7618.5 53 7.28011
7619.5 51 7.14143
7620.5 59 7.68115
7621.5 72 8.48528
7622.5 46 6.78233
7623.5 61 7.81025
7624.5 70 8.3666
7625.5 47 6.85565
7626.5 57 7.54983
7627.5 56 7.48331
7628.5 58 7.61577
7629.5 49 7
7630.5 48 6.9282
7631.5 53 7.28011
7632.5 56 7.48331
7633.5 38 6.16441
7634.5 50 7.07107
7635.5 49 7
7636.5 53 7.28011
7637.5 45 6.7082
7638.5 57 7.54983
7639.5 39 6.245
7640.5 49 7
7641.5 52 7.2111
7642.5 57 7.54983
7643.5 53 7.28011
7644.5 55 7.4162
7645.5 41 6.40312
7646.5 53 7.28011
7647.5 50 7.07107
7648.5 50 7.07107
7649.5 60 7.74597
7650.5 55 7.4162
7651.5 64 8
7652.5 65 8.06226
7653.5 55 7.4162
7654.5 51 7.14143
7655.5 45 6.7082
7656.5 52 7.2111
7657.5 62 7.87401
7658.5 59 7.68115
7659.5 59 7.68115
7660.5 55 7.4162
7661.5 54 7.34847
7662.5 50 7.07107
7663.5 39 6.245
7664.5 60 7.74597
7665.5 49 7
7666.5 65 8.06226
7667.5 75 8.66025
7668.5 57 7.54983
7669.5 58 7.61577
7670.5 40 6.32456
7671.5 49 7
7672.5 41 6.40312
7673.5 52 7.2111
7674.5 58 7.61577
7675.5 54 7.34847
7676.5 44 6.63325
7677.5 50 7.07107
7678.5 47 6.85565
7679.5 55 7.4162
7680.5 49 7
7681.5 57 7.54983
7682.5 41 6.40312
7683.5 50 7.07107
7684.5 54 7.34847
7685.5 65 8.06226
7686.5 64 8
7687.5 46 6.78233
7688.5 53 7.28011
7689.5 50 7.07107
7690.5 39 6.245
7691.5 47 6.85565
7692.5 57 7.54983
7693.5 65 8.06226
7694.5 73 8.544
7695.5 62 7.87401
7696.5 59 7.68115
7697.5 59 7.68115
7698.5 47 6.85565
7699.5 55 7.4162
7700.5 48 6.9282
7701.5 44 6.63325
7702.5 71 8.42615
7703.5 51 7.14143
7704.5 46 6.78233
7705.5 58 7.61577
7706.5 51 7.14143
7707.5 56 7.48331
7708.5 50 7.07107
7709.5 59 7.68115
7710.5 48 6.9282
7711.5 47 6.85565
7712.5 66 8.12404
7713.5 47 6.85565
7714.5 67 8.18535
7715.5 62 7.87401
7716.5 48 6.9282
7717.5 54 7.34847
7718.5 50 7.07107
7719.5 49 7
7720.5 57 7.54983
7721.5 62 7.87401
7722.5 63 7.93725
7723.5 47 6.85565
7724.5 69 8.30662
7725.5 43 6.55744
7726.5 68 8.24621
7727.5 57 7.54983
7728.5 53 7.28011
7729.5 56 7.48331
7730.5 60 7.74597
7731.5 56 7.48331
7732.5 47 6.85565
7733.5 56 7.48331
7734.5 59 7.68115
7735.5 51 7.14143
7736.5 46 6.78233
7737.5 57 7.54983
7738.5 68 8.24621
7739.5 47 6.85565
7740.5 60 7.74597
7741.5 46 6.78233
7742.5 56 7.48331
7743.5 59 7.68115
7744.5 49 7
7745.5 53 7.28011
7746.5 54 7.34847
7747.5 53 7.28011
7748.5 56 7.48331
7749.5 41 6.40312
7750.5 61 7.81025
7751.5 44 6.63325
7752.5 47 6.85565
7753.5 55 7.4162
7754.5 43 6.55744
7755.5 62 7.87401
7756.5 60 7.74597
7757.5 65 8.06226
7758.5 47 6.85565
7759.5 67 8.18535
7760.5 59 7.68115
7761.5 40 6.32456
7762.5 63 7.93725
7763.5 60 7.74597
7764.5 68 8.24621
7765.5 67 8.18535
7766.5 61 7.81025
7767.5 57 7.54983
7768.5 59 7.68115
7769.5 52 7.2111
7770.5 69 8.30662
7771.5 51 7.14143
7772.5 54 7.34847
7773.5 48 6.9282
7774.5 56 7.48331
7775.5 61 7.81025
7776.5 69 8.30662
7777.5 60 7.74597
7778.5 63 7.93725
7779.5 65 8.06226
7780.5 41 6.40312
7781.5 45 6.7082
7782.5 59 7.68115
7783.5 48 6.9282
7784.5 64 8
7785.5 71 8.42615
7786.5 65 8.06226
7787.5 64 8
7788.5 48 6.9282
7789.5 59 7.68115
7790.5 50 7.07107
7791.5 43 6.55744
7792.5 43 6.55744
7793.5 62 7.87401
7794.5 50 7.07107
7795.5 51 7.14143
7796.5 68 8.24621
7797.5 54 7.34847
7798.5 64 8
7799.5 41 6.40312
7800.5 51 7.14143
7801.5 53 7.28011
7802.5 58 7.61577
7803.5 56 7.48331
7804.5 58 7.61577
7805.5 53 7.28011
7806.5 57 7.54983
7807.5 65 8.06226
7808.5 52 7.2111
7809.5 52 7.2111
7810.5 55 7.4162
7811.5 54 7.34847
7812.5 55 7.4162
7813.5 49 7
7814.5 64 8
7815.5 52 7.2111
7816.5 55 7.4162
7817.5 59 7.68115
7818.5 53 7.28011
7819.5 53 7.28011
7820.5 61 7.81025
7821.5 55 7.4162
7822.5 63 7.93725
7823.5 55 7.4162
7824.5 58 7.61577
7825.5 55 7.4162
7826.5 63 7.93725
7827.5 57 7.54983
7828.5 57 7.54983
7829.5 48 6.9282
7830.5 53 7.28011
7831.5 47 6.85565
7832.5 67 8.18535
7833.5 65 8.06226
7834.5 52 7.2111
7835.5 60 7.74597
7836.5 72 8.48528
7837.5 55 7.4162
7838.5 70 8.3666
7839.5 60 7.74597
7840.5 56 7.48331
7841.5 68 8.24621
7842.5 58 7.61577
7843.5 72 8.48528
7844.5 59 7.68115
7845.5 45 6.7082
7846.5 50 7.07107
7847.5 59 7.68115
7848.5 57 7.54983
7849.5 54 7.34847
7850.5 58 7.61577
7851.5 55 7.4162
7852.5 45 6.7082
7853.5 53 7.28011
7854.5 65 8.06226
7855.5 51 7.14143
7856.5 55 7.4162
7857.5 58 7.61577
7858.5 57 7.54983
7859.5 53 7.28011
7860.5 48 6.9282
7861.5 59 7.68115
7862.5 66 8.12404
7863.5 51 7.14143
7864.5 55 7.4162
7865.5 45 6.7082
7866.5 49 7
7867.5 62 7.87401
7868.5 57 7.54983
7869.5 58 7.61577
7870.5 54 7.34847
7871.5 50 7.07107
7872.5 58 7.61577
7873.5 61 7.81025
7874.5 55 7.4162
7875.5 67 8.18535
7876.5 67 8.18535
7877.5 58 7.61577
7878.5 47 6.85565
7879.5 59 7.68115
7880.5 74 8.60233
7881.5 53 7.28011
7882.5 58 7.61577
7883.5 51 7.14143
7884.5 63 7.93725
7885.5 58 7.61577
7886.5 57 7.54983
7887.5 62 7.87401
7888.5 60 7.74597
7889.5 60 7.74597
7890.5 55 7.4162
7891.5 68 8.24621
7892.5 53 7.28011
7893.5 49 7
7894.5 59 7.68115
7895.5 50 7.07107
7896.5 57 7.54983
7897.5 64 8
7898.5 60 7.74597
7899.5 62 7.87401
7900.5 62 7.87401
7901.5 42 6.48074
7902.5 70 8.3666
7903.5 50 7.07107
7904.5 56 7.48331
7905.5 71 8.42615
7906.5 60 7.74597
7907.5 49 7
7908.5 52 7.2111
7909.5 42 6.48074
7910.5 58 7.61577
7911.5 54 7.34847
7912.5 66 8.12404
7913.5 69 8.30662
7914.5 48 6.9282
7915.5 62 7.87401
7916.5 44 6.63325
7917.5 77 8.77496
7918.5 54 7.34847
7919.5 58 7.61577
7920.5 66 8.12404
7921.5 65 8.06226
7922.5 45 6.7082
7923.5 53 7.28011
7924.5 58 7.61577
7925.5 50 7.07107
7926.5 61 7.81025
7927.5 54 7.34847
7928.5 61 7.81025
7929.5 68 8.24621
7930.5 59 7.68115
7931.5 57 7.54983
7932.5 57 7.54983
7933.5 74 8.60233
7934.5 58 7.61577
7935.5 45 6.7082
7936.5 66 8.12404
7937.5 54 7.34847
7938.5 57 7.54983
7939.5 58 7.61577
7940.5 48 6.9282
7941.5 69 8.30662
7942.5 57 7.54983
7943.5 56 7.48331
7944.5 54 7.34847
7945.5 74 8.60233
7946.5 63 7.93725
7947.5 45 6.7082
7948.5 65 8.06226
7949.5 64 8
7950.5 44 6.63325
7951.5 67 8.18535
7952.5 59 7.68115
7953.5 61 7.81025
7954.5 42 6.48074
7955.5 44 6.63325
7956.5 59 7.68115
7957.5 60 7.74597
7958.5 60 7.74597
7959.5 49 7
7960.5 60 7.74597
7961.5 59 7.68115
7962.5 58 7.61577
7963.5 59 7.68115
7964.5 61 7.81025
7965.5 70 8.3666
7966.5 55 7.4162
7967.5 58 7.61577
7968.5 48 6.9282
7969.5 58 7.61577
7970.5 49 7
7971.5 65 8.06226
7972.5 66 8.12404
7973.5 66 8.12404
7974.5 56 7.48331
7975.5 67 8.18535
7976.5 49 7
7977.5 57 7.54983
7978.5 59 7.68115
7979.5 80 8.94427
7980.5 55 7.4162
7981.5 61 7.81025
7982.5 51 7.14143
7983.5 60 7.74597
7984.5 53 7.28011
7985.5 70 8.3666
7986.5 74 8.60233
7987.5 83 9.11043
7988.5 60 7.74597
7989.5 47 6.85565
7990.5 59 7.68115
7991.5 55 7.4162
7992.5 57 7.54983
7993.5 65 8.06226
7994.5 60 7.74597
7995.5 66 8.12404
7996.5 64 8
7997.5 58 7.61577
7998.5 58 7.61577
7999.5 53 7.28011
8000.5 73 8.544
8001.5 56 7.48331
8002.5 57 7.54983
8003.5 63 7.93725
8004.5 48 6.9282
8005.5 68 8.24621
8006.5 58 7.61577
8007.5 74 8.60233
8008.5 54 7.34847
8009.5 55 7.4162
8010.5 62 7.87401
8011.5 59 7.68115
8012.5 55 7.4162
8013.5 47 6.85565
8014.5 50 7.07107
8015.5 61 7.81025
8016.5 52 7.2111
8017.5 69 8.30662
8018.5 59 7.68115
8019.5 44 6.63325
8020.5 68 8.24621
8021.5 56 7.48331
8022.5 67 8.18535
8023.5 63 7.93725
8024.5 52 7.2111
8025.5 59 7.68115
8026.5 51 7.14143
8027.5 67 8.18535
8028.5 60 7.74597
8029.5 52 7.2111
8030.5 58 7.61577
8031.5 59 7.68115
8032.5 54 7.34847
8033.5 46 6.78233
8034.5 65 8.06226
8035.5 52 7.2111
8036.5 71 8.42615
8037.5 58 7.61577
8038.5 49 7
8039.5 75 8.66025
8040.5 56 7.48331
8041.5 62 7.87401
8042.5 47 6.85565
8043.5 57 7.54983
8044.5 60 7.74597
8045.5 67 8.18535
8046.5 61 7.81025
8047.5 60 7.74597
8048.5 57 7.54983
8049.5 50 7.07107
8050.5 50 7.07107
8051.5 55 7.4162
8052.5 52 7.2111
8053.5 57 7.54983
8054.5 68 8.24621
8055.5 57 7.54983
8056.5 55 7.4162
8057.5 58 7.61577
8058.5 60 7.74597
8059.5 72 8.48528
8060.5 63 7.93725
8061.5 67 8.18535
8062.5 57 7.54983
8063.5 59 7.68115
8064.5 70 8.3666
8065.5 58 7.61577
8066.5 63 7.93725
8067.5 65 8.06226
8068.5 73 8.544
8069.5 54 7.34847
8070.5 51 7.14143
8071.5 66 8.12404
8072.5 62 7.87401
8073.5 82 9.05539
8074.5 62 7.87401
8075.5 63 7.93725
8076.5 45 6.7082
8077.5 55 7.4162
8078.5 50 7.07107
8079.5 59 7.68115
8080.5 49 7
8081.5 71 8.42615
8082.5 55 7.4162
8083.5 56 7.48331
8084.5 55 7.4162
8085.5 62 7.87401
8086.5 63 7.93725
8087.5 63 7.93725
8088.5 58 7.61577
8089.5 54 7.34847
8090.5 50 7.07107
8091.5 59 7.68115
8092.5 65 8.06226
8093.5 68 8.24621
8094.5 70 8.3666
8095.5 73 8.544
8096.5 66 8.12404
8097.5 67 8.18535
8098.5 57 7.54983
8099.5 55 7.4162
8100.5 54 7.34847
8101.5 51 7.14143
8102.5 52 7.2111
8103.5 68 8.24621
8104.5 54 7.34847
8105.5 48 6.9282
8106.5 53 7.28011
8107.5 74 8.60233
8108.5 51 7.14143
8109.5 68 8.24621
8110.5 66 8.12404
8111.5 74 8.60233
8112.5 53 7.28011
8113.5 69 8.30662
8114.5 49 7
8115.5 51 7.14143
8116.5 57 7.54983
8117.5 62 7.87401
8118.5 67 8.18535
8119.5 65 8.06226
8120.5 75 8.66025
8121.5 58 7.61577
8122.5 77 8.77496
8123.5 53 7.28011
8124.5 54 7.34847
8125.5 61 7.81025
8126.5 61 7.81025
8127.5 65 8.06226
8128.5 67 8.18535
8129.5 48 6.9282
8130.5 66 8.12404
8131.5 65 8.06226
8132.5 68 8.24621
8133.5 63 7.93725
8134.5 71 8.42615
8135.5 59 7.68115
8136.5 59 7.68115
8137.5 54 7.34847
8138.5 62 7.87401
8139.5 65 8.06226
8140.5 60 7.74597
8141.5 57 7.54983
8142.5 62 7.87401
8143.5 56 7.48331
8144.5 63 7.93725
8145.5 40 6.32456
8146.5 76 8.7178
8147.5 58 7.61577
8148.5 72 8.48528
8149.5 60 7.74597
8150.5 72 8.48528
8151.5 63 7.93725
8152.5 56 7.48331
8153.5 65 8.06226
8154.5 53 7.28011
8155.5 62 7.87401
8156.5 57 7.54983
8157.5 49 7
8158.5 66 8.12404
8159.5 71 8.42615
8160.5 60 7.74597
8161.5 67 8.18535
8162.5 65 8.06226
8163.5 75 8.66025
8164.5 57 7.54983
8165.5 63 7.93725
8166.5 65 8.06226
8167.5 65 8.06226
8168.5 67 8.18535
8169.5 65 8.06226
8170.5 59 7.68115
8171.5 43 6.55744
8172.5 67 8.18535
8173.5 65 8.06226
8174.5 56 7.48331
8175.5 67 8.18535
8176.5 66 8.12404
8177.5 60 7.74597
8178.5 53 7.28011
8179.5 64 8
8180.5 58 7.61577
8181.5 67 8.18535
8182.5 85 9.21954
8183.5 61 7.81025
8184.5 76 8.7178
8185.5 80 8.94427
8186.5 77 8.77496
8187.5 73 8.544
8188.5 85 9.21954
8189.5 100 10
8190.5 90 9.48683
8191.5 98 9.89949
8192.5 79 8.88819
8193.5 100 10
8194.5 106 10.2956
8195.5 105 10.247
8196.5 122 11.0454
8197.5 128 11.3137
8198.5 116 10.7703
8199.5 112 10.583
8200.5 154 12.4097
8201.5 136 11.6619
8202.5 144 12
8203.5 148 12.1655
8204.5 164 12.8062
8205.5 172 13.1149
8206.5 167 12.9228
8207.5 157 12.53
8208.5 184 13.5647
8209.5 145 12.0416
8210.5 170 13.0384
8211.5 167 12.9228
8212.5 162 12.7279
8213.5 157 12.53
8214.5 166 12.8841
8215.5 181 13.4536
8216.5 127 11.2694
8217.5 167 12.9228
8218.5 162 12.7279
8219.5 170 13.0384
8220.5 175 13.2288
8221.5 111 10.5357
8222.5 131 11.4455
8223.5 135 11.619
8224.5 137 11.7047
8225.5 131 11.4455
8226.5 102 10.0995
8227.5 112 10.583
8228.5 107 10.3441
8229.5 93 9.64365
8230.5 114 10.6771
8231.5 95 9.74679
8232.5 96 9.79796
8233.5 75 8.66025
8234.5 94 9.69536
8235.5 87 9.32738
8236.5 94 9.69536
8237.5 78 8.83176
8238.5 86 9.27362
8239.5 88 9.38083
8240.5 65 8.06226
8241.5 84 9.16515
8242.5 77 8.77496
8243.5 73 8.544
8244.5 71 8.42615
8245.5 76 8.7178
8246.5 61 7.81025
8247.5 78 8.83176
8248.5 67 8.18535
8249.5 87 9.32738
8250.5 55 7.4162
8251.5 62 7.87401
8252.5 57 7.54983
8253.5 79 8.88819
8254.5 62 7.87401
8255.5 62 7.87401
8256.5 61 7.81025
8257.5 59 7.68115
8258.5 54 7.34847
8259.5 66 8.12404
8260.5 78 8.83176
8261.5 68 8.24621
8262.5 61 7.81025
8263.5 59 7.68115
8264.5 61 7.81025
8265.5 66 8.12404
8266.5 54 7.34847
8267.5 54 7.34847
8268.5 60 7.74597
8269.5 67 8.18535
8270.5 61 7.81025
8271.5 64 8
8272.5 63 7.93725
8273.5 52 7.2111
8274.5 67 8.18535
8275.5 47 6.85565
8276.5 72 8.48528
8277.5 64 8
8278.5 66 8.12404
8279.5 70 8.3666
8280.5 66 8.12404
8281.5 59 7.68115
8282.5 72 8.48528
8283.5 71 8.42615
8284.5 61 7.81025
8285.5 69 8.30662
8286.5 65 8.06226
8287.5 67 8.18535
8288.5 80 8.94427
8289.5 75 8.66025
8290.5 64 8
8291.5 60 7.74597
8292.5 66 8.12404
8293.5 61 7.81025
8294.5 66 8.12404
8295.5 72 8.48528
8296.5 63 7.93725
8297.5 81 9
8298.5 47 6.85565
8299.5 67 8.18535
8300.5 60 7.74597
8301.5 77 8.77496
8302.5 66 8.12404
8303.5 69 8.30662
8304.5 67 8.18535
8305.5 72 8.48528
8306.5 75 8.66025
8307.5 62 7.87401
8308.5 56 7.48331
8309.5 69 8.30662
8310.5 70 8.3666
8311.5 59 7.68115
8312.5 77 8.77496
8313.5 56 7.48331
8314.5 72 8.48528
8315.5 69 8.30662
8316.5 57 7.54983
8317.5 56 7.48331
8318.5 66 8.12404
8319.5 64 8
8320.5 79 8.88819
8321.5 59 7.68115
8322.5 50 7.07107
8323.5 77 8.77496
8324.5 60 7.74597
8325.5 69 8.30662
8326.5 64 8
8327.5 57 7.54983
8328.5 69 8.30662
8329.5 73 8.544
8330.5 70 8.3666
8331.5 63 7.93725
8332.5 58 7.61577
8333.5 64 8
8334.5 67 8.18535
8335.5 78 8.83176
8336.5 60 7.74597
8337.5 63 7.93725
8338.5 73 8.544
8339.5 69 8.30662
8340.5 70 8.3666
8341.5 69 8.30662
8342.5 59 7.68115
8343.5 54 7.34847
8344.5 68 8.24621
8345.5 67 8.18535
8346.5 63 7.93725
8347.5 68 8.24621
8348.5 76 8.7178
8349.5 81 9
8350.5 76 8.7178
8351.5 65 8.06226
8352.5 73 8.544
8353.5 59 7.68115
8354.5 67 8.18535
8355.5 69 8.30662
8356.5 46 6.78233
8357.5 72 8.48528
8358.5 70 8.3666
8359.5 72 8.48528
8360.5 68 8.24621
8361.5 70 8.3666
8362.5 67 8.18535
8363.5 64 8
8364.5 54 7.34847
8365.5 78 8.83176
8366.5 73 8.544
8367.5 78 8.83176
8368.5 65 8.06226
8369.5 66 8.12404
8370.5 66 8.12404
8371.5 69 8.30662
8372.5 52 7.2111
8373.5 77 8.77496
8374.5 71 8.42615
8375.5 54 7.34847
8376.5 59 7.68115
8377.5 75 8.66025
8378.5 52 7.2111
8379.5 70 8.3666
8380.5 70 8.3666
8381.5 49 7
8382.5 62 7.87401
8383.5 58 7.61577
8384.5 79 8.88819
8385.5 61 7.81025
8386.5 70 8.3666
8387.5 43 6.55744
8388.5 62 7.87401
8389.5 64 8
8390.5 85 9.21954
8391.5 76 8.7178
8392.5 60 7.74597
8393.5 72 8.48528
8394.5 55 7.4162
8395.5 73 8.544
8396.5 65 8.06226
8397.5 66 8.12404
8398.5 76 8.7178
8399.5 76 8.7178
8400.5 72 8.48528
8401.5 68 8.24621
8402.5 61 7.81025
8403.5 55 7.4162
8404.5 66 8.12404
8405.5 58 7.61577
8406.5 77 8.77496
8407.5 72 8.48528
8408.5 63 7.93725
8409.5 69 8.30662
8410.5 70 8.3666
8411.5 80 8.94427
8412.5 72 8.48528
8413.5 63 7.93725
8414.5 54 7.34847
8415.5 79 8.88819
8416.5 75 8.66025
8417.5 80 8.94427
8418.5 73 8.544
8419.5 72 8.48528
8420.5 59 7.68115
8421.5 66 8.12404
8422.5 73 8.544
8423.5 54 7.34847
8424.5 57 7.54983
8425.5 77 8.77496
8426.5 77 8.77496
8427.5 55 7.4162
8428.5 63 7.93725
8429.5 71 8.42615
8430.5 74 8.60233
8431.5 62 7.87401
8432.5 64 8
8433.5 56 7.48331
8434.5 65 8.06226
8435.5 58 7.61577
8436.5 75 8.66025
8437.5 65 8.06226
8438.5 57 7.54983
8439.5 77 8.77496
8440.5 62 7.87401
8441.5 58 7.61577
8442.5 73 8.544
8443.5 65 8.06226
8444.5 67 8.18535
8445.5 51 7.14143
8446.5 66 8.12404
8447.5 58 7.61577
8448.5 75 8.66025
8449.5 68 8.24621
8450.5 65 8.06226
8451.5 81 9
8452.5 83 9.11043
8453.5 64 8
8454.5 76 8.7178
8455.5 60 7.74597
8456.5 58 7.61577
8457.5 71 8.42615
8458.5 79 8.88819
8459.5 70 8.3666
8460.5 56 7.48331
8461.5 76 8.7178
8462.5 77 8.77496
8463.5 68 8.24621
8464.5 68 8.24621
8465.5 70 8.3666
8466.5 69 8.30662
8467.5 60 7.74597
8468.5 63 7.93725
8469.5 57 7.54983
8470.5 66 8.12404
8471.5 68 8.24621
8472.5 56 7.48331
8473.5 68 8.24621
8474.5 73 8.544
8475.5 50 7.07107
8476.5 72 8.48528
8477.5 62 7.87401
8478.5 74 8.60233
8479.5 58 7.61577
8480.5 78 8.83176
8481.5 73 8.544
8482.5 73 8.544
8483.5 73 8.544
8484.5 89 9.43398
8485.5 71 8.42615
8486.5 76 8.7178
8487.5 75 8.66025
8488.5 74 8.60233
8489.5 71 8.42615
8490.5 78 8.83176
8491.5 65 8.06226
8492.5 72 8.48528
8493.5 53 7.28011
8494.5 82 9.05539
8495.5 72 8.48528
8496.5 86 9.27362
8497.5 76 8.7178
8498.5 60 7.74597
8499.5 85 9.21954
8500.5 79 8.88819
8501.5 74 8.60233
8502.5 89 9.43398
8503.5 92 9.59166
8504.5 76 8.7178
8505.5 98 9.89949
8506.5 88 9.38083
8507.5 82 9.05539
8508.5 79 8.88819
8509.5 80 8.94427
8510.5 86 9.27362
8511.5 79 8.88819
8512.5 86 9.27362
8513.5 77 8.77496
8514.5 98 9.89949
8515.5 66 8.12404
8516.5 73 8.544
8517.5 67 8.18535
8518.5 84 9.16515
8519.5 79 8.88819
8520.5 72 8.48528
8521.5 82 9.05539
8522.5 82 9.05539
8523.5 71 8.42615
8524.5 71 8.42615
8525.5 65 8.06226
8526.5 69 8.30662
8527.5 62 7.87401
8528.5 63 7.93725
8529.5 66 8.12404
8530.5 62 7.87401
8531.5 91 9.53939
8532.5 62 7.87401
8533.5 77 8.77496
8534.5 87 9.32738
8535.5 71 8.42615
8536.5 64 8
8537.5 61 7.81025
8538.5 78 8.83176
8539.5 67 8.18535
8540.5 58 7.61577
8541.5 69 8.30662
8542.5 71 8.42615
8543.5 80 8.94427
8544.5 56 7.48331
8545.5 88 9.38083
8546.5 79 8.88819
8547.5 80 8.94427
8548.5 73 8.544
8549.5 54 7.34847
8550.5 68 8.24621
8551.5 56 7.48331
8552.5 70 8.3666
8553.5 69 8.30662
8554.5 58 7.61577
8555.5 74 8.60233
8556.5 82 9.05539
8557.5 65 8.06226
8558.5 61 7.81025
8559.5 74 8.60233
8560.5 65 8.06226
8561.5 67 8.18535
8562.5 71 8.42615
8563.5 80 8.94427
8564.5 76 8.7178
8565.5 74 8.60233
8566.5 65 8.06226
8567.5 83 9.11043
8568.5 54 7.34847
8569.5 60 7.74597
8570.5 59 7.68115
8571.5 64 8
8572.5 67 8.18535
8573.5 69 8.30662
8574.5 74 8.60233
8575.5 77 8.77496
8576.5 61 7.81025
8577.5 82 9.05539
8578.5 61 7.81025
8579.5 63 7.93725
8580.5 70 8.3666
8581.5 76 8.7178
8582.5 67 8.18535
8583.5 77 8.77496
8584.5 71 8.42615
8585.5 72 8.48528
8586.5 73 8.544
8587.5 81 9
8588.5 67 8.18535
8589.5 69 8.30662
8590.5 59 7.68115
8591.5 60 7.74597
8592.5 64 8
8593.5 56 7.48331
8594.5 68 8.24621
8595.5 76 8.7178
8596.5 64 8
8597.5 85 9.21954
8598.5 76 8.7178
8599.5 70 8.3666
8600.5 62 7.87401
8601.5 71 8.42615
8602.5 64 8
8603.5 66 8.12404
8604.5 72 8.48528
8605.5 68 8.24621
8606.5 60 7.74597
8607.5 63 7.93725
8608.5 58 7.61577
8609.5 71 8.42615
8610.5 70 8.3666
8611.5 77 8.77496
8612.5 68 8.24621
8613.5 47 6.85565
8614.5 67 8.18535
8615.5 65 8.06226
8616.5 61 7.81025
8617.5 73 8.544
8618.5 71 8.42615
8619.5 76 8.7178
8620.5 79 8.88819
8621.5 79 8.88819
8622.5 84 9.16515
8623.5 73 8.544
8624.5 77 8.77496
8625.5 65 8.06226
8626.5 67 8.18535
8627.5 59 7.68115
8628.5 81 9
8629.5 79 8.88819
8630.5 64 8
8631.5 72 8.48528
8632.5 74 8.60233
8633.5 66 8.12404
8634.5 58 7.61577
8635.5 63 7.93725
8636.5 77 8.77496
8637.5 63 7.93725
8638.5 82 9.05539
8639.5 75 8.66025
8640.5 83 9.11043
8641.5 62 7.87401
8642.5 86 9.27362
8643.5 59 7.68115
8644.5 87 9.32738
8645.5 80 8.94427
8646.5 104 10.198
8647.5 56 7.48331
8648.5 80 8.94427
8649.5 71 8.42615
8650.5 99 9.94987
8651.5 66 8.12404
8652.5 81 9
8653.5 52 7.2111
8654.5 64 8
8655.5 68 8.24621
8656.5 67 8.18535
8657.5 80 8.94427
8658.5 60 7.74597
8659.5 70 8.3666
8660.5 77 8.77496
8661.5 81 9
8662.5 74 8.60233
8663.5 81 9
8664.5 83 9.11043
8665.5 62 7.87401
8666.5 71 8.42615
8667.5 75 8.66025
8668.5 74 8.60233
8669.5 70 8.3666
8670.5 70 8.3666
8671.5 62 7.87401
8672.5 54 7.34847
8673.5 97 9.84886
8674.5 76 8.7178
8675.5 69 8.30662
8676.5 70 8.3666
8677.5 66 8.12404
8678.5 69 8.30662
8679.5 59 7.68115
8680.5 75 8.66025
8681.5 64 8
8682.5 76 8.7178
8683.5 75 8.66025
8684.5 89 9.43398
8685.5 66 8.12404
8686.5 72 8.48528
8687.5 77 8.77496
8688.5 49 7
8689.5 66 8.12404
8690.5 75 8.66025
8691.5 70 8.3666
8692.5 77 8.77496
8693.5 72 8.48528
8694.5 57 7.54983
8695.5 70 8.3666
8696.5 83 9.11043
8697.5 64 8
8698.5 69 8.30662
8699.5 79 8.88819
8700.5 75 8.66025
8701.5 67 8.18535
8702.5 66 8.12404
8703.5 72 8.48528
8704.5 83 9.11043
8705.5 59 7.68115
8706.5 76 8.7178
8707.5 104 10.198
8708.5 65 8.06226
8709.5 68 8.24621
8710.5 85 9.21954
8711.5 70 8.3666
8712.5 78 8.83176
8713.5 68 8.24621
8714.5 84 9.16515
8715.5 65 8.06226
8716.5 53 7.28011
8717.5 65 8.06226
8718.5 85 9.21954
8719.5 86 9.27362
8720.5 76 8.7178
8721.5 66 8.12404
8722.5 70 8.3666
8723.5 77 8.77496
8724.5 79 8.88819
8725.5 86 9.27362
8726.5 66 8.12404
8727.5 64 8
8728.5 60 7.74597
8729.5 79 8.88819
8730.5 69 8.30662
8731.5 81 9
8732.5 79 8.88819
8733.5 74 8.60233
8734.5 86 9.27362
8735.5 62 7.87401
8736.5 80 8.94427
8737.5 77 8.77496
8738.5 68 8.24621
8739.5 71 8.42615
8740.5 70 8.3666
8741.5 89 9.43398
8742.5 67 8.18535
8743.5 68 8.24621
8744.5 73 8.544
8745.5 64 8
8746.5 79 8.88819
8747.5 82 9.05539
8748.5 78 8.83176
8749.5 66 8.12404
8750.5 68 8.24621
8751.5 74 8.60233
8752.5 83 9.11043
8753.5 77 8.77496
8754.5 84 9.16515
8755.5 78 8.83176
8756.5 65 8.06226
8757.5 74 8.60233
8758.5 58 7.61577
8759.5 62 7.87401
8760.5 59 7.68115
8761.5 55 7.4162
8762.5 72 8.48528
8763.5 68 8.24621
8764.5 74 8.60233
8765.5 87 9.32738
8766.5 73 8.544
8767.5 70 8.3666
8768.5 87 9.32738
8769.5 70 8.3666
8770.5 73 8.544
8771.5 83 9.11043
8772.5 74 8.60233
8773.5 75 8.66025
8774.5 86 9.27362
8775.5 69 8.30662
8776.5 85 9.21954
8777.5 78 8.83176
8778.5 86 9.27362
8779.5 77 8.77496
8780.5 80 8.94427
8781.5 71 8.42615
8782.5 71 8.42615
8783.5 78 8.83176
8784.5 86 9.27362
8785.5 65 8.06226
8786.5 69 8.30662
8787.5 66 8.12404
8788.5 76 8.7178
8789.5 64 8
8790.5 81 9
8791.5 68 8.24621
8792.5 64 8
8793.5 83 9.11043
8794.5 80 8.94427
8795.5 83 9.11043
8796.5 86 9.27362
8797.5 73 8.544
8798.5 76 8.7178
8799.5 55 7.4162
8800.5 79 8.88819
8801.5 69 8.30662
8802.5 78 8.83176
8803.5 79 8.88819
8804.5 75 8.66025
8805.5 73 8.544
8806.5 64 8
8807.5 81 9
8808.5 63 7.93725
8809.5 72 8.48528
8810.5 84 9.16515
8811.5 82 9.05539
8812.5 69 8.30662
8813.5 70 8.3666
8814.5 82 9.05539
8815.5 75 8.66025
8816.5 79 8.88819
8817.5 85 9.21954
8818.5 70 8.3666
8819.5 69 8.30662
8820.5 81 9
8821.5 75 8.66025
8822.5 82 9.05539
8823.5 75 8.66025
8824.5 76 8.7178
8825.5 69 8.30662
8826.5 76 8.7178
8827.5 69 8.30662
8828.5 67 8.18535
8829.5 63 7.93725
8830.5 65 8.06226
8831.5 99 9.94987
8832.5 88 9.38083
8833.5 74 8.60233
8834.5 91 9.53939
8835.5 76 8.7178
8836.5 70 8.3666
8837.5 93 9.64365
8838.5 68 8.24621
8839.5 84 9.16515
8840.5 88 9.38083
8841.5 78 8.83176
8842.5 64 8
8843.5 81 9
8844.5 82 9.05539
8845.5 62 7.87401
8846.5 76 8.7178
8847.5 67 8.18535
8848.5 76 8.7178
8849.5 76 8.7178
8850.5 82 9.05539
8851.5 70 8.3666
8852.5 76 8.7178
8853.5 58 7.61577
8854.5 74 8.60233
8855.5 78 8.83176
8856.5 73 8.544
8857.5 81 9
8858.5 85 9.21954
8859.5 76 8.7178
8860.5 67 8.18535
8861.5 60 7.74597
8862.5 76 8.7178
8863.5 93 9.64365
8864.5 66 8.12404
8865.5 77 8.77496
8866.5 97 9.84886
8867.5 70 8.3666
8868.5 78 8.83176
8869.5 84 9.16515
8870.5 74 8.60233
8871.5 61 7.81025
8872.5 72 8.48528
8873.5 77 8.77496
8874.5 82 9.05539
8875.5 74 8.60233
8876.5 64 8
8877.5 72 8.48528
8878.5 82 9.05539
8879.5 84 9.16515
8880.5 74 8.60233
8881.5 65 8.06226
8882.5 81 9
8883.5 66 8.12404
8884.5 77 8.77496
8885.5 89 9.43398
8886.5 82 9.05539
8887.5 81 9
8888.5 68 8.24621
8889.5 91 9.53939
8890.5 67 8.18535
8891.5 86 9.27362
8892.5 66 8.12404
8893.5 85 9.21954
8894.5 80 8.94427
8895.5 80 8.94427
8896.5 87 9.32738
8897.5 87 9.32738
8898.5 73 8.544
8899.5 65 8.06226
8900.5 67 8.18535
8901.5 88 9.38083
8902.5 55 7.4162
8903.5 77 8.77496
8904.5 62 7.87401
8905.5 68 8.24621
8906.5 92 9.59166
8907.5 73 8.544
8908.5 74 8.60233
8909.5 72 8.48528
8910.5 68 8.24621
8911.5 82 9.05539
8912.5 71 8.42615
8913.5 74 8.60233
8914.5 75 8.66025
8915.5 80 8.94427
8916.5 87 9.32738
8917.5 106 10.2956
8918.5 79 8.88819
8919.5 93 9.64365
8920.5 77 8.77496
8921.5 76 8.7178
8922.5 86 9.27362
8923.5 70 8.3666
8924.5 74 8.60233
8925.5 91 9.53939
8926.5 78 8.83176
8927.5 101 10.0499
8928.5 74 8.60233
8929.5 79 8.88819
8930.5 85 9.21954
8931.5 81 9
8932.5 74 8.60233
8933.5 83 9.11043
8934.5 90 9.48683
8935.5 82 9.05539
8936.5 69 8.30662
8937.5 79 8.88819
8938.5 94 9.69536
8939.5 65 8.06226
8940.5 87 9.32738
8941.5 79 8.88819
8942.5 82 9.05539
8943.5 86 9.27362
8944.5 110 10.4881
8945.5 76 8.7178
8946.5 79 8.88819
8947.5 77 8.77496
8948.5 74 8.60233
8949.5 77 8.77496
8950.5 82 9.05539
8951.5 84 9.16515
8952.5 94 9.69536
8953.5 85 9.21954
8954.5 77 8.77496
8955.5 77 8.77496
8956.5 84 9.16515
8957.5 91 9.53939
8958.5 78 8.83176
8959.5 82 9.05539
8960.5 74 8.60233
8961.5 89 9.43398
8962.5 84 9.16515
8963.5 85 9.21954
8964.5 89 9.43398
8965.5 84 9.16515
8966.5 81 9
8967.5 97 9.84886
8968.5 92 9.59166
8969.5 82 9.05539
8970.5 83 9.11043
8971.5 91 9.53939
8972.5 76 8.7178
8973.5 64 8
8974.5 95 9.74679
8975.5 71 8.42615
8976.5 86 9.27362
8977.5 75 8.66025
8978.5 72 8.48528
8979.5 95 9.74679
8980.5 75 8.66025
8981.5 66 8.12404
8982.5 76 8.7178
8983.5 78 8.83176
8984.5 80 8.94427
8985.5 80 8.94427
8986.5 87 9.32738
8987.5 80 8.94427
8988.5 83 9.11043
8989.5 82 9.05539
8990.5 64 8
8991.5 84 9.16515
8992.5 74 8.60233
8993.5 97 9.84886
8994.5 64 8
8995.5 94 9.69536
8996.5 94 9.69536
8997.5 88 9.38083
8998.5 86 9.27362
8999.5 94 9.69536
9000.5 85 9.21954
9001.5 100 10
9002.5 83 9.11043
9003.5 71 8.42615
9004.5 89 9.43398
9005.5 78 8.83176
9006.5 99 9.94987
9007.5 77 8.77496
9008.5 83 9.11043
9009.5 80 8.94427
9010.5 84 9.16515
9011.5 71 8.42615
9012.5 64 8
9013.5 78 8.83176
9014.5 87 9.32738
9015.5 92 9.59166
9016.5 76 8.7178
9017.5 73 8.544
9018.5 76 8.7178
9019.5 81 9
9020.5 89 9.43398
9021.5 96 9.79796
9022.5 85 9.21954
9023.5 75 8.66025
9024.5 97 9.84886
9025.5 81 9
9026.5 80 8.94427
9027.5 74 8.60233
9028.5 91 9.53939
9029.5 83 9.11043
9030.5 82 9.05539
9031.5 74 8.60233
9032.5 74 8.60233
9033.5 76 8.7178
9034.5 79 8.88819
9035.5 79 8.88819
9036.5 91 9.53939
9037.5 94 9.69536
9038.5 89 9.43398
9039.5 79 8.88819
9040.5 82 9.05539
9041.5 85 9.21954
9042.5 75 8.66025
9043.5 88 9.38083
9044.5 78 8.83176
9045.5 84 9.16515
9046.5 96 9.79796
9047.5 87 9.32738
9048.5 78 8.83176
9049.5 77 8.77496
9050.5 76 8.7178
9051.5 82 9.05539
9052.5 88 9.38083
9053.5 86 9.27362
9054.5 87 9.32738
9055.5 74 8.60233
9056.5 93 9.64365
9057.5 87 9.32738
9058.5 86 9.27362
9059.5 99 9.94987
9060.5 72 8.48528
9061.5 61 7.81025
9062.5 77 8.77496
9063.5 88 9.38083
9064.5 77 8.77496
9065.5 88 9.38083
9066.5 92 9.59166
9067.5 89 9.43398
9068.5 83 9.11043
9069.5 102 10.0995
9070.5 84 9.16515
9071.5 83 9.11043
9072.5 72 8.48528
9073.5 87 9.32738
9074.5 72 8.48528
9075.5 90 9.48683
9076.5 109 10.4403
9077.5 82 9.05539
9078.5 91 9.53939
9079.5 81 9
9080.5 88 9.38083
9081.5 88 9.38083
9082.5 90 9.48683
9083.5 88 9.38083
9084.5 80 8.94427
9085.5 69 8.30662
9086.5 88 9.38083
9087.5 85 9.21954
9088.5 96 9.79796
9089.5 99 9.94987
9090.5 83 9.11043
9091.5 96 9.79796
9092.5 80 8.94427
9093.5 67 8.18535
9094.5 66 8.12404
9095.5 92 9.59166
9096.5 72 8.48528
9097.5 80 8.94427
9098.5 84 9.16515
9099.5 79 8.88819
9100.5 95 9.74679
9101.5 76 8.7178
9102.5 80 8.94427
9103.5 68 8.24621
9104.5 80 8.94427
9105.5 73 8.544
9106.5 76 8.7178
9107.5 68 8.24621
9108.5 89 9.43398
9109.5 97 9.84886
9110.5 86 9.27362
9111.5 91 9.53939
9112.5 85 9.21954
9113.5 67 8.18535
9114.5 83 9.11043
9115.5 71 8.42615
9116.5 88 9.38083
9117.5 76 8.7178
9118.5 94 9.69536
9119.5 91 9.53939
9120.5 78 8.83176
9121.5 83 9.11043
9122.5 83 9.11043
9123.5 80 8.94427
9124.5 91 9.53939
9125.5 87 9.32738
9126.5 95 9.74679
9127.5 95 9.74679
9128.5 85 9.21954
9129.5 86 9.27362
9130.5 85 9.21954
9131.5 90 9.48683
9132.5 77 8.77496
9133.5 93 9.64365
9134.5 90 9.48683
9135.5 86 9.27362
9136.5 74 8.60233
9137.5 107 10.3441
9138.5 82 9.05539
9139.5 82 9.05539
9140.5 87 9.32738
9141.5 87 9.32738
9142.5 103 10.1489
9143.5 86 9.27362
9144.5 79 8.88819
9145.5 91 9.53939
9146.5 97 9.84886
9147.5 86 9.27362
9148.5 89 9.43398
9149.5 91 9.53939
9150.5 104 10.198
9151.5 75 8.66025
9152.5 86 9.27362
9153.5 116 10.7703
9154.5 84 9.16515
9155.5 99 9.94987
9156.5 94 9.69536
9157.5 90 9.48683
9158.5 97 9.84886
9159.5 78 8.83176
9160.5 105 10.247
9161.5 94 9.69536
9162.5 96 9.79796
9163.5 85 9.21954
9164.5 99 9.94987
9165.5 89 9.43398
9166.5 102 10.0995
9167.5 95 9.74679
9168.5 100 10
9169.5 84 9.16515
9170.5 74 8.60233
9171.5 96 9.79796
9172.5 91 9.53939
9173.5 90 9.48683
9174.5 81 9
9175.5 75 8.66025
9176.5 89 9.43398
9177.5 72 8.48528
9178.5 107 10.3441
9179.5 105 10.247
9180.5 89 9.43398
9181.5 97 9.84886
9182.5 80 8.94427
9183.5 79 8.88819
9184.5 95 9.74679
9185.5 119 10.9087
9186.5 73 8.544
9187.5 92 9.59166
9188.5 97 9.84886
9189.5 85 9.21954
9190.5 86 9.27362
9191.5 90 9.48683
9192.5 80 8.94427
9193.5 81 9
9194.5 86 9.27362
9195.5 92 9.59166
9196.5 71 8.42615
9197.5 89 9.43398
9198.5 73 8.544
9199.5 98 9.89949
9200.5 87 9.32738
9201.5 108 10.3923
9202.5 80 8.94427
9203.5 79 8.88819
9204.5 84 9.16515
9205.5 97 9.84886
9206.5 91 9.53939
9207.5 94 9.69536
9208.5 109 10.4403
9209.5 84 9.16515
9210.5 94 9.69536
9211.5 100 10
9212.5 85 9.21954
9213.5 94 9.69536
9214.5 95 9.74679
9215.5 103 10.1489
9216.5 88 9.38083
9217.5 99 9.94987
9218.5 93 9.64365
9219.5 75 8.66025
9220.5 90 9.48683
9221.5 84 9.16515
9222.5 84 9.16515
9223.5 74 8.60233
9224.5 85 9.21954
9225.5 80 8.94427
9226.5 80 8.94427
9227.5 87 9.32738
9228.5 76 8.7178
9229.5 85 9.21954
9230.5 75 8.66025
9231.5 95 9.74679
9232.5 96 9.79796
9233.5 99 9.94987
9234.5 82 9.05539
9235.5 84 9.16515
9236.5 92 9.59166
9237.5 104 10.198
9238.5 103 10.1489
9239.5 98 9.89949
9240.5 102 10.0995
9241.5 97 9.84886
9242.5 107 10.3441
9243.5 103 10.1489
9244.5 84 9.16515
9245.5 85 9.21954
9246.5 93 9.64365
9247.5 87 9.32738
9248.5 101 10.0499
9249.5 94 9.69536
9250.5 111 10.5357
9251.5 96 9.79796
9252.5 73 8.544
9253.5 96 9.79796
9254.5 105 10.247
9255.5 78 8.83176
9256.5 103 10.1489
9257.5 91 9.53939
9258.5 98 9.89949
9259.5 103 10.1489
9260.5 88 9.38083
9261.5 81 9
9262.5 95 9.74679
9263.5 81 9
9264.5 104 10.198
9265.5 96 9.79796
9266.5 94 9.69536
9267.5 93 9.64365
9268.5 91 9.53939
9269.5 90 9.48683
9270.5 94 9.69536
9271.5 113 10.6301
9272.5 76 8.7178
9273.5 100 10
9274.5 93 9.64365
9275.5 102 10.0995
9276.5 82 9.05539
9277.5 94 9.69536
9278.5 106 10.2956
9279.5 86 9.27362
9280.5 87 9.32738
9281.5 96 9.79796
9282.5 106 10.2956
9283.5 99 9.94987
9284.5 101 10.0499
9285.5 98 9.89949
9286.5 104 10.198
9287.5 80 8.94427
9288.5 101 10.0499
9289.5 104 10.198
9290.5 99 9.94987
9291.5 73 8.544
9292.5 100 10
9293.5 82 9.05539
9294.5 90 9.48683
9295.5 99 9.94987
9296.5 99 9.94987
9297.5 81 9
9298.5 100 10
9299.5 100 10
9300.5 87 9.32738
9301.5 68 8.24621
9302.5 93 9.64365
9303.5 92 9.59166
9304.5 92 9.59166
9305.5 94 9.69536
9306.5 109 10.4403
9307.5 95 9.74679
9308.5 76 8.7178
9309.5 83 9.11043
9310.5 86 9.27362
9311.5 93 9.64365
9312.5 90 9.48683
9313.5 86 9.27362
9314.5 78 8.83176
9315.5 100 10
9316.5 106 10.2956
9317.5 104 10.198
9318.5 84 9.16515
9319.5 90 9.48683
9320.5 102 10.0995
9321.5 97 9.84886
9322.5 90 9.48683
9323.5 103 10.1489
9324.5 109 10.4403
9325.5 90 9.48683
9326.5 106 10.2956
9327.5 85 9.21954
9328.5 109 10.4403
9329.5 103 10.1489
9330.5 100 10
9331.5 95 9.74679
9332.5 113 10.6301
9333.5 96 9.79796
9334.5 110 10.4881
9335.5 102 10.0995
9336.5 103 10.1489
9337.5 104 10.198
9338.5 107 10.3441
9339.5 81 9
9340.5 110 10.4881
9341.5 101 10.0499
9342.5 94 9.69536
9343.5 89 9.43398
9344.5 122 11.0454
9345.5 95 9.74679
9346.5 99 9.94987
9347.5 108 10.3923
9348.5 97 9.84886
9349.5 103 10.1489
9350.5 108 10.3923
9351.5 88 9.38083
9352.5 96 9.79796
9353.5 102 10.0995
9354.5 92 9.59166
9355.5 101 10.0499
9356.5 88 9.38083
9357.5 80 8.94427
9358.5 100 10
9359.5 114 10.6771
9360.5 112 10.583
9361.5 101 10.0499
9362.5 108 10.3923
9363.5 94 9.69536
9364.5 97 9.84886
9365.5 103 10.1489
9366.5 101 10.0499
9367.5 82 9.05539
9368.5 110 10.4881
9369.5 102 10.0995
9370.5 110 10.4881
9371.5 103 10.1489
9372.5 102 10.0995
9373.5 110 10.4881
9374.5 96 9.79796
9375.5 92 9.59166
9376.5 85 9.21954
9377.5 87 9.32738
9378.5 85 9.21954
9379.5 112 10.583
9380.5 104 10.198
9381.5 102 10.0995
9382.5 104 10.198
9383.5 96 9.79796
9384.5 119 10.9087
9385.5 106 10.2956
9386.5 98 9.89949
9387.5 113 10.6301
9388.5 110 10.4881
9389.5 112 10.583
9390.5 83 9.11043
9391.5 87 9.32738
9392.5 102 10.0995
9393.5 102 10.0995
9394.5 95 9.74679
9395.5 112 10.583
9396.5 117 10.8167
9397.5 114 10.6771
9398.5 90 9.48683
9399.5 103 10.1489
9400.5 114 10.6771
9401.5 89 9.43398
9402.5 105 10.247
9403.5 100 10
9404.5 108 10.3923
9405.5 114 10.6771
9406.5 103 10.1489
9407.5 89 9.43398
9408.5 94 9.69536
9409.5 125 11.1803
9410.5 108 10.3923
9411.5 97 9.84886
9412.5 82 9.05539
9413.5 92 9.59166
9414.5 94 9.69536
9415.5 100 10
9416.5 110 10.4881
9417.5 84 9.16515
9418.5 116 10.7703
9419.5 131 11.4455
9420.5 116 10.7703
9421.5 108 10.3923
9422.5 112 10.583
9423.5 99 9.94987
9424.5 83 9.11043
9425.5 97 9.84886
9426.5 90 9.48683
9427.5 85 9.21954
9428.5 94 9.69536
9429.5 103 10.1489
9430.5 92 9.59166
9431.5 93 9.64365
9432.5 92 9.59166
9433.5 96 9.79796
9434.5 101 10.0499
9435.5 99 9.94987
9436.5 113 10.6301
9437.5 97 9.84886
9438.5 105 10.247
9439.5 98 9.89949
9440.5 83 9.11043
9441.5 104 10.198
9442.5 92 9.59166
9443.5 90 9.48683
9444.5 93 9.64365
9445.5 100 10
9446.5 105 10.247
9447.5 115 10.7238
9448.5 110 10.4881
9449.5 103 10.1489
9450.5 106 10.2956
9451.5 95 9.74679
9452.5 107 10.3441
9453.5 96 9.79796
9454.5 106 10.2956
9455.5 101 10.0499
9456.5 105 10.247
9457.5 112 10.583
9458.5 103 10.1489
9459.5 93 9.64365
9460.5 122 11.0454
9461.5 110 10.4881
9462.5 117 10.8167
9463.5 103 10.1489
9464.5 100 10
9465.5 92 9.59166
9466.5 95 9.74679
9467.5 114 10.6771
9468.5 102 10.0995
9469.5 106 10.2956
9470.5 105 10.247
9471.5 116 10.7703
9472.5 104 10.198
9473.5 102 10.0995
9474.5 117 10.8167
9475.5 99 9.94987
9476.5 107 10.3441
9477.5 90 9.48683
9478.5 99 9.94987
9479.5 107 10.3441
9480.5 92 9.59166
9481.5 105 10.247
9482.5 111 10.5357
9483.5 100 10
9484.5 114 10.6771
9485.5 107 10.3441
9486.5 116 10.7703
9487.5 113 10.6301
9488.5 106 10.2956
9489.5 110 10.4881
9490.5 114 10.6771
9491.5 114 10.6771
9492.5 114 10.6771
9493.5 111 10.5357
9494.5 116 10.7703
9495.5 116 10.7703
9496.5 106 10.2956
9497.5 90 9.48683
9498.5 103 10.1489
9499.5 129 11.3578
9500.5 112 10.583
9501.5 92 9.59166
9502.5 117 10.8167
9503.5 103 10.1489
9504.5 110 10.4881
9505.5 102 10.0995
9506.5 115 10.7238
9507.5 106 10.2956
9508.5 121 11
9509.5 116 10.7703
9510.5 104 10.198
9511.5 99 9.94987
9512.5 107 10.3441
9513.5 98 9.89949
9514.5 104 10.198
9515.5 114 10.6771
9516.5 106 10.2956
9517.5 92 9.59166
9518.5 116 10.7703
9519.5 98 9.89949
9520.5 104 10.198
9521.5 104 10.198
9522.5 118 10.8628
9523.5 119 10.9087
9524.5 105 10.247
9525.5 114 10.6771
9526.5 111 10.5357
9527.5 118 10.8628
9528.5 95 9.74679
9529.5 106 10.2956
9530.5 111 10.5357
9531.5 111 10.5357
9532.5 110 10.4881
9533.5 106 10.2956
9534.5 122 11.0454
9535.5 102 10.0995
9536.5 122 11.0454
9537.5 112 10.583
9538.5 134 11.5758
9539.5 109 10.4403
9540.5 114 10.6771
9541.5 103 10.1489
9542.5 113 10.6301
9543.5 106 10.2956
9544.5 106 10.2956
9545.5 103 10.1489
9546.5 118 10.8628
9547.5 123 11.0905
9548.5 93 9.64365
9549.5 128 11.3137
9550.5 121 11
9551.5 111 10.5357
9552.5 99 9.94987
9553.5 105 10.247
9554.5 104 10.198
9555.5 118 10.8628
9556.5 105 10.247
9557.5 103 10.1489
9558.5 116 10.7703
9559.5 104 10.198
9560.5 124 11.1355
9561.5 122 11.0454
9562.5 121 11
9563.5 112 10.583
9564.5 116 10.7703
9565.5 107 10.3441
9566.5 113 10.6301
9567.5 85 9.21954
9568.5 102 10.0995
9569.5 107 10.3441
9570.5 109 10.4403
9571.5 112 10.583
9572.5 147 12.1244
9573.5 109 10.4403
9574.5 127 11.2694
9575.5 101 10.0499
9576.5 111 10.5357
9577.5 110 10.4881
9578.5 117 10.8167
9579.5 107 10.3441
9580.5 125 11.1803
9581.5 109 10.4403
9582.5 113 10.6301
9583.5 105 10.247
9584.5 116 10.7703
9585.5 121 11
9586.5 106 10.2956
9587.5 117 10.8167
9588.5 118 10.8628
9589.5 93 9.64365
9590.5 126 11.225
9591.5 115 10.7238
9592.5 112 10.583
9593.5 102 10.0995
9594.5 95 9.74679
9595.5 113 10.6301
9596.5 113 10.6301
9597.5 117 10.8167
9598.5 104 10.198
9599.5 114 10.6771
9600.5 105 10.247
9601.5 120 10.9545
9602.5 108 10.3923
9603.5 101 10.0499
9604.5 98 9.89949
9605.5 116 10.7703
9606.5 101 10.0499
9607.5 110 10.4881
9608.5 104 10.198
9609.5 116 10.7703
9610.5 128 11.3137
9611.5 110 10.4881
9612.5 107 10.3441
9613.5 128 11.3137
9614.5 126 11.225
9615.5 124 11.1355
9616.5 117 10.8167
9617.5 113 10.6301
9618.5 125 11.1803
9619.5 114 10.6771
9620.5 111 10.5357
9621.5 108 10.3923
9622.5 131 11.4455
9623.5 103 10.1489
9624.5 113 10.6301
9625.5 116 10.7703
9626.5 142 11.9164
9627.5 107 10.3441
9628.5 117 10.8167
9629.5 116 10.7703
9630.5 111 10.5357
9631.5 115 10.7238
9632.5 136 11.6619
9633.5 119 10.9087
9634.5 113 10.6301
9635.5 114 10.6771
9636.5 111 10.5357
9637.5 105 10.247
9638.5 106 10.2956
9639.5 110 10.4881
9640.5 111 10.5357
9641.5 105 10.247
9642.5 98 9.89949
9643.5 132 11.4891
9644.5 121 11
9645.5 106 10.2956
9646.5 123 11.0905
9647.5 107 10.3441
9648.5 130 11.4018
9649.5 121 11
9650.5 136 11.6619
9651.5 109 10.4403
9652.5 125 11.1803
9653.5 116 10.7703
9654.5 127 11.2694
9655.5 99 9.94987
9656.5 112 10.583
9657.5 126 11.225
9658.5 121 11
9659.5 130 11.4018
9660.5 101 10.0499
9661.5 122 11.0454
9662.5 118 10.8628
9663.5 94 9.69536
9664.5 113 10.6301
9665.5 109 10.4403
9666.5 106 10.2956
9667.5 123 11.0905
9668.5 141 11.8743
9669.5 105 10.247
9670.5 97 9.84886
9671.5 106 10.2956
9672.5 132 11.4891
9673.5 99 9.94987
9674.5 99 9.94987
9675.5 119 10.9087
9676.5 128 11.3137
9677.5 127 11.2694
9678.5 131 11.4455
9679.5 129 11.3578
9680.5 121 11
9681.5 120 10.9545
9682.5 117 10.8167
9683.5 113 10.6301
9684.5 119 10.9087
9685.5 102 10.0995
9686.5 112 10.583
9687.5 120 10.9545
9688.5 123 11.0905
9689.5 109 10.4403
9690.5 133 11.5326
9691.5 100 10
9692.5 103 10.1489
9693.5 114 10.6771
9694.5 125 11.1803
9695.5 130 11.4018
9696.5 109 10.4403
9697.5 113 10.6301
9698.5 117 10.8167
9699.5 100 10
9700.5 129 11.3578
9701.5 93 9.64365
9702.5 124 11.1355
9703.5 105 10.247
9704.5 121 11
9705.5 127 11.2694
9706.5 106 10.2956
9707.5 105 10.247
9708.5 116 10.7703
9709.5 120 10.9545
9710.5 112 10.583
9711.5 108 10.3923
9712.5 117 10.8167
9713.5 86 9.27362
9714.5 147 12.1244
9715.5 120 10.9545
9716.5 113 10.6301
9717.5 107 10.3441
9718.5 100 10
9719.5 104 10.198
9720.5 123 11.0905
9721.5 125 11.1803
9722.5 115 10.7238
9723.5 133 11.5326
9724.5 131 11.4455
9725.5 130 11.4018
9726.5 112 10.583
9727.5 129 11.3578
9728.5 92 9.59166
9729.5 115 10.7238
9730.5 105 10.247
9731.5 132 11.4891
9732.5 125 11.1803
9733.5 113 10.6301
9734.5 111 10.5357
9735.5 106 10.2956
9736.5 105 10.247
9737.5 122 11.0454
9738.5 105 10.247
9739.5 109 10.4403
9740.5 100 10
9741.5 114 10.6771
9742.5 117 10.8167
9743.5 125 11.1803
9744.5 118 10.8628
9745.5 109 10.4403
9746.5 105 10.247
9747.5 94 9.69536
9748.5 113 10.6301
9749.5 107 10.3441
9750.5 95 9.74679
9751.5 110 10.4881
9752.5 106 10.2956
9753.5 126 11.225
9754.5 112 10.583
9755.5 103 10.1489
9756.5 101 10.0499
9757.5 100 10
9758.5 113 10.6301
9759.5 100 10
9760.5 99 9.94987
9761.5 81 9
9762.5 105 10.247
9763.5 112 10.583
9764.5 96 9.79796
9765.5 90 9.48683
9766.5 95 9.74679
9767.5 93 9.64365
9768.5 96 9.79796
9769.5 79 8.88819
9770.5 90 9.48683
9771.5 100 10
9772.5 103 10.1489
9773.5 112 10.583
9774.5 83 9.11043
9775.5 94 9.69536
9776.5 97 9.84886
9777.5 89 9.43398
9778.5 102 10.0995
9779.5 91 9.53939
9780.5 101 10.0499
9781.5 84 9.16515
9782.5 85 9.21954
9783.5 95 9.74679
9784.5 88 9.38083
9785.5 84 9.16515
9786.5 101 10.0499
9787.5 92 9.59166
9788.5 90 9.48683
9789.5 92 9.59166
9790.5 87 9.32738
9791.5 82 9.05539
9792.5 90 9.48683
9793.5 93 9.64365
9794.5 75 8.66025
9795.5 100 10
9796.5 106 10.2956
9797.5 80 8.94427
9798.5 81 9
9799.5 92 9.59166
9800.5 84 9.16515
9801.5 67 8.18535
9802.5 67 8.18535
9803.5 85 9.21954
9804.5 68 8.24621
9805.5 86 9.27362
9806.5 82 9.05539
9807.5 83 9.11043
9808.5 76 8.7178
9809.5 85 9.21954
9810.5 75 8.66025
9811.5 72 8.48528
9812.5 81 9
9813.5 97 9.84886
9814.5 84 9.16515
9815.5 79 8.88819
9816.5 92 9.59166
9817.5 84 9.16515
9818.5 74 8.60233
9819.5 93 9.64365
9820.5 75 8.66025
9821.5 100 10
9822.5 89 9.43398
9823.5 65 8.06226
9824.5 89 9.43398
9825.5 85 9.21954
9826.5 75 8.66025
9827.5 72 8.48528
9828.5 88 9.38083
9829.5 71 8.42615
9830.5 89 9.43398
9831.5 79 8.88819
9832.5 72 8.48528
9833.5 79 8.88819
9834.5 82 9.05539
9835.5 58 7.61577
9836.5 91 9.53939
9837.5 84 9.16515
9838.5 81 9
9839.5 76 8.7178
9840.5 72 8.48528
9841.5 65 8.06226
9842.5 87 9.32738
9843.5 63 7.93725
9844.5 85 9.21954
9845.5 72 8.48528
9846.5 74 8.60233
9847.5 81 9
9848.5 81 9
9849.5 71 8.42615
9850.5 85 9.21954
9851.5 77 8.77496
9852.5 67 8.18535
9853.5 63 7.93725
9854.5 74 8.60233
9855.5 67 8.18535
9856.5 77 8.77496
9857.5 78 8.83176
9858.5 79 8.88819
9859.5 69 8.30662
9860.5 77 8.77496
9861.5 75 8.66025
9862.5 65 8.06226
9863.5 74 8.60233
9864.5 79 8.88819
9865.5 68 8.24621
9866.5 71 8.42615
9867.5 63 7.93725
9868.5 80 8.94427
9869.5 73 8.544
9870.5 83 9.11043
9871.5 72 8.48528
9872.5 67 8.18535
9873.5 67 8.18535
9874.5 84 9.16515
9875.5 80 8.94427
9876.5 72 8.48528
9877.5 66 8.12404
9878.5 71 8.42615
9879.5 74 8.60233
9880.5 85 9.21954
9881.5 71 8.42615
9882.5 64 8
9883.5 60 7.74597
9884.5 62 7.87401
9885.5 71 8.42615
9886.5 76 8.7178
9887.5 87 9.32738
9888.5 69 8.30662
9889.5 65 8.06226
9890.5 61 7.81025
9891.5 67 8.18535
9892.5 68 8.24621
9893.5 70 8.3666
9894.5 59 7.68115
9895.5 58 7.61577
9896.5 74 8.60233
9897.5 65 8.06226
9898.5 59 7.68115
9899.5 66 8.12404
9900.5 63 7.93725
9901.5 77 8.77496
9902.5 69 8.30662
9903.5 61 7.81025
9904.5 72 8.48528
9905.5 85 9.21954
9906.5 71 8.42615
9907.5 74 8.60233
9908.5 69 8.30662
9909.5 60 7.74597
9910.5 72 8.48528
9911.5 58 7.61577
9912.5 68 8.24621
9913.5 76 8.7178
9914.5 79 8.88819
9915.5 60 7.74597
9916.5 69 8.30662
9917.5 69 8.30662
9918.5 72 8.48528
9919.5 65 8.06226
9920.5 70 8.3666
9921.5 78 8.83176
9922.5 73 8.544
9923.5 73 8.544
9924.5 68 8.24621
9925.5 82 9.05539
9926.5 75 8.66025
9927.5 66 8.12404
9928.5 60 7.74597
9929.5 50 7.07107
9930.5 60 7.74597
9931.5 83 9.11043
9932.5 63 7.93725
9933.5 73 8.544
9934.5 75 8.66025
9935.5 60 7.74597
9936.5 65 8.06226
9937.5 74 8.60233
9938.5 62 7.87401
9939.5 85 9.21954
9940.5 81 9
9941.5 71 8.42615
9942.5 66 8.12404
9943.5 52 7.2111
9944.5 63 7.93725
9945.5 67 8.18535
9946.5 65 8.06226
9947.5 82 9.05539
9948.5 63 7.93725
9949.5 68 8.24621
9950.5 63 7.93725
9951.5 60 7.74597
9952.5 88 9.38083
9953.5 72 8.48528
9954.5 80 8.94427
9955.5 66 8.12404
9956.5 62 7.87401
9957.5 71 8.42615
9958.5 68 8.24621
9959.5 76 8.7178
9960.5 69 8.30662
9961.5 54 7.34847
9962.5 62 7.87401
9963.5 59 7.68115
9964.5 54 7.34847
9965.5 62 7.87401
9966.5 73 8.544
9967.5 56 7.48331
9968.5 66 8.12404
9969.5 73 8.544
9970.5 55 7.4162
9971.5 65 8.06226
9972.5 56 7.48331
9973.5 91 9.53939
9974.5 63 7.93725
9975.5 59 7.68115
9976.5 67 8.18535
9977.5 67 8.18535
9978.5 56 7.48331
9979.5 84 9.16515
9980.5 77 8.77496
9981.5 73 8.544
9982.5 56 7.48331
9983.5 73 8.544
9984.5 52 7.2111
9985.5 56 7.48331
9986.5 55 7.4162
9987.5 73 8.544
9988.5 70 8.3666
9989.5 75 8.66025
9990.5 70 8.3666
9991.5 68 8.24621
9992.5 55 7.4162
9993.5 84 9.16515
9994.5 61 7.81025
9995.5 63 7.93725
9996.5 63 7.93725
9997.5 73 8.544
9998.5 57 7.54983
9999.5 70 8.3666
10000.5 72 8.48528
10001.5 67 8.18535
10002.5 67 8.18535
10003.5 68 8.24621
10004.5 51 7.14143
10005.5 60 7.74597
10006.5 67 8.18535
10007.5 68 8.24621
10008.5 57 7.54983
10009.5 59 7.68115
10010.5 62 7.87401
10011.5 67 8.18535
10012.5 63 7.93725
10013.5 68 8.24621
10014.5 65 8.06226
10015.5 57 7.54983
10016.5 64 8
10017.5 63 7.93725
10018.5 67 8.18535
10019.5 69 8.30662
10020.5 67 8.18535
10021.5 52 7.2111
10022.5 54 7.34847
10023.5 68 8.24621
10024.5 55 7.4162
10025.5 69 8.30662
10026.5 61 7.81025
10027.5 52 7.2111
10028.5 64 8
10029.5 61 7.81025
10030.5 57 7.54983
10031.5 64 8
10032.5 61 7.81025
10033.5 59 7.68115
10034.5 66 8.12404
10035.5 67 8.18535
10036.5 70 8.3666
10037.5 58 7.61577
10038.5 55 7.4162
10039.5 66 8.12404
10040.5 70 8.3666
10041.5 66 8.12404
10042.5 59 7.68115
10043.5 52 7.2111
10044.5 74 8.60233
10045.5 67 8.18535
10046.5 65 8.06226
10047.5 56 7.48331
10048.5 68 8.24621
10049.5 61 7.81025
10050.5 55 7.4162
10051.5 64 8
10052.5 73 8.544
10053.5 57 7.54983
10054.5 53 7.28011
10055.5 60 7.74597
10056.5 65 8.06226
10057.5 69 8.30662
10058.5 68 8.24621
10059.5 57 7.54983
10060.5 59 7.68115
10061.5 69 8.30662
10062.5 57 7.54983
10063.5 53 7.28011
10064.5 67 8.18535
10065.5 48 6.9282
10066.5 50 7.07107
10067.5 75 8.66025
10068.5 52 7.2111
10069.5 58 7.61577
10070.5 56 7.48331
10071.5 63 7.93725
10072.5 58 7.61577
10073.5 63 7.93725
10074.5 63 7.93725
10075.5 44 6.63325
10076.5 67 8.18535
10077.5 69 8.30662
10078.5 57 7.54983
10079.5 54 7.34847
10080.5 68 8.24621
10081.5 63 7.93725
10082.5 63 7.93725
10083.5 58 7.61577
10084.5 51 7.14143
10085.5 53 7.28011
10086.5 52 7.2111
10087.5 57 7.54983
10088.5 48 6.9282
10089.5 61 7.81025
10090.5 66 8.12404
10091.5 63 7.93725
10092.5 57 7.54983
10093.5 62 7.87401
10094.5 64 8
10095.5 59 7.68115
10096.5 57 7.54983
10097.5 57 7.54983
10098.5 57 7.54983
10099.5 62 7.87401
10100.5 51 7.14143
10101.5 49 7
10102.5 56 7.48331
10103.5 38 6.16441
10104.5 44 6.63325
10105.5 52 7.2111
10106.5 53 7.28011
10107.5 58 7.61577
10108.5 72 8.48528
10109.5 56 7.48331
10110.5 57 7.54983
10111.5 48 6.9282
10112.5 60 7.74597
10113.5 52 7.2111
10114.5 49 7
10115.5 64 8
10116.5 44 6.63325
10117.5 58 7.61577
10118.5 68 8.24621
10119.5 51 7.14143
10120.5 50 7.07107
10121.5 72 8.48528
10122.5 56 7.48331
10123.5 58 7.61577
10124.5 50 7.07107
10125.5 54 7.34847
10126.5 55 7.4162
10127.5 56 7.48331
10128.5 57 7.54983
10129.5 60 7.74597
10130.5 60 7.74597
10131.5 46 6.78233
10132.5 55 7.4162
10133.5 52 7.2111
10134.5 66 8.12404
10135.5 57 7.54983
10136.5 62 7.87401
10137.5 52 7.2111
10138.5 56 7.48331
10139.5 62 7.87401
10140.5 58 7.61577
10141.5 43 6.55744
10142.5 47 6.85565
10143.5 51 7.14143
10144.5 51 7.14143
10145.5 40 6.32456
10146.5 58 7.61577
10147.5 65 8.06226
10148.5 45 6.7082
10149.5 50 7.07107
10150.5 60 7.74597
10151.5 52 7.2111
10152.5 49 7
10153.5 51 7.14143
10154.5 58 7.61577
10155.5 51 7.14143
10156.5 47 6.85565
10157.5 58 7.61577
10158.5 42 6.48074
10159.5 67 8.18535
10160.5 42 6.48074
10161.5 55 7.4162
10162.5 43 6.55744
10163.5 39 6.245
10164.5 46 6.78233
10165.5 53 7.28011
10166.5 50 7.07107
10167.5 58 7.61577
10168.5 37 6.08276
10169.5 51 7.14143
10170.5 57 7.54983
10171.5 51 7.14143
10172.5 41 6.40312
10173.5 53 7.28011
10174.5 49 7
10175.5 46 6.78233
10176.5 56 7.48331
10177.5 49 7
10178.5 60 7.74597
10179.5 48 6.9282
10180.5 63 7.93725
10181.5 54 7.34847
10182.5 39 6.245
10183.5 58 7.61577
10184.5 52 7.2111
10185.5 55 7.4162
10186.5 55 7.4162
10187.5 50 7.07107
10188.5 54 7.34847
10189.5 59 7.68115
10190.5 52 7.2111
10191.5 45 6.7082
10192.5 49 7
10193.5 46 6.78233
10194.5 44 6.63325
10195.5 44 6.63325
10196.5 50 7.07107
10197.5 40 6.32456
10198.5 47 6.85565
10199.5 57 7.54983
10200.5 43 6.55744
10201.5 54 7.34847
10202.5 38 6.16441
10203.5 32 5.65685
10204.5 45 6.7082
10205.5 55 7.4162
10206.5 45 6.7082
10207.5 40 6.32456
10208.5 62 7.87401
10209.5 30 5.47723
10210.5 61 7.81025
10211.5 40 6.32456
10212.5 44 6.63325
10213.5 39 6.245
10214.5 48 6.9282
10215.5 42 6.48074
10216.5 39 6.245
10217.5 51 7.14143
10218.5 32 5.65685
10219.5 58 7.61577
10220.5 36 6
10221.5 43 6.55744
10222.5 37 6.08276
10223.5 41 6.40312
10224.5 40 6.32456
10225.5 44 6.63325
10226.5 43 6.55744
10227.5 44 6.63325
10228.5 34 5.83095
10229.5 43 6.55744
10230.5 47 6.85565
10231.5 47 6.85565
10232.5 53 7.28011
10233.5 57 7.54983
10234.5 51 7.14143
10235.5 51 7.14143
10236.5 39 6.245
10237.5 54 7.34847
10238.5 51 7.14143
10239.5 53 7.28011
10240.5 38 6.16441
10241.5 50 7.07107
10242.5 34 5.83095
10243.5 46 6.78233
10244.5 43 6.55744
10245.5 35 5.91608
10246.5 43 6.55744
10247.5 40 6.32456
10248.5 44 6.63325
10249.5 47 6.85565
10250.5 50 7.07107
10251.5 48 6.9282
10252.5 44 6.63325
10253.5 45 6.7082
10254.5 42 6.48074
10255.5 38 6.16441
10256.5 37 6.08276
10257.5 38 6.16441
10258.5 41 6.40312
10259.5 30 5.47723
10260.5 41 6.40312
10261.5 41 6.40312
10262.5 29 5.38516
10263.5 38 6.16441
10264.5 57 7.54983
10265.5 47 6.85565
10266.5 44 6.63325
10267.5 41 6.40312
10268.5 48 6.9282
10269.5 42 6.48074
10270.5 48 6.9282
10271.5 27 5.19615
10272.5 38 6.16441
10273.5 27 5.19615
10274.5 37 6.08276
10275.5 41 6.40312
10276.5 32 5.65685
10277.5 43 6.55744
10278.5 43 6.55744
10279.5 46 6.78233
10280.5 42 6.48074
10281.5 33 5.74456
10282.5 33 5.74456
10283.5 37 6.08276
10284.5 36 6
10285.5 28 5.2915
10286.5 30 5.47723
10287.5 39 6.245
10288.5 42 6.48074
10289.5 42 6.48074
10290.5 27 5.19615
10291.5 40 6.32456
10292.5 42 6.48074
10293.5 29 5.38516
10294.5 35 5.91608
10295.5 34 5.83095
10296.5 39 6.245
10297.5 44 6.63325
10298.5 32 5.65685
10299.5 41 6.40312
10300.5 41 6.40312
10301.5 41 6.40312
10302.5 45 6.7082
10303.5 36 6
10304.5 45 6.7082
10305.5 29 5.38516
10306.5 28 5.2915
10307.5 37 6.08276
10308.5 38 6.16441
10309.5 47 6.85565
10310.5 27 5.19615
10311.5 38 6.16441
10312.5 30 5.47723
10313.5 49 7
10314.5 45 6.7082
10315.5 44 6.63325
10316.5 33 5.74456
10317.5 28 5.2915
10318.5 35 5.91608
10319.5 39 6.245
10320.5 35 5.91608
10321.5 33 5.74456
10322.5 25 5
10323.5 38 6.16441
10324.5 34 5.83095
10325.5 36 6
10326.5 43 6.55744
10327.5 36 6
10328.5 33 5.74456
10329.5 28 5.2915
10330.5 34 5.83095
10331.5 33 5.74456
10332.5 30 5.47723
10333.5 38 6.16441
10334.5 35 5.91608
10335.5 30 5.47723
10336.5 33 5.74456
10337.5 36 6
10338.5 32 5.65685
10339.5 22 4.69042
10340.5 36 6
10341.5 29 5.38516
10342.5 35 5.91608
10343.5 42 6.48074
10344.5 35 5.91608
10345.5 37 6.08276
10346.5 32 5.65685
10347.5 31 5.56776
10348.5 32 5.65685
10349.5 42 6.48074
10350.5 31 5.56776
10351.5 32 5.65685
10352.5 43 6.55744
10353.5 35 5.91608
10354.5 29 5.38516
10355.5 24 4.89898
10356.5 35 5.91608
10357.5 31 5.56776
10358.5 28 5.2915
10359.5 40 6.32456
10360.5 25 5
10361.5 25 5
10362.5 31 5.56776
10363.5 27 5.19615
10364.5 40 6.32456
10365.5 24 4.89898
10366.5 31 5.56776
10367.5 30 5.47723
10368.5 40 6.32456
10369.5 32 5.65685
10370.5 34 5.83095
10371.5 35 5.91608
10372.5 28 5.2915
10373.5 42 6.48074
10374.5 32 5.65685
10375.5 42 6.48074
10376.5 38 6.16441
10377.5 23 4.79583
10378.5 38 6.16441
10379.5 33 5.74456
10380.5 20 4.47214
10381.5 34 5.83095
10382.5 29 5.38516
10383.5 28 5.2915
10384.5 22 4.69042
10385.5 27 5.19615
10386.5 30 5.47723
10387.5 33 5.74456
10388.5 25 5
10389.5 30 5.47723
10390.5 26 5.09902
10391.5 31 5.56776
10392.5 27 5.19615
10393.5 30 5.47723
10394.5 26 5.09902
10395.5 24 4.89898
10396.5 24 4.89898
10397.5 29 5.38516
10398.5 35 5.91608
10399.5 28 5.2915
10400.5 25 5
10401.5 36 6
10402.5 25 5
10403.5 22 4.69042
10404.5 23 4.79583
10405.5 15 3.87298
10406.5 25 5
10407.5 20 4.47214
10408.5 25 5
10409.5 21 4.58258
10410.5 28 5.2915
10411.5 29 5.38516
10412.5 19 4.3589
10413.5 28 5.2915
10414.5 30 5.47723
10415.5 26 5.09902
10416.5 27 5.19615
10417.5 28 5.2915
10418.5 35 5.91608
10419.5 29 5.38516
10420.5 23 4.79583
10421.5 26 5.09902
10422.5 25 5
10423.5 23 4.79583
10424.5 28 5.2915
10425.5 22 4.69042
10426.5 26 5.09902
10427.5 17 4.12311
10428.5 20 4.47214
10429.5 24 4.89898
10430.5 17 4.12311
10431.5 23 4.79583
10432.5 23 4.79583
10433.5 21 4.58258
10434.5 31 5.56776
10435.5 35 5.91608
10436.5 20 4.47214
10437.5 18 4.24264
10438.5 31 5.56776
10439.5 27 5.19615
10440.5 29 5.38516
10441.5 28 5.2915
10442.5 28 5.2915
10443.5 24 4.89898
10444.5 15 3.87298
10445.5 19 4.3589
10446.5 25 5
10447.5 19 4.3589
10448.5 19 4.3589
10449.5 28 5.2915
10450.5 23 4.79583
10451.5 25 5
10452.5 26 5.09902
10453.5 29 5.38516
10454.5 22 4.69042
10455.5 20 4.47214
10456.5 28 5.2915
10457.5 28 5.2915
10458.5 26 5.09902
10459.5 21 4.58258
10460.5 19 4.3589
10461.5 21 4.58258
10462.5 14 3.74166
10463.5 22 4.69042
10464.5 29 5.38516
10465.5 20 4.47214
10466.5 21 4.58258
10467.5 28 5.2915
10468.5 27 5.19615
10469.5 17 4.12311
10470.5 32 5.65685
10471.5 21 4.58258
10472.5 23 4.79583
10473.5 27 5.19615
10474.5 24 4.89898
10475.5 28 5.2915
10476.5 22 4.69042
10477.5 28 5.2915
10478.5 24 4.89898
10479.5 23 4.79583
10480.5 21 4.58258
10481.5 17 4.12311
10482.5 24 4.89898
10483.5 22 4.69042
10484.5 25 5
10485.5 19 4.3589
10486.5 20 4.47214
10487.5 26 5.09902
10488.5 24 4.89898
10489.5 27 5.19615
10490.5 13 3.60555
10491.5 23 4.79583
10492.5 18 4.24264
10493.5 16 4
10494.5 23 4.79583
10495.5 19 4.3589
10496.5 17 4.12311
10497.5 29 5.38516
10498.5 19 4.3589
10499.5 11 3.31662
10500.5 13 3.60555
10501.5 26 5.09902
10502.5 22 4.69042
10503.5 25 5
10504.5 23 4.79583
10505.5 22 4.69042
10506.5 17 4.12311
10507.5 17 4.12311
10508.5 16 4
10509.5 28 5.2915
10510.5 15 3.87298
10511.5 13 3.60555
10512.5 21 4.58258
10513.5 16 4
10514.5 21 4.58258
10515.5 16 4
10516.5 20 4.47214
10517.5 22 4.69042
10518.5 21 4.58258
10519.5 21 4.58258
10520.5 16 4
10521.5 22 4.69042
10522.5 12 3.4641
10523.5 28 5.2915
10524.5 18 4.24264
10525.5 17 4.12311
10526.5 25 5
10527.5 21 4.58258
10528.5 20 4.47214
10529.5 22 4.69042
10530.5 14 3.74166
10531.5 14 3.74166
10532.5 18 4.24264
10533.5 27 5.19615
10534.5 12 3.4641
10535.5 11 3.31662
10536.5 20 4.47214
10537.5 14 3.74166
10538.5 10 3.16228
10539.5 11 3.31662
10540.5 24 4.89898
10541.5 22 4.69042
10542.5 18 4.24264
10543.5 11 3.31662
10544.5 21 4.58258
10545.5 21 4.58258
10546.5 23 4.79583
10547.5 11 3.31662
10548.5 15 3.87298
10549.5 19 4.3589
10550.5 23 4.79583
10551.5 21 4.58258
10552.5 25 5
10553.5 16 4
10554.5 15 3.87298
10555.5 23 4.79583
10556.5 16 4
10557.5 18 4.24264
10558.5 15 3.87298
10559.5 19 4.3589
10560.5 16 4
10561.5 23 4.79583
10562.5 26 5.09902
10563.5 18 4.24264
10564.5 18 4.24264
10565.5 18 4.24264
10566.5 12 3.4641
10567.5 22 4.69042
10568.5 15 3.87298
10569.5 18 4.24264
10570.5 22 4.69042
10571.5 13 3.60555
10572.5 23 4.79583
10573.5 18 4.24264
10574.5 14 3.74166
10575.5 19 4.3589
10576.5 16 4
10577.5 21 4.58258
10578.5 14 3.74166
10579.5 18 4.24264
10580.5 22 4.69042
10581.5 17 4.12311
10582.5 19 4.3589
10583.5 16 4
10584.5 14 3.74166
10585.5 15 3.87298
10586.5 9 3
10587.5 10 3.16228
10588.5 17 4.12311
10589.5 23 4.79583
10590.5 21 4.58258
10591.5 13 3.60555
10592.5 13 3.60555
10593.5 11 3.31662
10594.5 20 4.47214
10595.5 10 3.16228
10596.5 18 4.24264
10597.5 17 4.12311
10598.5 25 5
10599.5 16 4
10600.5 12 3.4641
10601.5 15 3.87298
10602.5 14 3.74166
10603.5 20 4.47214
10604.5 15 3.87298
10605.5 13 3.60555
10606.5 16 4
10607.5 25 5
10608.5 14 3.74166
10609.5 20 4.47214
10610.5 15 3.87298
10611.5 15 3.87298
10612.5 15 3.87298
10613.5 15 3.87298
10614.5 13 3.60555
10615.5 19 4.3589
10616.5 15 3.87298
10617.5 18 4.24264
10618.5 17 4.12311
10619.5 14 3.74166
10620.5 16 4
10621.5 12 3.4641
10622.5 13 3.60555
10623.5 10 3.16228
10624.5 12 3.4641
10625.5 15 3.87298
10626.5 19 4.3589
10627.5 22 4.69042
10628.5 18 4.24264
10629.5 10 3.16228
10630.5 17 4.12311
10631.5 13 3.60555
10632.5 14 3.74166
10633.5 16 4
10634.5 16 4
10635.5 16 4
10636.5 12 3.4641
10637.5 12 3.4641
10638.5 14 3.74166
10639.5 16 4
10640.5 19 4.3589
10641.5 15 3.87298
10642.5 15 3.87298
10643.5 15 3.87298
10644.5 2 1.41421
10645.5 17 4.12311
10646.5 15 3.87298
10647.5 15 3.87298
10648.5 15 3.87298
10649.5 17 4.12311
10650.5 14 3.74166
10651.5 19 4.3589
10652.5 14 3.74166
10653.5 17 4.12311
10654.5 16 4
10655.5 12 3.4641
10656.5 17 4.12311
10657.5 14 3.74166
10658.5 17 4.12311
10659.5 13 3.60555
10660.5 12 3.4641
10661.5 17 4.12311
10662.5 17 4.12311
10663.5 13 3.60555
10664.5 13 3.60555
10665.5 13 3.60555
10666.5 17 4.12311
10667.5 20 4.47214
10668.5 15 3.87298
10669.5 20 4.47214
10670.5 12 3.4641
10671.5 9 3
10672.5 19 4.3589
10673.5 15 3.87298
10674.5 13 3.60555
10675.5 13 3.60555
10676.5 15 3.87298
10677.5 15 3.87298
10678.5 16 4
10679.5 9 3
10680.5 14 3.74166
10681.5 16 4
10682.5 15 3.87298
10683.5 10 3.16228
10684.5 14 3.74166
10685.5 18 4.24264
10686.5 11 3.31662
10687.5 8 2.82843
10688.5 15 3.87298
10689.5 10 3.16228
10690.5 13 3.60555
10691.5 11 3.31662
10692.5 15 3.87298
10693.5 18 4.24264
10694.5 26 5.09902
10695.5 17 4.12311
10696.5 22 4.69042
10697.5 20 4.47214
10698.5 5 2.23607
10699.5 9 3
10700.5 13 3.60555
10701.5 14 3.74166
10702.5 10 3.16228
10703.5 2 1.41421
10704.5 19 4.3589
10705.5 15 3.87298
10706.5 14 3.74166
10707.5 12 3.4641
10708.5 7 2.64575
10709.5 23 4.79583
10710.5 12 3.4641
10711.5 8 2.82843
10712.5 12 3.4641
10713.5 12 3.4641
10714.5 16 4
10715.5 12 3.4641
10716.5 13 3.60555
10717.5 10 3.16228
10718.5 15 3.87298
10719.5 3 1.73205
10720.5 16 4
10721.5 13 3.60555
10722.5 11 3.31662
10723.5 13 3.60555
10724.5 9 3
10725.5 15 3.87298
10726.5 10 3.16228
10727.5 8 2.82843
10728.5 11 3.31662
10729.5 14 3.74166
10730.5 20 4.47214
10731.5 11 3.31662
10732.5 8 2.82843
10733.5 12 3.4641
10734.5 7 2.64575
10735.5 16 4
10736.5 8 2.82843
10737.5 18 4.24264
10738.5 13 3.60555
10739.5 16 4
10740.5 13 3.60555
10741.5 15 3.87298
10742.5 12 3.4641
10743.5 17 4.12311
10744.5 11 3.31662
10745.5 16 4
10746.5 15 3.87298
10747.5 13 3.60555
10748.5 14 3.74166
10749.5 15 3.87298
10750.5 22 4.69042
10751.5 18 4.24264
10752.5 12 3.4641
10753.5 11 3.31662
10754.5 15 3.87298
10755.5 12 3.4641
10756.5 11 3.31662
10757.5 13 3.60555
10758.5 19 4.3589
10759.5 19 4.3589
10760.5 9 3
10761.5 7 2.64575
10762.5 10 3.16228
10763.5 9 3
10764.5 19 4.3589
10765.5 8 2.82843
10766.5 8 2.82843
10767.5 19 4.3589
10768.5 27 5.19615
10769.5 12 3.4641
10770.5 12 3.4641
10771.5 11 3.31662
10772.5 16 4
10773.5 11 3.31662
10774.5 16 4
10775.5 13 3.60555
10776.5 12 3.4641
10777.5 12 3.4641
10778.5 15 3.87298
10779.5 8 2.82843
10780.5 13 3.60555
10781.5 14 3.74166
10782.5 13 3.60555
10783.5 18 4.24264
10784.5 16 4
10785.5 13 3.60555
10786.5 11 3.31662
10787.5 13 3.60555
10788.5 9 3
10789.5 8 2.82843
10790.5 8 2.82843
10791.5 12 3.4641
10792.5 8 2.82843
10793.5 14 3.74166
10794.5 18 4.24264
10795.5 10 3.16228
10796.5 15 3.87298
10797.5 13 3.60555
10798.5 15 3.87298
10799.5 8 2.82843
10800.5 2 1.41421
10801.5 18 4.24264
10802.5 17 4.12311
10803.5 15 3.87298
10804.5 12 3.4641
10805.5 15 3.87298
10806.5 6 2.44949
10807.5 10 3.16228
10808.5 7 2.64575
10809.5 8 2.82843
10810.5 16 4
10811.5 16 4
10812.5 11 3.31662
10813.5 13 3.60555
10814.5 11 3.31662
10815.5 9 3
10816.5 12 3.4641
10817.5 18 4.24264
10818.5 13 3.60555
10819.5 11 3.31662
10820.5 11 3.31662
10821.5 13 3.60555
10822.5 14 3.74166
10823.5 15 3.87298
10824.5 14 3.74166
10825.5 13 3.60555
10826.5 11 3.31662
10827.5 16 4
10828.5 13 3.60555
10829.5 15 3.87298
10830.5 12 3.4641
10831.5 14 3.74166
10832.5 11 3.31662
10833.5 10 3.16228
10834.5 13 3.60555
10835.5 13 3.60555
10836.5 10 3.16228
10837.5 13 3.60555
10838.5 13 3.60555
10839.5 10 3.16228
10840.5 8 2.82843
10841.5 14 3.74166
10842.5 8 2.82843
10843.5 9 3
10844.5 10 3.16228
10845.5 12 3.4641
10846.5 13 3.60555
10847.5 9 3
10848.5 10 3.16228
10849.5 10 3.16228
10850.5 11 3.31662
10851.5 12 3.4641
10852.5 7 2.64575
10853.5 15 3.87298
10854.5 14 3.74166
10855.5 8 2.82843
10856.5 10 3.16228
10857.5 12 3.4641
10858.5 24 4.89898
10859.5 17 4.12311
10860.5 9 3
10861.5 15 3.87298
10862.5 16 4
10863.5 8 2.82843
10864.5 12 3.4641
10865.5 11 3.31662
10866.5 15 3.87298
10867.5 9 3
10868.5 13 3.60555
10869.5 12 3.4641
10870.5 17 4.12311
10871.5 3 1.73205
10872.5 12 3.4641
10873.5 14 3.74166
10874.5 14 3.74166
10875.5 11 3.31662
10876.5 9 3
10877.5 9 3
10878.5 8 2.82843
10879.5 20 4.47214
10880.5 10 3.16228
10881.5 20 4.47214
10882.5 12 3.4641
10883.5 10 3.16228
10884.5 9 3
10885.5 20 4.47214
10886.5 14 3.74166
10887.5 15 3.87298
10888.5 15 3.87298
10889.5 9 3
10890.5 13 3.60555
10891.5 14 3.74166
10892.5 9 3
10893.5 13 3.60555
10894.5 12 3.4641
10895.5 13 3.60555
10896.5 11 3.31662
10897.5 14 3.74166
10898.5 9 3
10899.5 17 4.12311
10900.5 11 3.31662
10901.5 20 4.47214
10902.5 13 3.60555
10903.5 16 4
10904.5 21 4.58258
10905.5 10 3.16228
10906.5 13 3.60555
10907.5 7 2.64575
10908.5 19 4.3589
10909.5 12 3.4641
10910.5 13 3.60555
10911.5 12 3.4641
10912.5 17 4.12311
10913.5 14 3.74166
10914.5 12 3.4641
10915.5 14 3.74166
10916.5 16 4
10917.5 11 3.31662
10918.5 21 4.58258
10919.5 8 2.82843
10920.5 13 3.60555
10921.5 11 3.31662
10922.5 17 4.12311
10923.5 11 3.31662
10924.5 21 4.58258
10925.5 19 4.3589
10926.5 16 4
10927.5 13 3.60555
10928.5 16 4
10929.5 17 4.12311
10930.5 14 3.74166
10931.5 17 4.12311
10932.5 16 4
10933.5 18 4.24264
10934.5 16 4
10935.5 17 4.12311
10936.5 13 3.60555
10937.5 14 3.74166
10938.5 18 4.24264
10939.5 12 3.4641
10940.5 22 4.69042
10941.5 21 4.58258
10942.5 20 4.47214
10943.5 17 4.12311
10944.5 15 3.87298
10945.5 17 4.12311
10946.5 19 4.3589
10947.5 16 4
10948.5 14 3.74166
10949.5 18 4.24264
10950.5 15 3.87298
10951.5 15 3.87298
10952.5 16 4
10953.5 11 3.31662
10954.5 16 4
10955.5 20 4.47214
10956.5 19 4.3589
10957.5 16 4
10958.5 23 4.79583
10959.5 18 4.24264
10960.5 12 3.4641
10961.5 18 4.24264
10962.5 14 3.74166
10963.5 22 4.69042
10964.5 18 4.24264
10965.5 18 4.24264
10966.5 21 4.58258
10967.5 20 4.47214
10968.5 18 4.24264
10969.5 26 5.09902
10970.5 13 3.60555
10971.5 23 4.79583
10972.5 25 5
10973.5 20 4.47214
10974.5 24 4.89898
10975.5 24 4.89898
10976.5 25 5
10977.5 33 5.74456
10978.5 26 5.09902
10979.5 20 4.47214
10980.5 25 5
10981.5 22 4.69042
10982.5 29 5.38516
10983.5 28 5.2915
10984.5 31 5.56776
10985.5 31 5.56776
10986.5 32 5.65685
10987.5 35 5.91608
10988.5 33 5.74456
10989.5 32 5.65685
10990.5 34 5.83095
10991.5 30 5.47723
10992.5 38 6.16441
10993.5 34 5.83095
10994.5 49 7
10995.5 39 6.245
10996.5 43 6.55744
10997.5 48 6.9282
10998.5 38 6.16441
10999.5 36 6
11000.5 51 7.14143
11001.5 59 7.68115
11002.5 54 7.34847
11003.5 63 7.93725
11004.5 74 8.60233
11005.5 86 9.27362
11006.5 105 10.247
11007.5 97 9.84886
11008.5 111 10.5357
11009.5 115 10.7238
11010.5 121 11
11011.5 162 12.7279
11012.5 140 11.8322
11013.5 198 14.0712
11014.5 238 15.4272
11015.5 264 16.2481
11016.5 303 17.4069
11017.5 309 17.5784
11018.5 344 18.5472
11019.5 419 20.4695
11020.5 455 21.3307
11021.5 566 23.7908
11022.5 610 24.6982
11023.5 651 25.5147
11024.5 722 26.8701
11025.5 802 28.3196
11026.5 835 28.8964
11027.5 968 31.1127
11028.5 1060 32.5576
11029.5 1140 33.7639
11030.5 1177 34.3074
11031.5 1268 35.609
11032.5 1346 36.6879
11033.5 1400 37.4166
11034.5 1484 38.5227
11035.5 1532 39.1408
11036.5 1630 40.3733
11037.5 1651 40.6325
11038.5 1778 42.1663
11039.5 1777 42.1545
11040.5 1813 42.5793
11041.5 1826 42.7317
11042.5 1796 42.3792
11043.5 1863 43.1625
11044.5 1777 42.1545
11045.5 1805 42.4853
11046.5 1803 42.4617
11047.5 1689 41.0974
11048.5 1671 40.8779
11049.5 1620 40.2492
11050.5 1550 39.37
11051.5 1421 37.6962
11052.5 1463 38.2492
11053.5 1370 37.0135
11054.5 1209 34.7707
11055.5 1121 33.4813
11056.5 1067 32.665
11057.5 996 31.5595
11058.5 944 30.7246
11059.5 852 29.189
11060.5 878 29.6311
11061.5 731 27.037
11062.5 649 25.4755
11063.5 692 26.3059
11064.5 547 23.388
11065.5 569 23.8537
11066.5 514 22.6716
11067.5 439 20.9523
11068.5 402 20.0499
11069.5 437 20.9045
11070.5 376 19.3907
11071.5 340 18.4391
11072.5 308 17.5499
11073.5 301 17.3494
11074.5 243 15.5885
11075.5 257 16.0312
11076.5 232 15.2315
11077.5 196 14
11078.5 188 13.7113
11079.5 179 13.3791
11080.5 184 13.5647
11081.5 155 12.4499
11082.5 145 12.0416
11083.5 129 11.3578
11084.5 132 11.4891
11085.5 122 11.0454
11086.5 116 10.7703
11087.5 116 10.7703
11088.5 101 10.0499
11089.5 116 10.7703
11090.5 89 9.43398
11091.5 91 9.53939
11092.5 90 9.48683
11093.5 76 8.7178
11094.5 93 9.64365
11095.5 74 8.60233
11096.5 72 8.48528
11097.5 72 8.48528
11098.5 55 7.4162
11099.5 68 8.24621
11100.5 61 7.81025
11101.5 46 6.78233
11102.5 49 7
11103.5 49 7
11104.5 55 7.4162
11105.5 51 7.14143
11106.5 52 7.2111
11107.5 39 6.245
11108.5 37 6.08276
11109.5 45 6.7082
11110.5 50 7.07107
11111.5 43 6.55744
11112.5 37 6.08276
11113.5 36 6
11114.5 40 6.32456
11115.5 43 6.55744
11116.5 34 5.83095
11117.5 37 6.08276
11118.5 23 4.79583
11119.5 34 5.83095
11120.5 28 5.2915
11121.5 39 6.245
11122.5 24 4.89898
11123.5 28 5.2915
11124.5 22 4.69042
11125.5 39 6.245
11126.5 26 5.09902
11127.5 33 5.74456
11128.5 28 5.2915
11129.5 22 4.69042
11130.5 28 5.2915
11131.5 28 5.2915
11132.5 15 3.87298
11133.5 28 5.2915
11134.5 20 4.47214
11135.5 19 4.3589
11136.5 23 4.79583
11137.5 28 5.2915
11138.5 28 5.2915
11139.5 23 4.79583
11140.5 22 4.69042
11141.5 19 4.3589
11142.5 21 4.58258
11143.5 15 3.87298
11144.5 17 4.12311
11145.5 21 4.58258
11146.5 15 3.87298
11147.5 14 3.74166
11148.5 13 3.60555
11149.5 16 4
11150.5 14 3.74166
11151.5 14 3.74166
11152.5 21 4.58258
11153.5 14 3.74166
11154.5 19 4.3589
11155.5 20 4.47214
11156.5 13 3.60555
11157.5 10 3.16228
11158.5 14 3.74166
11159.5 15 3.87298
11160.5 14 3.74166
11161.5 12 3.4641
11162.5 18 4.24264
11163.5 9 3
11164.5 8 2.82843
11165.5 11 3.31662
11166.5 7 2.64575
11167.5 11 3.31662
11168.5 14 3.74166
11169.5 15 3.87298
11170.5 10 3.16228
11171.5 14 3.74166
11172.5 13 3.60555
11173.5 6 2.44949
11174.5 10 3.16228
11175.5 6 2.44949
11176.5 11 3.31662
11177.5 12 3.4641
11178.5 10 3.16228
11179.5 8 2.82843
11180.5 12 3.4641
11181.5 14 3.74166
11182.5 7 2.64575
11183.5 12 3.4641
11184.5 13 3.60555
11185.5 6 2.44949
11186.5 3 1.73205
11187.5 12 3.4641
11188.5 10 3.16228
11189.5 9 3
11190.5 7 2.64575
11191.5 12 3.4641
11192.5 8 2.82843
11193.5 9 3
11194.5 9 3
11195.5 10 3.16228
11196.5 9 3
11197.5 7 2.64575
11198.5 9 3
11199.5 11 3.31662
11200.5 7 2.64575
11201.5 5 2.23607
11202.5 9 3
11203.5 10 3.16228
11204.5 9 3
11205.5 4 2
11206.5 9 3
11207.5 9 3
11208.5 12 3.4641
11209.5 5 2.23607
11210.5 6 2.44949
11211.5 15 3.87298
11212.5 9 3
11213.5 8 2.82843
11214.5 4 2
11215.5 5 2.23607
11216.5 8 2.82843
11217.5 6 2.44949
11218.5 6 2.44949
11219.5 4 2
11220.5 6 2.44949
11221.5 4 2
11222.5 4 2
11223.5 5 2.23607
11224.5 3 1.73205
11225.5 9 3
11226.5 4 2
11227.5 5 2.23607
11228.5 6 2.44949
11229.5 10 3.16228
11230.5 4 2
11231.5 7 2.64575
11232.5 9 3
11233.5 6 2.44949
11234.5 6 2.44949
11235.5 3 1.73205
11236.5 3 1.73205
11237.5 3 1.73205
11238.5 5 2.23607
11239.5 4 2
11240.5 1 1
11241.5 6 2.44949
11242.5 8 2.82843
11243.5 7 2.64575
11244.5 5 2.23607
11245.5 4 2
11246.5 5 2.23607
11247.5 4 2
11248.5 1 1
11249.5 11 3.31662
11250.5 6 2.44949
11251.5 8 2.82843
11252.5 2 1.41421
11253.5 6 2.44949
11254.5 6 2.44949
11255.5 5 2.23607
11256.5 4 2
11257.5 5 2.23607
11258.5 4 2
11259.5 4 2
11260.5 5 2.23607
11261.5 7 2.64575
11262.5 6 2.44949
11263.5 3 1.73205
11264.5 2 1.41421
11265.5 6 2.44949
11266.5 3 1.73205
11267.5 4 2
11268.5 4 2
11269.5 7 2.64575
11270.5 5 2.23607
11271.5 7 2.64575
11272.5 6 2.44949
11273.5 5 2.23607
11274.5 4 2
11275.5 4 2
11276.5 3 1.73205
11277.5 5 2.23607
11278.5 4 2
11279.5 7 2.64575
11280.5 4 2
11281.5 4 2
11282.5 8 2.82843
11283.5 5 2.23607
11284.5 3 1.73205
11285.5 6 2.44949
11286.5 7 2.64575
11287.5 5 2.23607
11288.5 3 1.73205
11289.5 7 2.64575
11290.5 3 1.73205
11291.5 3 1.73205
11292.5 5 2.23607
11293.5 6 2.44949
11294.5 6 2.44949
11295.5 3 1.73205
11296.5 6 2.44949
11297.5 14 3.74166
11298.5 4 2
11299.5 5 2.23607
11300.5 6 2.44949
11301.5 6 2.44949
11302.5 5 2.23607
11303.5 8 2.82843
11304.5 4 2
11305.5 5 2.23607
11306.5 2 1.41421
11307.5 3 1.73205
11308.5 4 2
11309.5 4 2
11310.5 8 2.82843
11311.5 8 2.82843
11312.5 8 2.82843
11313.5 5 2.23607
11314.5 6 2.44949
11315.5 6 2.44949
11316.5 7 2.64575
11317.5 7 2.64575
11318.5 7 2.64575
11319.5 8 2.82843
11320.5 6 2.44949
11321.5 13 3.60555
11322.5 6 2.44949
11323.5 5 2.23607
11324.5 9 3
11325.5 9 3
11326.5 14 3.74166
11327.5 12 3.4641
11328.5 12 3.4641
11329.5 15 3.87298
11330.5 6 2.44949
11331.5 10 3.16228
11332.5 16 4
11333.5 17 4.12311
11334.5 16 4
11335.5 14 3.74166
11336.5 18 4.24264
11337.5 13 3.60555
11338.5 19 4.3589
11339.5 14 3.74166
11340.5 16 4
11341.5 14 3.74166
11342.5 21 4.58258
11343.5 25 5
11344.5 20 4.47214
11345.5 20 4.47214
11346.5 15 3.87298
11347.5 24 4.89898
11348.5 13 3.60555
11349.5 24 4.89898
11350.5 15 3.87298
11351.5 12 3.4641
11352.5 13 3.60555
11353.5 17 4.12311
11354.5 15 3.87298
11355.5 17 4.12311
11356.5 13 3.60555
11357.5 15 3.87298
11358.5 7 2.64575
11359.5 12 3.4641
11360.5 10 3.16228
11361.5 19 4.3589
11362.5 15 3.87298
11363.5 3 1.73205
11364.5 7 2.64575
11365.5 6 2.44949
11366.5 9 3
11367.5 12 3.4641
11368.5 8 2.82843
11369.5 7 2.64575
11370.5 12 3.4641
11371.5 8 2.82843
11372.5 4 2
11373.5 6 2.44949
11374.5 2 1.41421
11375.5 5 2.23607
11376.5 6 2.44949
11377.5 7 2.64575
11378.5 7 2.64575
11379.5 6 2.44949
11380.5 9 3
11381.5 7 2.64575
11382.5 5 2.23607
11383.5 7 2.64575
11384.5 4 2
11385.5 2 1.41421
11386.5 6 2.44949
11387.5 7 2.64575
11388.5 9 3
11389.5 4 2
11390.5 4 2
11391.5 4 2
11392.5 8 2.82843
11393.5 6 2.44949
11394.5 7 2.64575
11395.5 9 3
11396.5 3 1.73205
11397.5 4 2
11398.5 7 2.64575
11399.5 3 1.73205
11400.5 3 1.73205
11401.5 9 3
11402.5 5 2.23607
11403.5 6 2.44949
11404.5 5 2.23607
11405.5 4 2
11406.5 7 2.64575
11407.5 7 2.64575
11408.5 4 2
11409.5 7 2.64575
11410.5 3 1.73205
11411.5 5 2.23607
11412.5 3 1.73205
11413.5 5 2.23607
11414.5 7 2.64575
11415.5 3 1.73205
11416.5 5 2.23607
11417.5 4 2
11418.5 4 2
11419.5 6 2.44949
11420.5 11 3.31662
11421.5 9 3
11422.5 6 2.44949
11423.5 4 2
11424.5 7 2.64575
11425.5 7 2.64575
11426.5 7 2.64575
11427.5 6 2.44949
11428.5 3 1.73205
11429.5 6 2.44949
11430.5 5 2.23607
11431.5 3 1.73205
11432.5 4 2
11433.5 8 2.82843
11434.5 1 1
11435.5 7 2.64575
11436.5 5 2.23607
11437.5 6 2.44949
11438.5 4 2
11439.5 6 2.44949
11440.5 6 2.44949
11441.5 4 2
11442.5 8 2.82843
11443.5 10 3.16228
11444.5 6 2.44949
11445.5 5 2.23607
11446.5 4 2
11447.5 7 2.64575
11448.5 1 1
11449.5 5 2.23607
11450.5 4 2
11451.5 3 1.73205
11452.5 7 2.64575
11453.5 7 2.64575
11454.5 3 1.73205
11455.5 6 2.44949
11456.5 5 2.23607
11457.5 5 2.23607
11458.5 4 2
11459.5 7 2.64575
11460.5 8 2.82843
11461.5 4 2
11462.5 6 2.44949
11463.5 7 2.64575
11464.5 6 2.44949
11465.5 8 2.82843
11466.5 9 3
11467.5 6 2.44949
11468.5 6 2.44949
11469.5 6 2.44949
11470.5 6 2.44949
11471.5 5 2.23607
11472.5 8 2.82843
11473.5 6 2.44949
11474.5 5 2.23607
11475.5 10 3.16228
11476.5 2 1.41421
11477.5 5 2.23607
11478.5 6 2.44949
11479.5 7 2.64575
11480.5 2 1.41421
11481.5 5 2.23607
11482.5 6 2.44949
11483.5 6 2.44949
11484.5 6 2.44949
11485.5 4 2
11486.5 12 3.4641
11487.5 8 2.82843
11488.5 10 3.16228
11489.5 1 1
11490.5 4 2
11491.5 4 2
11492.5 6 2.44949
11493.5 6 2.44949
11494.5 5 2.23607
11495.5 5 2.23607
11496.5 5 2.23607
11497.5 6 2.44949
11498.5 5 2.23607
11499.5 6 2.44949
11500.5 3 1.73205
11501.5 5 2.23607
11502.5 3 1.73205
11503.5 4 2
11504.5 9 3
11505.5 4 2
11506.5 7 2.64575
11507.5 10 3.16228
11508.5 10 3.16228
11509.5 4 2
11510.5 2 1.41421
11511.5 5 2.23607
11512.5 4 2
11513.5 3 1.73205
11514.5 5 2.23607
11515.5 5 2.23607
11516.5 2 1.41421
11517.5 9 3
11518.5 6 2.44949
11519.5 9 3
11520.5 6 2.44949
11521.5 7 2.64575
11522.5 2 1.41421
11523.5 2 1.41421
11524.5 6 2.44949
11525.5 4 2
11526.5 6 2.44949
11527.5 10 3.16228
11528.5 5 2.23607
11529.5 9 3
11530.5 4 2
11531.5 4 2
11532.5 12 3.4641
11533.5 6 2.44949
11534.5 5 2.23607
11535.5 7 2.64575
11536.5 3 1.73205
11537.5 5 2.23607
11538.5 10 3.16228
11539.5 7 2.64575
11540.5 2 1.41421
11541.5 6 2.44949
11542.5 5 2.23607
11543.5 2 1.41421
11544.5 6 2.44949
11545.5 2 1.41421
11546.5 4 2
11547.5 6 2.44949
11548.5 5 2.23607
11549.5 3 1.73205
11550.5 11 3.31662
11551.5 7 2.64575
11552.5 6 2.44949
11553.5 8 2.82843
11554.5 3 1.73205
11555.5 5 2.23607
11556.5 7 2.64575
11557.5 6 2.44949
11558.5 7 2.64575
11559.5 3 1.73205
11560.5 3 1.73205
11561.5 7 2.64575
11562.5 5 2.23607
11563.5 4 2
11564.5 6 2.44949
11565.5 5 2.23607
11566.5 4 2
11567.5 3 1.73205
11568.5 9 3
11569.5 6 2.44949
11570.5 4 2
11571.5 2 1.41421
11572.5 5 2.23607
11573.5 6 2.44949
11574.5 3 1.73205
11575.5 8 2.82843
11576.5 4 2
11577.5 3 1.73205
11578.5 3 1.73205
11579.5 5 2.23607
11580.5 6 2.44949
11581.5 7 2.64575
11582.5 9 3
11583.5 8 2.82843
11584.5 7 2.64575
11585.5 4 2
11586.5 4 2
11587.5 2 1.41421
11588.5 4 2
11589.5 3 1.73205
11590.5 6 2.44949
11591.5 5 2.23607
11592.5 4 2
11593.5 11 3.31662
11594.5 5 2.23607
11595.5 4 2
11596.5 5 2.23607
11597.5 5 2.23607
11598.5 8 2.82843
11599.5 6 2.44949
11600.5 7 2.64575
11601.5 7 2.64575
11602.5 5 2.23607
11603.5 7 2.64575
11604.5 4 2
11605.5 4 2
11606.5 7 2.64575
11607.5 5 2.23607
11608.5 6 2.44949
11609.5 5 2.23607
11610.5 4 2
11611.5 3 1.73205
11612.5 4 2
11613.5 2 1.41421
11614.5 7 2.64575
11615.5 4 2
11616.5 5 2.23607
11617.5 2 1.41421
11618.5 7 2.64575
11619.5 3 1.73205
11620.5 5 2.23607
11621.5 7 2.64575
11622.5 4 2
11623.5 4 2
11624.5 4 2
11625.5 9 3
11626.5 5 2.23607
11627.5 7 2.64575
11628.5 2 1.41421
11629.5 3 1.73205
11630.5 8 2.82843
11631.5 7 2.64575
11632.5 4 2
11633.5 2 1.41421
11634.5 6 2.44949
11635.5 3 1.73205
11636.5 10 3.16228
11637.5 9 3
11638.5 6 2.44949
11639.5 9 3
11640.5 4 2
11641.5 3 1.73205
11642.5 9 3
11643.5 6 2.44949
11644.5 9 3
11645.5 10 3.16228
11646.5 6 2.44949
11647.5 3 1.73205
11648.5 5 2.23607
11649.5 9 3
11650.5 4 2
11651.5 5 2.23607
11652.5 4 2
11653.5 4 2
11654.5 4 2
11655.5 6 2.44949
11656.5 6 2.44949
11657.5 4 2
11658.5 5 2.23607
11659.5 8 2.82843
11660.5 6 2.44949
11661.5 4 2
11662.5 7 2.64575
11663.5 10 3.16228
11664.5 5 2.23607
11665.5 3 1.73205
11666.5 3 1.73205
11667.5 4 2
11668.5 2 1.41421
11669.5 2 1.41421
11670.5 3 1.73205
11671.5 4 2
11672.5 9 3
11673.5 4 2
11674.5 4 2
11675.5 7 2.64575
11676.5 6 2.44949
11677.5 5 2.23607
11678.5 3 1.73205
11679.5 12 3.4641
11680.5 7 2.64575
11681.5 4 2
11682.5 6 2.44949
11683.5 3 1.73205
11684.5 6 2.44949
11685.5 6 2.44949
11686.5 1 1
11687.5 8 2.82843
11688.5 6 2.44949
11689.5 4 2
11690.5 3 1.73205
11691.5 4 2
11692.5 3 1.73205
11693.5 3 1.73205
11694.5 7 2.64575
11695.5 8 2.82843
11696.5 4 2
11697.5 8 2.82843
11698.5 4 2
11699.5 7 2.64575
11700.5 4 2
11701.5 6 2.44949
11702.5 8 2.82843
11703.5 8 2.82843
11704.5 3 1.73205
11705.5 4 2
11706.5 8 2.82843
11707.5 7 2.64575
11708.5 5 2.23607
11709.5 5 2.23607
11710.5 9 3
11711.5 5 2.23607
11712.5 3 1.73205
11713.5 5 2.23607
11714.5 7 2.64575
11715.5 6 2.44949
11716.5 4 2
11717.5 4 2
11718.5 7 2.64575
11719.5 5 2.23607
11720.5 9 3
11721.5 9 3
11722.5 6 2.44949
11723.5 9 3
11724.5 11 3.31662
11725.5 5 2.23607
11726.5 6 2.44949
11727.5 9 3
11728.5 6 2.44949
11729.5 5 2.23607
11730.5 5 2.23607
11731.5 5 2.23607
11732.5 6 2.44949
11733.5 6 2.44949
11734.5 3 1.73205
11735.5 4 2
11736.5 6 2.44949
11737.5 4 2
11738.5 7 2.64575
11739.5 2 1.41421
11740.5 4 2
11741.5 4 2
11742.5 8 2.82843
11743.5 8 2.82843
11744.5 5 2.23607
11745.5 7 2.64575
11746.5 7 2.64575
11747.5 7 2.64575
11748.5 4 2
11749.5 6 2.44949
11750.5 8 2.82843
11751.5 1 1
11752.5 9 3
11753.5 6 2.44949
11754.5 3 1.73205
11755.5 4 2
11756.5 4 2
11757.5 6 2.44949
11758.5 7 2.64575
11759.5 8 2.82843
11760.5 3 1.73205
11761.5 6 2.44949
11762.5 8 2.82843
11763.5 3 1.73205
11764.5 6 2.44949
11765.5 4 2
11766.5 4 2
11767.5 5 2.23607
11768.5 5 2.23607
11769.5 10 3.16228
11770.5 8 2.82843
11771.5 6 2.44949
11772.5 7 2.64575
11773.5 4 2
11774.5 6 2.44949
11775.5 6 2.44949
11776.5 9 3
11777.5 7 2.64575
11778.5 7 2.64575
11779.5 6 2.44949
11780.5 4 2
11781.5 8 2.82843
11782.5 8 2.82843
11783.5 1 1
11784.5 4 2
11785.5 6 2.44949
11786.5 5 2.23607
11787.5 5 2.23607
11788.5 3 1.73205
11789.5 5 2.23607
11790.5 8 2.82843
11791.5 6 2.44949
11792.5 9 3
11793.5 10 3.16228
11794.5 8 2.82843
11795.5 2 1.41421
11796.5 7 2.64575
11797.5 6 2.44949
11798.5 9 3
11799.5 4 2
11800.5 4 2
11801.5 3 1.73205
11802.5 2 1.41421
11803.5 15 3.87298
11804.5 5 2.23607
11805.5 7 2.64575
11806.5 5 2.23607
11807.5 2 1.41421
11808.5 5 2.23607
11809.5 4 2
11810.5 4 2
11811.5 6 2.44949
11812.5 3 1.73205
11813.5 7 2.64575
11814.5 6 2.44949
11815.5 3 1.73205
11816.5 7 2.64575
11817.5 11 3.31662
11818.5 8 2.82843
11819.5 7 2.64575
11820.5 2 1.41421
11821.5 6 2.44949
11822.5 6 2.44949
11823.5 3 1.73205
11824.5 6 2.44949
11825.5 6 2.44949
11826.5 3 1.73205
11827.5 6 2.44949
11828.5 9 3
11829.5 3 1.73205
11830.5 8 2.82843
11831.5 6 2.44949
11832.5 8 2.82843
11833.5 5 2.23607
11834.5 5 2.23607
11835.5 7 2.64575
11836.5 2 1.41421
11837.5 5 2.23607
11838.5 4 2
11839.5 3 1.73205
11840.5 4 2
11841.5 5 2.23607
11842.5 7 2.64575
11843.5 9 3
11844.5 7 2.64575
11845.5 10 3.16228
11846.5 3 1.73205
11847.5 4 2
11848.5 6 2.44949
11849.5 9 3
11850.5 5 2.23607
11851.5 5 2.23607
11852.5 5 2.23607
11853.5 10 3.16228
11854.5 9 3
11855.5 4 2
11856.5 3 1.73205
11857.5 4 2
11858.5 5 2.23607
11859.5 6 2.44949
11860.5 3 1.73205
11861.5 7 2.64575
11862.5 6 2.44949
11863.5 4 2
11864.5 5 2.23607
11865.5 12 3.4641
11866.5 2 1.41421
11867.5 5 2.23607
11868.5 7 2.64575
11869.5 9 3
11870.5 5 2.23607
11871.5 6 2.44949
11872.5 6 2.44949
11873.5 5 2.23607
11874.5 6 2.44949
11875.5 5 2.23607
11876.5 10 3.16228
11877.5 8 2.82843
11878.5 2 1.41421
11879.5 5 2.23607
11880.5 7 2.64575
11881.5 7 2.64575
11882.5 2 1.41421
11883.5 8 2.82843
11884.5 6 2.44949
11885.5 2 1.41421
11886.5 8 2.82843
11887.5 4 2
11888.5 6 2.44949
11889.5 9 3
11890.5 10 3.16228
11891.5 8 2.82843
11892.5 8 2.82843
11893.5 8 2.82843
11894.5 8 2.82843
11895.5 1 1
11896.5 3 1.73205
11897.5 6 2.44949
11898.5 6 2.44949
11899.5 7 2.64575
11900.5 4 2
11901.5 12 3.4641
11902.5 2 1.41421
11903.5 6 2.44949
11904.5 3 1.73205
11905.5 5 2.23607
11906.5 2 1.41421
11907.5 5 2.23607
11908.5 5 2.23607
11909.5 7 2.64575
11910.5 7 2.64575
11911.5 12 3.4641
11912.5 4 2
11913.5 6 2.44949
11914.5 4 2
11915.5 7 2.64575
11916.5 4 2
11917.5 9 3
11918.5 6 2.44949
11919.5 3 1.73205
11920.5 8 2.82843
11921.5 7 2.64575
11922.5 2 1.41421
11923.5 6 2.44949
11924.5 5 2.23607
11925.5 3 1.73205
11926.5 5 2.23607
11927.5 6 2.44949
11928.5 5 2.23607
11929.5 5 2.23607
11930.5 5 2.23607
11931.5 8 2.82843
11932.5 10 3.16228
11933.5 8 2.82843
11934.5 2 1.41421
11935.5 4 2
11936.5 3 1.73205
11937.5 9 3
11938.5 7 2.64575
11939.5 8 2.82843
11940.5 8 2.82843
11941.5 2 1.41421
11942.5 8 2.82843
11943.5 3 1.73205
11944.5 10 3.16228
11945.5 8 2.82843
11946.5 5 2.23607
11947.5 5 2.23607
11948.5 5 2.23607
11949.5 3 1.73205
11950.5 5 2.23607
11951.5 7 2.64575
11952.5 7 2.64575
11953.5 3 1.73205
11954.5 7 2.64575
11955.5 3 1.73205
11956.5 1 1
11957.5 6 2.44949
11958.5 6 2.44949
11959.5 6 2.44949
11960.5 7 2.64575
11961.5 10 3.16228
11962.5 4 2
11963.5 3 1.73205
11964.5 8 2.82843
11965.5 5 2.23607
11966.5 4 2
11967.5 2 1.41421
11968.5 4 2
11969.5 6 2.44949
11970.5 11 3.31662
11971.5 3 1.73205
11972.5 4 2
11973.5 4 2
11974.5 5 2.23607
11975.5 6 2.44949
11976.5 6 2.44949
11977.5 5 2.23607
11978.5 1 1
11979.5 6 2.44949
11980.5 3 1.73205
11981.5 11 3.31662
11982.5 2 1.41421
11983.5 7 2.64575
11984.5 6 2.44949
11985.5 8 2.82843
11986.5 3 1.73205
11987.5 3 1.73205
11988.5 5 2.23607
11989.5 5 2.23607
11990.5 8 2.82843
11991.5 9 3
11992.5 4 2
11993.5 6 2.44949
11994.5 5 2.23607
11995.5 9 3
11996.5 5 2.23607
11997.5 3 1.73205
11998.5 3 1.73205
11999.5 2 1.41421
12000.5 9 3
12001.5 5 2.23607
12002.5 7 2.64575
12003.5 7 2.64575
12004.5 9 3
12005.5 4 2
12006.5 2 1.41421
12007.5 5 2.23607
12008.5 5 2.23607
12009.5 5 2.23607
12010.5 8 2.82843
12011.5 8 2.82843
12012.5 8 2.82843
12013.5 7 2.64575
12014.5 5 2.23607
12015.5 1 1
12016.5 7 2.64575
12017.5 8 2.82843
12018.5 6 2.44949
12019.5 8 2.82843
12020.5 6 2.44949
12021.5 5 2.23607
12022.5 6 2.44949
12023.5 5 2.23607
12024.5 6 2.44949
12025.5 7 2.64575
12026.5 4 2
12027.5 5 2.23607
12028.5 6 2.44949
12029.5 7 2.64575
12030.5 6 2.44949
12031.5 3 1.73205
12032.5 13 3.60555
12033.5 5 2.23607
12034.5 6 2.44949
12035.5 11 3.31662
12036.5 6 2.44949
12037.5 7 2.64575
12038.5 5 2.23607
12039.5 4 2
12040.5 5 2.23607
12041.5 4 2
12042.5 5 2.23607
12043.5 7 2.64575
12044.5 3 1.73205
12045.5 7 2.64575
12046.5 4 2
12047.5 5 2.23607
12048.5 10 3.16228
12049.5 8 2.82843
12050.5 5 2.23607
12051.5 8 2.82843
12052.5 5 2.23607
12053.5 4 2
12054.5 2 1.41421
12055.5 6 2.44949
12056.5 9 3
12057.5 5 2.23607
12058.5 4 2
12059.5 6 2.44949
12060.5 4 2
12061.5 3 1.73205
12062.5 7 2.64575
12063.5 4 2
12064.5 10 3.16228
12065.5 7 2.64575
12066.5 8 2.82843
12067.5 5 2.23607
12068.5 4 2
12069.5 9 3
12070.5 4 2
12071.5 7 2.64575
12072.5 8 2.82843
12073.5 2 1.41421
12074.5 6 2.44949
12075.5 8 2.82843
12076.5 8 2.82843
12077.5 9 3
12078.5 10 3.16228
12079.5 4 2
12080.5 4 2
12081.5 5 2.23607
12082.5 6 2.44949
12083.5 4 2
12084.5 6 2.44949
12085.5 4 2
12086.5 7 2.64575
12087.5 6 2.44949
12088.5 4 2
12089.5 8 2.82843
12090.5 6 2.44949
12091.5 4 2
12092.5 8 2.82843
12093.5 6 2.44949
12094.5 6 2.44949
12095.5 6 2.44949
12096.5 7 2.64575
12097.5 5 2.23607
12098.5 9 3
12099.5 11 3.31662
12100.5 4 2
12101.5 6 2.44949
12102.5 4 2
12103.5 5 2.23607
12104.5 7 2.64575
12105.5 5 2.23607
12106.5 5 2.23607
12107.5 8 2.82843
12108.5 5 2.23607
12109.5 9 3
12110.5 6 2.44949
12111.5 8 2.82843
12112.5 5 2.23607
12113.5 5 2.23607
12114.5 11 3.31662
12115.5 7 2.64575
12116.5 8 2.82843
12117.5 4 2
12118.5 5 2.23607
12119.5 10 3.16228
12120.5 4 2
12121.5 7 2.64575
12122.5 4 2
12123.5 6 2.44949
12124.5 4 2
12125.5 4 2
12126.5 10 3.16228
12127.5 9 3
12128.5 3 1.73205
12129.5 9 3
12130.5 7 2.64575
12131.5 5 2.23607
12132.5 4 2
12133.5 6 2.44949
12134.5 5 2.23607
12135.5 10 3.16228
12136.5 5 2.23607
12137.5 6 2.44949
12138.5 11 3.31662
12139.5 5 2.23607
12140.5 6 2.44949
12141.5 6 2.44949
12142.5 6 2.44949
12143.5 10 3.16228
12144.5 5 2.23607
12145.5 6 2.44949
12146.5 5 2.23607
12147.5 5 2.23607
12148.5 6 2.44949
12149.5 8 2.82843
12150.5 2 1.41421
12151.5 7 2.64575
12152.5 6 2.44949
12153.5 8 2.82843
12154.5 8 2.82843
12155.5 9 3
12156.5 4 2
12157.5 9 3
12158.5 5 2.23607
12159.5 9 3
12160.5 5 2.23607
12161.5 7 2.64575
12162.5 11 3.31662
12163.5 8 2.82843
12164.5 10 3.16228
12165.5 8 2.82843
12166.5 5 2.23607
12167.5 4 2
12168.5 7 2.64575
12169.5 5 2.23607
12170.5 10 3.16228
12171.5 4 2
12172.5 4 2
12173.5 7 2.64575
12174.5 9 3
12175.5 10 3.16228
12176.5 6 2.44949
12177.5 7 2.64575
12178.5 8 2.82843
12179.5 4 2
12180.5 5 2.23607
12181.5 6 2.44949
12182.5 2 1.41421
12183.5 6 2.44949
12184.5 8 2.82843
12185.5 8 2.82843
12186.5 2 1.41421
12187.5 6 2.44949
12188.5 7 2.64575
12189.5 9 3
12190.5 5 2.23607
12191.5 4 2
12192.5 7 2.64575
12193.5 5 2.23607
12194.5 7 2.64575
12195.5 9 3
12196.5 6 2.44949
12197.5 6 2.44949
12198.5 7 2.64575
12199.5 8 2.82843
12200.5 2 1.41421
12201.5 7 2.64575
12202.5 5 2.23607
12203.5 9 3
12204.5 6 2.44949
12205.5 5 2.23607
12206.5 3 1.73205
12207.5 10 3.16228
12208.5 9 3
12209.5 4 2
12210.5 7 2.64575
12211.5 11 3.31662
12212.5 12 3.4641
12213.5 7 2.64575
12214.5 4 2
12215.5 5 2.23607
12216.5 7 2.64575
12217.5 6 2.44949
12218.5 4 2
12219.5 7 2.64575
12220.5 5 2.23607
12221.5 5 2.23607
12222.5 10 3.16228
12223.5 5 2.23607
12224.5 10 3.16228
12225.5 6 2.44949
12226.5 4 2
12227.5 7 2.64575
12228.5 4 2
12229.5 1 1
12230.5 7 2.64575
12231.5 6 2.44949
12232.5 10 3.16228
12233.5 6 2.44949
12234.5 7 2.64575
12235.5 6 2.44949
12236.5 3 1.73205
12237.5 7 2.64575
12238.5 6 2.44949
12239.5 5 2.23607
12240.5 4 2
12241.5 4 2
12242.5 6 2.44949
12243.5 8 2.82843
12244.5 5 2.23607
12245.5 5 2.23607
12246.5 8 2.82843
12247.5 8 2.82843
12248.5 4 2
12249.5 7 2.64575
12250.5 5 2.23607
12251.5 5 2.23607
12252.5 8 2.82843
12253.5 9 3
12254.5 3 1.73205
12255.5 5 2.23607
12256.5 8 2.82843
12257.5 7 2.64575
12258.5 5 2.23607
12259.5 5 2.23607
12260.5 5 2.23607
12261.5 5 2.23607
12262.5 4 2
12263.5 4 2
12264.5 4 2
12265.5 8 2.82843
12266.5 8 2.82843
12267.5 5 2.23607
12268.5 5 2.23607
12269.5 8 2.82843
12270.5 2 1.41421
12271.5 10 3.16228
12272.5 8 2.82843
12273.5 7 2.64575
12274.5 12 3.4641
12275.5 11 3.31662
12276.5 8 2.82843
12277.5 4 2
12278.5 4 2
12279.5 3 1.73205
12280.5 5 2.23607
12281.5 3 1.73205
12282.5 10 3.16228
12283.5 6 2.44949
12284.5 6 2.44949
12285.5 2 1.41421
12286.5 6 2.44949
12287.5 6 2.44949
12288.5 10 3.16228
12289.5 6 2.44949
12290.5 4 2
12291.5 6 2.44949
12292.5 5 2.23607
12293.5 3 1.73205
12294.5 2 1.41421
12295.5 10 3.16228
12296.5 5 2.23607
12297.5 7 2.64575
12298.5 6 2.44949
12299.5 5 2.23607
12300.5 12 3.4641
12301.5 9 3
12302.5 5 2.23607
12303.5 6 2.44949
12304.5 3 1.73205
12305.5 6 2.44949
12306.5 6 2.44949
12307.5 6 2.44949
12308.5 5 2.23607
12309.5 8 2.82843
12310.5 2 1.41421
12311.5 5 2.23607
12312.5 5 2.23607
12313.5 8 2.82843
12314.5 5 2.23607
12315.5 8 2.82843
12316.5 3 1.73205
12317.5 6 2.44949
12318.5 11 3.31662
12319.5 10 3.16228
12320.5 5 2.23607
12321.5 4 2
12322.5 3 1.73205
12323.5 5 2.23607
12324.5 7 2.64575
12325.5 10 3.16228
12326.5 9 3
12327.5 3 1.73205
12328.5 4 2
12329.5 6 2.44949
12330.5 4 2
12331.5 12 3.4641
12332.5 3 1.73205
12333.5 7 2.64575
12334.5 7 2.64575
12335.5 5 2.23607
12336.5 6 2.44949
12337.5 4 2
12338.5 10 3.16228
12339.5 6 2.44949
12340.5 9 3
12341.5 11 3.31662
12342.5 7 2.64575
12343.5 4 2
12344.5 6 2.44949
12345.5 10 3.16228
12346.5 8 2.82843
12347.5 6 2.44949
12348.5 3 1.73205
12349.5 3 1.73205
12350.5 10 3.16228
12351.5 7 2.64575
12352.5 4 2
12353.5 4 2
12354.5 5 2.23607
12355.5 5 2.23607
12356.5 9 3
12357.5 5 2.23607
12358.5 9 3
12359.5 6 2.44949
12360.5 5 2.23607
12361.5 6 2.44949
12362.5 6 2.44949
12363.5 4 2
12364.5 4 2
12365.5 7 2.64575
12366.5 7 2.64575
12367.5 2 1.41421
12368.5 9 3
12369.5 9 3
12370.5 5 2.23607
12371.5 3 1.73205
12372.5 9 3
12373.5 3 1.73205
12374.5 5 2.23607
12375.5 5 2.23607
12376.5 6 2.44949
12377.5 6 2.44949
12378.5 10 3.16228
12379.5 3 1.73205
12380.5 8 2.82843
12381.5 7 2.64575
12382.5 15 3.87298
12383.5 8 2.82843
12384.5 6 2.44949
12385.5 9 3
12386.5 6 2.44949
12387.5 3 1.73205
12388.5 8 2.82843
12389.5 2 1.41421
12390.5 5 2.23607
12391.5 9 3
12392.5 4 2
12393.5 4 2
12394.5 8 2.82843
12395.5 7 2.64575
12396.5 6 2.44949
12397.5 3 1.73205
12398.5 11 3.31662
12399.5 3 1.73205
12400.5 5 2.23607
12401.5 8 2.82843
12402.5 6 2.44949
12403.5 5 2.23607
12404.5 2 1.41421
12405.5 2 1.41421
12406.5 3 1.73205
12407.5 10 3.16228
12408.5 5 2.23607
12409.5 6 2.44949
12410.5 4 2
12411.5 4 2
12412.5 7 2.64575
12413.5 2 1.41421
12414.5 4 2
12415.5 7 2.64575
12416.5 6 2.44949
12417.5 8 2.82843
12418.5 5 2.23607
12419.5 11 3.31662
12420.5 7 2.64575
12421.5 5 2.23607
12422.5 5 2.23607
12423.5 9 3
12424.5 8 2.82843
12425.5 8 2.82843
12426.5 8 2.82843
12427.5 7 2.64575
12428.5 4 2
12429.5 9 3
12430.5 3 1.73205
12431.5 6 2.44949
12432.5 6 2.44949
12433.5 3 1.73205
12434.5 3 1.73205
12435.5 8 2.82843
12436.5 5 2.23607
12437.5 6 2.44949
12438.5 4 2
12439.5 6 2.44949
12440.5 3 1.73205
12441.5 10 3.16228
12442.5 6 2.44949
12443.5 7 2.64575
12444.5 6 2.44949
12445.5 3 1.73205
12446.5 5 2.23607
12447.5 4 2
12448.5 7 2.64575
12449.5 4 2
12450.5 6 2.44949
12451.5 6 2.44949
12452.5 12 3.4641
12453.5 4 2
12454.5 9 3
12455.5 8 2.82843
12456.5 5 2.23607
12457.5 6 2.44949
12458.5 5 2.23607
12459.5 4 2
12460.5 6 2.44949
12461.5 9 3
12462.5 7 2.64575
12463.5 7 2.64575
12464.5 5 2.23607
12465.5 5 2.23607
12466.5 0 0
12467.5 5 2.23607
12468.5 7 2.64575
12469.5 1 1
12470.5 7 2.64575
12471.5 6 2.44949
12472.5 6 2.44949
12473.5 5 2.23607
12474.5 7 2.64575
12475.5 3 1.73205
12476.5 4 2
12477.5 6 2.44949
12478.5 12 3.4641
12479.5 11 3.31662
12480.5 7 2.64575
12481.5 6 2.44949
12482.5 2 1.41421
12483.5 9 3
12484.5 9 3
12485.5 5 2.23607
12486.5 6 2.44949
12487.5 4 2
12488.5 2 1.41421
12489.5 2 1.41421
12490.5 6 2.44949
12491.5 8 2.82843
12492.5 7 2.64575
12493.5 6 2.44949
12494.5 6 2.44949
12495.5 6 2.44949
12496.5 2 1.41421
12497.5 10 3.16228
12498.5 9 3
12499.5 4 2
12500.5 10 3.16228
12501.5 9 3
12502.5 5 2.23607
12503.5 6 2.44949
12504.5 5 2.23607
12505.5 4 2
12506.5 6 2.44949
12507.5 9 3
12508.5 5 2.23607
12509.5 7 2.64575
12510.5 7 2.64575
12511.5 4 2
12512.5 6 2.44949
12513.5 5 2.23607
12514.5 7 2.64575
12515.5 5 2.23607
12516.5 4 2
12517.5 6 2.44949
12518.5 10 3.16228
12519.5 5 2.23607
12520.5 8 2.82843
12521.5 7 2.64575
12522.5 11 3.31662
12523.5 7 2.64575
12524.5 9 3
12525.5 9 3
12526.5 7 2.64575
12527.5 5 2.23607
12528.5 7 2.64575
12529.5 6 2.44949
12530.5 3 1.73205
12531.5 12 3.4641
12532.5 7 2.64575
12533.5 2 1.41421
12534.5 7 2.64575
12535.5 7 2.64575
12536.5 5 2.23607
12537.5 5 2.23607
12538.5 8 2.82843
12539.5 7 2.64575
12540.5 2 1.41421
12541.5 13 3.60555
12542.5 6 2.44949
12543.5 8 2.82843
12544.5 12 3.4641
12545.5 7 2.64575
12546.5 10 3.16228
12547.5 3 1.73205
12548.5 4 2
12549.5 6 2.44949
12550.5 10 3.16228
12551.5 5 2.23607
12552.5 8 2.82843
12553.5 12 3.4641
12554.5 6 2.44949
12555.5 6 2.44949
12556.5 11 3.31662
12557.5 7 2.64575
12558.5 3 1.73205
12559.5 9 3
12560.5 5 2.23607
12561.5 4 2
12562.5 2 1.41421
12563.5 2 1.41421
12564.5 6 2.44949
12565.5 6 2.44949
12566.5 6 2.44949
12567.5 7 2.64575
12568.5 5 2.23607
12569.5 7 2.64575
12570.5 11 3.31662
12571.5 4 2
12572.5 9 3
12573.5 5 2.23607
12574.5 9 3
12575.5 6 2.44949
12576.5 6 2.44949
12577.5 4 2
12578.5 9 3
12579.5 5 2.23607
12580.5 8 2.82843
12581.5 3 1.73205
12582.5 7 2.64575
12583.5 13 3.60555
12584.5 6 2.44949
12585.5 5 2.23607
12586.5 5 2.23607
12587.5 10 3.16228
12588.5 7 2.64575
12589.5 7 2.64575
12590.5 4 2
12591.5 8 2.82843
12592.5 6 2.44949
12593.5 9 3
12594.5 13 3.60555
12595.5 5 2.23607
12596.5 5 2.23607
12597.5 8 2.82843
12598.5 9 3
12599.5 10 3.16228
12600.5 10 3.16228
12601.5 5 2.23607
12602.5 5 2.23607
12603.5 7 2.64575
12604.5 6 2.44949
12605.5 8 2.82843
12606.5 5 2.23607
12607.5 6 2.44949
12608.5 2 1.41421
12609.5 5 2.23607
12610.5 4 2
12611.5 4 2
12612.5 4 2
12613.5 2 1.41421
12614.5 12 3.4641
12615.5 4 2
12616.5 8 2.82843
12617.5 9 3
12618.5 10 3.16228
12619.5 6 2.44949
12620.5 6 2.44949
12621.5 6 2.44949
12622.5 10 3.16228
12623.5 10 3.16228
12624.5 8 2.82843
12625.5 7 2.64575
12626.5 9 3
12627.5 5 2.23607
12628.5 6 2.44949
12629.5 12 3.4641
12630.5 8 2.82843
12631.5 8 2.82843
12632.5 3 1.73205
12633.5 9 3
12634.5 8 2.82843
12635.5 6 2.44949
12636.5 7 2.64575
12637.5 4 2
12638.5 4 2
12639.5 7 2.64575
12640.5 4 2
12641.5 7 2.64575
12642.5 10 3.16228
12643.5 4 2
12644.5 5 2.23607
12645.5 10 3.16228
12646.5 5 2.23607
12647.5 4 2
12648.5 11 3.31662
12649.5 11 3.31662
12650.5 3 1.73205
12651.5 10 3.16228
12652.5 5 2.23607
12653.5 11 3.31662
12654.5 7 2.64575
12655.5 7 2.64575
12656.5 3 1.73205
12657.5 5 2.23607
12658.5 6 2.44949
12659.5 6 2.44949
12660.5 1 1
12661.5 6 2.44949
12662.5 8 2.82843
12663.5 5 2.23607
12664.5 3 1.73205
12665.5 4 2
12666.5 4 2
12667.5 3 1.73205
12668.5 7 2.64575
12669.5 10 3.16228
12670.5 6 2.44949
12671.5 5 2.23607
12672.5 8 2.82843
12673.5 5 2.23607
12674.5 8 2.82843
12675.5 6 2.44949
12676.5 4 2
12677.5 7 2.64575
12678.5 13 3.60555
12679.5 11 3.31662
12680.5 7 2.64575
12681.5 16 4
12682.5 10 3.16228
12683.5 8 2.82843
12684.5 11 3.31662
12685.5 1 1
12686.5 8 2.82843
12687.5 10 3.16228
12688.5 4 2
12689.5 11 3.31662
12690.5 6 2.44949
12691.5 6 2.44949
12692.5 9 3
12693.5 5 2.23607
12694.5 3 1.73205
12695.5 8 2.82843
12696.5 6 2.44949
12697.5 6 2.44949
12698.5 9 3
12699.5 3 1.73205
12700.5 4 2
12701.5 7 2.64575
12702.5 4 2
12703.5 7 2.64575
12704.5 10 3.16228
12705.5 4 2
12706.5 9 3
12707.5 4 2
12708.5 1 1
12709.5 8 2.82843
12710.5 4 2
12711.5 3 1.73205
12712.5 6 2.44949
12713.5 7 2.64575
12714.5 6 2.44949
12715.5 7 2.64575
12716.5 6 2.44949
12717.5 6 2.44949
12718.5 9 3
12719.5 7 2.64575
12720.5 6 2.44949
12721.5 3 1.73205
12722.5 4 2
12723.5 5 2.23607
12724.5 5 2.23607
12725.5 6 2.44949
12726.5 5 2.23607
12727.5 6 2.44949
12728.5 6 2.44949
12729.5 6 2.44949
12730.5 7 2.64575
12731.5 8 2.82843
12732.5 8 2.82843
12733.5 11 3.31662
12734.5 7 2.64575
12735.5 10 3.16228
12736.5 7 2.64575
12737.5 4 2
12738.5 8 2.82843
12739.5 1 1
12740.5 10 3.16228
12741.5 7 2.64575
12742.5 4 2
12743.5 3 1.73205
12744.5 6 2.44949
12745.5 7 2.64575
12746.5 6 2.44949
12747.5 7 2.64575
12748.5 7 2.64575
12749.5 5 2.23607
12750.5 8 2.82843
12751.5 5 2.23607
12752.5 5 2.23607
12753.5 9 3
12754.5 3 1.73205
12755.5 6 2.44949
12756.5 4 2
12757.5 11 3.31662
12758.5 3 1.73205
12759.5 8 2.82843
12760.5 4 2
12761.5 6 2.44949
12762.5 7 2.64575
12763.5 7 2.64575
12764.5 10 3.16228
12765.5 5 2.23607
12766.5 9 3
12767.5 9 3
12768.5 10 3.16228
12769.5 3 1.73205
12770.5 8 2.82843
12771.5 8 2.82843
12772.5 3 1.73205
12773.5 4 2
12774.5 7 2.64575
12775.5 7 2.64575
12776.5 10 3.16228
12777.5 5 2.23607
12778.5 5 2.23607
12779.5 6 2.44949
12780.5 4 2
12781.5 6 2.44949
12782.5 11 3.31662
12783.5 10 3.16228
12784.5 10 3.16228
12785.5 9 3
12786.5 9 3
12787.5 5 2.23607
12788.5 12 3.4641
12789.5 9 3
12790.5 7 2.64575
12791.5 6 2.44949
12792.5 10 3.16228
12793.5 2 1.41421
12794.5 6 2.44949
12795.5 7 2.64575
12796.5 8 2.82843
12797.5 4 2
12798.5 9 3
12799.5 11 3.31662
12800.5 9 3
12801.5 6 2.44949
12802.5 7 2.64575
12803.5 7 2.64575
12804.5 6 2.44949
12805.5 7 2.64575
12806.5 4 2
12807.5 5 2.23607
12808.5 14 3.74166
12809.5 4 2
12810.5 3 1.73205
12811.5 11 3.31662
12812.5 1 1
12813.5 9 3
12814.5 9 3
12815.5 4 2
12816.5 6 2.44949
12817.5 7 2.64575
12818.5 4 2
12819.5 4 2
12820.5 5 2.23607
12821.5 4 2
12822.5 8 2.82843
12823.5 6 2.44949
12824.5 7 2.64575
12825.5 6 2.44949
12826.5 4 2
12827.5 9 3
12828.5 8 2.82843
12829.5 6 2.44949
12830.5 7 2.64575
12831.5 5 2.23607
12832.5 6 2.44949
12833.5 11 3.31662
12834.5 7 2.64575
12835.5 12 3.4641
12836.5 5 2.23607
12837.5 7 2.64575
12838.5 12 3.4641
12839.5 6 2.44949
12840.5 6 2.44949
12841.5 5 2.23607
12842.5 6 2.44949
12843.5 8 2.82843
12844.5 5 2.23607
12845.5 5 2.23607
12846.5 8 2.82843
12847.5 10 3.16228
12848.5 10 3.16228
12849.5 5 2.23607
12850.5 4 2
12851.5 12 3.4641
12852.5 3 1.73205
12853.5 4 2
12854.5 11 3.31662
12855.5 5 2.23607
12856.5 5 2.23607
12857.5 6 2.44949
12858.5 11 3.31662
12859.5 4 2
12860.5 4 2
12861.5 11 3.31662
12862.5 12 3.4641
12863.5 7 2.64575
12864.5 6 2.44949
12865.5 7 2.64575
12866.5 8 2.82843
12867.5 5 2.23607
12868.5 7 2.64575
12869.5 9 3
12870.5 3 1.73205
12871.5 2 1.41421
12872.5 3 1.73205
12873.5 6 2.44949
12874.5 7 2.64575
12875.5 5 2.23607
12876.5 8 2.82843
12877.5 7 2.64575
12878.5 7 2.64575
12879.5 11 3.31662
12880.5 7 2.64575
12881.5 2 1.41421
12882.5 3 1.73205
12883.5 3 1.73205
12884.5 3 1.73205
12885.5 8 2.82843
12886.5 10 3.16228
12887.5 7 2.64575
12888.5 6 2.44949
12889.5 5 2.23607
12890.5 8 2.82843
12891.5 8 2.82843
12892.5 8 2.82843
12893.5 5 2.23607
12894.5 9 3
12895.5 3 1.73205
12896.5 9 3
12897.5 4 2
12898.5 4 2
12899.5 6 2.44949
12900.5 4 2
12901.5 5 2.23607
12902.5 4 2
12903.5 6 2.44949
12904.5 4 2
12905.5 4 2
12906.5 1 1
12907.5 6 2.44949
12908.5 4 2
12909.5 3 1.73205
12910.5 4 2
12911.5 4 2
12912.5 4 2
12913.5 3 1.73205
12914.5 6 2.44949
12915.5 2 1.41421
12916.5 5 2.23607
12917.5 8 2.82843
12918.5 8 2.82843
12919.5 5 2.23607
12920.5 6 2.44949
12921.5 6 2.44949
12922.5 1 1
12923.5 3 1.73205
12924.5 2 1.41421
12925.5 7 2.64575
12926.5 4 2
12927.5 0 0
12928.5 8 2.82843
12929.5 3 1.73205
12930.5 4 2
12931.5 5 2.23607
12932.5 4 2
12933.5 2 1.41421
12934.5 2 1.41421
12935.5 6 2.44949
12936.5 9 3
12937.5 2 1.41421
12938.5 5 2.23607
12939.5 4 2
12940.5 7 2.64575
12941.5 4 2
12942.5 5 2.23607
12943.5 5 2.23607
12944.5 5 2.23607
12945.5 5 2.23607
12946.5 6 2.44949
12947.5 5 2.23607
12948.5 7 2.64575
12949.5 6 2.44949
12950.5 2 1.41421
12951.5 5 2.23607
12952.5 3 1.73205
12953.5 1 1
12954.5 5 2.23607
12955.5 5 2.23607
12956.5 4 2
12957.5 7 2.64575
12958.5 3 1.73205
12959.5 6 2.44949
12960.5 3 1.73205
12961.5 1 1
12962.5 8 2.82843
12963.5 8 2.82843
12964.5 4 2
12965.5 3 1.73205
12966.5 4 2
12967.5 5 2.23607
12968.5 5 2.23607
12969.5 6 2.44949
12970.5 5 2.23607
12971.5 5 2.23607
12972.5 7 2.64575
12973.5 4 2
12974.5 5 2.23607
12975.5 6 2.44949
12976.5 5 2.23607
12977.5 4 2
12978.5 5 2.23607
12979.5 5 2.23607
12980.5 4 2
12981.5 3 1.73205
12982.5 5 2.23607
12983.5 5 2.23607
12984.5 7 2.64575
12985.5 8 2.82843
12986.5 4 2
12987.5 5 2.23607
12988.5 7 2.64575
12989.5 6 2.44949
12990.5 6 2.44949
12991.5 8 2.82843
12992.5 5 2.23607
12993.5 2 1.41421
12994.5 8 2.82843
12995.5 6 2.44949
12996.5 6 2.44949
12997.5 3 1.73205
12998.5 3 1.73205
12999.5 3 1.73205
13000.5 4 2
13001.5 5 2.23607
13002.5 5 2.23607
13003.5 4 2
13004.5 5 2.23607
13005.5 4 2
13006.5 5 2.23607
13007.5 7 2.64575
13008.5 4 2
13009.5 4 2
13010.5 3 1.73205
13011.5 7 2.64575
13012.5 5 2.23607
13013.5 3 1.73205
13014.5 3 1.73205
13015.5 5 2.23607
13016.5 2 1.41421
13017.5 5 2.23607
13018.5 7 2.64575
13019.5 5 2.23607
13020.5 6 2.44949
13021.5 4 2
13022.5 8 2.82843
13023.5 3 1.73205
13024.5 9 3
13025.5 2 1.41421
13026.5 1 1
13027.5 6 2.44949
13028.5 2 1.41421
13029.5 4 2
13030.5 7 2.64575
13031.5 6 2.44949
13032.5 4 2
13033.5 2 1.41421
13034.5 5 2.23607
13035.5 5 2.23607
13036.5 5 2.23607
13037.5 3 1.73205
13038.5 5 2.23607
13039.5 6 2.44949
13040.5 7 2.64575
13041.5 2 1.41421
13042.5 3 1.73205
13043.5 7 2.64575
13044.5 4 2
13045.5 3 1.73205
13046.5 9 3
13047.5 2 1.41421
13048.5 5 2.23607
13049.5 4 2
13050.5 3 1.73205
13051.5 4 2
13052.5 8 2.82843
13053.5 4 2
13054.5 8 2.82843
13055.5 2 1.41421
13056.5 4 2
13057.5 4 2
13058.5 3 1.73205
13059.5 3 1.73205
13060.5 7 2.64575
13061.5 0 0
13062.5 3 1.73205
13063.5 8 2.82843
13064.5 4 2
13065.5 3 1.73205
13066.5 6 2.44949
13067.5 1 1
13068.5 1 1
13069.5 4 2
13070.5 6 2.44949
13071.5 4 2
13072.5 3 1.73205
13073.5 2 1.41421
13074.5 4 2
13075.5 4 2
13076.5 8 2.82843
13077.5 5 2.23607
13078.5 6 2.44949
13079.5 4 2
13080.5 7 2.64575
13081.5 4 2
13082.5 3 1.73205
13083.5 6 2.44949
13084.5 2 1.41421
13085.5 4 2
13086.5 1 1
13087.5 5 2.23607
13088.5 5 2.23607
13089.5 2 1.41421
13090.5 4 2
13091.5 3 1.73205
13092.5 6 2.44949
13093.5 7 2.64575
13094.5 1 1
13095.5 6 2.44949
13096.5 6 2.44949
13097.5 3 1.73205
13098.5 6 2.44949
13099.5 2 1.41421
13100.5 3 1.73205
13101.5 4 2
13102.5 3 1.73205
13103.5 6 2.44949
13104.5 2 1.41421
13105.5 4 2
13106.5 8 2.82843
13107.5 7 2.64575
13108.5 2 1.41421
13109.5 2 1.41421
13110.5 4 2
13111.5 2 1.41421
13112.5 7 2.64575
13113.5 2 1.41421
13114.5 4 2
13115.5 7 2.64575
13116.5 3 1.73205
13117.5 6 2.44949
13118.5 2 1.41421
13119.5 6 2.44949
13120.5 3 1.73205
13121.5 6 2.44949
13122.5 3 1.73205
13123.5 9 3
13124.5 5 2.23607
13125.5 6 2.44949
13126.5 5 2.23607
13127.5 10 3.16228
13128.5 2 1.41421
13129.5 8 2.82843
13130.5 3 1.73205
13131.5 1 1
13132.5 2 1.41421
13133.5 1 1
13134.5 4 2
13135.5 4 2
13136.5 7 2.64575
13137.5 2 1.41421
13138.5 4 2
13139.5 5 2.23607
13140.5 3 1.73205
13141.5 4 2
13142.5 6 2.44949
13143.5 5 2.23607
13144.5 2 1.41421
13145.5 4 2
13146.5 5 2.23607
13147.5 3 1.73205
13148.5 7 2.64575
13149.5 3 1.73205
13150.5 6 2.44949
13151.5 3 1.73205
13152.5 2 1.41421
13153.5 2 1.41421
13154.5 6 2.44949
13155.5 2 1.41421
13156.5 7 2.64575
13157.5 3 1.73205
13158.5 6 2.44949
13159.5 1 1
13160.5 2 1.41421
13161.5 8 2.82843
13162.5 5 2.23607
13163.5 5 2.23607
13164.5 3 1.73205
13165.5 3 1.73205
13166.5 1 1
13167.5 3 1.73205
13168.5 3 1.73205
13169.5 1 1
13170.5 5 2.23607
13171.5 5 2.23607
13172.5 2 1.41421
13173.5 4 2
13174.5 4 2
13175.5 2 1.41421
13176.5 2 1.41421
13177.5 2 1.41421
13178.5 1 1
13179.5 1 1
13180.5 3 1.73205
13181.5 8 2.82843
13182.5 3 1.73205
13183.5 3 1.73205
13184.5 3 1.73205
13185.5 4 2
13186.5 4 2
13187.5 2 1.41421
13188.5 9 3
13189.5 2 1.41421
13190.5 7 2.64575
13191.5 7 2.64575
13192.5 1 1
13193.5 1 1
13194.5 3 1.73205
13195.5 8 2.82843
13196.5 5 2.23607
13197.5 5 2.23607
13198.5 3 1.73205
13199.5 5 2.23607
13200.5 6 2.44949
13201.5 1 1
13202.5 3 1.73205
13203.5 3 1.73205
13204.5 3 1.73205
13205.5 4 2
13206.5 3 1.73205
13207.5 3 1.73205
13208.5 8 2.82843
13209.5 7 2.64575
13210.5 7 2.64575
13211.5 7 2.64575
13212.5 5 2.23607
13213.5 4 2
13214.5 4 2
13215.5 2 1.41421
13216.5 3 1.73205
13217.5 10 3.16228
13218.5 4 2
13219.5 4 2
13220.5 3 1.73205
13221.5 6 2.44949
13222.5 4 2
13223.5 6 2.44949
13224.5 5 2.23607
13225.5 6 2.44949
13226.5 5 2.23607
13227.5 7 2.64575
13228.5 3 1.73205
13229.5 5 2.23607
13230.5 6 2.44949
13231.5 5 2.23607
13232.5 4 2
13233.5 5 2.23607
13234.5 7 2.64575
13235.5 4 2
13236.5 3 1.73205
13237.5 4 2
13238.5 2 1.41421
13239.5 4 2
13240.5 8 2.82843
13241.5 3 1.73205
13242.5 5 2.23607
13243.5 1 1
13244.5 8 2.82843
13245.5 4 2
13246.5 6 2.44949
13247.5 1 1
13248.5 2 1.41421
13249.5 5 2.23607
13250.5 6 2.44949
13251.5 2 1.41421
13252.5 4 2
13253.5 4 2
13254.5 3 1.73205
13255.5 5 2.23607
13256.5 7 2.64575
13257.5 3 1.73205
13258.5 4 2
13259.5 2 1.41421
13260.5 2 1.41421
13261.5 3 1.73205
13262.5 2 1.41421
13263.5 4 2
13264.5 2 1.41421
13265.5 2 1.41421
13266.5 0 0
13267.5 3 1.73205
13268.5 5 2.23607
13269.5 4 2
13270.5 1 1
13271.5 4 2
13272.5 8 2.82843
13273.5 4 2
13274.5 4 2
13275.5 2 1.41421
13276.5 1 1
13277.5 3 1.73205
13278.5 6 2.44949
13279.5 4 2
13280.5 1 1
13281.5 5 2.23607
13282.5 7 2.64575
13283.5 2 1.41421
13284.5 1 1
13285.5 7 2.64575
13286.5 4 2
13287.5 1 1
13288.5 3 1.73205
13289.5 2 1.41421
13290.5 5 2.23607
13291.5 6 2.44949
13292.5 2 1.41421
13293.5 4 2
13294.5 4 2
13295.5 0 0
13296.5 2 1.41421
13297.5 4 2
13298.5 4 2
13299.5 4 2
13300.5 6 2.44949
13301.5 2 1.41421
13302.5 3 1.73205
13303.5 4 2
13304.5 3 1.73205
13305.5 2 1.41421
13306.5 5 2.23607
13307.5 7 2.64575
13308.5 4 2
13309.5 6 2.44949
13310.5 5 2.23607
13311.5 7 2.64575
13312.5 6 2.44949
13313.5 3 1.73205
13314.5 3 1.73205
13315.5 5 2.23607
13316.5 0 0
13317.5 3 1.73205
13318.5 3 1.73205
13319.5 5 2.23607
13320.5 7 2.64575
13321.5 1 1
13322.5 6 2.44949
13323.5 3 1.73205
13324.5 8 2.82843
13325.5 4 2
13326.5 7 2.64575
13327.5 7 2.64575
13328.5 5 2.23607
13329.5 2 1.41421
13330.5 8 2.82843
13331.5 7 2.64575
13332.5 7 2.64575
13333.5 3 1.73205
13334.5 5 2.23607
13335.5 3 1.73205
13336.5 2 1.41421
13337.5 3 1.73205
13338.5 5 2.23607
13339.5 8 2.82843
13340.5 4 2
13341.5 4 2
13342.5 5 2.23607
13343.5 8 2.82843
13344.5 5 2.23607
13345.5 3 1.73205
13346.5 6 2.44949
13347.5 3 1.73205
13348.5 0 0
13349.5 3 1.73205
13350.5 0 0
13351.5 4 2
13352.5 0 0
13353.5 4 2
13354.5 5 2.23607
13355.5 2 1.41421
13356.5 2 1.41421
13357.5 3 1.73205
13358.5 4 2
13359.5 0 0
13360.5 4 2
13361.5 5 2.23607
13362.5 4 2
13363.5 3 1.73205
13364.5 2 1.41421
13365.5 2 1.41421
13366.5 4 2
13367.5 2 1.41421
13368.5 1 1
13369.5 5 2.23607
13370.5 4 2
13371.5 6 2.44949
13372.5 3 1.73205
13373.5 5 2.23607
13374.5 6 2.44949
13375.5 2 1.41421
13376.5 3 1.73205
13377.5 4 2
13378.5 4 2
13379.5 5 2.23607
13380.5 0 0
13381.5 4 2
13382.5 2 1.41421
13383.5 1 1
13384.5 5 2.23607
13385.5 4 2
13386.5 6 2.44949
13387.5 0 0
13388.5 4 2
13389.5 7 2.64575
13390.5 4 2
13391.5 3 1.73205
13392.5 0 0
13393.5 2 1.41421
13394.5 1 1
13395.5 2 1.41421
13396.5 0 0
13397.5 2 1.41421
13398.5 5 2.23607
13399.5 3 1.73205
13400.5 5 2.23607
13401.5 6 2.44949
13402.5 2 1.41421
13403.5 4 2
13404.5 6 2.44949
13405.5 6 2.44949
13406.5 7 2.64575
13407.5 1 1
13408.5 3 1.73205
13409.5 3 1.73205
13410.5 2 1.41421
13411.5 1 1
13412.5 4 2
13413.5 3 1.73205
13414.5 3 1.73205
13415.5 4 2
13416.5 4 2
13417.5 1 1
13418.5 3 1.73205
13419.5 5 2.23607
13420.5 0 0
13421.5 1 1
13422.5 3 1.73205
13423.5 6 2.44949
13424.5 2 1.41421
13425.5 2 1.41421
13426.5 1 1
13427.5 1 1
13428.5 1 1
13429.5 5 2.23607
13430.5 2 1.41421
13431.5 4 2
13432.5 1 1
13433.5 3 1.73205
13434.5 3 1.73205
13435.5 3 1.73205
13436.5 3 1.73205
13437.5 4 2
13438.5 6 2.44949
13439.5 3 1.73205
13440.5 3 1.73205
13441.5 2 1.41421
13442.5 1 1
13443.5 4 2
13444.5 4 2
13445.5 2 1.41421
13446.5 2 1.41421
13447.5 2 1.41421
13448.5 1 1
13449.5 0 0
13450.5 4 2
13451.5 7 2.64575
13452.5 2 1.41421
13453.5 2 1.41421
13454.5 4 2
13455.5 2 1.41421
13456.5 2 1.41421
13457.5 5 2.23607
13458.5 3 1.73205
13459.5 2 1.41421
13460.5 2 1.41421
13461.5 2 1.41421
13462.5 4 2
13463.5 6 2.44949
13464.5 3 1.73205
13465.5 3 1.73205
13466.5 4 2
13467.5 0 0
13468.5 2 1.41421
13469.5 1 1
13470.5 1 1
13471.5 3 1.73205
13472.5 4 2
13473.5 0 0
13474.5 3 1.73205
13475.5 0 0
13476.5 1 1
13477.5 3 1.73205
13478.5 3 1.73205
13479.5 4 2
13480.5 4 2
13481.5 4 2
13482.5 2 1.41421
13483.5 3 1.73205
13484.5 3 1.73205
13485.5 2 1.41421
13486.5 3 1.73205
13487.5 1 1
13488.5 4 2
13489.5 3 1.73205
13490.5 4 2
13491.5 0 0
13492.5 4 2
13493.5 3 1.73205
13494.5 2 1.41421
13495.5 3 1.73205
13496.5 1 1
13497.5 1 1
13498.5 2 1.41421
13499.5 2 1.41421
13500.5 0 0
13501.5 0 0
13502.5 1 1
13503.5 5 2.23607
13504.5 1 1
13505.5 1 1
13506.5 2 1.41421
13507.5 1 1
13508.5 3 1.73205
13509.5 7 2.64575
13510.5 1 1
13511.5 0 0
13512.5 4 2
13513.5 4 2
13514.5 5 2.23607
13515.5 4 2
13516.5 2 1.41421
13517.5 2 1.41421
13518.5 2 1.41421
13519.5 1 1
13520.5 0 0
13521.5 1 1
13522.5 2 1.41421
13523.5 4 2
13524.5 0 0
13525.5 2 1.41421
13526.5 0 0
13527.5 1 1
13528.5 3 1.73205
13529.5 2 1.41421
13530.5 1 1
13531.5 0 0
13532.5 4 2
13533.5 1 1
13534.5 0 0
13535.5 3 1.73205
13536.5 1 1
13537.5 2 1.41421
13538.5 4 2
13539.5 2 1.41421
13540.5 3 1.73205
13541.5 5 2.23607
13542.5 1 1
13543.5 5 2.23607
13544.5 3 1.73205
13545.5 0 0
13546.5 4 2
13547.5 2 1.41421
13548.5 3 1.73205
13549.5 1 1
13550.5 1 1
13551.5 1 1
13552.5 2 1.41421
13553.5 0 0
13554.5 0 0
13555.5 2 1.41421
13556.5 1 1
13557.5 0 0
13558.5 0 0
13559.5 0 0
13560.5 0 0
13561.5 2 1.41421
13562.5 0 0
13563.5 2 1.41421
13564.5 2 1.41421
13565.5 1 1
13566.5 10 3.16228
13567.5 1 1
13568.5 3 1.73205
13569.5 1 1
13570.5 1 1
13571.5 3 1.73205
13572.5 2 1.41421
13573.5 2 1.41421
13574.5 0 0
13575.5 4 2
13576.5 1 1
13577.5 2 1.41421
13578.5 4 2
13579.5 0 0
13580.5 1 1
13581.5 5 2.23607
13582.5 2 1.41421
13583.5 0 0
13584.5 2 1.41421
13585.5 3 1.73205
13586.5 2 1.41421
13587.5 2 1.41421
13588.5 0 0
13589.5 2 1.41421
13590.5 2 1.41421
13591.5 1 1
13592.5 3 1.73205
13593.5 1 1
13594.5 2 1.41421
13595.5 0 0
13596.5 1 1
13597.5 3 1.73205
13598.5 2 1.41421
13599.5 1 1
13600.5 4 2
13601.5 2 1.41421
13602.5 1 1
13603.5 2 1.41421
13604.5 3 1.73205
13605.5 0 0
13606.5 1 1
13607.5 1 1
13608.5 1 1
13609.5 1 1
13610.5 4 2
13611.5 0 0
13612.5 1 1
13613.5 2 1.41421
13614.5 1 1
13615.5 2 1.41421
13616.5 0 0
13617.5 0 0
13618.5 2 1.41421
13619.5 1 1
13620.5 1 1
13621.5 0 0
13622.5 3 1.73205
13623.5 5 2.23607
13624.5 0 0
13625.5 0 0
13626.5 0 0
13627.5 2 1.41421
13628.5 0 0
13629.5 4 2
13630.5 0 0
13631.5 0 0
13632.5 2 1.41421
13633.5 1 1
13634.5 3 1.73205
13635.5 1 1
13636.5 4 2
13637.5 2 1.41421
13638.5 0 0
13639.5 6 2.44949
13640.5 2 1.41421
13641.5 2 1.41421
13642.5 1 1
13643.5 3 1.73205
13644.5 0 0
13645.5 0 0
13646.5 1 1
13647.5 0 0
13648.5 0 0
13649.5 2 1.41421
13650.5 3 1.73205
13651.5 2 1.41421
13652.5 1 1
13653.5 2 1.41421
13654.5 2 1.41421
13655.5 0 0
13656.5 2 1.41421
13657.5 0 0
13658.5 1 1
13659.5 1 1
13660.5 0 0
13661.5 1 1
13662.5 0 0
13663.5 8 2.82843
13664.5 1 1
13665.5 0 0
13666.5 1 1
13667.5 1 1
13668.5 1 1
13669.5 3 1.73205
13670.5 1 1
13671.5 0 0
13672.5 0 0
13673.5 0 0
13674.5 2 1.41421
13675.5 2 1.41421
13676.5 3 1.73205
13677.5 2 1.41421
13678.5 1 1
13679.5 0 0
13680.5 0 0
13681.5 1 1
13682.5 2 1.41421
13683.5 0 0
13684.5 2 1.41421
13685.5 1 1
13686.5 0 0
13687.5 0 0
13688.5 0 0
13689.5 1 1
13690.5 1 1
13691.5 1 1
13692.5 1 1
13693.5 2 1.41421
13694.5 1 1
13695.5 0 0
13696.5 2 1.41421
13697.5 1 1
13698.5 2 1.41421
13699.5 0 0
13700.5 3 1.73205
13701.5 2 1.41421
13702.5 2 1.41421
13703.5 2 1.41421
13704.5 3 1.73205
13705.5 0 0
13706.5 1 1
13707.5 2 1.41421
13708.5 1 1
13709.5 0 0
13710.5 2 1.41421
13711.5 2 1.41421
13712.5 0 0
13713.5 2 1.41421
13714.5 3 1.73205
13715.5 0 0
13716.5 1 1
13717.5 0 0
13718.5 2 1.41421
13719.5 2 1.41421
13720.5 0 0
13721.5 1 1
13722.5 2 1.41421
13723.5 0 0
13724.5 1 1
13725.5 1 1
13726.5 2 1.41421
13727.5 2 1.41421
13728.5 1 1
13729.5 2 1.41421
13730.5 1 1
13731.5 2 1.41421
13732.5 0 0
13733.5 1 1
13734.5 0 0
13735.5 1 1
13736.5 0 0
13737.5 1 1
13738.5 1 1
13739.5 1 1
13740.5 0 0
13741.5 0 0
13742.5 2 1.41421
13743.5 0 0
13744.5 3 1.73205
13745.5 0 0
13746.5 3 1.73205
13747.5 0 0
13748.5 2 1.41421
13749.5 2 1.41421
13750.5 1 1
13751.5 1 1
13752.5 1 1
13753.5 1 1
13754.5 3 1.73205
13755.5 1 1
13756.5 2 1.41421
13757.5 3 1.73205
13758.5 2 1.41421
13759.5 1 1
13760.5 0 0
13761.5 3 1.73205
13762.5 0 0
13763.5 0 0
13764.5 1 1
13765.5 0 0
13766.5 2 1.41421
13767.5 1 1
13768.5 1 1
13769.5 0 0
13770.5 1 1
13771.5 2 1.41421
13772.5 3 1.73205
13773.5 2 1.41421
13774.5 3 1.73205
13775.5 2 1.41421
13776.5 0 0
13777.5 1 1
13778.5 6 2.44949
13779.5 2 1.41421
13780.5 1 1
13781.5 2 1.41421
13782.5 3 1.73205
13783.5 4 2
13784.5 1 1
13785.5 1 1
13786.5 3 1.73205
13787.5 4 2
13788.5 1 1
13789.5 1 1
13790.5 1 1
13791.5 2 1.41421
13792.5 6 2.44949
13793.5 3 1.73205
13794.5 3 1.73205
13795.5 4 2
13796.5 4 2
13797.5 3 1.73205
13798.5 4 2
13799.5 4 2
13800.5 3 1.73205
13801.5 3 1.73205
13802.5 3 1.73205
13803.5 6 2.44949
13804.5 4 2
13805.5 2 1.41421
13806.5 2 1.41421
13807.5 1 1
13808.5 4 2
13809.5 1 1
13810.5 2 1.41421
13811.5 6 2.44949
13812.5 3 1.73205
13813.5 1 1
13814.5 2 1.41421
13815.5 1 1
13816.5 0 0
13817.5 0 0
13818.5 2 1.41421
13819.5 2 1.41421
13820.5 1 1
13821.5 1 1
13822.5 2 1.41421
13823.5 0 0
13824.5 2 1.41421
13825.5 2 1.41421
13826.5 1 1
13827.5 0 0
13828.5 2 1.41421
13829.5 1 1
13830.5 2 1.41421
13831.5 3 1.73205
13832.5 0 0
13833.5 3 1.73205
13834.5 1 1
13835.5 1 1
13836.5 1 1
13837.5 1 1
13838.5 0 0
13839.5 1 1
13840.5 1 1
13841.5 2 1.41421
13842.5 0 0
13843.5 0 0
13844.5 0 0
13845.5 4 2
13846.5 2 1.41421
13847.5 1 1
13848.5 2 1.41421
13849.5 0 0
13850.5 1 1
13851.5 0 0
13852.5 0 0
13853.5 1 1
13854.5 1 1
13855.5 0 0
13856.5 1 1
13857.5 1 1
13858.5 1 1
13859.5 1 1
13860.5 3 1.73205
13861.5 3 1.73205
13862.5 1 1
13863.5 2 1.41421
13864.5 2 1.41421
13865.5 0 0
13866.5 1 1
13867.5 0 0
13868.5 1 1
13869.5 0 0
13870.5 1 1
13871.5 0 0
13872.5 2 1.41421
13873.5 1 1
13874.5 2 1.41421
13875.5 1 1
13876.5 0 0
13877.5 0 0
13878.5 3 1.73205
13879.5 2 1.41421
13880.5 2 1.41421
13881.5 0 0
13882.5 1 1
13883.5 1 1
13884.5 3 1.73205
13885.5 2 1.41421
13886.5 1 1
13887.5 1 1
13888.5 0 0
13889.5 1 1
13890.5 0 0
13891.5 2 1.41421
13892.5 1 1
13893.5 2 1.41421
13894.5 2 1.41421
13895.5 0 0
13896.5 4 2
13897.5 0 0
13898.5 1 1
13899.5 3 1.73205
13900.5 2 1.41421
13901.5 1 1
13902.5 1 1
13903.5 1 1
13904.5 2 1.41421
13905.5 1 1
13906.5 1 1
13907.5 1 1
13908.5 0 0
13909.5 1 1
13910.5 2 1.41421
13911.5 0 0
13912.5 2 1.41421
13913.5 4 2
13914.5 1 1
13915.5 1 1
13916.5 0 0
13917.5 1 1
13918.5 0 0
13919.5 1 1
13920.5 2 1.41421
13921.5 0 0
13922.5 2 1.41421
13923.5 0 0
13924.5 1 1
13925.5 1 1
13926.5 2 1.41421
13927.5 1 1
13928.5 2 1.41421
13929.5 1 1
13930.5 0 0
13931.5 2 1.41421
13932.5 1 1
13933.5 2 1.41421
13934.5 2 1.41421
13935.5 0 0
13936.5 1 1
13937.5 3 1.73205
13938.5 0 0
13939.5 2 1.41421
13940.5 1 1
13941.5 0 0
13942.5 0 0
13943.5 1 1
13944.5 0 0
13945.5 0 0
13946.5 3 1.73205
13947.5 1 1
13948.5 0 0
13949.5 1 1
13950.5 1 1
13951.5 1 1
13952.5 3 1.73205
13953.5 1 1
13954.5 1 1
13955.5 1 1
13956.5 1 1
13957.5 2 1.41421
13958.5 0 0
13959.5 0 0
13960.5 1 1
13961.5 0 0
13962.5 0 0
13963.5 2 1.41421
13964.5 0 0
13965.5 0 0
13966.5 2 1.41421
13967.5 2 1.41421
13968.5 3 1.73205
13969.5 1 1
13970.5 1 1
13971.5 2 1.41421
13972.5 1 1
13973.5 1 1
13974.5 0 0
13975.5 0 0
13976.5 0 0
13977.5 1 1
13978.5 1 1
13979.5 1 1
13980.5 1 1
13981.5 1 1
13982.5 0 0
13983.5 1 1
13984.5 0 0
13985.5 2 1.41421
13986.5 1 1
13987.5 1 1
13988.5 1 1
13989.5 2 1.41421
13990.5 1 1
13991.5 2 1.41421
13992.5 2 1.41421
13993.5 1 1
13994.5 1 1
13995.5 2 1.41421
13996.5 1 1
13997.5 2 1.41421
13998.5 0 0
13999.5 0 0
14000.5 2 1.41421
14001.5 0 0
14002.5 1 1
14003.5 1 1
14004.5 1 1
14005.5 0 0
14006.5 1 1
14007.5 0 0
14008.5 2 1.41421
14009.5 4 2
14010.5 1 1
14011.5 0 0
14012.5 2 1.41421
14013.5 0 0
14014.5 1 1
14015.5 1 1
14016.5 0 0
14017.5 2 1.41421
14018.5 2 1.41421
14019.5 0 0
14020.5 0 0
14021.5 1 1
14022.5 1 1
14023.5 1 1
14024.5 1 1
14025.5 2 1.41421
14026.5 3 1.73205
14027.5 4 2
14028.5 1 1
14029.5 2 1.41421
14030.5 3 1.73205
14031.5 1 1
14032.5 2 1.41421
14033.5 1 1
14034.5 2 1.41421
14035.5 1 1
14036.5 1 1
14037.5 1 1
14038.5 1 1
14039.5 1 1
14040.5 1 1
14041.5 1 1
14042.5 3 1.73205
14043.5 0 0
14044.5 0 0
14045.5 1 1
14046.5 1 1
14047.5 2 1.41421
14048.5 4 2
14049.5 1 1
14050.5 1 1
14051.5 0 0
14052.5 2 1.41421
14053.5 3 1.73205
14054.5 2 1.41421
14055.5 0 0
14056.5 1 1
14057.5 2 1.41421
14058.5 1 1
14059.5 1 1
14060.5 4 2
14061.5 1 1
14062.5 2 1.41421
14063.5 2 1.41421
14064.5 3 1.73205
14065.5 2 1.41421
14066.5 1 1
14067.5 2 1.41421
14068.5 1 1
14069.5 0 0
14070.5 0 0
14071.5 3 1.73205
14072.5 1 1
14073.5 1 1
14074.5 3 1.73205
14075.5 1 1
14076.5 4 2
14077.5 2 1.41421
14078.5 2 1.41421
14079.5 3 1.73205
14080.5 2 1.41421
14081.5 3 1.73205
14082.5 0 0
14083.5 1 1
14084.5 0 0
14085.5 1 1
14086.5 1 1
14087.5 3 1.73205
14088.5 2 1.41421
14089.5 3 1.73205
14090.5 3 1.73205
14091.5 2 1.41421
14092.5 1 1
14093.5 1 1
14094.5 5 2.23607
14095.5 4 2
14096.5 1 1
14097.5 3 1.73205
14098.5 4 2
14099.5 1 1
14100.5 3 1.73205
14101.5 5 2.23607
14102.5 1 1
14103.5 3 1.73205
14104.5 5 2.23607
14105.5 6 2.44949
14106.5 4 2
14107.5 6 2.44949
14108.5 9 3
14109.5 4 2
14110.5 12 3.4641
14111.5 3 1.73205
14112.5 12 3.4641
14113.5 16 4
14114.5 10 3.16228
14115.5 16 4
14116.5 18 4.24264
14117.5 15 3.87298
14118.5 28 5.2915
14119.5 25 5
14120.5 24 4.89898
14121.5 30 5.47723
14122.5 43 6.55744
14123.5 42 6.48074
14124.5 43 6.55744
14125.5 54 7.34847
14126.5 55 7.4162
14127.5 62 7.87401
14128.5 75 8.66025
14129.5 78 8.83176
14130.5 61 7.81025
14131.5 83 9.11043
14132.5 76 8.7178
14133.5 80 8.94427
14134.5 98 9.89949
14135.5 106 10.2956
14136.5 89 9.43398
14137.5 82 9.05539
14138.5 102 10.0995
14139.5 109 10.4403
14140.5 104 10.198
14141.5 104 10.198
14142.5 97 9.84886
14143.5 80 8.94427
14144.5 86 9.27362
14145.5 78 8.83176
14146.5 83 9.11043
14147.5 74 8.60233
14148.5 93 9.64365
14149.5 61 7.81025
14150.5 51 7.14143
14151.5 55 7.4162
14152.5 54 7.34847
14153.5 53 7.28011
14154.5 56 7.48331
14155.5 45 6.7082
14156.5 34 5.83095
14157.5 31 5.56776
14158.5 26 5.09902
14159.5 25 5
14160.5 22 4.69042
14161.5 16 4
14162.5 23 4.79583
14163.5 20 4.47214
14164.5 17 4.12311
14165.5 13 3.60555
14166.5 11 3.31662
14167.5 17 4.12311
14168.5 12 3.4641
14169.5 9 3
14170.5 7 2.64575
14171.5 4 2
14172.5 4 2
14173.5 4 2
14174.5 6 2.44949
14175.5 1 1
14176.5 7 2.64575
14177.5 1 1
14178.5 9 3
14179.5 6 2.44949
14180.5 6 2.44949
14181.5 2 1.41421
14182.5 6 2.44949
14183.5 4 2
14184.5 3 1.73205
14185.5 6 2.44949
14186.5 3 1.73205
14187.5 5 2.23607
14188.5 2 1.41421
14189.5 4 2
14190.5 2 1.41421
14191.5 3 1.73205
14192.5 4 2
14193.5 3 1.73205
14194.5 4 2
14195.5 3 1.73205
14196.5 4 2
14197.5 2 1.41421
14198.5 1 1
14199.5 1 1
14200.5 1 1
14201.5 3 1.73205
14202.5 2 1.41421
14203.5 3 1.73205
14204.5 1 1
14205.5 1 1
14206.5 4 2
14207.5 2 1.41421
14208.5 1 1
14209.5 3 1.73205
14210.5 2 1.41421
14211.5 2 1.41421
14212.5 0 0
14213.5 1 1
14214.5 3 1.73205
14215.5 2 1.41421
14216.5 2 1.41421
14217.5 2 1.41421
14218.5 1 1
14219.5 3 1.73205
14220.5 2 1.41421
14221.5 4 2
14222.5 1 1
14223.5 2 1.41421
14224.5 3 1.73205
14225.5 1 1
14226.5 1 1
14227.5 2 1.41421
14228.5 3 1.73205
14229.5 6 2.44949
14230.5 6 2.44949
14231.5 3 1.73205
14232.5 2 1.41421
14233.5 1 1
14234.5 2 1.41421
14235.5 3 1.73205
14236.5 2 1.41421
14237.5 7 2.64575
14238.5 9 3
14239.5 1 1
14240.5 10 3.16228
14241.5 7 2.64575
14242.5 10 3.16228
14243.5 7 2.64575
14244.5 16 4
14245.5 12 3.4641
14246.5 15 3.87298
14247.5 13 3.60555
14248.5 5 2.23607
14249.5 9 3
14250.5 9 3
14251.5 10 3.16228
14252.5 11 3.31662
14253.5 11 3.31662
14254.5 15 3.87298
14255.5 14 3.74166
14256.5 14 3.74166
14257.5 11 3.31662
14258.5 13 3.60555
14259.5 7 2.64575
14260.5 12 3.4641
14261.5 15 3.87298
14262.5 6 2.44949
14263.5 8 2.82843
14264.5 8 2.82843
14265.5 10 3.16228
14266.5 10 3.16228
14267.5 4 2
14268.5 8 2.82843
14269.5 9 3
14270.5 4 2
14271.5 6 2.44949
14272.5 4 2
14273.5 6 2.44949
14274.5 5 2.23607
14275.5 8 2.82843
14276.5 2 1.41421
14277.5 2 1.41421
14278.5 3 1.73205
14279.5 3 1.73205
14280.5 3 1.73205
14281.5 2 1.41421
14282.5 3 1.73205
14283.5 0 0
14284.5 1 1
14285.5 2 1.41421
14286.5 3 1.73205
14287.5 3 1.73205
14288.5 1 1
14289.5 2 1.41421
14290.5 1 1
14291.5 1 1
14292.5 2 1.41421
14293.5 2 1.41421
14294.5 1 1
14295.5 0 0
14296.5 0 0
14297.5 1 1
14298.5 0 0
14299.5 1 1
14300.5 0 0
14301.5 0 0
14302.5 0 0
14303.5 1 1
14304.5 1 1
14305.5 0 0
14306.5 1 1
14307.5 0 0
14308.5 1 1
14309.5 1 1
14310.5 1 1
14311.5 0 0
14312.5 0 0
14313.5 0 0
14314.5 4 2
14315.5 0 0
14316.5 1 1
14317.5 2 1.41421
14318.5 0 0
14319.5 1 1
14320.5 1 1
14321.5 1 1
14322.5 2 1.41421
14323.5 0 0
14324.5 0 0
14325.5 0 0
14326.5 1 1
14327.5 1 1
14328.5 2 1.41421
14329.5 0 0
14330.5 0 0
14331.5 0 0
14332.5 0 0
14333.5 2 1.41421
14334.5 2 1.41421
14335.5 1 1
14336.5 1 1
14337.5 0 0
14338.5 2 1.41421
14339.5 4 2
14340.5 1 1
14341.5 0 0
14342.5 1 1
14343.5 3 1.73205
14344.5 1 1
14345.5 2 1.41421
14346.5 3 1.73205
14347.5 0 0
14348.5 0 0
14349.5 1 1
14350.5 1 1
14351.5 1 1
14352.5 2 1.41421
14353.5 2 1.41421
14354.5 1 1
14355.5 1 1
14356.5 0 0
14357.5 0 0
14358.5 0 0
14359.5 0 0
14360.5 2 1.41421
14361.5 2 1.41421
14362.5 0 0
14363.5 1 1
14364.5 1 1
14365.5 1 1
14366.5 0 0
14367.5 2 1.41421
14368.5 1 1
14369.5 0 0
14370.5 1 1
14371.5 2 1.41421
14372.5 1 1
14373.5 0 0
14374.5 1 1
14375.5 0 0
14376.5 0 0
14377.5 1 1
14378.5 0 0
14379.5 0 0
14380.5 3 1.73205
14381.5 1 1
14382.5 1 1
14383.5 1 1
14384.5 1 1
14385.5 2 1.41421
14386.5 0 0
14387.5 1 1
14388.5 1 1
14389.5 1 1
14390.5 2 1.41421
14391.5 0 0
14392.5 3 1.73205
14393.5 1 1
14394.5 0 0
14395.5 2 1.41421
14396.5 2 1.41421
14397.5 0 0
14398.5 0 0
14399.5 0 0
14400.5 0 0
14401.5 0 0
14402.5 0 0
14403.5 1 1
14404.5 0 0
14405.5 3 1.73205
14406.5 1 1
14407.5 0 0
14408.5 0 0
14409.5 0 0
14410.5 0 0
14411.5 2 1.41421
14412.5 1 1
14413.5 0 0
14414.5 0 0
14415.5 2 1.41421
14416.5 2 1.41421
14417.5 1 1
14418.5 0 0
14419.5 0 0
14420.5 0 0
14421.5 2 1.41421
14422.5 1 1
14423.5 0 0
14424.5 0 0
14425.5 0 0
14426.5 0 0
14427.5 0 0
14428.5 1 1
14429.5 1 1
14430.5 0 0
14431.5 0 0
14432.5 0 0
14433.5 1 1
14434.5 0 0
14435.5 1 1
14436.5 0 0
14437.5 1 1
14438.5 1 1
14439.5 2 1.41421
14440.5 0 0
14441.5 0 0
14442.5 0 0
14443.5 0 0
14444.5 1 1
14445.5 1 1
14446.5 0 0
14447.5 0 0
14448.5 0 0
14449.5 1 1
14450.5 0 0
14451.5 0 0
14452.5 1 1
14453.5 1 1
14454.5 0 0
14455.5 0 0
14456.5 1 1
14457.5 0 0
14458.5 0 0
14459.5 2 1.41421
14460.5 0 0
14461.5 1 1
14462.5 1 1
14463.5 1 1
14464.5 0 0
14465.5 1 1
14466.5 2 1.41421
14467.5 0 0
14468.5 0 0
14469.5 0 0
14470.5 1 1
14471.5 2 1.41421
14472.5 1 1
14473.5 0 0
14474.5 0 0
14475.5 1 1
14476.5 3 1.73205
14477.5 1 1
14478.5 0 0
14479.5 0 0
14480.5 0 0
14481.5 0 0
14482.5 0 0
14483.5 0 0
14484.5 0 0
14485.5 0 0
14486.5 1 1
14487.5 0 0
14488.5 1 1
14489.5 0 0
14490.5 0 0
14491.5 0 0
14492.5 0 0
14493.5 0 0
14494.5 0 0
14495.5 0 0
14496.5 0 0
14497.5 0 0
14498.5 1 1
14499.5 0 0
14500.5 1 1
14501.5 0 0
14502.5 1 1
14503.5 0 0
14504.5 3 1.73205
14505.5 0 0
14506.5 0 0
14507.5 1 1
14508.5 1 1
14509.5 0 0
14510.5 0 0
14511.5 1 1
14512.5 1 1
14513.5 0 0
14514.5 0 0
14515.5 1 1
14516.5 0 0
14517.5 0 0
14518.5 3 1.73205
14519.5 1 1
14520.5 0 0
14521.5 0 0
14522.5 0 0
14523.5 1 1
14524.5 2 1.41421
14525.5 1 1
14526.5 0 0
14527.5 1 1
14528.5 0 0
14529.5 0 0
14530.5 0 0
14531.5 0 0
14532.5 0 0
14533.5 0 0
14534.5 1 1
14535.5 0 0
14536.5 0 0
14537.5 1 1
14538.5 1 1
14539.5 1 1
14540.5 0 0
14541.5 2 1.41421
14542.5 0 0
14543.5 1 1
14544.5 1 1
14545.5 0 0
14546.5 0 0
14547.5 0 0
14548.5 1 1
14549.5 0 0
14550.5 0 0
14551.5 0 0
14552.5 1 1
14553.5 1 1
14554.5 0 0
14555.5 0 0
14556.5 0 0
14557.5 0 0
14558.5 1 1
14559.5 1 1
14560.5 0 0
14561.5 1 1
14562.5 1 1
14563.5 1 1
14564.5 0 0
14565.5 0 0
14566.5 0 0
14567.5 1 1
14568.5 0 0
14569.5 0 0
14570.5 1 1
14571.5 1 1
14572.5 1 1
14573.5 1 1
14574.5 1 1
14575.5 0 0
14576.5 0 0
14577.5 1 1
14578.5 0 0
14579.5 1 1
14580.5 0 0
14581.5 0 0
14582.5 1 1
14583.5 1 1
14584.5 1 1
14585.5 1 1
14586.5 0 0
14587.5 1 1
14588.5 0 0
14589.5 0 0
14590.5 0 0
14591.5 2 1.41421
14592.5 0 0
14593.5 0 0
14594.5 0 0
14595.5 0 0
14596.5 0 0
14597.5 1 1
14598.5 0 0
14599.5 0 0
14600.5 3 1.73205
14601.5 0 0
14602.5 1 1
14603.5 1 1
14604.5 1 1
14605.5 0 0
14606.5 2 1.41421
14607.5 0 0
14608.5 0 0
14609.5 1 1
14610.5 0 0
14611.5 2 1.41421
14612.5 0 0
14613.5 1 1
14614.5 0 0
14615.5 1 1
14616.5 0 0
14617.5 0 0
14618.5 0 0
14619.5 1 1
14620.5 3 1.73205
14621.5 0 0
14622.5 0 0
14623.5 1 1
14624.5 0 0
14625.5 0 0
14626.5 1 1
14627.5 0 0
14628.5 0 0
14629.5 0 0
14630.5 0 0
14631.5 0 0
14632.5 0 0
14633.5 0 0
14634.5 0 0
14635.5 0 0
14636.5 0 0
14637.5 1 1
14638.5 1 1
14639.5 1 1
14640.5 2 1.41421
14641.5 0 0
14642.5 0 0
14643.5 0 0
14644.5 1 1
14645.5 0 0
14646.5 0 0
14647.5 0 0
14648.5 1 1
14649.5 0 0
14650.5 0 0
14651.5 0 0
14652.5 1 1
14653.5 0 0
14654.5 0 0
14655.5 0 0
14656.5 0 0
14657.5 0 0
14658.5 0 0
14659.5 0 0
14660.5 0 0
14661.5 0 0
14662.5 0 0
14663.5 0 0
14664.5 1 1
14665.5 0 0
14666.5 0 0
14667.5 0 0
14668.5 0 0
14669.5 1 1
14670.5 0 0
14671.5 0 0
14672.5 0 0
14673.5 1 1
14674.5 0 0
14675.5 0 0
14676.5 0 0
14677.5 0 0
14678.5 0 0
14679.5 1 1
14680.5 0 0
14681.5 0 0
14682.5 0 0
14683.5 0 0
14684.5 0 0
14685.5 1 1
14686.5 0 0
14687.5 1 1
14688.5 0 0
14689.5 1 1
14690.5 0 0
14691.5 4 2
14692.5 0 0
14693.5 0 0
14694.5 0 0
14695.5 0 0
14696.5 0 0
14697.5 0 0
14698.5 1 1
14699.5 0 0
14700.5 0 0
14701.5 0 0
14702.5 0 0
14703.5 0 0
14704.5 1 1
14705.5 0 0
14706.5 0 0
14707.5 0 0
14708.5 0 0
14709.5 1 1
14710.5 0 0
14711.5 0 0
14712.5 0 0
14713.5 1 1
14714.5 0 0
14715.5 1 1
14716.5 1 1
14717.5 1 1
14718.5 3 1.73205
14719.5 0 0
14720.5 0 0
14721.5 0 0
14722.5 0 0
14723.5 0 0
14724.5 3 1.73205
14725.5 1 1
14726.5 0 0
14727.5 1 1
14728.5 0 0
14729.5 0 0
14730.5 1 1
14731.5 0 0
14732.5 0 0
14733.5 1 1
14734.5 0 0
14735.5 0 0
14736.5 0 0
14737.5 0 0
14738.5 0 0
14739.5 0 0
14740.5 1 1
14741.5 1 1
14742.5 0 0
14743.5 0 0
14744.5 1 1
14745.5 0 0
14746.5 0 0
14747.5 0 0
14748.5 1 1
14749.5 0 0
14750.5 1 1
14751.5 0 0
14752.5 0 0
14753.5 0 0
14754.5 2 1.41421
14755.5 0 0
14756.5 0 0
14757.5 1 1
14758.5 1 1
14759.5 0 0
14760.5 0 0
14761.5 0 0
14762.5 0 0
14763.5 1 1
14764.5 0 0
14765.5 0 0
14766.5 0 0
14767.5 0 0
14768.5 0 0
14769.5 0 0
14770.5 0 0
14771.5 1 1
14772.5 0 0
14773.5 0 0
14774.5 2 1.41421
14775.5 0 0
14776.5 0 0
14777.5 1 1
14778.5 0 0
14779.5 0 0
14780.5 0 0
14781.5 0 0
14782.5 1 1
14783.5 0 0
14784.5 0 0
14785.5 0 0
14786.5 0 0
14787.5 0 0
14788.5 1 1
14789.5 1 1
14790.5 0 0
14791.5 0 0
14792.5 0 0
14793.5 0 0
14794.5 0 0
14795.5 1 1
14796.5 2 1.41421
14797.5 1 1
14798.5 0 0
14799.5 0 0
14800.5 0 0
14801.5 1 1
14802.5 0 0
14803.5 1 1
14804.5 1 1
14805.5 0 0
14806.5 0 0
14807.5 0 0
14808.5 0 0
14809.5 0 0
14810.5 0 0
14811.5 1 1
14812.5 1 1
14813.5 0 0
14814.5 0 0
14815.5 0 0
14816.5 0 0
14817.5 0 0
14818.5 1 1
14819.5 2 1.41421
14820.5 0 0
14821.5 1 1
14822.5 1 1
14823.5 0 0
14824.5 0 0
14825.5 0 0
14826.5 1 1
14827.5 0 0
14828.5 0 0
14829.5 1 1
14830.5 0 0
14831.5 1 1
14832.5 0 0
14833.5 0 0
14834.5 1 1
14835.5 1 1
14836.5 1 1
14837.5 1 1
14838.5 0 0
14839.5 0 0
14840.5 0 0
14841.5 1 1
14842.5 0 0
14843.5 0 0
14844.5 2 1.41421
14845.5 1 1
14846.5 2 1.41421
14847.5 0 0
14848.5 0 0
14849.5 1 1
14850.5 0 0
14851.5 2 1.41421
14852.5 3 1.73205
14853.5 0 0
14854.5 0 0
14855.5 1 1
14856.5 1 1
14857.5 0 0
14858.5 1 1
14859.5 1 1
14860.5 1 1
14861.5 0 0
14862.5 0 0
14863.5 0 0
14864.5 0 0
14865.5 1 1
14866.5 1 1
14867.5 0 0
14868.5 0 0
14869.5 0 0
14870.5 0 0
14871.5 0 0
14872.5 0 0
14873.5 1 1
14874.5 1 1
14875.5 1 1
14876.5 0 0
14877.5 1 1
14878.5 0 0
14879.5 0 0
14880.5 1 1
14881.5 0 0
14882.5 0 0
14883.5 0 0
14884.5 0 0
14885.5 3 1.73205
14886.5 0 0
14887.5 0 0
14888.5 0 0
14889.5 0 0
14890.5 0 0
14891.5 0 0
14892.5 1 1
14893.5 0 0
14894.5 0 0
14895.5 0 0
14896.5 0 0
14897.5 1 1
14898.5 1 1
14899.5 0 0
14900.5 0 0
14901.5 0 0
14902.5 0 0
14903.5 0 0
14904.5 0 0
14905.5 1 1
14906.5 0 0
14907.5 0 0
14908.5 1 1
14909.5 0 0
14910.5 0 0
14911.5 0 0
14912.5 0 0
14913.5 0 0
14914.5 0 0
14915.5 0 0
14916.5 0 0
14917.5 0 0
14918.5 0 0
14919.5 0 0
14920.5 0 0
14921.5 1 1
14922.5 0 0
14923.5 0 0
14924.5 0 0
14925.5 2 1.41421
14926.5 0 0
14927.5 0 0
14928.5 0 0
14929.5 0 0
14930.5 1 1
14931.5 0 0
14932.5 0 0
14933.5 0 0
14934.5 1 1
14935.5 0 0
14936.5 0 0
14937.5 1 1
14938.5 0 0
14939.5 1 1
14940.5 0 0
14941.5 1 1
14942.5 0 0
14943.5 2 1.41421
14944.5 1 1
14945.5 0 0
14946.5 0 0
14947.5 0 0
14948.5 0 0
14949.5 2 1.41421
14950.5 2 1.41421
14951.5 3 1.73205
14952.5 0 0
14953.5 2 1.41421
14954.5 1 1
14955.5 1 1
14956.5 2 1.41421
14957.5 2 1.41421
14958.5 0 0
14959.5 1 1
14960.5 3 1.73205
14961.5 2 1.41421
14962.5 1 1
14963.5 0 0
14964.5 0 0
14965.5 2 1.41421
14966.5 0 0
14967.5 2 1.41421
14968.5 4 2
14969.5 2 1.41421
14970.5 4 2
14971.5 1 1
14972.5 1 1
14973.5 1 1
14974.5 0 0
14975.5 0 0
14976.5 0 0
14977.5 0 0
14978.5 0 0
14979.5 1 1
14980.5 1 1
14981.5 0 0
14982.5 0 0
14983.5 0 0
14984.5 1 1
14985.5 0 0
14986.5 1 1
14987.5 0 0
14988.5 0 0
14989.5 0 0
14990.5 0 0
14991.5 0 0
14992.5 1 1
14993.5 2 1.41421
14994.5 0 0
14995.5 1 1
14996.5 1 1
14997.5 0 0
14998.5 0 0
14999.5 1 1
15000.5 0 0
15001.5 0 0
15002.5 1 1
15003.5 1 1
15004.5 0 0
15005.5 0 0
15006.5 0 0
15007.5 0 0
15008.5 0 0
15009.5 1 1
15010.5 1 1
15011.5 0 0
15012.5 1 1
15013.5 2 1.41421
15014.5 0 0
15015.5 0 0
15016.5 0 0
15017.5 1 1
15018.5 0 0
15019.5 0 0
15020.5 0 0
15021.5 1 1
15022.5 1 1
15023.5 0 0
15024.5 1 1
15025.5 0 0
15026.5 1 1
15027.5 0 0
15028.5 0 0
15029.5 1 1
15030.5 1 1
15031.5 0 0
15032.5 1 1
15033.5 1 1
15034.5 0 0
15035.5 1 1
15036.5 0 0
15037.5 1 1
15038.5 0 0
15039.5 0 0
15040.5 0 0
15041.5 1 1
15042.5 0 0
15043.5 0 0
15044.5 0 0
15045.5 1 1
15046.5 0 0
15047.5 0 0
15048.5 0 0
15049.5 0 0
15050.5 1 1
15051.5 0 0
15052.5 0 0
15053.5 0 0
15054.5 0 0
15055.5 0 0
15056.5 1 1
15057.5 1 1
15058.5 1 1
15059.5 1 1
15060.5 0 0
15061.5 0 0
15062.5 0 0
15063.5 1 1
15064.5 0 0
15065.5 1 1
15066.5 0 0
15067.5 0 0
15068.5 0 0
15069.5 0 0
15070.5 0 0
15071.5 0 0
15072.5 0 0
15073.5 0 0
15074.5 0 0
15075.5 0 0
15076.5 1 1
15077.5 0 0
15078.5 0 0
15079.5 0 0
15080.5 0 0
15081.5 1 1
15082.5 0 0
15083.5 0 0
15084.5 1 1
15085.5 0 0
15086.5 0 0
15087.5 0 0
15088.5 1 1
15089.5 0 0
15090.5 0 0
15091.5 0 0
15092.5 1 1
15093.5 0 0
15094.5 0 0
15095.5 0 0
15096.5 1 1
15097.5 0 0
15098.5 1 1
15099.5 0 0
15100.5 1 1
15101.5 0 0
15102.5 0 0
15103.5 1 1
15104.5 0 0
15105.5 2 1.41421
15106.5 0 0
15107.5 0 0
15108.5 0 0
15109.5 0 0
15110.5 0 0
15111.5 0 0
15112.5 0 0
15113.5 1 1
15114.5 1 1
15115.5 1 1
15116.5 1 1
15117.5 1 1
15118.5 1 1
15119.5 0 0
15120.5 0 0
15121.5 1 1
15122.5 0 0
15123.5 0 0
15124.5 1 1
15125.5 0 0
15126.5 0 0
15127.5 0 0
15128.5 0 0
15129.5 0 0
15130.5 0 0
15131.5 0 0
15132.5 0 0
15133.5 0 0
15134.5 0 0
15135.5 0 0
15136.5 0 0
15137.5 0 0
15138.5 0 0
15139.5 0 0
15140.5 0 0
15141.5 0 0
15142.5 0 0
15143.5 1 1
15144.5 0 0
15145.5 0 0
15146.5 0 0
15147.5 0 0
15148.5 0 0
15149.5 1 1
15150.5 0 0
15151.5 0 0
15152.5 0 0
15153.5 0 0
15154.5 0 0
15155.5 1 1
15156.5 0 0
15157.5 0 0
15158.5 0 0
15159.5 1 1
15160.5 0 0
15161.5 0 0
15162.5 3 1.73205
15163.5 0 0
15164.5 0 0
15165.5 1 1
15166.5 0 0
15167.5 0 0
15168.5 0 0
15169.5 0 0
15170.5 0 0
15171.5 0 0
15172.5 0 0
15173.5 1 1
15174.5 0 0
15175.5 0 0
15176.5 0 0
15177.5 0 0
15178.5 0 0
15179.5 0 0
15180.5 1 1
15181.5 0 0
15182.5 0 0
15183.5 0 0
15184.5 0 0
15185.5 0 0
15186.5 0 0
15187.5 0 0
15188.5 0 0
15189.5 0 0
15190.5 1 1
15191.5 0 0
15192.5 1 1
15193.5 1 1
15194.5 1 1
15195.5 1 1
15196.5 0 0
15197.5 1 1
15198.5 0 0
15199.5 0 0
15200.5 0 0
15201.5 0 0
15202.5 0 0
15203.5 1 1
15204.5 1 1
15205.5 0 0
15206.5 0 0
15207.5 1 1
15208.5 0 0
15209.5 0 0
15210.5 0 0
15211.5 0 0
15212.5 0 0
15213.5 1 1
15214.5 0 0
15215.5 0 0
15216.5 0 0
15217.5 0 0
15218.5 0 0
15219.5 1 1
15220.5 0 0
15221.5 0 0
15222.5 0 0
15223.5 0 0
15224.5 0 0
15225.5 0 0
15226.5 0 0
15227.5 0 0
15228.5 0 0
15229.5 1 1
15230.5 0 0
15231.5 0 0
15232.5 0 0
15233.5 1 1
15234.5 0 0
15235.5 0 0
15236.5 1 1
15237.5 2 1.41421
15238.5 1 1
15239.5 1 1
15240.5 1 1
15241.5 1 1
15242.5 0 0
15243.5 0 0
15244.5 1 1
15245.5 1 1
15246.5 1 1
15247.5 0 0
15248.5 1 1
15249.5 0 0
15250.5 0 0
15251.5 1 1
15252.5 0 0
15253.5 0 0
15254.5 0 0
15255.5 0 0
15256.5 0 0
15257.5 1 1
15258.5 1 1
15259.5 1 1
15260.5 0 0
15261.5 0 0
15262.5 0 0
15263.5 0 0
15264.5 0 0
15265.5 0 0
15266.5 0 0
15267.5 0 0
15268.5 2 1.41421
15269.5 0 0
15270.5 0 0
15271.5 0 0
15272.5 0 0
15273.5 0 0
15274.5 0 0
15275.5 0 0
15276.5 0 0
15277.5 0 0
15278.5 0 0
15279.5 0 0
15280.5 0 0
15281.5 0 0
15282.5 0 0
15283.5 0 0
15284.5 0 0
15285.5 0 0
15286.5 0 0
15287.5 0 0
15288.5 0 0
15289.5 0 0
15290.5 0 0
15291.5 0 0
15292.5 0 0
15293.5 0 0
15294.5 1 1
15295.5 0 0
15296.5 1 1
15297.5 0 0
15298.5 0 0
15299.5 0 0
15300.5 0 0
15301.5 0 0
15302.5 0 0
15303.5 0 0
15304.5 0 0
15305.5 0 0
15306.5 0 0
15307.5 0 0
15308.5 0 0
15309.5 0 0
15310.5 0 0
15311.5 0 0
15312.5 0 0
15313.5 0 0
15314.5 0 0
15315.5 1 1
15316.5 0 0
15317.5 0 0
15318.5 1 1
15319.5 1 1
15320.5 0 0
15321.5 0 0
15322.5 1 1
15323.5 0 0
15324.5 0 0
15325.5 0 0
15326.5 0 0
15327.5 0 0
15328.5 0 0
15329.5 1 1
15330.5 0 0
15331.5 0 0
15332.5 0 0
15333.5 0 0
15334.5 1 1
15335.5 0 0
15336.5 0 0
15337.5 0 0
15338.5 0 0
15339.5 0 0
15340.5 1 1
15341.5 0 0
15342.5 0 0
15343.5 1 1
15344.5 0 0
15345.5 0 0
15346.5 0 0
15347.5 0 0
15348.5 1 1
15349.5 0 0
15350.5 0 0
15351.5 0 0
15352.5 0 0
15353.5 0 0
15354.5 0 0
15355.5 0 0
15356.5 2 1.41421
15357.5 2 1.41421
15358.5 1 1
15359.5 0 0
15360.5 0 0
15361.5 0 0
15362.5 0 0
15363.5 0 0
15364.5 0 0
15365.5 0 0
15366.5 0 0
15367.5 0 0
15368.5 1 1
15369.5 0 0
15370.5 1 1
15371.5 0 0
15372.5 0 0
15373.5 0 0
15374.5 0 0
15375.5 0 0
15376.5 0 0
15377.5 0 0
15378.5 0 0
15379.5 0 0
15380.5 0 0
15381.5 0 0
15382.5 0 0
15383.5 0 0
15384.5 1 1
15385.5 0 0
15386.5 2 1.41421
15387.5 0 0
15388.5 0 0
15389.5 1 1
15390.5 1 1
15391.5 0 0
15392.5 0 0
15393.5 0 0
15394.5 0 0
15395.5 0 0
15396.5 0 0
15397.5 0 0
15398.5 0 0
15399.5 0 0
15400.5 0 0
15401.5 0 0
15402.5 0 0
15403.5 1 1
15404.5 0 0
15405.5 0 0
15406.5 0 0
15407.5 0 0
15408.5 0 0
15409.5 0 0
15410.5 1 1
15411.5 1 1
15412.5 0 0
15413.5 1 1
15414.5 0 0
15415.5 0 0
15416.5 0 0
15417.5 0 0
15418.5 0 0
15419.5 0 0
15420.5 1 1
15421.5 0 0
15422.5 1 1
15423.5 0 0
15424.5 0 0
15425.5 1 1
15426.5 0 0
15427.5 0 0
15428.5 0 0
15429.5 0 0
15430.5 0 0
15431.5 0 0
15432.5 0 0
15433.5 0 0
15434.5 0 0
15435.5 1 1
15436.5 0 0
15437.5 0 0
15438.5 0 0
15439.5 0 0
15440.5 0 0
15441.5 3 1.73205
15442.5 2 1.41421
15443.5 1 1
15444.5 0 0
15445.5 0 0
15446.5 0 0
15447.5 0 0
15448.5 0 0
15449.5 0 0
15450.5 0 0
15451.5 0 0
15452.5 0 0
15453.5 0 0
15454.5 0 0
15455.5 1 1
15456.5 0 0
15457.5 0 0
15458.5 0 0
15459.5 0 0
15460.5 0 0
15461.5 0 0
15462.5 0 0
15463.5 0 0
15464.5 0 0
15465.5 0 0
15466.5 0 0
15467.5 0 0
15468.5 0 0
15469.5 0 0
15470.5 0 0
15471.5 0 0
15472.5 0 0
15473.5 0 0
15474.5 0 0
15475.5 0 0
15476.5 0 0
15477.5 0 0
15478.5 0 0
15479.5 0 0
15480.5 1 1
15481.5 0 0
15482.5 0 0
15483.5 0 0
15484.5 1 1
15485.5 0 0
15486.5 0 0
15487.5 0 0
15488.5 1 1
15489.5 0 0
15490.5 1 1
15491.5 0 0
15492.5 0 0
15493.5 1 1
15494.5 0 0
15495.5 0 0
15496.5 1 1
15497.5 0 0
15498.5 0 0
15499.5 0 0
15500.5 0 0
15501.5 0 0
15502.5 0 0
15503.5 0 0
15504.5 0 0
15505.5 0 0
15506.5 1 1
15507.5 1 1
15508.5 0 0
15509.5 0 0
15510.5 0 0
15511.5 0 0
15512.5 0 0
15513.5 0 0
15514.5 2 1.41421
15515.5 0 0
15516.5 0 0
15517.5 0 0
15518.5 0 0
15519.5 0 0
15520.5 0 0
15521.5 1 1
15522.5 0 0
15523.5 0 0
15524.5 0 0
15525.5 0 0
15526.5 0 0
15527.5 0 0
15528.5 0 0
15529.5 0 0
15530.5 0 0
15531.5 1 1
15532.5 0 0
15533.5 0 0
15534.5 0 0
15535.5 1 1
15536.5 0 0
15537.5 1 1
15538.5 0 0
15539.5 0 0
15540.5 0 0
15541.5 0 0
15542.5 0 0
15543.5 0 0
15544.5 0 0
15545.5 0 0
15546.5 0 0
15547.5 0 0
15548.5 1 1
15549.5 0 0
15550.5 0 0
15551.5 0 0
15552.5 0 0
15553.5 1 1
15554.5 0 0
15555.5 0 0
15556.5 0 0
15557.5 0 0
15558.5 1 1
15559.5 0 0
15560.5 0 0
15561.5 1 1
15562.5 0 0
15563.5 0 0
15564.5 0 0
15565.5 0 0
15566.5 0 0
15567.5 0 0
15568.5 0 0
15569.5 0 0
15570.5 0 0
15571.5 1 1
15572.5 0 0
15573.5 1 1
15574.5 0 0
15575.5 0 0
15576.5 0 0
15577.5 0 0
15578.5 0 0
15579.5 0 0
15580.5 0 0
15581.5 0 0
15582.5 0 0
15583.5 0 0
15584.5 0 0
15585.5 0 0
15586.5 0 0
15587.5 0 0
15588.5 0 0
15589.5 0 0
15590.5 0 0
15591.5 0 0
15592.5 0 0
15593.5 0 0
15594.5 0 0
15595.5 0 0
15596.5 0 0
15597.5 0 0
15598.5 0 0
15599.5 1 1
15600.5 0 0
15601.5 0 0
15602.5 1 1
15603.5 0 0
15604.5 0 0
15605.5 1 1
15606.5 0 0
15607.5 0 0
15608.5 1 1
15609.5 1 1
15610.5 1 1
15611.5 0 0
15612.5 1 1
15613.5 0 0
15614.5 1 1
15615.5 1 1
15616.5 0 0
15617.5 1 1
15618.5 1 1
15619.5 1 1
15620.5 0 0
15621.5 1 1
15622.5 1 1
15623.5 0 0
15624.5 1 1
15625.5 1 1
15626.5 0 0
15627.5 0 0
15628.5 0 0
15629.5 0 0
15630.5 0 0
15631.5 1 1
15632.5 2 1.41421
15633.5 0 0
15634.5 1 1
15635.5 1 1
15636.5 0 0
15637.5 4 2
15638.5 0 0
15639.5 0 0
15640.5 1 1
15641.5 1 1
15642.5 2 1.41421
15643.5 1 1
15644.5 1 1
15645.5 2 1.41421
15646.5 3 1.73205
15647.5 2 1.41421
15648.5 3 1.73205
15649.5 3 1.73205
15650.5 1 1
15651.5 2 1.41421
15652.5 3 1.73205
15653.5 3 1.73205
15654.5 2 1.41421
15655.5 0 0
15656.5 1 1
15657.5 5 2.23607
15658.5 2 1.41421
15659.5 2 1.41421
15660.5 4 2
15661.5 3 1.73205
15662.5 1 1
15663.5 2 1.41421
15664.5 3 1.73205
15665.5 4 2
15666.5 4 2
15667.5 3 1.73205
15668.5 3 1.73205
15669.5 1 1
15670.5 3 1.73205
15671.5 1 1
15672.5 2 1.41421
15673.5 1 1
15674.5 0 0
15675.5 1 1
15676.5 2 1.41421
15677.5 3 1.73205
15678.5 0 0
15679.5 0 0
15680.5 0 0
15681.5 0 0
15682.5 0 0
15683.5 2 1.41421
15684.5 0 0
15685.5 0 0
15686.5 1 1
15687.5 0 0
15688.5 3 1.73205
15689.5 0 0
15690.5 0 0
15691.5 0 0
15692.5 0 0
15693.5 1 1
15694.5 0 0
15695.5 0 0
15696.5 0 0
15697.5 0 0
15698.5 2 1.41421
15699.5 1 1
15700.5 1 1
15701.5 1 1
15702.5 0 0
15703.5 0 0
15704.5 1 1
15705.5 0 0
15706.5 0 0
15707.5 0 0
15708.5 0 0
15709.5 1 1
15710.5 0 0
15711.5 0 0
15712.5 1 1
15713.5 0 0
15714.5 0 0
15715.5 1 1
15716.5 0 0
15717.5 0 0
15718.5 0 0
15719.5 0 0
15720.5 1 1
15721.5 1 1
15722.5 0 0
15723.5 0 0
15724.5 0 0
15725.5 0 0
15726.5 0 0
15727.5 0 0
15728.5 0 0
15729.5 0 0
15730.5 0 0
15731.5 0 0
15732.5 0 0
15733.5 0 0
15734.5 0 0
15735.5 0 0
15736.5 0 0
15737.5 0 0
15738.5 0 0
15739.5 0 0
15740.5 0 0
15741.5 1 1
15742.5 0 0
15743.5 1 1
15744.5 0 0
15745.5 0 0
15746.5 0 0
15747.5 0 0
15748.5 1 1
15749.5 1 1
15750.5 0 0
15751.5 1 1
15752.5 0 0
15753.5 0 0
15754.5 1 1
15755.5 1 1
15756.5 1 1
15757.5 0 0
15758.5 0 0
15759.5 2 1.41421
15760.5 1 1
15761.5 1 1
15762.5 2 1.41421
15763.5 1 1
15764.5 1 1
15765.5 2 1.41421
15766.5 0 0
15767.5 1 1
15768.5 2 1.41421
15769.5 3 1.73205
15770.5 3 1.73205
15771.5 2 1.41421
15772.5 2 1.41421
15773.5 6 2.44949
15774.5 4 2
15775.5 6 2.44949
15776.5 1 1
15777.5 0 0
15778.5 2 1.41421
15779.5 3 1.73205
15780.5 0 0
15781.5 5 2.23607
15782.5 2 1.41421
15783.5 7 2.64575
15784.5 1 1
15785.5 4 2
15786.5 3 1.73205
15787.5 1 1
15788.5 2 1.41421
15789.5 2 1.41421
15790.5 1 1
15791.5 3 1.73205
15792.5 2 1.41421
15793.5 1 1
15794.5 5 2.23607
15795.5 0 0
15796.5 0 0
15797.5 0 0
15798.5 2 1.41421
15799.5 0 0
15800.5 2 1.41421
15801.5 1 1
15802.5 2 1.41421
15803.5 0 0
15804.5 1 1
15805.5 0 0
15806.5 0 0
15807.5 2 1.41421
15808.5 0 0
15809.5 0 0
15810.5 2 1.41421
15811.5 0 0
15812.5 0 0
15813.5 1 1
15814.5 0 0
15815.5 0 0
15816.5 0 0
15817.5 0 0
15818.5 1 1
15819.5 0 0
15820.5 0 0
15821.5 0 0
15822.5 0 0
15823.5 1 1
15824.5 1 1
15825.5 0 0
15826.5 1 1
15827.5 0 0
15828.5 0 0
15829.5 0 0
15830.5 0 0
15831.5 0 0
15832.5 0 0
15833.5 1 1
15834.5 0 0
15835.5 0 0
15836.5 0 0
15837.5 0 0
15838.5 0 0
15839.5 0 0
15840.5 0 0
15841.5 0 0
15842.5 0 0
15843.5 1 1
15844.5 0 0
15845.5 0 0
15846.5 1 1
15847.5 1 1
15848.5 0 0
15849.5 0 0
15850.5 0 0
15851.5 0 0
15852.5 1 1
15853.5 0 0
15854.5 0 0
15855.5 0 0
15856.5 0 0
15857.5 0 0
15858.5 0 0
15859.5 0 0
15860.5 0 0
15861.5 0 0
15862.5 0 0
15863.5 0 0
15864.5 0 0
15865.5 0 0
15866.5 0 0
15867.5 0 0
15868.5 1 1
15869.5 0 0
15870.5 0 0
15871.5 0 0
15872.5 0 0
15873.5 0 0
15874.5 0 0
15875.5 0 0
15876.5 0 0
15877.5 0 0
15878.5 0 0
15879.5 0 0
15880.5 0 0
15881.5 0 0
15882.5 0 0
15883.5 0 0
15884.5 1 1
15885.5 0 0
15886.5 0 0
15887.5 0 0
15888.5 0 0
15889.5 0 0
15890.5 0 0
15891.5 0 0
15892.5 0 0
15893.5 0 0
15894.5 0 0
15895.5 1 1
15896.5 2 1.41421
15897.5 0 0
15898.5 0 0
15899.5 1 1
15900.5 1 1
15901.5 1 1
15902.5 0 0
15903.5 0 0
15904.5 0 0
15905.5 0 0
15906.5 0 0
15907.5 1 1
15908.5 0 0
15909.5 0 0
15910.5 1 1
15911.5 0 0
15912.5 0 0
15913.5 0 0
15914.5 1 1
15915.5 0 0
15916.5 0 0
15917.5 1 1
15918.5 0 0
15919.5 0 0
15920.5 0 0
15921.5 0 0
15922.5 0 0
15923.5 0 0
15924.5 1 1
15925.5 0 0
15926.5 0 0
15927.5 0 0
15928.5 1 1
15929.5 0 0
15930.5 0 0
15931.5 0 0
15932.5 2 1.41421
15933.5 0 0
15934.5 0 0
15935.5 0 0
15936.5 0 0
15937.5 1 1
15938.5 0 0
15939.5 0 0
15940.5 0 0
15941.5 1 1
15942.5 0 0
15943.5 0 0
15944.5 0 0
15945.5 0 0
15946.5 0 0
15947.5 1 1
15948.5 0 0
15949.5 0 0
15950.5 0 0
15951.5 1 1
15952.5 1 1
15953.5 0 0
15954.5 0 0
15955.5 1 1
15956.5 1 1
15957.5 1 1
15958.5 1 1
15959.5 0 0
15960.5 0 0
15961.5 0 0
15962.5 1 1
15963.5 0 0
15964.5 1 1
15965.5 0 0
15966.5 0 0
15967.5 1 1
15968.5 0 0
15969.5 0 0
15970.5 0 0
15971.5 0 0
15972.5 1 1
15973.5 0 0
15974.5 1 1
15975.5 0 0
15976.5 0 0
15977.5 0 0
15978.5 0 0
15979.5 1 1
15980.5 0 0
15981.5 0 0
15982.5 0 0
15983.5 0 0
15984.5 0 0
15985.5 0 0
15986.5 1 1
15987.5 0 0
15988.5 0 0
15989.5 0 0
15990.5 0 0
15991.5 0 0
15992.5 1 1
15993.5 0 0
15994.5 0 0
15995.5 0 0
15996.5 1 1
15997.5 1 1
15998.5 0 0
15999.5 0 0
16000.5 0 0
16001.5 0 0
16002.5 0 0
16003.5 0 0
16004.5 0 0
16005.5 0 0
16006.5 0 0
16007.5 0 0
16008.5 0 0
16009.5 1 1
16010.5 0 0
16011.5 0 0
16012.5 1 1
16013.5 0 0
16014.5 1 1
16015.5 0 0
16016.5 1 1
16017.5 0 0
16018.5 0 0
16019.5 0 0
16020.5 0 0
16021.5 1 1
16022.5 1 1
16023.5 0 0
16024.5 0 0
16025.5 0 0
16026.5 0 0
16027.5 0 0
16028.5 0 0
16029.5 0 0
16030.5 1 1
16031.5 0 0
16032.5 1 1
16033.5 0 0
16034.5 0 0
16035.5 0 0
16036.5 0 0
16037.5 0 0
16038.5 0 0
16039.5 0 0
16040.5 0 0
16041.5 1 1
16042.5 0 0
16043.5 0 0
16044.5 0 0
16045.5 1 1
16046.5 0 0
16047.5 0 0
16048.5 0 0
16049.5 0 0
16050.5 2 1.41421
16051.5 1 1
16052.5 0 0
16053.5 0 0
16054.5 1 1
16055.5 1 1
16056.5 3 1.73205
16057.5 1 1
16058.5 0 0
16059.5 0 0
16060.5 1 1
16061.5 0 0
16062.5 0 0
16063.5 0 0
16064.5 2 1.41421
16065.5 1 1
16066.5 0 0
16067.5 0 0
16068.5 0 0
16069.5 3 1.73205
16070.5 0 0
16071.5 1 1
16072.5 0 0
16073.5 0 0
16074.5 0 0
16075.5 1 1
16076.5 0 0
16077.5 0 0
16078.5 0 0
16079.5 0 0
16080.5 0 0
16081.5 1 1
16082.5 0 0
16083.5 1 1
16084.5 0 0
16085.5 1 1
16086.5 0 0
16087.5 0 0
16088.5 0 0
16089.5 1 1
16090.5 0 0
16091.5 0 0
16092.5 0 0
16093.5 0 0
16094.5 0 0
16095.5 0 0
16096.5 0 0
16097.5 1 1
16098.5 0 0
16099.5 1 1
16100.5 0 0
16101.5 1 1
16102.5 0 0
16103.5 0 0
16104.5 0 0
16105.5 0 0
16106.5 0 0
16107.5 0 0
16108.5 1 1
16109.5 0 0
16110.5 1 1
16111.5 0 0
16112.5 0 0
16113.5 1 1
16114.5 0 0
16115.5 1 1
16116.5 0 0
16117.5 0 0
16118.5 0 0
16119.5 0 0
16120.5 0 0
16121.5 0 0
16122.5 0 0
16123.5 0 0
16124.5 0 0
16125.5 0 0
16126.5 0 0
16127.5 0 0
16128.5 0 0
16129.5 0 0
16130.5 1 1
16131.5 0 0
16132.5 0 0
16133.5 0 0
16134.5 0 0
16135.5 0 0
16136.5 0 0
16137.5 0 0
16138.5 0 0
16139.5 0 0
16140.5 0 0
16141.5 0 0
16142.5 0 0
16143.5 1 1
16144.5 0 0
16145.5 0 0
16146.5 0 0
16147.5 0 0
16148.5 0 0
16149.5 0 0
16150.5 0 0
16151.5 0 0
16152.5 0 0
16153.5 0 0
16154.5 0 0
16155.5 1 1
16156.5 0 0
16157.5 0 0
16158.5 0 0
16159.5 0 0
16160.5 0 0
16161.5 0 0
16162.5 0 0
16163.5 0 0
16164.5 1 1
16165.5 1 1
16166.5 0 0
16167.5 1 1
16168.5 0 0
16169.5 0 0
16170.5 0 0
16171.5 0 0
16172.5 2 1.41421
16173.5 0 0
16174.5 0 0
16175.5 1 1
16176.5 0 0
16177.5 0 0
16178.5 1 1
16179.5 0 0
16180.5 0 0
16181.5 0 0
16182.5 0 0
16183.5 0 0
16184.5 0 0
16185.5 0 0
16186.5 1 1
16187.5 0 0
16188.5 0 0
16189.5 0 0
16190.5 0 0
16191.5 0 0
16192.5 0 0
16193.5 0 0
16194.5 0 0
16195.5 0 0
16196.5 0 0
16197.5 0 0
16198.5 0 0
16199.5 1 1
16200.5 0 0
16201.5 1 1
16202.5 0 0
16203.5 0 0
16204.5 1 1
16205.5 0 0
16206.5 0 0
16207.5 0 0
16208.5 1 1
16209.5 0 0
16210.5 0 0
16211.5 0 0
16212.5 0 0
16213.5 1 1
16214.5 0 0
16215.5 2 1.41421
16216.5 0 0
16217.5 0 0
16218.5 0 0
16219.5 0 0
16220.5 0 0
16221.5 0 0
16222.5 0 0
16223.5 0 0
16224.5 1 1
16225.5 0 0
16226.5 0 0
16227.5 1 1
16228.5 0 0
16229.5 1 1
16230.5 0 0
16231.5 0 0
16232.5 0 0
16233.5 1 1
16234.5 0 0
16235.5 0 0
16236.5 0 0
16237.5 0 0
16238.5 0 0
16239.5 0 0
16240.5 0 0
16241.5 1 1
16242.5 0 0
16243.5 0 0
16244.5 0 0
16245.5 0 0
16246.5 0 0
16247.5 0 0
16248.5 0 0
16249.5 0 0
16250.5 1 1
16251.5 1 1
16252.5 0 0
16253.5 0 0
16254.5 0 0
16255.5 0 0
16256.5 0 0
16257.5 0 0
16258.5 0 0
16259.5 0 0
16260.5 2 1.41421
16261.5 0 0
16262.5 0 0
16263.5 0 0
16264.5 1 1
16265.5 0 0
16266.5 0 0
16267.5 0 0
16268.5 0 0
16269.5 0 0
16270.5 0 0
16271.5 0 0
16272.5 0 0
16273.5 0 0
16274.5 0 0
16275.5 0 0
16276.5 0 0
16277.5 0 0
16278.5 0 0
16279.5 1 1
16280.5 0 0
16281.5 0 0
16282.5 0 0
16283.5 0 0
16284.5 0 0
16285.5 0 0
16286.5 0 0
16287.5 0 0
16288.5 0 0
16289.5 0 0
16290.5 0 0
16291.5 1 1
16292.5 0 0
16293.5 0 0
16294.5 0 0
16295.5 0 0
16296.5 0 0
16297.5 0 0
16298.5 0 0
16299.5 0 0
16300.5 0 0
16301.5 1 1
16302.5 2 1.41421
16303.5 0 0
16304.5 1 1
16305.5 0 0
16306.5 3 1.73205
16307.5 1 1
16308.5 1 1
16309.5 0 0
16310.5 0 0
16311.5 1 1
16312.5 0 0
16313.5 0 0
16314.5 0 0
16315.5 0 0
16316.5 0 0
16317.5 0 0
16318.5 2 1.41421
16319.5 0 0
16320.5 0 0
16321.5 1 1
16322.5 0 0
16323.5 0 0
16324.5 0 0
16325.5 0 0
16326.5 0 0
16327.5 0 0
16328.5 0 0
16329.5 0 0
16330.5 0 0
16331.5 0 0
16332.5 0 0
16333.5 0 0
16334.5 1 1
16335.5 0 0
16336.5 0 0
16337.5 0 0
16338.5 2 1.41421
16339.5 0 0
16340.5 0 0
16341.5 0 0
16342.5 0 0
16343.5 0 0
16344.5 0 0
16345.5 0 0
16346.5 0 0
16347.5 0 0
16348.5 0 0
16349.5 1 1
16350.5 0 0
16351.5 0 0
16352.5 0 0
16353.5 0 0
16354.5 0 0
16355.5 0 0
16356.5 1 1
16357.5 0 0
16358.5 0 0
16359.5 2 1.41421
16360.5 0 0
16361.5 0 0
16362.5 0 0
16363.5 0 0
16364.5 0 0
16365.5 1 1
16366.5 0 0
16367.5 2 1.41421
16368.5 0 0
16369.5 0 0
16370.5 1 1
16371.5 0 0
16372.5 0 0
16373.5 0 0
16374.5 0 0
16375.5 0 0
16376.5 1 1
16377.5 0 0
16378.5 0 0
16379.5 0 0
16380.5 0 0
16381.5 0 0
16382.5 0 0
16383.5 0 0
