# Histogram: 110
# File: K47_T1_003-2.his
#X  N  dN
0.5 39952 199.88
1.5 12 3.4641
2.5 10 3.16228
3.5 13 3.60555
4.5 8 2.82843
5.5 14 3.74166
6.5 20 4.47214
7.5 25 5
8.5 30 5.47723
9.5 21 4.58258
10.5 20 4.47214
11.5 26 5.09902
12.5 28 5.2915
13.5 24 4.89898
14.5 29 5.38516
15.5 35 5.91608
16.5 36 6
17.5 47 6.85565
18.5 46 6.78233
19.5 44 6.63325
20.5 76 8.7178
21.5 64 8
22.5 73 8.544
23.5 61 7.81025
24.5 83 9.11043
25.5 73 8.544
26.5 95 9.74679
27.5 113 10.6301
28.5 104 10.198
29.5 121 11
30.5 125 11.1803
31.5 144 12
32.5 141 11.8743
33.5 179 13.3791
34.5 174 13.1909
35.5 199 14.1067
36.5 223 14.9332
37.5 250 15.8114
38.5 228 15.0997
39.5 241 15.5242
40.5 288 16.9706
41.5 284 16.8523
42.5 302 17.3781
43.5 298 17.2627
44.5 343 18.5203
45.5 353 18.7883
46.5 354 18.8149
47.5 349 18.6815
48.5 368 19.1833
49.5 369 19.2094
50.5 386 19.6469
51.5 353 18.7883
52.5 374 19.3391
53.5 420 20.4939
54.5 427 20.664
55.5 388 19.6977
56.5 437 20.9045
57.5 398 19.9499
58.5 383 19.5704
59.5 404 20.0998
60.5 392 19.799
61.5 433 20.8087
62.5 459 21.4243
63.5 482 21.9545
64.5 459 21.4243
65.5 433 20.8087
66.5 447 21.1424
67.5 424 20.5913
68.5 429 20.7123
69.5 452 21.2603
70.5 422 20.5426
71.5 429 20.7123
72.5 413 20.3224
73.5 486 22.0454
74.5 454 21.3073
75.5 448 21.166
76.5 481 21.9317
77.5 473 21.7486
78.5 429 20.7123
79.5 450 21.2132
80.5 434 20.8327
81.5 453 21.2838
82.5 516 22.7156
83.5 468 21.6333
84.5 494 22.2261
85.5 467 21.6102
86.5 451 21.2368
87.5 459 21.4243
88.5 523 22.8692
89.5 471 21.7025
90.5 457 21.3776
91.5 453 21.2838
92.5 535 23.1301
93.5 472 21.7256
94.5 455 21.3307
95.5 538 23.1948
96.5 507 22.5167
97.5 500 22.3607
98.5 475 21.7945
99.5 510 22.5832
100.5 542 23.2809
101.5 492 22.1811
102.5 498 22.3159
103.5 475 21.7945
104.5 511 22.6053
105.5 487 22.0681
106.5 472 21.7256
107.5 465 21.5639
108.5 523 22.8692
109.5 522 22.8473
110.5 522 22.8473
111.5 532 23.0651
112.5 493 22.2036
113.5 502 22.4054
114.5 514 22.6716
115.5 484 22
116.5 507 22.5167
117.5 519 22.7816
118.5 521 22.8254
119.5 497 22.2935
120.5 508 22.5389
121.5 521 22.8254
122.5 481 21.9317
123.5 531 23.0434
124.5 520 22.8035
125.5 502 22.4054
126.5 526 22.9347
127.5 515 22.6936
128.5 541 23.2594
129.5 541 23.2594
130.5 480 21.9089
131.5 545 23.3452
132.5 508 22.5389
133.5 514 22.6716
134.5 534 23.1084
135.5 546 23.3666
136.5 493 22.2036
137.5 566 23.7908
138.5 533 23.0868
139.5 535 23.1301
140.5 571 23.8956
141.5 502 22.4054
142.5 538 23.1948
143.5 566 23.7908
144.5 522 22.8473
145.5 595 24.3926
146.5 544 23.3238
147.5 588 24.2487
148.5 507 22.5167
149.5 595 24.3926
150.5 554 23.5372
151.5 585 24.1868
152.5 572 23.9165
153.5 552 23.4947
154.5 589 24.2693
155.5 535 23.1301
156.5 550 23.4521
157.5 535 23.1301
158.5 540 23.2379
159.5 575 23.9792
160.5 547 23.388
161.5 543 23.3024
162.5 548 23.4094
163.5 566 23.7908
164.5 536 23.1517
165.5 598 24.454
166.5 577 24.0208
167.5 628 25.0599
168.5 555 23.5584
169.5 612 24.7386
170.5 578 24.0416
171.5 589 24.2693
172.5 600 24.4949
173.5 541 23.2594
174.5 566 23.7908
175.5 586 24.2074
176.5 594 24.3721
177.5 552 23.4947
178.5 582 24.1247
179.5 608 24.6577
180.5 603 24.5561
181.5 641 25.318
182.5 621 24.9199
183.5 659 25.671
184.5 647 25.4362
185.5 609 24.6779
186.5 572 23.9165
187.5 590 24.2899
188.5 627 25.04
189.5 617 24.8395
190.5 594 24.3721
191.5 624 24.98
192.5 572 23.9165
193.5 633 25.1595
194.5 625 25
195.5 601 24.5153
196.5 633 25.1595
197.5 627 25.04
198.5 588 24.2487
199.5 662 25.7294
200.5 609 24.6779
201.5 637 25.2389
202.5 646 25.4165
203.5 635 25.1992
204.5 607 24.6374
205.5 646 25.4165
206.5 622 24.9399
207.5 630 25.0998
208.5 684 26.1534
209.5 588 24.2487
210.5 640 25.2982
211.5 657 25.632
212.5 614 24.779
213.5 623 24.96
214.5 662 25.7294
215.5 651 25.5147
216.5 631 25.1197
217.5 655 25.593
218.5 617 24.8395
219.5 669 25.865
220.5 634 25.1794
221.5 654 25.5734
222.5 677 26.0192
223.5 657 25.632
224.5 642 25.3377
225.5 658 25.6515
226.5 618 24.8596
227.5 694 26.3439
228.5 663 25.7488
229.5 681 26.096
230.5 693 26.3249
231.5 592 24.3311
232.5 645 25.3969
233.5 682 26.1151
234.5 634 25.1794
235.5 655 25.593
236.5 644 25.3772
237.5 679 26.0576
238.5 616 24.8193
239.5 646 25.4165
240.5 626 25.02
241.5 581 24.1039
242.5 643 25.3574
243.5 665 25.7876
244.5 591 24.3105
245.5 655 25.593
246.5 617 24.8395
247.5 707 26.5895
248.5 676 26
249.5 624 24.98
250.5 697 26.4008
251.5 687 26.2107
252.5 627 25.04
253.5 667 25.8263
254.5 653 25.5539
255.5 670 25.8844
256.5 695 26.3629
257.5 657 25.632
258.5 700 26.4575
259.5 720 26.8328
260.5 681 26.096
261.5 675 25.9808
262.5 695 26.3629
263.5 670 25.8844
264.5 656 25.6125
265.5 702 26.4953
266.5 673 25.9422
267.5 640 25.2982
268.5 688 26.2298
269.5 655 25.593
270.5 701 26.4764
271.5 683 26.1343
272.5 661 25.7099
273.5 645 25.3969
274.5 705 26.5518
275.5 646 25.4165
276.5 709 26.6271
277.5 685 26.1725
278.5 688 26.2298
279.5 634 25.1794
280.5 665 25.7876
281.5 704 26.533
282.5 670 25.8844
283.5 686 26.1916
284.5 693 26.3249
285.5 682 26.1151
286.5 674 25.9615
287.5 693 26.3249
288.5 673 25.9422
289.5 698 26.4197
290.5 675 25.9808
291.5 684 26.1534
292.5 654 25.5734
293.5 672 25.923
294.5 683 26.1343
295.5 675 25.9808
296.5 634 25.1794
297.5 668 25.8457
298.5 668 25.8457
299.5 702 26.4953
300.5 683 26.1343
301.5 695 26.3629
302.5 708 26.6083
303.5 668 25.8457
304.5 693 26.3249
305.5 702 26.4953
306.5 690 26.2679
307.5 737 27.1477
308.5 681 26.096
309.5 727 26.9629
310.5 695 26.3629
311.5 681 26.096
312.5 660 25.6905
313.5 666 25.807
314.5 705 26.5518
315.5 678 26.0384
316.5 649 25.4755
317.5 723 26.8887
318.5 709 26.6271
319.5 711 26.6646
320.5 711 26.6646
321.5 755 27.4773
322.5 719 26.8142
323.5 639 25.2784
324.5 675 25.9808
325.5 715 26.7395
326.5 737 27.1477
327.5 732 27.0555
328.5 762 27.6043
329.5 706 26.5707
330.5 715 26.7395
331.5 713 26.7021
332.5 711 26.6646
333.5 688 26.2298
334.5 673 25.9422
335.5 739 27.1846
336.5 740 27.2029
337.5 742 27.2397
338.5 690 26.2679
339.5 740 27.2029
340.5 658 25.6515
341.5 688 26.2298
342.5 721 26.8514
343.5 707 26.5895
344.5 681 26.096
345.5 752 27.4226
346.5 752 27.4226
347.5 754 27.4591
348.5 734 27.0924
349.5 710 26.6458
350.5 745 27.2947
351.5 731 27.037
352.5 707 26.5895
353.5 700 26.4575
354.5 692 26.3059
355.5 709 26.6271
356.5 692 26.3059
357.5 779 27.9106
358.5 696 26.3818
359.5 744 27.2764
360.5 692 26.3059
361.5 713 26.7021
362.5 688 26.2298
363.5 774 27.8209
364.5 712 26.6833
365.5 742 27.2397
366.5 726 26.9444
367.5 728 26.9815
368.5 729 27
369.5 723 26.8887
370.5 737 27.1477
371.5 711 26.6646
372.5 750 27.3861
373.5 765 27.6586
374.5 698 26.4197
375.5 740 27.2029
376.5 712 26.6833
377.5 754 27.4591
378.5 726 26.9444
379.5 788 28.0713
380.5 770 27.7489
381.5 766 27.6767
382.5 733 27.074
383.5 703 26.5141
384.5 727 26.9629
385.5 773 27.8029
386.5 769 27.7308
387.5 736 27.1293
388.5 742 27.2397
389.5 759 27.55
390.5 722 26.8701
391.5 739 27.1846
392.5 741 27.2213
393.5 759 27.55
394.5 742 27.2397
395.5 737 27.1477
396.5 790 28.1069
397.5 785 28.0179
398.5 720 26.8328
399.5 756 27.4955
400.5 714 26.7208
401.5 713 26.7021
402.5 740 27.2029
403.5 787 28.0535
404.5 743 27.258
405.5 739 27.1846
406.5 747 27.3313
407.5 717 26.7769
408.5 806 28.3901
409.5 765 27.6586
410.5 742 27.2397
411.5 756 27.4955
412.5 793 28.1603
413.5 779 27.9106
414.5 765 27.6586
415.5 729 27
416.5 787 28.0535
417.5 752 27.4226
418.5 816 28.5657
419.5 802 28.3196
420.5 757 27.5136
421.5 800 28.2843
422.5 790 28.1069
423.5 759 27.55
424.5 795 28.1957
425.5 776 27.8568
426.5 805 28.3725
427.5 778 27.8927
428.5 769 27.7308
429.5 801 28.3019
430.5 807 28.4077
431.5 799 28.2666
432.5 813 28.5132
433.5 790 28.1069
434.5 754 27.4591
435.5 794 28.178
436.5 785 28.0179
437.5 770 27.7489
438.5 746 27.313
439.5 758 27.5318
440.5 783 27.9821
441.5 796 28.2135
442.5 792 28.1425
443.5 743 27.258
444.5 792 28.1425
445.5 759 27.55
446.5 767 27.6948
447.5 748 27.3496
448.5 818 28.6007
449.5 799 28.2666
450.5 796 28.2135
451.5 794 28.178
452.5 784 28
453.5 775 27.8388
454.5 779 27.9106
455.5 726 26.9444
456.5 756 27.4955
457.5 800 28.2843
458.5 763 27.6225
459.5 776 27.8568
460.5 742 27.2397
461.5 791 28.1247
462.5 817 28.5832
463.5 830 28.8097
464.5 763 27.6225
465.5 796 28.2135
466.5 759 27.55
467.5 821 28.6531
468.5 751 27.4044
469.5 809 28.4429
470.5 793 28.1603
471.5 827 28.7576
472.5 802 28.3196
473.5 807 28.4077
474.5 781 27.9464
475.5 776 27.8568
476.5 750 27.3861
477.5 841 29
478.5 798 28.2489
479.5 800 28.2843
480.5 780 27.9285
481.5 819 28.6182
482.5 802 28.3196
483.5 786 28.0357
484.5 799 28.2666
485.5 802 28.3196
486.5 805 28.3725
487.5 793 28.1603
488.5 780 27.9285
489.5 805 28.3725
490.5 801 28.3019
491.5 829 28.7924
492.5 806 28.3901
493.5 796 28.2135
494.5 853 29.2062
495.5 794 28.178
496.5 750 27.3861
497.5 767 27.6948
498.5 842 29.0172
499.5 779 27.9106
500.5 822 28.6705
501.5 782 27.9643
502.5 848 29.1204
503.5 802 28.3196
504.5 796 28.2135
505.5 817 28.5832
506.5 838 28.9482
507.5 784 28
508.5 771 27.7669
509.5 813 28.5132
510.5 764 27.6405
511.5 769 27.7308
512.5 791 28.1247
513.5 789 28.0891
514.5 761 27.5862
515.5 776 27.8568
516.5 851 29.1719
517.5 816 28.5657
518.5 797 28.2312
519.5 818 28.6007
520.5 788 28.0713
521.5 816 28.5657
522.5 834 28.8791
523.5 830 28.8097
524.5 790 28.1069
525.5 836 28.9137
526.5 862 29.3598
527.5 835 28.8964
528.5 841 29
529.5 771 27.7669
530.5 831 28.8271
531.5 811 28.4781
532.5 816 28.5657
533.5 836 28.9137
534.5 777 27.8747
535.5 857 29.2746
536.5 771 27.7669
537.5 825 28.7228
538.5 824 28.7054
539.5 846 29.0861
540.5 812 28.4956
541.5 849 29.1376
542.5 807 28.4077
543.5 812 28.4956
544.5 826 28.7402
545.5 807 28.4077
546.5 826 28.7402
547.5 779 27.9106
548.5 849 29.1376
549.5 824 28.7054
550.5 795 28.1957
551.5 840 28.9828
552.5 842 29.0172
553.5 823 28.688
554.5 830 28.8097
555.5 844 29.0517
556.5 853 29.2062
557.5 769 27.7308
558.5 836 28.9137
559.5 810 28.4605
560.5 815 28.5482
561.5 854 29.2233
562.5 781 27.9464
563.5 820 28.6356
564.5 797 28.2312
565.5 809 28.4429
566.5 796 28.2135
567.5 780 27.9285
568.5 830 28.8097
569.5 855 29.2404
570.5 816 28.5657
571.5 853 29.2062
572.5 863 29.3769
573.5 805 28.3725
574.5 799 28.2666
575.5 872 29.5296
576.5 799 28.2666
577.5 854 29.2233
578.5 837 28.931
579.5 873 29.5466
580.5 875 29.5804
581.5 842 29.0172
582.5 856 29.2575
583.5 839 28.9655
584.5 781 27.9464
585.5 813 28.5132
586.5 905 30.0832
587.5 851 29.1719
588.5 851 29.1719
589.5 851 29.1719
590.5 862 29.3598
591.5 819 28.6182
592.5 865 29.4109
593.5 830 28.8097
594.5 835 28.8964
595.5 809 28.4429
596.5 833 28.8617
597.5 838 28.9482
598.5 881 29.6816
599.5 841 29
600.5 909 30.1496
601.5 804 28.3549
602.5 830 28.8097
603.5 862 29.3598
604.5 873 29.5466
605.5 823 28.688
606.5 873 29.5466
607.5 825 28.7228
608.5 832 28.8444
609.5 870 29.4958
610.5 833 28.8617
611.5 874 29.5635
612.5 826 28.7402
613.5 899 29.9833
614.5 864 29.3939
615.5 809 28.4429
616.5 803 28.3373
617.5 894 29.8998
618.5 894 29.8998
619.5 849 29.1376
620.5 880 29.6648
621.5 900 30
622.5 802 28.3196
623.5 905 30.0832
624.5 906 30.0998
625.5 884 29.7321
626.5 930 30.4959
627.5 845 29.0689
628.5 846 29.0861
629.5 874 29.5635
630.5 910 30.1662
631.5 901 30.0167
632.5 828 28.775
633.5 888 29.7993
634.5 890 29.8329
635.5 834 28.8791
636.5 873 29.5466
637.5 854 29.2233
638.5 869 29.4788
639.5 876 29.5973
640.5 904 30.0666
641.5 880 29.6648
642.5 895 29.9166
643.5 942 30.692
644.5 900 30
645.5 886 29.7658
646.5 839 28.9655
647.5 865 29.4109
648.5 871 29.5127
649.5 875 29.5804
650.5 905 30.0832
651.5 894 29.8998
652.5 913 30.2159
653.5 879 29.6479
654.5 840 28.9828
655.5 926 30.4302
656.5 911 30.1828
657.5 905 30.0832
658.5 885 29.7489
659.5 877 29.6142
660.5 857 29.2746
661.5 888 29.7993
662.5 895 29.9166
663.5 900 30
664.5 897 29.95
665.5 923 30.3809
666.5 926 30.4302
667.5 929 30.4795
668.5 897 29.95
669.5 859 29.3087
670.5 909 30.1496
671.5 870 29.4958
672.5 902 30.0333
673.5 926 30.4302
674.5 874 29.5635
675.5 904 30.0666
676.5 896 29.9333
677.5 898 29.9666
678.5 911 30.1828
679.5 921 30.348
680.5 911 30.1828
681.5 988 31.4325
682.5 937 30.6105
683.5 860 29.3258
684.5 897 29.95
685.5 916 30.2655
686.5 968 31.1127
687.5 923 30.3809
688.5 920 30.3315
689.5 936 30.5941
690.5 988 31.4325
691.5 928 30.4631
692.5 894 29.8998
693.5 896 29.9333
694.5 880 29.6648
695.5 923 30.3809
696.5 902 30.0333
697.5 938 30.6268
698.5 892 29.8664
699.5 878 29.6311
700.5 944 30.7246
701.5 867 29.4449
702.5 898 29.9666
703.5 915 30.249
704.5 921 30.348
705.5 902 30.0333
706.5 925 30.4138
707.5 889 29.8161
708.5 933 30.545
709.5 898 29.9666
710.5 893 29.8831
711.5 883 29.7153
712.5 942 30.692
713.5 918 30.2985
714.5 877 29.6142
715.5 915 30.249
716.5 878 29.6311
717.5 951 30.8383
718.5 893 29.8831
719.5 877 29.6142
720.5 897 29.95
721.5 930 30.4959
722.5 888 29.7993
723.5 920 30.3315
724.5 877 29.6142
725.5 902 30.0333
726.5 913 30.2159
727.5 915 30.249
728.5 885 29.7489
729.5 844 29.0517
730.5 937 30.6105
731.5 923 30.3809
732.5 853 29.2062
733.5 918 30.2985
734.5 903 30.05
735.5 932 30.5287
736.5 907 30.1164
737.5 884 29.7321
738.5 885 29.7489
739.5 906 30.0998
740.5 869 29.4788
741.5 937 30.6105
742.5 856 29.2575
743.5 901 30.0167
744.5 886 29.7658
745.5 906 30.0998
746.5 889 29.8161
747.5 867 29.4449
748.5 867 29.4449
749.5 934 30.5614
750.5 869 29.4788
751.5 870 29.4958
752.5 883 29.7153
753.5 902 30.0333
754.5 865 29.4109
755.5 904 30.0666
756.5 884 29.7321
757.5 881 29.6816
758.5 931 30.5123
759.5 871 29.5127
760.5 945 30.7409
761.5 917 30.282
762.5 935 30.5778
763.5 869 29.4788
764.5 897 29.95
765.5 878 29.6311
766.5 875 29.5804
767.5 889 29.8161
768.5 904 30.0666
769.5 929 30.4795
770.5 895 29.9166
771.5 916 30.2655
772.5 867 29.4449
773.5 873 29.5466
774.5 873 29.5466
775.5 879 29.6479
776.5 896 29.9333
777.5 897 29.95
778.5 875 29.5804
779.5 928 30.4631
780.5 941 30.6757
781.5 882 29.6985
782.5 908 30.133
783.5 904 30.0666
784.5 893 29.8831
785.5 921 30.348
786.5 897 29.95
787.5 919 30.315
788.5 894 29.8998
789.5 913 30.2159
790.5 927 30.4467
791.5 888 29.7993
792.5 908 30.133
793.5 889 29.8161
794.5 871 29.5127
795.5 856 29.2575
796.5 868 29.4618
797.5 884 29.7321
798.5 881 29.6816
799.5 870 29.4958
800.5 880 29.6648
801.5 849 29.1376
802.5 873 29.5466
803.5 927 30.4467
804.5 887 29.7825
805.5 896 29.9333
806.5 891 29.8496
807.5 861 29.3428
808.5 848 29.1204
809.5 863 29.3769
810.5 845 29.0689
811.5 900 30
812.5 889 29.8161
813.5 887 29.7825
814.5 875 29.5804
815.5 954 30.8869
816.5 846 29.0861
817.5 858 29.2916
818.5 907 30.1164
819.5 859 29.3087
820.5 889 29.8161
821.5 869 29.4788
822.5 939 30.6431
823.5 855 29.2404
824.5 882 29.6985
825.5 868 29.4618
826.5 864 29.3939
827.5 873 29.5466
828.5 919 30.315
829.5 894 29.8998
830.5 866 29.4279
831.5 887 29.7825
832.5 886 29.7658
833.5 877 29.6142
834.5 896 29.9333
835.5 830 28.8097
836.5 847 29.1033
837.5 898 29.9666
838.5 860 29.3258
839.5 916 30.2655
840.5 864 29.3939
841.5 823 28.688
842.5 902 30.0333
843.5 859 29.3087
844.5 838 28.9482
845.5 943 30.7083
846.5 921 30.348
847.5 871 29.5127
848.5 855 29.2404
849.5 883 29.7153
850.5 908 30.133
851.5 848 29.1204
852.5 874 29.5635
853.5 906 30.0998
854.5 904 30.0666
855.5 818 28.6007
856.5 845 29.0689
857.5 927 30.4467
858.5 924 30.3974
859.5 852 29.189
860.5 852 29.189
861.5 866 29.4279
862.5 833 28.8617
863.5 951 30.8383
864.5 856 29.2575
865.5 875 29.5804
866.5 817 28.5832
867.5 836 28.9137
868.5 886 29.7658
869.5 838 28.9482
870.5 910 30.1662
871.5 846 29.0861
872.5 814 28.5307
873.5 872 29.5296
874.5 857 29.2746
875.5 850 29.1548
876.5 859 29.3087
877.5 846 29.0861
878.5 865 29.4109
879.5 809 28.4429
880.5 864 29.3939
881.5 856 29.2575
882.5 864 29.3939
883.5 868 29.4618
884.5 836 28.9137
885.5 852 29.189
886.5 882 29.6985
887.5 857 29.2746
888.5 843 29.0345
889.5 888 29.7993
890.5 847 29.1033
891.5 887 29.7825
892.5 829 28.7924
893.5 880 29.6648
894.5 883 29.7153
895.5 863 29.3769
896.5 860 29.3258
897.5 877 29.6142
898.5 853 29.2062
899.5 860 29.3258
900.5 882 29.6985
901.5 848 29.1204
902.5 914 30.2324
903.5 843 29.0345
904.5 861 29.3428
905.5 844 29.0517
906.5 866 29.4279
907.5 835 28.8964
908.5 838 28.9482
909.5 814 28.5307
910.5 871 29.5127
911.5 911 30.1828
912.5 881 29.6816
913.5 877 29.6142
914.5 825 28.7228
915.5 808 28.4253
916.5 901 30.0167
917.5 855 29.2404
918.5 901 30.0167
919.5 841 29
920.5 873 29.5466
921.5 908 30.133
922.5 853 29.2062
923.5 819 28.6182
924.5 866 29.4279
925.5 866 29.4279
926.5 852 29.189
927.5 850 29.1548
928.5 842 29.0172
929.5 859 29.3087
930.5 840 28.9828
931.5 857 29.2746
932.5 831 28.8271
933.5 835 28.8964
934.5 847 29.1033
935.5 882 29.6985
936.5 846 29.0861
937.5 843 29.0345
938.5 799 28.2666
939.5 909 30.1496
940.5 842 29.0172
941.5 834 28.8791
942.5 891 29.8496
943.5 861 29.3428
944.5 793 28.1603
945.5 856 29.2575
946.5 839 28.9655
947.5 769 27.7308
948.5 855 29.2404
949.5 825 28.7228
950.5 828 28.775
951.5 857 29.2746
952.5 825 28.7228
953.5 896 29.9333
954.5 907 30.1164
955.5 895 29.9166
956.5 836 28.9137
957.5 863 29.3769
958.5 859 29.3087
959.5 925 30.4138
960.5 871 29.5127
961.5 826 28.7402
962.5 838 28.9482
963.5 865 29.4109
964.5 855 29.2404
965.5 867 29.4449
966.5 834 28.8791
967.5 837 28.931
968.5 899 29.9833
969.5 817 28.5832
970.5 851 29.1719
971.5 850 29.1548
972.5 908 30.133
973.5 812 28.4956
974.5 855 29.2404
975.5 851 29.1719
976.5 889 29.8161
977.5 886 29.7658
978.5 868 29.4618
979.5 874 29.5635
980.5 887 29.7825
981.5 870 29.4958
982.5 874 29.5635
983.5 879 29.6479
984.5 871 29.5127
985.5 879 29.6479
986.5 871 29.5127
987.5 849 29.1376
988.5 861 29.3428
989.5 892 29.8664
990.5 903 30.05
991.5 890 29.8329
992.5 892 29.8664
993.5 869 29.4788
994.5 855 29.2404
995.5 873 29.5466
996.5 880 29.6648
997.5 843 29.0345
998.5 861 29.3428
999.5 918 30.2985
1000.5 924 30.3974
1001.5 891 29.8496
1002.5 925 30.4138
1003.5 949 30.8058
1004.5 872 29.5296
1005.5 917 30.282
1006.5 905 30.0832
1007.5 932 30.5287
1008.5 918 30.2985
1009.5 919 30.315
1010.5 904 30.0666
1011.5 986 31.4006
1012.5 969 31.1288
1013.5 938 30.6268
1014.5 942 30.692
1015.5 942 30.692
1016.5 1008 31.749
1017.5 965 31.0644
1018.5 901 30.0167
1019.5 937 30.6105
1020.5 956 30.9192
1021.5 965 31.0644
1022.5 907 30.1164
1023.5 961 31
1024.5 1012 31.8119
1025.5 965 31.0644
1026.5 968 31.1127
1027.5 937 30.6105
1028.5 896 29.9333
1029.5 959 30.9677
1030.5 958 30.9516
1031.5 948 30.7896
1032.5 967 31.0966
1033.5 978 31.273
1034.5 951 30.8383
1035.5 917 30.282
1036.5 917 30.282
1037.5 977 31.257
1038.5 960 30.9839
1039.5 891 29.8496
1040.5 942 30.692
1041.5 919 30.315
1042.5 965 31.0644
1043.5 905 30.0832
1044.5 945 30.7409
1045.5 960 30.9839
1046.5 937 30.6105
1047.5 899 29.9833
1048.5 966 31.0805
1049.5 913 30.2159
1050.5 927 30.4467
1051.5 920 30.3315
1052.5 965 31.0644
1053.5 951 30.8383
1054.5 976 31.241
1055.5 935 30.5778
1056.5 972 31.1769
1057.5 933 30.545
1058.5 957 30.9354
1059.5 1010 31.7805
1060.5 920 30.3315
1061.5 885 29.7489
1062.5 920 30.3315
1063.5 906 30.0998
1064.5 1007 31.7333
1065.5 951 30.8383
1066.5 913 30.2159
1067.5 875 29.5804
1068.5 891 29.8496
1069.5 883 29.7153
1070.5 955 30.9031
1071.5 875 29.5804
1072.5 868 29.4618
1073.5 927 30.4467
1074.5 926 30.4302
1075.5 881 29.6816
1076.5 903 30.05
1077.5 853 29.2062
1078.5 860 29.3258
1079.5 911 30.1828
1080.5 962 31.0161
1081.5 884 29.7321
1082.5 940 30.6594
1083.5 900 30
1084.5 903 30.05
1085.5 902 30.0333
1086.5 894 29.8998
1087.5 927 30.4467
1088.5 912 30.1993
1089.5 937 30.6105
1090.5 927 30.4467
1091.5 870 29.4958
1092.5 901 30.0167
1093.5 850 29.1548
1094.5 890 29.8329
1095.5 837 28.931
1096.5 896 29.9333
1097.5 849 29.1376
1098.5 878 29.6311
1099.5 899 29.9833
1100.5 893 29.8831
1101.5 914 30.2324
1102.5 917 30.282
1103.5 863 29.3769
1104.5 927 30.4467
1105.5 855 29.2404
1106.5 824 28.7054
1107.5 837 28.931
1108.5 889 29.8161
1109.5 843 29.0345
1110.5 906 30.0998
1111.5 869 29.4788
1112.5 895 29.9166
1113.5 848 29.1204
1114.5 879 29.6479
1115.5 875 29.5804
1116.5 815 28.5482
1117.5 840 28.9828
1118.5 862 29.3598
1119.5 895 29.9166
1120.5 859 29.3087
1121.5 833 28.8617
1122.5 819 28.6182
1123.5 841 29
1124.5 778 27.8927
1125.5 854 29.2233
1126.5 811 28.4781
1127.5 823 28.688
1128.5 808 28.4253
1129.5 834 28.8791
1130.5 878 29.6311
1131.5 843 29.0345
1132.5 817 28.5832
1133.5 858 29.2916
1134.5 875 29.5804
1135.5 843 29.0345
1136.5 853 29.2062
1137.5 791 28.1247
1138.5 826 28.7402
1139.5 811 28.4781
1140.5 814 28.5307
1141.5 832 28.8444
1142.5 829 28.7924
1143.5 783 27.9821
1144.5 818 28.6007
1145.5 838 28.9482
1146.5 871 29.5127
1147.5 859 29.3087
1148.5 859 29.3087
1149.5 808 28.4253
1150.5 854 29.2233
1151.5 763 27.6225
1152.5 792 28.1425
1153.5 800 28.2843
1154.5 839 28.9655
1155.5 864 29.3939
1156.5 813 28.5132
1157.5 830 28.8097
1158.5 788 28.0713
1159.5 817 28.5832
1160.5 810 28.4605
1161.5 798 28.2489
1162.5 825 28.7228
1163.5 789 28.0891
1164.5 791 28.1247
1165.5 795 28.1957
1166.5 772 27.7849
1167.5 813 28.5132
1168.5 791 28.1247
1169.5 738 27.1662
1170.5 840 28.9828
1171.5 823 28.688
1172.5 789 28.0891
1173.5 778 27.8927
1174.5 777 27.8747
1175.5 807 28.4077
1176.5 817 28.5832
1177.5 744 27.2764
1178.5 819 28.6182
1179.5 826 28.7402
1180.5 785 28.0179
1181.5 800 28.2843
1182.5 793 28.1603
1183.5 774 27.8209
1184.5 758 27.5318
1185.5 767 27.6948
1186.5 766 27.6767
1187.5 769 27.7308
1188.5 744 27.2764
1189.5 804 28.3549
1190.5 740 27.2029
1191.5 815 28.5482
1192.5 720 26.8328
1193.5 740 27.2029
1194.5 783 27.9821
1195.5 742 27.2397
1196.5 689 26.2488
1197.5 731 27.037
1198.5 729 27
1199.5 785 28.0179
1200.5 755 27.4773
1201.5 822 28.6705
1202.5 755 27.4773
1203.5 735 27.1109
1204.5 726 26.9444
1205.5 734 27.0924
1206.5 774 27.8209
1207.5 752 27.4226
1208.5 767 27.6948
1209.5 697 26.4008
1210.5 775 27.8388
1211.5 745 27.2947
1212.5 759 27.55
1213.5 749 27.3679
1214.5 732 27.0555
1215.5 721 26.8514
1216.5 813 28.5132
1217.5 733 27.074
1218.5 712 26.6833
1219.5 741 27.2213
1220.5 787 28.0535
1221.5 724 26.9072
1222.5 758 27.5318
1223.5 704 26.533
1224.5 727 26.9629
1225.5 733 27.074
1226.5 683 26.1343
1227.5 718 26.7955
1228.5 749 27.3679
1229.5 735 27.1109
1230.5 736 27.1293
1231.5 765 27.6586
1232.5 751 27.4044
1233.5 751 27.4044
1234.5 725 26.9258
1235.5 722 26.8701
1236.5 765 27.6586
1237.5 776 27.8568
1238.5 721 26.8514
1239.5 797 28.2312
1240.5 721 26.8514
1241.5 713 26.7021
1242.5 732 27.0555
1243.5 732 27.0555
1244.5 719 26.8142
1245.5 683 26.1343
1246.5 688 26.2298
1247.5 810 28.4605
1248.5 710 26.6458
1249.5 701 26.4764
1250.5 764 27.6405
1251.5 715 26.7395
1252.5 738 27.1662
1253.5 723 26.8887
1254.5 723 26.8887
1255.5 722 26.8701
1256.5 709 26.6271
1257.5 759 27.55
1258.5 651 25.5147
1259.5 685 26.1725
1260.5 724 26.9072
1261.5 703 26.5141
1262.5 709 26.6271
1263.5 703 26.5141
1264.5 713 26.7021
1265.5 746 27.313
1266.5 682 26.1151
1267.5 728 26.9815
1268.5 695 26.3629
1269.5 707 26.5895
1270.5 700 26.4575
1271.5 705 26.5518
1272.5 666 25.807
1273.5 721 26.8514
1274.5 736 27.1293
1275.5 703 26.5141
1276.5 683 26.1343
1277.5 721 26.8514
1278.5 734 27.0924
1279.5 732 27.0555
1280.5 685 26.1725
1281.5 700 26.4575
1282.5 714 26.7208
1283.5 704 26.533
1284.5 688 26.2298
1285.5 723 26.8887
1286.5 689 26.2488
1287.5 729 27
1288.5 686 26.1916
1289.5 717 26.7769
1290.5 694 26.3439
1291.5 733 27.074
1292.5 712 26.6833
1293.5 690 26.2679
1294.5 738 27.1662
1295.5 750 27.3861
1296.5 665 25.7876
1297.5 738 27.1662
1298.5 720 26.8328
1299.5 711 26.6646
1300.5 743 27.258
1301.5 724 26.9072
1302.5 690 26.2679
1303.5 699 26.4386
1304.5 678 26.0384
1305.5 697 26.4008
1306.5 746 27.313
1307.5 695 26.3629
1308.5 704 26.533
1309.5 774 27.8209
1310.5 689 26.2488
1311.5 694 26.3439
1312.5 709 26.6271
1313.5 685 26.1725
1314.5 728 26.9815
1315.5 670 25.8844
1316.5 722 26.8701
1317.5 706 26.5707
1318.5 654 25.5734
1319.5 675 25.9808
1320.5 753 27.4408
1321.5 727 26.9629
1322.5 718 26.7955
1323.5 696 26.3818
1324.5 719 26.8142
1325.5 715 26.7395
1326.5 699 26.4386
1327.5 736 27.1293
1328.5 605 24.5967
1329.5 712 26.6833
1330.5 717 26.7769
1331.5 724 26.9072
1332.5 737 27.1477
1333.5 708 26.6083
1334.5 711 26.6646
1335.5 663 25.7488
1336.5 720 26.8328
1337.5 614 24.779
1338.5 685 26.1725
1339.5 702 26.4953
1340.5 681 26.096
1341.5 651 25.5147
1342.5 660 25.6905
1343.5 718 26.7955
1344.5 670 25.8844
1345.5 664 25.7682
1346.5 685 26.1725
1347.5 670 25.8844
1348.5 664 25.7682
1349.5 677 26.0192
1350.5 730 27.0185
1351.5 673 25.9422
1352.5 654 25.5734
1353.5 625 25
1354.5 668 25.8457
1355.5 659 25.671
1356.5 689 26.2488
1357.5 652 25.5343
1358.5 660 25.6905
1359.5 634 25.1794
1360.5 669 25.865
1361.5 659 25.671
1362.5 645 25.3969
1363.5 629 25.0799
1364.5 665 25.7876
1365.5 665 25.7876
1366.5 611 24.7184
1367.5 643 25.3574
1368.5 630 25.0998
1369.5 713 26.7021
1370.5 694 26.3439
1371.5 618 24.8596
1372.5 736 27.1293
1373.5 646 25.4165
1374.5 618 24.8596
1375.5 636 25.219
1376.5 702 26.4953
1377.5 655 25.593
1378.5 638 25.2587
1379.5 654 25.5734
1380.5 708 26.6083
1381.5 668 25.8457
1382.5 649 25.4755
1383.5 696 26.3818
1384.5 623 24.96
1385.5 630 25.0998
1386.5 638 25.2587
1387.5 625 25
1388.5 575 23.9792
1389.5 636 25.219
1390.5 620 24.8998
1391.5 615 24.7992
1392.5 646 25.4165
1393.5 597 24.4336
1394.5 631 25.1197
1395.5 639 25.2784
1396.5 642 25.3377
1397.5 635 25.1992
1398.5 612 24.7386
1399.5 668 25.8457
1400.5 675 25.9808
1401.5 622 24.9399
1402.5 609 24.6779
1403.5 636 25.219
1404.5 617 24.8395
1405.5 629 25.0799
1406.5 658 25.6515
1407.5 608 24.6577
1408.5 630 25.0998
1409.5 687 26.2107
1410.5 605 24.5967
1411.5 628 25.0599
1412.5 607 24.6374
1413.5 613 24.7588
1414.5 613 24.7588
1415.5 627 25.04
1416.5 658 25.6515
1417.5 630 25.0998
1418.5 602 24.5357
1419.5 620 24.8998
1420.5 588 24.2487
1421.5 594 24.3721
1422.5 650 25.4951
1423.5 606 24.6171
1424.5 625 25
1425.5 583 24.1454
1426.5 615 24.7992
1427.5 592 24.3311
1428.5 622 24.9399
1429.5 593 24.3516
1430.5 594 24.3721
1431.5 610 24.6982
1432.5 609 24.6779
1433.5 622 24.9399
1434.5 649 25.4755
1435.5 599 24.4745
1436.5 634 25.1794
1437.5 629 25.0799
1438.5 605 24.5967
1439.5 606 24.6171
1440.5 633 25.1595
1441.5 613 24.7588
1442.5 581 24.1039
1443.5 599 24.4745
1444.5 594 24.3721
1445.5 594 24.3721
1446.5 552 23.4947
1447.5 622 24.9399
1448.5 607 24.6374
1449.5 583 24.1454
1450.5 533 23.0868
1451.5 618 24.8596
1452.5 614 24.779
1453.5 657 25.632
1454.5 557 23.6008
1455.5 610 24.6982
1456.5 574 23.9583
1457.5 595 24.3926
1458.5 606 24.6171
1459.5 573 23.9374
1460.5 596 24.4131
1461.5 604 24.5764
1462.5 606 24.6171
1463.5 570 23.8747
1464.5 602 24.5357
1465.5 616 24.8193
1466.5 609 24.6779
1467.5 552 23.4947
1468.5 607 24.6374
1469.5 552 23.4947
1470.5 593 24.3516
1471.5 590 24.2899
1472.5 590 24.2899
1473.5 602 24.5357
1474.5 542 23.2809
1475.5 600 24.4949
1476.5 599 24.4745
1477.5 572 23.9165
1478.5 593 24.3516
1479.5 583 24.1454
1480.5 612 24.7386
1481.5 557 23.6008
1482.5 579 24.0624
1483.5 571 23.8956
1484.5 632 25.1396
1485.5 600 24.4949
1486.5 533 23.0868
1487.5 584 24.1661
1488.5 562 23.7065
1489.5 566 23.7908
1490.5 598 24.454
1491.5 586 24.2074
1492.5 548 23.4094
1493.5 529 23
1494.5 603 24.5561
1495.5 544 23.3238
1496.5 568 23.8328
1497.5 543 23.3024
1498.5 560 23.6643
1499.5 610 24.6982
1500.5 584 24.1661
1501.5 563 23.7276
1502.5 565 23.7697
1503.5 595 24.3926
1504.5 573 23.9374
1505.5 575 23.9792
1506.5 590 24.2899
1507.5 595 24.3926
1508.5 594 24.3721
1509.5 591 24.3105
1510.5 560 23.6643
1511.5 562 23.7065
1512.5 605 24.5967
1513.5 566 23.7908
1514.5 581 24.1039
1515.5 541 23.2594
1516.5 552 23.4947
1517.5 534 23.1084
1518.5 564 23.7487
1519.5 561 23.6854
1520.5 569 23.8537
1521.5 557 23.6008
1522.5 582 24.1247
1523.5 612 24.7386
1524.5 576 24
1525.5 551 23.4734
1526.5 560 23.6643
1527.5 528 22.9783
1528.5 547 23.388
1529.5 543 23.3024
1530.5 592 24.3311
1531.5 523 22.8692
1532.5 546 23.3666
1533.5 564 23.7487
1534.5 593 24.3516
1535.5 553 23.516
1536.5 561 23.6854
1537.5 527 22.9565
1538.5 561 23.6854
1539.5 564 23.7487
1540.5 534 23.1084
1541.5 548 23.4094
1542.5 515 22.6936
1543.5 580 24.0832
1544.5 550 23.4521
1545.5 568 23.8328
1546.5 523 22.8692
1547.5 557 23.6008
1548.5 559 23.6432
1549.5 562 23.7065
1550.5 557 23.6008
1551.5 508 22.5389
1552.5 569 23.8537
1553.5 551 23.4734
1554.5 518 22.7596
1555.5 527 22.9565
1556.5 561 23.6854
1557.5 565 23.7697
1558.5 572 23.9165
1559.5 596 24.4131
1560.5 589 24.2693
1561.5 521 22.8254
1562.5 558 23.622
1563.5 543 23.3024
1564.5 524 22.891
1565.5 559 23.6432
1566.5 547 23.388
1567.5 554 23.5372
1568.5 536 23.1517
1569.5 536 23.1517
1570.5 550 23.4521
1571.5 546 23.3666
1572.5 525 22.9129
1573.5 570 23.8747
1574.5 496 22.2711
1575.5 509 22.561
1576.5 494 22.2261
1577.5 538 23.1948
1578.5 544 23.3238
1579.5 555 23.5584
1580.5 542 23.2809
1581.5 550 23.4521
1582.5 523 22.8692
1583.5 552 23.4947
1584.5 551 23.4734
1585.5 530 23.0217
1586.5 566 23.7908
1587.5 546 23.3666
1588.5 500 22.3607
1589.5 529 23
1590.5 573 23.9374
1591.5 552 23.4947
1592.5 549 23.4307
1593.5 538 23.1948
1594.5 487 22.0681
1595.5 526 22.9347
1596.5 551 23.4734
1597.5 560 23.6643
1598.5 499 22.3383
1599.5 508 22.5389
1600.5 508 22.5389
1601.5 528 22.9783
1602.5 516 22.7156
1603.5 539 23.2164
1604.5 553 23.516
1605.5 544 23.3238
1606.5 527 22.9565
1607.5 538 23.1948
1608.5 542 23.2809
1609.5 527 22.9565
1610.5 524 22.891
1611.5 519 22.7816
1612.5 514 22.6716
1613.5 516 22.7156
1614.5 526 22.9347
1615.5 480 21.9089
1616.5 519 22.7816
1617.5 548 23.4094
1618.5 497 22.2935
1619.5 509 22.561
1620.5 515 22.6936
1621.5 484 22
1622.5 504 22.4499
1623.5 533 23.0868
1624.5 549 23.4307
1625.5 507 22.5167
1626.5 493 22.2036
1627.5 502 22.4054
1628.5 495 22.2486
1629.5 525 22.9129
1630.5 465 21.5639
1631.5 495 22.2486
1632.5 549 23.4307
1633.5 535 23.1301
1634.5 534 23.1084
1635.5 534 23.1084
1636.5 509 22.561
1637.5 510 22.5832
1638.5 510 22.5832
1639.5 471 21.7025
1640.5 490 22.1359
1641.5 483 21.9773
1642.5 505 22.4722
1643.5 489 22.1133
1644.5 501 22.383
1645.5 503 22.4277
1646.5 538 23.1948
1647.5 519 22.7816
1648.5 547 23.388
1649.5 515 22.6936
1650.5 513 22.6495
1651.5 530 23.0217
1652.5 536 23.1517
1653.5 493 22.2036
1654.5 491 22.1585
1655.5 516 22.7156
1656.5 535 23.1301
1657.5 496 22.2711
1658.5 529 23
1659.5 470 21.6795
1660.5 512 22.6274
1661.5 539 23.2164
1662.5 553 23.516
1663.5 509 22.561
1664.5 463 21.5174
1665.5 480 21.9089
1666.5 515 22.6936
1667.5 489 22.1133
1668.5 489 22.1133
1669.5 523 22.8692
1670.5 532 23.0651
1671.5 489 22.1133
1672.5 485 22.0227
1673.5 538 23.1948
1674.5 518 22.7596
1675.5 513 22.6495
1676.5 548 23.4094
1677.5 491 22.1585
1678.5 503 22.4277
1679.5 484 22
1680.5 494 22.2261
1681.5 508 22.5389
1682.5 523 22.8692
1683.5 514 22.6716
1684.5 485 22.0227
1685.5 507 22.5167
1686.5 491 22.1585
1687.5 549 23.4307
1688.5 523 22.8692
1689.5 512 22.6274
1690.5 463 21.5174
1691.5 499 22.3383
1692.5 491 22.1585
1693.5 485 22.0227
1694.5 481 21.9317
1695.5 497 22.2935
1696.5 506 22.4944
1697.5 507 22.5167
1698.5 528 22.9783
1699.5 501 22.383
1700.5 465 21.5639
1701.5 495 22.2486
1702.5 490 22.1359
1703.5 491 22.1585
1704.5 509 22.561
1705.5 507 22.5167
1706.5 489 22.1133
1707.5 473 21.7486
1708.5 474 21.7715
1709.5 497 22.2935
1710.5 497 22.2935
1711.5 519 22.7816
1712.5 504 22.4499
1713.5 479 21.8861
1714.5 526 22.9347
1715.5 466 21.587
1716.5 471 21.7025
1717.5 470 21.6795
1718.5 506 22.4944
1719.5 488 22.0907
1720.5 498 22.3159
1721.5 490 22.1359
1722.5 494 22.2261
1723.5 456 21.3542
1724.5 464 21.5407
1725.5 511 22.6053
1726.5 506 22.4944
1727.5 480 21.9089
1728.5 491 22.1585
1729.5 487 22.0681
1730.5 448 21.166
1731.5 477 21.8403
1732.5 478 21.8632
1733.5 522 22.8473
1734.5 478 21.8632
1735.5 481 21.9317
1736.5 490 22.1359
1737.5 442 21.0238
1738.5 469 21.6564
1739.5 457 21.3776
1740.5 512 22.6274
1741.5 520 22.8035
1742.5 491 22.1585
1743.5 446 21.1187
1744.5 518 22.7596
1745.5 504 22.4499
1746.5 443 21.0476
1747.5 458 21.4009
1748.5 455 21.3307
1749.5 470 21.6795
1750.5 475 21.7945
1751.5 465 21.5639
1752.5 445 21.095
1753.5 453 21.2838
1754.5 479 21.8861
1755.5 493 22.2036
1756.5 466 21.587
1757.5 473 21.7486
1758.5 466 21.587
1759.5 483 21.9773
1760.5 507 22.5167
1761.5 472 21.7256
1762.5 444 21.0713
1763.5 465 21.5639
1764.5 483 21.9773
1765.5 467 21.6102
1766.5 521 22.8254
1767.5 467 21.6102
1768.5 468 21.6333
1769.5 495 22.2486
1770.5 513 22.6495
1771.5 452 21.2603
1772.5 479 21.8861
1773.5 483 21.9773
1774.5 475 21.7945
1775.5 495 22.2486
1776.5 451 21.2368
1777.5 467 21.6102
1778.5 474 21.7715
1779.5 470 21.6795
1780.5 478 21.8632
1781.5 430 20.7364
1782.5 477 21.8403
1783.5 457 21.3776
1784.5 504 22.4499
1785.5 460 21.4476
1786.5 459 21.4243
1787.5 517 22.7376
1788.5 456 21.3542
1789.5 506 22.4944
1790.5 478 21.8632
1791.5 486 22.0454
1792.5 507 22.5167
1793.5 462 21.4942
1794.5 439 20.9523
1795.5 467 21.6102
1796.5 483 21.9773
1797.5 447 21.1424
1798.5 483 21.9773
1799.5 458 21.4009
1800.5 443 21.0476
1801.5 473 21.7486
1802.5 520 22.8035
1803.5 482 21.9545
1804.5 470 21.6795
1805.5 466 21.587
1806.5 506 22.4944
1807.5 469 21.6564
1808.5 462 21.4942
1809.5 480 21.9089
1810.5 503 22.4277
1811.5 499 22.3383
1812.5 479 21.8861
1813.5 448 21.166
1814.5 473 21.7486
1815.5 502 22.4054
1816.5 461 21.4709
1817.5 469 21.6564
1818.5 482 21.9545
1819.5 510 22.5832
1820.5 516 22.7156
1821.5 499 22.3383
1822.5 485 22.0227
1823.5 454 21.3073
1824.5 491 22.1585
1825.5 477 21.8403
1826.5 458 21.4009
1827.5 491 22.1585
1828.5 451 21.2368
1829.5 464 21.5407
1830.5 481 21.9317
1831.5 480 21.9089
1832.5 505 22.4722
1833.5 488 22.0907
1834.5 435 20.8567
1835.5 418 20.445
1836.5 478 21.8632
1837.5 422 20.5426
1838.5 480 21.9089
1839.5 455 21.3307
1840.5 475 21.7945
1841.5 485 22.0227
1842.5 443 21.0476
1843.5 429 20.7123
1844.5 501 22.383
1845.5 475 21.7945
1846.5 463 21.5174
1847.5 510 22.5832
1848.5 500 22.3607
1849.5 484 22
1850.5 437 20.9045
1851.5 495 22.2486
1852.5 428 20.6882
1853.5 489 22.1133
1854.5 446 21.1187
1855.5 457 21.3776
1856.5 438 20.9284
1857.5 463 21.5174
1858.5 497 22.2935
1859.5 449 21.1896
1860.5 509 22.561
1861.5 449 21.1896
1862.5 489 22.1133
1863.5 417 20.4206
1864.5 473 21.7486
1865.5 459 21.4243
1866.5 454 21.3073
1867.5 462 21.4942
1868.5 423 20.567
1869.5 476 21.8174
1870.5 485 22.0227
1871.5 438 20.9284
1872.5 493 22.2036
1873.5 460 21.4476
1874.5 468 21.6333
1875.5 478 21.8632
1876.5 481 21.9317
1877.5 438 20.9284
1878.5 414 20.347
1879.5 472 21.7256
1880.5 466 21.587
1881.5 468 21.6333
1882.5 478 21.8632
1883.5 457 21.3776
1884.5 462 21.4942
1885.5 464 21.5407
1886.5 456 21.3542
1887.5 466 21.587
1888.5 454 21.3073
1889.5 444 21.0713
1890.5 466 21.587
1891.5 464 21.5407
1892.5 448 21.166
1893.5 459 21.4243
1894.5 455 21.3307
1895.5 438 20.9284
1896.5 499 22.3383
1897.5 463 21.5174
1898.5 489 22.1133
1899.5 461 21.4709
1900.5 440 20.9762
1901.5 483 21.9773
1902.5 463 21.5174
1903.5 452 21.2603
1904.5 486 22.0454
1905.5 460 21.4476
1906.5 514 22.6716
1907.5 476 21.8174
1908.5 438 20.9284
1909.5 451 21.2368
1910.5 429 20.7123
1911.5 424 20.5913
1912.5 449 21.1896
1913.5 425 20.6155
1914.5 437 20.9045
1915.5 463 21.5174
1916.5 453 21.2838
1917.5 440 20.9762
1918.5 453 21.2838
1919.5 416 20.3961
1920.5 462 21.4942
1921.5 449 21.1896
1922.5 499 22.3383
1923.5 416 20.3961
1924.5 444 21.0713
1925.5 475 21.7945
1926.5 466 21.587
1927.5 458 21.4009
1928.5 480 21.9089
1929.5 441 21
1930.5 464 21.5407
1931.5 474 21.7715
1932.5 446 21.1187
1933.5 459 21.4243
1934.5 474 21.7715
1935.5 464 21.5407
1936.5 457 21.3776
1937.5 437 20.9045
1938.5 454 21.3073
1939.5 443 21.0476
1940.5 454 21.3073
1941.5 464 21.5407
1942.5 462 21.4942
1943.5 437 20.9045
1944.5 427 20.664
1945.5 459 21.4243
1946.5 430 20.7364
1947.5 444 21.0713
1948.5 475 21.7945
1949.5 468 21.6333
1950.5 487 22.0681
1951.5 472 21.7256
1952.5 459 21.4243
1953.5 430 20.7364
1954.5 446 21.1187
1955.5 448 21.166
1956.5 483 21.9773
1957.5 460 21.4476
1958.5 459 21.4243
1959.5 467 21.6102
1960.5 453 21.2838
1961.5 490 22.1359
1962.5 449 21.1896
1963.5 484 22
1964.5 481 21.9317
1965.5 476 21.8174
1966.5 478 21.8632
1967.5 456 21.3542
1968.5 499 22.3383
1969.5 475 21.7945
1970.5 459 21.4243
1971.5 473 21.7486
1972.5 465 21.5639
1973.5 451 21.2368
1974.5 427 20.664
1975.5 452 21.2603
1976.5 475 21.7945
1977.5 446 21.1187
1978.5 461 21.4709
1979.5 451 21.2368
1980.5 437 20.9045
1981.5 469 21.6564
1982.5 455 21.3307
1983.5 483 21.9773
1984.5 434 20.8327
1985.5 471 21.7025
1986.5 450 21.2132
1987.5 443 21.0476
1988.5 474 21.7715
1989.5 454 21.3073
1990.5 485 22.0227
1991.5 479 21.8861
1992.5 457 21.3776
1993.5 474 21.7715
1994.5 435 20.8567
1995.5 459 21.4243
1996.5 500 22.3607
1997.5 492 22.1811
1998.5 477 21.8403
1999.5 445 21.095
2000.5 492 22.1811
2001.5 435 20.8567
2002.5 431 20.7605
2003.5 451 21.2368
2004.5 480 21.9089
2005.5 454 21.3073
2006.5 425 20.6155
2007.5 452 21.2603
2008.5 450 21.2132
2009.5 461 21.4709
2010.5 485 22.0227
2011.5 493 22.2036
2012.5 460 21.4476
2013.5 466 21.587
2014.5 459 21.4243
2015.5 444 21.0713
2016.5 444 21.0713
2017.5 499 22.3383
2018.5 477 21.8403
2019.5 428 20.6882
2020.5 458 21.4009
2021.5 478 21.8632
2022.5 482 21.9545
2023.5 460 21.4476
2024.5 444 21.0713
2025.5 437 20.9045
2026.5 474 21.7715
2027.5 471 21.7025
2028.5 485 22.0227
2029.5 471 21.7025
2030.5 464 21.5407
2031.5 457 21.3776
2032.5 496 22.2711
2033.5 456 21.3542
2034.5 473 21.7486
2035.5 504 22.4499
2036.5 474 21.7715
2037.5 478 21.8632
2038.5 446 21.1187
2039.5 477 21.8403
2040.5 512 22.6274
2041.5 475 21.7945
2042.5 481 21.9317
2043.5 457 21.3776
2044.5 454 21.3073
2045.5 472 21.7256
2046.5 470 21.6795
2047.5 478 21.8632
2048.5 470 21.6795
2049.5 476 21.8174
2050.5 446 21.1187
2051.5 451 21.2368
2052.5 489 22.1133
2053.5 448 21.166
2054.5 439 20.9523
2055.5 471 21.7025
2056.5 466 21.587
2057.5 420 20.4939
2058.5 422 20.5426
2059.5 462 21.4942
2060.5 428 20.6882
2061.5 499 22.3383
2062.5 478 21.8632
2063.5 468 21.6333
2064.5 462 21.4942
2065.5 471 21.7025
2066.5 464 21.5407
2067.5 447 21.1424
2068.5 486 22.0454
2069.5 491 22.1585
2070.5 465 21.5639
2071.5 451 21.2368
2072.5 473 21.7486
2073.5 444 21.0713
2074.5 512 22.6274
2075.5 470 21.6795
2076.5 519 22.7816
2077.5 465 21.5639
2078.5 487 22.0681
2079.5 486 22.0454
2080.5 463 21.5174
2081.5 492 22.1811
2082.5 528 22.9783
2083.5 455 21.3307
2084.5 482 21.9545
2085.5 470 21.6795
2086.5 438 20.9284
2087.5 498 22.3159
2088.5 494 22.2261
2089.5 482 21.9545
2090.5 496 22.2711
2091.5 479 21.8861
2092.5 475 21.7945
2093.5 487 22.0681
2094.5 455 21.3307
2095.5 469 21.6564
2096.5 460 21.4476
2097.5 460 21.4476
2098.5 458 21.4009
2099.5 420 20.4939
2100.5 500 22.3607
2101.5 493 22.2036
2102.5 481 21.9317
2103.5 441 21
2104.5 479 21.8861
2105.5 481 21.9317
2106.5 461 21.4709
2107.5 475 21.7945
2108.5 434 20.8327
2109.5 519 22.7816
2110.5 455 21.3307
2111.5 479 21.8861
2112.5 503 22.4277
2113.5 463 21.5174
2114.5 482 21.9545
2115.5 462 21.4942
2116.5 482 21.9545
2117.5 454 21.3073
2118.5 474 21.7715
2119.5 483 21.9773
2120.5 490 22.1359
2121.5 494 22.2261
2122.5 439 20.9523
2123.5 490 22.1359
2124.5 460 21.4476
2125.5 479 21.8861
2126.5 475 21.7945
2127.5 489 22.1133
2128.5 460 21.4476
2129.5 451 21.2368
2130.5 457 21.3776
2131.5 471 21.7025
2132.5 490 22.1359
2133.5 479 21.8861
2134.5 467 21.6102
2135.5 458 21.4009
2136.5 498 22.3159
2137.5 512 22.6274
2138.5 490 22.1359
2139.5 444 21.0713
2140.5 445 21.095
2141.5 471 21.7025
2142.5 443 21.0476
2143.5 485 22.0227
2144.5 485 22.0227
2145.5 539 23.2164
2146.5 488 22.0907
2147.5 474 21.7715
2148.5 455 21.3307
2149.5 470 21.6795
2150.5 494 22.2261
2151.5 498 22.3159
2152.5 497 22.2935
2153.5 484 22
2154.5 490 22.1359
2155.5 524 22.891
2156.5 459 21.4243
2157.5 455 21.3307
2158.5 485 22.0227
2159.5 495 22.2486
2160.5 484 22
2161.5 470 21.6795
2162.5 464 21.5407
2163.5 469 21.6564
2164.5 470 21.6795
2165.5 454 21.3073
2166.5 497 22.2935
2167.5 482 21.9545
2168.5 458 21.4009
2169.5 470 21.6795
2170.5 449 21.1896
2171.5 470 21.6795
2172.5 485 22.0227
2173.5 497 22.2935
2174.5 483 21.9773
2175.5 494 22.2261
2176.5 501 22.383
2177.5 480 21.9089
2178.5 430 20.7364
2179.5 455 21.3307
2180.5 482 21.9545
2181.5 458 21.4009
2182.5 484 22
2183.5 445 21.095
2184.5 457 21.3776
2185.5 508 22.5389
2186.5 456 21.3542
2187.5 489 22.1133
2188.5 467 21.6102
2189.5 447 21.1424
2190.5 466 21.587
2191.5 470 21.6795
2192.5 478 21.8632
2193.5 467 21.6102
2194.5 437 20.9045
2195.5 446 21.1187
2196.5 460 21.4476
2197.5 485 22.0227
2198.5 458 21.4009
2199.5 476 21.8174
2200.5 476 21.8174
2201.5 470 21.6795
2202.5 476 21.8174
2203.5 495 22.2486
2204.5 449 21.1896
2205.5 481 21.9317
2206.5 469 21.6564
2207.5 446 21.1187
2208.5 489 22.1133
2209.5 467 21.6102
2210.5 495 22.2486
2211.5 426 20.6398
2212.5 489 22.1133
2213.5 451 21.2368
2214.5 468 21.6333
2215.5 465 21.5639
2216.5 473 21.7486
2217.5 462 21.4942
2218.5 434 20.8327
2219.5 460 21.4476
2220.5 453 21.2838
2221.5 462 21.4942
2222.5 415 20.3715
2223.5 435 20.8567
2224.5 469 21.6564
2225.5 419 20.4695
2226.5 466 21.587
2227.5 494 22.2261
2228.5 481 21.9317
2229.5 437 20.9045
2230.5 450 21.2132
2231.5 460 21.4476
2232.5 474 21.7715
2233.5 439 20.9523
2234.5 475 21.7945
2235.5 477 21.8403
2236.5 416 20.3961
2237.5 478 21.8632
2238.5 473 21.7486
2239.5 415 20.3715
2240.5 452 21.2603
2241.5 459 21.4243
2242.5 436 20.8806
2243.5 486 22.0454
2244.5 446 21.1187
2245.5 421 20.5183
2246.5 451 21.2368
2247.5 443 21.0476
2248.5 451 21.2368
2249.5 440 20.9762
2250.5 468 21.6333
2251.5 456 21.3542
2252.5 460 21.4476
2253.5 462 21.4942
2254.5 452 21.2603
2255.5 442 21.0238
2256.5 466 21.587
2257.5 449 21.1896
2258.5 454 21.3073
2259.5 430 20.7364
2260.5 428 20.6882
2261.5 420 20.4939
2262.5 451 21.2368
2263.5 430 20.7364
2264.5 448 21.166
2265.5 418 20.445
2266.5 420 20.4939
2267.5 415 20.3715
2268.5 398 19.9499
2269.5 421 20.5183
2270.5 415 20.3715
2271.5 393 19.8242
2272.5 404 20.0998
2273.5 397 19.9249
2274.5 420 20.4939
2275.5 405 20.1246
2276.5 406 20.1494
2277.5 384 19.5959
2278.5 402 20.0499
2279.5 390 19.7484
2280.5 373 19.3132
2281.5 396 19.8997
2282.5 408 20.199
2283.5 406 20.1494
2284.5 376 19.3907
2285.5 408 20.199
2286.5 375 19.3649
2287.5 415 20.3715
2288.5 362 19.0263
2289.5 363 19.0526
2290.5 386 19.6469
2291.5 357 18.8944
2292.5 354 18.8149
2293.5 413 20.3224
2294.5 369 19.2094
2295.5 384 19.5959
2296.5 404 20.0998
2297.5 345 18.5742
2298.5 363 19.0526
2299.5 376 19.3907
2300.5 359 18.9473
2301.5 316 17.7764
2302.5 386 19.6469
2303.5 337 18.3576
2304.5 328 18.1108
2305.5 357 18.8944
2306.5 350 18.7083
2307.5 297 17.2337
2308.5 330 18.1659
2309.5 363 19.0526
2310.5 337 18.3576
2311.5 376 19.3907
2312.5 314 17.72
2313.5 329 18.1384
2314.5 316 17.7764
2315.5 295 17.1756
2316.5 352 18.7617
2317.5 333 18.2483
2318.5 337 18.3576
2319.5 324 18
2320.5 313 17.6918
2321.5 340 18.4391
2322.5 357 18.8944
2323.5 296 17.2047
2324.5 292 17.088
2325.5 303 17.4069
2326.5 315 17.7482
2327.5 316 17.7764
2328.5 330 18.1659
2329.5 317 17.8045
2330.5 318 17.8326
2331.5 301 17.3494
2332.5 297 17.2337
2333.5 294 17.1464
2334.5 313 17.6918
2335.5 333 18.2483
2336.5 288 16.9706
2337.5 302 17.3781
2338.5 273 16.5227
2339.5 310 17.6068
2340.5 288 16.9706
2341.5 298 17.2627
2342.5 336 18.3303
2343.5 275 16.5831
2344.5 301 17.3494
2345.5 283 16.8226
2346.5 276 16.6132
2347.5 302 17.3781
2348.5 272 16.4924
2349.5 322 17.9444
2350.5 294 17.1464
2351.5 289 17
2352.5 306 17.4929
2353.5 283 16.8226
2354.5 300 17.3205
2355.5 313 17.6918
2356.5 278 16.6733
2357.5 265 16.2788
2358.5 266 16.3095
2359.5 292 17.088
2360.5 308 17.5499
2361.5 288 16.9706
2362.5 291 17.0587
2363.5 320 17.8885
2364.5 309 17.5784
2365.5 310 17.6068
2366.5 285 16.8819
2367.5 278 16.6733
2368.5 299 17.2916
2369.5 312 17.6635
2370.5 255 15.9687
2371.5 265 16.2788
2372.5 274 16.5529
2373.5 258 16.0624
2374.5 264 16.2481
2375.5 298 17.2627
2376.5 299 17.2916
2377.5 270 16.4317
2378.5 268 16.3707
2379.5 283 16.8226
2380.5 293 17.1172
2381.5 282 16.7929
2382.5 286 16.9115
2383.5 253 15.906
2384.5 295 17.1756
2385.5 262 16.1864
2386.5 284 16.8523
2387.5 267 16.3401
2388.5 263 16.2173
2389.5 291 17.0587
2390.5 251 15.843
2391.5 279 16.7033
2392.5 257 16.0312
2393.5 276 16.6132
2394.5 266 16.3095
2395.5 277 16.6433
2396.5 265 16.2788
2397.5 258 16.0624
2398.5 287 16.9411
2399.5 291 17.0587
2400.5 278 16.6733
2401.5 247 15.7162
2402.5 273 16.5227
2403.5 262 16.1864
2404.5 240 15.4919
2405.5 278 16.6733
2406.5 260 16.1245
2407.5 240 15.4919
2408.5 266 16.3095
2409.5 233 15.2643
2410.5 275 16.5831
2411.5 261 16.1555
2412.5 246 15.6844
2413.5 263 16.2173
2414.5 276 16.6132
2415.5 244 15.6205
2416.5 256 16
2417.5 253 15.906
2418.5 263 16.2173
2419.5 288 16.9706
2420.5 241 15.5242
2421.5 267 16.3401
2422.5 258 16.0624
2423.5 270 16.4317
2424.5 238 15.4272
2425.5 256 16
2426.5 255 15.9687
2427.5 241 15.5242
2428.5 285 16.8819
2429.5 244 15.6205
2430.5 271 16.4621
2431.5 236 15.3623
2432.5 270 16.4317
2433.5 240 15.4919
2434.5 233 15.2643
2435.5 263 16.2173
2436.5 247 15.7162
2437.5 249 15.7797
2438.5 243 15.5885
2439.5 264 16.2481
2440.5 233 15.2643
2441.5 246 15.6844
2442.5 239 15.4596
2443.5 279 16.7033
2444.5 231 15.1987
2445.5 228 15.0997
2446.5 263 16.2173
2447.5 239 15.4596
2448.5 232 15.2315
2449.5 238 15.4272
2450.5 222 14.8997
2451.5 250 15.8114
2452.5 225 15
2453.5 254 15.9374
2454.5 238 15.4272
2455.5 237 15.3948
2456.5 221 14.8661
2457.5 233 15.2643
2458.5 212 14.5602
2459.5 240 15.4919
2460.5 241 15.5242
2461.5 237 15.3948
2462.5 212 14.5602
2463.5 234 15.2971
2464.5 231 15.1987
2465.5 222 14.8997
2466.5 251 15.843
2467.5 233 15.2643
2468.5 231 15.1987
2469.5 228 15.0997
2470.5 230 15.1658
2471.5 211 14.5258
2472.5 256 16
2473.5 246 15.6844
2474.5 202 14.2127
2475.5 228 15.0997
2476.5 251 15.843
2477.5 245 15.6525
2478.5 239 15.4596
2479.5 242 15.5563
2480.5 238 15.4272
2481.5 221 14.8661
2482.5 221 14.8661
2483.5 225 15
2484.5 232 15.2315
2485.5 246 15.6844
2486.5 225 15
2487.5 218 14.7648
2488.5 250 15.8114
2489.5 230 15.1658
2490.5 244 15.6205
2491.5 215 14.6629
2492.5 240 15.4919
2493.5 201 14.1774
2494.5 213 14.5945
2495.5 209 14.4568
2496.5 212 14.5602
2497.5 258 16.0624
2498.5 236 15.3623
2499.5 234 15.2971
2500.5 209 14.4568
2501.5 252 15.8745
2502.5 203 14.2478
2503.5 216 14.6969
2504.5 210 14.4914
2505.5 219 14.7986
2506.5 228 15.0997
2507.5 221 14.8661
2508.5 212 14.5602
2509.5 210 14.4914
2510.5 196 14
2511.5 235 15.3297
2512.5 227 15.0665
2513.5 221 14.8661
2514.5 230 15.1658
2515.5 202 14.2127
2516.5 245 15.6525
2517.5 239 15.4596
2518.5 231 15.1987
2519.5 209 14.4568
2520.5 210 14.4914
2521.5 241 15.5242
2522.5 231 15.1987
2523.5 216 14.6969
2524.5 218 14.7648
2525.5 218 14.7648
2526.5 222 14.8997
2527.5 197 14.0357
2528.5 211 14.5258
2529.5 227 15.0665
2530.5 214 14.6287
2531.5 207 14.3875
2532.5 175 13.2288
2533.5 197 14.0357
2534.5 209 14.4568
2535.5 204 14.2829
2536.5 227 15.0665
2537.5 220 14.8324
2538.5 205 14.3178
2539.5 200 14.1421
2540.5 209 14.4568
2541.5 220 14.8324
2542.5 201 14.1774
2543.5 211 14.5258
2544.5 202 14.2127
2545.5 224 14.9666
2546.5 197 14.0357
2547.5 223 14.9332
2548.5 183 13.5277
2549.5 204 14.2829
2550.5 197 14.0357
2551.5 196 14
2552.5 204 14.2829
2553.5 197 14.0357
2554.5 227 15.0665
2555.5 192 13.8564
2556.5 221 14.8661
2557.5 220 14.8324
2558.5 207 14.3875
2559.5 187 13.6748
2560.5 215 14.6629
2561.5 219 14.7986
2562.5 176 13.2665
2563.5 200 14.1421
2564.5 225 15
2565.5 244 15.6205
2566.5 200 14.1421
2567.5 191 13.8203
2568.5 208 14.4222
2569.5 191 13.8203
2570.5 203 14.2478
2571.5 216 14.6969
2572.5 206 14.3527
2573.5 197 14.0357
2574.5 204 14.2829
2575.5 196 14
2576.5 195 13.9642
2577.5 205 14.3178
2578.5 206 14.3527
2579.5 187 13.6748
2580.5 187 13.6748
2581.5 220 14.8324
2582.5 198 14.0712
2583.5 186 13.6382
2584.5 196 14
2585.5 205 14.3178
2586.5 192 13.8564
2587.5 192 13.8564
2588.5 224 14.9666
2589.5 213 14.5945
2590.5 203 14.2478
2591.5 185 13.6015
2592.5 179 13.3791
2593.5 195 13.9642
2594.5 183 13.5277
2595.5 164 12.8062
2596.5 183 13.5277
2597.5 212 14.5602
2598.5 216 14.6969
2599.5 194 13.9284
2600.5 197 14.0357
2601.5 161 12.6886
2602.5 182 13.4907
2603.5 202 14.2127
2604.5 169 13
2605.5 170 13.0384
2606.5 172 13.1149
2607.5 188 13.7113
2608.5 180 13.4164
2609.5 185 13.6015
2610.5 185 13.6015
2611.5 182 13.4907
2612.5 196 14
2613.5 195 13.9642
2614.5 170 13.0384
2615.5 184 13.5647
2616.5 187 13.6748
2617.5 170 13.0384
2618.5 213 14.5945
2619.5 160 12.6491
2620.5 162 12.7279
2621.5 222 14.8997
2622.5 192 13.8564
2623.5 193 13.8924
2624.5 187 13.6748
2625.5 182 13.4907
2626.5 168 12.9615
2627.5 199 14.1067
2628.5 191 13.8203
2629.5 171 13.0767
2630.5 162 12.7279
2631.5 177 13.3041
2632.5 185 13.6015
2633.5 169 13
2634.5 161 12.6886
2635.5 160 12.6491
2636.5 162 12.7279
2637.5 174 13.1909
2638.5 166 12.8841
2639.5 176 13.2665
2640.5 157 12.53
2641.5 185 13.6015
2642.5 176 13.2665
2643.5 154 12.4097
2644.5 176 13.2665
2645.5 188 13.7113
2646.5 190 13.784
2647.5 174 13.1909
2648.5 168 12.9615
2649.5 177 13.3041
2650.5 159 12.6095
2651.5 193 13.8924
2652.5 188 13.7113
2653.5 193 13.8924
2654.5 175 13.2288
2655.5 178 13.3417
2656.5 159 12.6095
2657.5 171 13.0767
2658.5 167 12.9228
2659.5 153 12.3693
2660.5 174 13.1909
2661.5 168 12.9615
2662.5 176 13.2665
2663.5 162 12.7279
2664.5 168 12.9615
2665.5 174 13.1909
2666.5 189 13.7477
2667.5 156 12.49
2668.5 183 13.5277
2669.5 172 13.1149
2670.5 157 12.53
2671.5 159 12.6095
2672.5 160 12.6491
2673.5 165 12.8452
2674.5 174 13.1909
2675.5 165 12.8452
2676.5 191 13.8203
2677.5 172 13.1149
2678.5 172 13.1149
2679.5 199 14.1067
2680.5 153 12.3693
2681.5 166 12.8841
2682.5 140 11.8322
2683.5 159 12.6095
2684.5 154 12.4097
2685.5 161 12.6886
2686.5 170 13.0384
2687.5 167 12.9228
2688.5 157 12.53
2689.5 174 13.1909
2690.5 178 13.3417
2691.5 146 12.083
2692.5 182 13.4907
2693.5 143 11.9583
2694.5 167 12.9228
2695.5 168 12.9615
2696.5 156 12.49
2697.5 159 12.6095
2698.5 183 13.5277
2699.5 166 12.8841
2700.5 174 13.1909
2701.5 165 12.8452
2702.5 141 11.8743
2703.5 159 12.6095
2704.5 169 13
2705.5 143 11.9583
2706.5 167 12.9228
2707.5 173 13.1529
2708.5 163 12.7671
2709.5 162 12.7279
2710.5 151 12.2882
2711.5 154 12.4097
2712.5 148 12.1655
2713.5 175 13.2288
2714.5 167 12.9228
2715.5 159 12.6095
2716.5 153 12.3693
2717.5 165 12.8452
2718.5 160 12.6491
2719.5 150 12.2474
2720.5 151 12.2882
2721.5 167 12.9228
2722.5 147 12.1244
2723.5 161 12.6886
2724.5 162 12.7279
2725.5 149 12.2066
2726.5 169 13
2727.5 156 12.49
2728.5 159 12.6095
2729.5 152 12.3288
2730.5 154 12.4097
2731.5 158 12.5698
2732.5 139 11.7898
2733.5 177 13.3041
2734.5 134 11.5758
2735.5 139 11.7898
2736.5 169 13
2737.5 162 12.7279
2738.5 166 12.8841
2739.5 147 12.1244
2740.5 170 13.0384
2741.5 175 13.2288
2742.5 150 12.2474
2743.5 164 12.8062
2744.5 139 11.7898
2745.5 125 11.1803
2746.5 174 13.1909
2747.5 152 12.3288
2748.5 146 12.083
2749.5 152 12.3288
2750.5 128 11.3137
2751.5 162 12.7279
2752.5 152 12.3288
2753.5 146 12.083
2754.5 160 12.6491
2755.5 168 12.9615
2756.5 160 12.6491
2757.5 138 11.7473
2758.5 138 11.7473
2759.5 133 11.5326
2760.5 152 12.3288
2761.5 142 11.9164
2762.5 144 12
2763.5 131 11.4455
2764.5 146 12.083
2765.5 134 11.5758
2766.5 152 12.3288
2767.5 146 12.083
2768.5 138 11.7473
2769.5 129 11.3578
2770.5 165 12.8452
2771.5 139 11.7898
2772.5 151 12.2882
2773.5 147 12.1244
2774.5 151 12.2882
2775.5 129 11.3578
2776.5 141 11.8743
2777.5 130 11.4018
2778.5 134 11.5758
2779.5 150 12.2474
2780.5 154 12.4097
2781.5 136 11.6619
2782.5 150 12.2474
2783.5 126 11.225
2784.5 146 12.083
2785.5 160 12.6491
2786.5 173 13.1529
2787.5 142 11.9164
2788.5 150 12.2474
2789.5 141 11.8743
2790.5 161 12.6886
2791.5 150 12.2474
2792.5 138 11.7473
2793.5 172 13.1149
2794.5 148 12.1655
2795.5 135 11.619
2796.5 152 12.3288
2797.5 150 12.2474
2798.5 155 12.4499
2799.5 158 12.5698
2800.5 147 12.1244
2801.5 139 11.7898
2802.5 132 11.4891
2803.5 117 10.8167
2804.5 153 12.3693
2805.5 154 12.4097
2806.5 119 10.9087
2807.5 170 13.0384
2808.5 138 11.7473
2809.5 128 11.3137
2810.5 138 11.7473
2811.5 151 12.2882
2812.5 148 12.1655
2813.5 136 11.6619
2814.5 131 11.4455
2815.5 141 11.8743
2816.5 132 11.4891
2817.5 130 11.4018
2818.5 143 11.9583
2819.5 145 12.0416
2820.5 133 11.5326
2821.5 129 11.3578
2822.5 138 11.7473
2823.5 135 11.619
2824.5 130 11.4018
2825.5 128 11.3137
2826.5 140 11.8322
2827.5 149 12.2066
2828.5 139 11.7898
2829.5 132 11.4891
2830.5 137 11.7047
2831.5 143 11.9583
2832.5 154 12.4097
2833.5 135 11.619
2834.5 115 10.7238
2835.5 157 12.53
2836.5 154 12.4097
2837.5 151 12.2882
2838.5 143 11.9583
2839.5 151 12.2882
2840.5 150 12.2474
2841.5 164 12.8062
2842.5 163 12.7671
2843.5 176 13.2665
2844.5 185 13.6015
2845.5 200 14.1421
2846.5 196 14
2847.5 208 14.4222
2848.5 209 14.4568
2849.5 199 14.1067
2850.5 234 15.2971
2851.5 248 15.748
2852.5 221 14.8661
2853.5 262 16.1864
2854.5 240 15.4919
2855.5 259 16.0935
2856.5 274 16.5529
2857.5 289 17
2858.5 271 16.4621
2859.5 293 17.1172
2860.5 307 17.5214
2861.5 295 17.1756
2862.5 258 16.0624
2863.5 298 17.2627
2864.5 281 16.7631
2865.5 310 17.6068
2866.5 283 16.8226
2867.5 268 16.3707
2868.5 258 16.0624
2869.5 260 16.1245
2870.5 230 15.1658
2871.5 243 15.5885
2872.5 211 14.5258
2873.5 204 14.2829
2874.5 200 14.1421
2875.5 218 14.7648
2876.5 217 14.7309
2877.5 199 14.1067
2878.5 185 13.6015
2879.5 191 13.8203
2880.5 163 12.7671
2881.5 180 13.4164
2882.5 168 12.9615
2883.5 172 13.1149
2884.5 166 12.8841
2885.5 173 13.1529
2886.5 165 12.8452
2887.5 150 12.2474
2888.5 160 12.6491
2889.5 149 12.2066
2890.5 150 12.2474
2891.5 146 12.083
2892.5 149 12.2066
2893.5 167 12.9228
2894.5 143 11.9583
2895.5 142 11.9164
2896.5 139 11.7898
2897.5 134 11.5758
2898.5 128 11.3137
2899.5 155 12.4499
2900.5 135 11.619
2901.5 134 11.5758
2902.5 129 11.3578
2903.5 130 11.4018
2904.5 133 11.5326
2905.5 139 11.7898
2906.5 132 11.4891
2907.5 133 11.5326
2908.5 140 11.8322
2909.5 145 12.0416
2910.5 120 10.9545
2911.5 145 12.0416
2912.5 130 11.4018
2913.5 145 12.0416
2914.5 131 11.4455
2915.5 122 11.0454
2916.5 122 11.0454
2917.5 138 11.7473
2918.5 131 11.4455
2919.5 122 11.0454
2920.5 115 10.7238
2921.5 150 12.2474
2922.5 139 11.7898
2923.5 118 10.8628
2924.5 128 11.3137
2925.5 106 10.2956
2926.5 135 11.619
2927.5 132 11.4891
2928.5 128 11.3137
2929.5 144 12
2930.5 136 11.6619
2931.5 135 11.619
2932.5 134 11.5758
2933.5 133 11.5326
2934.5 134 11.5758
2935.5 134 11.5758
2936.5 136 11.6619
2937.5 112 10.583
2938.5 126 11.225
2939.5 123 11.0905
2940.5 122 11.0454
2941.5 130 11.4018
2942.5 121 11
2943.5 131 11.4455
2944.5 114 10.6771
2945.5 135 11.619
2946.5 125 11.1803
2947.5 128 11.3137
2948.5 133 11.5326
2949.5 114 10.6771
2950.5 134 11.5758
2951.5 118 10.8628
2952.5 134 11.5758
2953.5 135 11.619
2954.5 124 11.1355
2955.5 117 10.8167
2956.5 135 11.619
2957.5 134 11.5758
2958.5 126 11.225
2959.5 99 9.94987
2960.5 127 11.2694
2961.5 113 10.6301
2962.5 125 11.1803
2963.5 135 11.619
2964.5 121 11
2965.5 108 10.3923
2966.5 131 11.4455
2967.5 122 11.0454
2968.5 113 10.6301
2969.5 100 10
2970.5 127 11.2694
2971.5 120 10.9545
2972.5 144 12
2973.5 122 11.0454
2974.5 143 11.9583
2975.5 131 11.4455
2976.5 124 11.1355
2977.5 123 11.0905
2978.5 119 10.9087
2979.5 129 11.3578
2980.5 124 11.1355
2981.5 120 10.9545
2982.5 123 11.0905
2983.5 112 10.583
2984.5 116 10.7703
2985.5 143 11.9583
2986.5 125 11.1803
2987.5 131 11.4455
2988.5 117 10.8167
2989.5 131 11.4455
2990.5 103 10.1489
2991.5 108 10.3923
2992.5 113 10.6301
2993.5 109 10.4403
2994.5 110 10.4881
2995.5 117 10.8167
2996.5 106 10.2956
2997.5 122 11.0454
2998.5 119 10.9087
2999.5 127 11.2694
3000.5 100 10
3001.5 149 12.2066
3002.5 131 11.4455
3003.5 103 10.1489
3004.5 136 11.6619
3005.5 139 11.7898
3006.5 102 10.0995
3007.5 118 10.8628
3008.5 116 10.7703
3009.5 104 10.198
3010.5 118 10.8628
3011.5 111 10.5357
3012.5 106 10.2956
3013.5 113 10.6301
3014.5 125 11.1803
3015.5 118 10.8628
3016.5 121 11
3017.5 105 10.247
3018.5 115 10.7238
3019.5 96 9.79796
3020.5 123 11.0905
3021.5 114 10.6771
3022.5 119 10.9087
3023.5 104 10.198
3024.5 119 10.9087
3025.5 113 10.6301
3026.5 98 9.89949
3027.5 126 11.225
3028.5 108 10.3923
3029.5 126 11.225
3030.5 145 12.0416
3031.5 98 9.89949
3032.5 126 11.225
3033.5 129 11.3578
3034.5 116 10.7703
3035.5 124 11.1355
3036.5 113 10.6301
3037.5 121 11
3038.5 102 10.0995
3039.5 110 10.4881
3040.5 123 11.0905
3041.5 142 11.9164
3042.5 120 10.9545
3043.5 110 10.4881
3044.5 123 11.0905
3045.5 107 10.3441
3046.5 118 10.8628
3047.5 104 10.198
3048.5 119 10.9087
3049.5 132 11.4891
3050.5 116 10.7703
3051.5 129 11.3578
3052.5 112 10.583
3053.5 116 10.7703
3054.5 127 11.2694
3055.5 114 10.6771
3056.5 117 10.8167
3057.5 102 10.0995
3058.5 126 11.225
3059.5 127 11.2694
3060.5 130 11.4018
3061.5 97 9.84886
3062.5 129 11.3578
3063.5 127 11.2694
3064.5 116 10.7703
3065.5 137 11.7047
3066.5 130 11.4018
3067.5 98 9.89949
3068.5 120 10.9545
3069.5 101 10.0499
3070.5 104 10.198
3071.5 110 10.4881
3072.5 102 10.0995
3073.5 104 10.198
3074.5 115 10.7238
3075.5 116 10.7703
3076.5 119 10.9087
3077.5 129 11.3578
3078.5 114 10.6771
3079.5 137 11.7047
3080.5 107 10.3441
3081.5 95 9.74679
3082.5 124 11.1355
3083.5 117 10.8167
3084.5 118 10.8628
3085.5 123 11.0905
3086.5 122 11.0454
3087.5 94 9.69536
3088.5 125 11.1803
3089.5 110 10.4881
3090.5 119 10.9087
3091.5 103 10.1489
3092.5 119 10.9087
3093.5 126 11.225
3094.5 119 10.9087
3095.5 134 11.5758
3096.5 111 10.5357
3097.5 122 11.0454
3098.5 139 11.7898
3099.5 104 10.198
3100.5 102 10.0995
3101.5 121 11
3102.5 111 10.5357
3103.5 126 11.225
3104.5 120 10.9545
3105.5 91 9.53939
3106.5 109 10.4403
3107.5 122 11.0454
3108.5 122 11.0454
3109.5 116 10.7703
3110.5 102 10.0995
3111.5 113 10.6301
3112.5 117 10.8167
3113.5 103 10.1489
3114.5 125 11.1803
3115.5 98 9.89949
3116.5 119 10.9087
3117.5 119 10.9087
3118.5 132 11.4891
3119.5 101 10.0499
3120.5 132 11.4891
3121.5 110 10.4881
3122.5 134 11.5758
3123.5 135 11.619
3124.5 122 11.0454
3125.5 121 11
3126.5 123 11.0905
3127.5 115 10.7238
3128.5 124 11.1355
3129.5 125 11.1803
3130.5 131 11.4455
3131.5 116 10.7703
3132.5 129 11.3578
3133.5 113 10.6301
3134.5 149 12.2066
3135.5 160 12.6491
3136.5 152 12.3288
3137.5 145 12.0416
3138.5 114 10.6771
3139.5 147 12.1244
3140.5 157 12.53
3141.5 160 12.6491
3142.5 173 13.1529
3143.5 159 12.6095
3144.5 224 14.9666
3145.5 232 15.2315
3146.5 241 15.5242
3147.5 276 16.6132
3148.5 325 18.0278
3149.5 355 18.8414
3150.5 412 20.2978
3151.5 414 20.347
3152.5 490 22.1359
3153.5 564 23.7487
3154.5 629 25.0799
3155.5 639 25.2784
3156.5 771 27.7669
3157.5 829 28.7924
3158.5 897 29.95
3159.5 968 31.1127
3160.5 995 31.5436
3161.5 1069 32.6956
3162.5 1122 33.4963
3163.5 1142 33.7935
3164.5 1122 33.4963
3165.5 1123 33.5112
3166.5 1193 34.5398
3167.5 1120 33.4664
3168.5 1137 33.7194
3169.5 1057 32.5115
3170.5 1012 31.8119
3171.5 922 30.3645
3172.5 920 30.3315
3173.5 773 27.8029
3174.5 819 28.6182
3175.5 755 27.4773
3176.5 704 26.533
3177.5 611 24.7184
3178.5 616 24.8193
3179.5 574 23.9583
3180.5 527 22.9565
3181.5 475 21.7945
3182.5 470 21.6795
3183.5 452 21.2603
3184.5 445 21.095
3185.5 347 18.6279
3186.5 391 19.7737
3187.5 398 19.9499
3188.5 384 19.5959
3189.5 337 18.3576
3190.5 320 17.8885
3191.5 335 18.303
3192.5 285 16.8819
3193.5 289 17
3194.5 253 15.906
3195.5 287 16.9411
3196.5 231 15.1987
3197.5 192 13.8564
3198.5 187 13.6748
3199.5 196 14
3200.5 176 13.2665
3201.5 210 14.4914
3202.5 178 13.3417
3203.5 168 12.9615
3204.5 158 12.5698
3205.5 164 12.8062
3206.5 155 12.4499
3207.5 148 12.1655
3208.5 146 12.083
3209.5 172 13.1149
3210.5 152 12.3288
3211.5 157 12.53
3212.5 173 13.1529
3213.5 155 12.4499
3214.5 162 12.7279
3215.5 152 12.3288
3216.5 133 11.5326
3217.5 181 13.4536
3218.5 174 13.1909
3219.5 163 12.7671
3220.5 167 12.9228
3221.5 134 11.5758
3222.5 147 12.1244
3223.5 178 13.3417
3224.5 160 12.6491
3225.5 189 13.7477
3226.5 161 12.6886
3227.5 160 12.6491
3228.5 178 13.3417
3229.5 174 13.1909
3230.5 147 12.1244
3231.5 156 12.49
3232.5 169 13
3233.5 133 11.5326
3234.5 158 12.5698
3235.5 174 13.1909
3236.5 144 12
3237.5 149 12.2066
3238.5 149 12.2066
3239.5 177 13.3041
3240.5 140 11.8322
3241.5 155 12.4499
3242.5 193 13.8924
3243.5 164 12.8062
3244.5 171 13.0767
3245.5 195 13.9642
3246.5 189 13.7477
3247.5 199 14.1067
3248.5 203 14.2478
3249.5 181 13.4536
3250.5 204 14.2829
3251.5 223 14.9332
3252.5 201 14.1774
3253.5 238 15.4272
3254.5 236 15.3623
3255.5 246 15.6844
3256.5 261 16.1555
3257.5 259 16.0935
3258.5 312 17.6635
3259.5 328 18.1108
3260.5 345 18.5742
3261.5 338 18.3848
3262.5 424 20.5913
3263.5 486 22.0454
3264.5 555 23.5584
3265.5 667 25.8263
3266.5 738 27.1662
3267.5 838 28.9482
3268.5 1038 32.218
3269.5 1253 35.3977
3270.5 1484 38.5227
3271.5 1657 40.7063
3272.5 2021 44.9555
3273.5 2236 47.2864
3274.5 2605 51.0392
3275.5 2962 54.4243
3276.5 3334 57.7408
3277.5 3720 60.9918
3278.5 4119 64.1794
3279.5 4326 65.7723
3280.5 4585 67.7126
3281.5 4986 70.6116
3282.5 5307 72.8492
3283.5 5319 72.9315
3284.5 5639 75.0933
3285.5 5663 75.2529
3286.5 5833 76.3741
3287.5 5857 76.531
3288.5 5833 76.3741
3289.5 5673 75.3193
3290.5 5632 75.0467
3291.5 5524 74.3236
3292.5 4976 70.5408
3293.5 4985 70.6045
3294.5 4606 67.8675
3295.5 4446 66.6783
3296.5 4206 64.8537
3297.5 3834 61.9193
3298.5 3632 60.2661
3299.5 3307 57.5065
3300.5 3175 56.3471
3301.5 2910 53.9444
3302.5 2736 52.3068
3303.5 2543 50.4282
3304.5 2309 48.0521
3305.5 2128 46.1303
3306.5 1968 44.3621
3307.5 1898 43.566
3308.5 1655 40.6817
3309.5 1439 37.9342
3310.5 1234 35.1283
3311.5 1155 33.9853
3312.5 1033 32.1403
3313.5 946 30.7571
3314.5 824 28.7054
3315.5 726 26.9444
3316.5 663 25.7488
3317.5 587 24.2281
3318.5 529 23
3319.5 430 20.7364
3320.5 425 20.6155
3321.5 378 19.4422
3322.5 330 18.1659
3323.5 312 17.6635
3324.5 295 17.1756
3325.5 287 16.9411
3326.5 291 17.0587
3327.5 304 17.4356
3328.5 290 17.0294
3329.5 254 15.9374
3330.5 293 17.1172
3331.5 283 16.8226
3332.5 263 16.2173
3333.5 287 16.9411
3334.5 261 16.1555
3335.5 280 16.7332
3336.5 280 16.7332
3337.5 285 16.8819
3338.5 285 16.8819
3339.5 288 16.9706
3340.5 286 16.9115
3341.5 294 17.1464
3342.5 264 16.2481
3343.5 267 16.3401
3344.5 230 15.1658
3345.5 266 16.3095
3346.5 237 15.3948
3347.5 223 14.9332
3348.5 202 14.2127
3349.5 241 15.5242
3350.5 182 13.4907
3351.5 187 13.6748
3352.5 210 14.4914
3353.5 193 13.8924
3354.5 167 12.9228
3355.5 182 13.4907
3356.5 191 13.8203
3357.5 178 13.3417
3358.5 164 12.8062
3359.5 151 12.2882
3360.5 172 13.1149
3361.5 189 13.7477
3362.5 148 12.1655
3363.5 157 12.53
3364.5 154 12.4097
3365.5 152 12.3288
3366.5 144 12
3367.5 140 11.8322
3368.5 136 11.6619
3369.5 137 11.7047
3370.5 149 12.2066
3371.5 156 12.49
3372.5 149 12.2066
3373.5 133 11.5326
3374.5 129 11.3578
3375.5 139 11.7898
3376.5 142 11.9164
3377.5 134 11.5758
3378.5 123 11.0905
3379.5 112 10.583
3380.5 130 11.4018
3381.5 110 10.4881
3382.5 102 10.0995
3383.5 108 10.3923
3384.5 96 9.79796
3385.5 134 11.5758
3386.5 122 11.0454
3387.5 107 10.3441
3388.5 96 9.79796
3389.5 103 10.1489
3390.5 129 11.3578
3391.5 95 9.74679
3392.5 101 10.0499
3393.5 97 9.84886
3394.5 97 9.84886
3395.5 88 9.38083
3396.5 78 8.83176
3397.5 112 10.583
3398.5 90 9.48683
3399.5 87 9.32738
3400.5 86 9.27362
3401.5 84 9.16515
3402.5 106 10.2956
3403.5 86 9.27362
3404.5 85 9.21954
3405.5 95 9.74679
3406.5 79 8.88819
3407.5 64 8
3408.5 79 8.88819
3409.5 72 8.48528
3410.5 77 8.77496
3411.5 74 8.60233
3412.5 71 8.42615
3413.5 69 8.30662
3414.5 73 8.544
3415.5 74 8.60233
3416.5 78 8.83176
3417.5 71 8.42615
3418.5 91 9.53939
3419.5 76 8.7178
3420.5 71 8.42615
3421.5 77 8.77496
3422.5 60 7.74597
3423.5 86 9.27362
3424.5 85 9.21954
3425.5 73 8.544
3426.5 78 8.83176
3427.5 61 7.81025
3428.5 74 8.60233
3429.5 75 8.66025
3430.5 80 8.94427
3431.5 69 8.30662
3432.5 77 8.77496
3433.5 66 8.12404
3434.5 88 9.38083
3435.5 74 8.60233
3436.5 62 7.87401
3437.5 74 8.60233
3438.5 72 8.48528
3439.5 79 8.88819
3440.5 57 7.54983
3441.5 66 8.12404
3442.5 68 8.24621
3443.5 74 8.60233
3444.5 85 9.21954
3445.5 79 8.88819
3446.5 66 8.12404
3447.5 72 8.48528
3448.5 88 9.38083
3449.5 82 9.05539
3450.5 79 8.88819
3451.5 93 9.64365
3452.5 75 8.66025
3453.5 55 7.4162
3454.5 63 7.93725
3455.5 76 8.7178
3456.5 80 8.94427
3457.5 91 9.53939
3458.5 64 8
3459.5 76 8.7178
3460.5 63 7.93725
3461.5 83 9.11043
3462.5 64 8
3463.5 77 8.77496
3464.5 96 9.79796
3465.5 103 10.1489
3466.5 61 7.81025
3467.5 76 8.7178
3468.5 79 8.88819
3469.5 80 8.94427
3470.5 77 8.77496
3471.5 74 8.60233
3472.5 59 7.68115
3473.5 72 8.48528
3474.5 70 8.3666
3475.5 85 9.21954
3476.5 77 8.77496
3477.5 60 7.74597
3478.5 79 8.88819
3479.5 71 8.42615
3480.5 70 8.3666
3481.5 68 8.24621
3482.5 77 8.77496
3483.5 70 8.3666
3484.5 68 8.24621
3485.5 72 8.48528
3486.5 57 7.54983
3487.5 71 8.42615
3488.5 71 8.42615
3489.5 76 8.7178
3490.5 64 8
3491.5 67 8.18535
3492.5 79 8.88819
3493.5 51 7.14143
3494.5 60 7.74597
3495.5 67 8.18535
3496.5 55 7.4162
3497.5 62 7.87401
3498.5 74 8.60233
3499.5 62 7.87401
3500.5 68 8.24621
3501.5 56 7.48331
3502.5 67 8.18535
3503.5 64 8
3504.5 61 7.81025
3505.5 44 6.63325
3506.5 66 8.12404
3507.5 46 6.78233
3508.5 50 7.07107
3509.5 69 8.30662
3510.5 62 7.87401
3511.5 60 7.74597
3512.5 69 8.30662
3513.5 48 6.9282
3514.5 73 8.544
3515.5 71 8.42615
3516.5 50 7.07107
3517.5 60 7.74597
3518.5 59 7.68115
3519.5 54 7.34847
3520.5 62 7.87401
3521.5 62 7.87401
3522.5 66 8.12404
3523.5 50 7.07107
3524.5 62 7.87401
3525.5 65 8.06226
3526.5 48 6.9282
3527.5 59 7.68115
3528.5 57 7.54983
3529.5 62 7.87401
3530.5 57 7.54983
3531.5 66 8.12404
3532.5 53 7.28011
3533.5 56 7.48331
3534.5 65 8.06226
3535.5 59 7.68115
3536.5 61 7.81025
3537.5 55 7.4162
3538.5 47 6.85565
3539.5 71 8.42615
3540.5 64 8
3541.5 61 7.81025
3542.5 61 7.81025
3543.5 62 7.87401
3544.5 58 7.61577
3545.5 68 8.24621
3546.5 59 7.68115
3547.5 52 7.2111
3548.5 67 8.18535
3549.5 66 8.12404
3550.5 55 7.4162
3551.5 58 7.61577
3552.5 56 7.48331
3553.5 57 7.54983
3554.5 58 7.61577
3555.5 49 7
3556.5 64 8
3557.5 58 7.61577
3558.5 42 6.48074
3559.5 46 6.78233
3560.5 65 8.06226
3561.5 70 8.3666
3562.5 61 7.81025
3563.5 56 7.48331
3564.5 65 8.06226
3565.5 53 7.28011
3566.5 49 7
3567.5 60 7.74597
3568.5 59 7.68115
3569.5 79 8.88819
3570.5 68 8.24621
3571.5 68 8.24621
3572.5 71 8.42615
3573.5 58 7.61577
3574.5 51 7.14143
3575.5 65 8.06226
3576.5 47 6.85565
3577.5 44 6.63325
3578.5 77 8.77496
3579.5 62 7.87401
3580.5 57 7.54983
3581.5 57 7.54983
3582.5 60 7.74597
3583.5 53 7.28011
3584.5 79 8.88819
3585.5 62 7.87401
3586.5 57 7.54983
3587.5 62 7.87401
3588.5 72 8.48528
3589.5 44 6.63325
3590.5 51 7.14143
3591.5 72 8.48528
3592.5 73 8.544
3593.5 55 7.4162
3594.5 56 7.48331
3595.5 60 7.74597
3596.5 61 7.81025
3597.5 68 8.24621
3598.5 56 7.48331
3599.5 61 7.81025
3600.5 64 8
3601.5 57 7.54983
3602.5 66 8.12404
3603.5 66 8.12404
3604.5 57 7.54983
3605.5 74 8.60233
3606.5 68 8.24621
3607.5 62 7.87401
3608.5 57 7.54983
3609.5 50 7.07107
3610.5 75 8.66025
3611.5 69 8.30662
3612.5 65 8.06226
3613.5 52 7.2111
3614.5 54 7.34847
3615.5 56 7.48331
3616.5 68 8.24621
3617.5 52 7.2111
3618.5 55 7.4162
3619.5 56 7.48331
3620.5 55 7.4162
3621.5 62 7.87401
3622.5 62 7.87401
3623.5 74 8.60233
3624.5 46 6.78233
3625.5 73 8.544
3626.5 44 6.63325
3627.5 86 9.27362
3628.5 62 7.87401
3629.5 57 7.54983
3630.5 57 7.54983
3631.5 71 8.42615
3632.5 50 7.07107
3633.5 64 8
3634.5 79 8.88819
3635.5 59 7.68115
3636.5 73 8.544
3637.5 55 7.4162
3638.5 62 7.87401
3639.5 54 7.34847
3640.5 52 7.2111
3641.5 59 7.68115
3642.5 65 8.06226
3643.5 78 8.83176
3644.5 49 7
3645.5 64 8
3646.5 57 7.54983
3647.5 60 7.74597
3648.5 51 7.14143
3649.5 44 6.63325
3650.5 68 8.24621
3651.5 49 7
3652.5 60 7.74597
3653.5 62 7.87401
3654.5 56 7.48331
3655.5 58 7.61577
3656.5 67 8.18535
3657.5 61 7.81025
3658.5 53 7.28011
3659.5 64 8
3660.5 74 8.60233
3661.5 72 8.48528
3662.5 60 7.74597
3663.5 59 7.68115
3664.5 55 7.4162
3665.5 66 8.12404
3666.5 59 7.68115
3667.5 55 7.4162
3668.5 70 8.3666
3669.5 73 8.544
3670.5 49 7
3671.5 70 8.3666
3672.5 54 7.34847
3673.5 70 8.3666
3674.5 55 7.4162
3675.5 60 7.74597
3676.5 62 7.87401
3677.5 61 7.81025
3678.5 55 7.4162
3679.5 57 7.54983
3680.5 57 7.54983
3681.5 50 7.07107
3682.5 59 7.68115
3683.5 66 8.12404
3684.5 57 7.54983
3685.5 56 7.48331
3686.5 66 8.12404
3687.5 65 8.06226
3688.5 51 7.14143
3689.5 62 7.87401
3690.5 63 7.93725
3691.5 68 8.24621
3692.5 51 7.14143
3693.5 60 7.74597
3694.5 55 7.4162
3695.5 49 7
3696.5 53 7.28011
3697.5 44 6.63325
3698.5 58 7.61577
3699.5 56 7.48331
3700.5 69 8.30662
3701.5 64 8
3702.5 73 8.544
3703.5 64 8
3704.5 53 7.28011
3705.5 50 7.07107
3706.5 60 7.74597
3707.5 45 6.7082
3708.5 61 7.81025
3709.5 56 7.48331
3710.5 58 7.61577
3711.5 55 7.4162
3712.5 49 7
3713.5 60 7.74597
3714.5 55 7.4162
3715.5 59 7.68115
3716.5 60 7.74597
3717.5 77 8.77496
3718.5 55 7.4162
3719.5 51 7.14143
3720.5 66 8.12404
3721.5 70 8.3666
3722.5 52 7.2111
3723.5 60 7.74597
3724.5 60 7.74597
3725.5 54 7.34847
3726.5 47 6.85565
3727.5 57 7.54983
3728.5 57 7.54983
3729.5 61 7.81025
3730.5 54 7.34847
3731.5 71 8.42615
3732.5 67 8.18535
3733.5 58 7.61577
3734.5 63 7.93725
3735.5 57 7.54983
3736.5 37 6.08276
3737.5 71 8.42615
3738.5 47 6.85565
3739.5 60 7.74597
3740.5 70 8.3666
3741.5 55 7.4162
3742.5 67 8.18535
3743.5 65 8.06226
3744.5 57 7.54983
3745.5 75 8.66025
3746.5 54 7.34847
3747.5 69 8.30662
3748.5 64 8
3749.5 58 7.61577
3750.5 70 8.3666
3751.5 55 7.4162
3752.5 49 7
3753.5 62 7.87401
3754.5 56 7.48331
3755.5 53 7.28011
3756.5 59 7.68115
3757.5 70 8.3666
3758.5 54 7.34847
3759.5 55 7.4162
3760.5 65 8.06226
3761.5 58 7.61577
3762.5 54 7.34847
3763.5 68 8.24621
3764.5 48 6.9282
3765.5 55 7.4162
3766.5 66 8.12404
3767.5 59 7.68115
3768.5 49 7
3769.5 70 8.3666
3770.5 69 8.30662
3771.5 52 7.2111
3772.5 65 8.06226
3773.5 63 7.93725
3774.5 62 7.87401
3775.5 45 6.7082
3776.5 55 7.4162
3777.5 55 7.4162
3778.5 72 8.48528
3779.5 62 7.87401
3780.5 61 7.81025
3781.5 62 7.87401
3782.5 49 7
3783.5 56 7.48331
3784.5 53 7.28011
3785.5 58 7.61577
3786.5 62 7.87401
3787.5 64 8
3788.5 62 7.87401
3789.5 48 6.9282
3790.5 55 7.4162
3791.5 57 7.54983
3792.5 63 7.93725
3793.5 49 7
3794.5 67 8.18535
3795.5 59 7.68115
3796.5 69 8.30662
3797.5 52 7.2111
3798.5 54 7.34847
3799.5 57 7.54983
3800.5 56 7.48331
3801.5 69 8.30662
3802.5 45 6.7082
3803.5 40 6.32456
3804.5 51 7.14143
3805.5 50 7.07107
3806.5 48 6.9282
3807.5 57 7.54983
3808.5 66 8.12404
3809.5 60 7.74597
3810.5 63 7.93725
3811.5 69 8.30662
3812.5 68 8.24621
3813.5 56 7.48331
3814.5 51 7.14143
3815.5 56 7.48331
3816.5 50 7.07107
3817.5 61 7.81025
3818.5 46 6.78233
3819.5 60 7.74597
3820.5 58 7.61577
3821.5 61 7.81025
3822.5 66 8.12404
3823.5 67 8.18535
3824.5 55 7.4162
3825.5 63 7.93725
3826.5 61 7.81025
3827.5 56 7.48331
3828.5 54 7.34847
3829.5 56 7.48331
3830.5 52 7.2111
3831.5 63 7.93725
3832.5 63 7.93725
3833.5 69 8.30662
3834.5 66 8.12404
3835.5 68 8.24621
3836.5 65 8.06226
3837.5 61 7.81025
3838.5 63 7.93725
3839.5 48 6.9282
3840.5 67 8.18535
3841.5 58 7.61577
3842.5 65 8.06226
3843.5 61 7.81025
3844.5 77 8.77496
3845.5 61 7.81025
3846.5 68 8.24621
3847.5 53 7.28011
3848.5 71 8.42615
3849.5 61 7.81025
3850.5 52 7.2111
3851.5 66 8.12404
3852.5 53 7.28011
3853.5 64 8
3854.5 63 7.93725
3855.5 47 6.85565
3856.5 46 6.78233
3857.5 67 8.18535
3858.5 62 7.87401
3859.5 80 8.94427
3860.5 47 6.85565
3861.5 55 7.4162
3862.5 59 7.68115
3863.5 45 6.7082
3864.5 76 8.7178
3865.5 67 8.18535
3866.5 53 7.28011
3867.5 53 7.28011
3868.5 60 7.74597
3869.5 68 8.24621
3870.5 57 7.54983
3871.5 62 7.87401
3872.5 62 7.87401
3873.5 59 7.68115
3874.5 56 7.48331
3875.5 54 7.34847
3876.5 59 7.68115
3877.5 42 6.48074
3878.5 72 8.48528
3879.5 59 7.68115
3880.5 72 8.48528
3881.5 53 7.28011
3882.5 67 8.18535
3883.5 61 7.81025
3884.5 65 8.06226
3885.5 64 8
3886.5 54 7.34847
3887.5 71 8.42615
3888.5 50 7.07107
3889.5 65 8.06226
3890.5 57 7.54983
3891.5 48 6.9282
3892.5 63 7.93725
3893.5 54 7.34847
3894.5 54 7.34847
3895.5 62 7.87401
3896.5 59 7.68115
3897.5 70 8.3666
3898.5 56 7.48331
3899.5 56 7.48331
3900.5 56 7.48331
3901.5 70 8.3666
3902.5 58 7.61577
3903.5 58 7.61577
3904.5 49 7
3905.5 59 7.68115
3906.5 55 7.4162
3907.5 57 7.54983
3908.5 52 7.2111
3909.5 46 6.78233
3910.5 53 7.28011
3911.5 62 7.87401
3912.5 57 7.54983
3913.5 66 8.12404
3914.5 57 7.54983
3915.5 53 7.28011
3916.5 65 8.06226
3917.5 54 7.34847
3918.5 63 7.93725
3919.5 49 7
3920.5 58 7.61577
3921.5 44 6.63325
3922.5 65 8.06226
3923.5 54 7.34847
3924.5 68 8.24621
3925.5 52 7.2111
3926.5 68 8.24621
3927.5 58 7.61577
3928.5 50 7.07107
3929.5 55 7.4162
3930.5 72 8.48528
3931.5 61 7.81025
3932.5 75 8.66025
3933.5 59 7.68115
3934.5 64 8
3935.5 54 7.34847
3936.5 57 7.54983
3937.5 55 7.4162
3938.5 64 8
3939.5 62 7.87401
3940.5 50 7.07107
3941.5 55 7.4162
3942.5 59 7.68115
3943.5 55 7.4162
3944.5 63 7.93725
3945.5 58 7.61577
3946.5 50 7.07107
3947.5 48 6.9282
3948.5 55 7.4162
3949.5 40 6.32456
3950.5 56 7.48331
3951.5 57 7.54983
3952.5 66 8.12404
3953.5 52 7.2111
3954.5 56 7.48331
3955.5 51 7.14143
3956.5 64 8
3957.5 62 7.87401
3958.5 63 7.93725
3959.5 68 8.24621
3960.5 52 7.2111
3961.5 57 7.54983
3962.5 55 7.4162
3963.5 52 7.2111
3964.5 65 8.06226
3965.5 55 7.4162
3966.5 52 7.2111
3967.5 61 7.81025
3968.5 44 6.63325
3969.5 55 7.4162
3970.5 67 8.18535
3971.5 53 7.28011
3972.5 49 7
3973.5 40 6.32456
3974.5 84 9.16515
3975.5 69 8.30662
3976.5 60 7.74597
3977.5 59 7.68115
3978.5 53 7.28011
3979.5 49 7
3980.5 58 7.61577
3981.5 58 7.61577
3982.5 60 7.74597
3983.5 59 7.68115
3984.5 56 7.48331
3985.5 56 7.48331
3986.5 63 7.93725
3987.5 51 7.14143
3988.5 54 7.34847
3989.5 64 8
3990.5 59 7.68115
3991.5 75 8.66025
3992.5 70 8.3666
3993.5 37 6.08276
3994.5 55 7.4162
3995.5 57 7.54983
3996.5 64 8
3997.5 74 8.60233
3998.5 65 8.06226
3999.5 57 7.54983
4000.5 49 7
4001.5 57 7.54983
4002.5 59 7.68115
4003.5 55 7.4162
4004.5 42 6.48074
4005.5 58 7.61577
4006.5 55 7.4162
4007.5 57 7.54983
4008.5 55 7.4162
4009.5 40 6.32456
4010.5 52 7.2111
4011.5 43 6.55744
4012.5 56 7.48331
4013.5 61 7.81025
4014.5 46 6.78233
4015.5 52 7.2111
4016.5 71 8.42615
4017.5 43 6.55744
4018.5 57 7.54983
4019.5 47 6.85565
4020.5 61 7.81025
4021.5 58 7.61577
4022.5 57 7.54983
4023.5 53 7.28011
4024.5 57 7.54983
4025.5 63 7.93725
4026.5 60 7.74597
4027.5 58 7.61577
4028.5 56 7.48331
4029.5 73 8.544
4030.5 59 7.68115
4031.5 54 7.34847
4032.5 58 7.61577
4033.5 61 7.81025
4034.5 53 7.28011
4035.5 56 7.48331
4036.5 56 7.48331
4037.5 49 7
4038.5 61 7.81025
4039.5 56 7.48331
4040.5 45 6.7082
4041.5 53 7.28011
4042.5 51 7.14143
4043.5 64 8
4044.5 57 7.54983
4045.5 79 8.88819
4046.5 53 7.28011
4047.5 52 7.2111
4048.5 66 8.12404
4049.5 67 8.18535
4050.5 56 7.48331
4051.5 52 7.2111
4052.5 58 7.61577
4053.5 60 7.74597
4054.5 50 7.07107
4055.5 61 7.81025
4056.5 46 6.78233
4057.5 70 8.3666
4058.5 55 7.4162
4059.5 57 7.54983
4060.5 60 7.74597
4061.5 42 6.48074
4062.5 59 7.68115
4063.5 64 8
4064.5 43 6.55744
4065.5 53 7.28011
4066.5 64 8
4067.5 43 6.55744
4068.5 55 7.4162
4069.5 66 8.12404
4070.5 40 6.32456
4071.5 40 6.32456
4072.5 54 7.34847
4073.5 63 7.93725
4074.5 56 7.48331
4075.5 64 8
4076.5 62 7.87401
4077.5 61 7.81025
4078.5 64 8
4079.5 59 7.68115
4080.5 58 7.61577
4081.5 64 8
4082.5 45 6.7082
4083.5 67 8.18535
4084.5 50 7.07107
4085.5 61 7.81025
4086.5 61 7.81025
4087.5 54 7.34847
4088.5 57 7.54983
4089.5 47 6.85565
4090.5 60 7.74597
4091.5 52 7.2111
4092.5 75 8.66025
4093.5 57 7.54983
4094.5 65 8.06226
4095.5 48 6.9282
4096.5 60 7.74597
4097.5 55 7.4162
4098.5 56 7.48331
4099.5 62 7.87401
4100.5 46 6.78233
4101.5 72 8.48528
4102.5 61 7.81025
4103.5 56 7.48331
4104.5 48 6.9282
4105.5 53 7.28011
4106.5 48 6.9282
4107.5 56 7.48331
4108.5 58 7.61577
4109.5 57 7.54983
4110.5 68 8.24621
4111.5 45 6.7082
4112.5 43 6.55744
4113.5 61 7.81025
4114.5 50 7.07107
4115.5 46 6.78233
4116.5 51 7.14143
4117.5 56 7.48331
4118.5 48 6.9282
4119.5 53 7.28011
4120.5 46 6.78233
4121.5 58 7.61577
4122.5 54 7.34847
4123.5 64 8
4124.5 56 7.48331
4125.5 55 7.4162
4126.5 58 7.61577
4127.5 52 7.2111
4128.5 56 7.48331
4129.5 59 7.68115
4130.5 61 7.81025
4131.5 52 7.2111
4132.5 49 7
4133.5 64 8
4134.5 66 8.12404
4135.5 50 7.07107
4136.5 67 8.18535
4137.5 48 6.9282
4138.5 55 7.4162
4139.5 58 7.61577
4140.5 52 7.2111
4141.5 58 7.61577
4142.5 57 7.54983
4143.5 57 7.54983
4144.5 53 7.28011
4145.5 57 7.54983
4146.5 64 8
4147.5 63 7.93725
4148.5 50 7.07107
4149.5 64 8
4150.5 54 7.34847
4151.5 43 6.55744
4152.5 54 7.34847
4153.5 61 7.81025
4154.5 36 6
4155.5 65 8.06226
4156.5 64 8
4157.5 72 8.48528
4158.5 51 7.14143
4159.5 54 7.34847
4160.5 61 7.81025
4161.5 50 7.07107
4162.5 50 7.07107
4163.5 58 7.61577
4164.5 58 7.61577
4165.5 52 7.2111
4166.5 46 6.78233
4167.5 47 6.85565
4168.5 54 7.34847
4169.5 61 7.81025
4170.5 52 7.2111
4171.5 45 6.7082
4172.5 61 7.81025
4173.5 60 7.74597
4174.5 49 7
4175.5 64 8
4176.5 44 6.63325
4177.5 48 6.9282
4178.5 47 6.85565
4179.5 64 8
4180.5 67 8.18535
4181.5 51 7.14143
4182.5 51 7.14143
4183.5 54 7.34847
4184.5 64 8
4185.5 53 7.28011
4186.5 55 7.4162
4187.5 50 7.07107
4188.5 59 7.68115
4189.5 65 8.06226
4190.5 48 6.9282
4191.5 57 7.54983
4192.5 63 7.93725
4193.5 42 6.48074
4194.5 64 8
4195.5 55 7.4162
4196.5 72 8.48528
4197.5 63 7.93725
4198.5 50 7.07107
4199.5 55 7.4162
4200.5 72 8.48528
4201.5 64 8
4202.5 47 6.85565
4203.5 50 7.07107
4204.5 72 8.48528
4205.5 64 8
4206.5 59 7.68115
4207.5 63 7.93725
4208.5 61 7.81025
4209.5 49 7
4210.5 54 7.34847
4211.5 64 8
4212.5 56 7.48331
4213.5 49 7
4214.5 41 6.40312
4215.5 54 7.34847
4216.5 80 8.94427
4217.5 46 6.78233
4218.5 38 6.16441
4219.5 73 8.544
4220.5 61 7.81025
4221.5 59 7.68115
4222.5 42 6.48074
4223.5 57 7.54983
4224.5 66 8.12404
4225.5 54 7.34847
4226.5 60 7.74597
4227.5 52 7.2111
4228.5 58 7.61577
4229.5 54 7.34847
4230.5 45 6.7082
4231.5 63 7.93725
4232.5 56 7.48331
4233.5 55 7.4162
4234.5 53 7.28011
4235.5 55 7.4162
4236.5 53 7.28011
4237.5 41 6.40312
4238.5 57 7.54983
4239.5 53 7.28011
4240.5 58 7.61577
4241.5 59 7.68115
4242.5 47 6.85565
4243.5 54 7.34847
4244.5 44 6.63325
4245.5 57 7.54983
4246.5 66 8.12404
4247.5 46 6.78233
4248.5 70 8.3666
4249.5 56 7.48331
4250.5 54 7.34847
4251.5 62 7.87401
4252.5 45 6.7082
4253.5 56 7.48331
4254.5 53 7.28011
4255.5 62 7.87401
4256.5 44 6.63325
4257.5 53 7.28011
4258.5 53 7.28011
4259.5 60 7.74597
4260.5 60 7.74597
4261.5 46 6.78233
4262.5 58 7.61577
4263.5 63 7.93725
4264.5 42 6.48074
4265.5 64 8
4266.5 43 6.55744
4267.5 56 7.48331
4268.5 64 8
4269.5 63 7.93725
4270.5 54 7.34847
4271.5 71 8.42615
4272.5 57 7.54983
4273.5 60 7.74597
4274.5 61 7.81025
4275.5 49 7
4276.5 66 8.12404
4277.5 51 7.14143
4278.5 67 8.18535
4279.5 56 7.48331
4280.5 43 6.55744
4281.5 43 6.55744
4282.5 56 7.48331
4283.5 72 8.48528
4284.5 50 7.07107
4285.5 47 6.85565
4286.5 47 6.85565
4287.5 52 7.2111
4288.5 68 8.24621
4289.5 53 7.28011
4290.5 50 7.07107
4291.5 48 6.9282
4292.5 61 7.81025
4293.5 54 7.34847
4294.5 50 7.07107
4295.5 50 7.07107
4296.5 52 7.2111
4297.5 60 7.74597
4298.5 52 7.2111
4299.5 47 6.85565
4300.5 58 7.61577
4301.5 49 7
4302.5 55 7.4162
4303.5 51 7.14143
4304.5 59 7.68115
4305.5 57 7.54983
4306.5 67 8.18535
4307.5 49 7
4308.5 51 7.14143
4309.5 55 7.4162
4310.5 42 6.48074
4311.5 54 7.34847
4312.5 53 7.28011
4313.5 65 8.06226
4314.5 48 6.9282
4315.5 55 7.4162
4316.5 52 7.2111
4317.5 52 7.2111
4318.5 53 7.28011
4319.5 46 6.78233
4320.5 60 7.74597
4321.5 51 7.14143
4322.5 70 8.3666
4323.5 67 8.18535
4324.5 56 7.48331
4325.5 51 7.14143
4326.5 55 7.4162
4327.5 53 7.28011
4328.5 46 6.78233
4329.5 49 7
4330.5 47 6.85565
4331.5 49 7
4332.5 43 6.55744
4333.5 50 7.07107
4334.5 56 7.48331
4335.5 51 7.14143
4336.5 56 7.48331
4337.5 51 7.14143
4338.5 64 8
4339.5 52 7.2111
4340.5 67 8.18535
4341.5 50 7.07107
4342.5 67 8.18535
4343.5 48 6.9282
4344.5 50 7.07107
4345.5 73 8.544
4346.5 48 6.9282
4347.5 61 7.81025
4348.5 60 7.74597
4349.5 53 7.28011
4350.5 55 7.4162
4351.5 56 7.48331
4352.5 44 6.63325
4353.5 50 7.07107
4354.5 59 7.68115
4355.5 50 7.07107
4356.5 39 6.245
4357.5 38 6.16441
4358.5 73 8.544
4359.5 56 7.48331
4360.5 47 6.85565
4361.5 39 6.245
4362.5 50 7.07107
4363.5 49 7
4364.5 55 7.4162
4365.5 47 6.85565
4366.5 50 7.07107
4367.5 50 7.07107
4368.5 69 8.30662
4369.5 52 7.2111
4370.5 56 7.48331
4371.5 48 6.9282
4372.5 56 7.48331
4373.5 53 7.28011
4374.5 57 7.54983
4375.5 44 6.63325
4376.5 59 7.68115
4377.5 47 6.85565
4378.5 55 7.4162
4379.5 45 6.7082
4380.5 49 7
4381.5 52 7.2111
4382.5 60 7.74597
4383.5 40 6.32456
4384.5 55 7.4162
4385.5 70 8.3666
4386.5 51 7.14143
4387.5 57 7.54983
4388.5 36 6
4389.5 48 6.9282
4390.5 44 6.63325
4391.5 56 7.48331
4392.5 42 6.48074
4393.5 60 7.74597
4394.5 47 6.85565
4395.5 40 6.32456
4396.5 51 7.14143
4397.5 48 6.9282
4398.5 63 7.93725
4399.5 49 7
4400.5 62 7.87401
4401.5 38 6.16441
4402.5 52 7.2111
4403.5 55 7.4162
4404.5 51 7.14143
4405.5 50 7.07107
4406.5 56 7.48331
4407.5 63 7.93725
4408.5 55 7.4162
4409.5 62 7.87401
4410.5 62 7.87401
4411.5 62 7.87401
4412.5 66 8.12404
4413.5 67 8.18535
4414.5 45 6.7082
4415.5 51 7.14143
4416.5 50 7.07107
4417.5 71 8.42615
4418.5 49 7
4419.5 58 7.61577
4420.5 62 7.87401
4421.5 75 8.66025
4422.5 39 6.245
4423.5 48 6.9282
4424.5 52 7.2111
4425.5 48 6.9282
4426.5 53 7.28011
4427.5 56 7.48331
4428.5 52 7.2111
4429.5 44 6.63325
4430.5 50 7.07107
4431.5 58 7.61577
4432.5 46 6.78233
4433.5 65 8.06226
4434.5 50 7.07107
4435.5 49 7
4436.5 61 7.81025
4437.5 63 7.93725
4438.5 45 6.7082
4439.5 46 6.78233
4440.5 53 7.28011
4441.5 59 7.68115
4442.5 61 7.81025
4443.5 52 7.2111
4444.5 56 7.48331
4445.5 51 7.14143
4446.5 64 8
4447.5 47 6.85565
4448.5 57 7.54983
4449.5 52 7.2111
4450.5 40 6.32456
4451.5 50 7.07107
4452.5 50 7.07107
4453.5 50 7.07107
4454.5 53 7.28011
4455.5 64 8
4456.5 54 7.34847
4457.5 52 7.2111
4458.5 52 7.2111
4459.5 56 7.48331
4460.5 51 7.14143
4461.5 55 7.4162
4462.5 41 6.40312
4463.5 54 7.34847
4464.5 62 7.87401
4465.5 52 7.2111
4466.5 59 7.68115
4467.5 51 7.14143
4468.5 38 6.16441
4469.5 58 7.61577
4470.5 59 7.68115
4471.5 45 6.7082
4472.5 48 6.9282
4473.5 45 6.7082
4474.5 42 6.48074
4475.5 42 6.48074
4476.5 55 7.4162
4477.5 55 7.4162
4478.5 63 7.93725
4479.5 48 6.9282
4480.5 56 7.48331
4481.5 57 7.54983
4482.5 65 8.06226
4483.5 30 5.47723
4484.5 51 7.14143
4485.5 62 7.87401
4486.5 61 7.81025
4487.5 56 7.48331
4488.5 55 7.4162
4489.5 65 8.06226
4490.5 67 8.18535
4491.5 50 7.07107
4492.5 42 6.48074
4493.5 59 7.68115
4494.5 50 7.07107
4495.5 52 7.2111
4496.5 50 7.07107
4497.5 48 6.9282
4498.5 63 7.93725
4499.5 35 5.91608
4500.5 46 6.78233
4501.5 52 7.2111
4502.5 48 6.9282
4503.5 52 7.2111
4504.5 54 7.34847
4505.5 62 7.87401
4506.5 54 7.34847
4507.5 46 6.78233
4508.5 50 7.07107
4509.5 45 6.7082
4510.5 69 8.30662
4511.5 56 7.48331
4512.5 53 7.28011
4513.5 48 6.9282
4514.5 53 7.28011
4515.5 52 7.2111
4516.5 46 6.78233
4517.5 58 7.61577
4518.5 64 8
4519.5 47 6.85565
4520.5 58 7.61577
4521.5 58 7.61577
4522.5 54 7.34847
4523.5 64 8
4524.5 50 7.07107
4525.5 43 6.55744
4526.5 65 8.06226
4527.5 49 7
4528.5 66 8.12404
4529.5 62 7.87401
4530.5 59 7.68115
4531.5 49 7
4532.5 61 7.81025
4533.5 68 8.24621
4534.5 49 7
4535.5 60 7.74597
4536.5 47 6.85565
4537.5 67 8.18535
4538.5 46 6.78233
4539.5 43 6.55744
4540.5 43 6.55744
4541.5 45 6.7082
4542.5 59 7.68115
4543.5 45 6.7082
4544.5 54 7.34847
4545.5 50 7.07107
4546.5 73 8.544
4547.5 52 7.2111
4548.5 56 7.48331
4549.5 66 8.12404
4550.5 53 7.28011
4551.5 44 6.63325
4552.5 60 7.74597
4553.5 54 7.34847
4554.5 60 7.74597
4555.5 48 6.9282
4556.5 70 8.3666
4557.5 59 7.68115
4558.5 58 7.61577
4559.5 44 6.63325
4560.5 39 6.245
4561.5 33 5.74456
4562.5 43 6.55744
4563.5 59 7.68115
4564.5 49 7
4565.5 47 6.85565
4566.5 64 8
4567.5 53 7.28011
4568.5 49 7
4569.5 37 6.08276
4570.5 54 7.34847
4571.5 45 6.7082
4572.5 52 7.2111
4573.5 58 7.61577
4574.5 50 7.07107
4575.5 60 7.74597
4576.5 53 7.28011
4577.5 60 7.74597
4578.5 47 6.85565
4579.5 48 6.9282
4580.5 56 7.48331
4581.5 58 7.61577
4582.5 36 6
4583.5 57 7.54983
4584.5 51 7.14143
4585.5 64 8
4586.5 53 7.28011
4587.5 46 6.78233
4588.5 57 7.54983
4589.5 45 6.7082
4590.5 40 6.32456
4591.5 52 7.2111
4592.5 56 7.48331
4593.5 54 7.34847
4594.5 48 6.9282
4595.5 54 7.34847
4596.5 57 7.54983
4597.5 50 7.07107
4598.5 68 8.24621
4599.5 51 7.14143
4600.5 53 7.28011
4601.5 48 6.9282
4602.5 57 7.54983
4603.5 51 7.14143
4604.5 51 7.14143
4605.5 49 7
4606.5 55 7.4162
4607.5 59 7.68115
4608.5 46 6.78233
4609.5 50 7.07107
4610.5 45 6.7082
4611.5 48 6.9282
4612.5 48 6.9282
4613.5 58 7.61577
4614.5 45 6.7082
4615.5 54 7.34847
4616.5 56 7.48331
4617.5 58 7.61577
4618.5 50 7.07107
4619.5 54 7.34847
4620.5 54 7.34847
4621.5 38 6.16441
4622.5 52 7.2111
4623.5 53 7.28011
4624.5 57 7.54983
4625.5 40 6.32456
4626.5 55 7.4162
4627.5 46 6.78233
4628.5 49 7
4629.5 43 6.55744
4630.5 55 7.4162
4631.5 62 7.87401
4632.5 69 8.30662
4633.5 51 7.14143
4634.5 52 7.2111
4635.5 61 7.81025
4636.5 39 6.245
4637.5 46 6.78233
4638.5 47 6.85565
4639.5 67 8.18535
4640.5 50 7.07107
4641.5 47 6.85565
4642.5 54 7.34847
4643.5 57 7.54983
4644.5 45 6.7082
4645.5 52 7.2111
4646.5 59 7.68115
4647.5 61 7.81025
4648.5 55 7.4162
4649.5 54 7.34847
4650.5 38 6.16441
4651.5 51 7.14143
4652.5 47 6.85565
4653.5 46 6.78233
4654.5 58 7.61577
4655.5 37 6.08276
4656.5 47 6.85565
4657.5 62 7.87401
4658.5 47 6.85565
4659.5 53 7.28011
4660.5 62 7.87401
4661.5 45 6.7082
4662.5 54 7.34847
4663.5 55 7.4162
4664.5 50 7.07107
4665.5 52 7.2111
4666.5 55 7.4162
4667.5 43 6.55744
4668.5 49 7
4669.5 49 7
4670.5 62 7.87401
4671.5 69 8.30662
4672.5 62 7.87401
4673.5 49 7
4674.5 48 6.9282
4675.5 63 7.93725
4676.5 59 7.68115
4677.5 51 7.14143
4678.5 41 6.40312
4679.5 52 7.2111
4680.5 63 7.93725
4681.5 57 7.54983
4682.5 62 7.87401
4683.5 46 6.78233
4684.5 56 7.48331
4685.5 56 7.48331
4686.5 48 6.9282
4687.5 53 7.28011
4688.5 54 7.34847
4689.5 50 7.07107
4690.5 47 6.85565
4691.5 67 8.18535
4692.5 55 7.4162
4693.5 56 7.48331
4694.5 44 6.63325
4695.5 51 7.14143
4696.5 39 6.245
4697.5 48 6.9282
4698.5 42 6.48074
4699.5 52 7.2111
4700.5 48 6.9282
4701.5 45 6.7082
4702.5 59 7.68115
4703.5 59 7.68115
4704.5 50 7.07107
4705.5 48 6.9282
4706.5 51 7.14143
4707.5 52 7.2111
4708.5 52 7.2111
4709.5 63 7.93725
4710.5 50 7.07107
4711.5 56 7.48331
4712.5 50 7.07107
4713.5 50 7.07107
4714.5 44 6.63325
4715.5 47 6.85565
4716.5 40 6.32456
4717.5 64 8
4718.5 55 7.4162
4719.5 61 7.81025
4720.5 57 7.54983
4721.5 50 7.07107
4722.5 58 7.61577
4723.5 55 7.4162
4724.5 46 6.78233
4725.5 51 7.14143
4726.5 49 7
4727.5 47 6.85565
4728.5 49 7
4729.5 42 6.48074
4730.5 48 6.9282
4731.5 70 8.3666
4732.5 59 7.68115
4733.5 41 6.40312
4734.5 54 7.34847
4735.5 54 7.34847
4736.5 49 7
4737.5 41 6.40312
4738.5 56 7.48331
4739.5 51 7.14143
4740.5 46 6.78233
4741.5 40 6.32456
4742.5 53 7.28011
4743.5 41 6.40312
4744.5 64 8
4745.5 48 6.9282
4746.5 58 7.61577
4747.5 48 6.9282
4748.5 42 6.48074
4749.5 53 7.28011
4750.5 65 8.06226
4751.5 37 6.08276
4752.5 64 8
4753.5 53 7.28011
4754.5 51 7.14143
4755.5 58 7.61577
4756.5 53 7.28011
4757.5 49 7
4758.5 51 7.14143
4759.5 50 7.07107
4760.5 44 6.63325
4761.5 51 7.14143
4762.5 53 7.28011
4763.5 43 6.55744
4764.5 53 7.28011
4765.5 49 7
4766.5 64 8
4767.5 55 7.4162
4768.5 54 7.34847
4769.5 49 7
4770.5 58 7.61577
4771.5 67 8.18535
4772.5 61 7.81025
4773.5 47 6.85565
4774.5 49 7
4775.5 51 7.14143
4776.5 47 6.85565
4777.5 43 6.55744
4778.5 67 8.18535
4779.5 55 7.4162
4780.5 47 6.85565
4781.5 50 7.07107
4782.5 47 6.85565
4783.5 56 7.48331
4784.5 40 6.32456
4785.5 47 6.85565
4786.5 43 6.55744
4787.5 45 6.7082
4788.5 54 7.34847
4789.5 44 6.63325
4790.5 56 7.48331
4791.5 47 6.85565
4792.5 66 8.12404
4793.5 67 8.18535
4794.5 32 5.65685
4795.5 57 7.54983
4796.5 52 7.2111
4797.5 52 7.2111
4798.5 53 7.28011
4799.5 54 7.34847
4800.5 50 7.07107
4801.5 58 7.61577
4802.5 50 7.07107
4803.5 44 6.63325
4804.5 51 7.14143
4805.5 46 6.78233
4806.5 53 7.28011
4807.5 63 7.93725
4808.5 58 7.61577
4809.5 38 6.16441
4810.5 54 7.34847
4811.5 55 7.4162
4812.5 49 7
4813.5 48 6.9282
4814.5 34 5.83095
4815.5 55 7.4162
4816.5 58 7.61577
4817.5 49 7
4818.5 61 7.81025
4819.5 54 7.34847
4820.5 51 7.14143
4821.5 53 7.28011
4822.5 66 8.12404
4823.5 43 6.55744
4824.5 63 7.93725
4825.5 53 7.28011
4826.5 48 6.9282
4827.5 51 7.14143
4828.5 53 7.28011
4829.5 74 8.60233
4830.5 59 7.68115
4831.5 42 6.48074
4832.5 70 8.3666
4833.5 61 7.81025
4834.5 61 7.81025
4835.5 60 7.74597
4836.5 61 7.81025
4837.5 69 8.30662
4838.5 57 7.54983
4839.5 45 6.7082
4840.5 67 8.18535
4841.5 55 7.4162
4842.5 68 8.24621
4843.5 68 8.24621
4844.5 53 7.28011
4845.5 50 7.07107
4846.5 61 7.81025
4847.5 62 7.87401
4848.5 53 7.28011
4849.5 45 6.7082
4850.5 55 7.4162
4851.5 58 7.61577
4852.5 69 8.30662
4853.5 58 7.61577
4854.5 54 7.34847
4855.5 49 7
4856.5 46 6.78233
4857.5 53 7.28011
4858.5 34 5.83095
4859.5 53 7.28011
4860.5 55 7.4162
4861.5 50 7.07107
4862.5 65 8.06226
4863.5 43 6.55744
4864.5 47 6.85565
4865.5 55 7.4162
4866.5 49 7
4867.5 39 6.245
4868.5 63 7.93725
4869.5 51 7.14143
4870.5 46 6.78233
4871.5 55 7.4162
4872.5 51 7.14143
4873.5 43 6.55744
4874.5 66 8.12404
4875.5 44 6.63325
4876.5 55 7.4162
4877.5 50 7.07107
4878.5 53 7.28011
4879.5 59 7.68115
4880.5 45 6.7082
4881.5 57 7.54983
4882.5 57 7.54983
4883.5 49 7
4884.5 50 7.07107
4885.5 50 7.07107
4886.5 52 7.2111
4887.5 36 6
4888.5 53 7.28011
4889.5 54 7.34847
4890.5 53 7.28011
4891.5 56 7.48331
4892.5 56 7.48331
4893.5 53 7.28011
4894.5 54 7.34847
4895.5 50 7.07107
4896.5 60 7.74597
4897.5 45 6.7082
4898.5 46 6.78233
4899.5 71 8.42615
4900.5 62 7.87401
4901.5 53 7.28011
4902.5 39 6.245
4903.5 45 6.7082
4904.5 46 6.78233
4905.5 45 6.7082
4906.5 45 6.7082
4907.5 42 6.48074
4908.5 63 7.93725
4909.5 56 7.48331
4910.5 56 7.48331
4911.5 45 6.7082
4912.5 43 6.55744
4913.5 52 7.2111
4914.5 48 6.9282
4915.5 69 8.30662
4916.5 62 7.87401
4917.5 44 6.63325
4918.5 43 6.55744
4919.5 68 8.24621
4920.5 55 7.4162
4921.5 66 8.12404
4922.5 55 7.4162
4923.5 58 7.61577
4924.5 65 8.06226
4925.5 45 6.7082
4926.5 51 7.14143
4927.5 56 7.48331
4928.5 45 6.7082
4929.5 37 6.08276
4930.5 57 7.54983
4931.5 52 7.2111
4932.5 69 8.30662
4933.5 44 6.63325
4934.5 52 7.2111
4935.5 48 6.9282
4936.5 66 8.12404
4937.5 58 7.61577
4938.5 53 7.28011
4939.5 65 8.06226
4940.5 53 7.28011
4941.5 68 8.24621
4942.5 54 7.34847
4943.5 49 7
4944.5 40 6.32456
4945.5 44 6.63325
4946.5 51 7.14143
4947.5 41 6.40312
4948.5 46 6.78233
4949.5 64 8
4950.5 46 6.78233
4951.5 47 6.85565
4952.5 61 7.81025
4953.5 39 6.245
4954.5 48 6.9282
4955.5 46 6.78233
4956.5 35 5.91608
4957.5 45 6.7082
4958.5 57 7.54983
4959.5 38 6.16441
4960.5 57 7.54983
4961.5 53 7.28011
4962.5 44 6.63325
4963.5 44 6.63325
4964.5 50 7.07107
4965.5 54 7.34847
4966.5 58 7.61577
4967.5 49 7
4968.5 43 6.55744
4969.5 50 7.07107
4970.5 60 7.74597
4971.5 50 7.07107
4972.5 58 7.61577
4973.5 47 6.85565
4974.5 56 7.48331
4975.5 57 7.54983
4976.5 63 7.93725
4977.5 59 7.68115
4978.5 57 7.54983
4979.5 50 7.07107
4980.5 59 7.68115
4981.5 53 7.28011
4982.5 55 7.4162
4983.5 52 7.2111
4984.5 51 7.14143
4985.5 49 7
4986.5 36 6
4987.5 37 6.08276
4988.5 49 7
4989.5 49 7
4990.5 53 7.28011
4991.5 43 6.55744
4992.5 50 7.07107
4993.5 64 8
4994.5 53 7.28011
4995.5 60 7.74597
4996.5 53 7.28011
4997.5 57 7.54983
4998.5 56 7.48331
4999.5 50 7.07107
5000.5 47 6.85565
5001.5 43 6.55744
5002.5 46 6.78233
5003.5 39 6.245
5004.5 38 6.16441
5005.5 54 7.34847
5006.5 66 8.12404
5007.5 46 6.78233
5008.5 45 6.7082
5009.5 49 7
5010.5 49 7
5011.5 47 6.85565
5012.5 64 8
5013.5 43 6.55744
5014.5 46 6.78233
5015.5 57 7.54983
5016.5 49 7
5017.5 53 7.28011
5018.5 54 7.34847
5019.5 51 7.14143
5020.5 56 7.48331
5021.5 55 7.4162
5022.5 41 6.40312
5023.5 52 7.2111
5024.5 51 7.14143
5025.5 44 6.63325
5026.5 57 7.54983
5027.5 56 7.48331
5028.5 45 6.7082
5029.5 38 6.16441
5030.5 48 6.9282
5031.5 53 7.28011
5032.5 60 7.74597
5033.5 43 6.55744
5034.5 47 6.85565
5035.5 61 7.81025
5036.5 44 6.63325
5037.5 37 6.08276
5038.5 53 7.28011
5039.5 42 6.48074
5040.5 65 8.06226
5041.5 46 6.78233
5042.5 50 7.07107
5043.5 67 8.18535
5044.5 45 6.7082
5045.5 45 6.7082
5046.5 47 6.85565
5047.5 59 7.68115
5048.5 45 6.7082
5049.5 51 7.14143
5050.5 48 6.9282
5051.5 47 6.85565
5052.5 55 7.4162
5053.5 51 7.14143
5054.5 55 7.4162
5055.5 45 6.7082
5056.5 61 7.81025
5057.5 50 7.07107
5058.5 57 7.54983
5059.5 48 6.9282
5060.5 56 7.48331
5061.5 48 6.9282
5062.5 66 8.12404
5063.5 57 7.54983
5064.5 48 6.9282
5065.5 39 6.245
5066.5 52 7.2111
5067.5 48 6.9282
5068.5 45 6.7082
5069.5 54 7.34847
5070.5 43 6.55744
5071.5 50 7.07107
5072.5 49 7
5073.5 48 6.9282
5074.5 50 7.07107
5075.5 42 6.48074
5076.5 46 6.78233
5077.5 41 6.40312
5078.5 46 6.78233
5079.5 52 7.2111
5080.5 44 6.63325
5081.5 39 6.245
5082.5 59 7.68115
5083.5 55 7.4162
5084.5 55 7.4162
5085.5 49 7
5086.5 47 6.85565
5087.5 53 7.28011
5088.5 37 6.08276
5089.5 66 8.12404
5090.5 53 7.28011
5091.5 50 7.07107
5092.5 48 6.9282
5093.5 40 6.32456
5094.5 48 6.9282
5095.5 49 7
5096.5 48 6.9282
5097.5 48 6.9282
5098.5 57 7.54983
5099.5 57 7.54983
5100.5 56 7.48331
5101.5 51 7.14143
5102.5 51 7.14143
5103.5 62 7.87401
5104.5 51 7.14143
5105.5 41 6.40312
5106.5 48 6.9282
5107.5 56 7.48331
5108.5 59 7.68115
5109.5 45 6.7082
5110.5 44 6.63325
5111.5 48 6.9282
5112.5 55 7.4162
5113.5 47 6.85565
5114.5 49 7
5115.5 62 7.87401
5116.5 47 6.85565
5117.5 55 7.4162
5118.5 46 6.78233
5119.5 63 7.93725
5120.5 51 7.14143
5121.5 41 6.40312
5122.5 54 7.34847
5123.5 49 7
5124.5 52 7.2111
5125.5 60 7.74597
5126.5 42 6.48074
5127.5 56 7.48331
5128.5 47 6.85565
5129.5 39 6.245
5130.5 36 6
5131.5 40 6.32456
5132.5 51 7.14143
5133.5 49 7
5134.5 57 7.54983
5135.5 43 6.55744
5136.5 47 6.85565
5137.5 36 6
5138.5 57 7.54983
5139.5 51 7.14143
5140.5 43 6.55744
5141.5 31 5.56776
5142.5 47 6.85565
5143.5 47 6.85565
5144.5 49 7
5145.5 58 7.61577
5146.5 58 7.61577
5147.5 59 7.68115
5148.5 57 7.54983
5149.5 41 6.40312
5150.5 44 6.63325
5151.5 56 7.48331
5152.5 50 7.07107
5153.5 56 7.48331
5154.5 65 8.06226
5155.5 42 6.48074
5156.5 54 7.34847
5157.5 63 7.93725
5158.5 50 7.07107
5159.5 55 7.4162
5160.5 54 7.34847
5161.5 59 7.68115
5162.5 50 7.07107
5163.5 50 7.07107
5164.5 43 6.55744
5165.5 51 7.14143
5166.5 34 5.83095
5167.5 52 7.2111
5168.5 55 7.4162
5169.5 48 6.9282
5170.5 44 6.63325
5171.5 53 7.28011
5172.5 49 7
5173.5 54 7.34847
5174.5 61 7.81025
5175.5 46 6.78233
5176.5 49 7
5177.5 45 6.7082
5178.5 51 7.14143
5179.5 58 7.61577
5180.5 44 6.63325
5181.5 57 7.54983
5182.5 55 7.4162
5183.5 52 7.2111
5184.5 61 7.81025
5185.5 57 7.54983
5186.5 44 6.63325
5187.5 54 7.34847
5188.5 64 8
5189.5 57 7.54983
5190.5 49 7
5191.5 52 7.2111
5192.5 44 6.63325
5193.5 53 7.28011
5194.5 56 7.48331
5195.5 55 7.4162
5196.5 59 7.68115
5197.5 68 8.24621
5198.5 55 7.4162
5199.5 50 7.07107
5200.5 47 6.85565
5201.5 41 6.40312
5202.5 48 6.9282
5203.5 56 7.48331
5204.5 55 7.4162
5205.5 44 6.63325
5206.5 52 7.2111
5207.5 48 6.9282
5208.5 42 6.48074
5209.5 46 6.78233
5210.5 62 7.87401
5211.5 50 7.07107
5212.5 46 6.78233
5213.5 49 7
5214.5 54 7.34847
5215.5 53 7.28011
5216.5 54 7.34847
5217.5 46 6.78233
5218.5 48 6.9282
5219.5 38 6.16441
5220.5 53 7.28011
5221.5 63 7.93725
5222.5 51 7.14143
5223.5 55 7.4162
5224.5 57 7.54983
5225.5 43 6.55744
5226.5 36 6
5227.5 59 7.68115
5228.5 42 6.48074
5229.5 49 7
5230.5 50 7.07107
5231.5 34 5.83095
5232.5 54 7.34847
5233.5 50 7.07107
5234.5 52 7.2111
5235.5 54 7.34847
5236.5 63 7.93725
5237.5 44 6.63325
5238.5 51 7.14143
5239.5 47 6.85565
5240.5 49 7
5241.5 49 7
5242.5 44 6.63325
5243.5 62 7.87401
5244.5 52 7.2111
5245.5 63 7.93725
5246.5 50 7.07107
5247.5 48 6.9282
5248.5 42 6.48074
5249.5 46 6.78233
5250.5 38 6.16441
5251.5 38 6.16441
5252.5 47 6.85565
5253.5 45 6.7082
5254.5 41 6.40312
5255.5 59 7.68115
5256.5 55 7.4162
5257.5 41 6.40312
5258.5 47 6.85565
5259.5 45 6.7082
5260.5 55 7.4162
5261.5 62 7.87401
5262.5 69 8.30662
5263.5 61 7.81025
5264.5 56 7.48331
5265.5 60 7.74597
5266.5 44 6.63325
5267.5 46 6.78233
5268.5 55 7.4162
5269.5 54 7.34847
5270.5 47 6.85565
5271.5 47 6.85565
5272.5 49 7
5273.5 42 6.48074
5274.5 47 6.85565
5275.5 46 6.78233
5276.5 46 6.78233
5277.5 46 6.78233
5278.5 50 7.07107
5279.5 47 6.85565
5280.5 40 6.32456
5281.5 40 6.32456
5282.5 42 6.48074
5283.5 48 6.9282
5284.5 37 6.08276
5285.5 60 7.74597
5286.5 40 6.32456
5287.5 44 6.63325
5288.5 50 7.07107
5289.5 52 7.2111
5290.5 49 7
5291.5 45 6.7082
5292.5 49 7
5293.5 59 7.68115
5294.5 45 6.7082
5295.5 61 7.81025
5296.5 57 7.54983
5297.5 52 7.2111
5298.5 42 6.48074
5299.5 48 6.9282
5300.5 48 6.9282
5301.5 44 6.63325
5302.5 47 6.85565
5303.5 46 6.78233
5304.5 45 6.7082
5305.5 52 7.2111
5306.5 45 6.7082
5307.5 60 7.74597
5308.5 45 6.7082
5309.5 56 7.48331
5310.5 45 6.7082
5311.5 42 6.48074
5312.5 52 7.2111
5313.5 58 7.61577
5314.5 43 6.55744
5315.5 58 7.61577
5316.5 47 6.85565
5317.5 49 7
5318.5 47 6.85565
5319.5 38 6.16441
5320.5 56 7.48331
5321.5 57 7.54983
5322.5 40 6.32456
5323.5 51 7.14143
5324.5 55 7.4162
5325.5 48 6.9282
5326.5 45 6.7082
5327.5 45 6.7082
5328.5 51 7.14143
5329.5 52 7.2111
5330.5 47 6.85565
5331.5 40 6.32456
5332.5 55 7.4162
5333.5 42 6.48074
5334.5 54 7.34847
5335.5 38 6.16441
5336.5 56 7.48331
5337.5 46 6.78233
5338.5 60 7.74597
5339.5 60 7.74597
5340.5 66 8.12404
5341.5 59 7.68115
5342.5 50 7.07107
5343.5 47 6.85565
5344.5 48 6.9282
5345.5 54 7.34847
5346.5 63 7.93725
5347.5 48 6.9282
5348.5 51 7.14143
5349.5 52 7.2111
5350.5 54 7.34847
5351.5 48 6.9282
5352.5 45 6.7082
5353.5 40 6.32456
5354.5 52 7.2111
5355.5 49 7
5356.5 60 7.74597
5357.5 39 6.245
5358.5 59 7.68115
5359.5 49 7
5360.5 59 7.68115
5361.5 51 7.14143
5362.5 51 7.14143
5363.5 43 6.55744
5364.5 48 6.9282
5365.5 51 7.14143
5366.5 58 7.61577
5367.5 61 7.81025
5368.5 50 7.07107
5369.5 40 6.32456
5370.5 46 6.78233
5371.5 42 6.48074
5372.5 56 7.48331
5373.5 47 6.85565
5374.5 50 7.07107
5375.5 58 7.61577
5376.5 45 6.7082
5377.5 50 7.07107
5378.5 46 6.78233
5379.5 58 7.61577
5380.5 54 7.34847
5381.5 49 7
5382.5 51 7.14143
5383.5 56 7.48331
5384.5 52 7.2111
5385.5 43 6.55744
5386.5 48 6.9282
5387.5 43 6.55744
5388.5 52 7.2111
5389.5 53 7.28011
5390.5 42 6.48074
5391.5 52 7.2111
5392.5 45 6.7082
5393.5 67 8.18535
5394.5 42 6.48074
5395.5 46 6.78233
5396.5 61 7.81025
5397.5 52 7.2111
5398.5 43 6.55744
5399.5 44 6.63325
5400.5 57 7.54983
5401.5 54 7.34847
5402.5 49 7
5403.5 44 6.63325
5404.5 38 6.16441
5405.5 49 7
5406.5 48 6.9282
5407.5 54 7.34847
5408.5 39 6.245
5409.5 53 7.28011
5410.5 52 7.2111
5411.5 57 7.54983
5412.5 48 6.9282
5413.5 49 7
5414.5 62 7.87401
5415.5 52 7.2111
5416.5 45 6.7082
5417.5 43 6.55744
5418.5 47 6.85565
5419.5 52 7.2111
5420.5 38 6.16441
5421.5 50 7.07107
5422.5 44 6.63325
5423.5 57 7.54983
5424.5 49 7
5425.5 60 7.74597
5426.5 37 6.08276
5427.5 39 6.245
5428.5 42 6.48074
5429.5 50 7.07107
5430.5 42 6.48074
5431.5 62 7.87401
5432.5 52 7.2111
5433.5 46 6.78233
5434.5 41 6.40312
5435.5 48 6.9282
5436.5 55 7.4162
5437.5 44 6.63325
5438.5 46 6.78233
5439.5 39 6.245
5440.5 53 7.28011
5441.5 43 6.55744
5442.5 50 7.07107
5443.5 67 8.18535
5444.5 45 6.7082
5445.5 40 6.32456
5446.5 56 7.48331
5447.5 53 7.28011
5448.5 50 7.07107
5449.5 51 7.14143
5450.5 47 6.85565
5451.5 36 6
5452.5 44 6.63325
5453.5 49 7
5454.5 49 7
5455.5 39 6.245
5456.5 61 7.81025
5457.5 51 7.14143
5458.5 43 6.55744
5459.5 46 6.78233
5460.5 48 6.9282
5461.5 56 7.48331
5462.5 49 7
5463.5 57 7.54983
5464.5 41 6.40312
5465.5 56 7.48331
5466.5 46 6.78233
5467.5 55 7.4162
5468.5 51 7.14143
5469.5 54 7.34847
5470.5 53 7.28011
5471.5 36 6
5472.5 64 8
5473.5 44 6.63325
5474.5 55 7.4162
5475.5 57 7.54983
5476.5 50 7.07107
5477.5 45 6.7082
5478.5 58 7.61577
5479.5 50 7.07107
5480.5 47 6.85565
5481.5 39 6.245
5482.5 32 5.65685
5483.5 52 7.2111
5484.5 50 7.07107
5485.5 55 7.4162
5486.5 50 7.07107
5487.5 58 7.61577
5488.5 40 6.32456
5489.5 51 7.14143
5490.5 57 7.54983
5491.5 42 6.48074
5492.5 61 7.81025
5493.5 47 6.85565
5494.5 48 6.9282
5495.5 50 7.07107
5496.5 52 7.2111
5497.5 44 6.63325
5498.5 54 7.34847
5499.5 64 8
5500.5 44 6.63325
5501.5 53 7.28011
5502.5 42 6.48074
5503.5 44 6.63325
5504.5 48 6.9282
5505.5 55 7.4162
5506.5 50 7.07107
5507.5 40 6.32456
5508.5 52 7.2111
5509.5 47 6.85565
5510.5 45 6.7082
5511.5 42 6.48074
5512.5 54 7.34847
5513.5 39 6.245
5514.5 53 7.28011
5515.5 60 7.74597
5516.5 62 7.87401
5517.5 52 7.2111
5518.5 54 7.34847
5519.5 41 6.40312
5520.5 48 6.9282
5521.5 45 6.7082
5522.5 48 6.9282
5523.5 57 7.54983
5524.5 53 7.28011
5525.5 64 8
5526.5 55 7.4162
5527.5 52 7.2111
5528.5 40 6.32456
5529.5 43 6.55744
5530.5 67 8.18535
5531.5 56 7.48331
5532.5 59 7.68115
5533.5 48 6.9282
5534.5 45 6.7082
5535.5 53 7.28011
5536.5 43 6.55744
5537.5 50 7.07107
5538.5 64 8
5539.5 65 8.06226
5540.5 47 6.85565
5541.5 52 7.2111
5542.5 59 7.68115
5543.5 58 7.61577
5544.5 55 7.4162
5545.5 57 7.54983
5546.5 60 7.74597
5547.5 65 8.06226
5548.5 69 8.30662
5549.5 75 8.66025
5550.5 74 8.60233
5551.5 86 9.27362
5552.5 75 8.66025
5553.5 116 10.7703
5554.5 89 9.43398
5555.5 100 10
5556.5 118 10.8628
5557.5 134 11.5758
5558.5 138 11.7473
5559.5 129 11.3578
5560.5 142 11.9164
5561.5 171 13.0767
5562.5 165 12.8452
5563.5 193 13.8924
5564.5 167 12.9228
5565.5 162 12.7279
5566.5 185 13.6015
5567.5 192 13.8564
5568.5 191 13.8203
5569.5 168 12.9615
5570.5 158 12.5698
5571.5 201 14.1774
5572.5 161 12.6886
5573.5 161 12.6886
5574.5 163 12.7671
5575.5 162 12.7279
5576.5 168 12.9615
5577.5 169 13
5578.5 132 11.4891
5579.5 141 11.8743
5580.5 149 12.2066
5581.5 126 11.225
5582.5 122 11.0454
5583.5 105 10.247
5584.5 114 10.6771
5585.5 109 10.4403
5586.5 100 10
5587.5 86 9.27362
5588.5 79 8.88819
5589.5 75 8.66025
5590.5 88 9.38083
5591.5 70 8.3666
5592.5 79 8.88819
5593.5 82 9.05539
5594.5 76 8.7178
5595.5 71 8.42615
5596.5 55 7.4162
5597.5 47 6.85565
5598.5 74 8.60233
5599.5 60 7.74597
5600.5 58 7.61577
5601.5 55 7.4162
5602.5 53 7.28011
5603.5 68 8.24621
5604.5 59 7.68115
5605.5 64 8
5606.5 57 7.54983
5607.5 55 7.4162
5608.5 63 7.93725
5609.5 61 7.81025
5610.5 71 8.42615
5611.5 41 6.40312
5612.5 50 7.07107
5613.5 60 7.74597
5614.5 63 7.93725
5615.5 53 7.28011
5616.5 60 7.74597
5617.5 50 7.07107
5618.5 65 8.06226
5619.5 64 8
5620.5 48 6.9282
5621.5 52 7.2111
5622.5 48 6.9282
5623.5 54 7.34847
5624.5 52 7.2111
5625.5 55 7.4162
5626.5 58 7.61577
5627.5 52 7.2111
5628.5 58 7.61577
5629.5 43 6.55744
5630.5 48 6.9282
5631.5 57 7.54983
5632.5 55 7.4162
5633.5 53 7.28011
5634.5 50 7.07107
5635.5 60 7.74597
5636.5 56 7.48331
5637.5 61 7.81025
5638.5 54 7.34847
5639.5 61 7.81025
5640.5 51 7.14143
5641.5 54 7.34847
5642.5 58 7.61577
5643.5 58 7.61577
5644.5 48 6.9282
5645.5 50 7.07107
5646.5 55 7.4162
5647.5 60 7.74597
5648.5 55 7.4162
5649.5 49 7
5650.5 38 6.16441
5651.5 57 7.54983
5652.5 47 6.85565
5653.5 56 7.48331
5654.5 47 6.85565
5655.5 50 7.07107
5656.5 51 7.14143
5657.5 53 7.28011
5658.5 54 7.34847
5659.5 47 6.85565
5660.5 56 7.48331
5661.5 66 8.12404
5662.5 52 7.2111
5663.5 55 7.4162
5664.5 58 7.61577
5665.5 52 7.2111
5666.5 51 7.14143
5667.5 35 5.91608
5668.5 44 6.63325
5669.5 46 6.78233
5670.5 47 6.85565
5671.5 46 6.78233
5672.5 62 7.87401
5673.5 51 7.14143
5674.5 53 7.28011
5675.5 44 6.63325
5676.5 42 6.48074
5677.5 56 7.48331
5678.5 38 6.16441
5679.5 61 7.81025
5680.5 47 6.85565
5681.5 58 7.61577
5682.5 59 7.68115
5683.5 66 8.12404
5684.5 56 7.48331
5685.5 39 6.245
5686.5 59 7.68115
5687.5 46 6.78233
5688.5 55 7.4162
5689.5 54 7.34847
5690.5 55 7.4162
5691.5 55 7.4162
5692.5 56 7.48331
5693.5 49 7
5694.5 49 7
5695.5 49 7
5696.5 62 7.87401
5697.5 44 6.63325
5698.5 46 6.78233
5699.5 45 6.7082
5700.5 42 6.48074
5701.5 53 7.28011
5702.5 51 7.14143
5703.5 59 7.68115
5704.5 48 6.9282
5705.5 60 7.74597
5706.5 53 7.28011
5707.5 52 7.2111
5708.5 39 6.245
5709.5 64 8
5710.5 52 7.2111
5711.5 64 8
5712.5 44 6.63325
5713.5 60 7.74597
5714.5 53 7.28011
5715.5 50 7.07107
5716.5 65 8.06226
5717.5 74 8.60233
5718.5 49 7
5719.5 53 7.28011
5720.5 50 7.07107
5721.5 63 7.93725
5722.5 59 7.68115
5723.5 60 7.74597
5724.5 57 7.54983
5725.5 53 7.28011
5726.5 52 7.2111
5727.5 68 8.24621
5728.5 50 7.07107
5729.5 45 6.7082
5730.5 57 7.54983
5731.5 51 7.14143
5732.5 72 8.48528
5733.5 55 7.4162
5734.5 60 7.74597
5735.5 42 6.48074
5736.5 50 7.07107
5737.5 63 7.93725
5738.5 44 6.63325
5739.5 64 8
5740.5 40 6.32456
5741.5 62 7.87401
5742.5 48 6.9282
5743.5 53 7.28011
5744.5 62 7.87401
5745.5 59 7.68115
5746.5 54 7.34847
5747.5 54 7.34847
5748.5 46 6.78233
5749.5 65 8.06226
5750.5 53 7.28011
5751.5 50 7.07107
5752.5 64 8
5753.5 44 6.63325
5754.5 70 8.3666
5755.5 68 8.24621
5756.5 49 7
5757.5 42 6.48074
5758.5 47 6.85565
5759.5 59 7.68115
5760.5 76 8.7178
5761.5 54 7.34847
5762.5 41 6.40312
5763.5 54 7.34847
5764.5 56 7.48331
5765.5 40 6.32456
5766.5 47 6.85565
5767.5 48 6.9282
5768.5 59 7.68115
5769.5 41 6.40312
5770.5 39 6.245
5771.5 60 7.74597
5772.5 50 7.07107
5773.5 52 7.2111
5774.5 51 7.14143
5775.5 56 7.48331
5776.5 57 7.54983
5777.5 50 7.07107
5778.5 56 7.48331
5779.5 52 7.2111
5780.5 43 6.55744
5781.5 48 6.9282
5782.5 55 7.4162
5783.5 40 6.32456
5784.5 43 6.55744
5785.5 52 7.2111
5786.5 51 7.14143
5787.5 53 7.28011
5788.5 49 7
5789.5 57 7.54983
5790.5 56 7.48331
5791.5 54 7.34847
5792.5 56 7.48331
5793.5 65 8.06226
5794.5 59 7.68115
5795.5 41 6.40312
5796.5 58 7.61577
5797.5 59 7.68115
5798.5 58 7.61577
5799.5 65 8.06226
5800.5 50 7.07107
5801.5 59 7.68115
5802.5 49 7
5803.5 59 7.68115
5804.5 55 7.4162
5805.5 56 7.48331
5806.5 57 7.54983
5807.5 49 7
5808.5 62 7.87401
5809.5 51 7.14143
5810.5 48 6.9282
5811.5 58 7.61577
5812.5 53 7.28011
5813.5 58 7.61577
5814.5 69 8.30662
5815.5 66 8.12404
5816.5 50 7.07107
5817.5 51 7.14143
5818.5 52 7.2111
5819.5 54 7.34847
5820.5 59 7.68115
5821.5 68 8.24621
5822.5 47 6.85565
5823.5 70 8.3666
5824.5 70 8.3666
5825.5 64 8
5826.5 47 6.85565
5827.5 73 8.544
5828.5 55 7.4162
5829.5 63 7.93725
5830.5 40 6.32456
5831.5 57 7.54983
5832.5 61 7.81025
5833.5 59 7.68115
5834.5 55 7.4162
5835.5 53 7.28011
5836.5 60 7.74597
5837.5 62 7.87401
5838.5 68 8.24621
5839.5 71 8.42615
5840.5 55 7.4162
5841.5 67 8.18535
5842.5 55 7.4162
5843.5 52 7.2111
5844.5 58 7.61577
5845.5 59 7.68115
5846.5 58 7.61577
5847.5 52 7.2111
5848.5 55 7.4162
5849.5 56 7.48331
5850.5 55 7.4162
5851.5 41 6.40312
5852.5 60 7.74597
5853.5 60 7.74597
5854.5 49 7
5855.5 48 6.9282
5856.5 47 6.85565
5857.5 53 7.28011
5858.5 61 7.81025
5859.5 57 7.54983
5860.5 62 7.87401
5861.5 55 7.4162
5862.5 51 7.14143
5863.5 48 6.9282
5864.5 52 7.2111
5865.5 53 7.28011
5866.5 41 6.40312
5867.5 56 7.48331
5868.5 60 7.74597
5869.5 47 6.85565
5870.5 53 7.28011
5871.5 52 7.2111
5872.5 41 6.40312
5873.5 51 7.14143
5874.5 57 7.54983
5875.5 59 7.68115
5876.5 45 6.7082
5877.5 56 7.48331
5878.5 50 7.07107
5879.5 50 7.07107
5880.5 51 7.14143
5881.5 56 7.48331
5882.5 40 6.32456
5883.5 47 6.85565
5884.5 60 7.74597
5885.5 66 8.12404
5886.5 55 7.4162
5887.5 42 6.48074
5888.5 57 7.54983
5889.5 61 7.81025
5890.5 60 7.74597
5891.5 67 8.18535
5892.5 41 6.40312
5893.5 51 7.14143
5894.5 48 6.9282
5895.5 44 6.63325
5896.5 49 7
5897.5 39 6.245
5898.5 56 7.48331
5899.5 55 7.4162
5900.5 60 7.74597
5901.5 48 6.9282
5902.5 55 7.4162
5903.5 56 7.48331
5904.5 53 7.28011
5905.5 56 7.48331
5906.5 52 7.2111
5907.5 61 7.81025
5908.5 55 7.4162
5909.5 67 8.18535
5910.5 62 7.87401
5911.5 55 7.4162
5912.5 53 7.28011
5913.5 52 7.2111
5914.5 49 7
5915.5 52 7.2111
5916.5 65 8.06226
5917.5 46 6.78233
5918.5 58 7.61577
5919.5 63 7.93725
5920.5 48 6.9282
5921.5 59 7.68115
5922.5 60 7.74597
5923.5 53 7.28011
5924.5 62 7.87401
5925.5 55 7.4162
5926.5 48 6.9282
5927.5 42 6.48074
5928.5 63 7.93725
5929.5 57 7.54983
5930.5 59 7.68115
5931.5 56 7.48331
5932.5 41 6.40312
5933.5 47 6.85565
5934.5 50 7.07107
5935.5 47 6.85565
5936.5 53 7.28011
5937.5 36 6
5938.5 42 6.48074
5939.5 59 7.68115
5940.5 59 7.68115
5941.5 63 7.93725
5942.5 50 7.07107
5943.5 64 8
5944.5 43 6.55744
5945.5 50 7.07107
5946.5 49 7
5947.5 63 7.93725
5948.5 56 7.48331
5949.5 49 7
5950.5 61 7.81025
5951.5 63 7.93725
5952.5 57 7.54983
5953.5 48 6.9282
5954.5 64 8
5955.5 56 7.48331
5956.5 72 8.48528
5957.5 48 6.9282
5958.5 54 7.34847
5959.5 60 7.74597
5960.5 47 6.85565
5961.5 46 6.78233
5962.5 45 6.7082
5963.5 48 6.9282
5964.5 58 7.61577
5965.5 53 7.28011
5966.5 51 7.14143
5967.5 36 6
5968.5 55 7.4162
5969.5 55 7.4162
5970.5 47 6.85565
5971.5 57 7.54983
5972.5 50 7.07107
5973.5 71 8.42615
5974.5 66 8.12404
5975.5 51 7.14143
5976.5 57 7.54983
5977.5 66 8.12404
5978.5 44 6.63325
5979.5 49 7
5980.5 43 6.55744
5981.5 63 7.93725
5982.5 55 7.4162
5983.5 55 7.4162
5984.5 59 7.68115
5985.5 55 7.4162
5986.5 55 7.4162
5987.5 52 7.2111
5988.5 59 7.68115
5989.5 53 7.28011
5990.5 45 6.7082
5991.5 61 7.81025
5992.5 62 7.87401
5993.5 54 7.34847
5994.5 48 6.9282
5995.5 57 7.54983
5996.5 50 7.07107
5997.5 63 7.93725
5998.5 65 8.06226
5999.5 49 7
6000.5 48 6.9282
6001.5 48 6.9282
6002.5 56 7.48331
6003.5 56 7.48331
6004.5 53 7.28011
6005.5 38 6.16441
6006.5 60 7.74597
6007.5 51 7.14143
6008.5 44 6.63325
6009.5 60 7.74597
6010.5 56 7.48331
6011.5 50 7.07107
6012.5 43 6.55744
6013.5 60 7.74597
6014.5 60 7.74597
6015.5 66 8.12404
6016.5 56 7.48331
6017.5 45 6.7082
6018.5 61 7.81025
6019.5 53 7.28011
6020.5 56 7.48331
6021.5 58 7.61577
6022.5 52 7.2111
6023.5 61 7.81025
6024.5 57 7.54983
6025.5 53 7.28011
6026.5 50 7.07107
6027.5 46 6.78233
6028.5 56 7.48331
6029.5 51 7.14143
6030.5 62 7.87401
6031.5 48 6.9282
6032.5 51 7.14143
6033.5 48 6.9282
6034.5 64 8
6035.5 68 8.24621
6036.5 50 7.07107
6037.5 50 7.07107
6038.5 50 7.07107
6039.5 44 6.63325
6040.5 51 7.14143
6041.5 54 7.34847
6042.5 54 7.34847
6043.5 50 7.07107
6044.5 55 7.4162
6045.5 37 6.08276
6046.5 57 7.54983
6047.5 57 7.54983
6048.5 53 7.28011
6049.5 54 7.34847
6050.5 59 7.68115
6051.5 62 7.87401
6052.5 54 7.34847
6053.5 52 7.2111
6054.5 67 8.18535
6055.5 35 5.91608
6056.5 55 7.4162
6057.5 49 7
6058.5 54 7.34847
6059.5 57 7.54983
6060.5 51 7.14143
6061.5 55 7.4162
6062.5 57 7.54983
6063.5 57 7.54983
6064.5 58 7.61577
6065.5 59 7.68115
6066.5 45 6.7082
6067.5 50 7.07107
6068.5 41 6.40312
6069.5 43 6.55744
6070.5 45 6.7082
6071.5 53 7.28011
6072.5 52 7.2111
6073.5 48 6.9282
6074.5 61 7.81025
6075.5 57 7.54983
6076.5 54 7.34847
6077.5 58 7.61577
6078.5 47 6.85565
6079.5 42 6.48074
6080.5 65 8.06226
6081.5 42 6.48074
6082.5 50 7.07107
6083.5 47 6.85565
6084.5 66 8.12404
6085.5 51 7.14143
6086.5 51 7.14143
6087.5 54 7.34847
6088.5 58 7.61577
6089.5 41 6.40312
6090.5 67 8.18535
6091.5 58 7.61577
6092.5 46 6.78233
6093.5 55 7.4162
6094.5 53 7.28011
6095.5 60 7.74597
6096.5 68 8.24621
6097.5 49 7
6098.5 56 7.48331
6099.5 60 7.74597
6100.5 54 7.34847
6101.5 55 7.4162
6102.5 57 7.54983
6103.5 47 6.85565
6104.5 52 7.2111
6105.5 46 6.78233
6106.5 66 8.12404
6107.5 45 6.7082
6108.5 61 7.81025
6109.5 56 7.48331
6110.5 55 7.4162
6111.5 56 7.48331
6112.5 52 7.2111
6113.5 46 6.78233
6114.5 37 6.08276
6115.5 40 6.32456
6116.5 52 7.2111
6117.5 39 6.245
6118.5 58 7.61577
6119.5 52 7.2111
6120.5 50 7.07107
6121.5 60 7.74597
6122.5 52 7.2111
6123.5 57 7.54983
6124.5 41 6.40312
6125.5 66 8.12404
6126.5 53 7.28011
6127.5 57 7.54983
6128.5 45 6.7082
6129.5 53 7.28011
6130.5 56 7.48331
6131.5 54 7.34847
6132.5 54 7.34847
6133.5 52 7.2111
6134.5 53 7.28011
6135.5 54 7.34847
6136.5 78 8.83176
6137.5 53 7.28011
6138.5 54 7.34847
6139.5 45 6.7082
6140.5 42 6.48074
6141.5 61 7.81025
6142.5 56 7.48331
6143.5 54 7.34847
6144.5 51 7.14143
6145.5 54 7.34847
6146.5 57 7.54983
6147.5 69 8.30662
6148.5 48 6.9282
6149.5 62 7.87401
6150.5 69 8.30662
6151.5 55 7.4162
6152.5 57 7.54983
6153.5 53 7.28011
6154.5 53 7.28011
6155.5 51 7.14143
6156.5 54 7.34847
6157.5 53 7.28011
6158.5 57 7.54983
6159.5 63 7.93725
6160.5 52 7.2111
6161.5 59 7.68115
6162.5 52 7.2111
6163.5 44 6.63325
6164.5 57 7.54983
6165.5 56 7.48331
6166.5 56 7.48331
6167.5 42 6.48074
6168.5 51 7.14143
6169.5 62 7.87401
6170.5 57 7.54983
6171.5 45 6.7082
6172.5 57 7.54983
6173.5 48 6.9282
6174.5 47 6.85565
6175.5 50 7.07107
6176.5 64 8
6177.5 51 7.14143
6178.5 51 7.14143
6179.5 71 8.42615
6180.5 52 7.2111
6181.5 53 7.28011
6182.5 46 6.78233
6183.5 49 7
6184.5 59 7.68115
6185.5 53 7.28011
6186.5 50 7.07107
6187.5 67 8.18535
6188.5 51 7.14143
6189.5 59 7.68115
6190.5 67 8.18535
6191.5 54 7.34847
6192.5 42 6.48074
6193.5 41 6.40312
6194.5 47 6.85565
6195.5 57 7.54983
6196.5 53 7.28011
6197.5 59 7.68115
6198.5 56 7.48331
6199.5 57 7.54983
6200.5 59 7.68115
6201.5 56 7.48331
6202.5 57 7.54983
6203.5 42 6.48074
6204.5 54 7.34847
6205.5 51 7.14143
6206.5 54 7.34847
6207.5 62 7.87401
6208.5 50 7.07107
6209.5 41 6.40312
6210.5 57 7.54983
6211.5 38 6.16441
6212.5 44 6.63325
6213.5 61 7.81025
6214.5 63 7.93725
6215.5 62 7.87401
6216.5 40 6.32456
6217.5 50 7.07107
6218.5 48 6.9282
6219.5 56 7.48331
6220.5 54 7.34847
6221.5 57 7.54983
6222.5 49 7
6223.5 52 7.2111
6224.5 58 7.61577
6225.5 51 7.14143
6226.5 48 6.9282
6227.5 45 6.7082
6228.5 61 7.81025
6229.5 47 6.85565
6230.5 56 7.48331
6231.5 58 7.61577
6232.5 60 7.74597
6233.5 48 6.9282
6234.5 61 7.81025
6235.5 61 7.81025
6236.5 36 6
6237.5 42 6.48074
6238.5 55 7.4162
6239.5 52 7.2111
6240.5 57 7.54983
6241.5 51 7.14143
6242.5 58 7.61577
6243.5 67 8.18535
6244.5 51 7.14143
6245.5 67 8.18535
6246.5 48 6.9282
6247.5 48 6.9282
6248.5 48 6.9282
6249.5 65 8.06226
6250.5 60 7.74597
6251.5 70 8.3666
6252.5 59 7.68115
6253.5 50 7.07107
6254.5 49 7
6255.5 60 7.74597
6256.5 54 7.34847
6257.5 59 7.68115
6258.5 47 6.85565
6259.5 48 6.9282
6260.5 53 7.28011
6261.5 63 7.93725
6262.5 53 7.28011
6263.5 46 6.78233
6264.5 55 7.4162
6265.5 49 7
6266.5 50 7.07107
6267.5 61 7.81025
6268.5 70 8.3666
6269.5 54 7.34847
6270.5 65 8.06226
6271.5 47 6.85565
6272.5 59 7.68115
6273.5 60 7.74597
6274.5 63 7.93725
6275.5 63 7.93725
6276.5 47 6.85565
6277.5 53 7.28011
6278.5 46 6.78233
6279.5 65 8.06226
6280.5 57 7.54983
6281.5 63 7.93725
6282.5 57 7.54983
6283.5 67 8.18535
6284.5 59 7.68115
6285.5 67 8.18535
6286.5 66 8.12404
6287.5 51 7.14143
6288.5 47 6.85565
6289.5 46 6.78233
6290.5 54 7.34847
6291.5 72 8.48528
6292.5 61 7.81025
6293.5 56 7.48331
6294.5 42 6.48074
6295.5 50 7.07107
6296.5 42 6.48074
6297.5 63 7.93725
6298.5 65 8.06226
6299.5 54 7.34847
6300.5 47 6.85565
6301.5 58 7.61577
6302.5 43 6.55744
6303.5 54 7.34847
6304.5 48 6.9282
6305.5 67 8.18535
6306.5 56 7.48331
6307.5 52 7.2111
6308.5 64 8
6309.5 57 7.54983
6310.5 57 7.54983
6311.5 61 7.81025
6312.5 44 6.63325
6313.5 41 6.40312
6314.5 53 7.28011
6315.5 44 6.63325
6316.5 45 6.7082
6317.5 67 8.18535
6318.5 55 7.4162
6319.5 49 7
6320.5 48 6.9282
6321.5 55 7.4162
6322.5 50 7.07107
6323.5 57 7.54983
6324.5 40 6.32456
6325.5 47 6.85565
6326.5 64 8
6327.5 53 7.28011
6328.5 44 6.63325
6329.5 71 8.42615
6330.5 47 6.85565
6331.5 55 7.4162
6332.5 62 7.87401
6333.5 56 7.48331
6334.5 57 7.54983
6335.5 55 7.4162
6336.5 47 6.85565
6337.5 51 7.14143
6338.5 32 5.65685
6339.5 60 7.74597
6340.5 47 6.85565
6341.5 43 6.55744
6342.5 62 7.87401
6343.5 53 7.28011
6344.5 48 6.9282
6345.5 64 8
6346.5 42 6.48074
6347.5 51 7.14143
6348.5 62 7.87401
6349.5 63 7.93725
6350.5 60 7.74597
6351.5 45 6.7082
6352.5 41 6.40312
6353.5 68 8.24621
6354.5 49 7
6355.5 48 6.9282
6356.5 50 7.07107
6357.5 49 7
6358.5 55 7.4162
6359.5 51 7.14143
6360.5 53 7.28011
6361.5 57 7.54983
6362.5 49 7
6363.5 62 7.87401
6364.5 43 6.55744
6365.5 54 7.34847
6366.5 65 8.06226
6367.5 45 6.7082
6368.5 47 6.85565
6369.5 53 7.28011
6370.5 41 6.40312
6371.5 54 7.34847
6372.5 43 6.55744
6373.5 47 6.85565
6374.5 52 7.2111
6375.5 56 7.48331
6376.5 57 7.54983
6377.5 57 7.54983
6378.5 38 6.16441
6379.5 60 7.74597
6380.5 58 7.61577
6381.5 65 8.06226
6382.5 61 7.81025
6383.5 57 7.54983
6384.5 52 7.2111
6385.5 44 6.63325
6386.5 54 7.34847
6387.5 51 7.14143
6388.5 62 7.87401
6389.5 64 8
6390.5 46 6.78233
6391.5 55 7.4162
6392.5 69 8.30662
6393.5 51 7.14143
6394.5 66 8.12404
6395.5 55 7.4162
6396.5 57 7.54983
6397.5 58 7.61577
6398.5 59 7.68115
6399.5 62 7.87401
6400.5 56 7.48331
6401.5 39 6.245
6402.5 51 7.14143
6403.5 51 7.14143
6404.5 47 6.85565
6405.5 49 7
6406.5 71 8.42615
6407.5 51 7.14143
6408.5 52 7.2111
6409.5 54 7.34847
6410.5 53 7.28011
6411.5 52 7.2111
6412.5 54 7.34847
6413.5 55 7.4162
6414.5 50 7.07107
6415.5 47 6.85565
6416.5 57 7.54983
6417.5 51 7.14143
6418.5 57 7.54983
6419.5 62 7.87401
6420.5 53 7.28011
6421.5 58 7.61577
6422.5 51 7.14143
6423.5 47 6.85565
6424.5 49 7
6425.5 45 6.7082
6426.5 60 7.74597
6427.5 47 6.85565
6428.5 44 6.63325
6429.5 59 7.68115
6430.5 43 6.55744
6431.5 55 7.4162
6432.5 51 7.14143
6433.5 61 7.81025
6434.5 54 7.34847
6435.5 49 7
6436.5 43 6.55744
6437.5 46 6.78233
6438.5 59 7.68115
6439.5 47 6.85565
6440.5 57 7.54983
6441.5 68 8.24621
6442.5 52 7.2111
6443.5 47 6.85565
6444.5 51 7.14143
6445.5 56 7.48331
6446.5 56 7.48331
6447.5 56 7.48331
6448.5 57 7.54983
6449.5 52 7.2111
6450.5 68 8.24621
6451.5 50 7.07107
6452.5 40 6.32456
6453.5 57 7.54983
6454.5 55 7.4162
6455.5 50 7.07107
6456.5 49 7
6457.5 70 8.3666
6458.5 55 7.4162
6459.5 73 8.544
6460.5 55 7.4162
6461.5 47 6.85565
6462.5 54 7.34847
6463.5 49 7
6464.5 58 7.61577
6465.5 44 6.63325
6466.5 61 7.81025
6467.5 55 7.4162
6468.5 56 7.48331
6469.5 58 7.61577
6470.5 47 6.85565
6471.5 55 7.4162
6472.5 67 8.18535
6473.5 45 6.7082
6474.5 52 7.2111
6475.5 54 7.34847
6476.5 64 8
6477.5 48 6.9282
6478.5 54 7.34847
6479.5 57 7.54983
6480.5 50 7.07107
6481.5 49 7
6482.5 54 7.34847
6483.5 53 7.28011
6484.5 63 7.93725
6485.5 57 7.54983
6486.5 63 7.93725
6487.5 56 7.48331
6488.5 52 7.2111
6489.5 50 7.07107
6490.5 58 7.61577
6491.5 51 7.14143
6492.5 64 8
6493.5 76 8.7178
6494.5 71 8.42615
6495.5 48 6.9282
6496.5 62 7.87401
6497.5 53 7.28011
6498.5 44 6.63325
6499.5 50 7.07107
6500.5 45 6.7082
6501.5 56 7.48331
6502.5 50 7.07107
6503.5 47 6.85565
6504.5 55 7.4162
6505.5 44 6.63325
6506.5 47 6.85565
6507.5 63 7.93725
6508.5 52 7.2111
6509.5 39 6.245
6510.5 62 7.87401
6511.5 63 7.93725
6512.5 55 7.4162
6513.5 62 7.87401
6514.5 56 7.48331
6515.5 39 6.245
6516.5 60 7.74597
6517.5 44 6.63325
6518.5 55 7.4162
6519.5 57 7.54983
6520.5 59 7.68115
6521.5 59 7.68115
6522.5 45 6.7082
6523.5 45 6.7082
6524.5 50 7.07107
6525.5 36 6
6526.5 50 7.07107
6527.5 57 7.54983
6528.5 43 6.55744
6529.5 46 6.78233
6530.5 51 7.14143
6531.5 62 7.87401
6532.5 49 7
6533.5 64 8
6534.5 52 7.2111
6535.5 59 7.68115
6536.5 65 8.06226
6537.5 59 7.68115
6538.5 47 6.85565
6539.5 53 7.28011
6540.5 46 6.78233
6541.5 51 7.14143
6542.5 53 7.28011
6543.5 44 6.63325
6544.5 47 6.85565
6545.5 60 7.74597
6546.5 72 8.48528
6547.5 39 6.245
6548.5 58 7.61577
6549.5 62 7.87401
6550.5 54 7.34847
6551.5 57 7.54983
6552.5 50 7.07107
6553.5 57 7.54983
6554.5 62 7.87401
6555.5 44 6.63325
6556.5 48 6.9282
6557.5 62 7.87401
6558.5 58 7.61577
6559.5 45 6.7082
6560.5 66 8.12404
6561.5 50 7.07107
6562.5 44 6.63325
6563.5 45 6.7082
6564.5 48 6.9282
6565.5 50 7.07107
6566.5 52 7.2111
6567.5 49 7
6568.5 57 7.54983
6569.5 73 8.544
6570.5 61 7.81025
6571.5 39 6.245
6572.5 51 7.14143
6573.5 53 7.28011
6574.5 53 7.28011
6575.5 52 7.2111
6576.5 54 7.34847
6577.5 71 8.42615
6578.5 62 7.87401
6579.5 51 7.14143
6580.5 69 8.30662
6581.5 67 8.18535
6582.5 60 7.74597
6583.5 58 7.61577
6584.5 47 6.85565
6585.5 55 7.4162
6586.5 61 7.81025
6587.5 69 8.30662
6588.5 48 6.9282
6589.5 51 7.14143
6590.5 49 7
6591.5 47 6.85565
6592.5 57 7.54983
6593.5 56 7.48331
6594.5 47 6.85565
6595.5 70 8.3666
6596.5 42 6.48074
6597.5 46 6.78233
6598.5 51 7.14143
6599.5 68 8.24621
6600.5 46 6.78233
6601.5 53 7.28011
6602.5 50 7.07107
6603.5 56 7.48331
6604.5 51 7.14143
6605.5 56 7.48331
6606.5 56 7.48331
6607.5 67 8.18535
6608.5 56 7.48331
6609.5 57 7.54983
6610.5 62 7.87401
6611.5 50 7.07107
6612.5 47 6.85565
6613.5 58 7.61577
6614.5 48 6.9282
6615.5 45 6.7082
6616.5 47 6.85565
6617.5 44 6.63325
6618.5 53 7.28011
6619.5 47 6.85565
6620.5 51 7.14143
6621.5 49 7
6622.5 58 7.61577
6623.5 46 6.78233
6624.5 58 7.61577
6625.5 51 7.14143
6626.5 49 7
6627.5 59 7.68115
6628.5 51 7.14143
6629.5 68 8.24621
6630.5 63 7.93725
6631.5 52 7.2111
6632.5 60 7.74597
6633.5 54 7.34847
6634.5 47 6.85565
6635.5 59 7.68115
6636.5 61 7.81025
6637.5 64 8
6638.5 62 7.87401
6639.5 62 7.87401
6640.5 53 7.28011
6641.5 53 7.28011
6642.5 60 7.74597
6643.5 49 7
6644.5 72 8.48528
6645.5 61 7.81025
6646.5 50 7.07107
6647.5 58 7.61577
6648.5 53 7.28011
6649.5 55 7.4162
6650.5 49 7
6651.5 55 7.4162
6652.5 73 8.544
6653.5 59 7.68115
6654.5 53 7.28011
6655.5 58 7.61577
6656.5 48 6.9282
6657.5 54 7.34847
6658.5 56 7.48331
6659.5 46 6.78233
6660.5 49 7
6661.5 54 7.34847
6662.5 49 7
6663.5 50 7.07107
6664.5 48 6.9282
6665.5 42 6.48074
6666.5 48 6.9282
6667.5 43 6.55744
6668.5 66 8.12404
6669.5 61 7.81025
6670.5 52 7.2111
6671.5 62 7.87401
6672.5 59 7.68115
6673.5 51 7.14143
6674.5 40 6.32456
6675.5 46 6.78233
6676.5 49 7
6677.5 57 7.54983
6678.5 57 7.54983
6679.5 51 7.14143
6680.5 53 7.28011
6681.5 56 7.48331
6682.5 60 7.74597
6683.5 58 7.61577
6684.5 54 7.34847
6685.5 65 8.06226
6686.5 47 6.85565
6687.5 62 7.87401
6688.5 54 7.34847
6689.5 54 7.34847
6690.5 65 8.06226
6691.5 56 7.48331
6692.5 49 7
6693.5 49 7
6694.5 69 8.30662
6695.5 47 6.85565
6696.5 62 7.87401
6697.5 64 8
6698.5 54 7.34847
6699.5 57 7.54983
6700.5 56 7.48331
6701.5 57 7.54983
6702.5 60 7.74597
6703.5 64 8
6704.5 52 7.2111
6705.5 50 7.07107
6706.5 58 7.61577
6707.5 59 7.68115
6708.5 50 7.07107
6709.5 58 7.61577
6710.5 60 7.74597
6711.5 60 7.74597
6712.5 45 6.7082
6713.5 36 6
6714.5 64 8
6715.5 59 7.68115
6716.5 62 7.87401
6717.5 54 7.34847
6718.5 63 7.93725
6719.5 51 7.14143
6720.5 55 7.4162
6721.5 57 7.54983
6722.5 52 7.2111
6723.5 51 7.14143
6724.5 50 7.07107
6725.5 60 7.74597
6726.5 58 7.61577
6727.5 55 7.4162
6728.5 45 6.7082
6729.5 47 6.85565
6730.5 41 6.40312
6731.5 58 7.61577
6732.5 56 7.48331
6733.5 60 7.74597
6734.5 54 7.34847
6735.5 70 8.3666
6736.5 58 7.61577
6737.5 50 7.07107
6738.5 63 7.93725
6739.5 49 7
6740.5 52 7.2111
6741.5 57 7.54983
6742.5 59 7.68115
6743.5 54 7.34847
6744.5 46 6.78233
6745.5 49 7
6746.5 53 7.28011
6747.5 47 6.85565
6748.5 67 8.18535
6749.5 58 7.61577
6750.5 61 7.81025
6751.5 63 7.93725
6752.5 54 7.34847
6753.5 52 7.2111
6754.5 52 7.2111
6755.5 52 7.2111
6756.5 70 8.3666
6757.5 62 7.87401
6758.5 45 6.7082
6759.5 58 7.61577
6760.5 50 7.07107
6761.5 51 7.14143
6762.5 52 7.2111
6763.5 58 7.61577
6764.5 52 7.2111
6765.5 61 7.81025
6766.5 64 8
6767.5 50 7.07107
6768.5 69 8.30662
6769.5 65 8.06226
6770.5 49 7
6771.5 57 7.54983
6772.5 55 7.4162
6773.5 55 7.4162
6774.5 63 7.93725
6775.5 50 7.07107
6776.5 47 6.85565
6777.5 56 7.48331
6778.5 60 7.74597
6779.5 63 7.93725
6780.5 46 6.78233
6781.5 69 8.30662
6782.5 63 7.93725
6783.5 72 8.48528
6784.5 64 8
6785.5 49 7
6786.5 61 7.81025
6787.5 53 7.28011
6788.5 46 6.78233
6789.5 46 6.78233
6790.5 58 7.61577
6791.5 43 6.55744
6792.5 64 8
6793.5 58 7.61577
6794.5 45 6.7082
6795.5 58 7.61577
6796.5 57 7.54983
6797.5 52 7.2111
6798.5 53 7.28011
6799.5 55 7.4162
6800.5 47 6.85565
6801.5 47 6.85565
6802.5 65 8.06226
6803.5 75 8.66025
6804.5 57 7.54983
6805.5 62 7.87401
6806.5 46 6.78233
6807.5 47 6.85565
6808.5 53 7.28011
6809.5 42 6.48074
6810.5 70 8.3666
6811.5 49 7
6812.5 54 7.34847
6813.5 56 7.48331
6814.5 51 7.14143
6815.5 66 8.12404
6816.5 59 7.68115
6817.5 62 7.87401
6818.5 48 6.9282
6819.5 59 7.68115
6820.5 61 7.81025
6821.5 63 7.93725
6822.5 47 6.85565
6823.5 49 7
6824.5 68 8.24621
6825.5 58 7.61577
6826.5 62 7.87401
6827.5 50 7.07107
6828.5 64 8
6829.5 64 8
6830.5 65 8.06226
6831.5 63 7.93725
6832.5 53 7.28011
6833.5 44 6.63325
6834.5 63 7.93725
6835.5 56 7.48331
6836.5 50 7.07107
6837.5 63 7.93725
6838.5 61 7.81025
6839.5 54 7.34847
6840.5 54 7.34847
6841.5 71 8.42615
6842.5 42 6.48074
6843.5 50 7.07107
6844.5 48 6.9282
6845.5 44 6.63325
6846.5 51 7.14143
6847.5 63 7.93725
6848.5 46 6.78233
6849.5 62 7.87401
6850.5 50 7.07107
6851.5 63 7.93725
6852.5 55 7.4162
6853.5 54 7.34847
6854.5 64 8
6855.5 41 6.40312
6856.5 60 7.74597
6857.5 46 6.78233
6858.5 63 7.93725
6859.5 68 8.24621
6860.5 60 7.74597
6861.5 67 8.18535
6862.5 55 7.4162
6863.5 60 7.74597
6864.5 63 7.93725
6865.5 53 7.28011
6866.5 46 6.78233
6867.5 48 6.9282
6868.5 52 7.2111
6869.5 56 7.48331
6870.5 57 7.54983
6871.5 58 7.61577
6872.5 42 6.48074
6873.5 54 7.34847
6874.5 56 7.48331
6875.5 53 7.28011
6876.5 52 7.2111
6877.5 51 7.14143
6878.5 49 7
6879.5 51 7.14143
6880.5 41 6.40312
6881.5 55 7.4162
6882.5 53 7.28011
6883.5 50 7.07107
6884.5 50 7.07107
6885.5 53 7.28011
6886.5 55 7.4162
6887.5 53 7.28011
6888.5 65 8.06226
6889.5 69 8.30662
6890.5 66 8.12404
6891.5 61 7.81025
6892.5 44 6.63325
6893.5 61 7.81025
6894.5 62 7.87401
6895.5 37 6.08276
6896.5 65 8.06226
6897.5 45 6.7082
6898.5 71 8.42615
6899.5 60 7.74597
6900.5 50 7.07107
6901.5 55 7.4162
6902.5 68 8.24621
6903.5 56 7.48331
6904.5 50 7.07107
6905.5 61 7.81025
6906.5 45 6.7082
6907.5 55 7.4162
6908.5 66 8.12404
6909.5 43 6.55744
6910.5 64 8
6911.5 52 7.2111
6912.5 52 7.2111
6913.5 47 6.85565
6914.5 61 7.81025
6915.5 50 7.07107
6916.5 62 7.87401
6917.5 52 7.2111
6918.5 51 7.14143
6919.5 68 8.24621
6920.5 43 6.55744
6921.5 55 7.4162
6922.5 50 7.07107
6923.5 66 8.12404
6924.5 61 7.81025
6925.5 60 7.74597
6926.5 49 7
6927.5 58 7.61577
6928.5 60 7.74597
6929.5 64 8
6930.5 43 6.55744
6931.5 47 6.85565
6932.5 56 7.48331
6933.5 55 7.4162
6934.5 51 7.14143
6935.5 51 7.14143
6936.5 56 7.48331
6937.5 61 7.81025
6938.5 55 7.4162
6939.5 44 6.63325
6940.5 47 6.85565
6941.5 49 7
6942.5 51 7.14143
6943.5 50 7.07107
6944.5 63 7.93725
6945.5 61 7.81025
6946.5 54 7.34847
6947.5 56 7.48331
6948.5 46 6.78233
6949.5 55 7.4162
6950.5 61 7.81025
6951.5 52 7.2111
6952.5 59 7.68115
6953.5 58 7.61577
6954.5 52 7.2111
6955.5 49 7
6956.5 51 7.14143
6957.5 59 7.68115
6958.5 55 7.4162
6959.5 59 7.68115
6960.5 54 7.34847
6961.5 58 7.61577
6962.5 69 8.30662
6963.5 63 7.93725
6964.5 52 7.2111
6965.5 51 7.14143
6966.5 55 7.4162
6967.5 69 8.30662
6968.5 44 6.63325
6969.5 55 7.4162
6970.5 55 7.4162
6971.5 58 7.61577
6972.5 39 6.245
6973.5 67 8.18535
6974.5 62 7.87401
6975.5 56 7.48331
6976.5 48 6.9282
6977.5 44 6.63325
6978.5 55 7.4162
6979.5 62 7.87401
6980.5 45 6.7082
6981.5 55 7.4162
6982.5 48 6.9282
6983.5 53 7.28011
6984.5 47 6.85565
6985.5 55 7.4162
6986.5 60 7.74597
6987.5 60 7.74597
6988.5 62 7.87401
6989.5 69 8.30662
6990.5 66 8.12404
6991.5 62 7.87401
6992.5 58 7.61577
6993.5 60 7.74597
6994.5 52 7.2111
6995.5 48 6.9282
6996.5 54 7.34847
6997.5 48 6.9282
6998.5 56 7.48331
6999.5 62 7.87401
7000.5 57 7.54983
7001.5 49 7
7002.5 42 6.48074
7003.5 47 6.85565
7004.5 54 7.34847
7005.5 47 6.85565
7006.5 50 7.07107
7007.5 52 7.2111
7008.5 50 7.07107
7009.5 59 7.68115
7010.5 52 7.2111
7011.5 34 5.83095
7012.5 45 6.7082
7013.5 52 7.2111
7014.5 61 7.81025
7015.5 64 8
7016.5 59 7.68115
7017.5 55 7.4162
7018.5 62 7.87401
7019.5 44 6.63325
7020.5 58 7.61577
7021.5 55 7.4162
7022.5 48 6.9282
7023.5 59 7.68115
7024.5 39 6.245
7025.5 56 7.48331
7026.5 66 8.12404
7027.5 71 8.42615
7028.5 61 7.81025
7029.5 58 7.61577
7030.5 59 7.68115
7031.5 47 6.85565
7032.5 57 7.54983
7033.5 52 7.2111
7034.5 66 8.12404
7035.5 37 6.08276
7036.5 58 7.61577
7037.5 54 7.34847
7038.5 64 8
7039.5 49 7
7040.5 53 7.28011
7041.5 63 7.93725
7042.5 44 6.63325
7043.5 46 6.78233
7044.5 61 7.81025
7045.5 49 7
7046.5 58 7.61577
7047.5 52 7.2111
7048.5 33 5.74456
7049.5 60 7.74597
7050.5 59 7.68115
7051.5 60 7.74597
7052.5 47 6.85565
7053.5 42 6.48074
7054.5 64 8
7055.5 66 8.12404
7056.5 60 7.74597
7057.5 43 6.55744
7058.5 73 8.544
7059.5 58 7.61577
7060.5 59 7.68115
7061.5 44 6.63325
7062.5 67 8.18535
7063.5 62 7.87401
7064.5 41 6.40312
7065.5 56 7.48331
7066.5 60 7.74597
7067.5 51 7.14143
7068.5 61 7.81025
7069.5 50 7.07107
7070.5 59 7.68115
7071.5 64 8
7072.5 59 7.68115
7073.5 61 7.81025
7074.5 43 6.55744
7075.5 55 7.4162
7076.5 56 7.48331
7077.5 55 7.4162
7078.5 70 8.3666
7079.5 69 8.30662
7080.5 61 7.81025
7081.5 57 7.54983
7082.5 60 7.74597
7083.5 54 7.34847
7084.5 57 7.54983
7085.5 47 6.85565
7086.5 61 7.81025
7087.5 59 7.68115
7088.5 45 6.7082
7089.5 51 7.14143
7090.5 55 7.4162
7091.5 67 8.18535
7092.5 71 8.42615
7093.5 55 7.4162
7094.5 45 6.7082
7095.5 56 7.48331
7096.5 52 7.2111
7097.5 62 7.87401
7098.5 64 8
7099.5 67 8.18535
7100.5 64 8
7101.5 52 7.2111
7102.5 61 7.81025
7103.5 45 6.7082
7104.5 52 7.2111
7105.5 45 6.7082
7106.5 40 6.32456
7107.5 57 7.54983
7108.5 72 8.48528
7109.5 64 8
7110.5 49 7
7111.5 55 7.4162
7112.5 57 7.54983
7113.5 56 7.48331
7114.5 55 7.4162
7115.5 53 7.28011
7116.5 53 7.28011
7117.5 65 8.06226
7118.5 52 7.2111
7119.5 58 7.61577
7120.5 57 7.54983
7121.5 47 6.85565
7122.5 62 7.87401
7123.5 63 7.93725
7124.5 59 7.68115
7125.5 73 8.544
7126.5 49 7
7127.5 50 7.07107
7128.5 67 8.18535
7129.5 56 7.48331
7130.5 57 7.54983
7131.5 67 8.18535
7132.5 62 7.87401
7133.5 53 7.28011
7134.5 68 8.24621
7135.5 70 8.3666
7136.5 55 7.4162
7137.5 65 8.06226
7138.5 62 7.87401
7139.5 50 7.07107
7140.5 67 8.18535
7141.5 56 7.48331
7142.5 56 7.48331
7143.5 50 7.07107
7144.5 41 6.40312
7145.5 70 8.3666
7146.5 54 7.34847
7147.5 62 7.87401
7148.5 59 7.68115
7149.5 57 7.54983
7150.5 55 7.4162
7151.5 57 7.54983
7152.5 57 7.54983
7153.5 60 7.74597
7154.5 61 7.81025
7155.5 56 7.48331
7156.5 56 7.48331
7157.5 62 7.87401
7158.5 56 7.48331
7159.5 44 6.63325
7160.5 55 7.4162
7161.5 64 8
7162.5 53 7.28011
7163.5 63 7.93725
7164.5 62 7.87401
7165.5 61 7.81025
7166.5 57 7.54983
7167.5 49 7
7168.5 60 7.74597
7169.5 51 7.14143
7170.5 59 7.68115
7171.5 51 7.14143
7172.5 68 8.24621
7173.5 71 8.42615
7174.5 57 7.54983
7175.5 67 8.18535
7176.5 73 8.544
7177.5 57 7.54983
7178.5 47 6.85565
7179.5 48 6.9282
7180.5 61 7.81025
7181.5 63 7.93725
7182.5 48 6.9282
7183.5 66 8.12404
7184.5 48 6.9282
7185.5 60 7.74597
7186.5 61 7.81025
7187.5 49 7
7188.5 62 7.87401
7189.5 59 7.68115
7190.5 56 7.48331
7191.5 45 6.7082
7192.5 53 7.28011
7193.5 70 8.3666
7194.5 53 7.28011
7195.5 50 7.07107
7196.5 62 7.87401
7197.5 60 7.74597
7198.5 64 8
7199.5 64 8
7200.5 48 6.9282
7201.5 52 7.2111
7202.5 41 6.40312
7203.5 53 7.28011
7204.5 66 8.12404
7205.5 64 8
7206.5 51 7.14143
7207.5 57 7.54983
7208.5 58 7.61577
7209.5 65 8.06226
7210.5 69 8.30662
7211.5 53 7.28011
7212.5 58 7.61577
7213.5 50 7.07107
7214.5 55 7.4162
7215.5 51 7.14143
7216.5 58 7.61577
7217.5 51 7.14143
7218.5 48 6.9282
7219.5 65 8.06226
7220.5 67 8.18535
7221.5 63 7.93725
7222.5 62 7.87401
7223.5 52 7.2111
7224.5 49 7
7225.5 61 7.81025
7226.5 45 6.7082
7227.5 62 7.87401
7228.5 55 7.4162
7229.5 65 8.06226
7230.5 59 7.68115
7231.5 44 6.63325
7232.5 55 7.4162
7233.5 58 7.61577
7234.5 59 7.68115
7235.5 54 7.34847
7236.5 53 7.28011
7237.5 48 6.9282
7238.5 62 7.87401
7239.5 52 7.2111
7240.5 61 7.81025
7241.5 47 6.85565
7242.5 56 7.48331
7243.5 63 7.93725
7244.5 62 7.87401
7245.5 57 7.54983
7246.5 61 7.81025
7247.5 58 7.61577
7248.5 76 8.7178
7249.5 56 7.48331
7250.5 67 8.18535
7251.5 61 7.81025
7252.5 53 7.28011
7253.5 67 8.18535
7254.5 45 6.7082
7255.5 65 8.06226
7256.5 55 7.4162
7257.5 58 7.61577
7258.5 63 7.93725
7259.5 68 8.24621
7260.5 53 7.28011
7261.5 66 8.12404
7262.5 55 7.4162
7263.5 58 7.61577
7264.5 49 7
7265.5 55 7.4162
7266.5 76 8.7178
7267.5 52 7.2111
7268.5 63 7.93725
7269.5 54 7.34847
7270.5 49 7
7271.5 53 7.28011
7272.5 60 7.74597
7273.5 82 9.05539
7274.5 64 8
7275.5 73 8.544
7276.5 69 8.30662
7277.5 63 7.93725
7278.5 77 8.77496
7279.5 75 8.66025
7280.5 81 9
7281.5 82 9.05539
7282.5 93 9.64365
7283.5 90 9.48683
7284.5 82 9.05539
7285.5 81 9
7286.5 79 8.88819
7287.5 78 8.83176
7288.5 83 9.11043
7289.5 63 7.93725
7290.5 85 9.21954
7291.5 72 8.48528
7292.5 77 8.77496
7293.5 88 9.38083
7294.5 72 8.48528
7295.5 65 8.06226
7296.5 71 8.42615
7297.5 84 9.16515
7298.5 64 8
7299.5 74 8.60233
7300.5 67 8.18535
7301.5 45 6.7082
7302.5 73 8.544
7303.5 69 8.30662
7304.5 65 8.06226
7305.5 66 8.12404
7306.5 61 7.81025
7307.5 53 7.28011
7308.5 63 7.93725
7309.5 69 8.30662
7310.5 58 7.61577
7311.5 58 7.61577
7312.5 58 7.61577
7313.5 58 7.61577
7314.5 56 7.48331
7315.5 52 7.2111
7316.5 59 7.68115
7317.5 59 7.68115
7318.5 57 7.54983
7319.5 60 7.74597
7320.5 55 7.4162
7321.5 68 8.24621
7322.5 61 7.81025
7323.5 73 8.544
7324.5 61 7.81025
7325.5 69 8.30662
7326.5 70 8.3666
7327.5 70 8.3666
7328.5 50 7.07107
7329.5 66 8.12404
7330.5 60 7.74597
7331.5 68 8.24621
7332.5 58 7.61577
7333.5 54 7.34847
7334.5 58 7.61577
7335.5 63 7.93725
7336.5 48 6.9282
7337.5 61 7.81025
7338.5 69 8.30662
7339.5 66 8.12404
7340.5 52 7.2111
7341.5 57 7.54983
7342.5 64 8
7343.5 64 8
7344.5 64 8
7345.5 67 8.18535
7346.5 70 8.3666
7347.5 65 8.06226
7348.5 58 7.61577
7349.5 51 7.14143
7350.5 55 7.4162
7351.5 57 7.54983
7352.5 68 8.24621
7353.5 58 7.61577
7354.5 70 8.3666
7355.5 63 7.93725
7356.5 53 7.28011
7357.5 53 7.28011
7358.5 53 7.28011
7359.5 67 8.18535
7360.5 48 6.9282
7361.5 65 8.06226
7362.5 62 7.87401
7363.5 68 8.24621
7364.5 52 7.2111
7365.5 56 7.48331
7366.5 46 6.78233
7367.5 64 8
7368.5 58 7.61577
7369.5 75 8.66025
7370.5 59 7.68115
7371.5 71 8.42615
7372.5 62 7.87401
7373.5 59 7.68115
7374.5 54 7.34847
7375.5 59 7.68115
7376.5 51 7.14143
7377.5 57 7.54983
7378.5 56 7.48331
7379.5 57 7.54983
7380.5 37 6.08276
7381.5 59 7.68115
7382.5 60 7.74597
7383.5 60 7.74597
7384.5 46 6.78233
7385.5 49 7
7386.5 68 8.24621
7387.5 50 7.07107
7388.5 61 7.81025
7389.5 62 7.87401
7390.5 60 7.74597
7391.5 67 8.18535
7392.5 57 7.54983
7393.5 55 7.4162
7394.5 50 7.07107
7395.5 73 8.544
7396.5 57 7.54983
7397.5 56 7.48331
7398.5 56 7.48331
7399.5 57 7.54983
7400.5 58 7.61577
7401.5 58 7.61577
7402.5 51 7.14143
7403.5 58 7.61577
7404.5 63 7.93725
7405.5 54 7.34847
7406.5 65 8.06226
7407.5 61 7.81025
7408.5 56 7.48331
7409.5 59 7.68115
7410.5 56 7.48331
7411.5 52 7.2111
7412.5 54 7.34847
7413.5 51 7.14143
7414.5 61 7.81025
7415.5 77 8.77496
7416.5 71 8.42615
7417.5 61 7.81025
7418.5 63 7.93725
7419.5 68 8.24621
7420.5 57 7.54983
7421.5 51 7.14143
7422.5 65 8.06226
7423.5 69 8.30662
7424.5 56 7.48331
7425.5 46 6.78233
7426.5 66 8.12404
7427.5 62 7.87401
7428.5 58 7.61577
7429.5 63 7.93725
7430.5 56 7.48331
7431.5 61 7.81025
7432.5 62 7.87401
7433.5 56 7.48331
7434.5 45 6.7082
7435.5 55 7.4162
7436.5 52 7.2111
7437.5 67 8.18535
7438.5 62 7.87401
7439.5 50 7.07107
7440.5 69 8.30662
7441.5 48 6.9282
7442.5 60 7.74597
7443.5 55 7.4162
7444.5 58 7.61577
7445.5 47 6.85565
7446.5 60 7.74597
7447.5 61 7.81025
7448.5 65 8.06226
7449.5 59 7.68115
7450.5 63 7.93725
7451.5 63 7.93725
7452.5 62 7.87401
7453.5 65 8.06226
7454.5 55 7.4162
7455.5 48 6.9282
7456.5 56 7.48331
7457.5 50 7.07107
7458.5 48 6.9282
7459.5 62 7.87401
7460.5 52 7.2111
7461.5 66 8.12404
7462.5 58 7.61577
7463.5 56 7.48331
7464.5 65 8.06226
7465.5 68 8.24621
7466.5 66 8.12404
7467.5 55 7.4162
7468.5 51 7.14143
7469.5 67 8.18535
7470.5 61 7.81025
7471.5 71 8.42615
7472.5 62 7.87401
7473.5 58 7.61577
7474.5 56 7.48331
7475.5 67 8.18535
7476.5 46 6.78233
7477.5 57 7.54983
7478.5 50 7.07107
7479.5 58 7.61577
7480.5 60 7.74597
7481.5 63 7.93725
7482.5 57 7.54983
7483.5 60 7.74597
7484.5 57 7.54983
7485.5 49 7
7486.5 50 7.07107
7487.5 53 7.28011
7488.5 68 8.24621
7489.5 65 8.06226
7490.5 52 7.2111
7491.5 59 7.68115
7492.5 58 7.61577
7493.5 59 7.68115
7494.5 49 7
7495.5 59 7.68115
7496.5 65 8.06226
7497.5 49 7
7498.5 48 6.9282
7499.5 74 8.60233
7500.5 62 7.87401
7501.5 62 7.87401
7502.5 54 7.34847
7503.5 66 8.12404
7504.5 69 8.30662
7505.5 50 7.07107
7506.5 49 7
7507.5 60 7.74597
7508.5 71 8.42615
7509.5 61 7.81025
7510.5 45 6.7082
7511.5 60 7.74597
7512.5 63 7.93725
7513.5 55 7.4162
7514.5 50 7.07107
7515.5 65 8.06226
7516.5 54 7.34847
7517.5 65 8.06226
7518.5 49 7
7519.5 59 7.68115
7520.5 62 7.87401
7521.5 50 7.07107
7522.5 62 7.87401
7523.5 45 6.7082
7524.5 51 7.14143
7525.5 37 6.08276
7526.5 82 9.05539
7527.5 69 8.30662
7528.5 51 7.14143
7529.5 53 7.28011
7530.5 59 7.68115
7531.5 50 7.07107
7532.5 66 8.12404
7533.5 52 7.2111
7534.5 66 8.12404
7535.5 58 7.61577
7536.5 58 7.61577
7537.5 72 8.48528
7538.5 61 7.81025
7539.5 65 8.06226
7540.5 59 7.68115
7541.5 37 6.08276
7542.5 60 7.74597
7543.5 53 7.28011
7544.5 56 7.48331
7545.5 49 7
7546.5 51 7.14143
7547.5 45 6.7082
7548.5 54 7.34847
7549.5 51 7.14143
7550.5 55 7.4162
7551.5 46 6.78233
7552.5 62 7.87401
7553.5 62 7.87401
7554.5 70 8.3666
7555.5 58 7.61577
7556.5 53 7.28011
7557.5 61 7.81025
7558.5 59 7.68115
7559.5 68 8.24621
7560.5 62 7.87401
7561.5 62 7.87401
7562.5 59 7.68115
7563.5 58 7.61577
7564.5 56 7.48331
7565.5 64 8
7566.5 70 8.3666
7567.5 67 8.18535
7568.5 59 7.68115
7569.5 68 8.24621
7570.5 56 7.48331
7571.5 65 8.06226
7572.5 59 7.68115
7573.5 59 7.68115
7574.5 44 6.63325
7575.5 55 7.4162
7576.5 59 7.68115
7577.5 63 7.93725
7578.5 56 7.48331
7579.5 51 7.14143
7580.5 51 7.14143
7581.5 49 7
7582.5 53 7.28011
7583.5 43 6.55744
7584.5 63 7.93725
7585.5 66 8.12404
7586.5 47 6.85565
7587.5 72 8.48528
7588.5 58 7.61577
7589.5 58 7.61577
7590.5 61 7.81025
7591.5 58 7.61577
7592.5 66 8.12404
7593.5 66 8.12404
7594.5 45 6.7082
7595.5 52 7.2111
7596.5 44 6.63325
7597.5 57 7.54983
7598.5 71 8.42615
7599.5 49 7
7600.5 38 6.16441
7601.5 47 6.85565
7602.5 59 7.68115
7603.5 47 6.85565
7604.5 50 7.07107
7605.5 63 7.93725
7606.5 56 7.48331
7607.5 54 7.34847
7608.5 55 7.4162
7609.5 56 7.48331
7610.5 69 8.30662
7611.5 51 7.14143
7612.5 60 7.74597
7613.5 51 7.14143
7614.5 57 7.54983
7615.5 56 7.48331
7616.5 68 8.24621
7617.5 52 7.2111
7618.5 51 7.14143
7619.5 63 7.93725
7620.5 59 7.68115
7621.5 58 7.61577
7622.5 62 7.87401
7623.5 63 7.93725
7624.5 64 8
7625.5 51 7.14143
7626.5 62 7.87401
7627.5 59 7.68115
7628.5 50 7.07107
7629.5 48 6.9282
7630.5 58 7.61577
7631.5 63 7.93725
7632.5 47 6.85565
7633.5 53 7.28011
7634.5 50 7.07107
7635.5 56 7.48331
7636.5 58 7.61577
7637.5 71 8.42615
7638.5 62 7.87401
7639.5 62 7.87401
7640.5 45 6.7082
7641.5 49 7
7642.5 63 7.93725
7643.5 67 8.18535
7644.5 78 8.83176
7645.5 61 7.81025
7646.5 43 6.55744
7647.5 63 7.93725
7648.5 49 7
7649.5 60 7.74597
7650.5 60 7.74597
7651.5 60 7.74597
7652.5 56 7.48331
7653.5 56 7.48331
7654.5 66 8.12404
7655.5 54 7.34847
7656.5 57 7.54983
7657.5 72 8.48528
7658.5 61 7.81025
7659.5 57 7.54983
7660.5 57 7.54983
7661.5 64 8
7662.5 60 7.74597
7663.5 66 8.12404
7664.5 55 7.4162
7665.5 63 7.93725
7666.5 71 8.42615
7667.5 50 7.07107
7668.5 58 7.61577
7669.5 61 7.81025
7670.5 59 7.68115
7671.5 56 7.48331
7672.5 71 8.42615
7673.5 56 7.48331
7674.5 60 7.74597
7675.5 65 8.06226
7676.5 60 7.74597
7677.5 48 6.9282
7678.5 49 7
7679.5 55 7.4162
7680.5 53 7.28011
7681.5 59 7.68115
7682.5 59 7.68115
7683.5 49 7
7684.5 68 8.24621
7685.5 54 7.34847
7686.5 51 7.14143
7687.5 61 7.81025
7688.5 66 8.12404
7689.5 60 7.74597
7690.5 54 7.34847
7691.5 62 7.87401
7692.5 54 7.34847
7693.5 63 7.93725
7694.5 52 7.2111
7695.5 56 7.48331
7696.5 50 7.07107
7697.5 66 8.12404
7698.5 74 8.60233
7699.5 51 7.14143
7700.5 52 7.2111
7701.5 60 7.74597
7702.5 51 7.14143
7703.5 63 7.93725
7704.5 58 7.61577
7705.5 58 7.61577
7706.5 64 8
7707.5 50 7.07107
7708.5 57 7.54983
7709.5 61 7.81025
7710.5 57 7.54983
7711.5 67 8.18535
7712.5 62 7.87401
7713.5 68 8.24621
7714.5 60 7.74597
7715.5 65 8.06226
7716.5 56 7.48331
7717.5 67 8.18535
7718.5 71 8.42615
7719.5 55 7.4162
7720.5 55 7.4162
7721.5 54 7.34847
7722.5 51 7.14143
7723.5 64 8
7724.5 71 8.42615
7725.5 62 7.87401
7726.5 60 7.74597
7727.5 62 7.87401
7728.5 56 7.48331
7729.5 72 8.48528
7730.5 68 8.24621
7731.5 61 7.81025
7732.5 50 7.07107
7733.5 57 7.54983
7734.5 62 7.87401
7735.5 68 8.24621
7736.5 50 7.07107
7737.5 73 8.544
7738.5 60 7.74597
7739.5 59 7.68115
7740.5 55 7.4162
7741.5 55 7.4162
7742.5 67 8.18535
7743.5 51 7.14143
7744.5 74 8.60233
7745.5 60 7.74597
7746.5 67 8.18535
7747.5 63 7.93725
7748.5 55 7.4162
7749.5 62 7.87401
7750.5 49 7
7751.5 46 6.78233
7752.5 54 7.34847
7753.5 68 8.24621
7754.5 42 6.48074
7755.5 64 8
7756.5 70 8.3666
7757.5 58 7.61577
7758.5 67 8.18535
7759.5 45 6.7082
7760.5 59 7.68115
7761.5 63 7.93725
7762.5 62 7.87401
7763.5 54 7.34847
7764.5 63 7.93725
7765.5 64 8
7766.5 56 7.48331
7767.5 63 7.93725
7768.5 59 7.68115
7769.5 50 7.07107
7770.5 68 8.24621
7771.5 49 7
7772.5 70 8.3666
7773.5 52 7.2111
7774.5 55 7.4162
7775.5 56 7.48331
7776.5 67 8.18535
7777.5 55 7.4162
7778.5 55 7.4162
7779.5 56 7.48331
7780.5 63 7.93725
7781.5 67 8.18535
7782.5 43 6.55744
7783.5 61 7.81025
7784.5 61 7.81025
7785.5 60 7.74597
7786.5 65 8.06226
7787.5 48 6.9282
7788.5 48 6.9282
7789.5 61 7.81025
7790.5 56 7.48331
7791.5 63 7.93725
7792.5 56 7.48331
7793.5 74 8.60233
7794.5 59 7.68115
7795.5 60 7.74597
7796.5 58 7.61577
7797.5 56 7.48331
7798.5 63 7.93725
7799.5 56 7.48331
7800.5 67 8.18535
7801.5 53 7.28011
7802.5 59 7.68115
7803.5 65 8.06226
7804.5 63 7.93725
7805.5 49 7
7806.5 68 8.24621
7807.5 51 7.14143
7808.5 62 7.87401
7809.5 69 8.30662
7810.5 61 7.81025
7811.5 58 7.61577
7812.5 55 7.4162
7813.5 50 7.07107
7814.5 71 8.42615
7815.5 67 8.18535
7816.5 57 7.54983
7817.5 71 8.42615
7818.5 59 7.68115
7819.5 68 8.24621
7820.5 56 7.48331
7821.5 44 6.63325
7822.5 57 7.54983
7823.5 48 6.9282
7824.5 49 7
7825.5 50 7.07107
7826.5 46 6.78233
7827.5 46 6.78233
7828.5 51 7.14143
7829.5 56 7.48331
7830.5 55 7.4162
7831.5 60 7.74597
7832.5 55 7.4162
7833.5 68 8.24621
7834.5 59 7.68115
7835.5 48 6.9282
7836.5 51 7.14143
7837.5 56 7.48331
7838.5 57 7.54983
7839.5 73 8.544
7840.5 69 8.30662
7841.5 50 7.07107
7842.5 55 7.4162
7843.5 72 8.48528
7844.5 50 7.07107
7845.5 61 7.81025
7846.5 39 6.245
7847.5 59 7.68115
7848.5 58 7.61577
7849.5 73 8.544
7850.5 54 7.34847
7851.5 59 7.68115
7852.5 50 7.07107
7853.5 59 7.68115
7854.5 61 7.81025
7855.5 62 7.87401
7856.5 56 7.48331
7857.5 45 6.7082
7858.5 59 7.68115
7859.5 53 7.28011
7860.5 54 7.34847
7861.5 68 8.24621
7862.5 60 7.74597
7863.5 48 6.9282
7864.5 49 7
7865.5 60 7.74597
7866.5 66 8.12404
7867.5 48 6.9282
7868.5 58 7.61577
7869.5 51 7.14143
7870.5 59 7.68115
7871.5 45 6.7082
7872.5 58 7.61577
7873.5 52 7.2111
7874.5 65 8.06226
7875.5 54 7.34847
7876.5 66 8.12404
7877.5 65 8.06226
7878.5 66 8.12404
7879.5 54 7.34847
7880.5 60 7.74597
7881.5 65 8.06226
7882.5 60 7.74597
7883.5 59 7.68115
7884.5 60 7.74597
7885.5 52 7.2111
7886.5 61 7.81025
7887.5 48 6.9282
7888.5 77 8.77496
7889.5 60 7.74597
7890.5 65 8.06226
7891.5 69 8.30662
7892.5 52 7.2111
7893.5 58 7.61577
7894.5 43 6.55744
7895.5 62 7.87401
7896.5 68 8.24621
7897.5 88 9.38083
7898.5 54 7.34847
7899.5 60 7.74597
7900.5 56 7.48331
7901.5 57 7.54983
7902.5 75 8.66025
7903.5 63 7.93725
7904.5 57 7.54983
7905.5 55 7.4162
7906.5 72 8.48528
7907.5 49 7
7908.5 58 7.61577
7909.5 61 7.81025
7910.5 60 7.74597
7911.5 56 7.48331
7912.5 70 8.3666
7913.5 55 7.4162
7914.5 64 8
7915.5 69 8.30662
7916.5 57 7.54983
7917.5 52 7.2111
7918.5 58 7.61577
7919.5 50 7.07107
7920.5 75 8.66025
7921.5 52 7.2111
7922.5 61 7.81025
7923.5 72 8.48528
7924.5 54 7.34847
7925.5 44 6.63325
7926.5 60 7.74597
7927.5 63 7.93725
7928.5 62 7.87401
7929.5 62 7.87401
7930.5 66 8.12404
7931.5 48 6.9282
7932.5 63 7.93725
7933.5 67 8.18535
7934.5 76 8.7178
7935.5 65 8.06226
7936.5 69 8.30662
7937.5 64 8
7938.5 67 8.18535
7939.5 62 7.87401
7940.5 68 8.24621
7941.5 66 8.12404
7942.5 73 8.544
7943.5 69 8.30662
7944.5 72 8.48528
7945.5 63 7.93725
7946.5 55 7.4162
7947.5 64 8
7948.5 54 7.34847
7949.5 64 8
7950.5 59 7.68115
7951.5 64 8
7952.5 47 6.85565
7953.5 59 7.68115
7954.5 56 7.48331
7955.5 56 7.48331
7956.5 58 7.61577
7957.5 50 7.07107
7958.5 60 7.74597
7959.5 67 8.18535
7960.5 61 7.81025
7961.5 59 7.68115
7962.5 55 7.4162
7963.5 48 6.9282
7964.5 53 7.28011
7965.5 69 8.30662
7966.5 63 7.93725
7967.5 60 7.74597
7968.5 64 8
7969.5 64 8
7970.5 60 7.74597
7971.5 64 8
7972.5 52 7.2111
7973.5 60 7.74597
7974.5 57 7.54983
7975.5 57 7.54983
7976.5 68 8.24621
7977.5 55 7.4162
7978.5 74 8.60233
7979.5 46 6.78233
7980.5 65 8.06226
7981.5 60 7.74597
7982.5 66 8.12404
7983.5 50 7.07107
7984.5 52 7.2111
7985.5 51 7.14143
7986.5 66 8.12404
7987.5 52 7.2111
7988.5 66 8.12404
7989.5 51 7.14143
7990.5 67 8.18535
7991.5 56 7.48331
7992.5 78 8.83176
7993.5 43 6.55744
7994.5 61 7.81025
7995.5 63 7.93725
7996.5 64 8
7997.5 65 8.06226
7998.5 72 8.48528
7999.5 61 7.81025
8000.5 59 7.68115
8001.5 68 8.24621
8002.5 62 7.87401
8003.5 61 7.81025
8004.5 60 7.74597
8005.5 54 7.34847
8006.5 64 8
8007.5 56 7.48331
8008.5 65 8.06226
8009.5 60 7.74597
8010.5 47 6.85565
8011.5 72 8.48528
8012.5 56 7.48331
8013.5 57 7.54983
8014.5 56 7.48331
8015.5 53 7.28011
8016.5 61 7.81025
8017.5 52 7.2111
8018.5 47 6.85565
8019.5 45 6.7082
8020.5 55 7.4162
8021.5 74 8.60233
8022.5 67 8.18535
8023.5 63 7.93725
8024.5 57 7.54983
8025.5 64 8
8026.5 46 6.78233
8027.5 51 7.14143
8028.5 46 6.78233
8029.5 61 7.81025
8030.5 54 7.34847
8031.5 61 7.81025
8032.5 55 7.4162
8033.5 49 7
8034.5 55 7.4162
8035.5 82 9.05539
8036.5 60 7.74597
8037.5 82 9.05539
8038.5 71 8.42615
8039.5 50 7.07107
8040.5 63 7.93725
8041.5 52 7.2111
8042.5 66 8.12404
8043.5 52 7.2111
8044.5 64 8
8045.5 52 7.2111
8046.5 53 7.28011
8047.5 60 7.74597
8048.5 66 8.12404
8049.5 60 7.74597
8050.5 51 7.14143
8051.5 63 7.93725
8052.5 59 7.68115
8053.5 56 7.48331
8054.5 55 7.4162
8055.5 73 8.544
8056.5 49 7
8057.5 62 7.87401
8058.5 60 7.74597
8059.5 62 7.87401
8060.5 59 7.68115
8061.5 67 8.18535
8062.5 65 8.06226
8063.5 48 6.9282
8064.5 49 7
8065.5 74 8.60233
8066.5 49 7
8067.5 60 7.74597
8068.5 56 7.48331
8069.5 53 7.28011
8070.5 65 8.06226
8071.5 76 8.7178
8072.5 63 7.93725
8073.5 52 7.2111
8074.5 54 7.34847
8075.5 54 7.34847
8076.5 70 8.3666
8077.5 65 8.06226
8078.5 54 7.34847
8079.5 63 7.93725
8080.5 68 8.24621
8081.5 57 7.54983
8082.5 64 8
8083.5 66 8.12404
8084.5 65 8.06226
8085.5 61 7.81025
8086.5 68 8.24621
8087.5 58 7.61577
8088.5 48 6.9282
8089.5 55 7.4162
8090.5 66 8.12404
8091.5 56 7.48331
8092.5 74 8.60233
8093.5 63 7.93725
8094.5 51 7.14143
8095.5 60 7.74597
8096.5 73 8.544
8097.5 56 7.48331
8098.5 52 7.2111
8099.5 58 7.61577
8100.5 68 8.24621
8101.5 70 8.3666
8102.5 64 8
8103.5 59 7.68115
8104.5 60 7.74597
8105.5 55 7.4162
8106.5 67 8.18535
8107.5 64 8
8108.5 42 6.48074
8109.5 47 6.85565
8110.5 53 7.28011
8111.5 54 7.34847
8112.5 49 7
8113.5 56 7.48331
8114.5 72 8.48528
8115.5 69 8.30662
8116.5 54 7.34847
8117.5 55 7.4162
8118.5 55 7.4162
8119.5 52 7.2111
8120.5 66 8.12404
8121.5 62 7.87401
8122.5 78 8.83176
8123.5 55 7.4162
8124.5 63 7.93725
8125.5 66 8.12404
8126.5 65 8.06226
8127.5 55 7.4162
8128.5 68 8.24621
8129.5 57 7.54983
8130.5 84 9.16515
8131.5 63 7.93725
8132.5 63 7.93725
8133.5 66 8.12404
8134.5 56 7.48331
8135.5 59 7.68115
8136.5 67 8.18535
8137.5 69 8.30662
8138.5 52 7.2111
8139.5 59 7.68115
8140.5 55 7.4162
8141.5 63 7.93725
8142.5 61 7.81025
8143.5 72 8.48528
8144.5 65 8.06226
8145.5 62 7.87401
8146.5 60 7.74597
8147.5 70 8.3666
8148.5 48 6.9282
8149.5 76 8.7178
8150.5 66 8.12404
8151.5 57 7.54983
8152.5 61 7.81025
8153.5 62 7.87401
8154.5 59 7.68115
8155.5 67 8.18535
8156.5 73 8.544
8157.5 69 8.30662
8158.5 71 8.42615
8159.5 71 8.42615
8160.5 62 7.87401
8161.5 75 8.66025
8162.5 57 7.54983
8163.5 66 8.12404
8164.5 66 8.12404
8165.5 59 7.68115
8166.5 69 8.30662
8167.5 77 8.77496
8168.5 50 7.07107
8169.5 66 8.12404
8170.5 58 7.61577
8171.5 56 7.48331
8172.5 65 8.06226
8173.5 68 8.24621
8174.5 72 8.48528
8175.5 67 8.18535
8176.5 69 8.30662
8177.5 52 7.2111
8178.5 53 7.28011
8179.5 63 7.93725
8180.5 68 8.24621
8181.5 58 7.61577
8182.5 75 8.66025
8183.5 75 8.66025
8184.5 59 7.68115
8185.5 56 7.48331
8186.5 64 8
8187.5 82 9.05539
8188.5 58 7.61577
8189.5 58 7.61577
8190.5 63 7.93725
8191.5 53 7.28011
8192.5 50 7.07107
8193.5 59 7.68115
8194.5 64 8
8195.5 65 8.06226
8196.5 55 7.4162
8197.5 55 7.4162
8198.5 67 8.18535
8199.5 70 8.3666
8200.5 69 8.30662
8201.5 64 8
8202.5 59 7.68115
8203.5 63 7.93725
8204.5 82 9.05539
8205.5 61 7.81025
8206.5 75 8.66025
8207.5 69 8.30662
8208.5 77 8.77496
8209.5 69 8.30662
8210.5 51 7.14143
8211.5 78 8.83176
8212.5 56 7.48331
8213.5 64 8
8214.5 69 8.30662
8215.5 60 7.74597
8216.5 62 7.87401
8217.5 55 7.4162
8218.5 63 7.93725
8219.5 81 9
8220.5 79 8.88819
8221.5 52 7.2111
8222.5 66 8.12404
8223.5 70 8.3666
8224.5 67 8.18535
8225.5 67 8.18535
8226.5 62 7.87401
8227.5 55 7.4162
8228.5 81 9
8229.5 65 8.06226
8230.5 55 7.4162
8231.5 65 8.06226
8232.5 56 7.48331
8233.5 85 9.21954
8234.5 72 8.48528
8235.5 67 8.18535
8236.5 48 6.9282
8237.5 72 8.48528
8238.5 54 7.34847
8239.5 58 7.61577
8240.5 74 8.60233
8241.5 66 8.12404
8242.5 56 7.48331
8243.5 64 8
8244.5 62 7.87401
8245.5 59 7.68115
8246.5 76 8.7178
8247.5 63 7.93725
8248.5 59 7.68115
8249.5 53 7.28011
8250.5 59 7.68115
8251.5 69 8.30662
8252.5 58 7.61577
8253.5 53 7.28011
8254.5 51 7.14143
8255.5 65 8.06226
8256.5 60 7.74597
8257.5 66 8.12404
8258.5 68 8.24621
8259.5 80 8.94427
8260.5 69 8.30662
8261.5 63 7.93725
8262.5 70 8.3666
8263.5 56 7.48331
8264.5 63 7.93725
8265.5 73 8.544
8266.5 71 8.42615
8267.5 79 8.88819
8268.5 60 7.74597
8269.5 65 8.06226
8270.5 66 8.12404
8271.5 61 7.81025
8272.5 66 8.12404
8273.5 67 8.18535
8274.5 44 6.63325
8275.5 61 7.81025
8276.5 54 7.34847
8277.5 69 8.30662
8278.5 76 8.7178
8279.5 74 8.60233
8280.5 55 7.4162
8281.5 59 7.68115
8282.5 55 7.4162
8283.5 62 7.87401
8284.5 54 7.34847
8285.5 68 8.24621
8286.5 91 9.53939
8287.5 53 7.28011
8288.5 66 8.12404
8289.5 59 7.68115
8290.5 68 8.24621
8291.5 71 8.42615
8292.5 74 8.60233
8293.5 59 7.68115
8294.5 53 7.28011
8295.5 68 8.24621
8296.5 63 7.93725
8297.5 53 7.28011
8298.5 58 7.61577
8299.5 46 6.78233
8300.5 51 7.14143
8301.5 75 8.66025
8302.5 63 7.93725
8303.5 64 8
8304.5 77 8.77496
8305.5 59 7.68115
8306.5 72 8.48528
8307.5 60 7.74597
8308.5 54 7.34847
8309.5 75 8.66025
8310.5 62 7.87401
8311.5 75 8.66025
8312.5 66 8.12404
8313.5 53 7.28011
8314.5 70 8.3666
8315.5 71 8.42615
8316.5 57 7.54983
8317.5 54 7.34847
8318.5 60 7.74597
8319.5 60 7.74597
8320.5 54 7.34847
8321.5 62 7.87401
8322.5 71 8.42615
8323.5 62 7.87401
8324.5 57 7.54983
8325.5 57 7.54983
8326.5 50 7.07107
8327.5 64 8
8328.5 59 7.68115
8329.5 53 7.28011
8330.5 64 8
8331.5 63 7.93725
8332.5 59 7.68115
8333.5 57 7.54983
8334.5 58 7.61577
8335.5 59 7.68115
8336.5 68 8.24621
8337.5 61 7.81025
8338.5 74 8.60233
8339.5 67 8.18535
8340.5 59 7.68115
8341.5 70 8.3666
8342.5 67 8.18535
8343.5 74 8.60233
8344.5 75 8.66025
8345.5 64 8
8346.5 67 8.18535
8347.5 60 7.74597
8348.5 81 9
8349.5 65 8.06226
8350.5 55 7.4162
8351.5 61 7.81025
8352.5 71 8.42615
8353.5 63 7.93725
8354.5 59 7.68115
8355.5 68 8.24621
8356.5 61 7.81025
8357.5 65 8.06226
8358.5 57 7.54983
8359.5 84 9.16515
8360.5 52 7.2111
8361.5 61 7.81025
8362.5 61 7.81025
8363.5 53 7.28011
8364.5 59 7.68115
8365.5 60 7.74597
8366.5 66 8.12404
8367.5 65 8.06226
8368.5 64 8
8369.5 60 7.74597
8370.5 55 7.4162
8371.5 62 7.87401
8372.5 59 7.68115
8373.5 76 8.7178
8374.5 78 8.83176
8375.5 71 8.42615
8376.5 73 8.544
8377.5 79 8.88819
8378.5 69 8.30662
8379.5 62 7.87401
8380.5 59 7.68115
8381.5 70 8.3666
8382.5 63 7.93725
8383.5 61 7.81025
8384.5 89 9.43398
8385.5 59 7.68115
8386.5 63 7.93725
8387.5 74 8.60233
8388.5 79 8.88819
8389.5 58 7.61577
8390.5 79 8.88819
8391.5 74 8.60233
8392.5 72 8.48528
8393.5 75 8.66025
8394.5 62 7.87401
8395.5 79 8.88819
8396.5 57 7.54983
8397.5 55 7.4162
8398.5 70 8.3666
8399.5 64 8
8400.5 71 8.42615
8401.5 53 7.28011
8402.5 81 9
8403.5 71 8.42615
8404.5 80 8.94427
8405.5 88 9.38083
8406.5 72 8.48528
8407.5 75 8.66025
8408.5 68 8.24621
8409.5 75 8.66025
8410.5 76 8.7178
8411.5 67 8.18535
8412.5 75 8.66025
8413.5 77 8.77496
8414.5 76 8.7178
8415.5 72 8.48528
8416.5 66 8.12404
8417.5 81 9
8418.5 85 9.21954
8419.5 82 9.05539
8420.5 101 10.0499
8421.5 91 9.53939
8422.5 80 8.94427
8423.5 94 9.69536
8424.5 95 9.74679
8425.5 102 10.0995
8426.5 102 10.0995
8427.5 127 11.2694
8428.5 135 11.619
8429.5 128 11.3137
8430.5 138 11.7473
8431.5 141 11.8743
8432.5 137 11.7047
8433.5 187 13.6748
8434.5 181 13.4536
8435.5 201 14.1774
8436.5 181 13.4536
8437.5 186 13.6382
8438.5 203 14.2478
8439.5 208 14.4222
8440.5 218 14.7648
8441.5 207 14.3875
8442.5 196 14
8443.5 190 13.784
8444.5 210 14.4914
8445.5 214 14.6287
8446.5 178 13.3417
8447.5 185 13.6015
8448.5 176 13.2665
8449.5 168 12.9615
8450.5 158 12.5698
8451.5 170 13.0384
8452.5 148 12.1655
8453.5 143 11.9583
8454.5 121 11
8455.5 123 11.0905
8456.5 116 10.7703
8457.5 105 10.247
8458.5 112 10.583
8459.5 104 10.198
8460.5 88 9.38083
8461.5 101 10.0499
8462.5 113 10.6301
8463.5 108 10.3923
8464.5 89 9.43398
8465.5 92 9.59166
8466.5 108 10.3923
8467.5 79 8.88819
8468.5 69 8.30662
8469.5 82 9.05539
8470.5 80 8.94427
8471.5 63 7.93725
8472.5 78 8.83176
8473.5 86 9.27362
8474.5 76 8.7178
8475.5 82 9.05539
8476.5 66 8.12404
8477.5 63 7.93725
8478.5 69 8.30662
8479.5 64 8
8480.5 83 9.11043
8481.5 64 8
8482.5 83 9.11043
8483.5 82 9.05539
8484.5 75 8.66025
8485.5 83 9.11043
8486.5 77 8.77496
8487.5 77 8.77496
8488.5 51 7.14143
8489.5 75 8.66025
8490.5 49 7
8491.5 53 7.28011
8492.5 71 8.42615
8493.5 69 8.30662
8494.5 76 8.7178
8495.5 74 8.60233
8496.5 70 8.3666
8497.5 61 7.81025
8498.5 83 9.11043
8499.5 89 9.43398
8500.5 75 8.66025
8501.5 83 9.11043
8502.5 61 7.81025
8503.5 77 8.77496
8504.5 66 8.12404
8505.5 74 8.60233
8506.5 65 8.06226
8507.5 77 8.77496
8508.5 72 8.48528
8509.5 59 7.68115
8510.5 76 8.7178
8511.5 67 8.18535
8512.5 75 8.66025
8513.5 70 8.3666
8514.5 80 8.94427
8515.5 81 9
8516.5 90 9.48683
8517.5 91 9.53939
8518.5 67 8.18535
8519.5 54 7.34847
8520.5 60 7.74597
8521.5 80 8.94427
8522.5 75 8.66025
8523.5 63 7.93725
8524.5 61 7.81025
8525.5 84 9.16515
8526.5 81 9
8527.5 74 8.60233
8528.5 84 9.16515
8529.5 72 8.48528
8530.5 73 8.544
8531.5 80 8.94427
8532.5 67 8.18535
8533.5 90 9.48683
8534.5 80 8.94427
8535.5 81 9
8536.5 73 8.544
8537.5 73 8.544
8538.5 69 8.30662
8539.5 75 8.66025
8540.5 68 8.24621
8541.5 57 7.54983
8542.5 75 8.66025
8543.5 82 9.05539
8544.5 78 8.83176
8545.5 57 7.54983
8546.5 66 8.12404
8547.5 66 8.12404
8548.5 79 8.88819
8549.5 77 8.77496
8550.5 58 7.61577
8551.5 61 7.81025
8552.5 65 8.06226
8553.5 88 9.38083
8554.5 59 7.68115
8555.5 85 9.21954
8556.5 79 8.88819
8557.5 62 7.87401
8558.5 76 8.7178
8559.5 68 8.24621
8560.5 70 8.3666
8561.5 66 8.12404
8562.5 74 8.60233
8563.5 83 9.11043
8564.5 75 8.66025
8565.5 81 9
8566.5 71 8.42615
8567.5 65 8.06226
8568.5 60 7.74597
8569.5 62 7.87401
8570.5 61 7.81025
8571.5 75 8.66025
8572.5 75 8.66025
8573.5 74 8.60233
8574.5 69 8.30662
8575.5 62 7.87401
8576.5 69 8.30662
8577.5 68 8.24621
8578.5 55 7.4162
8579.5 63 7.93725
8580.5 81 9
8581.5 82 9.05539
8582.5 56 7.48331
8583.5 53 7.28011
8584.5 68 8.24621
8585.5 62 7.87401
8586.5 76 8.7178
8587.5 67 8.18535
8588.5 62 7.87401
8589.5 58 7.61577
8590.5 83 9.11043
8591.5 72 8.48528
8592.5 76 8.7178
8593.5 74 8.60233
8594.5 71 8.42615
8595.5 73 8.544
8596.5 57 7.54983
8597.5 78 8.83176
8598.5 77 8.77496
8599.5 66 8.12404
8600.5 69 8.30662
8601.5 82 9.05539
8602.5 63 7.93725
8603.5 72 8.48528
8604.5 81 9
8605.5 81 9
8606.5 72 8.48528
8607.5 89 9.43398
8608.5 76 8.7178
8609.5 71 8.42615
8610.5 67 8.18535
8611.5 80 8.94427
8612.5 68 8.24621
8613.5 89 9.43398
8614.5 61 7.81025
8615.5 51 7.14143
8616.5 62 7.87401
8617.5 66 8.12404
8618.5 68 8.24621
8619.5 81 9
8620.5 81 9
8621.5 76 8.7178
8622.5 77 8.77496
8623.5 78 8.83176
8624.5 67 8.18535
8625.5 76 8.7178
8626.5 79 8.88819
8627.5 62 7.87401
8628.5 77 8.77496
8629.5 73 8.544
8630.5 67 8.18535
8631.5 81 9
8632.5 67 8.18535
8633.5 78 8.83176
8634.5 74 8.60233
8635.5 74 8.60233
8636.5 76 8.7178
8637.5 64 8
8638.5 70 8.3666
8639.5 77 8.77496
8640.5 91 9.53939
8641.5 72 8.48528
8642.5 82 9.05539
8643.5 86 9.27362
8644.5 80 8.94427
8645.5 71 8.42615
8646.5 73 8.544
8647.5 67 8.18535
8648.5 67 8.18535
8649.5 75 8.66025
8650.5 67 8.18535
8651.5 74 8.60233
8652.5 75 8.66025
8653.5 76 8.7178
8654.5 86 9.27362
8655.5 78 8.83176
8656.5 74 8.60233
8657.5 69 8.30662
8658.5 70 8.3666
8659.5 73 8.544
8660.5 66 8.12404
8661.5 71 8.42615
8662.5 63 7.93725
8663.5 63 7.93725
8664.5 73 8.544
8665.5 74 8.60233
8666.5 57 7.54983
8667.5 70 8.3666
8668.5 83 9.11043
8669.5 70 8.3666
8670.5 73 8.544
8671.5 72 8.48528
8672.5 52 7.2111
8673.5 82 9.05539
8674.5 82 9.05539
8675.5 78 8.83176
8676.5 69 8.30662
8677.5 77 8.77496
8678.5 89 9.43398
8679.5 76 8.7178
8680.5 84 9.16515
8681.5 86 9.27362
8682.5 84 9.16515
8683.5 83 9.11043
8684.5 67 8.18535
8685.5 70 8.3666
8686.5 64 8
8687.5 70 8.3666
8688.5 70 8.3666
8689.5 84 9.16515
8690.5 72 8.48528
8691.5 77 8.77496
8692.5 79 8.88819
8693.5 83 9.11043
8694.5 65 8.06226
8695.5 82 9.05539
8696.5 74 8.60233
8697.5 66 8.12404
8698.5 74 8.60233
8699.5 86 9.27362
8700.5 78 8.83176
8701.5 73 8.544
8702.5 69 8.30662
8703.5 83 9.11043
8704.5 82 9.05539
8705.5 75 8.66025
8706.5 82 9.05539
8707.5 64 8
8708.5 71 8.42615
8709.5 74 8.60233
8710.5 67 8.18535
8711.5 80 8.94427
8712.5 89 9.43398
8713.5 86 9.27362
8714.5 77 8.77496
8715.5 71 8.42615
8716.5 74 8.60233
8717.5 85 9.21954
8718.5 55 7.4162
8719.5 74 8.60233
8720.5 85 9.21954
8721.5 83 9.11043
8722.5 73 8.544
8723.5 59 7.68115
8724.5 91 9.53939
8725.5 84 9.16515
8726.5 77 8.77496
8727.5 100 10
8728.5 85 9.21954
8729.5 69 8.30662
8730.5 81 9
8731.5 80 8.94427
8732.5 91 9.53939
8733.5 94 9.69536
8734.5 73 8.544
8735.5 83 9.11043
8736.5 89 9.43398
8737.5 89 9.43398
8738.5 93 9.64365
8739.5 84 9.16515
8740.5 83 9.11043
8741.5 87 9.32738
8742.5 83 9.11043
8743.5 106 10.2956
8744.5 89 9.43398
8745.5 95 9.74679
8746.5 98 9.89949
8747.5 85 9.21954
8748.5 73 8.544
8749.5 90 9.48683
8750.5 87 9.32738
8751.5 85 9.21954
8752.5 85 9.21954
8753.5 95 9.74679
8754.5 76 8.7178
8755.5 86 9.27362
8756.5 67 8.18535
8757.5 71 8.42615
8758.5 75 8.66025
8759.5 71 8.42615
8760.5 78 8.83176
8761.5 96 9.79796
8762.5 82 9.05539
8763.5 65 8.06226
8764.5 81 9
8765.5 87 9.32738
8766.5 65 8.06226
8767.5 82 9.05539
8768.5 67 8.18535
8769.5 91 9.53939
8770.5 60 7.74597
8771.5 64 8
8772.5 83 9.11043
8773.5 80 8.94427
8774.5 81 9
8775.5 72 8.48528
8776.5 93 9.64365
8777.5 79 8.88819
8778.5 69 8.30662
8779.5 75 8.66025
8780.5 74 8.60233
8781.5 72 8.48528
8782.5 78 8.83176
8783.5 81 9
8784.5 68 8.24621
8785.5 86 9.27362
8786.5 70 8.3666
8787.5 72 8.48528
8788.5 70 8.3666
8789.5 62 7.87401
8790.5 61 7.81025
8791.5 98 9.89949
8792.5 76 8.7178
8793.5 74 8.60233
8794.5 67 8.18535
8795.5 82 9.05539
8796.5 65 8.06226
8797.5 68 8.24621
8798.5 65 8.06226
8799.5 79 8.88819
8800.5 79 8.88819
8801.5 62 7.87401
8802.5 75 8.66025
8803.5 77 8.77496
8804.5 65 8.06226
8805.5 89 9.43398
8806.5 70 8.3666
8807.5 84 9.16515
8808.5 92 9.59166
8809.5 76 8.7178
8810.5 65 8.06226
8811.5 81 9
8812.5 74 8.60233
8813.5 77 8.77496
8814.5 66 8.12404
8815.5 86 9.27362
8816.5 84 9.16515
8817.5 74 8.60233
8818.5 70 8.3666
8819.5 74 8.60233
8820.5 79 8.88819
8821.5 76 8.7178
8822.5 68 8.24621
8823.5 80 8.94427
8824.5 65 8.06226
8825.5 81 9
8826.5 79 8.88819
8827.5 72 8.48528
8828.5 62 7.87401
8829.5 83 9.11043
8830.5 66 8.12404
8831.5 83 9.11043
8832.5 70 8.3666
8833.5 74 8.60233
8834.5 86 9.27362
8835.5 70 8.3666
8836.5 79 8.88819
8837.5 62 7.87401
8838.5 64 8
8839.5 69 8.30662
8840.5 57 7.54983
8841.5 79 8.88819
8842.5 72 8.48528
8843.5 71 8.42615
8844.5 84 9.16515
8845.5 76 8.7178
8846.5 98 9.89949
8847.5 72 8.48528
8848.5 81 9
8849.5 90 9.48683
8850.5 79 8.88819
8851.5 74 8.60233
8852.5 66 8.12404
8853.5 56 7.48331
8854.5 76 8.7178
8855.5 86 9.27362
8856.5 75 8.66025
8857.5 66 8.12404
8858.5 87 9.32738
8859.5 83 9.11043
8860.5 72 8.48528
8861.5 77 8.77496
8862.5 73 8.544
8863.5 53 7.28011
8864.5 63 7.93725
8865.5 71 8.42615
8866.5 67 8.18535
8867.5 74 8.60233
8868.5 81 9
8869.5 95 9.74679
8870.5 59 7.68115
8871.5 81 9
8872.5 72 8.48528
8873.5 88 9.38083
8874.5 76 8.7178
8875.5 74 8.60233
8876.5 81 9
8877.5 83 9.11043
8878.5 72 8.48528
8879.5 77 8.77496
8880.5 71 8.42615
8881.5 65 8.06226
8882.5 78 8.83176
8883.5 73 8.544
8884.5 81 9
8885.5 67 8.18535
8886.5 88 9.38083
8887.5 67 8.18535
8888.5 72 8.48528
8889.5 73 8.544
8890.5 70 8.3666
8891.5 75 8.66025
8892.5 63 7.93725
8893.5 66 8.12404
8894.5 83 9.11043
8895.5 68 8.24621
8896.5 64 8
8897.5 76 8.7178
8898.5 77 8.77496
8899.5 84 9.16515
8900.5 82 9.05539
8901.5 74 8.60233
8902.5 69 8.30662
8903.5 87 9.32738
8904.5 84 9.16515
8905.5 95 9.74679
8906.5 86 9.27362
8907.5 73 8.544
8908.5 82 9.05539
8909.5 87 9.32738
8910.5 90 9.48683
8911.5 81 9
8912.5 69 8.30662
8913.5 71 8.42615
8914.5 83 9.11043
8915.5 62 7.87401
8916.5 82 9.05539
8917.5 64 8
8918.5 71 8.42615
8919.5 93 9.64365
8920.5 60 7.74597
8921.5 79 8.88819
8922.5 58 7.61577
8923.5 81 9
8924.5 86 9.27362
8925.5 74 8.60233
8926.5 66 8.12404
8927.5 85 9.21954
8928.5 84 9.16515
8929.5 65 8.06226
8930.5 85 9.21954
8931.5 78 8.83176
8932.5 64 8
8933.5 63 7.93725
8934.5 92 9.59166
8935.5 81 9
8936.5 63 7.93725
8937.5 66 8.12404
8938.5 54 7.34847
8939.5 77 8.77496
8940.5 81 9
8941.5 81 9
8942.5 90 9.48683
8943.5 76 8.7178
8944.5 74 8.60233
8945.5 90 9.48683
8946.5 90 9.48683
8947.5 79 8.88819
8948.5 79 8.88819
8949.5 80 8.94427
8950.5 95 9.74679
8951.5 97 9.84886
8952.5 81 9
8953.5 73 8.544
8954.5 81 9
8955.5 68 8.24621
8956.5 86 9.27362
8957.5 79 8.88819
8958.5 70 8.3666
8959.5 88 9.38083
8960.5 60 7.74597
8961.5 84 9.16515
8962.5 74 8.60233
8963.5 96 9.79796
8964.5 62 7.87401
8965.5 77 8.77496
8966.5 92 9.59166
8967.5 86 9.27362
8968.5 79 8.88819
8969.5 80 8.94427
8970.5 81 9
8971.5 87 9.32738
8972.5 69 8.30662
8973.5 73 8.544
8974.5 77 8.77496
8975.5 86 9.27362
8976.5 90 9.48683
8977.5 66 8.12404
8978.5 83 9.11043
8979.5 56 7.48331
8980.5 93 9.64365
8981.5 83 9.11043
8982.5 78 8.83176
8983.5 73 8.544
8984.5 88 9.38083
8985.5 80 8.94427
8986.5 79 8.88819
8987.5 75 8.66025
8988.5 76 8.7178
8989.5 72 8.48528
8990.5 93 9.64365
8991.5 94 9.69536
8992.5 77 8.77496
8993.5 91 9.53939
8994.5 55 7.4162
8995.5 82 9.05539
8996.5 78 8.83176
8997.5 83 9.11043
8998.5 74 8.60233
8999.5 81 9
9000.5 83 9.11043
9001.5 69 8.30662
9002.5 78 8.83176
9003.5 82 9.05539
9004.5 83 9.11043
9005.5 105 10.247
9006.5 64 8
9007.5 74 8.60233
9008.5 97 9.84886
9009.5 76 8.7178
9010.5 83 9.11043
9011.5 95 9.74679
9012.5 79 8.88819
9013.5 79 8.88819
9014.5 82 9.05539
9015.5 75 8.66025
9016.5 80 8.94427
9017.5 87 9.32738
9018.5 78 8.83176
9019.5 74 8.60233
9020.5 92 9.59166
9021.5 86 9.27362
9022.5 69 8.30662
9023.5 83 9.11043
9024.5 87 9.32738
9025.5 89 9.43398
9026.5 75 8.66025
9027.5 76 8.7178
9028.5 77 8.77496
9029.5 79 8.88819
9030.5 86 9.27362
9031.5 75 8.66025
9032.5 79 8.88819
9033.5 74 8.60233
9034.5 78 8.83176
9035.5 93 9.64365
9036.5 75 8.66025
9037.5 70 8.3666
9038.5 98 9.89949
9039.5 75 8.66025
9040.5 79 8.88819
9041.5 87 9.32738
9042.5 66 8.12404
9043.5 87 9.32738
9044.5 73 8.544
9045.5 77 8.77496
9046.5 79 8.88819
9047.5 83 9.11043
9048.5 77 8.77496
9049.5 85 9.21954
9050.5 69 8.30662
9051.5 88 9.38083
9052.5 80 8.94427
9053.5 61 7.81025
9054.5 85 9.21954
9055.5 92 9.59166
9056.5 75 8.66025
9057.5 60 7.74597
9058.5 85 9.21954
9059.5 91 9.53939
9060.5 76 8.7178
9061.5 78 8.83176
9062.5 81 9
9063.5 78 8.83176
9064.5 74 8.60233
9065.5 92 9.59166
9066.5 81 9
9067.5 65 8.06226
9068.5 91 9.53939
9069.5 86 9.27362
9070.5 66 8.12404
9071.5 88 9.38083
9072.5 84 9.16515
9073.5 83 9.11043
9074.5 99 9.94987
9075.5 102 10.0995
9076.5 64 8
9077.5 83 9.11043
9078.5 93 9.64365
9079.5 91 9.53939
9080.5 84 9.16515
9081.5 80 8.94427
9082.5 85 9.21954
9083.5 79 8.88819
9084.5 88 9.38083
9085.5 77 8.77496
9086.5 92 9.59166
9087.5 75 8.66025
9088.5 92 9.59166
9089.5 93 9.64365
9090.5 91 9.53939
9091.5 70 8.3666
9092.5 81 9
9093.5 102 10.0995
9094.5 93 9.64365
9095.5 83 9.11043
9096.5 85 9.21954
9097.5 87 9.32738
9098.5 99 9.94987
9099.5 87 9.32738
9100.5 107 10.3441
9101.5 85 9.21954
9102.5 90 9.48683
9103.5 79 8.88819
9104.5 76 8.7178
9105.5 76 8.7178
9106.5 91 9.53939
9107.5 80 8.94427
9108.5 92 9.59166
9109.5 75 8.66025
9110.5 76 8.7178
9111.5 91 9.53939
9112.5 73 8.544
9113.5 73 8.544
9114.5 81 9
9115.5 92 9.59166
9116.5 86 9.27362
9117.5 86 9.27362
9118.5 87 9.32738
9119.5 88 9.38083
9120.5 93 9.64365
9121.5 92 9.59166
9122.5 82 9.05539
9123.5 98 9.89949
9124.5 93 9.64365
9125.5 87 9.32738
9126.5 82 9.05539
9127.5 80 8.94427
9128.5 81 9
9129.5 87 9.32738
9130.5 76 8.7178
9131.5 67 8.18535
9132.5 81 9
9133.5 88 9.38083
9134.5 94 9.69536
9135.5 81 9
9136.5 103 10.1489
9137.5 81 9
9138.5 100 10
9139.5 81 9
9140.5 85 9.21954
9141.5 80 8.94427
9142.5 95 9.74679
9143.5 91 9.53939
9144.5 89 9.43398
9145.5 79 8.88819
9146.5 92 9.59166
9147.5 85 9.21954
9148.5 88 9.38083
9149.5 90 9.48683
9150.5 73 8.544
9151.5 80 8.94427
9152.5 83 9.11043
9153.5 96 9.79796
9154.5 88 9.38083
9155.5 84 9.16515
9156.5 83 9.11043
9157.5 85 9.21954
9158.5 86 9.27362
9159.5 93 9.64365
9160.5 83 9.11043
9161.5 92 9.59166
9162.5 76 8.7178
9163.5 80 8.94427
9164.5 73 8.544
9165.5 80 8.94427
9166.5 87 9.32738
9167.5 85 9.21954
9168.5 79 8.88819
9169.5 100 10
9170.5 84 9.16515
9171.5 100 10
9172.5 77 8.77496
9173.5 78 8.83176
9174.5 94 9.69536
9175.5 89 9.43398
9176.5 100 10
9177.5 104 10.198
9178.5 83 9.11043
9179.5 95 9.74679
9180.5 82 9.05539
9181.5 66 8.12404
9182.5 113 10.6301
9183.5 68 8.24621
9184.5 89 9.43398
9185.5 87 9.32738
9186.5 88 9.38083
9187.5 94 9.69536
9188.5 79 8.88819
9189.5 83 9.11043
9190.5 78 8.83176
9191.5 84 9.16515
9192.5 73 8.544
9193.5 96 9.79796
9194.5 87 9.32738
9195.5 74 8.60233
9196.5 87 9.32738
9197.5 78 8.83176
9198.5 75 8.66025
9199.5 91 9.53939
9200.5 71 8.42615
9201.5 87 9.32738
9202.5 86 9.27362
9203.5 81 9
9204.5 93 9.64365
9205.5 87 9.32738
9206.5 77 8.77496
9207.5 94 9.69536
9208.5 75 8.66025
9209.5 84 9.16515
9210.5 92 9.59166
9211.5 81 9
9212.5 89 9.43398
9213.5 90 9.48683
9214.5 88 9.38083
9215.5 86 9.27362
9216.5 80 8.94427
9217.5 85 9.21954
9218.5 79 8.88819
9219.5 95 9.74679
9220.5 92 9.59166
9221.5 95 9.74679
9222.5 82 9.05539
9223.5 97 9.84886
9224.5 84 9.16515
9225.5 81 9
9226.5 88 9.38083
9227.5 77 8.77496
9228.5 81 9
9229.5 87 9.32738
9230.5 79 8.88819
9231.5 81 9
9232.5 91 9.53939
9233.5 83 9.11043
9234.5 98 9.89949
9235.5 86 9.27362
9236.5 76 8.7178
9237.5 90 9.48683
9238.5 88 9.38083
9239.5 83 9.11043
9240.5 103 10.1489
9241.5 99 9.94987
9242.5 76 8.7178
9243.5 82 9.05539
9244.5 113 10.6301
9245.5 100 10
9246.5 92 9.59166
9247.5 86 9.27362
9248.5 95 9.74679
9249.5 77 8.77496
9250.5 90 9.48683
9251.5 93 9.64365
9252.5 101 10.0499
9253.5 99 9.94987
9254.5 91 9.53939
9255.5 88 9.38083
9256.5 83 9.11043
9257.5 82 9.05539
9258.5 98 9.89949
9259.5 80 8.94427
9260.5 86 9.27362
9261.5 87 9.32738
9262.5 98 9.89949
9263.5 85 9.21954
9264.5 101 10.0499
9265.5 99 9.94987
9266.5 90 9.48683
9267.5 90 9.48683
9268.5 107 10.3441
9269.5 100 10
9270.5 93 9.64365
9271.5 79 8.88819
9272.5 78 8.83176
9273.5 109 10.4403
9274.5 77 8.77496
9275.5 78 8.83176
9276.5 92 9.59166
9277.5 81 9
9278.5 103 10.1489
9279.5 87 9.32738
9280.5 72 8.48528
9281.5 87 9.32738
9282.5 116 10.7703
9283.5 97 9.84886
9284.5 86 9.27362
9285.5 84 9.16515
9286.5 94 9.69536
9287.5 96 9.79796
9288.5 89 9.43398
9289.5 97 9.84886
9290.5 97 9.84886
9291.5 77 8.77496
9292.5 92 9.59166
9293.5 89 9.43398
9294.5 97 9.84886
9295.5 95 9.74679
9296.5 96 9.79796
9297.5 99 9.94987
9298.5 90 9.48683
9299.5 90 9.48683
9300.5 108 10.3923
9301.5 90 9.48683
9302.5 73 8.544
9303.5 101 10.0499
9304.5 88 9.38083
9305.5 104 10.198
9306.5 81 9
9307.5 81 9
9308.5 87 9.32738
9309.5 104 10.198
9310.5 97 9.84886
9311.5 94 9.69536
9312.5 94 9.69536
9313.5 84 9.16515
9314.5 96 9.79796
9315.5 86 9.27362
9316.5 90 9.48683
9317.5 92 9.59166
9318.5 78 8.83176
9319.5 80 8.94427
9320.5 88 9.38083
9321.5 97 9.84886
9322.5 106 10.2956
9323.5 94 9.69536
9324.5 97 9.84886
9325.5 95 9.74679
9326.5 99 9.94987
9327.5 91 9.53939
9328.5 106 10.2956
9329.5 104 10.198
9330.5 93 9.64365
9331.5 86 9.27362
9332.5 94 9.69536
9333.5 87 9.32738
9334.5 103 10.1489
9335.5 97 9.84886
9336.5 98 9.89949
9337.5 101 10.0499
9338.5 84 9.16515
9339.5 102 10.0995
9340.5 102 10.0995
9341.5 109 10.4403
9342.5 89 9.43398
9343.5 95 9.74679
9344.5 91 9.53939
9345.5 85 9.21954
9346.5 85 9.21954
9347.5 93 9.64365
9348.5 93 9.64365
9349.5 84 9.16515
9350.5 93 9.64365
9351.5 87 9.32738
9352.5 93 9.64365
9353.5 89 9.43398
9354.5 91 9.53939
9355.5 78 8.83176
9356.5 97 9.84886
9357.5 99 9.94987
9358.5 102 10.0995
9359.5 85 9.21954
9360.5 91 9.53939
9361.5 86 9.27362
9362.5 84 9.16515
9363.5 77 8.77496
9364.5 109 10.4403
9365.5 97 9.84886
9366.5 88 9.38083
9367.5 92 9.59166
9368.5 105 10.247
9369.5 103 10.1489
9370.5 102 10.0995
9371.5 105 10.247
9372.5 109 10.4403
9373.5 102 10.0995
9374.5 80 8.94427
9375.5 92 9.59166
9376.5 87 9.32738
9377.5 100 10
9378.5 87 9.32738
9379.5 95 9.74679
9380.5 102 10.0995
9381.5 114 10.6771
9382.5 82 9.05539
9383.5 101 10.0499
9384.5 94 9.69536
9385.5 86 9.27362
9386.5 94 9.69536
9387.5 91 9.53939
9388.5 104 10.198
9389.5 92 9.59166
9390.5 99 9.94987
9391.5 73 8.544
9392.5 94 9.69536
9393.5 99 9.94987
9394.5 96 9.79796
9395.5 114 10.6771
9396.5 89 9.43398
9397.5 93 9.64365
9398.5 89 9.43398
9399.5 90 9.48683
9400.5 73 8.544
9401.5 118 10.8628
9402.5 79 8.88819
9403.5 88 9.38083
9404.5 112 10.583
9405.5 101 10.0499
9406.5 84 9.16515
9407.5 98 9.89949
9408.5 100 10
9409.5 106 10.2956
9410.5 102 10.0995
9411.5 87 9.32738
9412.5 90 9.48683
9413.5 89 9.43398
9414.5 105 10.247
9415.5 90 9.48683
9416.5 105 10.247
9417.5 96 9.79796
9418.5 83 9.11043
9419.5 95 9.74679
9420.5 110 10.4881
9421.5 78 8.83176
9422.5 98 9.89949
9423.5 90 9.48683
9424.5 92 9.59166
9425.5 90 9.48683
9426.5 107 10.3441
9427.5 113 10.6301
9428.5 113 10.6301
9429.5 99 9.94987
9430.5 101 10.0499
9431.5 97 9.84886
9432.5 89 9.43398
9433.5 85 9.21954
9434.5 95 9.74679
9435.5 96 9.79796
9436.5 112 10.583
9437.5 98 9.89949
9438.5 102 10.0995
9439.5 83 9.11043
9440.5 90 9.48683
9441.5 90 9.48683
9442.5 95 9.74679
9443.5 93 9.64365
9444.5 96 9.79796
9445.5 98 9.89949
9446.5 102 10.0995
9447.5 102 10.0995
9448.5 87 9.32738
9449.5 114 10.6771
9450.5 112 10.583
9451.5 99 9.94987
9452.5 109 10.4403
9453.5 116 10.7703
9454.5 90 9.48683
9455.5 97 9.84886
9456.5 98 9.89949
9457.5 95 9.74679
9458.5 117 10.8167
9459.5 102 10.0995
9460.5 91 9.53939
9461.5 81 9
9462.5 98 9.89949
9463.5 94 9.69536
9464.5 108 10.3923
9465.5 94 9.69536
9466.5 89 9.43398
9467.5 95 9.74679
9468.5 98 9.89949
9469.5 102 10.0995
9470.5 111 10.5357
9471.5 92 9.59166
9472.5 95 9.74679
9473.5 89 9.43398
9474.5 113 10.6301
9475.5 100 10
9476.5 113 10.6301
9477.5 90 9.48683
9478.5 97 9.84886
9479.5 100 10
9480.5 124 11.1355
9481.5 103 10.1489
9482.5 87 9.32738
9483.5 109 10.4403
9484.5 102 10.0995
9485.5 78 8.83176
9486.5 94 9.69536
9487.5 90 9.48683
9488.5 94 9.69536
9489.5 121 11
9490.5 90 9.48683
9491.5 120 10.9545
9492.5 109 10.4403
9493.5 107 10.3441
9494.5 114 10.6771
9495.5 92 9.59166
9496.5 102 10.0995
9497.5 123 11.0905
9498.5 106 10.2956
9499.5 99 9.94987
9500.5 95 9.74679
9501.5 89 9.43398
9502.5 116 10.7703
9503.5 92 9.59166
9504.5 88 9.38083
9505.5 87 9.32738
9506.5 88 9.38083
9507.5 117 10.8167
9508.5 95 9.74679
9509.5 96 9.79796
9510.5 96 9.79796
9511.5 97 9.84886
9512.5 110 10.4881
9513.5 95 9.74679
9514.5 95 9.74679
9515.5 86 9.27362
9516.5 99 9.94987
9517.5 111 10.5357
9518.5 107 10.3441
9519.5 100 10
9520.5 114 10.6771
9521.5 117 10.8167
9522.5 121 11
9523.5 88 9.38083
9524.5 109 10.4403
9525.5 116 10.7703
9526.5 102 10.0995
9527.5 117 10.8167
9528.5 98 9.89949
9529.5 90 9.48683
9530.5 110 10.4881
9531.5 104 10.198
9532.5 97 9.84886
9533.5 106 10.2956
9534.5 117 10.8167
9535.5 84 9.16515
9536.5 119 10.9087
9537.5 109 10.4403
9538.5 105 10.247
9539.5 105 10.247
9540.5 101 10.0499
9541.5 107 10.3441
9542.5 100 10
9543.5 99 9.94987
9544.5 91 9.53939
9545.5 109 10.4403
9546.5 101 10.0499
9547.5 101 10.0499
9548.5 93 9.64365
9549.5 109 10.4403
9550.5 112 10.583
9551.5 108 10.3923
9552.5 98 9.89949
9553.5 95 9.74679
9554.5 101 10.0499
9555.5 110 10.4881
9556.5 105 10.247
9557.5 110 10.4881
9558.5 92 9.59166
9559.5 104 10.198
9560.5 89 9.43398
9561.5 110 10.4881
9562.5 119 10.9087
9563.5 102 10.0995
9564.5 107 10.3441
9565.5 109 10.4403
9566.5 98 9.89949
9567.5 117 10.8167
9568.5 94 9.69536
9569.5 104 10.198
9570.5 103 10.1489
9571.5 122 11.0454
9572.5 107 10.3441
9573.5 104 10.198
9574.5 107 10.3441
9575.5 119 10.9087
9576.5 117 10.8167
9577.5 100 10
9578.5 120 10.9545
9579.5 97 9.84886
9580.5 101 10.0499
9581.5 112 10.583
9582.5 100 10
9583.5 90 9.48683
9584.5 114 10.6771
9585.5 104 10.198
9586.5 108 10.3923
9587.5 120 10.9545
9588.5 106 10.2956
9589.5 113 10.6301
9590.5 112 10.583
9591.5 101 10.0499
9592.5 88 9.38083
9593.5 105 10.247
9594.5 104 10.198
9595.5 97 9.84886
9596.5 96 9.79796
9597.5 107 10.3441
9598.5 112 10.583
9599.5 89 9.43398
9600.5 108 10.3923
9601.5 108 10.3923
9602.5 102 10.0995
9603.5 124 11.1355
9604.5 104 10.198
9605.5 112 10.583
9606.5 110 10.4881
9607.5 115 10.7238
9608.5 106 10.2956
9609.5 115 10.7238
9610.5 96 9.79796
9611.5 110 10.4881
9612.5 112 10.583
9613.5 101 10.0499
9614.5 110 10.4881
9615.5 123 11.0905
9616.5 111 10.5357
9617.5 123 11.0905
9618.5 101 10.0499
9619.5 103 10.1489
9620.5 98 9.89949
9621.5 112 10.583
9622.5 98 9.89949
9623.5 109 10.4403
9624.5 105 10.247
9625.5 99 9.94987
9626.5 119 10.9087
9627.5 103 10.1489
9628.5 96 9.79796
9629.5 97 9.84886
9630.5 113 10.6301
9631.5 100 10
9632.5 128 11.3137
9633.5 102 10.0995
9634.5 120 10.9545
9635.5 115 10.7238
9636.5 107 10.3441
9637.5 111 10.5357
9638.5 112 10.583
9639.5 113 10.6301
9640.5 102 10.0995
9641.5 115 10.7238
9642.5 87 9.32738
9643.5 98 9.89949
9644.5 112 10.583
9645.5 104 10.198
9646.5 117 10.8167
9647.5 110 10.4881
9648.5 117 10.8167
9649.5 111 10.5357
9650.5 100 10
9651.5 98 9.89949
9652.5 128 11.3137
9653.5 122 11.0454
9654.5 127 11.2694
9655.5 90 9.48683
9656.5 98 9.89949
9657.5 112 10.583
9658.5 114 10.6771
9659.5 102 10.0995
9660.5 121 11
9661.5 100 10
9662.5 105 10.247
9663.5 138 11.7473
9664.5 106 10.2956
9665.5 105 10.247
9666.5 116 10.7703
9667.5 110 10.4881
9668.5 111 10.5357
9669.5 109 10.4403
9670.5 92 9.59166
9671.5 101 10.0499
9672.5 103 10.1489
9673.5 107 10.3441
9674.5 120 10.9545
9675.5 114 10.6771
9676.5 104 10.198
9677.5 93 9.64365
9678.5 108 10.3923
9679.5 98 9.89949
9680.5 101 10.0499
9681.5 102 10.0995
9682.5 91 9.53939
9683.5 119 10.9087
9684.5 125 11.1803
9685.5 99 9.94987
9686.5 87 9.32738
9687.5 111 10.5357
9688.5 109 10.4403
9689.5 103 10.1489
9690.5 116 10.7703
9691.5 109 10.4403
9692.5 110 10.4881
9693.5 85 9.21954
9694.5 100 10
9695.5 96 9.79796
9696.5 118 10.8628
9697.5 81 9
9698.5 106 10.2956
9699.5 123 11.0905
9700.5 111 10.5357
9701.5 97 9.84886
9702.5 128 11.3137
9703.5 114 10.6771
9704.5 130 11.4018
9705.5 111 10.5357
9706.5 93 9.64365
9707.5 115 10.7238
9708.5 115 10.7238
9709.5 120 10.9545
9710.5 106 10.2956
9711.5 114 10.6771
9712.5 141 11.8743
9713.5 110 10.4881
9714.5 117 10.8167
9715.5 102 10.0995
9716.5 104 10.198
9717.5 120 10.9545
9718.5 126 11.225
9719.5 102 10.0995
9720.5 111 10.5357
9721.5 115 10.7238
9722.5 121 11
9723.5 127 11.2694
9724.5 114 10.6771
9725.5 114 10.6771
9726.5 124 11.1355
9727.5 91 9.53939
9728.5 112 10.583
9729.5 102 10.0995
9730.5 112 10.583
9731.5 87 9.32738
9732.5 119 10.9087
9733.5 137 11.7047
9734.5 100 10
9735.5 116 10.7703
9736.5 102 10.0995
9737.5 103 10.1489
9738.5 130 11.4018
9739.5 110 10.4881
9740.5 138 11.7473
9741.5 105 10.247
9742.5 95 9.74679
9743.5 125 11.1803
9744.5 121 11
9745.5 124 11.1355
9746.5 96 9.79796
9747.5 111 10.5357
9748.5 131 11.4455
9749.5 104 10.198
9750.5 101 10.0499
9751.5 121 11
9752.5 136 11.6619
9753.5 111 10.5357
9754.5 116 10.7703
9755.5 120 10.9545
9756.5 123 11.0905
9757.5 107 10.3441
9758.5 98 9.89949
9759.5 102 10.0995
9760.5 116 10.7703
9761.5 125 11.1803
9762.5 119 10.9087
9763.5 127 11.2694
9764.5 108 10.3923
9765.5 130 11.4018
9766.5 114 10.6771
9767.5 143 11.9583
9768.5 112 10.583
9769.5 120 10.9545
9770.5 123 11.0905
9771.5 117 10.8167
9772.5 106 10.2956
9773.5 124 11.1355
9774.5 118 10.8628
9775.5 134 11.5758
9776.5 120 10.9545
9777.5 108 10.3923
9778.5 112 10.583
9779.5 116 10.7703
9780.5 129 11.3578
9781.5 118 10.8628
9782.5 124 11.1355
9783.5 122 11.0454
9784.5 121 11
9785.5 112 10.583
9786.5 107 10.3441
9787.5 108 10.3923
9788.5 141 11.8743
9789.5 127 11.2694
9790.5 135 11.619
9791.5 117 10.8167
9792.5 129 11.3578
9793.5 123 11.0905
9794.5 135 11.619
9795.5 132 11.4891
9796.5 119 10.9087
9797.5 114 10.6771
9798.5 130 11.4018
9799.5 127 11.2694
9800.5 121 11
9801.5 106 10.2956
9802.5 123 11.0905
9803.5 107 10.3441
9804.5 105 10.247
9805.5 126 11.225
9806.5 131 11.4455
9807.5 102 10.0995
9808.5 122 11.0454
9809.5 125 11.1803
9810.5 123 11.0905
9811.5 112 10.583
9812.5 122 11.0454
9813.5 95 9.74679
9814.5 110 10.4881
9815.5 107 10.3441
9816.5 97 9.84886
9817.5 125 11.1803
9818.5 116 10.7703
9819.5 115 10.7238
9820.5 113 10.6301
9821.5 115 10.7238
9822.5 103 10.1489
9823.5 127 11.2694
9824.5 127 11.2694
9825.5 122 11.0454
9826.5 133 11.5326
9827.5 111 10.5357
9828.5 118 10.8628
9829.5 100 10
9830.5 116 10.7703
9831.5 104 10.198
9832.5 123 11.0905
9833.5 109 10.4403
9834.5 119 10.9087
9835.5 125 11.1803
9836.5 112 10.583
9837.5 110 10.4881
9838.5 135 11.619
9839.5 116 10.7703
9840.5 143 11.9583
9841.5 136 11.6619
9842.5 144 12
9843.5 129 11.3578
9844.5 146 12.083
9845.5 125 11.1803
9846.5 138 11.7473
9847.5 116 10.7703
9848.5 135 11.619
9849.5 126 11.225
9850.5 124 11.1355
9851.5 137 11.7047
9852.5 130 11.4018
9853.5 134 11.5758
9854.5 106 10.2956
9855.5 118 10.8628
9856.5 141 11.8743
9857.5 130 11.4018
9858.5 108 10.3923
9859.5 120 10.9545
9860.5 124 11.1355
9861.5 121 11
9862.5 115 10.7238
9863.5 125 11.1803
9864.5 144 12
9865.5 130 11.4018
9866.5 139 11.7898
9867.5 134 11.5758
9868.5 130 11.4018
9869.5 129 11.3578
9870.5 114 10.6771
9871.5 129 11.3578
9872.5 117 10.8167
9873.5 136 11.6619
9874.5 139 11.7898
9875.5 124 11.1355
9876.5 137 11.7047
9877.5 126 11.225
9878.5 143 11.9583
9879.5 105 10.247
9880.5 130 11.4018
9881.5 133 11.5326
9882.5 135 11.619
9883.5 137 11.7047
9884.5 144 12
9885.5 128 11.3137
9886.5 126 11.225
9887.5 140 11.8322
9888.5 108 10.3923
9889.5 142 11.9164
9890.5 122 11.0454
9891.5 127 11.2694
9892.5 144 12
9893.5 131 11.4455
9894.5 135 11.619
9895.5 142 11.9164
9896.5 114 10.6771
9897.5 139 11.7898
9898.5 132 11.4891
9899.5 118 10.8628
9900.5 120 10.9545
9901.5 128 11.3137
9902.5 115 10.7238
9903.5 121 11
9904.5 110 10.4881
9905.5 115 10.7238
9906.5 136 11.6619
9907.5 134 11.5758
9908.5 153 12.3693
9909.5 128 11.3137
9910.5 138 11.7473
9911.5 126 11.225
9912.5 117 10.8167
9913.5 130 11.4018
9914.5 126 11.225
9915.5 114 10.6771
9916.5 153 12.3693
9917.5 115 10.7238
9918.5 141 11.8743
9919.5 136 11.6619
9920.5 134 11.5758
9921.5 124 11.1355
9922.5 116 10.7703
9923.5 131 11.4455
9924.5 119 10.9087
9925.5 123 11.0905
9926.5 150 12.2474
9927.5 100 10
9928.5 111 10.5357
9929.5 112 10.583
9930.5 115 10.7238
9931.5 127 11.2694
9932.5 127 11.2694
9933.5 122 11.0454
9934.5 113 10.6301
9935.5 146 12.083
9936.5 147 12.1244
9937.5 107 10.3441
9938.5 115 10.7238
9939.5 132 11.4891
9940.5 141 11.8743
9941.5 127 11.2694
9942.5 110 10.4881
9943.5 123 11.0905
9944.5 128 11.3137
9945.5 110 10.4881
9946.5 137 11.7047
9947.5 128 11.3137
9948.5 132 11.4891
9949.5 128 11.3137
9950.5 138 11.7473
9951.5 137 11.7047
9952.5 102 10.0995
9953.5 130 11.4018
9954.5 126 11.225
9955.5 125 11.1803
9956.5 117 10.8167
9957.5 135 11.619
9958.5 121 11
9959.5 137 11.7047
9960.5 130 11.4018
9961.5 115 10.7238
9962.5 130 11.4018
9963.5 132 11.4891
9964.5 111 10.5357
9965.5 120 10.9545
9966.5 104 10.198
9967.5 137 11.7047
9968.5 128 11.3137
9969.5 121 11
9970.5 118 10.8628
9971.5 129 11.3578
9972.5 132 11.4891
9973.5 127 11.2694
9974.5 117 10.8167
9975.5 128 11.3137
9976.5 126 11.225
9977.5 103 10.1489
9978.5 133 11.5326
9979.5 113 10.6301
9980.5 119 10.9087
9981.5 141 11.8743
9982.5 122 11.0454
9983.5 129 11.3578
9984.5 103 10.1489
9985.5 141 11.8743
9986.5 116 10.7703
9987.5 131 11.4455
9988.5 116 10.7703
9989.5 143 11.9583
9990.5 132 11.4891
9991.5 132 11.4891
9992.5 110 10.4881
9993.5 124 11.1355
9994.5 124 11.1355
9995.5 108 10.3923
9996.5 130 11.4018
9997.5 128 11.3137
9998.5 129 11.3578
9999.5 138 11.7473
10000.5 130 11.4018
10001.5 138 11.7473
10002.5 119 10.9087
10003.5 134 11.5758
10004.5 128 11.3137
10005.5 131 11.4455
10006.5 127 11.2694
10007.5 113 10.6301
10008.5 121 11
10009.5 155 12.4499
10010.5 109 10.4403
10011.5 111 10.5357
10012.5 112 10.583
10013.5 118 10.8628
10014.5 109 10.4403
10015.5 114 10.6771
10016.5 116 10.7703
10017.5 112 10.583
10018.5 110 10.4881
10019.5 126 11.225
10020.5 110 10.4881
10021.5 126 11.225
10022.5 124 11.1355
10023.5 116 10.7703
10024.5 130 11.4018
10025.5 131 11.4455
10026.5 117 10.8167
10027.5 114 10.6771
10028.5 123 11.0905
10029.5 88 9.38083
10030.5 98 9.89949
10031.5 100 10
10032.5 117 10.8167
10033.5 98 9.89949
10034.5 107 10.3441
10035.5 121 11
10036.5 108 10.3923
10037.5 106 10.2956
10038.5 96 9.79796
10039.5 104 10.198
10040.5 124 11.1355
10041.5 107 10.3441
10042.5 126 11.225
10043.5 103 10.1489
10044.5 99 9.94987
10045.5 109 10.4403
10046.5 86 9.27362
10047.5 97 9.84886
10048.5 104 10.198
10049.5 99 9.94987
10050.5 84 9.16515
10051.5 99 9.94987
10052.5 97 9.84886
10053.5 84 9.16515
10054.5 68 8.24621
10055.5 101 10.0499
10056.5 113 10.6301
10057.5 91 9.53939
10058.5 101 10.0499
10059.5 102 10.0995
10060.5 98 9.89949
10061.5 123 11.0905
10062.5 62 7.87401
10063.5 83 9.11043
10064.5 91 9.53939
10065.5 87 9.32738
10066.5 101 10.0499
10067.5 92 9.59166
10068.5 85 9.21954
10069.5 89 9.43398
10070.5 89 9.43398
10071.5 90 9.48683
10072.5 79 8.88819
10073.5 122 11.0454
10074.5 90 9.48683
10075.5 92 9.59166
10076.5 91 9.53939
10077.5 99 9.94987
10078.5 92 9.59166
10079.5 111 10.5357
10080.5 94 9.69536
10081.5 95 9.74679
10082.5 101 10.0499
10083.5 96 9.79796
10084.5 91 9.53939
10085.5 78 8.83176
10086.5 80 8.94427
10087.5 88 9.38083
10088.5 99 9.94987
10089.5 80 8.94427
10090.5 77 8.77496
10091.5 75 8.66025
10092.5 88 9.38083
10093.5 74 8.60233
10094.5 103 10.1489
10095.5 93 9.64365
10096.5 61 7.81025
10097.5 76 8.7178
10098.5 83 9.11043
10099.5 97 9.84886
10100.5 72 8.48528
10101.5 91 9.53939
10102.5 72 8.48528
10103.5 95 9.74679
10104.5 65 8.06226
10105.5 86 9.27362
10106.5 88 9.38083
10107.5 91 9.53939
10108.5 70 8.3666
10109.5 96 9.79796
10110.5 100 10
10111.5 84 9.16515
10112.5 90 9.48683
10113.5 83 9.11043
10114.5 93 9.64365
10115.5 83 9.11043
10116.5 79 8.88819
10117.5 83 9.11043
10118.5 79 8.88819
10119.5 104 10.198
10120.5 66 8.12404
10121.5 90 9.48683
10122.5 84 9.16515
10123.5 79 8.88819
10124.5 80 8.94427
10125.5 86 9.27362
10126.5 83 9.11043
10127.5 74 8.60233
10128.5 82 9.05539
10129.5 89 9.43398
10130.5 71 8.42615
10131.5 76 8.7178
10132.5 93 9.64365
10133.5 78 8.83176
10134.5 82 9.05539
10135.5 69 8.30662
10136.5 84 9.16515
10137.5 96 9.79796
10138.5 70 8.3666
10139.5 75 8.66025
10140.5 81 9
10141.5 95 9.74679
10142.5 74 8.60233
10143.5 66 8.12404
10144.5 78 8.83176
10145.5 93 9.64365
10146.5 89 9.43398
10147.5 83 9.11043
10148.5 73 8.544
10149.5 60 7.74597
10150.5 64 8
10151.5 76 8.7178
10152.5 72 8.48528
10153.5 67 8.18535
10154.5 83 9.11043
10155.5 91 9.53939
10156.5 83 9.11043
10157.5 75 8.66025
10158.5 68 8.24621
10159.5 73 8.544
10160.5 83 9.11043
10161.5 65 8.06226
10162.5 81 9
10163.5 81 9
10164.5 78 8.83176
10165.5 76 8.7178
10166.5 73 8.544
10167.5 73 8.544
10168.5 84 9.16515
10169.5 69 8.30662
10170.5 71 8.42615
10171.5 74 8.60233
10172.5 73 8.544
10173.5 73 8.544
10174.5 68 8.24621
10175.5 70 8.3666
10176.5 75 8.66025
10177.5 75 8.66025
10178.5 95 9.74679
10179.5 70 8.3666
10180.5 66 8.12404
10181.5 84 9.16515
10182.5 80 8.94427
10183.5 82 9.05539
10184.5 80 8.94427
10185.5 86 9.27362
10186.5 65 8.06226
10187.5 72 8.48528
10188.5 87 9.32738
10189.5 64 8
10190.5 89 9.43398
10191.5 82 9.05539
10192.5 69 8.30662
10193.5 78 8.83176
10194.5 65 8.06226
10195.5 65 8.06226
10196.5 75 8.66025
10197.5 78 8.83176
10198.5 66 8.12404
10199.5 68 8.24621
10200.5 82 9.05539
10201.5 89 9.43398
10202.5 73 8.544
10203.5 75 8.66025
10204.5 62 7.87401
10205.5 70 8.3666
10206.5 75 8.66025
10207.5 76 8.7178
10208.5 69 8.30662
10209.5 77 8.77496
10210.5 89 9.43398
10211.5 59 7.68115
10212.5 72 8.48528
10213.5 67 8.18535
10214.5 86 9.27362
10215.5 85 9.21954
10216.5 70 8.3666
10217.5 74 8.60233
10218.5 79 8.88819
10219.5 82 9.05539
10220.5 67 8.18535
10221.5 64 8
10222.5 83 9.11043
10223.5 75 8.66025
10224.5 76 8.7178
10225.5 88 9.38083
10226.5 74 8.60233
10227.5 68 8.24621
10228.5 61 7.81025
10229.5 77 8.77496
10230.5 69 8.30662
10231.5 76 8.7178
10232.5 66 8.12404
10233.5 62 7.87401
10234.5 86 9.27362
10235.5 70 8.3666
10236.5 76 8.7178
10237.5 83 9.11043
10238.5 71 8.42615
10239.5 59 7.68115
10240.5 70 8.3666
10241.5 58 7.61577
10242.5 67 8.18535
10243.5 81 9
10244.5 75 8.66025
10245.5 88 9.38083
10246.5 66 8.12404
10247.5 91 9.53939
10248.5 65 8.06226
10249.5 84 9.16515
10250.5 86 9.27362
10251.5 83 9.11043
10252.5 71 8.42615
10253.5 71 8.42615
10254.5 62 7.87401
10255.5 59 7.68115
10256.5 84 9.16515
10257.5 71 8.42615
10258.5 62 7.87401
10259.5 67 8.18535
10260.5 72 8.48528
10261.5 64 8
10262.5 73 8.544
10263.5 60 7.74597
10264.5 82 9.05539
10265.5 73 8.544
10266.5 65 8.06226
10267.5 57 7.54983
10268.5 80 8.94427
10269.5 68 8.24621
10270.5 72 8.48528
10271.5 73 8.544
10272.5 59 7.68115
10273.5 61 7.81025
10274.5 85 9.21954
10275.5 72 8.48528
10276.5 66 8.12404
10277.5 59 7.68115
10278.5 82 9.05539
10279.5 70 8.3666
10280.5 57 7.54983
10281.5 73 8.544
10282.5 60 7.74597
10283.5 65 8.06226
10284.5 71 8.42615
10285.5 66 8.12404
10286.5 68 8.24621
10287.5 57 7.54983
10288.5 66 8.12404
10289.5 77 8.77496
10290.5 84 9.16515
10291.5 70 8.3666
10292.5 72 8.48528
10293.5 66 8.12404
10294.5 69 8.30662
10295.5 82 9.05539
10296.5 73 8.544
10297.5 94 9.69536
10298.5 46 6.78233
10299.5 72 8.48528
10300.5 74 8.60233
10301.5 66 8.12404
10302.5 68 8.24621
10303.5 64 8
10304.5 60 7.74597
10305.5 54 7.34847
10306.5 68 8.24621
10307.5 79 8.88819
10308.5 66 8.12404
10309.5 73 8.544
10310.5 63 7.93725
10311.5 69 8.30662
10312.5 76 8.7178
10313.5 64 8
10314.5 74 8.60233
10315.5 69 8.30662
10316.5 75 8.66025
10317.5 75 8.66025
10318.5 81 9
10319.5 61 7.81025
10320.5 80 8.94427
10321.5 64 8
10322.5 61 7.81025
10323.5 49 7
10324.5 54 7.34847
10325.5 65 8.06226
10326.5 68 8.24621
10327.5 69 8.30662
10328.5 61 7.81025
10329.5 78 8.83176
10330.5 76 8.7178
10331.5 65 8.06226
10332.5 53 7.28011
10333.5 82 9.05539
10334.5 47 6.85565
10335.5 65 8.06226
10336.5 60 7.74597
10337.5 64 8
10338.5 67 8.18535
10339.5 66 8.12404
10340.5 58 7.61577
10341.5 69 8.30662
10342.5 50 7.07107
10343.5 74 8.60233
10344.5 57 7.54983
10345.5 67 8.18535
10346.5 53 7.28011
10347.5 66 8.12404
10348.5 76 8.7178
10349.5 86 9.27362
10350.5 53 7.28011
10351.5 61 7.81025
10352.5 58 7.61577
10353.5 49 7
10354.5 63 7.93725
10355.5 71 8.42615
10356.5 66 8.12404
10357.5 73 8.544
10358.5 63 7.93725
10359.5 68 8.24621
10360.5 65 8.06226
10361.5 72 8.48528
10362.5 75 8.66025
10363.5 72 8.48528
10364.5 61 7.81025
10365.5 65 8.06226
10366.5 52 7.2111
10367.5 84 9.16515
10368.5 58 7.61577
10369.5 56 7.48331
10370.5 61 7.81025
10371.5 62 7.87401
10372.5 61 7.81025
10373.5 80 8.94427
10374.5 62 7.87401
10375.5 55 7.4162
10376.5 76 8.7178
10377.5 69 8.30662
10378.5 69 8.30662
10379.5 59 7.68115
10380.5 58 7.61577
10381.5 67 8.18535
10382.5 67 8.18535
10383.5 65 8.06226
10384.5 73 8.544
10385.5 53 7.28011
10386.5 47 6.85565
10387.5 70 8.3666
10388.5 72 8.48528
10389.5 55 7.4162
10390.5 75 8.66025
10391.5 59 7.68115
10392.5 72 8.48528
10393.5 66 8.12404
10394.5 53 7.28011
10395.5 63 7.93725
10396.5 56 7.48331
10397.5 82 9.05539
10398.5 68 8.24621
10399.5 61 7.81025
10400.5 71 8.42615
10401.5 51 7.14143
10402.5 63 7.93725
10403.5 60 7.74597
10404.5 64 8
10405.5 63 7.93725
10406.5 58 7.61577
10407.5 49 7
10408.5 53 7.28011
10409.5 57 7.54983
10410.5 62 7.87401
10411.5 53 7.28011
10412.5 49 7
10413.5 45 6.7082
10414.5 65 8.06226
10415.5 53 7.28011
10416.5 64 8
10417.5 63 7.93725
10418.5 68 8.24621
10419.5 60 7.74597
10420.5 60 7.74597
10421.5 60 7.74597
10422.5 52 7.2111
10423.5 67 8.18535
10424.5 65 8.06226
10425.5 66 8.12404
10426.5 62 7.87401
10427.5 64 8
10428.5 72 8.48528
10429.5 72 8.48528
10430.5 55 7.4162
10431.5 68 8.24621
10432.5 70 8.3666
10433.5 67 8.18535
10434.5 50 7.07107
10435.5 60 7.74597
10436.5 57 7.54983
10437.5 52 7.2111
10438.5 50 7.07107
10439.5 57 7.54983
10440.5 48 6.9282
10441.5 56 7.48331
10442.5 66 8.12404
10443.5 63 7.93725
10444.5 60 7.74597
10445.5 66 8.12404
10446.5 54 7.34847
10447.5 47 6.85565
10448.5 59 7.68115
10449.5 60 7.74597
10450.5 46 6.78233
10451.5 66 8.12404
10452.5 61 7.81025
10453.5 60 7.74597
10454.5 55 7.4162
10455.5 50 7.07107
10456.5 69 8.30662
10457.5 51 7.14143
10458.5 57 7.54983
10459.5 60 7.74597
10460.5 69 8.30662
10461.5 64 8
10462.5 51 7.14143
10463.5 68 8.24621
10464.5 61 7.81025
10465.5 60 7.74597
10466.5 65 8.06226
10467.5 68 8.24621
10468.5 58 7.61577
10469.5 53 7.28011
10470.5 56 7.48331
10471.5 54 7.34847
10472.5 52 7.2111
10473.5 50 7.07107
10474.5 62 7.87401
10475.5 72 8.48528
10476.5 62 7.87401
10477.5 52 7.2111
10478.5 55 7.4162
10479.5 53 7.28011
10480.5 55 7.4162
10481.5 50 7.07107
10482.5 47 6.85565
10483.5 62 7.87401
10484.5 53 7.28011
10485.5 58 7.61577
10486.5 45 6.7082
10487.5 56 7.48331
10488.5 57 7.54983
10489.5 55 7.4162
10490.5 47 6.85565
10491.5 56 7.48331
10492.5 57 7.54983
10493.5 43 6.55744
10494.5 63 7.93725
10495.5 58 7.61577
10496.5 59 7.68115
10497.5 52 7.2111
10498.5 44 6.63325
10499.5 66 8.12404
10500.5 48 6.9282
10501.5 50 7.07107
10502.5 48 6.9282
10503.5 49 7
10504.5 62 7.87401
10505.5 47 6.85565
10506.5 52 7.2111
10507.5 42 6.48074
10508.5 50 7.07107
10509.5 42 6.48074
10510.5 65 8.06226
10511.5 50 7.07107
10512.5 49 7
10513.5 40 6.32456
10514.5 40 6.32456
10515.5 44 6.63325
10516.5 51 7.14143
10517.5 48 6.9282
10518.5 62 7.87401
10519.5 43 6.55744
10520.5 48 6.9282
10521.5 58 7.61577
10522.5 46 6.78233
10523.5 38 6.16441
10524.5 57 7.54983
10525.5 53 7.28011
10526.5 48 6.9282
10527.5 56 7.48331
10528.5 45 6.7082
10529.5 55 7.4162
10530.5 56 7.48331
10531.5 39 6.245
10532.5 57 7.54983
10533.5 56 7.48331
10534.5 43 6.55744
10535.5 44 6.63325
10536.5 59 7.68115
10537.5 46 6.78233
10538.5 44 6.63325
10539.5 58 7.61577
10540.5 48 6.9282
10541.5 40 6.32456
10542.5 34 5.83095
10543.5 44 6.63325
10544.5 61 7.81025
10545.5 53 7.28011
10546.5 44 6.63325
10547.5 49 7
10548.5 45 6.7082
10549.5 46 6.78233
10550.5 50 7.07107
10551.5 45 6.7082
10552.5 51 7.14143
10553.5 47 6.85565
10554.5 43 6.55744
10555.5 56 7.48331
10556.5 51 7.14143
10557.5 55 7.4162
10558.5 29 5.38516
10559.5 33 5.74456
10560.5 49 7
10561.5 53 7.28011
10562.5 52 7.2111
10563.5 55 7.4162
10564.5 43 6.55744
10565.5 50 7.07107
10566.5 44 6.63325
10567.5 40 6.32456
10568.5 53 7.28011
10569.5 54 7.34847
10570.5 41 6.40312
10571.5 51 7.14143
10572.5 46 6.78233
10573.5 39 6.245
10574.5 41 6.40312
10575.5 36 6
10576.5 49 7
10577.5 42 6.48074
10578.5 40 6.32456
10579.5 37 6.08276
10580.5 38 6.16441
10581.5 38 6.16441
10582.5 39 6.245
10583.5 41 6.40312
10584.5 46 6.78233
10585.5 47 6.85565
10586.5 33 5.74456
10587.5 47 6.85565
10588.5 36 6
10589.5 32 5.65685
10590.5 37 6.08276
10591.5 45 6.7082
10592.5 41 6.40312
10593.5 41 6.40312
10594.5 38 6.16441
10595.5 50 7.07107
10596.5 48 6.9282
10597.5 41 6.40312
10598.5 37 6.08276
10599.5 40 6.32456
10600.5 38 6.16441
10601.5 38 6.16441
10602.5 45 6.7082
10603.5 36 6
10604.5 40 6.32456
10605.5 31 5.56776
10606.5 52 7.2111
10607.5 25 5
10608.5 44 6.63325
10609.5 41 6.40312
10610.5 31 5.56776
10611.5 49 7
10612.5 45 6.7082
10613.5 42 6.48074
10614.5 38 6.16441
10615.5 39 6.245
10616.5 48 6.9282
10617.5 35 5.91608
10618.5 41 6.40312
10619.5 32 5.65685
10620.5 43 6.55744
10621.5 37 6.08276
10622.5 30 5.47723
10623.5 43 6.55744
10624.5 39 6.245
10625.5 44 6.63325
10626.5 36 6
10627.5 52 7.2111
10628.5 37 6.08276
10629.5 29 5.38516
10630.5 39 6.245
10631.5 35 5.91608
10632.5 30 5.47723
10633.5 33 5.74456
10634.5 41 6.40312
10635.5 29 5.38516
10636.5 34 5.83095
10637.5 41 6.40312
10638.5 29 5.38516
10639.5 25 5
10640.5 31 5.56776
10641.5 36 6
10642.5 31 5.56776
10643.5 34 5.83095
10644.5 39 6.245
10645.5 23 4.79583
10646.5 30 5.47723
10647.5 35 5.91608
10648.5 24 4.89898
10649.5 32 5.65685
10650.5 42 6.48074
10651.5 31 5.56776
10652.5 39 6.245
10653.5 43 6.55744
10654.5 38 6.16441
10655.5 34 5.83095
10656.5 35 5.91608
10657.5 30 5.47723
10658.5 45 6.7082
10659.5 26 5.09902
10660.5 34 5.83095
10661.5 29 5.38516
10662.5 38 6.16441
10663.5 40 6.32456
10664.5 25 5
10665.5 32 5.65685
10666.5 29 5.38516
10667.5 29 5.38516
10668.5 44 6.63325
10669.5 31 5.56776
10670.5 44 6.63325
10671.5 37 6.08276
10672.5 24 4.89898
10673.5 25 5
10674.5 37 6.08276
10675.5 24 4.89898
10676.5 35 5.91608
10677.5 31 5.56776
10678.5 27 5.19615
10679.5 37 6.08276
10680.5 23 4.79583
10681.5 27 5.19615
10682.5 34 5.83095
10683.5 31 5.56776
10684.5 32 5.65685
10685.5 31 5.56776
10686.5 27 5.19615
10687.5 30 5.47723
10688.5 41 6.40312
10689.5 27 5.19615
10690.5 33 5.74456
10691.5 37 6.08276
10692.5 33 5.74456
10693.5 28 5.2915
10694.5 38 6.16441
10695.5 40 6.32456
10696.5 25 5
10697.5 21 4.58258
10698.5 27 5.19615
10699.5 37 6.08276
10700.5 28 5.2915
10701.5 30 5.47723
10702.5 34 5.83095
10703.5 21 4.58258
10704.5 25 5
10705.5 23 4.79583
10706.5 35 5.91608
10707.5 16 4
10708.5 32 5.65685
10709.5 22 4.69042
10710.5 31 5.56776
10711.5 30 5.47723
10712.5 28 5.2915
10713.5 27 5.19615
10714.5 26 5.09902
10715.5 26 5.09902
10716.5 26 5.09902
10717.5 32 5.65685
10718.5 25 5
10719.5 26 5.09902
10720.5 44 6.63325
10721.5 29 5.38516
10722.5 27 5.19615
10723.5 25 5
10724.5 23 4.79583
10725.5 31 5.56776
10726.5 37 6.08276
10727.5 21 4.58258
10728.5 26 5.09902
10729.5 23 4.79583
10730.5 23 4.79583
10731.5 26 5.09902
10732.5 28 5.2915
10733.5 30 5.47723
10734.5 26 5.09902
10735.5 30 5.47723
10736.5 22 4.69042
10737.5 23 4.79583
10738.5 27 5.19615
10739.5 21 4.58258
10740.5 25 5
10741.5 21 4.58258
10742.5 28 5.2915
10743.5 24 4.89898
10744.5 21 4.58258
10745.5 32 5.65685
10746.5 32 5.65685
10747.5 26 5.09902
10748.5 30 5.47723
10749.5 33 5.74456
10750.5 20 4.47214
10751.5 24 4.89898
10752.5 22 4.69042
10753.5 22 4.69042
10754.5 27 5.19615
10755.5 27 5.19615
10756.5 24 4.89898
10757.5 23 4.79583
10758.5 23 4.79583
10759.5 24 4.89898
10760.5 27 5.19615
10761.5 24 4.89898
10762.5 20 4.47214
10763.5 26 5.09902
10764.5 31 5.56776
10765.5 23 4.79583
10766.5 34 5.83095
10767.5 25 5
10768.5 15 3.87298
10769.5 21 4.58258
10770.5 28 5.2915
10771.5 25 5
10772.5 28 5.2915
10773.5 29 5.38516
10774.5 19 4.3589
10775.5 38 6.16441
10776.5 18 4.24264
10777.5 31 5.56776
10778.5 21 4.58258
10779.5 25 5
10780.5 15 3.87298
10781.5 21 4.58258
10782.5 21 4.58258
10783.5 28 5.2915
10784.5 21 4.58258
10785.5 22 4.69042
10786.5 17 4.12311
10787.5 17 4.12311
10788.5 16 4
10789.5 15 3.87298
10790.5 17 4.12311
10791.5 22 4.69042
10792.5 23 4.79583
10793.5 24 4.89898
10794.5 20 4.47214
10795.5 30 5.47723
10796.5 18 4.24264
10797.5 18 4.24264
10798.5 25 5
10799.5 22 4.69042
10800.5 18 4.24264
10801.5 17 4.12311
10802.5 23 4.79583
10803.5 16 4
10804.5 17 4.12311
10805.5 22 4.69042
10806.5 20 4.47214
10807.5 26 5.09902
10808.5 20 4.47214
10809.5 22 4.69042
10810.5 25 5
10811.5 19 4.3589
10812.5 19 4.3589
10813.5 15 3.87298
10814.5 19 4.3589
10815.5 23 4.79583
10816.5 19 4.3589
10817.5 23 4.79583
10818.5 21 4.58258
10819.5 18 4.24264
10820.5 18 4.24264
10821.5 23 4.79583
10822.5 23 4.79583
10823.5 16 4
10824.5 16 4
10825.5 16 4
10826.5 17 4.12311
10827.5 20 4.47214
10828.5 20 4.47214
10829.5 21 4.58258
10830.5 21 4.58258
10831.5 16 4
10832.5 33 5.74456
10833.5 29 5.38516
10834.5 16 4
10835.5 26 5.09902
10836.5 21 4.58258
10837.5 18 4.24264
10838.5 23 4.79583
10839.5 19 4.3589
10840.5 19 4.3589
10841.5 30 5.47723
10842.5 21 4.58258
10843.5 36 6
10844.5 18 4.24264
10845.5 28 5.2915
10846.5 24 4.89898
10847.5 31 5.56776
10848.5 21 4.58258
10849.5 24 4.89898
10850.5 26 5.09902
10851.5 29 5.38516
10852.5 13 3.60555
10853.5 17 4.12311
10854.5 30 5.47723
10855.5 25 5
10856.5 20 4.47214
10857.5 18 4.24264
10858.5 26 5.09902
10859.5 19 4.3589
10860.5 15 3.87298
10861.5 12 3.4641
10862.5 14 3.74166
10863.5 21 4.58258
10864.5 16 4
10865.5 17 4.12311
10866.5 19 4.3589
10867.5 24 4.89898
10868.5 29 5.38516
10869.5 16 4
10870.5 14 3.74166
10871.5 12 3.4641
10872.5 21 4.58258
10873.5 21 4.58258
10874.5 14 3.74166
10875.5 18 4.24264
10876.5 13 3.60555
10877.5 25 5
10878.5 24 4.89898
10879.5 18 4.24264
10880.5 20 4.47214
10881.5 23 4.79583
10882.5 15 3.87298
10883.5 19 4.3589
10884.5 15 3.87298
10885.5 14 3.74166
10886.5 19 4.3589
10887.5 10 3.16228
10888.5 19 4.3589
10889.5 18 4.24264
10890.5 9 3
10891.5 16 4
10892.5 17 4.12311
10893.5 19 4.3589
10894.5 18 4.24264
10895.5 23 4.79583
10896.5 15 3.87298
10897.5 18 4.24264
10898.5 21 4.58258
10899.5 16 4
10900.5 18 4.24264
10901.5 15 3.87298
10902.5 14 3.74166
10903.5 15 3.87298
10904.5 22 4.69042
10905.5 14 3.74166
10906.5 15 3.87298
10907.5 17 4.12311
10908.5 17 4.12311
10909.5 15 3.87298
10910.5 12 3.4641
10911.5 14 3.74166
10912.5 16 4
10913.5 20 4.47214
10914.5 20 4.47214
10915.5 17 4.12311
10916.5 15 3.87298
10917.5 20 4.47214
10918.5 12 3.4641
10919.5 21 4.58258
10920.5 16 4
10921.5 27 5.19615
10922.5 20 4.47214
10923.5 15 3.87298
10924.5 13 3.60555
10925.5 12 3.4641
10926.5 9 3
10927.5 22 4.69042
10928.5 9 3
10929.5 16 4
10930.5 17 4.12311
10931.5 15 3.87298
10932.5 16 4
10933.5 20 4.47214
10934.5 18 4.24264
10935.5 18 4.24264
10936.5 14 3.74166
10937.5 16 4
10938.5 14 3.74166
10939.5 16 4
10940.5 18 4.24264
10941.5 18 4.24264
10942.5 18 4.24264
10943.5 11 3.31662
10944.5 19 4.3589
10945.5 17 4.12311
10946.5 7 2.64575
10947.5 16 4
10948.5 13 3.60555
10949.5 19 4.3589
10950.5 16 4
10951.5 22 4.69042
10952.5 21 4.58258
10953.5 13 3.60555
10954.5 20 4.47214
10955.5 18 4.24264
10956.5 10 3.16228
10957.5 25 5
10958.5 16 4
10959.5 18 4.24264
10960.5 13 3.60555
10961.5 25 5
10962.5 16 4
10963.5 14 3.74166
10964.5 14 3.74166
10965.5 17 4.12311
10966.5 10 3.16228
10967.5 19 4.3589
10968.5 13 3.60555
10969.5 15 3.87298
10970.5 12 3.4641
10971.5 25 5
10972.5 17 4.12311
10973.5 12 3.4641
10974.5 14 3.74166
10975.5 10 3.16228
10976.5 21 4.58258
10977.5 6 2.44949
10978.5 17 4.12311
10979.5 14 3.74166
10980.5 14 3.74166
10981.5 17 4.12311
10982.5 7 2.64575
10983.5 12 3.4641
10984.5 7 2.64575
10985.5 15 3.87298
10986.5 17 4.12311
10987.5 11 3.31662
10988.5 12 3.4641
10989.5 16 4
10990.5 24 4.89898
10991.5 13 3.60555
10992.5 16 4
10993.5 14 3.74166
10994.5 18 4.24264
10995.5 15 3.87298
10996.5 12 3.4641
10997.5 14 3.74166
10998.5 15 3.87298
10999.5 18 4.24264
11000.5 16 4
11001.5 20 4.47214
11002.5 17 4.12311
11003.5 21 4.58258
11004.5 14 3.74166
11005.5 12 3.4641
11006.5 15 3.87298
11007.5 15 3.87298
11008.5 14 3.74166
11009.5 22 4.69042
11010.5 14 3.74166
11011.5 14 3.74166
11012.5 13 3.60555
11013.5 22 4.69042
11014.5 20 4.47214
11015.5 14 3.74166
11016.5 20 4.47214
11017.5 11 3.31662
11018.5 14 3.74166
11019.5 21 4.58258
11020.5 16 4
11021.5 16 4
11022.5 22 4.69042
11023.5 20 4.47214
11024.5 10 3.16228
11025.5 12 3.4641
11026.5 11 3.31662
11027.5 11 3.31662
11028.5 11 3.31662
11029.5 11 3.31662
11030.5 22 4.69042
11031.5 13 3.60555
11032.5 15 3.87298
11033.5 12 3.4641
11034.5 16 4
11035.5 15 3.87298
11036.5 19 4.3589
11037.5 16 4
11038.5 16 4
11039.5 17 4.12311
11040.5 15 3.87298
11041.5 11 3.31662
11042.5 16 4
11043.5 12 3.4641
11044.5 15 3.87298
11045.5 16 4
11046.5 19 4.3589
11047.5 13 3.60555
11048.5 12 3.4641
11049.5 19 4.3589
11050.5 11 3.31662
11051.5 19 4.3589
11052.5 11 3.31662
11053.5 18 4.24264
11054.5 21 4.58258
11055.5 12 3.4641
11056.5 12 3.4641
11057.5 13 3.60555
11058.5 15 3.87298
11059.5 14 3.74166
11060.5 15 3.87298
11061.5 18 4.24264
11062.5 16 4
11063.5 12 3.4641
11064.5 15 3.87298
11065.5 14 3.74166
11066.5 8 2.82843
11067.5 12 3.4641
11068.5 10 3.16228
11069.5 12 3.4641
11070.5 22 4.69042
11071.5 16 4
11072.5 18 4.24264
11073.5 15 3.87298
11074.5 15 3.87298
11075.5 20 4.47214
11076.5 11 3.31662
11077.5 14 3.74166
11078.5 11 3.31662
11079.5 16 4
11080.5 20 4.47214
11081.5 15 3.87298
11082.5 15 3.87298
11083.5 14 3.74166
11084.5 18 4.24264
11085.5 13 3.60555
11086.5 7 2.64575
11087.5 15 3.87298
11088.5 23 4.79583
11089.5 14 3.74166
11090.5 15 3.87298
11091.5 9 3
11092.5 17 4.12311
11093.5 14 3.74166
11094.5 16 4
11095.5 12 3.4641
11096.5 18 4.24264
11097.5 12 3.4641
11098.5 10 3.16228
11099.5 17 4.12311
11100.5 5 2.23607
11101.5 19 4.3589
11102.5 18 4.24264
11103.5 10 3.16228
11104.5 20 4.47214
11105.5 16 4
11106.5 14 3.74166
11107.5 13 3.60555
11108.5 16 4
11109.5 15 3.87298
11110.5 11 3.31662
11111.5 14 3.74166
11112.5 20 4.47214
11113.5 11 3.31662
11114.5 5 2.23607
11115.5 13 3.60555
11116.5 14 3.74166
11117.5 14 3.74166
11118.5 10 3.16228
11119.5 14 3.74166
11120.5 11 3.31662
11121.5 14 3.74166
11122.5 23 4.79583
11123.5 10 3.16228
11124.5 15 3.87298
11125.5 8 2.82843
11126.5 13 3.60555
11127.5 14 3.74166
11128.5 10 3.16228
11129.5 9 3
11130.5 15 3.87298
11131.5 13 3.60555
11132.5 15 3.87298
11133.5 15 3.87298
11134.5 11 3.31662
11135.5 8 2.82843
11136.5 14 3.74166
11137.5 10 3.16228
11138.5 17 4.12311
11139.5 18 4.24264
11140.5 17 4.12311
11141.5 17 4.12311
11142.5 18 4.24264
11143.5 15 3.87298
11144.5 10 3.16228
11145.5 11 3.31662
11146.5 15 3.87298
11147.5 11 3.31662
11148.5 17 4.12311
11149.5 15 3.87298
11150.5 16 4
11151.5 12 3.4641
11152.5 13 3.60555
11153.5 11 3.31662
11154.5 6 2.44949
11155.5 17 4.12311
11156.5 19 4.3589
11157.5 11 3.31662
11158.5 20 4.47214
11159.5 10 3.16228
11160.5 12 3.4641
11161.5 18 4.24264
11162.5 10 3.16228
11163.5 16 4
11164.5 9 3
11165.5 15 3.87298
11166.5 15 3.87298
11167.5 20 4.47214
11168.5 21 4.58258
11169.5 15 3.87298
11170.5 21 4.58258
11171.5 16 4
11172.5 17 4.12311
11173.5 16 4
11174.5 11 3.31662
11175.5 13 3.60555
11176.5 14 3.74166
11177.5 15 3.87298
11178.5 12 3.4641
11179.5 15 3.87298
11180.5 15 3.87298
11181.5 18 4.24264
11182.5 12 3.4641
11183.5 11 3.31662
11184.5 21 4.58258
11185.5 9 3
11186.5 10 3.16228
11187.5 8 2.82843
11188.5 17 4.12311
11189.5 18 4.24264
11190.5 16 4
11191.5 9 3
11192.5 20 4.47214
11193.5 10 3.16228
11194.5 13 3.60555
11195.5 13 3.60555
11196.5 9 3
11197.5 16 4
11198.5 15 3.87298
11199.5 7 2.64575
11200.5 18 4.24264
11201.5 18 4.24264
11202.5 10 3.16228
11203.5 16 4
11204.5 10 3.16228
11205.5 20 4.47214
11206.5 10 3.16228
11207.5 12 3.4641
11208.5 16 4
11209.5 17 4.12311
11210.5 12 3.4641
11211.5 12 3.4641
11212.5 14 3.74166
11213.5 19 4.3589
11214.5 13 3.60555
11215.5 11 3.31662
11216.5 11 3.31662
11217.5 17 4.12311
11218.5 14 3.74166
11219.5 13 3.60555
11220.5 18 4.24264
11221.5 19 4.3589
11222.5 16 4
11223.5 19 4.3589
11224.5 18 4.24264
11225.5 10 3.16228
11226.5 19 4.3589
11227.5 15 3.87298
11228.5 10 3.16228
11229.5 21 4.58258
11230.5 18 4.24264
11231.5 19 4.3589
11232.5 12 3.4641
11233.5 12 3.4641
11234.5 17 4.12311
11235.5 22 4.69042
11236.5 18 4.24264
11237.5 27 5.19615
11238.5 18 4.24264
11239.5 20 4.47214
11240.5 14 3.74166
11241.5 15 3.87298
11242.5 16 4
11243.5 9 3
11244.5 20 4.47214
11245.5 17 4.12311
11246.5 15 3.87298
11247.5 14 3.74166
11248.5 15 3.87298
11249.5 14 3.74166
11250.5 24 4.89898
11251.5 17 4.12311
11252.5 14 3.74166
11253.5 17 4.12311
11254.5 16 4
11255.5 24 4.89898
11256.5 19 4.3589
11257.5 15 3.87298
11258.5 22 4.69042
11259.5 19 4.3589
11260.5 25 5
11261.5 17 4.12311
11262.5 26 5.09902
11263.5 28 5.2915
11264.5 25 5
11265.5 23 4.79583
11266.5 24 4.89898
11267.5 30 5.47723
11268.5 26 5.09902
11269.5 31 5.56776
11270.5 25 5
11271.5 27 5.19615
11272.5 28 5.2915
11273.5 26 5.09902
11274.5 26 5.09902
11275.5 28 5.2915
11276.5 35 5.91608
11277.5 23 4.79583
11278.5 23 4.79583
11279.5 27 5.19615
11280.5 20 4.47214
11281.5 32 5.65685
11282.5 32 5.65685
11283.5 35 5.91608
11284.5 26 5.09902
11285.5 42 6.48074
11286.5 29 5.38516
11287.5 30 5.47723
11288.5 42 6.48074
11289.5 50 7.07107
11290.5 38 6.16441
11291.5 46 6.78233
11292.5 45 6.7082
11293.5 40 6.32456
11294.5 37 6.08276
11295.5 41 6.40312
11296.5 46 6.78233
11297.5 41 6.40312
11298.5 44 6.63325
11299.5 51 7.14143
11300.5 55 7.4162
11301.5 65 8.06226
11302.5 69 8.30662
11303.5 65 8.06226
11304.5 72 8.48528
11305.5 87 9.32738
11306.5 106 10.2956
11307.5 110 10.4881
11308.5 140 11.8322
11309.5 152 12.3288
11310.5 165 12.8452
11311.5 188 13.7113
11312.5 202 14.2127
11313.5 271 16.4621
11314.5 312 17.6635
11315.5 365 19.105
11316.5 395 19.8746
11317.5 481 21.9317
11318.5 549 23.4307
11319.5 635 25.1992
11320.5 720 26.8328
11321.5 792 28.1425
11322.5 853 29.2062
11323.5 934 30.5614
11324.5 1064 32.619
11325.5 1186 34.4384
11326.5 1299 36.0416
11327.5 1468 38.3145
11328.5 1592 39.8999
11329.5 1557 39.4588
11330.5 1637 40.4599
11331.5 1685 41.0488
11332.5 1840 42.8952
11333.5 1856 43.0813
11334.5 1938 44.0227
11335.5 1987 44.5758
11336.5 1995 44.6654
11337.5 1987 44.5758
11338.5 1939 44.0341
11339.5 1899 43.5775
11340.5 1880 43.359
11341.5 1916 43.7721
11342.5 1841 42.9069
11343.5 1807 42.5088
11344.5 1624 40.2989
11345.5 1594 39.9249
11346.5 1507 38.8201
11347.5 1467 38.3014
11348.5 1325 36.4005
11349.5 1252 35.3836
11350.5 1150 33.9116
11351.5 1019 31.9218
11352.5 952 30.8545
11353.5 922 30.3645
11354.5 826 28.7402
11355.5 791 28.1247
11356.5 704 26.533
11357.5 664 25.7682
11358.5 609 24.6779
11359.5 578 24.0416
11360.5 572 23.9165
11361.5 510 22.5832
11362.5 473 21.7486
11363.5 455 21.3307
11364.5 476 21.8174
11365.5 440 20.9762
11366.5 364 19.0788
11367.5 451 21.2368
11368.5 388 19.6977
11369.5 397 19.9249
11370.5 414 20.347
11371.5 380 19.4936
11372.5 389 19.7231
11373.5 388 19.6977
11374.5 410 20.2485
11375.5 389 19.7231
11376.5 390 19.7484
11377.5 402 20.0499
11378.5 345 18.5742
11379.5 380 19.4936
11380.5 337 18.3576
11381.5 305 17.4642
11382.5 355 18.8414
11383.5 309 17.5784
11384.5 274 16.5529
11385.5 266 16.3095
11386.5 274 16.5529
11387.5 258 16.0624
11388.5 229 15.1327
11389.5 218 14.7648
11390.5 187 13.6748
11391.5 184 13.5647
11392.5 188 13.7113
11393.5 151 12.2882
11394.5 165 12.8452
11395.5 165 12.8452
11396.5 149 12.2066
11397.5 145 12.0416
11398.5 123 11.0905
11399.5 128 11.3137
11400.5 120 10.9545
11401.5 116 10.7703
11402.5 114 10.6771
11403.5 98 9.89949
11404.5 106 10.2956
11405.5 106 10.2956
11406.5 94 9.69536
11407.5 102 10.0995
11408.5 110 10.4881
11409.5 95 9.74679
11410.5 86 9.27362
11411.5 89 9.43398
11412.5 83 9.11043
11413.5 80 8.94427
11414.5 88 9.38083
11415.5 79 8.88819
11416.5 56 7.48331
11417.5 73 8.544
11418.5 72 8.48528
11419.5 69 8.30662
11420.5 70 8.3666
11421.5 45 6.7082
11422.5 51 7.14143
11423.5 61 7.81025
11424.5 60 7.74597
11425.5 56 7.48331
11426.5 54 7.34847
11427.5 56 7.48331
11428.5 50 7.07107
11429.5 48 6.9282
11430.5 49 7
11431.5 45 6.7082
11432.5 48 6.9282
11433.5 58 7.61577
11434.5 48 6.9282
11435.5 49 7
11436.5 43 6.55744
11437.5 47 6.85565
11438.5 33 5.74456
11439.5 46 6.78233
11440.5 37 6.08276
11441.5 43 6.55744
11442.5 32 5.65685
11443.5 35 5.91608
11444.5 37 6.08276
11445.5 44 6.63325
11446.5 31 5.56776
11447.5 27 5.19615
11448.5 31 5.56776
11449.5 41 6.40312
11450.5 31 5.56776
11451.5 28 5.2915
11452.5 29 5.38516
11453.5 21 4.58258
11454.5 20 4.47214
11455.5 37 6.08276
11456.5 28 5.2915
11457.5 30 5.47723
11458.5 32 5.65685
11459.5 22 4.69042
11460.5 25 5
11461.5 28 5.2915
11462.5 20 4.47214
11463.5 30 5.47723
11464.5 20 4.47214
11465.5 19 4.3589
11466.5 20 4.47214
11467.5 30 5.47723
11468.5 13 3.60555
11469.5 17 4.12311
11470.5 20 4.47214
11471.5 19 4.3589
11472.5 25 5
11473.5 21 4.58258
11474.5 15 3.87298
11475.5 22 4.69042
11476.5 13 3.60555
11477.5 10 3.16228
11478.5 13 3.60555
11479.5 12 3.4641
11480.5 14 3.74166
11481.5 9 3
11482.5 12 3.4641
11483.5 8 2.82843
11484.5 16 4
11485.5 15 3.87298
11486.5 17 4.12311
11487.5 11 3.31662
11488.5 9 3
11489.5 15 3.87298
11490.5 13 3.60555
11491.5 14 3.74166
11492.5 9 3
11493.5 16 4
11494.5 16 4
11495.5 14 3.74166
11496.5 19 4.3589
11497.5 9 3
11498.5 15 3.87298
11499.5 13 3.60555
11500.5 8 2.82843
11501.5 18 4.24264
11502.5 16 4
11503.5 11 3.31662
11504.5 6 2.44949
11505.5 11 3.31662
11506.5 10 3.16228
11507.5 13 3.60555
11508.5 11 3.31662
11509.5 16 4
11510.5 10 3.16228
11511.5 13 3.60555
11512.5 14 3.74166
11513.5 13 3.60555
11514.5 5 2.23607
11515.5 9 3
11516.5 8 2.82843
11517.5 10 3.16228
11518.5 10 3.16228
11519.5 6 2.44949
11520.5 9 3
11521.5 5 2.23607
11522.5 11 3.31662
11523.5 11 3.31662
11524.5 6 2.44949
11525.5 10 3.16228
11526.5 15 3.87298
11527.5 9 3
11528.5 8 2.82843
11529.5 8 2.82843
11530.5 11 3.31662
11531.5 7 2.64575
11532.5 9 3
11533.5 8 2.82843
11534.5 4 2
11535.5 2 1.41421
11536.5 6 2.44949
11537.5 10 3.16228
11538.5 8 2.82843
11539.5 6 2.44949
11540.5 7 2.64575
11541.5 6 2.44949
11542.5 6 2.44949
11543.5 6 2.44949
11544.5 4 2
11545.5 6 2.44949
11546.5 1 1
11547.5 7 2.64575
11548.5 7 2.64575
11549.5 10 3.16228
11550.5 7 2.64575
11551.5 6 2.44949
11552.5 8 2.82843
11553.5 7 2.64575
11554.5 5 2.23607
11555.5 6 2.44949
11556.5 9 3
11557.5 8 2.82843
11558.5 6 2.44949
11559.5 6 2.44949
11560.5 6 2.44949
11561.5 2 1.41421
11562.5 4 2
11563.5 5 2.23607
11564.5 6 2.44949
11565.5 8 2.82843
11566.5 4 2
11567.5 5 2.23607
11568.5 7 2.64575
11569.5 6 2.44949
11570.5 8 2.82843
11571.5 9 3
11572.5 2 1.41421
11573.5 0 0
11574.5 8 2.82843
11575.5 7 2.64575
11576.5 9 3
11577.5 10 3.16228
11578.5 3 1.73205
11579.5 3 1.73205
11580.5 3 1.73205
11581.5 6 2.44949
11582.5 5 2.23607
11583.5 6 2.44949
11584.5 8 2.82843
11585.5 7 2.64575
11586.5 4 2
11587.5 4 2
11588.5 7 2.64575
11589.5 5 2.23607
11590.5 8 2.82843
11591.5 9 3
11592.5 6 2.44949
11593.5 7 2.64575
11594.5 4 2
11595.5 9 3
11596.5 8 2.82843
11597.5 8 2.82843
11598.5 5 2.23607
11599.5 7 2.64575
11600.5 6 2.44949
11601.5 9 3
11602.5 9 3
11603.5 6 2.44949
11604.5 6 2.44949
11605.5 9 3
11606.5 2 1.41421
11607.5 8 2.82843
11608.5 8 2.82843
11609.5 8 2.82843
11610.5 8 2.82843
11611.5 11 3.31662
11612.5 6 2.44949
11613.5 9 3
11614.5 8 2.82843
11615.5 6 2.44949
11616.5 6 2.44949
11617.5 5 2.23607
11618.5 10 3.16228
11619.5 7 2.64575
11620.5 5 2.23607
11621.5 9 3
11622.5 6 2.44949
11623.5 9 3
11624.5 9 3
11625.5 8 2.82843
11626.5 6 2.44949
11627.5 9 3
11628.5 12 3.4641
11629.5 7 2.64575
11630.5 9 3
11631.5 13 3.60555
11632.5 7 2.64575
11633.5 8 2.82843
11634.5 10 3.16228
11635.5 15 3.87298
11636.5 6 2.44949
11637.5 12 3.4641
11638.5 14 3.74166
11639.5 19 4.3589
11640.5 7 2.64575
11641.5 13 3.60555
11642.5 15 3.87298
11643.5 20 4.47214
11644.5 12 3.4641
11645.5 18 4.24264
11646.5 12 3.4641
11647.5 13 3.60555
11648.5 22 4.69042
11649.5 17 4.12311
11650.5 16 4
11651.5 21 4.58258
11652.5 21 4.58258
11653.5 20 4.47214
11654.5 23 4.79583
11655.5 19 4.3589
11656.5 14 3.74166
11657.5 13 3.60555
11658.5 10 3.16228
11659.5 13 3.60555
11660.5 25 5
11661.5 17 4.12311
11662.5 10 3.16228
11663.5 16 4
11664.5 16 4
11665.5 11 3.31662
11666.5 14 3.74166
11667.5 15 3.87298
11668.5 16 4
11669.5 13 3.60555
11670.5 11 3.31662
11671.5 11 3.31662
11672.5 6 2.44949
11673.5 11 3.31662
11674.5 9 3
11675.5 10 3.16228
11676.5 9 3
11677.5 16 4
11678.5 8 2.82843
11679.5 8 2.82843
11680.5 14 3.74166
11681.5 7 2.64575
11682.5 5 2.23607
11683.5 8 2.82843
11684.5 13 3.60555
11685.5 7 2.64575
11686.5 5 2.23607
11687.5 6 2.44949
11688.5 8 2.82843
11689.5 6 2.44949
11690.5 7 2.64575
11691.5 6 2.44949
11692.5 7 2.64575
11693.5 7 2.64575
11694.5 8 2.82843
11695.5 8 2.82843
11696.5 7 2.64575
11697.5 6 2.44949
11698.5 7 2.64575
11699.5 4 2
11700.5 7 2.64575
11701.5 5 2.23607
11702.5 2 1.41421
11703.5 8 2.82843
11704.5 10 3.16228
11705.5 4 2
11706.5 3 1.73205
11707.5 4 2
11708.5 4 2
11709.5 12 3.4641
11710.5 9 3
11711.5 6 2.44949
11712.5 6 2.44949
11713.5 10 3.16228
11714.5 14 3.74166
11715.5 7 2.64575
11716.5 7 2.64575
11717.5 12 3.4641
11718.5 6 2.44949
11719.5 8 2.82843
11720.5 6 2.44949
11721.5 6 2.44949
11722.5 5 2.23607
11723.5 5 2.23607
11724.5 8 2.82843
11725.5 8 2.82843
11726.5 10 3.16228
11727.5 3 1.73205
11728.5 2 1.41421
11729.5 5 2.23607
11730.5 4 2
11731.5 7 2.64575
11732.5 7 2.64575
11733.5 6 2.44949
11734.5 8 2.82843
11735.5 6 2.44949
11736.5 6 2.44949
11737.5 6 2.44949
11738.5 5 2.23607
11739.5 5 2.23607
11740.5 4 2
11741.5 3 1.73205
11742.5 5 2.23607
11743.5 9 3
11744.5 9 3
11745.5 11 3.31662
11746.5 9 3
11747.5 4 2
11748.5 6 2.44949
11749.5 4 2
11750.5 5 2.23607
11751.5 9 3
11752.5 10 3.16228
11753.5 4 2
11754.5 6 2.44949
11755.5 5 2.23607
11756.5 3 1.73205
11757.5 7 2.64575
11758.5 5 2.23607
11759.5 8 2.82843
11760.5 3 1.73205
11761.5 11 3.31662
11762.5 7 2.64575
11763.5 11 3.31662
11764.5 3 1.73205
11765.5 2 1.41421
11766.5 3 1.73205
11767.5 5 2.23607
11768.5 4 2
11769.5 7 2.64575
11770.5 4 2
11771.5 9 3
11772.5 7 2.64575
11773.5 9 3
11774.5 7 2.64575
11775.5 5 2.23607
11776.5 5 2.23607
11777.5 6 2.44949
11778.5 10 3.16228
11779.5 2 1.41421
11780.5 5 2.23607
11781.5 5 2.23607
11782.5 3 1.73205
11783.5 5 2.23607
11784.5 8 2.82843
11785.5 4 2
11786.5 5 2.23607
11787.5 9 3
11788.5 6 2.44949
11789.5 3 1.73205
11790.5 11 3.31662
11791.5 5 2.23607
11792.5 5 2.23607
11793.5 7 2.64575
11794.5 3 1.73205
11795.5 6 2.44949
11796.5 3 1.73205
11797.5 6 2.44949
11798.5 8 2.82843
11799.5 7 2.64575
11800.5 4 2
11801.5 7 2.64575
11802.5 3 1.73205
11803.5 4 2
11804.5 4 2
11805.5 4 2
11806.5 8 2.82843
11807.5 3 1.73205
11808.5 4 2
11809.5 7 2.64575
11810.5 7 2.64575
11811.5 5 2.23607
11812.5 4 2
11813.5 13 3.60555
11814.5 7 2.64575
11815.5 6 2.44949
11816.5 6 2.44949
11817.5 9 3
11818.5 7 2.64575
11819.5 7 2.64575
11820.5 4 2
11821.5 6 2.44949
11822.5 6 2.44949
11823.5 6 2.44949
11824.5 7 2.64575
11825.5 6 2.44949
11826.5 10 3.16228
11827.5 3 1.73205
11828.5 7 2.64575
11829.5 6 2.44949
11830.5 3 1.73205
11831.5 3 1.73205
11832.5 2 1.41421
11833.5 5 2.23607
11834.5 2 1.41421
11835.5 4 2
11836.5 4 2
11837.5 5 2.23607
11838.5 4 2
11839.5 8 2.82843
11840.5 6 2.44949
11841.5 12 3.4641
11842.5 7 2.64575
11843.5 10 3.16228
11844.5 7 2.64575
11845.5 6 2.44949
11846.5 7 2.64575
11847.5 7 2.64575
11848.5 4 2
11849.5 5 2.23607
11850.5 7 2.64575
11851.5 11 3.31662
11852.5 7 2.64575
11853.5 8 2.82843
11854.5 12 3.4641
11855.5 6 2.44949
11856.5 6 2.44949
11857.5 6 2.44949
11858.5 4 2
11859.5 8 2.82843
11860.5 3 1.73205
11861.5 4 2
11862.5 10 3.16228
11863.5 10 3.16228
11864.5 9 3
11865.5 10 3.16228
11866.5 7 2.64575
11867.5 5 2.23607
11868.5 4 2
11869.5 4 2
11870.5 9 3
11871.5 6 2.44949
11872.5 12 3.4641
11873.5 8 2.82843
11874.5 5 2.23607
11875.5 8 2.82843
11876.5 9 3
11877.5 7 2.64575
11878.5 7 2.64575
11879.5 9 3
11880.5 10 3.16228
11881.5 5 2.23607
11882.5 6 2.44949
11883.5 2 1.41421
11884.5 10 3.16228
11885.5 3 1.73205
11886.5 4 2
11887.5 7 2.64575
11888.5 8 2.82843
11889.5 3 1.73205
11890.5 4 2
11891.5 10 3.16228
11892.5 9 3
11893.5 9 3
11894.5 6 2.44949
11895.5 3 1.73205
11896.5 5 2.23607
11897.5 8 2.82843
11898.5 8 2.82843
11899.5 11 3.31662
11900.5 4 2
11901.5 2 1.41421
11902.5 4 2
11903.5 7 2.64575
11904.5 6 2.44949
11905.5 10 3.16228
11906.5 3 1.73205
11907.5 5 2.23607
11908.5 4 2
11909.5 7 2.64575
11910.5 7 2.64575
11911.5 3 1.73205
11912.5 5 2.23607
11913.5 7 2.64575
11914.5 8 2.82843
11915.5 2 1.41421
11916.5 7 2.64575
11917.5 8 2.82843
11918.5 5 2.23607
11919.5 9 3
11920.5 6 2.44949
11921.5 6 2.44949
11922.5 8 2.82843
11923.5 7 2.64575
11924.5 5 2.23607
11925.5 7 2.64575
11926.5 6 2.44949
11927.5 8 2.82843
11928.5 6 2.44949
11929.5 8 2.82843
11930.5 7 2.64575
11931.5 6 2.44949
11932.5 3 1.73205
11933.5 10 3.16228
11934.5 4 2
11935.5 2 1.41421
11936.5 5 2.23607
11937.5 9 3
11938.5 7 2.64575
11939.5 7 2.64575
11940.5 4 2
11941.5 9 3
11942.5 7 2.64575
11943.5 4 2
11944.5 13 3.60555
11945.5 6 2.44949
11946.5 6 2.44949
11947.5 5 2.23607
11948.5 8 2.82843
11949.5 8 2.82843
11950.5 6 2.44949
11951.5 2 1.41421
11952.5 6 2.44949
11953.5 3 1.73205
11954.5 7 2.64575
11955.5 5 2.23607
11956.5 4 2
11957.5 8 2.82843
11958.5 2 1.41421
11959.5 5 2.23607
11960.5 3 1.73205
11961.5 9 3
11962.5 5 2.23607
11963.5 7 2.64575
11964.5 6 2.44949
11965.5 3 1.73205
11966.5 6 2.44949
11967.5 6 2.44949
11968.5 11 3.31662
11969.5 6 2.44949
11970.5 5 2.23607
11971.5 11 3.31662
11972.5 13 3.60555
11973.5 8 2.82843
11974.5 7 2.64575
11975.5 3 1.73205
11976.5 4 2
11977.5 6 2.44949
11978.5 7 2.64575
11979.5 9 3
11980.5 7 2.64575
11981.5 7 2.64575
11982.5 5 2.23607
11983.5 9 3
11984.5 5 2.23607
11985.5 7 2.64575
11986.5 5 2.23607
11987.5 4 2
11988.5 8 2.82843
11989.5 7 2.64575
11990.5 7 2.64575
11991.5 6 2.44949
11992.5 9 3
11993.5 6 2.44949
11994.5 4 2
11995.5 4 2
11996.5 7 2.64575
11997.5 5 2.23607
11998.5 2 1.41421
11999.5 7 2.64575
12000.5 4 2
12001.5 7 2.64575
12002.5 7 2.64575
12003.5 5 2.23607
12004.5 5 2.23607
12005.5 4 2
12006.5 7 2.64575
12007.5 3 1.73205
12008.5 5 2.23607
12009.5 8 2.82843
12010.5 3 1.73205
12011.5 4 2
12012.5 11 3.31662
12013.5 3 1.73205
12014.5 5 2.23607
12015.5 5 2.23607
12016.5 7 2.64575
12017.5 6 2.44949
12018.5 4 2
12019.5 5 2.23607
12020.5 10 3.16228
12021.5 8 2.82843
12022.5 8 2.82843
12023.5 8 2.82843
12024.5 0 0
12025.5 6 2.44949
12026.5 4 2
12027.5 6 2.44949
12028.5 7 2.64575
12029.5 7 2.64575
12030.5 3 1.73205
12031.5 2 1.41421
12032.5 9 3
12033.5 9 3
12034.5 3 1.73205
12035.5 9 3
12036.5 15 3.87298
12037.5 8 2.82843
12038.5 7 2.64575
12039.5 3 1.73205
12040.5 1 1
12041.5 8 2.82843
12042.5 7 2.64575
12043.5 7 2.64575
12044.5 7 2.64575
12045.5 6 2.44949
12046.5 9 3
12047.5 6 2.44949
12048.5 4 2
12049.5 3 1.73205
12050.5 12 3.4641
12051.5 5 2.23607
12052.5 4 2
12053.5 5 2.23607
12054.5 5 2.23607
12055.5 5 2.23607
12056.5 7 2.64575
12057.5 3 1.73205
12058.5 4 2
12059.5 8 2.82843
12060.5 10 3.16228
12061.5 6 2.44949
12062.5 5 2.23607
12063.5 8 2.82843
12064.5 10 3.16228
12065.5 4 2
12066.5 7 2.64575
12067.5 3 1.73205
12068.5 4 2
12069.5 11 3.31662
12070.5 10 3.16228
12071.5 12 3.4641
12072.5 8 2.82843
12073.5 8 2.82843
12074.5 7 2.64575
12075.5 4 2
12076.5 8 2.82843
12077.5 8 2.82843
12078.5 12 3.4641
12079.5 6 2.44949
12080.5 8 2.82843
12081.5 10 3.16228
12082.5 7 2.64575
12083.5 2 1.41421
12084.5 7 2.64575
12085.5 7 2.64575
12086.5 5 2.23607
12087.5 5 2.23607
12088.5 3 1.73205
12089.5 2 1.41421
12090.5 4 2
12091.5 7 2.64575
12092.5 9 3
12093.5 13 3.60555
12094.5 4 2
12095.5 6 2.44949
12096.5 7 2.64575
12097.5 8 2.82843
12098.5 7 2.64575
12099.5 3 1.73205
12100.5 7 2.64575
12101.5 4 2
12102.5 5 2.23607
12103.5 1 1
12104.5 3 1.73205
12105.5 3 1.73205
12106.5 3 1.73205
12107.5 2 1.41421
12108.5 7 2.64575
12109.5 8 2.82843
12110.5 2 1.41421
12111.5 4 2
12112.5 6 2.44949
12113.5 2 1.41421
12114.5 9 3
12115.5 9 3
12116.5 9 3
12117.5 8 2.82843
12118.5 5 2.23607
12119.5 5 2.23607
12120.5 8 2.82843
12121.5 5 2.23607
12122.5 3 1.73205
12123.5 6 2.44949
12124.5 10 3.16228
12125.5 5 2.23607
12126.5 8 2.82843
12127.5 4 2
12128.5 4 2
12129.5 7 2.64575
12130.5 5 2.23607
12131.5 6 2.44949
12132.5 9 3
12133.5 8 2.82843
12134.5 4 2
12135.5 4 2
12136.5 7 2.64575
12137.5 6 2.44949
12138.5 6 2.44949
12139.5 4 2
12140.5 8 2.82843
12141.5 9 3
12142.5 5 2.23607
12143.5 5 2.23607
12144.5 8 2.82843
12145.5 9 3
12146.5 11 3.31662
12147.5 6 2.44949
12148.5 13 3.60555
12149.5 4 2
12150.5 4 2
12151.5 2 1.41421
12152.5 5 2.23607
12153.5 10 3.16228
12154.5 8 2.82843
12155.5 10 3.16228
12156.5 6 2.44949
12157.5 3 1.73205
12158.5 14 3.74166
12159.5 6 2.44949
12160.5 7 2.64575
12161.5 11 3.31662
12162.5 7 2.64575
12163.5 5 2.23607
12164.5 5 2.23607
12165.5 4 2
12166.5 6 2.44949
12167.5 5 2.23607
12168.5 9 3
12169.5 6 2.44949
12170.5 6 2.44949
12171.5 4 2
12172.5 3 1.73205
12173.5 6 2.44949
12174.5 7 2.64575
12175.5 6 2.44949
12176.5 4 2
12177.5 2 1.41421
12178.5 6 2.44949
12179.5 9 3
12180.5 5 2.23607
12181.5 10 3.16228
12182.5 6 2.44949
12183.5 4 2
12184.5 11 3.31662
12185.5 5 2.23607
12186.5 6 2.44949
12187.5 3 1.73205
12188.5 5 2.23607
12189.5 8 2.82843
12190.5 7 2.64575
12191.5 9 3
12192.5 5 2.23607
12193.5 5 2.23607
12194.5 7 2.64575
12195.5 8 2.82843
12196.5 6 2.44949
12197.5 3 1.73205
12198.5 10 3.16228
12199.5 4 2
12200.5 3 1.73205
12201.5 3 1.73205
12202.5 6 2.44949
12203.5 8 2.82843
12204.5 6 2.44949
12205.5 10 3.16228
12206.5 5 2.23607
12207.5 4 2
12208.5 5 2.23607
12209.5 5 2.23607
12210.5 5 2.23607
12211.5 10 3.16228
12212.5 5 2.23607
12213.5 8 2.82843
12214.5 6 2.44949
12215.5 2 1.41421
12216.5 7 2.64575
12217.5 11 3.31662
12218.5 7 2.64575
12219.5 2 1.41421
12220.5 5 2.23607
12221.5 9 3
12222.5 5 2.23607
12223.5 8 2.82843
12224.5 8 2.82843
12225.5 4 2
12226.5 8 2.82843
12227.5 2 1.41421
12228.5 6 2.44949
12229.5 12 3.4641
12230.5 7 2.64575
12231.5 9 3
12232.5 9 3
12233.5 8 2.82843
12234.5 6 2.44949
12235.5 10 3.16228
12236.5 4 2
12237.5 9 3
12238.5 5 2.23607
12239.5 4 2
12240.5 7 2.64575
12241.5 7 2.64575
12242.5 7 2.64575
12243.5 6 2.44949
12244.5 4 2
12245.5 9 3
12246.5 7 2.64575
12247.5 12 3.4641
12248.5 6 2.44949
12249.5 7 2.64575
12250.5 7 2.64575
12251.5 9 3
12252.5 3 1.73205
12253.5 6 2.44949
12254.5 7 2.64575
12255.5 8 2.82843
12256.5 10 3.16228
12257.5 3 1.73205
12258.5 4 2
12259.5 5 2.23607
12260.5 10 3.16228
12261.5 4 2
12262.5 5 2.23607
12263.5 4 2
12264.5 4 2
12265.5 7 2.64575
12266.5 5 2.23607
12267.5 10 3.16228
12268.5 13 3.60555
12269.5 10 3.16228
12270.5 5 2.23607
12271.5 2 1.41421
12272.5 7 2.64575
12273.5 7 2.64575
12274.5 4 2
12275.5 7 2.64575
12276.5 2 1.41421
12277.5 5 2.23607
12278.5 2 1.41421
12279.5 7 2.64575
12280.5 6 2.44949
12281.5 5 2.23607
12282.5 9 3
12283.5 7 2.64575
12284.5 7 2.64575
12285.5 6 2.44949
12286.5 6 2.44949
12287.5 4 2
12288.5 7 2.64575
12289.5 5 2.23607
12290.5 11 3.31662
12291.5 10 3.16228
12292.5 4 2
12293.5 5 2.23607
12294.5 5 2.23607
12295.5 3 1.73205
12296.5 4 2
12297.5 6 2.44949
12298.5 11 3.31662
12299.5 5 2.23607
12300.5 10 3.16228
12301.5 7 2.64575
12302.5 7 2.64575
12303.5 6 2.44949
12304.5 7 2.64575
12305.5 9 3
12306.5 7 2.64575
12307.5 10 3.16228
12308.5 6 2.44949
12309.5 10 3.16228
12310.5 2 1.41421
12311.5 4 2
12312.5 5 2.23607
12313.5 6 2.44949
12314.5 6 2.44949
12315.5 5 2.23607
12316.5 7 2.64575
12317.5 6 2.44949
12318.5 3 1.73205
12319.5 1 1
12320.5 5 2.23607
12321.5 5 2.23607
12322.5 7 2.64575
12323.5 4 2
12324.5 8 2.82843
12325.5 4 2
12326.5 8 2.82843
12327.5 10 3.16228
12328.5 5 2.23607
12329.5 9 3
12330.5 6 2.44949
12331.5 6 2.44949
12332.5 11 3.31662
12333.5 6 2.44949
12334.5 7 2.64575
12335.5 10 3.16228
12336.5 1 1
12337.5 3 1.73205
12338.5 6 2.44949
12339.5 3 1.73205
12340.5 3 1.73205
12341.5 16 4
12342.5 9 3
12343.5 3 1.73205
12344.5 3 1.73205
12345.5 6 2.44949
12346.5 5 2.23607
12347.5 7 2.64575
12348.5 9 3
12349.5 7 2.64575
12350.5 7 2.64575
12351.5 3 1.73205
12352.5 8 2.82843
12353.5 4 2
12354.5 6 2.44949
12355.5 7 2.64575
12356.5 4 2
12357.5 7 2.64575
12358.5 4 2
12359.5 8 2.82843
12360.5 4 2
12361.5 11 3.31662
12362.5 10 3.16228
12363.5 7 2.64575
12364.5 6 2.44949
12365.5 3 1.73205
12366.5 10 3.16228
12367.5 6 2.44949
12368.5 9 3
12369.5 6 2.44949
12370.5 5 2.23607
12371.5 8 2.82843
12372.5 5 2.23607
12373.5 9 3
12374.5 9 3
12375.5 4 2
12376.5 10 3.16228
12377.5 8 2.82843
12378.5 3 1.73205
12379.5 8 2.82843
12380.5 7 2.64575
12381.5 6 2.44949
12382.5 10 3.16228
12383.5 4 2
12384.5 5 2.23607
12385.5 6 2.44949
12386.5 3 1.73205
12387.5 3 1.73205
12388.5 10 3.16228
12389.5 10 3.16228
12390.5 3 1.73205
12391.5 8 2.82843
12392.5 13 3.60555
12393.5 5 2.23607
12394.5 8 2.82843
12395.5 8 2.82843
12396.5 7 2.64575
12397.5 5 2.23607
12398.5 5 2.23607
12399.5 7 2.64575
12400.5 9 3
12401.5 12 3.4641
12402.5 9 3
12403.5 8 2.82843
12404.5 9 3
12405.5 6 2.44949
12406.5 3 1.73205
12407.5 5 2.23607
12408.5 4 2
12409.5 6 2.44949
12410.5 8 2.82843
12411.5 8 2.82843
12412.5 3 1.73205
12413.5 5 2.23607
12414.5 16 4
12415.5 9 3
12416.5 5 2.23607
12417.5 9 3
12418.5 6 2.44949
12419.5 10 3.16228
12420.5 10 3.16228
12421.5 9 3
12422.5 4 2
12423.5 9 3
12424.5 4 2
12425.5 11 3.31662
12426.5 8 2.82843
12427.5 2 1.41421
12428.5 11 3.31662
12429.5 7 2.64575
12430.5 6 2.44949
12431.5 3 1.73205
12432.5 7 2.64575
12433.5 9 3
12434.5 4 2
12435.5 4 2
12436.5 7 2.64575
12437.5 5 2.23607
12438.5 4 2
12439.5 5 2.23607
12440.5 6 2.44949
12441.5 6 2.44949
12442.5 6 2.44949
12443.5 6 2.44949
12444.5 5 2.23607
12445.5 11 3.31662
12446.5 7 2.64575
12447.5 10 3.16228
12448.5 13 3.60555
12449.5 8 2.82843
12450.5 3 1.73205
12451.5 8 2.82843
12452.5 5 2.23607
12453.5 7 2.64575
12454.5 6 2.44949
12455.5 7 2.64575
12456.5 11 3.31662
12457.5 9 3
12458.5 8 2.82843
12459.5 4 2
12460.5 7 2.64575
12461.5 6 2.44949
12462.5 8 2.82843
12463.5 3 1.73205
12464.5 12 3.4641
12465.5 8 2.82843
12466.5 8 2.82843
12467.5 6 2.44949
12468.5 5 2.23607
12469.5 5 2.23607
12470.5 8 2.82843
12471.5 8 2.82843
12472.5 3 1.73205
12473.5 12 3.4641
12474.5 8 2.82843
12475.5 6 2.44949
12476.5 4 2
12477.5 9 3
12478.5 7 2.64575
12479.5 9 3
12480.5 6 2.44949
12481.5 6 2.44949
12482.5 6 2.44949
12483.5 8 2.82843
12484.5 10 3.16228
12485.5 6 2.44949
12486.5 8 2.82843
12487.5 2 1.41421
12488.5 8 2.82843
12489.5 6 2.44949
12490.5 6 2.44949
12491.5 10 3.16228
12492.5 16 4
12493.5 4 2
12494.5 4 2
12495.5 9 3
12496.5 6 2.44949
12497.5 10 3.16228
12498.5 5 2.23607
12499.5 8 2.82843
12500.5 6 2.44949
12501.5 10 3.16228
12502.5 9 3
12503.5 10 3.16228
12504.5 8 2.82843
12505.5 9 3
12506.5 11 3.31662
12507.5 6 2.44949
12508.5 6 2.44949
12509.5 7 2.64575
12510.5 4 2
12511.5 4 2
12512.5 4 2
12513.5 8 2.82843
12514.5 10 3.16228
12515.5 10 3.16228
12516.5 8 2.82843
12517.5 10 3.16228
12518.5 6 2.44949
12519.5 6 2.44949
12520.5 4 2
12521.5 7 2.64575
12522.5 7 2.64575
12523.5 6 2.44949
12524.5 5 2.23607
12525.5 5 2.23607
12526.5 7 2.64575
12527.5 6 2.44949
12528.5 8 2.82843
12529.5 7 2.64575
12530.5 5 2.23607
12531.5 4 2
12532.5 7 2.64575
12533.5 11 3.31662
12534.5 2 1.41421
12535.5 8 2.82843
12536.5 7 2.64575
12537.5 4 2
12538.5 4 2
12539.5 6 2.44949
12540.5 7 2.64575
12541.5 8 2.82843
12542.5 5 2.23607
12543.5 8 2.82843
12544.5 6 2.44949
12545.5 12 3.4641
12546.5 11 3.31662
12547.5 5 2.23607
12548.5 10 3.16228
12549.5 7 2.64575
12550.5 3 1.73205
12551.5 4 2
12552.5 9 3
12553.5 5 2.23607
12554.5 6 2.44949
12555.5 6 2.44949
12556.5 4 2
12557.5 3 1.73205
12558.5 5 2.23607
12559.5 1 1
12560.5 12 3.4641
12561.5 8 2.82843
12562.5 9 3
12563.5 4 2
12564.5 8 2.82843
12565.5 4 2
12566.5 10 3.16228
12567.5 9 3
12568.5 1 1
12569.5 10 3.16228
12570.5 4 2
12571.5 2 1.41421
12572.5 9 3
12573.5 9 3
12574.5 3 1.73205
12575.5 10 3.16228
12576.5 7 2.64575
12577.5 5 2.23607
12578.5 7 2.64575
12579.5 5 2.23607
12580.5 6 2.44949
12581.5 4 2
12582.5 5 2.23607
12583.5 8 2.82843
12584.5 3 1.73205
12585.5 7 2.64575
12586.5 3 1.73205
12587.5 7 2.64575
12588.5 13 3.60555
12589.5 4 2
12590.5 3 1.73205
12591.5 6 2.44949
12592.5 11 3.31662
12593.5 2 1.41421
12594.5 5 2.23607
12595.5 5 2.23607
12596.5 6 2.44949
12597.5 6 2.44949
12598.5 6 2.44949
12599.5 12 3.4641
12600.5 6 2.44949
12601.5 6 2.44949
12602.5 6 2.44949
12603.5 7 2.64575
12604.5 6 2.44949
12605.5 7 2.64575
12606.5 6 2.44949
12607.5 3 1.73205
12608.5 8 2.82843
12609.5 4 2
12610.5 6 2.44949
12611.5 6 2.44949
12612.5 7 2.64575
12613.5 6 2.44949
12614.5 3 1.73205
12615.5 7 2.64575
12616.5 8 2.82843
12617.5 10 3.16228
12618.5 5 2.23607
12619.5 2 1.41421
12620.5 5 2.23607
12621.5 1 1
12622.5 5 2.23607
12623.5 7 2.64575
12624.5 7 2.64575
12625.5 8 2.82843
12626.5 10 3.16228
12627.5 6 2.44949
12628.5 10 3.16228
12629.5 6 2.44949
12630.5 5 2.23607
12631.5 5 2.23607
12632.5 5 2.23607
12633.5 7 2.64575
12634.5 11 3.31662
12635.5 7 2.64575
12636.5 9 3
12637.5 3 1.73205
12638.5 3 1.73205
12639.5 7 2.64575
12640.5 8 2.82843
12641.5 12 3.4641
12642.5 9 3
12643.5 5 2.23607
12644.5 9 3
12645.5 2 1.41421
12646.5 4 2
12647.5 1 1
12648.5 8 2.82843
12649.5 5 2.23607
12650.5 7 2.64575
12651.5 12 3.4641
12652.5 6 2.44949
12653.5 7 2.64575
12654.5 9 3
12655.5 3 1.73205
12656.5 6 2.44949
12657.5 8 2.82843
12658.5 8 2.82843
12659.5 9 3
12660.5 9 3
12661.5 7 2.64575
12662.5 4 2
12663.5 2 1.41421
12664.5 11 3.31662
12665.5 10 3.16228
12666.5 8 2.82843
12667.5 6 2.44949
12668.5 3 1.73205
12669.5 8 2.82843
12670.5 7 2.64575
12671.5 6 2.44949
12672.5 5 2.23607
12673.5 10 3.16228
12674.5 7 2.64575
12675.5 6 2.44949
12676.5 8 2.82843
12677.5 4 2
12678.5 6 2.44949
12679.5 8 2.82843
12680.5 7 2.64575
12681.5 4 2
12682.5 8 2.82843
12683.5 7 2.64575
12684.5 3 1.73205
12685.5 6 2.44949
12686.5 7 2.64575
12687.5 10 3.16228
12688.5 5 2.23607
12689.5 9 3
12690.5 1 1
12691.5 4 2
12692.5 6 2.44949
12693.5 6 2.44949
12694.5 8 2.82843
12695.5 9 3
12696.5 11 3.31662
12697.5 12 3.4641
12698.5 11 3.31662
12699.5 10 3.16228
12700.5 6 2.44949
12701.5 8 2.82843
12702.5 7 2.64575
12703.5 3 1.73205
12704.5 6 2.44949
12705.5 6 2.44949
12706.5 6 2.44949
12707.5 5 2.23607
12708.5 5 2.23607
12709.5 5 2.23607
12710.5 2 1.41421
12711.5 7 2.64575
12712.5 13 3.60555
12713.5 4 2
12714.5 8 2.82843
12715.5 7 2.64575
12716.5 6 2.44949
12717.5 7 2.64575
12718.5 3 1.73205
12719.5 8 2.82843
12720.5 11 3.31662
12721.5 8 2.82843
12722.5 8 2.82843
12723.5 10 3.16228
12724.5 8 2.82843
12725.5 8 2.82843
12726.5 11 3.31662
12727.5 5 2.23607
12728.5 5 2.23607
12729.5 5 2.23607
12730.5 8 2.82843
12731.5 4 2
12732.5 6 2.44949
12733.5 6 2.44949
12734.5 7 2.64575
12735.5 7 2.64575
12736.5 7 2.64575
12737.5 9 3
12738.5 9 3
12739.5 9 3
12740.5 3 1.73205
12741.5 2 1.41421
12742.5 6 2.44949
12743.5 8 2.82843
12744.5 7 2.64575
12745.5 3 1.73205
12746.5 8 2.82843
12747.5 7 2.64575
12748.5 5 2.23607
12749.5 8 2.82843
12750.5 4 2
12751.5 10 3.16228
12752.5 7 2.64575
12753.5 8 2.82843
12754.5 9 3
12755.5 5 2.23607
12756.5 4 2
12757.5 3 1.73205
12758.5 6 2.44949
12759.5 8 2.82843
12760.5 1 1
12761.5 4 2
12762.5 10 3.16228
12763.5 4 2
12764.5 4 2
12765.5 9 3
12766.5 8 2.82843
12767.5 7 2.64575
12768.5 7 2.64575
12769.5 2 1.41421
12770.5 8 2.82843
12771.5 9 3
12772.5 5 2.23607
12773.5 7 2.64575
12774.5 5 2.23607
12775.5 6 2.44949
12776.5 7 2.64575
12777.5 5 2.23607
12778.5 6 2.44949
12779.5 6 2.44949
12780.5 6 2.44949
12781.5 5 2.23607
12782.5 5 2.23607
12783.5 6 2.44949
12784.5 8 2.82843
12785.5 4 2
12786.5 11 3.31662
12787.5 8 2.82843
12788.5 6 2.44949
12789.5 6 2.44949
12790.5 9 3
12791.5 3 1.73205
12792.5 6 2.44949
12793.5 13 3.60555
12794.5 9 3
12795.5 7 2.64575
12796.5 11 3.31662
12797.5 10 3.16228
12798.5 5 2.23607
12799.5 3 1.73205
12800.5 6 2.44949
12801.5 4 2
12802.5 5 2.23607
12803.5 9 3
12804.5 8 2.82843
12805.5 6 2.44949
12806.5 9 3
12807.5 7 2.64575
12808.5 8 2.82843
12809.5 8 2.82843
12810.5 11 3.31662
12811.5 9 3
12812.5 12 3.4641
12813.5 9 3
12814.5 9 3
12815.5 6 2.44949
12816.5 7 2.64575
12817.5 7 2.64575
12818.5 7 2.64575
12819.5 6 2.44949
12820.5 10 3.16228
12821.5 8 2.82843
12822.5 4 2
12823.5 11 3.31662
12824.5 10 3.16228
12825.5 11 3.31662
12826.5 10 3.16228
12827.5 8 2.82843
12828.5 12 3.4641
12829.5 3 1.73205
12830.5 5 2.23607
12831.5 9 3
12832.5 3 1.73205
12833.5 9 3
12834.5 7 2.64575
12835.5 3 1.73205
12836.5 9 3
12837.5 5 2.23607
12838.5 6 2.44949
12839.5 5 2.23607
12840.5 8 2.82843
12841.5 9 3
12842.5 10 3.16228
12843.5 9 3
12844.5 10 3.16228
12845.5 3 1.73205
12846.5 4 2
12847.5 8 2.82843
12848.5 6 2.44949
12849.5 5 2.23607
12850.5 5 2.23607
12851.5 5 2.23607
12852.5 8 2.82843
12853.5 5 2.23607
12854.5 2 1.41421
12855.5 6 2.44949
12856.5 10 3.16228
12857.5 10 3.16228
12858.5 8 2.82843
12859.5 6 2.44949
12860.5 5 2.23607
12861.5 7 2.64575
12862.5 8 2.82843
12863.5 6 2.44949
12864.5 11 3.31662
12865.5 8 2.82843
12866.5 7 2.64575
12867.5 5 2.23607
12868.5 5 2.23607
12869.5 7 2.64575
12870.5 6 2.44949
12871.5 7 2.64575
12872.5 5 2.23607
12873.5 4 2
12874.5 6 2.44949
12875.5 9 3
12876.5 9 3
12877.5 7 2.64575
12878.5 12 3.4641
12879.5 9 3
12880.5 10 3.16228
12881.5 5 2.23607
12882.5 3 1.73205
12883.5 10 3.16228
12884.5 8 2.82843
12885.5 10 3.16228
12886.5 7 2.64575
12887.5 8 2.82843
12888.5 8 2.82843
12889.5 4 2
12890.5 7 2.64575
12891.5 6 2.44949
12892.5 9 3
12893.5 7 2.64575
12894.5 8 2.82843
12895.5 8 2.82843
12896.5 8 2.82843
12897.5 11 3.31662
12898.5 7 2.64575
12899.5 4 2
12900.5 5 2.23607
12901.5 11 3.31662
12902.5 6 2.44949
12903.5 9 3
12904.5 12 3.4641
12905.5 4 2
12906.5 11 3.31662
12907.5 4 2
12908.5 5 2.23607
12909.5 8 2.82843
12910.5 9 3
12911.5 7 2.64575
12912.5 10 3.16228
12913.5 13 3.60555
12914.5 9 3
12915.5 8 2.82843
12916.5 8 2.82843
12917.5 8 2.82843
12918.5 14 3.74166
12919.5 13 3.60555
12920.5 3 1.73205
12921.5 4 2
12922.5 6 2.44949
12923.5 2 1.41421
12924.5 7 2.64575
12925.5 7 2.64575
12926.5 8 2.82843
12927.5 7 2.64575
12928.5 8 2.82843
12929.5 5 2.23607
12930.5 6 2.44949
12931.5 5 2.23607
12932.5 10 3.16228
12933.5 9 3
12934.5 4 2
12935.5 7 2.64575
12936.5 5 2.23607
12937.5 3 1.73205
12938.5 10 3.16228
12939.5 8 2.82843
12940.5 8 2.82843
12941.5 11 3.31662
12942.5 4 2
12943.5 6 2.44949
12944.5 7 2.64575
12945.5 9 3
12946.5 5 2.23607
12947.5 16 4
12948.5 14 3.74166
12949.5 12 3.4641
12950.5 4 2
12951.5 6 2.44949
12952.5 8 2.82843
12953.5 10 3.16228
12954.5 8 2.82843
12955.5 4 2
12956.5 9 3
12957.5 5 2.23607
12958.5 15 3.87298
12959.5 6 2.44949
12960.5 8 2.82843
12961.5 8 2.82843
12962.5 5 2.23607
12963.5 5 2.23607
12964.5 10 3.16228
12965.5 2 1.41421
12966.5 3 1.73205
12967.5 12 3.4641
12968.5 2 1.41421
12969.5 3 1.73205
12970.5 4 2
12971.5 4 2
12972.5 4 2
12973.5 5 2.23607
12974.5 7 2.64575
12975.5 6 2.44949
12976.5 10 3.16228
12977.5 5 2.23607
12978.5 7 2.64575
12979.5 6 2.44949
12980.5 11 3.31662
12981.5 9 3
12982.5 4 2
12983.5 6 2.44949
12984.5 10 3.16228
12985.5 6 2.44949
12986.5 9 3
12987.5 6 2.44949
12988.5 7 2.64575
12989.5 5 2.23607
12990.5 9 3
12991.5 5 2.23607
12992.5 13 3.60555
12993.5 10 3.16228
12994.5 7 2.64575
12995.5 4 2
12996.5 12 3.4641
12997.5 9 3
12998.5 4 2
12999.5 8 2.82843
13000.5 11 3.31662
13001.5 9 3
13002.5 6 2.44949
13003.5 11 3.31662
13004.5 7 2.64575
13005.5 12 3.4641
13006.5 8 2.82843
13007.5 7 2.64575
13008.5 10 3.16228
13009.5 7 2.64575
13010.5 8 2.82843
13011.5 7 2.64575
13012.5 5 2.23607
13013.5 5 2.23607
13014.5 9 3
13015.5 5 2.23607
13016.5 11 3.31662
13017.5 9 3
13018.5 10 3.16228
13019.5 5 2.23607
13020.5 3 1.73205
13021.5 7 2.64575
13022.5 6 2.44949
13023.5 10 3.16228
13024.5 6 2.44949
13025.5 11 3.31662
13026.5 3 1.73205
13027.5 13 3.60555
13028.5 2 1.41421
13029.5 7 2.64575
13030.5 11 3.31662
13031.5 10 3.16228
13032.5 7 2.64575
13033.5 6 2.44949
13034.5 11 3.31662
13035.5 7 2.64575
13036.5 6 2.44949
13037.5 8 2.82843
13038.5 3 1.73205
13039.5 7 2.64575
13040.5 11 3.31662
13041.5 9 3
13042.5 6 2.44949
13043.5 9 3
13044.5 6 2.44949
13045.5 9 3
13046.5 3 1.73205
13047.5 13 3.60555
13048.5 7 2.64575
13049.5 13 3.60555
13050.5 5 2.23607
13051.5 10 3.16228
13052.5 5 2.23607
13053.5 6 2.44949
13054.5 6 2.44949
13055.5 4 2
13056.5 6 2.44949
13057.5 7 2.64575
13058.5 5 2.23607
13059.5 9 3
13060.5 13 3.60555
13061.5 8 2.82843
13062.5 3 1.73205
13063.5 7 2.64575
13064.5 12 3.4641
13065.5 7 2.64575
13066.5 10 3.16228
13067.5 6 2.44949
13068.5 9 3
13069.5 8 2.82843
13070.5 12 3.4641
13071.5 10 3.16228
13072.5 4 2
13073.5 6 2.44949
13074.5 12 3.4641
13075.5 11 3.31662
13076.5 9 3
13077.5 8 2.82843
13078.5 11 3.31662
13079.5 6 2.44949
13080.5 7 2.64575
13081.5 5 2.23607
13082.5 4 2
13083.5 12 3.4641
13084.5 10 3.16228
13085.5 9 3
13086.5 7 2.64575
13087.5 8 2.82843
13088.5 8 2.82843
13089.5 12 3.4641
13090.5 7 2.64575
13091.5 7 2.64575
13092.5 5 2.23607
13093.5 3 1.73205
13094.5 7 2.64575
13095.5 13 3.60555
13096.5 8 2.82843
13097.5 6 2.44949
13098.5 5 2.23607
13099.5 6 2.44949
13100.5 12 3.4641
13101.5 2 1.41421
13102.5 7 2.64575
13103.5 10 3.16228
13104.5 3 1.73205
13105.5 7 2.64575
13106.5 6 2.44949
13107.5 4 2
13108.5 12 3.4641
13109.5 6 2.44949
13110.5 9 3
13111.5 6 2.44949
13112.5 8 2.82843
13113.5 7 2.64575
13114.5 5 2.23607
13115.5 10 3.16228
13116.5 7 2.64575
13117.5 8 2.82843
13118.5 8 2.82843
13119.5 12 3.4641
13120.5 10 3.16228
13121.5 4 2
13122.5 9 3
13123.5 8 2.82843
13124.5 5 2.23607
13125.5 7 2.64575
13126.5 8 2.82843
13127.5 7 2.64575
13128.5 13 3.60555
13129.5 8 2.82843
13130.5 7 2.64575
13131.5 10 3.16228
13132.5 9 3
13133.5 16 4
13134.5 12 3.4641
13135.5 9 3
13136.5 14 3.74166
13137.5 8 2.82843
13138.5 6 2.44949
13139.5 12 3.4641
13140.5 7 2.64575
13141.5 12 3.4641
13142.5 10 3.16228
13143.5 6 2.44949
13144.5 4 2
13145.5 4 2
13146.5 10 3.16228
13147.5 9 3
13148.5 5 2.23607
13149.5 5 2.23607
13150.5 6 2.44949
13151.5 10 3.16228
13152.5 3 1.73205
13153.5 7 2.64575
13154.5 8 2.82843
13155.5 8 2.82843
13156.5 10 3.16228
13157.5 5 2.23607
13158.5 8 2.82843
13159.5 4 2
13160.5 8 2.82843
13161.5 11 3.31662
13162.5 6 2.44949
13163.5 11 3.31662
13164.5 10 3.16228
13165.5 5 2.23607
13166.5 5 2.23607
13167.5 10 3.16228
13168.5 8 2.82843
13169.5 7 2.64575
13170.5 7 2.64575
13171.5 3 1.73205
13172.5 13 3.60555
13173.5 11 3.31662
13174.5 7 2.64575
13175.5 7 2.64575
13176.5 9 3
13177.5 5 2.23607
13178.5 9 3
13179.5 6 2.44949
13180.5 12 3.4641
13181.5 8 2.82843
13182.5 5 2.23607
13183.5 3 1.73205
13184.5 2 1.41421
13185.5 11 3.31662
13186.5 12 3.4641
13187.5 5 2.23607
13188.5 3 1.73205
13189.5 7 2.64575
13190.5 8 2.82843
13191.5 11 3.31662
13192.5 8 2.82843
13193.5 5 2.23607
13194.5 7 2.64575
13195.5 7 2.64575
13196.5 4 2
13197.5 5 2.23607
13198.5 6 2.44949
13199.5 4 2
13200.5 4 2
13201.5 7 2.64575
13202.5 7 2.64575
13203.5 6 2.44949
13204.5 9 3
13205.5 7 2.64575
13206.5 8 2.82843
13207.5 4 2
13208.5 6 2.44949
13209.5 7 2.64575
13210.5 9 3
13211.5 11 3.31662
13212.5 5 2.23607
13213.5 8 2.82843
13214.5 9 3
13215.5 4 2
13216.5 8 2.82843
13217.5 8 2.82843
13218.5 9 3
13219.5 6 2.44949
13220.5 3 1.73205
13221.5 10 3.16228
13222.5 9 3
13223.5 3 1.73205
13224.5 3 1.73205
13225.5 7 2.64575
13226.5 13 3.60555
13227.5 6 2.44949
13228.5 8 2.82843
13229.5 10 3.16228
13230.5 7 2.64575
13231.5 12 3.4641
13232.5 8 2.82843
13233.5 9 3
13234.5 7 2.64575
13235.5 6 2.44949
13236.5 14 3.74166
13237.5 8 2.82843
13238.5 4 2
13239.5 6 2.44949
13240.5 8 2.82843
13241.5 4 2
13242.5 3 1.73205
13243.5 3 1.73205
13244.5 5 2.23607
13245.5 2 1.41421
13246.5 7 2.64575
13247.5 6 2.44949
13248.5 6 2.44949
13249.5 9 3
13250.5 12 3.4641
13251.5 9 3
13252.5 6 2.44949
13253.5 6 2.44949
13254.5 5 2.23607
13255.5 4 2
13256.5 6 2.44949
13257.5 11 3.31662
13258.5 7 2.64575
13259.5 9 3
13260.5 7 2.64575
13261.5 9 3
13262.5 4 2
13263.5 10 3.16228
13264.5 3 1.73205
13265.5 3 1.73205
13266.5 7 2.64575
13267.5 8 2.82843
13268.5 3 1.73205
13269.5 3 1.73205
13270.5 6 2.44949
13271.5 9 3
13272.5 6 2.44949
13273.5 5 2.23607
13274.5 4 2
13275.5 11 3.31662
13276.5 9 3
13277.5 7 2.64575
13278.5 4 2
13279.5 5 2.23607
13280.5 6 2.44949
13281.5 2 1.41421
13282.5 6 2.44949
13283.5 3 1.73205
13284.5 6 2.44949
13285.5 4 2
13286.5 8 2.82843
13287.5 5 2.23607
13288.5 3 1.73205
13289.5 2 1.41421
13290.5 5 2.23607
13291.5 3 1.73205
13292.5 7 2.64575
13293.5 3 1.73205
13294.5 5 2.23607
13295.5 4 2
13296.5 4 2
13297.5 4 2
13298.5 7 2.64575
13299.5 11 3.31662
13300.5 6 2.44949
13301.5 10 3.16228
13302.5 8 2.82843
13303.5 4 2
13304.5 7 2.64575
13305.5 5 2.23607
13306.5 6 2.44949
13307.5 5 2.23607
13308.5 10 3.16228
13309.5 3 1.73205
13310.5 6 2.44949
13311.5 8 2.82843
13312.5 5 2.23607
13313.5 6 2.44949
13314.5 4 2
13315.5 4 2
13316.5 5 2.23607
13317.5 6 2.44949
13318.5 9 3
13319.5 2 1.41421
13320.5 5 2.23607
13321.5 5 2.23607
13322.5 3 1.73205
13323.5 11 3.31662
13324.5 10 3.16228
13325.5 5 2.23607
13326.5 7 2.64575
13327.5 2 1.41421
13328.5 4 2
13329.5 4 2
13330.5 8 2.82843
13331.5 6 2.44949
13332.5 0 0
13333.5 3 1.73205
13334.5 8 2.82843
13335.5 7 2.64575
13336.5 5 2.23607
13337.5 4 2
13338.5 5 2.23607
13339.5 8 2.82843
13340.5 1 1
13341.5 5 2.23607
13342.5 4 2
13343.5 5 2.23607
13344.5 8 2.82843
13345.5 4 2
13346.5 3 1.73205
13347.5 4 2
13348.5 6 2.44949
13349.5 6 2.44949
13350.5 6 2.44949
13351.5 9 3
13352.5 8 2.82843
13353.5 7 2.64575
13354.5 2 1.41421
13355.5 4 2
13356.5 6 2.44949
13357.5 4 2
13358.5 9 3
13359.5 6 2.44949
13360.5 6 2.44949
13361.5 7 2.64575
13362.5 4 2
13363.5 3 1.73205
13364.5 7 2.64575
13365.5 8 2.82843
13366.5 8 2.82843
13367.5 7 2.64575
13368.5 5 2.23607
13369.5 3 1.73205
13370.5 5 2.23607
13371.5 2 1.41421
13372.5 2 1.41421
13373.5 4 2
13374.5 6 2.44949
13375.5 3 1.73205
13376.5 9 3
13377.5 7 2.64575
13378.5 8 2.82843
13379.5 5 2.23607
13380.5 7 2.64575
13381.5 5 2.23607
13382.5 5 2.23607
13383.5 5 2.23607
13384.5 4 2
13385.5 2 1.41421
13386.5 5 2.23607
13387.5 3 1.73205
13388.5 3 1.73205
13389.5 5 2.23607
13390.5 3 1.73205
13391.5 5 2.23607
13392.5 3 1.73205
13393.5 6 2.44949
13394.5 2 1.41421
13395.5 4 2
13396.5 3 1.73205
13397.5 3 1.73205
13398.5 3 1.73205
13399.5 6 2.44949
13400.5 7 2.64575
13401.5 5 2.23607
13402.5 7 2.64575
13403.5 6 2.44949
13404.5 6 2.44949
13405.5 6 2.44949
13406.5 4 2
13407.5 8 2.82843
13408.5 2 1.41421
13409.5 4 2
13410.5 6 2.44949
13411.5 6 2.44949
13412.5 2 1.41421
13413.5 2 1.41421
13414.5 5 2.23607
13415.5 3 1.73205
13416.5 7 2.64575
13417.5 5 2.23607
13418.5 8 2.82843
13419.5 6 2.44949
13420.5 2 1.41421
13421.5 4 2
13422.5 8 2.82843
13423.5 5 2.23607
13424.5 4 2
13425.5 4 2
13426.5 5 2.23607
13427.5 6 2.44949
13428.5 8 2.82843
13429.5 5 2.23607
13430.5 2 1.41421
13431.5 5 2.23607
13432.5 4 2
13433.5 5 2.23607
13434.5 5 2.23607
13435.5 6 2.44949
13436.5 5 2.23607
13437.5 1 1
13438.5 6 2.44949
13439.5 8 2.82843
13440.5 6 2.44949
13441.5 1 1
13442.5 5 2.23607
13443.5 2 1.41421
13444.5 3 1.73205
13445.5 4 2
13446.5 1 1
13447.5 3 1.73205
13448.5 4 2
13449.5 5 2.23607
13450.5 7 2.64575
13451.5 6 2.44949
13452.5 7 2.64575
13453.5 7 2.64575
13454.5 5 2.23607
13455.5 8 2.82843
13456.5 7 2.64575
13457.5 7 2.64575
13458.5 4 2
13459.5 3 1.73205
13460.5 4 2
13461.5 0 0
13462.5 4 2
13463.5 8 2.82843
13464.5 5 2.23607
13465.5 9 3
13466.5 5 2.23607
13467.5 2 1.41421
13468.5 5 2.23607
13469.5 10 3.16228
13470.5 5 2.23607
13471.5 3 1.73205
13472.5 4 2
13473.5 5 2.23607
13474.5 3 1.73205
13475.5 5 2.23607
13476.5 7 2.64575
13477.5 4 2
13478.5 5 2.23607
13479.5 4 2
13480.5 3 1.73205
13481.5 6 2.44949
13482.5 8 2.82843
13483.5 5 2.23607
13484.5 3 1.73205
13485.5 4 2
13486.5 10 3.16228
13487.5 3 1.73205
13488.5 7 2.64575
13489.5 6 2.44949
13490.5 4 2
13491.5 7 2.64575
13492.5 7 2.64575
13493.5 7 2.64575
13494.5 7 2.64575
13495.5 10 3.16228
13496.5 3 1.73205
13497.5 6 2.44949
13498.5 0 0
13499.5 3 1.73205
13500.5 1 1
13501.5 1 1
13502.5 7 2.64575
13503.5 3 1.73205
13504.5 1 1
13505.5 6 2.44949
13506.5 1 1
13507.5 5 2.23607
13508.5 7 2.64575
13509.5 5 2.23607
13510.5 5 2.23607
13511.5 3 1.73205
13512.5 4 2
13513.5 3 1.73205
13514.5 4 2
13515.5 4 2
13516.5 6 2.44949
13517.5 4 2
13518.5 5 2.23607
13519.5 5 2.23607
13520.5 5 2.23607
13521.5 5 2.23607
13522.5 5 2.23607
13523.5 4 2
13524.5 5 2.23607
13525.5 4 2
13526.5 2 1.41421
13527.5 4 2
13528.5 5 2.23607
13529.5 3 1.73205
13530.5 4 2
13531.5 3 1.73205
13532.5 3 1.73205
13533.5 7 2.64575
13534.5 2 1.41421
13535.5 4 2
13536.5 6 2.44949
13537.5 3 1.73205
13538.5 7 2.64575
13539.5 7 2.64575
13540.5 2 1.41421
13541.5 4 2
13542.5 5 2.23607
13543.5 2 1.41421
13544.5 5 2.23607
13545.5 3 1.73205
13546.5 6 2.44949
13547.5 6 2.44949
13548.5 3 1.73205
13549.5 5 2.23607
13550.5 4 2
13551.5 4 2
13552.5 4 2
13553.5 4 2
13554.5 9 3
13555.5 1 1
13556.5 6 2.44949
13557.5 4 2
13558.5 7 2.64575
13559.5 4 2
13560.5 4 2
13561.5 3 1.73205
13562.5 3 1.73205
13563.5 7 2.64575
13564.5 2 1.41421
13565.5 2 1.41421
13566.5 7 2.64575
13567.5 7 2.64575
13568.5 2 1.41421
13569.5 2 1.41421
13570.5 3 1.73205
13571.5 5 2.23607
13572.5 7 2.64575
13573.5 8 2.82843
13574.5 6 2.44949
13575.5 3 1.73205
13576.5 5 2.23607
13577.5 5 2.23607
13578.5 7 2.64575
13579.5 7 2.64575
13580.5 4 2
13581.5 8 2.82843
13582.5 3 1.73205
13583.5 10 3.16228
13584.5 10 3.16228
13585.5 4 2
13586.5 8 2.82843
13587.5 7 2.64575
13588.5 4 2
13589.5 5 2.23607
13590.5 1 1
13591.5 7 2.64575
13592.5 8 2.82843
13593.5 10 3.16228
13594.5 7 2.64575
13595.5 5 2.23607
13596.5 5 2.23607
13597.5 5 2.23607
13598.5 6 2.44949
13599.5 3 1.73205
13600.5 3 1.73205
13601.5 5 2.23607
13602.5 5 2.23607
13603.5 3 1.73205
13604.5 7 2.64575
13605.5 6 2.44949
13606.5 11 3.31662
13607.5 1 1
13608.5 8 2.82843
13609.5 1 1
13610.5 8 2.82843
13611.5 10 3.16228
13612.5 6 2.44949
13613.5 6 2.44949
13614.5 7 2.64575
13615.5 4 2
13616.5 2 1.41421
13617.5 3 1.73205
13618.5 4 2
13619.5 2 1.41421
13620.5 2 1.41421
13621.5 4 2
13622.5 1 1
13623.5 7 2.64575
13624.5 4 2
13625.5 1 1
13626.5 3 1.73205
13627.5 0 0
13628.5 2 1.41421
13629.5 2 1.41421
13630.5 5 2.23607
13631.5 4 2
13632.5 3 1.73205
13633.5 5 2.23607
13634.5 6 2.44949
13635.5 5 2.23607
13636.5 7 2.64575
13637.5 1 1
13638.5 5 2.23607
13639.5 6 2.44949
13640.5 0 0
13641.5 6 2.44949
13642.5 5 2.23607
13643.5 4 2
13644.5 4 2
13645.5 3 1.73205
13646.5 3 1.73205
13647.5 4 2
13648.5 2 1.41421
13649.5 5 2.23607
13650.5 5 2.23607
13651.5 1 1
13652.5 6 2.44949
13653.5 4 2
13654.5 7 2.64575
13655.5 9 3
13656.5 4 2
13657.5 3 1.73205
13658.5 1 1
13659.5 3 1.73205
13660.5 4 2
13661.5 5 2.23607
13662.5 3 1.73205
13663.5 4 2
13664.5 5 2.23607
13665.5 2 1.41421
13666.5 5 2.23607
13667.5 6 2.44949
13668.5 5 2.23607
13669.5 2 1.41421
13670.5 4 2
13671.5 5 2.23607
13672.5 4 2
13673.5 0 0
13674.5 2 1.41421
13675.5 2 1.41421
13676.5 4 2
13677.5 3 1.73205
13678.5 6 2.44949
13679.5 8 2.82843
13680.5 3 1.73205
13681.5 5 2.23607
13682.5 1 1
13683.5 4 2
13684.5 7 2.64575
13685.5 4 2
13686.5 2 1.41421
13687.5 5 2.23607
13688.5 5 2.23607
13689.5 7 2.64575
13690.5 5 2.23607
13691.5 1 1
13692.5 8 2.82843
13693.5 4 2
13694.5 6 2.44949
13695.5 4 2
13696.5 8 2.82843
13697.5 9 3
13698.5 4 2
13699.5 8 2.82843
13700.5 11 3.31662
13701.5 8 2.82843
13702.5 3 1.73205
13703.5 11 3.31662
13704.5 4 2
13705.5 5 2.23607
13706.5 5 2.23607
13707.5 3 1.73205
13708.5 4 2
13709.5 5 2.23607
13710.5 3 1.73205
13711.5 2 1.41421
13712.5 2 1.41421
13713.5 7 2.64575
13714.5 2 1.41421
13715.5 8 2.82843
13716.5 1 1
13717.5 6 2.44949
13718.5 5 2.23607
13719.5 3 1.73205
13720.5 5 2.23607
13721.5 6 2.44949
13722.5 7 2.64575
13723.5 5 2.23607
13724.5 7 2.64575
13725.5 5 2.23607
13726.5 4 2
13727.5 3 1.73205
13728.5 3 1.73205
13729.5 7 2.64575
13730.5 1 1
13731.5 2 1.41421
13732.5 2 1.41421
13733.5 2 1.41421
13734.5 1 1
13735.5 4 2
13736.5 3 1.73205
13737.5 2 1.41421
13738.5 1 1
13739.5 4 2
13740.5 3 1.73205
13741.5 5 2.23607
13742.5 3 1.73205
13743.5 3 1.73205
13744.5 4 2
13745.5 3 1.73205
13746.5 5 2.23607
13747.5 4 2
13748.5 3 1.73205
13749.5 7 2.64575
13750.5 7 2.64575
13751.5 5 2.23607
13752.5 2 1.41421
13753.5 0 0
13754.5 3 1.73205
13755.5 5 2.23607
13756.5 8 2.82843
13757.5 4 2
13758.5 5 2.23607
13759.5 2 1.41421
13760.5 3 1.73205
13761.5 4 2
13762.5 5 2.23607
13763.5 7 2.64575
13764.5 3 1.73205
13765.5 2 1.41421
13766.5 2 1.41421
13767.5 5 2.23607
13768.5 7 2.64575
13769.5 2 1.41421
13770.5 5 2.23607
13771.5 1 1
13772.5 3 1.73205
13773.5 5 2.23607
13774.5 4 2
13775.5 1 1
13776.5 2 1.41421
13777.5 2 1.41421
13778.5 4 2
13779.5 5 2.23607
13780.5 1 1
13781.5 1 1
13782.5 7 2.64575
13783.5 4 2
13784.5 2 1.41421
13785.5 5 2.23607
13786.5 4 2
13787.5 0 0
13788.5 1 1
13789.5 0 0
13790.5 0 0
13791.5 5 2.23607
13792.5 3 1.73205
13793.5 1 1
13794.5 1 1
13795.5 2 1.41421
13796.5 2 1.41421
13797.5 1 1
13798.5 6 2.44949
13799.5 2 1.41421
13800.5 0 0
13801.5 4 2
13802.5 0 0
13803.5 2 1.41421
13804.5 1 1
13805.5 2 1.41421
13806.5 1 1
13807.5 6 2.44949
13808.5 2 1.41421
13809.5 1 1
13810.5 1 1
13811.5 2 1.41421
13812.5 2 1.41421
13813.5 2 1.41421
13814.5 3 1.73205
13815.5 5 2.23607
13816.5 2 1.41421
13817.5 4 2
13818.5 3 1.73205
13819.5 1 1
13820.5 3 1.73205
13821.5 4 2
13822.5 7 2.64575
13823.5 4 2
13824.5 1 1
13825.5 2 1.41421
13826.5 2 1.41421
13827.5 3 1.73205
13828.5 6 2.44949
13829.5 1 1
13830.5 2 1.41421
13831.5 3 1.73205
13832.5 5 2.23607
13833.5 0 0
13834.5 6 2.44949
13835.5 3 1.73205
13836.5 2 1.41421
13837.5 5 2.23607
13838.5 4 2
13839.5 5 2.23607
13840.5 5 2.23607
13841.5 2 1.41421
13842.5 0 0
13843.5 6 2.44949
13844.5 4 2
13845.5 3 1.73205
13846.5 6 2.44949
13847.5 3 1.73205
13848.5 1 1
13849.5 1 1
13850.5 1 1
13851.5 1 1
13852.5 6 2.44949
13853.5 2 1.41421
13854.5 1 1
13855.5 3 1.73205
13856.5 3 1.73205
13857.5 2 1.41421
13858.5 6 2.44949
13859.5 4 2
13860.5 1 1
13861.5 5 2.23607
13862.5 1 1
13863.5 1 1
13864.5 1 1
13865.5 3 1.73205
13866.5 1 1
13867.5 2 1.41421
13868.5 6 2.44949
13869.5 3 1.73205
13870.5 2 1.41421
13871.5 3 1.73205
13872.5 7 2.64575
13873.5 4 2
13874.5 4 2
13875.5 4 2
13876.5 5 2.23607
13877.5 2 1.41421
13878.5 5 2.23607
13879.5 5 2.23607
13880.5 2 1.41421
13881.5 4 2
13882.5 0 0
13883.5 2 1.41421
13884.5 5 2.23607
13885.5 4 2
13886.5 1 1
13887.5 2 1.41421
13888.5 0 0
13889.5 5 2.23607
13890.5 3 1.73205
13891.5 2 1.41421
13892.5 2 1.41421
13893.5 1 1
13894.5 4 2
13895.5 4 2
13896.5 4 2
13897.5 1 1
13898.5 1 1
13899.5 1 1
13900.5 2 1.41421
13901.5 4 2
13902.5 1 1
13903.5 1 1
13904.5 1 1
13905.5 5 2.23607
13906.5 4 2
13907.5 3 1.73205
13908.5 3 1.73205
13909.5 3 1.73205
13910.5 1 1
13911.5 4 2
13912.5 2 1.41421
13913.5 2 1.41421
13914.5 1 1
13915.5 1 1
13916.5 3 1.73205
13917.5 3 1.73205
13918.5 3 1.73205
13919.5 2 1.41421
13920.5 2 1.41421
13921.5 3 1.73205
13922.5 3 1.73205
13923.5 3 1.73205
13924.5 5 2.23607
13925.5 5 2.23607
13926.5 2 1.41421
13927.5 1 1
13928.5 2 1.41421
13929.5 2 1.41421
13930.5 3 1.73205
13931.5 0 0
13932.5 2 1.41421
13933.5 2 1.41421
13934.5 2 1.41421
13935.5 2 1.41421
13936.5 4 2
13937.5 1 1
13938.5 1 1
13939.5 2 1.41421
13940.5 4 2
13941.5 3 1.73205
13942.5 2 1.41421
13943.5 1 1
13944.5 2 1.41421
13945.5 1 1
13946.5 1 1
13947.5 1 1
13948.5 2 1.41421
13949.5 2 1.41421
13950.5 1 1
13951.5 1 1
13952.5 0 0
13953.5 3 1.73205
13954.5 2 1.41421
13955.5 2 1.41421
13956.5 2 1.41421
13957.5 0 0
13958.5 2 1.41421
13959.5 0 0
13960.5 0 0
13961.5 1 1
13962.5 3 1.73205
13963.5 0 0
13964.5 1 1
13965.5 2 1.41421
13966.5 0 0
13967.5 2 1.41421
13968.5 2 1.41421
13969.5 0 0
13970.5 1 1
13971.5 0 0
13972.5 7 2.64575
13973.5 1 1
13974.5 0 0
13975.5 4 2
13976.5 1 1
13977.5 0 0
13978.5 2 1.41421
13979.5 2 1.41421
13980.5 3 1.73205
13981.5 0 0
13982.5 1 1
13983.5 1 1
13984.5 1 1
13985.5 4 2
13986.5 0 0
13987.5 1 1
13988.5 3 1.73205
13989.5 3 1.73205
13990.5 3 1.73205
13991.5 2 1.41421
13992.5 5 2.23607
13993.5 1 1
13994.5 2 1.41421
13995.5 4 2
13996.5 6 2.44949
13997.5 0 0
13998.5 2 1.41421
13999.5 3 1.73205
14000.5 3 1.73205
14001.5 2 1.41421
14002.5 0 0
14003.5 2 1.41421
14004.5 0 0
14005.5 0 0
14006.5 0 0
14007.5 1 1
14008.5 1 1
14009.5 0 0
14010.5 1 1
14011.5 4 2
14012.5 0 0
14013.5 0 0
14014.5 0 0
14015.5 2 1.41421
14016.5 0 0
14017.5 1 1
14018.5 2 1.41421
14019.5 2 1.41421
14020.5 0 0
14021.5 1 1
14022.5 1 1
14023.5 1 1
14024.5 1 1
14025.5 3 1.73205
14026.5 0 0
14027.5 1 1
14028.5 2 1.41421
14029.5 3 1.73205
14030.5 0 0
14031.5 1 1
14032.5 4 2
14033.5 2 1.41421
14034.5 0 0
14035.5 1 1
14036.5 2 1.41421
14037.5 2 1.41421
14038.5 0 0
14039.5 1 1
14040.5 1 1
14041.5 2 1.41421
14042.5 3 1.73205
14043.5 1 1
14044.5 0 0
14045.5 1 1
14046.5 1 1
14047.5 4 2
14048.5 3 1.73205
14049.5 2 1.41421
14050.5 2 1.41421
14051.5 1 1
14052.5 3 1.73205
14053.5 2 1.41421
14054.5 0 0
14055.5 0 0
14056.5 0 0
14057.5 1 1
14058.5 1 1
14059.5 4 2
14060.5 4 2
14061.5 0 0
14062.5 0 0
14063.5 2 1.41421
14064.5 2 1.41421
14065.5 0 0
14066.5 0 0
14067.5 2 1.41421
14068.5 0 0
14069.5 3 1.73205
14070.5 0 0
14071.5 1 1
14072.5 1 1
14073.5 2 1.41421
14074.5 2 1.41421
14075.5 2 1.41421
14076.5 1 1
14077.5 1 1
14078.5 3 1.73205
14079.5 0 0
14080.5 3 1.73205
14081.5 6 2.44949
14082.5 1 1
14083.5 0 0
14084.5 2 1.41421
14085.5 0 0
14086.5 0 0
14087.5 2 1.41421
14088.5 0 0
14089.5 2 1.41421
14090.5 1 1
14091.5 1 1
14092.5 0 0
14093.5 2 1.41421
14094.5 0 0
14095.5 0 0
14096.5 1 1
14097.5 1 1
14098.5 2 1.41421
14099.5 1 1
14100.5 0 0
14101.5 1 1
14102.5 0 0
14103.5 1 1
14104.5 0 0
14105.5 1 1
14106.5 0 0
14107.5 3 1.73205
14108.5 1 1
14109.5 2 1.41421
14110.5 2 1.41421
14111.5 0 0
14112.5 0 0
14113.5 1 1
14114.5 1 1
14115.5 2 1.41421
14116.5 0 0
14117.5 2 1.41421
14118.5 0 0
14119.5 0 0
14120.5 1 1
14121.5 3 1.73205
14122.5 0 0
14123.5 1 1
14124.5 0 0
14125.5 0 0
14126.5 1 1
14127.5 1 1
14128.5 1 1
14129.5 2 1.41421
14130.5 0 0
14131.5 1 1
14132.5 1 1
14133.5 1 1
14134.5 2 1.41421
14135.5 1 1
14136.5 0 0
14137.5 1 1
14138.5 2 1.41421
14139.5 1 1
14140.5 2 1.41421
14141.5 1 1
14142.5 0 0
14143.5 1 1
14144.5 0 0
14145.5 2 1.41421
14146.5 2 1.41421
14147.5 1 1
14148.5 0 0
14149.5 2 1.41421
14150.5 0 0
14151.5 1 1
14152.5 0 0
14153.5 1 1
14154.5 4 2
14155.5 0 0
14156.5 2 1.41421
14157.5 2 1.41421
14158.5 1 1
14159.5 1 1
14160.5 3 1.73205
14161.5 1 1
14162.5 3 1.73205
14163.5 3 1.73205
14164.5 4 2
14165.5 1 1
14166.5 4 2
14167.5 4 2
14168.5 2 1.41421
14169.5 1 1
14170.5 4 2
14171.5 5 2.23607
14172.5 5 2.23607
14173.5 3 1.73205
14174.5 3 1.73205
14175.5 6 2.44949
14176.5 3 1.73205
14177.5 5 2.23607
14178.5 6 2.44949
14179.5 5 2.23607
14180.5 6 2.44949
14181.5 7 2.64575
14182.5 5 2.23607
14183.5 7 2.64575
14184.5 2 1.41421
14185.5 3 1.73205
14186.5 3 1.73205
14187.5 6 2.44949
14188.5 3 1.73205
14189.5 2 1.41421
14190.5 2 1.41421
14191.5 1 1
14192.5 1 1
14193.5 3 1.73205
14194.5 3 1.73205
14195.5 0 0
14196.5 4 2
14197.5 2 1.41421
14198.5 2 1.41421
14199.5 3 1.73205
14200.5 2 1.41421
14201.5 2 1.41421
14202.5 3 1.73205
14203.5 0 0
14204.5 0 0
14205.5 3 1.73205
14206.5 1 1
14207.5 1 1
14208.5 1 1
14209.5 0 0
14210.5 0 0
14211.5 0 0
14212.5 1 1
14213.5 2 1.41421
14214.5 3 1.73205
14215.5 1 1
14216.5 0 0
14217.5 1 1
14218.5 1 1
14219.5 0 0
14220.5 1 1
14221.5 0 0
14222.5 4 2
14223.5 0 0
14224.5 2 1.41421
14225.5 2 1.41421
14226.5 0 0
14227.5 1 1
14228.5 2 1.41421
14229.5 1 1
14230.5 1 1
14231.5 0 0
14232.5 4 2
14233.5 2 1.41421
14234.5 0 0
14235.5 3 1.73205
14236.5 2 1.41421
14237.5 1 1
14238.5 2 1.41421
14239.5 3 1.73205
14240.5 3 1.73205
14241.5 0 0
14242.5 1 1
14243.5 2 1.41421
14244.5 0 0
14245.5 1 1
14246.5 3 1.73205
14247.5 2 1.41421
14248.5 2 1.41421
14249.5 1 1
14250.5 1 1
14251.5 0 0
14252.5 2 1.41421
14253.5 3 1.73205
14254.5 2 1.41421
14255.5 0 0
14256.5 2 1.41421
14257.5 2 1.41421
14258.5 0 0
14259.5 3 1.73205
14260.5 0 0
14261.5 0 0
14262.5 3 1.73205
14263.5 1 1
14264.5 3 1.73205
14265.5 3 1.73205
14266.5 1 1
14267.5 2 1.41421
14268.5 0 0
14269.5 0 0
14270.5 1 1
14271.5 3 1.73205
14272.5 2 1.41421
14273.5 3 1.73205
14274.5 2 1.41421
14275.5 1 1
14276.5 1 1
14277.5 1 1
14278.5 0 0
14279.5 2 1.41421
14280.5 2 1.41421
14281.5 1 1
14282.5 1 1
14283.5 4 2
14284.5 1 1
14285.5 1 1
14286.5 1 1
14287.5 1 1
14288.5 1 1
14289.5 0 0
14290.5 1 1
14291.5 0 0
14292.5 1 1
14293.5 1 1
14294.5 2 1.41421
14295.5 1 1
14296.5 2 1.41421
14297.5 3 1.73205
14298.5 0 0
14299.5 1 1
14300.5 0 0
14301.5 0 0
14302.5 1 1
14303.5 2 1.41421
14304.5 2 1.41421
14305.5 1 1
14306.5 1 1
14307.5 0 0
14308.5 1 1
14309.5 4 2
14310.5 0 0
14311.5 1 1
14312.5 1 1
14313.5 3 1.73205
14314.5 1 1
14315.5 1 1
14316.5 1 1
14317.5 0 0
14318.5 0 0
14319.5 0 0
14320.5 0 0
14321.5 1 1
14322.5 1 1
14323.5 1 1
14324.5 1 1
14325.5 3 1.73205
14326.5 0 0
14327.5 1 1
14328.5 2 1.41421
14329.5 1 1
14330.5 1 1
14331.5 1 1
14332.5 1 1
14333.5 2 1.41421
14334.5 0 0
14335.5 2 1.41421
14336.5 0 0
14337.5 2 1.41421
14338.5 1 1
14339.5 0 0
14340.5 0 0
14341.5 2 1.41421
14342.5 0 0
14343.5 0 0
14344.5 1 1
14345.5 0 0
14346.5 1 1
14347.5 0 0
14348.5 2 1.41421
14349.5 0 0
14350.5 2 1.41421
14351.5 1 1
14352.5 1 1
14353.5 1 1
14354.5 2 1.41421
14355.5 2 1.41421
14356.5 2 1.41421
14357.5 3 1.73205
14358.5 0 0
14359.5 4 2
14360.5 1 1
14361.5 2 1.41421
14362.5 2 1.41421
14363.5 1 1
14364.5 0 0
14365.5 3 1.73205
14366.5 2 1.41421
14367.5 0 0
14368.5 1 1
14369.5 1 1
14370.5 1 1
14371.5 2 1.41421
14372.5 3 1.73205
14373.5 1 1
14374.5 0 0
14375.5 4 2
14376.5 1 1
14377.5 1 1
14378.5 2 1.41421
14379.5 2 1.41421
14380.5 0 0
14381.5 1 1
14382.5 0 0
14383.5 0 0
14384.5 0 0
14385.5 1 1
14386.5 0 0
14387.5 2 1.41421
14388.5 0 0
14389.5 2 1.41421
14390.5 0 0
14391.5 0 0
14392.5 2 1.41421
14393.5 0 0
14394.5 0 0
14395.5 0 0
14396.5 3 1.73205
14397.5 1 1
14398.5 0 0
14399.5 3 1.73205
14400.5 2 1.41421
14401.5 0 0
14402.5 1 1
14403.5 0 0
14404.5 0 0
14405.5 0 0
14406.5 3 1.73205
14407.5 0 0
14408.5 1 1
14409.5 1 1
14410.5 1 1
14411.5 2 1.41421
14412.5 0 0
14413.5 0 0
14414.5 0 0
14415.5 0 0
14416.5 2 1.41421
14417.5 2 1.41421
14418.5 2 1.41421
14419.5 4 2
14420.5 0 0
14421.5 2 1.41421
14422.5 2 1.41421
14423.5 2 1.41421
14424.5 3 1.73205
14425.5 5 2.23607
14426.5 0 0
14427.5 0 0
14428.5 2 1.41421
14429.5 0 0
14430.5 2 1.41421
14431.5 1 1
14432.5 0 0
14433.5 1 1
14434.5 4 2
14435.5 0 0
14436.5 1 1
14437.5 1 1
14438.5 5 2.23607
14439.5 1 1
14440.5 1 1
14441.5 3 1.73205
14442.5 0 0
14443.5 0 0
14444.5 1 1
14445.5 0 0
14446.5 2 1.41421
14447.5 0 0
14448.5 3 1.73205
14449.5 3 1.73205
14450.5 3 1.73205
14451.5 1 1
14452.5 1 1
14453.5 1 1
14454.5 2 1.41421
14455.5 2 1.41421
14456.5 5 2.23607
14457.5 1 1
14458.5 3 1.73205
14459.5 3 1.73205
14460.5 3 1.73205
14461.5 1 1
14462.5 0 0
14463.5 4 2
14464.5 2 1.41421
14465.5 1 1
14466.5 2 1.41421
14467.5 1 1
14468.5 2 1.41421
14469.5 2 1.41421
14470.5 1 1
14471.5 2 1.41421
14472.5 3 1.73205
14473.5 2 1.41421
14474.5 1 1
14475.5 2 1.41421
14476.5 1 1
14477.5 2 1.41421
14478.5 3 1.73205
14479.5 3 1.73205
14480.5 1 1
14481.5 0 0
14482.5 2 1.41421
14483.5 4 2
14484.5 3 1.73205
14485.5 1 1
14486.5 1 1
14487.5 4 2
14488.5 0 0
14489.5 1 1
14490.5 2 1.41421
14491.5 2 1.41421
14492.5 4 2
14493.5 0 0
14494.5 1 1
14495.5 4 2
14496.5 4 2
14497.5 3 1.73205
14498.5 2 1.41421
14499.5 2 1.41421
14500.5 4 2
14501.5 5 2.23607
14502.5 4 2
14503.5 7 2.64575
14504.5 4 2
14505.5 5 2.23607
14506.5 4 2
14507.5 9 3
14508.5 8 2.82843
14509.5 10 3.16228
14510.5 11 3.31662
14511.5 7 2.64575
14512.5 14 3.74166
14513.5 15 3.87298
14514.5 15 3.87298
14515.5 18 4.24264
14516.5 17 4.12311
14517.5 22 4.69042
14518.5 33 5.74456
14519.5 25 5
14520.5 34 5.83095
14521.5 33 5.74456
14522.5 48 6.9282
14523.5 59 7.68115
14524.5 71 8.42615
14525.5 55 7.4162
14526.5 69 8.30662
14527.5 82 9.05539
14528.5 75 8.66025
14529.5 89 9.43398
14530.5 88 9.38083
14531.5 79 8.88819
14532.5 100 10
14533.5 106 10.2956
14534.5 117 10.8167
14535.5 124 11.1355
14536.5 125 11.1803
14537.5 90 9.48683
14538.5 96 9.79796
14539.5 120 10.9545
14540.5 100 10
14541.5 86 9.27362
14542.5 108 10.3923
14543.5 77 8.77496
14544.5 96 9.79796
14545.5 82 9.05539
14546.5 75 8.66025
14547.5 70 8.3666
14548.5 68 8.24621
14549.5 65 8.06226
14550.5 56 7.48331
14551.5 50 7.07107
14552.5 63 7.93725
14553.5 38 6.16441
14554.5 34 5.83095
14555.5 29 5.38516
14556.5 36 6
14557.5 23 4.79583
14558.5 22 4.69042
14559.5 23 4.79583
14560.5 21 4.58258
14561.5 13 3.60555
14562.5 16 4
14563.5 8 2.82843
14564.5 10 3.16228
14565.5 14 3.74166
14566.5 11 3.31662
14567.5 10 3.16228
14568.5 16 4
14569.5 7 2.64575
14570.5 11 3.31662
14571.5 7 2.64575
14572.5 5 2.23607
14573.5 5 2.23607
14574.5 7 2.64575
14575.5 4 2
14576.5 5 2.23607
14577.5 6 2.44949
14578.5 3 1.73205
14579.5 6 2.44949
14580.5 7 2.64575
14581.5 5 2.23607
14582.5 5 2.23607
14583.5 6 2.44949
14584.5 3 1.73205
14585.5 7 2.64575
14586.5 9 3
14587.5 8 2.82843
14588.5 5 2.23607
14589.5 5 2.23607
14590.5 4 2
14591.5 5 2.23607
14592.5 5 2.23607
14593.5 5 2.23607
14594.5 2 1.41421
14595.5 2 1.41421
14596.5 2 1.41421
14597.5 2 1.41421
14598.5 1 1
14599.5 2 1.41421
14600.5 3 1.73205
14601.5 4 2
14602.5 2 1.41421
14603.5 2 1.41421
14604.5 3 1.73205
14605.5 2 1.41421
14606.5 2 1.41421
14607.5 5 2.23607
14608.5 2 1.41421
14609.5 3 1.73205
14610.5 2 1.41421
14611.5 3 1.73205
14612.5 2 1.41421
14613.5 4 2
14614.5 2 1.41421
14615.5 2 1.41421
14616.5 5 2.23607
14617.5 1 1
14618.5 1 1
14619.5 5 2.23607
14620.5 2 1.41421
14621.5 1 1
14622.5 1 1
14623.5 1 1
14624.5 0 0
14625.5 0 0
14626.5 2 1.41421
14627.5 0 0
14628.5 0 0
14629.5 1 1
14630.5 2 1.41421
14631.5 3 1.73205
14632.5 1 1
14633.5 3 1.73205
14634.5 4 2
14635.5 5 2.23607
14636.5 4 2
14637.5 4 2
14638.5 3 1.73205
14639.5 11 3.31662
14640.5 10 3.16228
14641.5 13 3.60555
14642.5 6 2.44949
14643.5 10 3.16228
14644.5 13 3.60555
14645.5 10 3.16228
14646.5 8 2.82843
14647.5 12 3.4641
14648.5 14 3.74166
14649.5 13 3.60555
14650.5 16 4
14651.5 15 3.87298
14652.5 12 3.4641
14653.5 10 3.16228
14654.5 10 3.16228
14655.5 18 4.24264
14656.5 17 4.12311
14657.5 10 3.16228
14658.5 10 3.16228
14659.5 11 3.31662
14660.5 24 4.89898
14661.5 14 3.74166
14662.5 17 4.12311
14663.5 12 3.4641
14664.5 19 4.3589
14665.5 14 3.74166
14666.5 14 3.74166
14667.5 11 3.31662
14668.5 9 3
14669.5 11 3.31662
14670.5 4 2
14671.5 5 2.23607
14672.5 6 2.44949
14673.5 10 3.16228
14674.5 4 2
14675.5 7 2.64575
14676.5 6 2.44949
14677.5 3 1.73205
14678.5 5 2.23607
14679.5 6 2.44949
14680.5 2 1.41421
14681.5 5 2.23607
14682.5 2 1.41421
14683.5 3 1.73205
14684.5 1 1
14685.5 2 1.41421
14686.5 2 1.41421
14687.5 1 1
14688.5 0 0
14689.5 0 0
14690.5 1 1
14691.5 2 1.41421
14692.5 3 1.73205
14693.5 2 1.41421
14694.5 4 2
14695.5 3 1.73205
14696.5 1 1
14697.5 1 1
14698.5 4 2
14699.5 0 0
14700.5 3 1.73205
14701.5 1 1
14702.5 4 2
14703.5 1 1
14704.5 0 0
14705.5 1 1
14706.5 1 1
14707.5 1 1
14708.5 0 0
14709.5 1 1
14710.5 2 1.41421
14711.5 2 1.41421
14712.5 0 0
14713.5 1 1
14714.5 2 1.41421
14715.5 0 0
14716.5 1 1
14717.5 2 1.41421
14718.5 0 0
14719.5 0 0
14720.5 0 0
14721.5 0 0
14722.5 1 1
14723.5 0 0
14724.5 0 0
14725.5 0 0
14726.5 1 1
14727.5 0 0
14728.5 2 1.41421
14729.5 2 1.41421
14730.5 0 0
14731.5 0 0
14732.5 3 1.73205
14733.5 1 1
14734.5 1 1
14735.5 2 1.41421
14736.5 4 2
14737.5 2 1.41421
14738.5 2 1.41421
14739.5 1 1
14740.5 1 1
14741.5 2 1.41421
14742.5 0 0
14743.5 3 1.73205
14744.5 0 0
14745.5 2 1.41421
14746.5 1 1
14747.5 0 0
14748.5 3 1.73205
14749.5 1 1
14750.5 4 2
14751.5 0 0
14752.5 1 1
14753.5 0 0
14754.5 0 0
14755.5 0 0
14756.5 1 1
14757.5 1 1
14758.5 1 1
14759.5 1 1
14760.5 0 0
14761.5 1 1
14762.5 1 1
14763.5 2 1.41421
14764.5 1 1
14765.5 1 1
14766.5 4 2
14767.5 1 1
14768.5 1 1
14769.5 0 0
14770.5 0 0
14771.5 1 1
14772.5 1 1
14773.5 2 1.41421
14774.5 0 0
14775.5 0 0
14776.5 1 1
14777.5 0 0
14778.5 0 0
14779.5 1 1
14780.5 1 1
14781.5 2 1.41421
14782.5 0 0
14783.5 2 1.41421
14784.5 2 1.41421
14785.5 0 0
14786.5 0 0
14787.5 0 0
14788.5 1 1
14789.5 0 0
14790.5 1 1
14791.5 1 1
14792.5 1 1
14793.5 1 1
14794.5 0 0
14795.5 1 1
14796.5 0 0
14797.5 1 1
14798.5 0 0
14799.5 1 1
14800.5 1 1
14801.5 1 1
14802.5 1 1
14803.5 1 1
14804.5 2 1.41421
14805.5 1 1
14806.5 1 1
14807.5 0 0
14808.5 2 1.41421
14809.5 0 0
14810.5 0 0
14811.5 0 0
14812.5 1 1
14813.5 0 0
14814.5 1 1
14815.5 0 0
14816.5 0 0
14817.5 0 0
14818.5 0 0
14819.5 0 0
14820.5 0 0
14821.5 0 0
14822.5 1 1
14823.5 0 0
14824.5 1 1
14825.5 0 0
14826.5 0 0
14827.5 0 0
14828.5 0 0
14829.5 0 0
14830.5 0 0
14831.5 1 1
14832.5 0 0
14833.5 0 0
14834.5 0 0
14835.5 0 0
14836.5 0 0
14837.5 0 0
14838.5 0 0
14839.5 2 1.41421
14840.5 1 1
14841.5 1 1
14842.5 0 0
14843.5 1 1
14844.5 0 0
14845.5 1 1
14846.5 0 0
14847.5 0 0
14848.5 0 0
14849.5 1 1
14850.5 0 0
14851.5 0 0
14852.5 1 1
14853.5 0 0
14854.5 0 0
14855.5 1 1
14856.5 1 1
14857.5 0 0
14858.5 0 0
14859.5 0 0
14860.5 0 0
14861.5 0 0
14862.5 0 0
14863.5 0 0
14864.5 0 0
14865.5 1 1
14866.5 1 1
14867.5 2 1.41421
14868.5 0 0
14869.5 0 0
14870.5 1 1
14871.5 0 0
14872.5 0 0
14873.5 1 1
14874.5 1 1
14875.5 0 0
14876.5 0 0
14877.5 1 1
14878.5 1 1
14879.5 0 0
14880.5 1 1
14881.5 0 0
14882.5 1 1
14883.5 0 0
14884.5 1 1
14885.5 1 1
14886.5 1 1
14887.5 1 1
14888.5 1 1
14889.5 0 0
14890.5 0 0
14891.5 1 1
14892.5 1 1
14893.5 0 0
14894.5 1 1
14895.5 0 0
14896.5 2 1.41421
14897.5 1 1
14898.5 2 1.41421
14899.5 3 1.73205
14900.5 0 0
14901.5 0 0
14902.5 0 0
14903.5 0 0
14904.5 0 0
14905.5 0 0
14906.5 2 1.41421
14907.5 1 1
14908.5 0 0
14909.5 3 1.73205
14910.5 0 0
14911.5 0 0
14912.5 0 0
14913.5 0 0
14914.5 0 0
14915.5 0 0
14916.5 1 1
14917.5 0 0
14918.5 0 0
14919.5 0 0
14920.5 1 1
14921.5 0 0
14922.5 1 1
14923.5 0 0
14924.5 2 1.41421
14925.5 0 0
14926.5 0 0
14927.5 0 0
14928.5 0 0
14929.5 0 0
14930.5 0 0
14931.5 2 1.41421
14932.5 0 0
14933.5 0 0
14934.5 1 1
14935.5 1 1
14936.5 0 0
14937.5 2 1.41421
14938.5 1 1
14939.5 1 1
14940.5 0 0
14941.5 1 1
14942.5 1 1
14943.5 0 0
14944.5 1 1
14945.5 1 1
14946.5 0 0
14947.5 0 0
14948.5 1 1
14949.5 0 0
14950.5 1 1
14951.5 0 0
14952.5 0 0
14953.5 0 0
14954.5 0 0
14955.5 0 0
14956.5 0 0
14957.5 0 0
14958.5 0 0
14959.5 0 0
14960.5 2 1.41421
14961.5 0 0
14962.5 0 0
14963.5 0 0
14964.5 3 1.73205
14965.5 1 1
14966.5 0 0
14967.5 2 1.41421
14968.5 0 0
14969.5 2 1.41421
14970.5 0 0
14971.5 1 1
14972.5 0 0
14973.5 0 0
14974.5 0 0
14975.5 1 1
14976.5 0 0
14977.5 1 1
14978.5 0 0
14979.5 0 0
14980.5 0 0
14981.5 2 1.41421
14982.5 0 0
14983.5 0 0
14984.5 0 0
14985.5 0 0
14986.5 0 0
14987.5 0 0
14988.5 1 1
14989.5 0 0
14990.5 0 0
14991.5 1 1
14992.5 0 0
14993.5 0 0
14994.5 0 0
14995.5 0 0
14996.5 0 0
14997.5 2 1.41421
14998.5 0 0
14999.5 0 0
15000.5 0 0
15001.5 1 1
15002.5 0 0
15003.5 0 0
15004.5 0 0
15005.5 0 0
15006.5 1 1
15007.5 1 1
15008.5 1 1
15009.5 0 0
15010.5 0 0
15011.5 0 0
15012.5 0 0
15013.5 0 0
15014.5 1 1
15015.5 0 0
15016.5 1 1
15017.5 0 0
15018.5 0 0
15019.5 0 0
15020.5 0 0
15021.5 2 1.41421
15022.5 1 1
15023.5 1 1
15024.5 2 1.41421
15025.5 1 1
15026.5 0 0
15027.5 2 1.41421
15028.5 0 0
15029.5 0 0
15030.5 0 0
15031.5 0 0
15032.5 1 1
15033.5 0 0
15034.5 1 1
15035.5 0 0
15036.5 0 0
15037.5 0 0
15038.5 0 0
15039.5 2 1.41421
15040.5 1 1
15041.5 0 0
15042.5 0 0
15043.5 1 1
15044.5 1 1
15045.5 0 0
15046.5 0 0
15047.5 0 0
15048.5 1 1
15049.5 0 0
15050.5 0 0
15051.5 0 0
15052.5 1 1
15053.5 1 1
15054.5 0 0
15055.5 0 0
15056.5 1 1
15057.5 0 0
15058.5 2 1.41421
15059.5 1 1
15060.5 0 0
15061.5 0 0
15062.5 0 0
15063.5 1 1
15064.5 0 0
15065.5 0 0
15066.5 0 0
15067.5 0 0
15068.5 0 0
15069.5 0 0
15070.5 0 0
15071.5 0 0
15072.5 0 0
15073.5 0 0
15074.5 1 1
15075.5 1 1
15076.5 2 1.41421
15077.5 1 1
15078.5 0 0
15079.5 0 0
15080.5 3 1.73205
15081.5 0 0
15082.5 1 1
15083.5 0 0
15084.5 0 0
15085.5 0 0
15086.5 0 0
15087.5 0 0
15088.5 1 1
15089.5 0 0
15090.5 0 0
15091.5 1 1
15092.5 0 0
15093.5 0 0
15094.5 0 0
15095.5 0 0
15096.5 0 0
15097.5 0 0
15098.5 0 0
15099.5 1 1
15100.5 1 1
15101.5 1 1
15102.5 0 0
15103.5 1 1
15104.5 0 0
15105.5 0 0
15106.5 0 0
15107.5 0 0
15108.5 0 0
15109.5 0 0
15110.5 0 0
15111.5 0 0
15112.5 1 1
15113.5 0 0
15114.5 0 0
15115.5 1 1
15116.5 0 0
15117.5 0 0
15118.5 0 0
15119.5 0 0
15120.5 1 1
15121.5 0 0
15122.5 0 0
15123.5 0 0
15124.5 0 0
15125.5 0 0
15126.5 2 1.41421
15127.5 0 0
15128.5 0 0
15129.5 0 0
15130.5 0 0
15131.5 0 0
15132.5 0 0
15133.5 0 0
15134.5 0 0
15135.5 0 0
15136.5 0 0
15137.5 0 0
15138.5 0 0
15139.5 0 0
15140.5 0 0
15141.5 1 1
15142.5 0 0
15143.5 0 0
15144.5 0 0
15145.5 0 0
15146.5 1 1
15147.5 0 0
15148.5 0 0
15149.5 0 0
15150.5 2 1.41421
15151.5 0 0
15152.5 0 0
15153.5 0 0
15154.5 0 0
15155.5 1 1
15156.5 1 1
15157.5 0 0
15158.5 3 1.73205
15159.5 1 1
15160.5 0 0
15161.5 0 0
15162.5 0 0
15163.5 1 1
15164.5 2 1.41421
15165.5 0 0
15166.5 1 1
15167.5 0 0
15168.5 1 1
15169.5 2 1.41421
15170.5 1 1
15171.5 1 1
15172.5 1 1
15173.5 1 1
15174.5 2 1.41421
15175.5 1 1
15176.5 0 0
15177.5 0 0
15178.5 0 0
15179.5 0 0
15180.5 0 0
15181.5 0 0
15182.5 0 0
15183.5 0 0
15184.5 0 0
15185.5 1 1
15186.5 0 0
15187.5 0 0
15188.5 0 0
15189.5 1 1
15190.5 0 0
15191.5 0 0
15192.5 0 0
15193.5 0 0
15194.5 0 0
15195.5 0 0
15196.5 0 0
15197.5 0 0
15198.5 0 0
15199.5 0 0
15200.5 1 1
15201.5 0 0
15202.5 0 0
15203.5 1 1
15204.5 1 1
15205.5 1 1
15206.5 1 1
15207.5 0 0
15208.5 0 0
15209.5 0 0
15210.5 0 0
15211.5 1 1
15212.5 0 0
15213.5 0 0
15214.5 0 0
15215.5 0 0
15216.5 0 0
15217.5 0 0
15218.5 1 1
15219.5 0 0
15220.5 1 1
15221.5 1 1
15222.5 0 0
15223.5 2 1.41421
15224.5 0 0
15225.5 1 1
15226.5 1 1
15227.5 0 0
15228.5 0 0
15229.5 0 0
15230.5 0 0
15231.5 0 0
15232.5 0 0
15233.5 1 1
15234.5 0 0
15235.5 0 0
15236.5 0 0
15237.5 1 1
15238.5 0 0
15239.5 0 0
15240.5 0 0
15241.5 0 0
15242.5 2 1.41421
15243.5 1 1
15244.5 0 0
15245.5 1 1
15246.5 0 0
15247.5 1 1
15248.5 1 1
15249.5 1 1
15250.5 1 1
15251.5 1 1
15252.5 0 0
15253.5 1 1
15254.5 1 1
15255.5 0 0
15256.5 4 2
15257.5 1 1
15258.5 0 0
15259.5 1 1
15260.5 2 1.41421
15261.5 1 1
15262.5 1 1
15263.5 0 0
15264.5 2 1.41421
15265.5 0 0
15266.5 0 0
15267.5 0 0
15268.5 1 1
15269.5 0 0
15270.5 0 0
15271.5 2 1.41421
15272.5 1 1
15273.5 0 0
15274.5 1 1
15275.5 0 0
15276.5 1 1
15277.5 1 1
15278.5 1 1
15279.5 0 0
15280.5 1 1
15281.5 0 0
15282.5 0 0
15283.5 0 0
15284.5 2 1.41421
15285.5 0 0
15286.5 1 1
15287.5 0 0
15288.5 0 0
15289.5 1 1
15290.5 1 1
15291.5 0 0
15292.5 1 1
15293.5 0 0
15294.5 0 0
15295.5 1 1
15296.5 0 0
15297.5 0 0
15298.5 0 0
15299.5 0 0
15300.5 0 0
15301.5 1 1
15302.5 1 1
15303.5 1 1
15304.5 1 1
15305.5 0 0
15306.5 1 1
15307.5 0 0
15308.5 0 0
15309.5 0 0
15310.5 0 0
15311.5 0 0
15312.5 0 0
15313.5 2 1.41421
15314.5 0 0
15315.5 1 1
15316.5 0 0
15317.5 0 0
15318.5 1 1
15319.5 0 0
15320.5 1 1
15321.5 0 0
15322.5 0 0
15323.5 0 0
15324.5 0 0
15325.5 0 0
15326.5 0 0
15327.5 0 0
15328.5 0 0
15329.5 1 1
15330.5 2 1.41421
15331.5 0 0
15332.5 0 0
15333.5 0 0
15334.5 1 1
15335.5 0 0
15336.5 0 0
15337.5 0 0
15338.5 0 0
15339.5 1 1
15340.5 0 0
15341.5 1 1
15342.5 0 0
15343.5 0 0
15344.5 0 0
15345.5 2 1.41421
15346.5 0 0
15347.5 1 1
15348.5 3 1.73205
15349.5 0 0
15350.5 3 1.73205
15351.5 0 0
15352.5 2 1.41421
15353.5 1 1
15354.5 0 0
15355.5 1 1
15356.5 0 0
15357.5 0 0
15358.5 1 1
15359.5 1 1
15360.5 3 1.73205
15361.5 0 0
15362.5 0 0
15363.5 2 1.41421
15364.5 1 1
15365.5 4 2
15366.5 2 1.41421
15367.5 2 1.41421
15368.5 6 2.44949
15369.5 3 1.73205
15370.5 1 1
15371.5 2 1.41421
15372.5 1 1
15373.5 2 1.41421
15374.5 2 1.41421
15375.5 1 1
15376.5 3 1.73205
15377.5 1 1
15378.5 2 1.41421
15379.5 3 1.73205
15380.5 1 1
15381.5 3 1.73205
15382.5 1 1
15383.5 3 1.73205
15384.5 3 1.73205
15385.5 2 1.41421
15386.5 1 1
15387.5 1 1
15388.5 4 2
15389.5 1 1
15390.5 3 1.73205
15391.5 3 1.73205
15392.5 0 0
15393.5 1 1
15394.5 0 0
15395.5 0 0
15396.5 0 0
15397.5 0 0
15398.5 2 1.41421
15399.5 0 0
15400.5 2 1.41421
15401.5 1 1
15402.5 2 1.41421
15403.5 0 0
15404.5 0 0
15405.5 0 0
15406.5 0 0
15407.5 1 1
15408.5 0 0
15409.5 0 0
15410.5 0 0
15411.5 0 0
15412.5 0 0
15413.5 4 2
15414.5 3 1.73205
15415.5 0 0
15416.5 1 1
15417.5 1 1
15418.5 0 0
15419.5 0 0
15420.5 0 0
15421.5 2 1.41421
15422.5 0 0
15423.5 0 0
15424.5 1 1
15425.5 0 0
15426.5 0 0
15427.5 3 1.73205
15428.5 0 0
15429.5 1 1
15430.5 1 1
15431.5 0 0
15432.5 0 0
15433.5 1 1
15434.5 1 1
15435.5 0 0
15436.5 1 1
15437.5 0 0
15438.5 0 0
15439.5 0 0
15440.5 0 0
15441.5 0 0
15442.5 0 0
15443.5 0 0
15444.5 0 0
15445.5 0 0
15446.5 0 0
15447.5 1 1
15448.5 0 0
15449.5 0 0
15450.5 0 0
15451.5 0 0
15452.5 0 0
15453.5 0 0
15454.5 1 1
15455.5 1 1
15456.5 2 1.41421
15457.5 1 1
15458.5 0 0
15459.5 0 0
15460.5 1 1
15461.5 0 0
15462.5 0 0
15463.5 1 1
15464.5 1 1
15465.5 1 1
15466.5 0 0
15467.5 0 0
15468.5 0 0
15469.5 2 1.41421
15470.5 0 0
15471.5 0 0
15472.5 1 1
15473.5 1 1
15474.5 1 1
15475.5 0 0
15476.5 1 1
15477.5 0 0
15478.5 1 1
15479.5 0 0
15480.5 1 1
15481.5 0 0
15482.5 0 0
15483.5 0 0
15484.5 0 0
15485.5 0 0
15486.5 0 0
15487.5 0 0
15488.5 1 1
15489.5 0 0
15490.5 0 0
15491.5 0 0
15492.5 2 1.41421
15493.5 1 1
15494.5 0 0
15495.5 0 0
15496.5 0 0
15497.5 0 0
15498.5 0 0
15499.5 1 1
15500.5 0 0
15501.5 0 0
15502.5 1 1
15503.5 0 0
15504.5 0 0
15505.5 0 0
15506.5 1 1
15507.5 0 0
15508.5 0 0
15509.5 0 0
15510.5 1 1
15511.5 0 0
15512.5 1 1
15513.5 1 1
15514.5 1 1
15515.5 1 1
15516.5 0 0
15517.5 1 1
15518.5 0 0
15519.5 0 0
15520.5 0 0
15521.5 0 0
15522.5 0 0
15523.5 0 0
15524.5 0 0
15525.5 1 1
15526.5 0 0
15527.5 1 1
15528.5 2 1.41421
15529.5 1 1
15530.5 0 0
15531.5 0 0
15532.5 1 1
15533.5 1 1
15534.5 1 1
15535.5 0 0
15536.5 1 1
15537.5 1 1
15538.5 0 0
15539.5 0 0
15540.5 0 0
15541.5 0 0
15542.5 0 0
15543.5 1 1
15544.5 0 0
15545.5 0 0
15546.5 1 1
15547.5 0 0
15548.5 0 0
15549.5 2 1.41421
15550.5 0 0
15551.5 0 0
15552.5 0 0
15553.5 0 0
15554.5 1 1
15555.5 0 0
15556.5 1 1
15557.5 1 1
15558.5 0 0
15559.5 1 1
15560.5 0 0
15561.5 0 0
15562.5 1 1
15563.5 1 1
15564.5 0 0
15565.5 1 1
15566.5 0 0
15567.5 0 0
15568.5 0 0
15569.5 0 0
15570.5 0 0
15571.5 0 0
15572.5 0 0
15573.5 1 1
15574.5 0 0
15575.5 0 0
15576.5 0 0
15577.5 0 0
15578.5 0 0
15579.5 0 0
15580.5 0 0
15581.5 0 0
15582.5 0 0
15583.5 0 0
15584.5 1 1
15585.5 0 0
15586.5 3 1.73205
15587.5 0 0
15588.5 1 1
15589.5 1 1
15590.5 1 1
15591.5 0 0
15592.5 0 0
15593.5 0 0
15594.5 1 1
15595.5 1 1
15596.5 0 0
15597.5 0 0
15598.5 0 0
15599.5 1 1
15600.5 0 0
15601.5 0 0
15602.5 1 1
15603.5 1 1
15604.5 0 0
15605.5 0 0
15606.5 1 1
15607.5 0 0
15608.5 0 0
15609.5 0 0
15610.5 0 0
15611.5 0 0
15612.5 0 0
15613.5 1 1
15614.5 0 0
15615.5 0 0
15616.5 0 0
15617.5 0 0
15618.5 0 0
15619.5 0 0
15620.5 0 0
15621.5 0 0
15622.5 1 1
15623.5 0 0
15624.5 0 0
15625.5 0 0
15626.5 1 1
15627.5 0 0
15628.5 0 0
15629.5 0 0
15630.5 0 0
15631.5 1 1
15632.5 1 1
15633.5 0 0
15634.5 0 0
15635.5 1 1
15636.5 1 1
15637.5 0 0
15638.5 2 1.41421
15639.5 1 1
15640.5 0 0
15641.5 0 0
15642.5 1 1
15643.5 2 1.41421
15644.5 0 0
15645.5 0 0
15646.5 0 0
15647.5 1 1
15648.5 0 0
15649.5 0 0
15650.5 1 1
15651.5 0 0
15652.5 1 1
15653.5 1 1
15654.5 0 0
15655.5 1 1
15656.5 0 0
15657.5 0 0
15658.5 0 0
15659.5 0 0
15660.5 0 0
15661.5 0 0
15662.5 1 1
15663.5 0 0
15664.5 0 0
15665.5 0 0
15666.5 0 0
15667.5 0 0
15668.5 0 0
15669.5 1 1
15670.5 0 0
15671.5 1 1
15672.5 0 0
15673.5 1 1
15674.5 1 1
15675.5 0 0
15676.5 0 0
15677.5 0 0
15678.5 0 0
15679.5 0 0
15680.5 2 1.41421
15681.5 1 1
15682.5 1 1
15683.5 0 0
15684.5 0 0
15685.5 0 0
15686.5 0 0
15687.5 0 0
15688.5 2 1.41421
15689.5 0 0
15690.5 0 0
15691.5 1 1
15692.5 0 0
15693.5 1 1
15694.5 1 1
15695.5 0 0
15696.5 0 0
15697.5 0 0
15698.5 0 0
15699.5 0 0
15700.5 0 0
15701.5 2 1.41421
15702.5 0 0
15703.5 0 0
15704.5 0 0
15705.5 1 1
15706.5 0 0
15707.5 0 0
15708.5 0 0
15709.5 0 0
15710.5 0 0
15711.5 0 0
15712.5 0 0
15713.5 0 0
15714.5 0 0
15715.5 1 1
15716.5 0 0
15717.5 0 0
15718.5 0 0
15719.5 1 1
15720.5 1 1
15721.5 0 0
15722.5 1 1
15723.5 1 1
15724.5 0 0
15725.5 0 0
15726.5 0 0
15727.5 1 1
15728.5 0 0
15729.5 0 0
15730.5 0 0
15731.5 0 0
15732.5 0 0
15733.5 0 0
15734.5 1 1
15735.5 0 0
15736.5 0 0
15737.5 0 0
15738.5 0 0
15739.5 1 1
15740.5 0 0
15741.5 1 1
15742.5 1 1
15743.5 0 0
15744.5 0 0
15745.5 0 0
15746.5 0 0
15747.5 0 0
15748.5 0 0
15749.5 0 0
15750.5 0 0
15751.5 1 1
15752.5 0 0
15753.5 0 0
15754.5 0 0
15755.5 0 0
15756.5 0 0
15757.5 0 0
15758.5 1 1
15759.5 0 0
15760.5 0 0
15761.5 0 0
15762.5 0 0
15763.5 0 0
15764.5 1 1
15765.5 0 0
15766.5 0 0
15767.5 1 1
15768.5 0 0
15769.5 0 0
15770.5 1 1
15771.5 1 1
15772.5 0 0
15773.5 0 0
15774.5 0 0
15775.5 0 0
15776.5 0 0
15777.5 0 0
15778.5 0 0
15779.5 0 0
15780.5 0 0
15781.5 0 0
15782.5 0 0
15783.5 0 0
15784.5 0 0
15785.5 0 0
15786.5 0 0
15787.5 1 1
15788.5 0 0
15789.5 0 0
15790.5 0 0
15791.5 1 1
15792.5 0 0
15793.5 0 0
15794.5 2 1.41421
15795.5 0 0
15796.5 0 0
15797.5 0 0
15798.5 0 0
15799.5 0 0
15800.5 0 0
15801.5 0 0
15802.5 1 1
15803.5 2 1.41421
15804.5 0 0
15805.5 2 1.41421
15806.5 0 0
15807.5 1 1
15808.5 0 0
15809.5 1 1
15810.5 0 0
15811.5 0 0
15812.5 0 0
15813.5 0 0
15814.5 0 0
15815.5 1 1
15816.5 1 1
15817.5 0 0
15818.5 0 0
15819.5 0 0
15820.5 0 0
15821.5 0 0
15822.5 2 1.41421
15823.5 0 0
15824.5 0 0
15825.5 0 0
15826.5 0 0
15827.5 1 1
15828.5 0 0
15829.5 0 0
15830.5 0 0
15831.5 0 0
15832.5 0 0
15833.5 0 0
15834.5 0 0
15835.5 0 0
15836.5 0 0
15837.5 0 0
15838.5 0 0
15839.5 1 1
15840.5 0 0
15841.5 0 0
15842.5 1 1
15843.5 1 1
15844.5 0 0
15845.5 1 1
15846.5 0 0
15847.5 0 0
15848.5 0 0
15849.5 1 1
15850.5 0 0
15851.5 0 0
15852.5 1 1
15853.5 0 0
15854.5 1 1
15855.5 0 0
15856.5 1 1
15857.5 0 0
15858.5 1 1
15859.5 0 0
15860.5 1 1
15861.5 0 0
15862.5 1 1
15863.5 0 0
15864.5 1 1
15865.5 0 0
15866.5 0 0
15867.5 0 0
15868.5 1 1
15869.5 1 1
15870.5 1 1
15871.5 0 0
15872.5 1 1
15873.5 2 1.41421
15874.5 1 1
15875.5 0 0
15876.5 0 0
15877.5 0 0
15878.5 0 0
15879.5 0 0
15880.5 0 0
15881.5 1 1
15882.5 1 1
15883.5 0 0
15884.5 0 0
15885.5 0 0
15886.5 0 0
15887.5 1 1
15888.5 1 1
15889.5 1 1
15890.5 0 0
15891.5 0 0
15892.5 0 0
15893.5 1 1
15894.5 0 0
15895.5 0 0
15896.5 0 0
15897.5 1 1
15898.5 0 0
15899.5 0 0
15900.5 0 0
15901.5 0 0
15902.5 0 0
15903.5 0 0
15904.5 0 0
15905.5 0 0
15906.5 1 1
15907.5 0 0
15908.5 0 0
15909.5 0 0
15910.5 0 0
15911.5 0 0
15912.5 0 0
15913.5 0 0
15914.5 0 0
15915.5 0 0
15916.5 0 0
15917.5 1 1
15918.5 0 0
15919.5 0 0
15920.5 0 0
15921.5 0 0
15922.5 0 0
15923.5 0 0
15924.5 0 0
15925.5 0 0
15926.5 0 0
15927.5 0 0
15928.5 0 0
15929.5 0 0
15930.5 0 0
15931.5 0 0
15932.5 0 0
15933.5 0 0
15934.5 1 1
15935.5 1 1
15936.5 0 0
15937.5 0 0
15938.5 0 0
15939.5 0 0
15940.5 0 0
15941.5 0 0
15942.5 0 0
15943.5 0 0
15944.5 0 0
15945.5 0 0
15946.5 0 0
15947.5 0 0
15948.5 0 0
15949.5 0 0
15950.5 0 0
15951.5 0 0
15952.5 0 0
15953.5 0 0
15954.5 0 0
15955.5 0 0
15956.5 1 1
15957.5 0 0
15958.5 0 0
15959.5 0 0
15960.5 0 0
15961.5 1 1
15962.5 1 1
15963.5 0 0
15964.5 2 1.41421
15965.5 0 0
15966.5 0 0
15967.5 0 0
15968.5 0 0
15969.5 1 1
15970.5 0 0
15971.5 0 0
15972.5 0 0
15973.5 0 0
15974.5 0 0
15975.5 0 0
15976.5 0 0
15977.5 0 0
15978.5 0 0
15979.5 0 0
15980.5 0 0
15981.5 1 1
15982.5 0 0
15983.5 0 0
15984.5 0 0
15985.5 0 0
15986.5 1 1
15987.5 2 1.41421
15988.5 0 0
15989.5 0 0
15990.5 0 0
15991.5 0 0
15992.5 1 1
15993.5 0 0
15994.5 0 0
15995.5 0 0
15996.5 0 0
15997.5 0 0
15998.5 0 0
15999.5 0 0
16000.5 0 0
16001.5 1 1
16002.5 0 0
16003.5 0 0
16004.5 0 0
16005.5 1 1
16006.5 0 0
16007.5 0 0
16008.5 0 0
16009.5 0 0
16010.5 0 0
16011.5 0 0
16012.5 0 0
16013.5 0 0
16014.5 0 0
16015.5 0 0
16016.5 0 0
16017.5 1 1
16018.5 0 0
16019.5 1 1
16020.5 0 0
16021.5 1 1
16022.5 0 0
16023.5 0 0
16024.5 1 1
16025.5 0 0
16026.5 1 1
16027.5 2 1.41421
16028.5 1 1
16029.5 1 1
16030.5 0 0
16031.5 0 0
16032.5 0 0
16033.5 1 1
16034.5 0 0
16035.5 0 0
16036.5 0 0
16037.5 0 0
16038.5 0 0
16039.5 0 0
16040.5 0 0
16041.5 2 1.41421
16042.5 0 0
16043.5 1 1
16044.5 0 0
16045.5 0 0
16046.5 2 1.41421
16047.5 1 1
16048.5 0 0
16049.5 1 1
16050.5 0 0
16051.5 2 1.41421
16052.5 3 1.73205
16053.5 2 1.41421
16054.5 1 1
16055.5 1 1
16056.5 0 0
16057.5 2 1.41421
16058.5 0 0
16059.5 0 0
16060.5 0 0
16061.5 0 0
16062.5 1 1
16063.5 1 1
16064.5 0 0
16065.5 1 1
16066.5 1 1
16067.5 0 0
16068.5 2 1.41421
16069.5 0 0
16070.5 1 1
16071.5 0 0
16072.5 0 0
16073.5 0 0
16074.5 0 0
16075.5 3 1.73205
16076.5 1 1
16077.5 1 1
16078.5 1 1
16079.5 0 0
16080.5 2 1.41421
16081.5 3 1.73205
16082.5 1 1
16083.5 2 1.41421
16084.5 3 1.73205
16085.5 3 1.73205
16086.5 2 1.41421
16087.5 1 1
16088.5 2 1.41421
16089.5 4 2
16090.5 3 1.73205
16091.5 2 1.41421
16092.5 3 1.73205
16093.5 3 1.73205
16094.5 1 1
16095.5 1 1
16096.5 3 1.73205
16097.5 4 2
16098.5 3 1.73205
16099.5 2 1.41421
16100.5 1 1
16101.5 5 2.23607
16102.5 2 1.41421
16103.5 6 2.44949
16104.5 2 1.41421
16105.5 6 2.44949
16106.5 1 1
16107.5 4 2
16108.5 3 1.73205
16109.5 1 1
16110.5 1 1
16111.5 4 2
16112.5 1 1
16113.5 0 0
16114.5 1 1
16115.5 0 0
16116.5 0 0
16117.5 1 1
16118.5 2 1.41421
16119.5 2 1.41421
16120.5 0 0
16121.5 1 1
16122.5 0 0
16123.5 0 0
16124.5 1 1
16125.5 0 0
16126.5 1 1
16127.5 0 0
16128.5 0 0
16129.5 0 0
16130.5 1 1
16131.5 1 1
16132.5 0 0
16133.5 1 1
16134.5 0 0
16135.5 1 1
16136.5 1 1
16137.5 1 1
16138.5 0 0
16139.5 0 0
16140.5 1 1
16141.5 1 1
16142.5 0 0
16143.5 0 0
16144.5 0 0
16145.5 1 1
16146.5 0 0
16147.5 0 0
16148.5 0 0
16149.5 0 0
16150.5 1 1
16151.5 0 0
16152.5 0 0
16153.5 0 0
16154.5 0 0
16155.5 1 1
16156.5 1 1
16157.5 0 0
16158.5 1 1
16159.5 1 1
16160.5 1 1
16161.5 0 0
16162.5 0 0
16163.5 0 0
16164.5 1 1
16165.5 0 0
16166.5 0 0
16167.5 0 0
16168.5 0 0
16169.5 0 0
16170.5 0 0
16171.5 0 0
16172.5 0 0
16173.5 0 0
16174.5 1 1
16175.5 0 0
16176.5 0 0
16177.5 0 0
16178.5 0 0
16179.5 0 0
16180.5 0 0
16181.5 1 1
16182.5 0 0
16183.5 0 0
16184.5 1 1
16185.5 0 0
16186.5 0 0
16187.5 0 0
16188.5 0 0
16189.5 2 1.41421
16190.5 0 0
16191.5 1 1
16192.5 0 0
16193.5 3 1.73205
16194.5 1 1
16195.5 0 0
16196.5 0 0
16197.5 0 0
16198.5 1 1
16199.5 0 0
16200.5 4 2
16201.5 2 1.41421
16202.5 0 0
16203.5 1 1
16204.5 1 1
16205.5 3 1.73205
16206.5 2 1.41421
16207.5 1 1
16208.5 0 0
16209.5 2 1.41421
16210.5 0 0
16211.5 2 1.41421
16212.5 5 2.23607
16213.5 4 2
16214.5 2 1.41421
16215.5 2 1.41421
16216.5 1 1
16217.5 2 1.41421
16218.5 3 1.73205
16219.5 2 1.41421
16220.5 2 1.41421
16221.5 3 1.73205
16222.5 1 1
16223.5 3 1.73205
16224.5 1 1
16225.5 2 1.41421
16226.5 0 0
16227.5 2 1.41421
16228.5 3 1.73205
16229.5 2 1.41421
16230.5 3 1.73205
16231.5 2 1.41421
16232.5 1 1
16233.5 1 1
16234.5 2 1.41421
16235.5 0 0
16236.5 0 0
16237.5 0 0
16238.5 1 1
16239.5 1 1
16240.5 0 0
16241.5 1 1
16242.5 0 0
16243.5 2 1.41421
16244.5 0 0
16245.5 0 0
16246.5 2 1.41421
16247.5 1 1
16248.5 1 1
16249.5 1 1
16250.5 1 1
16251.5 0 0
16252.5 0 0
16253.5 0 0
16254.5 0 0
16255.5 0 0
16256.5 2 1.41421
16257.5 1 1
16258.5 0 0
16259.5 1 1
16260.5 1 1
16261.5 0 0
16262.5 0 0
16263.5 0 0
16264.5 1 1
16265.5 3 1.73205
16266.5 0 0
16267.5 0 0
16268.5 1 1
16269.5 0 0
16270.5 1 1
16271.5 0 0
16272.5 0 0
16273.5 1 1
16274.5 1 1
16275.5 0 0
16276.5 0 0
16277.5 1 1
16278.5 1 1
16279.5 1 1
16280.5 0 0
16281.5 0 0
16282.5 0 0
16283.5 0 0
16284.5 0 0
16285.5 1 1
16286.5 0 0
16287.5 0 0
16288.5 0 0
16289.5 1 1
16290.5 0 0
16291.5 0 0
16292.5 0 0
16293.5 0 0
16294.5 0 0
16295.5 1 1
16296.5 0 0
16297.5 0 0
16298.5 0 0
16299.5 0 0
16300.5 0 0
16301.5 0 0
16302.5 0 0
16303.5 1 1
16304.5 0 0
16305.5 0 0
16306.5 1 1
16307.5 0 0
16308.5 0 0
16309.5 0 0
16310.5 0 0
16311.5 1 1
16312.5 0 0
16313.5 0 0
16314.5 0 0
16315.5 2 1.41421
16316.5 1 1
16317.5 0 0
16318.5 0 0
16319.5 0 0
16320.5 0 0
16321.5 0 0
16322.5 1 1
16323.5 1 1
16324.5 0 0
16325.5 1 1
16326.5 1 1
16327.5 0 0
16328.5 0 0
16329.5 1 1
16330.5 0 0
16331.5 0 0
16332.5 0 0
16333.5 0 0
16334.5 0 0
16335.5 0 0
16336.5 0 0
16337.5 1 1
16338.5 1 1
16339.5 0 0
16340.5 0 0
16341.5 0 0
16342.5 1 1
16343.5 0 0
16344.5 0 0
16345.5 1 1
16346.5 0 0
16347.5 0 0
16348.5 0 0
16349.5 0 0
16350.5 0 0
16351.5 0 0
16352.5 0 0
16353.5 0 0
16354.5 0 0
16355.5 1 1
16356.5 0 0
16357.5 0 0
16358.5 0 0
16359.5 1 1
16360.5 0 0
16361.5 1 1
16362.5 2 1.41421
16363.5 0 0
16364.5 0 0
16365.5 1 1
16366.5 0 0
16367.5 1 1
16368.5 0 0
16369.5 0 0
16370.5 2 1.41421
16371.5 1 1
16372.5 0 0
16373.5 0 0
16374.5 0 0
16375.5 0 0
16376.5 0 0
16377.5 0 0
16378.5 0 0
16379.5 0 0
16380.5 0 0
16381.5 0 0
16382.5 0 0
16383.5 0 0
