# Histogram: 103
# File: K47_T1_003-6.his
#X  N  dN
0.5 8253 90.846
1.5 601 24.5153
2.5 551 23.4734
3.5 578 24.0416
4.5 518 22.7596
5.5 544 23.3238
6.5 510 22.5832
7.5 398 19.9499
8.5 369 19.2094
9.5 300 17.3205
10.5 235 15.3297
11.5 206 14.3527
12.5 160 12.6491
13.5 137 11.7047
14.5 119 10.9087
15.5 95 9.74679
16.5 76 8.7178
17.5 72 8.48528
18.5 54 7.34847
19.5 51 7.14143
20.5 49 7
21.5 43 6.55744
22.5 44 6.63325
23.5 28 5.2915
24.5 32 5.65685
25.5 35 5.91608
26.5 41 6.40312
27.5 42 6.48074
28.5 39 6.245
29.5 36 6
30.5 39 6.245
31.5 39 6.245
32.5 44 6.63325
33.5 50 7.07107
34.5 55 7.4162
35.5 60 7.74597
36.5 52 7.2111
37.5 61 7.81025
38.5 73 8.544
39.5 58 7.61577
40.5 55 7.4162
41.5 64 8
42.5 68 8.24621
43.5 72 8.48528
44.5 85 9.21954
45.5 71 8.42615
46.5 78 8.83176
47.5 74 8.60233
48.5 78 8.83176
49.5 81 9
50.5 82 9.05539
51.5 81 9
52.5 96 9.79796
53.5 99 9.94987
54.5 99 9.94987
55.5 87 9.32738
56.5 93 9.64365
57.5 86 9.27362
58.5 74 8.60233
59.5 97 9.84886
60.5 72 8.48528
61.5 81 9
62.5 99 9.94987
63.5 88 9.38083
64.5 80 8.94427
65.5 96 9.79796
66.5 93 9.64365
67.5 89 9.43398
68.5 119 10.9087
69.5 90 9.48683
70.5 84 9.16515
71.5 89 9.43398
72.5 98 9.89949
73.5 93 9.64365
74.5 102 10.0995
75.5 104 10.198
76.5 107 10.3441
77.5 91 9.53939
78.5 100 10
79.5 102 10.0995
80.5 91 9.53939
81.5 90 9.48683
82.5 93 9.64365
83.5 113 10.6301
84.5 111 10.5357
85.5 96 9.79796
86.5 78 8.83176
87.5 69 8.30662
88.5 104 10.198
89.5 85 9.21954
90.5 117 10.8167
91.5 92 9.59166
92.5 86 9.27362
93.5 99 9.94987
94.5 94 9.69536
95.5 75 8.66025
96.5 88 9.38083
97.5 88 9.38083
98.5 96 9.79796
99.5 87 9.32738
100.5 102 10.0995
101.5 102 10.0995
102.5 94 9.69536
103.5 99 9.94987
104.5 94 9.69536
105.5 94 9.69536
106.5 102 10.0995
107.5 96 9.79796
108.5 100 10
109.5 105 10.247
110.5 115 10.7238
111.5 80 8.94427
112.5 80 8.94427
113.5 98 9.89949
114.5 112 10.583
115.5 88 9.38083
116.5 89 9.43398
117.5 90 9.48683
118.5 115 10.7238
119.5 116 10.7703
120.5 96 9.79796
121.5 83 9.11043
122.5 93 9.64365
123.5 116 10.7703
124.5 97 9.84886
125.5 112 10.583
126.5 130 11.4018
127.5 115 10.7238
128.5 112 10.583
129.5 98 9.89949
130.5 96 9.79796
131.5 119 10.9087
132.5 105 10.247
133.5 125 11.1803
134.5 114 10.6771
135.5 105 10.247
136.5 121 11
137.5 110 10.4881
138.5 105 10.247
139.5 93 9.64365
140.5 94 9.69536
141.5 100 10
142.5 91 9.53939
143.5 102 10.0995
144.5 87 9.32738
145.5 92 9.59166
146.5 101 10.0499
147.5 100 10
148.5 97 9.84886
149.5 121 11
150.5 107 10.3441
151.5 107 10.3441
152.5 128 11.3137
153.5 114 10.6771
154.5 104 10.198
155.5 111 10.5357
156.5 102 10.0995
157.5 100 10
158.5 103 10.1489
159.5 115 10.7238
160.5 110 10.4881
161.5 109 10.4403
162.5 98 9.89949
163.5 100 10
164.5 102 10.0995
165.5 106 10.2956
166.5 128 11.3137
167.5 113 10.6301
168.5 106 10.2956
169.5 115 10.7238
170.5 120 10.9545
171.5 100 10
172.5 113 10.6301
173.5 131 11.4455
174.5 109 10.4403
175.5 107 10.3441
176.5 123 11.0905
177.5 117 10.8167
178.5 100 10
179.5 88 9.38083
180.5 119 10.9087
181.5 104 10.198
182.5 131 11.4455
183.5 105 10.247
184.5 113 10.6301
185.5 117 10.8167
186.5 135 11.619
187.5 97 9.84886
188.5 118 10.8628
189.5 108 10.3923
190.5 127 11.2694
191.5 118 10.8628
192.5 97 9.84886
193.5 118 10.8628
194.5 111 10.5357
195.5 124 11.1355
196.5 92 9.59166
197.5 108 10.3923
198.5 128 11.3137
199.5 88 9.38083
200.5 114 10.6771
201.5 92 9.59166
202.5 112 10.583
203.5 121 11
204.5 100 10
205.5 99 9.94987
206.5 98 9.89949
207.5 99 9.94987
208.5 109 10.4403
209.5 111 10.5357
210.5 120 10.9545
211.5 113 10.6301
212.5 104 10.198
213.5 115 10.7238
214.5 96 9.79796
215.5 111 10.5357
216.5 109 10.4403
217.5 101 10.0499
218.5 114 10.6771
219.5 95 9.74679
220.5 98 9.89949
221.5 117 10.8167
222.5 109 10.4403
223.5 86 9.27362
224.5 113 10.6301
225.5 119 10.9087
226.5 97 9.84886
227.5 111 10.5357
228.5 112 10.583
229.5 106 10.2956
230.5 97 9.84886
231.5 115 10.7238
232.5 105 10.247
233.5 114 10.6771
234.5 124 11.1355
235.5 107 10.3441
236.5 107 10.3441
237.5 109 10.4403
238.5 124 11.1355
239.5 117 10.8167
240.5 104 10.198
241.5 105 10.247
242.5 110 10.4881
243.5 100 10
244.5 118 10.8628
245.5 117 10.8167
246.5 95 9.74679
247.5 103 10.1489
248.5 127 11.2694
249.5 101 10.0499
250.5 102 10.0995
251.5 116 10.7703
252.5 91 9.53939
253.5 115 10.7238
254.5 118 10.8628
255.5 120 10.9545
256.5 111 10.5357
257.5 103 10.1489
258.5 112 10.583
259.5 122 11.0454
260.5 127 11.2694
261.5 102 10.0995
262.5 119 10.9087
263.5 119 10.9087
264.5 94 9.69536
265.5 104 10.198
266.5 113 10.6301
267.5 128 11.3137
268.5 114 10.6771
269.5 109 10.4403
270.5 112 10.583
271.5 134 11.5758
272.5 129 11.3578
273.5 117 10.8167
274.5 121 11
275.5 140 11.8322
276.5 103 10.1489
277.5 123 11.0905
278.5 121 11
279.5 122 11.0454
280.5 123 11.0905
281.5 109 10.4403
282.5 127 11.2694
283.5 149 12.2066
284.5 127 11.2694
285.5 130 11.4018
286.5 122 11.0454
287.5 138 11.7473
288.5 140 11.8322
289.5 145 12.0416
290.5 145 12.0416
291.5 114 10.6771
292.5 116 10.7703
293.5 126 11.225
294.5 126 11.225
295.5 147 12.1244
296.5 128 11.3137
297.5 135 11.619
298.5 132 11.4891
299.5 136 11.6619
300.5 125 11.1803
301.5 152 12.3288
302.5 149 12.2066
303.5 107 10.3441
304.5 141 11.8743
305.5 132 11.4891
306.5 143 11.9583
307.5 143 11.9583
308.5 132 11.4891
309.5 155 12.4499
310.5 161 12.6886
311.5 158 12.5698
312.5 146 12.083
313.5 165 12.8452
314.5 170 13.0384
315.5 148 12.1655
316.5 130 11.4018
317.5 153 12.3693
318.5 156 12.49
319.5 165 12.8452
320.5 160 12.6491
321.5 148 12.1655
322.5 171 13.0767
323.5 147 12.1244
324.5 175 13.2288
325.5 169 13
326.5 179 13.3791
327.5 180 13.4164
328.5 177 13.3041
329.5 169 13
330.5 176 13.2665
331.5 145 12.0416
332.5 168 12.9615
333.5 164 12.8062
334.5 164 12.8062
335.5 137 11.7047
336.5 186 13.6382
337.5 168 12.9615
338.5 170 13.0384
339.5 156 12.49
340.5 158 12.5698
341.5 184 13.5647
342.5 160 12.6491
343.5 167 12.9228
344.5 160 12.6491
345.5 172 13.1149
346.5 157 12.53
347.5 158 12.5698
348.5 177 13.3041
349.5 139 11.7898
350.5 179 13.3791
351.5 174 13.1909
352.5 167 12.9228
353.5 182 13.4907
354.5 206 14.3527
355.5 143 11.9583
356.5 184 13.5647
357.5 188 13.7113
358.5 173 13.1529
359.5 174 13.1909
360.5 203 14.2478
361.5 215 14.6629
362.5 186 13.6382
363.5 200 14.1421
364.5 181 13.4536
365.5 166 12.8841
366.5 185 13.6015
367.5 185 13.6015
368.5 186 13.6382
369.5 201 14.1774
370.5 181 13.4536
371.5 180 13.4164
372.5 198 14.0712
373.5 183 13.5277
374.5 192 13.8564
375.5 209 14.4568
376.5 177 13.3041
377.5 205 14.3178
378.5 194 13.9284
379.5 184 13.5647
380.5 206 14.3527
381.5 182 13.4907
382.5 228 15.0997
383.5 195 13.9642
384.5 213 14.5945
385.5 220 14.8324
386.5 210 14.4914
387.5 241 15.5242
388.5 215 14.6629
389.5 210 14.4914
390.5 195 13.9642
391.5 212 14.5602
392.5 224 14.9666
393.5 218 14.7648
394.5 206 14.3527
395.5 231 15.1987
396.5 263 16.2173
397.5 250 15.8114
398.5 229 15.1327
399.5 244 15.6205
400.5 255 15.9687
401.5 227 15.0665
402.5 250 15.8114
403.5 248 15.748
404.5 242 15.5563
405.5 235 15.3297
406.5 228 15.0997
407.5 270 16.4317
408.5 256 16
409.5 281 16.7631
410.5 228 15.0997
411.5 237 15.3948
412.5 225 15
413.5 221 14.8661
414.5 235 15.3297
415.5 219 14.7986
416.5 205 14.3178
417.5 276 16.6132
418.5 222 14.8997
419.5 208 14.4222
420.5 212 14.5602
421.5 214 14.6287
422.5 239 15.4596
423.5 254 15.9374
424.5 246 15.6844
425.5 245 15.6525
426.5 235 15.3297
427.5 243 15.5885
428.5 228 15.0997
429.5 221 14.8661
430.5 201 14.1774
431.5 221 14.8661
432.5 267 16.3401
433.5 205 14.3178
434.5 225 15
435.5 217 14.7309
436.5 225 15
437.5 216 14.6969
438.5 251 15.843
439.5 241 15.5242
440.5 201 14.1774
441.5 244 15.6205
442.5 228 15.0997
443.5 225 15
444.5 262 16.1864
445.5 226 15.0333
446.5 232 15.2315
447.5 232 15.2315
448.5 247 15.7162
449.5 237 15.3948
450.5 233 15.2643
451.5 255 15.9687
452.5 218 14.7648
453.5 258 16.0624
454.5 241 15.5242
455.5 247 15.7162
456.5 238 15.4272
457.5 234 15.2971
458.5 262 16.1864
459.5 247 15.7162
460.5 262 16.1864
461.5 239 15.4596
462.5 226 15.0333
463.5 258 16.0624
464.5 266 16.3095
465.5 268 16.3707
466.5 264 16.2481
467.5 205 14.3178
468.5 276 16.6132
469.5 250 15.8114
470.5 266 16.3095
471.5 264 16.2481
472.5 239 15.4596
473.5 269 16.4012
474.5 227 15.0665
475.5 246 15.6844
476.5 232 15.2315
477.5 266 16.3095
478.5 268 16.3707
479.5 269 16.4012
480.5 238 15.4272
481.5 244 15.6205
482.5 228 15.0997
483.5 259 16.0935
484.5 228 15.0997
485.5 262 16.1864
486.5 212 14.5602
487.5 283 16.8226
488.5 258 16.0624
489.5 233 15.2643
490.5 227 15.0665
491.5 259 16.0935
492.5 271 16.4621
493.5 243 15.5885
494.5 243 15.5885
495.5 230 15.1658
496.5 253 15.906
497.5 255 15.9687
498.5 245 15.6525
499.5 255 15.9687
500.5 220 14.8324
501.5 268 16.3707
502.5 241 15.5242
503.5 248 15.748
504.5 243 15.5885
505.5 258 16.0624
506.5 253 15.906
507.5 239 15.4596
508.5 253 15.906
509.5 250 15.8114
510.5 242 15.5563
511.5 246 15.6844
512.5 240 15.4919
513.5 247 15.7162
514.5 258 16.0624
515.5 214 14.6287
516.5 239 15.4596
517.5 244 15.6205
518.5 203 14.2478
519.5 225 15
520.5 237 15.3948
521.5 244 15.6205
522.5 230 15.1658
523.5 264 16.2481
524.5 258 16.0624
525.5 237 15.3948
526.5 230 15.1658
527.5 269 16.4012
528.5 231 15.1987
529.5 251 15.843
530.5 221 14.8661
531.5 251 15.843
532.5 286 16.9115
533.5 250 15.8114
534.5 255 15.9687
535.5 231 15.1987
536.5 236 15.3623
537.5 256 16
538.5 288 16.9706
539.5 239 15.4596
540.5 244 15.6205
541.5 239 15.4596
542.5 273 16.5227
543.5 216 14.6969
544.5 230 15.1658
545.5 233 15.2643
546.5 249 15.7797
547.5 224 14.9666
548.5 255 15.9687
549.5 263 16.2173
550.5 268 16.3707
551.5 252 15.8745
552.5 236 15.3623
553.5 270 16.4317
554.5 225 15
555.5 249 15.7797
556.5 260 16.1245
557.5 289 17
558.5 264 16.2481
559.5 242 15.5563
560.5 231 15.1987
561.5 268 16.3707
562.5 258 16.0624
563.5 254 15.9374
564.5 265 16.2788
565.5 270 16.4317
566.5 245 15.6525
567.5 242 15.5563
568.5 243 15.5885
569.5 262 16.1864
570.5 220 14.8324
571.5 273 16.5227
572.5 244 15.6205
573.5 246 15.6844
574.5 228 15.0997
575.5 251 15.843
576.5 263 16.2173
577.5 256 16
578.5 272 16.4924
579.5 246 15.6844
580.5 236 15.3623
581.5 259 16.0935
582.5 250 15.8114
583.5 269 16.4012
584.5 235 15.3297
585.5 260 16.1245
586.5 245 15.6525
587.5 259 16.0935
588.5 256 16
589.5 252 15.8745
590.5 255 15.9687
591.5 244 15.6205
592.5 256 16
593.5 257 16.0312
594.5 275 16.5831
595.5 241 15.5242
596.5 266 16.3095
597.5 262 16.1864
598.5 270 16.4317
599.5 251 15.843
600.5 254 15.9374
601.5 243 15.5885
602.5 231 15.1987
603.5 255 15.9687
604.5 246 15.6844
605.5 271 16.4621
606.5 248 15.748
607.5 234 15.2971
608.5 257 16.0312
609.5 236 15.3623
610.5 268 16.3707
611.5 254 15.9374
612.5 259 16.0935
613.5 246 15.6844
614.5 276 16.6132
615.5 247 15.7162
616.5 261 16.1555
617.5 261 16.1555
618.5 257 16.0312
619.5 240 15.4919
620.5 281 16.7631
621.5 244 15.6205
622.5 240 15.4919
623.5 235 15.3297
624.5 238 15.4272
625.5 258 16.0624
626.5 230 15.1658
627.5 257 16.0312
628.5 250 15.8114
629.5 269 16.4012
630.5 264 16.2481
631.5 251 15.843
632.5 242 15.5563
633.5 270 16.4317
634.5 231 15.1987
635.5 230 15.1658
636.5 242 15.5563
637.5 236 15.3623
638.5 246 15.6844
639.5 235 15.3297
640.5 254 15.9374
641.5 235 15.3297
642.5 235 15.3297
643.5 260 16.1245
644.5 256 16
645.5 241 15.5242
646.5 223 14.9332
647.5 249 15.7797
648.5 276 16.6132
649.5 254 15.9374
650.5 229 15.1327
651.5 263 16.2173
652.5 277 16.6433
653.5 244 15.6205
654.5 240 15.4919
655.5 222 14.8997
656.5 252 15.8745
657.5 243 15.5885
658.5 217 14.7309
659.5 237 15.3948
660.5 251 15.843
661.5 226 15.0333
662.5 250 15.8114
663.5 255 15.9687
664.5 211 14.5258
665.5 238 15.4272
666.5 263 16.2173
667.5 243 15.5885
668.5 239 15.4596
669.5 205 14.3178
670.5 209 14.4568
671.5 239 15.4596
672.5 226 15.0333
673.5 229 15.1327
674.5 237 15.3948
675.5 217 14.7309
676.5 229 15.1327
677.5 227 15.0665
678.5 263 16.2173
679.5 239 15.4596
680.5 222 14.8997
681.5 214 14.6287
682.5 276 16.6132
683.5 248 15.748
684.5 230 15.1658
685.5 234 15.2971
686.5 263 16.2173
687.5 235 15.3297
688.5 231 15.1987
689.5 217 14.7309
690.5 228 15.0997
691.5 205 14.3178
692.5 225 15
693.5 208 14.4222
694.5 221 14.8661
695.5 211 14.5258
696.5 223 14.9332
697.5 227 15.0665
698.5 246 15.6844
699.5 257 16.0312
700.5 236 15.3623
701.5 218 14.7648
702.5 234 15.2971
703.5 233 15.2643
704.5 225 15
705.5 227 15.0665
706.5 258 16.0624
707.5 199 14.1067
708.5 200 14.1421
709.5 205 14.3178
710.5 212 14.5602
711.5 236 15.3623
712.5 211 14.5258
713.5 207 14.3875
714.5 225 15
715.5 192 13.8564
716.5 202 14.2127
717.5 206 14.3527
718.5 224 14.9666
719.5 232 15.2315
720.5 225 15
721.5 201 14.1774
722.5 197 14.0357
723.5 231 15.1987
724.5 221 14.8661
725.5 205 14.3178
726.5 214 14.6287
727.5 217 14.7309
728.5 224 14.9666
729.5 222 14.8997
730.5 201 14.1774
731.5 201 14.1774
732.5 212 14.5602
733.5 205 14.3178
734.5 234 15.2971
735.5 218 14.7648
736.5 215 14.6629
737.5 208 14.4222
738.5 212 14.5602
739.5 220 14.8324
740.5 205 14.3178
741.5 195 13.9642
742.5 221 14.8661
743.5 189 13.7477
744.5 193 13.8924
745.5 175 13.2288
746.5 209 14.4568
747.5 211 14.5258
748.5 200 14.1421
749.5 196 14
750.5 223 14.9332
751.5 194 13.9284
752.5 212 14.5602
753.5 200 14.1421
754.5 206 14.3527
755.5 202 14.2127
756.5 208 14.4222
757.5 197 14.0357
758.5 222 14.8997
759.5 205 14.3178
760.5 200 14.1421
761.5 187 13.6748
762.5 213 14.5945
763.5 169 13
764.5 214 14.6287
765.5 219 14.7986
766.5 176 13.2665
767.5 207 14.3875
768.5 199 14.1067
769.5 225 15
770.5 180 13.4164
771.5 186 13.6382
772.5 205 14.3178
773.5 198 14.0712
774.5 208 14.4222
775.5 197 14.0357
776.5 196 14
777.5 210 14.4914
778.5 205 14.3178
779.5 195 13.9642
780.5 195 13.9642
781.5 180 13.4164
782.5 184 13.5647
783.5 209 14.4568
784.5 189 13.7477
785.5 178 13.3417
786.5 205 14.3178
787.5 165 12.8452
788.5 173 13.1529
789.5 175 13.2288
790.5 168 12.9615
791.5 198 14.0712
792.5 194 13.9284
793.5 175 13.2288
794.5 182 13.4907
795.5 215 14.6629
796.5 199 14.1067
797.5 194 13.9284
798.5 159 12.6095
799.5 189 13.7477
800.5 166 12.8841
801.5 187 13.6748
802.5 187 13.6748
803.5 200 14.1421
804.5 193 13.8924
805.5 202 14.2127
806.5 188 13.7113
807.5 200 14.1421
808.5 186 13.6382
809.5 188 13.7113
810.5 173 13.1529
811.5 180 13.4164
812.5 180 13.4164
813.5 191 13.8203
814.5 209 14.4568
815.5 194 13.9284
816.5 174 13.1909
817.5 170 13.0384
818.5 175 13.2288
819.5 193 13.8924
820.5 188 13.7113
821.5 169 13
822.5 184 13.5647
823.5 156 12.49
824.5 179 13.3791
825.5 185 13.6015
826.5 165 12.8452
827.5 193 13.8924
828.5 202 14.2127
829.5 169 13
830.5 183 13.5277
831.5 202 14.2127
832.5 209 14.4568
833.5 150 12.2474
834.5 193 13.8924
835.5 167 12.9228
836.5 186 13.6382
837.5 183 13.5277
838.5 169 13
839.5 175 13.2288
840.5 169 13
841.5 183 13.5277
842.5 156 12.49
843.5 178 13.3417
844.5 186 13.6382
845.5 184 13.5647
846.5 176 13.2665
847.5 173 13.1529
848.5 179 13.3791
849.5 185 13.6015
850.5 180 13.4164
851.5 187 13.6748
852.5 213 14.5945
853.5 175 13.2288
854.5 165 12.8452
855.5 170 13.0384
856.5 153 12.3693
857.5 169 13
858.5 196 14
859.5 177 13.3041
860.5 158 12.5698
861.5 165 12.8452
862.5 150 12.2474
863.5 171 13.0767
864.5 179 13.3791
865.5 169 13
866.5 161 12.6886
867.5 169 13
868.5 174 13.1909
869.5 164 12.8062
870.5 165 12.8452
871.5 156 12.49
872.5 181 13.4536
873.5 190 13.784
874.5 166 12.8841
875.5 160 12.6491
876.5 193 13.8924
877.5 159 12.6095
878.5 162 12.7279
879.5 169 13
880.5 156 12.49
881.5 158 12.5698
882.5 178 13.3417
883.5 178 13.3417
884.5 160 12.6491
885.5 155 12.4499
886.5 162 12.7279
887.5 151 12.2882
888.5 188 13.7113
889.5 167 12.9228
890.5 142 11.9164
891.5 182 13.4907
892.5 187 13.6748
893.5 164 12.8062
894.5 169 13
895.5 167 12.9228
896.5 174 13.1909
897.5 153 12.3693
898.5 171 13.0767
899.5 151 12.2882
900.5 156 12.49
901.5 153 12.3693
902.5 146 12.083
903.5 181 13.4536
904.5 178 13.3417
905.5 172 13.1149
906.5 166 12.8841
907.5 157 12.53
908.5 165 12.8452
909.5 145 12.0416
910.5 182 13.4907
911.5 175 13.2288
912.5 159 12.6095
913.5 142 11.9164
914.5 155 12.4499
915.5 175 13.2288
916.5 165 12.8452
917.5 152 12.3288
918.5 160 12.6491
919.5 152 12.3288
920.5 161 12.6886
921.5 152 12.3288
922.5 150 12.2474
923.5 165 12.8452
924.5 157 12.53
925.5 157 12.53
926.5 147 12.1244
927.5 140 11.8322
928.5 152 12.3288
929.5 145 12.0416
930.5 146 12.083
931.5 155 12.4499
932.5 137 11.7047
933.5 169 13
934.5 179 13.3791
935.5 161 12.6886
936.5 146 12.083
937.5 172 13.1149
938.5 151 12.2882
939.5 143 11.9583
940.5 139 11.7898
941.5 166 12.8841
942.5 147 12.1244
943.5 155 12.4499
944.5 160 12.6491
945.5 160 12.6491
946.5 142 11.9164
947.5 164 12.8062
948.5 160 12.6491
949.5 150 12.2474
950.5 150 12.2474
951.5 158 12.5698
952.5 158 12.5698
953.5 187 13.6748
954.5 151 12.2882
955.5 145 12.0416
956.5 153 12.3693
957.5 162 12.7279
958.5 158 12.5698
959.5 186 13.6382
960.5 154 12.4097
961.5 192 13.8564
962.5 150 12.2474
963.5 130 11.4018
964.5 168 12.9615
965.5 137 11.7047
966.5 155 12.4499
967.5 145 12.0416
968.5 166 12.8841
969.5 156 12.49
970.5 144 12
971.5 144 12
972.5 151 12.2882
973.5 168 12.9615
974.5 158 12.5698
975.5 159 12.6095
976.5 165 12.8452
977.5 159 12.6095
978.5 166 12.8841
979.5 146 12.083
980.5 157 12.53
981.5 138 11.7473
982.5 149 12.2066
983.5 154 12.4097
984.5 148 12.1655
985.5 180 13.4164
986.5 161 12.6886
987.5 169 13
988.5 158 12.5698
989.5 164 12.8062
990.5 145 12.0416
991.5 163 12.7671
992.5 167 12.9228
993.5 148 12.1655
994.5 136 11.6619
995.5 176 13.2665
996.5 154 12.4097
997.5 168 12.9615
998.5 158 12.5698
999.5 156 12.49
1000.5 162 12.7279
1001.5 147 12.1244
1002.5 157 12.53
1003.5 148 12.1655
1004.5 168 12.9615
1005.5 161 12.6886
1006.5 144 12
1007.5 166 12.8841
1008.5 140 11.8322
1009.5 151 12.2882
1010.5 161 12.6886
1011.5 132 11.4891
1012.5 156 12.49
1013.5 161 12.6886
1014.5 148 12.1655
1015.5 143 11.9583
1016.5 137 11.7047
1017.5 151 12.2882
1018.5 153 12.3693
1019.5 151 12.2882
1020.5 135 11.619
1021.5 155 12.4499
1022.5 131 11.4455
1023.5 149 12.2066
1024.5 135 11.619
1025.5 133 11.5326
1026.5 146 12.083
1027.5 174 13.1909
1028.5 142 11.9164
1029.5 157 12.53
1030.5 141 11.8743
1031.5 130 11.4018
1032.5 129 11.3578
1033.5 150 12.2474
1034.5 150 12.2474
1035.5 170 13.0384
1036.5 142 11.9164
1037.5 141 11.8743
1038.5 149 12.2066
1039.5 164 12.8062
1040.5 123 11.0905
1041.5 125 11.1803
1042.5 151 12.2882
1043.5 140 11.8322
1044.5 156 12.49
1045.5 130 11.4018
1046.5 132 11.4891
1047.5 139 11.7898
1048.5 148 12.1655
1049.5 129 11.3578
1050.5 137 11.7047
1051.5 143 11.9583
1052.5 120 10.9545
1053.5 152 12.3288
1054.5 143 11.9583
1055.5 149 12.2066
1056.5 129 11.3578
1057.5 143 11.9583
1058.5 154 12.4097
1059.5 143 11.9583
1060.5 133 11.5326
1061.5 157 12.53
1062.5 142 11.9164
1063.5 130 11.4018
1064.5 143 11.9583
1065.5 139 11.7898
1066.5 132 11.4891
1067.5 150 12.2474
1068.5 138 11.7473
1069.5 141 11.8743
1070.5 126 11.225
1071.5 145 12.0416
1072.5 114 10.6771
1073.5 141 11.8743
1074.5 121 11
1075.5 121 11
1076.5 136 11.6619
1077.5 143 11.9583
1078.5 129 11.3578
1079.5 138 11.7473
1080.5 150 12.2474
1081.5 135 11.619
1082.5 123 11.0905
1083.5 132 11.4891
1084.5 130 11.4018
1085.5 133 11.5326
1086.5 159 12.6095
1087.5 147 12.1244
1088.5 127 11.2694
1089.5 143 11.9583
1090.5 135 11.619
1091.5 122 11.0454
1092.5 119 10.9087
1093.5 102 10.0995
1094.5 138 11.7473
1095.5 141 11.8743
1096.5 114 10.6771
1097.5 150 12.2474
1098.5 142 11.9164
1099.5 143 11.9583
1100.5 129 11.3578
1101.5 119 10.9087
1102.5 122 11.0454
1103.5 143 11.9583
1104.5 127 11.2694
1105.5 152 12.3288
1106.5 113 10.6301
1107.5 130 11.4018
1108.5 147 12.1244
1109.5 124 11.1355
1110.5 134 11.5758
1111.5 134 11.5758
1112.5 143 11.9583
1113.5 126 11.225
1114.5 110 10.4881
1115.5 119 10.9087
1116.5 119 10.9087
1117.5 122 11.0454
1118.5 124 11.1355
1119.5 116 10.7703
1120.5 132 11.4891
1121.5 111 10.5357
1122.5 117 10.8167
1123.5 141 11.8743
1124.5 133 11.5326
1125.5 103 10.1489
1126.5 113 10.6301
1127.5 131 11.4455
1128.5 105 10.247
1129.5 150 12.2474
1130.5 148 12.1655
1131.5 127 11.2694
1132.5 118 10.8628
1133.5 137 11.7047
1134.5 132 11.4891
1135.5 117 10.8167
1136.5 129 11.3578
1137.5 136 11.6619
1138.5 138 11.7473
1139.5 108 10.3923
1140.5 123 11.0905
1141.5 132 11.4891
1142.5 122 11.0454
1143.5 126 11.225
1144.5 131 11.4455
1145.5 124 11.1355
1146.5 112 10.583
1147.5 138 11.7473
1148.5 108 10.3923
1149.5 106 10.2956
1150.5 109 10.4403
1151.5 112 10.583
1152.5 113 10.6301
1153.5 116 10.7703
1154.5 101 10.0499
1155.5 114 10.6771
1156.5 116 10.7703
1157.5 118 10.8628
1158.5 120 10.9545
1159.5 105 10.247
1160.5 111 10.5357
1161.5 103 10.1489
1162.5 117 10.8167
1163.5 139 11.7898
1164.5 139 11.7898
1165.5 124 11.1355
1166.5 114 10.6771
1167.5 106 10.2956
1168.5 125 11.1803
1169.5 103 10.1489
1170.5 122 11.0454
1171.5 118 10.8628
1172.5 110 10.4881
1173.5 124 11.1355
1174.5 122 11.0454
1175.5 117 10.8167
1176.5 123 11.0905
1177.5 131 11.4455
1178.5 106 10.2956
1179.5 123 11.0905
1180.5 127 11.2694
1181.5 127 11.2694
1182.5 119 10.9087
1183.5 129 11.3578
1184.5 103 10.1489
1185.5 128 11.3137
1186.5 107 10.3441
1187.5 108 10.3923
1188.5 109 10.4403
1189.5 121 11
1190.5 91 9.53939
1191.5 114 10.6771
1192.5 120 10.9545
1193.5 100 10
1194.5 119 10.9087
1195.5 103 10.1489
1196.5 118 10.8628
1197.5 119 10.9087
1198.5 115 10.7238
1199.5 134 11.5758
1200.5 108 10.3923
1201.5 127 11.2694
1202.5 111 10.5357
1203.5 127 11.2694
1204.5 122 11.0454
1205.5 113 10.6301
1206.5 118 10.8628
1207.5 124 11.1355
1208.5 114 10.6771
1209.5 104 10.198
1210.5 113 10.6301
1211.5 112 10.583
1212.5 130 11.4018
1213.5 109 10.4403
1214.5 115 10.7238
1215.5 113 10.6301
1216.5 108 10.3923
1217.5 115 10.7238
1218.5 107 10.3441
1219.5 115 10.7238
1220.5 103 10.1489
1221.5 97 9.84886
1222.5 105 10.247
1223.5 108 10.3923
1224.5 101 10.0499
1225.5 98 9.89949
1226.5 101 10.0499
1227.5 85 9.21954
1228.5 125 11.1803
1229.5 99 9.94987
1230.5 93 9.64365
1231.5 99 9.94987
1232.5 125 11.1803
1233.5 90 9.48683
1234.5 128 11.3137
1235.5 118 10.8628
1236.5 111 10.5357
1237.5 122 11.0454
1238.5 109 10.4403
1239.5 116 10.7703
1240.5 114 10.6771
1241.5 118 10.8628
1242.5 118 10.8628
1243.5 117 10.8167
1244.5 91 9.53939
1245.5 119 10.9087
1246.5 121 11
1247.5 100 10
1248.5 119 10.9087
1249.5 113 10.6301
1250.5 110 10.4881
1251.5 97 9.84886
1252.5 100 10
1253.5 121 11
1254.5 146 12.083
1255.5 105 10.247
1256.5 103 10.1489
1257.5 113 10.6301
1258.5 99 9.94987
1259.5 95 9.74679
1260.5 102 10.0995
1261.5 112 10.583
1262.5 127 11.2694
1263.5 113 10.6301
1264.5 116 10.7703
1265.5 93 9.64365
1266.5 95 9.74679
1267.5 109 10.4403
1268.5 113 10.6301
1269.5 101 10.0499
1270.5 102 10.0995
1271.5 129 11.3578
1272.5 127 11.2694
1273.5 89 9.43398
1274.5 118 10.8628
1275.5 118 10.8628
1276.5 113 10.6301
1277.5 95 9.74679
1278.5 114 10.6771
1279.5 124 11.1355
1280.5 115 10.7238
1281.5 115 10.7238
1282.5 118 10.8628
1283.5 109 10.4403
1284.5 104 10.198
1285.5 99 9.94987
1286.5 99 9.94987
1287.5 102 10.0995
1288.5 134 11.5758
1289.5 111 10.5357
1290.5 114 10.6771
1291.5 107 10.3441
1292.5 105 10.247
1293.5 112 10.583
1294.5 102 10.0995
1295.5 116 10.7703
1296.5 103 10.1489
1297.5 101 10.0499
1298.5 105 10.247
1299.5 86 9.27362
1300.5 103 10.1489
1301.5 106 10.2956
1302.5 95 9.74679
1303.5 97 9.84886
1304.5 113 10.6301
1305.5 96 9.79796
1306.5 89 9.43398
1307.5 102 10.0995
1308.5 95 9.74679
1309.5 97 9.84886
1310.5 120 10.9545
1311.5 88 9.38083
1312.5 118 10.8628
1313.5 104 10.198
1314.5 109 10.4403
1315.5 102 10.0995
1316.5 123 11.0905
1317.5 98 9.89949
1318.5 104 10.198
1319.5 90 9.48683
1320.5 112 10.583
1321.5 86 9.27362
1322.5 95 9.74679
1323.5 113 10.6301
1324.5 104 10.198
1325.5 106 10.2956
1326.5 92 9.59166
1327.5 107 10.3441
1328.5 80 8.94427
1329.5 105 10.247
1330.5 112 10.583
1331.5 99 9.94987
1332.5 108 10.3923
1333.5 89 9.43398
1334.5 86 9.27362
1335.5 117 10.8167
1336.5 88 9.38083
1337.5 107 10.3441
1338.5 92 9.59166
1339.5 92 9.59166
1340.5 112 10.583
1341.5 107 10.3441
1342.5 96 9.79796
1343.5 107 10.3441
1344.5 86 9.27362
1345.5 112 10.583
1346.5 96 9.79796
1347.5 90 9.48683
1348.5 104 10.198
1349.5 101 10.0499
1350.5 97 9.84886
1351.5 86 9.27362
1352.5 86 9.27362
1353.5 100 10
1354.5 113 10.6301
1355.5 69 8.30662
1356.5 95 9.74679
1357.5 99 9.94987
1358.5 111 10.5357
1359.5 92 9.59166
1360.5 86 9.27362
1361.5 100 10
1362.5 78 8.83176
1363.5 105 10.247
1364.5 92 9.59166
1365.5 102 10.0995
1366.5 97 9.84886
1367.5 101 10.0499
1368.5 103 10.1489
1369.5 94 9.69536
1370.5 94 9.69536
1371.5 102 10.0995
1372.5 87 9.32738
1373.5 83 9.11043
1374.5 107 10.3441
1375.5 78 8.83176
1376.5 104 10.198
1377.5 103 10.1489
1378.5 83 9.11043
1379.5 115 10.7238
1380.5 97 9.84886
1381.5 86 9.27362
1382.5 86 9.27362
1383.5 85 9.21954
1384.5 92 9.59166
1385.5 81 9
1386.5 101 10.0499
1387.5 89 9.43398
1388.5 99 9.94987
1389.5 83 9.11043
1390.5 94 9.69536
1391.5 84 9.16515
1392.5 75 8.66025
1393.5 92 9.59166
1394.5 89 9.43398
1395.5 88 9.38083
1396.5 104 10.198
1397.5 80 8.94427
1398.5 102 10.0995
1399.5 100 10
1400.5 106 10.2956
1401.5 97 9.84886
1402.5 80 8.94427
1403.5 93 9.64365
1404.5 97 9.84886
1405.5 83 9.11043
1406.5 114 10.6771
1407.5 100 10
1408.5 101 10.0499
1409.5 91 9.53939
1410.5 82 9.05539
1411.5 95 9.74679
1412.5 110 10.4881
1413.5 96 9.79796
1414.5 105 10.247
1415.5 84 9.16515
1416.5 96 9.79796
1417.5 85 9.21954
1418.5 99 9.94987
1419.5 108 10.3923
1420.5 92 9.59166
1421.5 92 9.59166
1422.5 78 8.83176
1423.5 87 9.32738
1424.5 94 9.69536
1425.5 95 9.74679
1426.5 95 9.74679
1427.5 94 9.69536
1428.5 87 9.32738
1429.5 84 9.16515
1430.5 88 9.38083
1431.5 89 9.43398
1432.5 90 9.48683
1433.5 96 9.79796
1434.5 108 10.3923
1435.5 80 8.94427
1436.5 116 10.7703
1437.5 87 9.32738
1438.5 81 9
1439.5 84 9.16515
1440.5 90 9.48683
1441.5 76 8.7178
1442.5 70 8.3666
1443.5 95 9.74679
1444.5 73 8.544
1445.5 90 9.48683
1446.5 90 9.48683
1447.5 86 9.27362
1448.5 76 8.7178
1449.5 89 9.43398
1450.5 85 9.21954
1451.5 85 9.21954
1452.5 88 9.38083
1453.5 72 8.48528
1454.5 87 9.32738
1455.5 97 9.84886
1456.5 92 9.59166
1457.5 81 9
1458.5 84 9.16515
1459.5 96 9.79796
1460.5 77 8.77496
1461.5 111 10.5357
1462.5 86 9.27362
1463.5 91 9.53939
1464.5 83 9.11043
1465.5 89 9.43398
1466.5 100 10
1467.5 87 9.32738
1468.5 86 9.27362
1469.5 74 8.60233
1470.5 89 9.43398
1471.5 99 9.94987
1472.5 87 9.32738
1473.5 84 9.16515
1474.5 75 8.66025
1475.5 81 9
1476.5 93 9.64365
1477.5 90 9.48683
1478.5 63 7.93725
1479.5 72 8.48528
1480.5 65 8.06226
1481.5 86 9.27362
1482.5 87 9.32738
1483.5 85 9.21954
1484.5 90 9.48683
1485.5 75 8.66025
1486.5 80 8.94427
1487.5 84 9.16515
1488.5 76 8.7178
1489.5 78 8.83176
1490.5 83 9.11043
1491.5 91 9.53939
1492.5 87 9.32738
1493.5 83 9.11043
1494.5 91 9.53939
1495.5 95 9.74679
1496.5 74 8.60233
1497.5 83 9.11043
1498.5 101 10.0499
1499.5 87 9.32738
1500.5 79 8.88819
1501.5 81 9
1502.5 86 9.27362
1503.5 87 9.32738
1504.5 95 9.74679
1505.5 93 9.64365
1506.5 82 9.05539
1507.5 98 9.89949
1508.5 71 8.42615
1509.5 84 9.16515
1510.5 93 9.64365
1511.5 83 9.11043
1512.5 79 8.88819
1513.5 86 9.27362
1514.5 95 9.74679
1515.5 91 9.53939
1516.5 86 9.27362
1517.5 81 9
1518.5 98 9.89949
1519.5 90 9.48683
1520.5 59 7.68115
1521.5 73 8.544
1522.5 79 8.88819
1523.5 86 9.27362
1524.5 86 9.27362
1525.5 70 8.3666
1526.5 88 9.38083
1527.5 91 9.53939
1528.5 94 9.69536
1529.5 73 8.544
1530.5 85 9.21954
1531.5 63 7.93725
1532.5 72 8.48528
1533.5 93 9.64365
1534.5 70 8.3666
1535.5 83 9.11043
1536.5 108 10.3923
1537.5 88 9.38083
1538.5 91 9.53939
1539.5 95 9.74679
1540.5 82 9.05539
1541.5 75 8.66025
1542.5 86 9.27362
1543.5 72 8.48528
1544.5 80 8.94427
1545.5 70 8.3666
1546.5 79 8.88819
1547.5 82 9.05539
1548.5 60 7.74597
1549.5 91 9.53939
1550.5 73 8.544
1551.5 87 9.32738
1552.5 87 9.32738
1553.5 75 8.66025
1554.5 67 8.18535
1555.5 75 8.66025
1556.5 77 8.77496
1557.5 70 8.3666
1558.5 93 9.64365
1559.5 66 8.12404
1560.5 72 8.48528
1561.5 77 8.77496
1562.5 75 8.66025
1563.5 94 9.69536
1564.5 64 8
1565.5 65 8.06226
1566.5 88 9.38083
1567.5 73 8.544
1568.5 94 9.69536
1569.5 86 9.27362
1570.5 84 9.16515
1571.5 78 8.83176
1572.5 67 8.18535
1573.5 72 8.48528
1574.5 82 9.05539
1575.5 82 9.05539
1576.5 78 8.83176
1577.5 81 9
1578.5 62 7.87401
1579.5 87 9.32738
1580.5 75 8.66025
1581.5 79 8.88819
1582.5 85 9.21954
1583.5 77 8.77496
1584.5 83 9.11043
1585.5 76 8.7178
1586.5 79 8.88819
1587.5 94 9.69536
1588.5 83 9.11043
1589.5 70 8.3666
1590.5 92 9.59166
1591.5 72 8.48528
1592.5 83 9.11043
1593.5 88 9.38083
1594.5 70 8.3666
1595.5 67 8.18535
1596.5 87 9.32738
1597.5 68 8.24621
1598.5 83 9.11043
1599.5 85 9.21954
1600.5 80 8.94427
1601.5 74 8.60233
1602.5 73 8.544
1603.5 79 8.88819
1604.5 86 9.27362
1605.5 82 9.05539
1606.5 87 9.32738
1607.5 64 8
1608.5 63 7.93725
1609.5 83 9.11043
1610.5 66 8.12404
1611.5 80 8.94427
1612.5 79 8.88819
1613.5 80 8.94427
1614.5 75 8.66025
1615.5 53 7.28011
1616.5 88 9.38083
1617.5 74 8.60233
1618.5 68 8.24621
1619.5 87 9.32738
1620.5 78 8.83176
1621.5 64 8
1622.5 75 8.66025
1623.5 69 8.30662
1624.5 88 9.38083
1625.5 71 8.42615
1626.5 67 8.18535
1627.5 72 8.48528
1628.5 70 8.3666
1629.5 82 9.05539
1630.5 74 8.60233
1631.5 72 8.48528
1632.5 90 9.48683
1633.5 66 8.12404
1634.5 80 8.94427
1635.5 66 8.12404
1636.5 75 8.66025
1637.5 72 8.48528
1638.5 73 8.544
1639.5 93 9.64365
1640.5 88 9.38083
1641.5 69 8.30662
1642.5 79 8.88819
1643.5 69 8.30662
1644.5 74 8.60233
1645.5 95 9.74679
1646.5 79 8.88819
1647.5 88 9.38083
1648.5 62 7.87401
1649.5 86 9.27362
1650.5 70 8.3666
1651.5 75 8.66025
1652.5 80 8.94427
1653.5 67 8.18535
1654.5 69 8.30662
1655.5 77 8.77496
1656.5 74 8.60233
1657.5 54 7.34847
1658.5 63 7.93725
1659.5 69 8.30662
1660.5 71 8.42615
1661.5 84 9.16515
1662.5 66 8.12404
1663.5 76 8.7178
1664.5 76 8.7178
1665.5 81 9
1666.5 63 7.93725
1667.5 77 8.77496
1668.5 77 8.77496
1669.5 64 8
1670.5 90 9.48683
1671.5 88 9.38083
1672.5 80 8.94427
1673.5 78 8.83176
1674.5 74 8.60233
1675.5 86 9.27362
1676.5 69 8.30662
1677.5 74 8.60233
1678.5 69 8.30662
1679.5 78 8.83176
1680.5 52 7.2111
1681.5 71 8.42615
1682.5 89 9.43398
1683.5 75 8.66025
1684.5 91 9.53939
1685.5 65 8.06226
1686.5 69 8.30662
1687.5 55 7.4162
1688.5 67 8.18535
1689.5 69 8.30662
1690.5 80 8.94427
1691.5 68 8.24621
1692.5 64 8
1693.5 84 9.16515
1694.5 65 8.06226
1695.5 80 8.94427
1696.5 64 8
1697.5 61 7.81025
1698.5 57 7.54983
1699.5 61 7.81025
1700.5 61 7.81025
1701.5 85 9.21954
1702.5 81 9
1703.5 69 8.30662
1704.5 64 8
1705.5 68 8.24621
1706.5 54 7.34847
1707.5 64 8
1708.5 71 8.42615
1709.5 60 7.74597
1710.5 73 8.544
1711.5 67 8.18535
1712.5 59 7.68115
1713.5 79 8.88819
1714.5 64 8
1715.5 64 8
1716.5 67 8.18535
1717.5 65 8.06226
1718.5 77 8.77496
1719.5 72 8.48528
1720.5 63 7.93725
1721.5 94 9.69536
1722.5 79 8.88819
1723.5 52 7.2111
1724.5 83 9.11043
1725.5 67 8.18535
1726.5 73 8.544
1727.5 78 8.83176
1728.5 83 9.11043
1729.5 73 8.544
1730.5 80 8.94427
1731.5 54 7.34847
1732.5 68 8.24621
1733.5 72 8.48528
1734.5 72 8.48528
1735.5 70 8.3666
1736.5 68 8.24621
1737.5 68 8.24621
1738.5 78 8.83176
1739.5 77 8.77496
1740.5 65 8.06226
1741.5 69 8.30662
1742.5 59 7.68115
1743.5 65 8.06226
1744.5 66 8.12404
1745.5 62 7.87401
1746.5 73 8.544
1747.5 77 8.77496
1748.5 69 8.30662
1749.5 72 8.48528
1750.5 72 8.48528
1751.5 78 8.83176
1752.5 72 8.48528
1753.5 69 8.30662
1754.5 74 8.60233
1755.5 72 8.48528
1756.5 65 8.06226
1757.5 68 8.24621
1758.5 67 8.18535
1759.5 75 8.66025
1760.5 70 8.3666
1761.5 65 8.06226
1762.5 73 8.544
1763.5 66 8.12404
1764.5 76 8.7178
1765.5 71 8.42615
1766.5 75 8.66025
1767.5 61 7.81025
1768.5 58 7.61577
1769.5 66 8.12404
1770.5 77 8.77496
1771.5 74 8.60233
1772.5 61 7.81025
1773.5 82 9.05539
1774.5 81 9
1775.5 84 9.16515
1776.5 93 9.64365
1777.5 67 8.18535
1778.5 67 8.18535
1779.5 70 8.3666
1780.5 76 8.7178
1781.5 59 7.68115
1782.5 74 8.60233
1783.5 68 8.24621
1784.5 86 9.27362
1785.5 77 8.77496
1786.5 69 8.30662
1787.5 82 9.05539
1788.5 54 7.34847
1789.5 57 7.54983
1790.5 67 8.18535
1791.5 57 7.54983
1792.5 60 7.74597
1793.5 76 8.7178
1794.5 69 8.30662
1795.5 61 7.81025
1796.5 61 7.81025
1797.5 59 7.68115
1798.5 65 8.06226
1799.5 68 8.24621
1800.5 57 7.54983
1801.5 63 7.93725
1802.5 77 8.77496
1803.5 69 8.30662
1804.5 66 8.12404
1805.5 67 8.18535
1806.5 68 8.24621
1807.5 72 8.48528
1808.5 59 7.68115
1809.5 70 8.3666
1810.5 61 7.81025
1811.5 56 7.48331
1812.5 69 8.30662
1813.5 79 8.88819
1814.5 62 7.87401
1815.5 60 7.74597
1816.5 68 8.24621
1817.5 64 8
1818.5 66 8.12404
1819.5 51 7.14143
1820.5 64 8
1821.5 72 8.48528
1822.5 58 7.61577
1823.5 68 8.24621
1824.5 80 8.94427
1825.5 58 7.61577
1826.5 67 8.18535
1827.5 79 8.88819
1828.5 63 7.93725
1829.5 59 7.68115
1830.5 60 7.74597
1831.5 65 8.06226
1832.5 67 8.18535
1833.5 76 8.7178
1834.5 68 8.24621
1835.5 82 9.05539
1836.5 77 8.77496
1837.5 68 8.24621
1838.5 65 8.06226
1839.5 75 8.66025
1840.5 71 8.42615
1841.5 63 7.93725
1842.5 60 7.74597
1843.5 64 8
1844.5 82 9.05539
1845.5 67 8.18535
1846.5 81 9
1847.5 75 8.66025
1848.5 74 8.60233
1849.5 65 8.06226
1850.5 76 8.7178
1851.5 79 8.88819
1852.5 73 8.544
1853.5 70 8.3666
1854.5 69 8.30662
1855.5 66 8.12404
1856.5 70 8.3666
1857.5 61 7.81025
1858.5 60 7.74597
1859.5 61 7.81025
1860.5 73 8.544
1861.5 69 8.30662
1862.5 87 9.32738
1863.5 58 7.61577
1864.5 81 9
1865.5 76 8.7178
1866.5 64 8
1867.5 78 8.83176
1868.5 71 8.42615
1869.5 70 8.3666
1870.5 83 9.11043
1871.5 70 8.3666
1872.5 65 8.06226
1873.5 64 8
1874.5 63 7.93725
1875.5 79 8.88819
1876.5 60 7.74597
1877.5 71 8.42615
1878.5 66 8.12404
1879.5 69 8.30662
1880.5 65 8.06226
1881.5 77 8.77496
1882.5 64 8
1883.5 75 8.66025
1884.5 66 8.12404
1885.5 63 7.93725
1886.5 78 8.83176
1887.5 71 8.42615
1888.5 68 8.24621
1889.5 63 7.93725
1890.5 69 8.30662
1891.5 95 9.74679
1892.5 77 8.77496
1893.5 68 8.24621
1894.5 57 7.54983
1895.5 68 8.24621
1896.5 62 7.87401
1897.5 72 8.48528
1898.5 85 9.21954
1899.5 66 8.12404
1900.5 82 9.05539
1901.5 77 8.77496
1902.5 73 8.544
1903.5 78 8.83176
1904.5 78 8.83176
1905.5 59 7.68115
1906.5 76 8.7178
1907.5 71 8.42615
1908.5 79 8.88819
1909.5 78 8.83176
1910.5 81 9
1911.5 86 9.27362
1912.5 73 8.544
1913.5 71 8.42615
1914.5 74 8.60233
1915.5 66 8.12404
1916.5 76 8.7178
1917.5 73 8.544
1918.5 83 9.11043
1919.5 56 7.48331
1920.5 93 9.64365
1921.5 81 9
1922.5 77 8.77496
1923.5 67 8.18535
1924.5 63 7.93725
1925.5 63 7.93725
1926.5 68 8.24621
1927.5 71 8.42615
1928.5 77 8.77496
1929.5 70 8.3666
1930.5 69 8.30662
1931.5 63 7.93725
1932.5 79 8.88819
1933.5 69 8.30662
1934.5 61 7.81025
1935.5 67 8.18535
1936.5 70 8.3666
1937.5 75 8.66025
1938.5 54 7.34847
1939.5 53 7.28011
1940.5 73 8.544
1941.5 52 7.2111
1942.5 63 7.93725
1943.5 83 9.11043
1944.5 77 8.77496
1945.5 70 8.3666
1946.5 63 7.93725
1947.5 67 8.18535
1948.5 50 7.07107
1949.5 64 8
1950.5 70 8.3666
1951.5 70 8.3666
1952.5 72 8.48528
1953.5 59 7.68115
1954.5 63 7.93725
1955.5 71 8.42615
1956.5 76 8.7178
1957.5 73 8.544
1958.5 94 9.69536
1959.5 65 8.06226
1960.5 60 7.74597
1961.5 78 8.83176
1962.5 61 7.81025
1963.5 74 8.60233
1964.5 69 8.30662
1965.5 71 8.42615
1966.5 70 8.3666
1967.5 69 8.30662
1968.5 73 8.544
1969.5 76 8.7178
1970.5 72 8.48528
1971.5 68 8.24621
1972.5 58 7.61577
1973.5 73 8.544
1974.5 57 7.54983
1975.5 59 7.68115
1976.5 66 8.12404
1977.5 72 8.48528
1978.5 67 8.18535
1979.5 64 8
1980.5 72 8.48528
1981.5 71 8.42615
1982.5 74 8.60233
1983.5 70 8.3666
1984.5 81 9
1985.5 52 7.2111
1986.5 65 8.06226
1987.5 72 8.48528
1988.5 66 8.12404
1989.5 82 9.05539
1990.5 68 8.24621
1991.5 84 9.16515
1992.5 61 7.81025
1993.5 82 9.05539
1994.5 62 7.87401
1995.5 57 7.54983
1996.5 70 8.3666
1997.5 65 8.06226
1998.5 62 7.87401
1999.5 66 8.12404
2000.5 69 8.30662
2001.5 76 8.7178
2002.5 61 7.81025
2003.5 64 8
2004.5 64 8
2005.5 79 8.88819
2006.5 61 7.81025
2007.5 67 8.18535
2008.5 69 8.30662
2009.5 71 8.42615
2010.5 75 8.66025
2011.5 74 8.60233
2012.5 67 8.18535
2013.5 70 8.3666
2014.5 66 8.12404
2015.5 73 8.544
2016.5 81 9
2017.5 64 8
2018.5 70 8.3666
2019.5 77 8.77496
2020.5 67 8.18535
2021.5 67 8.18535
2022.5 73 8.544
2023.5 63 7.93725
2024.5 65 8.06226
2025.5 81 9
2026.5 68 8.24621
2027.5 71 8.42615
2028.5 72 8.48528
2029.5 72 8.48528
2030.5 67 8.18535
2031.5 69 8.30662
2032.5 62 7.87401
2033.5 61 7.81025
2034.5 63 7.93725
2035.5 62 7.87401
2036.5 60 7.74597
2037.5 68 8.24621
2038.5 77 8.77496
2039.5 81 9
2040.5 67 8.18535
2041.5 78 8.83176
2042.5 75 8.66025
2043.5 69 8.30662
2044.5 88 9.38083
2045.5 77 8.77496
2046.5 73 8.544
2047.5 65 8.06226
2048.5 75 8.66025
2049.5 66 8.12404
2050.5 69 8.30662
2051.5 61 7.81025
2052.5 70 8.3666
2053.5 70 8.3666
2054.5 72 8.48528
2055.5 68 8.24621
2056.5 53 7.28011
2057.5 66 8.12404
2058.5 67 8.18535
2059.5 80 8.94427
2060.5 72 8.48528
2061.5 63 7.93725
2062.5 57 7.54983
2063.5 63 7.93725
2064.5 63 7.93725
2065.5 64 8
2066.5 67 8.18535
2067.5 67 8.18535
2068.5 65 8.06226
2069.5 63 7.93725
2070.5 56 7.48331
2071.5 62 7.87401
2072.5 52 7.2111
2073.5 67 8.18535
2074.5 68 8.24621
2075.5 63 7.93725
2076.5 69 8.30662
2077.5 97 9.84886
2078.5 57 7.54983
2079.5 81 9
2080.5 59 7.68115
2081.5 61 7.81025
2082.5 76 8.7178
2083.5 60 7.74597
2084.5 57 7.54983
2085.5 61 7.81025
2086.5 53 7.28011
2087.5 65 8.06226
2088.5 62 7.87401
2089.5 63 7.93725
2090.5 74 8.60233
2091.5 69 8.30662
2092.5 73 8.544
2093.5 73 8.544
2094.5 55 7.4162
2095.5 65 8.06226
2096.5 69 8.30662
2097.5 64 8
2098.5 61 7.81025
2099.5 67 8.18535
2100.5 72 8.48528
2101.5 70 8.3666
2102.5 63 7.93725
2103.5 62 7.87401
2104.5 66 8.12404
2105.5 76 8.7178
2106.5 54 7.34847
2107.5 64 8
2108.5 54 7.34847
2109.5 77 8.77496
2110.5 62 7.87401
2111.5 62 7.87401
2112.5 70 8.3666
2113.5 59 7.68115
2114.5 69 8.30662
2115.5 70 8.3666
2116.5 61 7.81025
2117.5 78 8.83176
2118.5 56 7.48331
2119.5 73 8.544
2120.5 55 7.4162
2121.5 48 6.9282
2122.5 67 8.18535
2123.5 63 7.93725
2124.5 57 7.54983
2125.5 47 6.85565
2126.5 60 7.74597
2127.5 68 8.24621
2128.5 62 7.87401
2129.5 67 8.18535
2130.5 45 6.7082
2131.5 57 7.54983
2132.5 67 8.18535
2133.5 60 7.74597
2134.5 57 7.54983
2135.5 53 7.28011
2136.5 65 8.06226
2137.5 53 7.28011
2138.5 54 7.34847
2139.5 57 7.54983
2140.5 46 6.78233
2141.5 67 8.18535
2142.5 52 7.2111
2143.5 59 7.68115
2144.5 70 8.3666
2145.5 76 8.7178
2146.5 66 8.12404
2147.5 54 7.34847
2148.5 69 8.30662
2149.5 61 7.81025
2150.5 59 7.68115
2151.5 71 8.42615
2152.5 60 7.74597
2153.5 71 8.42615
2154.5 64 8
2155.5 54 7.34847
2156.5 65 8.06226
2157.5 61 7.81025
2158.5 65 8.06226
2159.5 67 8.18535
2160.5 60 7.74597
2161.5 65 8.06226
2162.5 73 8.544
2163.5 78 8.83176
2164.5 65 8.06226
2165.5 55 7.4162
2166.5 66 8.12404
2167.5 68 8.24621
2168.5 75 8.66025
2169.5 68 8.24621
2170.5 56 7.48331
2171.5 74 8.60233
2172.5 64 8
2173.5 72 8.48528
2174.5 67 8.18535
2175.5 65 8.06226
2176.5 63 7.93725
2177.5 49 7
2178.5 67 8.18535
2179.5 56 7.48331
2180.5 70 8.3666
2181.5 66 8.12404
2182.5 58 7.61577
2183.5 65 8.06226
2184.5 67 8.18535
2185.5 63 7.93725
2186.5 69 8.30662
2187.5 61 7.81025
2188.5 54 7.34847
2189.5 77 8.77496
2190.5 70 8.3666
2191.5 80 8.94427
2192.5 59 7.68115
2193.5 61 7.81025
2194.5 60 7.74597
2195.5 71 8.42615
2196.5 70 8.3666
2197.5 65 8.06226
2198.5 55 7.4162
2199.5 40 6.32456
2200.5 61 7.81025
2201.5 62 7.87401
2202.5 64 8
2203.5 60 7.74597
2204.5 49 7
2205.5 76 8.7178
2206.5 57 7.54983
2207.5 56 7.48331
2208.5 59 7.68115
2209.5 58 7.61577
2210.5 63 7.93725
2211.5 32 5.65685
2212.5 52 7.2111
2213.5 80 8.94427
2214.5 50 7.07107
2215.5 57 7.54983
2216.5 59 7.68115
2217.5 51 7.14143
2218.5 64 8
2219.5 67 8.18535
2220.5 57 7.54983
2221.5 55 7.4162
2222.5 65 8.06226
2223.5 67 8.18535
2224.5 56 7.48331
2225.5 52 7.2111
2226.5 53 7.28011
2227.5 58 7.61577
2228.5 52 7.2111
2229.5 59 7.68115
2230.5 57 7.54983
2231.5 51 7.14143
2232.5 46 6.78233
2233.5 37 6.08276
2234.5 60 7.74597
2235.5 55 7.4162
2236.5 46 6.78233
2237.5 52 7.2111
2238.5 52 7.2111
2239.5 49 7
2240.5 51 7.14143
2241.5 53 7.28011
2242.5 52 7.2111
2243.5 46 6.78233
2244.5 51 7.14143
2245.5 56 7.48331
2246.5 59 7.68115
2247.5 46 6.78233
2248.5 47 6.85565
2249.5 51 7.14143
2250.5 57 7.54983
2251.5 44 6.63325
2252.5 47 6.85565
2253.5 41 6.40312
2254.5 57 7.54983
2255.5 45 6.7082
2256.5 48 6.9282
2257.5 53 7.28011
2258.5 51 7.14143
2259.5 56 7.48331
2260.5 42 6.48074
2261.5 62 7.87401
2262.5 59 7.68115
2263.5 46 6.78233
2264.5 47 6.85565
2265.5 63 7.93725
2266.5 51 7.14143
2267.5 56 7.48331
2268.5 59 7.68115
2269.5 43 6.55744
2270.5 54 7.34847
2271.5 51 7.14143
2272.5 53 7.28011
2273.5 39 6.245
2274.5 44 6.63325
2275.5 49 7
2276.5 56 7.48331
2277.5 51 7.14143
2278.5 46 6.78233
2279.5 44 6.63325
2280.5 36 6
2281.5 52 7.2111
2282.5 46 6.78233
2283.5 46 6.78233
2284.5 64 8
2285.5 52 7.2111
2286.5 45 6.7082
2287.5 38 6.16441
2288.5 38 6.16441
2289.5 34 5.83095
2290.5 54 7.34847
2291.5 60 7.74597
2292.5 40 6.32456
2293.5 34 5.83095
2294.5 39 6.245
2295.5 47 6.85565
2296.5 46 6.78233
2297.5 56 7.48331
2298.5 52 7.2111
2299.5 42 6.48074
2300.5 49 7
2301.5 53 7.28011
2302.5 49 7
2303.5 51 7.14143
2304.5 53 7.28011
2305.5 49 7
2306.5 52 7.2111
2307.5 45 6.7082
2308.5 44 6.63325
2309.5 50 7.07107
2310.5 49 7
2311.5 45 6.7082
2312.5 38 6.16441
2313.5 53 7.28011
2314.5 41 6.40312
2315.5 50 7.07107
2316.5 49 7
2317.5 58 7.61577
2318.5 54 7.34847
2319.5 46 6.78233
2320.5 46 6.78233
2321.5 45 6.7082
2322.5 46 6.78233
2323.5 43 6.55744
2324.5 47 6.85565
2325.5 40 6.32456
2326.5 45 6.7082
2327.5 41 6.40312
2328.5 49 7
2329.5 53 7.28011
2330.5 42 6.48074
2331.5 43 6.55744
2332.5 38 6.16441
2333.5 51 7.14143
2334.5 45 6.7082
2335.5 47 6.85565
2336.5 57 7.54983
2337.5 47 6.85565
2338.5 44 6.63325
2339.5 44 6.63325
2340.5 40 6.32456
2341.5 50 7.07107
2342.5 51 7.14143
2343.5 61 7.81025
2344.5 52 7.2111
2345.5 47 6.85565
2346.5 51 7.14143
2347.5 45 6.7082
2348.5 42 6.48074
2349.5 43 6.55744
2350.5 48 6.9282
2351.5 39 6.245
2352.5 39 6.245
2353.5 44 6.63325
2354.5 41 6.40312
2355.5 35 5.91608
2356.5 34 5.83095
2357.5 35 5.91608
2358.5 63 7.93725
2359.5 38 6.16441
2360.5 43 6.55744
2361.5 37 6.08276
2362.5 34 5.83095
2363.5 36 6
2364.5 46 6.78233
2365.5 35 5.91608
2366.5 46 6.78233
2367.5 30 5.47723
2368.5 52 7.2111
2369.5 45 6.7082
2370.5 40 6.32456
2371.5 43 6.55744
2372.5 46 6.78233
2373.5 49 7
2374.5 33 5.74456
2375.5 37 6.08276
2376.5 50 7.07107
2377.5 46 6.78233
2378.5 41 6.40312
2379.5 32 5.65685
2380.5 45 6.7082
2381.5 38 6.16441
2382.5 46 6.78233
2383.5 43 6.55744
2384.5 32 5.65685
2385.5 42 6.48074
2386.5 31 5.56776
2387.5 37 6.08276
2388.5 35 5.91608
2389.5 63 7.93725
2390.5 51 7.14143
2391.5 31 5.56776
2392.5 51 7.14143
2393.5 39 6.245
2394.5 39 6.245
2395.5 41 6.40312
2396.5 34 5.83095
2397.5 45 6.7082
2398.5 40 6.32456
2399.5 53 7.28011
2400.5 42 6.48074
2401.5 25 5
2402.5 38 6.16441
2403.5 35 5.91608
2404.5 33 5.74456
2405.5 37 6.08276
2406.5 28 5.2915
2407.5 46 6.78233
2408.5 44 6.63325
2409.5 27 5.19615
2410.5 38 6.16441
2411.5 38 6.16441
2412.5 36 6
2413.5 40 6.32456
2414.5 40 6.32456
2415.5 31 5.56776
2416.5 33 5.74456
2417.5 43 6.55744
2418.5 32 5.65685
2419.5 37 6.08276
2420.5 38 6.16441
2421.5 41 6.40312
2422.5 40 6.32456
2423.5 35 5.91608
2424.5 44 6.63325
2425.5 35 5.91608
2426.5 42 6.48074
2427.5 45 6.7082
2428.5 44 6.63325
2429.5 40 6.32456
2430.5 37 6.08276
2431.5 39 6.245
2432.5 38 6.16441
2433.5 33 5.74456
2434.5 52 7.2111
2435.5 35 5.91608
2436.5 45 6.7082
2437.5 44 6.63325
2438.5 36 6
2439.5 25 5
2440.5 45 6.7082
2441.5 38 6.16441
2442.5 39 6.245
2443.5 34 5.83095
2444.5 29 5.38516
2445.5 45 6.7082
2446.5 24 4.89898
2447.5 36 6
2448.5 28 5.2915
2449.5 33 5.74456
2450.5 37 6.08276
2451.5 42 6.48074
2452.5 36 6
2453.5 22 4.69042
2454.5 38 6.16441
2455.5 40 6.32456
2456.5 36 6
2457.5 45 6.7082
2458.5 48 6.9282
2459.5 34 5.83095
2460.5 44 6.63325
2461.5 41 6.40312
2462.5 35 5.91608
2463.5 47 6.85565
2464.5 35 5.91608
2465.5 42 6.48074
2466.5 38 6.16441
2467.5 40 6.32456
2468.5 35 5.91608
2469.5 26 5.09902
2470.5 40 6.32456
2471.5 35 5.91608
2472.5 40 6.32456
2473.5 30 5.47723
2474.5 36 6
2475.5 35 5.91608
2476.5 33 5.74456
2477.5 40 6.32456
2478.5 37 6.08276
2479.5 25 5
2480.5 38 6.16441
2481.5 33 5.74456
2482.5 29 5.38516
2483.5 51 7.14143
2484.5 32 5.65685
2485.5 31 5.56776
2486.5 35 5.91608
2487.5 31 5.56776
2488.5 30 5.47723
2489.5 36 6
2490.5 33 5.74456
2491.5 37 6.08276
2492.5 36 6
2493.5 23 4.79583
2494.5 26 5.09902
2495.5 37 6.08276
2496.5 37 6.08276
2497.5 31 5.56776
2498.5 39 6.245
2499.5 49 7
2500.5 28 5.2915
2501.5 41 6.40312
2502.5 28 5.2915
2503.5 36 6
2504.5 27 5.19615
2505.5 38 6.16441
2506.5 38 6.16441
2507.5 40 6.32456
2508.5 43 6.55744
2509.5 34 5.83095
2510.5 37 6.08276
2511.5 23 4.79583
2512.5 42 6.48074
2513.5 48 6.9282
2514.5 39 6.245
2515.5 42 6.48074
2516.5 37 6.08276
2517.5 42 6.48074
2518.5 28 5.2915
2519.5 37 6.08276
2520.5 45 6.7082
2521.5 43 6.55744
2522.5 36 6
2523.5 26 5.09902
2524.5 39 6.245
2525.5 46 6.78233
2526.5 46 6.78233
2527.5 36 6
2528.5 44 6.63325
2529.5 32 5.65685
2530.5 24 4.89898
2531.5 36 6
2532.5 37 6.08276
2533.5 30 5.47723
2534.5 32 5.65685
2535.5 30 5.47723
2536.5 26 5.09902
2537.5 36 6
2538.5 35 5.91608
2539.5 39 6.245
2540.5 31 5.56776
2541.5 23 4.79583
2542.5 30 5.47723
2543.5 28 5.2915
2544.5 31 5.56776
2545.5 35 5.91608
2546.5 37 6.08276
2547.5 26 5.09902
2548.5 35 5.91608
2549.5 36 6
2550.5 45 6.7082
2551.5 24 4.89898
2552.5 29 5.38516
2553.5 33 5.74456
2554.5 45 6.7082
2555.5 30 5.47723
2556.5 23 4.79583
2557.5 37 6.08276
2558.5 32 5.65685
2559.5 35 5.91608
2560.5 36 6
2561.5 38 6.16441
2562.5 30 5.47723
2563.5 40 6.32456
2564.5 49 7
2565.5 28 5.2915
2566.5 36 6
2567.5 30 5.47723
2568.5 35 5.91608
2569.5 31 5.56776
2570.5 31 5.56776
2571.5 31 5.56776
2572.5 27 5.19615
2573.5 33 5.74456
2574.5 26 5.09902
2575.5 39 6.245
2576.5 31 5.56776
2577.5 38 6.16441
2578.5 34 5.83095
2579.5 31 5.56776
2580.5 36 6
2581.5 27 5.19615
2582.5 27 5.19615
2583.5 38 6.16441
2584.5 33 5.74456
2585.5 35 5.91608
2586.5 31 5.56776
2587.5 32 5.65685
2588.5 33 5.74456
2589.5 30 5.47723
2590.5 31 5.56776
2591.5 32 5.65685
2592.5 30 5.47723
2593.5 33 5.74456
2594.5 29 5.38516
2595.5 25 5
2596.5 42 6.48074
2597.5 37 6.08276
2598.5 23 4.79583
2599.5 32 5.65685
2600.5 30 5.47723
2601.5 30 5.47723
2602.5 36 6
2603.5 32 5.65685
2604.5 27 5.19615
2605.5 33 5.74456
2606.5 31 5.56776
2607.5 32 5.65685
2608.5 24 4.89898
2609.5 29 5.38516
2610.5 24 4.89898
2611.5 22 4.69042
2612.5 23 4.79583
2613.5 24 4.89898
2614.5 33 5.74456
2615.5 26 5.09902
2616.5 36 6
2617.5 34 5.83095
2618.5 34 5.83095
2619.5 23 4.79583
2620.5 24 4.89898
2621.5 31 5.56776
2622.5 22 4.69042
2623.5 28 5.2915
2624.5 28 5.2915
2625.5 25 5
2626.5 31 5.56776
2627.5 19 4.3589
2628.5 34 5.83095
2629.5 31 5.56776
2630.5 21 4.58258
2631.5 26 5.09902
2632.5 19 4.3589
2633.5 29 5.38516
2634.5 31 5.56776
2635.5 28 5.2915
2636.5 35 5.91608
2637.5 27 5.19615
2638.5 31 5.56776
2639.5 34 5.83095
2640.5 30 5.47723
2641.5 27 5.19615
2642.5 29 5.38516
2643.5 33 5.74456
2644.5 33 5.74456
2645.5 22 4.69042
2646.5 30 5.47723
2647.5 29 5.38516
2648.5 35 5.91608
2649.5 33 5.74456
2650.5 24 4.89898
2651.5 33 5.74456
2652.5 21 4.58258
2653.5 39 6.245
2654.5 36 6
2655.5 35 5.91608
2656.5 26 5.09902
2657.5 25 5
2658.5 27 5.19615
2659.5 27 5.19615
2660.5 30 5.47723
2661.5 24 4.89898
2662.5 27 5.19615
2663.5 33 5.74456
2664.5 29 5.38516
2665.5 35 5.91608
2666.5 30 5.47723
2667.5 32 5.65685
2668.5 31 5.56776
2669.5 38 6.16441
2670.5 28 5.2915
2671.5 30 5.47723
2672.5 26 5.09902
2673.5 33 5.74456
2674.5 35 5.91608
2675.5 25 5
2676.5 34 5.83095
2677.5 26 5.09902
2678.5 21 4.58258
2679.5 43 6.55744
2680.5 29 5.38516
2681.5 30 5.47723
2682.5 26 5.09902
2683.5 19 4.3589
2684.5 33 5.74456
2685.5 32 5.65685
2686.5 28 5.2915
2687.5 22 4.69042
2688.5 25 5
2689.5 39 6.245
2690.5 27 5.19615
2691.5 16 4
2692.5 25 5
2693.5 33 5.74456
2694.5 36 6
2695.5 26 5.09902
2696.5 28 5.2915
2697.5 26 5.09902
2698.5 23 4.79583
2699.5 36 6
2700.5 22 4.69042
2701.5 29 5.38516
2702.5 24 4.89898
2703.5 38 6.16441
2704.5 27 5.19615
2705.5 26 5.09902
2706.5 22 4.69042
2707.5 31 5.56776
2708.5 25 5
2709.5 24 4.89898
2710.5 31 5.56776
2711.5 34 5.83095
2712.5 27 5.19615
2713.5 32 5.65685
2714.5 31 5.56776
2715.5 20 4.47214
2716.5 21 4.58258
2717.5 21 4.58258
2718.5 20 4.47214
2719.5 19 4.3589
2720.5 21 4.58258
2721.5 18 4.24264
2722.5 26 5.09902
2723.5 26 5.09902
2724.5 26 5.09902
2725.5 26 5.09902
2726.5 20 4.47214
2727.5 31 5.56776
2728.5 25 5
2729.5 21 4.58258
2730.5 24 4.89898
2731.5 23 4.79583
2732.5 24 4.89898
2733.5 21 4.58258
2734.5 25 5
2735.5 27 5.19615
2736.5 27 5.19615
2737.5 18 4.24264
2738.5 25 5
2739.5 28 5.2915
2740.5 28 5.2915
2741.5 21 4.58258
2742.5 24 4.89898
2743.5 25 5
2744.5 29 5.38516
2745.5 34 5.83095
2746.5 28 5.2915
2747.5 23 4.79583
2748.5 38 6.16441
2749.5 28 5.2915
2750.5 25 5
2751.5 30 5.47723
2752.5 25 5
2753.5 32 5.65685
2754.5 43 6.55744
2755.5 28 5.2915
2756.5 38 6.16441
2757.5 29 5.38516
2758.5 30 5.47723
2759.5 30 5.47723
2760.5 41 6.40312
2761.5 33 5.74456
2762.5 38 6.16441
2763.5 53 7.28011
2764.5 56 7.48331
2765.5 52 7.2111
2766.5 45 6.7082
2767.5 57 7.54983
2768.5 50 7.07107
2769.5 55 7.4162
2770.5 59 7.68115
2771.5 74 8.60233
2772.5 58 7.61577
2773.5 70 8.3666
2774.5 55 7.4162
2775.5 60 7.74597
2776.5 70 8.3666
2777.5 57 7.54983
2778.5 70 8.3666
2779.5 42 6.48074
2780.5 42 6.48074
2781.5 47 6.85565
2782.5 44 6.63325
2783.5 39 6.245
2784.5 37 6.08276
2785.5 50 7.07107
2786.5 32 5.65685
2787.5 39 6.245
2788.5 34 5.83095
2789.5 30 5.47723
2790.5 39 6.245
2791.5 34 5.83095
2792.5 38 6.16441
2793.5 29 5.38516
2794.5 33 5.74456
2795.5 22 4.69042
2796.5 34 5.83095
2797.5 31 5.56776
2798.5 26 5.09902
2799.5 28 5.2915
2800.5 30 5.47723
2801.5 23 4.79583
2802.5 26 5.09902
2803.5 24 4.89898
2804.5 26 5.09902
2805.5 26 5.09902
2806.5 20 4.47214
2807.5 16 4
2808.5 31 5.56776
2809.5 26 5.09902
2810.5 31 5.56776
2811.5 27 5.19615
2812.5 22 4.69042
2813.5 28 5.2915
2814.5 32 5.65685
2815.5 18 4.24264
2816.5 19 4.3589
2817.5 18 4.24264
2818.5 19 4.3589
2819.5 25 5
2820.5 32 5.65685
2821.5 23 4.79583
2822.5 21 4.58258
2823.5 22 4.69042
2824.5 20 4.47214
2825.5 24 4.89898
2826.5 27 5.19615
2827.5 29 5.38516
2828.5 20 4.47214
2829.5 29 5.38516
2830.5 20 4.47214
2831.5 22 4.69042
2832.5 25 5
2833.5 28 5.2915
2834.5 18 4.24264
2835.5 24 4.89898
2836.5 20 4.47214
2837.5 25 5
2838.5 19 4.3589
2839.5 20 4.47214
2840.5 21 4.58258
2841.5 20 4.47214
2842.5 20 4.47214
2843.5 21 4.58258
2844.5 30 5.47723
2845.5 23 4.79583
2846.5 25 5
2847.5 15 3.87298
2848.5 25 5
2849.5 21 4.58258
2850.5 18 4.24264
2851.5 20 4.47214
2852.5 22 4.69042
2853.5 31 5.56776
2854.5 13 3.60555
2855.5 17 4.12311
2856.5 21 4.58258
2857.5 15 3.87298
2858.5 22 4.69042
2859.5 24 4.89898
2860.5 26 5.09902
2861.5 16 4
2862.5 23 4.79583
2863.5 32 5.65685
2864.5 23 4.79583
2865.5 22 4.69042
2866.5 18 4.24264
2867.5 20 4.47214
2868.5 23 4.79583
2869.5 22 4.69042
2870.5 24 4.89898
2871.5 19 4.3589
2872.5 18 4.24264
2873.5 22 4.69042
2874.5 16 4
2875.5 21 4.58258
2876.5 26 5.09902
2877.5 32 5.65685
2878.5 25 5
2879.5 17 4.12311
2880.5 18 4.24264
2881.5 18 4.24264
2882.5 22 4.69042
2883.5 26 5.09902
2884.5 25 5
2885.5 27 5.19615
2886.5 22 4.69042
2887.5 27 5.19615
2888.5 20 4.47214
2889.5 24 4.89898
2890.5 19 4.3589
2891.5 16 4
2892.5 20 4.47214
2893.5 20 4.47214
2894.5 26 5.09902
2895.5 24 4.89898
2896.5 24 4.89898
2897.5 25 5
2898.5 21 4.58258
2899.5 28 5.2915
2900.5 29 5.38516
2901.5 27 5.19615
2902.5 17 4.12311
2903.5 20 4.47214
2904.5 27 5.19615
2905.5 22 4.69042
2906.5 20 4.47214
2907.5 28 5.2915
2908.5 18 4.24264
2909.5 28 5.2915
2910.5 17 4.12311
2911.5 27 5.19615
2912.5 24 4.89898
2913.5 23 4.79583
2914.5 21 4.58258
2915.5 21 4.58258
2916.5 20 4.47214
2917.5 19 4.3589
2918.5 17 4.12311
2919.5 20 4.47214
2920.5 21 4.58258
2921.5 25 5
2922.5 26 5.09902
2923.5 22 4.69042
2924.5 16 4
2925.5 18 4.24264
2926.5 23 4.79583
2927.5 19 4.3589
2928.5 19 4.3589
2929.5 20 4.47214
2930.5 11 3.31662
2931.5 12 3.4641
2932.5 19 4.3589
2933.5 32 5.65685
2934.5 19 4.3589
2935.5 18 4.24264
2936.5 22 4.69042
2937.5 16 4
2938.5 17 4.12311
2939.5 19 4.3589
2940.5 19 4.3589
2941.5 23 4.79583
2942.5 16 4
2943.5 17 4.12311
2944.5 14 3.74166
2945.5 11 3.31662
2946.5 15 3.87298
2947.5 21 4.58258
2948.5 13 3.60555
2949.5 23 4.79583
2950.5 16 4
2951.5 23 4.79583
2952.5 22 4.69042
2953.5 18 4.24264
2954.5 32 5.65685
2955.5 17 4.12311
2956.5 11 3.31662
2957.5 18 4.24264
2958.5 20 4.47214
2959.5 21 4.58258
2960.5 20 4.47214
2961.5 21 4.58258
2962.5 24 4.89898
2963.5 18 4.24264
2964.5 17 4.12311
2965.5 22 4.69042
2966.5 15 3.87298
2967.5 22 4.69042
2968.5 13 3.60555
2969.5 21 4.58258
2970.5 20 4.47214
2971.5 22 4.69042
2972.5 19 4.3589
2973.5 21 4.58258
2974.5 15 3.87298
2975.5 6 2.44949
2976.5 19 4.3589
2977.5 23 4.79583
2978.5 22 4.69042
2979.5 24 4.89898
2980.5 26 5.09902
2981.5 16 4
2982.5 22 4.69042
2983.5 15 3.87298
2984.5 29 5.38516
2985.5 21 4.58258
2986.5 21 4.58258
2987.5 18 4.24264
2988.5 27 5.19615
2989.5 14 3.74166
2990.5 24 4.89898
2991.5 20 4.47214
2992.5 26 5.09902
2993.5 14 3.74166
2994.5 18 4.24264
2995.5 16 4
2996.5 17 4.12311
2997.5 15 3.87298
2998.5 24 4.89898
2999.5 19 4.3589
3000.5 26 5.09902
3001.5 9 3
3002.5 23 4.79583
3003.5 26 5.09902
3004.5 15 3.87298
3005.5 26 5.09902
3006.5 19 4.3589
3007.5 24 4.89898
3008.5 18 4.24264
3009.5 15 3.87298
3010.5 24 4.89898
3011.5 23 4.79583
3012.5 18 4.24264
3013.5 27 5.19615
3014.5 26 5.09902
3015.5 23 4.79583
3016.5 20 4.47214
3017.5 21 4.58258
3018.5 14 3.74166
3019.5 18 4.24264
3020.5 19 4.3589
3021.5 20 4.47214
3022.5 18 4.24264
3023.5 16 4
3024.5 10 3.16228
3025.5 13 3.60555
3026.5 13 3.60555
3027.5 25 5
3028.5 16 4
3029.5 24 4.89898
3030.5 16 4
3031.5 16 4
3032.5 22 4.69042
3033.5 19 4.3589
3034.5 16 4
3035.5 19 4.3589
3036.5 21 4.58258
3037.5 21 4.58258
3038.5 22 4.69042
3039.5 16 4
3040.5 16 4
3041.5 19 4.3589
3042.5 19 4.3589
3043.5 24 4.89898
3044.5 20 4.47214
3045.5 29 5.38516
3046.5 26 5.09902
3047.5 34 5.83095
3048.5 44 6.63325
3049.5 28 5.2915
3050.5 48 6.9282
3051.5 59 7.68115
3052.5 48 6.9282
3053.5 75 8.66025
3054.5 64 8
3055.5 91 9.53939
3056.5 95 9.74679
3057.5 116 10.7703
3058.5 113 10.6301
3059.5 114 10.6771
3060.5 139 11.7898
3061.5 151 12.2882
3062.5 178 13.3417
3063.5 165 12.8452
3064.5 189 13.7477
3065.5 161 12.6886
3066.5 169 13
3067.5 176 13.2665
3068.5 131 11.4455
3069.5 133 11.5326
3070.5 119 10.9087
3071.5 93 9.64365
3072.5 100 10
3073.5 73 8.544
3074.5 62 7.87401
3075.5 53 7.28011
3076.5 45 6.7082
3077.5 32 5.65685
3078.5 38 6.16441
3079.5 37 6.08276
3080.5 29 5.38516
3081.5 25 5
3082.5 27 5.19615
3083.5 18 4.24264
3084.5 27 5.19615
3085.5 19 4.3589
3086.5 14 3.74166
3087.5 22 4.69042
3088.5 22 4.69042
3089.5 13 3.60555
3090.5 13 3.60555
3091.5 34 5.83095
3092.5 17 4.12311
3093.5 18 4.24264
3094.5 11 3.31662
3095.5 18 4.24264
3096.5 19 4.3589
3097.5 16 4
3098.5 16 4
3099.5 11 3.31662
3100.5 19 4.3589
3101.5 24 4.89898
3102.5 20 4.47214
3103.5 19 4.3589
3104.5 16 4
3105.5 15 3.87298
3106.5 13 3.60555
3107.5 13 3.60555
3108.5 16 4
3109.5 19 4.3589
3110.5 20 4.47214
3111.5 13 3.60555
3112.5 15 3.87298
3113.5 15 3.87298
3114.5 10 3.16228
3115.5 13 3.60555
3116.5 12 3.4641
3117.5 13 3.60555
3118.5 12 3.4641
3119.5 17 4.12311
3120.5 13 3.60555
3121.5 15 3.87298
3122.5 19 4.3589
3123.5 22 4.69042
3124.5 24 4.89898
3125.5 10 3.16228
3126.5 22 4.69042
3127.5 14 3.74166
3128.5 16 4
3129.5 12 3.4641
3130.5 13 3.60555
3131.5 19 4.3589
3132.5 26 5.09902
3133.5 24 4.89898
3134.5 22 4.69042
3135.5 20 4.47214
3136.5 18 4.24264
3137.5 20 4.47214
3138.5 25 5
3139.5 16 4
3140.5 16 4
3141.5 15 3.87298
3142.5 18 4.24264
3143.5 23 4.79583
3144.5 16 4
3145.5 13 3.60555
3146.5 24 4.89898
3147.5 20 4.47214
3148.5 17 4.12311
3149.5 20 4.47214
3150.5 25 5
3151.5 19 4.3589
3152.5 23 4.79583
3153.5 18 4.24264
3154.5 24 4.89898
3155.5 39 6.245
3156.5 37 6.08276
3157.5 35 5.91608
3158.5 49 7
3159.5 61 7.81025
3160.5 58 7.61577
3161.5 96 9.79796
3162.5 102 10.0995
3163.5 125 11.1803
3164.5 162 12.7279
3165.5 182 13.4907
3166.5 201 14.1774
3167.5 260 16.1245
3168.5 279 16.7033
3169.5 347 18.6279
3170.5 385 19.6214
3171.5 405 20.1246
3172.5 499 22.3383
3173.5 539 23.2164
3174.5 599 24.4745
3175.5 709 26.6271
3176.5 770 27.7489
3177.5 862 29.3598
3178.5 897 29.95
3179.5 917 30.282
3180.5 926 30.4302
3181.5 917 30.282
3182.5 879 29.6479
3183.5 805 28.3725
3184.5 688 26.2298
3185.5 617 24.8395
3186.5 524 22.891
3187.5 438 20.9284
3188.5 339 18.412
3189.5 284 16.8523
3190.5 224 14.9666
3191.5 199 14.1067
3192.5 135 11.619
3193.5 117 10.8167
3194.5 78 8.83176
3195.5 73 8.544
3196.5 62 7.87401
3197.5 59 7.68115
3198.5 49 7
3199.5 35 5.91608
3200.5 29 5.38516
3201.5 24 4.89898
3202.5 22 4.69042
3203.5 20 4.47214
3204.5 23 4.79583
3205.5 15 3.87298
3206.5 17 4.12311
3207.5 16 4
3208.5 23 4.79583
3209.5 12 3.4641
3210.5 17 4.12311
3211.5 10 3.16228
3212.5 6 2.44949
3213.5 22 4.69042
3214.5 17 4.12311
3215.5 15 3.87298
3216.5 17 4.12311
3217.5 12 3.4641
3218.5 23 4.79583
3219.5 18 4.24264
3220.5 14 3.74166
3221.5 15 3.87298
3222.5 17 4.12311
3223.5 21 4.58258
3224.5 14 3.74166
3225.5 16 4
3226.5 10 3.16228
3227.5 21 4.58258
3228.5 17 4.12311
3229.5 15 3.87298
3230.5 16 4
3231.5 10 3.16228
3232.5 12 3.4641
3233.5 11 3.31662
3234.5 16 4
3235.5 11 3.31662
3236.5 16 4
3237.5 13 3.60555
3238.5 11 3.31662
3239.5 10 3.16228
3240.5 14 3.74166
3241.5 15 3.87298
3242.5 13 3.60555
3243.5 12 3.4641
3244.5 16 4
3245.5 11 3.31662
3246.5 13 3.60555
3247.5 8 2.82843
3248.5 16 4
3249.5 12 3.4641
3250.5 6 2.44949
3251.5 15 3.87298
3252.5 12 3.4641
3253.5 18 4.24264
3254.5 14 3.74166
3255.5 18 4.24264
3256.5 16 4
3257.5 13 3.60555
3258.5 12 3.4641
3259.5 12 3.4641
3260.5 3 1.73205
3261.5 9 3
3262.5 17 4.12311
3263.5 11 3.31662
3264.5 11 3.31662
3265.5 9 3
3266.5 17 4.12311
3267.5 7 2.64575
3268.5 8 2.82843
3269.5 14 3.74166
3270.5 14 3.74166
3271.5 18 4.24264
3272.5 14 3.74166
3273.5 13 3.60555
3274.5 13 3.60555
3275.5 13 3.60555
3276.5 15 3.87298
3277.5 10 3.16228
3278.5 15 3.87298
3279.5 12 3.4641
3280.5 14 3.74166
3281.5 10 3.16228
3282.5 13 3.60555
3283.5 12 3.4641
3284.5 13 3.60555
3285.5 17 4.12311
3286.5 18 4.24264
3287.5 13 3.60555
3288.5 13 3.60555
3289.5 10 3.16228
3290.5 12 3.4641
3291.5 16 4
3292.5 11 3.31662
3293.5 12 3.4641
3294.5 15 3.87298
3295.5 21 4.58258
3296.5 10 3.16228
3297.5 17 4.12311
3298.5 17 4.12311
3299.5 23 4.79583
3300.5 16 4
3301.5 14 3.74166
3302.5 25 5
3303.5 25 5
3304.5 27 5.19615
3305.5 25 5
3306.5 23 4.79583
3307.5 27 5.19615
3308.5 17 4.12311
3309.5 16 4
3310.5 19 4.3589
3311.5 23 4.79583
3312.5 20 4.47214
3313.5 12 3.4641
3314.5 15 3.87298
3315.5 22 4.69042
3316.5 20 4.47214
3317.5 14 3.74166
3318.5 12 3.4641
3319.5 17 4.12311
3320.5 17 4.12311
3321.5 19 4.3589
3322.5 13 3.60555
3323.5 11 3.31662
3324.5 6 2.44949
3325.5 20 4.47214
3326.5 10 3.16228
3327.5 10 3.16228
3328.5 15 3.87298
3329.5 10 3.16228
3330.5 19 4.3589
3331.5 10 3.16228
3332.5 18 4.24264
3333.5 17 4.12311
3334.5 16 4
3335.5 14 3.74166
3336.5 7 2.64575
3337.5 14 3.74166
3338.5 6 2.44949
3339.5 11 3.31662
3340.5 11 3.31662
3341.5 10 3.16228
3342.5 11 3.31662
3343.5 14 3.74166
3344.5 8 2.82843
3345.5 11 3.31662
3346.5 10 3.16228
3347.5 7 2.64575
3348.5 11 3.31662
3349.5 11 3.31662
3350.5 13 3.60555
3351.5 9 3
3352.5 14 3.74166
3353.5 9 3
3354.5 8 2.82843
3355.5 19 4.3589
3356.5 11 3.31662
3357.5 14 3.74166
3358.5 9 3
3359.5 6 2.44949
3360.5 9 3
3361.5 7 2.64575
3362.5 10 3.16228
3363.5 12 3.4641
3364.5 5 2.23607
3365.5 13 3.60555
3366.5 13 3.60555
3367.5 8 2.82843
3368.5 9 3
3369.5 8 2.82843
3370.5 10 3.16228
3371.5 9 3
3372.5 8 2.82843
3373.5 13 3.60555
3374.5 12 3.4641
3375.5 16 4
3376.5 6 2.44949
3377.5 12 3.4641
3378.5 15 3.87298
3379.5 15 3.87298
3380.5 14 3.74166
3381.5 13 3.60555
3382.5 11 3.31662
3383.5 10 3.16228
3384.5 7 2.64575
3385.5 7 2.64575
3386.5 12 3.4641
3387.5 15 3.87298
3388.5 10 3.16228
3389.5 11 3.31662
3390.5 8 2.82843
3391.5 6 2.44949
3392.5 11 3.31662
3393.5 4 2
3394.5 11 3.31662
3395.5 14 3.74166
3396.5 12 3.4641
3397.5 9 3
3398.5 13 3.60555
3399.5 16 4
3400.5 10 3.16228
3401.5 10 3.16228
3402.5 13 3.60555
3403.5 18 4.24264
3404.5 19 4.3589
3405.5 15 3.87298
3406.5 11 3.31662
3407.5 13 3.60555
3408.5 10 3.16228
3409.5 21 4.58258
3410.5 8 2.82843
3411.5 12 3.4641
3412.5 12 3.4641
3413.5 11 3.31662
3414.5 10 3.16228
3415.5 11 3.31662
3416.5 20 4.47214
3417.5 15 3.87298
3418.5 14 3.74166
3419.5 14 3.74166
3420.5 13 3.60555
3421.5 10 3.16228
3422.5 12 3.4641
3423.5 6 2.44949
3424.5 16 4
3425.5 11 3.31662
3426.5 14 3.74166
3427.5 10 3.16228
3428.5 12 3.4641
3429.5 9 3
3430.5 12 3.4641
3431.5 11 3.31662
3432.5 12 3.4641
3433.5 12 3.4641
3434.5 5 2.23607
3435.5 12 3.4641
3436.5 16 4
3437.5 12 3.4641
3438.5 14 3.74166
3439.5 14 3.74166
3440.5 15 3.87298
3441.5 9 3
3442.5 7 2.64575
3443.5 11 3.31662
3444.5 11 3.31662
3445.5 13 3.60555
3446.5 13 3.60555
3447.5 11 3.31662
3448.5 8 2.82843
3449.5 10 3.16228
3450.5 9 3
3451.5 7 2.64575
3452.5 11 3.31662
3453.5 9 3
3454.5 11 3.31662
3455.5 12 3.4641
3456.5 12 3.4641
3457.5 8 2.82843
3458.5 9 3
3459.5 10 3.16228
3460.5 14 3.74166
3461.5 15 3.87298
3462.5 12 3.4641
3463.5 19 4.3589
3464.5 9 3
3465.5 13 3.60555
3466.5 16 4
3467.5 11 3.31662
3468.5 11 3.31662
3469.5 7 2.64575
3470.5 13 3.60555
3471.5 13 3.60555
3472.5 9 3
3473.5 7 2.64575
3474.5 5 2.23607
3475.5 14 3.74166
3476.5 16 4
3477.5 12 3.4641
3478.5 12 3.4641
3479.5 10 3.16228
3480.5 14 3.74166
3481.5 13 3.60555
3482.5 15 3.87298
3483.5 17 4.12311
3484.5 12 3.4641
3485.5 10 3.16228
3486.5 16 4
3487.5 6 2.44949
3488.5 9 3
3489.5 18 4.24264
3490.5 14 3.74166
3491.5 11 3.31662
3492.5 15 3.87298
3493.5 13 3.60555
3494.5 8 2.82843
3495.5 11 3.31662
3496.5 13 3.60555
3497.5 8 2.82843
3498.5 9 3
3499.5 11 3.31662
3500.5 14 3.74166
3501.5 13 3.60555
3502.5 12 3.4641
3503.5 14 3.74166
3504.5 11 3.31662
3505.5 11 3.31662
3506.5 7 2.64575
3507.5 12 3.4641
3508.5 16 4
3509.5 10 3.16228
3510.5 11 3.31662
3511.5 14 3.74166
3512.5 13 3.60555
3513.5 16 4
3514.5 9 3
3515.5 8 2.82843
3516.5 19 4.3589
3517.5 11 3.31662
3518.5 10 3.16228
3519.5 11 3.31662
3520.5 8 2.82843
3521.5 17 4.12311
3522.5 12 3.4641
3523.5 13 3.60555
3524.5 11 3.31662
3525.5 8 2.82843
3526.5 10 3.16228
3527.5 16 4
3528.5 9 3
3529.5 19 4.3589
3530.5 8 2.82843
3531.5 13 3.60555
3532.5 13 3.60555
3533.5 9 3
3534.5 5 2.23607
3535.5 12 3.4641
3536.5 13 3.60555
3537.5 18 4.24264
3538.5 9 3
3539.5 11 3.31662
3540.5 15 3.87298
3541.5 16 4
3542.5 13 3.60555
3543.5 13 3.60555
3544.5 16 4
3545.5 13 3.60555
3546.5 8 2.82843
3547.5 14 3.74166
3548.5 17 4.12311
3549.5 14 3.74166
3550.5 8 2.82843
3551.5 11 3.31662
3552.5 16 4
3553.5 15 3.87298
3554.5 14 3.74166
3555.5 8 2.82843
3556.5 10 3.16228
3557.5 12 3.4641
3558.5 13 3.60555
3559.5 10 3.16228
3560.5 16 4
3561.5 11 3.31662
3562.5 7 2.64575
3563.5 9 3
3564.5 6 2.44949
3565.5 13 3.60555
3566.5 9 3
3567.5 10 3.16228
3568.5 12 3.4641
3569.5 12 3.4641
3570.5 12 3.4641
3571.5 10 3.16228
3572.5 10 3.16228
3573.5 11 3.31662
3574.5 11 3.31662
3575.5 6 2.44949
3576.5 17 4.12311
3577.5 13 3.60555
3578.5 14 3.74166
3579.5 9 3
3580.5 14 3.74166
3581.5 17 4.12311
3582.5 11 3.31662
3583.5 15 3.87298
3584.5 12 3.4641
3585.5 14 3.74166
3586.5 15 3.87298
3587.5 11 3.31662
3588.5 13 3.60555
3589.5 19 4.3589
3590.5 16 4
3591.5 15 3.87298
3592.5 15 3.87298
3593.5 15 3.87298
3594.5 5 2.23607
3595.5 10 3.16228
3596.5 13 3.60555
3597.5 13 3.60555
3598.5 18 4.24264
3599.5 18 4.24264
3600.5 11 3.31662
3601.5 13 3.60555
3602.5 15 3.87298
3603.5 11 3.31662
3604.5 13 3.60555
3605.5 17 4.12311
3606.5 16 4
3607.5 12 3.4641
3608.5 18 4.24264
3609.5 5 2.23607
3610.5 12 3.4641
3611.5 11 3.31662
3612.5 6 2.44949
3613.5 14 3.74166
3614.5 12 3.4641
3615.5 12 3.4641
3616.5 7 2.64575
3617.5 9 3
3618.5 14 3.74166
3619.5 15 3.87298
3620.5 11 3.31662
3621.5 8 2.82843
3622.5 15 3.87298
3623.5 13 3.60555
3624.5 20 4.47214
3625.5 15 3.87298
3626.5 9 3
3627.5 10 3.16228
3628.5 8 2.82843
3629.5 8 2.82843
3630.5 9 3
3631.5 6 2.44949
3632.5 17 4.12311
3633.5 13 3.60555
3634.5 13 3.60555
3635.5 10 3.16228
3636.5 8 2.82843
3637.5 15 3.87298
3638.5 10 3.16228
3639.5 4 2
3640.5 7 2.64575
3641.5 10 3.16228
3642.5 16 4
3643.5 10 3.16228
3644.5 9 3
3645.5 10 3.16228
3646.5 12 3.4641
3647.5 10 3.16228
3648.5 13 3.60555
3649.5 11 3.31662
3650.5 7 2.64575
3651.5 17 4.12311
3652.5 11 3.31662
3653.5 15 3.87298
3654.5 11 3.31662
3655.5 15 3.87298
3656.5 8 2.82843
3657.5 11 3.31662
3658.5 9 3
3659.5 11 3.31662
3660.5 14 3.74166
3661.5 14 3.74166
3662.5 6 2.44949
3663.5 6 2.44949
3664.5 5 2.23607
3665.5 9 3
3666.5 18 4.24264
3667.5 9 3
3668.5 11 3.31662
3669.5 13 3.60555
3670.5 12 3.4641
3671.5 14 3.74166
3672.5 10 3.16228
3673.5 14 3.74166
3674.5 8 2.82843
3675.5 12 3.4641
3676.5 13 3.60555
3677.5 18 4.24264
3678.5 10 3.16228
3679.5 12 3.4641
3680.5 10 3.16228
3681.5 11 3.31662
3682.5 16 4
3683.5 12 3.4641
3684.5 11 3.31662
3685.5 18 4.24264
3686.5 10 3.16228
3687.5 8 2.82843
3688.5 15 3.87298
3689.5 10 3.16228
3690.5 6 2.44949
3691.5 11 3.31662
3692.5 11 3.31662
3693.5 17 4.12311
3694.5 4 2
3695.5 10 3.16228
3696.5 13 3.60555
3697.5 10 3.16228
3698.5 6 2.44949
3699.5 6 2.44949
3700.5 12 3.4641
3701.5 12 3.4641
3702.5 12 3.4641
3703.5 17 4.12311
3704.5 18 4.24264
3705.5 9 3
3706.5 14 3.74166
3707.5 6 2.44949
3708.5 12 3.4641
3709.5 10 3.16228
3710.5 20 4.47214
3711.5 12 3.4641
3712.5 10 3.16228
3713.5 5 2.23607
3714.5 8 2.82843
3715.5 10 3.16228
3716.5 16 4
3717.5 11 3.31662
3718.5 13 3.60555
3719.5 19 4.3589
3720.5 11 3.31662
3721.5 9 3
3722.5 13 3.60555
3723.5 13 3.60555
3724.5 8 2.82843
3725.5 12 3.4641
3726.5 7 2.64575
3727.5 17 4.12311
3728.5 12 3.4641
3729.5 5 2.23607
3730.5 11 3.31662
3731.5 17 4.12311
3732.5 6 2.44949
3733.5 10 3.16228
3734.5 18 4.24264
3735.5 9 3
3736.5 13 3.60555
3737.5 14 3.74166
3738.5 15 3.87298
3739.5 15 3.87298
3740.5 12 3.4641
3741.5 14 3.74166
3742.5 8 2.82843
3743.5 10 3.16228
3744.5 11 3.31662
3745.5 11 3.31662
3746.5 9 3
3747.5 9 3
3748.5 8 2.82843
3749.5 13 3.60555
3750.5 12 3.4641
3751.5 9 3
3752.5 10 3.16228
3753.5 12 3.4641
3754.5 8 2.82843
3755.5 17 4.12311
3756.5 10 3.16228
3757.5 12 3.4641
3758.5 14 3.74166
3759.5 8 2.82843
3760.5 9 3
3761.5 8 2.82843
3762.5 15 3.87298
3763.5 15 3.87298
3764.5 12 3.4641
3765.5 14 3.74166
3766.5 13 3.60555
3767.5 11 3.31662
3768.5 10 3.16228
3769.5 9 3
3770.5 8 2.82843
3771.5 11 3.31662
3772.5 8 2.82843
3773.5 11 3.31662
3774.5 16 4
3775.5 8 2.82843
3776.5 9 3
3777.5 10 3.16228
3778.5 8 2.82843
3779.5 9 3
3780.5 10 3.16228
3781.5 5 2.23607
3782.5 13 3.60555
3783.5 6 2.44949
3784.5 17 4.12311
3785.5 14 3.74166
3786.5 12 3.4641
3787.5 12 3.4641
3788.5 12 3.4641
3789.5 8 2.82843
3790.5 11 3.31662
3791.5 5 2.23607
3792.5 14 3.74166
3793.5 17 4.12311
3794.5 9 3
3795.5 7 2.64575
3796.5 13 3.60555
3797.5 10 3.16228
3798.5 9 3
3799.5 11 3.31662
3800.5 11 3.31662
3801.5 12 3.4641
3802.5 7 2.64575
3803.5 12 3.4641
3804.5 9 3
3805.5 5 2.23607
3806.5 12 3.4641
3807.5 9 3
3808.5 17 4.12311
3809.5 10 3.16228
3810.5 14 3.74166
3811.5 7 2.64575
3812.5 11 3.31662
3813.5 13 3.60555
3814.5 8 2.82843
3815.5 11 3.31662
3816.5 13 3.60555
3817.5 9 3
3818.5 10 3.16228
3819.5 8 2.82843
3820.5 8 2.82843
3821.5 9 3
3822.5 11 3.31662
3823.5 9 3
3824.5 13 3.60555
3825.5 15 3.87298
3826.5 10 3.16228
3827.5 15 3.87298
3828.5 10 3.16228
3829.5 10 3.16228
3830.5 11 3.31662
3831.5 11 3.31662
3832.5 9 3
3833.5 9 3
3834.5 14 3.74166
3835.5 8 2.82843
3836.5 11 3.31662
3837.5 13 3.60555
3838.5 12 3.4641
3839.5 13 3.60555
3840.5 12 3.4641
3841.5 14 3.74166
3842.5 10 3.16228
3843.5 12 3.4641
3844.5 13 3.60555
3845.5 11 3.31662
3846.5 12 3.4641
3847.5 9 3
3848.5 7 2.64575
3849.5 14 3.74166
3850.5 17 4.12311
3851.5 14 3.74166
3852.5 12 3.4641
3853.5 10 3.16228
3854.5 7 2.64575
3855.5 7 2.64575
3856.5 7 2.64575
3857.5 10 3.16228
3858.5 14 3.74166
3859.5 15 3.87298
3860.5 12 3.4641
3861.5 12 3.4641
3862.5 8 2.82843
3863.5 16 4
3864.5 13 3.60555
3865.5 15 3.87298
3866.5 12 3.4641
3867.5 13 3.60555
3868.5 11 3.31662
3869.5 10 3.16228
3870.5 8 2.82843
3871.5 14 3.74166
3872.5 6 2.44949
3873.5 8 2.82843
3874.5 14 3.74166
3875.5 9 3
3876.5 8 2.82843
3877.5 7 2.64575
3878.5 13 3.60555
3879.5 19 4.3589
3880.5 12 3.4641
3881.5 15 3.87298
3882.5 8 2.82843
3883.5 10 3.16228
3884.5 10 3.16228
3885.5 15 3.87298
3886.5 10 3.16228
3887.5 11 3.31662
3888.5 8 2.82843
3889.5 8 2.82843
3890.5 7 2.64575
3891.5 14 3.74166
3892.5 8 2.82843
3893.5 10 3.16228
3894.5 11 3.31662
3895.5 11 3.31662
3896.5 9 3
3897.5 8 2.82843
3898.5 9 3
3899.5 6 2.44949
3900.5 8 2.82843
3901.5 12 3.4641
3902.5 9 3
3903.5 6 2.44949
3904.5 7 2.64575
3905.5 10 3.16228
3906.5 9 3
3907.5 12 3.4641
3908.5 17 4.12311
3909.5 13 3.60555
3910.5 12 3.4641
3911.5 6 2.44949
3912.5 11 3.31662
3913.5 5 2.23607
3914.5 10 3.16228
3915.5 6 2.44949
3916.5 5 2.23607
3917.5 10 3.16228
3918.5 14 3.74166
3919.5 7 2.64575
3920.5 12 3.4641
3921.5 4 2
3922.5 17 4.12311
3923.5 7 2.64575
3924.5 11 3.31662
3925.5 15 3.87298
3926.5 10 3.16228
3927.5 11 3.31662
3928.5 13 3.60555
3929.5 4 2
3930.5 9 3
3931.5 10 3.16228
3932.5 11 3.31662
3933.5 9 3
3934.5 11 3.31662
3935.5 16 4
3936.5 14 3.74166
3937.5 13 3.60555
3938.5 8 2.82843
3939.5 9 3
3940.5 14 3.74166
3941.5 10 3.16228
3942.5 13 3.60555
3943.5 16 4
3944.5 9 3
3945.5 15 3.87298
3946.5 8 2.82843
3947.5 11 3.31662
3948.5 10 3.16228
3949.5 18 4.24264
3950.5 7 2.64575
3951.5 12 3.4641
3952.5 12 3.4641
3953.5 7 2.64575
3954.5 11 3.31662
3955.5 6 2.44949
3956.5 8 2.82843
3957.5 11 3.31662
3958.5 15 3.87298
3959.5 9 3
3960.5 5 2.23607
3961.5 10 3.16228
3962.5 6 2.44949
3963.5 10 3.16228
3964.5 12 3.4641
3965.5 3 1.73205
3966.5 13 3.60555
3967.5 5 2.23607
3968.5 12 3.4641
3969.5 13 3.60555
3970.5 10 3.16228
3971.5 8 2.82843
3972.5 9 3
3973.5 14 3.74166
3974.5 6 2.44949
3975.5 7 2.64575
3976.5 6 2.44949
3977.5 6 2.44949
3978.5 15 3.87298
3979.5 4 2
3980.5 10 3.16228
3981.5 7 2.64575
3982.5 13 3.60555
3983.5 7 2.64575
3984.5 13 3.60555
3985.5 6 2.44949
3986.5 10 3.16228
3987.5 6 2.44949
3988.5 8 2.82843
3989.5 7 2.64575
3990.5 10 3.16228
3991.5 8 2.82843
3992.5 6 2.44949
3993.5 7 2.64575
3994.5 16 4
3995.5 13 3.60555
3996.5 9 3
3997.5 5 2.23607
3998.5 9 3
3999.5 15 3.87298
4000.5 7 2.64575
4001.5 12 3.4641
4002.5 11 3.31662
4003.5 8 2.82843
4004.5 15 3.87298
4005.5 13 3.60555
4006.5 12 3.4641
4007.5 8 2.82843
4008.5 15 3.87298
4009.5 12 3.4641
4010.5 10 3.16228
4011.5 11 3.31662
4012.5 15 3.87298
4013.5 12 3.4641
4014.5 12 3.4641
4015.5 8 2.82843
4016.5 8 2.82843
4017.5 12 3.4641
4018.5 9 3
4019.5 13 3.60555
4020.5 16 4
4021.5 10 3.16228
4022.5 8 2.82843
4023.5 11 3.31662
4024.5 13 3.60555
4025.5 6 2.44949
4026.5 3 1.73205
4027.5 14 3.74166
4028.5 6 2.44949
4029.5 7 2.64575
4030.5 6 2.44949
4031.5 11 3.31662
4032.5 10 3.16228
4033.5 12 3.4641
4034.5 19 4.3589
4035.5 4 2
4036.5 11 3.31662
4037.5 6 2.44949
4038.5 11 3.31662
4039.5 8 2.82843
4040.5 9 3
4041.5 8 2.82843
4042.5 7 2.64575
4043.5 9 3
4044.5 12 3.4641
4045.5 7 2.64575
4046.5 11 3.31662
4047.5 9 3
4048.5 7 2.64575
4049.5 7 2.64575
4050.5 9 3
4051.5 10 3.16228
4052.5 7 2.64575
4053.5 11 3.31662
4054.5 8 2.82843
4055.5 4 2
4056.5 6 2.44949
4057.5 7 2.64575
4058.5 6 2.44949
4059.5 7 2.64575
4060.5 6 2.44949
4061.5 7 2.64575
4062.5 11 3.31662
4063.5 7 2.64575
4064.5 6 2.44949
4065.5 5 2.23607
4066.5 7 2.64575
4067.5 10 3.16228
4068.5 11 3.31662
4069.5 10 3.16228
4070.5 10 3.16228
4071.5 10 3.16228
4072.5 9 3
4073.5 11 3.31662
4074.5 7 2.64575
4075.5 11 3.31662
4076.5 8 2.82843
4077.5 3 1.73205
4078.5 8 2.82843
4079.5 17 4.12311
4080.5 9 3
4081.5 14 3.74166
4082.5 17 4.12311
4083.5 12 3.4641
4084.5 8 2.82843
4085.5 8 2.82843
4086.5 9 3
4087.5 12 3.4641
4088.5 9 3
4089.5 14 3.74166
4090.5 12 3.4641
4091.5 9 3
4092.5 11 3.31662
4093.5 10 3.16228
4094.5 15 3.87298
4095.5 9 3
4096.5 10 3.16228
4097.5 8 2.82843
4098.5 8 2.82843
4099.5 10 3.16228
4100.5 11 3.31662
4101.5 9 3
4102.5 7 2.64575
4103.5 4 2
4104.5 17 4.12311
4105.5 8 2.82843
4106.5 10 3.16228
4107.5 12 3.4641
4108.5 13 3.60555
4109.5 11 3.31662
4110.5 13 3.60555
4111.5 5 2.23607
4112.5 10 3.16228
4113.5 13 3.60555
4114.5 13 3.60555
4115.5 7 2.64575
4116.5 7 2.64575
4117.5 10 3.16228
4118.5 8 2.82843
4119.5 12 3.4641
4120.5 14 3.74166
4121.5 11 3.31662
4122.5 10 3.16228
4123.5 4 2
4124.5 10 3.16228
4125.5 10 3.16228
4126.5 8 2.82843
4127.5 8 2.82843
4128.5 13 3.60555
4129.5 10 3.16228
4130.5 7 2.64575
4131.5 8 2.82843
4132.5 10 3.16228
4133.5 8 2.82843
4134.5 10 3.16228
4135.5 14 3.74166
4136.5 14 3.74166
4137.5 8 2.82843
4138.5 10 3.16228
4139.5 6 2.44949
4140.5 12 3.4641
4141.5 17 4.12311
4142.5 7 2.64575
4143.5 9 3
4144.5 8 2.82843
4145.5 15 3.87298
4146.5 8 2.82843
4147.5 11 3.31662
4148.5 16 4
4149.5 9 3
4150.5 9 3
4151.5 6 2.44949
4152.5 10 3.16228
4153.5 5 2.23607
4154.5 12 3.4641
4155.5 6 2.44949
4156.5 11 3.31662
4157.5 6 2.44949
4158.5 8 2.82843
4159.5 8 2.82843
4160.5 9 3
4161.5 7 2.64575
4162.5 9 3
4163.5 12 3.4641
4164.5 11 3.31662
4165.5 8 2.82843
4166.5 8 2.82843
4167.5 11 3.31662
4168.5 8 2.82843
4169.5 5 2.23607
4170.5 16 4
4171.5 12 3.4641
4172.5 8 2.82843
4173.5 17 4.12311
4174.5 12 3.4641
4175.5 9 3
4176.5 8 2.82843
4177.5 10 3.16228
4178.5 12 3.4641
4179.5 11 3.31662
4180.5 10 3.16228
4181.5 9 3
4182.5 6 2.44949
4183.5 7 2.64575
4184.5 4 2
4185.5 12 3.4641
4186.5 7 2.64575
4187.5 13 3.60555
4188.5 8 2.82843
4189.5 13 3.60555
4190.5 10 3.16228
4191.5 9 3
4192.5 13 3.60555
4193.5 5 2.23607
4194.5 11 3.31662
4195.5 13 3.60555
4196.5 12 3.4641
4197.5 9 3
4198.5 8 2.82843
4199.5 13 3.60555
4200.5 8 2.82843
4201.5 8 2.82843
4202.5 8 2.82843
4203.5 10 3.16228
4204.5 9 3
4205.5 10 3.16228
4206.5 14 3.74166
4207.5 8 2.82843
4208.5 4 2
4209.5 9 3
4210.5 12 3.4641
4211.5 9 3
4212.5 8 2.82843
4213.5 11 3.31662
4214.5 4 2
4215.5 11 3.31662
4216.5 9 3
4217.5 9 3
4218.5 11 3.31662
4219.5 10 3.16228
4220.5 8 2.82843
4221.5 10 3.16228
4222.5 12 3.4641
4223.5 10 3.16228
4224.5 10 3.16228
4225.5 13 3.60555
4226.5 12 3.4641
4227.5 9 3
4228.5 10 3.16228
4229.5 8 2.82843
4230.5 6 2.44949
4231.5 13 3.60555
4232.5 7 2.64575
4233.5 9 3
4234.5 7 2.64575
4235.5 8 2.82843
4236.5 14 3.74166
4237.5 9 3
4238.5 10 3.16228
4239.5 11 3.31662
4240.5 13 3.60555
4241.5 13 3.60555
4242.5 7 2.64575
4243.5 11 3.31662
4244.5 6 2.44949
4245.5 12 3.4641
4246.5 2 1.41421
4247.5 9 3
4248.5 10 3.16228
4249.5 4 2
4250.5 5 2.23607
4251.5 11 3.31662
4252.5 9 3
4253.5 20 4.47214
4254.5 7 2.64575
4255.5 5 2.23607
4256.5 9 3
4257.5 8 2.82843
4258.5 13 3.60555
4259.5 10 3.16228
4260.5 7 2.64575
4261.5 9 3
4262.5 15 3.87298
4263.5 12 3.4641
4264.5 17 4.12311
4265.5 12 3.4641
4266.5 12 3.4641
4267.5 7 2.64575
4268.5 7 2.64575
4269.5 11 3.31662
4270.5 12 3.4641
4271.5 7 2.64575
4272.5 11 3.31662
4273.5 13 3.60555
4274.5 15 3.87298
4275.5 10 3.16228
4276.5 6 2.44949
4277.5 6 2.44949
4278.5 11 3.31662
4279.5 14 3.74166
4280.5 12 3.4641
4281.5 15 3.87298
4282.5 7 2.64575
4283.5 10 3.16228
4284.5 7 2.64575
4285.5 8 2.82843
4286.5 2 1.41421
4287.5 9 3
4288.5 8 2.82843
4289.5 7 2.64575
4290.5 17 4.12311
4291.5 11 3.31662
4292.5 13 3.60555
4293.5 11 3.31662
4294.5 9 3
4295.5 4 2
4296.5 6 2.44949
4297.5 7 2.64575
4298.5 12 3.4641
4299.5 6 2.44949
4300.5 7 2.64575
4301.5 9 3
4302.5 13 3.60555
4303.5 10 3.16228
4304.5 7 2.64575
4305.5 12 3.4641
4306.5 7 2.64575
4307.5 11 3.31662
4308.5 11 3.31662
4309.5 6 2.44949
4310.5 8 2.82843
4311.5 12 3.4641
4312.5 10 3.16228
4313.5 10 3.16228
4314.5 6 2.44949
4315.5 9 3
4316.5 10 3.16228
4317.5 5 2.23607
4318.5 11 3.31662
4319.5 10 3.16228
4320.5 9 3
4321.5 9 3
4322.5 7 2.64575
4323.5 11 3.31662
4324.5 8 2.82843
4325.5 8 2.82843
4326.5 11 3.31662
4327.5 8 2.82843
4328.5 11 3.31662
4329.5 11 3.31662
4330.5 8 2.82843
4331.5 10 3.16228
4332.5 11 3.31662
4333.5 9 3
4334.5 9 3
4335.5 8 2.82843
4336.5 4 2
4337.5 10 3.16228
4338.5 8 2.82843
4339.5 10 3.16228
4340.5 7 2.64575
4341.5 12 3.4641
4342.5 10 3.16228
4343.5 7 2.64575
4344.5 13 3.60555
4345.5 7 2.64575
4346.5 8 2.82843
4347.5 7 2.64575
4348.5 6 2.44949
4349.5 14 3.74166
4350.5 5 2.23607
4351.5 7 2.64575
4352.5 10 3.16228
4353.5 12 3.4641
4354.5 6 2.44949
4355.5 10 3.16228
4356.5 9 3
4357.5 8 2.82843
4358.5 11 3.31662
4359.5 11 3.31662
4360.5 5 2.23607
4361.5 13 3.60555
4362.5 4 2
4363.5 8 2.82843
4364.5 5 2.23607
4365.5 10 3.16228
4366.5 11 3.31662
4367.5 11 3.31662
4368.5 17 4.12311
4369.5 6 2.44949
4370.5 10 3.16228
4371.5 14 3.74166
4372.5 6 2.44949
4373.5 5 2.23607
4374.5 14 3.74166
4375.5 10 3.16228
4376.5 6 2.44949
4377.5 9 3
4378.5 13 3.60555
4379.5 9 3
4380.5 10 3.16228
4381.5 8 2.82843
4382.5 9 3
4383.5 16 4
4384.5 6 2.44949
4385.5 11 3.31662
4386.5 17 4.12311
4387.5 7 2.64575
4388.5 7 2.64575
4389.5 7 2.64575
4390.5 8 2.82843
4391.5 7 2.64575
4392.5 9 3
4393.5 11 3.31662
4394.5 10 3.16228
4395.5 10 3.16228
4396.5 10 3.16228
4397.5 7 2.64575
4398.5 8 2.82843
4399.5 3 1.73205
4400.5 10 3.16228
4401.5 9 3
4402.5 9 3
4403.5 6 2.44949
4404.5 14 3.74166
4405.5 6 2.44949
4406.5 6 2.44949
4407.5 8 2.82843
4408.5 6 2.44949
4409.5 12 3.4641
4410.5 11 3.31662
4411.5 7 2.64575
4412.5 9 3
4413.5 9 3
4414.5 8 2.82843
4415.5 4 2
4416.5 15 3.87298
4417.5 10 3.16228
4418.5 5 2.23607
4419.5 15 3.87298
4420.5 5 2.23607
4421.5 7 2.64575
4422.5 5 2.23607
4423.5 9 3
4424.5 4 2
4425.5 6 2.44949
4426.5 12 3.4641
4427.5 13 3.60555
4428.5 8 2.82843
4429.5 12 3.4641
4430.5 5 2.23607
4431.5 6 2.44949
4432.5 14 3.74166
4433.5 8 2.82843
4434.5 10 3.16228
4435.5 7 2.64575
4436.5 10 3.16228
4437.5 9 3
4438.5 11 3.31662
4439.5 7 2.64575
4440.5 5 2.23607
4441.5 6 2.44949
4442.5 7 2.64575
4443.5 14 3.74166
4444.5 13 3.60555
4445.5 5 2.23607
4446.5 14 3.74166
4447.5 4 2
4448.5 2 1.41421
4449.5 10 3.16228
4450.5 10 3.16228
4451.5 12 3.4641
4452.5 11 3.31662
4453.5 10 3.16228
4454.5 7 2.64575
4455.5 6 2.44949
4456.5 7 2.64575
4457.5 14 3.74166
4458.5 6 2.44949
4459.5 10 3.16228
4460.5 9 3
4461.5 8 2.82843
4462.5 5 2.23607
4463.5 6 2.44949
4464.5 10 3.16228
4465.5 9 3
4466.5 15 3.87298
4467.5 11 3.31662
4468.5 9 3
4469.5 8 2.82843
4470.5 10 3.16228
4471.5 10 3.16228
4472.5 9 3
4473.5 8 2.82843
4474.5 8 2.82843
4475.5 8 2.82843
4476.5 10 3.16228
4477.5 9 3
4478.5 8 2.82843
4479.5 6 2.44949
4480.5 11 3.31662
4481.5 12 3.4641
4482.5 7 2.64575
4483.5 11 3.31662
4484.5 9 3
4485.5 9 3
4486.5 13 3.60555
4487.5 9 3
4488.5 9 3
4489.5 16 4
4490.5 9 3
4491.5 7 2.64575
4492.5 11 3.31662
4493.5 10 3.16228
4494.5 11 3.31662
4495.5 11 3.31662
4496.5 10 3.16228
4497.5 11 3.31662
4498.5 5 2.23607
4499.5 4 2
4500.5 8 2.82843
4501.5 4 2
4502.5 13 3.60555
4503.5 10 3.16228
4504.5 14 3.74166
4505.5 8 2.82843
4506.5 14 3.74166
4507.5 10 3.16228
4508.5 7 2.64575
4509.5 11 3.31662
4510.5 5 2.23607
4511.5 7 2.64575
4512.5 9 3
4513.5 7 2.64575
4514.5 11 3.31662
4515.5 9 3
4516.5 10 3.16228
4517.5 4 2
4518.5 7 2.64575
4519.5 9 3
4520.5 14 3.74166
4521.5 11 3.31662
4522.5 8 2.82843
4523.5 15 3.87298
4524.5 6 2.44949
4525.5 8 2.82843
4526.5 7 2.64575
4527.5 11 3.31662
4528.5 2 1.41421
4529.5 7 2.64575
4530.5 4 2
4531.5 8 2.82843
4532.5 6 2.44949
4533.5 6 2.44949
4534.5 7 2.64575
4535.5 8 2.82843
4536.5 5 2.23607
4537.5 14 3.74166
4538.5 10 3.16228
4539.5 6 2.44949
4540.5 12 3.4641
4541.5 6 2.44949
4542.5 8 2.82843
4543.5 5 2.23607
4544.5 6 2.44949
4545.5 6 2.44949
4546.5 7 2.64575
4547.5 10 3.16228
4548.5 5 2.23607
4549.5 10 3.16228
4550.5 8 2.82843
4551.5 13 3.60555
4552.5 9 3
4553.5 8 2.82843
4554.5 6 2.44949
4555.5 10 3.16228
4556.5 8 2.82843
4557.5 3 1.73205
4558.5 11 3.31662
4559.5 8 2.82843
4560.5 8 2.82843
4561.5 6 2.44949
4562.5 11 3.31662
4563.5 6 2.44949
4564.5 7 2.64575
4565.5 8 2.82843
4566.5 8 2.82843
4567.5 8 2.82843
4568.5 5 2.23607
4569.5 17 4.12311
4570.5 6 2.44949
4571.5 4 2
4572.5 14 3.74166
4573.5 9 3
4574.5 9 3
4575.5 8 2.82843
4576.5 9 3
4577.5 3 1.73205
4578.5 13 3.60555
4579.5 7 2.64575
4580.5 12 3.4641
4581.5 11 3.31662
4582.5 8 2.82843
4583.5 9 3
4584.5 3 1.73205
4585.5 7 2.64575
4586.5 10 3.16228
4587.5 10 3.16228
4588.5 10 3.16228
4589.5 11 3.31662
4590.5 11 3.31662
4591.5 9 3
4592.5 4 2
4593.5 5 2.23607
4594.5 11 3.31662
4595.5 9 3
4596.5 9 3
4597.5 9 3
4598.5 7 2.64575
4599.5 8 2.82843
4600.5 12 3.4641
4601.5 11 3.31662
4602.5 4 2
4603.5 9 3
4604.5 12 3.4641
4605.5 10 3.16228
4606.5 7 2.64575
4607.5 7 2.64575
4608.5 6 2.44949
4609.5 5 2.23607
4610.5 12 3.4641
4611.5 8 2.82843
4612.5 14 3.74166
4613.5 12 3.4641
4614.5 8 2.82843
4615.5 9 3
4616.5 7 2.64575
4617.5 7 2.64575
4618.5 14 3.74166
4619.5 5 2.23607
4620.5 8 2.82843
4621.5 5 2.23607
4622.5 11 3.31662
4623.5 10 3.16228
4624.5 6 2.44949
4625.5 8 2.82843
4626.5 10 3.16228
4627.5 3 1.73205
4628.5 4 2
4629.5 12 3.4641
4630.5 7 2.64575
4631.5 10 3.16228
4632.5 8 2.82843
4633.5 9 3
4634.5 9 3
4635.5 3 1.73205
4636.5 11 3.31662
4637.5 11 3.31662
4638.5 10 3.16228
4639.5 11 3.31662
4640.5 10 3.16228
4641.5 2 1.41421
4642.5 10 3.16228
4643.5 3 1.73205
4644.5 2 1.41421
4645.5 5 2.23607
4646.5 7 2.64575
4647.5 5 2.23607
4648.5 8 2.82843
4649.5 8 2.82843
4650.5 8 2.82843
4651.5 5 2.23607
4652.5 15 3.87298
4653.5 11 3.31662
4654.5 10 3.16228
4655.5 4 2
4656.5 11 3.31662
4657.5 7 2.64575
4658.5 5 2.23607
4659.5 6 2.44949
4660.5 7 2.64575
4661.5 5 2.23607
4662.5 14 3.74166
4663.5 8 2.82843
4664.5 12 3.4641
4665.5 14 3.74166
4666.5 11 3.31662
4667.5 14 3.74166
4668.5 4 2
4669.5 6 2.44949
4670.5 10 3.16228
4671.5 5 2.23607
4672.5 13 3.60555
4673.5 4 2
4674.5 14 3.74166
4675.5 11 3.31662
4676.5 7 2.64575
4677.5 17 4.12311
4678.5 9 3
4679.5 7 2.64575
4680.5 12 3.4641
4681.5 7 2.64575
4682.5 7 2.64575
4683.5 5 2.23607
4684.5 3 1.73205
4685.5 9 3
4686.5 10 3.16228
4687.5 8 2.82843
4688.5 11 3.31662
4689.5 3 1.73205
4690.5 8 2.82843
4691.5 9 3
4692.5 3 1.73205
4693.5 4 2
4694.5 4 2
4695.5 14 3.74166
4696.5 10 3.16228
4697.5 10 3.16228
4698.5 11 3.31662
4699.5 5 2.23607
4700.5 16 4
4701.5 12 3.4641
4702.5 9 3
4703.5 7 2.64575
4704.5 7 2.64575
4705.5 12 3.4641
4706.5 15 3.87298
4707.5 15 3.87298
4708.5 8 2.82843
4709.5 9 3
4710.5 11 3.31662
4711.5 7 2.64575
4712.5 4 2
4713.5 7 2.64575
4714.5 12 3.4641
4715.5 12 3.4641
4716.5 10 3.16228
4717.5 8 2.82843
4718.5 9 3
4719.5 3 1.73205
4720.5 12 3.4641
4721.5 8 2.82843
4722.5 11 3.31662
4723.5 10 3.16228
4724.5 10 3.16228
4725.5 10 3.16228
4726.5 13 3.60555
4727.5 6 2.44949
4728.5 7 2.64575
4729.5 12 3.4641
4730.5 9 3
4731.5 7 2.64575
4732.5 12 3.4641
4733.5 8 2.82843
4734.5 6 2.44949
4735.5 5 2.23607
4736.5 8 2.82843
4737.5 9 3
4738.5 8 2.82843
4739.5 13 3.60555
4740.5 5 2.23607
4741.5 8 2.82843
4742.5 5 2.23607
4743.5 9 3
4744.5 11 3.31662
4745.5 9 3
4746.5 10 3.16228
4747.5 11 3.31662
4748.5 5 2.23607
4749.5 11 3.31662
4750.5 10 3.16228
4751.5 7 2.64575
4752.5 5 2.23607
4753.5 5 2.23607
4754.5 13 3.60555
4755.5 14 3.74166
4756.5 9 3
4757.5 7 2.64575
4758.5 6 2.44949
4759.5 6 2.44949
4760.5 7 2.64575
4761.5 8 2.82843
4762.5 10 3.16228
4763.5 9 3
4764.5 13 3.60555
4765.5 4 2
4766.5 10 3.16228
4767.5 8 2.82843
4768.5 5 2.23607
4769.5 7 2.64575
4770.5 6 2.44949
4771.5 10 3.16228
4772.5 6 2.44949
4773.5 10 3.16228
4774.5 4 2
4775.5 11 3.31662
4776.5 8 2.82843
4777.5 6 2.44949
4778.5 6 2.44949
4779.5 2 1.41421
4780.5 4 2
4781.5 6 2.44949
4782.5 5 2.23607
4783.5 9 3
4784.5 9 3
4785.5 8 2.82843
4786.5 5 2.23607
4787.5 7 2.64575
4788.5 10 3.16228
4789.5 6 2.44949
4790.5 7 2.64575
4791.5 7 2.64575
4792.5 7 2.64575
4793.5 9 3
4794.5 13 3.60555
4795.5 7 2.64575
4796.5 5 2.23607
4797.5 11 3.31662
4798.5 5 2.23607
4799.5 7 2.64575
4800.5 9 3
4801.5 7 2.64575
4802.5 14 3.74166
4803.5 14 3.74166
4804.5 9 3
4805.5 5 2.23607
4806.5 3 1.73205
4807.5 12 3.4641
4808.5 9 3
4809.5 4 2
4810.5 6 2.44949
4811.5 8 2.82843
4812.5 5 2.23607
4813.5 8 2.82843
4814.5 15 3.87298
4815.5 3 1.73205
4816.5 5 2.23607
4817.5 10 3.16228
4818.5 2 1.41421
4819.5 6 2.44949
4820.5 16 4
4821.5 9 3
4822.5 9 3
4823.5 7 2.64575
4824.5 11 3.31662
4825.5 6 2.44949
4826.5 12 3.4641
4827.5 13 3.60555
4828.5 7 2.64575
4829.5 11 3.31662
4830.5 5 2.23607
4831.5 8 2.82843
4832.5 7 2.64575
4833.5 6 2.44949
4834.5 11 3.31662
4835.5 6 2.44949
4836.5 8 2.82843
4837.5 10 3.16228
4838.5 2 1.41421
4839.5 12 3.4641
4840.5 7 2.64575
4841.5 7 2.64575
4842.5 8 2.82843
4843.5 18 4.24264
4844.5 6 2.44949
4845.5 9 3
4846.5 8 2.82843
4847.5 7 2.64575
4848.5 10 3.16228
4849.5 10 3.16228
4850.5 10 3.16228
4851.5 6 2.44949
4852.5 5 2.23607
4853.5 6 2.44949
4854.5 9 3
4855.5 4 2
4856.5 10 3.16228
4857.5 9 3
4858.5 10 3.16228
4859.5 14 3.74166
4860.5 4 2
4861.5 8 2.82843
4862.5 4 2
4863.5 11 3.31662
4864.5 6 2.44949
4865.5 11 3.31662
4866.5 7 2.64575
4867.5 11 3.31662
4868.5 9 3
4869.5 11 3.31662
4870.5 6 2.44949
4871.5 6 2.44949
4872.5 6 2.44949
4873.5 13 3.60555
4874.5 9 3
4875.5 9 3
4876.5 11 3.31662
4877.5 8 2.82843
4878.5 9 3
4879.5 10 3.16228
4880.5 8 2.82843
4881.5 11 3.31662
4882.5 12 3.4641
4883.5 4 2
4884.5 10 3.16228
4885.5 9 3
4886.5 8 2.82843
4887.5 5 2.23607
4888.5 9 3
4889.5 6 2.44949
4890.5 7 2.64575
4891.5 10 3.16228
4892.5 9 3
4893.5 9 3
4894.5 5 2.23607
4895.5 11 3.31662
4896.5 6 2.44949
4897.5 13 3.60555
4898.5 4 2
4899.5 6 2.44949
4900.5 6 2.44949
4901.5 5 2.23607
4902.5 9 3
4903.5 13 3.60555
4904.5 9 3
4905.5 5 2.23607
4906.5 8 2.82843
4907.5 13 3.60555
4908.5 7 2.64575
4909.5 5 2.23607
4910.5 7 2.64575
4911.5 8 2.82843
4912.5 7 2.64575
4913.5 6 2.44949
4914.5 10 3.16228
4915.5 5 2.23607
4916.5 7 2.64575
4917.5 12 3.4641
4918.5 9 3
4919.5 6 2.44949
4920.5 6 2.44949
4921.5 7 2.64575
4922.5 15 3.87298
4923.5 7 2.64575
4924.5 9 3
4925.5 13 3.60555
4926.5 7 2.64575
4927.5 8 2.82843
4928.5 9 3
4929.5 11 3.31662
4930.5 8 2.82843
4931.5 11 3.31662
4932.5 5 2.23607
4933.5 9 3
4934.5 11 3.31662
4935.5 4 2
4936.5 5 2.23607
4937.5 8 2.82843
4938.5 9 3
4939.5 11 3.31662
4940.5 5 2.23607
4941.5 11 3.31662
4942.5 8 2.82843
4943.5 9 3
4944.5 10 3.16228
4945.5 10 3.16228
4946.5 9 3
4947.5 9 3
4948.5 11 3.31662
4949.5 9 3
4950.5 6 2.44949
4951.5 10 3.16228
4952.5 9 3
4953.5 10 3.16228
4954.5 10 3.16228
4955.5 11 3.31662
4956.5 13 3.60555
4957.5 9 3
4958.5 9 3
4959.5 6 2.44949
4960.5 8 2.82843
4961.5 8 2.82843
4962.5 7 2.64575
4963.5 9 3
4964.5 10 3.16228
4965.5 6 2.44949
4966.5 4 2
4967.5 7 2.64575
4968.5 8 2.82843
4969.5 5 2.23607
4970.5 6 2.44949
4971.5 11 3.31662
4972.5 8 2.82843
4973.5 3 1.73205
4974.5 9 3
4975.5 6 2.44949
4976.5 6 2.44949
4977.5 15 3.87298
4978.5 10 3.16228
4979.5 5 2.23607
4980.5 12 3.4641
4981.5 5 2.23607
4982.5 8 2.82843
4983.5 7 2.64575
4984.5 12 3.4641
4985.5 9 3
4986.5 8 2.82843
4987.5 12 3.4641
4988.5 9 3
4989.5 10 3.16228
4990.5 9 3
4991.5 6 2.44949
4992.5 9 3
4993.5 11 3.31662
4994.5 5 2.23607
4995.5 10 3.16228
4996.5 8 2.82843
4997.5 6 2.44949
4998.5 2 1.41421
4999.5 9 3
5000.5 6 2.44949
5001.5 13 3.60555
5002.5 7 2.64575
5003.5 7 2.64575
5004.5 9 3
5005.5 9 3
5006.5 6 2.44949
5007.5 8 2.82843
5008.5 5 2.23607
5009.5 5 2.23607
5010.5 0 0
5011.5 7 2.64575
5012.5 4 2
5013.5 7 2.64575
5014.5 8 2.82843
5015.5 9 3
5016.5 5 2.23607
5017.5 12 3.4641
5018.5 6 2.44949
5019.5 9 3
5020.5 12 3.4641
5021.5 8 2.82843
5022.5 8 2.82843
5023.5 3 1.73205
5024.5 6 2.44949
5025.5 14 3.74166
5026.5 7 2.64575
5027.5 6 2.44949
5028.5 6 2.44949
5029.5 7 2.64575
5030.5 10 3.16228
5031.5 4 2
5032.5 9 3
5033.5 6 2.44949
5034.5 13 3.60555
5035.5 10 3.16228
5036.5 5 2.23607
5037.5 13 3.60555
5038.5 8 2.82843
5039.5 9 3
5040.5 10 3.16228
5041.5 3 1.73205
5042.5 7 2.64575
5043.5 8 2.82843
5044.5 5 2.23607
5045.5 3 1.73205
5046.5 11 3.31662
5047.5 6 2.44949
5048.5 13 3.60555
5049.5 8 2.82843
5050.5 7 2.64575
5051.5 16 4
5052.5 5 2.23607
5053.5 9 3
5054.5 7 2.64575
5055.5 10 3.16228
5056.5 6 2.44949
5057.5 6 2.44949
5058.5 5 2.23607
5059.5 7 2.64575
5060.5 13 3.60555
5061.5 11 3.31662
5062.5 12 3.4641
5063.5 9 3
5064.5 4 2
5065.5 9 3
5066.5 11 3.31662
5067.5 4 2
5068.5 6 2.44949
5069.5 8 2.82843
5070.5 5 2.23607
5071.5 11 3.31662
5072.5 9 3
5073.5 4 2
5074.5 6 2.44949
5075.5 6 2.44949
5076.5 19 4.3589
5077.5 8 2.82843
5078.5 8 2.82843
5079.5 9 3
5080.5 10 3.16228
5081.5 5 2.23607
5082.5 8 2.82843
5083.5 10 3.16228
5084.5 5 2.23607
5085.5 2 1.41421
5086.5 6 2.44949
5087.5 7 2.64575
5088.5 10 3.16228
5089.5 7 2.64575
5090.5 8 2.82843
5091.5 8 2.82843
5092.5 7 2.64575
5093.5 4 2
5094.5 4 2
5095.5 6 2.44949
5096.5 7 2.64575
5097.5 8 2.82843
5098.5 8 2.82843
5099.5 9 3
5100.5 15 3.87298
5101.5 5 2.23607
5102.5 8 2.82843
5103.5 9 3
5104.5 4 2
5105.5 7 2.64575
5106.5 7 2.64575
5107.5 10 3.16228
5108.5 11 3.31662
5109.5 8 2.82843
5110.5 13 3.60555
5111.5 9 3
5112.5 7 2.64575
5113.5 12 3.4641
5114.5 5 2.23607
5115.5 4 2
5116.5 7 2.64575
5117.5 6 2.44949
5118.5 9 3
5119.5 8 2.82843
5120.5 8 2.82843
5121.5 6 2.44949
5122.5 12 3.4641
5123.5 8 2.82843
5124.5 3 1.73205
5125.5 3 1.73205
5126.5 9 3
5127.5 6 2.44949
5128.5 9 3
5129.5 10 3.16228
5130.5 6 2.44949
5131.5 6 2.44949
5132.5 4 2
5133.5 7 2.64575
5134.5 4 2
5135.5 7 2.64575
5136.5 3 1.73205
5137.5 10 3.16228
5138.5 3 1.73205
5139.5 7 2.64575
5140.5 6 2.44949
5141.5 8 2.82843
5142.5 6 2.44949
5143.5 5 2.23607
5144.5 4 2
5145.5 12 3.4641
5146.5 8 2.82843
5147.5 12 3.4641
5148.5 12 3.4641
5149.5 6 2.44949
5150.5 18 4.24264
5151.5 8 2.82843
5152.5 4 2
5153.5 2 1.41421
5154.5 5 2.23607
5155.5 4 2
5156.5 8 2.82843
5157.5 9 3
5158.5 6 2.44949
5159.5 9 3
5160.5 6 2.44949
5161.5 5 2.23607
5162.5 2 1.41421
5163.5 8 2.82843
5164.5 5 2.23607
5165.5 6 2.44949
5166.5 9 3
5167.5 17 4.12311
5168.5 7 2.64575
5169.5 6 2.44949
5170.5 7 2.64575
5171.5 8 2.82843
5172.5 4 2
5173.5 5 2.23607
5174.5 6 2.44949
5175.5 5 2.23607
5176.5 3 1.73205
5177.5 3 1.73205
5178.5 6 2.44949
5179.5 10 3.16228
5180.5 9 3
5181.5 3 1.73205
5182.5 2 1.41421
5183.5 7 2.64575
5184.5 10 3.16228
5185.5 10 3.16228
5186.5 7 2.64575
5187.5 11 3.31662
5188.5 9 3
5189.5 11 3.31662
5190.5 7 2.64575
5191.5 4 2
5192.5 12 3.4641
5193.5 16 4
5194.5 4 2
5195.5 9 3
5196.5 10 3.16228
5197.5 11 3.31662
5198.5 5 2.23607
5199.5 8 2.82843
5200.5 14 3.74166
5201.5 12 3.4641
5202.5 7 2.64575
5203.5 5 2.23607
5204.5 9 3
5205.5 5 2.23607
5206.5 10 3.16228
5207.5 9 3
5208.5 7 2.64575
5209.5 5 2.23607
5210.5 10 3.16228
5211.5 10 3.16228
5212.5 7 2.64575
5213.5 16 4
5214.5 10 3.16228
5215.5 5 2.23607
5216.5 9 3
5217.5 5 2.23607
5218.5 9 3
5219.5 6 2.44949
5220.5 11 3.31662
5221.5 5 2.23607
5222.5 8 2.82843
5223.5 6 2.44949
5224.5 6 2.44949
5225.5 6 2.44949
5226.5 7 2.64575
5227.5 6 2.44949
5228.5 8 2.82843
5229.5 6 2.44949
5230.5 10 3.16228
5231.5 5 2.23607
5232.5 11 3.31662
5233.5 14 3.74166
5234.5 11 3.31662
5235.5 13 3.60555
5236.5 14 3.74166
5237.5 7 2.64575
5238.5 8 2.82843
5239.5 8 2.82843
5240.5 7 2.64575
5241.5 9 3
5242.5 4 2
5243.5 4 2
5244.5 8 2.82843
5245.5 8 2.82843
5246.5 7 2.64575
5247.5 10 3.16228
5248.5 6 2.44949
5249.5 5 2.23607
5250.5 9 3
5251.5 5 2.23607
5252.5 10 3.16228
5253.5 13 3.60555
5254.5 7 2.64575
5255.5 11 3.31662
5256.5 5 2.23607
5257.5 10 3.16228
5258.5 10 3.16228
5259.5 8 2.82843
5260.5 4 2
5261.5 11 3.31662
5262.5 6 2.44949
5263.5 9 3
5264.5 5 2.23607
5265.5 11 3.31662
5266.5 11 3.31662
5267.5 7 2.64575
5268.5 4 2
5269.5 3 1.73205
5270.5 10 3.16228
5271.5 6 2.44949
5272.5 3 1.73205
5273.5 8 2.82843
5274.5 5 2.23607
5275.5 9 3
5276.5 4 2
5277.5 2 1.41421
5278.5 9 3
5279.5 4 2
5280.5 9 3
5281.5 4 2
5282.5 7 2.64575
5283.5 5 2.23607
5284.5 10 3.16228
5285.5 10 3.16228
5286.5 4 2
5287.5 7 2.64575
5288.5 8 2.82843
5289.5 5 2.23607
5290.5 8 2.82843
5291.5 7 2.64575
5292.5 10 3.16228
5293.5 10 3.16228
5294.5 5 2.23607
5295.5 10 3.16228
5296.5 11 3.31662
5297.5 2 1.41421
5298.5 10 3.16228
5299.5 7 2.64575
5300.5 6 2.44949
5301.5 6 2.44949
5302.5 10 3.16228
5303.5 3 1.73205
5304.5 6 2.44949
5305.5 5 2.23607
5306.5 6 2.44949
5307.5 5 2.23607
5308.5 6 2.44949
5309.5 6 2.44949
5310.5 14 3.74166
5311.5 7 2.64575
5312.5 5 2.23607
5313.5 14 3.74166
5314.5 7 2.64575
5315.5 6 2.44949
5316.5 6 2.44949
5317.5 4 2
5318.5 10 3.16228
5319.5 7 2.64575
5320.5 8 2.82843
5321.5 7 2.64575
5322.5 6 2.44949
5323.5 2 1.41421
5324.5 14 3.74166
5325.5 10 3.16228
5326.5 6 2.44949
5327.5 6 2.44949
5328.5 7 2.64575
5329.5 7 2.64575
5330.5 6 2.44949
5331.5 5 2.23607
5332.5 7 2.64575
5333.5 11 3.31662
5334.5 11 3.31662
5335.5 10 3.16228
5336.5 9 3
5337.5 2 1.41421
5338.5 8 2.82843
5339.5 7 2.64575
5340.5 6 2.44949
5341.5 8 2.82843
5342.5 5 2.23607
5343.5 12 3.4641
5344.5 10 3.16228
5345.5 8 2.82843
5346.5 7 2.64575
5347.5 12 3.4641
5348.5 8 2.82843
5349.5 6 2.44949
5350.5 9 3
5351.5 5 2.23607
5352.5 11 3.31662
5353.5 2 1.41421
5354.5 10 3.16228
5355.5 7 2.64575
5356.5 6 2.44949
5357.5 8 2.82843
5358.5 10 3.16228
5359.5 4 2
5360.5 10 3.16228
5361.5 7 2.64575
5362.5 8 2.82843
5363.5 8 2.82843
5364.5 8 2.82843
5365.5 12 3.4641
5366.5 7 2.64575
5367.5 10 3.16228
5368.5 16 4
5369.5 20 4.47214
5370.5 7 2.64575
5371.5 13 3.60555
5372.5 17 4.12311
5373.5 24 4.89898
5374.5 18 4.24264
5375.5 14 3.74166
5376.5 21 4.58258
5377.5 35 5.91608
5378.5 32 5.65685
5379.5 27 5.19615
5380.5 28 5.2915
5381.5 23 4.79583
5382.5 21 4.58258
5383.5 32 5.65685
5384.5 19 4.3589
5385.5 16 4
5386.5 22 4.69042
5387.5 20 4.47214
5388.5 16 4
5389.5 15 3.87298
5390.5 18 4.24264
5391.5 18 4.24264
5392.5 17 4.12311
5393.5 17 4.12311
5394.5 7 2.64575
5395.5 10 3.16228
5396.5 9 3
5397.5 9 3
5398.5 7 2.64575
5399.5 16 4
5400.5 8 2.82843
5401.5 10 3.16228
5402.5 5 2.23607
5403.5 9 3
5404.5 6 2.44949
5405.5 10 3.16228
5406.5 6 2.44949
5407.5 8 2.82843
5408.5 10 3.16228
5409.5 13 3.60555
5410.5 6 2.44949
5411.5 4 2
5412.5 5 2.23607
5413.5 11 3.31662
5414.5 8 2.82843
5415.5 13 3.60555
5416.5 9 3
5417.5 11 3.31662
5418.5 8 2.82843
5419.5 6 2.44949
5420.5 9 3
5421.5 7 2.64575
5422.5 11 3.31662
5423.5 12 3.4641
5424.5 5 2.23607
5425.5 6 2.44949
5426.5 11 3.31662
5427.5 10 3.16228
5428.5 9 3
5429.5 8 2.82843
5430.5 4 2
5431.5 4 2
5432.5 8 2.82843
5433.5 9 3
5434.5 8 2.82843
5435.5 6 2.44949
5436.5 9 3
5437.5 9 3
5438.5 10 3.16228
5439.5 11 3.31662
5440.5 12 3.4641
5441.5 11 3.31662
5442.5 8 2.82843
5443.5 9 3
5444.5 12 3.4641
5445.5 6 2.44949
5446.5 7 2.64575
5447.5 3 1.73205
5448.5 8 2.82843
5449.5 7 2.64575
5450.5 5 2.23607
5451.5 6 2.44949
5452.5 13 3.60555
5453.5 5 2.23607
5454.5 8 2.82843
5455.5 11 3.31662
5456.5 14 3.74166
5457.5 6 2.44949
5458.5 10 3.16228
5459.5 9 3
5460.5 5 2.23607
5461.5 7 2.64575
5462.5 3 1.73205
5463.5 3 1.73205
5464.5 6 2.44949
5465.5 8 2.82843
5466.5 4 2
5467.5 16 4
5468.5 10 3.16228
5469.5 19 4.3589
5470.5 7 2.64575
5471.5 4 2
5472.5 7 2.64575
5473.5 11 3.31662
5474.5 6 2.44949
5475.5 8 2.82843
5476.5 8 2.82843
5477.5 8 2.82843
5478.5 5 2.23607
5479.5 6 2.44949
5480.5 8 2.82843
5481.5 4 2
5482.5 7 2.64575
5483.5 7 2.64575
5484.5 8 2.82843
5485.5 7 2.64575
5486.5 6 2.44949
5487.5 6 2.44949
5488.5 3 1.73205
5489.5 12 3.4641
5490.5 5 2.23607
5491.5 8 2.82843
5492.5 8 2.82843
5493.5 6 2.44949
5494.5 9 3
5495.5 7 2.64575
5496.5 5 2.23607
5497.5 8 2.82843
5498.5 13 3.60555
5499.5 7 2.64575
5500.5 7 2.64575
5501.5 12 3.4641
5502.5 10 3.16228
5503.5 5 2.23607
5504.5 6 2.44949
5505.5 5 2.23607
5506.5 7 2.64575
5507.5 13 3.60555
5508.5 5 2.23607
5509.5 9 3
5510.5 5 2.23607
5511.5 4 2
5512.5 8 2.82843
5513.5 4 2
5514.5 9 3
5515.5 3 1.73205
5516.5 6 2.44949
5517.5 8 2.82843
5518.5 6 2.44949
5519.5 6 2.44949
5520.5 9 3
5521.5 4 2
5522.5 8 2.82843
5523.5 6 2.44949
5524.5 7 2.64575
5525.5 2 1.41421
5526.5 8 2.82843
5527.5 10 3.16228
5528.5 6 2.44949
5529.5 15 3.87298
5530.5 5 2.23607
5531.5 5 2.23607
5532.5 6 2.44949
5533.5 7 2.64575
5534.5 9 3
5535.5 12 3.4641
5536.5 5 2.23607
5537.5 17 4.12311
5538.5 9 3
5539.5 5 2.23607
5540.5 1 1
5541.5 9 3
5542.5 7 2.64575
5543.5 11 3.31662
5544.5 8 2.82843
5545.5 6 2.44949
5546.5 5 2.23607
5547.5 7 2.64575
5548.5 7 2.64575
5549.5 7 2.64575
5550.5 11 3.31662
5551.5 9 3
5552.5 8 2.82843
5553.5 8 2.82843
5554.5 6 2.44949
5555.5 9 3
5556.5 4 2
5557.5 7 2.64575
5558.5 9 3
5559.5 10 3.16228
5560.5 6 2.44949
5561.5 7 2.64575
5562.5 8 2.82843
5563.5 6 2.44949
5564.5 5 2.23607
5565.5 9 3
5566.5 4 2
5567.5 9 3
5568.5 9 3
5569.5 10 3.16228
5570.5 1 1
5571.5 9 3
5572.5 4 2
5573.5 11 3.31662
5574.5 3 1.73205
5575.5 6 2.44949
5576.5 9 3
5577.5 5 2.23607
5578.5 12 3.4641
5579.5 9 3
5580.5 10 3.16228
5581.5 11 3.31662
5582.5 3 1.73205
5583.5 4 2
5584.5 9 3
5585.5 6 2.44949
5586.5 8 2.82843
5587.5 10 3.16228
5588.5 6 2.44949
5589.5 7 2.64575
5590.5 2 1.41421
5591.5 5 2.23607
5592.5 6 2.44949
5593.5 5 2.23607
5594.5 9 3
5595.5 6 2.44949
5596.5 8 2.82843
5597.5 7 2.64575
5598.5 8 2.82843
5599.5 6 2.44949
5600.5 4 2
5601.5 9 3
5602.5 11 3.31662
5603.5 9 3
5604.5 8 2.82843
5605.5 7 2.64575
5606.5 11 3.31662
5607.5 11 3.31662
5608.5 8 2.82843
5609.5 8 2.82843
5610.5 5 2.23607
5611.5 9 3
5612.5 7 2.64575
5613.5 5 2.23607
5614.5 7 2.64575
5615.5 5 2.23607
5616.5 8 2.82843
5617.5 8 2.82843
5618.5 9 3
5619.5 10 3.16228
5620.5 9 3
5621.5 5 2.23607
5622.5 8 2.82843
5623.5 4 2
5624.5 3 1.73205
5625.5 9 3
5626.5 8 2.82843
5627.5 14 3.74166
5628.5 5 2.23607
5629.5 9 3
5630.5 5 2.23607
5631.5 8 2.82843
5632.5 17 4.12311
5633.5 6 2.44949
5634.5 4 2
5635.5 7 2.64575
5636.5 10 3.16228
5637.5 11 3.31662
5638.5 12 3.4641
5639.5 8 2.82843
5640.5 4 2
5641.5 8 2.82843
5642.5 9 3
5643.5 4 2
5644.5 10 3.16228
5645.5 6 2.44949
5646.5 9 3
5647.5 6 2.44949
5648.5 7 2.64575
5649.5 9 3
5650.5 7 2.64575
5651.5 7 2.64575
5652.5 5 2.23607
5653.5 8 2.82843
5654.5 11 3.31662
5655.5 13 3.60555
5656.5 5 2.23607
5657.5 5 2.23607
5658.5 9 3
5659.5 10 3.16228
5660.5 10 3.16228
5661.5 8 2.82843
5662.5 13 3.60555
5663.5 12 3.4641
5664.5 8 2.82843
5665.5 9 3
5666.5 8 2.82843
5667.5 9 3
5668.5 12 3.4641
5669.5 6 2.44949
5670.5 2 1.41421
5671.5 5 2.23607
5672.5 9 3
5673.5 9 3
5674.5 11 3.31662
5675.5 11 3.31662
5676.5 6 2.44949
5677.5 8 2.82843
5678.5 4 2
5679.5 7 2.64575
5680.5 4 2
5681.5 8 2.82843
5682.5 5 2.23607
5683.5 4 2
5684.5 5 2.23607
5685.5 5 2.23607
5686.5 9 3
5687.5 5 2.23607
5688.5 8 2.82843
5689.5 6 2.44949
5690.5 8 2.82843
5691.5 4 2
5692.5 5 2.23607
5693.5 3 1.73205
5694.5 7 2.64575
5695.5 7 2.64575
5696.5 5 2.23607
5697.5 8 2.82843
5698.5 5 2.23607
5699.5 9 3
5700.5 14 3.74166
5701.5 5 2.23607
5702.5 8 2.82843
5703.5 8 2.82843
5704.5 6 2.44949
5705.5 6 2.44949
5706.5 4 2
5707.5 9 3
5708.5 7 2.64575
5709.5 7 2.64575
5710.5 7 2.64575
5711.5 4 2
5712.5 5 2.23607
5713.5 4 2
5714.5 3 1.73205
5715.5 8 2.82843
5716.5 4 2
5717.5 5 2.23607
5718.5 3 1.73205
5719.5 13 3.60555
5720.5 6 2.44949
5721.5 5 2.23607
5722.5 6 2.44949
5723.5 5 2.23607
5724.5 10 3.16228
5725.5 3 1.73205
5726.5 9 3
5727.5 9 3
5728.5 8 2.82843
5729.5 3 1.73205
5730.5 3 1.73205
5731.5 11 3.31662
5732.5 10 3.16228
5733.5 11 3.31662
5734.5 8 2.82843
5735.5 7 2.64575
5736.5 8 2.82843
5737.5 4 2
5738.5 11 3.31662
5739.5 9 3
5740.5 5 2.23607
5741.5 8 2.82843
5742.5 8 2.82843
5743.5 5 2.23607
5744.5 7 2.64575
5745.5 8 2.82843
5746.5 9 3
5747.5 12 3.4641
5748.5 5 2.23607
5749.5 7 2.64575
5750.5 7 2.64575
5751.5 3 1.73205
5752.5 6 2.44949
5753.5 7 2.64575
5754.5 13 3.60555
5755.5 8 2.82843
5756.5 10 3.16228
5757.5 7 2.64575
5758.5 8 2.82843
5759.5 9 3
5760.5 4 2
5761.5 5 2.23607
5762.5 4 2
5763.5 5 2.23607
5764.5 9 3
5765.5 8 2.82843
5766.5 4 2
5767.5 7 2.64575
5768.5 8 2.82843
5769.5 4 2
5770.5 12 3.4641
5771.5 8 2.82843
5772.5 6 2.44949
5773.5 1 1
5774.5 4 2
5775.5 8 2.82843
5776.5 7 2.64575
5777.5 8 2.82843
5778.5 7 2.64575
5779.5 12 3.4641
5780.5 9 3
5781.5 6 2.44949
5782.5 7 2.64575
5783.5 4 2
5784.5 6 2.44949
5785.5 5 2.23607
5786.5 14 3.74166
5787.5 3 1.73205
5788.5 9 3
5789.5 4 2
5790.5 8 2.82843
5791.5 2 1.41421
5792.5 7 2.64575
5793.5 8 2.82843
5794.5 7 2.64575
5795.5 4 2
5796.5 8 2.82843
5797.5 9 3
5798.5 4 2
5799.5 7 2.64575
5800.5 5 2.23607
5801.5 8 2.82843
5802.5 5 2.23607
5803.5 8 2.82843
5804.5 2 1.41421
5805.5 9 3
5806.5 10 3.16228
5807.5 2 1.41421
5808.5 6 2.44949
5809.5 5 2.23607
5810.5 6 2.44949
5811.5 7 2.64575
5812.5 7 2.64575
5813.5 8 2.82843
5814.5 7 2.64575
5815.5 7 2.64575
5816.5 15 3.87298
5817.5 15 3.87298
5818.5 8 2.82843
5819.5 7 2.64575
5820.5 9 3
5821.5 11 3.31662
5822.5 9 3
5823.5 11 3.31662
5824.5 8 2.82843
5825.5 4 2
5826.5 9 3
5827.5 6 2.44949
5828.5 9 3
5829.5 10 3.16228
5830.5 3 1.73205
5831.5 6 2.44949
5832.5 9 3
5833.5 6 2.44949
5834.5 10 3.16228
5835.5 9 3
5836.5 3 1.73205
5837.5 6 2.44949
5838.5 8 2.82843
5839.5 9 3
5840.5 10 3.16228
5841.5 9 3
5842.5 2 1.41421
5843.5 8 2.82843
5844.5 14 3.74166
5845.5 13 3.60555
5846.5 6 2.44949
5847.5 5 2.23607
5848.5 6 2.44949
5849.5 5 2.23607
5850.5 6 2.44949
5851.5 6 2.44949
5852.5 3 1.73205
5853.5 7 2.64575
5854.5 3 1.73205
5855.5 9 3
5856.5 3 1.73205
5857.5 6 2.44949
5858.5 11 3.31662
5859.5 9 3
5860.5 7 2.64575
5861.5 9 3
5862.5 8 2.82843
5863.5 9 3
5864.5 7 2.64575
5865.5 13 3.60555
5866.5 7 2.64575
5867.5 8 2.82843
5868.5 11 3.31662
5869.5 3 1.73205
5870.5 9 3
5871.5 6 2.44949
5872.5 7 2.64575
5873.5 7 2.64575
5874.5 9 3
5875.5 7 2.64575
5876.5 9 3
5877.5 4 2
5878.5 0 0
5879.5 4 2
5880.5 2 1.41421
5881.5 6 2.44949
5882.5 7 2.64575
5883.5 12 3.4641
5884.5 10 3.16228
5885.5 10 3.16228
5886.5 7 2.64575
5887.5 6 2.44949
5888.5 7 2.64575
5889.5 9 3
5890.5 11 3.31662
5891.5 8 2.82843
5892.5 10 3.16228
5893.5 11 3.31662
5894.5 2 1.41421
5895.5 11 3.31662
5896.5 8 2.82843
5897.5 5 2.23607
5898.5 10 3.16228
5899.5 9 3
5900.5 6 2.44949
5901.5 6 2.44949
5902.5 8 2.82843
5903.5 12 3.4641
5904.5 3 1.73205
5905.5 5 2.23607
5906.5 9 3
5907.5 10 3.16228
5908.5 9 3
5909.5 8 2.82843
5910.5 9 3
5911.5 9 3
5912.5 6 2.44949
5913.5 7 2.64575
5914.5 2 1.41421
5915.5 8 2.82843
5916.5 5 2.23607
5917.5 10 3.16228
5918.5 4 2
5919.5 5 2.23607
5920.5 4 2
5921.5 6 2.44949
5922.5 6 2.44949
5923.5 6 2.44949
5924.5 7 2.64575
5925.5 9 3
5926.5 19 4.3589
5927.5 1 1
5928.5 7 2.64575
5929.5 11 3.31662
5930.5 9 3
5931.5 5 2.23607
5932.5 10 3.16228
5933.5 4 2
5934.5 8 2.82843
5935.5 6 2.44949
5936.5 5 2.23607
5937.5 8 2.82843
5938.5 9 3
5939.5 6 2.44949
5940.5 12 3.4641
5941.5 9 3
5942.5 7 2.64575
5943.5 6 2.44949
5944.5 9 3
5945.5 8 2.82843
5946.5 11 3.31662
5947.5 10 3.16228
5948.5 11 3.31662
5949.5 4 2
5950.5 7 2.64575
5951.5 9 3
5952.5 11 3.31662
5953.5 2 1.41421
5954.5 6 2.44949
5955.5 12 3.4641
5956.5 12 3.4641
5957.5 8 2.82843
5958.5 6 2.44949
5959.5 8 2.82843
5960.5 5 2.23607
5961.5 4 2
5962.5 5 2.23607
5963.5 4 2
5964.5 8 2.82843
5965.5 10 3.16228
5966.5 6 2.44949
5967.5 5 2.23607
5968.5 7 2.64575
5969.5 8 2.82843
5970.5 7 2.64575
5971.5 6 2.44949
5972.5 3 1.73205
5973.5 11 3.31662
5974.5 6 2.44949
5975.5 6 2.44949
5976.5 8 2.82843
5977.5 3 1.73205
5978.5 10 3.16228
5979.5 5 2.23607
5980.5 9 3
5981.5 8 2.82843
5982.5 11 3.31662
5983.5 7 2.64575
5984.5 8 2.82843
5985.5 7 2.64575
5986.5 5 2.23607
5987.5 8 2.82843
5988.5 3 1.73205
5989.5 5 2.23607
5990.5 8 2.82843
5991.5 6 2.44949
5992.5 11 3.31662
5993.5 12 3.4641
5994.5 8 2.82843
5995.5 9 3
5996.5 5 2.23607
5997.5 6 2.44949
5998.5 10 3.16228
5999.5 5 2.23607
6000.5 9 3
6001.5 7 2.64575
6002.5 5 2.23607
6003.5 8 2.82843
6004.5 3 1.73205
6005.5 7 2.64575
6006.5 11 3.31662
6007.5 5 2.23607
6008.5 7 2.64575
6009.5 6 2.44949
6010.5 7 2.64575
6011.5 11 3.31662
6012.5 4 2
6013.5 10 3.16228
6014.5 8 2.82843
6015.5 5 2.23607
6016.5 8 2.82843
6017.5 5 2.23607
6018.5 2 1.41421
6019.5 9 3
6020.5 10 3.16228
6021.5 4 2
6022.5 7 2.64575
6023.5 6 2.44949
6024.5 8 2.82843
6025.5 9 3
6026.5 5 2.23607
6027.5 6 2.44949
6028.5 8 2.82843
6029.5 8 2.82843
6030.5 6 2.44949
6031.5 11 3.31662
6032.5 14 3.74166
6033.5 6 2.44949
6034.5 8 2.82843
6035.5 9 3
6036.5 9 3
6037.5 8 2.82843
6038.5 9 3
6039.5 8 2.82843
6040.5 10 3.16228
6041.5 5 2.23607
6042.5 5 2.23607
6043.5 4 2
6044.5 10 3.16228
6045.5 9 3
6046.5 5 2.23607
6047.5 12 3.4641
6048.5 10 3.16228
6049.5 4 2
6050.5 7 2.64575
6051.5 6 2.44949
6052.5 6 2.44949
6053.5 5 2.23607
6054.5 5 2.23607
6055.5 11 3.31662
6056.5 6 2.44949
6057.5 11 3.31662
6058.5 8 2.82843
6059.5 13 3.60555
6060.5 11 3.31662
6061.5 6 2.44949
6062.5 4 2
6063.5 7 2.64575
6064.5 10 3.16228
6065.5 4 2
6066.5 8 2.82843
6067.5 9 3
6068.5 4 2
6069.5 10 3.16228
6070.5 9 3
6071.5 7 2.64575
6072.5 9 3
6073.5 8 2.82843
6074.5 14 3.74166
6075.5 11 3.31662
6076.5 11 3.31662
6077.5 11 3.31662
6078.5 12 3.4641
6079.5 4 2
6080.5 12 3.4641
6081.5 6 2.44949
6082.5 7 2.64575
6083.5 7 2.64575
6084.5 11 3.31662
6085.5 9 3
6086.5 7 2.64575
6087.5 9 3
6088.5 7 2.64575
6089.5 9 3
6090.5 5 2.23607
6091.5 10 3.16228
6092.5 1 1
6093.5 3 1.73205
6094.5 6 2.44949
6095.5 12 3.4641
6096.5 14 3.74166
6097.5 9 3
6098.5 3 1.73205
6099.5 7 2.64575
6100.5 2 1.41421
6101.5 9 3
6102.5 2 1.41421
6103.5 7 2.64575
6104.5 9 3
6105.5 5 2.23607
6106.5 6 2.44949
6107.5 6 2.44949
6108.5 6 2.44949
6109.5 7 2.64575
6110.5 6 2.44949
6111.5 4 2
6112.5 4 2
6113.5 4 2
6114.5 7 2.64575
6115.5 3 1.73205
6116.5 7 2.64575
6117.5 7 2.64575
6118.5 9 3
6119.5 12 3.4641
6120.5 6 2.44949
6121.5 9 3
6122.5 6 2.44949
6123.5 5 2.23607
6124.5 11 3.31662
6125.5 10 3.16228
6126.5 1 1
6127.5 5 2.23607
6128.5 13 3.60555
6129.5 7 2.64575
6130.5 8 2.82843
6131.5 5 2.23607
6132.5 9 3
6133.5 2 1.41421
6134.5 5 2.23607
6135.5 12 3.4641
6136.5 4 2
6137.5 3 1.73205
6138.5 6 2.44949
6139.5 7 2.64575
6140.5 4 2
6141.5 3 1.73205
6142.5 6 2.44949
6143.5 4 2
6144.5 6 2.44949
6145.5 6 2.44949
6146.5 4 2
6147.5 8 2.82843
6148.5 5 2.23607
6149.5 9 3
6150.5 6 2.44949
6151.5 8 2.82843
6152.5 7 2.64575
6153.5 6 2.44949
6154.5 8 2.82843
6155.5 4 2
6156.5 4 2
6157.5 5 2.23607
6158.5 5 2.23607
6159.5 6 2.44949
6160.5 11 3.31662
6161.5 8 2.82843
6162.5 7 2.64575
6163.5 8 2.82843
6164.5 8 2.82843
6165.5 11 3.31662
6166.5 9 3
6167.5 9 3
6168.5 5 2.23607
6169.5 13 3.60555
6170.5 11 3.31662
6171.5 6 2.44949
6172.5 12 3.4641
6173.5 6 2.44949
6174.5 5 2.23607
6175.5 7 2.64575
6176.5 5 2.23607
6177.5 6 2.44949
6178.5 4 2
6179.5 8 2.82843
6180.5 8 2.82843
6181.5 10 3.16228
6182.5 10 3.16228
6183.5 4 2
6184.5 9 3
6185.5 8 2.82843
6186.5 8 2.82843
6187.5 8 2.82843
6188.5 3 1.73205
6189.5 9 3
6190.5 8 2.82843
6191.5 3 1.73205
6192.5 5 2.23607
6193.5 16 4
6194.5 6 2.44949
6195.5 5 2.23607
6196.5 6 2.44949
6197.5 8 2.82843
6198.5 7 2.64575
6199.5 6 2.44949
6200.5 3 1.73205
6201.5 6 2.44949
6202.5 7 2.64575
6203.5 10 3.16228
6204.5 7 2.64575
6205.5 8 2.82843
6206.5 6 2.44949
6207.5 13 3.60555
6208.5 4 2
6209.5 9 3
6210.5 7 2.64575
6211.5 8 2.82843
6212.5 9 3
6213.5 9 3
6214.5 4 2
6215.5 5 2.23607
6216.5 6 2.44949
6217.5 4 2
6218.5 12 3.4641
6219.5 7 2.64575
6220.5 17 4.12311
6221.5 12 3.4641
6222.5 6 2.44949
6223.5 15 3.87298
6224.5 6 2.44949
6225.5 8 2.82843
6226.5 8 2.82843
6227.5 8 2.82843
6228.5 9 3
6229.5 8 2.82843
6230.5 6 2.44949
6231.5 8 2.82843
6232.5 5 2.23607
6233.5 9 3
6234.5 4 2
6235.5 6 2.44949
6236.5 5 2.23607
6237.5 3 1.73205
6238.5 11 3.31662
6239.5 12 3.4641
6240.5 3 1.73205
6241.5 6 2.44949
6242.5 7 2.64575
6243.5 9 3
6244.5 4 2
6245.5 6 2.44949
6246.5 11 3.31662
6247.5 6 2.44949
6248.5 4 2
6249.5 9 3
6250.5 7 2.64575
6251.5 5 2.23607
6252.5 4 2
6253.5 7 2.64575
6254.5 10 3.16228
6255.5 7 2.64575
6256.5 8 2.82843
6257.5 8 2.82843
6258.5 3 1.73205
6259.5 15 3.87298
6260.5 5 2.23607
6261.5 11 3.31662
6262.5 5 2.23607
6263.5 10 3.16228
6264.5 8 2.82843
6265.5 7 2.64575
6266.5 8 2.82843
6267.5 7 2.64575
6268.5 4 2
6269.5 8 2.82843
6270.5 11 3.31662
6271.5 7 2.64575
6272.5 7 2.64575
6273.5 9 3
6274.5 13 3.60555
6275.5 11 3.31662
6276.5 8 2.82843
6277.5 10 3.16228
6278.5 14 3.74166
6279.5 5 2.23607
6280.5 3 1.73205
6281.5 10 3.16228
6282.5 7 2.64575
6283.5 4 2
6284.5 8 2.82843
6285.5 7 2.64575
6286.5 6 2.44949
6287.5 7 2.64575
6288.5 5 2.23607
6289.5 10 3.16228
6290.5 13 3.60555
6291.5 9 3
6292.5 10 3.16228
6293.5 9 3
6294.5 8 2.82843
6295.5 6 2.44949
6296.5 9 3
6297.5 7 2.64575
6298.5 4 2
6299.5 11 3.31662
6300.5 6 2.44949
6301.5 6 2.44949
6302.5 6 2.44949
6303.5 8 2.82843
6304.5 8 2.82843
6305.5 8 2.82843
6306.5 9 3
6307.5 7 2.64575
6308.5 5 2.23607
6309.5 6 2.44949
6310.5 6 2.44949
6311.5 8 2.82843
6312.5 9 3
6313.5 4 2
6314.5 7 2.64575
6315.5 9 3
6316.5 8 2.82843
6317.5 6 2.44949
6318.5 7 2.64575
6319.5 6 2.44949
6320.5 2 1.41421
6321.5 3 1.73205
6322.5 8 2.82843
6323.5 10 3.16228
6324.5 5 2.23607
6325.5 6 2.44949
6326.5 7 2.64575
6327.5 7 2.64575
6328.5 3 1.73205
6329.5 4 2
6330.5 6 2.44949
6331.5 6 2.44949
6332.5 4 2
6333.5 4 2
6334.5 5 2.23607
6335.5 9 3
6336.5 7 2.64575
6337.5 6 2.44949
6338.5 6 2.44949
6339.5 6 2.44949
6340.5 6 2.44949
6341.5 14 3.74166
6342.5 6 2.44949
6343.5 9 3
6344.5 6 2.44949
6345.5 10 3.16228
6346.5 7 2.64575
6347.5 13 3.60555
6348.5 2 1.41421
6349.5 6 2.44949
6350.5 6 2.44949
6351.5 5 2.23607
6352.5 5 2.23607
6353.5 8 2.82843
6354.5 8 2.82843
6355.5 9 3
6356.5 7 2.64575
6357.5 10 3.16228
6358.5 3 1.73205
6359.5 6 2.44949
6360.5 5 2.23607
6361.5 2 1.41421
6362.5 4 2
6363.5 6 2.44949
6364.5 4 2
6365.5 5 2.23607
6366.5 5 2.23607
6367.5 6 2.44949
6368.5 6 2.44949
6369.5 8 2.82843
6370.5 9 3
6371.5 7 2.64575
6372.5 7 2.64575
6373.5 12 3.4641
6374.5 9 3
6375.5 6 2.44949
6376.5 7 2.64575
6377.5 12 3.4641
6378.5 4 2
6379.5 8 2.82843
6380.5 8 2.82843
6381.5 2 1.41421
6382.5 8 2.82843
6383.5 10 3.16228
6384.5 10 3.16228
6385.5 5 2.23607
6386.5 7 2.64575
6387.5 7 2.64575
6388.5 5 2.23607
6389.5 8 2.82843
6390.5 5 2.23607
6391.5 8 2.82843
6392.5 13 3.60555
6393.5 6 2.44949
6394.5 5 2.23607
6395.5 10 3.16228
6396.5 8 2.82843
6397.5 5 2.23607
6398.5 7 2.64575
6399.5 5 2.23607
6400.5 9 3
6401.5 8 2.82843
6402.5 4 2
6403.5 8 2.82843
6404.5 7 2.64575
6405.5 1 1
6406.5 5 2.23607
6407.5 4 2
6408.5 10 3.16228
6409.5 6 2.44949
6410.5 6 2.44949
6411.5 7 2.64575
6412.5 10 3.16228
6413.5 7 2.64575
6414.5 5 2.23607
6415.5 7 2.64575
6416.5 7 2.64575
6417.5 7 2.64575
6418.5 8 2.82843
6419.5 5 2.23607
6420.5 11 3.31662
6421.5 12 3.4641
6422.5 8 2.82843
6423.5 11 3.31662
6424.5 10 3.16228
6425.5 7 2.64575
6426.5 7 2.64575
6427.5 7 2.64575
6428.5 5 2.23607
6429.5 2 1.41421
6430.5 5 2.23607
6431.5 8 2.82843
6432.5 6 2.44949
6433.5 5 2.23607
6434.5 14 3.74166
6435.5 6 2.44949
6436.5 6 2.44949
6437.5 6 2.44949
6438.5 4 2
6439.5 7 2.64575
6440.5 1 1
6441.5 9 3
6442.5 12 3.4641
6443.5 5 2.23607
6444.5 6 2.44949
6445.5 5 2.23607
6446.5 4 2
6447.5 7 2.64575
6448.5 10 3.16228
6449.5 8 2.82843
6450.5 7 2.64575
6451.5 5 2.23607
6452.5 4 2
6453.5 5 2.23607
6454.5 6 2.44949
6455.5 7 2.64575
6456.5 7 2.64575
6457.5 4 2
6458.5 3 1.73205
6459.5 9 3
6460.5 7 2.64575
6461.5 6 2.44949
6462.5 10 3.16228
6463.5 7 2.64575
6464.5 5 2.23607
6465.5 5 2.23607
6466.5 3 1.73205
6467.5 4 2
6468.5 6 2.44949
6469.5 9 3
6470.5 6 2.44949
6471.5 6 2.44949
6472.5 2 1.41421
6473.5 5 2.23607
6474.5 5 2.23607
6475.5 12 3.4641
6476.5 7 2.64575
6477.5 11 3.31662
6478.5 8 2.82843
6479.5 5 2.23607
6480.5 4 2
6481.5 7 2.64575
6482.5 5 2.23607
6483.5 5 2.23607
6484.5 4 2
6485.5 4 2
6486.5 7 2.64575
6487.5 7 2.64575
6488.5 7 2.64575
6489.5 8 2.82843
6490.5 6 2.44949
6491.5 8 2.82843
6492.5 1 1
6493.5 3 1.73205
6494.5 10 3.16228
6495.5 5 2.23607
6496.5 8 2.82843
6497.5 3 1.73205
6498.5 10 3.16228
6499.5 10 3.16228
6500.5 5 2.23607
6501.5 9 3
6502.5 7 2.64575
6503.5 7 2.64575
6504.5 7 2.64575
6505.5 6 2.44949
6506.5 8 2.82843
6507.5 5 2.23607
6508.5 3 1.73205
6509.5 6 2.44949
6510.5 6 2.44949
6511.5 4 2
6512.5 5 2.23607
6513.5 11 3.31662
6514.5 6 2.44949
6515.5 7 2.64575
6516.5 13 3.60555
6517.5 10 3.16228
6518.5 4 2
6519.5 7 2.64575
6520.5 6 2.44949
6521.5 8 2.82843
6522.5 4 2
6523.5 4 2
6524.5 3 1.73205
6525.5 7 2.64575
6526.5 7 2.64575
6527.5 14 3.74166
6528.5 6 2.44949
6529.5 8 2.82843
6530.5 1 1
6531.5 4 2
6532.5 10 3.16228
6533.5 10 3.16228
6534.5 7 2.64575
6535.5 11 3.31662
6536.5 7 2.64575
6537.5 6 2.44949
6538.5 13 3.60555
6539.5 5 2.23607
6540.5 9 3
6541.5 12 3.4641
6542.5 6 2.44949
6543.5 1 1
6544.5 9 3
6545.5 13 3.60555
6546.5 7 2.64575
6547.5 2 1.41421
6548.5 5 2.23607
6549.5 8 2.82843
6550.5 7 2.64575
6551.5 5 2.23607
6552.5 4 2
6553.5 2 1.41421
6554.5 4 2
6555.5 7 2.64575
6556.5 7 2.64575
6557.5 5 2.23607
6558.5 10 3.16228
6559.5 11 3.31662
6560.5 7 2.64575
6561.5 4 2
6562.5 10 3.16228
6563.5 5 2.23607
6564.5 6 2.44949
6565.5 10 3.16228
6566.5 10 3.16228
6567.5 6 2.44949
6568.5 6 2.44949
6569.5 6 2.44949
6570.5 11 3.31662
6571.5 8 2.82843
6572.5 10 3.16228
6573.5 9 3
6574.5 11 3.31662
6575.5 4 2
6576.5 6 2.44949
6577.5 6 2.44949
6578.5 13 3.60555
6579.5 6 2.44949
6580.5 5 2.23607
6581.5 7 2.64575
6582.5 4 2
6583.5 5 2.23607
6584.5 7 2.64575
6585.5 6 2.44949
6586.5 6 2.44949
6587.5 7 2.64575
6588.5 5 2.23607
6589.5 6 2.44949
6590.5 7 2.64575
6591.5 5 2.23607
6592.5 5 2.23607
6593.5 7 2.64575
6594.5 8 2.82843
6595.5 3 1.73205
6596.5 5 2.23607
6597.5 11 3.31662
6598.5 8 2.82843
6599.5 4 2
6600.5 9 3
6601.5 10 3.16228
6602.5 7 2.64575
6603.5 7 2.64575
6604.5 4 2
6605.5 11 3.31662
6606.5 7 2.64575
6607.5 4 2
6608.5 7 2.64575
6609.5 8 2.82843
6610.5 7 2.64575
6611.5 8 2.82843
6612.5 11 3.31662
6613.5 4 2
6614.5 5 2.23607
6615.5 6 2.44949
6616.5 9 3
6617.5 10 3.16228
6618.5 6 2.44949
6619.5 6 2.44949
6620.5 5 2.23607
6621.5 7 2.64575
6622.5 10 3.16228
6623.5 6 2.44949
6624.5 9 3
6625.5 4 2
6626.5 5 2.23607
6627.5 7 2.64575
6628.5 10 3.16228
6629.5 7 2.64575
6630.5 11 3.31662
6631.5 11 3.31662
6632.5 10 3.16228
6633.5 10 3.16228
6634.5 4 2
6635.5 6 2.44949
6636.5 10 3.16228
6637.5 8 2.82843
6638.5 9 3
6639.5 6 2.44949
6640.5 7 2.64575
6641.5 6 2.44949
6642.5 6 2.44949
6643.5 7 2.64575
6644.5 4 2
6645.5 7 2.64575
6646.5 5 2.23607
6647.5 7 2.64575
6648.5 6 2.44949
6649.5 6 2.44949
6650.5 9 3
6651.5 6 2.44949
6652.5 3 1.73205
6653.5 5 2.23607
6654.5 6 2.44949
6655.5 10 3.16228
6656.5 3 1.73205
6657.5 3 1.73205
6658.5 6 2.44949
6659.5 8 2.82843
6660.5 4 2
6661.5 8 2.82843
6662.5 12 3.4641
6663.5 5 2.23607
6664.5 11 3.31662
6665.5 10 3.16228
6666.5 5 2.23607
6667.5 5 2.23607
6668.5 8 2.82843
6669.5 7 2.64575
6670.5 5 2.23607
6671.5 7 2.64575
6672.5 8 2.82843
6673.5 9 3
6674.5 8 2.82843
6675.5 6 2.44949
6676.5 9 3
6677.5 11 3.31662
6678.5 3 1.73205
6679.5 8 2.82843
6680.5 7 2.64575
6681.5 2 1.41421
6682.5 4 2
6683.5 9 3
6684.5 4 2
6685.5 5 2.23607
6686.5 8 2.82843
6687.5 5 2.23607
6688.5 1 1
6689.5 5 2.23607
6690.5 6 2.44949
6691.5 7 2.64575
6692.5 12 3.4641
6693.5 11 3.31662
6694.5 5 2.23607
6695.5 8 2.82843
6696.5 3 1.73205
6697.5 7 2.64575
6698.5 8 2.82843
6699.5 6 2.44949
6700.5 12 3.4641
6701.5 1 1
6702.5 6 2.44949
6703.5 8 2.82843
6704.5 6 2.44949
6705.5 6 2.44949
6706.5 6 2.44949
6707.5 10 3.16228
6708.5 10 3.16228
6709.5 10 3.16228
6710.5 7 2.64575
6711.5 6 2.44949
6712.5 7 2.64575
6713.5 5 2.23607
6714.5 8 2.82843
6715.5 8 2.82843
6716.5 4 2
6717.5 6 2.44949
6718.5 9 3
6719.5 8 2.82843
6720.5 12 3.4641
6721.5 6 2.44949
6722.5 9 3
6723.5 12 3.4641
6724.5 7 2.64575
6725.5 1 1
6726.5 3 1.73205
6727.5 9 3
6728.5 10 3.16228
6729.5 12 3.4641
6730.5 10 3.16228
6731.5 6 2.44949
6732.5 10 3.16228
6733.5 8 2.82843
6734.5 5 2.23607
6735.5 7 2.64575
6736.5 6 2.44949
6737.5 6 2.44949
6738.5 5 2.23607
6739.5 9 3
6740.5 2 1.41421
6741.5 7 2.64575
6742.5 6 2.44949
6743.5 7 2.64575
6744.5 13 3.60555
6745.5 5 2.23607
6746.5 6 2.44949
6747.5 8 2.82843
6748.5 10 3.16228
6749.5 5 2.23607
6750.5 8 2.82843
6751.5 7 2.64575
6752.5 9 3
6753.5 7 2.64575
6754.5 9 3
6755.5 9 3
6756.5 7 2.64575
6757.5 9 3
6758.5 7 2.64575
6759.5 8 2.82843
6760.5 4 2
6761.5 12 3.4641
6762.5 10 3.16228
6763.5 6 2.44949
6764.5 9 3
6765.5 10 3.16228
6766.5 3 1.73205
6767.5 9 3
6768.5 3 1.73205
6769.5 13 3.60555
6770.5 6 2.44949
6771.5 9 3
6772.5 10 3.16228
6773.5 4 2
6774.5 3 1.73205
6775.5 3 1.73205
6776.5 4 2
6777.5 8 2.82843
6778.5 7 2.64575
6779.5 6 2.44949
6780.5 10 3.16228
6781.5 12 3.4641
6782.5 10 3.16228
6783.5 4 2
6784.5 7 2.64575
6785.5 9 3
6786.5 7 2.64575
6787.5 10 3.16228
6788.5 14 3.74166
6789.5 4 2
6790.5 10 3.16228
6791.5 8 2.82843
6792.5 7 2.64575
6793.5 8 2.82843
6794.5 8 2.82843
6795.5 6 2.44949
6796.5 6 2.44949
6797.5 6 2.44949
6798.5 6 2.44949
6799.5 4 2
6800.5 8 2.82843
6801.5 10 3.16228
6802.5 6 2.44949
6803.5 9 3
6804.5 8 2.82843
6805.5 6 2.44949
6806.5 12 3.4641
6807.5 12 3.4641
6808.5 8 2.82843
6809.5 7 2.64575
6810.5 6 2.44949
6811.5 4 2
6812.5 3 1.73205
6813.5 9 3
6814.5 7 2.64575
6815.5 6 2.44949
6816.5 2 1.41421
6817.5 4 2
6818.5 9 3
6819.5 8 2.82843
6820.5 6 2.44949
6821.5 6 2.44949
6822.5 9 3
6823.5 5 2.23607
6824.5 6 2.44949
6825.5 10 3.16228
6826.5 4 2
6827.5 10 3.16228
6828.5 5 2.23607
6829.5 3 1.73205
6830.5 9 3
6831.5 1 1
6832.5 12 3.4641
6833.5 6 2.44949
6834.5 5 2.23607
6835.5 5 2.23607
6836.5 6 2.44949
6837.5 9 3
6838.5 5 2.23607
6839.5 8 2.82843
6840.5 9 3
6841.5 10 3.16228
6842.5 4 2
6843.5 3 1.73205
6844.5 8 2.82843
6845.5 9 3
6846.5 8 2.82843
6847.5 6 2.44949
6848.5 7 2.64575
6849.5 5 2.23607
6850.5 9 3
6851.5 10 3.16228
6852.5 6 2.44949
6853.5 8 2.82843
6854.5 9 3
6855.5 3 1.73205
6856.5 3 1.73205
6857.5 7 2.64575
6858.5 7 2.64575
6859.5 12 3.4641
6860.5 6 2.44949
6861.5 11 3.31662
6862.5 5 2.23607
6863.5 6 2.44949
6864.5 6 2.44949
6865.5 6 2.44949
6866.5 7 2.64575
6867.5 5 2.23607
6868.5 10 3.16228
6869.5 5 2.23607
6870.5 7 2.64575
6871.5 6 2.44949
6872.5 8 2.82843
6873.5 6 2.44949
6874.5 4 2
6875.5 5 2.23607
6876.5 9 3
6877.5 5 2.23607
6878.5 10 3.16228
6879.5 5 2.23607
6880.5 10 3.16228
6881.5 7 2.64575
6882.5 5 2.23607
6883.5 5 2.23607
6884.5 6 2.44949
6885.5 7 2.64575
6886.5 6 2.44949
6887.5 7 2.64575
6888.5 7 2.64575
6889.5 4 2
6890.5 4 2
6891.5 3 1.73205
6892.5 7 2.64575
6893.5 9 3
6894.5 6 2.44949
6895.5 7 2.64575
6896.5 4 2
6897.5 6 2.44949
6898.5 7 2.64575
6899.5 5 2.23607
6900.5 6 2.44949
6901.5 5 2.23607
6902.5 10 3.16228
6903.5 10 3.16228
6904.5 5 2.23607
6905.5 7 2.64575
6906.5 7 2.64575
6907.5 6 2.44949
6908.5 3 1.73205
6909.5 9 3
6910.5 7 2.64575
6911.5 7 2.64575
6912.5 5 2.23607
6913.5 6 2.44949
6914.5 7 2.64575
6915.5 7 2.64575
6916.5 5 2.23607
6917.5 1 1
6918.5 6 2.44949
6919.5 9 3
6920.5 8 2.82843
6921.5 11 3.31662
6922.5 7 2.64575
6923.5 7 2.64575
6924.5 12 3.4641
6925.5 10 3.16228
6926.5 10 3.16228
6927.5 5 2.23607
6928.5 8 2.82843
6929.5 7 2.64575
6930.5 12 3.4641
6931.5 6 2.44949
6932.5 10 3.16228
6933.5 3 1.73205
6934.5 9 3
6935.5 9 3
6936.5 7 2.64575
6937.5 7 2.64575
6938.5 7 2.64575
6939.5 3 1.73205
6940.5 4 2
6941.5 6 2.44949
6942.5 4 2
6943.5 7 2.64575
6944.5 5 2.23607
6945.5 7 2.64575
6946.5 5 2.23607
6947.5 8 2.82843
6948.5 8 2.82843
6949.5 5 2.23607
6950.5 6 2.44949
6951.5 10 3.16228
6952.5 8 2.82843
6953.5 9 3
6954.5 6 2.44949
6955.5 6 2.44949
6956.5 7 2.64575
6957.5 5 2.23607
6958.5 4 2
6959.5 4 2
6960.5 5 2.23607
6961.5 3 1.73205
6962.5 12 3.4641
6963.5 11 3.31662
6964.5 3 1.73205
6965.5 4 2
6966.5 2 1.41421
6967.5 8 2.82843
6968.5 9 3
6969.5 4 2
6970.5 8 2.82843
6971.5 3 1.73205
6972.5 14 3.74166
6973.5 8 2.82843
6974.5 11 3.31662
6975.5 6 2.44949
6976.5 6 2.44949
6977.5 7 2.64575
6978.5 2 1.41421
6979.5 8 2.82843
6980.5 2 1.41421
6981.5 13 3.60555
6982.5 5 2.23607
6983.5 3 1.73205
6984.5 8 2.82843
6985.5 7 2.64575
6986.5 11 3.31662
6987.5 8 2.82843
6988.5 9 3
6989.5 5 2.23607
6990.5 7 2.64575
6991.5 7 2.64575
6992.5 6 2.44949
6993.5 10 3.16228
6994.5 7 2.64575
6995.5 8 2.82843
6996.5 8 2.82843
6997.5 5 2.23607
6998.5 4 2
6999.5 5 2.23607
7000.5 7 2.64575
7001.5 10 3.16228
7002.5 14 3.74166
7003.5 7 2.64575
7004.5 7 2.64575
7005.5 11 3.31662
7006.5 14 3.74166
7007.5 7 2.64575
7008.5 8 2.82843
7009.5 6 2.44949
7010.5 7 2.64575
7011.5 7 2.64575
7012.5 7 2.64575
7013.5 7 2.64575
7014.5 5 2.23607
7015.5 7 2.64575
7016.5 12 3.4641
7017.5 9 3
7018.5 7 2.64575
7019.5 4 2
7020.5 8 2.82843
7021.5 9 3
7022.5 9 3
7023.5 7 2.64575
7024.5 12 3.4641
7025.5 8 2.82843
7026.5 3 1.73205
7027.5 12 3.4641
7028.5 11 3.31662
7029.5 9 3
7030.5 14 3.74166
7031.5 14 3.74166
7032.5 13 3.60555
7033.5 8 2.82843
7034.5 10 3.16228
7035.5 6 2.44949
7036.5 12 3.4641
7037.5 23 4.79583
7038.5 9 3
7039.5 11 3.31662
7040.5 10 3.16228
7041.5 5 2.23607
7042.5 12 3.4641
7043.5 25 5
7044.5 10 3.16228
7045.5 12 3.4641
7046.5 8 2.82843
7047.5 11 3.31662
7048.5 9 3
7049.5 8 2.82843
7050.5 10 3.16228
7051.5 9 3
7052.5 9 3
7053.5 7 2.64575
7054.5 6 2.44949
7055.5 12 3.4641
7056.5 8 2.82843
7057.5 3 1.73205
7058.5 6 2.44949
7059.5 9 3
7060.5 4 2
7061.5 6 2.44949
7062.5 7 2.64575
7063.5 5 2.23607
7064.5 3 1.73205
7065.5 8 2.82843
7066.5 9 3
7067.5 9 3
7068.5 11 3.31662
7069.5 7 2.64575
7070.5 6 2.44949
7071.5 14 3.74166
7072.5 5 2.23607
7073.5 6 2.44949
7074.5 12 3.4641
7075.5 7 2.64575
7076.5 5 2.23607
7077.5 3 1.73205
7078.5 11 3.31662
7079.5 4 2
7080.5 9 3
7081.5 6 2.44949
7082.5 6 2.44949
7083.5 3 1.73205
7084.5 3 1.73205
7085.5 11 3.31662
7086.5 10 3.16228
7087.5 7 2.64575
7088.5 4 2
7089.5 5 2.23607
7090.5 4 2
7091.5 9 3
7092.5 8 2.82843
7093.5 8 2.82843
7094.5 11 3.31662
7095.5 4 2
7096.5 9 3
7097.5 6 2.44949
7098.5 9 3
7099.5 14 3.74166
7100.5 8 2.82843
7101.5 6 2.44949
7102.5 8 2.82843
7103.5 7 2.64575
7104.5 7 2.64575
7105.5 6 2.44949
7106.5 4 2
7107.5 10 3.16228
7108.5 8 2.82843
7109.5 10 3.16228
7110.5 9 3
7111.5 5 2.23607
7112.5 3 1.73205
7113.5 9 3
7114.5 8 2.82843
7115.5 7 2.64575
7116.5 7 2.64575
7117.5 8 2.82843
7118.5 8 2.82843
7119.5 10 3.16228
7120.5 5 2.23607
7121.5 10 3.16228
7122.5 5 2.23607
7123.5 13 3.60555
7124.5 7 2.64575
7125.5 7 2.64575
7126.5 9 3
7127.5 4 2
7128.5 7 2.64575
7129.5 7 2.64575
7130.5 5 2.23607
7131.5 8 2.82843
7132.5 11 3.31662
7133.5 12 3.4641
7134.5 13 3.60555
7135.5 5 2.23607
7136.5 7 2.64575
7137.5 2 1.41421
7138.5 6 2.44949
7139.5 7 2.64575
7140.5 12 3.4641
7141.5 11 3.31662
7142.5 7 2.64575
7143.5 7 2.64575
7144.5 6 2.44949
7145.5 5 2.23607
7146.5 5 2.23607
7147.5 5 2.23607
7148.5 5 2.23607
7149.5 8 2.82843
7150.5 3 1.73205
7151.5 5 2.23607
7152.5 7 2.64575
7153.5 7 2.64575
7154.5 3 1.73205
7155.5 12 3.4641
7156.5 9 3
7157.5 9 3
7158.5 8 2.82843
7159.5 10 3.16228
7160.5 5 2.23607
7161.5 7 2.64575
7162.5 12 3.4641
7163.5 12 3.4641
7164.5 8 2.82843
7165.5 7 2.64575
7166.5 8 2.82843
7167.5 5 2.23607
7168.5 4 2
7169.5 9 3
7170.5 5 2.23607
7171.5 6 2.44949
7172.5 4 2
7173.5 10 3.16228
7174.5 7 2.64575
7175.5 5 2.23607
7176.5 9 3
7177.5 6 2.44949
7178.5 8 2.82843
7179.5 7 2.64575
7180.5 4 2
7181.5 7 2.64575
7182.5 10 3.16228
7183.5 4 2
7184.5 6 2.44949
7185.5 8 2.82843
7186.5 5 2.23607
7187.5 2 1.41421
7188.5 5 2.23607
7189.5 7 2.64575
7190.5 5 2.23607
7191.5 10 3.16228
7192.5 10 3.16228
7193.5 10 3.16228
7194.5 3 1.73205
7195.5 7 2.64575
7196.5 7 2.64575
7197.5 4 2
7198.5 5 2.23607
7199.5 4 2
7200.5 7 2.64575
7201.5 5 2.23607
7202.5 11 3.31662
7203.5 6 2.44949
7204.5 4 2
7205.5 6 2.44949
7206.5 11 3.31662
7207.5 4 2
7208.5 10 3.16228
7209.5 6 2.44949
7210.5 6 2.44949
7211.5 7 2.64575
7212.5 9 3
7213.5 3 1.73205
7214.5 5 2.23607
7215.5 10 3.16228
7216.5 3 1.73205
7217.5 11 3.31662
7218.5 8 2.82843
7219.5 9 3
7220.5 11 3.31662
7221.5 7 2.64575
7222.5 5 2.23607
7223.5 9 3
7224.5 7 2.64575
7225.5 1 1
7226.5 7 2.64575
7227.5 9 3
7228.5 2 1.41421
7229.5 5 2.23607
7230.5 7 2.64575
7231.5 9 3
7232.5 10 3.16228
7233.5 11 3.31662
7234.5 2 1.41421
7235.5 5 2.23607
7236.5 5 2.23607
7237.5 3 1.73205
7238.5 7 2.64575
7239.5 9 3
7240.5 3 1.73205
7241.5 5 2.23607
7242.5 7 2.64575
7243.5 1 1
7244.5 7 2.64575
7245.5 5 2.23607
7246.5 5 2.23607
7247.5 8 2.82843
7248.5 3 1.73205
7249.5 5 2.23607
7250.5 10 3.16228
7251.5 5 2.23607
7252.5 7 2.64575
7253.5 8 2.82843
7254.5 1 1
7255.5 4 2
7256.5 6 2.44949
7257.5 8 2.82843
7258.5 4 2
7259.5 10 3.16228
7260.5 4 2
7261.5 5 2.23607
7262.5 7 2.64575
7263.5 8 2.82843
7264.5 8 2.82843
7265.5 10 3.16228
7266.5 8 2.82843
7267.5 10 3.16228
7268.5 5 2.23607
7269.5 9 3
7270.5 7 2.64575
7271.5 12 3.4641
7272.5 10 3.16228
7273.5 3 1.73205
7274.5 3 1.73205
7275.5 4 2
7276.5 10 3.16228
7277.5 6 2.44949
7278.5 9 3
7279.5 4 2
7280.5 4 2
7281.5 2 1.41421
7282.5 7 2.64575
7283.5 3 1.73205
7284.5 4 2
7285.5 6 2.44949
7286.5 8 2.82843
7287.5 5 2.23607
7288.5 13 3.60555
7289.5 9 3
7290.5 8 2.82843
7291.5 8 2.82843
7292.5 7 2.64575
7293.5 10 3.16228
7294.5 11 3.31662
7295.5 4 2
7296.5 10 3.16228
7297.5 8 2.82843
7298.5 7 2.64575
7299.5 12 3.4641
7300.5 9 3
7301.5 8 2.82843
7302.5 6 2.44949
7303.5 2 1.41421
7304.5 11 3.31662
7305.5 5 2.23607
7306.5 3 1.73205
7307.5 8 2.82843
7308.5 6 2.44949
7309.5 9 3
7310.5 10 3.16228
7311.5 5 2.23607
7312.5 8 2.82843
7313.5 4 2
7314.5 8 2.82843
7315.5 4 2
7316.5 6 2.44949
7317.5 5 2.23607
7318.5 6 2.44949
7319.5 13 3.60555
7320.5 6 2.44949
7321.5 8 2.82843
7322.5 7 2.64575
7323.5 6 2.44949
7324.5 3 1.73205
7325.5 7 2.64575
7326.5 6 2.44949
7327.5 7 2.64575
7328.5 4 2
7329.5 6 2.44949
7330.5 2 1.41421
7331.5 4 2
7332.5 8 2.82843
7333.5 7 2.64575
7334.5 9 3
7335.5 9 3
7336.5 9 3
7337.5 5 2.23607
7338.5 2 1.41421
7339.5 4 2
7340.5 4 2
7341.5 3 1.73205
7342.5 3 1.73205
7343.5 6 2.44949
7344.5 2 1.41421
7345.5 7 2.64575
7346.5 11 3.31662
7347.5 10 3.16228
7348.5 9 3
7349.5 6 2.44949
7350.5 7 2.64575
7351.5 5 2.23607
7352.5 3 1.73205
7353.5 8 2.82843
7354.5 11 3.31662
7355.5 11 3.31662
7356.5 5 2.23607
7357.5 6 2.44949
7358.5 9 3
7359.5 6 2.44949
7360.5 8 2.82843
7361.5 7 2.64575
7362.5 8 2.82843
7363.5 8 2.82843
7364.5 4 2
7365.5 8 2.82843
7366.5 8 2.82843
7367.5 4 2
7368.5 9 3
7369.5 8 2.82843
7370.5 7 2.64575
7371.5 5 2.23607
7372.5 4 2
7373.5 9 3
7374.5 7 2.64575
7375.5 4 2
7376.5 8 2.82843
7377.5 5 2.23607
7378.5 3 1.73205
7379.5 2 1.41421
7380.5 6 2.44949
7381.5 8 2.82843
7382.5 4 2
7383.5 7 2.64575
7384.5 9 3
7385.5 2 1.41421
7386.5 10 3.16228
7387.5 8 2.82843
7388.5 5 2.23607
7389.5 3 1.73205
7390.5 12 3.4641
7391.5 4 2
7392.5 7 2.64575
7393.5 6 2.44949
7394.5 5 2.23607
7395.5 7 2.64575
7396.5 4 2
7397.5 8 2.82843
7398.5 10 3.16228
7399.5 3 1.73205
7400.5 9 3
7401.5 7 2.64575
7402.5 9 3
7403.5 3 1.73205
7404.5 10 3.16228
7405.5 5 2.23607
7406.5 4 2
7407.5 7 2.64575
7408.5 5 2.23607
7409.5 6 2.44949
7410.5 5 2.23607
7411.5 5 2.23607
7412.5 9 3
7413.5 11 3.31662
7414.5 3 1.73205
7415.5 7 2.64575
7416.5 13 3.60555
7417.5 6 2.44949
7418.5 8 2.82843
7419.5 5 2.23607
7420.5 4 2
7421.5 6 2.44949
7422.5 6 2.44949
7423.5 8 2.82843
7424.5 9 3
7425.5 9 3
7426.5 6 2.44949
7427.5 6 2.44949
7428.5 3 1.73205
7429.5 6 2.44949
7430.5 6 2.44949
7431.5 4 2
7432.5 5 2.23607
7433.5 8 2.82843
7434.5 6 2.44949
7435.5 9 3
7436.5 4 2
7437.5 6 2.44949
7438.5 8 2.82843
7439.5 11 3.31662
7440.5 4 2
7441.5 7 2.64575
7442.5 5 2.23607
7443.5 9 3
7444.5 9 3
7445.5 7 2.64575
7446.5 6 2.44949
7447.5 6 2.44949
7448.5 9 3
7449.5 5 2.23607
7450.5 6 2.44949
7451.5 6 2.44949
7452.5 13 3.60555
7453.5 5 2.23607
7454.5 8 2.82843
7455.5 4 2
7456.5 5 2.23607
7457.5 6 2.44949
7458.5 10 3.16228
7459.5 8 2.82843
7460.5 5 2.23607
7461.5 8 2.82843
7462.5 8 2.82843
7463.5 4 2
7464.5 8 2.82843
7465.5 13 3.60555
7466.5 4 2
7467.5 7 2.64575
7468.5 3 1.73205
7469.5 8 2.82843
7470.5 11 3.31662
7471.5 1 1
7472.5 4 2
7473.5 8 2.82843
7474.5 12 3.4641
7475.5 10 3.16228
7476.5 6 2.44949
7477.5 4 2
7478.5 6 2.44949
7479.5 6 2.44949
7480.5 6 2.44949
7481.5 9 3
7482.5 4 2
7483.5 10 3.16228
7484.5 10 3.16228
7485.5 5 2.23607
7486.5 7 2.64575
7487.5 8 2.82843
7488.5 1 1
7489.5 8 2.82843
7490.5 6 2.44949
7491.5 5 2.23607
7492.5 6 2.44949
7493.5 2 1.41421
7494.5 6 2.44949
7495.5 11 3.31662
7496.5 3 1.73205
7497.5 6 2.44949
7498.5 7 2.64575
7499.5 2 1.41421
7500.5 9 3
7501.5 3 1.73205
7502.5 7 2.64575
7503.5 8 2.82843
7504.5 7 2.64575
7505.5 7 2.64575
7506.5 5 2.23607
7507.5 4 2
7508.5 9 3
7509.5 6 2.44949
7510.5 3 1.73205
7511.5 8 2.82843
7512.5 11 3.31662
7513.5 6 2.44949
7514.5 4 2
7515.5 4 2
7516.5 10 3.16228
7517.5 5 2.23607
7518.5 6 2.44949
7519.5 7 2.64575
7520.5 10 3.16228
7521.5 10 3.16228
7522.5 9 3
7523.5 6 2.44949
7524.5 5 2.23607
7525.5 5 2.23607
7526.5 8 2.82843
7527.5 2 1.41421
7528.5 10 3.16228
7529.5 4 2
7530.5 5 2.23607
7531.5 6 2.44949
7532.5 6 2.44949
7533.5 9 3
7534.5 8 2.82843
7535.5 6 2.44949
7536.5 5 2.23607
7537.5 4 2
7538.5 5 2.23607
7539.5 6 2.44949
7540.5 9 3
7541.5 9 3
7542.5 8 2.82843
7543.5 7 2.64575
7544.5 7 2.64575
7545.5 9 3
7546.5 11 3.31662
7547.5 11 3.31662
7548.5 4 2
7549.5 6 2.44949
7550.5 12 3.4641
7551.5 12 3.4641
7552.5 3 1.73205
7553.5 5 2.23607
7554.5 9 3
7555.5 8 2.82843
7556.5 7 2.64575
7557.5 7 2.64575
7558.5 4 2
7559.5 6 2.44949
7560.5 6 2.44949
7561.5 11 3.31662
7562.5 10 3.16228
7563.5 4 2
7564.5 5 2.23607
7565.5 10 3.16228
7566.5 15 3.87298
7567.5 6 2.44949
7568.5 8 2.82843
7569.5 7 2.64575
7570.5 4 2
7571.5 9 3
7572.5 5 2.23607
7573.5 8 2.82843
7574.5 9 3
7575.5 10 3.16228
7576.5 7 2.64575
7577.5 6 2.44949
7578.5 5 2.23607
7579.5 7 2.64575
7580.5 9 3
7581.5 5 2.23607
7582.5 10 3.16228
7583.5 9 3
7584.5 11 3.31662
7585.5 7 2.64575
7586.5 11 3.31662
7587.5 10 3.16228
7588.5 5 2.23607
7589.5 4 2
7590.5 1 1
7591.5 6 2.44949
7592.5 8 2.82843
7593.5 5 2.23607
7594.5 6 2.44949
7595.5 4 2
7596.5 6 2.44949
7597.5 8 2.82843
7598.5 7 2.64575
7599.5 4 2
7600.5 8 2.82843
7601.5 11 3.31662
7602.5 9 3
7603.5 10 3.16228
7604.5 5 2.23607
7605.5 10 3.16228
7606.5 10 3.16228
7607.5 9 3
7608.5 5 2.23607
7609.5 10 3.16228
7610.5 9 3
7611.5 3 1.73205
7612.5 8 2.82843
7613.5 11 3.31662
7614.5 3 1.73205
7615.5 4 2
7616.5 4 2
7617.5 7 2.64575
7618.5 4 2
7619.5 2 1.41421
7620.5 9 3
7621.5 9 3
7622.5 3 1.73205
7623.5 9 3
7624.5 4 2
7625.5 3 1.73205
7626.5 6 2.44949
7627.5 6 2.44949
7628.5 6 2.44949
7629.5 6 2.44949
7630.5 11 3.31662
7631.5 8 2.82843
7632.5 8 2.82843
7633.5 4 2
7634.5 9 3
7635.5 7 2.64575
7636.5 7 2.64575
7637.5 11 3.31662
7638.5 6 2.44949
7639.5 6 2.44949
7640.5 5 2.23607
7641.5 13 3.60555
7642.5 7 2.64575
7643.5 8 2.82843
7644.5 9 3
7645.5 5 2.23607
7646.5 5 2.23607
7647.5 9 3
7648.5 9 3
7649.5 7 2.64575
7650.5 5 2.23607
7651.5 13 3.60555
7652.5 8 2.82843
7653.5 7 2.64575
7654.5 5 2.23607
7655.5 3 1.73205
7656.5 9 3
7657.5 9 3
7658.5 7 2.64575
7659.5 8 2.82843
7660.5 10 3.16228
7661.5 7 2.64575
7662.5 9 3
7663.5 5 2.23607
7664.5 4 2
7665.5 11 3.31662
7666.5 4 2
7667.5 8 2.82843
7668.5 6 2.44949
7669.5 5 2.23607
7670.5 5 2.23607
7671.5 12 3.4641
7672.5 5 2.23607
7673.5 8 2.82843
7674.5 7 2.64575
7675.5 4 2
7676.5 7 2.64575
7677.5 6 2.44949
7678.5 8 2.82843
7679.5 8 2.82843
7680.5 6 2.44949
7681.5 5 2.23607
7682.5 5 2.23607
7683.5 8 2.82843
7684.5 8 2.82843
7685.5 5 2.23607
7686.5 6 2.44949
7687.5 11 3.31662
7688.5 11 3.31662
7689.5 5 2.23607
7690.5 10 3.16228
7691.5 7 2.64575
7692.5 7 2.64575
7693.5 7 2.64575
7694.5 9 3
7695.5 5 2.23607
7696.5 8 2.82843
7697.5 7 2.64575
7698.5 4 2
7699.5 5 2.23607
7700.5 5 2.23607
7701.5 8 2.82843
7702.5 7 2.64575
7703.5 4 2
7704.5 6 2.44949
7705.5 7 2.64575
7706.5 9 3
7707.5 7 2.64575
7708.5 6 2.44949
7709.5 7 2.64575
7710.5 9 3
7711.5 6 2.44949
7712.5 6 2.44949
7713.5 4 2
7714.5 5 2.23607
7715.5 7 2.64575
7716.5 11 3.31662
7717.5 5 2.23607
7718.5 7 2.64575
7719.5 7 2.64575
7720.5 4 2
7721.5 7 2.64575
7722.5 12 3.4641
7723.5 5 2.23607
7724.5 11 3.31662
7725.5 3 1.73205
7726.5 7 2.64575
7727.5 7 2.64575
7728.5 9 3
7729.5 4 2
7730.5 9 3
7731.5 7 2.64575
7732.5 12 3.4641
7733.5 6 2.44949
7734.5 3 1.73205
7735.5 4 2
7736.5 9 3
7737.5 6 2.44949
7738.5 6 2.44949
7739.5 5 2.23607
7740.5 10 3.16228
7741.5 10 3.16228
7742.5 9 3
7743.5 10 3.16228
7744.5 8 2.82843
7745.5 10 3.16228
7746.5 7 2.64575
7747.5 5 2.23607
7748.5 6 2.44949
7749.5 4 2
7750.5 6 2.44949
7751.5 10 3.16228
7752.5 4 2
7753.5 3 1.73205
7754.5 6 2.44949
7755.5 7 2.64575
7756.5 5 2.23607
7757.5 2 1.41421
7758.5 5 2.23607
7759.5 6 2.44949
7760.5 6 2.44949
7761.5 5 2.23607
7762.5 11 3.31662
7763.5 10 3.16228
7764.5 3 1.73205
7765.5 3 1.73205
7766.5 11 3.31662
7767.5 9 3
7768.5 6 2.44949
7769.5 6 2.44949
7770.5 7 2.64575
7771.5 10 3.16228
7772.5 9 3
7773.5 5 2.23607
7774.5 5 2.23607
7775.5 5 2.23607
7776.5 7 2.64575
7777.5 7 2.64575
7778.5 5 2.23607
7779.5 4 2
7780.5 9 3
7781.5 8 2.82843
7782.5 3 1.73205
7783.5 6 2.44949
7784.5 7 2.64575
7785.5 8 2.82843
7786.5 13 3.60555
7787.5 12 3.4641
7788.5 8 2.82843
7789.5 9 3
7790.5 9 3
7791.5 6 2.44949
7792.5 8 2.82843
7793.5 7 2.64575
7794.5 7 2.64575
7795.5 4 2
7796.5 8 2.82843
7797.5 5 2.23607
7798.5 8 2.82843
7799.5 4 2
7800.5 3 1.73205
7801.5 2 1.41421
7802.5 8 2.82843
7803.5 13 3.60555
7804.5 6 2.44949
7805.5 7 2.64575
7806.5 8 2.82843
7807.5 6 2.44949
7808.5 4 2
7809.5 13 3.60555
7810.5 4 2
7811.5 9 3
7812.5 2 1.41421
7813.5 3 1.73205
7814.5 5 2.23607
7815.5 4 2
7816.5 1 1
7817.5 8 2.82843
7818.5 7 2.64575
7819.5 4 2
7820.5 5 2.23607
7821.5 5 2.23607
7822.5 7 2.64575
7823.5 13 3.60555
7824.5 5 2.23607
7825.5 7 2.64575
7826.5 7 2.64575
7827.5 8 2.82843
7828.5 6 2.44949
7829.5 7 2.64575
7830.5 6 2.44949
7831.5 4 2
7832.5 9 3
7833.5 9 3
7834.5 7 2.64575
7835.5 8 2.82843
7836.5 5 2.23607
7837.5 3 1.73205
7838.5 4 2
7839.5 6 2.44949
7840.5 9 3
7841.5 8 2.82843
7842.5 8 2.82843
7843.5 10 3.16228
7844.5 5 2.23607
7845.5 4 2
7846.5 9 3
7847.5 6 2.44949
7848.5 10 3.16228
7849.5 6 2.44949
7850.5 7 2.64575
7851.5 4 2
7852.5 6 2.44949
7853.5 6 2.44949
7854.5 3 1.73205
7855.5 11 3.31662
7856.5 7 2.64575
7857.5 7 2.64575
7858.5 12 3.4641
7859.5 8 2.82843
7860.5 4 2
7861.5 9 3
7862.5 9 3
7863.5 6 2.44949
7864.5 9 3
7865.5 6 2.44949
7866.5 12 3.4641
7867.5 10 3.16228
7868.5 4 2
7869.5 8 2.82843
7870.5 7 2.64575
7871.5 9 3
7872.5 10 3.16228
7873.5 14 3.74166
7874.5 5 2.23607
7875.5 5 2.23607
7876.5 8 2.82843
7877.5 6 2.44949
7878.5 6 2.44949
7879.5 5 2.23607
7880.5 12 3.4641
7881.5 3 1.73205
7882.5 6 2.44949
7883.5 4 2
7884.5 7 2.64575
7885.5 10 3.16228
7886.5 8 2.82843
7887.5 8 2.82843
7888.5 6 2.44949
7889.5 5 2.23607
7890.5 7 2.64575
7891.5 8 2.82843
7892.5 14 3.74166
7893.5 7 2.64575
7894.5 6 2.44949
7895.5 8 2.82843
7896.5 10 3.16228
7897.5 9 3
7898.5 6 2.44949
7899.5 10 3.16228
7900.5 5 2.23607
7901.5 8 2.82843
7902.5 6 2.44949
7903.5 5 2.23607
7904.5 6 2.44949
7905.5 5 2.23607
7906.5 7 2.64575
7907.5 11 3.31662
7908.5 10 3.16228
7909.5 2 1.41421
7910.5 3 1.73205
7911.5 8 2.82843
7912.5 12 3.4641
7913.5 8 2.82843
7914.5 8 2.82843
7915.5 6 2.44949
7916.5 6 2.44949
7917.5 12 3.4641
7918.5 9 3
7919.5 13 3.60555
7920.5 9 3
7921.5 16 4
7922.5 18 4.24264
7923.5 16 4
7924.5 20 4.47214
7925.5 11 3.31662
7926.5 8 2.82843
7927.5 20 4.47214
7928.5 8 2.82843
7929.5 12 3.4641
7930.5 16 4
7931.5 11 3.31662
7932.5 16 4
7933.5 13 3.60555
7934.5 16 4
7935.5 4 2
7936.5 8 2.82843
7937.5 8 2.82843
7938.5 6 2.44949
7939.5 11 3.31662
7940.5 9 3
7941.5 10 3.16228
7942.5 5 2.23607
7943.5 5 2.23607
7944.5 6 2.44949
7945.5 4 2
7946.5 7 2.64575
7947.5 4 2
7948.5 7 2.64575
7949.5 4 2
7950.5 6 2.44949
7951.5 10 3.16228
7952.5 3 1.73205
7953.5 11 3.31662
7954.5 8 2.82843
7955.5 4 2
7956.5 3 1.73205
7957.5 5 2.23607
7958.5 4 2
7959.5 10 3.16228
7960.5 7 2.64575
7961.5 3 1.73205
7962.5 10 3.16228
7963.5 9 3
7964.5 9 3
7965.5 9 3
7966.5 6 2.44949
7967.5 7 2.64575
7968.5 6 2.44949
7969.5 10 3.16228
7970.5 4 2
7971.5 9 3
7972.5 2 1.41421
7973.5 3 1.73205
7974.5 5 2.23607
7975.5 7 2.64575
7976.5 5 2.23607
7977.5 10 3.16228
7978.5 11 3.31662
7979.5 6 2.44949
7980.5 10 3.16228
7981.5 4 2
7982.5 13 3.60555
7983.5 9 3
7984.5 5 2.23607
7985.5 3 1.73205
7986.5 11 3.31662
7987.5 10 3.16228
7988.5 6 2.44949
7989.5 4 2
7990.5 5 2.23607
7991.5 4 2
7992.5 4 2
7993.5 10 3.16228
7994.5 2 1.41421
7995.5 8 2.82843
7996.5 8 2.82843
7997.5 3 1.73205
7998.5 5 2.23607
7999.5 4 2
8000.5 7 2.64575
8001.5 5 2.23607
8002.5 5 2.23607
8003.5 7 2.64575
8004.5 4 2
8005.5 9 3
8006.5 4 2
8007.5 9 3
8008.5 4 2
8009.5 2 1.41421
8010.5 6 2.44949
8011.5 5 2.23607
8012.5 8 2.82843
8013.5 5 2.23607
8014.5 5 2.23607
8015.5 5 2.23607
8016.5 3 1.73205
8017.5 3 1.73205
8018.5 7 2.64575
8019.5 5 2.23607
8020.5 8 2.82843
8021.5 9 3
8022.5 12 3.4641
8023.5 3 1.73205
8024.5 11 3.31662
8025.5 3 1.73205
8026.5 6 2.44949
8027.5 5 2.23607
8028.5 6 2.44949
8029.5 4 2
8030.5 8 2.82843
8031.5 12 3.4641
8032.5 10 3.16228
8033.5 9 3
8034.5 5 2.23607
8035.5 7 2.64575
8036.5 9 3
8037.5 7 2.64575
8038.5 3 1.73205
8039.5 3 1.73205
8040.5 8 2.82843
8041.5 9 3
8042.5 10 3.16228
8043.5 7 2.64575
8044.5 9 3
8045.5 5 2.23607
8046.5 9 3
8047.5 6 2.44949
8048.5 5 2.23607
8049.5 4 2
8050.5 3 1.73205
8051.5 7 2.64575
8052.5 11 3.31662
8053.5 6 2.44949
8054.5 7 2.64575
8055.5 5 2.23607
8056.5 10 3.16228
8057.5 6 2.44949
8058.5 5 2.23607
8059.5 5 2.23607
8060.5 4 2
8061.5 3 1.73205
8062.5 10 3.16228
8063.5 11 3.31662
8064.5 7 2.64575
8065.5 13 3.60555
8066.5 7 2.64575
8067.5 13 3.60555
8068.5 4 2
8069.5 8 2.82843
8070.5 6 2.44949
8071.5 5 2.23607
8072.5 9 3
8073.5 5 2.23607
8074.5 4 2
8075.5 6 2.44949
8076.5 6 2.44949
8077.5 7 2.64575
8078.5 6 2.44949
8079.5 4 2
8080.5 4 2
8081.5 11 3.31662
8082.5 12 3.4641
8083.5 6 2.44949
8084.5 3 1.73205
8085.5 8 2.82843
8086.5 9 3
8087.5 7 2.64575
8088.5 3 1.73205
8089.5 6 2.44949
8090.5 6 2.44949
8091.5 6 2.44949
8092.5 10 3.16228
8093.5 5 2.23607
8094.5 10 3.16228
8095.5 10 3.16228
8096.5 8 2.82843
8097.5 6 2.44949
8098.5 8 2.82843
8099.5 7 2.64575
8100.5 11 3.31662
8101.5 10 3.16228
8102.5 5 2.23607
8103.5 11 3.31662
8104.5 4 2
8105.5 8 2.82843
8106.5 8 2.82843
8107.5 5 2.23607
8108.5 6 2.44949
8109.5 5 2.23607
8110.5 7 2.64575
8111.5 9 3
8112.5 9 3
8113.5 8 2.82843
8114.5 7 2.64575
8115.5 5 2.23607
8116.5 9 3
8117.5 3 1.73205
8118.5 4 2
8119.5 10 3.16228
8120.5 9 3
8121.5 4 2
8122.5 9 3
8123.5 10 3.16228
8124.5 12 3.4641
8125.5 7 2.64575
8126.5 6 2.44949
8127.5 8 2.82843
8128.5 13 3.60555
8129.5 10 3.16228
8130.5 12 3.4641
8131.5 10 3.16228
8132.5 11 3.31662
8133.5 14 3.74166
8134.5 17 4.12311
8135.5 12 3.4641
8136.5 12 3.4641
8137.5 9 3
8138.5 18 4.24264
8139.5 13 3.60555
8140.5 17 4.12311
8141.5 15 3.87298
8142.5 13 3.60555
8143.5 16 4
8144.5 17 4.12311
8145.5 18 4.24264
8146.5 16 4
8147.5 24 4.89898
8148.5 24 4.89898
8149.5 23 4.79583
8150.5 20 4.47214
8151.5 20 4.47214
8152.5 19 4.3589
8153.5 17 4.12311
8154.5 18 4.24264
8155.5 19 4.3589
8156.5 23 4.79583
8157.5 26 5.09902
8158.5 17 4.12311
8159.5 19 4.3589
8160.5 23 4.79583
8161.5 14 3.74166
8162.5 14 3.74166
8163.5 11 3.31662
8164.5 7 2.64575
8165.5 21 4.58258
8166.5 9 3
8167.5 13 3.60555
8168.5 10 3.16228
8169.5 15 3.87298
8170.5 10 3.16228
8171.5 10 3.16228
8172.5 10 3.16228
8173.5 18 4.24264
8174.5 9 3
8175.5 11 3.31662
8176.5 8 2.82843
8177.5 5 2.23607
8178.5 6 2.44949
8179.5 6 2.44949
8180.5 11 3.31662
8181.5 12 3.4641
8182.5 4 2
8183.5 4 2
8184.5 7 2.64575
8185.5 4 2
8186.5 12 3.4641
8187.5 5 2.23607
8188.5 10 3.16228
8189.5 8 2.82843
8190.5 7 2.64575
8191.5 7 2.64575
8192.5 9 3
8193.5 12 3.4641
8194.5 9 3
8195.5 7 2.64575
8196.5 5 2.23607
8197.5 11 3.31662
8198.5 5 2.23607
8199.5 8 2.82843
8200.5 5 2.23607
8201.5 8 2.82843
8202.5 5 2.23607
8203.5 7 2.64575
8204.5 5 2.23607
8205.5 7 2.64575
8206.5 15 3.87298
8207.5 7 2.64575
8208.5 13 3.60555
8209.5 8 2.82843
8210.5 5 2.23607
8211.5 6 2.44949
8212.5 11 3.31662
8213.5 6 2.44949
8214.5 13 3.60555
8215.5 8 2.82843
8216.5 4 2
8217.5 7 2.64575
8218.5 5 2.23607
8219.5 7 2.64575
8220.5 9 3
8221.5 2 1.41421
8222.5 10 3.16228
8223.5 10 3.16228
8224.5 11 3.31662
8225.5 7 2.64575
8226.5 10 3.16228
8227.5 15 3.87298
8228.5 7 2.64575
8229.5 3 1.73205
8230.5 11 3.31662
8231.5 9 3
8232.5 4 2
8233.5 3 1.73205
8234.5 4 2
8235.5 10 3.16228
8236.5 9 3
8237.5 8 2.82843
8238.5 8 2.82843
8239.5 6 2.44949
8240.5 9 3
8241.5 11 3.31662
8242.5 11 3.31662
8243.5 6 2.44949
8244.5 7 2.64575
8245.5 6 2.44949
8246.5 9 3
8247.5 5 2.23607
8248.5 2 1.41421
8249.5 9 3
8250.5 7 2.64575
8251.5 7 2.64575
8252.5 9 3
8253.5 10 3.16228
8254.5 5 2.23607
8255.5 7 2.64575
8256.5 9 3
8257.5 5 2.23607
8258.5 8 2.82843
8259.5 10 3.16228
8260.5 6 2.44949
8261.5 9 3
8262.5 8 2.82843
8263.5 4 2
8264.5 5 2.23607
8265.5 4 2
8266.5 10 3.16228
8267.5 13 3.60555
8268.5 12 3.4641
8269.5 7 2.64575
8270.5 8 2.82843
8271.5 7 2.64575
8272.5 7 2.64575
8273.5 8 2.82843
8274.5 5 2.23607
8275.5 9 3
8276.5 3 1.73205
8277.5 12 3.4641
8278.5 6 2.44949
8279.5 9 3
8280.5 8 2.82843
8281.5 9 3
8282.5 7 2.64575
8283.5 7 2.64575
8284.5 5 2.23607
8285.5 10 3.16228
8286.5 6 2.44949
8287.5 2 1.41421
8288.5 11 3.31662
8289.5 10 3.16228
8290.5 9 3
8291.5 10 3.16228
8292.5 7 2.64575
8293.5 9 3
8294.5 14 3.74166
8295.5 9 3
8296.5 7 2.64575
8297.5 5 2.23607
8298.5 10 3.16228
8299.5 6 2.44949
8300.5 11 3.31662
8301.5 9 3
8302.5 7 2.64575
8303.5 9 3
8304.5 13 3.60555
8305.5 15 3.87298
8306.5 5 2.23607
8307.5 8 2.82843
8308.5 5 2.23607
8309.5 8 2.82843
8310.5 8 2.82843
8311.5 14 3.74166
8312.5 4 2
8313.5 8 2.82843
8314.5 11 3.31662
8315.5 11 3.31662
8316.5 8 2.82843
8317.5 8 2.82843
8318.5 11 3.31662
8319.5 8 2.82843
8320.5 7 2.64575
8321.5 3 1.73205
8322.5 8 2.82843
8323.5 12 3.4641
8324.5 11 3.31662
8325.5 4 2
8326.5 7 2.64575
8327.5 5 2.23607
8328.5 6 2.44949
8329.5 9 3
8330.5 10 3.16228
8331.5 8 2.82843
8332.5 5 2.23607
8333.5 7 2.64575
8334.5 7 2.64575
8335.5 6 2.44949
8336.5 4 2
8337.5 9 3
8338.5 12 3.4641
8339.5 4 2
8340.5 11 3.31662
8341.5 12 3.4641
8342.5 5 2.23607
8343.5 10 3.16228
8344.5 9 3
8345.5 8 2.82843
8346.5 4 2
8347.5 6 2.44949
8348.5 11 3.31662
8349.5 8 2.82843
8350.5 9 3
8351.5 7 2.64575
8352.5 4 2
8353.5 7 2.64575
8354.5 7 2.64575
8355.5 3 1.73205
8356.5 8 2.82843
8357.5 7 2.64575
8358.5 6 2.44949
8359.5 6 2.44949
8360.5 8 2.82843
8361.5 9 3
8362.5 11 3.31662
8363.5 12 3.4641
8364.5 6 2.44949
8365.5 5 2.23607
8366.5 8 2.82843
8367.5 8 2.82843
8368.5 4 2
8369.5 8 2.82843
8370.5 2 1.41421
8371.5 4 2
8372.5 8 2.82843
8373.5 8 2.82843
8374.5 7 2.64575
8375.5 7 2.64575
8376.5 6 2.44949
8377.5 5 2.23607
8378.5 6 2.44949
8379.5 15 3.87298
8380.5 8 2.82843
8381.5 5 2.23607
8382.5 5 2.23607
8383.5 8 2.82843
8384.5 6 2.44949
8385.5 12 3.4641
8386.5 13 3.60555
8387.5 10 3.16228
8388.5 8 2.82843
8389.5 8 2.82843
8390.5 4 2
8391.5 5 2.23607
8392.5 7 2.64575
8393.5 5 2.23607
8394.5 9 3
8395.5 5 2.23607
8396.5 9 3
8397.5 6 2.44949
8398.5 2 1.41421
8399.5 7 2.64575
8400.5 9 3
8401.5 2 1.41421
8402.5 5 2.23607
8403.5 5 2.23607
8404.5 7 2.64575
8405.5 9 3
8406.5 8 2.82843
8407.5 8 2.82843
8408.5 5 2.23607
8409.5 5 2.23607
8410.5 4 2
8411.5 12 3.4641
8412.5 8 2.82843
8413.5 8 2.82843
8414.5 6 2.44949
8415.5 11 3.31662
8416.5 2 1.41421
8417.5 10 3.16228
8418.5 11 3.31662
8419.5 8 2.82843
8420.5 4 2
8421.5 3 1.73205
8422.5 10 3.16228
8423.5 12 3.4641
8424.5 7 2.64575
8425.5 11 3.31662
8426.5 9 3
8427.5 7 2.64575
8428.5 3 1.73205
8429.5 6 2.44949
8430.5 15 3.87298
8431.5 4 2
8432.5 10 3.16228
8433.5 8 2.82843
8434.5 11 3.31662
8435.5 10 3.16228
8436.5 12 3.4641
8437.5 10 3.16228
8438.5 10 3.16228
8439.5 12 3.4641
8440.5 14 3.74166
8441.5 12 3.4641
8442.5 10 3.16228
8443.5 11 3.31662
8444.5 14 3.74166
8445.5 15 3.87298
8446.5 14 3.74166
8447.5 5 2.23607
8448.5 14 3.74166
8449.5 10 3.16228
8450.5 8 2.82843
8451.5 14 3.74166
8452.5 11 3.31662
8453.5 8 2.82843
8454.5 6 2.44949
8455.5 8 2.82843
8456.5 14 3.74166
8457.5 4 2
8458.5 8 2.82843
8459.5 7 2.64575
8460.5 11 3.31662
8461.5 7 2.64575
8462.5 8 2.82843
8463.5 6 2.44949
8464.5 6 2.44949
8465.5 12 3.4641
8466.5 8 2.82843
8467.5 7 2.64575
8468.5 5 2.23607
8469.5 5 2.23607
8470.5 7 2.64575
8471.5 10 3.16228
8472.5 7 2.64575
8473.5 9 3
8474.5 6 2.44949
8475.5 9 3
8476.5 5 2.23607
8477.5 4 2
8478.5 6 2.44949
8479.5 7 2.64575
8480.5 12 3.4641
8481.5 9 3
8482.5 6 2.44949
8483.5 7 2.64575
8484.5 7 2.64575
8485.5 12 3.4641
8486.5 6 2.44949
8487.5 10 3.16228
8488.5 10 3.16228
8489.5 14 3.74166
8490.5 11 3.31662
8491.5 3 1.73205
8492.5 11 3.31662
8493.5 8 2.82843
8494.5 3 1.73205
8495.5 6 2.44949
8496.5 12 3.4641
8497.5 5 2.23607
8498.5 8 2.82843
8499.5 9 3
8500.5 9 3
8501.5 9 3
8502.5 5 2.23607
8503.5 10 3.16228
8504.5 6 2.44949
8505.5 12 3.4641
8506.5 6 2.44949
8507.5 6 2.44949
8508.5 9 3
8509.5 10 3.16228
8510.5 4 2
8511.5 7 2.64575
8512.5 6 2.44949
8513.5 9 3
8514.5 11 3.31662
8515.5 5 2.23607
8516.5 7 2.64575
8517.5 6 2.44949
8518.5 10 3.16228
8519.5 7 2.64575
8520.5 7 2.64575
8521.5 9 3
8522.5 9 3
8523.5 10 3.16228
8524.5 6 2.44949
8525.5 13 3.60555
8526.5 5 2.23607
8527.5 9 3
8528.5 11 3.31662
8529.5 7 2.64575
8530.5 4 2
8531.5 8 2.82843
8532.5 6 2.44949
8533.5 12 3.4641
8534.5 3 1.73205
8535.5 7 2.64575
8536.5 10 3.16228
8537.5 9 3
8538.5 7 2.64575
8539.5 9 3
8540.5 8 2.82843
8541.5 7 2.64575
8542.5 12 3.4641
8543.5 8 2.82843
8544.5 6 2.44949
8545.5 12 3.4641
8546.5 11 3.31662
8547.5 2 1.41421
8548.5 10 3.16228
8549.5 4 2
8550.5 4 2
8551.5 5 2.23607
8552.5 9 3
8553.5 8 2.82843
8554.5 8 2.82843
8555.5 8 2.82843
8556.5 7 2.64575
8557.5 3 1.73205
8558.5 4 2
8559.5 4 2
8560.5 12 3.4641
8561.5 6 2.44949
8562.5 3 1.73205
8563.5 6 2.44949
8564.5 9 3
8565.5 8 2.82843
8566.5 4 2
8567.5 7 2.64575
8568.5 7 2.64575
8569.5 7 2.64575
8570.5 10 3.16228
8571.5 10 3.16228
8572.5 7 2.64575
8573.5 8 2.82843
8574.5 7 2.64575
8575.5 11 3.31662
8576.5 12 3.4641
8577.5 9 3
8578.5 9 3
8579.5 6 2.44949
8580.5 9 3
8581.5 14 3.74166
8582.5 8 2.82843
8583.5 3 1.73205
8584.5 8 2.82843
8585.5 9 3
8586.5 5 2.23607
8587.5 10 3.16228
8588.5 13 3.60555
8589.5 5 2.23607
8590.5 8 2.82843
8591.5 8 2.82843
8592.5 5 2.23607
8593.5 11 3.31662
8594.5 8 2.82843
8595.5 11 3.31662
8596.5 4 2
8597.5 8 2.82843
8598.5 5 2.23607
8599.5 6 2.44949
8600.5 12 3.4641
8601.5 9 3
8602.5 13 3.60555
8603.5 7 2.64575
8604.5 11 3.31662
8605.5 11 3.31662
8606.5 10 3.16228
8607.5 8 2.82843
8608.5 9 3
8609.5 10 3.16228
8610.5 5 2.23607
8611.5 9 3
8612.5 6 2.44949
8613.5 5 2.23607
8614.5 2 1.41421
8615.5 11 3.31662
8616.5 11 3.31662
8617.5 8 2.82843
8618.5 9 3
8619.5 13 3.60555
8620.5 16 4
8621.5 9 3
8622.5 7 2.64575
8623.5 6 2.44949
8624.5 8 2.82843
8625.5 5 2.23607
8626.5 9 3
8627.5 3 1.73205
8628.5 13 3.60555
8629.5 11 3.31662
8630.5 5 2.23607
8631.5 6 2.44949
8632.5 11 3.31662
8633.5 15 3.87298
8634.5 9 3
8635.5 10 3.16228
8636.5 5 2.23607
8637.5 4 2
8638.5 7 2.64575
8639.5 8 2.82843
8640.5 8 2.82843
8641.5 4 2
8642.5 10 3.16228
8643.5 6 2.44949
8644.5 5 2.23607
8645.5 4 2
8646.5 9 3
8647.5 7 2.64575
8648.5 8 2.82843
8649.5 5 2.23607
8650.5 11 3.31662
8651.5 5 2.23607
8652.5 12 3.4641
8653.5 10 3.16228
8654.5 12 3.4641
8655.5 9 3
8656.5 9 3
8657.5 10 3.16228
8658.5 5 2.23607
8659.5 10 3.16228
8660.5 10 3.16228
8661.5 4 2
8662.5 13 3.60555
8663.5 9 3
8664.5 8 2.82843
8665.5 7 2.64575
8666.5 10 3.16228
8667.5 10 3.16228
8668.5 7 2.64575
8669.5 7 2.64575
8670.5 9 3
8671.5 5 2.23607
8672.5 5 2.23607
8673.5 7 2.64575
8674.5 8 2.82843
8675.5 12 3.4641
8676.5 4 2
8677.5 9 3
8678.5 13 3.60555
8679.5 13 3.60555
8680.5 5 2.23607
8681.5 10 3.16228
8682.5 15 3.87298
8683.5 10 3.16228
8684.5 9 3
8685.5 15 3.87298
8686.5 11 3.31662
8687.5 14 3.74166
8688.5 8 2.82843
8689.5 7 2.64575
8690.5 6 2.44949
8691.5 7 2.64575
8692.5 12 3.4641
8693.5 9 3
8694.5 12 3.4641
8695.5 10 3.16228
8696.5 13 3.60555
8697.5 5 2.23607
8698.5 8 2.82843
8699.5 10 3.16228
8700.5 7 2.64575
8701.5 14 3.74166
8702.5 8 2.82843
8703.5 9 3
8704.5 10 3.16228
8705.5 6 2.44949
8706.5 10 3.16228
8707.5 8 2.82843
8708.5 7 2.64575
8709.5 9 3
8710.5 4 2
8711.5 13 3.60555
8712.5 13 3.60555
8713.5 12 3.4641
8714.5 12 3.4641
8715.5 8 2.82843
8716.5 10 3.16228
8717.5 4 2
8718.5 14 3.74166
8719.5 16 4
8720.5 1 1
8721.5 5 2.23607
8722.5 6 2.44949
8723.5 9 3
8724.5 5 2.23607
8725.5 10 3.16228
8726.5 8 2.82843
8727.5 10 3.16228
8728.5 11 3.31662
8729.5 10 3.16228
8730.5 4 2
8731.5 9 3
8732.5 7 2.64575
8733.5 12 3.4641
8734.5 6 2.44949
8735.5 11 3.31662
8736.5 9 3
8737.5 11 3.31662
8738.5 8 2.82843
8739.5 7 2.64575
8740.5 9 3
8741.5 11 3.31662
8742.5 6 2.44949
8743.5 7 2.64575
8744.5 10 3.16228
8745.5 13 3.60555
8746.5 7 2.64575
8747.5 10 3.16228
8748.5 9 3
8749.5 8 2.82843
8750.5 8 2.82843
8751.5 10 3.16228
8752.5 10 3.16228
8753.5 8 2.82843
8754.5 13 3.60555
8755.5 8 2.82843
8756.5 10 3.16228
8757.5 8 2.82843
8758.5 13 3.60555
8759.5 4 2
8760.5 10 3.16228
8761.5 13 3.60555
8762.5 7 2.64575
8763.5 7 2.64575
8764.5 11 3.31662
8765.5 3 1.73205
8766.5 12 3.4641
8767.5 5 2.23607
8768.5 10 3.16228
8769.5 7 2.64575
8770.5 9 3
8771.5 8 2.82843
8772.5 7 2.64575
8773.5 6 2.44949
8774.5 11 3.31662
8775.5 8 2.82843
8776.5 12 3.4641
8777.5 8 2.82843
8778.5 9 3
8779.5 7 2.64575
8780.5 9 3
8781.5 15 3.87298
8782.5 5 2.23607
8783.5 8 2.82843
8784.5 6 2.44949
8785.5 15 3.87298
8786.5 6 2.44949
8787.5 11 3.31662
8788.5 3 1.73205
8789.5 10 3.16228
8790.5 10 3.16228
8791.5 8 2.82843
8792.5 9 3
8793.5 10 3.16228
8794.5 9 3
8795.5 12 3.4641
8796.5 14 3.74166
8797.5 6 2.44949
8798.5 8 2.82843
8799.5 11 3.31662
8800.5 10 3.16228
8801.5 10 3.16228
8802.5 9 3
8803.5 6 2.44949
8804.5 20 4.47214
8805.5 7 2.64575
8806.5 10 3.16228
8807.5 9 3
8808.5 11 3.31662
8809.5 6 2.44949
8810.5 11 3.31662
8811.5 14 3.74166
8812.5 10 3.16228
8813.5 10 3.16228
8814.5 9 3
8815.5 11 3.31662
8816.5 11 3.31662
8817.5 10 3.16228
8818.5 7 2.64575
8819.5 4 2
8820.5 5 2.23607
8821.5 10 3.16228
8822.5 6 2.44949
8823.5 8 2.82843
8824.5 4 2
8825.5 12 3.4641
8826.5 5 2.23607
8827.5 9 3
8828.5 12 3.4641
8829.5 4 2
8830.5 9 3
8831.5 5 2.23607
8832.5 7 2.64575
8833.5 11 3.31662
8834.5 5 2.23607
8835.5 6 2.44949
8836.5 10 3.16228
8837.5 10 3.16228
8838.5 12 3.4641
8839.5 11 3.31662
8840.5 15 3.87298
8841.5 10 3.16228
8842.5 6 2.44949
8843.5 10 3.16228
8844.5 7 2.64575
8845.5 9 3
8846.5 7 2.64575
8847.5 4 2
8848.5 11 3.31662
8849.5 14 3.74166
8850.5 8 2.82843
8851.5 9 3
8852.5 12 3.4641
8853.5 10 3.16228
8854.5 12 3.4641
8855.5 8 2.82843
8856.5 10 3.16228
8857.5 11 3.31662
8858.5 4 2
8859.5 5 2.23607
8860.5 8 2.82843
8861.5 10 3.16228
8862.5 11 3.31662
8863.5 10 3.16228
8864.5 7 2.64575
8865.5 9 3
8866.5 8 2.82843
8867.5 10 3.16228
8868.5 8 2.82843
8869.5 9 3
8870.5 14 3.74166
8871.5 9 3
8872.5 11 3.31662
8873.5 10 3.16228
8874.5 10 3.16228
8875.5 10 3.16228
8876.5 7 2.64575
8877.5 7 2.64575
8878.5 5 2.23607
8879.5 11 3.31662
8880.5 7 2.64575
8881.5 6 2.44949
8882.5 6 2.44949
8883.5 15 3.87298
8884.5 7 2.64575
8885.5 10 3.16228
8886.5 10 3.16228
8887.5 8 2.82843
8888.5 8 2.82843
8889.5 6 2.44949
8890.5 12 3.4641
8891.5 12 3.4641
8892.5 6 2.44949
8893.5 14 3.74166
8894.5 11 3.31662
8895.5 11 3.31662
8896.5 9 3
8897.5 9 3
8898.5 9 3
8899.5 9 3
8900.5 12 3.4641
8901.5 10 3.16228
8902.5 11 3.31662
8903.5 8 2.82843
8904.5 11 3.31662
8905.5 8 2.82843
8906.5 12 3.4641
8907.5 6 2.44949
8908.5 10 3.16228
8909.5 13 3.60555
8910.5 9 3
8911.5 4 2
8912.5 10 3.16228
8913.5 11 3.31662
8914.5 8 2.82843
8915.5 9 3
8916.5 13 3.60555
8917.5 11 3.31662
8918.5 7 2.64575
8919.5 9 3
8920.5 7 2.64575
8921.5 8 2.82843
8922.5 6 2.44949
8923.5 17 4.12311
8924.5 1 1
8925.5 17 4.12311
8926.5 8 2.82843
8927.5 10 3.16228
8928.5 12 3.4641
8929.5 10 3.16228
8930.5 12 3.4641
8931.5 9 3
8932.5 10 3.16228
8933.5 4 2
8934.5 12 3.4641
8935.5 11 3.31662
8936.5 7 2.64575
8937.5 13 3.60555
8938.5 7 2.64575
8939.5 12 3.4641
8940.5 8 2.82843
8941.5 11 3.31662
8942.5 18 4.24264
8943.5 9 3
8944.5 14 3.74166
8945.5 10 3.16228
8946.5 8 2.82843
8947.5 14 3.74166
8948.5 16 4
8949.5 5 2.23607
8950.5 6 2.44949
8951.5 13 3.60555
8952.5 8 2.82843
8953.5 8 2.82843
8954.5 7 2.64575
8955.5 7 2.64575
8956.5 8 2.82843
8957.5 13 3.60555
8958.5 5 2.23607
8959.5 12 3.4641
8960.5 6 2.44949
8961.5 12 3.4641
8962.5 11 3.31662
8963.5 7 2.64575
8964.5 4 2
8965.5 7 2.64575
8966.5 8 2.82843
8967.5 11 3.31662
8968.5 7 2.64575
8969.5 10 3.16228
8970.5 12 3.4641
8971.5 9 3
8972.5 11 3.31662
8973.5 9 3
8974.5 4 2
8975.5 7 2.64575
8976.5 12 3.4641
8977.5 14 3.74166
8978.5 16 4
8979.5 8 2.82843
8980.5 6 2.44949
8981.5 9 3
8982.5 9 3
8983.5 13 3.60555
8984.5 7 2.64575
8985.5 8 2.82843
8986.5 10 3.16228
8987.5 5 2.23607
8988.5 11 3.31662
8989.5 7 2.64575
8990.5 10 3.16228
8991.5 11 3.31662
8992.5 8 2.82843
8993.5 10 3.16228
8994.5 8 2.82843
8995.5 4 2
8996.5 12 3.4641
8997.5 11 3.31662
8998.5 6 2.44949
8999.5 8 2.82843
9000.5 9 3
9001.5 9 3
9002.5 10 3.16228
9003.5 10 3.16228
9004.5 10 3.16228
9005.5 7 2.64575
9006.5 8 2.82843
9007.5 10 3.16228
9008.5 8 2.82843
9009.5 6 2.44949
9010.5 10 3.16228
9011.5 9 3
9012.5 11 3.31662
9013.5 12 3.4641
9014.5 12 3.4641
9015.5 7 2.64575
9016.5 14 3.74166
9017.5 8 2.82843
9018.5 6 2.44949
9019.5 7 2.64575
9020.5 9 3
9021.5 7 2.64575
9022.5 10 3.16228
9023.5 13 3.60555
9024.5 12 3.4641
9025.5 5 2.23607
9026.5 10 3.16228
9027.5 7 2.64575
9028.5 10 3.16228
9029.5 8 2.82843
9030.5 11 3.31662
9031.5 9 3
9032.5 7 2.64575
9033.5 7 2.64575
9034.5 8 2.82843
9035.5 8 2.82843
9036.5 17 4.12311
9037.5 11 3.31662
9038.5 11 3.31662
9039.5 15 3.87298
9040.5 12 3.4641
9041.5 7 2.64575
9042.5 8 2.82843
9043.5 16 4
9044.5 10 3.16228
9045.5 5 2.23607
9046.5 12 3.4641
9047.5 9 3
9048.5 7 2.64575
9049.5 10 3.16228
9050.5 11 3.31662
9051.5 10 3.16228
9052.5 8 2.82843
9053.5 11 3.31662
9054.5 10 3.16228
9055.5 10 3.16228
9056.5 10 3.16228
9057.5 15 3.87298
9058.5 10 3.16228
9059.5 13 3.60555
9060.5 15 3.87298
9061.5 4 2
9062.5 10 3.16228
9063.5 7 2.64575
9064.5 5 2.23607
9065.5 9 3
9066.5 10 3.16228
9067.5 8 2.82843
9068.5 12 3.4641
9069.5 8 2.82843
9070.5 10 3.16228
9071.5 6 2.44949
9072.5 7 2.64575
9073.5 10 3.16228
9074.5 8 2.82843
9075.5 7 2.64575
9076.5 7 2.64575
9077.5 11 3.31662
9078.5 8 2.82843
9079.5 12 3.4641
9080.5 10 3.16228
9081.5 10 3.16228
9082.5 9 3
9083.5 12 3.4641
9084.5 7 2.64575
9085.5 10 3.16228
9086.5 11 3.31662
9087.5 15 3.87298
9088.5 6 2.44949
9089.5 12 3.4641
9090.5 12 3.4641
9091.5 11 3.31662
9092.5 11 3.31662
9093.5 16 4
9094.5 6 2.44949
9095.5 6 2.44949
9096.5 11 3.31662
9097.5 10 3.16228
9098.5 14 3.74166
9099.5 12 3.4641
9100.5 15 3.87298
9101.5 10 3.16228
9102.5 11 3.31662
9103.5 8 2.82843
9104.5 9 3
9105.5 6 2.44949
9106.5 14 3.74166
9107.5 12 3.4641
9108.5 11 3.31662
9109.5 11 3.31662
9110.5 7 2.64575
9111.5 9 3
9112.5 18 4.24264
9113.5 14 3.74166
9114.5 8 2.82843
9115.5 21 4.58258
9116.5 12 3.4641
9117.5 12 3.4641
9118.5 12 3.4641
9119.5 10 3.16228
9120.5 12 3.4641
9121.5 10 3.16228
9122.5 12 3.4641
9123.5 8 2.82843
9124.5 10 3.16228
9125.5 8 2.82843
9126.5 6 2.44949
9127.5 12 3.4641
9128.5 11 3.31662
9129.5 5 2.23607
9130.5 13 3.60555
9131.5 7 2.64575
9132.5 12 3.4641
9133.5 9 3
9134.5 20 4.47214
9135.5 9 3
9136.5 11 3.31662
9137.5 13 3.60555
9138.5 9 3
9139.5 14 3.74166
9140.5 8 2.82843
9141.5 8 2.82843
9142.5 10 3.16228
9143.5 8 2.82843
9144.5 10 3.16228
9145.5 12 3.4641
9146.5 9 3
9147.5 13 3.60555
9148.5 11 3.31662
9149.5 10 3.16228
9150.5 10 3.16228
9151.5 7 2.64575
9152.5 14 3.74166
9153.5 11 3.31662
9154.5 11 3.31662
9155.5 12 3.4641
9156.5 7 2.64575
9157.5 10 3.16228
9158.5 9 3
9159.5 15 3.87298
9160.5 10 3.16228
9161.5 10 3.16228
9162.5 13 3.60555
9163.5 12 3.4641
9164.5 11 3.31662
9165.5 11 3.31662
9166.5 9 3
9167.5 13 3.60555
9168.5 23 4.79583
9169.5 6 2.44949
9170.5 8 2.82843
9171.5 8 2.82843
9172.5 9 3
9173.5 5 2.23607
9174.5 8 2.82843
9175.5 9 3
9176.5 10 3.16228
9177.5 9 3
9178.5 7 2.64575
9179.5 10 3.16228
9180.5 11 3.31662
9181.5 13 3.60555
9182.5 6 2.44949
9183.5 7 2.64575
9184.5 9 3
9185.5 6 2.44949
9186.5 9 3
9187.5 7 2.64575
9188.5 13 3.60555
9189.5 16 4
9190.5 7 2.64575
9191.5 10 3.16228
9192.5 8 2.82843
9193.5 9 3
9194.5 12 3.4641
9195.5 7 2.64575
9196.5 15 3.87298
9197.5 14 3.74166
9198.5 5 2.23607
9199.5 8 2.82843
9200.5 10 3.16228
9201.5 11 3.31662
9202.5 15 3.87298
9203.5 11 3.31662
9204.5 7 2.64575
9205.5 9 3
9206.5 16 4
9207.5 9 3
9208.5 15 3.87298
9209.5 10 3.16228
9210.5 11 3.31662
9211.5 10 3.16228
9212.5 13 3.60555
9213.5 8 2.82843
9214.5 11 3.31662
9215.5 15 3.87298
9216.5 12 3.4641
9217.5 10 3.16228
9218.5 6 2.44949
9219.5 11 3.31662
9220.5 14 3.74166
9221.5 16 4
9222.5 14 3.74166
9223.5 6 2.44949
9224.5 8 2.82843
9225.5 8 2.82843
9226.5 12 3.4641
9227.5 7 2.64575
9228.5 12 3.4641
9229.5 11 3.31662
9230.5 16 4
9231.5 10 3.16228
9232.5 12 3.4641
9233.5 6 2.44949
9234.5 11 3.31662
9235.5 6 2.44949
9236.5 15 3.87298
9237.5 8 2.82843
9238.5 7 2.64575
9239.5 12 3.4641
9240.5 12 3.4641
9241.5 11 3.31662
9242.5 11 3.31662
9243.5 16 4
9244.5 12 3.4641
9245.5 13 3.60555
9246.5 5 2.23607
9247.5 17 4.12311
9248.5 19 4.3589
9249.5 11 3.31662
9250.5 14 3.74166
9251.5 10 3.16228
9252.5 15 3.87298
9253.5 11 3.31662
9254.5 9 3
9255.5 8 2.82843
9256.5 17 4.12311
9257.5 6 2.44949
9258.5 15 3.87298
9259.5 8 2.82843
9260.5 14 3.74166
9261.5 10 3.16228
9262.5 4 2
9263.5 14 3.74166
9264.5 12 3.4641
9265.5 22 4.69042
9266.5 14 3.74166
9267.5 11 3.31662
9268.5 8 2.82843
9269.5 15 3.87298
9270.5 13 3.60555
9271.5 14 3.74166
9272.5 12 3.4641
9273.5 10 3.16228
9274.5 12 3.4641
9275.5 4 2
9276.5 8 2.82843
9277.5 10 3.16228
9278.5 14 3.74166
9279.5 11 3.31662
9280.5 8 2.82843
9281.5 10 3.16228
9282.5 9 3
9283.5 15 3.87298
9284.5 14 3.74166
9285.5 12 3.4641
9286.5 8 2.82843
9287.5 13 3.60555
9288.5 14 3.74166
9289.5 5 2.23607
9290.5 7 2.64575
9291.5 17 4.12311
9292.5 13 3.60555
9293.5 8 2.82843
9294.5 12 3.4641
9295.5 14 3.74166
9296.5 7 2.64575
9297.5 11 3.31662
9298.5 12 3.4641
9299.5 9 3
9300.5 10 3.16228
9301.5 8 2.82843
9302.5 8 2.82843
9303.5 12 3.4641
9304.5 15 3.87298
9305.5 12 3.4641
9306.5 11 3.31662
9307.5 4 2
9308.5 4 2
9309.5 14 3.74166
9310.5 9 3
9311.5 16 4
9312.5 8 2.82843
9313.5 14 3.74166
9314.5 16 4
9315.5 12 3.4641
9316.5 13 3.60555
9317.5 12 3.4641
9318.5 6 2.44949
9319.5 19 4.3589
9320.5 14 3.74166
9321.5 12 3.4641
9322.5 9 3
9323.5 13 3.60555
9324.5 10 3.16228
9325.5 17 4.12311
9326.5 10 3.16228
9327.5 13 3.60555
9328.5 12 3.4641
9329.5 13 3.60555
9330.5 14 3.74166
9331.5 12 3.4641
9332.5 5 2.23607
9333.5 13 3.60555
9334.5 9 3
9335.5 7 2.64575
9336.5 10 3.16228
9337.5 13 3.60555
9338.5 13 3.60555
9339.5 14 3.74166
9340.5 15 3.87298
9341.5 11 3.31662
9342.5 10 3.16228
9343.5 10 3.16228
9344.5 13 3.60555
9345.5 14 3.74166
9346.5 18 4.24264
9347.5 10 3.16228
9348.5 10 3.16228
9349.5 14 3.74166
9350.5 10 3.16228
9351.5 12 3.4641
9352.5 15 3.87298
9353.5 12 3.4641
9354.5 16 4
9355.5 12 3.4641
9356.5 12 3.4641
9357.5 13 3.60555
9358.5 9 3
9359.5 8 2.82843
9360.5 5 2.23607
9361.5 9 3
9362.5 10 3.16228
9363.5 9 3
9364.5 10 3.16228
9365.5 4 2
9366.5 12 3.4641
9367.5 13 3.60555
9368.5 14 3.74166
9369.5 9 3
9370.5 9 3
9371.5 11 3.31662
9372.5 15 3.87298
9373.5 12 3.4641
9374.5 15 3.87298
9375.5 12 3.4641
9376.5 11 3.31662
9377.5 6 2.44949
9378.5 15 3.87298
9379.5 8 2.82843
9380.5 9 3
9381.5 7 2.64575
9382.5 13 3.60555
9383.5 13 3.60555
9384.5 17 4.12311
9385.5 8 2.82843
9386.5 10 3.16228
9387.5 9 3
9388.5 14 3.74166
9389.5 12 3.4641
9390.5 10 3.16228
9391.5 16 4
9392.5 13 3.60555
9393.5 14 3.74166
9394.5 7 2.64575
9395.5 10 3.16228
9396.5 8 2.82843
9397.5 14 3.74166
9398.5 7 2.64575
9399.5 12 3.4641
9400.5 16 4
9401.5 14 3.74166
9402.5 11 3.31662
9403.5 11 3.31662
9404.5 8 2.82843
9405.5 11 3.31662
9406.5 6 2.44949
9407.5 13 3.60555
9408.5 12 3.4641
9409.5 13 3.60555
9410.5 6 2.44949
9411.5 8 2.82843
9412.5 14 3.74166
9413.5 10 3.16228
9414.5 10 3.16228
9415.5 12 3.4641
9416.5 11 3.31662
9417.5 11 3.31662
9418.5 9 3
9419.5 10 3.16228
9420.5 8 2.82843
9421.5 10 3.16228
9422.5 7 2.64575
9423.5 13 3.60555
9424.5 8 2.82843
9425.5 13 3.60555
9426.5 15 3.87298
9427.5 7 2.64575
9428.5 12 3.4641
9429.5 8 2.82843
9430.5 6 2.44949
9431.5 11 3.31662
9432.5 11 3.31662
9433.5 15 3.87298
9434.5 12 3.4641
9435.5 5 2.23607
9436.5 11 3.31662
9437.5 13 3.60555
9438.5 7 2.64575
9439.5 16 4
9440.5 19 4.3589
9441.5 10 3.16228
9442.5 14 3.74166
9443.5 16 4
9444.5 16 4
9445.5 18 4.24264
9446.5 14 3.74166
9447.5 9 3
9448.5 16 4
9449.5 11 3.31662
9450.5 13 3.60555
9451.5 15 3.87298
9452.5 9 3
9453.5 18 4.24264
9454.5 13 3.60555
9455.5 8 2.82843
9456.5 10 3.16228
9457.5 11 3.31662
9458.5 12 3.4641
9459.5 11 3.31662
9460.5 13 3.60555
9461.5 15 3.87298
9462.5 15 3.87298
9463.5 20 4.47214
9464.5 11 3.31662
9465.5 11 3.31662
9466.5 8 2.82843
9467.5 12 3.4641
9468.5 15 3.87298
9469.5 9 3
9470.5 15 3.87298
9471.5 18 4.24264
9472.5 13 3.60555
9473.5 8 2.82843
9474.5 9 3
9475.5 5 2.23607
9476.5 14 3.74166
9477.5 8 2.82843
9478.5 7 2.64575
9479.5 11 3.31662
9480.5 8 2.82843
9481.5 12 3.4641
9482.5 9 3
9483.5 7 2.64575
9484.5 11 3.31662
9485.5 20 4.47214
9486.5 9 3
9487.5 11 3.31662
9488.5 16 4
9489.5 11 3.31662
9490.5 17 4.12311
9491.5 12 3.4641
9492.5 10 3.16228
9493.5 10 3.16228
9494.5 14 3.74166
9495.5 13 3.60555
9496.5 12 3.4641
9497.5 20 4.47214
9498.5 9 3
9499.5 12 3.4641
9500.5 10 3.16228
9501.5 15 3.87298
9502.5 13 3.60555
9503.5 9 3
9504.5 19 4.3589
9505.5 6 2.44949
9506.5 10 3.16228
9507.5 16 4
9508.5 12 3.4641
9509.5 17 4.12311
9510.5 15 3.87298
9511.5 14 3.74166
9512.5 18 4.24264
9513.5 14 3.74166
9514.5 16 4
9515.5 21 4.58258
9516.5 10 3.16228
9517.5 10 3.16228
9518.5 16 4
9519.5 11 3.31662
9520.5 10 3.16228
9521.5 15 3.87298
9522.5 10 3.16228
9523.5 14 3.74166
9524.5 11 3.31662
9525.5 13 3.60555
9526.5 16 4
9527.5 14 3.74166
9528.5 12 3.4641
9529.5 10 3.16228
9530.5 13 3.60555
9531.5 10 3.16228
9532.5 16 4
9533.5 7 2.64575
9534.5 13 3.60555
9535.5 11 3.31662
9536.5 8 2.82843
9537.5 8 2.82843
9538.5 12 3.4641
9539.5 15 3.87298
9540.5 8 2.82843
9541.5 6 2.44949
9542.5 12 3.4641
9543.5 12 3.4641
9544.5 16 4
9545.5 11 3.31662
9546.5 11 3.31662
9547.5 19 4.3589
9548.5 19 4.3589
9549.5 12 3.4641
9550.5 13 3.60555
9551.5 10 3.16228
9552.5 12 3.4641
9553.5 17 4.12311
9554.5 11 3.31662
9555.5 12 3.4641
9556.5 9 3
9557.5 11 3.31662
9558.5 13 3.60555
9559.5 13 3.60555
9560.5 14 3.74166
9561.5 17 4.12311
9562.5 11 3.31662
9563.5 14 3.74166
9564.5 13 3.60555
9565.5 12 3.4641
9566.5 16 4
9567.5 10 3.16228
9568.5 14 3.74166
9569.5 10 3.16228
9570.5 14 3.74166
9571.5 15 3.87298
9572.5 12 3.4641
9573.5 19 4.3589
9574.5 10 3.16228
9575.5 18 4.24264
9576.5 12 3.4641
9577.5 15 3.87298
9578.5 16 4
9579.5 19 4.3589
9580.5 10 3.16228
9581.5 13 3.60555
9582.5 22 4.69042
9583.5 13 3.60555
9584.5 14 3.74166
9585.5 7 2.64575
9586.5 9 3
9587.5 6 2.44949
9588.5 13 3.60555
9589.5 18 4.24264
9590.5 16 4
9591.5 13 3.60555
9592.5 16 4
9593.5 15 3.87298
9594.5 15 3.87298
9595.5 10 3.16228
9596.5 10 3.16228
9597.5 12 3.4641
9598.5 13 3.60555
9599.5 12 3.4641
9600.5 10 3.16228
9601.5 10 3.16228
9602.5 18 4.24264
9603.5 11 3.31662
9604.5 10 3.16228
9605.5 12 3.4641
9606.5 8 2.82843
9607.5 19 4.3589
9608.5 16 4
9609.5 11 3.31662
9610.5 18 4.24264
9611.5 13 3.60555
9612.5 9 3
9613.5 6 2.44949
9614.5 19 4.3589
9615.5 19 4.3589
9616.5 10 3.16228
9617.5 13 3.60555
9618.5 15 3.87298
9619.5 11 3.31662
9620.5 9 3
9621.5 11 3.31662
9622.5 17 4.12311
9623.5 11 3.31662
9624.5 10 3.16228
9625.5 16 4
9626.5 10 3.16228
9627.5 9 3
9628.5 12 3.4641
9629.5 9 3
9630.5 9 3
9631.5 11 3.31662
9632.5 13 3.60555
9633.5 16 4
9634.5 13 3.60555
9635.5 15 3.87298
9636.5 11 3.31662
9637.5 14 3.74166
9638.5 8 2.82843
9639.5 15 3.87298
9640.5 10 3.16228
9641.5 9 3
9642.5 9 3
9643.5 13 3.60555
9644.5 15 3.87298
9645.5 15 3.87298
9646.5 13 3.60555
9647.5 11 3.31662
9648.5 8 2.82843
9649.5 13 3.60555
9650.5 17 4.12311
9651.5 17 4.12311
9652.5 6 2.44949
9653.5 16 4
9654.5 10 3.16228
9655.5 15 3.87298
9656.5 16 4
9657.5 14 3.74166
9658.5 10 3.16228
9659.5 8 2.82843
9660.5 13 3.60555
9661.5 9 3
9662.5 3 1.73205
9663.5 12 3.4641
9664.5 12 3.4641
9665.5 13 3.60555
9666.5 9 3
9667.5 17 4.12311
9668.5 8 2.82843
9669.5 5 2.23607
9670.5 10 3.16228
9671.5 15 3.87298
9672.5 8 2.82843
9673.5 17 4.12311
9674.5 11 3.31662
9675.5 17 4.12311
9676.5 10 3.16228
9677.5 12 3.4641
9678.5 8 2.82843
9679.5 12 3.4641
9680.5 13 3.60555
9681.5 5 2.23607
9682.5 11 3.31662
9683.5 9 3
9684.5 13 3.60555
9685.5 17 4.12311
9686.5 8 2.82843
9687.5 3 1.73205
9688.5 10 3.16228
9689.5 8 2.82843
9690.5 10 3.16228
9691.5 13 3.60555
9692.5 10 3.16228
9693.5 8 2.82843
9694.5 12 3.4641
9695.5 7 2.64575
9696.5 9 3
9697.5 7 2.64575
9698.5 9 3
9699.5 11 3.31662
9700.5 8 2.82843
9701.5 7 2.64575
9702.5 9 3
9703.5 8 2.82843
9704.5 6 2.44949
9705.5 12 3.4641
9706.5 8 2.82843
9707.5 9 3
9708.5 8 2.82843
9709.5 7 2.64575
9710.5 12 3.4641
9711.5 8 2.82843
9712.5 11 3.31662
9713.5 6 2.44949
9714.5 7 2.64575
9715.5 8 2.82843
9716.5 10 3.16228
9717.5 7 2.64575
9718.5 9 3
9719.5 7 2.64575
9720.5 8 2.82843
9721.5 9 3
9722.5 13 3.60555
9723.5 11 3.31662
9724.5 13 3.60555
9725.5 4 2
9726.5 3 1.73205
9727.5 10 3.16228
9728.5 19 4.3589
9729.5 12 3.4641
9730.5 8 2.82843
9731.5 8 2.82843
9732.5 5 2.23607
9733.5 11 3.31662
9734.5 7 2.64575
9735.5 6 2.44949
9736.5 8 2.82843
9737.5 14 3.74166
9738.5 5 2.23607
9739.5 8 2.82843
9740.5 15 3.87298
9741.5 6 2.44949
9742.5 7 2.64575
9743.5 15 3.87298
9744.5 7 2.64575
9745.5 8 2.82843
9746.5 13 3.60555
9747.5 6 2.44949
9748.5 9 3
9749.5 5 2.23607
9750.5 9 3
9751.5 6 2.44949
9752.5 6 2.44949
9753.5 6 2.44949
9754.5 5 2.23607
9755.5 10 3.16228
9756.5 8 2.82843
9757.5 10 3.16228
9758.5 10 3.16228
9759.5 7 2.64575
9760.5 6 2.44949
9761.5 12 3.4641
9762.5 6 2.44949
9763.5 12 3.4641
9764.5 9 3
9765.5 3 1.73205
9766.5 9 3
9767.5 10 3.16228
9768.5 13 3.60555
9769.5 5 2.23607
9770.5 10 3.16228
9771.5 8 2.82843
9772.5 9 3
9773.5 12 3.4641
9774.5 8 2.82843
9775.5 10 3.16228
9776.5 4 2
9777.5 10 3.16228
9778.5 10 3.16228
9779.5 5 2.23607
9780.5 9 3
9781.5 4 2
9782.5 11 3.31662
9783.5 13 3.60555
9784.5 11 3.31662
9785.5 9 3
9786.5 4 2
9787.5 7 2.64575
9788.5 6 2.44949
9789.5 7 2.64575
9790.5 4 2
9791.5 11 3.31662
9792.5 9 3
9793.5 6 2.44949
9794.5 4 2
9795.5 4 2
9796.5 10 3.16228
9797.5 9 3
9798.5 14 3.74166
9799.5 11 3.31662
9800.5 5 2.23607
9801.5 6 2.44949
9802.5 7 2.64575
9803.5 5 2.23607
9804.5 7 2.64575
9805.5 3 1.73205
9806.5 6 2.44949
9807.5 12 3.4641
9808.5 8 2.82843
9809.5 6 2.44949
9810.5 5 2.23607
9811.5 9 3
9812.5 8 2.82843
9813.5 10 3.16228
9814.5 5 2.23607
9815.5 12 3.4641
9816.5 11 3.31662
9817.5 5 2.23607
9818.5 7 2.64575
9819.5 3 1.73205
9820.5 13 3.60555
9821.5 4 2
9822.5 12 3.4641
9823.5 9 3
9824.5 9 3
9825.5 9 3
9826.5 7 2.64575
9827.5 6 2.44949
9828.5 12 3.4641
9829.5 7 2.64575
9830.5 7 2.64575
9831.5 5 2.23607
9832.5 6 2.44949
9833.5 5 2.23607
9834.5 6 2.44949
9835.5 11 3.31662
9836.5 9 3
9837.5 10 3.16228
9838.5 7 2.64575
9839.5 1 1
9840.5 6 2.44949
9841.5 5 2.23607
9842.5 7 2.64575
9843.5 8 2.82843
9844.5 8 2.82843
9845.5 6 2.44949
9846.5 8 2.82843
9847.5 8 2.82843
9848.5 8 2.82843
9849.5 8 2.82843
9850.5 12 3.4641
9851.5 5 2.23607
9852.5 9 3
9853.5 5 2.23607
9854.5 2 1.41421
9855.5 7 2.64575
9856.5 7 2.64575
9857.5 10 3.16228
9858.5 9 3
9859.5 6 2.44949
9860.5 8 2.82843
9861.5 8 2.82843
9862.5 9 3
9863.5 8 2.82843
9864.5 6 2.44949
9865.5 8 2.82843
9866.5 5 2.23607
9867.5 7 2.64575
9868.5 4 2
9869.5 9 3
9870.5 4 2
9871.5 10 3.16228
9872.5 13 3.60555
9873.5 3 1.73205
9874.5 8 2.82843
9875.5 11 3.31662
9876.5 2 1.41421
9877.5 9 3
9878.5 7 2.64575
9879.5 3 1.73205
9880.5 6 2.44949
9881.5 10 3.16228
9882.5 10 3.16228
9883.5 9 3
9884.5 9 3
9885.5 9 3
9886.5 4 2
9887.5 10 3.16228
9888.5 3 1.73205
9889.5 6 2.44949
9890.5 11 3.31662
9891.5 6 2.44949
9892.5 8 2.82843
9893.5 7 2.64575
9894.5 5 2.23607
9895.5 3 1.73205
9896.5 4 2
9897.5 4 2
9898.5 2 1.41421
9899.5 7 2.64575
9900.5 7 2.64575
9901.5 11 3.31662
9902.5 6 2.44949
9903.5 4 2
9904.5 6 2.44949
9905.5 6 2.44949
9906.5 7 2.64575
9907.5 6 2.44949
9908.5 12 3.4641
9909.5 2 1.41421
9910.5 8 2.82843
9911.5 8 2.82843
9912.5 10 3.16228
9913.5 7 2.64575
9914.5 3 1.73205
9915.5 7 2.64575
9916.5 4 2
9917.5 4 2
9918.5 12 3.4641
9919.5 4 2
9920.5 3 1.73205
9921.5 3 1.73205
9922.5 5 2.23607
9923.5 7 2.64575
9924.5 6 2.44949
9925.5 2 1.41421
9926.5 7 2.64575
9927.5 6 2.44949
9928.5 5 2.23607
9929.5 3 1.73205
9930.5 10 3.16228
9931.5 6 2.44949
9932.5 8 2.82843
9933.5 7 2.64575
9934.5 9 3
9935.5 5 2.23607
9936.5 7 2.64575
9937.5 9 3
9938.5 7 2.64575
9939.5 7 2.64575
9940.5 4 2
9941.5 8 2.82843
9942.5 12 3.4641
9943.5 4 2
9944.5 12 3.4641
9945.5 7 2.64575
9946.5 8 2.82843
9947.5 7 2.64575
9948.5 3 1.73205
9949.5 7 2.64575
9950.5 12 3.4641
9951.5 7 2.64575
9952.5 4 2
9953.5 2 1.41421
9954.5 9 3
9955.5 2 1.41421
9956.5 6 2.44949
9957.5 7 2.64575
9958.5 11 3.31662
9959.5 8 2.82843
9960.5 4 2
9961.5 7 2.64575
9962.5 7 2.64575
9963.5 4 2
9964.5 14 3.74166
9965.5 2 1.41421
9966.5 4 2
9967.5 7 2.64575
9968.5 11 3.31662
9969.5 8 2.82843
9970.5 3 1.73205
9971.5 5 2.23607
9972.5 4 2
9973.5 9 3
9974.5 8 2.82843
9975.5 8 2.82843
9976.5 3 1.73205
9977.5 4 2
9978.5 5 2.23607
9979.5 5 2.23607
9980.5 11 3.31662
9981.5 8 2.82843
9982.5 6 2.44949
9983.5 8 2.82843
9984.5 6 2.44949
9985.5 3 1.73205
9986.5 10 3.16228
9987.5 7 2.64575
9988.5 6 2.44949
9989.5 7 2.64575
9990.5 5 2.23607
9991.5 13 3.60555
9992.5 11 3.31662
9993.5 4 2
9994.5 7 2.64575
9995.5 3 1.73205
9996.5 9 3
9997.5 5 2.23607
9998.5 6 2.44949
9999.5 8 2.82843
10000.5 6 2.44949
10001.5 6 2.44949
10002.5 7 2.64575
10003.5 10 3.16228
10004.5 7 2.64575
10005.5 4 2
10006.5 3 1.73205
10007.5 8 2.82843
10008.5 6 2.44949
10009.5 10 3.16228
10010.5 6 2.44949
10011.5 5 2.23607
10012.5 6 2.44949
10013.5 6 2.44949
10014.5 4 2
10015.5 8 2.82843
10016.5 6 2.44949
10017.5 10 3.16228
10018.5 9 3
10019.5 6 2.44949
10020.5 7 2.64575
10021.5 10 3.16228
10022.5 6 2.44949
10023.5 5 2.23607
10024.5 5 2.23607
10025.5 7 2.64575
10026.5 6 2.44949
10027.5 7 2.64575
10028.5 8 2.82843
10029.5 4 2
10030.5 5 2.23607
10031.5 4 2
10032.5 9 3
10033.5 7 2.64575
10034.5 5 2.23607
10035.5 7 2.64575
10036.5 8 2.82843
10037.5 4 2
10038.5 8 2.82843
10039.5 3 1.73205
10040.5 17 4.12311
10041.5 6 2.44949
10042.5 5 2.23607
10043.5 5 2.23607
10044.5 5 2.23607
10045.5 7 2.64575
10046.5 3 1.73205
10047.5 6 2.44949
10048.5 3 1.73205
10049.5 7 2.64575
10050.5 6 2.44949
10051.5 5 2.23607
10052.5 5 2.23607
10053.5 5 2.23607
10054.5 11 3.31662
10055.5 5 2.23607
10056.5 4 2
10057.5 8 2.82843
10058.5 10 3.16228
10059.5 6 2.44949
10060.5 6 2.44949
10061.5 5 2.23607
10062.5 6 2.44949
10063.5 6 2.44949
10064.5 3 1.73205
10065.5 7 2.64575
10066.5 7 2.64575
10067.5 3 1.73205
10068.5 6 2.44949
10069.5 5 2.23607
10070.5 7 2.64575
10071.5 9 3
10072.5 6 2.44949
10073.5 5 2.23607
10074.5 5 2.23607
10075.5 5 2.23607
10076.5 7 2.64575
10077.5 9 3
10078.5 3 1.73205
10079.5 4 2
10080.5 11 3.31662
10081.5 5 2.23607
10082.5 4 2
10083.5 3 1.73205
10084.5 3 1.73205
10085.5 5 2.23607
10086.5 3 1.73205
10087.5 6 2.44949
10088.5 4 2
10089.5 4 2
10090.5 3 1.73205
10091.5 5 2.23607
10092.5 8 2.82843
10093.5 6 2.44949
10094.5 6 2.44949
10095.5 2 1.41421
10096.5 4 2
10097.5 8 2.82843
10098.5 2 1.41421
10099.5 7 2.64575
10100.5 5 2.23607
10101.5 7 2.64575
10102.5 5 2.23607
10103.5 10 3.16228
10104.5 5 2.23607
10105.5 6 2.44949
10106.5 6 2.44949
10107.5 4 2
10108.5 6 2.44949
10109.5 3 1.73205
10110.5 7 2.64575
10111.5 8 2.82843
10112.5 7 2.64575
10113.5 7 2.64575
10114.5 7 2.64575
10115.5 5 2.23607
10116.5 7 2.64575
10117.5 3 1.73205
10118.5 4 2
10119.5 6 2.44949
10120.5 4 2
10121.5 7 2.64575
10122.5 4 2
10123.5 2 1.41421
10124.5 1 1
10125.5 2 1.41421
10126.5 4 2
10127.5 4 2
10128.5 4 2
10129.5 6 2.44949
10130.5 6 2.44949
10131.5 4 2
10132.5 9 3
10133.5 3 1.73205
10134.5 6 2.44949
10135.5 2 1.41421
10136.5 6 2.44949
10137.5 6 2.44949
10138.5 3 1.73205
10139.5 6 2.44949
10140.5 3 1.73205
10141.5 10 3.16228
10142.5 6 2.44949
10143.5 8 2.82843
10144.5 5 2.23607
10145.5 9 3
10146.5 2 1.41421
10147.5 5 2.23607
10148.5 7 2.64575
10149.5 5 2.23607
10150.5 8 2.82843
10151.5 8 2.82843
10152.5 7 2.64575
10153.5 6 2.44949
10154.5 6 2.44949
10155.5 2 1.41421
10156.5 2 1.41421
10157.5 4 2
10158.5 7 2.64575
10159.5 3 1.73205
10160.5 3 1.73205
10161.5 9 3
10162.5 9 3
10163.5 2 1.41421
10164.5 5 2.23607
10165.5 4 2
10166.5 1 1
10167.5 0 0
10168.5 10 3.16228
10169.5 6 2.44949
10170.5 6 2.44949
10171.5 4 2
10172.5 9 3
10173.5 4 2
10174.5 3 1.73205
10175.5 7 2.64575
10176.5 5 2.23607
10177.5 3 1.73205
10178.5 7 2.64575
10179.5 6 2.44949
10180.5 1 1
10181.5 2 1.41421
10182.5 3 1.73205
10183.5 9 3
10184.5 6 2.44949
10185.5 7 2.64575
10186.5 6 2.44949
10187.5 5 2.23607
10188.5 2 1.41421
10189.5 5 2.23607
10190.5 2 1.41421
10191.5 5 2.23607
10192.5 2 1.41421
10193.5 7 2.64575
10194.5 8 2.82843
10195.5 5 2.23607
10196.5 5 2.23607
10197.5 5 2.23607
10198.5 5 2.23607
10199.5 3 1.73205
10200.5 5 2.23607
10201.5 3 1.73205
10202.5 10 3.16228
10203.5 5 2.23607
10204.5 7 2.64575
10205.5 3 1.73205
10206.5 4 2
10207.5 7 2.64575
10208.5 6 2.44949
10209.5 5 2.23607
10210.5 3 1.73205
10211.5 7 2.64575
10212.5 2 1.41421
10213.5 6 2.44949
10214.5 4 2
10215.5 9 3
10216.5 5 2.23607
10217.5 5 2.23607
10218.5 5 2.23607
10219.5 4 2
10220.5 4 2
10221.5 3 1.73205
10222.5 2 1.41421
10223.5 3 1.73205
10224.5 4 2
10225.5 4 2
10226.5 3 1.73205
10227.5 3 1.73205
10228.5 4 2
10229.5 1 1
10230.5 1 1
10231.5 2 1.41421
10232.5 1 1
10233.5 3 1.73205
10234.5 2 1.41421
10235.5 5 2.23607
10236.5 4 2
10237.5 2 1.41421
10238.5 4 2
10239.5 5 2.23607
10240.5 3 1.73205
10241.5 3 1.73205
10242.5 11 3.31662
10243.5 5 2.23607
10244.5 4 2
10245.5 4 2
10246.5 6 2.44949
10247.5 2 1.41421
10248.5 3 1.73205
10249.5 5 2.23607
10250.5 2 1.41421
10251.5 4 2
10252.5 1 1
10253.5 4 2
10254.5 2 1.41421
10255.5 2 1.41421
10256.5 2 1.41421
10257.5 3 1.73205
10258.5 4 2
10259.5 7 2.64575
10260.5 4 2
10261.5 1 1
10262.5 2 1.41421
10263.5 2 1.41421
10264.5 2 1.41421
10265.5 7 2.64575
10266.5 2 1.41421
10267.5 3 1.73205
10268.5 2 1.41421
10269.5 3 1.73205
10270.5 3 1.73205
10271.5 3 1.73205
10272.5 4 2
10273.5 4 2
10274.5 6 2.44949
10275.5 4 2
10276.5 4 2
10277.5 4 2
10278.5 4 2
10279.5 1 1
10280.5 4 2
10281.5 3 1.73205
10282.5 3 1.73205
10283.5 0 0
10284.5 4 2
10285.5 1 1
10286.5 3 1.73205
10287.5 3 1.73205
10288.5 6 2.44949
10289.5 1 1
10290.5 2 1.41421
10291.5 2 1.41421
10292.5 2 1.41421
10293.5 2 1.41421
10294.5 4 2
10295.5 2 1.41421
10296.5 2 1.41421
10297.5 1 1
10298.5 3 1.73205
10299.5 5 2.23607
10300.5 4 2
10301.5 4 2
10302.5 5 2.23607
10303.5 5 2.23607
10304.5 2 1.41421
10305.5 3 1.73205
10306.5 1 1
10307.5 3 1.73205
10308.5 3 1.73205
10309.5 1 1
10310.5 5 2.23607
10311.5 2 1.41421
10312.5 4 2
10313.5 1 1
10314.5 0 0
10315.5 4 2
10316.5 2 1.41421
10317.5 5 2.23607
10318.5 1 1
10319.5 4 2
10320.5 1 1
10321.5 4 2
10322.5 3 1.73205
10323.5 4 2
10324.5 6 2.44949
10325.5 2 1.41421
10326.5 5 2.23607
10327.5 3 1.73205
10328.5 2 1.41421
10329.5 7 2.64575
10330.5 3 1.73205
10331.5 5 2.23607
10332.5 1 1
10333.5 2 1.41421
10334.5 2 1.41421
10335.5 2 1.41421
10336.5 2 1.41421
10337.5 3 1.73205
10338.5 4 2
10339.5 1 1
10340.5 0 0
10341.5 8 2.82843
10342.5 1 1
10343.5 3 1.73205
10344.5 3 1.73205
10345.5 0 0
10346.5 2 1.41421
10347.5 7 2.64575
10348.5 5 2.23607
10349.5 4 2
10350.5 2 1.41421
10351.5 1 1
10352.5 2 1.41421
10353.5 0 0
10354.5 0 0
10355.5 2 1.41421
10356.5 1 1
10357.5 2 1.41421
10358.5 1 1
10359.5 1 1
10360.5 0 0
10361.5 1 1
10362.5 0 0
10363.5 3 1.73205
10364.5 2 1.41421
10365.5 5 2.23607
10366.5 0 0
10367.5 2 1.41421
10368.5 1 1
10369.5 1 1
10370.5 4 2
10371.5 4 2
10372.5 2 1.41421
10373.5 3 1.73205
10374.5 3 1.73205
10375.5 3 1.73205
10376.5 4 2
10377.5 3 1.73205
10378.5 0 0
10379.5 4 2
10380.5 1 1
10381.5 4 2
10382.5 3 1.73205
10383.5 3 1.73205
10384.5 2 1.41421
10385.5 1 1
10386.5 3 1.73205
10387.5 4 2
10388.5 4 2
10389.5 2 1.41421
10390.5 3 1.73205
10391.5 3 1.73205
10392.5 4 2
10393.5 3 1.73205
10394.5 0 0
10395.5 1 1
10396.5 2 1.41421
10397.5 6 2.44949
10398.5 2 1.41421
10399.5 1 1
10400.5 0 0
10401.5 3 1.73205
10402.5 0 0
10403.5 2 1.41421
10404.5 6 2.44949
10405.5 4 2
10406.5 3 1.73205
10407.5 3 1.73205
10408.5 1 1
10409.5 5 2.23607
10410.5 3 1.73205
10411.5 4 2
10412.5 2 1.41421
10413.5 2 1.41421
10414.5 4 2
10415.5 2 1.41421
10416.5 3 1.73205
10417.5 2 1.41421
10418.5 1 1
10419.5 3 1.73205
10420.5 3 1.73205
10421.5 5 2.23607
10422.5 4 2
10423.5 2 1.41421
10424.5 1 1
10425.5 4 2
10426.5 2 1.41421
10427.5 8 2.82843
10428.5 4 2
10429.5 3 1.73205
10430.5 0 0
10431.5 3 1.73205
10432.5 2 1.41421
10433.5 1 1
10434.5 0 0
10435.5 2 1.41421
10436.5 0 0
10437.5 1 1
10438.5 0 0
10439.5 0 0
10440.5 1 1
10441.5 1 1
10442.5 3 1.73205
10443.5 2 1.41421
10444.5 0 0
10445.5 1 1
10446.5 0 0
10447.5 3 1.73205
10448.5 0 0
10449.5 2 1.41421
10450.5 2 1.41421
10451.5 3 1.73205
10452.5 4 2
10453.5 3 1.73205
10454.5 0 0
10455.5 3 1.73205
10456.5 6 2.44949
10457.5 2 1.41421
10458.5 2 1.41421
10459.5 2 1.41421
10460.5 5 2.23607
10461.5 2 1.41421
10462.5 2 1.41421
10463.5 4 2
10464.5 1 1
10465.5 5 2.23607
10466.5 2 1.41421
10467.5 3 1.73205
10468.5 0 0
10469.5 3 1.73205
10470.5 2 1.41421
10471.5 1 1
10472.5 3 1.73205
10473.5 1 1
10474.5 2 1.41421
10475.5 2 1.41421
10476.5 3 1.73205
10477.5 3 1.73205
10478.5 4 2
10479.5 4 2
10480.5 3 1.73205
10481.5 2 1.41421
10482.5 1 1
10483.5 4 2
10484.5 3 1.73205
10485.5 1 1
10486.5 2 1.41421
10487.5 0 0
10488.5 1 1
10489.5 1 1
10490.5 2 1.41421
10491.5 1 1
10492.5 3 1.73205
10493.5 3 1.73205
10494.5 3 1.73205
10495.5 1 1
10496.5 1 1
10497.5 4 2
10498.5 1 1
10499.5 0 0
10500.5 3 1.73205
10501.5 4 2
10502.5 1 1
10503.5 3 1.73205
10504.5 2 1.41421
10505.5 2 1.41421
10506.5 3 1.73205
10507.5 2 1.41421
10508.5 2 1.41421
10509.5 5 2.23607
10510.5 1 1
10511.5 2 1.41421
10512.5 1 1
10513.5 3 1.73205
10514.5 2 1.41421
10515.5 2 1.41421
10516.5 2 1.41421
10517.5 2 1.41421
10518.5 2 1.41421
10519.5 1 1
10520.5 5 2.23607
10521.5 0 0
10522.5 3 1.73205
10523.5 1 1
10524.5 2 1.41421
10525.5 1 1
10526.5 1 1
10527.5 1 1
10528.5 1 1
10529.5 1 1
10530.5 3 1.73205
10531.5 2 1.41421
10532.5 1 1
10533.5 1 1
10534.5 2 1.41421
10535.5 1 1
10536.5 1 1
10537.5 4 2
10538.5 0 0
10539.5 0 0
10540.5 2 1.41421
10541.5 1 1
10542.5 2 1.41421
10543.5 1 1
10544.5 0 0
10545.5 1 1
10546.5 1 1
10547.5 3 1.73205
10548.5 2 1.41421
10549.5 1 1
10550.5 5 2.23607
10551.5 2 1.41421
10552.5 3 1.73205
10553.5 1 1
10554.5 1 1
10555.5 2 1.41421
10556.5 1 1
10557.5 1 1
10558.5 3 1.73205
10559.5 0 0
10560.5 2 1.41421
10561.5 2 1.41421
10562.5 0 0
10563.5 0 0
10564.5 3 1.73205
10565.5 2 1.41421
10566.5 1 1
10567.5 3 1.73205
10568.5 0 0
10569.5 2 1.41421
10570.5 2 1.41421
10571.5 1 1
10572.5 0 0
10573.5 0 0
10574.5 0 0
10575.5 3 1.73205
10576.5 0 0
10577.5 2 1.41421
10578.5 1 1
10579.5 0 0
10580.5 3 1.73205
10581.5 3 1.73205
10582.5 1 1
10583.5 0 0
10584.5 5 2.23607
10585.5 1 1
10586.5 1 1
10587.5 1 1
10588.5 1 1
10589.5 1 1
10590.5 2 1.41421
10591.5 3 1.73205
10592.5 2 1.41421
10593.5 2 1.41421
10594.5 2 1.41421
10595.5 1 1
10596.5 2 1.41421
10597.5 0 0
10598.5 0 0
10599.5 1 1
10600.5 1 1
10601.5 4 2
10602.5 2 1.41421
10603.5 2 1.41421
10604.5 0 0
10605.5 1 1
10606.5 1 1
10607.5 3 1.73205
10608.5 3 1.73205
10609.5 3 1.73205
10610.5 0 0
10611.5 1 1
10612.5 1 1
10613.5 0 0
10614.5 1 1
10615.5 0 0
10616.5 1 1
10617.5 2 1.41421
10618.5 2 1.41421
10619.5 2 1.41421
10620.5 3 1.73205
10621.5 7 2.64575
10622.5 2 1.41421
10623.5 2 1.41421
10624.5 2 1.41421
10625.5 1 1
10626.5 0 0
10627.5 0 0
10628.5 1 1
10629.5 2 1.41421
10630.5 4 2
10631.5 3 1.73205
10632.5 4 2
10633.5 0 0
10634.5 0 0
10635.5 3 1.73205
10636.5 2 1.41421
10637.5 0 0
10638.5 3 1.73205
10639.5 1 1
10640.5 1 1
10641.5 4 2
10642.5 3 1.73205
10643.5 3 1.73205
10644.5 3 1.73205
10645.5 1 1
10646.5 2 1.41421
10647.5 1 1
10648.5 3 1.73205
10649.5 0 0
10650.5 2 1.41421
10651.5 0 0
10652.5 2 1.41421
10653.5 2 1.41421
10654.5 0 0
10655.5 1 1
10656.5 0 0
10657.5 2 1.41421
10658.5 3 1.73205
10659.5 2 1.41421
10660.5 1 1
10661.5 1 1
10662.5 1 1
10663.5 3 1.73205
10664.5 2 1.41421
10665.5 2 1.41421
10666.5 0 0
10667.5 4 2
10668.5 1 1
10669.5 1 1
10670.5 1 1
10671.5 3 1.73205
10672.5 2 1.41421
10673.5 1 1
10674.5 2 1.41421
10675.5 1 1
10676.5 1 1
10677.5 2 1.41421
10678.5 0 0
10679.5 0 0
10680.5 0 0
10681.5 5 2.23607
10682.5 3 1.73205
10683.5 0 0
10684.5 3 1.73205
10685.5 4 2
10686.5 3 1.73205
10687.5 0 0
10688.5 3 1.73205
10689.5 0 0
10690.5 0 0
10691.5 0 0
10692.5 3 1.73205
10693.5 3 1.73205
10694.5 0 0
10695.5 2 1.41421
10696.5 1 1
10697.5 1 1
10698.5 0 0
10699.5 1 1
10700.5 1 1
10701.5 1 1
10702.5 1 1
10703.5 3 1.73205
10704.5 1 1
10705.5 0 0
10706.5 1 1
10707.5 1 1
10708.5 2 1.41421
10709.5 3 1.73205
10710.5 3 1.73205
10711.5 0 0
10712.5 3 1.73205
10713.5 1 1
10714.5 0 0
10715.5 2 1.41421
10716.5 2 1.41421
10717.5 1 1
10718.5 0 0
10719.5 0 0
10720.5 1 1
10721.5 0 0
10722.5 1 1
10723.5 1 1
10724.5 2 1.41421
10725.5 1 1
10726.5 1 1
10727.5 2 1.41421
10728.5 2 1.41421
10729.5 3 1.73205
10730.5 2 1.41421
10731.5 0 0
10732.5 2 1.41421
10733.5 2 1.41421
10734.5 0 0
10735.5 1 1
10736.5 1 1
10737.5 1 1
10738.5 2 1.41421
10739.5 3 1.73205
10740.5 2 1.41421
10741.5 0 0
10742.5 2 1.41421
10743.5 2 1.41421
10744.5 1 1
10745.5 2 1.41421
10746.5 2 1.41421
10747.5 2 1.41421
10748.5 0 0
10749.5 0 0
10750.5 0 0
10751.5 2 1.41421
10752.5 3 1.73205
10753.5 2 1.41421
10754.5 4 2
10755.5 3 1.73205
10756.5 0 0
10757.5 2 1.41421
10758.5 1 1
10759.5 1 1
10760.5 0 0
10761.5 0 0
10762.5 0 0
10763.5 1 1
10764.5 0 0
10765.5 2 1.41421
10766.5 1 1
10767.5 2 1.41421
10768.5 4 2
10769.5 3 1.73205
10770.5 1 1
10771.5 5 2.23607
10772.5 1 1
10773.5 2 1.41421
10774.5 2 1.41421
10775.5 4 2
10776.5 2 1.41421
10777.5 3 1.73205
10778.5 4 2
10779.5 1 1
10780.5 3 1.73205
10781.5 1 1
10782.5 3 1.73205
10783.5 2 1.41421
10784.5 3 1.73205
10785.5 2 1.41421
10786.5 6 2.44949
10787.5 2 1.41421
10788.5 1 1
10789.5 1 1
10790.5 2 1.41421
10791.5 4 2
10792.5 3 1.73205
10793.5 0 0
10794.5 1 1
10795.5 1 1
10796.5 2 1.41421
10797.5 1 1
10798.5 1 1
10799.5 0 0
10800.5 1 1
10801.5 1 1
10802.5 0 0
10803.5 0 0
10804.5 2 1.41421
10805.5 0 0
10806.5 1 1
10807.5 1 1
10808.5 2 1.41421
10809.5 1 1
10810.5 3 1.73205
10811.5 1 1
10812.5 1 1
10813.5 2 1.41421
10814.5 4 2
10815.5 0 0
10816.5 1 1
10817.5 2 1.41421
10818.5 0 0
10819.5 2 1.41421
10820.5 1 1
10821.5 0 0
10822.5 1 1
10823.5 2 1.41421
10824.5 1 1
10825.5 1 1
10826.5 1 1
10827.5 0 0
10828.5 0 0
10829.5 0 0
10830.5 1 1
10831.5 1 1
10832.5 1 1
10833.5 1 1
10834.5 0 0
10835.5 2 1.41421
10836.5 4 2
10837.5 2 1.41421
10838.5 0 0
10839.5 1 1
10840.5 1 1
10841.5 0 0
10842.5 7 2.64575
10843.5 2 1.41421
10844.5 2 1.41421
10845.5 1 1
10846.5 1 1
10847.5 3 1.73205
10848.5 1 1
10849.5 2 1.41421
10850.5 0 0
10851.5 1 1
10852.5 1 1
10853.5 1 1
10854.5 0 0
10855.5 3 1.73205
10856.5 1 1
10857.5 4 2
10858.5 3 1.73205
10859.5 0 0
10860.5 2 1.41421
10861.5 2 1.41421
10862.5 2 1.41421
10863.5 5 2.23607
10864.5 3 1.73205
10865.5 2 1.41421
10866.5 1 1
10867.5 3 1.73205
10868.5 0 0
10869.5 1 1
10870.5 0 0
10871.5 0 0
10872.5 0 0
10873.5 2 1.41421
10874.5 3 1.73205
10875.5 3 1.73205
10876.5 1 1
10877.5 1 1
10878.5 0 0
10879.5 4 2
10880.5 3 1.73205
10881.5 3 1.73205
10882.5 5 2.23607
10883.5 2 1.41421
10884.5 1 1
10885.5 2 1.41421
10886.5 6 2.44949
10887.5 4 2
10888.5 3 1.73205
10889.5 4 2
10890.5 5 2.23607
10891.5 4 2
10892.5 6 2.44949
10893.5 7 2.64575
10894.5 10 3.16228
10895.5 9 3
10896.5 20 4.47214
10897.5 15 3.87298
10898.5 21 4.58258
10899.5 16 4
10900.5 44 6.63325
10901.5 35 5.91608
10902.5 46 6.78233
10903.5 48 6.9282
10904.5 75 8.66025
10905.5 65 8.06226
10906.5 85 9.21954
10907.5 101 10.0499
10908.5 112 10.583
10909.5 138 11.7473
10910.5 171 13.0767
10911.5 179 13.3791
10912.5 201 14.1774
10913.5 214 14.6287
10914.5 232 15.2315
10915.5 236 15.3623
10916.5 285 16.8819
10917.5 297 17.2337
10918.5 326 18.0555
10919.5 325 18.0278
10920.5 335 18.303
10921.5 334 18.2757
10922.5 383 19.5704
10923.5 343 18.5203
10924.5 326 18.0555
10925.5 291 17.0587
10926.5 261 16.1555
10927.5 214 14.6287
10928.5 222 14.8997
10929.5 162 12.7279
10930.5 155 12.4499
10931.5 140 11.8322
10932.5 110 10.4881
10933.5 109 10.4403
10934.5 81 9
10935.5 76 8.7178
10936.5 53 7.28011
10937.5 32 5.65685
10938.5 32 5.65685
10939.5 27 5.19615
10940.5 27 5.19615
10941.5 15 3.87298
10942.5 7 2.64575
10943.5 13 3.60555
10944.5 7 2.64575
10945.5 10 3.16228
10946.5 6 2.44949
10947.5 4 2
10948.5 3 1.73205
10949.5 6 2.44949
10950.5 4 2
10951.5 1 1
10952.5 3 1.73205
10953.5 3 1.73205
10954.5 2 1.41421
10955.5 3 1.73205
10956.5 1 1
10957.5 1 1
10958.5 1 1
10959.5 1 1
10960.5 2 1.41421
10961.5 4 2
10962.5 3 1.73205
10963.5 1 1
10964.5 0 0
10965.5 1 1
10966.5 0 0
10967.5 2 1.41421
10968.5 0 0
10969.5 1 1
10970.5 1 1
10971.5 1 1
10972.5 1 1
10973.5 1 1
10974.5 3 1.73205
10975.5 2 1.41421
10976.5 0 0
10977.5 1 1
10978.5 0 0
10979.5 0 0
10980.5 0 0
10981.5 1 1
10982.5 2 1.41421
10983.5 0 0
10984.5 3 1.73205
10985.5 0 0
10986.5 0 0
10987.5 2 1.41421
10988.5 1 1
10989.5 0 0
10990.5 1 1
10991.5 0 0
10992.5 2 1.41421
10993.5 2 1.41421
10994.5 1 1
10995.5 1 1
10996.5 0 0
10997.5 0 0
10998.5 0 0
10999.5 1 1
11000.5 0 0
11001.5 1 1
11002.5 2 1.41421
11003.5 2 1.41421
11004.5 0 0
11005.5 1 1
11006.5 1 1
11007.5 0 0
11008.5 2 1.41421
11009.5 1 1
11010.5 0 0
11011.5 2 1.41421
11012.5 2 1.41421
11013.5 0 0
11014.5 1 1
11015.5 0 0
11016.5 1 1
11017.5 1 1
11018.5 1 1
11019.5 0 0
11020.5 1 1
11021.5 0 0
11022.5 0 0
11023.5 0 0
11024.5 1 1
11025.5 0 0
11026.5 0 0
11027.5 0 0
11028.5 0 0
11029.5 1 1
11030.5 0 0
11031.5 1 1
11032.5 0 0
11033.5 1 1
11034.5 1 1
11035.5 1 1
11036.5 1 1
11037.5 0 0
11038.5 0 0
11039.5 0 0
11040.5 2 1.41421
11041.5 0 0
11042.5 0 0
11043.5 2 1.41421
11044.5 0 0
11045.5 1 1
11046.5 1 1
11047.5 1 1
11048.5 0 0
11049.5 0 0
11050.5 0 0
11051.5 1 1
11052.5 1 1
11053.5 1 1
11054.5 0 0
11055.5 2 1.41421
11056.5 0 0
11057.5 0 0
11058.5 2 1.41421
11059.5 0 0
11060.5 2 1.41421
11061.5 1 1
11062.5 1 1
11063.5 1 1
11064.5 0 0
11065.5 0 0
11066.5 1 1
11067.5 2 1.41421
11068.5 0 0
11069.5 1 1
11070.5 0 0
11071.5 1 1
11072.5 0 0
11073.5 0 0
11074.5 1 1
11075.5 0 0
11076.5 0 0
11077.5 0 0
11078.5 0 0
11079.5 0 0
11080.5 0 0
11081.5 0 0
11082.5 1 1
11083.5 0 0
11084.5 2 1.41421
11085.5 1 1
11086.5 0 0
11087.5 1 1
11088.5 0 0
11089.5 0 0
11090.5 1 1
11091.5 0 0
11092.5 1 1
11093.5 1 1
11094.5 0 0
11095.5 1 1
11096.5 0 0
11097.5 0 0
11098.5 0 0
11099.5 1 1
11100.5 2 1.41421
11101.5 0 0
11102.5 0 0
11103.5 0 0
11104.5 0 0
11105.5 0 0
11106.5 1 1
11107.5 0 0
11108.5 1 1
11109.5 1 1
11110.5 0 0
11111.5 0 0
11112.5 0 0
11113.5 0 0
11114.5 1 1
11115.5 1 1
11116.5 0 0
11117.5 0 0
11118.5 0 0
11119.5 1 1
11120.5 2 1.41421
11121.5 2 1.41421
11122.5 1 1
11123.5 1 1
11124.5 0 0
11125.5 1 1
11126.5 0 0
11127.5 1 1
11128.5 1 1
11129.5 0 0
11130.5 2 1.41421
11131.5 0 0
11132.5 1 1
11133.5 0 0
11134.5 0 0
11135.5 0 0
11136.5 0 0
11137.5 0 0
11138.5 2 1.41421
11139.5 1 1
11140.5 0 0
11141.5 1 1
11142.5 1 1
11143.5 1 1
11144.5 1 1
11145.5 1 1
11146.5 2 1.41421
11147.5 0 0
11148.5 0 0
11149.5 1 1
11150.5 1 1
11151.5 1 1
11152.5 0 0
11153.5 0 0
11154.5 0 0
11155.5 1 1
11156.5 0 0
11157.5 1 1
11158.5 1 1
11159.5 0 0
11160.5 0 0
11161.5 1 1
11162.5 0 0
11163.5 1 1
11164.5 2 1.41421
11165.5 0 0
11166.5 0 0
11167.5 0 0
11168.5 1 1
11169.5 0 0
11170.5 2 1.41421
11171.5 0 0
11172.5 3 1.73205
11173.5 1 1
11174.5 0 0
11175.5 0 0
11176.5 0 0
11177.5 0 0
11178.5 1 1
11179.5 0 0
11180.5 0 0
11181.5 0 0
11182.5 0 0
11183.5 0 0
11184.5 0 0
11185.5 0 0
11186.5 2 1.41421
11187.5 1 1
11188.5 0 0
11189.5 1 1
11190.5 2 1.41421
11191.5 0 0
11192.5 1 1
11193.5 2 1.41421
11194.5 1 1
11195.5 1 1
11196.5 1 1
11197.5 0 0
11198.5 3 1.73205
11199.5 4 2
11200.5 1 1
11201.5 3 1.73205
11202.5 3 1.73205
11203.5 1 1
11204.5 3 1.73205
11205.5 2 1.41421
11206.5 1 1
11207.5 1 1
11208.5 4 2
11209.5 3 1.73205
11210.5 5 2.23607
11211.5 2 1.41421
11212.5 1 1
11213.5 3 1.73205
11214.5 1 1
11215.5 1 1
11216.5 3 1.73205
11217.5 1 1
11218.5 1 1
11219.5 0 0
11220.5 3 1.73205
11221.5 0 0
11222.5 2 1.41421
11223.5 3 1.73205
11224.5 2 1.41421
11225.5 3 1.73205
11226.5 2 1.41421
11227.5 1 1
11228.5 0 0
11229.5 1 1
11230.5 1 1
11231.5 0 0
11232.5 0 0
11233.5 1 1
11234.5 1 1
11235.5 0 0
11236.5 0 0
11237.5 1 1
11238.5 2 1.41421
11239.5 2 1.41421
11240.5 1 1
11241.5 0 0
11242.5 0 0
11243.5 0 0
11244.5 0 0
11245.5 0 0
11246.5 2 1.41421
11247.5 0 0
11248.5 0 0
11249.5 0 0
11250.5 0 0
11251.5 0 0
11252.5 0 0
11253.5 1 1
11254.5 0 0
11255.5 0 0
11256.5 0 0
11257.5 0 0
11258.5 0 0
11259.5 0 0
11260.5 2 1.41421
11261.5 0 0
11262.5 1 1
11263.5 2 1.41421
11264.5 0 0
11265.5 0 0
11266.5 1 1
11267.5 0 0
11268.5 1 1
11269.5 0 0
11270.5 0 0
11271.5 0 0
11272.5 1 1
11273.5 0 0
11274.5 0 0
11275.5 0 0
11276.5 1 1
11277.5 1 1
11278.5 2 1.41421
11279.5 1 1
11280.5 1 1
11281.5 0 0
11282.5 0 0
11283.5 0 0
11284.5 2 1.41421
11285.5 1 1
11286.5 1 1
11287.5 0 0
11288.5 0 0
11289.5 0 0
11290.5 0 0
11291.5 1 1
11292.5 1 1
11293.5 0 0
11294.5 1 1
11295.5 1 1
11296.5 0 0
11297.5 0 0
11298.5 0 0
11299.5 0 0
11300.5 1 1
11301.5 0 0
11302.5 1 1
11303.5 0 0
11304.5 1 1
11305.5 1 1
11306.5 2 1.41421
11307.5 0 0
11308.5 1 1
11309.5 0 0
11310.5 3 1.73205
11311.5 0 0
11312.5 0 0
11313.5 3 1.73205
11314.5 0 0
11315.5 1 1
11316.5 0 0
11317.5 0 0
11318.5 1 1
11319.5 0 0
11320.5 1 1
11321.5 0 0
11322.5 0 0
11323.5 1 1
11324.5 0 0
11325.5 0 0
11326.5 0 0
11327.5 2 1.41421
11328.5 2 1.41421
11329.5 1 1
11330.5 0 0
11331.5 0 0
11332.5 0 0
11333.5 0 0
11334.5 0 0
11335.5 0 0
11336.5 0 0
11337.5 1 1
11338.5 1 1
11339.5 0 0
11340.5 0 0
11341.5 2 1.41421
11342.5 2 1.41421
11343.5 0 0
11344.5 2 1.41421
11345.5 2 1.41421
11346.5 1 1
11347.5 0 0
11348.5 2 1.41421
11349.5 2 1.41421
11350.5 1 1
11351.5 0 0
11352.5 1 1
11353.5 3 1.73205
11354.5 0 0
11355.5 0 0
11356.5 0 0
11357.5 0 0
11358.5 1 1
11359.5 1 1
11360.5 2 1.41421
11361.5 0 0
11362.5 0 0
11363.5 1 1
11364.5 1 1
11365.5 0 0
11366.5 0 0
11367.5 1 1
11368.5 0 0
11369.5 1 1
11370.5 1 1
11371.5 0 0
11372.5 2 1.41421
11373.5 1 1
11374.5 1 1
11375.5 3 1.73205
11376.5 0 0
11377.5 0 0
11378.5 2 1.41421
11379.5 0 0
11380.5 1 1
11381.5 0 0
11382.5 2 1.41421
11383.5 0 0
11384.5 1 1
11385.5 0 0
11386.5 0 0
11387.5 2 1.41421
11388.5 0 0
11389.5 1 1
11390.5 1 1
11391.5 2 1.41421
11392.5 0 0
11393.5 0 0
11394.5 1 1
11395.5 1 1
11396.5 0 0
11397.5 1 1
11398.5 1 1
11399.5 1 1
11400.5 1 1
11401.5 2 1.41421
11402.5 0 0
11403.5 0 0
11404.5 0 0
11405.5 0 0
11406.5 0 0
11407.5 3 1.73205
11408.5 2 1.41421
11409.5 0 0
11410.5 1 1
11411.5 0 0
11412.5 0 0
11413.5 0 0
11414.5 0 0
11415.5 0 0
11416.5 1 1
11417.5 1 1
11418.5 0 0
11419.5 1 1
11420.5 0 0
11421.5 3 1.73205
11422.5 0 0
11423.5 0 0
11424.5 3 1.73205
11425.5 1 1
11426.5 0 0
11427.5 1 1
11428.5 1 1
11429.5 1 1
11430.5 1 1
11431.5 0 0
11432.5 0 0
11433.5 0 0
11434.5 1 1
11435.5 0 0
11436.5 3 1.73205
11437.5 1 1
11438.5 1 1
11439.5 0 0
11440.5 0 0
11441.5 3 1.73205
11442.5 1 1
11443.5 0 0
11444.5 0 0
11445.5 1 1
11446.5 0 0
11447.5 2 1.41421
11448.5 1 1
11449.5 0 0
11450.5 1 1
11451.5 0 0
11452.5 0 0
11453.5 1 1
11454.5 0 0
11455.5 1 1
11456.5 1 1
11457.5 0 0
11458.5 2 1.41421
11459.5 0 0
11460.5 0 0
11461.5 1 1
11462.5 1 1
11463.5 2 1.41421
11464.5 3 1.73205
11465.5 1 1
11466.5 0 0
11467.5 2 1.41421
11468.5 1 1
11469.5 1 1
11470.5 1 1
11471.5 0 0
11472.5 1 1
11473.5 0 0
11474.5 0 0
11475.5 1 1
11476.5 0 0
11477.5 2 1.41421
11478.5 0 0
11479.5 0 0
11480.5 2 1.41421
11481.5 1 1
11482.5 0 0
11483.5 0 0
11484.5 1 1
11485.5 1 1
11486.5 3 1.73205
11487.5 0 0
11488.5 3 1.73205
11489.5 0 0
11490.5 0 0
11491.5 2 1.41421
11492.5 0 0
11493.5 3 1.73205
11494.5 0 0
11495.5 1 1
11496.5 1 1
11497.5 0 0
11498.5 0 0
11499.5 2 1.41421
11500.5 1 1
11501.5 0 0
11502.5 0 0
11503.5 0 0
11504.5 1 1
11505.5 1 1
11506.5 1 1
11507.5 0 0
11508.5 1 1
11509.5 1 1
11510.5 0 0
11511.5 0 0
11512.5 2 1.41421
11513.5 1 1
11514.5 1 1
11515.5 2 1.41421
11516.5 0 0
11517.5 0 0
11518.5 0 0
11519.5 1 1
11520.5 1 1
11521.5 2 1.41421
11522.5 1 1
11523.5 1 1
11524.5 0 0
11525.5 2 1.41421
11526.5 0 0
11527.5 0 0
11528.5 1 1
11529.5 1 1
11530.5 0 0
11531.5 0 0
11532.5 0 0
11533.5 0 0
11534.5 0 0
11535.5 0 0
11536.5 1 1
11537.5 0 0
11538.5 1 1
11539.5 1 1
11540.5 1 1
11541.5 1 1
11542.5 0 0
11543.5 0 0
11544.5 0 0
11545.5 0 0
11546.5 1 1
11547.5 0 0
11548.5 1 1
11549.5 0 0
11550.5 0 0
11551.5 1 1
11552.5 0 0
11553.5 1 1
11554.5 1 1
11555.5 0 0
11556.5 0 0
11557.5 1 1
11558.5 1 1
11559.5 0 0
11560.5 0 0
11561.5 2 1.41421
11562.5 0 0
11563.5 4 2
11564.5 1 1
11565.5 1 1
11566.5 0 0
11567.5 0 0
11568.5 0 0
11569.5 0 0
11570.5 0 0
11571.5 1 1
11572.5 3 1.73205
11573.5 0 0
11574.5 1 1
11575.5 0 0
11576.5 2 1.41421
11577.5 1 1
11578.5 0 0
11579.5 2 1.41421
11580.5 0 0
11581.5 0 0
11582.5 0 0
11583.5 0 0
11584.5 0 0
11585.5 1 1
11586.5 1 1
11587.5 0 0
11588.5 0 0
11589.5 3 1.73205
11590.5 0 0
11591.5 1 1
11592.5 3 1.73205
11593.5 0 0
11594.5 1 1
11595.5 1 1
11596.5 0 0
11597.5 0 0
11598.5 0 0
11599.5 0 0
11600.5 0 0
11601.5 1 1
11602.5 1 1
11603.5 1 1
11604.5 0 0
11605.5 0 0
11606.5 1 1
11607.5 2 1.41421
11608.5 3 1.73205
11609.5 0 0
11610.5 0 0
11611.5 0 0
11612.5 0 0
11613.5 0 0
11614.5 2 1.41421
11615.5 0 0
11616.5 2 1.41421
11617.5 1 1
11618.5 2 1.41421
11619.5 0 0
11620.5 0 0
11621.5 0 0
11622.5 2 1.41421
11623.5 0 0
11624.5 2 1.41421
11625.5 0 0
11626.5 0 0
11627.5 1 1
11628.5 2 1.41421
11629.5 0 0
11630.5 0 0
11631.5 0 0
11632.5 0 0
11633.5 0 0
11634.5 0 0
11635.5 0 0
11636.5 0 0
11637.5 2 1.41421
11638.5 1 1
11639.5 0 0
11640.5 0 0
11641.5 1 1
11642.5 1 1
11643.5 0 0
11644.5 0 0
11645.5 1 1
11646.5 0 0
11647.5 0 0
11648.5 3 1.73205
11649.5 1 1
11650.5 0 0
11651.5 1 1
11652.5 0 0
11653.5 0 0
11654.5 0 0
11655.5 0 0
11656.5 2 1.41421
11657.5 0 0
11658.5 0 0
11659.5 0 0
11660.5 0 0
11661.5 1 1
11662.5 1 1
11663.5 3 1.73205
11664.5 1 1
11665.5 0 0
11666.5 2 1.41421
11667.5 0 0
11668.5 4 2
11669.5 0 0
11670.5 0 0
11671.5 1 1
11672.5 0 0
11673.5 0 0
11674.5 1 1
11675.5 0 0
11676.5 0 0
11677.5 0 0
11678.5 0 0
11679.5 1 1
11680.5 0 0
11681.5 1 1
11682.5 3 1.73205
11683.5 0 0
11684.5 0 0
11685.5 0 0
11686.5 0 0
11687.5 0 0
11688.5 1 1
11689.5 1 1
11690.5 2 1.41421
11691.5 0 0
11692.5 0 0
11693.5 0 0
11694.5 0 0
11695.5 2 1.41421
11696.5 1 1
11697.5 1 1
11698.5 1 1
11699.5 1 1
11700.5 0 0
11701.5 0 0
11702.5 1 1
11703.5 0 0
11704.5 0 0
11705.5 0 0
11706.5 0 0
11707.5 0 0
11708.5 1 1
11709.5 0 0
11710.5 1 1
11711.5 3 1.73205
11712.5 1 1
11713.5 0 0
11714.5 1 1
11715.5 0 0
11716.5 1 1
11717.5 0 0
11718.5 0 0
11719.5 0 0
11720.5 0 0
11721.5 1 1
11722.5 0 0
11723.5 1 1
11724.5 1 1
11725.5 1 1
11726.5 0 0
11727.5 0 0
11728.5 0 0
11729.5 2 1.41421
11730.5 0 0
11731.5 1 1
11732.5 1 1
11733.5 0 0
11734.5 0 0
11735.5 1 1
11736.5 0 0
11737.5 1 1
11738.5 0 0
11739.5 1 1
11740.5 1 1
11741.5 0 0
11742.5 0 0
11743.5 0 0
11744.5 2 1.41421
11745.5 1 1
11746.5 0 0
11747.5 0 0
11748.5 2 1.41421
11749.5 1 1
11750.5 1 1
11751.5 0 0
11752.5 0 0
11753.5 1 1
11754.5 0 0
11755.5 0 0
11756.5 0 0
11757.5 0 0
11758.5 1 1
11759.5 1 1
11760.5 0 0
11761.5 1 1
11762.5 1 1
11763.5 0 0
11764.5 3 1.73205
11765.5 0 0
11766.5 1 1
11767.5 0 0
11768.5 1 1
11769.5 0 0
11770.5 0 0
11771.5 0 0
11772.5 1 1
11773.5 0 0
11774.5 0 0
11775.5 2 1.41421
11776.5 0 0
11777.5 0 0
11778.5 1 1
11779.5 0 0
11780.5 0 0
11781.5 0 0
11782.5 1 1
11783.5 1 1
11784.5 1 1
11785.5 0 0
11786.5 1 1
11787.5 1 1
11788.5 1 1
11789.5 0 0
11790.5 0 0
11791.5 0 0
11792.5 1 1
11793.5 1 1
11794.5 1 1
11795.5 1 1
11796.5 1 1
11797.5 2 1.41421
11798.5 1 1
11799.5 0 0
11800.5 0 0
11801.5 0 0
11802.5 0 0
11803.5 0 0
11804.5 0 0
11805.5 0 0
11806.5 0 0
11807.5 1 1
11808.5 0 0
11809.5 1 1
11810.5 1 1
11811.5 1 1
11812.5 0 0
11813.5 0 0
11814.5 0 0
11815.5 2 1.41421
11816.5 2 1.41421
11817.5 1 1
11818.5 1 1
11819.5 0 0
11820.5 2 1.41421
11821.5 0 0
11822.5 2 1.41421
11823.5 1 1
11824.5 1 1
11825.5 0 0
11826.5 0 0
11827.5 0 0
11828.5 1 1
11829.5 1 1
11830.5 1 1
11831.5 0 0
11832.5 0 0
11833.5 0 0
11834.5 0 0
11835.5 0 0
11836.5 2 1.41421
11837.5 0 0
11838.5 2 1.41421
11839.5 0 0
11840.5 0 0
11841.5 0 0
11842.5 2 1.41421
11843.5 3 1.73205
11844.5 0 0
11845.5 0 0
11846.5 0 0
11847.5 1 1
11848.5 0 0
11849.5 1 1
11850.5 2 1.41421
11851.5 0 0
11852.5 0 0
11853.5 1 1
11854.5 2 1.41421
11855.5 0 0
11856.5 1 1
11857.5 0 0
11858.5 1 1
11859.5 0 0
11860.5 0 0
11861.5 1 1
11862.5 1 1
11863.5 2 1.41421
11864.5 1 1
11865.5 1 1
11866.5 2 1.41421
11867.5 0 0
11868.5 0 0
11869.5 0 0
11870.5 0 0
11871.5 0 0
11872.5 1 1
11873.5 1 1
11874.5 0 0
11875.5 0 0
11876.5 1 1
11877.5 1 1
11878.5 0 0
11879.5 0 0
11880.5 0 0
11881.5 2 1.41421
11882.5 2 1.41421
11883.5 0 0
11884.5 1 1
11885.5 1 1
11886.5 2 1.41421
11887.5 0 0
11888.5 0 0
11889.5 0 0
11890.5 2 1.41421
11891.5 0 0
11892.5 0 0
11893.5 2 1.41421
11894.5 0 0
11895.5 1 1
11896.5 3 1.73205
11897.5 0 0
11898.5 0 0
11899.5 1 1
11900.5 0 0
11901.5 2 1.41421
11902.5 2 1.41421
11903.5 0 0
11904.5 1 1
11905.5 1 1
11906.5 0 0
11907.5 0 0
11908.5 0 0
11909.5 0 0
11910.5 0 0
11911.5 0 0
11912.5 0 0
11913.5 2 1.41421
11914.5 1 1
11915.5 0 0
11916.5 1 1
11917.5 0 0
11918.5 0 0
11919.5 0 0
11920.5 0 0
11921.5 0 0
11922.5 0 0
11923.5 1 1
11924.5 0 0
11925.5 0 0
11926.5 0 0
11927.5 0 0
11928.5 1 1
11929.5 0 0
11930.5 0 0
11931.5 0 0
11932.5 0 0
11933.5 1 1
11934.5 0 0
11935.5 1 1
11936.5 2 1.41421
11937.5 1 1
11938.5 0 0
11939.5 2 1.41421
11940.5 1 1
11941.5 0 0
11942.5 0 0
11943.5 0 0
11944.5 2 1.41421
11945.5 1 1
11946.5 1 1
11947.5 0 0
11948.5 1 1
11949.5 1 1
11950.5 1 1
11951.5 0 0
11952.5 1 1
11953.5 0 0
11954.5 2 1.41421
11955.5 2 1.41421
11956.5 1 1
11957.5 5 2.23607
11958.5 2 1.41421
11959.5 1 1
11960.5 0 0
11961.5 2 1.41421
11962.5 2 1.41421
11963.5 0 0
11964.5 0 0
11965.5 0 0
11966.5 3 1.73205
11967.5 1 1
11968.5 1 1
11969.5 0 0
11970.5 0 0
11971.5 1 1
11972.5 2 1.41421
11973.5 0 0
11974.5 0 0
11975.5 1 1
11976.5 1 1
11977.5 1 1
11978.5 0 0
11979.5 0 0
11980.5 2 1.41421
11981.5 0 0
11982.5 0 0
11983.5 1 1
11984.5 0 0
11985.5 0 0
11986.5 0 0
11987.5 1 1
11988.5 1 1
11989.5 1 1
11990.5 0 0
11991.5 0 0
11992.5 1 1
11993.5 0 0
11994.5 1 1
11995.5 2 1.41421
11996.5 0 0
11997.5 1 1
11998.5 1 1
11999.5 2 1.41421
12000.5 1 1
12001.5 0 0
12002.5 0 0
12003.5 1 1
12004.5 0 0
12005.5 1 1
12006.5 2 1.41421
12007.5 2 1.41421
12008.5 1 1
12009.5 2 1.41421
12010.5 1 1
12011.5 0 0
12012.5 0 0
12013.5 0 0
12014.5 0 0
12015.5 0 0
12016.5 0 0
12017.5 0 0
12018.5 1 1
12019.5 0 0
12020.5 0 0
12021.5 1 1
12022.5 1 1
12023.5 1 1
12024.5 3 1.73205
12025.5 1 1
12026.5 0 0
12027.5 1 1
12028.5 1 1
12029.5 1 1
12030.5 2 1.41421
12031.5 0 0
12032.5 1 1
12033.5 1 1
12034.5 1 1
12035.5 1 1
12036.5 0 0
12037.5 0 0
12038.5 1 1
12039.5 0 0
12040.5 0 0
12041.5 0 0
12042.5 3 1.73205
12043.5 0 0
12044.5 1 1
12045.5 1 1
12046.5 0 0
12047.5 1 1
12048.5 3 1.73205
12049.5 0 0
12050.5 0 0
12051.5 3 1.73205
12052.5 1 1
12053.5 0 0
12054.5 0 0
12055.5 2 1.41421
12056.5 3 1.73205
12057.5 1 1
12058.5 1 1
12059.5 1 1
12060.5 2 1.41421
12061.5 1 1
12062.5 2 1.41421
12063.5 1 1
12064.5 1 1
12065.5 2 1.41421
12066.5 2 1.41421
12067.5 1 1
12068.5 0 0
12069.5 1 1
12070.5 1 1
12071.5 1 1
12072.5 0 0
12073.5 1 1
12074.5 2 1.41421
12075.5 0 0
12076.5 0 0
12077.5 1 1
12078.5 0 0
12079.5 2 1.41421
12080.5 0 0
12081.5 0 0
12082.5 2 1.41421
12083.5 0 0
12084.5 1 1
12085.5 2 1.41421
12086.5 1 1
12087.5 0 0
12088.5 0 0
12089.5 0 0
12090.5 0 0
12091.5 0 0
12092.5 0 0
12093.5 0 0
12094.5 0 0
12095.5 0 0
12096.5 2 1.41421
12097.5 1 1
12098.5 0 0
12099.5 0 0
12100.5 0 0
12101.5 0 0
12102.5 0 0
12103.5 1 1
12104.5 0 0
12105.5 0 0
12106.5 1 1
12107.5 0 0
12108.5 0 0
12109.5 0 0
12110.5 0 0
12111.5 3 1.73205
12112.5 0 0
12113.5 0 0
12114.5 0 0
12115.5 1 1
12116.5 1 1
12117.5 2 1.41421
12118.5 0 0
12119.5 0 0
12120.5 0 0
12121.5 0 0
12122.5 1 1
12123.5 2 1.41421
12124.5 1 1
12125.5 0 0
12126.5 1 1
12127.5 1 1
12128.5 1 1
12129.5 0 0
12130.5 0 0
12131.5 0 0
12132.5 1 1
12133.5 0 0
12134.5 0 0
12135.5 0 0
12136.5 1 1
12137.5 0 0
12138.5 0 0
12139.5 2 1.41421
12140.5 1 1
12141.5 2 1.41421
12142.5 0 0
12143.5 1 1
12144.5 2 1.41421
12145.5 2 1.41421
12146.5 0 0
12147.5 1 1
12148.5 0 0
12149.5 1 1
12150.5 1 1
12151.5 0 0
12152.5 0 0
12153.5 0 0
12154.5 0 0
12155.5 0 0
12156.5 1 1
12157.5 3 1.73205
12158.5 0 0
12159.5 0 0
12160.5 0 0
12161.5 1 1
12162.5 1 1
12163.5 0 0
12164.5 0 0
12165.5 0 0
12166.5 1 1
12167.5 0 0
12168.5 0 0
12169.5 0 0
12170.5 3 1.73205
12171.5 0 0
12172.5 2 1.41421
12173.5 1 1
12174.5 1 1
12175.5 2 1.41421
12176.5 1 1
12177.5 0 0
12178.5 1 1
12179.5 2 1.41421
12180.5 0 0
12181.5 1 1
12182.5 1 1
12183.5 0 0
12184.5 1 1
12185.5 1 1
12186.5 1 1
12187.5 0 0
12188.5 1 1
12189.5 2 1.41421
12190.5 0 0
12191.5 0 0
12192.5 0 0
12193.5 0 0
12194.5 0 0
12195.5 1 1
12196.5 2 1.41421
12197.5 1 1
12198.5 0 0
12199.5 2 1.41421
12200.5 2 1.41421
12201.5 2 1.41421
12202.5 0 0
12203.5 1 1
12204.5 2 1.41421
12205.5 0 0
12206.5 1 1
12207.5 0 0
12208.5 0 0
12209.5 1 1
12210.5 0 0
12211.5 0 0
12212.5 2 1.41421
12213.5 1 1
12214.5 0 0
12215.5 0 0
12216.5 0 0
12217.5 1 1
12218.5 2 1.41421
12219.5 1 1
12220.5 0 0
12221.5 0 0
12222.5 2 1.41421
12223.5 1 1
12224.5 1 1
12225.5 0 0
12226.5 1 1
12227.5 0 0
12228.5 1 1
12229.5 1 1
12230.5 3 1.73205
12231.5 1 1
12232.5 1 1
12233.5 0 0
12234.5 0 0
12235.5 2 1.41421
12236.5 0 0
12237.5 0 0
12238.5 4 2
12239.5 0 0
12240.5 0 0
12241.5 2 1.41421
12242.5 1 1
12243.5 0 0
12244.5 1 1
12245.5 1 1
12246.5 0 0
12247.5 0 0
12248.5 2 1.41421
12249.5 1 1
12250.5 1 1
12251.5 1 1
12252.5 0 0
12253.5 2 1.41421
12254.5 0 0
12255.5 3 1.73205
12256.5 0 0
12257.5 1 1
12258.5 1 1
12259.5 3 1.73205
12260.5 0 0
12261.5 0 0
12262.5 0 0
12263.5 0 0
12264.5 0 0
12265.5 0 0
12266.5 1 1
12267.5 1 1
12268.5 2 1.41421
12269.5 1 1
12270.5 2 1.41421
12271.5 0 0
12272.5 3 1.73205
12273.5 0 0
12274.5 0 0
12275.5 1 1
12276.5 1 1
12277.5 3 1.73205
12278.5 2 1.41421
12279.5 0 0
12280.5 1 1
12281.5 0 0
12282.5 0 0
12283.5 0 0
12284.5 0 0
12285.5 0 0
12286.5 0 0
12287.5 0 0
12288.5 0 0
12289.5 1 1
12290.5 0 0
12291.5 0 0
12292.5 0 0
12293.5 0 0
12294.5 0 0
12295.5 2 1.41421
12296.5 1 1
12297.5 1 1
12298.5 0 0
12299.5 0 0
12300.5 1 1
12301.5 1 1
12302.5 0 0
12303.5 1 1
12304.5 1 1
12305.5 0 0
12306.5 2 1.41421
12307.5 1 1
12308.5 0 0
12309.5 0 0
12310.5 1 1
12311.5 0 0
12312.5 0 0
12313.5 5 2.23607
12314.5 1 1
12315.5 1 1
12316.5 1 1
12317.5 0 0
12318.5 1 1
12319.5 0 0
12320.5 3 1.73205
12321.5 1 1
12322.5 1 1
12323.5 1 1
12324.5 1 1
12325.5 3 1.73205
12326.5 1 1
12327.5 1 1
12328.5 0 0
12329.5 0 0
12330.5 1 1
12331.5 0 0
12332.5 0 0
12333.5 0 0
12334.5 1 1
12335.5 1 1
12336.5 0 0
12337.5 0 0
12338.5 0 0
12339.5 0 0
12340.5 0 0
12341.5 1 1
12342.5 0 0
12343.5 0 0
12344.5 1 1
12345.5 2 1.41421
12346.5 0 0
12347.5 1 1
12348.5 1 1
12349.5 1 1
12350.5 0 0
12351.5 0 0
12352.5 0 0
12353.5 1 1
12354.5 0 0
12355.5 1 1
12356.5 0 0
12357.5 0 0
12358.5 1 1
12359.5 1 1
12360.5 0 0
12361.5 0 0
12362.5 0 0
12363.5 0 0
12364.5 1 1
12365.5 1 1
12366.5 1 1
12367.5 2 1.41421
12368.5 0 0
12369.5 0 0
12370.5 1 1
12371.5 0 0
12372.5 1 1
12373.5 0 0
12374.5 0 0
12375.5 1 1
12376.5 1 1
12377.5 0 0
12378.5 1 1
12379.5 1 1
12380.5 0 0
12381.5 0 0
12382.5 3 1.73205
12383.5 1 1
12384.5 0 0
12385.5 2 1.41421
12386.5 2 1.41421
12387.5 2 1.41421
12388.5 0 0
12389.5 0 0
12390.5 1 1
12391.5 1 1
12392.5 1 1
12393.5 1 1
12394.5 2 1.41421
12395.5 0 0
12396.5 1 1
12397.5 1 1
12398.5 0 0
12399.5 0 0
12400.5 2 1.41421
12401.5 1 1
12402.5 0 0
12403.5 1 1
12404.5 2 1.41421
12405.5 0 0
12406.5 1 1
12407.5 0 0
12408.5 0 0
12409.5 0 0
12410.5 0 0
12411.5 0 0
12412.5 2 1.41421
12413.5 0 0
12414.5 2 1.41421
12415.5 2 1.41421
12416.5 0 0
12417.5 0 0
12418.5 0 0
12419.5 0 0
12420.5 0 0
12421.5 0 0
12422.5 0 0
12423.5 0 0
12424.5 0 0
12425.5 3 1.73205
12426.5 1 1
12427.5 2 1.41421
12428.5 1 1
12429.5 0 0
12430.5 0 0
12431.5 1 1
12432.5 0 0
12433.5 1 1
12434.5 0 0
12435.5 1 1
12436.5 0 0
12437.5 0 0
12438.5 1 1
12439.5 1 1
12440.5 0 0
12441.5 0 0
12442.5 1 1
12443.5 0 0
12444.5 0 0
12445.5 4 2
12446.5 0 0
12447.5 1 1
12448.5 1 1
12449.5 0 0
12450.5 2 1.41421
12451.5 0 0
12452.5 0 0
12453.5 0 0
12454.5 0 0
12455.5 0 0
12456.5 0 0
12457.5 0 0
12458.5 0 0
12459.5 0 0
12460.5 0 0
12461.5 0 0
12462.5 1 1
12463.5 0 0
12464.5 2 1.41421
12465.5 2 1.41421
12466.5 2 1.41421
12467.5 1 1
12468.5 0 0
12469.5 1 1
12470.5 2 1.41421
12471.5 0 0
12472.5 0 0
12473.5 0 0
12474.5 0 0
12475.5 1 1
12476.5 1 1
12477.5 0 0
12478.5 0 0
12479.5 0 0
12480.5 1 1
12481.5 0 0
12482.5 2 1.41421
12483.5 1 1
12484.5 0 0
12485.5 0 0
12486.5 0 0
12487.5 1 1
12488.5 0 0
12489.5 1 1
12490.5 1 1
12491.5 0 0
12492.5 2 1.41421
12493.5 0 0
12494.5 1 1
12495.5 2 1.41421
12496.5 0 0
12497.5 0 0
12498.5 2 1.41421
12499.5 1 1
12500.5 2 1.41421
12501.5 1 1
12502.5 2 1.41421
12503.5 2 1.41421
12504.5 3 1.73205
12505.5 0 0
12506.5 2 1.41421
12507.5 1 1
12508.5 1 1
12509.5 0 0
12510.5 1 1
12511.5 0 0
12512.5 2 1.41421
12513.5 1 1
12514.5 1 1
12515.5 1 1
12516.5 1 1
12517.5 2 1.41421
12518.5 2 1.41421
12519.5 1 1
12520.5 1 1
12521.5 1 1
12522.5 1 1
12523.5 0 0
12524.5 0 0
12525.5 0 0
12526.5 1 1
12527.5 0 0
12528.5 0 0
12529.5 0 0
12530.5 1 1
12531.5 1 1
12532.5 0 0
12533.5 2 1.41421
12534.5 1 1
12535.5 0 0
12536.5 0 0
12537.5 0 0
12538.5 0 0
12539.5 0 0
12540.5 1 1
12541.5 1 1
12542.5 0 0
12543.5 1 1
12544.5 0 0
12545.5 0 0
12546.5 0 0
12547.5 0 0
12548.5 0 0
12549.5 0 0
12550.5 5 2.23607
12551.5 0 0
12552.5 0 0
12553.5 0 0
12554.5 1 1
12555.5 1 1
12556.5 0 0
12557.5 1 1
12558.5 0 0
12559.5 0 0
12560.5 1 1
12561.5 1 1
12562.5 1 1
12563.5 0 0
12564.5 2 1.41421
12565.5 0 0
12566.5 0 0
12567.5 1 1
12568.5 0 0
12569.5 0 0
12570.5 1 1
12571.5 0 0
12572.5 1 1
12573.5 0 0
12574.5 1 1
12575.5 2 1.41421
12576.5 0 0
12577.5 1 1
12578.5 2 1.41421
12579.5 2 1.41421
12580.5 1 1
12581.5 2 1.41421
12582.5 0 0
12583.5 2 1.41421
12584.5 0 0
12585.5 1 1
12586.5 0 0
12587.5 1 1
12588.5 1 1
12589.5 0 0
12590.5 1 1
12591.5 1 1
12592.5 2 1.41421
12593.5 1 1
12594.5 1 1
12595.5 0 0
12596.5 2 1.41421
12597.5 2 1.41421
12598.5 1 1
12599.5 2 1.41421
12600.5 1 1
12601.5 1 1
12602.5 1 1
12603.5 0 0
12604.5 2 1.41421
12605.5 0 0
12606.5 0 0
12607.5 0 0
12608.5 0 0
12609.5 1 1
12610.5 1 1
12611.5 0 0
12612.5 1 1
12613.5 0 0
12614.5 2 1.41421
12615.5 2 1.41421
12616.5 1 1
12617.5 0 0
12618.5 0 0
12619.5 0 0
12620.5 0 0
12621.5 0 0
12622.5 0 0
12623.5 4 2
12624.5 0 0
12625.5 1 1
12626.5 1 1
12627.5 1 1
12628.5 1 1
12629.5 0 0
12630.5 0 0
12631.5 0 0
12632.5 0 0
12633.5 1 1
12634.5 1 1
12635.5 0 0
12636.5 0 0
12637.5 2 1.41421
12638.5 2 1.41421
12639.5 2 1.41421
12640.5 0 0
12641.5 0 0
12642.5 0 0
12643.5 2 1.41421
12644.5 3 1.73205
12645.5 0 0
12646.5 1 1
12647.5 1 1
12648.5 1 1
12649.5 0 0
12650.5 0 0
12651.5 0 0
12652.5 0 0
12653.5 0 0
12654.5 2 1.41421
12655.5 0 0
12656.5 1 1
12657.5 0 0
12658.5 1 1
12659.5 1 1
12660.5 1 1
12661.5 0 0
12662.5 2 1.41421
12663.5 3 1.73205
12664.5 3 1.73205
12665.5 2 1.41421
12666.5 0 0
12667.5 0 0
12668.5 0 0
12669.5 1 1
12670.5 0 0
12671.5 1 1
12672.5 3 1.73205
12673.5 0 0
12674.5 2 1.41421
12675.5 2 1.41421
12676.5 0 0
12677.5 0 0
12678.5 4 2
12679.5 1 1
12680.5 0 0
12681.5 3 1.73205
12682.5 1 1
12683.5 0 0
12684.5 2 1.41421
12685.5 0 0
12686.5 0 0
12687.5 0 0
12688.5 2 1.41421
12689.5 2 1.41421
12690.5 1 1
12691.5 4 2
12692.5 0 0
12693.5 0 0
12694.5 0 0
12695.5 0 0
12696.5 2 1.41421
12697.5 0 0
12698.5 1 1
12699.5 1 1
12700.5 1 1
12701.5 0 0
12702.5 0 0
12703.5 1 1
12704.5 0 0
12705.5 1 1
12706.5 1 1
12707.5 0 0
12708.5 3 1.73205
12709.5 1 1
12710.5 0 0
12711.5 0 0
12712.5 2 1.41421
12713.5 0 0
12714.5 2 1.41421
12715.5 2 1.41421
12716.5 0 0
12717.5 1 1
12718.5 1 1
12719.5 0 0
12720.5 1 1
12721.5 1 1
12722.5 1 1
12723.5 2 1.41421
12724.5 0 0
12725.5 0 0
12726.5 2 1.41421
12727.5 0 0
12728.5 1 1
12729.5 3 1.73205
12730.5 1 1
12731.5 0 0
12732.5 0 0
12733.5 2 1.41421
12734.5 0 0
12735.5 1 1
12736.5 0 0
12737.5 0 0
12738.5 2 1.41421
12739.5 1 1
12740.5 0 0
12741.5 2 1.41421
12742.5 0 0
12743.5 2 1.41421
12744.5 2 1.41421
12745.5 0 0
12746.5 0 0
12747.5 2 1.41421
12748.5 0 0
12749.5 0 0
12750.5 0 0
12751.5 0 0
12752.5 1 1
12753.5 3 1.73205
12754.5 0 0
12755.5 2 1.41421
12756.5 2 1.41421
12757.5 1 1
12758.5 1 1
12759.5 1 1
12760.5 1 1
12761.5 0 0
12762.5 1 1
12763.5 0 0
12764.5 1 1
12765.5 0 0
12766.5 2 1.41421
12767.5 0 0
12768.5 0 0
12769.5 0 0
12770.5 0 0
12771.5 1 1
12772.5 0 0
12773.5 1 1
12774.5 2 1.41421
12775.5 2 1.41421
12776.5 0 0
12777.5 2 1.41421
12778.5 1 1
12779.5 0 0
12780.5 0 0
12781.5 0 0
12782.5 0 0
12783.5 2 1.41421
12784.5 3 1.73205
12785.5 0 0
12786.5 0 0
12787.5 2 1.41421
12788.5 1 1
12789.5 0 0
12790.5 1 1
12791.5 1 1
12792.5 0 0
12793.5 1 1
12794.5 0 0
12795.5 0 0
12796.5 0 0
12797.5 0 0
12798.5 0 0
12799.5 2 1.41421
12800.5 0 0
12801.5 1 1
12802.5 0 0
12803.5 3 1.73205
12804.5 0 0
12805.5 1 1
12806.5 0 0
12807.5 1 1
12808.5 0 0
12809.5 0 0
12810.5 0 0
12811.5 0 0
12812.5 0 0
12813.5 1 1
12814.5 2 1.41421
12815.5 0 0
12816.5 1 1
12817.5 1 1
12818.5 0 0
12819.5 0 0
12820.5 0 0
12821.5 0 0
12822.5 0 0
12823.5 2 1.41421
12824.5 0 0
12825.5 1 1
12826.5 0 0
12827.5 1 1
12828.5 2 1.41421
12829.5 0 0
12830.5 0 0
12831.5 0 0
12832.5 0 0
12833.5 0 0
12834.5 0 0
12835.5 0 0
12836.5 0 0
12837.5 1 1
12838.5 0 0
12839.5 0 0
12840.5 0 0
12841.5 1 1
12842.5 1 1
12843.5 0 0
12844.5 2 1.41421
12845.5 0 0
12846.5 1 1
12847.5 1 1
12848.5 1 1
12849.5 0 0
12850.5 3 1.73205
12851.5 0 0
12852.5 0 0
12853.5 0 0
12854.5 1 1
12855.5 0 0
12856.5 0 0
12857.5 1 1
12858.5 1 1
12859.5 0 0
12860.5 1 1
12861.5 1 1
12862.5 0 0
12863.5 0 0
12864.5 0 0
12865.5 0 0
12866.5 2 1.41421
12867.5 0 0
12868.5 0 0
12869.5 0 0
12870.5 1 1
12871.5 0 0
12872.5 0 0
12873.5 0 0
12874.5 0 0
12875.5 1 1
12876.5 0 0
12877.5 1 1
12878.5 2 1.41421
12879.5 0 0
12880.5 1 1
12881.5 1 1
12882.5 0 0
12883.5 0 0
12884.5 0 0
12885.5 2 1.41421
12886.5 0 0
12887.5 0 0
12888.5 1 1
12889.5 0 0
12890.5 0 0
12891.5 0 0
12892.5 1 1
12893.5 0 0
12894.5 1 1
12895.5 0 0
12896.5 0 0
12897.5 1 1
12898.5 3 1.73205
12899.5 0 0
12900.5 2 1.41421
12901.5 1 1
12902.5 2 1.41421
12903.5 3 1.73205
12904.5 0 0
12905.5 1 1
12906.5 2 1.41421
12907.5 0 0
12908.5 0 0
12909.5 0 0
12910.5 1 1
12911.5 0 0
12912.5 1 1
12913.5 0 0
12914.5 0 0
12915.5 1 1
12916.5 2 1.41421
12917.5 0 0
12918.5 1 1
12919.5 0 0
12920.5 0 0
12921.5 0 0
12922.5 1 1
12923.5 2 1.41421
12924.5 0 0
12925.5 3 1.73205
12926.5 3 1.73205
12927.5 0 0
12928.5 1 1
12929.5 2 1.41421
12930.5 0 0
12931.5 0 0
12932.5 0 0
12933.5 0 0
12934.5 0 0
12935.5 0 0
12936.5 0 0
12937.5 1 1
12938.5 0 0
12939.5 1 1
12940.5 1 1
12941.5 3 1.73205
12942.5 1 1
12943.5 0 0
12944.5 0 0
12945.5 2 1.41421
12946.5 0 0
12947.5 0 0
12948.5 1 1
12949.5 0 0
12950.5 1 1
12951.5 1 1
12952.5 2 1.41421
12953.5 0 0
12954.5 1 1
12955.5 1 1
12956.5 0 0
12957.5 0 0
12958.5 0 0
12959.5 2 1.41421
12960.5 0 0
12961.5 0 0
12962.5 1 1
12963.5 0 0
12964.5 1 1
12965.5 0 0
12966.5 0 0
12967.5 1 1
12968.5 1 1
12969.5 1 1
12970.5 2 1.41421
12971.5 0 0
12972.5 0 0
12973.5 0 0
12974.5 1 1
12975.5 0 0
12976.5 0 0
12977.5 1 1
12978.5 0 0
12979.5 0 0
12980.5 0 0
12981.5 1 1
12982.5 0 0
12983.5 1 1
12984.5 1 1
12985.5 0 0
12986.5 0 0
12987.5 2 1.41421
12988.5 0 0
12989.5 0 0
12990.5 2 1.41421
12991.5 1 1
12992.5 0 0
12993.5 1 1
12994.5 0 0
12995.5 1 1
12996.5 1 1
12997.5 1 1
12998.5 0 0
12999.5 1 1
13000.5 1 1
13001.5 1 1
13002.5 1 1
13003.5 1 1
13004.5 0 0
13005.5 1 1
13006.5 0 0
13007.5 1 1
13008.5 0 0
13009.5 0 0
13010.5 0 0
13011.5 0 0
13012.5 0 0
13013.5 0 0
13014.5 1 1
13015.5 2 1.41421
13016.5 0 0
13017.5 0 0
13018.5 1 1
13019.5 2 1.41421
13020.5 1 1
13021.5 0 0
13022.5 0 0
13023.5 0 0
13024.5 1 1
13025.5 0 0
13026.5 0 0
13027.5 1 1
13028.5 0 0
13029.5 0 0
13030.5 1 1
13031.5 1 1
13032.5 0 0
13033.5 0 0
13034.5 1 1
13035.5 1 1
13036.5 1 1
13037.5 3 1.73205
13038.5 0 0
13039.5 1 1
13040.5 1 1
13041.5 0 0
13042.5 1 1
13043.5 0 0
13044.5 0 0
13045.5 0 0
13046.5 0 0
13047.5 1 1
13048.5 1 1
13049.5 0 0
13050.5 0 0
13051.5 0 0
13052.5 0 0
13053.5 0 0
13054.5 0 0
13055.5 0 0
13056.5 0 0
13057.5 1 1
13058.5 0 0
13059.5 0 0
13060.5 0 0
13061.5 0 0
13062.5 0 0
13063.5 0 0
13064.5 0 0
13065.5 3 1.73205
13066.5 0 0
13067.5 0 0
13068.5 0 0
13069.5 0 0
13070.5 0 0
13071.5 1 1
13072.5 0 0
13073.5 0 0
13074.5 1 1
13075.5 2 1.41421
13076.5 2 1.41421
13077.5 0 0
13078.5 3 1.73205
13079.5 2 1.41421
13080.5 0 0
13081.5 0 0
13082.5 0 0
13083.5 0 0
13084.5 0 0
13085.5 0 0
13086.5 0 0
13087.5 0 0
13088.5 1 1
13089.5 0 0
13090.5 0 0
13091.5 1 1
13092.5 0 0
13093.5 0 0
13094.5 0 0
13095.5 0 0
13096.5 0 0
13097.5 0 0
13098.5 0 0
13099.5 0 0
13100.5 1 1
13101.5 0 0
13102.5 0 0
13103.5 1 1
13104.5 0 0
13105.5 3 1.73205
13106.5 0 0
13107.5 1 1
13108.5 0 0
13109.5 0 0
13110.5 0 0
13111.5 0 0
13112.5 0 0
13113.5 1 1
13114.5 0 0
13115.5 0 0
13116.5 0 0
13117.5 0 0
13118.5 0 0
13119.5 0 0
13120.5 0 0
13121.5 0 0
13122.5 0 0
13123.5 0 0
13124.5 1 1
13125.5 0 0
13126.5 0 0
13127.5 0 0
13128.5 0 0
13129.5 1 1
13130.5 1 1
13131.5 1 1
13132.5 0 0
13133.5 0 0
13134.5 0 0
13135.5 2 1.41421
13136.5 0 0
13137.5 1 1
13138.5 0 0
13139.5 0 0
13140.5 1 1
13141.5 2 1.41421
13142.5 0 0
13143.5 0 0
13144.5 0 0
13145.5 0 0
13146.5 0 0
13147.5 0 0
13148.5 2 1.41421
13149.5 0 0
13150.5 0 0
13151.5 1 1
13152.5 0 0
13153.5 0 0
13154.5 0 0
13155.5 1 1
13156.5 1 1
13157.5 1 1
13158.5 0 0
13159.5 2 1.41421
13160.5 2 1.41421
13161.5 1 1
13162.5 0 0
13163.5 0 0
13164.5 0 0
13165.5 1 1
13166.5 0 0
13167.5 1 1
13168.5 0 0
13169.5 0 0
13170.5 0 0
13171.5 2 1.41421
13172.5 1 1
13173.5 2 1.41421
13174.5 1 1
13175.5 0 0
13176.5 1 1
13177.5 0 0
13178.5 1 1
13179.5 0 0
13180.5 0 0
13181.5 0 0
13182.5 3 1.73205
13183.5 0 0
13184.5 2 1.41421
13185.5 0 0
13186.5 0 0
13187.5 1 1
13188.5 1 1
13189.5 1 1
13190.5 0 0
13191.5 0 0
13192.5 0 0
13193.5 2 1.41421
13194.5 1 1
13195.5 0 0
13196.5 0 0
13197.5 1 1
13198.5 0 0
13199.5 0 0
13200.5 0 0
13201.5 1 1
13202.5 2 1.41421
13203.5 0 0
13204.5 0 0
13205.5 0 0
13206.5 1 1
13207.5 0 0
13208.5 1 1
13209.5 0 0
13210.5 0 0
13211.5 0 0
13212.5 0 0
13213.5 2 1.41421
13214.5 0 0
13215.5 0 0
13216.5 2 1.41421
13217.5 1 1
13218.5 0 0
13219.5 0 0
13220.5 1 1
13221.5 0 0
13222.5 1 1
13223.5 1 1
13224.5 1 1
13225.5 0 0
13226.5 0 0
13227.5 0 0
13228.5 1 1
13229.5 0 0
13230.5 1 1
13231.5 0 0
13232.5 0 0
13233.5 0 0
13234.5 0 0
13235.5 1 1
13236.5 0 0
13237.5 0 0
13238.5 1 1
13239.5 0 0
13240.5 0 0
13241.5 0 0
13242.5 2 1.41421
13243.5 1 1
13244.5 0 0
13245.5 1 1
13246.5 1 1
13247.5 1 1
13248.5 0 0
13249.5 0 0
13250.5 2 1.41421
13251.5 0 0
13252.5 1 1
13253.5 0 0
13254.5 0 0
13255.5 1 1
13256.5 0 0
13257.5 0 0
13258.5 1 1
13259.5 0 0
13260.5 0 0
13261.5 0 0
13262.5 0 0
13263.5 0 0
13264.5 0 0
13265.5 0 0
13266.5 0 0
13267.5 0 0
13268.5 0 0
13269.5 0 0
13270.5 3 1.73205
13271.5 0 0
13272.5 1 1
13273.5 1 1
13274.5 0 0
13275.5 0 0
13276.5 1 1
13277.5 1 1
13278.5 1 1
13279.5 2 1.41421
13280.5 0 0
13281.5 1 1
13282.5 1 1
13283.5 0 0
13284.5 0 0
13285.5 0 0
13286.5 0 0
13287.5 0 0
13288.5 1 1
13289.5 0 0
13290.5 0 0
13291.5 0 0
13292.5 0 0
13293.5 0 0
13294.5 0 0
13295.5 1 1
13296.5 0 0
13297.5 0 0
13298.5 0 0
13299.5 0 0
13300.5 1 1
13301.5 2 1.41421
13302.5 0 0
13303.5 0 0
13304.5 0 0
13305.5 0 0
13306.5 0 0
13307.5 0 0
13308.5 0 0
13309.5 1 1
13310.5 0 0
13311.5 0 0
13312.5 0 0
13313.5 0 0
13314.5 0 0
13315.5 1 1
13316.5 0 0
13317.5 0 0
13318.5 0 0
13319.5 0 0
13320.5 0 0
13321.5 0 0
13322.5 0 0
13323.5 0 0
13324.5 0 0
13325.5 0 0
13326.5 0 0
13327.5 0 0
13328.5 0 0
13329.5 0 0
13330.5 0 0
13331.5 0 0
13332.5 0 0
13333.5 1 1
13334.5 0 0
13335.5 0 0
13336.5 0 0
13337.5 0 0
13338.5 0 0
13339.5 0 0
13340.5 0 0
13341.5 0 0
13342.5 0 0
13343.5 0 0
13344.5 0 0
13345.5 0 0
13346.5 0 0
13347.5 1 1
13348.5 0 0
13349.5 0 0
13350.5 0 0
13351.5 1 1
13352.5 0 0
13353.5 0 0
13354.5 0 0
13355.5 0 0
13356.5 0 0
13357.5 0 0
13358.5 0 0
13359.5 0 0
13360.5 1 1
13361.5 1 1
13362.5 1 1
13363.5 0 0
13364.5 0 0
13365.5 1 1
13366.5 0 0
13367.5 1 1
13368.5 0 0
13369.5 1 1
13370.5 0 0
13371.5 1 1
13372.5 1 1
13373.5 0 0
13374.5 0 0
13375.5 0 0
13376.5 0 0
13377.5 0 0
13378.5 0 0
13379.5 0 0
13380.5 0 0
13381.5 1 1
13382.5 1 1
13383.5 0 0
13384.5 0 0
13385.5 0 0
13386.5 4 2
13387.5 0 0
13388.5 0 0
13389.5 1 1
13390.5 0 0
13391.5 0 0
13392.5 0 0
13393.5 0 0
13394.5 0 0
13395.5 0 0
13396.5 0 0
13397.5 0 0
13398.5 0 0
13399.5 1 1
13400.5 0 0
13401.5 0 0
13402.5 0 0
13403.5 1 1
13404.5 0 0
13405.5 0 0
13406.5 0 0
13407.5 0 0
13408.5 1 1
13409.5 1 1
13410.5 0 0
13411.5 0 0
13412.5 1 1
13413.5 0 0
13414.5 0 0
13415.5 0 0
13416.5 0 0
13417.5 0 0
13418.5 0 0
13419.5 0 0
13420.5 0 0
13421.5 0 0
13422.5 0 0
13423.5 0 0
13424.5 0 0
13425.5 0 0
13426.5 0 0
13427.5 0 0
13428.5 1 1
13429.5 0 0
13430.5 0 0
13431.5 0 0
13432.5 0 0
13433.5 1 1
13434.5 0 0
13435.5 0 0
13436.5 1 1
13437.5 1 1
13438.5 0 0
13439.5 1 1
13440.5 0 0
13441.5 0 0
13442.5 0 0
13443.5 0 0
13444.5 1 1
13445.5 1 1
13446.5 0 0
13447.5 0 0
13448.5 0 0
13449.5 0 0
13450.5 0 0
13451.5 0 0
13452.5 0 0
13453.5 0 0
13454.5 0 0
13455.5 0 0
13456.5 0 0
13457.5 0 0
13458.5 0 0
13459.5 0 0
13460.5 1 1
13461.5 0 0
13462.5 1 1
13463.5 0 0
13464.5 1 1
13465.5 0 0
13466.5 1 1
13467.5 0 0
13468.5 0 0
13469.5 0 0
13470.5 0 0
13471.5 0 0
13472.5 0 0
13473.5 0 0
13474.5 1 1
13475.5 1 1
13476.5 0 0
13477.5 0 0
13478.5 0 0
13479.5 0 0
13480.5 0 0
13481.5 0 0
13482.5 0 0
13483.5 0 0
13484.5 0 0
13485.5 0 0
13486.5 1 1
13487.5 0 0
13488.5 1 1
13489.5 0 0
13490.5 0 0
13491.5 0 0
13492.5 1 1
13493.5 0 0
13494.5 2 1.41421
13495.5 1 1
13496.5 0 0
13497.5 0 0
13498.5 0 0
13499.5 1 1
13500.5 0 0
13501.5 0 0
13502.5 0 0
13503.5 0 0
13504.5 0 0
13505.5 0 0
13506.5 0 0
13507.5 0 0
13508.5 0 0
13509.5 0 0
13510.5 0 0
13511.5 1 1
13512.5 1 1
13513.5 0 0
13514.5 0 0
13515.5 0 0
13516.5 0 0
13517.5 0 0
13518.5 0 0
13519.5 0 0
13520.5 0 0
13521.5 0 0
13522.5 0 0
13523.5 0 0
13524.5 0 0
13525.5 0 0
13526.5 0 0
13527.5 0 0
13528.5 0 0
13529.5 1 1
13530.5 0 0
13531.5 0 0
13532.5 0 0
13533.5 0 0
13534.5 0 0
13535.5 1 1
13536.5 1 1
13537.5 0 0
13538.5 0 0
13539.5 0 0
13540.5 0 0
13541.5 0 0
13542.5 0 0
13543.5 0 0
13544.5 0 0
13545.5 0 0
13546.5 1 1
13547.5 0 0
13548.5 0 0
13549.5 0 0
13550.5 0 0
13551.5 0 0
13552.5 0 0
13553.5 0 0
13554.5 0 0
13555.5 0 0
13556.5 3 1.73205
13557.5 0 0
13558.5 0 0
13559.5 1 1
13560.5 0 0
13561.5 0 0
13562.5 0 0
13563.5 0 0
13564.5 0 0
13565.5 1 1
13566.5 0 0
13567.5 0 0
13568.5 0 0
13569.5 0 0
13570.5 0 0
13571.5 0 0
13572.5 0 0
13573.5 0 0
13574.5 0 0
13575.5 0 0
13576.5 0 0
13577.5 0 0
13578.5 0 0
13579.5 1 1
13580.5 1 1
13581.5 0 0
13582.5 1 1
13583.5 1 1
13584.5 2 1.41421
13585.5 0 0
13586.5 0 0
13587.5 0 0
13588.5 1 1
13589.5 1 1
13590.5 0 0
13591.5 0 0
13592.5 0 0
13593.5 1 1
13594.5 0 0
13595.5 0 0
13596.5 0 0
13597.5 0 0
13598.5 0 0
13599.5 0 0
13600.5 1 1
13601.5 0 0
13602.5 0 0
13603.5 0 0
13604.5 0 0
13605.5 0 0
13606.5 0 0
13607.5 2 1.41421
13608.5 0 0
13609.5 0 0
13610.5 0 0
13611.5 0 0
13612.5 0 0
13613.5 0 0
13614.5 0 0
13615.5 0 0
13616.5 0 0
13617.5 0 0
13618.5 0 0
13619.5 1 1
13620.5 1 1
13621.5 0 0
13622.5 0 0
13623.5 0 0
13624.5 0 0
13625.5 1 1
13626.5 0 0
13627.5 0 0
13628.5 0 0
13629.5 0 0
13630.5 1 1
13631.5 1 1
13632.5 0 0
13633.5 0 0
13634.5 1 1
13635.5 0 0
13636.5 0 0
13637.5 0 0
13638.5 1 1
13639.5 1 1
13640.5 0 0
13641.5 0 0
13642.5 0 0
13643.5 0 0
13644.5 3 1.73205
13645.5 0 0
13646.5 0 0
13647.5 0 0
13648.5 0 0
13649.5 0 0
13650.5 2 1.41421
13651.5 0 0
13652.5 1 1
13653.5 0 0
13654.5 0 0
13655.5 0 0
13656.5 0 0
13657.5 0 0
13658.5 1 1
13659.5 0 0
13660.5 0 0
13661.5 0 0
13662.5 0 0
13663.5 0 0
13664.5 0 0
13665.5 0 0
13666.5 0 0
13667.5 1 1
13668.5 0 0
13669.5 1 1
13670.5 0 0
13671.5 0 0
13672.5 1 1
13673.5 0 0
13674.5 0 0
13675.5 1 1
13676.5 0 0
13677.5 0 0
13678.5 0 0
13679.5 0 0
13680.5 0 0
13681.5 0 0
13682.5 0 0
13683.5 2 1.41421
13684.5 0 0
13685.5 0 0
13686.5 0 0
13687.5 0 0
13688.5 0 0
13689.5 0 0
13690.5 1 1
13691.5 0 0
13692.5 1 1
13693.5 0 0
13694.5 0 0
13695.5 0 0
13696.5 1 1
13697.5 1 1
13698.5 0 0
13699.5 0 0
13700.5 1 1
13701.5 0 0
13702.5 0 0
13703.5 0 0
13704.5 0 0
13705.5 0 0
13706.5 0 0
13707.5 0 0
13708.5 0 0
13709.5 0 0
13710.5 0 0
13711.5 0 0
13712.5 1 1
13713.5 1 1
13714.5 0 0
13715.5 0 0
13716.5 0 0
13717.5 0 0
13718.5 0 0
13719.5 1 1
13720.5 0 0
13721.5 1 1
13722.5 0 0
13723.5 0 0
13724.5 0 0
13725.5 0 0
13726.5 0 0
13727.5 0 0
13728.5 1 1
13729.5 0 0
13730.5 1 1
13731.5 0 0
13732.5 1 1
13733.5 0 0
13734.5 0 0
13735.5 0 0
13736.5 0 0
13737.5 0 0
13738.5 0 0
13739.5 0 0
13740.5 0 0
13741.5 0 0
13742.5 0 0
13743.5 0 0
13744.5 1 1
13745.5 0 0
13746.5 0 0
13747.5 1 1
13748.5 0 0
13749.5 0 0
13750.5 0 0
13751.5 0 0
13752.5 0 0
13753.5 0 0
13754.5 0 0
13755.5 0 0
13756.5 0 0
13757.5 0 0
13758.5 0 0
13759.5 1 1
13760.5 1 1
13761.5 0 0
13762.5 0 0
13763.5 0 0
13764.5 0 0
13765.5 0 0
13766.5 0 0
13767.5 1 1
13768.5 0 0
13769.5 0 0
13770.5 0 0
13771.5 0 0
13772.5 0 0
13773.5 0 0
13774.5 0 0
13775.5 1 1
13776.5 0 0
13777.5 0 0
13778.5 0 0
13779.5 0 0
13780.5 0 0
13781.5 0 0
13782.5 0 0
13783.5 0 0
13784.5 0 0
13785.5 1 1
13786.5 0 0
13787.5 1 1
13788.5 0 0
13789.5 0 0
13790.5 0 0
13791.5 1 1
13792.5 0 0
13793.5 0 0
13794.5 0 0
13795.5 0 0
13796.5 0 0
13797.5 2 1.41421
13798.5 0 0
13799.5 0 0
13800.5 1 1
13801.5 0 0
13802.5 0 0
13803.5 0 0
13804.5 0 0
13805.5 2 1.41421
13806.5 0 0
13807.5 0 0
13808.5 0 0
13809.5 0 0
13810.5 0 0
13811.5 0 0
13812.5 0 0
13813.5 0 0
13814.5 0 0
13815.5 0 0
13816.5 0 0
13817.5 0 0
13818.5 0 0
13819.5 1 1
13820.5 0 0
13821.5 0 0
13822.5 2 1.41421
13823.5 0 0
13824.5 0 0
13825.5 0 0
13826.5 0 0
13827.5 1 1
13828.5 0 0
13829.5 0 0
13830.5 0 0
13831.5 1 1
13832.5 1 1
13833.5 0 0
13834.5 0 0
13835.5 0 0
13836.5 0 0
13837.5 0 0
13838.5 0 0
13839.5 0 0
13840.5 0 0
13841.5 0 0
13842.5 0 0
13843.5 0 0
13844.5 0 0
13845.5 0 0
13846.5 0 0
13847.5 0 0
13848.5 0 0
13849.5 0 0
13850.5 0 0
13851.5 0 0
13852.5 0 0
13853.5 0 0
13854.5 0 0
13855.5 0 0
13856.5 1 1
13857.5 1 1
13858.5 0 0
13859.5 0 0
13860.5 0 0
13861.5 0 0
13862.5 0 0
13863.5 0 0
13864.5 0 0
13865.5 1 1
13866.5 0 0
13867.5 0 0
13868.5 0 0
13869.5 0 0
13870.5 1 1
13871.5 0 0
13872.5 1 1
13873.5 0 0
13874.5 0 0
13875.5 0 0
13876.5 0 0
13877.5 1 1
13878.5 0 0
13879.5 0 0
13880.5 0 0
13881.5 1 1
13882.5 0 0
13883.5 0 0
13884.5 0 0
13885.5 0 0
13886.5 0 0
13887.5 0 0
13888.5 0 0
13889.5 0 0
13890.5 0 0
13891.5 0 0
13892.5 0 0
13893.5 0 0
13894.5 0 0
13895.5 0 0
13896.5 0 0
13897.5 0 0
13898.5 0 0
13899.5 1 1
13900.5 0 0
13901.5 0 0
13902.5 0 0
13903.5 0 0
13904.5 0 0
13905.5 1 1
13906.5 0 0
13907.5 0 0
13908.5 1 1
13909.5 0 0
13910.5 0 0
13911.5 0 0
13912.5 0 0
13913.5 0 0
13914.5 0 0
13915.5 0 0
13916.5 0 0
13917.5 0 0
13918.5 0 0
13919.5 1 1
13920.5 0 0
13921.5 0 0
13922.5 0 0
13923.5 0 0
13924.5 0 0
13925.5 0 0
13926.5 0 0
13927.5 1 1
13928.5 1 1
13929.5 0 0
13930.5 1 1
13931.5 0 0
13932.5 0 0
13933.5 0 0
13934.5 0 0
13935.5 0 0
13936.5 0 0
13937.5 0 0
13938.5 0 0
13939.5 0 0
13940.5 0 0
13941.5 0 0
13942.5 0 0
13943.5 0 0
13944.5 0 0
13945.5 1 1
13946.5 1 1
13947.5 1 1
13948.5 0 0
13949.5 0 0
13950.5 0 0
13951.5 2 1.41421
13952.5 3 1.73205
13953.5 0 0
13954.5 0 0
13955.5 2 1.41421
13956.5 0 0
13957.5 0 0
13958.5 0 0
13959.5 0 0
13960.5 1 1
13961.5 1 1
13962.5 0 0
13963.5 2 1.41421
13964.5 4 2
13965.5 4 2
13966.5 3 1.73205
13967.5 3 1.73205
13968.5 3 1.73205
13969.5 10 3.16228
13970.5 7 2.64575
13971.5 12 3.4641
13972.5 5 2.23607
13973.5 6 2.44949
13974.5 10 3.16228
13975.5 10 3.16228
13976.5 12 3.4641
13977.5 4 2
13978.5 12 3.4641
13979.5 13 3.60555
13980.5 11 3.31662
13981.5 9 3
13982.5 16 4
13983.5 14 3.74166
13984.5 20 4.47214
13985.5 10 3.16228
13986.5 18 4.24264
13987.5 11 3.31662
13988.5 7 2.64575
13989.5 16 4
13990.5 12 3.4641
13991.5 10 3.16228
13992.5 3 1.73205
13993.5 4 2
13994.5 6 2.44949
13995.5 1 1
13996.5 3 1.73205
13997.5 4 2
13998.5 6 2.44949
13999.5 0 0
14000.5 4 2
14001.5 4 2
14002.5 2 1.41421
14003.5 0 0
14004.5 1 1
14005.5 1 1
14006.5 1 1
14007.5 0 0
14008.5 0 0
14009.5 0 0
14010.5 1 1
14011.5 0 0
14012.5 0 0
14013.5 0 0
14014.5 0 0
14015.5 0 0
14016.5 0 0
14017.5 0 0
14018.5 0 0
14019.5 0 0
14020.5 0 0
14021.5 0 0
14022.5 0 0
14023.5 0 0
14024.5 0 0
14025.5 0 0
14026.5 0 0
14027.5 0 0
14028.5 0 0
14029.5 0 0
14030.5 1 1
14031.5 0 0
14032.5 0 0
14033.5 0 0
14034.5 0 0
14035.5 1 1
14036.5 0 0
14037.5 0 0
14038.5 0 0
14039.5 0 0
14040.5 0 0
14041.5 0 0
14042.5 0 0
14043.5 1 1
14044.5 0 0
14045.5 1 1
14046.5 0 0
14047.5 0 0
14048.5 0 0
14049.5 0 0
14050.5 1 1
14051.5 0 0
14052.5 0 0
14053.5 0 0
14054.5 0 0
14055.5 0 0
14056.5 0 0
14057.5 0 0
14058.5 0 0
14059.5 0 0
14060.5 0 0
14061.5 2 1.41421
14062.5 0 0
14063.5 0 0
14064.5 0 0
14065.5 0 0
14066.5 0 0
14067.5 0 0
14068.5 0 0
14069.5 0 0
14070.5 0 0
14071.5 0 0
14072.5 0 0
14073.5 0 0
14074.5 0 0
14075.5 0 0
14076.5 0 0
14077.5 0 0
14078.5 0 0
14079.5 0 0
14080.5 1 1
14081.5 0 0
14082.5 0 0
14083.5 2 1.41421
14084.5 1 1
14085.5 0 0
14086.5 0 0
14087.5 1 1
14088.5 1 1
14089.5 3 1.73205
14090.5 1 1
14091.5 1 1
14092.5 1 1
14093.5 0 0
14094.5 2 1.41421
14095.5 0 0
14096.5 2 1.41421
14097.5 1 1
14098.5 2 1.41421
14099.5 1 1
14100.5 4 2
14101.5 2 1.41421
14102.5 0 0
14103.5 0 0
14104.5 1 1
14105.5 3 1.73205
14106.5 2 1.41421
14107.5 0 0
14108.5 1 1
14109.5 0 0
14110.5 1 1
14111.5 0 0
14112.5 0 0
14113.5 0 0
14114.5 0 0
14115.5 0 0
14116.5 0 0
14117.5 0 0
14118.5 0 0
14119.5 0 0
14120.5 0 0
14121.5 0 0
14122.5 1 1
14123.5 1 1
14124.5 0 0
14125.5 0 0
14126.5 0 0
14127.5 0 0
14128.5 0 0
14129.5 0 0
14130.5 0 0
14131.5 0 0
14132.5 0 0
14133.5 0 0
14134.5 0 0
14135.5 0 0
14136.5 0 0
14137.5 0 0
14138.5 1 1
14139.5 0 0
14140.5 0 0
14141.5 0 0
14142.5 0 0
14143.5 0 0
14144.5 0 0
14145.5 0 0
14146.5 0 0
14147.5 0 0
14148.5 0 0
14149.5 0 0
14150.5 1 1
14151.5 0 0
14152.5 0 0
14153.5 0 0
14154.5 0 0
14155.5 0 0
14156.5 0 0
14157.5 0 0
14158.5 0 0
14159.5 0 0
14160.5 1 1
14161.5 0 0
14162.5 0 0
14163.5 0 0
14164.5 1 1
14165.5 1 1
14166.5 0 0
14167.5 2 1.41421
14168.5 2 1.41421
14169.5 2 1.41421
14170.5 2 1.41421
14171.5 0 0
14172.5 1 1
14173.5 2 1.41421
14174.5 0 0
14175.5 1 1
14176.5 1 1
14177.5 0 0
14178.5 1 1
14179.5 0 0
14180.5 2 1.41421
14181.5 3 1.73205
14182.5 1 1
14183.5 3 1.73205
14184.5 1 1
14185.5 0 0
14186.5 0 0
14187.5 1 1
14188.5 0 0
14189.5 0 0
14190.5 2 1.41421
14191.5 1 1
14192.5 0 0
14193.5 1 1
14194.5 1 1
14195.5 1 1
14196.5 1 1
14197.5 1 1
14198.5 0 0
14199.5 1 1
14200.5 0 0
14201.5 0 0
14202.5 0 0
14203.5 0 0
14204.5 0 0
14205.5 0 0
14206.5 0 0
14207.5 0 0
14208.5 0 0
14209.5 0 0
14210.5 0 0
14211.5 1 1
14212.5 1 1
14213.5 0 0
14214.5 0 0
14215.5 0 0
14216.5 0 0
14217.5 0 0
14218.5 0 0
14219.5 0 0
14220.5 0 0
14221.5 0 0
14222.5 0 0
14223.5 0 0
14224.5 1 1
14225.5 0 0
14226.5 0 0
14227.5 0 0
14228.5 0 0
14229.5 0 0
14230.5 0 0
14231.5 0 0
14232.5 1 1
14233.5 0 0
14234.5 1 1
14235.5 0 0
14236.5 0 0
14237.5 1 1
14238.5 0 0
14239.5 0 0
14240.5 0 0
14241.5 0 0
14242.5 0 0
14243.5 0 0
14244.5 0 0
14245.5 0 0
14246.5 0 0
14247.5 0 0
14248.5 0 0
14249.5 1 1
14250.5 0 0
14251.5 0 0
14252.5 0 0
14253.5 0 0
14254.5 0 0
14255.5 0 0
14256.5 0 0
14257.5 0 0
14258.5 1 1
14259.5 0 0
14260.5 0 0
14261.5 0 0
14262.5 0 0
14263.5 1 1
14264.5 0 0
14265.5 0 0
14266.5 0 0
14267.5 0 0
14268.5 0 0
14269.5 0 0
14270.5 0 0
14271.5 0 0
14272.5 0 0
14273.5 1 1
14274.5 0 0
14275.5 0 0
14276.5 0 0
14277.5 0 0
14278.5 0 0
14279.5 0 0
14280.5 0 0
14281.5 0 0
14282.5 1 1
14283.5 1 1
14284.5 0 0
14285.5 0 0
14286.5 0 0
14287.5 0 0
14288.5 0 0
14289.5 0 0
14290.5 0 0
14291.5 0 0
14292.5 0 0
14293.5 0 0
14294.5 0 0
14295.5 0 0
14296.5 0 0
14297.5 0 0
14298.5 0 0
14299.5 0 0
14300.5 0 0
14301.5 0 0
14302.5 0 0
14303.5 0 0
14304.5 0 0
14305.5 0 0
14306.5 0 0
14307.5 0 0
14308.5 0 0
14309.5 0 0
14310.5 0 0
14311.5 0 0
14312.5 0 0
14313.5 0 0
14314.5 0 0
14315.5 0 0
14316.5 0 0
14317.5 0 0
14318.5 0 0
14319.5 1 1
14320.5 0 0
14321.5 0 0
14322.5 0 0
14323.5 0 0
14324.5 0 0
14325.5 0 0
14326.5 0 0
14327.5 0 0
14328.5 0 0
14329.5 1 1
14330.5 0 0
14331.5 0 0
14332.5 0 0
14333.5 1 1
14334.5 0 0
14335.5 0 0
14336.5 0 0
14337.5 0 0
14338.5 0 0
14339.5 0 0
14340.5 0 0
14341.5 0 0
14342.5 0 0
14343.5 0 0
14344.5 0 0
14345.5 1 1
14346.5 0 0
14347.5 0 0
14348.5 0 0
14349.5 0 0
14350.5 0 0
14351.5 0 0
14352.5 0 0
14353.5 0 0
14354.5 0 0
14355.5 1 1
14356.5 0 0
14357.5 0 0
14358.5 1 1
14359.5 0 0
14360.5 0 0
14361.5 0 0
14362.5 0 0
14363.5 0 0
14364.5 0 0
14365.5 0 0
14366.5 0 0
14367.5 0 0
14368.5 1 1
14369.5 0 0
14370.5 0 0
14371.5 0 0
14372.5 0 0
14373.5 0 0
14374.5 0 0
14375.5 0 0
14376.5 0 0
14377.5 0 0
14378.5 0 0
14379.5 1 1
14380.5 0 0
14381.5 0 0
14382.5 1 1
14383.5 1 1
14384.5 0 0
14385.5 0 0
14386.5 0 0
14387.5 0 0
14388.5 0 0
14389.5 0 0
14390.5 0 0
14391.5 0 0
14392.5 0 0
14393.5 0 0
14394.5 0 0
14395.5 0 0
14396.5 0 0
14397.5 0 0
14398.5 0 0
14399.5 0 0
14400.5 1 1
14401.5 0 0
14402.5 1 1
14403.5 0 0
14404.5 0 0
14405.5 0 0
14406.5 0 0
14407.5 0 0
14408.5 0 0
14409.5 0 0
14410.5 0 0
14411.5 0 0
14412.5 0 0
14413.5 0 0
14414.5 2 1.41421
14415.5 0 0
14416.5 0 0
14417.5 0 0
14418.5 0 0
14419.5 0 0
14420.5 0 0
14421.5 0 0
14422.5 0 0
14423.5 1 1
14424.5 0 0
14425.5 0 0
14426.5 0 0
14427.5 0 0
14428.5 0 0
14429.5 0 0
14430.5 0 0
14431.5 0 0
14432.5 0 0
14433.5 0 0
14434.5 0 0
14435.5 0 0
14436.5 0 0
14437.5 0 0
14438.5 0 0
14439.5 0 0
14440.5 0 0
14441.5 0 0
14442.5 0 0
14443.5 1 1
14444.5 0 0
14445.5 0 0
14446.5 0 0
14447.5 0 0
14448.5 0 0
14449.5 0 0
14450.5 0 0
14451.5 0 0
14452.5 0 0
14453.5 0 0
14454.5 0 0
14455.5 0 0
14456.5 0 0
14457.5 0 0
14458.5 0 0
14459.5 0 0
14460.5 0 0
14461.5 0 0
14462.5 0 0
14463.5 0 0
14464.5 0 0
14465.5 0 0
14466.5 0 0
14467.5 0 0
14468.5 0 0
14469.5 0 0
14470.5 0 0
14471.5 0 0
14472.5 1 1
14473.5 0 0
14474.5 0 0
14475.5 0 0
14476.5 0 0
14477.5 0 0
14478.5 0 0
14479.5 0 0
14480.5 0 0
14481.5 0 0
14482.5 0 0
14483.5 0 0
14484.5 0 0
14485.5 0 0
14486.5 1 1
14487.5 0 0
14488.5 1 1
14489.5 0 0
14490.5 0 0
14491.5 0 0
14492.5 1 1
14493.5 0 0
14494.5 0 0
14495.5 0 0
14496.5 0 0
14497.5 0 0
14498.5 1 1
14499.5 0 0
14500.5 0 0
14501.5 0 0
14502.5 0 0
14503.5 0 0
14504.5 0 0
14505.5 0 0
14506.5 0 0
14507.5 0 0
14508.5 0 0
14509.5 0 0
14510.5 0 0
14511.5 0 0
14512.5 0 0
14513.5 0 0
14514.5 0 0
14515.5 1 1
14516.5 0 0
14517.5 0 0
14518.5 0 0
14519.5 0 0
14520.5 0 0
14521.5 0 0
14522.5 0 0
14523.5 0 0
14524.5 0 0
14525.5 0 0
14526.5 0 0
14527.5 1 1
14528.5 0 0
14529.5 0 0
14530.5 0 0
14531.5 0 0
14532.5 0 0
14533.5 0 0
14534.5 0 0
14535.5 0 0
14536.5 0 0
14537.5 0 0
14538.5 0 0
14539.5 0 0
14540.5 0 0
14541.5 0 0
14542.5 1 1
14543.5 0 0
14544.5 0 0
14545.5 0 0
14546.5 0 0
14547.5 0 0
14548.5 0 0
14549.5 0 0
14550.5 0 0
14551.5 0 0
14552.5 0 0
14553.5 1 1
14554.5 0 0
14555.5 0 0
14556.5 0 0
14557.5 0 0
14558.5 0 0
14559.5 1 1
14560.5 0 0
14561.5 0 0
14562.5 0 0
14563.5 0 0
14564.5 0 0
14565.5 0 0
14566.5 0 0
14567.5 0 0
14568.5 0 0
14569.5 0 0
14570.5 0 0
14571.5 0 0
14572.5 0 0
14573.5 0 0
14574.5 0 0
14575.5 0 0
14576.5 0 0
14577.5 0 0
14578.5 0 0
14579.5 1 1
14580.5 1 1
14581.5 0 0
14582.5 0 0
14583.5 0 0
14584.5 0 0
14585.5 0 0
14586.5 0 0
14587.5 0 0
14588.5 0 0
14589.5 0 0
14590.5 0 0
14591.5 1 1
14592.5 0 0
14593.5 0 0
14594.5 0 0
14595.5 0 0
14596.5 0 0
14597.5 0 0
14598.5 0 0
14599.5 0 0
14600.5 0 0
14601.5 0 0
14602.5 0 0
14603.5 0 0
14604.5 0 0
14605.5 0 0
14606.5 0 0
14607.5 0 0
14608.5 0 0
14609.5 0 0
14610.5 0 0
14611.5 0 0
14612.5 0 0
14613.5 0 0
14614.5 0 0
14615.5 0 0
14616.5 0 0
14617.5 0 0
14618.5 0 0
14619.5 0 0
14620.5 0 0
14621.5 0 0
14622.5 0 0
14623.5 0 0
14624.5 0 0
14625.5 0 0
14626.5 0 0
14627.5 0 0
14628.5 0 0
14629.5 0 0
14630.5 0 0
14631.5 0 0
14632.5 0 0
14633.5 0 0
14634.5 0 0
14635.5 0 0
14636.5 0 0
14637.5 0 0
14638.5 1 1
14639.5 0 0
14640.5 0 0
14641.5 0 0
14642.5 0 0
14643.5 1 1
14644.5 0 0
14645.5 0 0
14646.5 1 1
14647.5 0 0
14648.5 0 0
14649.5 0 0
14650.5 0 0
14651.5 0 0
14652.5 0 0
14653.5 0 0
14654.5 0 0
14655.5 0 0
14656.5 0 0
14657.5 0 0
14658.5 0 0
14659.5 0 0
14660.5 0 0
14661.5 0 0
14662.5 0 0
14663.5 0 0
14664.5 0 0
14665.5 0 0
14666.5 0 0
14667.5 0 0
14668.5 0 0
14669.5 0 0
14670.5 0 0
14671.5 0 0
14672.5 0 0
14673.5 0 0
14674.5 0 0
14675.5 0 0
14676.5 0 0
14677.5 0 0
14678.5 0 0
14679.5 0 0
14680.5 0 0
14681.5 0 0
14682.5 0 0
14683.5 0 0
14684.5 0 0
14685.5 0 0
14686.5 0 0
14687.5 0 0
14688.5 0 0
14689.5 1 1
14690.5 0 0
14691.5 0 0
14692.5 0 0
14693.5 0 0
14694.5 0 0
14695.5 0 0
14696.5 0 0
14697.5 0 0
14698.5 0 0
14699.5 0 0
14700.5 0 0
14701.5 0 0
14702.5 0 0
14703.5 0 0
14704.5 0 0
14705.5 0 0
14706.5 0 0
14707.5 0 0
14708.5 0 0
14709.5 1 1
14710.5 0 0
14711.5 0 0
14712.5 0 0
14713.5 0 0
14714.5 0 0
14715.5 1 1
14716.5 0 0
14717.5 0 0
14718.5 0 0
14719.5 0 0
14720.5 1 1
14721.5 0 0
14722.5 0 0
14723.5 1 1
14724.5 0 0
14725.5 0 0
14726.5 0 0
14727.5 0 0
14728.5 0 0
14729.5 0 0
14730.5 0 0
14731.5 0 0
14732.5 0 0
14733.5 0 0
14734.5 1 1
14735.5 0 0
14736.5 0 0
14737.5 0 0
14738.5 0 0
14739.5 0 0
14740.5 0 0
14741.5 0 0
14742.5 0 0
14743.5 0 0
14744.5 0 0
14745.5 0 0
14746.5 0 0
14747.5 0 0
14748.5 0 0
14749.5 0 0
14750.5 0 0
14751.5 0 0
14752.5 1 1
14753.5 0 0
14754.5 0 0
14755.5 0 0
14756.5 0 0
14757.5 0 0
14758.5 0 0
14759.5 0 0
14760.5 0 0
14761.5 0 0
14762.5 0 0
14763.5 0 0
14764.5 0 0
14765.5 0 0
14766.5 0 0
14767.5 0 0
14768.5 1 1
14769.5 0 0
14770.5 1 1
14771.5 0 0
14772.5 0 0
14773.5 0 0
14774.5 0 0
14775.5 0 0
14776.5 0 0
14777.5 0 0
14778.5 0 0
14779.5 0 0
14780.5 0 0
14781.5 0 0
14782.5 0 0
14783.5 0 0
14784.5 0 0
14785.5 1 1
14786.5 2 1.41421
14787.5 0 0
14788.5 1 1
14789.5 0 0
14790.5 0 0
14791.5 0 0
14792.5 0 0
14793.5 0 0
14794.5 0 0
14795.5 0 0
14796.5 0 0
14797.5 0 0
14798.5 0 0
14799.5 0 0
14800.5 0 0
14801.5 0 0
14802.5 0 0
14803.5 0 0
14804.5 0 0
14805.5 0 0
14806.5 0 0
14807.5 0 0
14808.5 0 0
14809.5 0 0
14810.5 0 0
14811.5 0 0
14812.5 0 0
14813.5 0 0
14814.5 0 0
14815.5 0 0
14816.5 0 0
14817.5 0 0
14818.5 0 0
14819.5 0 0
14820.5 0 0
14821.5 0 0
14822.5 0 0
14823.5 0 0
14824.5 0 0
14825.5 0 0
14826.5 0 0
14827.5 0 0
14828.5 0 0
14829.5 1 1
14830.5 0 0
14831.5 0 0
14832.5 0 0
14833.5 0 0
14834.5 0 0
14835.5 1 1
14836.5 0 0
14837.5 0 0
14838.5 0 0
14839.5 0 0
14840.5 0 0
14841.5 0 0
14842.5 0 0
14843.5 0 0
14844.5 0 0
14845.5 0 0
14846.5 1 1
14847.5 0 0
14848.5 0 0
14849.5 0 0
14850.5 0 0
14851.5 0 0
14852.5 0 0
14853.5 0 0
14854.5 0 0
14855.5 0 0
14856.5 0 0
14857.5 1 1
14858.5 0 0
14859.5 0 0
14860.5 0 0
14861.5 1 1
14862.5 0 0
14863.5 0 0
14864.5 0 0
14865.5 0 0
14866.5 0 0
14867.5 0 0
14868.5 0 0
14869.5 0 0
14870.5 0 0
14871.5 0 0
14872.5 0 0
14873.5 0 0
14874.5 0 0
14875.5 0 0
14876.5 0 0
14877.5 0 0
14878.5 0 0
14879.5 0 0
14880.5 0 0
14881.5 0 0
14882.5 0 0
14883.5 0 0
14884.5 0 0
14885.5 0 0
14886.5 0 0
14887.5 0 0
14888.5 0 0
14889.5 0 0
14890.5 0 0
14891.5 0 0
14892.5 0 0
14893.5 0 0
14894.5 0 0
14895.5 0 0
14896.5 0 0
14897.5 0 0
14898.5 0 0
14899.5 0 0
14900.5 0 0
14901.5 0 0
14902.5 0 0
14903.5 0 0
14904.5 0 0
14905.5 0 0
14906.5 0 0
14907.5 0 0
14908.5 1 1
14909.5 0 0
14910.5 0 0
14911.5 0 0
14912.5 2 1.41421
14913.5 0 0
14914.5 0 0
14915.5 0 0
14916.5 0 0
14917.5 0 0
14918.5 0 0
14919.5 0 0
14920.5 0 0
14921.5 1 1
14922.5 0 0
14923.5 0 0
14924.5 1 1
14925.5 0 0
14926.5 0 0
14927.5 0 0
14928.5 0 0
14929.5 0 0
14930.5 0 0
14931.5 0 0
14932.5 0 0
14933.5 0 0
14934.5 0 0
14935.5 0 0
14936.5 0 0
14937.5 0 0
14938.5 0 0
14939.5 0 0
14940.5 1 1
14941.5 0 0
14942.5 0 0
14943.5 0 0
14944.5 0 0
14945.5 0 0
14946.5 0 0
14947.5 0 0
14948.5 0 0
14949.5 0 0
14950.5 0 0
14951.5 0 0
14952.5 0 0
14953.5 0 0
14954.5 0 0
14955.5 0 0
14956.5 0 0
14957.5 0 0
14958.5 0 0
14959.5 0 0
14960.5 0 0
14961.5 0 0
14962.5 0 0
14963.5 0 0
14964.5 0 0
14965.5 0 0
14966.5 0 0
14967.5 0 0
14968.5 0 0
14969.5 0 0
14970.5 0 0
14971.5 0 0
14972.5 0 0
14973.5 0 0
14974.5 0 0
14975.5 1 1
14976.5 0 0
14977.5 0 0
14978.5 0 0
14979.5 0 0
14980.5 0 0
14981.5 0 0
14982.5 0 0
14983.5 0 0
14984.5 0 0
14985.5 0 0
14986.5 0 0
14987.5 0 0
14988.5 0 0
14989.5 0 0
14990.5 0 0
14991.5 0 0
14992.5 0 0
14993.5 0 0
14994.5 0 0
14995.5 0 0
14996.5 0 0
14997.5 0 0
14998.5 0 0
14999.5 0 0
15000.5 0 0
15001.5 0 0
15002.5 0 0
15003.5 0 0
15004.5 0 0
15005.5 0 0
15006.5 0 0
15007.5 0 0
15008.5 1 1
15009.5 0 0
15010.5 0 0
15011.5 0 0
15012.5 0 0
15013.5 0 0
15014.5 0 0
15015.5 0 0
15016.5 0 0
15017.5 0 0
15018.5 0 0
15019.5 0 0
15020.5 0 0
15021.5 0 0
15022.5 0 0
15023.5 0 0
15024.5 1 1
15025.5 0 0
15026.5 0 0
15027.5 0 0
15028.5 0 0
15029.5 0 0
15030.5 0 0
15031.5 0 0
15032.5 0 0
15033.5 0 0
15034.5 0 0
15035.5 0 0
15036.5 0 0
15037.5 1 1
15038.5 0 0
15039.5 0 0
15040.5 0 0
15041.5 0 0
15042.5 0 0
15043.5 0 0
15044.5 0 0
15045.5 0 0
15046.5 0 0
15047.5 0 0
15048.5 0 0
15049.5 0 0
15050.5 0 0
15051.5 0 0
15052.5 0 0
15053.5 0 0
15054.5 0 0
15055.5 0 0
15056.5 0 0
15057.5 0 0
15058.5 0 0
15059.5 0 0
15060.5 0 0
15061.5 0 0
15062.5 0 0
15063.5 0 0
15064.5 1 1
15065.5 1 1
15066.5 0 0
15067.5 0 0
15068.5 0 0
15069.5 1 1
15070.5 0 0
15071.5 0 0
15072.5 0 0
15073.5 1 1
15074.5 0 0
15075.5 0 0
15076.5 0 0
15077.5 0 0
15078.5 0 0
15079.5 0 0
15080.5 0 0
15081.5 0 0
15082.5 0 0
15083.5 0 0
15084.5 1 1
15085.5 1 1
15086.5 0 0
15087.5 0 0
15088.5 0 0
15089.5 0 0
15090.5 0 0
15091.5 1 1
15092.5 0 0
15093.5 0 0
15094.5 0 0
15095.5 0 0
15096.5 0 0
15097.5 0 0
15098.5 0 0
15099.5 1 1
15100.5 0 0
15101.5 1 1
15102.5 0 0
15103.5 0 0
15104.5 0 0
15105.5 0 0
15106.5 0 0
15107.5 0 0
15108.5 0 0
15109.5 1 1
15110.5 0 0
15111.5 1 1
15112.5 0 0
15113.5 1 1
15114.5 0 0
15115.5 0 0
15116.5 0 0
15117.5 0 0
15118.5 0 0
15119.5 0 0
15120.5 0 0
15121.5 0 0
15122.5 0 0
15123.5 0 0
15124.5 0 0
15125.5 0 0
15126.5 0 0
15127.5 0 0
15128.5 0 0
15129.5 0 0
15130.5 0 0
15131.5 0 0
15132.5 0 0
15133.5 0 0
15134.5 0 0
15135.5 0 0
15136.5 0 0
15137.5 0 0
15138.5 0 0
15139.5 0 0
15140.5 1 1
15141.5 0 0
15142.5 0 0
15143.5 0 0
15144.5 0 0
15145.5 0 0
15146.5 0 0
15147.5 0 0
15148.5 0 0
15149.5 0 0
15150.5 0 0
15151.5 0 0
15152.5 0 0
15153.5 0 0
15154.5 0 0
15155.5 0 0
15156.5 0 0
15157.5 0 0
15158.5 0 0
15159.5 1 1
15160.5 0 0
15161.5 0 0
15162.5 0 0
15163.5 1 1
15164.5 0 0
15165.5 0 0
15166.5 0 0
15167.5 1 1
15168.5 0 0
15169.5 0 0
15170.5 0 0
15171.5 0 0
15172.5 0 0
15173.5 0 0
15174.5 0 0
15175.5 0 0
15176.5 0 0
15177.5 0 0
15178.5 0 0
15179.5 0 0
15180.5 0 0
15181.5 1 1
15182.5 0 0
15183.5 0 0
15184.5 0 0
15185.5 0 0
15186.5 0 0
15187.5 0 0
15188.5 0 0
15189.5 0 0
15190.5 0 0
15191.5 0 0
15192.5 0 0
15193.5 0 0
15194.5 1 1
15195.5 0 0
15196.5 0 0
15197.5 0 0
15198.5 0 0
15199.5 0 0
15200.5 0 0
15201.5 0 0
15202.5 0 0
15203.5 0 0
15204.5 0 0
15205.5 0 0
15206.5 0 0
15207.5 0 0
15208.5 0 0
15209.5 0 0
15210.5 0 0
15211.5 0 0
15212.5 0 0
15213.5 0 0
15214.5 0 0
15215.5 0 0
15216.5 1 1
15217.5 0 0
15218.5 0 0
15219.5 0 0
15220.5 0 0
15221.5 0 0
15222.5 0 0
15223.5 0 0
15224.5 0 0
15225.5 0 0
15226.5 0 0
15227.5 0 0
15228.5 0 0
15229.5 0 0
15230.5 0 0
15231.5 0 0
15232.5 0 0
15233.5 0 0
15234.5 0 0
15235.5 0 0
15236.5 0 0
15237.5 0 0
15238.5 0 0
15239.5 0 0
15240.5 0 0
15241.5 0 0
15242.5 0 0
15243.5 0 0
15244.5 0 0
15245.5 0 0
15246.5 0 0
15247.5 0 0
15248.5 0 0
15249.5 0 0
15250.5 0 0
15251.5 0 0
15252.5 0 0
15253.5 0 0
15254.5 1 1
15255.5 0 0
15256.5 0 0
15257.5 0 0
15258.5 0 0
15259.5 0 0
15260.5 0 0
15261.5 0 0
15262.5 0 0
15263.5 0 0
15264.5 0 0
15265.5 0 0
15266.5 0 0
15267.5 1 1
15268.5 0 0
15269.5 0 0
15270.5 0 0
15271.5 0 0
15272.5 0 0
15273.5 0 0
15274.5 0 0
15275.5 0 0
15276.5 1 1
15277.5 0 0
15278.5 0 0
15279.5 0 0
15280.5 0 0
15281.5 0 0
15282.5 0 0
15283.5 0 0
15284.5 0 0
15285.5 0 0
15286.5 0 0
15287.5 0 0
15288.5 0 0
15289.5 0 0
15290.5 0 0
15291.5 0 0
15292.5 0 0
15293.5 0 0
15294.5 1 1
15295.5 0 0
15296.5 0 0
15297.5 0 0
15298.5 0 0
15299.5 0 0
15300.5 0 0
15301.5 0 0
15302.5 0 0
15303.5 0 0
15304.5 0 0
15305.5 0 0
15306.5 0 0
15307.5 0 0
15308.5 0 0
15309.5 0 0
15310.5 0 0
15311.5 0 0
15312.5 1 1
15313.5 0 0
15314.5 0 0
15315.5 0 0
15316.5 0 0
15317.5 0 0
15318.5 0 0
15319.5 0 0
15320.5 0 0
15321.5 0 0
15322.5 0 0
15323.5 0 0
15324.5 0 0
15325.5 0 0
15326.5 1 1
15327.5 0 0
15328.5 0 0
15329.5 0 0
15330.5 0 0
15331.5 0 0
15332.5 0 0
15333.5 0 0
15334.5 0 0
15335.5 0 0
15336.5 0 0
15337.5 0 0
15338.5 0 0
15339.5 0 0
15340.5 0 0
15341.5 0 0
15342.5 0 0
15343.5 0 0
15344.5 0 0
15345.5 1 1
15346.5 0 0
15347.5 0 0
15348.5 0 0
15349.5 0 0
15350.5 0 0
15351.5 0 0
15352.5 0 0
15353.5 0 0
15354.5 0 0
15355.5 0 0
15356.5 0 0
15357.5 0 0
15358.5 0 0
15359.5 1 1
15360.5 0 0
15361.5 0 0
15362.5 0 0
15363.5 1 1
15364.5 0 0
15365.5 0 0
15366.5 0 0
15367.5 0 0
15368.5 0 0
15369.5 0 0
15370.5 1 1
15371.5 0 0
15372.5 1 1
15373.5 0 0
15374.5 0 0
15375.5 0 0
15376.5 0 0
15377.5 0 0
15378.5 0 0
15379.5 0 0
15380.5 0 0
15381.5 0 0
15382.5 0 0
15383.5 0 0
15384.5 0 0
15385.5 0 0
15386.5 0 0
15387.5 1 1
15388.5 1 1
15389.5 0 0
15390.5 0 0
15391.5 1 1
15392.5 0 0
15393.5 0 0
15394.5 0 0
15395.5 0 0
15396.5 0 0
15397.5 0 0
15398.5 0 0
15399.5 0 0
15400.5 0 0
15401.5 0 0
15402.5 0 0
15403.5 0 0
15404.5 0 0
15405.5 0 0
15406.5 0 0
15407.5 1 1
15408.5 0 0
15409.5 0 0
15410.5 0 0
15411.5 0 0
15412.5 0 0
15413.5 0 0
15414.5 1 1
15415.5 0 0
15416.5 0 0
15417.5 0 0
15418.5 0 0
15419.5 0 0
15420.5 0 0
15421.5 0 0
15422.5 0 0
15423.5 0 0
15424.5 1 1
15425.5 0 0
15426.5 0 0
15427.5 0 0
15428.5 0 0
15429.5 0 0
15430.5 1 1
15431.5 0 0
15432.5 0 0
15433.5 0 0
15434.5 0 0
15435.5 0 0
15436.5 0 0
15437.5 0 0
15438.5 1 1
15439.5 0 0
15440.5 1 1
15441.5 0 0
15442.5 0 0
15443.5 0 0
15444.5 1 1
15445.5 0 0
15446.5 0 0
15447.5 1 1
15448.5 0 0
15449.5 0 0
15450.5 0 0
15451.5 0 0
15452.5 0 0
15453.5 0 0
15454.5 1 1
15455.5 0 0
15456.5 0 0
15457.5 0 0
15458.5 0 0
15459.5 0 0
15460.5 0 0
15461.5 0 0
15462.5 1 1
15463.5 0 0
15464.5 0 0
15465.5 0 0
15466.5 0 0
15467.5 2 1.41421
15468.5 0 0
15469.5 0 0
15470.5 0 0
15471.5 1 1
15472.5 0 0
15473.5 0 0
15474.5 1 1
15475.5 0 0
15476.5 0 0
15477.5 1 1
15478.5 0 0
15479.5 0 0
15480.5 0 0
15481.5 1 1
15482.5 0 0
15483.5 0 0
15484.5 0 0
15485.5 0 0
15486.5 1 1
15487.5 0 0
15488.5 0 0
15489.5 0 0
15490.5 0 0
15491.5 0 0
15492.5 0 0
15493.5 0 0
15494.5 1 1
15495.5 1 1
15496.5 0 0
15497.5 0 0
15498.5 0 0
15499.5 0 0
15500.5 0 0
15501.5 0 0
15502.5 1 1
15503.5 0 0
15504.5 0 0
15505.5 0 0
15506.5 0 0
15507.5 0 0
15508.5 0 0
15509.5 0 0
15510.5 0 0
15511.5 0 0
15512.5 0 0
15513.5 0 0
15514.5 0 0
15515.5 0 0
15516.5 0 0
15517.5 0 0
15518.5 0 0
15519.5 0 0
15520.5 0 0
15521.5 0 0
15522.5 1 1
15523.5 0 0
15524.5 0 0
15525.5 0 0
15526.5 0 0
15527.5 0 0
15528.5 0 0
15529.5 0 0
15530.5 0 0
15531.5 0 0
15532.5 0 0
15533.5 0 0
15534.5 0 0
15535.5 0 0
15536.5 0 0
15537.5 0 0
15538.5 0 0
15539.5 0 0
15540.5 0 0
15541.5 0 0
15542.5 0 0
15543.5 0 0
15544.5 0 0
15545.5 0 0
15546.5 0 0
15547.5 0 0
15548.5 0 0
15549.5 0 0
15550.5 0 0
15551.5 0 0
15552.5 0 0
15553.5 0 0
15554.5 0 0
15555.5 0 0
15556.5 0 0
15557.5 0 0
15558.5 0 0
15559.5 0 0
15560.5 0 0
15561.5 0 0
15562.5 0 0
15563.5 0 0
15564.5 0 0
15565.5 0 0
15566.5 0 0
15567.5 0 0
15568.5 0 0
15569.5 0 0
15570.5 0 0
15571.5 0 0
15572.5 0 0
15573.5 0 0
15574.5 0 0
15575.5 0 0
15576.5 0 0
15577.5 0 0
15578.5 0 0
15579.5 0 0
15580.5 0 0
15581.5 0 0
15582.5 0 0
15583.5 0 0
15584.5 0 0
15585.5 0 0
15586.5 0 0
15587.5 0 0
15588.5 0 0
15589.5 0 0
15590.5 0 0
15591.5 0 0
15592.5 1 1
15593.5 0 0
15594.5 0 0
15595.5 0 0
15596.5 1 1
15597.5 0 0
15598.5 1 1
15599.5 1 1
15600.5 0 0
15601.5 0 0
15602.5 0 0
15603.5 0 0
15604.5 1 1
15605.5 0 0
15606.5 0 0
15607.5 1 1
15608.5 0 0
15609.5 0 0
15610.5 2 1.41421
15611.5 0 0
15612.5 1 1
15613.5 0 0
15614.5 0 0
15615.5 0 0
15616.5 0 0
15617.5 0 0
15618.5 1 1
15619.5 0 0
15620.5 0 0
15621.5 0 0
15622.5 0 0
15623.5 0 0
15624.5 0 0
15625.5 0 0
15626.5 1 1
15627.5 0 0
15628.5 0 0
15629.5 0 0
15630.5 1 1
15631.5 0 0
15632.5 0 0
15633.5 0 0
15634.5 0 0
15635.5 0 0
15636.5 0 0
15637.5 0 0
15638.5 0 0
15639.5 0 0
15640.5 0 0
15641.5 0 0
15642.5 0 0
15643.5 0 0
15644.5 0 0
15645.5 0 0
15646.5 0 0
15647.5 0 0
15648.5 0 0
15649.5 0 0
15650.5 0 0
15651.5 0 0
15652.5 0 0
15653.5 0 0
15654.5 0 0
15655.5 0 0
15656.5 0 0
15657.5 0 0
15658.5 0 0
15659.5 0 0
15660.5 0 0
15661.5 0 0
15662.5 0 0
15663.5 0 0
15664.5 0 0
15665.5 0 0
15666.5 0 0
15667.5 0 0
15668.5 0 0
15669.5 1 1
15670.5 0 0
15671.5 0 0
15672.5 0 0
15673.5 0 0
15674.5 0 0
15675.5 0 0
15676.5 0 0
15677.5 0 0
15678.5 0 0
15679.5 0 0
15680.5 0 0
15681.5 0 0
15682.5 0 0
15683.5 0 0
15684.5 0 0
15685.5 0 0
15686.5 0 0
15687.5 0 0
15688.5 0 0
15689.5 0 0
15690.5 0 0
15691.5 0 0
15692.5 0 0
15693.5 0 0
15694.5 0 0
15695.5 0 0
15696.5 0 0
15697.5 0 0
15698.5 0 0
15699.5 0 0
15700.5 0 0
15701.5 0 0
15702.5 0 0
15703.5 1 1
15704.5 0 0
15705.5 0 0
15706.5 0 0
15707.5 0 0
15708.5 0 0
15709.5 0 0
15710.5 0 0
15711.5 0 0
15712.5 0 0
15713.5 0 0
15714.5 0 0
15715.5 0 0
15716.5 0 0
15717.5 0 0
15718.5 0 0
15719.5 0 0
15720.5 0 0
15721.5 0 0
15722.5 0 0
15723.5 0 0
15724.5 0 0
15725.5 0 0
15726.5 0 0
15727.5 0 0
15728.5 0 0
15729.5 0 0
15730.5 0 0
15731.5 0 0
15732.5 0 0
15733.5 0 0
15734.5 0 0
15735.5 0 0
15736.5 0 0
15737.5 0 0
15738.5 0 0
15739.5 0 0
15740.5 0 0
15741.5 0 0
15742.5 0 0
15743.5 0 0
15744.5 0 0
15745.5 0 0
15746.5 0 0
15747.5 0 0
15748.5 0 0
15749.5 0 0
15750.5 0 0
15751.5 0 0
15752.5 1 1
15753.5 0 0
15754.5 0 0
15755.5 0 0
15756.5 0 0
15757.5 1 1
15758.5 0 0
15759.5 0 0
15760.5 0 0
15761.5 0 0
15762.5 0 0
15763.5 0 0
15764.5 0 0
15765.5 0 0
15766.5 0 0
15767.5 0 0
15768.5 0 0
15769.5 0 0
15770.5 0 0
15771.5 0 0
15772.5 0 0
15773.5 0 0
15774.5 0 0
15775.5 1 1
15776.5 0 0
15777.5 0 0
15778.5 0 0
15779.5 0 0
15780.5 0 0
15781.5 0 0
15782.5 0 0
15783.5 0 0
15784.5 0 0
15785.5 0 0
15786.5 0 0
15787.5 0 0
15788.5 0 0
15789.5 0 0
15790.5 0 0
15791.5 0 0
15792.5 0 0
15793.5 0 0
15794.5 0 0
15795.5 0 0
15796.5 0 0
15797.5 1 1
15798.5 0 0
15799.5 0 0
15800.5 0 0
15801.5 0 0
15802.5 0 0
15803.5 0 0
15804.5 0 0
15805.5 0 0
15806.5 0 0
15807.5 0 0
15808.5 0 0
15809.5 1 1
15810.5 0 0
15811.5 0 0
15812.5 0 0
15813.5 0 0
15814.5 0 0
15815.5 0 0
15816.5 1 1
15817.5 0 0
15818.5 0 0
15819.5 0 0
15820.5 0 0
15821.5 0 0
15822.5 0 0
15823.5 0 0
15824.5 0 0
15825.5 0 0
15826.5 0 0
15827.5 0 0
15828.5 0 0
15829.5 0 0
15830.5 0 0
15831.5 0 0
15832.5 0 0
15833.5 0 0
15834.5 0 0
15835.5 1 1
15836.5 0 0
15837.5 0 0
15838.5 0 0
15839.5 0 0
15840.5 0 0
15841.5 0 0
15842.5 0 0
15843.5 0 0
15844.5 0 0
15845.5 0 0
15846.5 0 0
15847.5 0 0
15848.5 0 0
15849.5 0 0
15850.5 0 0
15851.5 0 0
15852.5 0 0
15853.5 0 0
15854.5 0 0
15855.5 0 0
15856.5 0 0
15857.5 0 0
15858.5 0 0
15859.5 0 0
15860.5 1 1
15861.5 0 0
15862.5 0 0
15863.5 0 0
15864.5 0 0
15865.5 0 0
15866.5 0 0
15867.5 0 0
15868.5 1 1
15869.5 0 0
15870.5 0 0
15871.5 0 0
15872.5 0 0
15873.5 0 0
15874.5 0 0
15875.5 0 0
15876.5 0 0
15877.5 1 1
15878.5 0 0
15879.5 0 0
15880.5 0 0
15881.5 0 0
15882.5 0 0
15883.5 0 0
15884.5 0 0
15885.5 0 0
15886.5 0 0
15887.5 0 0
15888.5 1 1
15889.5 0 0
15890.5 0 0
15891.5 0 0
15892.5 0 0
15893.5 0 0
15894.5 0 0
15895.5 0 0
15896.5 0 0
15897.5 0 0
15898.5 0 0
15899.5 0 0
15900.5 0 0
15901.5 0 0
15902.5 0 0
15903.5 1 1
15904.5 1 1
15905.5 0 0
15906.5 1 1
15907.5 0 0
15908.5 0 0
15909.5 0 0
15910.5 0 0
15911.5 0 0
15912.5 0 0
15913.5 0 0
15914.5 0 0
15915.5 0 0
15916.5 0 0
15917.5 1 1
15918.5 0 0
15919.5 0 0
15920.5 0 0
15921.5 0 0
15922.5 0 0
15923.5 0 0
15924.5 0 0
15925.5 0 0
15926.5 0 0
15927.5 0 0
15928.5 0 0
15929.5 0 0
15930.5 0 0
15931.5 0 0
15932.5 0 0
15933.5 0 0
15934.5 0 0
15935.5 0 0
15936.5 0 0
15937.5 0 0
15938.5 0 0
15939.5 0 0
15940.5 0 0
15941.5 0 0
15942.5 0 0
15943.5 0 0
15944.5 0 0
15945.5 0 0
15946.5 0 0
15947.5 0 0
15948.5 0 0
15949.5 0 0
15950.5 1 1
15951.5 0 0
15952.5 0 0
15953.5 0 0
15954.5 0 0
15955.5 0 0
15956.5 1 1
15957.5 0 0
15958.5 0 0
15959.5 0 0
15960.5 0 0
15961.5 0 0
15962.5 0 0
15963.5 0 0
15964.5 0 0
15965.5 0 0
15966.5 0 0
15967.5 0 0
15968.5 0 0
15969.5 0 0
15970.5 0 0
15971.5 1 1
15972.5 0 0
15973.5 0 0
15974.5 0 0
15975.5 0 0
15976.5 0 0
15977.5 0 0
15978.5 0 0
15979.5 0 0
15980.5 0 0
15981.5 0 0
15982.5 1 1
15983.5 0 0
15984.5 0 0
15985.5 0 0
15986.5 0 0
15987.5 1 1
15988.5 0 0
15989.5 0 0
15990.5 0 0
15991.5 0 0
15992.5 1 1
15993.5 0 0
15994.5 0 0
15995.5 1 1
15996.5 0 0
15997.5 0 0
15998.5 0 0
15999.5 0 0
16000.5 0 0
16001.5 0 0
16002.5 0 0
16003.5 0 0
16004.5 0 0
16005.5 1 1
16006.5 0 0
16007.5 0 0
16008.5 0 0
16009.5 0 0
16010.5 0 0
16011.5 0 0
16012.5 0 0
16013.5 0 0
16014.5 0 0
16015.5 0 0
16016.5 0 0
16017.5 0 0
16018.5 0 0
16019.5 0 0
16020.5 0 0
16021.5 0 0
16022.5 0 0
16023.5 0 0
16024.5 0 0
16025.5 0 0
16026.5 0 0
16027.5 0 0
16028.5 0 0
16029.5 0 0
16030.5 0 0
16031.5 0 0
16032.5 0 0
16033.5 0 0
16034.5 0 0
16035.5 0 0
16036.5 0 0
16037.5 0 0
16038.5 1 1
16039.5 0 0
16040.5 1 1
16041.5 0 0
16042.5 0 0
16043.5 0 0
16044.5 0 0
16045.5 0 0
16046.5 0 0
16047.5 0 0
16048.5 0 0
16049.5 0 0
16050.5 0 0
16051.5 0 0
16052.5 0 0
16053.5 0 0
16054.5 0 0
16055.5 0 0
16056.5 0 0
16057.5 0 0
16058.5 0 0
16059.5 0 0
16060.5 1 1
16061.5 0 0
16062.5 0 0
16063.5 0 0
16064.5 0 0
16065.5 0 0
16066.5 0 0
16067.5 0 0
16068.5 0 0
16069.5 0 0
16070.5 0 0
16071.5 0 0
16072.5 0 0
16073.5 0 0
16074.5 0 0
16075.5 0 0
16076.5 0 0
16077.5 1 1
16078.5 0 0
16079.5 0 0
16080.5 0 0
16081.5 0 0
16082.5 0 0
16083.5 0 0
16084.5 0 0
16085.5 0 0
16086.5 0 0
16087.5 0 0
16088.5 0 0
16089.5 1 1
16090.5 0 0
16091.5 0 0
16092.5 0 0
16093.5 1 1
16094.5 0 0
16095.5 0 0
16096.5 0 0
16097.5 0 0
16098.5 0 0
16099.5 0 0
16100.5 0 0
16101.5 0 0
16102.5 0 0
16103.5 0 0
16104.5 0 0
16105.5 0 0
16106.5 1 1
16107.5 0 0
16108.5 0 0
16109.5 0 0
16110.5 0 0
16111.5 0 0
16112.5 0 0
16113.5 0 0
16114.5 0 0
16115.5 0 0
16116.5 0 0
16117.5 0 0
16118.5 1 1
16119.5 0 0
16120.5 0 0
16121.5 0 0
16122.5 0 0
16123.5 1 1
16124.5 0 0
16125.5 0 0
16126.5 0 0
16127.5 0 0
16128.5 0 0
16129.5 0 0
16130.5 0 0
16131.5 0 0
16132.5 0 0
16133.5 0 0
16134.5 0 0
16135.5 0 0
16136.5 0 0
16137.5 1 1
16138.5 0 0
16139.5 0 0
16140.5 0 0
16141.5 0 0
16142.5 0 0
16143.5 0 0
16144.5 0 0
16145.5 0 0
16146.5 0 0
16147.5 0 0
16148.5 0 0
16149.5 0 0
16150.5 0 0
16151.5 1 1
16152.5 0 0
16153.5 0 0
16154.5 0 0
16155.5 0 0
16156.5 0 0
16157.5 0 0
16158.5 0 0
16159.5 0 0
16160.5 0 0
16161.5 1 1
16162.5 0 0
16163.5 0 0
16164.5 0 0
16165.5 0 0
16166.5 0 0
16167.5 0 0
16168.5 0 0
16169.5 0 0
16170.5 0 0
16171.5 0 0
16172.5 0 0
16173.5 0 0
16174.5 0 0
16175.5 1 1
16176.5 0 0
16177.5 0 0
16178.5 0 0
16179.5 0 0
16180.5 0 0
16181.5 0 0
16182.5 0 0
16183.5 0 0
16184.5 0 0
16185.5 0 0
16186.5 0 0
16187.5 0 0
16188.5 0 0
16189.5 1 1
16190.5 0 0
16191.5 0 0
16192.5 0 0
16193.5 0 0
16194.5 0 0
16195.5 0 0
16196.5 0 0
16197.5 0 0
16198.5 0 0
16199.5 0 0
16200.5 0 0
16201.5 0 0
16202.5 0 0
16203.5 0 0
16204.5 0 0
16205.5 0 0
16206.5 0 0
16207.5 1 1
16208.5 0 0
16209.5 0 0
16210.5 0 0
16211.5 0 0
16212.5 0 0
16213.5 0 0
16214.5 0 0
16215.5 0 0
16216.5 0 0
16217.5 1 1
16218.5 0 0
16219.5 0 0
16220.5 0 0
16221.5 0 0
16222.5 0 0
16223.5 0 0
16224.5 0 0
16225.5 0 0
16226.5 0 0
16227.5 0 0
16228.5 0 0
16229.5 0 0
16230.5 0 0
16231.5 0 0
16232.5 0 0
16233.5 1 1
16234.5 1 1
16235.5 0 0
16236.5 0 0
16237.5 0 0
16238.5 0 0
16239.5 0 0
16240.5 0 0
16241.5 0 0
16242.5 1 1
16243.5 0 0
16244.5 0 0
16245.5 0 0
16246.5 1 1
16247.5 0 0
16248.5 0 0
16249.5 0 0
16250.5 0 0
16251.5 0 0
16252.5 0 0
16253.5 0 0
16254.5 0 0
16255.5 0 0
16256.5 0 0
16257.5 0 0
16258.5 0 0
16259.5 0 0
16260.5 0 0
16261.5 0 0
16262.5 0 0
16263.5 0 0
16264.5 0 0
16265.5 0 0
16266.5 0 0
16267.5 0 0
16268.5 1 1
16269.5 0 0
16270.5 0 0
16271.5 0 0
16272.5 0 0
16273.5 0 0
16274.5 0 0
16275.5 0 0
16276.5 0 0
16277.5 0 0
16278.5 0 0
16279.5 0 0
16280.5 0 0
16281.5 0 0
16282.5 0 0
16283.5 0 0
16284.5 0 0
16285.5 2 1.41421
16286.5 0 0
16287.5 0 0
16288.5 0 0
16289.5 0 0
16290.5 0 0
16291.5 1 1
16292.5 0 0
16293.5 0 0
16294.5 0 0
16295.5 0 0
16296.5 0 0
16297.5 0 0
16298.5 0 0
16299.5 0 0
16300.5 0 0
16301.5 0 0
16302.5 1 1
16303.5 0 0
16304.5 0 0
16305.5 0 0
16306.5 0 0
16307.5 1 1
16308.5 0 0
16309.5 0 0
16310.5 1 1
16311.5 1 1
16312.5 0 0
16313.5 0 0
16314.5 0 0
16315.5 0 0
16316.5 0 0
16317.5 0 0
16318.5 0 0
16319.5 0 0
16320.5 0 0
16321.5 0 0
16322.5 0 0
16323.5 0 0
16324.5 0 0
16325.5 0 0
16326.5 0 0
16327.5 0 0
16328.5 0 0
16329.5 0 0
16330.5 0 0
16331.5 0 0
16332.5 0 0
16333.5 0 0
16334.5 0 0
16335.5 0 0
16336.5 1 1
16337.5 0 0
16338.5 0 0
16339.5 0 0
16340.5 0 0
16341.5 0 0
16342.5 0 0
16343.5 0 0
16344.5 0 0
16345.5 0 0
16346.5 0 0
16347.5 1 1
16348.5 0 0
16349.5 0 0
16350.5 0 0
16351.5 0 0
16352.5 0 0
16353.5 0 0
16354.5 0 0
16355.5 0 0
16356.5 0 0
16357.5 0 0
16358.5 0 0
16359.5 0 0
16360.5 0 0
16361.5 0 0
16362.5 0 0
16363.5 0 0
16364.5 0 0
16365.5 0 0
16366.5 0 0
16367.5 0 0
16368.5 0 0
16369.5 0 0
16370.5 0 0
16371.5 0 0
16372.5 0 0
16373.5 0 0
16374.5 0 0
16375.5 0 0
16376.5 0 0
16377.5 0 0
16378.5 0 0
16379.5 0 0
16380.5 0 0
16381.5 0 0
16382.5 0 0
16383.5 0 0
