# Histogram: 103
# File: K47_T1_005-0.his
#X  N  dN
0.5 9030 95.0263
1.5 603 24.5561
2.5 652 25.5343
3.5 685 26.1725
4.5 663 25.7488
5.5 588 24.2487
6.5 541 23.2594
7.5 482 21.9545
8.5 401 20.025
9.5 358 18.9209
10.5 301 17.3494
11.5 241 15.5242
12.5 190 13.784
13.5 165 12.8452
14.5 109 10.4403
15.5 85 9.21954
16.5 101 10.0499
17.5 71 8.42615
18.5 65 8.06226
19.5 50 7.07107
20.5 53 7.28011
21.5 48 6.9282
22.5 33 5.74456
23.5 42 6.48074
24.5 28 5.2915
25.5 27 5.19615
26.5 29 5.38516
27.5 34 5.83095
28.5 32 5.65685
29.5 39 6.245
30.5 46 6.78233
31.5 39 6.245
32.5 41 6.40312
33.5 51 7.14143
34.5 49 7
35.5 54 7.34847
36.5 55 7.4162
37.5 71 8.42615
38.5 59 7.68115
39.5 63 7.93725
40.5 66 8.12404
41.5 77 8.77496
42.5 66 8.12404
43.5 89 9.43398
44.5 61 7.81025
45.5 86 9.27362
46.5 89 9.43398
47.5 89 9.43398
48.5 69 8.30662
49.5 93 9.64365
50.5 85 9.21954
51.5 96 9.79796
52.5 97 9.84886
53.5 110 10.4881
54.5 95 9.74679
55.5 87 9.32738
56.5 100 10
57.5 86 9.27362
58.5 88 9.38083
59.5 91 9.53939
60.5 106 10.2956
61.5 108 10.3923
62.5 107 10.3441
63.5 111 10.5357
64.5 105 10.247
65.5 91 9.53939
66.5 103 10.1489
67.5 107 10.3441
68.5 108 10.3923
69.5 98 9.89949
70.5 97 9.84886
71.5 89 9.43398
72.5 96 9.79796
73.5 92 9.59166
74.5 106 10.2956
75.5 93 9.64365
76.5 90 9.48683
77.5 121 11
78.5 103 10.1489
79.5 96 9.79796
80.5 115 10.7238
81.5 111 10.5357
82.5 101 10.0499
83.5 110 10.4881
84.5 103 10.1489
85.5 102 10.0995
86.5 99 9.94987
87.5 87 9.32738
88.5 114 10.6771
89.5 99 9.94987
90.5 106 10.2956
91.5 88 9.38083
92.5 90 9.48683
93.5 105 10.247
94.5 106 10.2956
95.5 122 11.0454
96.5 112 10.583
97.5 94 9.69536
98.5 104 10.198
99.5 93 9.64365
100.5 97 9.84886
101.5 125 11.1803
102.5 97 9.84886
103.5 87 9.32738
104.5 112 10.583
105.5 91 9.53939
106.5 89 9.43398
107.5 98 9.89949
108.5 90 9.48683
109.5 102 10.0995
110.5 88 9.38083
111.5 98 9.89949
112.5 98 9.89949
113.5 94 9.69536
114.5 108 10.3923
115.5 113 10.6301
116.5 108 10.3923
117.5 104 10.198
118.5 126 11.225
119.5 99 9.94987
120.5 97 9.84886
121.5 110 10.4881
122.5 101 10.0499
123.5 132 11.4891
124.5 126 11.225
125.5 101 10.0499
126.5 110 10.4881
127.5 105 10.247
128.5 105 10.247
129.5 120 10.9545
130.5 113 10.6301
131.5 122 11.0454
132.5 92 9.59166
133.5 137 11.7047
134.5 114 10.6771
135.5 100 10
136.5 108 10.3923
137.5 106 10.2956
138.5 107 10.3441
139.5 108 10.3923
140.5 113 10.6301
141.5 128 11.3137
142.5 113 10.6301
143.5 102 10.0995
144.5 101 10.0499
145.5 115 10.7238
146.5 105 10.247
147.5 99 9.94987
148.5 127 11.2694
149.5 101 10.0499
150.5 108 10.3923
151.5 107 10.3441
152.5 110 10.4881
153.5 88 9.38083
154.5 108 10.3923
155.5 105 10.247
156.5 94 9.69536
157.5 88 9.38083
158.5 102 10.0995
159.5 136 11.6619
160.5 105 10.247
161.5 113 10.6301
162.5 107 10.3441
163.5 95 9.74679
164.5 127 11.2694
165.5 115 10.7238
166.5 110 10.4881
167.5 122 11.0454
168.5 110 10.4881
169.5 97 9.84886
170.5 104 10.198
171.5 119 10.9087
172.5 120 10.9545
173.5 130 11.4018
174.5 115 10.7238
175.5 116 10.7703
176.5 108 10.3923
177.5 115 10.7238
178.5 110 10.4881
179.5 122 11.0454
180.5 101 10.0499
181.5 108 10.3923
182.5 129 11.3578
183.5 114 10.6771
184.5 121 11
185.5 108 10.3923
186.5 111 10.5357
187.5 116 10.7703
188.5 117 10.8167
189.5 120 10.9545
190.5 108 10.3923
191.5 121 11
192.5 112 10.583
193.5 101 10.0499
194.5 96 9.79796
195.5 118 10.8628
196.5 137 11.7047
197.5 103 10.1489
198.5 122 11.0454
199.5 102 10.0995
200.5 111 10.5357
201.5 126 11.225
202.5 113 10.6301
203.5 98 9.89949
204.5 121 11
205.5 103 10.1489
206.5 116 10.7703
207.5 85 9.21954
208.5 100 10
209.5 116 10.7703
210.5 111 10.5357
211.5 121 11
212.5 96 9.79796
213.5 113 10.6301
214.5 123 11.0905
215.5 118 10.8628
216.5 96 9.79796
217.5 95 9.74679
218.5 119 10.9087
219.5 101 10.0499
220.5 120 10.9545
221.5 113 10.6301
222.5 120 10.9545
223.5 115 10.7238
224.5 104 10.198
225.5 114 10.6771
226.5 114 10.6771
227.5 122 11.0454
228.5 112 10.583
229.5 113 10.6301
230.5 109 10.4403
231.5 123 11.0905
232.5 105 10.247
233.5 114 10.6771
234.5 132 11.4891
235.5 107 10.3441
236.5 89 9.43398
237.5 112 10.583
238.5 114 10.6771
239.5 118 10.8628
240.5 121 11
241.5 115 10.7238
242.5 125 11.1803
243.5 100 10
244.5 113 10.6301
245.5 122 11.0454
246.5 114 10.6771
247.5 111 10.5357
248.5 116 10.7703
249.5 116 10.7703
250.5 97 9.84886
251.5 127 11.2694
252.5 107 10.3441
253.5 116 10.7703
254.5 114 10.6771
255.5 135 11.619
256.5 115 10.7238
257.5 115 10.7238
258.5 113 10.6301
259.5 94 9.69536
260.5 133 11.5326
261.5 138 11.7473
262.5 118 10.8628
263.5 121 11
264.5 128 11.3137
265.5 135 11.619
266.5 121 11
267.5 114 10.6771
268.5 122 11.0454
269.5 131 11.4455
270.5 128 11.3137
271.5 104 10.198
272.5 117 10.8167
273.5 116 10.7703
274.5 114 10.6771
275.5 125 11.1803
276.5 138 11.7473
277.5 131 11.4455
278.5 131 11.4455
279.5 110 10.4881
280.5 131 11.4455
281.5 114 10.6771
282.5 128 11.3137
283.5 137 11.7047
284.5 134 11.5758
285.5 138 11.7473
286.5 132 11.4891
287.5 163 12.7671
288.5 128 11.3137
289.5 138 11.7473
290.5 140 11.8322
291.5 141 11.8743
292.5 142 11.9164
293.5 127 11.2694
294.5 130 11.4018
295.5 141 11.8743
296.5 134 11.5758
297.5 123 11.0905
298.5 141 11.8743
299.5 147 12.1244
300.5 135 11.619
301.5 124 11.1355
302.5 146 12.083
303.5 149 12.2066
304.5 167 12.9228
305.5 159 12.6095
306.5 138 11.7473
307.5 149 12.2066
308.5 131 11.4455
309.5 143 11.9583
310.5 156 12.49
311.5 156 12.49
312.5 141 11.8743
313.5 163 12.7671
314.5 130 11.4018
315.5 141 11.8743
316.5 153 12.3693
317.5 154 12.4097
318.5 157 12.53
319.5 191 13.8203
320.5 145 12.0416
321.5 170 13.0384
322.5 152 12.3288
323.5 170 13.0384
324.5 186 13.6382
325.5 211 14.5258
326.5 179 13.3791
327.5 171 13.0767
328.5 160 12.6491
329.5 175 13.2288
330.5 156 12.49
331.5 175 13.2288
332.5 150 12.2474
333.5 184 13.5647
334.5 186 13.6382
335.5 178 13.3417
336.5 185 13.6015
337.5 169 13
338.5 201 14.1774
339.5 179 13.3791
340.5 186 13.6382
341.5 198 14.0712
342.5 176 13.2665
343.5 196 14
344.5 165 12.8452
345.5 188 13.7113
346.5 160 12.6491
347.5 177 13.3041
348.5 187 13.6748
349.5 186 13.6382
350.5 174 13.1909
351.5 183 13.5277
352.5 193 13.8924
353.5 213 14.5945
354.5 212 14.5602
355.5 185 13.6015
356.5 215 14.6629
357.5 174 13.1909
358.5 187 13.6748
359.5 205 14.3178
360.5 209 14.4568
361.5 179 13.3791
362.5 236 15.3623
363.5 196 14
364.5 217 14.7309
365.5 198 14.0712
366.5 221 14.8661
367.5 221 14.8661
368.5 215 14.6629
369.5 207 14.3875
370.5 183 13.5277
371.5 244 15.6205
372.5 210 14.4914
373.5 211 14.5258
374.5 215 14.6629
375.5 215 14.6629
376.5 221 14.8661
377.5 199 14.1067
378.5 217 14.7309
379.5 187 13.6748
380.5 215 14.6629
381.5 223 14.9332
382.5 236 15.3623
383.5 214 14.6287
384.5 210 14.4914
385.5 213 14.5945
386.5 208 14.4222
387.5 223 14.9332
388.5 240 15.4919
389.5 227 15.0665
390.5 236 15.3623
391.5 230 15.1658
392.5 222 14.8997
393.5 239 15.4596
394.5 231 15.1987
395.5 268 16.3707
396.5 213 14.5945
397.5 232 15.2315
398.5 242 15.5563
399.5 262 16.1864
400.5 242 15.5563
401.5 264 16.2481
402.5 236 15.3623
403.5 257 16.0312
404.5 263 16.2173
405.5 244 15.6205
406.5 298 17.2627
407.5 278 16.6733
408.5 284 16.8523
409.5 276 16.6132
410.5 253 15.906
411.5 258 16.0624
412.5 282 16.7929
413.5 256 16
414.5 265 16.2788
415.5 267 16.3401
416.5 276 16.6132
417.5 241 15.5242
418.5 258 16.0624
419.5 255 15.9687
420.5 259 16.0935
421.5 273 16.5227
422.5 239 15.4596
423.5 261 16.1555
424.5 252 15.8745
425.5 243 15.5885
426.5 250 15.8114
427.5 224 14.9666
428.5 268 16.3707
429.5 245 15.6525
430.5 262 16.1864
431.5 239 15.4596
432.5 263 16.2173
433.5 267 16.3401
434.5 223 14.9332
435.5 234 15.2971
436.5 256 16
437.5 260 16.1245
438.5 248 15.748
439.5 262 16.1864
440.5 268 16.3707
441.5 240 15.4919
442.5 219 14.7986
443.5 260 16.1245
444.5 269 16.4012
445.5 249 15.7797
446.5 269 16.4012
447.5 259 16.0935
448.5 281 16.7631
449.5 254 15.9374
450.5 250 15.8114
451.5 296 17.2047
452.5 285 16.8819
453.5 282 16.7929
454.5 242 15.5563
455.5 298 17.2627
456.5 279 16.7033
457.5 281 16.7631
458.5 277 16.6433
459.5 277 16.6433
460.5 268 16.3707
461.5 242 15.5563
462.5 248 15.748
463.5 249 15.7797
464.5 258 16.0624
465.5 265 16.2788
466.5 260 16.1245
467.5 260 16.1245
468.5 258 16.0624
469.5 300 17.3205
470.5 300 17.3205
471.5 279 16.7033
472.5 298 17.2627
473.5 276 16.6132
474.5 278 16.6733
475.5 258 16.0624
476.5 281 16.7631
477.5 279 16.7033
478.5 298 17.2627
479.5 273 16.5227
480.5 239 15.4596
481.5 263 16.2173
482.5 276 16.6132
483.5 278 16.6733
484.5 309 17.5784
485.5 260 16.1245
486.5 270 16.4317
487.5 253 15.906
488.5 297 17.2337
489.5 240 15.4919
490.5 232 15.2315
491.5 281 16.7631
492.5 274 16.5529
493.5 277 16.6433
494.5 277 16.6433
495.5 245 15.6525
496.5 262 16.1864
497.5 249 15.7797
498.5 275 16.5831
499.5 271 16.4621
500.5 272 16.4924
501.5 278 16.6733
502.5 263 16.2173
503.5 262 16.1864
504.5 277 16.6433
505.5 289 17
506.5 280 16.7332
507.5 263 16.2173
508.5 255 15.9687
509.5 276 16.6132
510.5 277 16.6433
511.5 287 16.9411
512.5 267 16.3401
513.5 254 15.9374
514.5 281 16.7631
515.5 269 16.4012
516.5 266 16.3095
517.5 274 16.5529
518.5 252 15.8745
519.5 267 16.3401
520.5 260 16.1245
521.5 275 16.5831
522.5 278 16.6733
523.5 292 17.088
524.5 251 15.843
525.5 288 16.9706
526.5 268 16.3707
527.5 280 16.7332
528.5 277 16.6433
529.5 286 16.9115
530.5 255 15.9687
531.5 286 16.9115
532.5 283 16.8226
533.5 287 16.9411
534.5 288 16.9706
535.5 279 16.7033
536.5 280 16.7332
537.5 288 16.9706
538.5 277 16.6433
539.5 276 16.6132
540.5 251 15.843
541.5 255 15.9687
542.5 262 16.1864
543.5 269 16.4012
544.5 279 16.7033
545.5 237 15.3948
546.5 256 16
547.5 253 15.906
548.5 279 16.7033
549.5 289 17
550.5 282 16.7929
551.5 283 16.8226
552.5 318 17.8326
553.5 272 16.4924
554.5 286 16.9115
555.5 282 16.7929
556.5 296 17.2047
557.5 298 17.2627
558.5 308 17.5499
559.5 270 16.4317
560.5 285 16.8819
561.5 277 16.6433
562.5 317 17.8045
563.5 273 16.5227
564.5 264 16.2481
565.5 237 15.3948
566.5 289 17
567.5 258 16.0624
568.5 289 17
569.5 276 16.6132
570.5 284 16.8523
571.5 304 17.4356
572.5 252 15.8745
573.5 275 16.5831
574.5 289 17
575.5 287 16.9411
576.5 294 17.1464
577.5 252 15.8745
578.5 264 16.2481
579.5 255 15.9687
580.5 297 17.2337
581.5 257 16.0312
582.5 246 15.6844
583.5 285 16.8819
584.5 264 16.2481
585.5 268 16.3707
586.5 277 16.6433
587.5 301 17.3494
588.5 258 16.0624
589.5 263 16.2173
590.5 261 16.1555
591.5 274 16.5529
592.5 266 16.3095
593.5 253 15.906
594.5 286 16.9115
595.5 294 17.1464
596.5 266 16.3095
597.5 274 16.5529
598.5 265 16.2788
599.5 292 17.088
600.5 252 15.8745
601.5 297 17.2337
602.5 248 15.748
603.5 266 16.3095
604.5 267 16.3401
605.5 254 15.9374
606.5 266 16.3095
607.5 260 16.1245
608.5 246 15.6844
609.5 245 15.6525
610.5 277 16.6433
611.5 279 16.7033
612.5 256 16
613.5 301 17.3494
614.5 275 16.5831
615.5 253 15.906
616.5 257 16.0312
617.5 277 16.6433
618.5 253 15.906
619.5 266 16.3095
620.5 263 16.2173
621.5 251 15.843
622.5 273 16.5227
623.5 288 16.9706
624.5 283 16.8226
625.5 279 16.7033
626.5 237 15.3948
627.5 261 16.1555
628.5 265 16.2788
629.5 257 16.0312
630.5 246 15.6844
631.5 282 16.7929
632.5 262 16.1864
633.5 276 16.6132
634.5 270 16.4317
635.5 264 16.2481
636.5 251 15.843
637.5 262 16.1864
638.5 275 16.5831
639.5 238 15.4272
640.5 240 15.4919
641.5 254 15.9374
642.5 262 16.1864
643.5 268 16.3707
644.5 250 15.8114
645.5 270 16.4317
646.5 256 16
647.5 268 16.3707
648.5 254 15.9374
649.5 272 16.4924
650.5 274 16.5529
651.5 252 15.8745
652.5 235 15.3297
653.5 283 16.8226
654.5 256 16
655.5 249 15.7797
656.5 237 15.3948
657.5 270 16.4317
658.5 242 15.5563
659.5 257 16.0312
660.5 249 15.7797
661.5 277 16.6433
662.5 272 16.4924
663.5 247 15.7162
664.5 270 16.4317
665.5 237 15.3948
666.5 245 15.6525
667.5 254 15.9374
668.5 237 15.3948
669.5 282 16.7929
670.5 249 15.7797
671.5 261 16.1555
672.5 251 15.843
673.5 272 16.4924
674.5 254 15.9374
675.5 242 15.5563
676.5 220 14.8324
677.5 231 15.1987
678.5 240 15.4919
679.5 238 15.4272
680.5 213 14.5945
681.5 242 15.5563
682.5 243 15.5885
683.5 230 15.1658
684.5 250 15.8114
685.5 239 15.4596
686.5 260 16.1245
687.5 246 15.6844
688.5 234 15.2971
689.5 254 15.9374
690.5 246 15.6844
691.5 238 15.4272
692.5 227 15.0665
693.5 258 16.0624
694.5 249 15.7797
695.5 247 15.7162
696.5 240 15.4919
697.5 255 15.9687
698.5 218 14.7648
699.5 274 16.5529
700.5 229 15.1327
701.5 246 15.6844
702.5 243 15.5885
703.5 229 15.1327
704.5 224 14.9666
705.5 238 15.4272
706.5 234 15.2971
707.5 228 15.0997
708.5 216 14.6969
709.5 255 15.9687
710.5 206 14.3527
711.5 224 14.9666
712.5 257 16.0312
713.5 245 15.6525
714.5 241 15.5242
715.5 214 14.6287
716.5 229 15.1327
717.5 213 14.5945
718.5 241 15.5242
719.5 234 15.2971
720.5 231 15.1987
721.5 241 15.5242
722.5 228 15.0997
723.5 231 15.1987
724.5 232 15.2315
725.5 223 14.9332
726.5 232 15.2315
727.5 211 14.5258
728.5 244 15.6205
729.5 249 15.7797
730.5 224 14.9666
731.5 217 14.7309
732.5 207 14.3875
733.5 235 15.3297
734.5 238 15.4272
735.5 212 14.5602
736.5 214 14.6287
737.5 223 14.9332
738.5 222 14.8997
739.5 201 14.1774
740.5 235 15.3297
741.5 210 14.4914
742.5 207 14.3875
743.5 209 14.4568
744.5 217 14.7309
745.5 223 14.9332
746.5 185 13.6015
747.5 239 15.4596
748.5 201 14.1774
749.5 212 14.5602
750.5 206 14.3527
751.5 251 15.843
752.5 199 14.1067
753.5 223 14.9332
754.5 232 15.2315
755.5 232 15.2315
756.5 217 14.7309
757.5 209 14.4568
758.5 177 13.3041
759.5 193 13.8924
760.5 228 15.0997
761.5 206 14.3527
762.5 197 14.0357
763.5 201 14.1774
764.5 196 14
765.5 200 14.1421
766.5 220 14.8324
767.5 222 14.8997
768.5 208 14.4222
769.5 199 14.1067
770.5 208 14.4222
771.5 204 14.2829
772.5 238 15.4272
773.5 195 13.9642
774.5 184 13.5647
775.5 195 13.9642
776.5 186 13.6382
777.5 199 14.1067
778.5 203 14.2478
779.5 227 15.0665
780.5 190 13.784
781.5 203 14.2478
782.5 188 13.7113
783.5 195 13.9642
784.5 206 14.3527
785.5 227 15.0665
786.5 221 14.8661
787.5 194 13.9284
788.5 210 14.4914
789.5 192 13.8564
790.5 200 14.1421
791.5 189 13.7477
792.5 220 14.8324
793.5 188 13.7113
794.5 200 14.1421
795.5 202 14.2127
796.5 211 14.5258
797.5 172 13.1149
798.5 206 14.3527
799.5 186 13.6382
800.5 213 14.5945
801.5 179 13.3791
802.5 187 13.6748
803.5 209 14.4568
804.5 180 13.4164
805.5 194 13.9284
806.5 182 13.4907
807.5 193 13.8924
808.5 221 14.8661
809.5 188 13.7113
810.5 191 13.8203
811.5 156 12.49
812.5 191 13.8203
813.5 187 13.6748
814.5 206 14.3527
815.5 160 12.6491
816.5 197 14.0357
817.5 197 14.0357
818.5 175 13.2288
819.5 199 14.1067
820.5 185 13.6015
821.5 172 13.1149
822.5 188 13.7113
823.5 183 13.5277
824.5 194 13.9284
825.5 167 12.9228
826.5 195 13.9642
827.5 178 13.3417
828.5 185 13.6015
829.5 183 13.5277
830.5 191 13.8203
831.5 196 14
832.5 162 12.7279
833.5 204 14.2829
834.5 205 14.3178
835.5 176 13.2665
836.5 205 14.3178
837.5 188 13.7113
838.5 198 14.0712
839.5 180 13.4164
840.5 193 13.8924
841.5 172 13.1149
842.5 180 13.4164
843.5 216 14.6969
844.5 197 14.0357
845.5 177 13.3041
846.5 189 13.7477
847.5 174 13.1909
848.5 180 13.4164
849.5 180 13.4164
850.5 179 13.3791
851.5 167 12.9228
852.5 171 13.0767
853.5 183 13.5277
854.5 183 13.5277
855.5 175 13.2288
856.5 170 13.0384
857.5 192 13.8564
858.5 207 14.3875
859.5 176 13.2665
860.5 197 14.0357
861.5 179 13.3791
862.5 192 13.8564
863.5 197 14.0357
864.5 181 13.4536
865.5 183 13.5277
866.5 193 13.8924
867.5 179 13.3791
868.5 187 13.6748
869.5 189 13.7477
870.5 170 13.0384
871.5 193 13.8924
872.5 155 12.4499
873.5 144 12
874.5 180 13.4164
875.5 184 13.5647
876.5 206 14.3527
877.5 149 12.2066
878.5 164 12.8062
879.5 178 13.3417
880.5 152 12.3288
881.5 175 13.2288
882.5 181 13.4536
883.5 170 13.0384
884.5 162 12.7279
885.5 184 13.5647
886.5 187 13.6748
887.5 152 12.3288
888.5 168 12.9615
889.5 161 12.6886
890.5 161 12.6886
891.5 169 13
892.5 159 12.6095
893.5 168 12.9615
894.5 146 12.083
895.5 151 12.2882
896.5 173 13.1529
897.5 163 12.7671
898.5 164 12.8062
899.5 187 13.6748
900.5 162 12.7279
901.5 165 12.8452
902.5 160 12.6491
903.5 162 12.7279
904.5 186 13.6382
905.5 144 12
906.5 184 13.5647
907.5 157 12.53
908.5 167 12.9228
909.5 163 12.7671
910.5 181 13.4536
911.5 142 11.9164
912.5 184 13.5647
913.5 160 12.6491
914.5 158 12.5698
915.5 162 12.7279
916.5 169 13
917.5 165 12.8452
918.5 154 12.4097
919.5 123 11.0905
920.5 172 13.1149
921.5 161 12.6886
922.5 155 12.4499
923.5 167 12.9228
924.5 182 13.4907
925.5 150 12.2474
926.5 167 12.9228
927.5 163 12.7671
928.5 158 12.5698
929.5 170 13.0384
930.5 167 12.9228
931.5 185 13.6015
932.5 161 12.6886
933.5 163 12.7671
934.5 133 11.5326
935.5 145 12.0416
936.5 158 12.5698
937.5 171 13.0767
938.5 178 13.3417
939.5 169 13
940.5 163 12.7671
941.5 162 12.7279
942.5 161 12.6886
943.5 153 12.3693
944.5 151 12.2882
945.5 150 12.2474
946.5 152 12.3288
947.5 147 12.1244
948.5 182 13.4907
949.5 150 12.2474
950.5 156 12.49
951.5 143 11.9583
952.5 163 12.7671
953.5 169 13
954.5 174 13.1909
955.5 162 12.7279
956.5 147 12.1244
957.5 146 12.083
958.5 177 13.3041
959.5 152 12.3288
960.5 169 13
961.5 165 12.8452
962.5 168 12.9615
963.5 195 13.9642
964.5 169 13
965.5 169 13
966.5 182 13.4907
967.5 156 12.49
968.5 169 13
969.5 166 12.8841
970.5 164 12.8062
971.5 169 13
972.5 164 12.8062
973.5 161 12.6886
974.5 143 11.9583
975.5 185 13.6015
976.5 169 13
977.5 152 12.3288
978.5 184 13.5647
979.5 158 12.5698
980.5 132 11.4891
981.5 169 13
982.5 135 11.619
983.5 148 12.1655
984.5 177 13.3041
985.5 147 12.1244
986.5 164 12.8062
987.5 157 12.53
988.5 154 12.4097
989.5 157 12.53
990.5 181 13.4536
991.5 163 12.7671
992.5 154 12.4097
993.5 181 13.4536
994.5 138 11.7473
995.5 167 12.9228
996.5 166 12.8841
997.5 142 11.9164
998.5 168 12.9615
999.5 161 12.6886
1000.5 170 13.0384
1001.5 141 11.8743
1002.5 148 12.1655
1003.5 166 12.8841
1004.5 164 12.8062
1005.5 148 12.1655
1006.5 160 12.6491
1007.5 151 12.2882
1008.5 155 12.4499
1009.5 149 12.2066
1010.5 161 12.6886
1011.5 177 13.3041
1012.5 157 12.53
1013.5 164 12.8062
1014.5 168 12.9615
1015.5 146 12.083
1016.5 167 12.9228
1017.5 157 12.53
1018.5 171 13.0767
1019.5 159 12.6095
1020.5 141 11.8743
1021.5 170 13.0384
1022.5 148 12.1655
1023.5 157 12.53
1024.5 154 12.4097
1025.5 159 12.6095
1026.5 144 12
1027.5 150 12.2474
1028.5 127 11.2694
1029.5 160 12.6491
1030.5 150 12.2474
1031.5 143 11.9583
1032.5 144 12
1033.5 137 11.7047
1034.5 153 12.3693
1035.5 164 12.8062
1036.5 153 12.3693
1037.5 140 11.8322
1038.5 129 11.3578
1039.5 155 12.4499
1040.5 152 12.3288
1041.5 161 12.6886
1042.5 162 12.7279
1043.5 132 11.4891
1044.5 145 12.0416
1045.5 140 11.8322
1046.5 177 13.3041
1047.5 140 11.8322
1048.5 143 11.9583
1049.5 133 11.5326
1050.5 144 12
1051.5 142 11.9164
1052.5 157 12.53
1053.5 136 11.6619
1054.5 163 12.7671
1055.5 153 12.3693
1056.5 145 12.0416
1057.5 125 11.1803
1058.5 152 12.3288
1059.5 142 11.9164
1060.5 137 11.7047
1061.5 151 12.2882
1062.5 134 11.5758
1063.5 139 11.7898
1064.5 149 12.2066
1065.5 134 11.5758
1066.5 137 11.7047
1067.5 116 10.7703
1068.5 146 12.083
1069.5 139 11.7898
1070.5 159 12.6095
1071.5 144 12
1072.5 124 11.1355
1073.5 126 11.225
1074.5 118 10.8628
1075.5 122 11.0454
1076.5 132 11.4891
1077.5 156 12.49
1078.5 152 12.3288
1079.5 148 12.1655
1080.5 139 11.7898
1081.5 151 12.2882
1082.5 155 12.4499
1083.5 135 11.619
1084.5 150 12.2474
1085.5 130 11.4018
1086.5 145 12.0416
1087.5 149 12.2066
1088.5 143 11.9583
1089.5 137 11.7047
1090.5 163 12.7671
1091.5 140 11.8322
1092.5 158 12.5698
1093.5 147 12.1244
1094.5 133 11.5326
1095.5 136 11.6619
1096.5 133 11.5326
1097.5 115 10.7238
1098.5 117 10.8167
1099.5 140 11.8322
1100.5 154 12.4097
1101.5 137 11.7047
1102.5 134 11.5758
1103.5 137 11.7047
1104.5 146 12.083
1105.5 138 11.7473
1106.5 134 11.5758
1107.5 146 12.083
1108.5 145 12.0416
1109.5 136 11.6619
1110.5 144 12
1111.5 122 11.0454
1112.5 116 10.7703
1113.5 135 11.619
1114.5 157 12.53
1115.5 123 11.0905
1116.5 135 11.619
1117.5 138 11.7473
1118.5 128 11.3137
1119.5 127 11.2694
1120.5 131 11.4455
1121.5 129 11.3578
1122.5 147 12.1244
1123.5 112 10.583
1124.5 133 11.5326
1125.5 131 11.4455
1126.5 128 11.3137
1127.5 138 11.7473
1128.5 132 11.4891
1129.5 109 10.4403
1130.5 122 11.0454
1131.5 119 10.9087
1132.5 142 11.9164
1133.5 136 11.6619
1134.5 118 10.8628
1135.5 117 10.8167
1136.5 110 10.4881
1137.5 145 12.0416
1138.5 124 11.1355
1139.5 117 10.8167
1140.5 125 11.1803
1141.5 130 11.4018
1142.5 115 10.7238
1143.5 111 10.5357
1144.5 109 10.4403
1145.5 126 11.225
1146.5 121 11
1147.5 108 10.3923
1148.5 132 11.4891
1149.5 118 10.8628
1150.5 118 10.8628
1151.5 131 11.4455
1152.5 127 11.2694
1153.5 107 10.3441
1154.5 116 10.7703
1155.5 107 10.3441
1156.5 111 10.5357
1157.5 110 10.4881
1158.5 125 11.1803
1159.5 117 10.8167
1160.5 133 11.5326
1161.5 122 11.0454
1162.5 131 11.4455
1163.5 110 10.4881
1164.5 138 11.7473
1165.5 112 10.583
1166.5 130 11.4018
1167.5 122 11.0454
1168.5 112 10.583
1169.5 124 11.1355
1170.5 120 10.9545
1171.5 124 11.1355
1172.5 128 11.3137
1173.5 135 11.619
1174.5 132 11.4891
1175.5 116 10.7703
1176.5 106 10.2956
1177.5 126 11.225
1178.5 108 10.3923
1179.5 119 10.9087
1180.5 101 10.0499
1181.5 130 11.4018
1182.5 126 11.225
1183.5 128 11.3137
1184.5 126 11.225
1185.5 120 10.9545
1186.5 118 10.8628
1187.5 108 10.3923
1188.5 116 10.7703
1189.5 113 10.6301
1190.5 128 11.3137
1191.5 130 11.4018
1192.5 109 10.4403
1193.5 115 10.7238
1194.5 109 10.4403
1195.5 111 10.5357
1196.5 125 11.1803
1197.5 108 10.3923
1198.5 109 10.4403
1199.5 98 9.89949
1200.5 126 11.225
1201.5 128 11.3137
1202.5 141 11.8743
1203.5 107 10.3441
1204.5 109 10.4403
1205.5 111 10.5357
1206.5 129 11.3578
1207.5 130 11.4018
1208.5 122 11.0454
1209.5 112 10.583
1210.5 114 10.6771
1211.5 124 11.1355
1212.5 120 10.9545
1213.5 118 10.8628
1214.5 115 10.7238
1215.5 124 11.1355
1216.5 112 10.583
1217.5 110 10.4881
1218.5 112 10.583
1219.5 116 10.7703
1220.5 107 10.3441
1221.5 123 11.0905
1222.5 116 10.7703
1223.5 119 10.9087
1224.5 125 11.1803
1225.5 123 11.0905
1226.5 125 11.1803
1227.5 104 10.198
1228.5 113 10.6301
1229.5 117 10.8167
1230.5 123 11.0905
1231.5 119 10.9087
1232.5 115 10.7238
1233.5 112 10.583
1234.5 133 11.5326
1235.5 117 10.8167
1236.5 114 10.6771
1237.5 106 10.2956
1238.5 97 9.84886
1239.5 108 10.3923
1240.5 105 10.247
1241.5 101 10.0499
1242.5 103 10.1489
1243.5 110 10.4881
1244.5 97 9.84886
1245.5 129 11.3578
1246.5 114 10.6771
1247.5 107 10.3441
1248.5 116 10.7703
1249.5 116 10.7703
1250.5 93 9.64365
1251.5 114 10.6771
1252.5 120 10.9545
1253.5 125 11.1803
1254.5 112 10.583
1255.5 109 10.4403
1256.5 97 9.84886
1257.5 122 11.0454
1258.5 107 10.3441
1259.5 120 10.9545
1260.5 104 10.198
1261.5 103 10.1489
1262.5 92 9.59166
1263.5 111 10.5357
1264.5 103 10.1489
1265.5 118 10.8628
1266.5 103 10.1489
1267.5 115 10.7238
1268.5 117 10.8167
1269.5 99 9.94987
1270.5 106 10.2956
1271.5 106 10.2956
1272.5 103 10.1489
1273.5 103 10.1489
1274.5 116 10.7703
1275.5 89 9.43398
1276.5 116 10.7703
1277.5 107 10.3441
1278.5 100 10
1279.5 112 10.583
1280.5 100 10
1281.5 125 11.1803
1282.5 108 10.3923
1283.5 128 11.3137
1284.5 118 10.8628
1285.5 105 10.247
1286.5 122 11.0454
1287.5 109 10.4403
1288.5 103 10.1489
1289.5 112 10.583
1290.5 100 10
1291.5 102 10.0995
1292.5 100 10
1293.5 109 10.4403
1294.5 116 10.7703
1295.5 132 11.4891
1296.5 116 10.7703
1297.5 107 10.3441
1298.5 126 11.225
1299.5 89 9.43398
1300.5 108 10.3923
1301.5 95 9.74679
1302.5 95 9.74679
1303.5 98 9.89949
1304.5 104 10.198
1305.5 117 10.8167
1306.5 99 9.94987
1307.5 113 10.6301
1308.5 119 10.9087
1309.5 112 10.583
1310.5 107 10.3441
1311.5 111 10.5357
1312.5 111 10.5357
1313.5 121 11
1314.5 111 10.5357
1315.5 119 10.9087
1316.5 97 9.84886
1317.5 101 10.0499
1318.5 105 10.247
1319.5 107 10.3441
1320.5 96 9.79796
1321.5 113 10.6301
1322.5 107 10.3441
1323.5 89 9.43398
1324.5 110 10.4881
1325.5 100 10
1326.5 85 9.21954
1327.5 96 9.79796
1328.5 90 9.48683
1329.5 88 9.38083
1330.5 92 9.59166
1331.5 95 9.74679
1332.5 88 9.38083
1333.5 107 10.3441
1334.5 90 9.48683
1335.5 114 10.6771
1336.5 75 8.66025
1337.5 82 9.05539
1338.5 86 9.27362
1339.5 114 10.6771
1340.5 88 9.38083
1341.5 80 8.94427
1342.5 87 9.32738
1343.5 117 10.8167
1344.5 101 10.0499
1345.5 97 9.84886
1346.5 112 10.583
1347.5 88 9.38083
1348.5 83 9.11043
1349.5 91 9.53939
1350.5 93 9.64365
1351.5 102 10.0995
1352.5 101 10.0499
1353.5 110 10.4881
1354.5 100 10
1355.5 98 9.89949
1356.5 103 10.1489
1357.5 93 9.64365
1358.5 122 11.0454
1359.5 91 9.53939
1360.5 119 10.9087
1361.5 90 9.48683
1362.5 107 10.3441
1363.5 93 9.64365
1364.5 98 9.89949
1365.5 84 9.16515
1366.5 89 9.43398
1367.5 111 10.5357
1368.5 107 10.3441
1369.5 90 9.48683
1370.5 111 10.5357
1371.5 106 10.2956
1372.5 96 9.79796
1373.5 87 9.32738
1374.5 83 9.11043
1375.5 101 10.0499
1376.5 80 8.94427
1377.5 96 9.79796
1378.5 90 9.48683
1379.5 102 10.0995
1380.5 87 9.32738
1381.5 84 9.16515
1382.5 83 9.11043
1383.5 92 9.59166
1384.5 93 9.64365
1385.5 95 9.74679
1386.5 91 9.53939
1387.5 96 9.79796
1388.5 84 9.16515
1389.5 91 9.53939
1390.5 104 10.198
1391.5 99 9.94987
1392.5 111 10.5357
1393.5 98 9.89949
1394.5 73 8.544
1395.5 108 10.3923
1396.5 101 10.0499
1397.5 82 9.05539
1398.5 88 9.38083
1399.5 83 9.11043
1400.5 96 9.79796
1401.5 105 10.247
1402.5 77 8.77496
1403.5 87 9.32738
1404.5 98 9.89949
1405.5 97 9.84886
1406.5 97 9.84886
1407.5 95 9.74679
1408.5 85 9.21954
1409.5 106 10.2956
1410.5 86 9.27362
1411.5 82 9.05539
1412.5 90 9.48683
1413.5 80 8.94427
1414.5 90 9.48683
1415.5 95 9.74679
1416.5 122 11.0454
1417.5 112 10.583
1418.5 105 10.247
1419.5 89 9.43398
1420.5 82 9.05539
1421.5 69 8.30662
1422.5 102 10.0995
1423.5 85 9.21954
1424.5 103 10.1489
1425.5 101 10.0499
1426.5 87 9.32738
1427.5 88 9.38083
1428.5 98 9.89949
1429.5 86 9.27362
1430.5 89 9.43398
1431.5 89 9.43398
1432.5 81 9
1433.5 85 9.21954
1434.5 89 9.43398
1435.5 101 10.0499
1436.5 71 8.42615
1437.5 82 9.05539
1438.5 86 9.27362
1439.5 79 8.88819
1440.5 94 9.69536
1441.5 88 9.38083
1442.5 88 9.38083
1443.5 87 9.32738
1444.5 83 9.11043
1445.5 80 8.94427
1446.5 96 9.79796
1447.5 89 9.43398
1448.5 82 9.05539
1449.5 72 8.48528
1450.5 92 9.59166
1451.5 101 10.0499
1452.5 86 9.27362
1453.5 86 9.27362
1454.5 65 8.06226
1455.5 87 9.32738
1456.5 96 9.79796
1457.5 118 10.8628
1458.5 82 9.05539
1459.5 78 8.83176
1460.5 76 8.7178
1461.5 92 9.59166
1462.5 87 9.32738
1463.5 88 9.38083
1464.5 101 10.0499
1465.5 81 9
1466.5 92 9.59166
1467.5 94 9.69536
1468.5 91 9.53939
1469.5 82 9.05539
1470.5 89 9.43398
1471.5 75 8.66025
1472.5 81 9
1473.5 95 9.74679
1474.5 74 8.60233
1475.5 97 9.84886
1476.5 91 9.53939
1477.5 86 9.27362
1478.5 91 9.53939
1479.5 74 8.60233
1480.5 83 9.11043
1481.5 102 10.0995
1482.5 92 9.59166
1483.5 91 9.53939
1484.5 87 9.32738
1485.5 89 9.43398
1486.5 70 8.3666
1487.5 70 8.3666
1488.5 86 9.27362
1489.5 96 9.79796
1490.5 84 9.16515
1491.5 98 9.89949
1492.5 74 8.60233
1493.5 75 8.66025
1494.5 79 8.88819
1495.5 94 9.69536
1496.5 90 9.48683
1497.5 89 9.43398
1498.5 80 8.94427
1499.5 70 8.3666
1500.5 79 8.88819
1501.5 90 9.48683
1502.5 85 9.21954
1503.5 74 8.60233
1504.5 95 9.74679
1505.5 85 9.21954
1506.5 84 9.16515
1507.5 78 8.83176
1508.5 82 9.05539
1509.5 86 9.27362
1510.5 83 9.11043
1511.5 92 9.59166
1512.5 70 8.3666
1513.5 69 8.30662
1514.5 82 9.05539
1515.5 67 8.18535
1516.5 86 9.27362
1517.5 71 8.42615
1518.5 82 9.05539
1519.5 78 8.83176
1520.5 92 9.59166
1521.5 91 9.53939
1522.5 83 9.11043
1523.5 79 8.88819
1524.5 64 8
1525.5 78 8.83176
1526.5 70 8.3666
1527.5 71 8.42615
1528.5 94 9.69536
1529.5 72 8.48528
1530.5 78 8.83176
1531.5 80 8.94427
1532.5 69 8.30662
1533.5 81 9
1534.5 90 9.48683
1535.5 69 8.30662
1536.5 80 8.94427
1537.5 100 10
1538.5 70 8.3666
1539.5 81 9
1540.5 82 9.05539
1541.5 69 8.30662
1542.5 84 9.16515
1543.5 86 9.27362
1544.5 67 8.18535
1545.5 71 8.42615
1546.5 88 9.38083
1547.5 88 9.38083
1548.5 83 9.11043
1549.5 79 8.88819
1550.5 89 9.43398
1551.5 85 9.21954
1552.5 90 9.48683
1553.5 80 8.94427
1554.5 71 8.42615
1555.5 82 9.05539
1556.5 78 8.83176
1557.5 79 8.88819
1558.5 91 9.53939
1559.5 89 9.43398
1560.5 93 9.64365
1561.5 78 8.83176
1562.5 61 7.81025
1563.5 71 8.42615
1564.5 72 8.48528
1565.5 68 8.24621
1566.5 69 8.30662
1567.5 71 8.42615
1568.5 80 8.94427
1569.5 70 8.3666
1570.5 77 8.77496
1571.5 71 8.42615
1572.5 83 9.11043
1573.5 79 8.88819
1574.5 73 8.544
1575.5 88 9.38083
1576.5 73 8.544
1577.5 74 8.60233
1578.5 84 9.16515
1579.5 84 9.16515
1580.5 81 9
1581.5 79 8.88819
1582.5 87 9.32738
1583.5 78 8.83176
1584.5 66 8.12404
1585.5 77 8.77496
1586.5 76 8.7178
1587.5 82 9.05539
1588.5 87 9.32738
1589.5 67 8.18535
1590.5 61 7.81025
1591.5 69 8.30662
1592.5 88 9.38083
1593.5 91 9.53939
1594.5 90 9.48683
1595.5 84 9.16515
1596.5 82 9.05539
1597.5 90 9.48683
1598.5 82 9.05539
1599.5 82 9.05539
1600.5 90 9.48683
1601.5 96 9.79796
1602.5 81 9
1603.5 84 9.16515
1604.5 57 7.54983
1605.5 66 8.12404
1606.5 93 9.64365
1607.5 85 9.21954
1608.5 79 8.88819
1609.5 80 8.94427
1610.5 82 9.05539
1611.5 93 9.64365
1612.5 89 9.43398
1613.5 58 7.61577
1614.5 73 8.544
1615.5 73 8.544
1616.5 73 8.544
1617.5 70 8.3666
1618.5 72 8.48528
1619.5 79 8.88819
1620.5 83 9.11043
1621.5 76 8.7178
1622.5 82 9.05539
1623.5 60 7.74597
1624.5 73 8.544
1625.5 75 8.66025
1626.5 92 9.59166
1627.5 61 7.81025
1628.5 82 9.05539
1629.5 80 8.94427
1630.5 84 9.16515
1631.5 72 8.48528
1632.5 67 8.18535
1633.5 87 9.32738
1634.5 72 8.48528
1635.5 65 8.06226
1636.5 70 8.3666
1637.5 80 8.94427
1638.5 62 7.87401
1639.5 64 8
1640.5 84 9.16515
1641.5 68 8.24621
1642.5 80 8.94427
1643.5 102 10.0995
1644.5 56 7.48331
1645.5 65 8.06226
1646.5 72 8.48528
1647.5 87 9.32738
1648.5 81 9
1649.5 94 9.69536
1650.5 72 8.48528
1651.5 64 8
1652.5 64 8
1653.5 72 8.48528
1654.5 62 7.87401
1655.5 65 8.06226
1656.5 78 8.83176
1657.5 83 9.11043
1658.5 67 8.18535
1659.5 69 8.30662
1660.5 79 8.88819
1661.5 68 8.24621
1662.5 65 8.06226
1663.5 94 9.69536
1664.5 70 8.3666
1665.5 69 8.30662
1666.5 66 8.12404
1667.5 75 8.66025
1668.5 58 7.61577
1669.5 73 8.544
1670.5 66 8.12404
1671.5 66 8.12404
1672.5 63 7.93725
1673.5 72 8.48528
1674.5 74 8.60233
1675.5 86 9.27362
1676.5 77 8.77496
1677.5 91 9.53939
1678.5 53 7.28011
1679.5 64 8
1680.5 74 8.60233
1681.5 73 8.544
1682.5 80 8.94427
1683.5 62 7.87401
1684.5 84 9.16515
1685.5 79 8.88819
1686.5 93 9.64365
1687.5 64 8
1688.5 67 8.18535
1689.5 65 8.06226
1690.5 70 8.3666
1691.5 69 8.30662
1692.5 65 8.06226
1693.5 63 7.93725
1694.5 74 8.60233
1695.5 55 7.4162
1696.5 58 7.61577
1697.5 78 8.83176
1698.5 85 9.21954
1699.5 63 7.93725
1700.5 61 7.81025
1701.5 65 8.06226
1702.5 88 9.38083
1703.5 71 8.42615
1704.5 71 8.42615
1705.5 70 8.3666
1706.5 66 8.12404
1707.5 71 8.42615
1708.5 62 7.87401
1709.5 92 9.59166
1710.5 76 8.7178
1711.5 63 7.93725
1712.5 72 8.48528
1713.5 64 8
1714.5 71 8.42615
1715.5 75 8.66025
1716.5 76 8.7178
1717.5 81 9
1718.5 74 8.60233
1719.5 60 7.74597
1720.5 64 8
1721.5 63 7.93725
1722.5 75 8.66025
1723.5 76 8.7178
1724.5 64 8
1725.5 75 8.66025
1726.5 81 9
1727.5 76 8.7178
1728.5 77 8.77496
1729.5 75 8.66025
1730.5 80 8.94427
1731.5 60 7.74597
1732.5 74 8.60233
1733.5 77 8.77496
1734.5 67 8.18535
1735.5 59 7.68115
1736.5 76 8.7178
1737.5 90 9.48683
1738.5 83 9.11043
1739.5 70 8.3666
1740.5 78 8.83176
1741.5 54 7.34847
1742.5 76 8.7178
1743.5 84 9.16515
1744.5 66 8.12404
1745.5 91 9.53939
1746.5 69 8.30662
1747.5 84 9.16515
1748.5 62 7.87401
1749.5 65 8.06226
1750.5 85 9.21954
1751.5 68 8.24621
1752.5 76 8.7178
1753.5 67 8.18535
1754.5 83 9.11043
1755.5 75 8.66025
1756.5 66 8.12404
1757.5 71 8.42615
1758.5 69 8.30662
1759.5 73 8.544
1760.5 64 8
1761.5 80 8.94427
1762.5 60 7.74597
1763.5 80 8.94427
1764.5 77 8.77496
1765.5 68 8.24621
1766.5 74 8.60233
1767.5 71 8.42615
1768.5 88 9.38083
1769.5 61 7.81025
1770.5 84 9.16515
1771.5 70 8.3666
1772.5 62 7.87401
1773.5 66 8.12404
1774.5 81 9
1775.5 86 9.27362
1776.5 81 9
1777.5 82 9.05539
1778.5 65 8.06226
1779.5 68 8.24621
1780.5 70 8.3666
1781.5 57 7.54983
1782.5 74 8.60233
1783.5 69 8.30662
1784.5 67 8.18535
1785.5 74 8.60233
1786.5 63 7.93725
1787.5 57 7.54983
1788.5 62 7.87401
1789.5 90 9.48683
1790.5 75 8.66025
1791.5 70 8.3666
1792.5 63 7.93725
1793.5 62 7.87401
1794.5 69 8.30662
1795.5 87 9.32738
1796.5 86 9.27362
1797.5 66 8.12404
1798.5 72 8.48528
1799.5 70 8.3666
1800.5 74 8.60233
1801.5 60 7.74597
1802.5 61 7.81025
1803.5 65 8.06226
1804.5 52 7.2111
1805.5 70 8.3666
1806.5 70 8.3666
1807.5 65 8.06226
1808.5 66 8.12404
1809.5 72 8.48528
1810.5 71 8.42615
1811.5 67 8.18535
1812.5 58 7.61577
1813.5 62 7.87401
1814.5 79 8.88819
1815.5 64 8
1816.5 68 8.24621
1817.5 55 7.4162
1818.5 77 8.77496
1819.5 74 8.60233
1820.5 66 8.12404
1821.5 85 9.21954
1822.5 74 8.60233
1823.5 64 8
1824.5 66 8.12404
1825.5 67 8.18535
1826.5 55 7.4162
1827.5 78 8.83176
1828.5 69 8.30662
1829.5 86 9.27362
1830.5 70 8.3666
1831.5 71 8.42615
1832.5 70 8.3666
1833.5 75 8.66025
1834.5 86 9.27362
1835.5 60 7.74597
1836.5 62 7.87401
1837.5 56 7.48331
1838.5 72 8.48528
1839.5 76 8.7178
1840.5 73 8.544
1841.5 61 7.81025
1842.5 76 8.7178
1843.5 65 8.06226
1844.5 78 8.83176
1845.5 55 7.4162
1846.5 74 8.60233
1847.5 74 8.60233
1848.5 66 8.12404
1849.5 62 7.87401
1850.5 94 9.69536
1851.5 65 8.06226
1852.5 73 8.544
1853.5 64 8
1854.5 59 7.68115
1855.5 78 8.83176
1856.5 73 8.544
1857.5 57 7.54983
1858.5 72 8.48528
1859.5 69 8.30662
1860.5 63 7.93725
1861.5 87 9.32738
1862.5 67 8.18535
1863.5 75 8.66025
1864.5 71 8.42615
1865.5 58 7.61577
1866.5 75 8.66025
1867.5 65 8.06226
1868.5 74 8.60233
1869.5 63 7.93725
1870.5 62 7.87401
1871.5 68 8.24621
1872.5 86 9.27362
1873.5 55 7.4162
1874.5 65 8.06226
1875.5 58 7.61577
1876.5 68 8.24621
1877.5 79 8.88819
1878.5 65 8.06226
1879.5 55 7.4162
1880.5 67 8.18535
1881.5 78 8.83176
1882.5 71 8.42615
1883.5 72 8.48528
1884.5 65 8.06226
1885.5 52 7.2111
1886.5 67 8.18535
1887.5 58 7.61577
1888.5 74 8.60233
1889.5 61 7.81025
1890.5 81 9
1891.5 78 8.83176
1892.5 75 8.66025
1893.5 63 7.93725
1894.5 68 8.24621
1895.5 69 8.30662
1896.5 64 8
1897.5 66 8.12404
1898.5 73 8.544
1899.5 79 8.88819
1900.5 79 8.88819
1901.5 65 8.06226
1902.5 83 9.11043
1903.5 75 8.66025
1904.5 79 8.88819
1905.5 92 9.59166
1906.5 59 7.68115
1907.5 85 9.21954
1908.5 65 8.06226
1909.5 77 8.77496
1910.5 85 9.21954
1911.5 75 8.66025
1912.5 75 8.66025
1913.5 76 8.7178
1914.5 68 8.24621
1915.5 73 8.544
1916.5 82 9.05539
1917.5 80 8.94427
1918.5 61 7.81025
1919.5 86 9.27362
1920.5 69 8.30662
1921.5 73 8.544
1922.5 75 8.66025
1923.5 76 8.7178
1924.5 65 8.06226
1925.5 69 8.30662
1926.5 59 7.68115
1927.5 65 8.06226
1928.5 77 8.77496
1929.5 75 8.66025
1930.5 70 8.3666
1931.5 71 8.42615
1932.5 75 8.66025
1933.5 68 8.24621
1934.5 80 8.94427
1935.5 62 7.87401
1936.5 82 9.05539
1937.5 81 9
1938.5 81 9
1939.5 71 8.42615
1940.5 77 8.77496
1941.5 62 7.87401
1942.5 57 7.54983
1943.5 66 8.12404
1944.5 59 7.68115
1945.5 55 7.4162
1946.5 60 7.74597
1947.5 65 8.06226
1948.5 79 8.88819
1949.5 76 8.7178
1950.5 71 8.42615
1951.5 75 8.66025
1952.5 57 7.54983
1953.5 74 8.60233
1954.5 59 7.68115
1955.5 64 8
1956.5 68 8.24621
1957.5 85 9.21954
1958.5 74 8.60233
1959.5 74 8.60233
1960.5 79 8.88819
1961.5 72 8.48528
1962.5 70 8.3666
1963.5 77 8.77496
1964.5 63 7.93725
1965.5 71 8.42615
1966.5 72 8.48528
1967.5 79 8.88819
1968.5 62 7.87401
1969.5 72 8.48528
1970.5 68 8.24621
1971.5 72 8.48528
1972.5 62 7.87401
1973.5 56 7.48331
1974.5 72 8.48528
1975.5 59 7.68115
1976.5 48 6.9282
1977.5 83 9.11043
1978.5 65 8.06226
1979.5 58 7.61577
1980.5 64 8
1981.5 71 8.42615
1982.5 61 7.81025
1983.5 62 7.87401
1984.5 63 7.93725
1985.5 79 8.88819
1986.5 70 8.3666
1987.5 69 8.30662
1988.5 67 8.18535
1989.5 57 7.54983
1990.5 69 8.30662
1991.5 72 8.48528
1992.5 76 8.7178
1993.5 62 7.87401
1994.5 62 7.87401
1995.5 74 8.60233
1996.5 66 8.12404
1997.5 78 8.83176
1998.5 72 8.48528
1999.5 76 8.7178
2000.5 60 7.74597
2001.5 64 8
2002.5 68 8.24621
2003.5 70 8.3666
2004.5 72 8.48528
2005.5 63 7.93725
2006.5 66 8.12404
2007.5 84 9.16515
2008.5 71 8.42615
2009.5 66 8.12404
2010.5 60 7.74597
2011.5 67 8.18535
2012.5 71 8.42615
2013.5 71 8.42615
2014.5 71 8.42615
2015.5 69 8.30662
2016.5 64 8
2017.5 55 7.4162
2018.5 69 8.30662
2019.5 67 8.18535
2020.5 66 8.12404
2021.5 63 7.93725
2022.5 76 8.7178
2023.5 68 8.24621
2024.5 58 7.61577
2025.5 79 8.88819
2026.5 70 8.3666
2027.5 85 9.21954
2028.5 67 8.18535
2029.5 71 8.42615
2030.5 73 8.544
2031.5 70 8.3666
2032.5 68 8.24621
2033.5 70 8.3666
2034.5 66 8.12404
2035.5 77 8.77496
2036.5 79 8.88819
2037.5 58 7.61577
2038.5 76 8.7178
2039.5 62 7.87401
2040.5 80 8.94427
2041.5 52 7.2111
2042.5 66 8.12404
2043.5 68 8.24621
2044.5 72 8.48528
2045.5 68 8.24621
2046.5 68 8.24621
2047.5 58 7.61577
2048.5 70 8.3666
2049.5 74 8.60233
2050.5 65 8.06226
2051.5 73 8.544
2052.5 69 8.30662
2053.5 73 8.544
2054.5 70 8.3666
2055.5 60 7.74597
2056.5 76 8.7178
2057.5 66 8.12404
2058.5 50 7.07107
2059.5 60 7.74597
2060.5 73 8.544
2061.5 71 8.42615
2062.5 67 8.18535
2063.5 73 8.544
2064.5 60 7.74597
2065.5 80 8.94427
2066.5 56 7.48331
2067.5 84 9.16515
2068.5 66 8.12404
2069.5 78 8.83176
2070.5 66 8.12404
2071.5 51 7.14143
2072.5 60 7.74597
2073.5 62 7.87401
2074.5 67 8.18535
2075.5 71 8.42615
2076.5 64 8
2077.5 73 8.544
2078.5 78 8.83176
2079.5 75 8.66025
2080.5 71 8.42615
2081.5 71 8.42615
2082.5 66 8.12404
2083.5 68 8.24621
2084.5 55 7.4162
2085.5 77 8.77496
2086.5 77 8.77496
2087.5 61 7.81025
2088.5 72 8.48528
2089.5 70 8.3666
2090.5 68 8.24621
2091.5 77 8.77496
2092.5 61 7.81025
2093.5 60 7.74597
2094.5 70 8.3666
2095.5 59 7.68115
2096.5 82 9.05539
2097.5 64 8
2098.5 61 7.81025
2099.5 74 8.60233
2100.5 77 8.77496
2101.5 58 7.61577
2102.5 69 8.30662
2103.5 79 8.88819
2104.5 76 8.7178
2105.5 64 8
2106.5 78 8.83176
2107.5 57 7.54983
2108.5 79 8.88819
2109.5 71 8.42615
2110.5 78 8.83176
2111.5 70 8.3666
2112.5 73 8.544
2113.5 73 8.544
2114.5 63 7.93725
2115.5 67 8.18535
2116.5 76 8.7178
2117.5 51 7.14143
2118.5 76 8.7178
2119.5 66 8.12404
2120.5 73 8.544
2121.5 74 8.60233
2122.5 62 7.87401
2123.5 70 8.3666
2124.5 56 7.48331
2125.5 59 7.68115
2126.5 75 8.66025
2127.5 58 7.61577
2128.5 57 7.54983
2129.5 57 7.54983
2130.5 55 7.4162
2131.5 60 7.74597
2132.5 62 7.87401
2133.5 55 7.4162
2134.5 54 7.34847
2135.5 66 8.12404
2136.5 68 8.24621
2137.5 65 8.06226
2138.5 71 8.42615
2139.5 56 7.48331
2140.5 62 7.87401
2141.5 70 8.3666
2142.5 59 7.68115
2143.5 60 7.74597
2144.5 55 7.4162
2145.5 72 8.48528
2146.5 51 7.14143
2147.5 62 7.87401
2148.5 65 8.06226
2149.5 68 8.24621
2150.5 62 7.87401
2151.5 66 8.12404
2152.5 70 8.3666
2153.5 72 8.48528
2154.5 65 8.06226
2155.5 64 8
2156.5 62 7.87401
2157.5 73 8.544
2158.5 71 8.42615
2159.5 60 7.74597
2160.5 56 7.48331
2161.5 60 7.74597
2162.5 62 7.87401
2163.5 66 8.12404
2164.5 73 8.544
2165.5 69 8.30662
2166.5 67 8.18535
2167.5 74 8.60233
2168.5 67 8.18535
2169.5 55 7.4162
2170.5 79 8.88819
2171.5 56 7.48331
2172.5 63 7.93725
2173.5 80 8.94427
2174.5 69 8.30662
2175.5 59 7.68115
2176.5 71 8.42615
2177.5 49 7
2178.5 62 7.87401
2179.5 62 7.87401
2180.5 54 7.34847
2181.5 65 8.06226
2182.5 62 7.87401
2183.5 66 8.12404
2184.5 66 8.12404
2185.5 69 8.30662
2186.5 50 7.07107
2187.5 55 7.4162
2188.5 61 7.81025
2189.5 65 8.06226
2190.5 67 8.18535
2191.5 66 8.12404
2192.5 52 7.2111
2193.5 59 7.68115
2194.5 57 7.54983
2195.5 64 8
2196.5 56 7.48331
2197.5 69 8.30662
2198.5 63 7.93725
2199.5 63 7.93725
2200.5 71 8.42615
2201.5 65 8.06226
2202.5 58 7.61577
2203.5 57 7.54983
2204.5 59 7.68115
2205.5 55 7.4162
2206.5 67 8.18535
2207.5 67 8.18535
2208.5 47 6.85565
2209.5 61 7.81025
2210.5 55 7.4162
2211.5 67 8.18535
2212.5 66 8.12404
2213.5 56 7.48331
2214.5 63 7.93725
2215.5 57 7.54983
2216.5 52 7.2111
2217.5 54 7.34847
2218.5 40 6.32456
2219.5 55 7.4162
2220.5 57 7.54983
2221.5 48 6.9282
2222.5 62 7.87401
2223.5 57 7.54983
2224.5 54 7.34847
2225.5 51 7.14143
2226.5 51 7.14143
2227.5 48 6.9282
2228.5 49 7
2229.5 43 6.55744
2230.5 39 6.245
2231.5 60 7.74597
2232.5 46 6.78233
2233.5 55 7.4162
2234.5 46 6.78233
2235.5 47 6.85565
2236.5 62 7.87401
2237.5 51 7.14143
2238.5 57 7.54983
2239.5 39 6.245
2240.5 53 7.28011
2241.5 51 7.14143
2242.5 49 7
2243.5 67 8.18535
2244.5 54 7.34847
2245.5 56 7.48331
2246.5 47 6.85565
2247.5 48 6.9282
2248.5 50 7.07107
2249.5 50 7.07107
2250.5 49 7
2251.5 47 6.85565
2252.5 52 7.2111
2253.5 54 7.34847
2254.5 47 6.85565
2255.5 50 7.07107
2256.5 46 6.78233
2257.5 46 6.78233
2258.5 52 7.2111
2259.5 33 5.74456
2260.5 47 6.85565
2261.5 53 7.28011
2262.5 45 6.7082
2263.5 62 7.87401
2264.5 50 7.07107
2265.5 42 6.48074
2266.5 36 6
2267.5 43 6.55744
2268.5 48 6.9282
2269.5 46 6.78233
2270.5 49 7
2271.5 44 6.63325
2272.5 44 6.63325
2273.5 55 7.4162
2274.5 48 6.9282
2275.5 45 6.7082
2276.5 42 6.48074
2277.5 38 6.16441
2278.5 47 6.85565
2279.5 51 7.14143
2280.5 39 6.245
2281.5 47 6.85565
2282.5 33 5.74456
2283.5 44 6.63325
2284.5 62 7.87401
2285.5 46 6.78233
2286.5 43 6.55744
2287.5 47 6.85565
2288.5 53 7.28011
2289.5 51 7.14143
2290.5 57 7.54983
2291.5 34 5.83095
2292.5 53 7.28011
2293.5 41 6.40312
2294.5 48 6.9282
2295.5 35 5.91608
2296.5 53 7.28011
2297.5 51 7.14143
2298.5 55 7.4162
2299.5 63 7.93725
2300.5 48 6.9282
2301.5 63 7.93725
2302.5 41 6.40312
2303.5 35 5.91608
2304.5 34 5.83095
2305.5 38 6.16441
2306.5 45 6.7082
2307.5 38 6.16441
2308.5 51 7.14143
2309.5 43 6.55744
2310.5 47 6.85565
2311.5 43 6.55744
2312.5 41 6.40312
2313.5 47 6.85565
2314.5 39 6.245
2315.5 56 7.48331
2316.5 49 7
2317.5 51 7.14143
2318.5 50 7.07107
2319.5 33 5.74456
2320.5 45 6.7082
2321.5 42 6.48074
2322.5 34 5.83095
2323.5 46 6.78233
2324.5 38 6.16441
2325.5 51 7.14143
2326.5 48 6.9282
2327.5 50 7.07107
2328.5 57 7.54983
2329.5 43 6.55744
2330.5 48 6.9282
2331.5 52 7.2111
2332.5 48 6.9282
2333.5 24 4.89898
2334.5 37 6.08276
2335.5 49 7
2336.5 51 7.14143
2337.5 35 5.91608
2338.5 52 7.2111
2339.5 50 7.07107
2340.5 52 7.2111
2341.5 42 6.48074
2342.5 54 7.34847
2343.5 47 6.85565
2344.5 49 7
2345.5 55 7.4162
2346.5 38 6.16441
2347.5 45 6.7082
2348.5 42 6.48074
2349.5 43 6.55744
2350.5 60 7.74597
2351.5 49 7
2352.5 44 6.63325
2353.5 53 7.28011
2354.5 34 5.83095
2355.5 49 7
2356.5 37 6.08276
2357.5 49 7
2358.5 46 6.78233
2359.5 46 6.78233
2360.5 47 6.85565
2361.5 45 6.7082
2362.5 58 7.61577
2363.5 29 5.38516
2364.5 34 5.83095
2365.5 60 7.74597
2366.5 44 6.63325
2367.5 39 6.245
2368.5 40 6.32456
2369.5 42 6.48074
2370.5 44 6.63325
2371.5 36 6
2372.5 35 5.91608
2373.5 34 5.83095
2374.5 40 6.32456
2375.5 38 6.16441
2376.5 45 6.7082
2377.5 40 6.32456
2378.5 33 5.74456
2379.5 45 6.7082
2380.5 43 6.55744
2381.5 48 6.9282
2382.5 49 7
2383.5 41 6.40312
2384.5 52 7.2111
2385.5 30 5.47723
2386.5 36 6
2387.5 37 6.08276
2388.5 38 6.16441
2389.5 37 6.08276
2390.5 53 7.28011
2391.5 38 6.16441
2392.5 46 6.78233
2393.5 48 6.9282
2394.5 50 7.07107
2395.5 37 6.08276
2396.5 45 6.7082
2397.5 36 6
2398.5 35 5.91608
2399.5 44 6.63325
2400.5 39 6.245
2401.5 35 5.91608
2402.5 55 7.4162
2403.5 38 6.16441
2404.5 39 6.245
2405.5 39 6.245
2406.5 49 7
2407.5 47 6.85565
2408.5 34 5.83095
2409.5 51 7.14143
2410.5 49 7
2411.5 42 6.48074
2412.5 38 6.16441
2413.5 34 5.83095
2414.5 34 5.83095
2415.5 38 6.16441
2416.5 40 6.32456
2417.5 34 5.83095
2418.5 45 6.7082
2419.5 27 5.19615
2420.5 47 6.85565
2421.5 36 6
2422.5 31 5.56776
2423.5 45 6.7082
2424.5 36 6
2425.5 40 6.32456
2426.5 44 6.63325
2427.5 36 6
2428.5 38 6.16441
2429.5 41 6.40312
2430.5 38 6.16441
2431.5 32 5.65685
2432.5 52 7.2111
2433.5 33 5.74456
2434.5 37 6.08276
2435.5 43 6.55744
2436.5 41 6.40312
2437.5 40 6.32456
2438.5 41 6.40312
2439.5 37 6.08276
2440.5 28 5.2915
2441.5 36 6
2442.5 39 6.245
2443.5 32 5.65685
2444.5 30 5.47723
2445.5 42 6.48074
2446.5 46 6.78233
2447.5 31 5.56776
2448.5 41 6.40312
2449.5 47 6.85565
2450.5 41 6.40312
2451.5 37 6.08276
2452.5 37 6.08276
2453.5 42 6.48074
2454.5 35 5.91608
2455.5 30 5.47723
2456.5 44 6.63325
2457.5 32 5.65685
2458.5 38 6.16441
2459.5 56 7.48331
2460.5 43 6.55744
2461.5 30 5.47723
2462.5 39 6.245
2463.5 47 6.85565
2464.5 35 5.91608
2465.5 37 6.08276
2466.5 44 6.63325
2467.5 33 5.74456
2468.5 43 6.55744
2469.5 31 5.56776
2470.5 36 6
2471.5 31 5.56776
2472.5 38 6.16441
2473.5 38 6.16441
2474.5 42 6.48074
2475.5 29 5.38516
2476.5 36 6
2477.5 44 6.63325
2478.5 32 5.65685
2479.5 28 5.2915
2480.5 40 6.32456
2481.5 38 6.16441
2482.5 46 6.78233
2483.5 34 5.83095
2484.5 44 6.63325
2485.5 50 7.07107
2486.5 35 5.91608
2487.5 32 5.65685
2488.5 36 6
2489.5 38 6.16441
2490.5 43 6.55744
2491.5 34 5.83095
2492.5 42 6.48074
2493.5 40 6.32456
2494.5 37 6.08276
2495.5 46 6.78233
2496.5 33 5.74456
2497.5 37 6.08276
2498.5 28 5.2915
2499.5 45 6.7082
2500.5 46 6.78233
2501.5 36 6
2502.5 39 6.245
2503.5 32 5.65685
2504.5 25 5
2505.5 34 5.83095
2506.5 30 5.47723
2507.5 46 6.78233
2508.5 38 6.16441
2509.5 44 6.63325
2510.5 34 5.83095
2511.5 55 7.4162
2512.5 42 6.48074
2513.5 47 6.85565
2514.5 29 5.38516
2515.5 31 5.56776
2516.5 31 5.56776
2517.5 39 6.245
2518.5 37 6.08276
2519.5 48 6.9282
2520.5 38 6.16441
2521.5 31 5.56776
2522.5 23 4.79583
2523.5 29 5.38516
2524.5 37 6.08276
2525.5 38 6.16441
2526.5 39 6.245
2527.5 35 5.91608
2528.5 24 4.89898
2529.5 34 5.83095
2530.5 35 5.91608
2531.5 34 5.83095
2532.5 35 5.91608
2533.5 41 6.40312
2534.5 46 6.78233
2535.5 40 6.32456
2536.5 33 5.74456
2537.5 37 6.08276
2538.5 39 6.245
2539.5 26 5.09902
2540.5 40 6.32456
2541.5 24 4.89898
2542.5 31 5.56776
2543.5 34 5.83095
2544.5 37 6.08276
2545.5 25 5
2546.5 44 6.63325
2547.5 39 6.245
2548.5 31 5.56776
2549.5 34 5.83095
2550.5 39 6.245
2551.5 39 6.245
2552.5 40 6.32456
2553.5 30 5.47723
2554.5 32 5.65685
2555.5 29 5.38516
2556.5 44 6.63325
2557.5 42 6.48074
2558.5 25 5
2559.5 26 5.09902
2560.5 24 4.89898
2561.5 33 5.74456
2562.5 28 5.2915
2563.5 27 5.19615
2564.5 39 6.245
2565.5 22 4.69042
2566.5 29 5.38516
2567.5 35 5.91608
2568.5 33 5.74456
2569.5 32 5.65685
2570.5 34 5.83095
2571.5 37 6.08276
2572.5 38 6.16441
2573.5 24 4.89898
2574.5 34 5.83095
2575.5 28 5.2915
2576.5 28 5.2915
2577.5 34 5.83095
2578.5 33 5.74456
2579.5 21 4.58258
2580.5 32 5.65685
2581.5 30 5.47723
2582.5 31 5.56776
2583.5 31 5.56776
2584.5 33 5.74456
2585.5 33 5.74456
2586.5 48 6.9282
2587.5 25 5
2588.5 44 6.63325
2589.5 27 5.19615
2590.5 33 5.74456
2591.5 29 5.38516
2592.5 31 5.56776
2593.5 34 5.83095
2594.5 22 4.69042
2595.5 26 5.09902
2596.5 26 5.09902
2597.5 28 5.2915
2598.5 41 6.40312
2599.5 31 5.56776
2600.5 35 5.91608
2601.5 25 5
2602.5 29 5.38516
2603.5 32 5.65685
2604.5 27 5.19615
2605.5 36 6
2606.5 27 5.19615
2607.5 36 6
2608.5 30 5.47723
2609.5 29 5.38516
2610.5 33 5.74456
2611.5 33 5.74456
2612.5 28 5.2915
2613.5 36 6
2614.5 37 6.08276
2615.5 27 5.19615
2616.5 22 4.69042
2617.5 28 5.2915
2618.5 40 6.32456
2619.5 21 4.58258
2620.5 23 4.79583
2621.5 35 5.91608
2622.5 30 5.47723
2623.5 37 6.08276
2624.5 30 5.47723
2625.5 40 6.32456
2626.5 34 5.83095
2627.5 27 5.19615
2628.5 24 4.89898
2629.5 33 5.74456
2630.5 30 5.47723
2631.5 36 6
2632.5 24 4.89898
2633.5 34 5.83095
2634.5 25 5
2635.5 27 5.19615
2636.5 28 5.2915
2637.5 24 4.89898
2638.5 33 5.74456
2639.5 29 5.38516
2640.5 23 4.79583
2641.5 33 5.74456
2642.5 32 5.65685
2643.5 33 5.74456
2644.5 31 5.56776
2645.5 26 5.09902
2646.5 21 4.58258
2647.5 36 6
2648.5 26 5.09902
2649.5 20 4.47214
2650.5 28 5.2915
2651.5 16 4
2652.5 32 5.65685
2653.5 42 6.48074
2654.5 28 5.2915
2655.5 21 4.58258
2656.5 33 5.74456
2657.5 29 5.38516
2658.5 34 5.83095
2659.5 27 5.19615
2660.5 29 5.38516
2661.5 24 4.89898
2662.5 30 5.47723
2663.5 27 5.19615
2664.5 27 5.19615
2665.5 30 5.47723
2666.5 32 5.65685
2667.5 30 5.47723
2668.5 25 5
2669.5 35 5.91608
2670.5 22 4.69042
2671.5 34 5.83095
2672.5 23 4.79583
2673.5 21 4.58258
2674.5 36 6
2675.5 37 6.08276
2676.5 31 5.56776
2677.5 24 4.89898
2678.5 26 5.09902
2679.5 37 6.08276
2680.5 31 5.56776
2681.5 22 4.69042
2682.5 24 4.89898
2683.5 29 5.38516
2684.5 22 4.69042
2685.5 35 5.91608
2686.5 29 5.38516
2687.5 32 5.65685
2688.5 25 5
2689.5 22 4.69042
2690.5 30 5.47723
2691.5 22 4.69042
2692.5 30 5.47723
2693.5 24 4.89898
2694.5 30 5.47723
2695.5 27 5.19615
2696.5 28 5.2915
2697.5 28 5.2915
2698.5 26 5.09902
2699.5 26 5.09902
2700.5 36 6
2701.5 20 4.47214
2702.5 30 5.47723
2703.5 26 5.09902
2704.5 11 3.31662
2705.5 32 5.65685
2706.5 24 4.89898
2707.5 28 5.2915
2708.5 40 6.32456
2709.5 23 4.79583
2710.5 26 5.09902
2711.5 24 4.89898
2712.5 15 3.87298
2713.5 24 4.89898
2714.5 30 5.47723
2715.5 27 5.19615
2716.5 22 4.69042
2717.5 37 6.08276
2718.5 27 5.19615
2719.5 25 5
2720.5 22 4.69042
2721.5 33 5.74456
2722.5 32 5.65685
2723.5 17 4.12311
2724.5 26 5.09902
2725.5 25 5
2726.5 29 5.38516
2727.5 21 4.58258
2728.5 29 5.38516
2729.5 32 5.65685
2730.5 22 4.69042
2731.5 25 5
2732.5 21 4.58258
2733.5 27 5.19615
2734.5 27 5.19615
2735.5 22 4.69042
2736.5 25 5
2737.5 18 4.24264
2738.5 20 4.47214
2739.5 29 5.38516
2740.5 23 4.79583
2741.5 29 5.38516
2742.5 37 6.08276
2743.5 28 5.2915
2744.5 28 5.2915
2745.5 35 5.91608
2746.5 26 5.09902
2747.5 23 4.79583
2748.5 22 4.69042
2749.5 29 5.38516
2750.5 24 4.89898
2751.5 32 5.65685
2752.5 33 5.74456
2753.5 30 5.47723
2754.5 34 5.83095
2755.5 38 6.16441
2756.5 26 5.09902
2757.5 34 5.83095
2758.5 32 5.65685
2759.5 23 4.79583
2760.5 45 6.7082
2761.5 25 5
2762.5 48 6.9282
2763.5 47 6.85565
2764.5 59 7.68115
2765.5 46 6.78233
2766.5 48 6.9282
2767.5 48 6.9282
2768.5 68 8.24621
2769.5 66 8.12404
2770.5 54 7.34847
2771.5 59 7.68115
2772.5 72 8.48528
2773.5 72 8.48528
2774.5 52 7.2111
2775.5 53 7.28011
2776.5 54 7.34847
2777.5 54 7.34847
2778.5 55 7.4162
2779.5 43 6.55744
2780.5 51 7.14143
2781.5 49 7
2782.5 47 6.85565
2783.5 53 7.28011
2784.5 38 6.16441
2785.5 42 6.48074
2786.5 35 5.91608
2787.5 24 4.89898
2788.5 30 5.47723
2789.5 30 5.47723
2790.5 29 5.38516
2791.5 30 5.47723
2792.5 28 5.2915
2793.5 24 4.89898
2794.5 18 4.24264
2795.5 30 5.47723
2796.5 27 5.19615
2797.5 30 5.47723
2798.5 24 4.89898
2799.5 15 3.87298
2800.5 35 5.91608
2801.5 30 5.47723
2802.5 25 5
2803.5 20 4.47214
2804.5 35 5.91608
2805.5 23 4.79583
2806.5 22 4.69042
2807.5 23 4.79583
2808.5 35 5.91608
2809.5 30 5.47723
2810.5 17 4.12311
2811.5 30 5.47723
2812.5 34 5.83095
2813.5 19 4.3589
2814.5 27 5.19615
2815.5 27 5.19615
2816.5 20 4.47214
2817.5 23 4.79583
2818.5 21 4.58258
2819.5 16 4
2820.5 29 5.38516
2821.5 28 5.2915
2822.5 23 4.79583
2823.5 28 5.2915
2824.5 22 4.69042
2825.5 25 5
2826.5 24 4.89898
2827.5 14 3.74166
2828.5 28 5.2915
2829.5 23 4.79583
2830.5 34 5.83095
2831.5 21 4.58258
2832.5 14 3.74166
2833.5 18 4.24264
2834.5 21 4.58258
2835.5 30 5.47723
2836.5 22 4.69042
2837.5 20 4.47214
2838.5 25 5
2839.5 29 5.38516
2840.5 20 4.47214
2841.5 15 3.87298
2842.5 24 4.89898
2843.5 20 4.47214
2844.5 25 5
2845.5 28 5.2915
2846.5 27 5.19615
2847.5 26 5.09902
2848.5 24 4.89898
2849.5 25 5
2850.5 24 4.89898
2851.5 24 4.89898
2852.5 21 4.58258
2853.5 24 4.89898
2854.5 25 5
2855.5 20 4.47214
2856.5 17 4.12311
2857.5 23 4.79583
2858.5 18 4.24264
2859.5 20 4.47214
2860.5 33 5.74456
2861.5 18 4.24264
2862.5 24 4.89898
2863.5 20 4.47214
2864.5 14 3.74166
2865.5 22 4.69042
2866.5 24 4.89898
2867.5 35 5.91608
2868.5 16 4
2869.5 25 5
2870.5 24 4.89898
2871.5 30 5.47723
2872.5 13 3.60555
2873.5 24 4.89898
2874.5 41 6.40312
2875.5 18 4.24264
2876.5 18 4.24264
2877.5 21 4.58258
2878.5 20 4.47214
2879.5 23 4.79583
2880.5 18 4.24264
2881.5 17 4.12311
2882.5 24 4.89898
2883.5 27 5.19615
2884.5 16 4
2885.5 13 3.60555
2886.5 24 4.89898
2887.5 22 4.69042
2888.5 19 4.3589
2889.5 29 5.38516
2890.5 24 4.89898
2891.5 20 4.47214
2892.5 27 5.19615
2893.5 17 4.12311
2894.5 28 5.2915
2895.5 21 4.58258
2896.5 14 3.74166
2897.5 22 4.69042
2898.5 23 4.79583
2899.5 27 5.19615
2900.5 22 4.69042
2901.5 26 5.09902
2902.5 29 5.38516
2903.5 18 4.24264
2904.5 19 4.3589
2905.5 20 4.47214
2906.5 23 4.79583
2907.5 22 4.69042
2908.5 26 5.09902
2909.5 26 5.09902
2910.5 25 5
2911.5 25 5
2912.5 26 5.09902
2913.5 16 4
2914.5 21 4.58258
2915.5 22 4.69042
2916.5 18 4.24264
2917.5 25 5
2918.5 27 5.19615
2919.5 19 4.3589
2920.5 33 5.74456
2921.5 26 5.09902
2922.5 25 5
2923.5 22 4.69042
2924.5 22 4.69042
2925.5 27 5.19615
2926.5 21 4.58258
2927.5 20 4.47214
2928.5 24 4.89898
2929.5 21 4.58258
2930.5 16 4
2931.5 25 5
2932.5 28 5.2915
2933.5 20 4.47214
2934.5 22 4.69042
2935.5 27 5.19615
2936.5 18 4.24264
2937.5 27 5.19615
2938.5 18 4.24264
2939.5 17 4.12311
2940.5 18 4.24264
2941.5 21 4.58258
2942.5 28 5.2915
2943.5 17 4.12311
2944.5 22 4.69042
2945.5 20 4.47214
2946.5 17 4.12311
2947.5 25 5
2948.5 21 4.58258
2949.5 22 4.69042
2950.5 17 4.12311
2951.5 18 4.24264
2952.5 22 4.69042
2953.5 17 4.12311
2954.5 14 3.74166
2955.5 29 5.38516
2956.5 28 5.2915
2957.5 15 3.87298
2958.5 21 4.58258
2959.5 26 5.09902
2960.5 19 4.3589
2961.5 22 4.69042
2962.5 25 5
2963.5 26 5.09902
2964.5 14 3.74166
2965.5 13 3.60555
2966.5 16 4
2967.5 21 4.58258
2968.5 15 3.87298
2969.5 18 4.24264
2970.5 20 4.47214
2971.5 20 4.47214
2972.5 29 5.38516
2973.5 24 4.89898
2974.5 18 4.24264
2975.5 29 5.38516
2976.5 14 3.74166
2977.5 14 3.74166
2978.5 17 4.12311
2979.5 16 4
2980.5 22 4.69042
2981.5 20 4.47214
2982.5 11 3.31662
2983.5 25 5
2984.5 30 5.47723
2985.5 13 3.60555
2986.5 31 5.56776
2987.5 18 4.24264
2988.5 16 4
2989.5 19 4.3589
2990.5 31 5.56776
2991.5 18 4.24264
2992.5 16 4
2993.5 33 5.74456
2994.5 17 4.12311
2995.5 23 4.79583
2996.5 21 4.58258
2997.5 16 4
2998.5 22 4.69042
2999.5 20 4.47214
3000.5 24 4.89898
3001.5 14 3.74166
3002.5 14 3.74166
3003.5 10 3.16228
3004.5 13 3.60555
3005.5 17 4.12311
3006.5 24 4.89898
3007.5 27 5.19615
3008.5 24 4.89898
3009.5 17 4.12311
3010.5 16 4
3011.5 26 5.09902
3012.5 18 4.24264
3013.5 20 4.47214
3014.5 13 3.60555
3015.5 24 4.89898
3016.5 20 4.47214
3017.5 17 4.12311
3018.5 16 4
3019.5 14 3.74166
3020.5 16 4
3021.5 30 5.47723
3022.5 17 4.12311
3023.5 20 4.47214
3024.5 22 4.69042
3025.5 19 4.3589
3026.5 24 4.89898
3027.5 11 3.31662
3028.5 22 4.69042
3029.5 16 4
3030.5 17 4.12311
3031.5 16 4
3032.5 31 5.56776
3033.5 18 4.24264
3034.5 22 4.69042
3035.5 14 3.74166
3036.5 27 5.19615
3037.5 18 4.24264
3038.5 21 4.58258
3039.5 20 4.47214
3040.5 15 3.87298
3041.5 19 4.3589
3042.5 22 4.69042
3043.5 23 4.79583
3044.5 21 4.58258
3045.5 21 4.58258
3046.5 31 5.56776
3047.5 40 6.32456
3048.5 34 5.83095
3049.5 33 5.74456
3050.5 61 7.81025
3051.5 59 7.68115
3052.5 58 7.61577
3053.5 53 7.28011
3054.5 78 8.83176
3055.5 79 8.88819
3056.5 104 10.198
3057.5 103 10.1489
3058.5 103 10.1489
3059.5 123 11.0905
3060.5 147 12.1244
3061.5 164 12.8062
3062.5 172 13.1149
3063.5 172 13.1149
3064.5 155 12.4499
3065.5 186 13.6382
3066.5 180 13.4164
3067.5 171 13.0767
3068.5 136 11.6619
3069.5 149 12.2066
3070.5 111 10.5357
3071.5 107 10.3441
3072.5 90 9.48683
3073.5 90 9.48683
3074.5 84 9.16515
3075.5 51 7.14143
3076.5 43 6.55744
3077.5 42 6.48074
3078.5 36 6
3079.5 39 6.245
3080.5 29 5.38516
3081.5 20 4.47214
3082.5 21 4.58258
3083.5 18 4.24264
3084.5 21 4.58258
3085.5 30 5.47723
3086.5 12 3.4641
3087.5 12 3.4641
3088.5 20 4.47214
3089.5 18 4.24264
3090.5 21 4.58258
3091.5 23 4.79583
3092.5 15 3.87298
3093.5 9 3
3094.5 18 4.24264
3095.5 18 4.24264
3096.5 22 4.69042
3097.5 18 4.24264
3098.5 13 3.60555
3099.5 14 3.74166
3100.5 17 4.12311
3101.5 14 3.74166
3102.5 17 4.12311
3103.5 15 3.87298
3104.5 20 4.47214
3105.5 22 4.69042
3106.5 16 4
3107.5 23 4.79583
3108.5 10 3.16228
3109.5 18 4.24264
3110.5 25 5
3111.5 14 3.74166
3112.5 18 4.24264
3113.5 17 4.12311
3114.5 14 3.74166
3115.5 18 4.24264
3116.5 23 4.79583
3117.5 22 4.69042
3118.5 13 3.60555
3119.5 28 5.2915
3120.5 18 4.24264
3121.5 12 3.4641
3122.5 23 4.79583
3123.5 17 4.12311
3124.5 14 3.74166
3125.5 21 4.58258
3126.5 22 4.69042
3127.5 19 4.3589
3128.5 19 4.3589
3129.5 15 3.87298
3130.5 21 4.58258
3131.5 15 3.87298
3132.5 28 5.2915
3133.5 19 4.3589
3134.5 20 4.47214
3135.5 14 3.74166
3136.5 23 4.79583
3137.5 15 3.87298
3138.5 22 4.69042
3139.5 13 3.60555
3140.5 23 4.79583
3141.5 14 3.74166
3142.5 19 4.3589
3143.5 20 4.47214
3144.5 13 3.60555
3145.5 22 4.69042
3146.5 17 4.12311
3147.5 23 4.79583
3148.5 13 3.60555
3149.5 28 5.2915
3150.5 21 4.58258
3151.5 17 4.12311
3152.5 19 4.3589
3153.5 24 4.89898
3154.5 18 4.24264
3155.5 21 4.58258
3156.5 37 6.08276
3157.5 28 5.2915
3158.5 46 6.78233
3159.5 42 6.48074
3160.5 76 8.7178
3161.5 76 8.7178
3162.5 98 9.89949
3163.5 107 10.3441
3164.5 138 11.7473
3165.5 184 13.5647
3166.5 237 15.3948
3167.5 229 15.1327
3168.5 274 16.5529
3169.5 310 17.6068
3170.5 387 19.6723
3171.5 399 19.975
3172.5 532 23.0651
3173.5 570 23.8747
3174.5 661 25.7099
3175.5 693 26.3249
3176.5 787 28.0535
3177.5 814 28.5307
3178.5 872 29.5296
3179.5 922 30.3645
3180.5 958 30.9516
3181.5 873 29.5466
3182.5 873 29.5466
3183.5 775 27.8388
3184.5 721 26.8514
3185.5 608 24.6577
3186.5 596 24.4131
3187.5 457 21.3776
3188.5 377 19.4165
3189.5 293 17.1172
3190.5 243 15.5885
3191.5 203 14.2478
3192.5 157 12.53
3193.5 122 11.0454
3194.5 80 8.94427
3195.5 79 8.88819
3196.5 70 8.3666
3197.5 46 6.78233
3198.5 31 5.56776
3199.5 37 6.08276
3200.5 29 5.38516
3201.5 36 6
3202.5 21 4.58258
3203.5 25 5
3204.5 23 4.79583
3205.5 21 4.58258
3206.5 20 4.47214
3207.5 12 3.4641
3208.5 20 4.47214
3209.5 16 4
3210.5 16 4
3211.5 16 4
3212.5 14 3.74166
3213.5 15 3.87298
3214.5 13 3.60555
3215.5 10 3.16228
3216.5 14 3.74166
3217.5 19 4.3589
3218.5 19 4.3589
3219.5 11 3.31662
3220.5 12 3.4641
3221.5 20 4.47214
3222.5 17 4.12311
3223.5 13 3.60555
3224.5 11 3.31662
3225.5 12 3.4641
3226.5 27 5.19615
3227.5 14 3.74166
3228.5 12 3.4641
3229.5 12 3.4641
3230.5 12 3.4641
3231.5 9 3
3232.5 14 3.74166
3233.5 10 3.16228
3234.5 15 3.87298
3235.5 14 3.74166
3236.5 9 3
3237.5 12 3.4641
3238.5 16 4
3239.5 11 3.31662
3240.5 11 3.31662
3241.5 18 4.24264
3242.5 18 4.24264
3243.5 9 3
3244.5 13 3.60555
3245.5 10 3.16228
3246.5 9 3
3247.5 14 3.74166
3248.5 13 3.60555
3249.5 21 4.58258
3250.5 10 3.16228
3251.5 9 3
3252.5 11 3.31662
3253.5 9 3
3254.5 6 2.44949
3255.5 17 4.12311
3256.5 14 3.74166
3257.5 12 3.4641
3258.5 16 4
3259.5 12 3.4641
3260.5 8 2.82843
3261.5 15 3.87298
3262.5 13 3.60555
3263.5 18 4.24264
3264.5 15 3.87298
3265.5 10 3.16228
3266.5 10 3.16228
3267.5 14 3.74166
3268.5 16 4
3269.5 13 3.60555
3270.5 12 3.4641
3271.5 13 3.60555
3272.5 18 4.24264
3273.5 20 4.47214
3274.5 13 3.60555
3275.5 12 3.4641
3276.5 12 3.4641
3277.5 12 3.4641
3278.5 20 4.47214
3279.5 14 3.74166
3280.5 7 2.64575
3281.5 10 3.16228
3282.5 11 3.31662
3283.5 16 4
3284.5 16 4
3285.5 15 3.87298
3286.5 17 4.12311
3287.5 27 5.19615
3288.5 12 3.4641
3289.5 19 4.3589
3290.5 18 4.24264
3291.5 17 4.12311
3292.5 13 3.60555
3293.5 17 4.12311
3294.5 13 3.60555
3295.5 13 3.60555
3296.5 9 3
3297.5 22 4.69042
3298.5 23 4.79583
3299.5 23 4.79583
3300.5 27 5.19615
3301.5 17 4.12311
3302.5 22 4.69042
3303.5 21 4.58258
3304.5 26 5.09902
3305.5 34 5.83095
3306.5 23 4.79583
3307.5 24 4.89898
3308.5 20 4.47214
3309.5 23 4.79583
3310.5 30 5.47723
3311.5 18 4.24264
3312.5 17 4.12311
3313.5 18 4.24264
3314.5 14 3.74166
3315.5 25 5
3316.5 18 4.24264
3317.5 11 3.31662
3318.5 11 3.31662
3319.5 14 3.74166
3320.5 10 3.16228
3321.5 15 3.87298
3322.5 11 3.31662
3323.5 10 3.16228
3324.5 13 3.60555
3325.5 15 3.87298
3326.5 8 2.82843
3327.5 20 4.47214
3328.5 11 3.31662
3329.5 15 3.87298
3330.5 19 4.3589
3331.5 15 3.87298
3332.5 6 2.44949
3333.5 10 3.16228
3334.5 8 2.82843
3335.5 11 3.31662
3336.5 15 3.87298
3337.5 9 3
3338.5 16 4
3339.5 10 3.16228
3340.5 10 3.16228
3341.5 12 3.4641
3342.5 17 4.12311
3343.5 9 3
3344.5 14 3.74166
3345.5 17 4.12311
3346.5 12 3.4641
3347.5 18 4.24264
3348.5 7 2.64575
3349.5 10 3.16228
3350.5 14 3.74166
3351.5 11 3.31662
3352.5 11 3.31662
3353.5 13 3.60555
3354.5 11 3.31662
3355.5 9 3
3356.5 16 4
3357.5 18 4.24264
3358.5 13 3.60555
3359.5 7 2.64575
3360.5 5 2.23607
3361.5 16 4
3362.5 11 3.31662
3363.5 11 3.31662
3364.5 15 3.87298
3365.5 17 4.12311
3366.5 22 4.69042
3367.5 12 3.4641
3368.5 11 3.31662
3369.5 14 3.74166
3370.5 7 2.64575
3371.5 12 3.4641
3372.5 11 3.31662
3373.5 7 2.64575
3374.5 10 3.16228
3375.5 9 3
3376.5 10 3.16228
3377.5 21 4.58258
3378.5 16 4
3379.5 10 3.16228
3380.5 10 3.16228
3381.5 11 3.31662
3382.5 18 4.24264
3383.5 13 3.60555
3384.5 13 3.60555
3385.5 17 4.12311
3386.5 15 3.87298
3387.5 13 3.60555
3388.5 12 3.4641
3389.5 15 3.87298
3390.5 14 3.74166
3391.5 10 3.16228
3392.5 9 3
3393.5 8 2.82843
3394.5 8 2.82843
3395.5 13 3.60555
3396.5 19 4.3589
3397.5 10 3.16228
3398.5 11 3.31662
3399.5 14 3.74166
3400.5 11 3.31662
3401.5 10 3.16228
3402.5 13 3.60555
3403.5 10 3.16228
3404.5 11 3.31662
3405.5 13 3.60555
3406.5 6 2.44949
3407.5 17 4.12311
3408.5 13 3.60555
3409.5 8 2.82843
3410.5 17 4.12311
3411.5 13 3.60555
3412.5 12 3.4641
3413.5 13 3.60555
3414.5 9 3
3415.5 12 3.4641
3416.5 10 3.16228
3417.5 9 3
3418.5 15 3.87298
3419.5 9 3
3420.5 14 3.74166
3421.5 9 3
3422.5 11 3.31662
3423.5 9 3
3424.5 19 4.3589
3425.5 15 3.87298
3426.5 11 3.31662
3427.5 17 4.12311
3428.5 11 3.31662
3429.5 8 2.82843
3430.5 9 3
3431.5 12 3.4641
3432.5 11 3.31662
3433.5 15 3.87298
3434.5 11 3.31662
3435.5 11 3.31662
3436.5 7 2.64575
3437.5 14 3.74166
3438.5 13 3.60555
3439.5 10 3.16228
3440.5 15 3.87298
3441.5 12 3.4641
3442.5 9 3
3443.5 9 3
3444.5 14 3.74166
3445.5 13 3.60555
3446.5 12 3.4641
3447.5 11 3.31662
3448.5 5 2.23607
3449.5 14 3.74166
3450.5 8 2.82843
3451.5 13 3.60555
3452.5 9 3
3453.5 11 3.31662
3454.5 13 3.60555
3455.5 13 3.60555
3456.5 9 3
3457.5 15 3.87298
3458.5 19 4.3589
3459.5 10 3.16228
3460.5 11 3.31662
3461.5 11 3.31662
3462.5 8 2.82843
3463.5 15 3.87298
3464.5 14 3.74166
3465.5 12 3.4641
3466.5 14 3.74166
3467.5 22 4.69042
3468.5 8 2.82843
3469.5 7 2.64575
3470.5 12 3.4641
3471.5 17 4.12311
3472.5 17 4.12311
3473.5 18 4.24264
3474.5 11 3.31662
3475.5 15 3.87298
3476.5 16 4
3477.5 14 3.74166
3478.5 15 3.87298
3479.5 15 3.87298
3480.5 13 3.60555
3481.5 10 3.16228
3482.5 17 4.12311
3483.5 14 3.74166
3484.5 12 3.4641
3485.5 11 3.31662
3486.5 17 4.12311
3487.5 6 2.44949
3488.5 8 2.82843
3489.5 12 3.4641
3490.5 15 3.87298
3491.5 14 3.74166
3492.5 15 3.87298
3493.5 16 4
3494.5 9 3
3495.5 11 3.31662
3496.5 10 3.16228
3497.5 13 3.60555
3498.5 20 4.47214
3499.5 14 3.74166
3500.5 8 2.82843
3501.5 12 3.4641
3502.5 13 3.60555
3503.5 15 3.87298
3504.5 13 3.60555
3505.5 9 3
3506.5 11 3.31662
3507.5 13 3.60555
3508.5 10 3.16228
3509.5 10 3.16228
3510.5 14 3.74166
3511.5 7 2.64575
3512.5 12 3.4641
3513.5 7 2.64575
3514.5 13 3.60555
3515.5 16 4
3516.5 8 2.82843
3517.5 13 3.60555
3518.5 18 4.24264
3519.5 13 3.60555
3520.5 14 3.74166
3521.5 11 3.31662
3522.5 15 3.87298
3523.5 11 3.31662
3524.5 15 3.87298
3525.5 20 4.47214
3526.5 10 3.16228
3527.5 13 3.60555
3528.5 8 2.82843
3529.5 14 3.74166
3530.5 6 2.44949
3531.5 14 3.74166
3532.5 14 3.74166
3533.5 3 1.73205
3534.5 12 3.4641
3535.5 7 2.64575
3536.5 11 3.31662
3537.5 15 3.87298
3538.5 14 3.74166
3539.5 13 3.60555
3540.5 8 2.82843
3541.5 12 3.4641
3542.5 12 3.4641
3543.5 13 3.60555
3544.5 14 3.74166
3545.5 10 3.16228
3546.5 14 3.74166
3547.5 14 3.74166
3548.5 9 3
3549.5 10 3.16228
3550.5 17 4.12311
3551.5 5 2.23607
3552.5 12 3.4641
3553.5 17 4.12311
3554.5 9 3
3555.5 6 2.44949
3556.5 12 3.4641
3557.5 13 3.60555
3558.5 8 2.82843
3559.5 13 3.60555
3560.5 4 2
3561.5 15 3.87298
3562.5 16 4
3563.5 16 4
3564.5 13 3.60555
3565.5 11 3.31662
3566.5 3 1.73205
3567.5 10 3.16228
3568.5 13 3.60555
3569.5 5 2.23607
3570.5 12 3.4641
3571.5 11 3.31662
3572.5 13 3.60555
3573.5 14 3.74166
3574.5 10 3.16228
3575.5 10 3.16228
3576.5 15 3.87298
3577.5 11 3.31662
3578.5 9 3
3579.5 14 3.74166
3580.5 20 4.47214
3581.5 14 3.74166
3582.5 11 3.31662
3583.5 11 3.31662
3584.5 9 3
3585.5 16 4
3586.5 17 4.12311
3587.5 9 3
3588.5 13 3.60555
3589.5 11 3.31662
3590.5 14 3.74166
3591.5 9 3
3592.5 16 4
3593.5 18 4.24264
3594.5 13 3.60555
3595.5 12 3.4641
3596.5 16 4
3597.5 18 4.24264
3598.5 15 3.87298
3599.5 9 3
3600.5 15 3.87298
3601.5 13 3.60555
3602.5 12 3.4641
3603.5 14 3.74166
3604.5 11 3.31662
3605.5 10 3.16228
3606.5 11 3.31662
3607.5 13 3.60555
3608.5 11 3.31662
3609.5 9 3
3610.5 13 3.60555
3611.5 8 2.82843
3612.5 12 3.4641
3613.5 8 2.82843
3614.5 12 3.4641
3615.5 12 3.4641
3616.5 12 3.4641
3617.5 6 2.44949
3618.5 15 3.87298
3619.5 10 3.16228
3620.5 10 3.16228
3621.5 11 3.31662
3622.5 15 3.87298
3623.5 5 2.23607
3624.5 7 2.64575
3625.5 6 2.44949
3626.5 15 3.87298
3627.5 17 4.12311
3628.5 8 2.82843
3629.5 19 4.3589
3630.5 11 3.31662
3631.5 16 4
3632.5 10 3.16228
3633.5 13 3.60555
3634.5 15 3.87298
3635.5 2 1.41421
3636.5 9 3
3637.5 11 3.31662
3638.5 14 3.74166
3639.5 18 4.24264
3640.5 15 3.87298
3641.5 9 3
3642.5 13 3.60555
3643.5 10 3.16228
3644.5 14 3.74166
3645.5 7 2.64575
3646.5 9 3
3647.5 12 3.4641
3648.5 7 2.64575
3649.5 11 3.31662
3650.5 8 2.82843
3651.5 14 3.74166
3652.5 16 4
3653.5 7 2.64575
3654.5 15 3.87298
3655.5 6 2.44949
3656.5 12 3.4641
3657.5 17 4.12311
3658.5 5 2.23607
3659.5 11 3.31662
3660.5 11 3.31662
3661.5 5 2.23607
3662.5 8 2.82843
3663.5 11 3.31662
3664.5 15 3.87298
3665.5 11 3.31662
3666.5 13 3.60555
3667.5 12 3.4641
3668.5 10 3.16228
3669.5 10 3.16228
3670.5 8 2.82843
3671.5 7 2.64575
3672.5 11 3.31662
3673.5 5 2.23607
3674.5 15 3.87298
3675.5 13 3.60555
3676.5 14 3.74166
3677.5 9 3
3678.5 8 2.82843
3679.5 14 3.74166
3680.5 9 3
3681.5 4 2
3682.5 13 3.60555
3683.5 19 4.3589
3684.5 11 3.31662
3685.5 10 3.16228
3686.5 14 3.74166
3687.5 9 3
3688.5 11 3.31662
3689.5 12 3.4641
3690.5 9 3
3691.5 11 3.31662
3692.5 14 3.74166
3693.5 15 3.87298
3694.5 7 2.64575
3695.5 7 2.64575
3696.5 11 3.31662
3697.5 18 4.24264
3698.5 5 2.23607
3699.5 19 4.3589
3700.5 14 3.74166
3701.5 9 3
3702.5 13 3.60555
3703.5 19 4.3589
3704.5 7 2.64575
3705.5 10 3.16228
3706.5 11 3.31662
3707.5 9 3
3708.5 13 3.60555
3709.5 13 3.60555
3710.5 12 3.4641
3711.5 11 3.31662
3712.5 11 3.31662
3713.5 12 3.4641
3714.5 16 4
3715.5 10 3.16228
3716.5 13 3.60555
3717.5 13 3.60555
3718.5 10 3.16228
3719.5 12 3.4641
3720.5 14 3.74166
3721.5 12 3.4641
3722.5 10 3.16228
3723.5 4 2
3724.5 9 3
3725.5 13 3.60555
3726.5 10 3.16228
3727.5 8 2.82843
3728.5 8 2.82843
3729.5 7 2.64575
3730.5 14 3.74166
3731.5 10 3.16228
3732.5 10 3.16228
3733.5 17 4.12311
3734.5 8 2.82843
3735.5 10 3.16228
3736.5 14 3.74166
3737.5 6 2.44949
3738.5 10 3.16228
3739.5 16 4
3740.5 10 3.16228
3741.5 9 3
3742.5 10 3.16228
3743.5 9 3
3744.5 10 3.16228
3745.5 9 3
3746.5 13 3.60555
3747.5 12 3.4641
3748.5 11 3.31662
3749.5 13 3.60555
3750.5 13 3.60555
3751.5 12 3.4641
3752.5 13 3.60555
3753.5 9 3
3754.5 8 2.82843
3755.5 10 3.16228
3756.5 17 4.12311
3757.5 4 2
3758.5 6 2.44949
3759.5 5 2.23607
3760.5 13 3.60555
3761.5 5 2.23607
3762.5 9 3
3763.5 11 3.31662
3764.5 13 3.60555
3765.5 15 3.87298
3766.5 20 4.47214
3767.5 23 4.79583
3768.5 9 3
3769.5 11 3.31662
3770.5 10 3.16228
3771.5 7 2.64575
3772.5 19 4.3589
3773.5 15 3.87298
3774.5 10 3.16228
3775.5 11 3.31662
3776.5 8 2.82843
3777.5 7 2.64575
3778.5 10 3.16228
3779.5 8 2.82843
3780.5 9 3
3781.5 8 2.82843
3782.5 9 3
3783.5 9 3
3784.5 8 2.82843
3785.5 14 3.74166
3786.5 13 3.60555
3787.5 15 3.87298
3788.5 12 3.4641
3789.5 13 3.60555
3790.5 11 3.31662
3791.5 7 2.64575
3792.5 14 3.74166
3793.5 8 2.82843
3794.5 15 3.87298
3795.5 14 3.74166
3796.5 14 3.74166
3797.5 11 3.31662
3798.5 4 2
3799.5 6 2.44949
3800.5 10 3.16228
3801.5 12 3.4641
3802.5 4 2
3803.5 9 3
3804.5 9 3
3805.5 15 3.87298
3806.5 6 2.44949
3807.5 12 3.4641
3808.5 7 2.64575
3809.5 7 2.64575
3810.5 9 3
3811.5 7 2.64575
3812.5 13 3.60555
3813.5 10 3.16228
3814.5 5 2.23607
3815.5 7 2.64575
3816.5 13 3.60555
3817.5 8 2.82843
3818.5 11 3.31662
3819.5 8 2.82843
3820.5 10 3.16228
3821.5 9 3
3822.5 12 3.4641
3823.5 13 3.60555
3824.5 12 3.4641
3825.5 7 2.64575
3826.5 11 3.31662
3827.5 14 3.74166
3828.5 10 3.16228
3829.5 7 2.64575
3830.5 13 3.60555
3831.5 7 2.64575
3832.5 14 3.74166
3833.5 9 3
3834.5 14 3.74166
3835.5 13 3.60555
3836.5 11 3.31662
3837.5 13 3.60555
3838.5 13 3.60555
3839.5 16 4
3840.5 13 3.60555
3841.5 7 2.64575
3842.5 7 2.64575
3843.5 8 2.82843
3844.5 10 3.16228
3845.5 12 3.4641
3846.5 6 2.44949
3847.5 11 3.31662
3848.5 15 3.87298
3849.5 8 2.82843
3850.5 7 2.64575
3851.5 10 3.16228
3852.5 4 2
3853.5 5 2.23607
3854.5 6 2.44949
3855.5 14 3.74166
3856.5 13 3.60555
3857.5 23 4.79583
3858.5 9 3
3859.5 14 3.74166
3860.5 14 3.74166
3861.5 12 3.4641
3862.5 12 3.4641
3863.5 15 3.87298
3864.5 7 2.64575
3865.5 4 2
3866.5 11 3.31662
3867.5 7 2.64575
3868.5 9 3
3869.5 10 3.16228
3870.5 15 3.87298
3871.5 10 3.16228
3872.5 11 3.31662
3873.5 12 3.4641
3874.5 14 3.74166
3875.5 20 4.47214
3876.5 7 2.64575
3877.5 17 4.12311
3878.5 12 3.4641
3879.5 7 2.64575
3880.5 11 3.31662
3881.5 16 4
3882.5 10 3.16228
3883.5 17 4.12311
3884.5 12 3.4641
3885.5 9 3
3886.5 14 3.74166
3887.5 11 3.31662
3888.5 9 3
3889.5 9 3
3890.5 13 3.60555
3891.5 8 2.82843
3892.5 12 3.4641
3893.5 12 3.4641
3894.5 8 2.82843
3895.5 7 2.64575
3896.5 8 2.82843
3897.5 10 3.16228
3898.5 9 3
3899.5 8 2.82843
3900.5 10 3.16228
3901.5 13 3.60555
3902.5 17 4.12311
3903.5 6 2.44949
3904.5 15 3.87298
3905.5 11 3.31662
3906.5 8 2.82843
3907.5 8 2.82843
3908.5 8 2.82843
3909.5 11 3.31662
3910.5 6 2.44949
3911.5 10 3.16228
3912.5 6 2.44949
3913.5 15 3.87298
3914.5 14 3.74166
3915.5 10 3.16228
3916.5 17 4.12311
3917.5 8 2.82843
3918.5 11 3.31662
3919.5 9 3
3920.5 12 3.4641
3921.5 11 3.31662
3922.5 9 3
3923.5 11 3.31662
3924.5 10 3.16228
3925.5 7 2.64575
3926.5 9 3
3927.5 14 3.74166
3928.5 11 3.31662
3929.5 9 3
3930.5 12 3.4641
3931.5 13 3.60555
3932.5 10 3.16228
3933.5 4 2
3934.5 11 3.31662
3935.5 6 2.44949
3936.5 8 2.82843
3937.5 15 3.87298
3938.5 11 3.31662
3939.5 9 3
3940.5 9 3
3941.5 16 4
3942.5 12 3.4641
3943.5 12 3.4641
3944.5 17 4.12311
3945.5 13 3.60555
3946.5 15 3.87298
3947.5 11 3.31662
3948.5 6 2.44949
3949.5 14 3.74166
3950.5 6 2.44949
3951.5 10 3.16228
3952.5 7 2.64575
3953.5 9 3
3954.5 16 4
3955.5 7 2.64575
3956.5 13 3.60555
3957.5 12 3.4641
3958.5 12 3.4641
3959.5 13 3.60555
3960.5 12 3.4641
3961.5 5 2.23607
3962.5 13 3.60555
3963.5 8 2.82843
3964.5 11 3.31662
3965.5 14 3.74166
3966.5 11 3.31662
3967.5 13 3.60555
3968.5 9 3
3969.5 12 3.4641
3970.5 8 2.82843
3971.5 8 2.82843
3972.5 8 2.82843
3973.5 7 2.64575
3974.5 9 3
3975.5 7 2.64575
3976.5 9 3
3977.5 7 2.64575
3978.5 8 2.82843
3979.5 11 3.31662
3980.5 16 4
3981.5 11 3.31662
3982.5 6 2.44949
3983.5 13 3.60555
3984.5 9 3
3985.5 9 3
3986.5 9 3
3987.5 15 3.87298
3988.5 9 3
3989.5 10 3.16228
3990.5 13 3.60555
3991.5 9 3
3992.5 12 3.4641
3993.5 9 3
3994.5 12 3.4641
3995.5 12 3.4641
3996.5 11 3.31662
3997.5 11 3.31662
3998.5 11 3.31662
3999.5 3 1.73205
4000.5 12 3.4641
4001.5 9 3
4002.5 6 2.44949
4003.5 6 2.44949
4004.5 6 2.44949
4005.5 10 3.16228
4006.5 8 2.82843
4007.5 11 3.31662
4008.5 9 3
4009.5 10 3.16228
4010.5 12 3.4641
4011.5 9 3
4012.5 5 2.23607
4013.5 7 2.64575
4014.5 5 2.23607
4015.5 9 3
4016.5 8 2.82843
4017.5 10 3.16228
4018.5 9 3
4019.5 16 4
4020.5 6 2.44949
4021.5 8 2.82843
4022.5 14 3.74166
4023.5 11 3.31662
4024.5 10 3.16228
4025.5 12 3.4641
4026.5 7 2.64575
4027.5 11 3.31662
4028.5 6 2.44949
4029.5 14 3.74166
4030.5 10 3.16228
4031.5 10 3.16228
4032.5 12 3.4641
4033.5 13 3.60555
4034.5 11 3.31662
4035.5 12 3.4641
4036.5 9 3
4037.5 7 2.64575
4038.5 6 2.44949
4039.5 15 3.87298
4040.5 11 3.31662
4041.5 16 4
4042.5 7 2.64575
4043.5 13 3.60555
4044.5 12 3.4641
4045.5 8 2.82843
4046.5 12 3.4641
4047.5 11 3.31662
4048.5 12 3.4641
4049.5 8 2.82843
4050.5 9 3
4051.5 13 3.60555
4052.5 17 4.12311
4053.5 17 4.12311
4054.5 8 2.82843
4055.5 11 3.31662
4056.5 9 3
4057.5 9 3
4058.5 9 3
4059.5 3 1.73205
4060.5 11 3.31662
4061.5 11 3.31662
4062.5 6 2.44949
4063.5 11 3.31662
4064.5 7 2.64575
4065.5 12 3.4641
4066.5 10 3.16228
4067.5 10 3.16228
4068.5 7 2.64575
4069.5 9 3
4070.5 5 2.23607
4071.5 12 3.4641
4072.5 11 3.31662
4073.5 10 3.16228
4074.5 6 2.44949
4075.5 9 3
4076.5 12 3.4641
4077.5 17 4.12311
4078.5 10 3.16228
4079.5 5 2.23607
4080.5 10 3.16228
4081.5 9 3
4082.5 10 3.16228
4083.5 16 4
4084.5 5 2.23607
4085.5 14 3.74166
4086.5 14 3.74166
4087.5 10 3.16228
4088.5 14 3.74166
4089.5 5 2.23607
4090.5 11 3.31662
4091.5 7 2.64575
4092.5 9 3
4093.5 12 3.4641
4094.5 9 3
4095.5 8 2.82843
4096.5 6 2.44949
4097.5 7 2.64575
4098.5 8 2.82843
4099.5 7 2.64575
4100.5 10 3.16228
4101.5 15 3.87298
4102.5 6 2.44949
4103.5 11 3.31662
4104.5 11 3.31662
4105.5 7 2.64575
4106.5 12 3.4641
4107.5 18 4.24264
4108.5 7 2.64575
4109.5 4 2
4110.5 11 3.31662
4111.5 6 2.44949
4112.5 12 3.4641
4113.5 12 3.4641
4114.5 12 3.4641
4115.5 6 2.44949
4116.5 10 3.16228
4117.5 8 2.82843
4118.5 7 2.64575
4119.5 13 3.60555
4120.5 8 2.82843
4121.5 11 3.31662
4122.5 12 3.4641
4123.5 14 3.74166
4124.5 13 3.60555
4125.5 6 2.44949
4126.5 7 2.64575
4127.5 17 4.12311
4128.5 9 3
4129.5 9 3
4130.5 11 3.31662
4131.5 13 3.60555
4132.5 13 3.60555
4133.5 10 3.16228
4134.5 5 2.23607
4135.5 13 3.60555
4136.5 19 4.3589
4137.5 8 2.82843
4138.5 5 2.23607
4139.5 13 3.60555
4140.5 8 2.82843
4141.5 11 3.31662
4142.5 17 4.12311
4143.5 7 2.64575
4144.5 11 3.31662
4145.5 9 3
4146.5 10 3.16228
4147.5 9 3
4148.5 6 2.44949
4149.5 14 3.74166
4150.5 11 3.31662
4151.5 12 3.4641
4152.5 8 2.82843
4153.5 5 2.23607
4154.5 7 2.64575
4155.5 15 3.87298
4156.5 10 3.16228
4157.5 11 3.31662
4158.5 19 4.3589
4159.5 7 2.64575
4160.5 6 2.44949
4161.5 6 2.44949
4162.5 11 3.31662
4163.5 11 3.31662
4164.5 13 3.60555
4165.5 8 2.82843
4166.5 14 3.74166
4167.5 6 2.44949
4168.5 10 3.16228
4169.5 8 2.82843
4170.5 7 2.64575
4171.5 14 3.74166
4172.5 9 3
4173.5 11 3.31662
4174.5 11 3.31662
4175.5 11 3.31662
4176.5 15 3.87298
4177.5 5 2.23607
4178.5 8 2.82843
4179.5 8 2.82843
4180.5 7 2.64575
4181.5 12 3.4641
4182.5 13 3.60555
4183.5 6 2.44949
4184.5 6 2.44949
4185.5 13 3.60555
4186.5 9 3
4187.5 10 3.16228
4188.5 9 3
4189.5 7 2.64575
4190.5 12 3.4641
4191.5 15 3.87298
4192.5 8 2.82843
4193.5 9 3
4194.5 14 3.74166
4195.5 3 1.73205
4196.5 4 2
4197.5 11 3.31662
4198.5 11 3.31662
4199.5 12 3.4641
4200.5 6 2.44949
4201.5 12 3.4641
4202.5 15 3.87298
4203.5 11 3.31662
4204.5 12 3.4641
4205.5 11 3.31662
4206.5 9 3
4207.5 8 2.82843
4208.5 7 2.64575
4209.5 8 2.82843
4210.5 5 2.23607
4211.5 14 3.74166
4212.5 12 3.4641
4213.5 7 2.64575
4214.5 16 4
4215.5 11 3.31662
4216.5 9 3
4217.5 5 2.23607
4218.5 7 2.64575
4219.5 8 2.82843
4220.5 8 2.82843
4221.5 10 3.16228
4222.5 10 3.16228
4223.5 9 3
4224.5 8 2.82843
4225.5 5 2.23607
4226.5 11 3.31662
4227.5 7 2.64575
4228.5 10 3.16228
4229.5 8 2.82843
4230.5 7 2.64575
4231.5 10 3.16228
4232.5 11 3.31662
4233.5 7 2.64575
4234.5 8 2.82843
4235.5 11 3.31662
4236.5 10 3.16228
4237.5 8 2.82843
4238.5 10 3.16228
4239.5 14 3.74166
4240.5 6 2.44949
4241.5 8 2.82843
4242.5 7 2.64575
4243.5 8 2.82843
4244.5 12 3.4641
4245.5 8 2.82843
4246.5 9 3
4247.5 11 3.31662
4248.5 6 2.44949
4249.5 10 3.16228
4250.5 9 3
4251.5 10 3.16228
4252.5 9 3
4253.5 7 2.64575
4254.5 9 3
4255.5 19 4.3589
4256.5 7 2.64575
4257.5 10 3.16228
4258.5 8 2.82843
4259.5 8 2.82843
4260.5 10 3.16228
4261.5 11 3.31662
4262.5 7 2.64575
4263.5 11 3.31662
4264.5 14 3.74166
4265.5 15 3.87298
4266.5 5 2.23607
4267.5 14 3.74166
4268.5 20 4.47214
4269.5 4 2
4270.5 15 3.87298
4271.5 4 2
4272.5 7 2.64575
4273.5 10 3.16228
4274.5 7 2.64575
4275.5 7 2.64575
4276.5 8 2.82843
4277.5 14 3.74166
4278.5 14 3.74166
4279.5 12 3.4641
4280.5 8 2.82843
4281.5 8 2.82843
4282.5 15 3.87298
4283.5 12 3.4641
4284.5 7 2.64575
4285.5 8 2.82843
4286.5 11 3.31662
4287.5 18 4.24264
4288.5 13 3.60555
4289.5 3 1.73205
4290.5 7 2.64575
4291.5 7 2.64575
4292.5 13 3.60555
4293.5 8 2.82843
4294.5 14 3.74166
4295.5 10 3.16228
4296.5 9 3
4297.5 8 2.82843
4298.5 7 2.64575
4299.5 10 3.16228
4300.5 5 2.23607
4301.5 8 2.82843
4302.5 7 2.64575
4303.5 13 3.60555
4304.5 9 3
4305.5 13 3.60555
4306.5 10 3.16228
4307.5 6 2.44949
4308.5 5 2.23607
4309.5 3 1.73205
4310.5 8 2.82843
4311.5 10 3.16228
4312.5 13 3.60555
4313.5 6 2.44949
4314.5 10 3.16228
4315.5 8 2.82843
4316.5 11 3.31662
4317.5 10 3.16228
4318.5 9 3
4319.5 7 2.64575
4320.5 11 3.31662
4321.5 9 3
4322.5 10 3.16228
4323.5 7 2.64575
4324.5 8 2.82843
4325.5 12 3.4641
4326.5 10 3.16228
4327.5 11 3.31662
4328.5 9 3
4329.5 6 2.44949
4330.5 7 2.64575
4331.5 6 2.44949
4332.5 9 3
4333.5 11 3.31662
4334.5 6 2.44949
4335.5 8 2.82843
4336.5 12 3.4641
4337.5 9 3
4338.5 12 3.4641
4339.5 6 2.44949
4340.5 5 2.23607
4341.5 13 3.60555
4342.5 11 3.31662
4343.5 12 3.4641
4344.5 15 3.87298
4345.5 9 3
4346.5 8 2.82843
4347.5 9 3
4348.5 10 3.16228
4349.5 12 3.4641
4350.5 8 2.82843
4351.5 10 3.16228
4352.5 10 3.16228
4353.5 9 3
4354.5 9 3
4355.5 8 2.82843
4356.5 7 2.64575
4357.5 4 2
4358.5 4 2
4359.5 8 2.82843
4360.5 6 2.44949
4361.5 6 2.44949
4362.5 7 2.64575
4363.5 13 3.60555
4364.5 15 3.87298
4365.5 10 3.16228
4366.5 7 2.64575
4367.5 9 3
4368.5 6 2.44949
4369.5 9 3
4370.5 11 3.31662
4371.5 10 3.16228
4372.5 12 3.4641
4373.5 6 2.44949
4374.5 8 2.82843
4375.5 12 3.4641
4376.5 8 2.82843
4377.5 14 3.74166
4378.5 10 3.16228
4379.5 9 3
4380.5 12 3.4641
4381.5 12 3.4641
4382.5 12 3.4641
4383.5 8 2.82843
4384.5 9 3
4385.5 7 2.64575
4386.5 11 3.31662
4387.5 5 2.23607
4388.5 8 2.82843
4389.5 10 3.16228
4390.5 10 3.16228
4391.5 6 2.44949
4392.5 10 3.16228
4393.5 6 2.44949
4394.5 12 3.4641
4395.5 8 2.82843
4396.5 7 2.64575
4397.5 11 3.31662
4398.5 8 2.82843
4399.5 6 2.44949
4400.5 14 3.74166
4401.5 13 3.60555
4402.5 14 3.74166
4403.5 13 3.60555
4404.5 6 2.44949
4405.5 7 2.64575
4406.5 3 1.73205
4407.5 5 2.23607
4408.5 13 3.60555
4409.5 5 2.23607
4410.5 7 2.64575
4411.5 11 3.31662
4412.5 15 3.87298
4413.5 10 3.16228
4414.5 11 3.31662
4415.5 6 2.44949
4416.5 4 2
4417.5 6 2.44949
4418.5 15 3.87298
4419.5 14 3.74166
4420.5 14 3.74166
4421.5 9 3
4422.5 8 2.82843
4423.5 9 3
4424.5 5 2.23607
4425.5 8 2.82843
4426.5 11 3.31662
4427.5 5 2.23607
4428.5 7 2.64575
4429.5 6 2.44949
4430.5 10 3.16228
4431.5 12 3.4641
4432.5 8 2.82843
4433.5 13 3.60555
4434.5 7 2.64575
4435.5 12 3.4641
4436.5 12 3.4641
4437.5 13 3.60555
4438.5 7 2.64575
4439.5 12 3.4641
4440.5 8 2.82843
4441.5 12 3.4641
4442.5 18 4.24264
4443.5 9 3
4444.5 18 4.24264
4445.5 3 1.73205
4446.5 8 2.82843
4447.5 9 3
4448.5 4 2
4449.5 9 3
4450.5 4 2
4451.5 11 3.31662
4452.5 11 3.31662
4453.5 7 2.64575
4454.5 15 3.87298
4455.5 10 3.16228
4456.5 10 3.16228
4457.5 14 3.74166
4458.5 5 2.23607
4459.5 11 3.31662
4460.5 13 3.60555
4461.5 8 2.82843
4462.5 9 3
4463.5 10 3.16228
4464.5 14 3.74166
4465.5 15 3.87298
4466.5 14 3.74166
4467.5 13 3.60555
4468.5 10 3.16228
4469.5 5 2.23607
4470.5 10 3.16228
4471.5 9 3
4472.5 9 3
4473.5 11 3.31662
4474.5 13 3.60555
4475.5 10 3.16228
4476.5 12 3.4641
4477.5 8 2.82843
4478.5 7 2.64575
4479.5 5 2.23607
4480.5 9 3
4481.5 6 2.44949
4482.5 9 3
4483.5 8 2.82843
4484.5 10 3.16228
4485.5 4 2
4486.5 7 2.64575
4487.5 8 2.82843
4488.5 14 3.74166
4489.5 13 3.60555
4490.5 7 2.64575
4491.5 7 2.64575
4492.5 6 2.44949
4493.5 9 3
4494.5 10 3.16228
4495.5 7 2.64575
4496.5 11 3.31662
4497.5 11 3.31662
4498.5 6 2.44949
4499.5 11 3.31662
4500.5 8 2.82843
4501.5 9 3
4502.5 15 3.87298
4503.5 14 3.74166
4504.5 7 2.64575
4505.5 9 3
4506.5 10 3.16228
4507.5 5 2.23607
4508.5 10 3.16228
4509.5 15 3.87298
4510.5 8 2.82843
4511.5 5 2.23607
4512.5 11 3.31662
4513.5 10 3.16228
4514.5 12 3.4641
4515.5 5 2.23607
4516.5 14 3.74166
4517.5 9 3
4518.5 9 3
4519.5 10 3.16228
4520.5 9 3
4521.5 7 2.64575
4522.5 12 3.4641
4523.5 13 3.60555
4524.5 15 3.87298
4525.5 6 2.44949
4526.5 6 2.44949
4527.5 10 3.16228
4528.5 12 3.4641
4529.5 14 3.74166
4530.5 6 2.44949
4531.5 10 3.16228
4532.5 7 2.64575
4533.5 16 4
4534.5 10 3.16228
4535.5 8 2.82843
4536.5 5 2.23607
4537.5 11 3.31662
4538.5 6 2.44949
4539.5 6 2.44949
4540.5 10 3.16228
4541.5 9 3
4542.5 15 3.87298
4543.5 10 3.16228
4544.5 6 2.44949
4545.5 8 2.82843
4546.5 8 2.82843
4547.5 9 3
4548.5 17 4.12311
4549.5 12 3.4641
4550.5 12 3.4641
4551.5 7 2.64575
4552.5 7 2.64575
4553.5 6 2.44949
4554.5 8 2.82843
4555.5 10 3.16228
4556.5 10 3.16228
4557.5 7 2.64575
4558.5 11 3.31662
4559.5 4 2
4560.5 12 3.4641
4561.5 15 3.87298
4562.5 8 2.82843
4563.5 9 3
4564.5 7 2.64575
4565.5 8 2.82843
4566.5 6 2.44949
4567.5 14 3.74166
4568.5 7 2.64575
4569.5 4 2
4570.5 8 2.82843
4571.5 12 3.4641
4572.5 11 3.31662
4573.5 9 3
4574.5 8 2.82843
4575.5 6 2.44949
4576.5 6 2.44949
4577.5 9 3
4578.5 9 3
4579.5 9 3
4580.5 9 3
4581.5 7 2.64575
4582.5 4 2
4583.5 16 4
4584.5 6 2.44949
4585.5 5 2.23607
4586.5 9 3
4587.5 10 3.16228
4588.5 5 2.23607
4589.5 8 2.82843
4590.5 5 2.23607
4591.5 16 4
4592.5 8 2.82843
4593.5 10 3.16228
4594.5 9 3
4595.5 8 2.82843
4596.5 13 3.60555
4597.5 7 2.64575
4598.5 13 3.60555
4599.5 10 3.16228
4600.5 17 4.12311
4601.5 6 2.44949
4602.5 7 2.64575
4603.5 13 3.60555
4604.5 10 3.16228
4605.5 7 2.64575
4606.5 11 3.31662
4607.5 9 3
4608.5 11 3.31662
4609.5 13 3.60555
4610.5 13 3.60555
4611.5 9 3
4612.5 6 2.44949
4613.5 7 2.64575
4614.5 12 3.4641
4615.5 16 4
4616.5 8 2.82843
4617.5 6 2.44949
4618.5 10 3.16228
4619.5 9 3
4620.5 13 3.60555
4621.5 15 3.87298
4622.5 9 3
4623.5 7 2.64575
4624.5 9 3
4625.5 6 2.44949
4626.5 6 2.44949
4627.5 9 3
4628.5 10 3.16228
4629.5 4 2
4630.5 9 3
4631.5 9 3
4632.5 3 1.73205
4633.5 2 1.41421
4634.5 8 2.82843
4635.5 12 3.4641
4636.5 7 2.64575
4637.5 8 2.82843
4638.5 5 2.23607
4639.5 13 3.60555
4640.5 8 2.82843
4641.5 12 3.4641
4642.5 8 2.82843
4643.5 7 2.64575
4644.5 17 4.12311
4645.5 9 3
4646.5 12 3.4641
4647.5 6 2.44949
4648.5 11 3.31662
4649.5 10 3.16228
4650.5 7 2.64575
4651.5 6 2.44949
4652.5 14 3.74166
4653.5 10 3.16228
4654.5 10 3.16228
4655.5 2 1.41421
4656.5 6 2.44949
4657.5 10 3.16228
4658.5 15 3.87298
4659.5 10 3.16228
4660.5 12 3.4641
4661.5 6 2.44949
4662.5 15 3.87298
4663.5 8 2.82843
4664.5 9 3
4665.5 13 3.60555
4666.5 8 2.82843
4667.5 12 3.4641
4668.5 7 2.64575
4669.5 11 3.31662
4670.5 9 3
4671.5 8 2.82843
4672.5 16 4
4673.5 6 2.44949
4674.5 9 3
4675.5 10 3.16228
4676.5 5 2.23607
4677.5 8 2.82843
4678.5 7 2.64575
4679.5 10 3.16228
4680.5 14 3.74166
4681.5 10 3.16228
4682.5 9 3
4683.5 11 3.31662
4684.5 4 2
4685.5 6 2.44949
4686.5 8 2.82843
4687.5 6 2.44949
4688.5 15 3.87298
4689.5 14 3.74166
4690.5 7 2.64575
4691.5 14 3.74166
4692.5 5 2.23607
4693.5 8 2.82843
4694.5 4 2
4695.5 7 2.64575
4696.5 5 2.23607
4697.5 10 3.16228
4698.5 7 2.64575
4699.5 10 3.16228
4700.5 10 3.16228
4701.5 11 3.31662
4702.5 9 3
4703.5 7 2.64575
4704.5 8 2.82843
4705.5 5 2.23607
4706.5 14 3.74166
4707.5 7 2.64575
4708.5 12 3.4641
4709.5 9 3
4710.5 9 3
4711.5 18 4.24264
4712.5 4 2
4713.5 16 4
4714.5 12 3.4641
4715.5 5 2.23607
4716.5 6 2.44949
4717.5 13 3.60555
4718.5 10 3.16228
4719.5 5 2.23607
4720.5 7 2.64575
4721.5 12 3.4641
4722.5 10 3.16228
4723.5 8 2.82843
4724.5 11 3.31662
4725.5 11 3.31662
4726.5 11 3.31662
4727.5 13 3.60555
4728.5 9 3
4729.5 8 2.82843
4730.5 16 4
4731.5 11 3.31662
4732.5 11 3.31662
4733.5 10 3.16228
4734.5 5 2.23607
4735.5 13 3.60555
4736.5 9 3
4737.5 8 2.82843
4738.5 6 2.44949
4739.5 7 2.64575
4740.5 7 2.64575
4741.5 1 1
4742.5 9 3
4743.5 8 2.82843
4744.5 8 2.82843
4745.5 10 3.16228
4746.5 6 2.44949
4747.5 6 2.44949
4748.5 5 2.23607
4749.5 9 3
4750.5 4 2
4751.5 9 3
4752.5 14 3.74166
4753.5 6 2.44949
4754.5 11 3.31662
4755.5 10 3.16228
4756.5 10 3.16228
4757.5 7 2.64575
4758.5 14 3.74166
4759.5 8 2.82843
4760.5 12 3.4641
4761.5 10 3.16228
4762.5 4 2
4763.5 7 2.64575
4764.5 5 2.23607
4765.5 6 2.44949
4766.5 9 3
4767.5 6 2.44949
4768.5 9 3
4769.5 17 4.12311
4770.5 9 3
4771.5 10 3.16228
4772.5 11 3.31662
4773.5 11 3.31662
4774.5 13 3.60555
4775.5 9 3
4776.5 12 3.4641
4777.5 6 2.44949
4778.5 10 3.16228
4779.5 9 3
4780.5 7 2.64575
4781.5 10 3.16228
4782.5 9 3
4783.5 11 3.31662
4784.5 10 3.16228
4785.5 5 2.23607
4786.5 9 3
4787.5 9 3
4788.5 4 2
4789.5 6 2.44949
4790.5 8 2.82843
4791.5 9 3
4792.5 8 2.82843
4793.5 14 3.74166
4794.5 8 2.82843
4795.5 13 3.60555
4796.5 14 3.74166
4797.5 10 3.16228
4798.5 2 1.41421
4799.5 11 3.31662
4800.5 8 2.82843
4801.5 11 3.31662
4802.5 12 3.4641
4803.5 11 3.31662
4804.5 6 2.44949
4805.5 4 2
4806.5 9 3
4807.5 6 2.44949
4808.5 11 3.31662
4809.5 13 3.60555
4810.5 10 3.16228
4811.5 7 2.64575
4812.5 11 3.31662
4813.5 15 3.87298
4814.5 6 2.44949
4815.5 8 2.82843
4816.5 13 3.60555
4817.5 8 2.82843
4818.5 10 3.16228
4819.5 11 3.31662
4820.5 11 3.31662
4821.5 9 3
4822.5 7 2.64575
4823.5 9 3
4824.5 10 3.16228
4825.5 14 3.74166
4826.5 4 2
4827.5 9 3
4828.5 8 2.82843
4829.5 16 4
4830.5 10 3.16228
4831.5 4 2
4832.5 6 2.44949
4833.5 5 2.23607
4834.5 11 3.31662
4835.5 8 2.82843
4836.5 15 3.87298
4837.5 7 2.64575
4838.5 6 2.44949
4839.5 8 2.82843
4840.5 11 3.31662
4841.5 13 3.60555
4842.5 9 3
4843.5 14 3.74166
4844.5 11 3.31662
4845.5 6 2.44949
4846.5 9 3
4847.5 6 2.44949
4848.5 3 1.73205
4849.5 5 2.23607
4850.5 10 3.16228
4851.5 7 2.64575
4852.5 11 3.31662
4853.5 12 3.4641
4854.5 16 4
4855.5 14 3.74166
4856.5 9 3
4857.5 7 2.64575
4858.5 6 2.44949
4859.5 7 2.64575
4860.5 9 3
4861.5 11 3.31662
4862.5 11 3.31662
4863.5 14 3.74166
4864.5 6 2.44949
4865.5 8 2.82843
4866.5 9 3
4867.5 10 3.16228
4868.5 5 2.23607
4869.5 13 3.60555
4870.5 19 4.3589
4871.5 10 3.16228
4872.5 7 2.64575
4873.5 5 2.23607
4874.5 12 3.4641
4875.5 7 2.64575
4876.5 6 2.44949
4877.5 4 2
4878.5 7 2.64575
4879.5 2 1.41421
4880.5 8 2.82843
4881.5 6 2.44949
4882.5 8 2.82843
4883.5 5 2.23607
4884.5 11 3.31662
4885.5 3 1.73205
4886.5 11 3.31662
4887.5 7 2.64575
4888.5 8 2.82843
4889.5 5 2.23607
4890.5 11 3.31662
4891.5 12 3.4641
4892.5 6 2.44949
4893.5 7 2.64575
4894.5 11 3.31662
4895.5 11 3.31662
4896.5 10 3.16228
4897.5 7 2.64575
4898.5 10 3.16228
4899.5 6 2.44949
4900.5 7 2.64575
4901.5 5 2.23607
4902.5 9 3
4903.5 10 3.16228
4904.5 8 2.82843
4905.5 5 2.23607
4906.5 9 3
4907.5 10 3.16228
4908.5 5 2.23607
4909.5 10 3.16228
4910.5 6 2.44949
4911.5 6 2.44949
4912.5 14 3.74166
4913.5 8 2.82843
4914.5 12 3.4641
4915.5 8 2.82843
4916.5 11 3.31662
4917.5 9 3
4918.5 5 2.23607
4919.5 2 1.41421
4920.5 15 3.87298
4921.5 10 3.16228
4922.5 5 2.23607
4923.5 14 3.74166
4924.5 9 3
4925.5 11 3.31662
4926.5 11 3.31662
4927.5 8 2.82843
4928.5 3 1.73205
4929.5 11 3.31662
4930.5 7 2.64575
4931.5 7 2.64575
4932.5 11 3.31662
4933.5 10 3.16228
4934.5 10 3.16228
4935.5 6 2.44949
4936.5 10 3.16228
4937.5 7 2.64575
4938.5 6 2.44949
4939.5 6 2.44949
4940.5 6 2.44949
4941.5 8 2.82843
4942.5 11 3.31662
4943.5 16 4
4944.5 17 4.12311
4945.5 8 2.82843
4946.5 15 3.87298
4947.5 16 4
4948.5 9 3
4949.5 12 3.4641
4950.5 12 3.4641
4951.5 11 3.31662
4952.5 11 3.31662
4953.5 11 3.31662
4954.5 8 2.82843
4955.5 12 3.4641
4956.5 6 2.44949
4957.5 7 2.64575
4958.5 6 2.44949
4959.5 9 3
4960.5 10 3.16228
4961.5 10 3.16228
4962.5 9 3
4963.5 11 3.31662
4964.5 11 3.31662
4965.5 6 2.44949
4966.5 8 2.82843
4967.5 7 2.64575
4968.5 13 3.60555
4969.5 15 3.87298
4970.5 13 3.60555
4971.5 12 3.4641
4972.5 9 3
4973.5 10 3.16228
4974.5 7 2.64575
4975.5 9 3
4976.5 8 2.82843
4977.5 10 3.16228
4978.5 8 2.82843
4979.5 11 3.31662
4980.5 10 3.16228
4981.5 7 2.64575
4982.5 7 2.64575
4983.5 9 3
4984.5 6 2.44949
4985.5 5 2.23607
4986.5 9 3
4987.5 5 2.23607
4988.5 10 3.16228
4989.5 9 3
4990.5 6 2.44949
4991.5 5 2.23607
4992.5 9 3
4993.5 10 3.16228
4994.5 11 3.31662
4995.5 3 1.73205
4996.5 7 2.64575
4997.5 2 1.41421
4998.5 11 3.31662
4999.5 9 3
5000.5 10 3.16228
5001.5 12 3.4641
5002.5 11 3.31662
5003.5 4 2
5004.5 7 2.64575
5005.5 10 3.16228
5006.5 10 3.16228
5007.5 7 2.64575
5008.5 9 3
5009.5 11 3.31662
5010.5 7 2.64575
5011.5 9 3
5012.5 7 2.64575
5013.5 7 2.64575
5014.5 9 3
5015.5 11 3.31662
5016.5 12 3.4641
5017.5 11 3.31662
5018.5 6 2.44949
5019.5 7 2.64575
5020.5 14 3.74166
5021.5 6 2.44949
5022.5 10 3.16228
5023.5 11 3.31662
5024.5 14 3.74166
5025.5 6 2.44949
5026.5 7 2.64575
5027.5 9 3
5028.5 10 3.16228
5029.5 4 2
5030.5 10 3.16228
5031.5 6 2.44949
5032.5 6 2.44949
5033.5 3 1.73205
5034.5 2 1.41421
5035.5 9 3
5036.5 3 1.73205
5037.5 8 2.82843
5038.5 10 3.16228
5039.5 14 3.74166
5040.5 11 3.31662
5041.5 14 3.74166
5042.5 11 3.31662
5043.5 9 3
5044.5 6 2.44949
5045.5 7 2.64575
5046.5 8 2.82843
5047.5 6 2.44949
5048.5 8 2.82843
5049.5 10 3.16228
5050.5 5 2.23607
5051.5 9 3
5052.5 12 3.4641
5053.5 9 3
5054.5 7 2.64575
5055.5 8 2.82843
5056.5 9 3
5057.5 9 3
5058.5 11 3.31662
5059.5 9 3
5060.5 9 3
5061.5 8 2.82843
5062.5 8 2.82843
5063.5 13 3.60555
5064.5 7 2.64575
5065.5 7 2.64575
5066.5 6 2.44949
5067.5 5 2.23607
5068.5 6 2.44949
5069.5 10 3.16228
5070.5 9 3
5071.5 7 2.64575
5072.5 11 3.31662
5073.5 8 2.82843
5074.5 6 2.44949
5075.5 5 2.23607
5076.5 7 2.64575
5077.5 13 3.60555
5078.5 12 3.4641
5079.5 9 3
5080.5 8 2.82843
5081.5 9 3
5082.5 7 2.64575
5083.5 5 2.23607
5084.5 7 2.64575
5085.5 10 3.16228
5086.5 6 2.44949
5087.5 10 3.16228
5088.5 8 2.82843
5089.5 10 3.16228
5090.5 8 2.82843
5091.5 11 3.31662
5092.5 7 2.64575
5093.5 6 2.44949
5094.5 9 3
5095.5 6 2.44949
5096.5 8 2.82843
5097.5 7 2.64575
5098.5 10 3.16228
5099.5 8 2.82843
5100.5 10 3.16228
5101.5 3 1.73205
5102.5 7 2.64575
5103.5 11 3.31662
5104.5 3 1.73205
5105.5 6 2.44949
5106.5 6 2.44949
5107.5 7 2.64575
5108.5 7 2.64575
5109.5 3 1.73205
5110.5 6 2.44949
5111.5 6 2.44949
5112.5 7 2.64575
5113.5 14 3.74166
5114.5 9 3
5115.5 6 2.44949
5116.5 8 2.82843
5117.5 8 2.82843
5118.5 4 2
5119.5 5 2.23607
5120.5 12 3.4641
5121.5 6 2.44949
5122.5 11 3.31662
5123.5 8 2.82843
5124.5 11 3.31662
5125.5 4 2
5126.5 10 3.16228
5127.5 8 2.82843
5128.5 11 3.31662
5129.5 8 2.82843
5130.5 6 2.44949
5131.5 13 3.60555
5132.5 12 3.4641
5133.5 6 2.44949
5134.5 13 3.60555
5135.5 9 3
5136.5 9 3
5137.5 11 3.31662
5138.5 8 2.82843
5139.5 10 3.16228
5140.5 10 3.16228
5141.5 6 2.44949
5142.5 5 2.23607
5143.5 10 3.16228
5144.5 12 3.4641
5145.5 7 2.64575
5146.5 5 2.23607
5147.5 4 2
5148.5 8 2.82843
5149.5 13 3.60555
5150.5 9 3
5151.5 3 1.73205
5152.5 8 2.82843
5153.5 10 3.16228
5154.5 7 2.64575
5155.5 13 3.60555
5156.5 8 2.82843
5157.5 8 2.82843
5158.5 10 3.16228
5159.5 13 3.60555
5160.5 10 3.16228
5161.5 8 2.82843
5162.5 5 2.23607
5163.5 7 2.64575
5164.5 11 3.31662
5165.5 8 2.82843
5166.5 8 2.82843
5167.5 6 2.44949
5168.5 8 2.82843
5169.5 6 2.44949
5170.5 11 3.31662
5171.5 5 2.23607
5172.5 12 3.4641
5173.5 2 1.41421
5174.5 11 3.31662
5175.5 8 2.82843
5176.5 0 0
5177.5 6 2.44949
5178.5 6 2.44949
5179.5 9 3
5180.5 7 2.64575
5181.5 12 3.4641
5182.5 7 2.64575
5183.5 11 3.31662
5184.5 5 2.23607
5185.5 9 3
5186.5 8 2.82843
5187.5 4 2
5188.5 7 2.64575
5189.5 6 2.44949
5190.5 8 2.82843
5191.5 10 3.16228
5192.5 11 3.31662
5193.5 10 3.16228
5194.5 6 2.44949
5195.5 6 2.44949
5196.5 5 2.23607
5197.5 4 2
5198.5 9 3
5199.5 7 2.64575
5200.5 5 2.23607
5201.5 4 2
5202.5 10 3.16228
5203.5 14 3.74166
5204.5 8 2.82843
5205.5 5 2.23607
5206.5 6 2.44949
5207.5 8 2.82843
5208.5 11 3.31662
5209.5 6 2.44949
5210.5 3 1.73205
5211.5 5 2.23607
5212.5 6 2.44949
5213.5 5 2.23607
5214.5 13 3.60555
5215.5 9 3
5216.5 9 3
5217.5 10 3.16228
5218.5 7 2.64575
5219.5 8 2.82843
5220.5 10 3.16228
5221.5 7 2.64575
5222.5 9 3
5223.5 11 3.31662
5224.5 6 2.44949
5225.5 9 3
5226.5 11 3.31662
5227.5 9 3
5228.5 7 2.64575
5229.5 8 2.82843
5230.5 11 3.31662
5231.5 11 3.31662
5232.5 4 2
5233.5 11 3.31662
5234.5 9 3
5235.5 10 3.16228
5236.5 13 3.60555
5237.5 6 2.44949
5238.5 9 3
5239.5 7 2.64575
5240.5 10 3.16228
5241.5 5 2.23607
5242.5 8 2.82843
5243.5 8 2.82843
5244.5 10 3.16228
5245.5 6 2.44949
5246.5 8 2.82843
5247.5 9 3
5248.5 9 3
5249.5 8 2.82843
5250.5 5 2.23607
5251.5 12 3.4641
5252.5 6 2.44949
5253.5 9 3
5254.5 4 2
5255.5 10 3.16228
5256.5 8 2.82843
5257.5 8 2.82843
5258.5 12 3.4641
5259.5 12 3.4641
5260.5 7 2.64575
5261.5 8 2.82843
5262.5 11 3.31662
5263.5 8 2.82843
5264.5 9 3
5265.5 4 2
5266.5 8 2.82843
5267.5 6 2.44949
5268.5 5 2.23607
5269.5 5 2.23607
5270.5 5 2.23607
5271.5 4 2
5272.5 10 3.16228
5273.5 9 3
5274.5 14 3.74166
5275.5 7 2.64575
5276.5 9 3
5277.5 5 2.23607
5278.5 12 3.4641
5279.5 8 2.82843
5280.5 8 2.82843
5281.5 9 3
5282.5 7 2.64575
5283.5 9 3
5284.5 8 2.82843
5285.5 9 3
5286.5 3 1.73205
5287.5 7 2.64575
5288.5 10 3.16228
5289.5 8 2.82843
5290.5 5 2.23607
5291.5 7 2.64575
5292.5 6 2.44949
5293.5 6 2.44949
5294.5 4 2
5295.5 8 2.82843
5296.5 10 3.16228
5297.5 9 3
5298.5 11 3.31662
5299.5 6 2.44949
5300.5 8 2.82843
5301.5 7 2.64575
5302.5 14 3.74166
5303.5 8 2.82843
5304.5 11 3.31662
5305.5 9 3
5306.5 9 3
5307.5 8 2.82843
5308.5 7 2.64575
5309.5 7 2.64575
5310.5 9 3
5311.5 6 2.44949
5312.5 15 3.87298
5313.5 11 3.31662
5314.5 6 2.44949
5315.5 5 2.23607
5316.5 9 3
5317.5 5 2.23607
5318.5 6 2.44949
5319.5 7 2.64575
5320.5 9 3
5321.5 7 2.64575
5322.5 8 2.82843
5323.5 11 3.31662
5324.5 7 2.64575
5325.5 6 2.44949
5326.5 5 2.23607
5327.5 3 1.73205
5328.5 5 2.23607
5329.5 7 2.64575
5330.5 8 2.82843
5331.5 10 3.16228
5332.5 5 2.23607
5333.5 12 3.4641
5334.5 6 2.44949
5335.5 7 2.64575
5336.5 7 2.64575
5337.5 5 2.23607
5338.5 10 3.16228
5339.5 9 3
5340.5 10 3.16228
5341.5 12 3.4641
5342.5 5 2.23607
5343.5 3 1.73205
5344.5 3 1.73205
5345.5 9 3
5346.5 5 2.23607
5347.5 6 2.44949
5348.5 6 2.44949
5349.5 9 3
5350.5 9 3
5351.5 4 2
5352.5 5 2.23607
5353.5 8 2.82843
5354.5 9 3
5355.5 8 2.82843
5356.5 6 2.44949
5357.5 5 2.23607
5358.5 9 3
5359.5 14 3.74166
5360.5 9 3
5361.5 4 2
5362.5 11 3.31662
5363.5 16 4
5364.5 11 3.31662
5365.5 9 3
5366.5 17 4.12311
5367.5 17 4.12311
5368.5 12 3.4641
5369.5 19 4.3589
5370.5 13 3.60555
5371.5 25 5
5372.5 23 4.79583
5373.5 20 4.47214
5374.5 24 4.89898
5375.5 24 4.89898
5376.5 25 5
5377.5 24 4.89898
5378.5 28 5.2915
5379.5 30 5.47723
5380.5 27 5.19615
5381.5 29 5.38516
5382.5 22 4.69042
5383.5 21 4.58258
5384.5 20 4.47214
5385.5 29 5.38516
5386.5 25 5
5387.5 29 5.38516
5388.5 11 3.31662
5389.5 21 4.58258
5390.5 26 5.09902
5391.5 15 3.87298
5392.5 16 4
5393.5 15 3.87298
5394.5 11 3.31662
5395.5 12 3.4641
5396.5 12 3.4641
5397.5 10 3.16228
5398.5 9 3
5399.5 12 3.4641
5400.5 9 3
5401.5 11 3.31662
5402.5 7 2.64575
5403.5 10 3.16228
5404.5 8 2.82843
5405.5 4 2
5406.5 5 2.23607
5407.5 12 3.4641
5408.5 8 2.82843
5409.5 9 3
5410.5 5 2.23607
5411.5 9 3
5412.5 5 2.23607
5413.5 10 3.16228
5414.5 13 3.60555
5415.5 9 3
5416.5 4 2
5417.5 7 2.64575
5418.5 7 2.64575
5419.5 10 3.16228
5420.5 4 2
5421.5 12 3.4641
5422.5 8 2.82843
5423.5 12 3.4641
5424.5 9 3
5425.5 8 2.82843
5426.5 9 3
5427.5 5 2.23607
5428.5 13 3.60555
5429.5 7 2.64575
5430.5 8 2.82843
5431.5 6 2.44949
5432.5 12 3.4641
5433.5 3 1.73205
5434.5 14 3.74166
5435.5 7 2.64575
5436.5 3 1.73205
5437.5 7 2.64575
5438.5 13 3.60555
5439.5 4 2
5440.5 6 2.44949
5441.5 7 2.64575
5442.5 4 2
5443.5 6 2.44949
5444.5 5 2.23607
5445.5 13 3.60555
5446.5 8 2.82843
5447.5 10 3.16228
5448.5 8 2.82843
5449.5 4 2
5450.5 5 2.23607
5451.5 15 3.87298
5452.5 9 3
5453.5 11 3.31662
5454.5 14 3.74166
5455.5 9 3
5456.5 12 3.4641
5457.5 8 2.82843
5458.5 8 2.82843
5459.5 11 3.31662
5460.5 8 2.82843
5461.5 8 2.82843
5462.5 11 3.31662
5463.5 6 2.44949
5464.5 6 2.44949
5465.5 10 3.16228
5466.5 8 2.82843
5467.5 9 3
5468.5 10 3.16228
5469.5 9 3
5470.5 10 3.16228
5471.5 4 2
5472.5 11 3.31662
5473.5 8 2.82843
5474.5 9 3
5475.5 8 2.82843
5476.5 9 3
5477.5 6 2.44949
5478.5 3 1.73205
5479.5 1 1
5480.5 8 2.82843
5481.5 5 2.23607
5482.5 7 2.64575
5483.5 9 3
5484.5 6 2.44949
5485.5 4 2
5486.5 7 2.64575
5487.5 7 2.64575
5488.5 12 3.4641
5489.5 9 3
5490.5 6 2.44949
5491.5 7 2.64575
5492.5 7 2.64575
5493.5 5 2.23607
5494.5 2 1.41421
5495.5 5 2.23607
5496.5 8 2.82843
5497.5 12 3.4641
5498.5 11 3.31662
5499.5 13 3.60555
5500.5 5 2.23607
5501.5 12 3.4641
5502.5 6 2.44949
5503.5 10 3.16228
5504.5 8 2.82843
5505.5 7 2.64575
5506.5 9 3
5507.5 10 3.16228
5508.5 13 3.60555
5509.5 11 3.31662
5510.5 13 3.60555
5511.5 8 2.82843
5512.5 4 2
5513.5 8 2.82843
5514.5 8 2.82843
5515.5 9 3
5516.5 8 2.82843
5517.5 13 3.60555
5518.5 8 2.82843
5519.5 14 3.74166
5520.5 9 3
5521.5 7 2.64575
5522.5 8 2.82843
5523.5 3 1.73205
5524.5 6 2.44949
5525.5 8 2.82843
5526.5 9 3
5527.5 9 3
5528.5 4 2
5529.5 11 3.31662
5530.5 5 2.23607
5531.5 6 2.44949
5532.5 9 3
5533.5 10 3.16228
5534.5 10 3.16228
5535.5 9 3
5536.5 5 2.23607
5537.5 7 2.64575
5538.5 10 3.16228
5539.5 7 2.64575
5540.5 11 3.31662
5541.5 8 2.82843
5542.5 10 3.16228
5543.5 4 2
5544.5 11 3.31662
5545.5 12 3.4641
5546.5 9 3
5547.5 7 2.64575
5548.5 13 3.60555
5549.5 8 2.82843
5550.5 7 2.64575
5551.5 5 2.23607
5552.5 8 2.82843
5553.5 11 3.31662
5554.5 5 2.23607
5555.5 5 2.23607
5556.5 4 2
5557.5 7 2.64575
5558.5 10 3.16228
5559.5 7 2.64575
5560.5 6 2.44949
5561.5 7 2.64575
5562.5 7 2.64575
5563.5 9 3
5564.5 2 1.41421
5565.5 9 3
5566.5 7 2.64575
5567.5 7 2.64575
5568.5 4 2
5569.5 9 3
5570.5 6 2.44949
5571.5 3 1.73205
5572.5 13 3.60555
5573.5 6 2.44949
5574.5 8 2.82843
5575.5 9 3
5576.5 10 3.16228
5577.5 8 2.82843
5578.5 5 2.23607
5579.5 7 2.64575
5580.5 9 3
5581.5 7 2.64575
5582.5 12 3.4641
5583.5 14 3.74166
5584.5 15 3.87298
5585.5 9 3
5586.5 2 1.41421
5587.5 6 2.44949
5588.5 4 2
5589.5 12 3.4641
5590.5 5 2.23607
5591.5 10 3.16228
5592.5 10 3.16228
5593.5 4 2
5594.5 5 2.23607
5595.5 7 2.64575
5596.5 6 2.44949
5597.5 5 2.23607
5598.5 7 2.64575
5599.5 6 2.44949
5600.5 11 3.31662
5601.5 13 3.60555
5602.5 10 3.16228
5603.5 9 3
5604.5 5 2.23607
5605.5 6 2.44949
5606.5 12 3.4641
5607.5 11 3.31662
5608.5 13 3.60555
5609.5 2 1.41421
5610.5 5 2.23607
5611.5 5 2.23607
5612.5 12 3.4641
5613.5 16 4
5614.5 4 2
5615.5 6 2.44949
5616.5 7 2.64575
5617.5 2 1.41421
5618.5 6 2.44949
5619.5 13 3.60555
5620.5 3 1.73205
5621.5 9 3
5622.5 6 2.44949
5623.5 7 2.64575
5624.5 13 3.60555
5625.5 11 3.31662
5626.5 8 2.82843
5627.5 13 3.60555
5628.5 6 2.44949
5629.5 5 2.23607
5630.5 5 2.23607
5631.5 6 2.44949
5632.5 7 2.64575
5633.5 6 2.44949
5634.5 7 2.64575
5635.5 5 2.23607
5636.5 9 3
5637.5 8 2.82843
5638.5 6 2.44949
5639.5 6 2.44949
5640.5 7 2.64575
5641.5 11 3.31662
5642.5 15 3.87298
5643.5 6 2.44949
5644.5 8 2.82843
5645.5 10 3.16228
5646.5 10 3.16228
5647.5 8 2.82843
5648.5 8 2.82843
5649.5 14 3.74166
5650.5 6 2.44949
5651.5 7 2.64575
5652.5 7 2.64575
5653.5 11 3.31662
5654.5 6 2.44949
5655.5 8 2.82843
5656.5 8 2.82843
5657.5 8 2.82843
5658.5 6 2.44949
5659.5 6 2.44949
5660.5 10 3.16228
5661.5 8 2.82843
5662.5 5 2.23607
5663.5 10 3.16228
5664.5 12 3.4641
5665.5 13 3.60555
5666.5 10 3.16228
5667.5 9 3
5668.5 5 2.23607
5669.5 8 2.82843
5670.5 7 2.64575
5671.5 8 2.82843
5672.5 9 3
5673.5 6 2.44949
5674.5 8 2.82843
5675.5 12 3.4641
5676.5 7 2.64575
5677.5 9 3
5678.5 6 2.44949
5679.5 9 3
5680.5 8 2.82843
5681.5 13 3.60555
5682.5 6 2.44949
5683.5 14 3.74166
5684.5 6 2.44949
5685.5 8 2.82843
5686.5 9 3
5687.5 10 3.16228
5688.5 2 1.41421
5689.5 8 2.82843
5690.5 8 2.82843
5691.5 6 2.44949
5692.5 8 2.82843
5693.5 7 2.64575
5694.5 5 2.23607
5695.5 9 3
5696.5 9 3
5697.5 6 2.44949
5698.5 9 3
5699.5 10 3.16228
5700.5 4 2
5701.5 11 3.31662
5702.5 7 2.64575
5703.5 9 3
5704.5 8 2.82843
5705.5 3 1.73205
5706.5 4 2
5707.5 10 3.16228
5708.5 9 3
5709.5 8 2.82843
5710.5 8 2.82843
5711.5 10 3.16228
5712.5 11 3.31662
5713.5 4 2
5714.5 7 2.64575
5715.5 7 2.64575
5716.5 9 3
5717.5 7 2.64575
5718.5 7 2.64575
5719.5 15 3.87298
5720.5 5 2.23607
5721.5 9 3
5722.5 8 2.82843
5723.5 7 2.64575
5724.5 10 3.16228
5725.5 7 2.64575
5726.5 5 2.23607
5727.5 5 2.23607
5728.5 11 3.31662
5729.5 11 3.31662
5730.5 9 3
5731.5 4 2
5732.5 8 2.82843
5733.5 9 3
5734.5 8 2.82843
5735.5 5 2.23607
5736.5 4 2
5737.5 7 2.64575
5738.5 15 3.87298
5739.5 9 3
5740.5 8 2.82843
5741.5 8 2.82843
5742.5 7 2.64575
5743.5 9 3
5744.5 10 3.16228
5745.5 12 3.4641
5746.5 12 3.4641
5747.5 7 2.64575
5748.5 5 2.23607
5749.5 8 2.82843
5750.5 9 3
5751.5 10 3.16228
5752.5 8 2.82843
5753.5 7 2.64575
5754.5 9 3
5755.5 6 2.44949
5756.5 9 3
5757.5 5 2.23607
5758.5 4 2
5759.5 9 3
5760.5 6 2.44949
5761.5 10 3.16228
5762.5 2 1.41421
5763.5 8 2.82843
5764.5 7 2.64575
5765.5 5 2.23607
5766.5 5 2.23607
5767.5 9 3
5768.5 9 3
5769.5 9 3
5770.5 12 3.4641
5771.5 11 3.31662
5772.5 7 2.64575
5773.5 10 3.16228
5774.5 14 3.74166
5775.5 4 2
5776.5 7 2.64575
5777.5 9 3
5778.5 8 2.82843
5779.5 3 1.73205
5780.5 8 2.82843
5781.5 10 3.16228
5782.5 10 3.16228
5783.5 8 2.82843
5784.5 6 2.44949
5785.5 3 1.73205
5786.5 10 3.16228
5787.5 15 3.87298
5788.5 7 2.64575
5789.5 9 3
5790.5 11 3.31662
5791.5 9 3
5792.5 9 3
5793.5 4 2
5794.5 5 2.23607
5795.5 8 2.82843
5796.5 7 2.64575
5797.5 14 3.74166
5798.5 5 2.23607
5799.5 9 3
5800.5 6 2.44949
5801.5 9 3
5802.5 12 3.4641
5803.5 9 3
5804.5 7 2.64575
5805.5 7 2.64575
5806.5 8 2.82843
5807.5 12 3.4641
5808.5 3 1.73205
5809.5 8 2.82843
5810.5 8 2.82843
5811.5 11 3.31662
5812.5 10 3.16228
5813.5 8 2.82843
5814.5 8 2.82843
5815.5 4 2
5816.5 8 2.82843
5817.5 10 3.16228
5818.5 10 3.16228
5819.5 8 2.82843
5820.5 11 3.31662
5821.5 5 2.23607
5822.5 11 3.31662
5823.5 6 2.44949
5824.5 11 3.31662
5825.5 9 3
5826.5 10 3.16228
5827.5 4 2
5828.5 7 2.64575
5829.5 7 2.64575
5830.5 9 3
5831.5 9 3
5832.5 7 2.64575
5833.5 9 3
5834.5 7 2.64575
5835.5 4 2
5836.5 10 3.16228
5837.5 8 2.82843
5838.5 1 1
5839.5 7 2.64575
5840.5 9 3
5841.5 4 2
5842.5 10 3.16228
5843.5 8 2.82843
5844.5 12 3.4641
5845.5 9 3
5846.5 2 1.41421
5847.5 11 3.31662
5848.5 6 2.44949
5849.5 5 2.23607
5850.5 7 2.64575
5851.5 2 1.41421
5852.5 11 3.31662
5853.5 12 3.4641
5854.5 7 2.64575
5855.5 8 2.82843
5856.5 9 3
5857.5 11 3.31662
5858.5 4 2
5859.5 14 3.74166
5860.5 9 3
5861.5 8 2.82843
5862.5 9 3
5863.5 10 3.16228
5864.5 6 2.44949
5865.5 4 2
5866.5 4 2
5867.5 10 3.16228
5868.5 7 2.64575
5869.5 12 3.4641
5870.5 7 2.64575
5871.5 6 2.44949
5872.5 8 2.82843
5873.5 11 3.31662
5874.5 4 2
5875.5 9 3
5876.5 9 3
5877.5 9 3
5878.5 10 3.16228
5879.5 7 2.64575
5880.5 7 2.64575
5881.5 6 2.44949
5882.5 9 3
5883.5 7 2.64575
5884.5 7 2.64575
5885.5 7 2.64575
5886.5 6 2.44949
5887.5 8 2.82843
5888.5 10 3.16228
5889.5 5 2.23607
5890.5 1 1
5891.5 11 3.31662
5892.5 7 2.64575
5893.5 13 3.60555
5894.5 4 2
5895.5 4 2
5896.5 7 2.64575
5897.5 8 2.82843
5898.5 8 2.82843
5899.5 10 3.16228
5900.5 6 2.44949
5901.5 7 2.64575
5902.5 3 1.73205
5903.5 9 3
5904.5 13 3.60555
5905.5 6 2.44949
5906.5 11 3.31662
5907.5 9 3
5908.5 4 2
5909.5 9 3
5910.5 6 2.44949
5911.5 7 2.64575
5912.5 5 2.23607
5913.5 13 3.60555
5914.5 12 3.4641
5915.5 3 1.73205
5916.5 6 2.44949
5917.5 5 2.23607
5918.5 8 2.82843
5919.5 5 2.23607
5920.5 10 3.16228
5921.5 10 3.16228
5922.5 9 3
5923.5 10 3.16228
5924.5 13 3.60555
5925.5 15 3.87298
5926.5 9 3
5927.5 4 2
5928.5 10 3.16228
5929.5 5 2.23607
5930.5 8 2.82843
5931.5 3 1.73205
5932.5 7 2.64575
5933.5 10 3.16228
5934.5 8 2.82843
5935.5 5 2.23607
5936.5 9 3
5937.5 11 3.31662
5938.5 7 2.64575
5939.5 7 2.64575
5940.5 3 1.73205
5941.5 7 2.64575
5942.5 13 3.60555
5943.5 7 2.64575
5944.5 6 2.44949
5945.5 9 3
5946.5 4 2
5947.5 6 2.44949
5948.5 9 3
5949.5 10 3.16228
5950.5 10 3.16228
5951.5 13 3.60555
5952.5 3 1.73205
5953.5 4 2
5954.5 8 2.82843
5955.5 8 2.82843
5956.5 9 3
5957.5 12 3.4641
5958.5 6 2.44949
5959.5 4 2
5960.5 7 2.64575
5961.5 6 2.44949
5962.5 4 2
5963.5 6 2.44949
5964.5 12 3.4641
5965.5 7 2.64575
5966.5 5 2.23607
5967.5 7 2.64575
5968.5 13 3.60555
5969.5 4 2
5970.5 5 2.23607
5971.5 9 3
5972.5 4 2
5973.5 9 3
5974.5 9 3
5975.5 6 2.44949
5976.5 9 3
5977.5 7 2.64575
5978.5 7 2.64575
5979.5 7 2.64575
5980.5 14 3.74166
5981.5 7 2.64575
5982.5 7 2.64575
5983.5 7 2.64575
5984.5 3 1.73205
5985.5 5 2.23607
5986.5 5 2.23607
5987.5 8 2.82843
5988.5 10 3.16228
5989.5 6 2.44949
5990.5 1 1
5991.5 7 2.64575
5992.5 9 3
5993.5 5 2.23607
5994.5 11 3.31662
5995.5 10 3.16228
5996.5 10 3.16228
5997.5 4 2
5998.5 7 2.64575
5999.5 9 3
6000.5 8 2.82843
6001.5 4 2
6002.5 9 3
6003.5 8 2.82843
6004.5 8 2.82843
6005.5 7 2.64575
6006.5 9 3
6007.5 10 3.16228
6008.5 7 2.64575
6009.5 5 2.23607
6010.5 7 2.64575
6011.5 7 2.64575
6012.5 8 2.82843
6013.5 6 2.44949
6014.5 7 2.64575
6015.5 7 2.64575
6016.5 4 2
6017.5 8 2.82843
6018.5 14 3.74166
6019.5 7 2.64575
6020.5 4 2
6021.5 4 2
6022.5 7 2.64575
6023.5 5 2.23607
6024.5 8 2.82843
6025.5 14 3.74166
6026.5 13 3.60555
6027.5 14 3.74166
6028.5 7 2.64575
6029.5 7 2.64575
6030.5 6 2.44949
6031.5 13 3.60555
6032.5 10 3.16228
6033.5 5 2.23607
6034.5 5 2.23607
6035.5 12 3.4641
6036.5 7 2.64575
6037.5 6 2.44949
6038.5 8 2.82843
6039.5 11 3.31662
6040.5 11 3.31662
6041.5 7 2.64575
6042.5 10 3.16228
6043.5 8 2.82843
6044.5 7 2.64575
6045.5 11 3.31662
6046.5 7 2.64575
6047.5 8 2.82843
6048.5 7 2.64575
6049.5 7 2.64575
6050.5 12 3.4641
6051.5 4 2
6052.5 5 2.23607
6053.5 8 2.82843
6054.5 2 1.41421
6055.5 5 2.23607
6056.5 7 2.64575
6057.5 7 2.64575
6058.5 9 3
6059.5 7 2.64575
6060.5 4 2
6061.5 9 3
6062.5 9 3
6063.5 7 2.64575
6064.5 6 2.44949
6065.5 12 3.4641
6066.5 7 2.64575
6067.5 11 3.31662
6068.5 8 2.82843
6069.5 13 3.60555
6070.5 11 3.31662
6071.5 11 3.31662
6072.5 9 3
6073.5 13 3.60555
6074.5 12 3.4641
6075.5 8 2.82843
6076.5 10 3.16228
6077.5 14 3.74166
6078.5 9 3
6079.5 10 3.16228
6080.5 17 4.12311
6081.5 13 3.60555
6082.5 9 3
6083.5 10 3.16228
6084.5 10 3.16228
6085.5 9 3
6086.5 14 3.74166
6087.5 12 3.4641
6088.5 7 2.64575
6089.5 11 3.31662
6090.5 6 2.44949
6091.5 4 2
6092.5 8 2.82843
6093.5 5 2.23607
6094.5 10 3.16228
6095.5 9 3
6096.5 8 2.82843
6097.5 2 1.41421
6098.5 4 2
6099.5 3 1.73205
6100.5 12 3.4641
6101.5 7 2.64575
6102.5 7 2.64575
6103.5 9 3
6104.5 8 2.82843
6105.5 7 2.64575
6106.5 12 3.4641
6107.5 13 3.60555
6108.5 6 2.44949
6109.5 10 3.16228
6110.5 4 2
6111.5 11 3.31662
6112.5 11 3.31662
6113.5 10 3.16228
6114.5 3 1.73205
6115.5 5 2.23607
6116.5 9 3
6117.5 6 2.44949
6118.5 8 2.82843
6119.5 5 2.23607
6120.5 4 2
6121.5 7 2.64575
6122.5 7 2.64575
6123.5 6 2.44949
6124.5 6 2.44949
6125.5 4 2
6126.5 8 2.82843
6127.5 3 1.73205
6128.5 9 3
6129.5 5 2.23607
6130.5 8 2.82843
6131.5 5 2.23607
6132.5 13 3.60555
6133.5 1 1
6134.5 6 2.44949
6135.5 8 2.82843
6136.5 3 1.73205
6137.5 8 2.82843
6138.5 10 3.16228
6139.5 4 2
6140.5 12 3.4641
6141.5 7 2.64575
6142.5 7 2.64575
6143.5 4 2
6144.5 9 3
6145.5 6 2.44949
6146.5 7 2.64575
6147.5 6 2.44949
6148.5 5 2.23607
6149.5 8 2.82843
6150.5 5 2.23607
6151.5 3 1.73205
6152.5 8 2.82843
6153.5 10 3.16228
6154.5 6 2.44949
6155.5 3 1.73205
6156.5 13 3.60555
6157.5 4 2
6158.5 4 2
6159.5 8 2.82843
6160.5 8 2.82843
6161.5 5 2.23607
6162.5 6 2.44949
6163.5 7 2.64575
6164.5 11 3.31662
6165.5 6 2.44949
6166.5 12 3.4641
6167.5 7 2.64575
6168.5 12 3.4641
6169.5 9 3
6170.5 3 1.73205
6171.5 8 2.82843
6172.5 6 2.44949
6173.5 6 2.44949
6174.5 8 2.82843
6175.5 5 2.23607
6176.5 7 2.64575
6177.5 5 2.23607
6178.5 11 3.31662
6179.5 8 2.82843
6180.5 7 2.64575
6181.5 6 2.44949
6182.5 7 2.64575
6183.5 6 2.44949
6184.5 2 1.41421
6185.5 11 3.31662
6186.5 8 2.82843
6187.5 11 3.31662
6188.5 11 3.31662
6189.5 7 2.64575
6190.5 5 2.23607
6191.5 12 3.4641
6192.5 4 2
6193.5 4 2
6194.5 9 3
6195.5 5 2.23607
6196.5 8 2.82843
6197.5 7 2.64575
6198.5 8 2.82843
6199.5 5 2.23607
6200.5 9 3
6201.5 6 2.44949
6202.5 4 2
6203.5 9 3
6204.5 7 2.64575
6205.5 3 1.73205
6206.5 7 2.64575
6207.5 8 2.82843
6208.5 6 2.44949
6209.5 7 2.64575
6210.5 6 2.44949
6211.5 4 2
6212.5 9 3
6213.5 8 2.82843
6214.5 7 2.64575
6215.5 4 2
6216.5 4 2
6217.5 6 2.44949
6218.5 3 1.73205
6219.5 7 2.64575
6220.5 10 3.16228
6221.5 5 2.23607
6222.5 5 2.23607
6223.5 5 2.23607
6224.5 4 2
6225.5 12 3.4641
6226.5 3 1.73205
6227.5 4 2
6228.5 3 1.73205
6229.5 9 3
6230.5 7 2.64575
6231.5 6 2.44949
6232.5 8 2.82843
6233.5 8 2.82843
6234.5 6 2.44949
6235.5 6 2.44949
6236.5 6 2.44949
6237.5 7 2.64575
6238.5 9 3
6239.5 12 3.4641
6240.5 3 1.73205
6241.5 7 2.64575
6242.5 8 2.82843
6243.5 7 2.64575
6244.5 5 2.23607
6245.5 5 2.23607
6246.5 10 3.16228
6247.5 14 3.74166
6248.5 8 2.82843
6249.5 5 2.23607
6250.5 4 2
6251.5 8 2.82843
6252.5 9 3
6253.5 5 2.23607
6254.5 5 2.23607
6255.5 6 2.44949
6256.5 3 1.73205
6257.5 5 2.23607
6258.5 4 2
6259.5 4 2
6260.5 11 3.31662
6261.5 5 2.23607
6262.5 10 3.16228
6263.5 11 3.31662
6264.5 7 2.64575
6265.5 5 2.23607
6266.5 4 2
6267.5 4 2
6268.5 10 3.16228
6269.5 11 3.31662
6270.5 7 2.64575
6271.5 8 2.82843
6272.5 7 2.64575
6273.5 5 2.23607
6274.5 3 1.73205
6275.5 7 2.64575
6276.5 9 3
6277.5 6 2.44949
6278.5 8 2.82843
6279.5 6 2.44949
6280.5 7 2.64575
6281.5 6 2.44949
6282.5 9 3
6283.5 6 2.44949
6284.5 10 3.16228
6285.5 11 3.31662
6286.5 9 3
6287.5 7 2.64575
6288.5 8 2.82843
6289.5 7 2.64575
6290.5 11 3.31662
6291.5 8 2.82843
6292.5 5 2.23607
6293.5 3 1.73205
6294.5 4 2
6295.5 4 2
6296.5 12 3.4641
6297.5 6 2.44949
6298.5 8 2.82843
6299.5 10 3.16228
6300.5 12 3.4641
6301.5 7 2.64575
6302.5 6 2.44949
6303.5 11 3.31662
6304.5 5 2.23607
6305.5 5 2.23607
6306.5 6 2.44949
6307.5 9 3
6308.5 7 2.64575
6309.5 4 2
6310.5 9 3
6311.5 10 3.16228
6312.5 3 1.73205
6313.5 11 3.31662
6314.5 5 2.23607
6315.5 10 3.16228
6316.5 5 2.23607
6317.5 8 2.82843
6318.5 4 2
6319.5 11 3.31662
6320.5 14 3.74166
6321.5 7 2.64575
6322.5 6 2.44949
6323.5 12 3.4641
6324.5 8 2.82843
6325.5 5 2.23607
6326.5 8 2.82843
6327.5 4 2
6328.5 8 2.82843
6329.5 6 2.44949
6330.5 12 3.4641
6331.5 8 2.82843
6332.5 10 3.16228
6333.5 7 2.64575
6334.5 9 3
6335.5 5 2.23607
6336.5 8 2.82843
6337.5 5 2.23607
6338.5 11 3.31662
6339.5 3 1.73205
6340.5 11 3.31662
6341.5 12 3.4641
6342.5 6 2.44949
6343.5 11 3.31662
6344.5 7 2.64575
6345.5 9 3
6346.5 8 2.82843
6347.5 1 1
6348.5 11 3.31662
6349.5 6 2.44949
6350.5 7 2.64575
6351.5 4 2
6352.5 6 2.44949
6353.5 10 3.16228
6354.5 5 2.23607
6355.5 10 3.16228
6356.5 12 3.4641
6357.5 7 2.64575
6358.5 8 2.82843
6359.5 8 2.82843
6360.5 7 2.64575
6361.5 6 2.44949
6362.5 8 2.82843
6363.5 6 2.44949
6364.5 3 1.73205
6365.5 3 1.73205
6366.5 8 2.82843
6367.5 4 2
6368.5 9 3
6369.5 7 2.64575
6370.5 6 2.44949
6371.5 6 2.44949
6372.5 6 2.44949
6373.5 7 2.64575
6374.5 13 3.60555
6375.5 7 2.64575
6376.5 6 2.44949
6377.5 9 3
6378.5 4 2
6379.5 6 2.44949
6380.5 6 2.44949
6381.5 8 2.82843
6382.5 7 2.64575
6383.5 7 2.64575
6384.5 7 2.64575
6385.5 10 3.16228
6386.5 2 1.41421
6387.5 5 2.23607
6388.5 7 2.64575
6389.5 12 3.4641
6390.5 7 2.64575
6391.5 5 2.23607
6392.5 4 2
6393.5 7 2.64575
6394.5 11 3.31662
6395.5 6 2.44949
6396.5 8 2.82843
6397.5 4 2
6398.5 7 2.64575
6399.5 5 2.23607
6400.5 8 2.82843
6401.5 6 2.44949
6402.5 5 2.23607
6403.5 6 2.44949
6404.5 12 3.4641
6405.5 7 2.64575
6406.5 11 3.31662
6407.5 7 2.64575
6408.5 3 1.73205
6409.5 4 2
6410.5 7 2.64575
6411.5 7 2.64575
6412.5 11 3.31662
6413.5 10 3.16228
6414.5 6 2.44949
6415.5 5 2.23607
6416.5 9 3
6417.5 9 3
6418.5 8 2.82843
6419.5 9 3
6420.5 4 2
6421.5 7 2.64575
6422.5 5 2.23607
6423.5 3 1.73205
6424.5 7 2.64575
6425.5 6 2.44949
6426.5 5 2.23607
6427.5 6 2.44949
6428.5 7 2.64575
6429.5 5 2.23607
6430.5 15 3.87298
6431.5 5 2.23607
6432.5 6 2.44949
6433.5 9 3
6434.5 4 2
6435.5 12 3.4641
6436.5 8 2.82843
6437.5 9 3
6438.5 8 2.82843
6439.5 5 2.23607
6440.5 8 2.82843
6441.5 6 2.44949
6442.5 6 2.44949
6443.5 7 2.64575
6444.5 4 2
6445.5 4 2
6446.5 6 2.44949
6447.5 4 2
6448.5 6 2.44949
6449.5 6 2.44949
6450.5 4 2
6451.5 3 1.73205
6452.5 7 2.64575
6453.5 6 2.44949
6454.5 5 2.23607
6455.5 9 3
6456.5 8 2.82843
6457.5 8 2.82843
6458.5 9 3
6459.5 5 2.23607
6460.5 4 2
6461.5 3 1.73205
6462.5 8 2.82843
6463.5 10 3.16228
6464.5 14 3.74166
6465.5 10 3.16228
6466.5 10 3.16228
6467.5 6 2.44949
6468.5 8 2.82843
6469.5 7 2.64575
6470.5 8 2.82843
6471.5 5 2.23607
6472.5 5 2.23607
6473.5 6 2.44949
6474.5 4 2
6475.5 7 2.64575
6476.5 7 2.64575
6477.5 10 3.16228
6478.5 6 2.44949
6479.5 2 1.41421
6480.5 10 3.16228
6481.5 2 1.41421
6482.5 3 1.73205
6483.5 4 2
6484.5 7 2.64575
6485.5 10 3.16228
6486.5 6 2.44949
6487.5 10 3.16228
6488.5 4 2
6489.5 6 2.44949
6490.5 11 3.31662
6491.5 4 2
6492.5 11 3.31662
6493.5 12 3.4641
6494.5 13 3.60555
6495.5 6 2.44949
6496.5 7 2.64575
6497.5 9 3
6498.5 9 3
6499.5 5 2.23607
6500.5 5 2.23607
6501.5 9 3
6502.5 6 2.44949
6503.5 5 2.23607
6504.5 14 3.74166
6505.5 6 2.44949
6506.5 6 2.44949
6507.5 14 3.74166
6508.5 9 3
6509.5 8 2.82843
6510.5 7 2.64575
6511.5 6 2.44949
6512.5 4 2
6513.5 1 1
6514.5 5 2.23607
6515.5 6 2.44949
6516.5 7 2.64575
6517.5 7 2.64575
6518.5 7 2.64575
6519.5 11 3.31662
6520.5 3 1.73205
6521.5 4 2
6522.5 9 3
6523.5 6 2.44949
6524.5 5 2.23607
6525.5 6 2.44949
6526.5 6 2.44949
6527.5 7 2.64575
6528.5 7 2.64575
6529.5 5 2.23607
6530.5 10 3.16228
6531.5 6 2.44949
6532.5 6 2.44949
6533.5 6 2.44949
6534.5 8 2.82843
6535.5 8 2.82843
6536.5 3 1.73205
6537.5 8 2.82843
6538.5 4 2
6539.5 10 3.16228
6540.5 8 2.82843
6541.5 9 3
6542.5 8 2.82843
6543.5 6 2.44949
6544.5 6 2.44949
6545.5 7 2.64575
6546.5 8 2.82843
6547.5 5 2.23607
6548.5 7 2.64575
6549.5 7 2.64575
6550.5 6 2.44949
6551.5 10 3.16228
6552.5 5 2.23607
6553.5 8 2.82843
6554.5 7 2.64575
6555.5 9 3
6556.5 5 2.23607
6557.5 10 3.16228
6558.5 6 2.44949
6559.5 9 3
6560.5 4 2
6561.5 4 2
6562.5 10 3.16228
6563.5 9 3
6564.5 9 3
6565.5 7 2.64575
6566.5 8 2.82843
6567.5 6 2.44949
6568.5 8 2.82843
6569.5 11 3.31662
6570.5 9 3
6571.5 4 2
6572.5 12 3.4641
6573.5 12 3.4641
6574.5 5 2.23607
6575.5 12 3.4641
6576.5 6 2.44949
6577.5 8 2.82843
6578.5 11 3.31662
6579.5 13 3.60555
6580.5 5 2.23607
6581.5 6 2.44949
6582.5 7 2.64575
6583.5 5 2.23607
6584.5 10 3.16228
6585.5 10 3.16228
6586.5 11 3.31662
6587.5 8 2.82843
6588.5 9 3
6589.5 5 2.23607
6590.5 6 2.44949
6591.5 6 2.44949
6592.5 5 2.23607
6593.5 6 2.44949
6594.5 3 1.73205
6595.5 8 2.82843
6596.5 6 2.44949
6597.5 7 2.64575
6598.5 4 2
6599.5 8 2.82843
6600.5 11 3.31662
6601.5 4 2
6602.5 7 2.64575
6603.5 11 3.31662
6604.5 3 1.73205
6605.5 5 2.23607
6606.5 9 3
6607.5 6 2.44949
6608.5 3 1.73205
6609.5 5 2.23607
6610.5 8 2.82843
6611.5 5 2.23607
6612.5 5 2.23607
6613.5 7 2.64575
6614.5 8 2.82843
6615.5 7 2.64575
6616.5 4 2
6617.5 9 3
6618.5 9 3
6619.5 6 2.44949
6620.5 9 3
6621.5 6 2.44949
6622.5 6 2.44949
6623.5 5 2.23607
6624.5 11 3.31662
6625.5 7 2.64575
6626.5 7 2.64575
6627.5 8 2.82843
6628.5 7 2.64575
6629.5 4 2
6630.5 9 3
6631.5 9 3
6632.5 4 2
6633.5 3 1.73205
6634.5 3 1.73205
6635.5 4 2
6636.5 8 2.82843
6637.5 12 3.4641
6638.5 11 3.31662
6639.5 13 3.60555
6640.5 7 2.64575
6641.5 5 2.23607
6642.5 4 2
6643.5 6 2.44949
6644.5 6 2.44949
6645.5 5 2.23607
6646.5 4 2
6647.5 7 2.64575
6648.5 3 1.73205
6649.5 7 2.64575
6650.5 5 2.23607
6651.5 6 2.44949
6652.5 10 3.16228
6653.5 5 2.23607
6654.5 12 3.4641
6655.5 2 1.41421
6656.5 4 2
6657.5 3 1.73205
6658.5 3 1.73205
6659.5 13 3.60555
6660.5 6 2.44949
6661.5 7 2.64575
6662.5 13 3.60555
6663.5 7 2.64575
6664.5 5 2.23607
6665.5 11 3.31662
6666.5 9 3
6667.5 9 3
6668.5 3 1.73205
6669.5 4 2
6670.5 8 2.82843
6671.5 6 2.44949
6672.5 4 2
6673.5 9 3
6674.5 7 2.64575
6675.5 8 2.82843
6676.5 10 3.16228
6677.5 4 2
6678.5 4 2
6679.5 6 2.44949
6680.5 9 3
6681.5 15 3.87298
6682.5 12 3.4641
6683.5 6 2.44949
6684.5 10 3.16228
6685.5 15 3.87298
6686.5 8 2.82843
6687.5 10 3.16228
6688.5 10 3.16228
6689.5 9 3
6690.5 5 2.23607
6691.5 12 3.4641
6692.5 8 2.82843
6693.5 5 2.23607
6694.5 5 2.23607
6695.5 7 2.64575
6696.5 10 3.16228
6697.5 2 1.41421
6698.5 3 1.73205
6699.5 9 3
6700.5 6 2.44949
6701.5 7 2.64575
6702.5 13 3.60555
6703.5 4 2
6704.5 4 2
6705.5 10 3.16228
6706.5 8 2.82843
6707.5 10 3.16228
6708.5 10 3.16228
6709.5 11 3.31662
6710.5 7 2.64575
6711.5 7 2.64575
6712.5 9 3
6713.5 6 2.44949
6714.5 10 3.16228
6715.5 10 3.16228
6716.5 9 3
6717.5 10 3.16228
6718.5 7 2.64575
6719.5 10 3.16228
6720.5 14 3.74166
6721.5 10 3.16228
6722.5 9 3
6723.5 9 3
6724.5 6 2.44949
6725.5 7 2.64575
6726.5 10 3.16228
6727.5 5 2.23607
6728.5 8 2.82843
6729.5 11 3.31662
6730.5 9 3
6731.5 8 2.82843
6732.5 8 2.82843
6733.5 14 3.74166
6734.5 5 2.23607
6735.5 2 1.41421
6736.5 6 2.44949
6737.5 8 2.82843
6738.5 2 1.41421
6739.5 5 2.23607
6740.5 9 3
6741.5 6 2.44949
6742.5 9 3
6743.5 10 3.16228
6744.5 1 1
6745.5 5 2.23607
6746.5 5 2.23607
6747.5 8 2.82843
6748.5 6 2.44949
6749.5 9 3
6750.5 3 1.73205
6751.5 6 2.44949
6752.5 6 2.44949
6753.5 10 3.16228
6754.5 6 2.44949
6755.5 7 2.64575
6756.5 4 2
6757.5 10 3.16228
6758.5 10 3.16228
6759.5 5 2.23607
6760.5 6 2.44949
6761.5 10 3.16228
6762.5 6 2.44949
6763.5 6 2.44949
6764.5 15 3.87298
6765.5 4 2
6766.5 3 1.73205
6767.5 7 2.64575
6768.5 5 2.23607
6769.5 11 3.31662
6770.5 5 2.23607
6771.5 8 2.82843
6772.5 8 2.82843
6773.5 2 1.41421
6774.5 8 2.82843
6775.5 5 2.23607
6776.5 7 2.64575
6777.5 5 2.23607
6778.5 11 3.31662
6779.5 10 3.16228
6780.5 8 2.82843
6781.5 6 2.44949
6782.5 5 2.23607
6783.5 11 3.31662
6784.5 7 2.64575
6785.5 6 2.44949
6786.5 6 2.44949
6787.5 5 2.23607
6788.5 2 1.41421
6789.5 5 2.23607
6790.5 7 2.64575
6791.5 6 2.44949
6792.5 8 2.82843
6793.5 9 3
6794.5 7 2.64575
6795.5 6 2.44949
6796.5 5 2.23607
6797.5 4 2
6798.5 3 1.73205
6799.5 5 2.23607
6800.5 6 2.44949
6801.5 6 2.44949
6802.5 8 2.82843
6803.5 9 3
6804.5 9 3
6805.5 5 2.23607
6806.5 6 2.44949
6807.5 6 2.44949
6808.5 7 2.64575
6809.5 4 2
6810.5 6 2.44949
6811.5 3 1.73205
6812.5 9 3
6813.5 11 3.31662
6814.5 7 2.64575
6815.5 7 2.64575
6816.5 5 2.23607
6817.5 8 2.82843
6818.5 7 2.64575
6819.5 11 3.31662
6820.5 8 2.82843
6821.5 11 3.31662
6822.5 9 3
6823.5 3 1.73205
6824.5 5 2.23607
6825.5 9 3
6826.5 6 2.44949
6827.5 9 3
6828.5 3 1.73205
6829.5 4 2
6830.5 5 2.23607
6831.5 6 2.44949
6832.5 5 2.23607
6833.5 3 1.73205
6834.5 7 2.64575
6835.5 7 2.64575
6836.5 7 2.64575
6837.5 1 1
6838.5 10 3.16228
6839.5 6 2.44949
6840.5 6 2.44949
6841.5 4 2
6842.5 8 2.82843
6843.5 6 2.44949
6844.5 8 2.82843
6845.5 7 2.64575
6846.5 4 2
6847.5 8 2.82843
6848.5 5 2.23607
6849.5 10 3.16228
6850.5 6 2.44949
6851.5 5 2.23607
6852.5 9 3
6853.5 7 2.64575
6854.5 5 2.23607
6855.5 4 2
6856.5 9 3
6857.5 9 3
6858.5 12 3.4641
6859.5 4 2
6860.5 9 3
6861.5 7 2.64575
6862.5 6 2.44949
6863.5 10 3.16228
6864.5 8 2.82843
6865.5 5 2.23607
6866.5 7 2.64575
6867.5 7 2.64575
6868.5 6 2.44949
6869.5 4 2
6870.5 4 2
6871.5 7 2.64575
6872.5 9 3
6873.5 7 2.64575
6874.5 10 3.16228
6875.5 8 2.82843
6876.5 7 2.64575
6877.5 11 3.31662
6878.5 4 2
6879.5 9 3
6880.5 6 2.44949
6881.5 8 2.82843
6882.5 10 3.16228
6883.5 3 1.73205
6884.5 3 1.73205
6885.5 9 3
6886.5 4 2
6887.5 8 2.82843
6888.5 8 2.82843
6889.5 3 1.73205
6890.5 9 3
6891.5 6 2.44949
6892.5 7 2.64575
6893.5 8 2.82843
6894.5 8 2.82843
6895.5 8 2.82843
6896.5 10 3.16228
6897.5 5 2.23607
6898.5 6 2.44949
6899.5 8 2.82843
6900.5 12 3.4641
6901.5 5 2.23607
6902.5 11 3.31662
6903.5 7 2.64575
6904.5 12 3.4641
6905.5 8 2.82843
6906.5 8 2.82843
6907.5 9 3
6908.5 9 3
6909.5 8 2.82843
6910.5 5 2.23607
6911.5 9 3
6912.5 8 2.82843
6913.5 4 2
6914.5 9 3
6915.5 8 2.82843
6916.5 7 2.64575
6917.5 10 3.16228
6918.5 5 2.23607
6919.5 7 2.64575
6920.5 9 3
6921.5 8 2.82843
6922.5 9 3
6923.5 10 3.16228
6924.5 9 3
6925.5 6 2.44949
6926.5 11 3.31662
6927.5 9 3
6928.5 6 2.44949
6929.5 5 2.23607
6930.5 5 2.23607
6931.5 5 2.23607
6932.5 10 3.16228
6933.5 7 2.64575
6934.5 4 2
6935.5 8 2.82843
6936.5 10 3.16228
6937.5 9 3
6938.5 9 3
6939.5 8 2.82843
6940.5 6 2.44949
6941.5 5 2.23607
6942.5 8 2.82843
6943.5 8 2.82843
6944.5 8 2.82843
6945.5 8 2.82843
6946.5 8 2.82843
6947.5 9 3
6948.5 13 3.60555
6949.5 5 2.23607
6950.5 9 3
6951.5 11 3.31662
6952.5 8 2.82843
6953.5 8 2.82843
6954.5 4 2
6955.5 8 2.82843
6956.5 9 3
6957.5 7 2.64575
6958.5 2 1.41421
6959.5 1 1
6960.5 6 2.44949
6961.5 7 2.64575
6962.5 6 2.44949
6963.5 5 2.23607
6964.5 10 3.16228
6965.5 11 3.31662
6966.5 10 3.16228
6967.5 6 2.44949
6968.5 6 2.44949
6969.5 3 1.73205
6970.5 5 2.23607
6971.5 4 2
6972.5 6 2.44949
6973.5 4 2
6974.5 7 2.64575
6975.5 3 1.73205
6976.5 8 2.82843
6977.5 5 2.23607
6978.5 8 2.82843
6979.5 5 2.23607
6980.5 9 3
6981.5 5 2.23607
6982.5 8 2.82843
6983.5 5 2.23607
6984.5 5 2.23607
6985.5 10 3.16228
6986.5 3 1.73205
6987.5 3 1.73205
6988.5 3 1.73205
6989.5 8 2.82843
6990.5 5 2.23607
6991.5 6 2.44949
6992.5 9 3
6993.5 4 2
6994.5 8 2.82843
6995.5 6 2.44949
6996.5 8 2.82843
6997.5 4 2
6998.5 9 3
6999.5 8 2.82843
7000.5 11 3.31662
7001.5 5 2.23607
7002.5 5 2.23607
7003.5 9 3
7004.5 8 2.82843
7005.5 8 2.82843
7006.5 5 2.23607
7007.5 7 2.64575
7008.5 6 2.44949
7009.5 10 3.16228
7010.5 9 3
7011.5 7 2.64575
7012.5 7 2.64575
7013.5 8 2.82843
7014.5 8 2.82843
7015.5 8 2.82843
7016.5 4 2
7017.5 2 1.41421
7018.5 10 3.16228
7019.5 13 3.60555
7020.5 7 2.64575
7021.5 13 3.60555
7022.5 3 1.73205
7023.5 11 3.31662
7024.5 10 3.16228
7025.5 14 3.74166
7026.5 10 3.16228
7027.5 15 3.87298
7028.5 6 2.44949
7029.5 12 3.4641
7030.5 15 3.87298
7031.5 19 4.3589
7032.5 12 3.4641
7033.5 25 5
7034.5 18 4.24264
7035.5 21 4.58258
7036.5 23 4.79583
7037.5 19 4.3589
7038.5 16 4
7039.5 17 4.12311
7040.5 13 3.60555
7041.5 17 4.12311
7042.5 20 4.47214
7043.5 17 4.12311
7044.5 23 4.79583
7045.5 23 4.79583
7046.5 16 4
7047.5 10 3.16228
7048.5 6 2.44949
7049.5 11 3.31662
7050.5 16 4
7051.5 4 2
7052.5 10 3.16228
7053.5 7 2.64575
7054.5 5 2.23607
7055.5 6 2.44949
7056.5 5 2.23607
7057.5 16 4
7058.5 9 3
7059.5 5 2.23607
7060.5 11 3.31662
7061.5 3 1.73205
7062.5 10 3.16228
7063.5 5 2.23607
7064.5 6 2.44949
7065.5 8 2.82843
7066.5 6 2.44949
7067.5 3 1.73205
7068.5 7 2.64575
7069.5 8 2.82843
7070.5 5 2.23607
7071.5 11 3.31662
7072.5 7 2.64575
7073.5 4 2
7074.5 10 3.16228
7075.5 3 1.73205
7076.5 7 2.64575
7077.5 11 3.31662
7078.5 10 3.16228
7079.5 7 2.64575
7080.5 7 2.64575
7081.5 6 2.44949
7082.5 10 3.16228
7083.5 9 3
7084.5 8 2.82843
7085.5 7 2.64575
7086.5 10 3.16228
7087.5 5 2.23607
7088.5 5 2.23607
7089.5 3 1.73205
7090.5 4 2
7091.5 8 2.82843
7092.5 2 1.41421
7093.5 4 2
7094.5 4 2
7095.5 8 2.82843
7096.5 3 1.73205
7097.5 14 3.74166
7098.5 7 2.64575
7099.5 8 2.82843
7100.5 5 2.23607
7101.5 9 3
7102.5 5 2.23607
7103.5 5 2.23607
7104.5 10 3.16228
7105.5 12 3.4641
7106.5 4 2
7107.5 7 2.64575
7108.5 3 1.73205
7109.5 5 2.23607
7110.5 6 2.44949
7111.5 9 3
7112.5 4 2
7113.5 14 3.74166
7114.5 7 2.64575
7115.5 6 2.44949
7116.5 10 3.16228
7117.5 7 2.64575
7118.5 4 2
7119.5 10 3.16228
7120.5 5 2.23607
7121.5 12 3.4641
7122.5 4 2
7123.5 4 2
7124.5 4 2
7125.5 6 2.44949
7126.5 5 2.23607
7127.5 10 3.16228
7128.5 5 2.23607
7129.5 5 2.23607
7130.5 2 1.41421
7131.5 5 2.23607
7132.5 10 3.16228
7133.5 2 1.41421
7134.5 8 2.82843
7135.5 4 2
7136.5 8 2.82843
7137.5 5 2.23607
7138.5 5 2.23607
7139.5 4 2
7140.5 9 3
7141.5 4 2
7142.5 6 2.44949
7143.5 13 3.60555
7144.5 4 2
7145.5 9 3
7146.5 7 2.64575
7147.5 6 2.44949
7148.5 7 2.64575
7149.5 6 2.44949
7150.5 3 1.73205
7151.5 10 3.16228
7152.5 4 2
7153.5 8 2.82843
7154.5 8 2.82843
7155.5 10 3.16228
7156.5 4 2
7157.5 9 3
7158.5 9 3
7159.5 8 2.82843
7160.5 10 3.16228
7161.5 4 2
7162.5 6 2.44949
7163.5 6 2.44949
7164.5 7 2.64575
7165.5 11 3.31662
7166.5 7 2.64575
7167.5 7 2.64575
7168.5 5 2.23607
7169.5 8 2.82843
7170.5 9 3
7171.5 8 2.82843
7172.5 4 2
7173.5 7 2.64575
7174.5 6 2.44949
7175.5 7 2.64575
7176.5 5 2.23607
7177.5 5 2.23607
7178.5 10 3.16228
7179.5 7 2.64575
7180.5 8 2.82843
7181.5 10 3.16228
7182.5 3 1.73205
7183.5 8 2.82843
7184.5 6 2.44949
7185.5 5 2.23607
7186.5 7 2.64575
7187.5 7 2.64575
7188.5 12 3.4641
7189.5 7 2.64575
7190.5 11 3.31662
7191.5 4 2
7192.5 7 2.64575
7193.5 20 4.47214
7194.5 4 2
7195.5 12 3.4641
7196.5 7 2.64575
7197.5 6 2.44949
7198.5 9 3
7199.5 10 3.16228
7200.5 4 2
7201.5 6 2.44949
7202.5 3 1.73205
7203.5 13 3.60555
7204.5 6 2.44949
7205.5 9 3
7206.5 9 3
7207.5 11 3.31662
7208.5 6 2.44949
7209.5 3 1.73205
7210.5 4 2
7211.5 6 2.44949
7212.5 5 2.23607
7213.5 4 2
7214.5 6 2.44949
7215.5 9 3
7216.5 5 2.23607
7217.5 4 2
7218.5 8 2.82843
7219.5 5 2.23607
7220.5 8 2.82843
7221.5 8 2.82843
7222.5 5 2.23607
7223.5 7 2.64575
7224.5 7 2.64575
7225.5 9 3
7226.5 9 3
7227.5 7 2.64575
7228.5 6 2.44949
7229.5 8 2.82843
7230.5 5 2.23607
7231.5 4 2
7232.5 7 2.64575
7233.5 2 1.41421
7234.5 7 2.64575
7235.5 6 2.44949
7236.5 6 2.44949
7237.5 7 2.64575
7238.5 4 2
7239.5 8 2.82843
7240.5 9 3
7241.5 4 2
7242.5 8 2.82843
7243.5 9 3
7244.5 5 2.23607
7245.5 8 2.82843
7246.5 7 2.64575
7247.5 3 1.73205
7248.5 6 2.44949
7249.5 10 3.16228
7250.5 7 2.64575
7251.5 3 1.73205
7252.5 8 2.82843
7253.5 4 2
7254.5 4 2
7255.5 4 2
7256.5 5 2.23607
7257.5 6 2.44949
7258.5 7 2.64575
7259.5 6 2.44949
7260.5 3 1.73205
7261.5 8 2.82843
7262.5 9 3
7263.5 7 2.64575
7264.5 14 3.74166
7265.5 13 3.60555
7266.5 2 1.41421
7267.5 10 3.16228
7268.5 4 2
7269.5 9 3
7270.5 3 1.73205
7271.5 8 2.82843
7272.5 12 3.4641
7273.5 12 3.4641
7274.5 6 2.44949
7275.5 8 2.82843
7276.5 9 3
7277.5 10 3.16228
7278.5 9 3
7279.5 7 2.64575
7280.5 4 2
7281.5 4 2
7282.5 7 2.64575
7283.5 1 1
7284.5 8 2.82843
7285.5 6 2.44949
7286.5 8 2.82843
7287.5 2 1.41421
7288.5 5 2.23607
7289.5 7 2.64575
7290.5 7 2.64575
7291.5 8 2.82843
7292.5 9 3
7293.5 9 3
7294.5 7 2.64575
7295.5 5 2.23607
7296.5 6 2.44949
7297.5 5 2.23607
7298.5 4 2
7299.5 6 2.44949
7300.5 5 2.23607
7301.5 8 2.82843
7302.5 8 2.82843
7303.5 5 2.23607
7304.5 3 1.73205
7305.5 4 2
7306.5 4 2
7307.5 11 3.31662
7308.5 8 2.82843
7309.5 9 3
7310.5 5 2.23607
7311.5 7 2.64575
7312.5 8 2.82843
7313.5 8 2.82843
7314.5 4 2
7315.5 2 1.41421
7316.5 4 2
7317.5 5 2.23607
7318.5 5 2.23607
7319.5 7 2.64575
7320.5 6 2.44949
7321.5 7 2.64575
7322.5 4 2
7323.5 5 2.23607
7324.5 7 2.64575
7325.5 4 2
7326.5 5 2.23607
7327.5 12 3.4641
7328.5 8 2.82843
7329.5 1 1
7330.5 3 1.73205
7331.5 7 2.64575
7332.5 6 2.44949
7333.5 8 2.82843
7334.5 3 1.73205
7335.5 13 3.60555
7336.5 6 2.44949
7337.5 5 2.23607
7338.5 6 2.44949
7339.5 8 2.82843
7340.5 7 2.64575
7341.5 6 2.44949
7342.5 8 2.82843
7343.5 7 2.64575
7344.5 2 1.41421
7345.5 6 2.44949
7346.5 7 2.64575
7347.5 4 2
7348.5 11 3.31662
7349.5 10 3.16228
7350.5 11 3.31662
7351.5 5 2.23607
7352.5 7 2.64575
7353.5 6 2.44949
7354.5 11 3.31662
7355.5 9 3
7356.5 7 2.64575
7357.5 8 2.82843
7358.5 4 2
7359.5 10 3.16228
7360.5 6 2.44949
7361.5 6 2.44949
7362.5 4 2
7363.5 9 3
7364.5 6 2.44949
7365.5 6 2.44949
7366.5 6 2.44949
7367.5 5 2.23607
7368.5 4 2
7369.5 3 1.73205
7370.5 9 3
7371.5 8 2.82843
7372.5 5 2.23607
7373.5 9 3
7374.5 5 2.23607
7375.5 7 2.64575
7376.5 3 1.73205
7377.5 6 2.44949
7378.5 8 2.82843
7379.5 9 3
7380.5 3 1.73205
7381.5 8 2.82843
7382.5 6 2.44949
7383.5 8 2.82843
7384.5 9 3
7385.5 9 3
7386.5 9 3
7387.5 7 2.64575
7388.5 11 3.31662
7389.5 4 2
7390.5 11 3.31662
7391.5 5 2.23607
7392.5 9 3
7393.5 5 2.23607
7394.5 1 1
7395.5 8 2.82843
7396.5 8 2.82843
7397.5 11 3.31662
7398.5 7 2.64575
7399.5 6 2.44949
7400.5 6 2.44949
7401.5 9 3
7402.5 6 2.44949
7403.5 5 2.23607
7404.5 5 2.23607
7405.5 5 2.23607
7406.5 7 2.64575
7407.5 5 2.23607
7408.5 7 2.64575
7409.5 15 3.87298
7410.5 5 2.23607
7411.5 8 2.82843
7412.5 9 3
7413.5 5 2.23607
7414.5 10 3.16228
7415.5 5 2.23607
7416.5 5 2.23607
7417.5 9 3
7418.5 4 2
7419.5 5 2.23607
7420.5 8 2.82843
7421.5 6 2.44949
7422.5 6 2.44949
7423.5 7 2.64575
7424.5 4 2
7425.5 12 3.4641
7426.5 5 2.23607
7427.5 10 3.16228
7428.5 8 2.82843
7429.5 8 2.82843
7430.5 5 2.23607
7431.5 6 2.44949
7432.5 6 2.44949
7433.5 11 3.31662
7434.5 6 2.44949
7435.5 4 2
7436.5 3 1.73205
7437.5 5 2.23607
7438.5 5 2.23607
7439.5 8 2.82843
7440.5 13 3.60555
7441.5 8 2.82843
7442.5 4 2
7443.5 3 1.73205
7444.5 10 3.16228
7445.5 10 3.16228
7446.5 7 2.64575
7447.5 8 2.82843
7448.5 6 2.44949
7449.5 4 2
7450.5 9 3
7451.5 8 2.82843
7452.5 7 2.64575
7453.5 8 2.82843
7454.5 5 2.23607
7455.5 7 2.64575
7456.5 8 2.82843
7457.5 5 2.23607
7458.5 7 2.64575
7459.5 8 2.82843
7460.5 8 2.82843
7461.5 11 3.31662
7462.5 6 2.44949
7463.5 3 1.73205
7464.5 11 3.31662
7465.5 7 2.64575
7466.5 10 3.16228
7467.5 7 2.64575
7468.5 4 2
7469.5 2 1.41421
7470.5 8 2.82843
7471.5 10 3.16228
7472.5 5 2.23607
7473.5 4 2
7474.5 16 4
7475.5 9 3
7476.5 7 2.64575
7477.5 8 2.82843
7478.5 5 2.23607
7479.5 6 2.44949
7480.5 8 2.82843
7481.5 5 2.23607
7482.5 4 2
7483.5 7 2.64575
7484.5 5 2.23607
7485.5 6 2.44949
7486.5 3 1.73205
7487.5 3 1.73205
7488.5 5 2.23607
7489.5 10 3.16228
7490.5 2 1.41421
7491.5 6 2.44949
7492.5 7 2.64575
7493.5 15 3.87298
7494.5 7 2.64575
7495.5 2 1.41421
7496.5 7 2.64575
7497.5 1 1
7498.5 12 3.4641
7499.5 7 2.64575
7500.5 5 2.23607
7501.5 10 3.16228
7502.5 8 2.82843
7503.5 10 3.16228
7504.5 4 2
7505.5 4 2
7506.5 11 3.31662
7507.5 9 3
7508.5 13 3.60555
7509.5 11 3.31662
7510.5 3 1.73205
7511.5 6 2.44949
7512.5 5 2.23607
7513.5 7 2.64575
7514.5 6 2.44949
7515.5 5 2.23607
7516.5 5 2.23607
7517.5 5 2.23607
7518.5 6 2.44949
7519.5 5 2.23607
7520.5 7 2.64575
7521.5 7 2.64575
7522.5 8 2.82843
7523.5 6 2.44949
7524.5 8 2.82843
7525.5 6 2.44949
7526.5 12 3.4641
7527.5 5 2.23607
7528.5 8 2.82843
7529.5 7 2.64575
7530.5 6 2.44949
7531.5 13 3.60555
7532.5 2 1.41421
7533.5 8 2.82843
7534.5 5 2.23607
7535.5 7 2.64575
7536.5 12 3.4641
7537.5 5 2.23607
7538.5 9 3
7539.5 8 2.82843
7540.5 9 3
7541.5 11 3.31662
7542.5 8 2.82843
7543.5 6 2.44949
7544.5 8 2.82843
7545.5 9 3
7546.5 9 3
7547.5 5 2.23607
7548.5 8 2.82843
7549.5 7 2.64575
7550.5 8 2.82843
7551.5 2 1.41421
7552.5 5 2.23607
7553.5 9 3
7554.5 5 2.23607
7555.5 10 3.16228
7556.5 5 2.23607
7557.5 7 2.64575
7558.5 8 2.82843
7559.5 10 3.16228
7560.5 15 3.87298
7561.5 5 2.23607
7562.5 5 2.23607
7563.5 7 2.64575
7564.5 5 2.23607
7565.5 9 3
7566.5 3 1.73205
7567.5 8 2.82843
7568.5 6 2.44949
7569.5 6 2.44949
7570.5 7 2.64575
7571.5 4 2
7572.5 14 3.74166
7573.5 6 2.44949
7574.5 7 2.64575
7575.5 8 2.82843
7576.5 8 2.82843
7577.5 4 2
7578.5 9 3
7579.5 10 3.16228
7580.5 7 2.64575
7581.5 9 3
7582.5 7 2.64575
7583.5 7 2.64575
7584.5 7 2.64575
7585.5 5 2.23607
7586.5 7 2.64575
7587.5 7 2.64575
7588.5 7 2.64575
7589.5 4 2
7590.5 11 3.31662
7591.5 11 3.31662
7592.5 5 2.23607
7593.5 10 3.16228
7594.5 8 2.82843
7595.5 6 2.44949
7596.5 9 3
7597.5 9 3
7598.5 9 3
7599.5 7 2.64575
7600.5 9 3
7601.5 5 2.23607
7602.5 3 1.73205
7603.5 6 2.44949
7604.5 8 2.82843
7605.5 5 2.23607
7606.5 6 2.44949
7607.5 6 2.44949
7608.5 3 1.73205
7609.5 8 2.82843
7610.5 8 2.82843
7611.5 10 3.16228
7612.5 7 2.64575
7613.5 4 2
7614.5 4 2
7615.5 12 3.4641
7616.5 8 2.82843
7617.5 4 2
7618.5 7 2.64575
7619.5 4 2
7620.5 11 3.31662
7621.5 11 3.31662
7622.5 4 2
7623.5 6 2.44949
7624.5 7 2.64575
7625.5 7 2.64575
7626.5 5 2.23607
7627.5 10 3.16228
7628.5 9 3
7629.5 4 2
7630.5 7 2.64575
7631.5 9 3
7632.5 8 2.82843
7633.5 8 2.82843
7634.5 4 2
7635.5 2 1.41421
7636.5 8 2.82843
7637.5 8 2.82843
7638.5 8 2.82843
7639.5 10 3.16228
7640.5 5 2.23607
7641.5 5 2.23607
7642.5 8 2.82843
7643.5 8 2.82843
7644.5 5 2.23607
7645.5 6 2.44949
7646.5 5 2.23607
7647.5 7 2.64575
7648.5 4 2
7649.5 7 2.64575
7650.5 6 2.44949
7651.5 6 2.44949
7652.5 7 2.64575
7653.5 8 2.82843
7654.5 9 3
7655.5 7 2.64575
7656.5 6 2.44949
7657.5 6 2.44949
7658.5 8 2.82843
7659.5 2 1.41421
7660.5 7 2.64575
7661.5 8 2.82843
7662.5 8 2.82843
7663.5 11 3.31662
7664.5 10 3.16228
7665.5 10 3.16228
7666.5 12 3.4641
7667.5 7 2.64575
7668.5 3 1.73205
7669.5 7 2.64575
7670.5 10 3.16228
7671.5 5 2.23607
7672.5 4 2
7673.5 8 2.82843
7674.5 6 2.44949
7675.5 9 3
7676.5 8 2.82843
7677.5 5 2.23607
7678.5 5 2.23607
7679.5 3 1.73205
7680.5 5 2.23607
7681.5 8 2.82843
7682.5 8 2.82843
7683.5 6 2.44949
7684.5 8 2.82843
7685.5 9 3
7686.5 8 2.82843
7687.5 5 2.23607
7688.5 6 2.44949
7689.5 2 1.41421
7690.5 8 2.82843
7691.5 10 3.16228
7692.5 6 2.44949
7693.5 2 1.41421
7694.5 4 2
7695.5 8 2.82843
7696.5 7 2.64575
7697.5 8 2.82843
7698.5 3 1.73205
7699.5 6 2.44949
7700.5 9 3
7701.5 4 2
7702.5 13 3.60555
7703.5 8 2.82843
7704.5 9 3
7705.5 6 2.44949
7706.5 7 2.64575
7707.5 1 1
7708.5 9 3
7709.5 6 2.44949
7710.5 3 1.73205
7711.5 3 1.73205
7712.5 8 2.82843
7713.5 8 2.82843
7714.5 7 2.64575
7715.5 6 2.44949
7716.5 6 2.44949
7717.5 4 2
7718.5 6 2.44949
7719.5 11 3.31662
7720.5 11 3.31662
7721.5 11 3.31662
7722.5 9 3
7723.5 7 2.64575
7724.5 6 2.44949
7725.5 8 2.82843
7726.5 9 3
7727.5 10 3.16228
7728.5 6 2.44949
7729.5 7 2.64575
7730.5 13 3.60555
7731.5 5 2.23607
7732.5 4 2
7733.5 6 2.44949
7734.5 6 2.44949
7735.5 9 3
7736.5 7 2.64575
7737.5 5 2.23607
7738.5 5 2.23607
7739.5 8 2.82843
7740.5 4 2
7741.5 11 3.31662
7742.5 9 3
7743.5 5 2.23607
7744.5 3 1.73205
7745.5 14 3.74166
7746.5 7 2.64575
7747.5 8 2.82843
7748.5 7 2.64575
7749.5 4 2
7750.5 4 2
7751.5 11 3.31662
7752.5 5 2.23607
7753.5 6 2.44949
7754.5 5 2.23607
7755.5 5 2.23607
7756.5 5 2.23607
7757.5 7 2.64575
7758.5 7 2.64575
7759.5 6 2.44949
7760.5 6 2.44949
7761.5 8 2.82843
7762.5 7 2.64575
7763.5 12 3.4641
7764.5 8 2.82843
7765.5 8 2.82843
7766.5 4 2
7767.5 9 3
7768.5 10 3.16228
7769.5 5 2.23607
7770.5 7 2.64575
7771.5 8 2.82843
7772.5 11 3.31662
7773.5 5 2.23607
7774.5 5 2.23607
7775.5 9 3
7776.5 5 2.23607
7777.5 7 2.64575
7778.5 11 3.31662
7779.5 10 3.16228
7780.5 6 2.44949
7781.5 8 2.82843
7782.5 8 2.82843
7783.5 5 2.23607
7784.5 4 2
7785.5 5 2.23607
7786.5 8 2.82843
7787.5 11 3.31662
7788.5 8 2.82843
7789.5 5 2.23607
7790.5 9 3
7791.5 5 2.23607
7792.5 10 3.16228
7793.5 8 2.82843
7794.5 9 3
7795.5 8 2.82843
7796.5 9 3
7797.5 5 2.23607
7798.5 8 2.82843
7799.5 7 2.64575
7800.5 8 2.82843
7801.5 7 2.64575
7802.5 4 2
7803.5 4 2
7804.5 5 2.23607
7805.5 10 3.16228
7806.5 5 2.23607
7807.5 6 2.44949
7808.5 8 2.82843
7809.5 10 3.16228
7810.5 7 2.64575
7811.5 7 2.64575
7812.5 8 2.82843
7813.5 7 2.64575
7814.5 8 2.82843
7815.5 5 2.23607
7816.5 9 3
7817.5 7 2.64575
7818.5 12 3.4641
7819.5 6 2.44949
7820.5 11 3.31662
7821.5 3 1.73205
7822.5 6 2.44949
7823.5 8 2.82843
7824.5 6 2.44949
7825.5 9 3
7826.5 7 2.64575
7827.5 8 2.82843
7828.5 10 3.16228
7829.5 2 1.41421
7830.5 8 2.82843
7831.5 5 2.23607
7832.5 6 2.44949
7833.5 10 3.16228
7834.5 7 2.64575
7835.5 7 2.64575
7836.5 4 2
7837.5 6 2.44949
7838.5 8 2.82843
7839.5 7 2.64575
7840.5 4 2
7841.5 4 2
7842.5 6 2.44949
7843.5 9 3
7844.5 10 3.16228
7845.5 3 1.73205
7846.5 7 2.64575
7847.5 4 2
7848.5 11 3.31662
7849.5 5 2.23607
7850.5 5 2.23607
7851.5 5 2.23607
7852.5 6 2.44949
7853.5 10 3.16228
7854.5 7 2.64575
7855.5 4 2
7856.5 10 3.16228
7857.5 3 1.73205
7858.5 3 1.73205
7859.5 6 2.44949
7860.5 7 2.64575
7861.5 5 2.23607
7862.5 9 3
7863.5 7 2.64575
7864.5 4 2
7865.5 9 3
7866.5 10 3.16228
7867.5 4 2
7868.5 7 2.64575
7869.5 7 2.64575
7870.5 7 2.64575
7871.5 9 3
7872.5 5 2.23607
7873.5 12 3.4641
7874.5 4 2
7875.5 9 3
7876.5 7 2.64575
7877.5 12 3.4641
7878.5 5 2.23607
7879.5 5 2.23607
7880.5 5 2.23607
7881.5 8 2.82843
7882.5 5 2.23607
7883.5 9 3
7884.5 6 2.44949
7885.5 7 2.64575
7886.5 4 2
7887.5 5 2.23607
7888.5 11 3.31662
7889.5 3 1.73205
7890.5 8 2.82843
7891.5 9 3
7892.5 9 3
7893.5 1 1
7894.5 6 2.44949
7895.5 3 1.73205
7896.5 6 2.44949
7897.5 9 3
7898.5 6 2.44949
7899.5 7 2.64575
7900.5 11 3.31662
7901.5 10 3.16228
7902.5 5 2.23607
7903.5 8 2.82843
7904.5 8 2.82843
7905.5 5 2.23607
7906.5 8 2.82843
7907.5 12 3.4641
7908.5 9 3
7909.5 5 2.23607
7910.5 10 3.16228
7911.5 11 3.31662
7912.5 14 3.74166
7913.5 9 3
7914.5 11 3.31662
7915.5 8 2.82843
7916.5 7 2.64575
7917.5 11 3.31662
7918.5 13 3.60555
7919.5 10 3.16228
7920.5 10 3.16228
7921.5 13 3.60555
7922.5 17 4.12311
7923.5 16 4
7924.5 11 3.31662
7925.5 18 4.24264
7926.5 23 4.79583
7927.5 18 4.24264
7928.5 13 3.60555
7929.5 18 4.24264
7930.5 17 4.12311
7931.5 18 4.24264
7932.5 15 3.87298
7933.5 14 3.74166
7934.5 12 3.4641
7935.5 16 4
7936.5 13 3.60555
7937.5 8 2.82843
7938.5 10 3.16228
7939.5 8 2.82843
7940.5 3 1.73205
7941.5 7 2.64575
7942.5 8 2.82843
7943.5 8 2.82843
7944.5 7 2.64575
7945.5 8 2.82843
7946.5 5 2.23607
7947.5 7 2.64575
7948.5 7 2.64575
7949.5 12 3.4641
7950.5 9 3
7951.5 10 3.16228
7952.5 5 2.23607
7953.5 6 2.44949
7954.5 7 2.64575
7955.5 4 2
7956.5 7 2.64575
7957.5 7 2.64575
7958.5 13 3.60555
7959.5 4 2
7960.5 4 2
7961.5 11 3.31662
7962.5 13 3.60555
7963.5 11 3.31662
7964.5 6 2.44949
7965.5 5 2.23607
7966.5 6 2.44949
7967.5 8 2.82843
7968.5 10 3.16228
7969.5 7 2.64575
7970.5 7 2.64575
7971.5 5 2.23607
7972.5 4 2
7973.5 7 2.64575
7974.5 9 3
7975.5 10 3.16228
7976.5 4 2
7977.5 7 2.64575
7978.5 5 2.23607
7979.5 5 2.23607
7980.5 14 3.74166
7981.5 7 2.64575
7982.5 6 2.44949
7983.5 8 2.82843
7984.5 6 2.44949
7985.5 6 2.44949
7986.5 7 2.64575
7987.5 10 3.16228
7988.5 5 2.23607
7989.5 6 2.44949
7990.5 8 2.82843
7991.5 6 2.44949
7992.5 2 1.41421
7993.5 7 2.64575
7994.5 5 2.23607
7995.5 4 2
7996.5 5 2.23607
7997.5 9 3
7998.5 4 2
7999.5 8 2.82843
8000.5 12 3.4641
8001.5 7 2.64575
8002.5 5 2.23607
8003.5 11 3.31662
8004.5 10 3.16228
8005.5 5 2.23607
8006.5 8 2.82843
8007.5 9 3
8008.5 5 2.23607
8009.5 11 3.31662
8010.5 5 2.23607
8011.5 2 1.41421
8012.5 2 1.41421
8013.5 11 3.31662
8014.5 5 2.23607
8015.5 4 2
8016.5 11 3.31662
8017.5 7 2.64575
8018.5 8 2.82843
8019.5 3 1.73205
8020.5 16 4
8021.5 7 2.64575
8022.5 5 2.23607
8023.5 4 2
8024.5 4 2
8025.5 12 3.4641
8026.5 5 2.23607
8027.5 9 3
8028.5 1 1
8029.5 6 2.44949
8030.5 7 2.64575
8031.5 5 2.23607
8032.5 9 3
8033.5 7 2.64575
8034.5 8 2.82843
8035.5 11 3.31662
8036.5 6 2.44949
8037.5 6 2.44949
8038.5 13 3.60555
8039.5 8 2.82843
8040.5 8 2.82843
8041.5 3 1.73205
8042.5 9 3
8043.5 5 2.23607
8044.5 7 2.64575
8045.5 9 3
8046.5 9 3
8047.5 11 3.31662
8048.5 5 2.23607
8049.5 7 2.64575
8050.5 12 3.4641
8051.5 4 2
8052.5 2 1.41421
8053.5 7 2.64575
8054.5 9 3
8055.5 8 2.82843
8056.5 3 1.73205
8057.5 3 1.73205
8058.5 5 2.23607
8059.5 8 2.82843
8060.5 11 3.31662
8061.5 9 3
8062.5 9 3
8063.5 5 2.23607
8064.5 8 2.82843
8065.5 4 2
8066.5 9 3
8067.5 6 2.44949
8068.5 7 2.64575
8069.5 11 3.31662
8070.5 5 2.23607
8071.5 8 2.82843
8072.5 5 2.23607
8073.5 9 3
8074.5 6 2.44949
8075.5 5 2.23607
8076.5 8 2.82843
8077.5 4 2
8078.5 8 2.82843
8079.5 7 2.64575
8080.5 4 2
8081.5 11 3.31662
8082.5 9 3
8083.5 8 2.82843
8084.5 6 2.44949
8085.5 3 1.73205
8086.5 12 3.4641
8087.5 9 3
8088.5 5 2.23607
8089.5 5 2.23607
8090.5 4 2
8091.5 6 2.44949
8092.5 13 3.60555
8093.5 5 2.23607
8094.5 6 2.44949
8095.5 8 2.82843
8096.5 6 2.44949
8097.5 6 2.44949
8098.5 10 3.16228
8099.5 13 3.60555
8100.5 9 3
8101.5 5 2.23607
8102.5 6 2.44949
8103.5 9 3
8104.5 11 3.31662
8105.5 6 2.44949
8106.5 14 3.74166
8107.5 10 3.16228
8108.5 6 2.44949
8109.5 10 3.16228
8110.5 15 3.87298
8111.5 2 1.41421
8112.5 4 2
8113.5 13 3.60555
8114.5 7 2.64575
8115.5 11 3.31662
8116.5 6 2.44949
8117.5 6 2.44949
8118.5 7 2.64575
8119.5 9 3
8120.5 8 2.82843
8121.5 7 2.64575
8122.5 12 3.4641
8123.5 10 3.16228
8124.5 8 2.82843
8125.5 8 2.82843
8126.5 13 3.60555
8127.5 5 2.23607
8128.5 10 3.16228
8129.5 10 3.16228
8130.5 11 3.31662
8131.5 13 3.60555
8132.5 10 3.16228
8133.5 8 2.82843
8134.5 14 3.74166
8135.5 13 3.60555
8136.5 14 3.74166
8137.5 12 3.4641
8138.5 11 3.31662
8139.5 19 4.3589
8140.5 14 3.74166
8141.5 20 4.47214
8142.5 16 4
8143.5 28 5.2915
8144.5 11 3.31662
8145.5 29 5.38516
8146.5 24 4.89898
8147.5 10 3.16228
8148.5 22 4.69042
8149.5 21 4.58258
8150.5 28 5.2915
8151.5 17 4.12311
8152.5 18 4.24264
8153.5 28 5.2915
8154.5 19 4.3589
8155.5 27 5.19615
8156.5 33 5.74456
8157.5 22 4.69042
8158.5 27 5.19615
8159.5 15 3.87298
8160.5 18 4.24264
8161.5 17 4.12311
8162.5 21 4.58258
8163.5 15 3.87298
8164.5 17 4.12311
8165.5 10 3.16228
8166.5 10 3.16228
8167.5 6 2.44949
8168.5 17 4.12311
8169.5 8 2.82843
8170.5 14 3.74166
8171.5 8 2.82843
8172.5 6 2.44949
8173.5 8 2.82843
8174.5 8 2.82843
8175.5 9 3
8176.5 5 2.23607
8177.5 6 2.44949
8178.5 11 3.31662
8179.5 3 1.73205
8180.5 12 3.4641
8181.5 7 2.64575
8182.5 11 3.31662
8183.5 12 3.4641
8184.5 8 2.82843
8185.5 8 2.82843
8186.5 7 2.64575
8187.5 8 2.82843
8188.5 8 2.82843
8189.5 8 2.82843
8190.5 12 3.4641
8191.5 9 3
8192.5 12 3.4641
8193.5 10 3.16228
8194.5 5 2.23607
8195.5 8 2.82843
8196.5 10 3.16228
8197.5 9 3
8198.5 5 2.23607
8199.5 11 3.31662
8200.5 6 2.44949
8201.5 7 2.64575
8202.5 15 3.87298
8203.5 5 2.23607
8204.5 5 2.23607
8205.5 4 2
8206.5 5 2.23607
8207.5 7 2.64575
8208.5 7 2.64575
8209.5 8 2.82843
8210.5 9 3
8211.5 7 2.64575
8212.5 3 1.73205
8213.5 7 2.64575
8214.5 11 3.31662
8215.5 8 2.82843
8216.5 9 3
8217.5 5 2.23607
8218.5 5 2.23607
8219.5 12 3.4641
8220.5 8 2.82843
8221.5 13 3.60555
8222.5 9 3
8223.5 7 2.64575
8224.5 13 3.60555
8225.5 7 2.64575
8226.5 5 2.23607
8227.5 8 2.82843
8228.5 8 2.82843
8229.5 3 1.73205
8230.5 8 2.82843
8231.5 7 2.64575
8232.5 13 3.60555
8233.5 7 2.64575
8234.5 5 2.23607
8235.5 7 2.64575
8236.5 5 2.23607
8237.5 3 1.73205
8238.5 10 3.16228
8239.5 8 2.82843
8240.5 8 2.82843
8241.5 7 2.64575
8242.5 9 3
8243.5 9 3
8244.5 8 2.82843
8245.5 8 2.82843
8246.5 10 3.16228
8247.5 5 2.23607
8248.5 6 2.44949
8249.5 5 2.23607
8250.5 4 2
8251.5 7 2.64575
8252.5 7 2.64575
8253.5 8 2.82843
8254.5 8 2.82843
8255.5 4 2
8256.5 7 2.64575
8257.5 10 3.16228
8258.5 8 2.82843
8259.5 6 2.44949
8260.5 7 2.64575
8261.5 4 2
8262.5 7 2.64575
8263.5 13 3.60555
8264.5 5 2.23607
8265.5 5 2.23607
8266.5 3 1.73205
8267.5 5 2.23607
8268.5 7 2.64575
8269.5 6 2.44949
8270.5 4 2
8271.5 6 2.44949
8272.5 12 3.4641
8273.5 11 3.31662
8274.5 5 2.23607
8275.5 16 4
8276.5 6 2.44949
8277.5 3 1.73205
8278.5 4 2
8279.5 9 3
8280.5 11 3.31662
8281.5 9 3
8282.5 3 1.73205
8283.5 5 2.23607
8284.5 10 3.16228
8285.5 7 2.64575
8286.5 7 2.64575
8287.5 6 2.44949
8288.5 6 2.44949
8289.5 9 3
8290.5 8 2.82843
8291.5 4 2
8292.5 9 3
8293.5 3 1.73205
8294.5 5 2.23607
8295.5 3 1.73205
8296.5 8 2.82843
8297.5 8 2.82843
8298.5 7 2.64575
8299.5 6 2.44949
8300.5 8 2.82843
8301.5 8 2.82843
8302.5 10 3.16228
8303.5 9 3
8304.5 8 2.82843
8305.5 7 2.64575
8306.5 9 3
8307.5 8 2.82843
8308.5 5 2.23607
8309.5 8 2.82843
8310.5 10 3.16228
8311.5 9 3
8312.5 6 2.44949
8313.5 4 2
8314.5 9 3
8315.5 5 2.23607
8316.5 2 1.41421
8317.5 8 2.82843
8318.5 10 3.16228
8319.5 7 2.64575
8320.5 5 2.23607
8321.5 4 2
8322.5 7 2.64575
8323.5 6 2.44949
8324.5 13 3.60555
8325.5 11 3.31662
8326.5 5 2.23607
8327.5 8 2.82843
8328.5 5 2.23607
8329.5 6 2.44949
8330.5 9 3
8331.5 6 2.44949
8332.5 10 3.16228
8333.5 9 3
8334.5 4 2
8335.5 11 3.31662
8336.5 9 3
8337.5 5 2.23607
8338.5 10 3.16228
8339.5 4 2
8340.5 5 2.23607
8341.5 9 3
8342.5 5 2.23607
8343.5 2 1.41421
8344.5 6 2.44949
8345.5 8 2.82843
8346.5 6 2.44949
8347.5 15 3.87298
8348.5 15 3.87298
8349.5 9 3
8350.5 6 2.44949
8351.5 5 2.23607
8352.5 7 2.64575
8353.5 13 3.60555
8354.5 5 2.23607
8355.5 7 2.64575
8356.5 9 3
8357.5 9 3
8358.5 11 3.31662
8359.5 8 2.82843
8360.5 4 2
8361.5 8 2.82843
8362.5 1 1
8363.5 5 2.23607
8364.5 9 3
8365.5 16 4
8366.5 11 3.31662
8367.5 10 3.16228
8368.5 12 3.4641
8369.5 12 3.4641
8370.5 8 2.82843
8371.5 11 3.31662
8372.5 6 2.44949
8373.5 8 2.82843
8374.5 6 2.44949
8375.5 12 3.4641
8376.5 7 2.64575
8377.5 9 3
8378.5 8 2.82843
8379.5 8 2.82843
8380.5 4 2
8381.5 6 2.44949
8382.5 10 3.16228
8383.5 8 2.82843
8384.5 10 3.16228
8385.5 7 2.64575
8386.5 10 3.16228
8387.5 4 2
8388.5 4 2
8389.5 8 2.82843
8390.5 6 2.44949
8391.5 8 2.82843
8392.5 14 3.74166
8393.5 6 2.44949
8394.5 4 2
8395.5 6 2.44949
8396.5 9 3
8397.5 3 1.73205
8398.5 5 2.23607
8399.5 8 2.82843
8400.5 9 3
8401.5 6 2.44949
8402.5 9 3
8403.5 9 3
8404.5 3 1.73205
8405.5 2 1.41421
8406.5 12 3.4641
8407.5 8 2.82843
8408.5 9 3
8409.5 7 2.64575
8410.5 6 2.44949
8411.5 5 2.23607
8412.5 9 3
8413.5 7 2.64575
8414.5 4 2
8415.5 7 2.64575
8416.5 6 2.44949
8417.5 9 3
8418.5 12 3.4641
8419.5 8 2.82843
8420.5 8 2.82843
8421.5 7 2.64575
8422.5 10 3.16228
8423.5 5 2.23607
8424.5 9 3
8425.5 8 2.82843
8426.5 12 3.4641
8427.5 13 3.60555
8428.5 4 2
8429.5 11 3.31662
8430.5 12 3.4641
8431.5 5 2.23607
8432.5 9 3
8433.5 12 3.4641
8434.5 7 2.64575
8435.5 12 3.4641
8436.5 8 2.82843
8437.5 19 4.3589
8438.5 11 3.31662
8439.5 8 2.82843
8440.5 10 3.16228
8441.5 12 3.4641
8442.5 9 3
8443.5 11 3.31662
8444.5 5 2.23607
8445.5 11 3.31662
8446.5 4 2
8447.5 6 2.44949
8448.5 10 3.16228
8449.5 9 3
8450.5 6 2.44949
8451.5 2 1.41421
8452.5 7 2.64575
8453.5 6 2.44949
8454.5 11 3.31662
8455.5 12 3.4641
8456.5 4 2
8457.5 10 3.16228
8458.5 9 3
8459.5 4 2
8460.5 6 2.44949
8461.5 8 2.82843
8462.5 9 3
8463.5 5 2.23607
8464.5 5 2.23607
8465.5 12 3.4641
8466.5 12 3.4641
8467.5 6 2.44949
8468.5 8 2.82843
8469.5 6 2.44949
8470.5 10 3.16228
8471.5 9 3
8472.5 8 2.82843
8473.5 6 2.44949
8474.5 7 2.64575
8475.5 9 3
8476.5 8 2.82843
8477.5 5 2.23607
8478.5 8 2.82843
8479.5 4 2
8480.5 14 3.74166
8481.5 5 2.23607
8482.5 5 2.23607
8483.5 13 3.60555
8484.5 10 3.16228
8485.5 3 1.73205
8486.5 10 3.16228
8487.5 2 1.41421
8488.5 6 2.44949
8489.5 3 1.73205
8490.5 8 2.82843
8491.5 6 2.44949
8492.5 4 2
8493.5 4 2
8494.5 5 2.23607
8495.5 6 2.44949
8496.5 4 2
8497.5 5 2.23607
8498.5 7 2.64575
8499.5 10 3.16228
8500.5 5 2.23607
8501.5 7 2.64575
8502.5 5 2.23607
8503.5 6 2.44949
8504.5 7 2.64575
8505.5 7 2.64575
8506.5 2 1.41421
8507.5 5 2.23607
8508.5 12 3.4641
8509.5 8 2.82843
8510.5 5 2.23607
8511.5 7 2.64575
8512.5 8 2.82843
8513.5 10 3.16228
8514.5 6 2.44949
8515.5 8 2.82843
8516.5 5 2.23607
8517.5 8 2.82843
8518.5 5 2.23607
8519.5 9 3
8520.5 9 3
8521.5 4 2
8522.5 6 2.44949
8523.5 5 2.23607
8524.5 9 3
8525.5 11 3.31662
8526.5 11 3.31662
8527.5 5 2.23607
8528.5 1 1
8529.5 6 2.44949
8530.5 9 3
8531.5 8 2.82843
8532.5 4 2
8533.5 11 3.31662
8534.5 5 2.23607
8535.5 5 2.23607
8536.5 5 2.23607
8537.5 8 2.82843
8538.5 14 3.74166
8539.5 9 3
8540.5 7 2.64575
8541.5 6 2.44949
8542.5 11 3.31662
8543.5 10 3.16228
8544.5 7 2.64575
8545.5 8 2.82843
8546.5 9 3
8547.5 7 2.64575
8548.5 13 3.60555
8549.5 7 2.64575
8550.5 6 2.44949
8551.5 13 3.60555
8552.5 7 2.64575
8553.5 9 3
8554.5 6 2.44949
8555.5 7 2.64575
8556.5 7 2.64575
8557.5 9 3
8558.5 6 2.44949
8559.5 9 3
8560.5 11 3.31662
8561.5 2 1.41421
8562.5 6 2.44949
8563.5 12 3.4641
8564.5 3 1.73205
8565.5 6 2.44949
8566.5 12 3.4641
8567.5 6 2.44949
8568.5 4 2
8569.5 4 2
8570.5 11 3.31662
8571.5 5 2.23607
8572.5 7 2.64575
8573.5 12 3.4641
8574.5 11 3.31662
8575.5 11 3.31662
8576.5 10 3.16228
8577.5 10 3.16228
8578.5 11 3.31662
8579.5 7 2.64575
8580.5 6 2.44949
8581.5 9 3
8582.5 8 2.82843
8583.5 6 2.44949
8584.5 6 2.44949
8585.5 8 2.82843
8586.5 5 2.23607
8587.5 3 1.73205
8588.5 7 2.64575
8589.5 7 2.64575
8590.5 8 2.82843
8591.5 6 2.44949
8592.5 8 2.82843
8593.5 5 2.23607
8594.5 5 2.23607
8595.5 3 1.73205
8596.5 9 3
8597.5 6 2.44949
8598.5 6 2.44949
8599.5 8 2.82843
8600.5 5 2.23607
8601.5 7 2.64575
8602.5 5 2.23607
8603.5 10 3.16228
8604.5 8 2.82843
8605.5 7 2.64575
8606.5 8 2.82843
8607.5 3 1.73205
8608.5 9 3
8609.5 5 2.23607
8610.5 13 3.60555
8611.5 11 3.31662
8612.5 17 4.12311
8613.5 8 2.82843
8614.5 8 2.82843
8615.5 10 3.16228
8616.5 10 3.16228
8617.5 4 2
8618.5 13 3.60555
8619.5 7 2.64575
8620.5 5 2.23607
8621.5 9 3
8622.5 9 3
8623.5 10 3.16228
8624.5 6 2.44949
8625.5 8 2.82843
8626.5 8 2.82843
8627.5 10 3.16228
8628.5 11 3.31662
8629.5 5 2.23607
8630.5 6 2.44949
8631.5 8 2.82843
8632.5 4 2
8633.5 7 2.64575
8634.5 6 2.44949
8635.5 10 3.16228
8636.5 11 3.31662
8637.5 5 2.23607
8638.5 4 2
8639.5 6 2.44949
8640.5 5 2.23607
8641.5 13 3.60555
8642.5 9 3
8643.5 6 2.44949
8644.5 11 3.31662
8645.5 12 3.4641
8646.5 8 2.82843
8647.5 7 2.64575
8648.5 9 3
8649.5 16 4
8650.5 11 3.31662
8651.5 6 2.44949
8652.5 6 2.44949
8653.5 10 3.16228
8654.5 12 3.4641
8655.5 8 2.82843
8656.5 11 3.31662
8657.5 11 3.31662
8658.5 6 2.44949
8659.5 11 3.31662
8660.5 5 2.23607
8661.5 6 2.44949
8662.5 10 3.16228
8663.5 7 2.64575
8664.5 10 3.16228
8665.5 15 3.87298
8666.5 13 3.60555
8667.5 7 2.64575
8668.5 7 2.64575
8669.5 10 3.16228
8670.5 7 2.64575
8671.5 8 2.82843
8672.5 6 2.44949
8673.5 11 3.31662
8674.5 5 2.23607
8675.5 7 2.64575
8676.5 9 3
8677.5 12 3.4641
8678.5 10 3.16228
8679.5 9 3
8680.5 3 1.73205
8681.5 9 3
8682.5 4 2
8683.5 9 3
8684.5 3 1.73205
8685.5 9 3
8686.5 9 3
8687.5 14 3.74166
8688.5 8 2.82843
8689.5 8 2.82843
8690.5 12 3.4641
8691.5 15 3.87298
8692.5 6 2.44949
8693.5 6 2.44949
8694.5 11 3.31662
8695.5 6 2.44949
8696.5 6 2.44949
8697.5 6 2.44949
8698.5 7 2.64575
8699.5 14 3.74166
8700.5 6 2.44949
8701.5 10 3.16228
8702.5 5 2.23607
8703.5 9 3
8704.5 8 2.82843
8705.5 10 3.16228
8706.5 8 2.82843
8707.5 6 2.44949
8708.5 7 2.64575
8709.5 8 2.82843
8710.5 10 3.16228
8711.5 9 3
8712.5 13 3.60555
8713.5 7 2.64575
8714.5 13 3.60555
8715.5 9 3
8716.5 8 2.82843
8717.5 5 2.23607
8718.5 7 2.64575
8719.5 10 3.16228
8720.5 11 3.31662
8721.5 10 3.16228
8722.5 11 3.31662
8723.5 6 2.44949
8724.5 14 3.74166
8725.5 6 2.44949
8726.5 7 2.64575
8727.5 12 3.4641
8728.5 10 3.16228
8729.5 7 2.64575
8730.5 5 2.23607
8731.5 6 2.44949
8732.5 8 2.82843
8733.5 6 2.44949
8734.5 13 3.60555
8735.5 8 2.82843
8736.5 9 3
8737.5 8 2.82843
8738.5 5 2.23607
8739.5 2 1.41421
8740.5 6 2.44949
8741.5 16 4
8742.5 13 3.60555
8743.5 8 2.82843
8744.5 4 2
8745.5 14 3.74166
8746.5 11 3.31662
8747.5 11 3.31662
8748.5 6 2.44949
8749.5 7 2.64575
8750.5 6 2.44949
8751.5 10 3.16228
8752.5 9 3
8753.5 6 2.44949
8754.5 11 3.31662
8755.5 4 2
8756.5 10 3.16228
8757.5 6 2.44949
8758.5 9 3
8759.5 6 2.44949
8760.5 9 3
8761.5 7 2.64575
8762.5 8 2.82843
8763.5 11 3.31662
8764.5 8 2.82843
8765.5 9 3
8766.5 8 2.82843
8767.5 4 2
8768.5 14 3.74166
8769.5 15 3.87298
8770.5 6 2.44949
8771.5 8 2.82843
8772.5 8 2.82843
8773.5 15 3.87298
8774.5 8 2.82843
8775.5 6 2.44949
8776.5 10 3.16228
8777.5 11 3.31662
8778.5 7 2.64575
8779.5 10 3.16228
8780.5 8 2.82843
8781.5 8 2.82843
8782.5 8 2.82843
8783.5 7 2.64575
8784.5 6 2.44949
8785.5 13 3.60555
8786.5 6 2.44949
8787.5 9 3
8788.5 5 2.23607
8789.5 12 3.4641
8790.5 7 2.64575
8791.5 9 3
8792.5 9 3
8793.5 4 2
8794.5 11 3.31662
8795.5 7 2.64575
8796.5 4 2
8797.5 13 3.60555
8798.5 5 2.23607
8799.5 8 2.82843
8800.5 6 2.44949
8801.5 8 2.82843
8802.5 11 3.31662
8803.5 12 3.4641
8804.5 9 3
8805.5 8 2.82843
8806.5 11 3.31662
8807.5 15 3.87298
8808.5 5 2.23607
8809.5 11 3.31662
8810.5 8 2.82843
8811.5 9 3
8812.5 7 2.64575
8813.5 5 2.23607
8814.5 9 3
8815.5 13 3.60555
8816.5 9 3
8817.5 14 3.74166
8818.5 8 2.82843
8819.5 9 3
8820.5 9 3
8821.5 11 3.31662
8822.5 10 3.16228
8823.5 8 2.82843
8824.5 13 3.60555
8825.5 5 2.23607
8826.5 1 1
8827.5 10 3.16228
8828.5 13 3.60555
8829.5 5 2.23607
8830.5 10 3.16228
8831.5 12 3.4641
8832.5 7 2.64575
8833.5 5 2.23607
8834.5 9 3
8835.5 4 2
8836.5 4 2
8837.5 7 2.64575
8838.5 7 2.64575
8839.5 13 3.60555
8840.5 8 2.82843
8841.5 12 3.4641
8842.5 11 3.31662
8843.5 6 2.44949
8844.5 9 3
8845.5 11 3.31662
8846.5 10 3.16228
8847.5 13 3.60555
8848.5 15 3.87298
8849.5 6 2.44949
8850.5 11 3.31662
8851.5 13 3.60555
8852.5 11 3.31662
8853.5 7 2.64575
8854.5 5 2.23607
8855.5 7 2.64575
8856.5 5 2.23607
8857.5 8 2.82843
8858.5 12 3.4641
8859.5 6 2.44949
8860.5 7 2.64575
8861.5 10 3.16228
8862.5 12 3.4641
8863.5 5 2.23607
8864.5 13 3.60555
8865.5 9 3
8866.5 14 3.74166
8867.5 8 2.82843
8868.5 6 2.44949
8869.5 10 3.16228
8870.5 10 3.16228
8871.5 11 3.31662
8872.5 5 2.23607
8873.5 8 2.82843
8874.5 6 2.44949
8875.5 6 2.44949
8876.5 11 3.31662
8877.5 7 2.64575
8878.5 11 3.31662
8879.5 11 3.31662
8880.5 8 2.82843
8881.5 12 3.4641
8882.5 10 3.16228
8883.5 9 3
8884.5 6 2.44949
8885.5 13 3.60555
8886.5 11 3.31662
8887.5 5 2.23607
8888.5 13 3.60555
8889.5 11 3.31662
8890.5 10 3.16228
8891.5 9 3
8892.5 9 3
8893.5 6 2.44949
8894.5 8 2.82843
8895.5 11 3.31662
8896.5 10 3.16228
8897.5 9 3
8898.5 8 2.82843
8899.5 6 2.44949
8900.5 10 3.16228
8901.5 10 3.16228
8902.5 6 2.44949
8903.5 7 2.64575
8904.5 8 2.82843
8905.5 8 2.82843
8906.5 9 3
8907.5 9 3
8908.5 9 3
8909.5 11 3.31662
8910.5 11 3.31662
8911.5 6 2.44949
8912.5 7 2.64575
8913.5 11 3.31662
8914.5 5 2.23607
8915.5 11 3.31662
8916.5 7 2.64575
8917.5 4 2
8918.5 11 3.31662
8919.5 15 3.87298
8920.5 7 2.64575
8921.5 3 1.73205
8922.5 15 3.87298
8923.5 8 2.82843
8924.5 9 3
8925.5 9 3
8926.5 7 2.64575
8927.5 15 3.87298
8928.5 6 2.44949
8929.5 9 3
8930.5 14 3.74166
8931.5 7 2.64575
8932.5 5 2.23607
8933.5 14 3.74166
8934.5 7 2.64575
8935.5 18 4.24264
8936.5 13 3.60555
8937.5 6 2.44949
8938.5 6 2.44949
8939.5 9 3
8940.5 8 2.82843
8941.5 8 2.82843
8942.5 9 3
8943.5 8 2.82843
8944.5 19 4.3589
8945.5 12 3.4641
8946.5 10 3.16228
8947.5 11 3.31662
8948.5 11 3.31662
8949.5 3 1.73205
8950.5 13 3.60555
8951.5 16 4
8952.5 9 3
8953.5 4 2
8954.5 14 3.74166
8955.5 5 2.23607
8956.5 9 3
8957.5 14 3.74166
8958.5 6 2.44949
8959.5 7 2.64575
8960.5 10 3.16228
8961.5 7 2.64575
8962.5 7 2.64575
8963.5 9 3
8964.5 7 2.64575
8965.5 7 2.64575
8966.5 11 3.31662
8967.5 12 3.4641
8968.5 8 2.82843
8969.5 12 3.4641
8970.5 9 3
8971.5 13 3.60555
8972.5 6 2.44949
8973.5 11 3.31662
8974.5 10 3.16228
8975.5 9 3
8976.5 12 3.4641
8977.5 6 2.44949
8978.5 10 3.16228
8979.5 6 2.44949
8980.5 7 2.64575
8981.5 10 3.16228
8982.5 3 1.73205
8983.5 11 3.31662
8984.5 9 3
8985.5 11 3.31662
8986.5 3 1.73205
8987.5 7 2.64575
8988.5 6 2.44949
8989.5 15 3.87298
8990.5 6 2.44949
8991.5 9 3
8992.5 10 3.16228
8993.5 9 3
8994.5 10 3.16228
8995.5 11 3.31662
8996.5 12 3.4641
8997.5 6 2.44949
8998.5 9 3
8999.5 5 2.23607
9000.5 14 3.74166
9001.5 11 3.31662
9002.5 13 3.60555
9003.5 10 3.16228
9004.5 8 2.82843
9005.5 10 3.16228
9006.5 12 3.4641
9007.5 5 2.23607
9008.5 10 3.16228
9009.5 10 3.16228
9010.5 12 3.4641
9011.5 7 2.64575
9012.5 10 3.16228
9013.5 10 3.16228
9014.5 12 3.4641
9015.5 7 2.64575
9016.5 6 2.44949
9017.5 8 2.82843
9018.5 10 3.16228
9019.5 12 3.4641
9020.5 9 3
9021.5 3 1.73205
9022.5 10 3.16228
9023.5 8 2.82843
9024.5 14 3.74166
9025.5 8 2.82843
9026.5 8 2.82843
9027.5 10 3.16228
9028.5 9 3
9029.5 10 3.16228
9030.5 7 2.64575
9031.5 5 2.23607
9032.5 12 3.4641
9033.5 6 2.44949
9034.5 12 3.4641
9035.5 7 2.64575
9036.5 8 2.82843
9037.5 9 3
9038.5 12 3.4641
9039.5 6 2.44949
9040.5 9 3
9041.5 4 2
9042.5 10 3.16228
9043.5 2 1.41421
9044.5 13 3.60555
9045.5 8 2.82843
9046.5 8 2.82843
9047.5 8 2.82843
9048.5 10 3.16228
9049.5 6 2.44949
9050.5 8 2.82843
9051.5 7 2.64575
9052.5 9 3
9053.5 11 3.31662
9054.5 8 2.82843
9055.5 9 3
9056.5 11 3.31662
9057.5 8 2.82843
9058.5 13 3.60555
9059.5 9 3
9060.5 10 3.16228
9061.5 12 3.4641
9062.5 9 3
9063.5 6 2.44949
9064.5 11 3.31662
9065.5 9 3
9066.5 14 3.74166
9067.5 9 3
9068.5 17 4.12311
9069.5 8 2.82843
9070.5 6 2.44949
9071.5 7 2.64575
9072.5 14 3.74166
9073.5 11 3.31662
9074.5 8 2.82843
9075.5 8 2.82843
9076.5 12 3.4641
9077.5 6 2.44949
9078.5 17 4.12311
9079.5 9 3
9080.5 15 3.87298
9081.5 8 2.82843
9082.5 9 3
9083.5 9 3
9084.5 15 3.87298
9085.5 8 2.82843
9086.5 9 3
9087.5 14 3.74166
9088.5 10 3.16228
9089.5 9 3
9090.5 11 3.31662
9091.5 9 3
9092.5 12 3.4641
9093.5 13 3.60555
9094.5 11 3.31662
9095.5 13 3.60555
9096.5 11 3.31662
9097.5 9 3
9098.5 8 2.82843
9099.5 17 4.12311
9100.5 11 3.31662
9101.5 8 2.82843
9102.5 7 2.64575
9103.5 9 3
9104.5 16 4
9105.5 7 2.64575
9106.5 18 4.24264
9107.5 9 3
9108.5 9 3
9109.5 3 1.73205
9110.5 11 3.31662
9111.5 10 3.16228
9112.5 11 3.31662
9113.5 13 3.60555
9114.5 13 3.60555
9115.5 8 2.82843
9116.5 4 2
9117.5 6 2.44949
9118.5 7 2.64575
9119.5 7 2.64575
9120.5 10 3.16228
9121.5 6 2.44949
9122.5 10 3.16228
9123.5 13 3.60555
9124.5 9 3
9125.5 12 3.4641
9126.5 9 3
9127.5 11 3.31662
9128.5 11 3.31662
9129.5 7 2.64575
9130.5 7 2.64575
9131.5 6 2.44949
9132.5 9 3
9133.5 6 2.44949
9134.5 13 3.60555
9135.5 4 2
9136.5 13 3.60555
9137.5 7 2.64575
9138.5 8 2.82843
9139.5 9 3
9140.5 8 2.82843
9141.5 7 2.64575
9142.5 14 3.74166
9143.5 13 3.60555
9144.5 10 3.16228
9145.5 14 3.74166
9146.5 13 3.60555
9147.5 11 3.31662
9148.5 5 2.23607
9149.5 10 3.16228
9150.5 10 3.16228
9151.5 9 3
9152.5 9 3
9153.5 15 3.87298
9154.5 15 3.87298
9155.5 14 3.74166
9156.5 11 3.31662
9157.5 16 4
9158.5 15 3.87298
9159.5 11 3.31662
9160.5 14 3.74166
9161.5 13 3.60555
9162.5 10 3.16228
9163.5 9 3
9164.5 11 3.31662
9165.5 10 3.16228
9166.5 11 3.31662
9167.5 14 3.74166
9168.5 8 2.82843
9169.5 13 3.60555
9170.5 11 3.31662
9171.5 11 3.31662
9172.5 8 2.82843
9173.5 8 2.82843
9174.5 7 2.64575
9175.5 12 3.4641
9176.5 11 3.31662
9177.5 11 3.31662
9178.5 7 2.64575
9179.5 7 2.64575
9180.5 11 3.31662
9181.5 10 3.16228
9182.5 9 3
9183.5 10 3.16228
9184.5 7 2.64575
9185.5 10 3.16228
9186.5 8 2.82843
9187.5 8 2.82843
9188.5 12 3.4641
9189.5 12 3.4641
9190.5 10 3.16228
9191.5 8 2.82843
9192.5 15 3.87298
9193.5 11 3.31662
9194.5 11 3.31662
9195.5 7 2.64575
9196.5 10 3.16228
9197.5 12 3.4641
9198.5 10 3.16228
9199.5 12 3.4641
9200.5 11 3.31662
9201.5 13 3.60555
9202.5 13 3.60555
9203.5 9 3
9204.5 5 2.23607
9205.5 10 3.16228
9206.5 8 2.82843
9207.5 8 2.82843
9208.5 16 4
9209.5 8 2.82843
9210.5 12 3.4641
9211.5 17 4.12311
9212.5 6 2.44949
9213.5 9 3
9214.5 16 4
9215.5 9 3
9216.5 11 3.31662
9217.5 11 3.31662
9218.5 6 2.44949
9219.5 11 3.31662
9220.5 12 3.4641
9221.5 4 2
9222.5 12 3.4641
9223.5 7 2.64575
9224.5 11 3.31662
9225.5 10 3.16228
9226.5 7 2.64575
9227.5 14 3.74166
9228.5 10 3.16228
9229.5 12 3.4641
9230.5 9 3
9231.5 13 3.60555
9232.5 14 3.74166
9233.5 13 3.60555
9234.5 11 3.31662
9235.5 8 2.82843
9236.5 9 3
9237.5 12 3.4641
9238.5 11 3.31662
9239.5 8 2.82843
9240.5 9 3
9241.5 13 3.60555
9242.5 11 3.31662
9243.5 10 3.16228
9244.5 15 3.87298
9245.5 10 3.16228
9246.5 9 3
9247.5 9 3
9248.5 6 2.44949
9249.5 7 2.64575
9250.5 9 3
9251.5 11 3.31662
9252.5 16 4
9253.5 13 3.60555
9254.5 20 4.47214
9255.5 9 3
9256.5 16 4
9257.5 14 3.74166
9258.5 13 3.60555
9259.5 14 3.74166
9260.5 14 3.74166
9261.5 8 2.82843
9262.5 9 3
9263.5 8 2.82843
9264.5 12 3.4641
9265.5 11 3.31662
9266.5 14 3.74166
9267.5 8 2.82843
9268.5 7 2.64575
9269.5 8 2.82843
9270.5 8 2.82843
9271.5 15 3.87298
9272.5 11 3.31662
9273.5 7 2.64575
9274.5 7 2.64575
9275.5 7 2.64575
9276.5 12 3.4641
9277.5 17 4.12311
9278.5 10 3.16228
9279.5 13 3.60555
9280.5 10 3.16228
9281.5 8 2.82843
9282.5 9 3
9283.5 8 2.82843
9284.5 18 4.24264
9285.5 8 2.82843
9286.5 5 2.23607
9287.5 16 4
9288.5 10 3.16228
9289.5 15 3.87298
9290.5 11 3.31662
9291.5 10 3.16228
9292.5 10 3.16228
9293.5 7 2.64575
9294.5 8 2.82843
9295.5 5 2.23607
9296.5 6 2.44949
9297.5 12 3.4641
9298.5 14 3.74166
9299.5 16 4
9300.5 7 2.64575
9301.5 10 3.16228
9302.5 10 3.16228
9303.5 10 3.16228
9304.5 11 3.31662
9305.5 12 3.4641
9306.5 12 3.4641
9307.5 12 3.4641
9308.5 16 4
9309.5 15 3.87298
9310.5 11 3.31662
9311.5 9 3
9312.5 5 2.23607
9313.5 12 3.4641
9314.5 11 3.31662
9315.5 9 3
9316.5 9 3
9317.5 11 3.31662
9318.5 12 3.4641
9319.5 8 2.82843
9320.5 12 3.4641
9321.5 12 3.4641
9322.5 10 3.16228
9323.5 9 3
9324.5 11 3.31662
9325.5 4 2
9326.5 12 3.4641
9327.5 7 2.64575
9328.5 19 4.3589
9329.5 7 2.64575
9330.5 11 3.31662
9331.5 14 3.74166
9332.5 9 3
9333.5 11 3.31662
9334.5 8 2.82843
9335.5 9 3
9336.5 9 3
9337.5 17 4.12311
9338.5 12 3.4641
9339.5 12 3.4641
9340.5 9 3
9341.5 10 3.16228
9342.5 15 3.87298
9343.5 6 2.44949
9344.5 8 2.82843
9345.5 11 3.31662
9346.5 13 3.60555
9347.5 12 3.4641
9348.5 11 3.31662
9349.5 8 2.82843
9350.5 9 3
9351.5 12 3.4641
9352.5 14 3.74166
9353.5 16 4
9354.5 7 2.64575
9355.5 11 3.31662
9356.5 15 3.87298
9357.5 13 3.60555
9358.5 13 3.60555
9359.5 6 2.44949
9360.5 8 2.82843
9361.5 9 3
9362.5 16 4
9363.5 14 3.74166
9364.5 19 4.3589
9365.5 10 3.16228
9366.5 13 3.60555
9367.5 12 3.4641
9368.5 8 2.82843
9369.5 13 3.60555
9370.5 13 3.60555
9371.5 8 2.82843
9372.5 8 2.82843
9373.5 10 3.16228
9374.5 10 3.16228
9375.5 11 3.31662
9376.5 8 2.82843
9377.5 14 3.74166
9378.5 11 3.31662
9379.5 11 3.31662
9380.5 13 3.60555
9381.5 12 3.4641
9382.5 16 4
9383.5 13 3.60555
9384.5 13 3.60555
9385.5 6 2.44949
9386.5 10 3.16228
9387.5 5 2.23607
9388.5 9 3
9389.5 12 3.4641
9390.5 14 3.74166
9391.5 14 3.74166
9392.5 7 2.64575
9393.5 12 3.4641
9394.5 12 3.4641
9395.5 9 3
9396.5 13 3.60555
9397.5 14 3.74166
9398.5 14 3.74166
9399.5 9 3
9400.5 7 2.64575
9401.5 12 3.4641
9402.5 14 3.74166
9403.5 10 3.16228
9404.5 5 2.23607
9405.5 24 4.89898
9406.5 13 3.60555
9407.5 14 3.74166
9408.5 12 3.4641
9409.5 12 3.4641
9410.5 8 2.82843
9411.5 15 3.87298
9412.5 6 2.44949
9413.5 15 3.87298
9414.5 14 3.74166
9415.5 11 3.31662
9416.5 18 4.24264
9417.5 18 4.24264
9418.5 15 3.87298
9419.5 11 3.31662
9420.5 11 3.31662
9421.5 7 2.64575
9422.5 11 3.31662
9423.5 15 3.87298
9424.5 12 3.4641
9425.5 17 4.12311
9426.5 16 4
9427.5 20 4.47214
9428.5 10 3.16228
9429.5 13 3.60555
9430.5 9 3
9431.5 17 4.12311
9432.5 16 4
9433.5 8 2.82843
9434.5 13 3.60555
9435.5 11 3.31662
9436.5 11 3.31662
9437.5 9 3
9438.5 12 3.4641
9439.5 10 3.16228
9440.5 15 3.87298
9441.5 9 3
9442.5 11 3.31662
9443.5 17 4.12311
9444.5 10 3.16228
9445.5 10 3.16228
9446.5 15 3.87298
9447.5 19 4.3589
9448.5 8 2.82843
9449.5 13 3.60555
9450.5 10 3.16228
9451.5 11 3.31662
9452.5 9 3
9453.5 7 2.64575
9454.5 10 3.16228
9455.5 12 3.4641
9456.5 11 3.31662
9457.5 9 3
9458.5 11 3.31662
9459.5 11 3.31662
9460.5 11 3.31662
9461.5 13 3.60555
9462.5 9 3
9463.5 15 3.87298
9464.5 7 2.64575
9465.5 13 3.60555
9466.5 9 3
9467.5 14 3.74166
9468.5 9 3
9469.5 10 3.16228
9470.5 7 2.64575
9471.5 17 4.12311
9472.5 14 3.74166
9473.5 19 4.3589
9474.5 15 3.87298
9475.5 12 3.4641
9476.5 9 3
9477.5 10 3.16228
9478.5 9 3
9479.5 17 4.12311
9480.5 12 3.4641
9481.5 19 4.3589
9482.5 18 4.24264
9483.5 14 3.74166
9484.5 14 3.74166
9485.5 13 3.60555
9486.5 9 3
9487.5 10 3.16228
9488.5 10 3.16228
9489.5 19 4.3589
9490.5 7 2.64575
9491.5 7 2.64575
9492.5 10 3.16228
9493.5 12 3.4641
9494.5 13 3.60555
9495.5 13 3.60555
9496.5 9 3
9497.5 9 3
9498.5 10 3.16228
9499.5 16 4
9500.5 10 3.16228
9501.5 14 3.74166
9502.5 14 3.74166
9503.5 11 3.31662
9504.5 15 3.87298
9505.5 8 2.82843
9506.5 10 3.16228
9507.5 17 4.12311
9508.5 14 3.74166
9509.5 18 4.24264
9510.5 22 4.69042
9511.5 12 3.4641
9512.5 7 2.64575
9513.5 13 3.60555
9514.5 15 3.87298
9515.5 15 3.87298
9516.5 17 4.12311
9517.5 14 3.74166
9518.5 13 3.60555
9519.5 10 3.16228
9520.5 11 3.31662
9521.5 18 4.24264
9522.5 14 3.74166
9523.5 18 4.24264
9524.5 15 3.87298
9525.5 9 3
9526.5 10 3.16228
9527.5 12 3.4641
9528.5 14 3.74166
9529.5 19 4.3589
9530.5 11 3.31662
9531.5 13 3.60555
9532.5 9 3
9533.5 12 3.4641
9534.5 11 3.31662
9535.5 13 3.60555
9536.5 26 5.09902
9537.5 17 4.12311
9538.5 9 3
9539.5 13 3.60555
9540.5 11 3.31662
9541.5 17 4.12311
9542.5 14 3.74166
9543.5 22 4.69042
9544.5 8 2.82843
9545.5 18 4.24264
9546.5 17 4.12311
9547.5 15 3.87298
9548.5 12 3.4641
9549.5 12 3.4641
9550.5 8 2.82843
9551.5 16 4
9552.5 7 2.64575
9553.5 12 3.4641
9554.5 6 2.44949
9555.5 9 3
9556.5 8 2.82843
9557.5 9 3
9558.5 12 3.4641
9559.5 10 3.16228
9560.5 11 3.31662
9561.5 12 3.4641
9562.5 8 2.82843
9563.5 15 3.87298
9564.5 10 3.16228
9565.5 10 3.16228
9566.5 16 4
9567.5 17 4.12311
9568.5 13 3.60555
9569.5 16 4
9570.5 10 3.16228
9571.5 17 4.12311
9572.5 16 4
9573.5 17 4.12311
9574.5 16 4
9575.5 13 3.60555
9576.5 18 4.24264
9577.5 19 4.3589
9578.5 12 3.4641
9579.5 12 3.4641
9580.5 14 3.74166
9581.5 13 3.60555
9582.5 9 3
9583.5 23 4.79583
9584.5 15 3.87298
9585.5 11 3.31662
9586.5 16 4
9587.5 11 3.31662
9588.5 18 4.24264
9589.5 19 4.3589
9590.5 13 3.60555
9591.5 18 4.24264
9592.5 14 3.74166
9593.5 8 2.82843
9594.5 20 4.47214
9595.5 14 3.74166
9596.5 14 3.74166
9597.5 11 3.31662
9598.5 16 4
9599.5 16 4
9600.5 8 2.82843
9601.5 9 3
9602.5 12 3.4641
9603.5 12 3.4641
9604.5 14 3.74166
9605.5 13 3.60555
9606.5 11 3.31662
9607.5 11 3.31662
9608.5 13 3.60555
9609.5 12 3.4641
9610.5 9 3
9611.5 8 2.82843
9612.5 11 3.31662
9613.5 14 3.74166
9614.5 14 3.74166
9615.5 14 3.74166
9616.5 14 3.74166
9617.5 13 3.60555
9618.5 12 3.4641
9619.5 19 4.3589
9620.5 15 3.87298
9621.5 11 3.31662
9622.5 10 3.16228
9623.5 15 3.87298
9624.5 15 3.87298
9625.5 11 3.31662
9626.5 20 4.47214
9627.5 10 3.16228
9628.5 7 2.64575
9629.5 8 2.82843
9630.5 14 3.74166
9631.5 13 3.60555
9632.5 13 3.60555
9633.5 12 3.4641
9634.5 17 4.12311
9635.5 14 3.74166
9636.5 9 3
9637.5 7 2.64575
9638.5 19 4.3589
9639.5 7 2.64575
9640.5 9 3
9641.5 15 3.87298
9642.5 16 4
9643.5 14 3.74166
9644.5 10 3.16228
9645.5 9 3
9646.5 8 2.82843
9647.5 11 3.31662
9648.5 14 3.74166
9649.5 13 3.60555
9650.5 10 3.16228
9651.5 17 4.12311
9652.5 7 2.64575
9653.5 13 3.60555
9654.5 19 4.3589
9655.5 4 2
9656.5 13 3.60555
9657.5 7 2.64575
9658.5 19 4.3589
9659.5 15 3.87298
9660.5 5 2.23607
9661.5 11 3.31662
9662.5 10 3.16228
9663.5 16 4
9664.5 15 3.87298
9665.5 15 3.87298
9666.5 15 3.87298
9667.5 13 3.60555
9668.5 9 3
9669.5 14 3.74166
9670.5 11 3.31662
9671.5 12 3.4641
9672.5 13 3.60555
9673.5 11 3.31662
9674.5 15 3.87298
9675.5 14 3.74166
9676.5 9 3
9677.5 9 3
9678.5 14 3.74166
9679.5 12 3.4641
9680.5 14 3.74166
9681.5 7 2.64575
9682.5 16 4
9683.5 14 3.74166
9684.5 13 3.60555
9685.5 8 2.82843
9686.5 9 3
9687.5 8 2.82843
9688.5 8 2.82843
9689.5 12 3.4641
9690.5 8 2.82843
9691.5 7 2.64575
9692.5 13 3.60555
9693.5 13 3.60555
9694.5 15 3.87298
9695.5 13 3.60555
9696.5 14 3.74166
9697.5 7 2.64575
9698.5 3 1.73205
9699.5 8 2.82843
9700.5 14 3.74166
9701.5 8 2.82843
9702.5 8 2.82843
9703.5 14 3.74166
9704.5 11 3.31662
9705.5 7 2.64575
9706.5 11 3.31662
9707.5 11 3.31662
9708.5 8 2.82843
9709.5 11 3.31662
9710.5 7 2.64575
9711.5 11 3.31662
9712.5 7 2.64575
9713.5 11 3.31662
9714.5 8 2.82843
9715.5 7 2.64575
9716.5 6 2.44949
9717.5 8 2.82843
9718.5 13 3.60555
9719.5 4 2
9720.5 6 2.44949
9721.5 8 2.82843
9722.5 14 3.74166
9723.5 7 2.64575
9724.5 7 2.64575
9725.5 11 3.31662
9726.5 8 2.82843
9727.5 6 2.44949
9728.5 6 2.44949
9729.5 9 3
9730.5 16 4
9731.5 14 3.74166
9732.5 4 2
9733.5 7 2.64575
9734.5 6 2.44949
9735.5 3 1.73205
9736.5 9 3
9737.5 7 2.64575
9738.5 9 3
9739.5 7 2.64575
9740.5 8 2.82843
9741.5 8 2.82843
9742.5 9 3
9743.5 6 2.44949
9744.5 8 2.82843
9745.5 10 3.16228
9746.5 8 2.82843
9747.5 11 3.31662
9748.5 8 2.82843
9749.5 6 2.44949
9750.5 8 2.82843
9751.5 7 2.64575
9752.5 8 2.82843
9753.5 8 2.82843
9754.5 7 2.64575
9755.5 13 3.60555
9756.5 14 3.74166
9757.5 11 3.31662
9758.5 6 2.44949
9759.5 7 2.64575
9760.5 7 2.64575
9761.5 8 2.82843
9762.5 4 2
9763.5 5 2.23607
9764.5 8 2.82843
9765.5 12 3.4641
9766.5 6 2.44949
9767.5 9 3
9768.5 9 3
9769.5 8 2.82843
9770.5 6 2.44949
9771.5 8 2.82843
9772.5 6 2.44949
9773.5 5 2.23607
9774.5 6 2.44949
9775.5 4 2
9776.5 8 2.82843
9777.5 5 2.23607
9778.5 7 2.64575
9779.5 6 2.44949
9780.5 10 3.16228
9781.5 14 3.74166
9782.5 7 2.64575
9783.5 9 3
9784.5 9 3
9785.5 9 3
9786.5 10 3.16228
9787.5 7 2.64575
9788.5 6 2.44949
9789.5 8 2.82843
9790.5 8 2.82843
9791.5 4 2
9792.5 4 2
9793.5 9 3
9794.5 10 3.16228
9795.5 6 2.44949
9796.5 8 2.82843
9797.5 8 2.82843
9798.5 4 2
9799.5 5 2.23607
9800.5 8 2.82843
9801.5 9 3
9802.5 6 2.44949
9803.5 9 3
9804.5 5 2.23607
9805.5 8 2.82843
9806.5 6 2.44949
9807.5 10 3.16228
9808.5 13 3.60555
9809.5 4 2
9810.5 8 2.82843
9811.5 7 2.64575
9812.5 6 2.44949
9813.5 3 1.73205
9814.5 7 2.64575
9815.5 8 2.82843
9816.5 5 2.23607
9817.5 8 2.82843
9818.5 5 2.23607
9819.5 7 2.64575
9820.5 6 2.44949
9821.5 7 2.64575
9822.5 9 3
9823.5 4 2
9824.5 8 2.82843
9825.5 6 2.44949
9826.5 8 2.82843
9827.5 14 3.74166
9828.5 8 2.82843
9829.5 7 2.64575
9830.5 2 1.41421
9831.5 3 1.73205
9832.5 11 3.31662
9833.5 8 2.82843
9834.5 9 3
9835.5 6 2.44949
9836.5 13 3.60555
9837.5 4 2
9838.5 4 2
9839.5 5 2.23607
9840.5 4 2
9841.5 9 3
9842.5 6 2.44949
9843.5 7 2.64575
9844.5 5 2.23607
9845.5 9 3
9846.5 7 2.64575
9847.5 8 2.82843
9848.5 8 2.82843
9849.5 5 2.23607
9850.5 5 2.23607
9851.5 2 1.41421
9852.5 11 3.31662
9853.5 8 2.82843
9854.5 8 2.82843
9855.5 8 2.82843
9856.5 8 2.82843
9857.5 7 2.64575
9858.5 8 2.82843
9859.5 4 2
9860.5 8 2.82843
9861.5 8 2.82843
9862.5 12 3.4641
9863.5 2 1.41421
9864.5 3 1.73205
9865.5 1 1
9866.5 10 3.16228
9867.5 9 3
9868.5 10 3.16228
9869.5 3 1.73205
9870.5 2 1.41421
9871.5 5 2.23607
9872.5 5 2.23607
9873.5 5 2.23607
9874.5 7 2.64575
9875.5 11 3.31662
9876.5 6 2.44949
9877.5 3 1.73205
9878.5 8 2.82843
9879.5 5 2.23607
9880.5 7 2.64575
9881.5 7 2.64575
9882.5 14 3.74166
9883.5 3 1.73205
9884.5 12 3.4641
9885.5 11 3.31662
9886.5 5 2.23607
9887.5 5 2.23607
9888.5 7 2.64575
9889.5 7 2.64575
9890.5 7 2.64575
9891.5 12 3.4641
9892.5 7 2.64575
9893.5 5 2.23607
9894.5 4 2
9895.5 6 2.44949
9896.5 12 3.4641
9897.5 7 2.64575
9898.5 7 2.64575
9899.5 8 2.82843
9900.5 6 2.44949
9901.5 5 2.23607
9902.5 5 2.23607
9903.5 9 3
9904.5 9 3
9905.5 6 2.44949
9906.5 8 2.82843
9907.5 3 1.73205
9908.5 8 2.82843
9909.5 7 2.64575
9910.5 6 2.44949
9911.5 7 2.64575
9912.5 9 3
9913.5 11 3.31662
9914.5 13 3.60555
9915.5 7 2.64575
9916.5 6 2.44949
9917.5 2 1.41421
9918.5 3 1.73205
9919.5 5 2.23607
9920.5 4 2
9921.5 3 1.73205
9922.5 7 2.64575
9923.5 4 2
9924.5 6 2.44949
9925.5 8 2.82843
9926.5 6 2.44949
9927.5 4 2
9928.5 6 2.44949
9929.5 5 2.23607
9930.5 7 2.64575
9931.5 10 3.16228
9932.5 7 2.64575
9933.5 5 2.23607
9934.5 6 2.44949
9935.5 4 2
9936.5 4 2
9937.5 9 3
9938.5 8 2.82843
9939.5 6 2.44949
9940.5 10 3.16228
9941.5 4 2
9942.5 8 2.82843
9943.5 6 2.44949
9944.5 7 2.64575
9945.5 2 1.41421
9946.5 5 2.23607
9947.5 5 2.23607
9948.5 9 3
9949.5 7 2.64575
9950.5 10 3.16228
9951.5 5 2.23607
9952.5 8 2.82843
9953.5 2 1.41421
9954.5 4 2
9955.5 4 2
9956.5 7 2.64575
9957.5 8 2.82843
9958.5 6 2.44949
9959.5 4 2
9960.5 8 2.82843
9961.5 8 2.82843
9962.5 7 2.64575
9963.5 4 2
9964.5 8 2.82843
9965.5 9 3
9966.5 9 3
9967.5 8 2.82843
9968.5 5 2.23607
9969.5 5 2.23607
9970.5 10 3.16228
9971.5 6 2.44949
9972.5 5 2.23607
9973.5 8 2.82843
9974.5 8 2.82843
9975.5 4 2
9976.5 8 2.82843
9977.5 3 1.73205
9978.5 8 2.82843
9979.5 8 2.82843
9980.5 8 2.82843
9981.5 4 2
9982.5 13 3.60555
9983.5 9 3
9984.5 9 3
9985.5 6 2.44949
9986.5 7 2.64575
9987.5 9 3
9988.5 11 3.31662
9989.5 8 2.82843
9990.5 3 1.73205
9991.5 5 2.23607
9992.5 5 2.23607
9993.5 6 2.44949
9994.5 9 3
9995.5 2 1.41421
9996.5 8 2.82843
9997.5 11 3.31662
9998.5 9 3
9999.5 3 1.73205
10000.5 6 2.44949
10001.5 9 3
10002.5 5 2.23607
10003.5 6 2.44949
10004.5 8 2.82843
10005.5 6 2.44949
10006.5 6 2.44949
10007.5 4 2
10008.5 5 2.23607
10009.5 8 2.82843
10010.5 5 2.23607
10011.5 8 2.82843
10012.5 2 1.41421
10013.5 8 2.82843
10014.5 12 3.4641
10015.5 6 2.44949
10016.5 5 2.23607
10017.5 8 2.82843
10018.5 9 3
10019.5 2 1.41421
10020.5 10 3.16228
10021.5 4 2
10022.5 3 1.73205
10023.5 10 3.16228
10024.5 9 3
10025.5 9 3
10026.5 12 3.4641
10027.5 6 2.44949
10028.5 8 2.82843
10029.5 2 1.41421
10030.5 7 2.64575
10031.5 8 2.82843
10032.5 5 2.23607
10033.5 5 2.23607
10034.5 7 2.64575
10035.5 4 2
10036.5 10 3.16228
10037.5 7 2.64575
10038.5 5 2.23607
10039.5 6 2.44949
10040.5 5 2.23607
10041.5 4 2
10042.5 6 2.44949
10043.5 5 2.23607
10044.5 5 2.23607
10045.5 4 2
10046.5 6 2.44949
10047.5 7 2.64575
10048.5 3 1.73205
10049.5 4 2
10050.5 4 2
10051.5 6 2.44949
10052.5 6 2.44949
10053.5 8 2.82843
10054.5 7 2.64575
10055.5 7 2.64575
10056.5 6 2.44949
10057.5 5 2.23607
10058.5 4 2
10059.5 7 2.64575
10060.5 10 3.16228
10061.5 4 2
10062.5 7 2.64575
10063.5 5 2.23607
10064.5 5 2.23607
10065.5 9 3
10066.5 6 2.44949
10067.5 6 2.44949
10068.5 8 2.82843
10069.5 5 2.23607
10070.5 5 2.23607
10071.5 3 1.73205
10072.5 6 2.44949
10073.5 7 2.64575
10074.5 6 2.44949
10075.5 7 2.64575
10076.5 6 2.44949
10077.5 9 3
10078.5 4 2
10079.5 5 2.23607
10080.5 3 1.73205
10081.5 4 2
10082.5 1 1
10083.5 7 2.64575
10084.5 5 2.23607
10085.5 9 3
10086.5 4 2
10087.5 9 3
10088.5 6 2.44949
10089.5 5 2.23607
10090.5 9 3
10091.5 3 1.73205
10092.5 4 2
10093.5 6 2.44949
10094.5 1 1
10095.5 3 1.73205
10096.5 6 2.44949
10097.5 6 2.44949
10098.5 6 2.44949
10099.5 5 2.23607
10100.5 4 2
10101.5 5 2.23607
10102.5 1 1
10103.5 6 2.44949
10104.5 4 2
10105.5 5 2.23607
10106.5 3 1.73205
10107.5 6 2.44949
10108.5 2 1.41421
10109.5 8 2.82843
10110.5 7 2.64575
10111.5 4 2
10112.5 4 2
10113.5 3 1.73205
10114.5 2 1.41421
10115.5 2 1.41421
10116.5 3 1.73205
10117.5 5 2.23607
10118.5 4 2
10119.5 7 2.64575
10120.5 2 1.41421
10121.5 2 1.41421
10122.5 5 2.23607
10123.5 9 3
10124.5 5 2.23607
10125.5 7 2.64575
10126.5 5 2.23607
10127.5 4 2
10128.5 7 2.64575
10129.5 4 2
10130.5 4 2
10131.5 2 1.41421
10132.5 6 2.44949
10133.5 6 2.44949
10134.5 7 2.64575
10135.5 4 2
10136.5 2 1.41421
10137.5 5 2.23607
10138.5 3 1.73205
10139.5 4 2
10140.5 9 3
10141.5 6 2.44949
10142.5 6 2.44949
10143.5 3 1.73205
10144.5 2 1.41421
10145.5 1 1
10146.5 4 2
10147.5 9 3
10148.5 7 2.64575
10149.5 2 1.41421
10150.5 6 2.44949
10151.5 6 2.44949
10152.5 4 2
10153.5 6 2.44949
10154.5 7 2.64575
10155.5 3 1.73205
10156.5 5 2.23607
10157.5 5 2.23607
10158.5 8 2.82843
10159.5 4 2
10160.5 5 2.23607
10161.5 2 1.41421
10162.5 4 2
10163.5 3 1.73205
10164.5 7 2.64575
10165.5 2 1.41421
10166.5 5 2.23607
10167.5 4 2
10168.5 4 2
10169.5 2 1.41421
10170.5 4 2
10171.5 4 2
10172.5 7 2.64575
10173.5 6 2.44949
10174.5 3 1.73205
10175.5 7 2.64575
10176.5 8 2.82843
10177.5 5 2.23607
10178.5 5 2.23607
10179.5 4 2
10180.5 3 1.73205
10181.5 8 2.82843
10182.5 7 2.64575
10183.5 1 1
10184.5 5 2.23607
10185.5 4 2
10186.5 5 2.23607
10187.5 3 1.73205
10188.5 5 2.23607
10189.5 6 2.44949
10190.5 2 1.41421
10191.5 3 1.73205
10192.5 4 2
10193.5 4 2
10194.5 7 2.64575
10195.5 5 2.23607
10196.5 3 1.73205
10197.5 6 2.44949
10198.5 0 0
10199.5 2 1.41421
10200.5 7 2.64575
10201.5 5 2.23607
10202.5 4 2
10203.5 6 2.44949
10204.5 3 1.73205
10205.5 6 2.44949
10206.5 0 0
10207.5 4 2
10208.5 2 1.41421
10209.5 7 2.64575
10210.5 6 2.44949
10211.5 3 1.73205
10212.5 5 2.23607
10213.5 4 2
10214.5 7 2.64575
10215.5 4 2
10216.5 3 1.73205
10217.5 7 2.64575
10218.5 5 2.23607
10219.5 2 1.41421
10220.5 3 1.73205
10221.5 3 1.73205
10222.5 5 2.23607
10223.5 3 1.73205
10224.5 9 3
10225.5 1 1
10226.5 1 1
10227.5 5 2.23607
10228.5 3 1.73205
10229.5 4 2
10230.5 2 1.41421
10231.5 3 1.73205
10232.5 2 1.41421
10233.5 6 2.44949
10234.5 4 2
10235.5 0 0
10236.5 4 2
10237.5 4 2
10238.5 4 2
10239.5 3 1.73205
10240.5 3 1.73205
10241.5 2 1.41421
10242.5 4 2
10243.5 6 2.44949
10244.5 3 1.73205
10245.5 3 1.73205
10246.5 5 2.23607
10247.5 4 2
10248.5 2 1.41421
10249.5 3 1.73205
10250.5 4 2
10251.5 4 2
10252.5 4 2
10253.5 3 1.73205
10254.5 3 1.73205
10255.5 6 2.44949
10256.5 2 1.41421
10257.5 1 1
10258.5 7 2.64575
10259.5 7 2.64575
10260.5 4 2
10261.5 2 1.41421
10262.5 7 2.64575
10263.5 3 1.73205
10264.5 3 1.73205
10265.5 7 2.64575
10266.5 4 2
10267.5 5 2.23607
10268.5 4 2
10269.5 6 2.44949
10270.5 2 1.41421
10271.5 3 1.73205
10272.5 2 1.41421
10273.5 1 1
10274.5 5 2.23607
10275.5 5 2.23607
10276.5 2 1.41421
10277.5 2 1.41421
10278.5 1 1
10279.5 2 1.41421
10280.5 5 2.23607
10281.5 2 1.41421
10282.5 3 1.73205
10283.5 2 1.41421
10284.5 3 1.73205
10285.5 3 1.73205
10286.5 5 2.23607
10287.5 4 2
10288.5 1 1
10289.5 3 1.73205
10290.5 3 1.73205
10291.5 5 2.23607
10292.5 4 2
10293.5 1 1
10294.5 1 1
10295.5 8 2.82843
10296.5 2 1.41421
10297.5 2 1.41421
10298.5 3 1.73205
10299.5 2 1.41421
10300.5 0 0
10301.5 2 1.41421
10302.5 3 1.73205
10303.5 7 2.64575
10304.5 1 1
10305.5 3 1.73205
10306.5 6 2.44949
10307.5 3 1.73205
10308.5 8 2.82843
10309.5 7 2.64575
10310.5 0 0
10311.5 1 1
10312.5 1 1
10313.5 1 1
10314.5 0 0
10315.5 0 0
10316.5 1 1
10317.5 2 1.41421
10318.5 2 1.41421
10319.5 3 1.73205
10320.5 4 2
10321.5 2 1.41421
10322.5 4 2
10323.5 0 0
10324.5 9 3
10325.5 1 1
10326.5 4 2
10327.5 2 1.41421
10328.5 3 1.73205
10329.5 2 1.41421
10330.5 2 1.41421
10331.5 3 1.73205
10332.5 5 2.23607
10333.5 4 2
10334.5 4 2
10335.5 6 2.44949
10336.5 2 1.41421
10337.5 4 2
10338.5 2 1.41421
10339.5 6 2.44949
10340.5 0 0
10341.5 1 1
10342.5 3 1.73205
10343.5 5 2.23607
10344.5 2 1.41421
10345.5 3 1.73205
10346.5 4 2
10347.5 1 1
10348.5 2 1.41421
10349.5 4 2
10350.5 2 1.41421
10351.5 2 1.41421
10352.5 5 2.23607
10353.5 1 1
10354.5 4 2
10355.5 6 2.44949
10356.5 0 0
10357.5 2 1.41421
10358.5 2 1.41421
10359.5 5 2.23607
10360.5 5 2.23607
10361.5 5 2.23607
10362.5 3 1.73205
10363.5 1 1
10364.5 4 2
10365.5 4 2
10366.5 5 2.23607
10367.5 1 1
10368.5 0 0
10369.5 2 1.41421
10370.5 1 1
10371.5 2 1.41421
10372.5 2 1.41421
10373.5 2 1.41421
10374.5 1 1
10375.5 5 2.23607
10376.5 5 2.23607
10377.5 1 1
10378.5 5 2.23607
10379.5 2 1.41421
10380.5 0 0
10381.5 0 0
10382.5 1 1
10383.5 1 1
10384.5 2 1.41421
10385.5 1 1
10386.5 1 1
10387.5 3 1.73205
10388.5 0 0
10389.5 3 1.73205
10390.5 2 1.41421
10391.5 1 1
10392.5 3 1.73205
10393.5 1 1
10394.5 4 2
10395.5 1 1
10396.5 2 1.41421
10397.5 0 0
10398.5 1 1
10399.5 3 1.73205
10400.5 4 2
10401.5 2 1.41421
10402.5 3 1.73205
10403.5 5 2.23607
10404.5 3 1.73205
10405.5 3 1.73205
10406.5 3 1.73205
10407.5 2 1.41421
10408.5 6 2.44949
10409.5 2 1.41421
10410.5 0 0
10411.5 1 1
10412.5 3 1.73205
10413.5 2 1.41421
10414.5 0 0
10415.5 1 1
10416.5 1 1
10417.5 4 2
10418.5 0 0
10419.5 1 1
10420.5 1 1
10421.5 2 1.41421
10422.5 4 2
10423.5 3 1.73205
10424.5 1 1
10425.5 4 2
10426.5 2 1.41421
10427.5 0 0
10428.5 2 1.41421
10429.5 0 0
10430.5 6 2.44949
10431.5 5 2.23607
10432.5 5 2.23607
10433.5 2 1.41421
10434.5 2 1.41421
10435.5 3 1.73205
10436.5 3 1.73205
10437.5 1 1
10438.5 3 1.73205
10439.5 0 0
10440.5 2 1.41421
10441.5 3 1.73205
10442.5 1 1
10443.5 1 1
10444.5 2 1.41421
10445.5 0 0
10446.5 0 0
10447.5 1 1
10448.5 1 1
10449.5 0 0
10450.5 2 1.41421
10451.5 2 1.41421
10452.5 0 0
10453.5 0 0
10454.5 1 1
10455.5 4 2
10456.5 3 1.73205
10457.5 1 1
10458.5 1 1
10459.5 3 1.73205
10460.5 2 1.41421
10461.5 1 1
10462.5 0 0
10463.5 1 1
10464.5 1 1
10465.5 4 2
10466.5 3 1.73205
10467.5 2 1.41421
10468.5 4 2
10469.5 0 0
10470.5 6 2.44949
10471.5 1 1
10472.5 1 1
10473.5 4 2
10474.5 2 1.41421
10475.5 3 1.73205
10476.5 1 1
10477.5 0 0
10478.5 1 1
10479.5 1 1
10480.5 3 1.73205
10481.5 0 0
10482.5 1 1
10483.5 2 1.41421
10484.5 3 1.73205
10485.5 5 2.23607
10486.5 1 1
10487.5 2 1.41421
10488.5 4 2
10489.5 2 1.41421
10490.5 3 1.73205
10491.5 1 1
10492.5 1 1
10493.5 3 1.73205
10494.5 4 2
10495.5 2 1.41421
10496.5 2 1.41421
10497.5 2 1.41421
10498.5 1 1
10499.5 2 1.41421
10500.5 6 2.44949
10501.5 1 1
10502.5 3 1.73205
10503.5 2 1.41421
10504.5 0 0
10505.5 1 1
10506.5 1 1
10507.5 2 1.41421
10508.5 0 0
10509.5 2 1.41421
10510.5 3 1.73205
10511.5 1 1
10512.5 2 1.41421
10513.5 0 0
10514.5 2 1.41421
10515.5 3 1.73205
10516.5 1 1
10517.5 0 0
10518.5 1 1
10519.5 0 0
10520.5 1 1
10521.5 0 0
10522.5 1 1
10523.5 2 1.41421
10524.5 1 1
10525.5 1 1
10526.5 1 1
10527.5 2 1.41421
10528.5 2 1.41421
10529.5 0 0
10530.5 0 0
10531.5 3 1.73205
10532.5 1 1
10533.5 1 1
10534.5 2 1.41421
10535.5 3 1.73205
10536.5 3 1.73205
10537.5 3 1.73205
10538.5 3 1.73205
10539.5 4 2
10540.5 3 1.73205
10541.5 3 1.73205
10542.5 3 1.73205
10543.5 0 0
10544.5 4 2
10545.5 1 1
10546.5 0 0
10547.5 1 1
10548.5 1 1
10549.5 1 1
10550.5 1 1
10551.5 1 1
10552.5 1 1
10553.5 3 1.73205
10554.5 3 1.73205
10555.5 0 0
10556.5 1 1
10557.5 0 0
10558.5 5 2.23607
10559.5 2 1.41421
10560.5 5 2.23607
10561.5 1 1
10562.5 1 1
10563.5 1 1
10564.5 1 1
10565.5 0 0
10566.5 0 0
10567.5 0 0
10568.5 1 1
10569.5 3 1.73205
10570.5 1 1
10571.5 1 1
10572.5 3 1.73205
10573.5 0 0
10574.5 4 2
10575.5 0 0
10576.5 1 1
10577.5 1 1
10578.5 2 1.41421
10579.5 0 0
10580.5 0 0
10581.5 3 1.73205
10582.5 2 1.41421
10583.5 1 1
10584.5 3 1.73205
10585.5 0 0
10586.5 3 1.73205
10587.5 2 1.41421
10588.5 0 0
10589.5 1 1
10590.5 1 1
10591.5 3 1.73205
10592.5 1 1
10593.5 1 1
10594.5 3 1.73205
10595.5 0 0
10596.5 0 0
10597.5 2 1.41421
10598.5 1 1
10599.5 1 1
10600.5 0 0
10601.5 0 0
10602.5 0 0
10603.5 0 0
10604.5 1 1
10605.5 1 1
10606.5 0 0
10607.5 1 1
10608.5 4 2
10609.5 1 1
10610.5 0 0
10611.5 1 1
10612.5 1 1
10613.5 2 1.41421
10614.5 4 2
10615.5 1 1
10616.5 2 1.41421
10617.5 3 1.73205
10618.5 0 0
10619.5 0 0
10620.5 1 1
10621.5 0 0
10622.5 2 1.41421
10623.5 2 1.41421
10624.5 5 2.23607
10625.5 0 0
10626.5 2 1.41421
10627.5 2 1.41421
10628.5 1 1
10629.5 0 0
10630.5 1 1
10631.5 0 0
10632.5 1 1
10633.5 1 1
10634.5 2 1.41421
10635.5 2 1.41421
10636.5 4 2
10637.5 4 2
10638.5 1 1
10639.5 1 1
10640.5 4 2
10641.5 3 1.73205
10642.5 3 1.73205
10643.5 1 1
10644.5 1 1
10645.5 0 0
10646.5 1 1
10647.5 0 0
10648.5 2 1.41421
10649.5 2 1.41421
10650.5 4 2
10651.5 2 1.41421
10652.5 1 1
10653.5 1 1
10654.5 3 1.73205
10655.5 1 1
10656.5 1 1
10657.5 0 0
10658.5 2 1.41421
10659.5 0 0
10660.5 1 1
10661.5 2 1.41421
10662.5 0 0
10663.5 0 0
10664.5 3 1.73205
10665.5 3 1.73205
10666.5 0 0
10667.5 2 1.41421
10668.5 0 0
10669.5 0 0
10670.5 1 1
10671.5 0 0
10672.5 2 1.41421
10673.5 0 0
10674.5 3 1.73205
10675.5 2 1.41421
10676.5 1 1
10677.5 0 0
10678.5 0 0
10679.5 1 1
10680.5 1 1
10681.5 1 1
10682.5 1 1
10683.5 1 1
10684.5 1 1
10685.5 0 0
10686.5 1 1
10687.5 0 0
10688.5 1 1
10689.5 2 1.41421
10690.5 1 1
10691.5 2 1.41421
10692.5 1 1
10693.5 0 0
10694.5 2 1.41421
10695.5 0 0
10696.5 2 1.41421
10697.5 2 1.41421
10698.5 1 1
10699.5 1 1
10700.5 0 0
10701.5 2 1.41421
10702.5 1 1
10703.5 1 1
10704.5 1 1
10705.5 2 1.41421
10706.5 2 1.41421
10707.5 0 0
10708.5 2 1.41421
10709.5 1 1
10710.5 2 1.41421
10711.5 3 1.73205
10712.5 1 1
10713.5 2 1.41421
10714.5 1 1
10715.5 1 1
10716.5 1 1
10717.5 2 1.41421
10718.5 1 1
10719.5 1 1
10720.5 1 1
10721.5 2 1.41421
10722.5 2 1.41421
10723.5 1 1
10724.5 1 1
10725.5 2 1.41421
10726.5 1 1
10727.5 1 1
10728.5 2 1.41421
10729.5 1 1
10730.5 1 1
10731.5 0 0
10732.5 1 1
10733.5 0 0
10734.5 2 1.41421
10735.5 1 1
10736.5 1 1
10737.5 1 1
10738.5 1 1
10739.5 3 1.73205
10740.5 3 1.73205
10741.5 3 1.73205
10742.5 1 1
10743.5 1 1
10744.5 0 0
10745.5 0 0
10746.5 6 2.44949
10747.5 0 0
10748.5 2 1.41421
10749.5 1 1
10750.5 2 1.41421
10751.5 1 1
10752.5 2 1.41421
10753.5 0 0
10754.5 1 1
10755.5 4 2
10756.5 0 0
10757.5 2 1.41421
10758.5 2 1.41421
10759.5 1 1
10760.5 0 0
10761.5 2 1.41421
10762.5 1 1
10763.5 4 2
10764.5 2 1.41421
10765.5 1 1
10766.5 3 1.73205
10767.5 2 1.41421
10768.5 2 1.41421
10769.5 3 1.73205
10770.5 3 1.73205
10771.5 1 1
10772.5 2 1.41421
10773.5 1 1
10774.5 1 1
10775.5 1 1
10776.5 1 1
10777.5 2 1.41421
10778.5 2 1.41421
10779.5 0 0
10780.5 2 1.41421
10781.5 2 1.41421
10782.5 2 1.41421
10783.5 1 1
10784.5 3 1.73205
10785.5 3 1.73205
10786.5 3 1.73205
10787.5 3 1.73205
10788.5 1 1
10789.5 2 1.41421
10790.5 3 1.73205
10791.5 1 1
10792.5 1 1
10793.5 0 0
10794.5 0 0
10795.5 4 2
10796.5 2 1.41421
10797.5 0 0
10798.5 2 1.41421
10799.5 3 1.73205
10800.5 2 1.41421
10801.5 2 1.41421
10802.5 2 1.41421
10803.5 3 1.73205
10804.5 1 1
10805.5 2 1.41421
10806.5 1 1
10807.5 2 1.41421
10808.5 1 1
10809.5 1 1
10810.5 0 0
10811.5 5 2.23607
10812.5 5 2.23607
10813.5 2 1.41421
10814.5 1 1
10815.5 2 1.41421
10816.5 2 1.41421
10817.5 1 1
10818.5 1 1
10819.5 1 1
10820.5 1 1
10821.5 0 0
10822.5 1 1
10823.5 2 1.41421
10824.5 0 0
10825.5 0 0
10826.5 1 1
10827.5 2 1.41421
10828.5 1 1
10829.5 1 1
10830.5 1 1
10831.5 5 2.23607
10832.5 3 1.73205
10833.5 1 1
10834.5 3 1.73205
10835.5 0 0
10836.5 0 0
10837.5 2 1.41421
10838.5 1 1
10839.5 2 1.41421
10840.5 0 0
10841.5 0 0
10842.5 2 1.41421
10843.5 0 0
10844.5 1 1
10845.5 1 1
10846.5 2 1.41421
10847.5 3 1.73205
10848.5 2 1.41421
10849.5 0 0
10850.5 1 1
10851.5 2 1.41421
10852.5 2 1.41421
10853.5 0 0
10854.5 0 0
10855.5 0 0
10856.5 1 1
10857.5 2 1.41421
10858.5 2 1.41421
10859.5 1 1
10860.5 1 1
10861.5 1 1
10862.5 1 1
10863.5 2 1.41421
10864.5 1 1
10865.5 2 1.41421
10866.5 0 0
10867.5 1 1
10868.5 3 1.73205
10869.5 2 1.41421
10870.5 3 1.73205
10871.5 2 1.41421
10872.5 4 2
10873.5 2 1.41421
10874.5 2 1.41421
10875.5 1 1
10876.5 1 1
10877.5 2 1.41421
10878.5 3 1.73205
10879.5 1 1
10880.5 4 2
10881.5 2 1.41421
10882.5 0 0
10883.5 1 1
10884.5 5 2.23607
10885.5 2 1.41421
10886.5 4 2
10887.5 2 1.41421
10888.5 2 1.41421
10889.5 1 1
10890.5 3 1.73205
10891.5 6 2.44949
10892.5 7 2.64575
10893.5 6 2.44949
10894.5 5 2.23607
10895.5 12 3.4641
10896.5 13 3.60555
10897.5 18 4.24264
10898.5 16 4
10899.5 20 4.47214
10900.5 19 4.3589
10901.5 36 6
10902.5 40 6.32456
10903.5 46 6.78233
10904.5 58 7.61577
10905.5 60 7.74597
10906.5 88 9.38083
10907.5 104 10.198
10908.5 109 10.4403
10909.5 142 11.9164
10910.5 168 12.9615
10911.5 161 12.6886
10912.5 182 13.4907
10913.5 194 13.9284
10914.5 244 15.6205
10915.5 240 15.4919
10916.5 292 17.088
10917.5 272 16.4924
10918.5 285 16.8819
10919.5 332 18.2209
10920.5 300 17.3205
10921.5 312 17.6635
10922.5 326 18.0555
10923.5 280 16.7332
10924.5 299 17.2916
10925.5 267 16.3401
10926.5 255 15.9687
10927.5 220 14.8324
10928.5 229 15.1327
10929.5 210 14.4914
10930.5 188 13.7113
10931.5 142 11.9164
10932.5 149 12.2066
10933.5 107 10.3441
10934.5 102 10.0995
10935.5 79 8.88819
10936.5 48 6.9282
10937.5 50 7.07107
10938.5 44 6.63325
10939.5 22 4.69042
10940.5 29 5.38516
10941.5 11 3.31662
10942.5 20 4.47214
10943.5 15 3.87298
10944.5 19 4.3589
10945.5 11 3.31662
10946.5 5 2.23607
10947.5 2 1.41421
10948.5 3 1.73205
10949.5 5 2.23607
10950.5 2 1.41421
10951.5 3 1.73205
10952.5 1 1
10953.5 5 2.23607
10954.5 4 2
10955.5 0 0
10956.5 3 1.73205
10957.5 2 1.41421
10958.5 0 0
10959.5 1 1
10960.5 2 1.41421
10961.5 0 0
10962.5 1 1
10963.5 3 1.73205
10964.5 2 1.41421
10965.5 2 1.41421
10966.5 2 1.41421
10967.5 2 1.41421
10968.5 2 1.41421
10969.5 0 0
10970.5 1 1
10971.5 0 0
10972.5 0 0
10973.5 2 1.41421
10974.5 1 1
10975.5 0 0
10976.5 0 0
10977.5 0 0
10978.5 2 1.41421
10979.5 0 0
10980.5 0 0
10981.5 0 0
10982.5 1 1
10983.5 1 1
10984.5 2 1.41421
10985.5 0 0
10986.5 3 1.73205
10987.5 6 2.44949
10988.5 1 1
10989.5 1 1
10990.5 0 0
10991.5 2 1.41421
10992.5 0 0
10993.5 0 0
10994.5 1 1
10995.5 0 0
10996.5 1 1
10997.5 1 1
10998.5 0 0
10999.5 0 0
11000.5 0 0
11001.5 1 1
11002.5 0 0
11003.5 1 1
11004.5 1 1
11005.5 1 1
11006.5 2 1.41421
11007.5 0 0
11008.5 2 1.41421
11009.5 1 1
11010.5 0 0
11011.5 0 0
11012.5 1 1
11013.5 0 0
11014.5 1 1
11015.5 1 1
11016.5 2 1.41421
11017.5 0 0
11018.5 0 0
11019.5 3 1.73205
11020.5 2 1.41421
11021.5 2 1.41421
11022.5 0 0
11023.5 1 1
11024.5 1 1
11025.5 2 1.41421
11026.5 0 0
11027.5 0 0
11028.5 1 1
11029.5 0 0
11030.5 0 0
11031.5 1 1
11032.5 2 1.41421
11033.5 0 0
11034.5 1 1
11035.5 2 1.41421
11036.5 1 1
11037.5 0 0
11038.5 1 1
11039.5 0 0
11040.5 0 0
11041.5 0 0
11042.5 0 0
11043.5 0 0
11044.5 0 0
11045.5 0 0
11046.5 0 0
11047.5 0 0
11048.5 0 0
11049.5 2 1.41421
11050.5 1 1
11051.5 1 1
11052.5 1 1
11053.5 0 0
11054.5 1 1
11055.5 0 0
11056.5 2 1.41421
11057.5 0 0
11058.5 0 0
11059.5 2 1.41421
11060.5 0 0
11061.5 1 1
11062.5 2 1.41421
11063.5 0 0
11064.5 0 0
11065.5 0 0
11066.5 0 0
11067.5 1 1
11068.5 0 0
11069.5 0 0
11070.5 0 0
11071.5 1 1
11072.5 1 1
11073.5 0 0
11074.5 1 1
11075.5 0 0
11076.5 1 1
11077.5 2 1.41421
11078.5 1 1
11079.5 0 0
11080.5 1 1
11081.5 0 0
11082.5 1 1
11083.5 0 0
11084.5 0 0
11085.5 0 0
11086.5 0 0
11087.5 3 1.73205
11088.5 0 0
11089.5 0 0
11090.5 1 1
11091.5 1 1
11092.5 0 0
11093.5 1 1
11094.5 0 0
11095.5 0 0
11096.5 0 0
11097.5 0 0
11098.5 1 1
11099.5 0 0
11100.5 0 0
11101.5 0 0
11102.5 0 0
11103.5 0 0
11104.5 1 1
11105.5 0 0
11106.5 0 0
11107.5 0 0
11108.5 0 0
11109.5 0 0
11110.5 1 1
11111.5 0 0
11112.5 0 0
11113.5 0 0
11114.5 1 1
11115.5 1 1
11116.5 0 0
11117.5 1 1
11118.5 0 0
11119.5 1 1
11120.5 0 0
11121.5 0 0
11122.5 1 1
11123.5 1 1
11124.5 1 1
11125.5 1 1
11126.5 0 0
11127.5 0 0
11128.5 1 1
11129.5 0 0
11130.5 1 1
11131.5 1 1
11132.5 1 1
11133.5 1 1
11134.5 1 1
11135.5 1 1
11136.5 1 1
11137.5 0 0
11138.5 2 1.41421
11139.5 0 0
11140.5 1 1
11141.5 0 0
11142.5 0 0
11143.5 1 1
11144.5 2 1.41421
11145.5 0 0
11146.5 0 0
11147.5 1 1
11148.5 1 1
11149.5 0 0
11150.5 0 0
11151.5 0 0
11152.5 1 1
11153.5 0 0
11154.5 0 0
11155.5 0 0
11156.5 1 1
11157.5 1 1
11158.5 2 1.41421
11159.5 0 0
11160.5 0 0
11161.5 0 0
11162.5 1 1
11163.5 0 0
11164.5 1 1
11165.5 0 0
11166.5 1 1
11167.5 0 0
11168.5 2 1.41421
11169.5 1 1
11170.5 0 0
11171.5 0 0
11172.5 1 1
11173.5 1 1
11174.5 1 1
11175.5 1 1
11176.5 1 1
11177.5 0 0
11178.5 1 1
11179.5 0 0
11180.5 1 1
11181.5 0 0
11182.5 1 1
11183.5 0 0
11184.5 0 0
11185.5 1 1
11186.5 0 0
11187.5 1 1
11188.5 1 1
11189.5 0 0
11190.5 0 0
11191.5 1 1
11192.5 1 1
11193.5 2 1.41421
11194.5 2 1.41421
11195.5 2 1.41421
11196.5 2 1.41421
11197.5 1 1
11198.5 0 0
11199.5 3 1.73205
11200.5 3 1.73205
11201.5 3 1.73205
11202.5 0 0
11203.5 0 0
11204.5 2 1.41421
11205.5 1 1
11206.5 2 1.41421
11207.5 1 1
11208.5 0 0
11209.5 3 1.73205
11210.5 0 0
11211.5 4 2
11212.5 2 1.41421
11213.5 3 1.73205
11214.5 4 2
11215.5 1 1
11216.5 2 1.41421
11217.5 2 1.41421
11218.5 3 1.73205
11219.5 3 1.73205
11220.5 0 0
11221.5 2 1.41421
11222.5 1 1
11223.5 2 1.41421
11224.5 0 0
11225.5 4 2
11226.5 0 0
11227.5 1 1
11228.5 5 2.23607
11229.5 1 1
11230.5 0 0
11231.5 1 1
11232.5 0 0
11233.5 2 1.41421
11234.5 0 0
11235.5 1 1
11236.5 1 1
11237.5 0 0
11238.5 0 0
11239.5 2 1.41421
11240.5 1 1
11241.5 0 0
11242.5 2 1.41421
11243.5 3 1.73205
11244.5 2 1.41421
11245.5 0 0
11246.5 1 1
11247.5 1 1
11248.5 0 0
11249.5 0 0
11250.5 1 1
11251.5 0 0
11252.5 0 0
11253.5 3 1.73205
11254.5 1 1
11255.5 1 1
11256.5 0 0
11257.5 1 1
11258.5 0 0
11259.5 2 1.41421
11260.5 1 1
11261.5 0 0
11262.5 1 1
11263.5 0 0
11264.5 1 1
11265.5 1 1
11266.5 1 1
11267.5 0 0
11268.5 1 1
11269.5 0 0
11270.5 1 1
11271.5 1 1
11272.5 2 1.41421
11273.5 2 1.41421
11274.5 0 0
11275.5 1 1
11276.5 1 1
11277.5 1 1
11278.5 0 0
11279.5 2 1.41421
11280.5 0 0
11281.5 0 0
11282.5 0 0
11283.5 1 1
11284.5 2 1.41421
11285.5 1 1
11286.5 0 0
11287.5 1 1
11288.5 0 0
11289.5 1 1
11290.5 0 0
11291.5 1 1
11292.5 1 1
11293.5 1 1
11294.5 0 0
11295.5 1 1
11296.5 0 0
11297.5 0 0
11298.5 1 1
11299.5 2 1.41421
11300.5 0 0
11301.5 1 1
11302.5 3 1.73205
11303.5 0 0
11304.5 0 0
11305.5 0 0
11306.5 3 1.73205
11307.5 0 0
11308.5 1 1
11309.5 3 1.73205
11310.5 0 0
11311.5 1 1
11312.5 1 1
11313.5 1 1
11314.5 2 1.41421
11315.5 0 0
11316.5 0 0
11317.5 1 1
11318.5 0 0
11319.5 0 0
11320.5 0 0
11321.5 1 1
11322.5 0 0
11323.5 4 2
11324.5 0 0
11325.5 1 1
11326.5 0 0
11327.5 1 1
11328.5 1 1
11329.5 1 1
11330.5 0 0
11331.5 0 0
11332.5 1 1
11333.5 0 0
11334.5 1 1
11335.5 1 1
11336.5 0 0
11337.5 2 1.41421
11338.5 0 0
11339.5 1 1
11340.5 0 0
11341.5 1 1
11342.5 0 0
11343.5 2 1.41421
11344.5 0 0
11345.5 0 0
11346.5 1 1
11347.5 0 0
11348.5 0 0
11349.5 0 0
11350.5 0 0
11351.5 1 1
11352.5 0 0
11353.5 2 1.41421
11354.5 0 0
11355.5 0 0
11356.5 0 0
11357.5 1 1
11358.5 1 1
11359.5 1 1
11360.5 0 0
11361.5 0 0
11362.5 0 0
11363.5 1 1
11364.5 0 0
11365.5 1 1
11366.5 0 0
11367.5 1 1
11368.5 0 0
11369.5 0 0
11370.5 0 0
11371.5 0 0
11372.5 0 0
11373.5 1 1
11374.5 1 1
11375.5 0 0
11376.5 0 0
11377.5 0 0
11378.5 1 1
11379.5 0 0
11380.5 2 1.41421
11381.5 1 1
11382.5 0 0
11383.5 1 1
11384.5 1 1
11385.5 0 0
11386.5 0 0
11387.5 0 0
11388.5 0 0
11389.5 0 0
11390.5 1 1
11391.5 1 1
11392.5 2 1.41421
11393.5 0 0
11394.5 0 0
11395.5 1 1
11396.5 2 1.41421
11397.5 1 1
11398.5 1 1
11399.5 0 0
11400.5 0 0
11401.5 0 0
11402.5 1 1
11403.5 1 1
11404.5 0 0
11405.5 0 0
11406.5 1 1
11407.5 1 1
11408.5 0 0
11409.5 1 1
11410.5 2 1.41421
11411.5 0 0
11412.5 2 1.41421
11413.5 3 1.73205
11414.5 2 1.41421
11415.5 1 1
11416.5 0 0
11417.5 1 1
11418.5 3 1.73205
11419.5 2 1.41421
11420.5 0 0
11421.5 0 0
11422.5 0 0
11423.5 1 1
11424.5 1 1
11425.5 0 0
11426.5 0 0
11427.5 1 1
11428.5 0 0
11429.5 3 1.73205
11430.5 1 1
11431.5 0 0
11432.5 1 1
11433.5 0 0
11434.5 1 1
11435.5 0 0
11436.5 0 0
11437.5 2 1.41421
11438.5 0 0
11439.5 0 0
11440.5 0 0
11441.5 0 0
11442.5 2 1.41421
11443.5 1 1
11444.5 2 1.41421
11445.5 1 1
11446.5 2 1.41421
11447.5 0 0
11448.5 0 0
11449.5 0 0
11450.5 0 0
11451.5 1 1
11452.5 0 0
11453.5 0 0
11454.5 0 0
11455.5 1 1
11456.5 0 0
11457.5 0 0
11458.5 1 1
11459.5 1 1
11460.5 0 0
11461.5 1 1
11462.5 0 0
11463.5 0 0
11464.5 0 0
11465.5 0 0
11466.5 0 0
11467.5 1 1
11468.5 1 1
11469.5 1 1
11470.5 0 0
11471.5 1 1
11472.5 1 1
11473.5 1 1
11474.5 1 1
11475.5 2 1.41421
11476.5 1 1
11477.5 0 0
11478.5 1 1
11479.5 1 1
11480.5 0 0
11481.5 0 0
11482.5 0 0
11483.5 1 1
11484.5 2 1.41421
11485.5 1 1
11486.5 1 1
11487.5 0 0
11488.5 2 1.41421
11489.5 1 1
11490.5 0 0
11491.5 0 0
11492.5 1 1
11493.5 0 0
11494.5 0 0
11495.5 2 1.41421
11496.5 1 1
11497.5 2 1.41421
11498.5 2 1.41421
11499.5 1 1
11500.5 1 1
11501.5 0 0
11502.5 1 1
11503.5 0 0
11504.5 0 0
11505.5 0 0
11506.5 2 1.41421
11507.5 2 1.41421
11508.5 2 1.41421
11509.5 1 1
11510.5 1 1
11511.5 0 0
11512.5 2 1.41421
11513.5 0 0
11514.5 1 1
11515.5 3 1.73205
11516.5 0 0
11517.5 0 0
11518.5 0 0
11519.5 0 0
11520.5 1 1
11521.5 3 1.73205
11522.5 1 1
11523.5 1 1
11524.5 0 0
11525.5 0 0
11526.5 4 2
11527.5 1 1
11528.5 1 1
11529.5 0 0
11530.5 1 1
11531.5 0 0
11532.5 0 0
11533.5 0 0
11534.5 0 0
11535.5 0 0
11536.5 0 0
11537.5 0 0
11538.5 3 1.73205
11539.5 1 1
11540.5 0 0
11541.5 1 1
11542.5 0 0
11543.5 0 0
11544.5 1 1
11545.5 0 0
11546.5 1 1
11547.5 0 0
11548.5 1 1
11549.5 0 0
11550.5 0 0
11551.5 1 1
11552.5 2 1.41421
11553.5 1 1
11554.5 1 1
11555.5 0 0
11556.5 2 1.41421
11557.5 1 1
11558.5 1 1
11559.5 0 0
11560.5 0 0
11561.5 0 0
11562.5 0 0
11563.5 3 1.73205
11564.5 0 0
11565.5 1 1
11566.5 0 0
11567.5 1 1
11568.5 0 0
11569.5 1 1
11570.5 2 1.41421
11571.5 1 1
11572.5 0 0
11573.5 0 0
11574.5 1 1
11575.5 2 1.41421
11576.5 2 1.41421
11577.5 0 0
11578.5 2 1.41421
11579.5 0 0
11580.5 2 1.41421
11581.5 0 0
11582.5 1 1
11583.5 0 0
11584.5 1 1
11585.5 0 0
11586.5 1 1
11587.5 0 0
11588.5 1 1
11589.5 1 1
11590.5 0 0
11591.5 2 1.41421
11592.5 2 1.41421
11593.5 0 0
11594.5 0 0
11595.5 1 1
11596.5 1 1
11597.5 0 0
11598.5 1 1
11599.5 0 0
11600.5 1 1
11601.5 1 1
11602.5 1 1
11603.5 1 1
11604.5 1 1
11605.5 2 1.41421
11606.5 0 0
11607.5 0 0
11608.5 1 1
11609.5 2 1.41421
11610.5 3 1.73205
11611.5 1 1
11612.5 1 1
11613.5 1 1
11614.5 0 0
11615.5 1 1
11616.5 0 0
11617.5 0 0
11618.5 1 1
11619.5 0 0
11620.5 0 0
11621.5 1 1
11622.5 2 1.41421
11623.5 0 0
11624.5 0 0
11625.5 1 1
11626.5 0 0
11627.5 0 0
11628.5 0 0
11629.5 1 1
11630.5 1 1
11631.5 1 1
11632.5 0 0
11633.5 2 1.41421
11634.5 0 0
11635.5 0 0
11636.5 0 0
11637.5 0 0
11638.5 1 1
11639.5 0 0
11640.5 0 0
11641.5 1 1
11642.5 0 0
11643.5 0 0
11644.5 0 0
11645.5 0 0
11646.5 1 1
11647.5 0 0
11648.5 1 1
11649.5 1 1
11650.5 2 1.41421
11651.5 0 0
11652.5 2 1.41421
11653.5 0 0
11654.5 0 0
11655.5 0 0
11656.5 1 1
11657.5 1 1
11658.5 1 1
11659.5 0 0
11660.5 1 1
11661.5 1 1
11662.5 1 1
11663.5 0 0
11664.5 0 0
11665.5 0 0
11666.5 0 0
11667.5 0 0
11668.5 0 0
11669.5 1 1
11670.5 1 1
11671.5 1 1
11672.5 1 1
11673.5 0 0
11674.5 1 1
11675.5 1 1
11676.5 0 0
11677.5 0 0
11678.5 2 1.41421
11679.5 0 0
11680.5 0 0
11681.5 0 0
11682.5 1 1
11683.5 2 1.41421
11684.5 0 0
11685.5 0 0
11686.5 0 0
11687.5 0 0
11688.5 1 1
11689.5 1 1
11690.5 1 1
11691.5 1 1
11692.5 1 1
11693.5 0 0
11694.5 0 0
11695.5 0 0
11696.5 0 0
11697.5 1 1
11698.5 0 0
11699.5 1 1
11700.5 1 1
11701.5 0 0
11702.5 0 0
11703.5 0 0
11704.5 0 0
11705.5 1 1
11706.5 0 0
11707.5 2 1.41421
11708.5 1 1
11709.5 1 1
11710.5 0 0
11711.5 0 0
11712.5 2 1.41421
11713.5 2 1.41421
11714.5 1 1
11715.5 0 0
11716.5 3 1.73205
11717.5 1 1
11718.5 0 0
11719.5 0 0
11720.5 2 1.41421
11721.5 0 0
11722.5 0 0
11723.5 1 1
11724.5 0 0
11725.5 1 1
11726.5 0 0
11727.5 0 0
11728.5 1 1
11729.5 1 1
11730.5 1 1
11731.5 0 0
11732.5 0 0
11733.5 0 0
11734.5 2 1.41421
11735.5 0 0
11736.5 0 0
11737.5 0 0
11738.5 1 1
11739.5 1 1
11740.5 0 0
11741.5 0 0
11742.5 0 0
11743.5 0 0
11744.5 1 1
11745.5 1 1
11746.5 0 0
11747.5 0 0
11748.5 0 0
11749.5 0 0
11750.5 0 0
11751.5 0 0
11752.5 0 0
11753.5 0 0
11754.5 1 1
11755.5 0 0
11756.5 1 1
11757.5 0 0
11758.5 1 1
11759.5 0 0
11760.5 1 1
11761.5 1 1
11762.5 1 1
11763.5 0 0
11764.5 0 0
11765.5 0 0
11766.5 1 1
11767.5 0 0
11768.5 2 1.41421
11769.5 1 1
11770.5 1 1
11771.5 0 0
11772.5 1 1
11773.5 1 1
11774.5 0 0
11775.5 0 0
11776.5 2 1.41421
11777.5 0 0
11778.5 1 1
11779.5 0 0
11780.5 0 0
11781.5 0 0
11782.5 0 0
11783.5 0 0
11784.5 0 0
11785.5 1 1
11786.5 1 1
11787.5 2 1.41421
11788.5 0 0
11789.5 0 0
11790.5 2 1.41421
11791.5 2 1.41421
11792.5 1 1
11793.5 1 1
11794.5 0 0
11795.5 1 1
11796.5 0 0
11797.5 2 1.41421
11798.5 0 0
11799.5 0 0
11800.5 0 0
11801.5 1 1
11802.5 2 1.41421
11803.5 0 0
11804.5 0 0
11805.5 0 0
11806.5 0 0
11807.5 2 1.41421
11808.5 0 0
11809.5 1 1
11810.5 1 1
11811.5 0 0
11812.5 1 1
11813.5 0 0
11814.5 1 1
11815.5 0 0
11816.5 1 1
11817.5 0 0
11818.5 1 1
11819.5 2 1.41421
11820.5 0 0
11821.5 1 1
11822.5 1 1
11823.5 1 1
11824.5 2 1.41421
11825.5 2 1.41421
11826.5 1 1
11827.5 0 0
11828.5 1 1
11829.5 0 0
11830.5 1 1
11831.5 0 0
11832.5 1 1
11833.5 1 1
11834.5 0 0
11835.5 0 0
11836.5 0 0
11837.5 0 0
11838.5 0 0
11839.5 0 0
11840.5 0 0
11841.5 1 1
11842.5 0 0
11843.5 1 1
11844.5 0 0
11845.5 0 0
11846.5 0 0
11847.5 1 1
11848.5 0 0
11849.5 0 0
11850.5 1 1
11851.5 1 1
11852.5 1 1
11853.5 2 1.41421
11854.5 0 0
11855.5 0 0
11856.5 0 0
11857.5 0 0
11858.5 1 1
11859.5 2 1.41421
11860.5 1 1
11861.5 1 1
11862.5 3 1.73205
11863.5 0 0
11864.5 0 0
11865.5 1 1
11866.5 1 1
11867.5 1 1
11868.5 0 0
11869.5 0 0
11870.5 0 0
11871.5 1 1
11872.5 0 0
11873.5 0 0
11874.5 1 1
11875.5 0 0
11876.5 2 1.41421
11877.5 0 0
11878.5 1 1
11879.5 2 1.41421
11880.5 0 0
11881.5 1 1
11882.5 0 0
11883.5 0 0
11884.5 2 1.41421
11885.5 1 1
11886.5 1 1
11887.5 0 0
11888.5 0 0
11889.5 1 1
11890.5 0 0
11891.5 1 1
11892.5 0 0
11893.5 0 0
11894.5 0 0
11895.5 0 0
11896.5 0 0
11897.5 1 1
11898.5 0 0
11899.5 1 1
11900.5 0 0
11901.5 0 0
11902.5 1 1
11903.5 0 0
11904.5 2 1.41421
11905.5 0 0
11906.5 0 0
11907.5 0 0
11908.5 0 0
11909.5 2 1.41421
11910.5 0 0
11911.5 0 0
11912.5 0 0
11913.5 1 1
11914.5 1 1
11915.5 1 1
11916.5 0 0
11917.5 1 1
11918.5 0 0
11919.5 1 1
11920.5 0 0
11921.5 0 0
11922.5 0 0
11923.5 0 0
11924.5 0 0
11925.5 1 1
11926.5 0 0
11927.5 0 0
11928.5 0 0
11929.5 1 1
11930.5 0 0
11931.5 1 1
11932.5 0 0
11933.5 1 1
11934.5 1 1
11935.5 0 0
11936.5 2 1.41421
11937.5 2 1.41421
11938.5 1 1
11939.5 1 1
11940.5 1 1
11941.5 1 1
11942.5 0 0
11943.5 1 1
11944.5 1 1
11945.5 1 1
11946.5 0 0
11947.5 1 1
11948.5 1 1
11949.5 4 2
11950.5 1 1
11951.5 2 1.41421
11952.5 1 1
11953.5 4 2
11954.5 1 1
11955.5 0 0
11956.5 2 1.41421
11957.5 0 0
11958.5 4 2
11959.5 0 0
11960.5 1 1
11961.5 0 0
11962.5 0 0
11963.5 1 1
11964.5 2 1.41421
11965.5 0 0
11966.5 1 1
11967.5 3 1.73205
11968.5 0 0
11969.5 1 1
11970.5 1 1
11971.5 0 0
11972.5 2 1.41421
11973.5 0 0
11974.5 0 0
11975.5 1 1
11976.5 0 0
11977.5 0 0
11978.5 0 0
11979.5 0 0
11980.5 1 1
11981.5 0 0
11982.5 0 0
11983.5 1 1
11984.5 1 1
11985.5 1 1
11986.5 1 1
11987.5 0 0
11988.5 1 1
11989.5 0 0
11990.5 2 1.41421
11991.5 0 0
11992.5 0 0
11993.5 2 1.41421
11994.5 0 0
11995.5 0 0
11996.5 0 0
11997.5 2 1.41421
11998.5 1 1
11999.5 0 0
12000.5 1 1
12001.5 1 1
12002.5 1 1
12003.5 2 1.41421
12004.5 1 1
12005.5 1 1
12006.5 2 1.41421
12007.5 0 0
12008.5 0 0
12009.5 1 1
12010.5 1 1
12011.5 0 0
12012.5 0 0
12013.5 0 0
12014.5 0 0
12015.5 0 0
12016.5 1 1
12017.5 1 1
12018.5 1 1
12019.5 2 1.41421
12020.5 1 1
12021.5 2 1.41421
12022.5 1 1
12023.5 0 0
12024.5 0 0
12025.5 2 1.41421
12026.5 1 1
12027.5 1 1
12028.5 2 1.41421
12029.5 0 0
12030.5 0 0
12031.5 1 1
12032.5 0 0
12033.5 1 1
12034.5 1 1
12035.5 0 0
12036.5 2 1.41421
12037.5 1 1
12038.5 0 0
12039.5 1 1
12040.5 0 0
12041.5 1 1
12042.5 1 1
12043.5 2 1.41421
12044.5 0 0
12045.5 0 0
12046.5 0 0
12047.5 1 1
12048.5 2 1.41421
12049.5 0 0
12050.5 0 0
12051.5 0 0
12052.5 0 0
12053.5 0 0
12054.5 0 0
12055.5 0 0
12056.5 1 1
12057.5 0 0
12058.5 0 0
12059.5 2 1.41421
12060.5 1 1
12061.5 1 1
12062.5 0 0
12063.5 0 0
12064.5 0 0
12065.5 1 1
12066.5 1 1
12067.5 1 1
12068.5 0 0
12069.5 1 1
12070.5 1 1
12071.5 3 1.73205
12072.5 2 1.41421
12073.5 1 1
12074.5 0 0
12075.5 0 0
12076.5 5 2.23607
12077.5 0 0
12078.5 0 0
12079.5 1 1
12080.5 1 1
12081.5 0 0
12082.5 1 1
12083.5 1 1
12084.5 1 1
12085.5 1 1
12086.5 1 1
12087.5 0 0
12088.5 2 1.41421
12089.5 0 0
12090.5 1 1
12091.5 1 1
12092.5 0 0
12093.5 0 0
12094.5 0 0
12095.5 1 1
12096.5 2 1.41421
12097.5 1 1
12098.5 2 1.41421
12099.5 0 0
12100.5 0 0
12101.5 0 0
12102.5 0 0
12103.5 0 0
12104.5 1 1
12105.5 0 0
12106.5 1 1
12107.5 0 0
12108.5 0 0
12109.5 0 0
12110.5 1 1
12111.5 0 0
12112.5 0 0
12113.5 2 1.41421
12114.5 0 0
12115.5 0 0
12116.5 1 1
12117.5 1 1
12118.5 1 1
12119.5 1 1
12120.5 3 1.73205
12121.5 1 1
12122.5 0 0
12123.5 0 0
12124.5 1 1
12125.5 0 0
12126.5 3 1.73205
12127.5 1 1
12128.5 1 1
12129.5 3 1.73205
12130.5 0 0
12131.5 1 1
12132.5 0 0
12133.5 1 1
12134.5 1 1
12135.5 1 1
12136.5 1 1
12137.5 0 0
12138.5 0 0
12139.5 0 0
12140.5 1 1
12141.5 0 0
12142.5 1 1
12143.5 1 1
12144.5 1 1
12145.5 2 1.41421
12146.5 1 1
12147.5 1 1
12148.5 0 0
12149.5 0 0
12150.5 0 0
12151.5 0 0
12152.5 1 1
12153.5 1 1
12154.5 0 0
12155.5 1 1
12156.5 1 1
12157.5 0 0
12158.5 2 1.41421
12159.5 3 1.73205
12160.5 1 1
12161.5 1 1
12162.5 0 0
12163.5 0 0
12164.5 1 1
12165.5 2 1.41421
12166.5 0 0
12167.5 1 1
12168.5 0 0
12169.5 0 0
12170.5 2 1.41421
12171.5 1 1
12172.5 0 0
12173.5 1 1
12174.5 0 0
12175.5 3 1.73205
12176.5 0 0
12177.5 0 0
12178.5 0 0
12179.5 0 0
12180.5 0 0
12181.5 0 0
12182.5 1 1
12183.5 1 1
12184.5 1 1
12185.5 3 1.73205
12186.5 1 1
12187.5 0 0
12188.5 0 0
12189.5 2 1.41421
12190.5 3 1.73205
12191.5 0 0
12192.5 0 0
12193.5 0 0
12194.5 1 1
12195.5 0 0
12196.5 0 0
12197.5 1 1
12198.5 0 0
12199.5 0 0
12200.5 1 1
12201.5 0 0
12202.5 1 1
12203.5 0 0
12204.5 1 1
12205.5 0 0
12206.5 0 0
12207.5 0 0
12208.5 0 0
12209.5 0 0
12210.5 1 1
12211.5 2 1.41421
12212.5 2 1.41421
12213.5 0 0
12214.5 2 1.41421
12215.5 0 0
12216.5 0 0
12217.5 0 0
12218.5 1 1
12219.5 1 1
12220.5 0 0
12221.5 0 0
12222.5 1 1
12223.5 2 1.41421
12224.5 2 1.41421
12225.5 0 0
12226.5 2 1.41421
12227.5 1 1
12228.5 3 1.73205
12229.5 1 1
12230.5 1 1
12231.5 0 0
12232.5 0 0
12233.5 0 0
12234.5 0 0
12235.5 2 1.41421
12236.5 3 1.73205
12237.5 0 0
12238.5 2 1.41421
12239.5 0 0
12240.5 1 1
12241.5 3 1.73205
12242.5 1 1
12243.5 0 0
12244.5 0 0
12245.5 0 0
12246.5 1 1
12247.5 1 1
12248.5 0 0
12249.5 1 1
12250.5 0 0
12251.5 0 0
12252.5 0 0
12253.5 0 0
12254.5 1 1
12255.5 1 1
12256.5 0 0
12257.5 0 0
12258.5 1 1
12259.5 0 0
12260.5 2 1.41421
12261.5 0 0
12262.5 1 1
12263.5 1 1
12264.5 0 0
12265.5 1 1
12266.5 0 0
12267.5 3 1.73205
12268.5 1 1
12269.5 0 0
12270.5 1 1
12271.5 2 1.41421
12272.5 0 0
12273.5 0 0
12274.5 0 0
12275.5 2 1.41421
12276.5 1 1
12277.5 1 1
12278.5 0 0
12279.5 1 1
12280.5 0 0
12281.5 1 1
12282.5 1 1
12283.5 2 1.41421
12284.5 2 1.41421
12285.5 0 0
12286.5 1 1
12287.5 2 1.41421
12288.5 1 1
12289.5 0 0
12290.5 1 1
12291.5 1 1
12292.5 0 0
12293.5 1 1
12294.5 0 0
12295.5 1 1
12296.5 0 0
12297.5 1 1
12298.5 1 1
12299.5 0 0
12300.5 0 0
12301.5 1 1
12302.5 1 1
12303.5 0 0
12304.5 0 0
12305.5 1 1
12306.5 2 1.41421
12307.5 4 2
12308.5 0 0
12309.5 1 1
12310.5 4 2
12311.5 3 1.73205
12312.5 1 1
12313.5 1 1
12314.5 1 1
12315.5 0 0
12316.5 1 1
12317.5 0 0
12318.5 0 0
12319.5 1 1
12320.5 0 0
12321.5 0 0
12322.5 1 1
12323.5 0 0
12324.5 1 1
12325.5 1 1
12326.5 1 1
12327.5 1 1
12328.5 2 1.41421
12329.5 0 0
12330.5 0 0
12331.5 0 0
12332.5 1 1
12333.5 1 1
12334.5 1 1
12335.5 2 1.41421
12336.5 1 1
12337.5 1 1
12338.5 1 1
12339.5 0 0
12340.5 1 1
12341.5 0 0
12342.5 0 0
12343.5 2 1.41421
12344.5 0 0
12345.5 2 1.41421
12346.5 1 1
12347.5 1 1
12348.5 0 0
12349.5 0 0
12350.5 0 0
12351.5 2 1.41421
12352.5 0 0
12353.5 0 0
12354.5 1 1
12355.5 0 0
12356.5 1 1
12357.5 1 1
12358.5 1 1
12359.5 0 0
12360.5 0 0
12361.5 1 1
12362.5 2 1.41421
12363.5 1 1
12364.5 0 0
12365.5 0 0
12366.5 0 0
12367.5 1 1
12368.5 2 1.41421
12369.5 2 1.41421
12370.5 1 1
12371.5 0 0
12372.5 1 1
12373.5 0 0
12374.5 2 1.41421
12375.5 1 1
12376.5 0 0
12377.5 2 1.41421
12378.5 0 0
12379.5 1 1
12380.5 2 1.41421
12381.5 1 1
12382.5 0 0
12383.5 0 0
12384.5 0 0
12385.5 0 0
12386.5 2 1.41421
12387.5 1 1
12388.5 0 0
12389.5 2 1.41421
12390.5 2 1.41421
12391.5 0 0
12392.5 1 1
12393.5 1 1
12394.5 0 0
12395.5 0 0
12396.5 2 1.41421
12397.5 1 1
12398.5 1 1
12399.5 3 1.73205
12400.5 2 1.41421
12401.5 0 0
12402.5 0 0
12403.5 0 0
12404.5 1 1
12405.5 0 0
12406.5 1 1
12407.5 0 0
12408.5 2 1.41421
12409.5 1 1
12410.5 1 1
12411.5 2 1.41421
12412.5 0 0
12413.5 1 1
12414.5 1 1
12415.5 1 1
12416.5 0 0
12417.5 0 0
12418.5 0 0
12419.5 0 0
12420.5 0 0
12421.5 2 1.41421
12422.5 1 1
12423.5 1 1
12424.5 1 1
12425.5 0 0
12426.5 0 0
12427.5 0 0
12428.5 0 0
12429.5 0 0
12430.5 1 1
12431.5 1 1
12432.5 0 0
12433.5 1 1
12434.5 1 1
12435.5 1 1
12436.5 1 1
12437.5 0 0
12438.5 0 0
12439.5 2 1.41421
12440.5 0 0
12441.5 2 1.41421
12442.5 0 0
12443.5 2 1.41421
12444.5 0 0
12445.5 1 1
12446.5 0 0
12447.5 0 0
12448.5 1 1
12449.5 1 1
12450.5 1 1
12451.5 0 0
12452.5 0 0
12453.5 0 0
12454.5 2 1.41421
12455.5 0 0
12456.5 0 0
12457.5 0 0
12458.5 0 0
12459.5 0 0
12460.5 1 1
12461.5 1 1
12462.5 2 1.41421
12463.5 0 0
12464.5 0 0
12465.5 0 0
12466.5 1 1
12467.5 1 1
12468.5 3 1.73205
12469.5 0 0
12470.5 1 1
12471.5 1 1
12472.5 0 0
12473.5 1 1
12474.5 1 1
12475.5 0 0
12476.5 1 1
12477.5 1 1
12478.5 0 0
12479.5 0 0
12480.5 0 0
12481.5 0 0
12482.5 0 0
12483.5 0 0
12484.5 3 1.73205
12485.5 0 0
12486.5 1 1
12487.5 0 0
12488.5 1 1
12489.5 1 1
12490.5 1 1
12491.5 1 1
12492.5 0 0
12493.5 0 0
12494.5 1 1
12495.5 3 1.73205
12496.5 1 1
12497.5 1 1
12498.5 3 1.73205
12499.5 0 0
12500.5 1 1
12501.5 2 1.41421
12502.5 2 1.41421
12503.5 0 0
12504.5 1 1
12505.5 1 1
12506.5 0 0
12507.5 3 1.73205
12508.5 0 0
12509.5 1 1
12510.5 0 0
12511.5 1 1
12512.5 0 0
12513.5 2 1.41421
12514.5 0 0
12515.5 0 0
12516.5 3 1.73205
12517.5 0 0
12518.5 2 1.41421
12519.5 2 1.41421
12520.5 2 1.41421
12521.5 3 1.73205
12522.5 2 1.41421
12523.5 1 1
12524.5 2 1.41421
12525.5 2 1.41421
12526.5 0 0
12527.5 0 0
12528.5 2 1.41421
12529.5 1 1
12530.5 1 1
12531.5 0 0
12532.5 1 1
12533.5 0 0
12534.5 1 1
12535.5 1 1
12536.5 0 0
12537.5 2 1.41421
12538.5 3 1.73205
12539.5 0 0
12540.5 0 0
12541.5 0 0
12542.5 0 0
12543.5 2 1.41421
12544.5 1 1
12545.5 0 0
12546.5 1 1
12547.5 2 1.41421
12548.5 1 1
12549.5 0 0
12550.5 0 0
12551.5 1 1
12552.5 2 1.41421
12553.5 0 0
12554.5 1 1
12555.5 0 0
12556.5 2 1.41421
12557.5 0 0
12558.5 1 1
12559.5 1 1
12560.5 2 1.41421
12561.5 2 1.41421
12562.5 0 0
12563.5 0 0
12564.5 0 0
12565.5 2 1.41421
12566.5 0 0
12567.5 2 1.41421
12568.5 1 1
12569.5 2 1.41421
12570.5 0 0
12571.5 0 0
12572.5 1 1
12573.5 1 1
12574.5 2 1.41421
12575.5 0 0
12576.5 0 0
12577.5 1 1
12578.5 0 0
12579.5 2 1.41421
12580.5 1 1
12581.5 1 1
12582.5 1 1
12583.5 0 0
12584.5 0 0
12585.5 0 0
12586.5 0 0
12587.5 3 1.73205
12588.5 1 1
12589.5 1 1
12590.5 2 1.41421
12591.5 1 1
12592.5 1 1
12593.5 0 0
12594.5 0 0
12595.5 1 1
12596.5 0 0
12597.5 0 0
12598.5 1 1
12599.5 0 0
12600.5 0 0
12601.5 0 0
12602.5 1 1
12603.5 1 1
12604.5 1 1
12605.5 1 1
12606.5 2 1.41421
12607.5 0 0
12608.5 2 1.41421
12609.5 0 0
12610.5 1 1
12611.5 1 1
12612.5 0 0
12613.5 1 1
12614.5 2 1.41421
12615.5 0 0
12616.5 0 0
12617.5 1 1
12618.5 1 1
12619.5 2 1.41421
12620.5 0 0
12621.5 0 0
12622.5 0 0
12623.5 0 0
12624.5 0 0
12625.5 0 0
12626.5 1 1
12627.5 1 1
12628.5 2 1.41421
12629.5 1 1
12630.5 1 1
12631.5 0 0
12632.5 1 1
12633.5 1 1
12634.5 1 1
12635.5 0 0
12636.5 0 0
12637.5 1 1
12638.5 1 1
12639.5 1 1
12640.5 1 1
12641.5 1 1
12642.5 1 1
12643.5 0 0
12644.5 0 0
12645.5 1 1
12646.5 0 0
12647.5 1 1
12648.5 1 1
12649.5 1 1
12650.5 2 1.41421
12651.5 1 1
12652.5 0 0
12653.5 0 0
12654.5 1 1
12655.5 0 0
12656.5 1 1
12657.5 1 1
12658.5 2 1.41421
12659.5 0 0
12660.5 0 0
12661.5 3 1.73205
12662.5 0 0
12663.5 0 0
12664.5 1 1
12665.5 0 0
12666.5 0 0
12667.5 2 1.41421
12668.5 1 1
12669.5 0 0
12670.5 1 1
12671.5 3 1.73205
12672.5 0 0
12673.5 0 0
12674.5 0 0
12675.5 1 1
12676.5 0 0
12677.5 2 1.41421
12678.5 0 0
12679.5 2 1.41421
12680.5 1 1
12681.5 1 1
12682.5 0 0
12683.5 0 0
12684.5 1 1
12685.5 2 1.41421
12686.5 0 0
12687.5 2 1.41421
12688.5 1 1
12689.5 1 1
12690.5 1 1
12691.5 1 1
12692.5 1 1
12693.5 0 0
12694.5 2 1.41421
12695.5 0 0
12696.5 0 0
12697.5 1 1
12698.5 0 0
12699.5 0 0
12700.5 2 1.41421
12701.5 2 1.41421
12702.5 0 0
12703.5 1 1
12704.5 2 1.41421
12705.5 0 0
12706.5 0 0
12707.5 0 0
12708.5 1 1
12709.5 0 0
12710.5 0 0
12711.5 1 1
12712.5 0 0
12713.5 1 1
12714.5 0 0
12715.5 3 1.73205
12716.5 0 0
12717.5 0 0
12718.5 0 0
12719.5 0 0
12720.5 0 0
12721.5 0 0
12722.5 0 0
12723.5 2 1.41421
12724.5 0 0
12725.5 2 1.41421
12726.5 0 0
12727.5 0 0
12728.5 0 0
12729.5 0 0
12730.5 0 0
12731.5 0 0
12732.5 2 1.41421
12733.5 0 0
12734.5 1 1
12735.5 1 1
12736.5 0 0
12737.5 1 1
12738.5 0 0
12739.5 0 0
12740.5 1 1
12741.5 1 1
12742.5 0 0
12743.5 1 1
12744.5 1 1
12745.5 0 0
12746.5 0 0
12747.5 0 0
12748.5 2 1.41421
12749.5 2 1.41421
12750.5 0 0
12751.5 2 1.41421
12752.5 0 0
12753.5 1 1
12754.5 0 0
12755.5 0 0
12756.5 1 1
12757.5 0 0
12758.5 0 0
12759.5 1 1
12760.5 1 1
12761.5 2 1.41421
12762.5 0 0
12763.5 1 1
12764.5 1 1
12765.5 1 1
12766.5 0 0
12767.5 0 0
12768.5 0 0
12769.5 1 1
12770.5 0 0
12771.5 1 1
12772.5 3 1.73205
12773.5 0 0
12774.5 0 0
12775.5 3 1.73205
12776.5 1 1
12777.5 0 0
12778.5 2 1.41421
12779.5 1 1
12780.5 0 0
12781.5 1 1
12782.5 0 0
12783.5 0 0
12784.5 1 1
12785.5 0 0
12786.5 0 0
12787.5 0 0
12788.5 1 1
12789.5 1 1
12790.5 1 1
12791.5 1 1
12792.5 0 0
12793.5 0 0
12794.5 1 1
12795.5 0 0
12796.5 1 1
12797.5 3 1.73205
12798.5 1 1
12799.5 1 1
12800.5 2 1.41421
12801.5 0 0
12802.5 2 1.41421
12803.5 3 1.73205
12804.5 0 0
12805.5 1 1
12806.5 0 0
12807.5 0 0
12808.5 0 0
12809.5 0 0
12810.5 2 1.41421
12811.5 0 0
12812.5 0 0
12813.5 0 0
12814.5 1 1
12815.5 2 1.41421
12816.5 0 0
12817.5 1 1
12818.5 2 1.41421
12819.5 1 1
12820.5 0 0
12821.5 0 0
12822.5 2 1.41421
12823.5 1 1
12824.5 1 1
12825.5 3 1.73205
12826.5 0 0
12827.5 0 0
12828.5 0 0
12829.5 1 1
12830.5 1 1
12831.5 0 0
12832.5 1 1
12833.5 2 1.41421
12834.5 1 1
12835.5 0 0
12836.5 0 0
12837.5 0 0
12838.5 1 1
12839.5 1 1
12840.5 0 0
12841.5 1 1
12842.5 1 1
12843.5 1 1
12844.5 1 1
12845.5 0 0
12846.5 1 1
12847.5 1 1
12848.5 1 1
12849.5 0 0
12850.5 2 1.41421
12851.5 1 1
12852.5 0 0
12853.5 0 0
12854.5 0 0
12855.5 1 1
12856.5 1 1
12857.5 0 0
12858.5 0 0
12859.5 0 0
12860.5 0 0
12861.5 0 0
12862.5 1 1
12863.5 1 1
12864.5 0 0
12865.5 1 1
12866.5 1 1
12867.5 0 0
12868.5 0 0
12869.5 0 0
12870.5 1 1
12871.5 4 2
12872.5 0 0
12873.5 2 1.41421
12874.5 1 1
12875.5 0 0
12876.5 0 0
12877.5 1 1
12878.5 0 0
12879.5 2 1.41421
12880.5 1 1
12881.5 0 0
12882.5 1 1
12883.5 0 0
12884.5 1 1
12885.5 0 0
12886.5 1 1
12887.5 1 1
12888.5 0 0
12889.5 0 0
12890.5 0 0
12891.5 0 0
12892.5 1 1
12893.5 1 1
12894.5 0 0
12895.5 2 1.41421
12896.5 1 1
12897.5 0 0
12898.5 1 1
12899.5 1 1
12900.5 1 1
12901.5 0 0
12902.5 0 0
12903.5 1 1
12904.5 0 0
12905.5 2 1.41421
12906.5 0 0
12907.5 1 1
12908.5 1 1
12909.5 0 0
12910.5 1 1
12911.5 1 1
12912.5 0 0
12913.5 0 0
12914.5 1 1
12915.5 0 0
12916.5 0 0
12917.5 2 1.41421
12918.5 0 0
12919.5 1 1
12920.5 0 0
12921.5 0 0
12922.5 2 1.41421
12923.5 3 1.73205
12924.5 2 1.41421
12925.5 1 1
12926.5 0 0
12927.5 0 0
12928.5 0 0
12929.5 1 1
12930.5 0 0
12931.5 1 1
12932.5 1 1
12933.5 0 0
12934.5 1 1
12935.5 0 0
12936.5 2 1.41421
12937.5 2 1.41421
12938.5 0 0
12939.5 2 1.41421
12940.5 0 0
12941.5 1 1
12942.5 2 1.41421
12943.5 0 0
12944.5 0 0
12945.5 1 1
12946.5 0 0
12947.5 0 0
12948.5 2 1.41421
12949.5 2 1.41421
12950.5 0 0
12951.5 1 1
12952.5 0 0
12953.5 1 1
12954.5 1 1
12955.5 0 0
12956.5 1 1
12957.5 0 0
12958.5 0 0
12959.5 0 0
12960.5 0 0
12961.5 0 0
12962.5 0 0
12963.5 0 0
12964.5 2 1.41421
12965.5 0 0
12966.5 0 0
12967.5 0 0
12968.5 0 0
12969.5 0 0
12970.5 0 0
12971.5 0 0
12972.5 0 0
12973.5 0 0
12974.5 3 1.73205
12975.5 0 0
12976.5 0 0
12977.5 1 1
12978.5 0 0
12979.5 1 1
12980.5 1 1
12981.5 0 0
12982.5 1 1
12983.5 0 0
12984.5 0 0
12985.5 0 0
12986.5 1 1
12987.5 0 0
12988.5 2 1.41421
12989.5 1 1
12990.5 0 0
12991.5 1 1
12992.5 1 1
12993.5 0 0
12994.5 4 2
12995.5 0 0
12996.5 1 1
12997.5 2 1.41421
12998.5 0 0
12999.5 0 0
13000.5 1 1
13001.5 1 1
13002.5 0 0
13003.5 1 1
13004.5 0 0
13005.5 0 0
13006.5 0 0
13007.5 0 0
13008.5 0 0
13009.5 0 0
13010.5 0 0
13011.5 0 0
13012.5 0 0
13013.5 1 1
13014.5 0 0
13015.5 1 1
13016.5 1 1
13017.5 0 0
13018.5 0 0
13019.5 0 0
13020.5 0 0
13021.5 0 0
13022.5 0 0
13023.5 0 0
13024.5 1 1
13025.5 0 0
13026.5 0 0
13027.5 2 1.41421
13028.5 1 1
13029.5 1 1
13030.5 0 0
13031.5 0 0
13032.5 2 1.41421
13033.5 0 0
13034.5 0 0
13035.5 0 0
13036.5 0 0
13037.5 1 1
13038.5 0 0
13039.5 0 0
13040.5 0 0
13041.5 0 0
13042.5 0 0
13043.5 2 1.41421
13044.5 0 0
13045.5 0 0
13046.5 0 0
13047.5 0 0
13048.5 0 0
13049.5 1 1
13050.5 0 0
13051.5 1 1
13052.5 0 0
13053.5 0 0
13054.5 0 0
13055.5 0 0
13056.5 0 0
13057.5 4 2
13058.5 0 0
13059.5 0 0
13060.5 1 1
13061.5 0 0
13062.5 1 1
13063.5 1 1
13064.5 1 1
13065.5 1 1
13066.5 1 1
13067.5 1 1
13068.5 1 1
13069.5 0 0
13070.5 1 1
13071.5 1 1
13072.5 0 0
13073.5 0 0
13074.5 0 0
13075.5 0 0
13076.5 0 0
13077.5 0 0
13078.5 0 0
13079.5 1 1
13080.5 0 0
13081.5 2 1.41421
13082.5 1 1
13083.5 0 0
13084.5 1 1
13085.5 0 0
13086.5 1 1
13087.5 1 1
13088.5 0 0
13089.5 0 0
13090.5 0 0
13091.5 1 1
13092.5 1 1
13093.5 0 0
13094.5 0 0
13095.5 1 1
13096.5 0 0
13097.5 0 0
13098.5 0 0
13099.5 2 1.41421
13100.5 0 0
13101.5 0 0
13102.5 1 1
13103.5 1 1
13104.5 1 1
13105.5 1 1
13106.5 1 1
13107.5 1 1
13108.5 0 0
13109.5 0 0
13110.5 0 0
13111.5 2 1.41421
13112.5 0 0
13113.5 0 0
13114.5 0 0
13115.5 0 0
13116.5 2 1.41421
13117.5 1 1
13118.5 0 0
13119.5 1 1
13120.5 1 1
13121.5 1 1
13122.5 1 1
13123.5 1 1
13124.5 0 0
13125.5 0 0
13126.5 0 0
13127.5 1 1
13128.5 0 0
13129.5 0 0
13130.5 1 1
13131.5 1 1
13132.5 0 0
13133.5 1 1
13134.5 1 1
13135.5 0 0
13136.5 0 0
13137.5 0 0
13138.5 0 0
13139.5 1 1
13140.5 2 1.41421
13141.5 0 0
13142.5 0 0
13143.5 0 0
13144.5 0 0
13145.5 1 1
13146.5 0 0
13147.5 0 0
13148.5 0 0
13149.5 0 0
13150.5 0 0
13151.5 0 0
13152.5 0 0
13153.5 0 0
13154.5 0 0
13155.5 1 1
13156.5 0 0
13157.5 0 0
13158.5 0 0
13159.5 0 0
13160.5 1 1
13161.5 0 0
13162.5 2 1.41421
13163.5 1 1
13164.5 0 0
13165.5 0 0
13166.5 0 0
13167.5 1 1
13168.5 0 0
13169.5 0 0
13170.5 0 0
13171.5 0 0
13172.5 0 0
13173.5 0 0
13174.5 0 0
13175.5 1 1
13176.5 2 1.41421
13177.5 0 0
13178.5 0 0
13179.5 1 1
13180.5 2 1.41421
13181.5 0 0
13182.5 0 0
13183.5 0 0
13184.5 0 0
13185.5 0 0
13186.5 1 1
13187.5 1 1
13188.5 0 0
13189.5 0 0
13190.5 0 0
13191.5 0 0
13192.5 1 1
13193.5 0 0
13194.5 0 0
13195.5 0 0
13196.5 0 0
13197.5 2 1.41421
13198.5 0 0
13199.5 0 0
13200.5 2 1.41421
13201.5 0 0
13202.5 1 1
13203.5 2 1.41421
13204.5 0 0
13205.5 0 0
13206.5 0 0
13207.5 1 1
13208.5 0 0
13209.5 0 0
13210.5 0 0
13211.5 0 0
13212.5 0 0
13213.5 1 1
13214.5 0 0
13215.5 0 0
13216.5 0 0
13217.5 1 1
13218.5 1 1
13219.5 0 0
13220.5 1 1
13221.5 0 0
13222.5 0 0
13223.5 0 0
13224.5 0 0
13225.5 0 0
13226.5 0 0
13227.5 0 0
13228.5 0 0
13229.5 1 1
13230.5 0 0
13231.5 0 0
13232.5 0 0
13233.5 0 0
13234.5 1 1
13235.5 1 1
13236.5 0 0
13237.5 0 0
13238.5 0 0
13239.5 0 0
13240.5 0 0
13241.5 1 1
13242.5 0 0
13243.5 0 0
13244.5 0 0
13245.5 0 0
13246.5 0 0
13247.5 1 1
13248.5 1 1
13249.5 0 0
13250.5 0 0
13251.5 0 0
13252.5 0 0
13253.5 0 0
13254.5 0 0
13255.5 0 0
13256.5 1 1
13257.5 1 1
13258.5 1 1
13259.5 1 1
13260.5 1 1
13261.5 0 0
13262.5 0 0
13263.5 0 0
13264.5 0 0
13265.5 0 0
13266.5 0 0
13267.5 0 0
13268.5 0 0
13269.5 0 0
13270.5 1 1
13271.5 0 0
13272.5 1 1
13273.5 0 0
13274.5 0 0
13275.5 1 1
13276.5 0 0
13277.5 1 1
13278.5 0 0
13279.5 0 0
13280.5 0 0
13281.5 0 0
13282.5 0 0
13283.5 0 0
13284.5 0 0
13285.5 0 0
13286.5 0 0
13287.5 2 1.41421
13288.5 0 0
13289.5 0 0
13290.5 0 0
13291.5 0 0
13292.5 0 0
13293.5 1 1
13294.5 0 0
13295.5 0 0
13296.5 1 1
13297.5 0 0
13298.5 0 0
13299.5 0 0
13300.5 0 0
13301.5 0 0
13302.5 1 1
13303.5 0 0
13304.5 0 0
13305.5 0 0
13306.5 0 0
13307.5 1 1
13308.5 0 0
13309.5 2 1.41421
13310.5 0 0
13311.5 0 0
13312.5 0 0
13313.5 0 0
13314.5 1 1
13315.5 1 1
13316.5 0 0
13317.5 1 1
13318.5 0 0
13319.5 0 0
13320.5 0 0
13321.5 0 0
13322.5 0 0
13323.5 0 0
13324.5 1 1
13325.5 0 0
13326.5 0 0
13327.5 0 0
13328.5 1 1
13329.5 2 1.41421
13330.5 0 0
13331.5 0 0
13332.5 1 1
13333.5 0 0
13334.5 0 0
13335.5 1 1
13336.5 0 0
13337.5 3 1.73205
13338.5 2 1.41421
13339.5 0 0
13340.5 0 0
13341.5 0 0
13342.5 0 0
13343.5 0 0
13344.5 0 0
13345.5 0 0
13346.5 0 0
13347.5 0 0
13348.5 1 1
13349.5 0 0
13350.5 1 1
13351.5 0 0
13352.5 0 0
13353.5 1 1
13354.5 1 1
13355.5 0 0
13356.5 1 1
13357.5 1 1
13358.5 0 0
13359.5 1 1
13360.5 0 0
13361.5 0 0
13362.5 0 0
13363.5 0 0
13364.5 0 0
13365.5 0 0
13366.5 2 1.41421
13367.5 0 0
13368.5 0 0
13369.5 0 0
13370.5 0 0
13371.5 0 0
13372.5 0 0
13373.5 0 0
13374.5 1 1
13375.5 2 1.41421
13376.5 1 1
13377.5 0 0
13378.5 0 0
13379.5 0 0
13380.5 1 1
13381.5 0 0
13382.5 0 0
13383.5 1 1
13384.5 0 0
13385.5 0 0
13386.5 1 1
13387.5 1 1
13388.5 0 0
13389.5 1 1
13390.5 0 0
13391.5 0 0
13392.5 1 1
13393.5 0 0
13394.5 0 0
13395.5 0 0
13396.5 0 0
13397.5 0 0
13398.5 0 0
13399.5 0 0
13400.5 1 1
13401.5 1 1
13402.5 0 0
13403.5 0 0
13404.5 0 0
13405.5 0 0
13406.5 0 0
13407.5 0 0
13408.5 0 0
13409.5 1 1
13410.5 0 0
13411.5 0 0
13412.5 0 0
13413.5 1 1
13414.5 0 0
13415.5 1 1
13416.5 1 1
13417.5 0 0
13418.5 0 0
13419.5 1 1
13420.5 0 0
13421.5 0 0
13422.5 1 1
13423.5 0 0
13424.5 0 0
13425.5 0 0
13426.5 1 1
13427.5 0 0
13428.5 0 0
13429.5 0 0
13430.5 0 0
13431.5 0 0
13432.5 0 0
13433.5 1 1
13434.5 0 0
13435.5 0 0
13436.5 0 0
13437.5 0 0
13438.5 0 0
13439.5 1 1
13440.5 0 0
13441.5 0 0
13442.5 0 0
13443.5 1 1
13444.5 0 0
13445.5 0 0
13446.5 0 0
13447.5 0 0
13448.5 0 0
13449.5 0 0
13450.5 0 0
13451.5 0 0
13452.5 0 0
13453.5 0 0
13454.5 1 1
13455.5 0 0
13456.5 0 0
13457.5 0 0
13458.5 0 0
13459.5 0 0
13460.5 0 0
13461.5 0 0
13462.5 1 1
13463.5 1 1
13464.5 1 1
13465.5 0 0
13466.5 1 1
13467.5 0 0
13468.5 0 0
13469.5 2 1.41421
13470.5 0 0
13471.5 0 0
13472.5 0 0
13473.5 0 0
13474.5 0 0
13475.5 0 0
13476.5 0 0
13477.5 0 0
13478.5 0 0
13479.5 0 0
13480.5 0 0
13481.5 0 0
13482.5 0 0
13483.5 0 0
13484.5 1 1
13485.5 0 0
13486.5 0 0
13487.5 0 0
13488.5 0 0
13489.5 0 0
13490.5 2 1.41421
13491.5 0 0
13492.5 1 1
13493.5 0 0
13494.5 0 0
13495.5 0 0
13496.5 0 0
13497.5 0 0
13498.5 0 0
13499.5 0 0
13500.5 0 0
13501.5 1 1
13502.5 0 0
13503.5 0 0
13504.5 0 0
13505.5 1 1
13506.5 0 0
13507.5 0 0
13508.5 0 0
13509.5 0 0
13510.5 0 0
13511.5 0 0
13512.5 1 1
13513.5 0 0
13514.5 1 1
13515.5 0 0
13516.5 0 0
13517.5 0 0
13518.5 0 0
13519.5 1 1
13520.5 0 0
13521.5 1 1
13522.5 0 0
13523.5 0 0
13524.5 0 0
13525.5 0 0
13526.5 0 0
13527.5 0 0
13528.5 0 0
13529.5 0 0
13530.5 0 0
13531.5 1 1
13532.5 0 0
13533.5 0 0
13534.5 0 0
13535.5 0 0
13536.5 0 0
13537.5 0 0
13538.5 0 0
13539.5 0 0
13540.5 0 0
13541.5 0 0
13542.5 0 0
13543.5 0 0
13544.5 0 0
13545.5 0 0
13546.5 0 0
13547.5 0 0
13548.5 0 0
13549.5 0 0
13550.5 0 0
13551.5 0 0
13552.5 1 1
13553.5 0 0
13554.5 0 0
13555.5 0 0
13556.5 0 0
13557.5 1 1
13558.5 0 0
13559.5 0 0
13560.5 0 0
13561.5 0 0
13562.5 0 0
13563.5 1 1
13564.5 0 0
13565.5 1 1
13566.5 1 1
13567.5 0 0
13568.5 0 0
13569.5 0 0
13570.5 0 0
13571.5 0 0
13572.5 0 0
13573.5 0 0
13574.5 2 1.41421
13575.5 0 0
13576.5 1 1
13577.5 0 0
13578.5 0 0
13579.5 0 0
13580.5 1 1
13581.5 0 0
13582.5 0 0
13583.5 0 0
13584.5 0 0
13585.5 1 1
13586.5 0 0
13587.5 1 1
13588.5 1 1
13589.5 0 0
13590.5 0 0
13591.5 0 0
13592.5 0 0
13593.5 0 0
13594.5 0 0
13595.5 0 0
13596.5 0 0
13597.5 0 0
13598.5 0 0
13599.5 0 0
13600.5 0 0
13601.5 0 0
13602.5 0 0
13603.5 0 0
13604.5 0 0
13605.5 0 0
13606.5 0 0
13607.5 0 0
13608.5 0 0
13609.5 0 0
13610.5 0 0
13611.5 0 0
13612.5 0 0
13613.5 1 1
13614.5 0 0
13615.5 0 0
13616.5 1 1
13617.5 1 1
13618.5 1 1
13619.5 0 0
13620.5 0 0
13621.5 0 0
13622.5 1 1
13623.5 0 0
13624.5 0 0
13625.5 0 0
13626.5 0 0
13627.5 1 1
13628.5 1 1
13629.5 0 0
13630.5 0 0
13631.5 0 0
13632.5 1 1
13633.5 1 1
13634.5 0 0
13635.5 1 1
13636.5 3 1.73205
13637.5 0 0
13638.5 0 0
13639.5 2 1.41421
13640.5 2 1.41421
13641.5 3 1.73205
13642.5 0 0
13643.5 0 0
13644.5 1 1
13645.5 2 1.41421
13646.5 1 1
13647.5 0 0
13648.5 0 0
13649.5 1 1
13650.5 0 0
13651.5 0 0
13652.5 1 1
13653.5 0 0
13654.5 0 0
13655.5 0 0
13656.5 0 0
13657.5 0 0
13658.5 0 0
13659.5 1 1
13660.5 0 0
13661.5 0 0
13662.5 0 0
13663.5 0 0
13664.5 1 1
13665.5 0 0
13666.5 0 0
13667.5 1 1
13668.5 0 0
13669.5 0 0
13670.5 0 0
13671.5 0 0
13672.5 0 0
13673.5 1 1
13674.5 0 0
13675.5 0 0
13676.5 1 1
13677.5 0 0
13678.5 1 1
13679.5 0 0
13680.5 0 0
13681.5 1 1
13682.5 0 0
13683.5 1 1
13684.5 0 0
13685.5 1 1
13686.5 0 0
13687.5 0 0
13688.5 0 0
13689.5 0 0
13690.5 0 0
13691.5 1 1
13692.5 0 0
13693.5 0 0
13694.5 0 0
13695.5 0 0
13696.5 0 0
13697.5 0 0
13698.5 0 0
13699.5 0 0
13700.5 0 0
13701.5 0 0
13702.5 0 0
13703.5 0 0
13704.5 0 0
13705.5 0 0
13706.5 0 0
13707.5 0 0
13708.5 0 0
13709.5 0 0
13710.5 1 1
13711.5 0 0
13712.5 1 1
13713.5 0 0
13714.5 0 0
13715.5 0 0
13716.5 0 0
13717.5 0 0
13718.5 0 0
13719.5 0 0
13720.5 0 0
13721.5 0 0
13722.5 1 1
13723.5 0 0
13724.5 0 0
13725.5 0 0
13726.5 0 0
13727.5 0 0
13728.5 0 0
13729.5 0 0
13730.5 0 0
13731.5 1 1
13732.5 1 1
13733.5 0 0
13734.5 0 0
13735.5 0 0
13736.5 0 0
13737.5 0 0
13738.5 0 0
13739.5 0 0
13740.5 0 0
13741.5 0 0
13742.5 1 1
13743.5 1 1
13744.5 0 0
13745.5 0 0
13746.5 0 0
13747.5 0 0
13748.5 0 0
13749.5 0 0
13750.5 0 0
13751.5 0 0
13752.5 0 0
13753.5 0 0
13754.5 0 0
13755.5 0 0
13756.5 0 0
13757.5 0 0
13758.5 0 0
13759.5 0 0
13760.5 0 0
13761.5 0 0
13762.5 0 0
13763.5 0 0
13764.5 1 1
13765.5 0 0
13766.5 0 0
13767.5 1 1
13768.5 0 0
13769.5 0 0
13770.5 0 0
13771.5 0 0
13772.5 0 0
13773.5 0 0
13774.5 0 0
13775.5 0 0
13776.5 0 0
13777.5 0 0
13778.5 0 0
13779.5 0 0
13780.5 0 0
13781.5 0 0
13782.5 0 0
13783.5 0 0
13784.5 0 0
13785.5 1 1
13786.5 0 0
13787.5 0 0
13788.5 0 0
13789.5 0 0
13790.5 0 0
13791.5 1 1
13792.5 0 0
13793.5 0 0
13794.5 0 0
13795.5 0 0
13796.5 0 0
13797.5 0 0
13798.5 1 1
13799.5 1 1
13800.5 0 0
13801.5 0 0
13802.5 0 0
13803.5 0 0
13804.5 0 0
13805.5 0 0
13806.5 0 0
13807.5 0 0
13808.5 0 0
13809.5 0 0
13810.5 0 0
13811.5 0 0
13812.5 1 1
13813.5 0 0
13814.5 1 1
13815.5 1 1
13816.5 1 1
13817.5 0 0
13818.5 0 0
13819.5 0 0
13820.5 0 0
13821.5 2 1.41421
13822.5 0 0
13823.5 0 0
13824.5 0 0
13825.5 0 0
13826.5 0 0
13827.5 0 0
13828.5 0 0
13829.5 0 0
13830.5 0 0
13831.5 0 0
13832.5 0 0
13833.5 1 1
13834.5 0 0
13835.5 0 0
13836.5 0 0
13837.5 0 0
13838.5 0 0
13839.5 0 0
13840.5 0 0
13841.5 1 1
13842.5 0 0
13843.5 0 0
13844.5 0 0
13845.5 0 0
13846.5 0 0
13847.5 1 1
13848.5 0 0
13849.5 0 0
13850.5 1 1
13851.5 1 1
13852.5 0 0
13853.5 0 0
13854.5 0 0
13855.5 0 0
13856.5 0 0
13857.5 0 0
13858.5 0 0
13859.5 0 0
13860.5 0 0
13861.5 2 1.41421
13862.5 1 1
13863.5 0 0
13864.5 0 0
13865.5 0 0
13866.5 0 0
13867.5 0 0
13868.5 0 0
13869.5 0 0
13870.5 0 0
13871.5 0 0
13872.5 0 0
13873.5 0 0
13874.5 0 0
13875.5 0 0
13876.5 0 0
13877.5 1 1
13878.5 0 0
13879.5 0 0
13880.5 0 0
13881.5 0 0
13882.5 0 0
13883.5 0 0
13884.5 0 0
13885.5 0 0
13886.5 1 1
13887.5 2 1.41421
13888.5 0 0
13889.5 0 0
13890.5 2 1.41421
13891.5 0 0
13892.5 1 1
13893.5 0 0
13894.5 0 0
13895.5 0 0
13896.5 0 0
13897.5 0 0
13898.5 0 0
13899.5 0 0
13900.5 1 1
13901.5 0 0
13902.5 0 0
13903.5 1 1
13904.5 0 0
13905.5 0 0
13906.5 0 0
13907.5 1 1
13908.5 0 0
13909.5 0 0
13910.5 1 1
13911.5 0 0
13912.5 0 0
13913.5 0 0
13914.5 0 0
13915.5 0 0
13916.5 0 0
13917.5 1 1
13918.5 0 0
13919.5 0 0
13920.5 0 0
13921.5 0 0
13922.5 0 0
13923.5 1 1
13924.5 0 0
13925.5 0 0
13926.5 1 1
13927.5 0 0
13928.5 0 0
13929.5 0 0
13930.5 0 0
13931.5 0 0
13932.5 0 0
13933.5 0 0
13934.5 0 0
13935.5 0 0
13936.5 0 0
13937.5 0 0
13938.5 0 0
13939.5 0 0
13940.5 0 0
13941.5 0 0
13942.5 0 0
13943.5 1 1
13944.5 0 0
13945.5 0 0
13946.5 0 0
13947.5 0 0
13948.5 0 0
13949.5 1 1
13950.5 0 0
13951.5 0 0
13952.5 1 1
13953.5 0 0
13954.5 0 0
13955.5 0 0
13956.5 2 1.41421
13957.5 3 1.73205
13958.5 1 1
13959.5 0 0
13960.5 1 1
13961.5 1 1
13962.5 3 1.73205
13963.5 2 1.41421
13964.5 3 1.73205
13965.5 2 1.41421
13966.5 2 1.41421
13967.5 5 2.23607
13968.5 5 2.23607
13969.5 3 1.73205
13970.5 4 2
13971.5 5 2.23607
13972.5 5 2.23607
13973.5 7 2.64575
13974.5 7 2.64575
13975.5 12 3.4641
13976.5 13 3.60555
13977.5 13 3.60555
13978.5 6 2.44949
13979.5 9 3
13980.5 12 3.4641
13981.5 11 3.31662
13982.5 10 3.16228
13983.5 10 3.16228
13984.5 12 3.4641
13985.5 15 3.87298
13986.5 12 3.4641
13987.5 13 3.60555
13988.5 13 3.60555
13989.5 14 3.74166
13990.5 6 2.44949
13991.5 18 4.24264
13992.5 13 3.60555
13993.5 9 3
13994.5 3 1.73205
13995.5 3 1.73205
13996.5 9 3
13997.5 3 1.73205
13998.5 3 1.73205
13999.5 4 2
14000.5 2 1.41421
14001.5 1 1
14002.5 1 1
14003.5 0 0
14004.5 2 1.41421
14005.5 2 1.41421
14006.5 1 1
14007.5 0 0
14008.5 0 0
14009.5 0 0
14010.5 0 0
14011.5 1 1
14012.5 0 0
14013.5 0 0
14014.5 1 1
14015.5 1 1
14016.5 1 1
14017.5 0 0
14018.5 0 0
14019.5 0 0
14020.5 0 0
14021.5 0 0
14022.5 0 0
14023.5 0 0
14024.5 0 0
14025.5 0 0
14026.5 0 0
14027.5 0 0
14028.5 2 1.41421
14029.5 1 1
14030.5 0 0
14031.5 0 0
14032.5 0 0
14033.5 0 0
14034.5 0 0
14035.5 0 0
14036.5 0 0
14037.5 0 0
14038.5 0 0
14039.5 0 0
14040.5 1 1
14041.5 0 0
14042.5 0 0
14043.5 0 0
14044.5 0 0
14045.5 0 0
14046.5 0 0
14047.5 0 0
14048.5 0 0
14049.5 0 0
14050.5 3 1.73205
14051.5 0 0
14052.5 0 0
14053.5 0 0
14054.5 0 0
14055.5 0 0
14056.5 1 1
14057.5 0 0
14058.5 0 0
14059.5 0 0
14060.5 0 0
14061.5 0 0
14062.5 1 1
14063.5 0 0
14064.5 1 1
14065.5 0 0
14066.5 0 0
14067.5 0 0
14068.5 0 0
14069.5 0 0
14070.5 0 0
14071.5 0 0
14072.5 0 0
14073.5 0 0
14074.5 0 0
14075.5 0 0
14076.5 0 0
14077.5 0 0
14078.5 0 0
14079.5 1 1
14080.5 0 0
14081.5 1 1
14082.5 0 0
14083.5 0 0
14084.5 1 1
14085.5 0 0
14086.5 0 0
14087.5 0 0
14088.5 1 1
14089.5 1 1
14090.5 0 0
14091.5 0 0
14092.5 1 1
14093.5 0 0
14094.5 1 1
14095.5 1 1
14096.5 1 1
14097.5 0 0
14098.5 0 0
14099.5 2 1.41421
14100.5 1 1
14101.5 2 1.41421
14102.5 1 1
14103.5 0 0
14104.5 1 1
14105.5 0 0
14106.5 2 1.41421
14107.5 0 0
14108.5 0 0
14109.5 0 0
14110.5 1 1
14111.5 0 0
14112.5 1 1
14113.5 0 0
14114.5 0 0
14115.5 1 1
14116.5 0 0
14117.5 0 0
14118.5 0 0
14119.5 0 0
14120.5 1 1
14121.5 0 0
14122.5 0 0
14123.5 0 0
14124.5 1 1
14125.5 0 0
14126.5 1 1
14127.5 0 0
14128.5 0 0
14129.5 0 0
14130.5 1 1
14131.5 0 0
14132.5 0 0
14133.5 0 0
14134.5 1 1
14135.5 0 0
14136.5 0 0
14137.5 0 0
14138.5 0 0
14139.5 0 0
14140.5 0 0
14141.5 1 1
14142.5 1 1
14143.5 0 0
14144.5 0 0
14145.5 0 0
14146.5 0 0
14147.5 0 0
14148.5 0 0
14149.5 0 0
14150.5 0 0
14151.5 0 0
14152.5 0 0
14153.5 0 0
14154.5 0 0
14155.5 0 0
14156.5 0 0
14157.5 1 1
14158.5 0 0
14159.5 0 0
14160.5 0 0
14161.5 0 0
14162.5 0 0
14163.5 1 1
14164.5 0 0
14165.5 0 0
14166.5 0 0
14167.5 0 0
14168.5 0 0
14169.5 0 0
14170.5 1 1
14171.5 3 1.73205
14172.5 2 1.41421
14173.5 2 1.41421
14174.5 1 1
14175.5 2 1.41421
14176.5 3 1.73205
14177.5 3 1.73205
14178.5 3 1.73205
14179.5 4 2
14180.5 6 2.44949
14181.5 5 2.23607
14182.5 1 1
14183.5 2 1.41421
14184.5 4 2
14185.5 5 2.23607
14186.5 2 1.41421
14187.5 1 1
14188.5 2 1.41421
14189.5 0 0
14190.5 0 0
14191.5 1 1
14192.5 0 0
14193.5 2 1.41421
14194.5 0 0
14195.5 0 0
14196.5 0 0
14197.5 0 0
14198.5 0 0
14199.5 1 1
14200.5 0 0
14201.5 0 0
14202.5 1 1
14203.5 0 0
14204.5 0 0
14205.5 0 0
14206.5 1 1
14207.5 0 0
14208.5 1 1
14209.5 0 0
14210.5 0 0
14211.5 0 0
14212.5 0 0
14213.5 0 0
14214.5 0 0
14215.5 1 1
14216.5 0 0
14217.5 0 0
14218.5 0 0
14219.5 0 0
14220.5 0 0
14221.5 1 1
14222.5 0 0
14223.5 1 1
14224.5 0 0
14225.5 2 1.41421
14226.5 0 0
14227.5 0 0
14228.5 0 0
14229.5 0 0
14230.5 1 1
14231.5 0 0
14232.5 0 0
14233.5 0 0
14234.5 1 1
14235.5 0 0
14236.5 0 0
14237.5 0 0
14238.5 0 0
14239.5 0 0
14240.5 0 0
14241.5 1 1
14242.5 0 0
14243.5 0 0
14244.5 0 0
14245.5 0 0
14246.5 0 0
14247.5 0 0
14248.5 0 0
14249.5 0 0
14250.5 0 0
14251.5 0 0
14252.5 0 0
14253.5 0 0
14254.5 1 1
14255.5 0 0
14256.5 0 0
14257.5 0 0
14258.5 2 1.41421
14259.5 1 1
14260.5 0 0
14261.5 0 0
14262.5 0 0
14263.5 1 1
14264.5 1 1
14265.5 0 0
14266.5 1 1
14267.5 0 0
14268.5 0 0
14269.5 0 0
14270.5 0 0
14271.5 0 0
14272.5 0 0
14273.5 0 0
14274.5 0 0
14275.5 0 0
14276.5 0 0
14277.5 0 0
14278.5 1 1
14279.5 0 0
14280.5 0 0
14281.5 0 0
14282.5 0 0
14283.5 0 0
14284.5 0 0
14285.5 0 0
14286.5 0 0
14287.5 0 0
14288.5 0 0
14289.5 0 0
14290.5 0 0
14291.5 0 0
14292.5 0 0
14293.5 0 0
14294.5 0 0
14295.5 0 0
14296.5 0 0
14297.5 0 0
14298.5 0 0
14299.5 0 0
14300.5 0 0
14301.5 0 0
14302.5 0 0
14303.5 0 0
14304.5 0 0
14305.5 0 0
14306.5 0 0
14307.5 0 0
14308.5 0 0
14309.5 0 0
14310.5 0 0
14311.5 0 0
14312.5 0 0
14313.5 0 0
14314.5 0 0
14315.5 0 0
14316.5 0 0
14317.5 0 0
14318.5 0 0
14319.5 1 1
14320.5 0 0
14321.5 0 0
14322.5 0 0
14323.5 0 0
14324.5 0 0
14325.5 0 0
14326.5 0 0
14327.5 1 1
14328.5 0 0
14329.5 0 0
14330.5 0 0
14331.5 0 0
14332.5 0 0
14333.5 0 0
14334.5 0 0
14335.5 0 0
14336.5 0 0
14337.5 0 0
14338.5 0 0
14339.5 0 0
14340.5 0 0
14341.5 0 0
14342.5 1 1
14343.5 0 0
14344.5 0 0
14345.5 0 0
14346.5 0 0
14347.5 0 0
14348.5 0 0
14349.5 0 0
14350.5 0 0
14351.5 0 0
14352.5 0 0
14353.5 0 0
14354.5 0 0
14355.5 0 0
14356.5 0 0
14357.5 0 0
14358.5 0 0
14359.5 0 0
14360.5 0 0
14361.5 0 0
14362.5 0 0
14363.5 0 0
14364.5 0 0
14365.5 0 0
14366.5 0 0
14367.5 0 0
14368.5 0 0
14369.5 0 0
14370.5 0 0
14371.5 0 0
14372.5 0 0
14373.5 0 0
14374.5 0 0
14375.5 0 0
14376.5 0 0
14377.5 0 0
14378.5 0 0
14379.5 0 0
14380.5 1 1
14381.5 0 0
14382.5 0 0
14383.5 0 0
14384.5 0 0
14385.5 0 0
14386.5 0 0
14387.5 0 0
14388.5 0 0
14389.5 1 1
14390.5 0 0
14391.5 0 0
14392.5 0 0
14393.5 0 0
14394.5 0 0
14395.5 0 0
14396.5 0 0
14397.5 0 0
14398.5 0 0
14399.5 0 0
14400.5 0 0
14401.5 0 0
14402.5 0 0
14403.5 0 0
14404.5 0 0
14405.5 0 0
14406.5 0 0
14407.5 0 0
14408.5 0 0
14409.5 0 0
14410.5 0 0
14411.5 1 1
14412.5 0 0
14413.5 0 0
14414.5 0 0
14415.5 0 0
14416.5 0 0
14417.5 0 0
14418.5 0 0
14419.5 0 0
14420.5 0 0
14421.5 0 0
14422.5 0 0
14423.5 0 0
14424.5 0 0
14425.5 0 0
14426.5 0 0
14427.5 0 0
14428.5 0 0
14429.5 0 0
14430.5 1 1
14431.5 0 0
14432.5 0 0
14433.5 1 1
14434.5 0 0
14435.5 0 0
14436.5 0 0
14437.5 0 0
14438.5 0 0
14439.5 0 0
14440.5 0 0
14441.5 0 0
14442.5 0 0
14443.5 0 0
14444.5 0 0
14445.5 0 0
14446.5 0 0
14447.5 0 0
14448.5 0 0
14449.5 0 0
14450.5 0 0
14451.5 1 1
14452.5 0 0
14453.5 0 0
14454.5 0 0
14455.5 0 0
14456.5 0 0
14457.5 1 1
14458.5 0 0
14459.5 0 0
14460.5 1 1
14461.5 0 0
14462.5 0 0
14463.5 2 1.41421
14464.5 0 0
14465.5 0 0
14466.5 1 1
14467.5 0 0
14468.5 0 0
14469.5 0 0
14470.5 0 0
14471.5 0 0
14472.5 0 0
14473.5 0 0
14474.5 0 0
14475.5 0 0
14476.5 0 0
14477.5 0 0
14478.5 0 0
14479.5 0 0
14480.5 0 0
14481.5 0 0
14482.5 0 0
14483.5 0 0
14484.5 0 0
14485.5 0 0
14486.5 0 0
14487.5 0 0
14488.5 0 0
14489.5 0 0
14490.5 0 0
14491.5 0 0
14492.5 0 0
14493.5 0 0
14494.5 0 0
14495.5 1 1
14496.5 0 0
14497.5 1 1
14498.5 0 0
14499.5 1 1
14500.5 0 0
14501.5 0 0
14502.5 0 0
14503.5 0 0
14504.5 0 0
14505.5 0 0
14506.5 0 0
14507.5 0 0
14508.5 1 1
14509.5 0 0
14510.5 0 0
14511.5 0 0
14512.5 0 0
14513.5 0 0
14514.5 1 1
14515.5 0 0
14516.5 2 1.41421
14517.5 0 0
14518.5 0 0
14519.5 1 1
14520.5 0 0
14521.5 1 1
14522.5 0 0
14523.5 0 0
14524.5 0 0
14525.5 0 0
14526.5 0 0
14527.5 0 0
14528.5 0 0
14529.5 0 0
14530.5 0 0
14531.5 0 0
14532.5 0 0
14533.5 0 0
14534.5 0 0
14535.5 0 0
14536.5 0 0
14537.5 0 0
14538.5 0 0
14539.5 1 1
14540.5 0 0
14541.5 1 1
14542.5 1 1
14543.5 0 0
14544.5 0 0
14545.5 0 0
14546.5 0 0
14547.5 0 0
14548.5 0 0
14549.5 0 0
14550.5 0 0
14551.5 0 0
14552.5 0 0
14553.5 0 0
14554.5 0 0
14555.5 0 0
14556.5 0 0
14557.5 1 1
14558.5 0 0
14559.5 0 0
14560.5 0 0
14561.5 1 1
14562.5 0 0
14563.5 0 0
14564.5 0 0
14565.5 0 0
14566.5 0 0
14567.5 0 0
14568.5 0 0
14569.5 0 0
14570.5 1 1
14571.5 0 0
14572.5 1 1
14573.5 0 0
14574.5 0 0
14575.5 0 0
14576.5 0 0
14577.5 0 0
14578.5 0 0
14579.5 0 0
14580.5 0 0
14581.5 0 0
14582.5 0 0
14583.5 1 1
14584.5 0 0
14585.5 1 1
14586.5 0 0
14587.5 0 0
14588.5 0 0
14589.5 0 0
14590.5 0 0
14591.5 0 0
14592.5 0 0
14593.5 0 0
14594.5 0 0
14595.5 0 0
14596.5 0 0
14597.5 0 0
14598.5 0 0
14599.5 0 0
14600.5 0 0
14601.5 1 1
14602.5 0 0
14603.5 0 0
14604.5 0 0
14605.5 0 0
14606.5 0 0
14607.5 0 0
14608.5 1 1
14609.5 0 0
14610.5 0 0
14611.5 0 0
14612.5 0 0
14613.5 0 0
14614.5 0 0
14615.5 0 0
14616.5 0 0
14617.5 0 0
14618.5 0 0
14619.5 0 0
14620.5 1 1
14621.5 0 0
14622.5 0 0
14623.5 0 0
14624.5 0 0
14625.5 0 0
14626.5 0 0
14627.5 0 0
14628.5 0 0
14629.5 0 0
14630.5 0 0
14631.5 0 0
14632.5 0 0
14633.5 0 0
14634.5 0 0
14635.5 0 0
14636.5 0 0
14637.5 0 0
14638.5 0 0
14639.5 0 0
14640.5 0 0
14641.5 0 0
14642.5 1 1
14643.5 1 1
14644.5 0 0
14645.5 0 0
14646.5 0 0
14647.5 0 0
14648.5 1 1
14649.5 0 0
14650.5 0 0
14651.5 0 0
14652.5 0 0
14653.5 0 0
14654.5 0 0
14655.5 0 0
14656.5 0 0
14657.5 0 0
14658.5 0 0
14659.5 0 0
14660.5 0 0
14661.5 0 0
14662.5 1 1
14663.5 0 0
14664.5 0 0
14665.5 1 1
14666.5 0 0
14667.5 0 0
14668.5 0 0
14669.5 0 0
14670.5 1 1
14671.5 0 0
14672.5 0 0
14673.5 0 0
14674.5 0 0
14675.5 0 0
14676.5 0 0
14677.5 0 0
14678.5 1 1
14679.5 1 1
14680.5 0 0
14681.5 0 0
14682.5 0 0
14683.5 0 0
14684.5 0 0
14685.5 0 0
14686.5 0 0
14687.5 0 0
14688.5 0 0
14689.5 0 0
14690.5 0 0
14691.5 0 0
14692.5 0 0
14693.5 0 0
14694.5 0 0
14695.5 0 0
14696.5 0 0
14697.5 0 0
14698.5 0 0
14699.5 0 0
14700.5 1 1
14701.5 0 0
14702.5 0 0
14703.5 0 0
14704.5 0 0
14705.5 0 0
14706.5 0 0
14707.5 0 0
14708.5 0 0
14709.5 0 0
14710.5 0 0
14711.5 0 0
14712.5 1 1
14713.5 0 0
14714.5 0 0
14715.5 0 0
14716.5 0 0
14717.5 0 0
14718.5 0 0
14719.5 1 1
14720.5 0 0
14721.5 1 1
14722.5 0 0
14723.5 0 0
14724.5 0 0
14725.5 1 1
14726.5 0 0
14727.5 0 0
14728.5 0 0
14729.5 0 0
14730.5 0 0
14731.5 0 0
14732.5 0 0
14733.5 0 0
14734.5 0 0
14735.5 0 0
14736.5 0 0
14737.5 0 0
14738.5 0 0
14739.5 0 0
14740.5 0 0
14741.5 0 0
14742.5 0 0
14743.5 0 0
14744.5 0 0
14745.5 0 0
14746.5 0 0
14747.5 0 0
14748.5 1 1
14749.5 0 0
14750.5 0 0
14751.5 0 0
14752.5 0 0
14753.5 1 1
14754.5 0 0
14755.5 0 0
14756.5 0 0
14757.5 0 0
14758.5 0 0
14759.5 0 0
14760.5 0 0
14761.5 0 0
14762.5 0 0
14763.5 0 0
14764.5 0 0
14765.5 0 0
14766.5 0 0
14767.5 0 0
14768.5 0 0
14769.5 0 0
14770.5 1 1
14771.5 0 0
14772.5 0 0
14773.5 0 0
14774.5 0 0
14775.5 0 0
14776.5 0 0
14777.5 0 0
14778.5 0 0
14779.5 0 0
14780.5 0 0
14781.5 0 0
14782.5 0 0
14783.5 0 0
14784.5 0 0
14785.5 0 0
14786.5 0 0
14787.5 0 0
14788.5 1 1
14789.5 2 1.41421
14790.5 1 1
14791.5 0 0
14792.5 0 0
14793.5 1 1
14794.5 0 0
14795.5 1 1
14796.5 0 0
14797.5 0 0
14798.5 1 1
14799.5 0 0
14800.5 0 0
14801.5 2 1.41421
14802.5 0 0
14803.5 0 0
14804.5 1 1
14805.5 0 0
14806.5 0 0
14807.5 1 1
14808.5 0 0
14809.5 0 0
14810.5 0 0
14811.5 0 0
14812.5 1 1
14813.5 1 1
14814.5 0 0
14815.5 1 1
14816.5 0 0
14817.5 0 0
14818.5 0 0
14819.5 0 0
14820.5 0 0
14821.5 0 0
14822.5 0 0
14823.5 0 0
14824.5 1 1
14825.5 0 0
14826.5 0 0
14827.5 0 0
14828.5 1 1
14829.5 0 0
14830.5 0 0
14831.5 0 0
14832.5 0 0
14833.5 0 0
14834.5 0 0
14835.5 0 0
14836.5 0 0
14837.5 0 0
14838.5 0 0
14839.5 0 0
14840.5 0 0
14841.5 0 0
14842.5 0 0
14843.5 0 0
14844.5 0 0
14845.5 0 0
14846.5 0 0
14847.5 0 0
14848.5 0 0
14849.5 0 0
14850.5 0 0
14851.5 0 0
14852.5 0 0
14853.5 0 0
14854.5 0 0
14855.5 0 0
14856.5 1 1
14857.5 0 0
14858.5 0 0
14859.5 0 0
14860.5 0 0
14861.5 0 0
14862.5 0 0
14863.5 0 0
14864.5 0 0
14865.5 0 0
14866.5 0 0
14867.5 0 0
14868.5 0 0
14869.5 0 0
14870.5 0 0
14871.5 0 0
14872.5 0 0
14873.5 0 0
14874.5 0 0
14875.5 0 0
14876.5 0 0
14877.5 1 1
14878.5 0 0
14879.5 0 0
14880.5 0 0
14881.5 0 0
14882.5 0 0
14883.5 0 0
14884.5 0 0
14885.5 0 0
14886.5 0 0
14887.5 0 0
14888.5 1 1
14889.5 1 1
14890.5 0 0
14891.5 0 0
14892.5 0 0
14893.5 1 1
14894.5 0 0
14895.5 0 0
14896.5 0 0
14897.5 0 0
14898.5 0 0
14899.5 0 0
14900.5 0 0
14901.5 0 0
14902.5 0 0
14903.5 0 0
14904.5 0 0
14905.5 0 0
14906.5 0 0
14907.5 0 0
14908.5 0 0
14909.5 1 1
14910.5 0 0
14911.5 0 0
14912.5 0 0
14913.5 0 0
14914.5 0 0
14915.5 0 0
14916.5 0 0
14917.5 0 0
14918.5 0 0
14919.5 1 1
14920.5 0 0
14921.5 0 0
14922.5 0 0
14923.5 0 0
14924.5 0 0
14925.5 0 0
14926.5 0 0
14927.5 0 0
14928.5 0 0
14929.5 0 0
14930.5 0 0
14931.5 0 0
14932.5 1 1
14933.5 0 0
14934.5 0 0
14935.5 0 0
14936.5 0 0
14937.5 0 0
14938.5 0 0
14939.5 0 0
14940.5 0 0
14941.5 0 0
14942.5 0 0
14943.5 0 0
14944.5 0 0
14945.5 0 0
14946.5 0 0
14947.5 0 0
14948.5 0 0
14949.5 0 0
14950.5 0 0
14951.5 0 0
14952.5 0 0
14953.5 0 0
14954.5 0 0
14955.5 0 0
14956.5 0 0
14957.5 0 0
14958.5 0 0
14959.5 0 0
14960.5 0 0
14961.5 0 0
14962.5 0 0
14963.5 0 0
14964.5 0 0
14965.5 0 0
14966.5 0 0
14967.5 0 0
14968.5 0 0
14969.5 0 0
14970.5 0 0
14971.5 0 0
14972.5 0 0
14973.5 0 0
14974.5 0 0
14975.5 0 0
14976.5 0 0
14977.5 0 0
14978.5 0 0
14979.5 1 1
14980.5 0 0
14981.5 0 0
14982.5 1 1
14983.5 0 0
14984.5 0 0
14985.5 1 1
14986.5 0 0
14987.5 0 0
14988.5 0 0
14989.5 0 0
14990.5 0 0
14991.5 0 0
14992.5 0 0
14993.5 0 0
14994.5 0 0
14995.5 0 0
14996.5 0 0
14997.5 0 0
14998.5 1 1
14999.5 0 0
15000.5 0 0
15001.5 0 0
15002.5 0 0
15003.5 0 0
15004.5 0 0
15005.5 0 0
15006.5 0 0
15007.5 0 0
15008.5 1 1
15009.5 0 0
15010.5 0 0
15011.5 0 0
15012.5 0 0
15013.5 0 0
15014.5 0 0
15015.5 0 0
15016.5 0 0
15017.5 0 0
15018.5 0 0
15019.5 0 0
15020.5 0 0
15021.5 0 0
15022.5 0 0
15023.5 0 0
15024.5 0 0
15025.5 0 0
15026.5 0 0
15027.5 0 0
15028.5 0 0
15029.5 0 0
15030.5 0 0
15031.5 0 0
15032.5 1 1
15033.5 0 0
15034.5 0 0
15035.5 0 0
15036.5 1 1
15037.5 0 0
15038.5 0 0
15039.5 0 0
15040.5 0 0
15041.5 0 0
15042.5 0 0
15043.5 0 0
15044.5 2 1.41421
15045.5 0 0
15046.5 0 0
15047.5 0 0
15048.5 0 0
15049.5 0 0
15050.5 0 0
15051.5 0 0
15052.5 0 0
15053.5 0 0
15054.5 0 0
15055.5 0 0
15056.5 0 0
15057.5 2 1.41421
15058.5 0 0
15059.5 0 0
15060.5 0 0
15061.5 0 0
15062.5 0 0
15063.5 0 0
15064.5 0 0
15065.5 0 0
15066.5 0 0
15067.5 0 0
15068.5 0 0
15069.5 0 0
15070.5 0 0
15071.5 0 0
15072.5 0 0
15073.5 0 0
15074.5 1 1
15075.5 0 0
15076.5 0 0
15077.5 0 0
15078.5 0 0
15079.5 0 0
15080.5 0 0
15081.5 0 0
15082.5 0 0
15083.5 0 0
15084.5 0 0
15085.5 0 0
15086.5 0 0
15087.5 0 0
15088.5 0 0
15089.5 1 1
15090.5 0 0
15091.5 0 0
15092.5 0 0
15093.5 0 0
15094.5 1 1
15095.5 1 1
15096.5 1 1
15097.5 0 0
15098.5 0 0
15099.5 0 0
15100.5 0 0
15101.5 0 0
15102.5 0 0
15103.5 1 1
15104.5 0 0
15105.5 1 1
15106.5 0 0
15107.5 0 0
15108.5 1 1
15109.5 0 0
15110.5 0 0
15111.5 0 0
15112.5 0 0
15113.5 0 0
15114.5 0 0
15115.5 0 0
15116.5 0 0
15117.5 0 0
15118.5 0 0
15119.5 0 0
15120.5 0 0
15121.5 0 0
15122.5 0 0
15123.5 0 0
15124.5 0 0
15125.5 0 0
15126.5 0 0
15127.5 0 0
15128.5 0 0
15129.5 0 0
15130.5 1 1
15131.5 0 0
15132.5 0 0
15133.5 0 0
15134.5 0 0
15135.5 0 0
15136.5 0 0
15137.5 0 0
15138.5 0 0
15139.5 0 0
15140.5 0 0
15141.5 0 0
15142.5 1 1
15143.5 0 0
15144.5 0 0
15145.5 0 0
15146.5 0 0
15147.5 0 0
15148.5 0 0
15149.5 0 0
15150.5 0 0
15151.5 0 0
15152.5 0 0
15153.5 0 0
15154.5 0 0
15155.5 0 0
15156.5 0 0
15157.5 0 0
15158.5 0 0
15159.5 0 0
15160.5 0 0
15161.5 0 0
15162.5 0 0
15163.5 0 0
15164.5 0 0
15165.5 0 0
15166.5 0 0
15167.5 0 0
15168.5 0 0
15169.5 0 0
15170.5 0 0
15171.5 0 0
15172.5 0 0
15173.5 0 0
15174.5 0 0
15175.5 0 0
15176.5 0 0
15177.5 0 0
15178.5 0 0
15179.5 0 0
15180.5 0 0
15181.5 0 0
15182.5 1 1
15183.5 0 0
15184.5 0 0
15185.5 0 0
15186.5 0 0
15187.5 0 0
15188.5 0 0
15189.5 0 0
15190.5 0 0
15191.5 0 0
15192.5 0 0
15193.5 1 1
15194.5 0 0
15195.5 0 0
15196.5 0 0
15197.5 0 0
15198.5 0 0
15199.5 0 0
15200.5 0 0
15201.5 0 0
15202.5 0 0
15203.5 0 0
15204.5 0 0
15205.5 0 0
15206.5 0 0
15207.5 2 1.41421
15208.5 0 0
15209.5 1 1
15210.5 0 0
15211.5 0 0
15212.5 1 1
15213.5 0 0
15214.5 0 0
15215.5 0 0
15216.5 0 0
15217.5 0 0
15218.5 0 0
15219.5 0 0
15220.5 0 0
15221.5 0 0
15222.5 0 0
15223.5 0 0
15224.5 0 0
15225.5 0 0
15226.5 0 0
15227.5 0 0
15228.5 0 0
15229.5 0 0
15230.5 0 0
15231.5 0 0
15232.5 0 0
15233.5 0 0
15234.5 0 0
15235.5 0 0
15236.5 1 1
15237.5 0 0
15238.5 1 1
15239.5 0 0
15240.5 0 0
15241.5 0 0
15242.5 0 0
15243.5 0 0
15244.5 0 0
15245.5 0 0
15246.5 1 1
15247.5 0 0
15248.5 0 0
15249.5 1 1
15250.5 0 0
15251.5 0 0
15252.5 1 1
15253.5 0 0
15254.5 0 0
15255.5 0 0
15256.5 0 0
15257.5 0 0
15258.5 0 0
15259.5 0 0
15260.5 0 0
15261.5 0 0
15262.5 0 0
15263.5 0 0
15264.5 0 0
15265.5 0 0
15266.5 0 0
15267.5 0 0
15268.5 1 1
15269.5 0 0
15270.5 0 0
15271.5 0 0
15272.5 0 0
15273.5 0 0
15274.5 0 0
15275.5 0 0
15276.5 0 0
15277.5 0 0
15278.5 0 0
15279.5 0 0
15280.5 0 0
15281.5 0 0
15282.5 0 0
15283.5 0 0
15284.5 0 0
15285.5 0 0
15286.5 0 0
15287.5 0 0
15288.5 1 1
15289.5 0 0
15290.5 0 0
15291.5 0 0
15292.5 0 0
15293.5 0 0
15294.5 0 0
15295.5 0 0
15296.5 0 0
15297.5 0 0
15298.5 0 0
15299.5 0 0
15300.5 0 0
15301.5 0 0
15302.5 0 0
15303.5 0 0
15304.5 0 0
15305.5 0 0
15306.5 0 0
15307.5 0 0
15308.5 0 0
15309.5 0 0
15310.5 0 0
15311.5 0 0
15312.5 0 0
15313.5 0 0
15314.5 1 1
15315.5 0 0
15316.5 0 0
15317.5 0 0
15318.5 0 0
15319.5 0 0
15320.5 0 0
15321.5 0 0
15322.5 0 0
15323.5 0 0
15324.5 0 0
15325.5 0 0
15326.5 0 0
15327.5 0 0
15328.5 0 0
15329.5 0 0
15330.5 0 0
15331.5 0 0
15332.5 0 0
15333.5 0 0
15334.5 0 0
15335.5 0 0
15336.5 0 0
15337.5 0 0
15338.5 1 1
15339.5 0 0
15340.5 0 0
15341.5 1 1
15342.5 0 0
15343.5 0 0
15344.5 0 0
15345.5 0 0
15346.5 0 0
15347.5 0 0
15348.5 0 0
15349.5 0 0
15350.5 0 0
15351.5 0 0
15352.5 0 0
15353.5 0 0
15354.5 0 0
15355.5 0 0
15356.5 0 0
15357.5 0 0
15358.5 0 0
15359.5 0 0
15360.5 1 1
15361.5 0 0
15362.5 0 0
15363.5 0 0
15364.5 0 0
15365.5 0 0
15366.5 0 0
15367.5 0 0
15368.5 0 0
15369.5 0 0
15370.5 0 0
15371.5 0 0
15372.5 0 0
15373.5 0 0
15374.5 0 0
15375.5 0 0
15376.5 0 0
15377.5 0 0
15378.5 0 0
15379.5 0 0
15380.5 0 0
15381.5 0 0
15382.5 0 0
15383.5 0 0
15384.5 0 0
15385.5 0 0
15386.5 0 0
15387.5 0 0
15388.5 0 0
15389.5 0 0
15390.5 0 0
15391.5 0 0
15392.5 0 0
15393.5 1 1
15394.5 0 0
15395.5 0 0
15396.5 0 0
15397.5 0 0
15398.5 0 0
15399.5 0 0
15400.5 0 0
15401.5 0 0
15402.5 1 1
15403.5 0 0
15404.5 0 0
15405.5 0 0
15406.5 0 0
15407.5 0 0
15408.5 0 0
15409.5 0 0
15410.5 0 0
15411.5 0 0
15412.5 0 0
15413.5 0 0
15414.5 0 0
15415.5 0 0
15416.5 0 0
15417.5 0 0
15418.5 0 0
15419.5 0 0
15420.5 0 0
15421.5 0 0
15422.5 0 0
15423.5 0 0
15424.5 0 0
15425.5 1 1
15426.5 0 0
15427.5 1 1
15428.5 0 0
15429.5 0 0
15430.5 0 0
15431.5 0 0
15432.5 0 0
15433.5 0 0
15434.5 0 0
15435.5 0 0
15436.5 0 0
15437.5 0 0
15438.5 1 1
15439.5 0 0
15440.5 0 0
15441.5 0 0
15442.5 0 0
15443.5 0 0
15444.5 0 0
15445.5 0 0
15446.5 0 0
15447.5 0 0
15448.5 0 0
15449.5 0 0
15450.5 0 0
15451.5 0 0
15452.5 0 0
15453.5 0 0
15454.5 1 1
15455.5 0 0
15456.5 0 0
15457.5 0 0
15458.5 0 0
15459.5 0 0
15460.5 0 0
15461.5 1 1
15462.5 0 0
15463.5 0 0
15464.5 0 0
15465.5 0 0
15466.5 0 0
15467.5 0 0
15468.5 0 0
15469.5 0 0
15470.5 0 0
15471.5 0 0
15472.5 0 0
15473.5 0 0
15474.5 0 0
15475.5 0 0
15476.5 0 0
15477.5 0 0
15478.5 0 0
15479.5 0 0
15480.5 0 0
15481.5 0 0
15482.5 0 0
15483.5 0 0
15484.5 1 1
15485.5 0 0
15486.5 1 1
15487.5 0 0
15488.5 1 1
15489.5 0 0
15490.5 0 0
15491.5 1 1
15492.5 0 0
15493.5 1 1
15494.5 0 0
15495.5 0 0
15496.5 0 0
15497.5 0 0
15498.5 1 1
15499.5 0 0
15500.5 0 0
15501.5 0 0
15502.5 0 0
15503.5 0 0
15504.5 2 1.41421
15505.5 0 0
15506.5 2 1.41421
15507.5 0 0
15508.5 0 0
15509.5 0 0
15510.5 0 0
15511.5 0 0
15512.5 0 0
15513.5 0 0
15514.5 1 1
15515.5 0 0
15516.5 0 0
15517.5 0 0
15518.5 0 0
15519.5 0 0
15520.5 0 0
15521.5 0 0
15522.5 0 0
15523.5 0 0
15524.5 0 0
15525.5 0 0
15526.5 0 0
15527.5 0 0
15528.5 0 0
15529.5 0 0
15530.5 0 0
15531.5 0 0
15532.5 0 0
15533.5 0 0
15534.5 0 0
15535.5 0 0
15536.5 0 0
15537.5 0 0
15538.5 0 0
15539.5 0 0
15540.5 1 1
15541.5 1 1
15542.5 0 0
15543.5 0 0
15544.5 1 1
15545.5 0 0
15546.5 0 0
15547.5 0 0
15548.5 0 0
15549.5 0 0
15550.5 0 0
15551.5 0 0
15552.5 0 0
15553.5 0 0
15554.5 0 0
15555.5 0 0
15556.5 0 0
15557.5 0 0
15558.5 0 0
15559.5 0 0
15560.5 0 0
15561.5 0 0
15562.5 0 0
15563.5 0 0
15564.5 0 0
15565.5 0 0
15566.5 0 0
15567.5 0 0
15568.5 0 0
15569.5 0 0
15570.5 0 0
15571.5 0 0
15572.5 0 0
15573.5 0 0
15574.5 0 0
15575.5 0 0
15576.5 0 0
15577.5 0 0
15578.5 0 0
15579.5 0 0
15580.5 1 1
15581.5 0 0
15582.5 0 0
15583.5 0 0
15584.5 0 0
15585.5 0 0
15586.5 0 0
15587.5 0 0
15588.5 0 0
15589.5 0 0
15590.5 0 0
15591.5 0 0
15592.5 0 0
15593.5 0 0
15594.5 0 0
15595.5 0 0
15596.5 0 0
15597.5 2 1.41421
15598.5 3 1.73205
15599.5 0 0
15600.5 1 1
15601.5 0 0
15602.5 0 0
15603.5 1 1
15604.5 1 1
15605.5 0 0
15606.5 1 1
15607.5 1 1
15608.5 2 1.41421
15609.5 1 1
15610.5 2 1.41421
15611.5 0 0
15612.5 0 0
15613.5 0 0
15614.5 0 0
15615.5 1 1
15616.5 0 0
15617.5 0 0
15618.5 0 0
15619.5 0 0
15620.5 0 0
15621.5 0 0
15622.5 0 0
15623.5 0 0
15624.5 0 0
15625.5 0 0
15626.5 0 0
15627.5 0 0
15628.5 1 1
15629.5 0 0
15630.5 0 0
15631.5 0 0
15632.5 0 0
15633.5 0 0
15634.5 0 0
15635.5 0 0
15636.5 0 0
15637.5 0 0
15638.5 0 0
15639.5 0 0
15640.5 0 0
15641.5 0 0
15642.5 0 0
15643.5 0 0
15644.5 0 0
15645.5 0 0
15646.5 1 1
15647.5 0 0
15648.5 0 0
15649.5 0 0
15650.5 0 0
15651.5 0 0
15652.5 0 0
15653.5 2 1.41421
15654.5 0 0
15655.5 0 0
15656.5 0 0
15657.5 0 0
15658.5 0 0
15659.5 0 0
15660.5 0 0
15661.5 0 0
15662.5 0 0
15663.5 0 0
15664.5 0 0
15665.5 1 1
15666.5 0 0
15667.5 0 0
15668.5 1 1
15669.5 0 0
15670.5 0 0
15671.5 0 0
15672.5 0 0
15673.5 0 0
15674.5 0 0
15675.5 0 0
15676.5 0 0
15677.5 0 0
15678.5 0 0
15679.5 0 0
15680.5 0 0
15681.5 0 0
15682.5 0 0
15683.5 0 0
15684.5 0 0
15685.5 0 0
15686.5 0 0
15687.5 0 0
15688.5 0 0
15689.5 0 0
15690.5 0 0
15691.5 0 0
15692.5 0 0
15693.5 1 1
15694.5 0 0
15695.5 0 0
15696.5 0 0
15697.5 0 0
15698.5 0 0
15699.5 0 0
15700.5 0 0
15701.5 0 0
15702.5 0 0
15703.5 0 0
15704.5 0 0
15705.5 0 0
15706.5 0 0
15707.5 0 0
15708.5 0 0
15709.5 0 0
15710.5 0 0
15711.5 0 0
15712.5 0 0
15713.5 0 0
15714.5 0 0
15715.5 0 0
15716.5 0 0
15717.5 0 0
15718.5 0 0
15719.5 0 0
15720.5 0 0
15721.5 0 0
15722.5 0 0
15723.5 0 0
15724.5 0 0
15725.5 0 0
15726.5 0 0
15727.5 0 0
15728.5 0 0
15729.5 0 0
15730.5 0 0
15731.5 0 0
15732.5 0 0
15733.5 0 0
15734.5 0 0
15735.5 0 0
15736.5 0 0
15737.5 0 0
15738.5 0 0
15739.5 0 0
15740.5 0 0
15741.5 1 1
15742.5 0 0
15743.5 0 0
15744.5 0 0
15745.5 0 0
15746.5 0 0
15747.5 0 0
15748.5 0 0
15749.5 0 0
15750.5 0 0
15751.5 0 0
15752.5 0 0
15753.5 1 1
15754.5 0 0
15755.5 0 0
15756.5 0 0
15757.5 0 0
15758.5 0 0
15759.5 0 0
15760.5 0 0
15761.5 0 0
15762.5 0 0
15763.5 0 0
15764.5 0 0
15765.5 0 0
15766.5 0 0
15767.5 0 0
15768.5 0 0
15769.5 0 0
15770.5 0 0
15771.5 0 0
15772.5 0 0
15773.5 0 0
15774.5 0 0
15775.5 0 0
15776.5 0 0
15777.5 0 0
15778.5 0 0
15779.5 0 0
15780.5 0 0
15781.5 0 0
15782.5 1 1
15783.5 0 0
15784.5 0 0
15785.5 1 1
15786.5 0 0
15787.5 1 1
15788.5 0 0
15789.5 0 0
15790.5 0 0
15791.5 0 0
15792.5 0 0
15793.5 0 0
15794.5 0 0
15795.5 0 0
15796.5 0 0
15797.5 0 0
15798.5 0 0
15799.5 0 0
15800.5 0 0
15801.5 0 0
15802.5 0 0
15803.5 0 0
15804.5 0 0
15805.5 0 0
15806.5 0 0
15807.5 0 0
15808.5 0 0
15809.5 0 0
15810.5 0 0
15811.5 0 0
15812.5 0 0
15813.5 0 0
15814.5 0 0
15815.5 0 0
15816.5 0 0
15817.5 0 0
15818.5 0 0
15819.5 0 0
15820.5 0 0
15821.5 0 0
15822.5 0 0
15823.5 0 0
15824.5 0 0
15825.5 0 0
15826.5 0 0
15827.5 0 0
15828.5 0 0
15829.5 0 0
15830.5 0 0
15831.5 0 0
15832.5 1 1
15833.5 0 0
15834.5 0 0
15835.5 0 0
15836.5 0 0
15837.5 0 0
15838.5 0 0
15839.5 0 0
15840.5 0 0
15841.5 0 0
15842.5 0 0
15843.5 0 0
15844.5 0 0
15845.5 0 0
15846.5 0 0
15847.5 0 0
15848.5 0 0
15849.5 0 0
15850.5 0 0
15851.5 0 0
15852.5 0 0
15853.5 0 0
15854.5 1 1
15855.5 0 0
15856.5 1 1
15857.5 0 0
15858.5 0 0
15859.5 0 0
15860.5 1 1
15861.5 0 0
15862.5 0 0
15863.5 0 0
15864.5 0 0
15865.5 0 0
15866.5 0 0
15867.5 0 0
15868.5 0 0
15869.5 0 0
15870.5 0 0
15871.5 0 0
15872.5 0 0
15873.5 0 0
15874.5 0 0
15875.5 0 0
15876.5 0 0
15877.5 0 0
15878.5 0 0
15879.5 1 1
15880.5 0 0
15881.5 0 0
15882.5 1 1
15883.5 0 0
15884.5 0 0
15885.5 0 0
15886.5 0 0
15887.5 0 0
15888.5 0 0
15889.5 0 0
15890.5 0 0
15891.5 0 0
15892.5 0 0
15893.5 0 0
15894.5 0 0
15895.5 0 0
15896.5 0 0
15897.5 1 1
15898.5 0 0
15899.5 0 0
15900.5 0 0
15901.5 1 1
15902.5 0 0
15903.5 0 0
15904.5 0 0
15905.5 0 0
15906.5 0 0
15907.5 0 0
15908.5 0 0
15909.5 1 1
15910.5 0 0
15911.5 0 0
15912.5 0 0
15913.5 0 0
15914.5 0 0
15915.5 0 0
15916.5 0 0
15917.5 0 0
15918.5 0 0
15919.5 0 0
15920.5 0 0
15921.5 0 0
15922.5 0 0
15923.5 0 0
15924.5 0 0
15925.5 0 0
15926.5 0 0
15927.5 0 0
15928.5 0 0
15929.5 0 0
15930.5 0 0
15931.5 0 0
15932.5 0 0
15933.5 0 0
15934.5 0 0
15935.5 0 0
15936.5 0 0
15937.5 0 0
15938.5 0 0
15939.5 0 0
15940.5 0 0
15941.5 0 0
15942.5 0 0
15943.5 0 0
15944.5 0 0
15945.5 0 0
15946.5 0 0
15947.5 0 0
15948.5 0 0
15949.5 0 0
15950.5 0 0
15951.5 0 0
15952.5 0 0
15953.5 0 0
15954.5 0 0
15955.5 0 0
15956.5 0 0
15957.5 0 0
15958.5 0 0
15959.5 0 0
15960.5 0 0
15961.5 0 0
15962.5 0 0
15963.5 0 0
15964.5 0 0
15965.5 0 0
15966.5 0 0
15967.5 0 0
15968.5 0 0
15969.5 0 0
15970.5 0 0
15971.5 0 0
15972.5 0 0
15973.5 2 1.41421
15974.5 0 0
15975.5 0 0
15976.5 0 0
15977.5 0 0
15978.5 0 0
15979.5 0 0
15980.5 1 1
15981.5 0 0
15982.5 0 0
15983.5 0 0
15984.5 0 0
15985.5 0 0
15986.5 0 0
15987.5 0 0
15988.5 0 0
15989.5 0 0
15990.5 0 0
15991.5 0 0
15992.5 0 0
15993.5 0 0
15994.5 0 0
15995.5 0 0
15996.5 0 0
15997.5 0 0
15998.5 0 0
15999.5 0 0
16000.5 0 0
16001.5 0 0
16002.5 0 0
16003.5 0 0
16004.5 0 0
16005.5 0 0
16006.5 0 0
16007.5 0 0
16008.5 0 0
16009.5 0 0
16010.5 0 0
16011.5 0 0
16012.5 0 0
16013.5 0 0
16014.5 0 0
16015.5 0 0
16016.5 0 0
16017.5 0 0
16018.5 0 0
16019.5 0 0
16020.5 0 0
16021.5 0 0
16022.5 0 0
16023.5 0 0
16024.5 0 0
16025.5 0 0
16026.5 0 0
16027.5 0 0
16028.5 0 0
16029.5 0 0
16030.5 0 0
16031.5 0 0
16032.5 0 0
16033.5 0 0
16034.5 0 0
16035.5 0 0
16036.5 0 0
16037.5 0 0
16038.5 1 1
16039.5 0 0
16040.5 0 0
16041.5 0 0
16042.5 0 0
16043.5 0 0
16044.5 0 0
16045.5 0 0
16046.5 0 0
16047.5 0 0
16048.5 0 0
16049.5 0 0
16050.5 0 0
16051.5 0 0
16052.5 0 0
16053.5 1 1
16054.5 0 0
16055.5 0 0
16056.5 0 0
16057.5 0 0
16058.5 0 0
16059.5 0 0
16060.5 0 0
16061.5 0 0
16062.5 0 0
16063.5 0 0
16064.5 0 0
16065.5 0 0
16066.5 0 0
16067.5 0 0
16068.5 0 0
16069.5 0 0
16070.5 0 0
16071.5 0 0
16072.5 0 0
16073.5 0 0
16074.5 0 0
16075.5 0 0
16076.5 0 0
16077.5 0 0
16078.5 0 0
16079.5 0 0
16080.5 0 0
16081.5 0 0
16082.5 0 0
16083.5 0 0
16084.5 0 0
16085.5 0 0
16086.5 0 0
16087.5 0 0
16088.5 0 0
16089.5 0 0
16090.5 0 0
16091.5 0 0
16092.5 0 0
16093.5 0 0
16094.5 0 0
16095.5 0 0
16096.5 0 0
16097.5 0 0
16098.5 0 0
16099.5 0 0
16100.5 0 0
16101.5 0 0
16102.5 0 0
16103.5 0 0
16104.5 0 0
16105.5 0 0
16106.5 0 0
16107.5 0 0
16108.5 0 0
16109.5 0 0
16110.5 1 1
16111.5 1 1
16112.5 0 0
16113.5 0 0
16114.5 0 0
16115.5 0 0
16116.5 0 0
16117.5 0 0
16118.5 0 0
16119.5 0 0
16120.5 1 1
16121.5 0 0
16122.5 0 0
16123.5 0 0
16124.5 0 0
16125.5 0 0
16126.5 0 0
16127.5 1 1
16128.5 0 0
16129.5 0 0
16130.5 0 0
16131.5 0 0
16132.5 0 0
16133.5 0 0
16134.5 0 0
16135.5 0 0
16136.5 0 0
16137.5 0 0
16138.5 0 0
16139.5 0 0
16140.5 0 0
16141.5 0 0
16142.5 0 0
16143.5 0 0
16144.5 0 0
16145.5 0 0
16146.5 0 0
16147.5 0 0
16148.5 0 0
16149.5 0 0
16150.5 0 0
16151.5 0 0
16152.5 0 0
16153.5 0 0
16154.5 0 0
16155.5 0 0
16156.5 0 0
16157.5 0 0
16158.5 0 0
16159.5 1 1
16160.5 0 0
16161.5 0 0
16162.5 0 0
16163.5 0 0
16164.5 0 0
16165.5 0 0
16166.5 0 0
16167.5 0 0
16168.5 0 0
16169.5 0 0
16170.5 0 0
16171.5 0 0
16172.5 0 0
16173.5 0 0
16174.5 0 0
16175.5 2 1.41421
16176.5 0 0
16177.5 0 0
16178.5 2 1.41421
16179.5 0 0
16180.5 0 0
16181.5 0 0
16182.5 0 0
16183.5 0 0
16184.5 0 0
16185.5 0 0
16186.5 0 0
16187.5 0 0
16188.5 0 0
16189.5 0 0
16190.5 0 0
16191.5 0 0
16192.5 0 0
16193.5 0 0
16194.5 0 0
16195.5 0 0
16196.5 0 0
16197.5 0 0
16198.5 0 0
16199.5 0 0
16200.5 0 0
16201.5 0 0
16202.5 0 0
16203.5 0 0
16204.5 0 0
16205.5 0 0
16206.5 0 0
16207.5 0 0
16208.5 0 0
16209.5 0 0
16210.5 0 0
16211.5 0 0
16212.5 0 0
16213.5 0 0
16214.5 0 0
16215.5 0 0
16216.5 0 0
16217.5 0 0
16218.5 0 0
16219.5 0 0
16220.5 0 0
16221.5 0 0
16222.5 0 0
16223.5 1 1
16224.5 0 0
16225.5 0 0
16226.5 0 0
16227.5 1 1
16228.5 0 0
16229.5 0 0
16230.5 1 1
16231.5 0 0
16232.5 0 0
16233.5 0 0
16234.5 0 0
16235.5 0 0
16236.5 0 0
16237.5 0 0
16238.5 0 0
16239.5 0 0
16240.5 0 0
16241.5 0 0
16242.5 0 0
16243.5 0 0
16244.5 1 1
16245.5 0 0
16246.5 0 0
16247.5 0 0
16248.5 0 0
16249.5 0 0
16250.5 0 0
16251.5 0 0
16252.5 0 0
16253.5 0 0
16254.5 0 0
16255.5 0 0
16256.5 0 0
16257.5 0 0
16258.5 1 1
16259.5 0 0
16260.5 0 0
16261.5 0 0
16262.5 0 0
16263.5 0 0
16264.5 0 0
16265.5 1 1
16266.5 0 0
16267.5 0 0
16268.5 0 0
16269.5 0 0
16270.5 0 0
16271.5 0 0
16272.5 0 0
16273.5 0 0
16274.5 0 0
16275.5 0 0
16276.5 0 0
16277.5 0 0
16278.5 0 0
16279.5 1 1
16280.5 0 0
16281.5 0 0
16282.5 0 0
16283.5 0 0
16284.5 0 0
16285.5 0 0
16286.5 1 1
16287.5 0 0
16288.5 0 0
16289.5 1 1
16290.5 0 0
16291.5 0 0
16292.5 0 0
16293.5 0 0
16294.5 0 0
16295.5 0 0
16296.5 0 0
16297.5 0 0
16298.5 0 0
16299.5 0 0
16300.5 0 0
16301.5 0 0
16302.5 0 0
16303.5 0 0
16304.5 0 0
16305.5 0 0
16306.5 0 0
16307.5 0 0
16308.5 0 0
16309.5 1 1
16310.5 0 0
16311.5 0 0
16312.5 0 0
16313.5 0 0
16314.5 0 0
16315.5 0 0
16316.5 0 0
16317.5 1 1
16318.5 0 0
16319.5 0 0
16320.5 0 0
16321.5 0 0
16322.5 0 0
16323.5 0 0
16324.5 0 0
16325.5 1 1
16326.5 0 0
16327.5 0 0
16328.5 1 1
16329.5 0 0
16330.5 0 0
16331.5 0 0
16332.5 0 0
16333.5 0 0
16334.5 0 0
16335.5 0 0
16336.5 0 0
16337.5 0 0
16338.5 0 0
16339.5 0 0
16340.5 0 0
16341.5 0 0
16342.5 0 0
16343.5 0 0
16344.5 0 0
16345.5 0 0
16346.5 0 0
16347.5 0 0
16348.5 0 0
16349.5 0 0
16350.5 0 0
16351.5 0 0
16352.5 0 0
16353.5 0 0
16354.5 0 0
16355.5 0 0
16356.5 1 1
16357.5 0 0
16358.5 0 0
16359.5 0 0
16360.5 0 0
16361.5 0 0
16362.5 0 0
16363.5 0 0
16364.5 0 0
16365.5 0 0
16366.5 0 0
16367.5 0 0
16368.5 0 0
16369.5 0 0
16370.5 0 0
16371.5 0 0
16372.5 0 0
16373.5 0 0
16374.5 0 0
16375.5 0 0
16376.5 0 0
16377.5 0 0
16378.5 0 0
16379.5 0 0
16380.5 0 0
16381.5 0 0
16382.5 1 1
16383.5 0 0
