# Histogram: 104
# File: K47_T1_006-1.his
#X  N  dN
0.5 2875 53.619
1.5 216 14.6969
2.5 230 15.1658
3.5 247 15.7162
4.5 233 15.2643
5.5 188 13.7113
6.5 133 11.5326
7.5 107 10.3441
8.5 66 8.12404
9.5 47 6.85565
10.5 31 5.56776
11.5 14 3.74166
12.5 10 3.16228
13.5 6 2.44949
14.5 3 1.73205
15.5 3 1.73205
16.5 2 1.41421
17.5 3 1.73205
18.5 3 1.73205
19.5 1 1
20.5 5 2.23607
21.5 3 1.73205
22.5 3 1.73205
23.5 10 3.16228
24.5 8 2.82843
25.5 11 3.31662
26.5 7 2.64575
27.5 10 3.16228
28.5 24 4.89898
29.5 16 4
30.5 23 4.79583
31.5 33 5.74456
32.5 30 5.47723
33.5 28 5.2915
34.5 45 6.7082
35.5 42 6.48074
36.5 42 6.48074
37.5 55 7.4162
38.5 48 6.9282
39.5 65 8.06226
40.5 48 6.9282
41.5 55 7.4162
42.5 58 7.61577
43.5 59 7.68115
44.5 61 7.81025
45.5 85 9.21954
46.5 70 8.3666
47.5 56 7.48331
48.5 84 9.16515
49.5 66 8.12404
50.5 73 8.544
51.5 78 8.83176
52.5 75 8.66025
53.5 87 9.32738
54.5 103 10.1489
55.5 79 8.88819
56.5 99 9.94987
57.5 86 9.27362
58.5 86 9.27362
59.5 91 9.53939
60.5 90 9.48683
61.5 107 10.3441
62.5 72 8.48528
63.5 86 9.27362
64.5 74 8.60233
65.5 79 8.88819
66.5 85 9.21954
67.5 91 9.53939
68.5 79 8.88819
69.5 84 9.16515
70.5 82 9.05539
71.5 78 8.83176
72.5 87 9.32738
73.5 99 9.94987
74.5 87 9.32738
75.5 98 9.89949
76.5 90 9.48683
77.5 74 8.60233
78.5 86 9.27362
79.5 111 10.5357
80.5 84 9.16515
81.5 86 9.27362
82.5 98 9.89949
83.5 90 9.48683
84.5 93 9.64365
85.5 80 8.94427
86.5 93 9.64365
87.5 85 9.21954
88.5 100 10
89.5 89 9.43398
90.5 95 9.74679
91.5 95 9.74679
92.5 97 9.84886
93.5 70 8.3666
94.5 96 9.79796
95.5 97 9.84886
96.5 84 9.16515
97.5 103 10.1489
98.5 89 9.43398
99.5 93 9.64365
100.5 100 10
101.5 94 9.69536
102.5 98 9.89949
103.5 88 9.38083
104.5 110 10.4881
105.5 84 9.16515
106.5 116 10.7703
107.5 99 9.94987
108.5 81 9
109.5 99 9.94987
110.5 79 8.88819
111.5 88 9.38083
112.5 79 8.88819
113.5 76 8.7178
114.5 99 9.94987
115.5 96 9.79796
116.5 81 9
117.5 88 9.38083
118.5 120 10.9545
119.5 83 9.11043
120.5 114 10.6771
121.5 101 10.0499
122.5 104 10.198
123.5 106 10.2956
124.5 112 10.583
125.5 89 9.43398
126.5 85 9.21954
127.5 99 9.94987
128.5 90 9.48683
129.5 96 9.79796
130.5 99 9.94987
131.5 97 9.84886
132.5 98 9.89949
133.5 119 10.9087
134.5 109 10.4403
135.5 103 10.1489
136.5 101 10.0499
137.5 92 9.59166
138.5 104 10.198
139.5 94 9.69536
140.5 88 9.38083
141.5 79 8.88819
142.5 90 9.48683
143.5 86 9.27362
144.5 85 9.21954
145.5 96 9.79796
146.5 108 10.3923
147.5 95 9.74679
148.5 97 9.84886
149.5 90 9.48683
150.5 90 9.48683
151.5 91 9.53939
152.5 107 10.3441
153.5 93 9.64365
154.5 106 10.2956
155.5 87 9.32738
156.5 102 10.0995
157.5 94 9.69536
158.5 100 10
159.5 98 9.89949
160.5 80 8.94427
161.5 85 9.21954
162.5 96 9.79796
163.5 94 9.69536
164.5 86 9.27362
165.5 98 9.89949
166.5 93 9.64365
167.5 97 9.84886
168.5 101 10.0499
169.5 104 10.198
170.5 108 10.3923
171.5 113 10.6301
172.5 90 9.48683
173.5 108 10.3923
174.5 106 10.2956
175.5 105 10.247
176.5 89 9.43398
177.5 99 9.94987
178.5 106 10.2956
179.5 95 9.74679
180.5 109 10.4403
181.5 103 10.1489
182.5 114 10.6771
183.5 100 10
184.5 112 10.583
185.5 109 10.4403
186.5 93 9.64365
187.5 102 10.0995
188.5 86 9.27362
189.5 101 10.0499
190.5 112 10.583
191.5 101 10.0499
192.5 94 9.69536
193.5 89 9.43398
194.5 101 10.0499
195.5 85 9.21954
196.5 94 9.69536
197.5 87 9.32738
198.5 105 10.247
199.5 121 11
200.5 105 10.247
201.5 91 9.53939
202.5 101 10.0499
203.5 94 9.69536
204.5 76 8.7178
205.5 91 9.53939
206.5 91 9.53939
207.5 96 9.79796
208.5 101 10.0499
209.5 93 9.64365
210.5 111 10.5357
211.5 89 9.43398
212.5 101 10.0499
213.5 109 10.4403
214.5 112 10.583
215.5 105 10.247
216.5 113 10.6301
217.5 89 9.43398
218.5 101 10.0499
219.5 105 10.247
220.5 94 9.69536
221.5 113 10.6301
222.5 97 9.84886
223.5 105 10.247
224.5 85 9.21954
225.5 112 10.583
226.5 93 9.64365
227.5 95 9.74679
228.5 102 10.0995
229.5 89 9.43398
230.5 102 10.0995
231.5 90 9.48683
232.5 87 9.32738
233.5 96 9.79796
234.5 110 10.4881
235.5 97 9.84886
236.5 95 9.74679
237.5 84 9.16515
238.5 74 8.60233
239.5 111 10.5357
240.5 90 9.48683
241.5 86 9.27362
242.5 97 9.84886
243.5 111 10.5357
244.5 95 9.74679
245.5 92 9.59166
246.5 87 9.32738
247.5 112 10.583
248.5 102 10.0995
249.5 114 10.6771
250.5 100 10
251.5 109 10.4403
252.5 117 10.8167
253.5 109 10.4403
254.5 88 9.38083
255.5 86 9.27362
256.5 115 10.7238
257.5 103 10.1489
258.5 91 9.53939
259.5 118 10.8628
260.5 100 10
261.5 92 9.59166
262.5 115 10.7238
263.5 100 10
264.5 105 10.247
265.5 111 10.5357
266.5 108 10.3923
267.5 106 10.2956
268.5 106 10.2956
269.5 113 10.6301
270.5 107 10.3441
271.5 94 9.69536
272.5 122 11.0454
273.5 108 10.3923
274.5 125 11.1803
275.5 104 10.198
276.5 119 10.9087
277.5 103 10.1489
278.5 120 10.9545
279.5 108 10.3923
280.5 107 10.3441
281.5 116 10.7703
282.5 136 11.6619
283.5 121 11
284.5 98 9.89949
285.5 107 10.3441
286.5 108 10.3923
287.5 119 10.9087
288.5 103 10.1489
289.5 121 11
290.5 115 10.7238
291.5 121 11
292.5 125 11.1803
293.5 113 10.6301
294.5 132 11.4891
295.5 127 11.2694
296.5 107 10.3441
297.5 122 11.0454
298.5 140 11.8322
299.5 123 11.0905
300.5 121 11
301.5 110 10.4881
302.5 130 11.4018
303.5 123 11.0905
304.5 121 11
305.5 135 11.619
306.5 125 11.1803
307.5 122 11.0454
308.5 138 11.7473
309.5 117 10.8167
310.5 131 11.4455
311.5 147 12.1244
312.5 130 11.4018
313.5 148 12.1655
314.5 149 12.2066
315.5 130 11.4018
316.5 119 10.9087
317.5 135 11.619
318.5 131 11.4455
319.5 118 10.8628
320.5 157 12.53
321.5 143 11.9583
322.5 153 12.3693
323.5 118 10.8628
324.5 142 11.9164
325.5 163 12.7671
326.5 120 10.9545
327.5 145 12.0416
328.5 141 11.8743
329.5 132 11.4891
330.5 162 12.7279
331.5 166 12.8841
332.5 171 13.0767
333.5 171 13.0767
334.5 132 11.4891
335.5 159 12.6095
336.5 157 12.53
337.5 143 11.9583
338.5 158 12.5698
339.5 143 11.9583
340.5 168 12.9615
341.5 148 12.1655
342.5 158 12.5698
343.5 151 12.2882
344.5 163 12.7671
345.5 143 11.9583
346.5 145 12.0416
347.5 162 12.7279
348.5 169 13
349.5 162 12.7279
350.5 153 12.3693
351.5 161 12.6886
352.5 182 13.4907
353.5 151 12.2882
354.5 152 12.3288
355.5 169 13
356.5 179 13.3791
357.5 170 13.0384
358.5 184 13.5647
359.5 130 11.4018
360.5 164 12.8062
361.5 204 14.2829
362.5 186 13.6382
363.5 165 12.8452
364.5 196 14
365.5 160 12.6491
366.5 196 14
367.5 203 14.2478
368.5 163 12.7671
369.5 174 13.1909
370.5 174 13.1909
371.5 170 13.0384
372.5 155 12.4499
373.5 194 13.9284
374.5 180 13.4164
375.5 192 13.8564
376.5 175 13.2288
377.5 187 13.6748
378.5 158 12.5698
379.5 189 13.7477
380.5 203 14.2478
381.5 200 14.1421
382.5 196 14
383.5 170 13.0384
384.5 199 14.1067
385.5 182 13.4907
386.5 201 14.1774
387.5 202 14.2127
388.5 214 14.6287
389.5 205 14.3178
390.5 163 12.7671
391.5 203 14.2478
392.5 178 13.3417
393.5 189 13.7477
394.5 210 14.4914
395.5 183 13.5277
396.5 235 15.3297
397.5 231 15.1987
398.5 242 15.5563
399.5 218 14.7648
400.5 203 14.2478
401.5 217 14.7309
402.5 235 15.3297
403.5 248 15.748
404.5 228 15.0997
405.5 227 15.0665
406.5 251 15.843
407.5 255 15.9687
408.5 257 16.0312
409.5 232 15.2315
410.5 223 14.9332
411.5 243 15.5885
412.5 255 15.9687
413.5 248 15.748
414.5 236 15.3623
415.5 262 16.1864
416.5 297 17.2337
417.5 263 16.2173
418.5 253 15.906
419.5 244 15.6205
420.5 247 15.7162
421.5 258 16.0624
422.5 238 15.4272
423.5 215 14.6629
424.5 214 14.6287
425.5 223 14.9332
426.5 232 15.2315
427.5 207 14.3875
428.5 225 15
429.5 219 14.7986
430.5 235 15.3297
431.5 235 15.3297
432.5 223 14.9332
433.5 215 14.6629
434.5 215 14.6629
435.5 239 15.4596
436.5 216 14.6969
437.5 204 14.2829
438.5 191 13.8203
439.5 228 15.0997
440.5 227 15.0665
441.5 221 14.8661
442.5 219 14.7986
443.5 226 15.0333
444.5 216 14.6969
445.5 228 15.0997
446.5 241 15.5242
447.5 222 14.8997
448.5 221 14.8661
449.5 233 15.2643
450.5 191 13.8203
451.5 219 14.7986
452.5 219 14.7986
453.5 210 14.4914
454.5 210 14.4914
455.5 218 14.7648
456.5 239 15.4596
457.5 219 14.7986
458.5 207 14.3875
459.5 219 14.7986
460.5 223 14.9332
461.5 234 15.2971
462.5 215 14.6629
463.5 243 15.5885
464.5 236 15.3623
465.5 213 14.5945
466.5 242 15.5563
467.5 231 15.1987
468.5 247 15.7162
469.5 252 15.8745
470.5 257 16.0312
471.5 248 15.748
472.5 238 15.4272
473.5 256 16
474.5 222 14.8997
475.5 216 14.6969
476.5 244 15.6205
477.5 216 14.6969
478.5 260 16.1245
479.5 255 15.9687
480.5 246 15.6844
481.5 278 16.6733
482.5 229 15.1327
483.5 233 15.2643
484.5 220 14.8324
485.5 249 15.7797
486.5 210 14.4914
487.5 226 15.0333
488.5 243 15.5885
489.5 282 16.7929
490.5 242 15.5563
491.5 250 15.8114
492.5 239 15.4596
493.5 234 15.2971
494.5 240 15.4919
495.5 243 15.5885
496.5 224 14.9666
497.5 245 15.6525
498.5 267 16.3401
499.5 274 16.5529
500.5 249 15.7797
501.5 237 15.3948
502.5 254 15.9374
503.5 257 16.0312
504.5 232 15.2315
505.5 262 16.1864
506.5 234 15.2971
507.5 234 15.2971
508.5 236 15.3623
509.5 245 15.6525
510.5 236 15.3623
511.5 248 15.748
512.5 244 15.6205
513.5 262 16.1864
514.5 216 14.6969
515.5 266 16.3095
516.5 233 15.2643
517.5 209 14.4568
518.5 248 15.748
519.5 239 15.4596
520.5 219 14.7986
521.5 222 14.8997
522.5 252 15.8745
523.5 255 15.9687
524.5 256 16
525.5 250 15.8114
526.5 251 15.843
527.5 243 15.5885
528.5 226 15.0333
529.5 243 15.5885
530.5 264 16.2481
531.5 247 15.7162
532.5 235 15.3297
533.5 240 15.4919
534.5 283 16.8226
535.5 274 16.5529
536.5 255 15.9687
537.5 246 15.6844
538.5 201 14.1774
539.5 258 16.0624
540.5 253 15.906
541.5 237 15.3948
542.5 221 14.8661
543.5 231 15.1987
544.5 256 16
545.5 216 14.6969
546.5 243 15.5885
547.5 245 15.6525
548.5 225 15
549.5 239 15.4596
550.5 232 15.2315
551.5 268 16.3707
552.5 233 15.2643
553.5 249 15.7797
554.5 272 16.4924
555.5 238 15.4272
556.5 254 15.9374
557.5 236 15.3623
558.5 261 16.1555
559.5 249 15.7797
560.5 240 15.4919
561.5 250 15.8114
562.5 234 15.2971
563.5 263 16.2173
564.5 243 15.5885
565.5 244 15.6205
566.5 222 14.8997
567.5 244 15.6205
568.5 254 15.9374
569.5 232 15.2315
570.5 234 15.2971
571.5 259 16.0935
572.5 248 15.748
573.5 245 15.6525
574.5 270 16.4317
575.5 247 15.7162
576.5 258 16.0624
577.5 211 14.5258
578.5 274 16.5529
579.5 261 16.1555
580.5 230 15.1658
581.5 275 16.5831
582.5 225 15
583.5 268 16.3707
584.5 272 16.4924
585.5 256 16
586.5 241 15.5242
587.5 250 15.8114
588.5 256 16
589.5 274 16.5529
590.5 237 15.3948
591.5 246 15.6844
592.5 237 15.3948
593.5 243 15.5885
594.5 223 14.9332
595.5 234 15.2971
596.5 265 16.2788
597.5 235 15.3297
598.5 238 15.4272
599.5 226 15.0333
600.5 214 14.6287
601.5 227 15.0665
602.5 259 16.0935
603.5 267 16.3401
604.5 239 15.4596
605.5 243 15.5885
606.5 244 15.6205
607.5 250 15.8114
608.5 220 14.8324
609.5 243 15.5885
610.5 267 16.3401
611.5 234 15.2971
612.5 222 14.8997
613.5 222 14.8997
614.5 243 15.5885
615.5 255 15.9687
616.5 252 15.8745
617.5 240 15.4919
618.5 226 15.0333
619.5 240 15.4919
620.5 245 15.6525
621.5 275 16.5831
622.5 237 15.3948
623.5 226 15.0333
624.5 250 15.8114
625.5 220 14.8324
626.5 237 15.3948
627.5 223 14.9332
628.5 248 15.748
629.5 254 15.9374
630.5 232 15.2315
631.5 224 14.9666
632.5 251 15.843
633.5 255 15.9687
634.5 281 16.7631
635.5 206 14.3527
636.5 229 15.1327
637.5 234 15.2971
638.5 254 15.9374
639.5 225 15
640.5 263 16.2173
641.5 249 15.7797
642.5 267 16.3401
643.5 222 14.8997
644.5 246 15.6844
645.5 242 15.5563
646.5 253 15.906
647.5 250 15.8114
648.5 212 14.5602
649.5 236 15.3623
650.5 256 16
651.5 224 14.9666
652.5 227 15.0665
653.5 239 15.4596
654.5 241 15.5242
655.5 211 14.5258
656.5 237 15.3948
657.5 244 15.6205
658.5 199 14.1067
659.5 199 14.1067
660.5 212 14.5602
661.5 206 14.3527
662.5 224 14.9666
663.5 232 15.2315
664.5 230 15.1658
665.5 229 15.1327
666.5 232 15.2315
667.5 226 15.0333
668.5 228 15.0997
669.5 225 15
670.5 232 15.2315
671.5 214 14.6287
672.5 241 15.5242
673.5 220 14.8324
674.5 214 14.6287
675.5 217 14.7309
676.5 253 15.906
677.5 227 15.0665
678.5 207 14.3875
679.5 221 14.8661
680.5 226 15.0333
681.5 239 15.4596
682.5 226 15.0333
683.5 217 14.7309
684.5 222 14.8997
685.5 197 14.0357
686.5 220 14.8324
687.5 224 14.9666
688.5 243 15.5885
689.5 221 14.8661
690.5 206 14.3527
691.5 221 14.8661
692.5 220 14.8324
693.5 210 14.4914
694.5 223 14.9332
695.5 221 14.8661
696.5 201 14.1774
697.5 231 15.1987
698.5 233 15.2643
699.5 204 14.2829
700.5 213 14.5945
701.5 213 14.5945
702.5 248 15.748
703.5 211 14.5258
704.5 213 14.5945
705.5 216 14.6969
706.5 187 13.6748
707.5 202 14.2127
708.5 219 14.7986
709.5 220 14.8324
710.5 240 15.4919
711.5 219 14.7986
712.5 214 14.6287
713.5 223 14.9332
714.5 187 13.6748
715.5 195 13.9642
716.5 190 13.784
717.5 209 14.4568
718.5 185 13.6015
719.5 202 14.2127
720.5 186 13.6382
721.5 247 15.7162
722.5 191 13.8203
723.5 229 15.1327
724.5 214 14.6287
725.5 204 14.2829
726.5 182 13.4907
727.5 225 15
728.5 209 14.4568
729.5 238 15.4272
730.5 187 13.6748
731.5 206 14.3527
732.5 225 15
733.5 177 13.3041
734.5 217 14.7309
735.5 201 14.1774
736.5 197 14.0357
737.5 198 14.0712
738.5 205 14.3178
739.5 207 14.3875
740.5 192 13.8564
741.5 221 14.8661
742.5 206 14.3527
743.5 232 15.2315
744.5 206 14.3527
745.5 189 13.7477
746.5 202 14.2127
747.5 177 13.3041
748.5 206 14.3527
749.5 211 14.5258
750.5 204 14.2829
751.5 210 14.4914
752.5 201 14.1774
753.5 206 14.3527
754.5 197 14.0357
755.5 198 14.0712
756.5 207 14.3875
757.5 184 13.5647
758.5 201 14.1774
759.5 192 13.8564
760.5 206 14.3527
761.5 194 13.9284
762.5 198 14.0712
763.5 214 14.6287
764.5 192 13.8564
765.5 192 13.8564
766.5 180 13.4164
767.5 191 13.8203
768.5 186 13.6382
769.5 205 14.3178
770.5 203 14.2478
771.5 180 13.4164
772.5 211 14.5258
773.5 198 14.0712
774.5 231 15.1987
775.5 188 13.7113
776.5 183 13.5277
777.5 200 14.1421
778.5 178 13.3417
779.5 193 13.8924
780.5 163 12.7671
781.5 201 14.1774
782.5 216 14.6969
783.5 203 14.2478
784.5 195 13.9642
785.5 211 14.5258
786.5 189 13.7477
787.5 194 13.9284
788.5 188 13.7113
789.5 192 13.8564
790.5 187 13.6748
791.5 216 14.6969
792.5 179 13.3791
793.5 163 12.7671
794.5 180 13.4164
795.5 182 13.4907
796.5 191 13.8203
797.5 187 13.6748
798.5 187 13.6748
799.5 190 13.784
800.5 172 13.1149
801.5 174 13.1909
802.5 166 12.8841
803.5 188 13.7113
804.5 193 13.8924
805.5 172 13.1149
806.5 165 12.8452
807.5 190 13.784
808.5 185 13.6015
809.5 166 12.8841
810.5 181 13.4536
811.5 168 12.9615
812.5 173 13.1529
813.5 205 14.3178
814.5 162 12.7279
815.5 171 13.0767
816.5 187 13.6748
817.5 196 14
818.5 183 13.5277
819.5 159 12.6095
820.5 182 13.4907
821.5 163 12.7671
822.5 157 12.53
823.5 177 13.3041
824.5 198 14.0712
825.5 154 12.4097
826.5 155 12.4499
827.5 187 13.6748
828.5 193 13.8924
829.5 176 13.2665
830.5 162 12.7279
831.5 168 12.9615
832.5 166 12.8841
833.5 169 13
834.5 188 13.7113
835.5 179 13.3791
836.5 165 12.8452
837.5 171 13.0767
838.5 179 13.3791
839.5 170 13.0384
840.5 189 13.7477
841.5 179 13.3791
842.5 202 14.2127
843.5 165 12.8452
844.5 192 13.8564
845.5 188 13.7113
846.5 182 13.4907
847.5 159 12.6095
848.5 194 13.9284
849.5 171 13.0767
850.5 160 12.6491
851.5 166 12.8841
852.5 179 13.3791
853.5 169 13
854.5 189 13.7477
855.5 175 13.2288
856.5 178 13.3417
857.5 171 13.0767
858.5 148 12.1655
859.5 158 12.5698
860.5 188 13.7113
861.5 160 12.6491
862.5 144 12
863.5 157 12.53
864.5 141 11.8743
865.5 167 12.9228
866.5 159 12.6095
867.5 160 12.6491
868.5 162 12.7279
869.5 153 12.3693
870.5 161 12.6886
871.5 172 13.1149
872.5 168 12.9615
873.5 160 12.6491
874.5 153 12.3693
875.5 159 12.6095
876.5 158 12.5698
877.5 160 12.6491
878.5 165 12.8452
879.5 174 13.1909
880.5 154 12.4097
881.5 175 13.2288
882.5 157 12.53
883.5 151 12.2882
884.5 148 12.1655
885.5 159 12.6095
886.5 164 12.8062
887.5 153 12.3693
888.5 148 12.1655
889.5 169 13
890.5 170 13.0384
891.5 175 13.2288
892.5 175 13.2288
893.5 165 12.8452
894.5 155 12.4499
895.5 151 12.2882
896.5 186 13.6382
897.5 149 12.2066
898.5 157 12.53
899.5 144 12
900.5 164 12.8062
901.5 149 12.2066
902.5 170 13.0384
903.5 172 13.1149
904.5 161 12.6886
905.5 162 12.7279
906.5 166 12.8841
907.5 148 12.1655
908.5 161 12.6886
909.5 140 11.8322
910.5 128 11.3137
911.5 157 12.53
912.5 157 12.53
913.5 124 11.1355
914.5 143 11.9583
915.5 145 12.0416
916.5 131 11.4455
917.5 134 11.5758
918.5 165 12.8452
919.5 148 12.1655
920.5 163 12.7671
921.5 136 11.6619
922.5 164 12.8062
923.5 149 12.2066
924.5 150 12.2474
925.5 157 12.53
926.5 150 12.2474
927.5 147 12.1244
928.5 147 12.1244
929.5 150 12.2474
930.5 129 11.3578
931.5 139 11.7898
932.5 149 12.2066
933.5 146 12.083
934.5 154 12.4097
935.5 165 12.8452
936.5 167 12.9228
937.5 148 12.1655
938.5 146 12.083
939.5 144 12
940.5 147 12.1244
941.5 156 12.49
942.5 149 12.2066
943.5 147 12.1244
944.5 125 11.1803
945.5 152 12.3288
946.5 147 12.1244
947.5 160 12.6491
948.5 143 11.9583
949.5 157 12.53
950.5 155 12.4499
951.5 124 11.1355
952.5 143 11.9583
953.5 154 12.4097
954.5 143 11.9583
955.5 148 12.1655
956.5 124 11.1355
957.5 129 11.3578
958.5 122 11.0454
959.5 164 12.8062
960.5 129 11.3578
961.5 153 12.3693
962.5 123 11.0905
963.5 144 12
964.5 170 13.0384
965.5 149 12.2066
966.5 131 11.4455
967.5 153 12.3693
968.5 130 11.4018
969.5 145 12.0416
970.5 147 12.1244
971.5 135 11.619
972.5 143 11.9583
973.5 129 11.3578
974.5 125 11.1803
975.5 136 11.6619
976.5 139 11.7898
977.5 143 11.9583
978.5 135 11.619
979.5 151 12.2882
980.5 132 11.4891
981.5 151 12.2882
982.5 165 12.8452
983.5 145 12.0416
984.5 156 12.49
985.5 163 12.7671
986.5 127 11.2694
987.5 170 13.0384
988.5 135 11.619
989.5 142 11.9164
990.5 148 12.1655
991.5 145 12.0416
992.5 153 12.3693
993.5 162 12.7279
994.5 162 12.7279
995.5 137 11.7047
996.5 147 12.1244
997.5 134 11.5758
998.5 140 11.8322
999.5 142 11.9164
1000.5 136 11.6619
1001.5 160 12.6491
1002.5 153 12.3693
1003.5 162 12.7279
1004.5 130 11.4018
1005.5 160 12.6491
1006.5 149 12.2066
1007.5 125 11.1803
1008.5 147 12.1244
1009.5 127 11.2694
1010.5 147 12.1244
1011.5 148 12.1655
1012.5 157 12.53
1013.5 142 11.9164
1014.5 143 11.9583
1015.5 143 11.9583
1016.5 157 12.53
1017.5 136 11.6619
1018.5 172 13.1149
1019.5 153 12.3693
1020.5 162 12.7279
1021.5 134 11.5758
1022.5 157 12.53
1023.5 143 11.9583
1024.5 127 11.2694
1025.5 150 12.2474
1026.5 131 11.4455
1027.5 137 11.7047
1028.5 136 11.6619
1029.5 122 11.0454
1030.5 129 11.3578
1031.5 133 11.5326
1032.5 147 12.1244
1033.5 130 11.4018
1034.5 134 11.5758
1035.5 155 12.4499
1036.5 148 12.1655
1037.5 129 11.3578
1038.5 133 11.5326
1039.5 125 11.1803
1040.5 128 11.3137
1041.5 118 10.8628
1042.5 132 11.4891
1043.5 150 12.2474
1044.5 128 11.3137
1045.5 123 11.0905
1046.5 141 11.8743
1047.5 138 11.7473
1048.5 130 11.4018
1049.5 138 11.7473
1050.5 141 11.8743
1051.5 147 12.1244
1052.5 135 11.619
1053.5 119 10.9087
1054.5 136 11.6619
1055.5 149 12.2066
1056.5 111 10.5357
1057.5 133 11.5326
1058.5 125 11.1803
1059.5 135 11.619
1060.5 147 12.1244
1061.5 122 11.0454
1062.5 149 12.2066
1063.5 123 11.0905
1064.5 137 11.7047
1065.5 114 10.6771
1066.5 128 11.3137
1067.5 123 11.0905
1068.5 114 10.6771
1069.5 153 12.3693
1070.5 128 11.3137
1071.5 118 10.8628
1072.5 128 11.3137
1073.5 123 11.0905
1074.5 133 11.5326
1075.5 154 12.4097
1076.5 135 11.619
1077.5 119 10.9087
1078.5 136 11.6619
1079.5 122 11.0454
1080.5 124 11.1355
1081.5 133 11.5326
1082.5 134 11.5758
1083.5 125 11.1803
1084.5 118 10.8628
1085.5 134 11.5758
1086.5 116 10.7703
1087.5 120 10.9545
1088.5 135 11.619
1089.5 132 11.4891
1090.5 127 11.2694
1091.5 133 11.5326
1092.5 139 11.7898
1093.5 122 11.0454
1094.5 125 11.1803
1095.5 127 11.2694
1096.5 117 10.8167
1097.5 136 11.6619
1098.5 125 11.1803
1099.5 126 11.225
1100.5 113 10.6301
1101.5 117 10.8167
1102.5 118 10.8628
1103.5 113 10.6301
1104.5 141 11.8743
1105.5 141 11.8743
1106.5 115 10.7238
1107.5 125 11.1803
1108.5 129 11.3578
1109.5 122 11.0454
1110.5 129 11.3578
1111.5 132 11.4891
1112.5 123 11.0905
1113.5 92 9.59166
1114.5 122 11.0454
1115.5 122 11.0454
1116.5 130 11.4018
1117.5 126 11.225
1118.5 120 10.9545
1119.5 118 10.8628
1120.5 114 10.6771
1121.5 132 11.4891
1122.5 121 11
1123.5 143 11.9583
1124.5 140 11.8322
1125.5 124 11.1355
1126.5 110 10.4881
1127.5 114 10.6771
1128.5 107 10.3441
1129.5 109 10.4403
1130.5 131 11.4455
1131.5 119 10.9087
1132.5 136 11.6619
1133.5 117 10.8167
1134.5 120 10.9545
1135.5 112 10.583
1136.5 116 10.7703
1137.5 122 11.0454
1138.5 117 10.8167
1139.5 122 11.0454
1140.5 97 9.84886
1141.5 130 11.4018
1142.5 127 11.2694
1143.5 113 10.6301
1144.5 109 10.4403
1145.5 127 11.2694
1146.5 107 10.3441
1147.5 122 11.0454
1148.5 115 10.7238
1149.5 116 10.7703
1150.5 106 10.2956
1151.5 97 9.84886
1152.5 123 11.0905
1153.5 141 11.8743
1154.5 115 10.7238
1155.5 100 10
1156.5 124 11.1355
1157.5 125 11.1803
1158.5 113 10.6301
1159.5 97 9.84886
1160.5 124 11.1355
1161.5 100 10
1162.5 109 10.4403
1163.5 115 10.7238
1164.5 105 10.247
1165.5 90 9.48683
1166.5 118 10.8628
1167.5 115 10.7238
1168.5 105 10.247
1169.5 104 10.198
1170.5 101 10.0499
1171.5 130 11.4018
1172.5 104 10.198
1173.5 103 10.1489
1174.5 125 11.1803
1175.5 103 10.1489
1176.5 95 9.74679
1177.5 121 11
1178.5 95 9.74679
1179.5 101 10.0499
1180.5 109 10.4403
1181.5 101 10.0499
1182.5 122 11.0454
1183.5 112 10.583
1184.5 127 11.2694
1185.5 112 10.583
1186.5 102 10.0995
1187.5 98 9.89949
1188.5 109 10.4403
1189.5 86 9.27362
1190.5 94 9.69536
1191.5 116 10.7703
1192.5 92 9.59166
1193.5 105 10.247
1194.5 130 11.4018
1195.5 122 11.0454
1196.5 94 9.69536
1197.5 107 10.3441
1198.5 98 9.89949
1199.5 99 9.94987
1200.5 132 11.4891
1201.5 93 9.64365
1202.5 119 10.9087
1203.5 123 11.0905
1204.5 101 10.0499
1205.5 114 10.6771
1206.5 108 10.3923
1207.5 103 10.1489
1208.5 133 11.5326
1209.5 110 10.4881
1210.5 99 9.94987
1211.5 84 9.16515
1212.5 126 11.225
1213.5 111 10.5357
1214.5 112 10.583
1215.5 97 9.84886
1216.5 103 10.1489
1217.5 109 10.4403
1218.5 108 10.3923
1219.5 104 10.198
1220.5 94 9.69536
1221.5 95 9.74679
1222.5 115 10.7238
1223.5 102 10.0995
1224.5 108 10.3923
1225.5 119 10.9087
1226.5 105 10.247
1227.5 107 10.3441
1228.5 100 10
1229.5 111 10.5357
1230.5 109 10.4403
1231.5 108 10.3923
1232.5 87 9.32738
1233.5 103 10.1489
1234.5 108 10.3923
1235.5 95 9.74679
1236.5 96 9.79796
1237.5 112 10.583
1238.5 100 10
1239.5 86 9.27362
1240.5 110 10.4881
1241.5 117 10.8167
1242.5 121 11
1243.5 75 8.66025
1244.5 100 10
1245.5 94 9.69536
1246.5 108 10.3923
1247.5 99 9.94987
1248.5 109 10.4403
1249.5 95 9.74679
1250.5 104 10.198
1251.5 108 10.3923
1252.5 94 9.69536
1253.5 101 10.0499
1254.5 100 10
1255.5 88 9.38083
1256.5 96 9.79796
1257.5 107 10.3441
1258.5 96 9.79796
1259.5 88 9.38083
1260.5 114 10.6771
1261.5 95 9.74679
1262.5 86 9.27362
1263.5 104 10.198
1264.5 115 10.7238
1265.5 94 9.69536
1266.5 96 9.79796
1267.5 91 9.53939
1268.5 98 9.89949
1269.5 104 10.198
1270.5 80 8.94427
1271.5 89 9.43398
1272.5 111 10.5357
1273.5 97 9.84886
1274.5 93 9.64365
1275.5 89 9.43398
1276.5 117 10.8167
1277.5 97 9.84886
1278.5 103 10.1489
1279.5 117 10.8167
1280.5 83 9.11043
1281.5 110 10.4881
1282.5 107 10.3441
1283.5 108 10.3923
1284.5 107 10.3441
1285.5 99 9.94987
1286.5 117 10.8167
1287.5 111 10.5357
1288.5 90 9.48683
1289.5 88 9.38083
1290.5 110 10.4881
1291.5 96 9.79796
1292.5 111 10.5357
1293.5 86 9.27362
1294.5 91 9.53939
1295.5 115 10.7238
1296.5 70 8.3666
1297.5 109 10.4403
1298.5 96 9.79796
1299.5 98 9.89949
1300.5 96 9.79796
1301.5 97 9.84886
1302.5 92 9.59166
1303.5 98 9.89949
1304.5 90 9.48683
1305.5 96 9.79796
1306.5 93 9.64365
1307.5 99 9.94987
1308.5 115 10.7238
1309.5 110 10.4881
1310.5 110 10.4881
1311.5 102 10.0995
1312.5 98 9.89949
1313.5 108 10.3923
1314.5 89 9.43398
1315.5 116 10.7703
1316.5 109 10.4403
1317.5 103 10.1489
1318.5 97 9.84886
1319.5 100 10
1320.5 107 10.3441
1321.5 96 9.79796
1322.5 100 10
1323.5 101 10.0499
1324.5 102 10.0995
1325.5 125 11.1803
1326.5 110 10.4881
1327.5 106 10.2956
1328.5 96 9.79796
1329.5 96 9.79796
1330.5 88 9.38083
1331.5 108 10.3923
1332.5 93 9.64365
1333.5 96 9.79796
1334.5 101 10.0499
1335.5 103 10.1489
1336.5 88 9.38083
1337.5 91 9.53939
1338.5 102 10.0995
1339.5 89 9.43398
1340.5 91 9.53939
1341.5 104 10.198
1342.5 92 9.59166
1343.5 103 10.1489
1344.5 95 9.74679
1345.5 97 9.84886
1346.5 112 10.583
1347.5 87 9.32738
1348.5 82 9.05539
1349.5 87 9.32738
1350.5 93 9.64365
1351.5 86 9.27362
1352.5 77 8.77496
1353.5 92 9.59166
1354.5 89 9.43398
1355.5 109 10.4403
1356.5 92 9.59166
1357.5 101 10.0499
1358.5 93 9.64365
1359.5 97 9.84886
1360.5 81 9
1361.5 92 9.59166
1362.5 90 9.48683
1363.5 92 9.59166
1364.5 107 10.3441
1365.5 95 9.74679
1366.5 93 9.64365
1367.5 87 9.32738
1368.5 105 10.247
1369.5 77 8.77496
1370.5 101 10.0499
1371.5 104 10.198
1372.5 103 10.1489
1373.5 97 9.84886
1374.5 91 9.53939
1375.5 91 9.53939
1376.5 105 10.247
1377.5 90 9.48683
1378.5 105 10.247
1379.5 83 9.11043
1380.5 94 9.69536
1381.5 92 9.59166
1382.5 80 8.94427
1383.5 75 8.66025
1384.5 69 8.30662
1385.5 95 9.74679
1386.5 92 9.59166
1387.5 110 10.4881
1388.5 76 8.7178
1389.5 79 8.88819
1390.5 100 10
1391.5 98 9.89949
1392.5 94 9.69536
1393.5 98 9.89949
1394.5 85 9.21954
1395.5 100 10
1396.5 91 9.53939
1397.5 85 9.21954
1398.5 103 10.1489
1399.5 77 8.77496
1400.5 82 9.05539
1401.5 93 9.64365
1402.5 89 9.43398
1403.5 86 9.27362
1404.5 99 9.94987
1405.5 81 9
1406.5 68 8.24621
1407.5 89 9.43398
1408.5 104 10.198
1409.5 113 10.6301
1410.5 98 9.89949
1411.5 78 8.83176
1412.5 76 8.7178
1413.5 81 9
1414.5 84 9.16515
1415.5 85 9.21954
1416.5 78 8.83176
1417.5 89 9.43398
1418.5 89 9.43398
1419.5 99 9.94987
1420.5 93 9.64365
1421.5 80 8.94427
1422.5 97 9.84886
1423.5 82 9.05539
1424.5 76 8.7178
1425.5 87 9.32738
1426.5 86 9.27362
1427.5 92 9.59166
1428.5 107 10.3441
1429.5 75 8.66025
1430.5 80 8.94427
1431.5 93 9.64365
1432.5 90 9.48683
1433.5 97 9.84886
1434.5 84 9.16515
1435.5 84 9.16515
1436.5 74 8.60233
1437.5 94 9.69536
1438.5 88 9.38083
1439.5 88 9.38083
1440.5 81 9
1441.5 85 9.21954
1442.5 82 9.05539
1443.5 90 9.48683
1444.5 63 7.93725
1445.5 75 8.66025
1446.5 79 8.88819
1447.5 95 9.74679
1448.5 87 9.32738
1449.5 95 9.74679
1450.5 72 8.48528
1451.5 77 8.77496
1452.5 80 8.94427
1453.5 85 9.21954
1454.5 85 9.21954
1455.5 89 9.43398
1456.5 72 8.48528
1457.5 77 8.77496
1458.5 69 8.30662
1459.5 76 8.7178
1460.5 102 10.0995
1461.5 92 9.59166
1462.5 76 8.7178
1463.5 87 9.32738
1464.5 77 8.77496
1465.5 85 9.21954
1466.5 69 8.30662
1467.5 76 8.7178
1468.5 64 8
1469.5 75 8.66025
1470.5 77 8.77496
1471.5 88 9.38083
1472.5 79 8.88819
1473.5 72 8.48528
1474.5 74 8.60233
1475.5 79 8.88819
1476.5 91 9.53939
1477.5 92 9.59166
1478.5 86 9.27362
1479.5 81 9
1480.5 80 8.94427
1481.5 98 9.89949
1482.5 83 9.11043
1483.5 84 9.16515
1484.5 71 8.42615
1485.5 85 9.21954
1486.5 85 9.21954
1487.5 72 8.48528
1488.5 78 8.83176
1489.5 62 7.87401
1490.5 82 9.05539
1491.5 75 8.66025
1492.5 80 8.94427
1493.5 88 9.38083
1494.5 86 9.27362
1495.5 82 9.05539
1496.5 96 9.79796
1497.5 82 9.05539
1498.5 81 9
1499.5 82 9.05539
1500.5 79 8.88819
1501.5 84 9.16515
1502.5 87 9.32738
1503.5 61 7.81025
1504.5 67 8.18535
1505.5 87 9.32738
1506.5 81 9
1507.5 75 8.66025
1508.5 88 9.38083
1509.5 69 8.30662
1510.5 68 8.24621
1511.5 65 8.06226
1512.5 87 9.32738
1513.5 90 9.48683
1514.5 84 9.16515
1515.5 84 9.16515
1516.5 85 9.21954
1517.5 70 8.3666
1518.5 77 8.77496
1519.5 82 9.05539
1520.5 83 9.11043
1521.5 62 7.87401
1522.5 93 9.64365
1523.5 71 8.42615
1524.5 79 8.88819
1525.5 67 8.18535
1526.5 74 8.60233
1527.5 63 7.93725
1528.5 76 8.7178
1529.5 76 8.7178
1530.5 74 8.60233
1531.5 60 7.74597
1532.5 92 9.59166
1533.5 78 8.83176
1534.5 94 9.69536
1535.5 74 8.60233
1536.5 81 9
1537.5 83 9.11043
1538.5 83 9.11043
1539.5 88 9.38083
1540.5 71 8.42615
1541.5 79 8.88819
1542.5 81 9
1543.5 88 9.38083
1544.5 72 8.48528
1545.5 73 8.544
1546.5 90 9.48683
1547.5 69 8.30662
1548.5 80 8.94427
1549.5 71 8.42615
1550.5 77 8.77496
1551.5 87 9.32738
1552.5 58 7.61577
1553.5 67 8.18535
1554.5 65 8.06226
1555.5 68 8.24621
1556.5 59 7.68115
1557.5 77 8.77496
1558.5 76 8.7178
1559.5 72 8.48528
1560.5 86 9.27362
1561.5 85 9.21954
1562.5 79 8.88819
1563.5 89 9.43398
1564.5 76 8.7178
1565.5 83 9.11043
1566.5 90 9.48683
1567.5 84 9.16515
1568.5 64 8
1569.5 74 8.60233
1570.5 70 8.3666
1571.5 73 8.544
1572.5 66 8.12404
1573.5 65 8.06226
1574.5 82 9.05539
1575.5 71 8.42615
1576.5 81 9
1577.5 84 9.16515
1578.5 91 9.53939
1579.5 60 7.74597
1580.5 76 8.7178
1581.5 59 7.68115
1582.5 83 9.11043
1583.5 77 8.77496
1584.5 75 8.66025
1585.5 76 8.7178
1586.5 64 8
1587.5 69 8.30662
1588.5 66 8.12404
1589.5 77 8.77496
1590.5 69 8.30662
1591.5 77 8.77496
1592.5 76 8.7178
1593.5 61 7.81025
1594.5 93 9.64365
1595.5 72 8.48528
1596.5 89 9.43398
1597.5 72 8.48528
1598.5 74 8.60233
1599.5 73 8.544
1600.5 47 6.85565
1601.5 76 8.7178
1602.5 75 8.66025
1603.5 70 8.3666
1604.5 73 8.544
1605.5 68 8.24621
1606.5 70 8.3666
1607.5 73 8.544
1608.5 69 8.30662
1609.5 69 8.30662
1610.5 71 8.42615
1611.5 77 8.77496
1612.5 75 8.66025
1613.5 88 9.38083
1614.5 63 7.93725
1615.5 62 7.87401
1616.5 80 8.94427
1617.5 87 9.32738
1618.5 73 8.544
1619.5 92 9.59166
1620.5 77 8.77496
1621.5 76 8.7178
1622.5 72 8.48528
1623.5 72 8.48528
1624.5 69 8.30662
1625.5 77 8.77496
1626.5 72 8.48528
1627.5 75 8.66025
1628.5 82 9.05539
1629.5 84 9.16515
1630.5 68 8.24621
1631.5 72 8.48528
1632.5 81 9
1633.5 89 9.43398
1634.5 89 9.43398
1635.5 77 8.77496
1636.5 78 8.83176
1637.5 78 8.83176
1638.5 95 9.74679
1639.5 79 8.88819
1640.5 77 8.77496
1641.5 73 8.544
1642.5 76 8.7178
1643.5 51 7.14143
1644.5 77 8.77496
1645.5 71 8.42615
1646.5 72 8.48528
1647.5 82 9.05539
1648.5 91 9.53939
1649.5 78 8.83176
1650.5 72 8.48528
1651.5 70 8.3666
1652.5 82 9.05539
1653.5 89 9.43398
1654.5 82 9.05539
1655.5 71 8.42615
1656.5 67 8.18535
1657.5 71 8.42615
1658.5 73 8.544
1659.5 72 8.48528
1660.5 66 8.12404
1661.5 62 7.87401
1662.5 63 7.93725
1663.5 80 8.94427
1664.5 55 7.4162
1665.5 68 8.24621
1666.5 72 8.48528
1667.5 69 8.30662
1668.5 75 8.66025
1669.5 70 8.3666
1670.5 93 9.64365
1671.5 81 9
1672.5 66 8.12404
1673.5 59 7.68115
1674.5 76 8.7178
1675.5 65 8.06226
1676.5 63 7.93725
1677.5 66 8.12404
1678.5 63 7.93725
1679.5 78 8.83176
1680.5 57 7.54983
1681.5 74 8.60233
1682.5 71 8.42615
1683.5 64 8
1684.5 67 8.18535
1685.5 86 9.27362
1686.5 62 7.87401
1687.5 57 7.54983
1688.5 64 8
1689.5 66 8.12404
1690.5 66 8.12404
1691.5 66 8.12404
1692.5 68 8.24621
1693.5 65 8.06226
1694.5 60 7.74597
1695.5 73 8.544
1696.5 68 8.24621
1697.5 66 8.12404
1698.5 57 7.54983
1699.5 80 8.94427
1700.5 64 8
1701.5 67 8.18535
1702.5 67 8.18535
1703.5 66 8.12404
1704.5 57 7.54983
1705.5 54 7.34847
1706.5 68 8.24621
1707.5 81 9
1708.5 70 8.3666
1709.5 63 7.93725
1710.5 50 7.07107
1711.5 71 8.42615
1712.5 80 8.94427
1713.5 57 7.54983
1714.5 63 7.93725
1715.5 89 9.43398
1716.5 74 8.60233
1717.5 63 7.93725
1718.5 57 7.54983
1719.5 62 7.87401
1720.5 64 8
1721.5 76 8.7178
1722.5 60 7.74597
1723.5 69 8.30662
1724.5 77 8.77496
1725.5 76 8.7178
1726.5 63 7.93725
1727.5 71 8.42615
1728.5 59 7.68115
1729.5 65 8.06226
1730.5 61 7.81025
1731.5 66 8.12404
1732.5 89 9.43398
1733.5 77 8.77496
1734.5 67 8.18535
1735.5 75 8.66025
1736.5 57 7.54983
1737.5 78 8.83176
1738.5 79 8.88819
1739.5 70 8.3666
1740.5 66 8.12404
1741.5 62 7.87401
1742.5 71 8.42615
1743.5 65 8.06226
1744.5 72 8.48528
1745.5 66 8.12404
1746.5 72 8.48528
1747.5 66 8.12404
1748.5 62 7.87401
1749.5 64 8
1750.5 58 7.61577
1751.5 69 8.30662
1752.5 81 9
1753.5 84 9.16515
1754.5 58 7.61577
1755.5 66 8.12404
1756.5 61 7.81025
1757.5 82 9.05539
1758.5 57 7.54983
1759.5 78 8.83176
1760.5 56 7.48331
1761.5 53 7.28011
1762.5 65 8.06226
1763.5 78 8.83176
1764.5 55 7.4162
1765.5 77 8.77496
1766.5 73 8.544
1767.5 72 8.48528
1768.5 51 7.14143
1769.5 61 7.81025
1770.5 71 8.42615
1771.5 78 8.83176
1772.5 67 8.18535
1773.5 66 8.12404
1774.5 50 7.07107
1775.5 76 8.7178
1776.5 57 7.54983
1777.5 66 8.12404
1778.5 63 7.93725
1779.5 63 7.93725
1780.5 70 8.3666
1781.5 67 8.18535
1782.5 66 8.12404
1783.5 76 8.7178
1784.5 57 7.54983
1785.5 68 8.24621
1786.5 72 8.48528
1787.5 67 8.18535
1788.5 72 8.48528
1789.5 69 8.30662
1790.5 61 7.81025
1791.5 67 8.18535
1792.5 64 8
1793.5 55 7.4162
1794.5 67 8.18535
1795.5 64 8
1796.5 64 8
1797.5 63 7.93725
1798.5 48 6.9282
1799.5 67 8.18535
1800.5 66 8.12404
1801.5 67 8.18535
1802.5 65 8.06226
1803.5 73 8.544
1804.5 53 7.28011
1805.5 71 8.42615
1806.5 61 7.81025
1807.5 75 8.66025
1808.5 70 8.3666
1809.5 54 7.34847
1810.5 63 7.93725
1811.5 65 8.06226
1812.5 67 8.18535
1813.5 69 8.30662
1814.5 46 6.78233
1815.5 73 8.544
1816.5 64 8
1817.5 86 9.27362
1818.5 64 8
1819.5 58 7.61577
1820.5 64 8
1821.5 67 8.18535
1822.5 65 8.06226
1823.5 59 7.68115
1824.5 74 8.60233
1825.5 76 8.7178
1826.5 64 8
1827.5 55 7.4162
1828.5 56 7.48331
1829.5 59 7.68115
1830.5 43 6.55744
1831.5 48 6.9282
1832.5 85 9.21954
1833.5 68 8.24621
1834.5 65 8.06226
1835.5 63 7.93725
1836.5 64 8
1837.5 64 8
1838.5 68 8.24621
1839.5 73 8.544
1840.5 69 8.30662
1841.5 68 8.24621
1842.5 74 8.60233
1843.5 49 7
1844.5 74 8.60233
1845.5 63 7.93725
1846.5 65 8.06226
1847.5 64 8
1848.5 54 7.34847
1849.5 65 8.06226
1850.5 68 8.24621
1851.5 72 8.48528
1852.5 74 8.60233
1853.5 60 7.74597
1854.5 56 7.48331
1855.5 66 8.12404
1856.5 66 8.12404
1857.5 52 7.2111
1858.5 71 8.42615
1859.5 63 7.93725
1860.5 79 8.88819
1861.5 67 8.18535
1862.5 68 8.24621
1863.5 62 7.87401
1864.5 79 8.88819
1865.5 65 8.06226
1866.5 65 8.06226
1867.5 66 8.12404
1868.5 72 8.48528
1869.5 76 8.7178
1870.5 59 7.68115
1871.5 84 9.16515
1872.5 67 8.18535
1873.5 63 7.93725
1874.5 74 8.60233
1875.5 56 7.48331
1876.5 69 8.30662
1877.5 68 8.24621
1878.5 64 8
1879.5 72 8.48528
1880.5 54 7.34847
1881.5 71 8.42615
1882.5 65 8.06226
1883.5 66 8.12404
1884.5 59 7.68115
1885.5 51 7.14143
1886.5 51 7.14143
1887.5 66 8.12404
1888.5 58 7.61577
1889.5 66 8.12404
1890.5 54 7.34847
1891.5 67 8.18535
1892.5 70 8.3666
1893.5 59 7.68115
1894.5 84 9.16515
1895.5 68 8.24621
1896.5 78 8.83176
1897.5 75 8.66025
1898.5 67 8.18535
1899.5 61 7.81025
1900.5 55 7.4162
1901.5 77 8.77496
1902.5 55 7.4162
1903.5 61 7.81025
1904.5 56 7.48331
1905.5 57 7.54983
1906.5 70 8.3666
1907.5 82 9.05539
1908.5 70 8.3666
1909.5 62 7.87401
1910.5 81 9
1911.5 65 8.06226
1912.5 68 8.24621
1913.5 68 8.24621
1914.5 53 7.28011
1915.5 76 8.7178
1916.5 66 8.12404
1917.5 87 9.32738
1918.5 62 7.87401
1919.5 57 7.54983
1920.5 76 8.7178
1921.5 63 7.93725
1922.5 77 8.77496
1923.5 59 7.68115
1924.5 55 7.4162
1925.5 70 8.3666
1926.5 56 7.48331
1927.5 70 8.3666
1928.5 85 9.21954
1929.5 58 7.61577
1930.5 57 7.54983
1931.5 61 7.81025
1932.5 62 7.87401
1933.5 76 8.7178
1934.5 65 8.06226
1935.5 69 8.30662
1936.5 59 7.68115
1937.5 61 7.81025
1938.5 68 8.24621
1939.5 66 8.12404
1940.5 63 7.93725
1941.5 74 8.60233
1942.5 83 9.11043
1943.5 82 9.05539
1944.5 78 8.83176
1945.5 78 8.83176
1946.5 81 9
1947.5 97 9.84886
1948.5 74 8.60233
1949.5 81 9
1950.5 60 7.74597
1951.5 83 9.11043
1952.5 74 8.60233
1953.5 69 8.30662
1954.5 75 8.66025
1955.5 71 8.42615
1956.5 59 7.68115
1957.5 69 8.30662
1958.5 74 8.60233
1959.5 52 7.2111
1960.5 81 9
1961.5 56 7.48331
1962.5 67 8.18535
1963.5 57 7.54983
1964.5 69 8.30662
1965.5 61 7.81025
1966.5 55 7.4162
1967.5 79 8.88819
1968.5 60 7.74597
1969.5 58 7.61577
1970.5 74 8.60233
1971.5 58 7.61577
1972.5 67 8.18535
1973.5 74 8.60233
1974.5 59 7.68115
1975.5 63 7.93725
1976.5 73 8.544
1977.5 76 8.7178
1978.5 60 7.74597
1979.5 73 8.544
1980.5 67 8.18535
1981.5 64 8
1982.5 63 7.93725
1983.5 70 8.3666
1984.5 63 7.93725
1985.5 60 7.74597
1986.5 67 8.18535
1987.5 64 8
1988.5 68 8.24621
1989.5 63 7.93725
1990.5 55 7.4162
1991.5 60 7.74597
1992.5 55 7.4162
1993.5 63 7.93725
1994.5 64 8
1995.5 65 8.06226
1996.5 48 6.9282
1997.5 73 8.544
1998.5 74 8.60233
1999.5 65 8.06226
2000.5 66 8.12404
2001.5 59 7.68115
2002.5 66 8.12404
2003.5 84 9.16515
2004.5 59 7.68115
2005.5 70 8.3666
2006.5 65 8.06226
2007.5 69 8.30662
2008.5 61 7.81025
2009.5 64 8
2010.5 52 7.2111
2011.5 54 7.34847
2012.5 61 7.81025
2013.5 61 7.81025
2014.5 76 8.7178
2015.5 64 8
2016.5 55 7.4162
2017.5 56 7.48331
2018.5 65 8.06226
2019.5 67 8.18535
2020.5 64 8
2021.5 61 7.81025
2022.5 62 7.87401
2023.5 64 8
2024.5 71 8.42615
2025.5 70 8.3666
2026.5 62 7.87401
2027.5 56 7.48331
2028.5 62 7.87401
2029.5 62 7.87401
2030.5 54 7.34847
2031.5 69 8.30662
2032.5 59 7.68115
2033.5 71 8.42615
2034.5 67 8.18535
2035.5 72 8.48528
2036.5 64 8
2037.5 50 7.07107
2038.5 64 8
2039.5 72 8.48528
2040.5 60 7.74597
2041.5 62 7.87401
2042.5 71 8.42615
2043.5 64 8
2044.5 71 8.42615
2045.5 68 8.24621
2046.5 58 7.61577
2047.5 62 7.87401
2048.5 58 7.61577
2049.5 65 8.06226
2050.5 73 8.544
2051.5 85 9.21954
2052.5 57 7.54983
2053.5 73 8.544
2054.5 68 8.24621
2055.5 65 8.06226
2056.5 64 8
2057.5 75 8.66025
2058.5 81 9
2059.5 62 7.87401
2060.5 64 8
2061.5 56 7.48331
2062.5 54 7.34847
2063.5 74 8.60233
2064.5 71 8.42615
2065.5 61 7.81025
2066.5 70 8.3666
2067.5 72 8.48528
2068.5 59 7.68115
2069.5 48 6.9282
2070.5 49 7
2071.5 65 8.06226
2072.5 52 7.2111
2073.5 66 8.12404
2074.5 54 7.34847
2075.5 78 8.83176
2076.5 63 7.93725
2077.5 61 7.81025
2078.5 49 7
2079.5 61 7.81025
2080.5 61 7.81025
2081.5 58 7.61577
2082.5 64 8
2083.5 75 8.66025
2084.5 55 7.4162
2085.5 45 6.7082
2086.5 58 7.61577
2087.5 58 7.61577
2088.5 53 7.28011
2089.5 58 7.61577
2090.5 61 7.81025
2091.5 70 8.3666
2092.5 78 8.83176
2093.5 71 8.42615
2094.5 53 7.28011
2095.5 57 7.54983
2096.5 63 7.93725
2097.5 65 8.06226
2098.5 51 7.14143
2099.5 68 8.24621
2100.5 84 9.16515
2101.5 55 7.4162
2102.5 66 8.12404
2103.5 55 7.4162
2104.5 64 8
2105.5 84 9.16515
2106.5 60 7.74597
2107.5 60 7.74597
2108.5 62 7.87401
2109.5 53 7.28011
2110.5 78 8.83176
2111.5 55 7.4162
2112.5 66 8.12404
2113.5 54 7.34847
2114.5 71 8.42615
2115.5 60 7.74597
2116.5 63 7.93725
2117.5 64 8
2118.5 64 8
2119.5 62 7.87401
2120.5 65 8.06226
2121.5 58 7.61577
2122.5 70 8.3666
2123.5 64 8
2124.5 63 7.93725
2125.5 58 7.61577
2126.5 66 8.12404
2127.5 70 8.3666
2128.5 66 8.12404
2129.5 71 8.42615
2130.5 67 8.18535
2131.5 40 6.32456
2132.5 69 8.30662
2133.5 65 8.06226
2134.5 56 7.48331
2135.5 78 8.83176
2136.5 58 7.61577
2137.5 55 7.4162
2138.5 56 7.48331
2139.5 52 7.2111
2140.5 56 7.48331
2141.5 67 8.18535
2142.5 76 8.7178
2143.5 71 8.42615
2144.5 58 7.61577
2145.5 61 7.81025
2146.5 63 7.93725
2147.5 64 8
2148.5 69 8.30662
2149.5 59 7.68115
2150.5 71 8.42615
2151.5 53 7.28011
2152.5 56 7.48331
2153.5 65 8.06226
2154.5 59 7.68115
2155.5 71 8.42615
2156.5 65 8.06226
2157.5 64 8
2158.5 58 7.61577
2159.5 59 7.68115
2160.5 58 7.61577
2161.5 64 8
2162.5 74 8.60233
2163.5 69 8.30662
2164.5 46 6.78233
2165.5 58 7.61577
2166.5 71 8.42615
2167.5 58 7.61577
2168.5 67 8.18535
2169.5 67 8.18535
2170.5 62 7.87401
2171.5 59 7.68115
2172.5 80 8.94427
2173.5 78 8.83176
2174.5 58 7.61577
2175.5 53 7.28011
2176.5 66 8.12404
2177.5 57 7.54983
2178.5 64 8
2179.5 65 8.06226
2180.5 64 8
2181.5 68 8.24621
2182.5 60 7.74597
2183.5 47 6.85565
2184.5 72 8.48528
2185.5 70 8.3666
2186.5 61 7.81025
2187.5 64 8
2188.5 60 7.74597
2189.5 65 8.06226
2190.5 68 8.24621
2191.5 45 6.7082
2192.5 52 7.2111
2193.5 69 8.30662
2194.5 61 7.81025
2195.5 74 8.60233
2196.5 62 7.87401
2197.5 64 8
2198.5 64 8
2199.5 58 7.61577
2200.5 62 7.87401
2201.5 65 8.06226
2202.5 62 7.87401
2203.5 76 8.7178
2204.5 69 8.30662
2205.5 53 7.28011
2206.5 66 8.12404
2207.5 67 8.18535
2208.5 77 8.77496
2209.5 68 8.24621
2210.5 57 7.54983
2211.5 66 8.12404
2212.5 79 8.88819
2213.5 57 7.54983
2214.5 54 7.34847
2215.5 78 8.83176
2216.5 61 7.81025
2217.5 58 7.61577
2218.5 76 8.7178
2219.5 73 8.544
2220.5 72 8.48528
2221.5 52 7.2111
2222.5 56 7.48331
2223.5 52 7.2111
2224.5 63 7.93725
2225.5 60 7.74597
2226.5 65 8.06226
2227.5 50 7.07107
2228.5 66 8.12404
2229.5 38 6.16441
2230.5 65 8.06226
2231.5 61 7.81025
2232.5 56 7.48331
2233.5 42 6.48074
2234.5 58 7.61577
2235.5 56 7.48331
2236.5 47 6.85565
2237.5 63 7.93725
2238.5 66 8.12404
2239.5 59 7.68115
2240.5 45 6.7082
2241.5 63 7.93725
2242.5 67 8.18535
2243.5 61 7.81025
2244.5 54 7.34847
2245.5 55 7.4162
2246.5 47 6.85565
2247.5 42 6.48074
2248.5 57 7.54983
2249.5 60 7.74597
2250.5 58 7.61577
2251.5 42 6.48074
2252.5 59 7.68115
2253.5 39 6.245
2254.5 55 7.4162
2255.5 52 7.2111
2256.5 64 8
2257.5 54 7.34847
2258.5 59 7.68115
2259.5 48 6.9282
2260.5 60 7.74597
2261.5 65 8.06226
2262.5 52 7.2111
2263.5 52 7.2111
2264.5 55 7.4162
2265.5 53 7.28011
2266.5 43 6.55744
2267.5 62 7.87401
2268.5 57 7.54983
2269.5 62 7.87401
2270.5 44 6.63325
2271.5 58 7.61577
2272.5 52 7.2111
2273.5 49 7
2274.5 53 7.28011
2275.5 46 6.78233
2276.5 57 7.54983
2277.5 42 6.48074
2278.5 51 7.14143
2279.5 44 6.63325
2280.5 50 7.07107
2281.5 54 7.34847
2282.5 48 6.9282
2283.5 49 7
2284.5 42 6.48074
2285.5 54 7.34847
2286.5 52 7.2111
2287.5 46 6.78233
2288.5 49 7
2289.5 55 7.4162
2290.5 35 5.91608
2291.5 45 6.7082
2292.5 47 6.85565
2293.5 56 7.48331
2294.5 49 7
2295.5 50 7.07107
2296.5 46 6.78233
2297.5 40 6.32456
2298.5 42 6.48074
2299.5 66 8.12404
2300.5 52 7.2111
2301.5 44 6.63325
2302.5 40 6.32456
2303.5 44 6.63325
2304.5 53 7.28011
2305.5 44 6.63325
2306.5 52 7.2111
2307.5 58 7.61577
2308.5 48 6.9282
2309.5 40 6.32456
2310.5 47 6.85565
2311.5 50 7.07107
2312.5 37 6.08276
2313.5 44 6.63325
2314.5 41 6.40312
2315.5 56 7.48331
2316.5 46 6.78233
2317.5 43 6.55744
2318.5 42 6.48074
2319.5 44 6.63325
2320.5 47 6.85565
2321.5 43 6.55744
2322.5 43 6.55744
2323.5 44 6.63325
2324.5 47 6.85565
2325.5 43 6.55744
2326.5 60 7.74597
2327.5 48 6.9282
2328.5 42 6.48074
2329.5 42 6.48074
2330.5 51 7.14143
2331.5 39 6.245
2332.5 40 6.32456
2333.5 45 6.7082
2334.5 54 7.34847
2335.5 46 6.78233
2336.5 53 7.28011
2337.5 43 6.55744
2338.5 59 7.68115
2339.5 41 6.40312
2340.5 33 5.74456
2341.5 50 7.07107
2342.5 41 6.40312
2343.5 41 6.40312
2344.5 23 4.79583
2345.5 37 6.08276
2346.5 53 7.28011
2347.5 43 6.55744
2348.5 50 7.07107
2349.5 56 7.48331
2350.5 39 6.245
2351.5 51 7.14143
2352.5 34 5.83095
2353.5 48 6.9282
2354.5 30 5.47723
2355.5 39 6.245
2356.5 40 6.32456
2357.5 43 6.55744
2358.5 32 5.65685
2359.5 49 7
2360.5 47 6.85565
2361.5 34 5.83095
2362.5 48 6.9282
2363.5 45 6.7082
2364.5 42 6.48074
2365.5 48 6.9282
2366.5 60 7.74597
2367.5 52 7.2111
2368.5 40 6.32456
2369.5 40 6.32456
2370.5 46 6.78233
2371.5 43 6.55744
2372.5 47 6.85565
2373.5 45 6.7082
2374.5 46 6.78233
2375.5 49 7
2376.5 47 6.85565
2377.5 40 6.32456
2378.5 43 6.55744
2379.5 40 6.32456
2380.5 36 6
2381.5 43 6.55744
2382.5 47 6.85565
2383.5 41 6.40312
2384.5 31 5.56776
2385.5 36 6
2386.5 43 6.55744
2387.5 44 6.63325
2388.5 35 5.91608
2389.5 43 6.55744
2390.5 47 6.85565
2391.5 43 6.55744
2392.5 54 7.34847
2393.5 37 6.08276
2394.5 41 6.40312
2395.5 32 5.65685
2396.5 37 6.08276
2397.5 47 6.85565
2398.5 46 6.78233
2399.5 36 6
2400.5 48 6.9282
2401.5 35 5.91608
2402.5 35 5.91608
2403.5 40 6.32456
2404.5 40 6.32456
2405.5 42 6.48074
2406.5 46 6.78233
2407.5 58 7.61577
2408.5 35 5.91608
2409.5 43 6.55744
2410.5 47 6.85565
2411.5 41 6.40312
2412.5 44 6.63325
2413.5 40 6.32456
2414.5 47 6.85565
2415.5 31 5.56776
2416.5 32 5.65685
2417.5 34 5.83095
2418.5 45 6.7082
2419.5 41 6.40312
2420.5 32 5.65685
2421.5 52 7.2111
2422.5 26 5.09902
2423.5 53 7.28011
2424.5 37 6.08276
2425.5 53 7.28011
2426.5 47 6.85565
2427.5 35 5.91608
2428.5 36 6
2429.5 34 5.83095
2430.5 37 6.08276
2431.5 46 6.78233
2432.5 31 5.56776
2433.5 40 6.32456
2434.5 31 5.56776
2435.5 36 6
2436.5 30 5.47723
2437.5 35 5.91608
2438.5 35 5.91608
2439.5 35 5.91608
2440.5 42 6.48074
2441.5 46 6.78233
2442.5 38 6.16441
2443.5 34 5.83095
2444.5 35 5.91608
2445.5 38 6.16441
2446.5 32 5.65685
2447.5 42 6.48074
2448.5 44 6.63325
2449.5 43 6.55744
2450.5 48 6.9282
2451.5 30 5.47723
2452.5 40 6.32456
2453.5 25 5
2454.5 31 5.56776
2455.5 42 6.48074
2456.5 39 6.245
2457.5 42 6.48074
2458.5 56 7.48331
2459.5 39 6.245
2460.5 37 6.08276
2461.5 36 6
2462.5 34 5.83095
2463.5 37 6.08276
2464.5 38 6.16441
2465.5 41 6.40312
2466.5 37 6.08276
2467.5 49 7
2468.5 32 5.65685
2469.5 29 5.38516
2470.5 40 6.32456
2471.5 36 6
2472.5 36 6
2473.5 35 5.91608
2474.5 40 6.32456
2475.5 40 6.32456
2476.5 29 5.38516
2477.5 41 6.40312
2478.5 49 7
2479.5 42 6.48074
2480.5 38 6.16441
2481.5 25 5
2482.5 33 5.74456
2483.5 34 5.83095
2484.5 30 5.47723
2485.5 35 5.91608
2486.5 44 6.63325
2487.5 38 6.16441
2488.5 39 6.245
2489.5 54 7.34847
2490.5 41 6.40312
2491.5 30 5.47723
2492.5 51 7.14143
2493.5 37 6.08276
2494.5 30 5.47723
2495.5 27 5.19615
2496.5 35 5.91608
2497.5 27 5.19615
2498.5 21 4.58258
2499.5 47 6.85565
2500.5 43 6.55744
2501.5 37 6.08276
2502.5 39 6.245
2503.5 38 6.16441
2504.5 37 6.08276
2505.5 37 6.08276
2506.5 33 5.74456
2507.5 36 6
2508.5 34 5.83095
2509.5 29 5.38516
2510.5 43 6.55744
2511.5 35 5.91608
2512.5 33 5.74456
2513.5 45 6.7082
2514.5 38 6.16441
2515.5 28 5.2915
2516.5 34 5.83095
2517.5 29 5.38516
2518.5 41 6.40312
2519.5 35 5.91608
2520.5 37 6.08276
2521.5 34 5.83095
2522.5 29 5.38516
2523.5 29 5.38516
2524.5 34 5.83095
2525.5 41 6.40312
2526.5 32 5.65685
2527.5 24 4.89898
2528.5 31 5.56776
2529.5 39 6.245
2530.5 40 6.32456
2531.5 25 5
2532.5 40 6.32456
2533.5 31 5.56776
2534.5 28 5.2915
2535.5 36 6
2536.5 43 6.55744
2537.5 31 5.56776
2538.5 35 5.91608
2539.5 34 5.83095
2540.5 38 6.16441
2541.5 34 5.83095
2542.5 33 5.74456
2543.5 34 5.83095
2544.5 29 5.38516
2545.5 35 5.91608
2546.5 40 6.32456
2547.5 34 5.83095
2548.5 26 5.09902
2549.5 35 5.91608
2550.5 37 6.08276
2551.5 34 5.83095
2552.5 31 5.56776
2553.5 37 6.08276
2554.5 34 5.83095
2555.5 37 6.08276
2556.5 38 6.16441
2557.5 30 5.47723
2558.5 32 5.65685
2559.5 24 4.89898
2560.5 26 5.09902
2561.5 33 5.74456
2562.5 34 5.83095
2563.5 40 6.32456
2564.5 33 5.74456
2565.5 38 6.16441
2566.5 40 6.32456
2567.5 39 6.245
2568.5 37 6.08276
2569.5 29 5.38516
2570.5 43 6.55744
2571.5 31 5.56776
2572.5 38 6.16441
2573.5 33 5.74456
2574.5 40 6.32456
2575.5 41 6.40312
2576.5 30 5.47723
2577.5 25 5
2578.5 31 5.56776
2579.5 49 7
2580.5 29 5.38516
2581.5 31 5.56776
2582.5 28 5.2915
2583.5 34 5.83095
2584.5 20 4.47214
2585.5 32 5.65685
2586.5 32 5.65685
2587.5 33 5.74456
2588.5 44 6.63325
2589.5 26 5.09902
2590.5 32 5.65685
2591.5 25 5
2592.5 33 5.74456
2593.5 36 6
2594.5 41 6.40312
2595.5 35 5.91608
2596.5 33 5.74456
2597.5 34 5.83095
2598.5 36 6
2599.5 43 6.55744
2600.5 33 5.74456
2601.5 24 4.89898
2602.5 31 5.56776
2603.5 32 5.65685
2604.5 25 5
2605.5 41 6.40312
2606.5 36 6
2607.5 34 5.83095
2608.5 29 5.38516
2609.5 31 5.56776
2610.5 33 5.74456
2611.5 25 5
2612.5 39 6.245
2613.5 44 6.63325
2614.5 29 5.38516
2615.5 25 5
2616.5 31 5.56776
2617.5 18 4.24264
2618.5 25 5
2619.5 29 5.38516
2620.5 27 5.19615
2621.5 34 5.83095
2622.5 30 5.47723
2623.5 32 5.65685
2624.5 28 5.2915
2625.5 29 5.38516
2626.5 30 5.47723
2627.5 28 5.2915
2628.5 40 6.32456
2629.5 33 5.74456
2630.5 23 4.79583
2631.5 33 5.74456
2632.5 31 5.56776
2633.5 20 4.47214
2634.5 36 6
2635.5 36 6
2636.5 36 6
2637.5 31 5.56776
2638.5 27 5.19615
2639.5 31 5.56776
2640.5 28 5.2915
2641.5 32 5.65685
2642.5 25 5
2643.5 29 5.38516
2644.5 25 5
2645.5 27 5.19615
2646.5 29 5.38516
2647.5 27 5.19615
2648.5 32 5.65685
2649.5 32 5.65685
2650.5 34 5.83095
2651.5 25 5
2652.5 20 4.47214
2653.5 32 5.65685
2654.5 31 5.56776
2655.5 30 5.47723
2656.5 24 4.89898
2657.5 27 5.19615
2658.5 24 4.89898
2659.5 30 5.47723
2660.5 25 5
2661.5 35 5.91608
2662.5 29 5.38516
2663.5 34 5.83095
2664.5 27 5.19615
2665.5 36 6
2666.5 33 5.74456
2667.5 40 6.32456
2668.5 29 5.38516
2669.5 19 4.3589
2670.5 27 5.19615
2671.5 27 5.19615
2672.5 29 5.38516
2673.5 27 5.19615
2674.5 26 5.09902
2675.5 29 5.38516
2676.5 30 5.47723
2677.5 30 5.47723
2678.5 32 5.65685
2679.5 29 5.38516
2680.5 26 5.09902
2681.5 25 5
2682.5 29 5.38516
2683.5 32 5.65685
2684.5 22 4.69042
2685.5 21 4.58258
2686.5 17 4.12311
2687.5 34 5.83095
2688.5 20 4.47214
2689.5 21 4.58258
2690.5 26 5.09902
2691.5 26 5.09902
2692.5 38 6.16441
2693.5 25 5
2694.5 25 5
2695.5 25 5
2696.5 20 4.47214
2697.5 34 5.83095
2698.5 28 5.2915
2699.5 28 5.2915
2700.5 19 4.3589
2701.5 31 5.56776
2702.5 28 5.2915
2703.5 30 5.47723
2704.5 25 5
2705.5 37 6.08276
2706.5 29 5.38516
2707.5 34 5.83095
2708.5 33 5.74456
2709.5 31 5.56776
2710.5 37 6.08276
2711.5 26 5.09902
2712.5 28 5.2915
2713.5 28 5.2915
2714.5 35 5.91608
2715.5 38 6.16441
2716.5 33 5.74456
2717.5 24 4.89898
2718.5 24 4.89898
2719.5 33 5.74456
2720.5 30 5.47723
2721.5 24 4.89898
2722.5 27 5.19615
2723.5 22 4.69042
2724.5 33 5.74456
2725.5 29 5.38516
2726.5 35 5.91608
2727.5 35 5.91608
2728.5 27 5.19615
2729.5 32 5.65685
2730.5 28 5.2915
2731.5 30 5.47723
2732.5 24 4.89898
2733.5 24 4.89898
2734.5 23 4.79583
2735.5 21 4.58258
2736.5 19 4.3589
2737.5 23 4.79583
2738.5 22 4.69042
2739.5 30 5.47723
2740.5 21 4.58258
2741.5 29 5.38516
2742.5 24 4.89898
2743.5 18 4.24264
2744.5 27 5.19615
2745.5 44 6.63325
2746.5 20 4.47214
2747.5 20 4.47214
2748.5 22 4.69042
2749.5 22 4.69042
2750.5 28 5.2915
2751.5 23 4.79583
2752.5 17 4.12311
2753.5 21 4.58258
2754.5 28 5.2915
2755.5 31 5.56776
2756.5 21 4.58258
2757.5 34 5.83095
2758.5 24 4.89898
2759.5 23 4.79583
2760.5 31 5.56776
2761.5 26 5.09902
2762.5 19 4.3589
2763.5 33 5.74456
2764.5 19 4.3589
2765.5 29 5.38516
2766.5 28 5.2915
2767.5 27 5.19615
2768.5 28 5.2915
2769.5 25 5
2770.5 21 4.58258
2771.5 30 5.47723
2772.5 25 5
2773.5 22 4.69042
2774.5 25 5
2775.5 34 5.83095
2776.5 26 5.09902
2777.5 27 5.19615
2778.5 27 5.19615
2779.5 23 4.79583
2780.5 19 4.3589
2781.5 17 4.12311
2782.5 29 5.38516
2783.5 15 3.87298
2784.5 25 5
2785.5 22 4.69042
2786.5 18 4.24264
2787.5 28 5.2915
2788.5 34 5.83095
2789.5 35 5.91608
2790.5 19 4.3589
2791.5 28 5.2915
2792.5 18 4.24264
2793.5 22 4.69042
2794.5 30 5.47723
2795.5 37 6.08276
2796.5 28 5.2915
2797.5 22 4.69042
2798.5 30 5.47723
2799.5 25 5
2800.5 27 5.19615
2801.5 32 5.65685
2802.5 21 4.58258
2803.5 21 4.58258
2804.5 25 5
2805.5 23 4.79583
2806.5 29 5.38516
2807.5 23 4.79583
2808.5 27 5.19615
2809.5 34 5.83095
2810.5 24 4.89898
2811.5 24 4.89898
2812.5 28 5.2915
2813.5 34 5.83095
2814.5 37 6.08276
2815.5 29 5.38516
2816.5 21 4.58258
2817.5 41 6.40312
2818.5 30 5.47723
2819.5 43 6.55744
2820.5 46 6.78233
2821.5 48 6.9282
2822.5 48 6.9282
2823.5 44 6.63325
2824.5 46 6.78233
2825.5 51 7.14143
2826.5 73 8.544
2827.5 74 8.60233
2828.5 73 8.544
2829.5 65 8.06226
2830.5 60 7.74597
2831.5 70 8.3666
2832.5 67 8.18535
2833.5 60 7.74597
2834.5 62 7.87401
2835.5 63 7.93725
2836.5 58 7.61577
2837.5 46 6.78233
2838.5 45 6.7082
2839.5 53 7.28011
2840.5 37 6.08276
2841.5 35 5.91608
2842.5 34 5.83095
2843.5 35 5.91608
2844.5 32 5.65685
2845.5 24 4.89898
2846.5 25 5
2847.5 15 3.87298
2848.5 31 5.56776
2849.5 22 4.69042
2850.5 24 4.89898
2851.5 27 5.19615
2852.5 32 5.65685
2853.5 27 5.19615
2854.5 17 4.12311
2855.5 16 4
2856.5 22 4.69042
2857.5 20 4.47214
2858.5 21 4.58258
2859.5 16 4
2860.5 21 4.58258
2861.5 20 4.47214
2862.5 24 4.89898
2863.5 26 5.09902
2864.5 18 4.24264
2865.5 17 4.12311
2866.5 14 3.74166
2867.5 26 5.09902
2868.5 18 4.24264
2869.5 23 4.79583
2870.5 20 4.47214
2871.5 28 5.2915
2872.5 19 4.3589
2873.5 17 4.12311
2874.5 16 4
2875.5 30 5.47723
2876.5 30 5.47723
2877.5 23 4.79583
2878.5 16 4
2879.5 17 4.12311
2880.5 24 4.89898
2881.5 28 5.2915
2882.5 26 5.09902
2883.5 31 5.56776
2884.5 25 5
2885.5 19 4.3589
2886.5 23 4.79583
2887.5 16 4
2888.5 20 4.47214
2889.5 15 3.87298
2890.5 23 4.79583
2891.5 16 4
2892.5 24 4.89898
2893.5 23 4.79583
2894.5 23 4.79583
2895.5 20 4.47214
2896.5 13 3.60555
2897.5 16 4
2898.5 21 4.58258
2899.5 17 4.12311
2900.5 23 4.79583
2901.5 19 4.3589
2902.5 25 5
2903.5 20 4.47214
2904.5 27 5.19615
2905.5 19 4.3589
2906.5 22 4.69042
2907.5 25 5
2908.5 25 5
2909.5 28 5.2915
2910.5 23 4.79583
2911.5 10 3.16228
2912.5 24 4.89898
2913.5 11 3.31662
2914.5 19 4.3589
2915.5 18 4.24264
2916.5 14 3.74166
2917.5 21 4.58258
2918.5 28 5.2915
2919.5 24 4.89898
2920.5 18 4.24264
2921.5 25 5
2922.5 24 4.89898
2923.5 23 4.79583
2924.5 17 4.12311
2925.5 23 4.79583
2926.5 21 4.58258
2927.5 13 3.60555
2928.5 26 5.09902
2929.5 23 4.79583
2930.5 20 4.47214
2931.5 21 4.58258
2932.5 20 4.47214
2933.5 18 4.24264
2934.5 22 4.69042
2935.5 23 4.79583
2936.5 22 4.69042
2937.5 28 5.2915
2938.5 20 4.47214
2939.5 13 3.60555
2940.5 22 4.69042
2941.5 23 4.79583
2942.5 19 4.3589
2943.5 20 4.47214
2944.5 25 5
2945.5 17 4.12311
2946.5 27 5.19615
2947.5 21 4.58258
2948.5 21 4.58258
2949.5 36 6
2950.5 23 4.79583
2951.5 13 3.60555
2952.5 22 4.69042
2953.5 16 4
2954.5 20 4.47214
2955.5 24 4.89898
2956.5 14 3.74166
2957.5 18 4.24264
2958.5 21 4.58258
2959.5 19 4.3589
2960.5 20 4.47214
2961.5 17 4.12311
2962.5 22 4.69042
2963.5 18 4.24264
2964.5 18 4.24264
2965.5 10 3.16228
2966.5 16 4
2967.5 20 4.47214
2968.5 23 4.79583
2969.5 21 4.58258
2970.5 11 3.31662
2971.5 16 4
2972.5 22 4.69042
2973.5 26 5.09902
2974.5 17 4.12311
2975.5 15 3.87298
2976.5 18 4.24264
2977.5 16 4
2978.5 18 4.24264
2979.5 23 4.79583
2980.5 30 5.47723
2981.5 14 3.74166
2982.5 19 4.3589
2983.5 27 5.19615
2984.5 17 4.12311
2985.5 11 3.31662
2986.5 16 4
2987.5 19 4.3589
2988.5 8 2.82843
2989.5 20 4.47214
2990.5 18 4.24264
2991.5 16 4
2992.5 13 3.60555
2993.5 11 3.31662
2994.5 16 4
2995.5 25 5
2996.5 22 4.69042
2997.5 27 5.19615
2998.5 22 4.69042
2999.5 24 4.89898
3000.5 22 4.69042
3001.5 23 4.79583
3002.5 19 4.3589
3003.5 27 5.19615
3004.5 18 4.24264
3005.5 14 3.74166
3006.5 19 4.3589
3007.5 18 4.24264
3008.5 21 4.58258
3009.5 20 4.47214
3010.5 20 4.47214
3011.5 23 4.79583
3012.5 18 4.24264
3013.5 26 5.09902
3014.5 15 3.87298
3015.5 14 3.74166
3016.5 12 3.4641
3017.5 12 3.4641
3018.5 22 4.69042
3019.5 22 4.69042
3020.5 16 4
3021.5 24 4.89898
3022.5 17 4.12311
3023.5 22 4.69042
3024.5 26 5.09902
3025.5 21 4.58258
3026.5 24 4.89898
3027.5 22 4.69042
3028.5 18 4.24264
3029.5 17 4.12311
3030.5 11 3.31662
3031.5 11 3.31662
3032.5 21 4.58258
3033.5 22 4.69042
3034.5 19 4.3589
3035.5 20 4.47214
3036.5 12 3.4641
3037.5 19 4.3589
3038.5 20 4.47214
3039.5 21 4.58258
3040.5 21 4.58258
3041.5 23 4.79583
3042.5 20 4.47214
3043.5 16 4
3044.5 18 4.24264
3045.5 14 3.74166
3046.5 26 5.09902
3047.5 14 3.74166
3048.5 16 4
3049.5 17 4.12311
3050.5 26 5.09902
3051.5 18 4.24264
3052.5 18 4.24264
3053.5 14 3.74166
3054.5 28 5.2915
3055.5 18 4.24264
3056.5 25 5
3057.5 18 4.24264
3058.5 21 4.58258
3059.5 17 4.12311
3060.5 15 3.87298
3061.5 22 4.69042
3062.5 16 4
3063.5 17 4.12311
3064.5 14 3.74166
3065.5 14 3.74166
3066.5 18 4.24264
3067.5 20 4.47214
3068.5 13 3.60555
3069.5 20 4.47214
3070.5 14 3.74166
3071.5 25 5
3072.5 18 4.24264
3073.5 12 3.4641
3074.5 16 4
3075.5 17 4.12311
3076.5 23 4.79583
3077.5 19 4.3589
3078.5 27 5.19615
3079.5 21 4.58258
3080.5 19 4.3589
3081.5 20 4.47214
3082.5 18 4.24264
3083.5 22 4.69042
3084.5 22 4.69042
3085.5 18 4.24264
3086.5 19 4.3589
3087.5 13 3.60555
3088.5 21 4.58258
3089.5 15 3.87298
3090.5 11 3.31662
3091.5 21 4.58258
3092.5 17 4.12311
3093.5 16 4
3094.5 19 4.3589
3095.5 17 4.12311
3096.5 20 4.47214
3097.5 18 4.24264
3098.5 11 3.31662
3099.5 19 4.3589
3100.5 14 3.74166
3101.5 19 4.3589
3102.5 26 5.09902
3103.5 21 4.58258
3104.5 17 4.12311
3105.5 10 3.16228
3106.5 23 4.79583
3107.5 19 4.3589
3108.5 14 3.74166
3109.5 16 4
3110.5 22 4.69042
3111.5 23 4.79583
3112.5 16 4
3113.5 29 5.38516
3114.5 21 4.58258
3115.5 31 5.56776
3116.5 32 5.65685
3117.5 36 6
3118.5 42 6.48074
3119.5 54 7.34847
3120.5 75 8.66025
3121.5 107 10.3441
3122.5 128 11.3137
3123.5 135 11.619
3124.5 185 13.6015
3125.5 207 14.3875
3126.5 215 14.6629
3127.5 226 15.0333
3128.5 272 16.4924
3129.5 204 14.2829
3130.5 218 14.7648
3131.5 188 13.7113
3132.5 151 12.2882
3133.5 133 11.5326
3134.5 106 10.2956
3135.5 73 8.544
3136.5 57 7.54983
3137.5 49 7
3138.5 30 5.47723
3139.5 22 4.69042
3140.5 21 4.58258
3141.5 20 4.47214
3142.5 14 3.74166
3143.5 13 3.60555
3144.5 18 4.24264
3145.5 15 3.87298
3146.5 12 3.4641
3147.5 14 3.74166
3148.5 21 4.58258
3149.5 15 3.87298
3150.5 15 3.87298
3151.5 18 4.24264
3152.5 18 4.24264
3153.5 21 4.58258
3154.5 22 4.69042
3155.5 18 4.24264
3156.5 12 3.4641
3157.5 15 3.87298
3158.5 10 3.16228
3159.5 19 4.3589
3160.5 11 3.31662
3161.5 21 4.58258
3162.5 17 4.12311
3163.5 16 4
3164.5 16 4
3165.5 19 4.3589
3166.5 13 3.60555
3167.5 15 3.87298
3168.5 20 4.47214
3169.5 14 3.74166
3170.5 17 4.12311
3171.5 19 4.3589
3172.5 16 4
3173.5 21 4.58258
3174.5 19 4.3589
3175.5 17 4.12311
3176.5 18 4.24264
3177.5 20 4.47214
3178.5 22 4.69042
3179.5 18 4.24264
3180.5 21 4.58258
3181.5 16 4
3182.5 13 3.60555
3183.5 26 5.09902
3184.5 22 4.69042
3185.5 15 3.87298
3186.5 13 3.60555
3187.5 18 4.24264
3188.5 23 4.79583
3189.5 12 3.4641
3190.5 14 3.74166
3191.5 13 3.60555
3192.5 23 4.79583
3193.5 19 4.3589
3194.5 17 4.12311
3195.5 15 3.87298
3196.5 21 4.58258
3197.5 13 3.60555
3198.5 23 4.79583
3199.5 18 4.24264
3200.5 20 4.47214
3201.5 17 4.12311
3202.5 15 3.87298
3203.5 17 4.12311
3204.5 31 5.56776
3205.5 21 4.58258
3206.5 16 4
3207.5 20 4.47214
3208.5 14 3.74166
3209.5 22 4.69042
3210.5 19 4.3589
3211.5 13 3.60555
3212.5 21 4.58258
3213.5 14 3.74166
3214.5 12 3.4641
3215.5 14 3.74166
3216.5 14 3.74166
3217.5 24 4.89898
3218.5 21 4.58258
3219.5 18 4.24264
3220.5 14 3.74166
3221.5 17 4.12311
3222.5 23 4.79583
3223.5 17 4.12311
3224.5 25 5
3225.5 25 5
3226.5 22 4.69042
3227.5 26 5.09902
3228.5 35 5.91608
3229.5 32 5.65685
3230.5 48 6.9282
3231.5 63 7.93725
3232.5 58 7.61577
3233.5 86 9.27362
3234.5 126 11.225
3235.5 191 13.8203
3236.5 249 15.7797
3237.5 334 18.2757
3238.5 421 20.5183
3239.5 557 23.6008
3240.5 697 26.4008
3241.5 846 29.0861
3242.5 968 31.1127
3243.5 1194 34.5543
3244.5 1222 34.9571
3245.5 1254 35.4119
3246.5 1245 35.2846
3247.5 1156 34
3248.5 1045 32.3265
3249.5 940 30.6594
3250.5 778 27.8927
3251.5 562 23.7065
3252.5 468 21.6333
3253.5 321 17.9165
3254.5 216 14.6969
3255.5 144 12
3256.5 82 9.05539
3257.5 63 7.93725
3258.5 35 5.91608
3259.5 35 5.91608
3260.5 22 4.69042
3261.5 12 3.4641
3262.5 20 4.47214
3263.5 15 3.87298
3264.5 18 4.24264
3265.5 13 3.60555
3266.5 14 3.74166
3267.5 16 4
3268.5 16 4
3269.5 12 3.4641
3270.5 21 4.58258
3271.5 14 3.74166
3272.5 15 3.87298
3273.5 19 4.3589
3274.5 13 3.60555
3275.5 13 3.60555
3276.5 7 2.64575
3277.5 15 3.87298
3278.5 15 3.87298
3279.5 18 4.24264
3280.5 14 3.74166
3281.5 9 3
3282.5 13 3.60555
3283.5 21 4.58258
3284.5 16 4
3285.5 15 3.87298
3286.5 22 4.69042
3287.5 15 3.87298
3288.5 9 3
3289.5 16 4
3290.5 12 3.4641
3291.5 13 3.60555
3292.5 13 3.60555
3293.5 11 3.31662
3294.5 8 2.82843
3295.5 16 4
3296.5 9 3
3297.5 17 4.12311
3298.5 15 3.87298
3299.5 11 3.31662
3300.5 9 3
3301.5 18 4.24264
3302.5 22 4.69042
3303.5 14 3.74166
3304.5 23 4.79583
3305.5 8 2.82843
3306.5 11 3.31662
3307.5 14 3.74166
3308.5 11 3.31662
3309.5 11 3.31662
3310.5 8 2.82843
3311.5 10 3.16228
3312.5 15 3.87298
3313.5 18 4.24264
3314.5 11 3.31662
3315.5 17 4.12311
3316.5 10 3.16228
3317.5 6 2.44949
3318.5 19 4.3589
3319.5 18 4.24264
3320.5 20 4.47214
3321.5 15 3.87298
3322.5 16 4
3323.5 4 2
3324.5 23 4.79583
3325.5 9 3
3326.5 17 4.12311
3327.5 16 4
3328.5 10 3.16228
3329.5 15 3.87298
3330.5 12 3.4641
3331.5 13 3.60555
3332.5 11 3.31662
3333.5 12 3.4641
3334.5 9 3
3335.5 17 4.12311
3336.5 11 3.31662
3337.5 9 3
3338.5 11 3.31662
3339.5 18 4.24264
3340.5 16 4
3341.5 12 3.4641
3342.5 14 3.74166
3343.5 8 2.82843
3344.5 13 3.60555
3345.5 13 3.60555
3346.5 19 4.3589
3347.5 8 2.82843
3348.5 11 3.31662
3349.5 12 3.4641
3350.5 14 3.74166
3351.5 14 3.74166
3352.5 20 4.47214
3353.5 11 3.31662
3354.5 13 3.60555
3355.5 14 3.74166
3356.5 10 3.16228
3357.5 7 2.64575
3358.5 12 3.4641
3359.5 13 3.60555
3360.5 10 3.16228
3361.5 16 4
3362.5 13 3.60555
3363.5 19 4.3589
3364.5 14 3.74166
3365.5 15 3.87298
3366.5 20 4.47214
3367.5 18 4.24264
3368.5 25 5
3369.5 19 4.3589
3370.5 28 5.2915
3371.5 21 4.58258
3372.5 19 4.3589
3373.5 39 6.245
3374.5 27 5.19615
3375.5 16 4
3376.5 31 5.56776
3377.5 27 5.19615
3378.5 25 5
3379.5 13 3.60555
3380.5 19 4.3589
3381.5 17 4.12311
3382.5 14 3.74166
3383.5 13 3.60555
3384.5 14 3.74166
3385.5 9 3
3386.5 12 3.4641
3387.5 17 4.12311
3388.5 14 3.74166
3389.5 16 4
3390.5 13 3.60555
3391.5 4 2
3392.5 13 3.60555
3393.5 10 3.16228
3394.5 13 3.60555
3395.5 7 2.64575
3396.5 9 3
3397.5 13 3.60555
3398.5 9 3
3399.5 10 3.16228
3400.5 18 4.24264
3401.5 9 3
3402.5 14 3.74166
3403.5 5 2.23607
3404.5 13 3.60555
3405.5 17 4.12311
3406.5 11 3.31662
3407.5 9 3
3408.5 14 3.74166
3409.5 12 3.4641
3410.5 14 3.74166
3411.5 13 3.60555
3412.5 13 3.60555
3413.5 13 3.60555
3414.5 11 3.31662
3415.5 9 3
3416.5 15 3.87298
3417.5 10 3.16228
3418.5 13 3.60555
3419.5 10 3.16228
3420.5 10 3.16228
3421.5 16 4
3422.5 11 3.31662
3423.5 12 3.4641
3424.5 15 3.87298
3425.5 9 3
3426.5 13 3.60555
3427.5 15 3.87298
3428.5 13 3.60555
3429.5 11 3.31662
3430.5 15 3.87298
3431.5 10 3.16228
3432.5 13 3.60555
3433.5 10 3.16228
3434.5 17 4.12311
3435.5 12 3.4641
3436.5 15 3.87298
3437.5 9 3
3438.5 7 2.64575
3439.5 9 3
3440.5 9 3
3441.5 14 3.74166
3442.5 11 3.31662
3443.5 14 3.74166
3444.5 18 4.24264
3445.5 15 3.87298
3446.5 13 3.60555
3447.5 9 3
3448.5 8 2.82843
3449.5 12 3.4641
3450.5 12 3.4641
3451.5 9 3
3452.5 5 2.23607
3453.5 10 3.16228
3454.5 15 3.87298
3455.5 9 3
3456.5 11 3.31662
3457.5 11 3.31662
3458.5 9 3
3459.5 6 2.44949
3460.5 10 3.16228
3461.5 7 2.64575
3462.5 15 3.87298
3463.5 10 3.16228
3464.5 15 3.87298
3465.5 12 3.4641
3466.5 11 3.31662
3467.5 10 3.16228
3468.5 11 3.31662
3469.5 5 2.23607
3470.5 15 3.87298
3471.5 9 3
3472.5 13 3.60555
3473.5 19 4.3589
3474.5 11 3.31662
3475.5 9 3
3476.5 13 3.60555
3477.5 14 3.74166
3478.5 10 3.16228
3479.5 8 2.82843
3480.5 12 3.4641
3481.5 11 3.31662
3482.5 14 3.74166
3483.5 14 3.74166
3484.5 10 3.16228
3485.5 21 4.58258
3486.5 13 3.60555
3487.5 14 3.74166
3488.5 15 3.87298
3489.5 14 3.74166
3490.5 9 3
3491.5 18 4.24264
3492.5 8 2.82843
3493.5 12 3.4641
3494.5 10 3.16228
3495.5 13 3.60555
3496.5 17 4.12311
3497.5 19 4.3589
3498.5 14 3.74166
3499.5 14 3.74166
3500.5 13 3.60555
3501.5 14 3.74166
3502.5 5 2.23607
3503.5 9 3
3504.5 9 3
3505.5 14 3.74166
3506.5 11 3.31662
3507.5 9 3
3508.5 18 4.24264
3509.5 11 3.31662
3510.5 10 3.16228
3511.5 16 4
3512.5 8 2.82843
3513.5 16 4
3514.5 7 2.64575
3515.5 9 3
3516.5 13 3.60555
3517.5 8 2.82843
3518.5 10 3.16228
3519.5 14 3.74166
3520.5 11 3.31662
3521.5 10 3.16228
3522.5 20 4.47214
3523.5 11 3.31662
3524.5 15 3.87298
3525.5 12 3.4641
3526.5 9 3
3527.5 16 4
3528.5 15 3.87298
3529.5 14 3.74166
3530.5 15 3.87298
3531.5 8 2.82843
3532.5 14 3.74166
3533.5 17 4.12311
3534.5 8 2.82843
3535.5 14 3.74166
3536.5 9 3
3537.5 11 3.31662
3538.5 11 3.31662
3539.5 9 3
3540.5 11 3.31662
3541.5 11 3.31662
3542.5 8 2.82843
3543.5 13 3.60555
3544.5 12 3.4641
3545.5 11 3.31662
3546.5 16 4
3547.5 16 4
3548.5 7 2.64575
3549.5 20 4.47214
3550.5 12 3.4641
3551.5 4 2
3552.5 16 4
3553.5 14 3.74166
3554.5 13 3.60555
3555.5 10 3.16228
3556.5 10 3.16228
3557.5 9 3
3558.5 15 3.87298
3559.5 10 3.16228
3560.5 9 3
3561.5 15 3.87298
3562.5 7 2.64575
3563.5 12 3.4641
3564.5 10 3.16228
3565.5 16 4
3566.5 8 2.82843
3567.5 12 3.4641
3568.5 7 2.64575
3569.5 7 2.64575
3570.5 9 3
3571.5 12 3.4641
3572.5 13 3.60555
3573.5 8 2.82843
3574.5 12 3.4641
3575.5 12 3.4641
3576.5 5 2.23607
3577.5 10 3.16228
3578.5 14 3.74166
3579.5 14 3.74166
3580.5 7 2.64575
3581.5 11 3.31662
3582.5 14 3.74166
3583.5 15 3.87298
3584.5 14 3.74166
3585.5 11 3.31662
3586.5 6 2.44949
3587.5 15 3.87298
3588.5 9 3
3589.5 7 2.64575
3590.5 8 2.82843
3591.5 11 3.31662
3592.5 13 3.60555
3593.5 10 3.16228
3594.5 14 3.74166
3595.5 11 3.31662
3596.5 11 3.31662
3597.5 14 3.74166
3598.5 10 3.16228
3599.5 8 2.82843
3600.5 10 3.16228
3601.5 6 2.44949
3602.5 19 4.3589
3603.5 7 2.64575
3604.5 12 3.4641
3605.5 12 3.4641
3606.5 9 3
3607.5 9 3
3608.5 13 3.60555
3609.5 7 2.64575
3610.5 13 3.60555
3611.5 6 2.44949
3612.5 17 4.12311
3613.5 14 3.74166
3614.5 16 4
3615.5 10 3.16228
3616.5 9 3
3617.5 12 3.4641
3618.5 8 2.82843
3619.5 10 3.16228
3620.5 10 3.16228
3621.5 10 3.16228
3622.5 12 3.4641
3623.5 13 3.60555
3624.5 10 3.16228
3625.5 5 2.23607
3626.5 6 2.44949
3627.5 10 3.16228
3628.5 16 4
3629.5 9 3
3630.5 10 3.16228
3631.5 13 3.60555
3632.5 16 4
3633.5 9 3
3634.5 15 3.87298
3635.5 10 3.16228
3636.5 10 3.16228
3637.5 11 3.31662
3638.5 9 3
3639.5 11 3.31662
3640.5 8 2.82843
3641.5 8 2.82843
3642.5 14 3.74166
3643.5 15 3.87298
3644.5 15 3.87298
3645.5 11 3.31662
3646.5 19 4.3589
3647.5 13 3.60555
3648.5 13 3.60555
3649.5 9 3
3650.5 12 3.4641
3651.5 17 4.12311
3652.5 16 4
3653.5 10 3.16228
3654.5 10 3.16228
3655.5 5 2.23607
3656.5 16 4
3657.5 17 4.12311
3658.5 11 3.31662
3659.5 10 3.16228
3660.5 12 3.4641
3661.5 10 3.16228
3662.5 20 4.47214
3663.5 20 4.47214
3664.5 16 4
3665.5 12 3.4641
3666.5 18 4.24264
3667.5 9 3
3668.5 18 4.24264
3669.5 9 3
3670.5 13 3.60555
3671.5 13 3.60555
3672.5 11 3.31662
3673.5 18 4.24264
3674.5 13 3.60555
3675.5 10 3.16228
3676.5 11 3.31662
3677.5 8 2.82843
3678.5 17 4.12311
3679.5 9 3
3680.5 9 3
3681.5 11 3.31662
3682.5 7 2.64575
3683.5 8 2.82843
3684.5 11 3.31662
3685.5 14 3.74166
3686.5 6 2.44949
3687.5 11 3.31662
3688.5 9 3
3689.5 14 3.74166
3690.5 6 2.44949
3691.5 12 3.4641
3692.5 15 3.87298
3693.5 10 3.16228
3694.5 11 3.31662
3695.5 10 3.16228
3696.5 12 3.4641
3697.5 6 2.44949
3698.5 10 3.16228
3699.5 13 3.60555
3700.5 14 3.74166
3701.5 3 1.73205
3702.5 16 4
3703.5 15 3.87298
3704.5 12 3.4641
3705.5 10 3.16228
3706.5 14 3.74166
3707.5 9 3
3708.5 11 3.31662
3709.5 14 3.74166
3710.5 5 2.23607
3711.5 12 3.4641
3712.5 11 3.31662
3713.5 9 3
3714.5 11 3.31662
3715.5 10 3.16228
3716.5 14 3.74166
3717.5 9 3
3718.5 11 3.31662
3719.5 10 3.16228
3720.5 6 2.44949
3721.5 7 2.64575
3722.5 7 2.64575
3723.5 7 2.64575
3724.5 7 2.64575
3725.5 7 2.64575
3726.5 4 2
3727.5 10 3.16228
3728.5 11 3.31662
3729.5 10 3.16228
3730.5 18 4.24264
3731.5 14 3.74166
3732.5 11 3.31662
3733.5 15 3.87298
3734.5 14 3.74166
3735.5 15 3.87298
3736.5 14 3.74166
3737.5 5 2.23607
3738.5 13 3.60555
3739.5 8 2.82843
3740.5 12 3.4641
3741.5 11 3.31662
3742.5 15 3.87298
3743.5 19 4.3589
3744.5 10 3.16228
3745.5 7 2.64575
3746.5 11 3.31662
3747.5 8 2.82843
3748.5 14 3.74166
3749.5 13 3.60555
3750.5 13 3.60555
3751.5 15 3.87298
3752.5 14 3.74166
3753.5 5 2.23607
3754.5 8 2.82843
3755.5 7 2.64575
3756.5 11 3.31662
3757.5 9 3
3758.5 13 3.60555
3759.5 10 3.16228
3760.5 8 2.82843
3761.5 13 3.60555
3762.5 9 3
3763.5 16 4
3764.5 11 3.31662
3765.5 8 2.82843
3766.5 11 3.31662
3767.5 13 3.60555
3768.5 6 2.44949
3769.5 18 4.24264
3770.5 10 3.16228
3771.5 8 2.82843
3772.5 10 3.16228
3773.5 7 2.64575
3774.5 10 3.16228
3775.5 12 3.4641
3776.5 11 3.31662
3777.5 9 3
3778.5 11 3.31662
3779.5 10 3.16228
3780.5 13 3.60555
3781.5 9 3
3782.5 6 2.44949
3783.5 10 3.16228
3784.5 13 3.60555
3785.5 11 3.31662
3786.5 11 3.31662
3787.5 14 3.74166
3788.5 12 3.4641
3789.5 16 4
3790.5 15 3.87298
3791.5 11 3.31662
3792.5 12 3.4641
3793.5 15 3.87298
3794.5 10 3.16228
3795.5 8 2.82843
3796.5 14 3.74166
3797.5 6 2.44949
3798.5 12 3.4641
3799.5 12 3.4641
3800.5 13 3.60555
3801.5 10 3.16228
3802.5 12 3.4641
3803.5 7 2.64575
3804.5 15 3.87298
3805.5 9 3
3806.5 10 3.16228
3807.5 9 3
3808.5 6 2.44949
3809.5 12 3.4641
3810.5 10 3.16228
3811.5 10 3.16228
3812.5 10 3.16228
3813.5 12 3.4641
3814.5 6 2.44949
3815.5 12 3.4641
3816.5 5 2.23607
3817.5 11 3.31662
3818.5 3 1.73205
3819.5 9 3
3820.5 13 3.60555
3821.5 13 3.60555
3822.5 12 3.4641
3823.5 5 2.23607
3824.5 8 2.82843
3825.5 19 4.3589
3826.5 17 4.12311
3827.5 13 3.60555
3828.5 8 2.82843
3829.5 9 3
3830.5 18 4.24264
3831.5 7 2.64575
3832.5 9 3
3833.5 7 2.64575
3834.5 12 3.4641
3835.5 14 3.74166
3836.5 9 3
3837.5 10 3.16228
3838.5 18 4.24264
3839.5 10 3.16228
3840.5 12 3.4641
3841.5 8 2.82843
3842.5 9 3
3843.5 14 3.74166
3844.5 12 3.4641
3845.5 7 2.64575
3846.5 4 2
3847.5 12 3.4641
3848.5 15 3.87298
3849.5 13 3.60555
3850.5 9 3
3851.5 10 3.16228
3852.5 13 3.60555
3853.5 8 2.82843
3854.5 6 2.44949
3855.5 4 2
3856.5 9 3
3857.5 9 3
3858.5 7 2.64575
3859.5 8 2.82843
3860.5 10 3.16228
3861.5 9 3
3862.5 11 3.31662
3863.5 9 3
3864.5 14 3.74166
3865.5 8 2.82843
3866.5 5 2.23607
3867.5 14 3.74166
3868.5 10 3.16228
3869.5 4 2
3870.5 10 3.16228
3871.5 11 3.31662
3872.5 11 3.31662
3873.5 7 2.64575
3874.5 11 3.31662
3875.5 11 3.31662
3876.5 14 3.74166
3877.5 18 4.24264
3878.5 7 2.64575
3879.5 14 3.74166
3880.5 8 2.82843
3881.5 8 2.82843
3882.5 9 3
3883.5 8 2.82843
3884.5 10 3.16228
3885.5 9 3
3886.5 3 1.73205
3887.5 15 3.87298
3888.5 10 3.16228
3889.5 12 3.4641
3890.5 14 3.74166
3891.5 10 3.16228
3892.5 5 2.23607
3893.5 9 3
3894.5 7 2.64575
3895.5 13 3.60555
3896.5 15 3.87298
3897.5 11 3.31662
3898.5 12 3.4641
3899.5 11 3.31662
3900.5 11 3.31662
3901.5 21 4.58258
3902.5 9 3
3903.5 9 3
3904.5 13 3.60555
3905.5 9 3
3906.5 8 2.82843
3907.5 12 3.4641
3908.5 4 2
3909.5 11 3.31662
3910.5 13 3.60555
3911.5 8 2.82843
3912.5 8 2.82843
3913.5 15 3.87298
3914.5 6 2.44949
3915.5 10 3.16228
3916.5 7 2.64575
3917.5 7 2.64575
3918.5 9 3
3919.5 9 3
3920.5 13 3.60555
3921.5 19 4.3589
3922.5 8 2.82843
3923.5 12 3.4641
3924.5 12 3.4641
3925.5 6 2.44949
3926.5 6 2.44949
3927.5 12 3.4641
3928.5 14 3.74166
3929.5 10 3.16228
3930.5 6 2.44949
3931.5 12 3.4641
3932.5 13 3.60555
3933.5 14 3.74166
3934.5 6 2.44949
3935.5 18 4.24264
3936.5 5 2.23607
3937.5 10 3.16228
3938.5 17 4.12311
3939.5 6 2.44949
3940.5 13 3.60555
3941.5 17 4.12311
3942.5 15 3.87298
3943.5 9 3
3944.5 9 3
3945.5 7 2.64575
3946.5 8 2.82843
3947.5 14 3.74166
3948.5 11 3.31662
3949.5 8 2.82843
3950.5 10 3.16228
3951.5 4 2
3952.5 9 3
3953.5 12 3.4641
3954.5 15 3.87298
3955.5 8 2.82843
3956.5 8 2.82843
3957.5 18 4.24264
3958.5 11 3.31662
3959.5 22 4.69042
3960.5 9 3
3961.5 8 2.82843
3962.5 10 3.16228
3963.5 9 3
3964.5 10 3.16228
3965.5 6 2.44949
3966.5 11 3.31662
3967.5 11 3.31662
3968.5 6 2.44949
3969.5 8 2.82843
3970.5 13 3.60555
3971.5 15 3.87298
3972.5 13 3.60555
3973.5 4 2
3974.5 8 2.82843
3975.5 10 3.16228
3976.5 12 3.4641
3977.5 12 3.4641
3978.5 12 3.4641
3979.5 6 2.44949
3980.5 7 2.64575
3981.5 5 2.23607
3982.5 11 3.31662
3983.5 11 3.31662
3984.5 9 3
3985.5 15 3.87298
3986.5 7 2.64575
3987.5 16 4
3988.5 13 3.60555
3989.5 11 3.31662
3990.5 11 3.31662
3991.5 10 3.16228
3992.5 15 3.87298
3993.5 10 3.16228
3994.5 12 3.4641
3995.5 14 3.74166
3996.5 12 3.4641
3997.5 8 2.82843
3998.5 19 4.3589
3999.5 10 3.16228
4000.5 8 2.82843
4001.5 12 3.4641
4002.5 6 2.44949
4003.5 5 2.23607
4004.5 8 2.82843
4005.5 7 2.64575
4006.5 11 3.31662
4007.5 10 3.16228
4008.5 6 2.44949
4009.5 14 3.74166
4010.5 16 4
4011.5 9 3
4012.5 11 3.31662
4013.5 10 3.16228
4014.5 8 2.82843
4015.5 12 3.4641
4016.5 9 3
4017.5 12 3.4641
4018.5 18 4.24264
4019.5 7 2.64575
4020.5 8 2.82843
4021.5 8 2.82843
4022.5 14 3.74166
4023.5 15 3.87298
4024.5 11 3.31662
4025.5 13 3.60555
4026.5 12 3.4641
4027.5 14 3.74166
4028.5 10 3.16228
4029.5 10 3.16228
4030.5 14 3.74166
4031.5 14 3.74166
4032.5 12 3.4641
4033.5 13 3.60555
4034.5 13 3.60555
4035.5 11 3.31662
4036.5 8 2.82843
4037.5 9 3
4038.5 5 2.23607
4039.5 7 2.64575
4040.5 11 3.31662
4041.5 11 3.31662
4042.5 13 3.60555
4043.5 21 4.58258
4044.5 13 3.60555
4045.5 9 3
4046.5 7 2.64575
4047.5 13 3.60555
4048.5 6 2.44949
4049.5 13 3.60555
4050.5 11 3.31662
4051.5 6 2.44949
4052.5 9 3
4053.5 6 2.44949
4054.5 9 3
4055.5 10 3.16228
4056.5 10 3.16228
4057.5 7 2.64575
4058.5 10 3.16228
4059.5 8 2.82843
4060.5 12 3.4641
4061.5 12 3.4641
4062.5 6 2.44949
4063.5 15 3.87298
4064.5 9 3
4065.5 7 2.64575
4066.5 7 2.64575
4067.5 4 2
4068.5 6 2.44949
4069.5 11 3.31662
4070.5 11 3.31662
4071.5 7 2.64575
4072.5 12 3.4641
4073.5 10 3.16228
4074.5 15 3.87298
4075.5 14 3.74166
4076.5 7 2.64575
4077.5 6 2.44949
4078.5 6 2.44949
4079.5 6 2.44949
4080.5 7 2.64575
4081.5 10 3.16228
4082.5 9 3
4083.5 5 2.23607
4084.5 9 3
4085.5 10 3.16228
4086.5 7 2.64575
4087.5 5 2.23607
4088.5 4 2
4089.5 11 3.31662
4090.5 18 4.24264
4091.5 6 2.44949
4092.5 6 2.44949
4093.5 10 3.16228
4094.5 9 3
4095.5 11 3.31662
4096.5 5 2.23607
4097.5 11 3.31662
4098.5 11 3.31662
4099.5 10 3.16228
4100.5 10 3.16228
4101.5 14 3.74166
4102.5 7 2.64575
4103.5 16 4
4104.5 8 2.82843
4105.5 11 3.31662
4106.5 2 1.41421
4107.5 7 2.64575
4108.5 9 3
4109.5 8 2.82843
4110.5 9 3
4111.5 7 2.64575
4112.5 9 3
4113.5 5 2.23607
4114.5 12 3.4641
4115.5 10 3.16228
4116.5 12 3.4641
4117.5 11 3.31662
4118.5 9 3
4119.5 6 2.44949
4120.5 12 3.4641
4121.5 12 3.4641
4122.5 10 3.16228
4123.5 7 2.64575
4124.5 8 2.82843
4125.5 15 3.87298
4126.5 5 2.23607
4127.5 6 2.44949
4128.5 8 2.82843
4129.5 10 3.16228
4130.5 8 2.82843
4131.5 10 3.16228
4132.5 13 3.60555
4133.5 10 3.16228
4134.5 7 2.64575
4135.5 10 3.16228
4136.5 7 2.64575
4137.5 6 2.44949
4138.5 12 3.4641
4139.5 6 2.44949
4140.5 9 3
4141.5 8 2.82843
4142.5 5 2.23607
4143.5 15 3.87298
4144.5 5 2.23607
4145.5 7 2.64575
4146.5 14 3.74166
4147.5 11 3.31662
4148.5 8 2.82843
4149.5 8 2.82843
4150.5 13 3.60555
4151.5 11 3.31662
4152.5 6 2.44949
4153.5 9 3
4154.5 12 3.4641
4155.5 9 3
4156.5 11 3.31662
4157.5 9 3
4158.5 10 3.16228
4159.5 15 3.87298
4160.5 10 3.16228
4161.5 2 1.41421
4162.5 9 3
4163.5 15 3.87298
4164.5 14 3.74166
4165.5 11 3.31662
4166.5 10 3.16228
4167.5 9 3
4168.5 7 2.64575
4169.5 9 3
4170.5 8 2.82843
4171.5 15 3.87298
4172.5 7 2.64575
4173.5 13 3.60555
4174.5 11 3.31662
4175.5 13 3.60555
4176.5 10 3.16228
4177.5 4 2
4178.5 9 3
4179.5 10 3.16228
4180.5 8 2.82843
4181.5 16 4
4182.5 16 4
4183.5 10 3.16228
4184.5 7 2.64575
4185.5 10 3.16228
4186.5 13 3.60555
4187.5 13 3.60555
4188.5 13 3.60555
4189.5 8 2.82843
4190.5 13 3.60555
4191.5 9 3
4192.5 9 3
4193.5 11 3.31662
4194.5 12 3.4641
4195.5 9 3
4196.5 8 2.82843
4197.5 7 2.64575
4198.5 10 3.16228
4199.5 7 2.64575
4200.5 7 2.64575
4201.5 4 2
4202.5 8 2.82843
4203.5 8 2.82843
4204.5 5 2.23607
4205.5 10 3.16228
4206.5 14 3.74166
4207.5 9 3
4208.5 11 3.31662
4209.5 9 3
4210.5 10 3.16228
4211.5 8 2.82843
4212.5 16 4
4213.5 10 3.16228
4214.5 13 3.60555
4215.5 12 3.4641
4216.5 17 4.12311
4217.5 6 2.44949
4218.5 10 3.16228
4219.5 15 3.87298
4220.5 7 2.64575
4221.5 9 3
4222.5 7 2.64575
4223.5 10 3.16228
4224.5 7 2.64575
4225.5 3 1.73205
4226.5 11 3.31662
4227.5 10 3.16228
4228.5 10 3.16228
4229.5 14 3.74166
4230.5 13 3.60555
4231.5 9 3
4232.5 6 2.44949
4233.5 9 3
4234.5 10 3.16228
4235.5 11 3.31662
4236.5 7 2.64575
4237.5 5 2.23607
4238.5 7 2.64575
4239.5 10 3.16228
4240.5 12 3.4641
4241.5 6 2.44949
4242.5 9 3
4243.5 9 3
4244.5 10 3.16228
4245.5 5 2.23607
4246.5 6 2.44949
4247.5 9 3
4248.5 9 3
4249.5 8 2.82843
4250.5 15 3.87298
4251.5 11 3.31662
4252.5 9 3
4253.5 18 4.24264
4254.5 11 3.31662
4255.5 8 2.82843
4256.5 11 3.31662
4257.5 10 3.16228
4258.5 11 3.31662
4259.5 15 3.87298
4260.5 11 3.31662
4261.5 12 3.4641
4262.5 9 3
4263.5 4 2
4264.5 11 3.31662
4265.5 9 3
4266.5 14 3.74166
4267.5 15 3.87298
4268.5 7 2.64575
4269.5 15 3.87298
4270.5 6 2.44949
4271.5 6 2.44949
4272.5 10 3.16228
4273.5 9 3
4274.5 5 2.23607
4275.5 11 3.31662
4276.5 6 2.44949
4277.5 8 2.82843
4278.5 12 3.4641
4279.5 10 3.16228
4280.5 12 3.4641
4281.5 9 3
4282.5 8 2.82843
4283.5 10 3.16228
4284.5 9 3
4285.5 8 2.82843
4286.5 15 3.87298
4287.5 5 2.23607
4288.5 14 3.74166
4289.5 10 3.16228
4290.5 11 3.31662
4291.5 16 4
4292.5 9 3
4293.5 9 3
4294.5 14 3.74166
4295.5 12 3.4641
4296.5 6 2.44949
4297.5 13 3.60555
4298.5 7 2.64575
4299.5 10 3.16228
4300.5 6 2.44949
4301.5 10 3.16228
4302.5 10 3.16228
4303.5 6 2.44949
4304.5 10 3.16228
4305.5 11 3.31662
4306.5 10 3.16228
4307.5 11 3.31662
4308.5 9 3
4309.5 9 3
4310.5 12 3.4641
4311.5 8 2.82843
4312.5 10 3.16228
4313.5 11 3.31662
4314.5 14 3.74166
4315.5 4 2
4316.5 8 2.82843
4317.5 9 3
4318.5 7 2.64575
4319.5 11 3.31662
4320.5 8 2.82843
4321.5 10 3.16228
4322.5 16 4
4323.5 9 3
4324.5 6 2.44949
4325.5 5 2.23607
4326.5 9 3
4327.5 8 2.82843
4328.5 9 3
4329.5 16 4
4330.5 8 2.82843
4331.5 4 2
4332.5 10 3.16228
4333.5 3 1.73205
4334.5 9 3
4335.5 10 3.16228
4336.5 6 2.44949
4337.5 6 2.44949
4338.5 11 3.31662
4339.5 7 2.64575
4340.5 8 2.82843
4341.5 4 2
4342.5 8 2.82843
4343.5 13 3.60555
4344.5 6 2.44949
4345.5 3 1.73205
4346.5 4 2
4347.5 6 2.44949
4348.5 10 3.16228
4349.5 7 2.64575
4350.5 6 2.44949
4351.5 7 2.64575
4352.5 4 2
4353.5 10 3.16228
4354.5 8 2.82843
4355.5 9 3
4356.5 9 3
4357.5 8 2.82843
4358.5 10 3.16228
4359.5 14 3.74166
4360.5 13 3.60555
4361.5 10 3.16228
4362.5 8 2.82843
4363.5 17 4.12311
4364.5 7 2.64575
4365.5 12 3.4641
4366.5 9 3
4367.5 4 2
4368.5 10 3.16228
4369.5 12 3.4641
4370.5 9 3
4371.5 4 2
4372.5 6 2.44949
4373.5 11 3.31662
4374.5 12 3.4641
4375.5 8 2.82843
4376.5 5 2.23607
4377.5 9 3
4378.5 2 1.41421
4379.5 17 4.12311
4380.5 6 2.44949
4381.5 12 3.4641
4382.5 10 3.16228
4383.5 9 3
4384.5 8 2.82843
4385.5 8 2.82843
4386.5 11 3.31662
4387.5 10 3.16228
4388.5 10 3.16228
4389.5 7 2.64575
4390.5 14 3.74166
4391.5 6 2.44949
4392.5 5 2.23607
4393.5 6 2.44949
4394.5 15 3.87298
4395.5 9 3
4396.5 7 2.64575
4397.5 7 2.64575
4398.5 5 2.23607
4399.5 7 2.64575
4400.5 12 3.4641
4401.5 5 2.23607
4402.5 13 3.60555
4403.5 8 2.82843
4404.5 9 3
4405.5 10 3.16228
4406.5 15 3.87298
4407.5 4 2
4408.5 7 2.64575
4409.5 9 3
4410.5 11 3.31662
4411.5 12 3.4641
4412.5 6 2.44949
4413.5 10 3.16228
4414.5 10 3.16228
4415.5 11 3.31662
4416.5 11 3.31662
4417.5 3 1.73205
4418.5 6 2.44949
4419.5 9 3
4420.5 11 3.31662
4421.5 5 2.23607
4422.5 15 3.87298
4423.5 8 2.82843
4424.5 11 3.31662
4425.5 6 2.44949
4426.5 6 2.44949
4427.5 3 1.73205
4428.5 11 3.31662
4429.5 11 3.31662
4430.5 8 2.82843
4431.5 15 3.87298
4432.5 8 2.82843
4433.5 14 3.74166
4434.5 10 3.16228
4435.5 12 3.4641
4436.5 7 2.64575
4437.5 4 2
4438.5 5 2.23607
4439.5 8 2.82843
4440.5 15 3.87298
4441.5 11 3.31662
4442.5 9 3
4443.5 7 2.64575
4444.5 14 3.74166
4445.5 10 3.16228
4446.5 9 3
4447.5 8 2.82843
4448.5 8 2.82843
4449.5 5 2.23607
4450.5 16 4
4451.5 8 2.82843
4452.5 6 2.44949
4453.5 6 2.44949
4454.5 18 4.24264
4455.5 7 2.64575
4456.5 14 3.74166
4457.5 6 2.44949
4458.5 10 3.16228
4459.5 6 2.44949
4460.5 11 3.31662
4461.5 9 3
4462.5 12 3.4641
4463.5 12 3.4641
4464.5 4 2
4465.5 10 3.16228
4466.5 12 3.4641
4467.5 15 3.87298
4468.5 15 3.87298
4469.5 12 3.4641
4470.5 10 3.16228
4471.5 12 3.4641
4472.5 14 3.74166
4473.5 10 3.16228
4474.5 8 2.82843
4475.5 14 3.74166
4476.5 10 3.16228
4477.5 11 3.31662
4478.5 12 3.4641
4479.5 6 2.44949
4480.5 5 2.23607
4481.5 11 3.31662
4482.5 10 3.16228
4483.5 16 4
4484.5 12 3.4641
4485.5 11 3.31662
4486.5 7 2.64575
4487.5 7 2.64575
4488.5 3 1.73205
4489.5 10 3.16228
4490.5 13 3.60555
4491.5 13 3.60555
4492.5 9 3
4493.5 6 2.44949
4494.5 9 3
4495.5 9 3
4496.5 6 2.44949
4497.5 11 3.31662
4498.5 8 2.82843
4499.5 10 3.16228
4500.5 14 3.74166
4501.5 8 2.82843
4502.5 5 2.23607
4503.5 6 2.44949
4504.5 7 2.64575
4505.5 14 3.74166
4506.5 4 2
4507.5 5 2.23607
4508.5 3 1.73205
4509.5 12 3.4641
4510.5 7 2.64575
4511.5 11 3.31662
4512.5 8 2.82843
4513.5 5 2.23607
4514.5 5 2.23607
4515.5 11 3.31662
4516.5 7 2.64575
4517.5 7 2.64575
4518.5 9 3
4519.5 10 3.16228
4520.5 12 3.4641
4521.5 10 3.16228
4522.5 7 2.64575
4523.5 12 3.4641
4524.5 6 2.44949
4525.5 8 2.82843
4526.5 10 3.16228
4527.5 7 2.64575
4528.5 6 2.44949
4529.5 4 2
4530.5 14 3.74166
4531.5 7 2.64575
4532.5 7 2.64575
4533.5 8 2.82843
4534.5 9 3
4535.5 6 2.44949
4536.5 1 1
4537.5 10 3.16228
4538.5 10 3.16228
4539.5 10 3.16228
4540.5 5 2.23607
4541.5 15 3.87298
4542.5 12 3.4641
4543.5 11 3.31662
4544.5 8 2.82843
4545.5 11 3.31662
4546.5 8 2.82843
4547.5 7 2.64575
4548.5 19 4.3589
4549.5 5 2.23607
4550.5 6 2.44949
4551.5 10 3.16228
4552.5 14 3.74166
4553.5 12 3.4641
4554.5 7 2.64575
4555.5 7 2.64575
4556.5 11 3.31662
4557.5 12 3.4641
4558.5 8 2.82843
4559.5 8 2.82843
4560.5 10 3.16228
4561.5 9 3
4562.5 12 3.4641
4563.5 6 2.44949
4564.5 4 2
4565.5 7 2.64575
4566.5 14 3.74166
4567.5 4 2
4568.5 9 3
4569.5 11 3.31662
4570.5 11 3.31662
4571.5 6 2.44949
4572.5 5 2.23607
4573.5 9 3
4574.5 9 3
4575.5 11 3.31662
4576.5 9 3
4577.5 13 3.60555
4578.5 9 3
4579.5 12 3.4641
4580.5 10 3.16228
4581.5 7 2.64575
4582.5 7 2.64575
4583.5 13 3.60555
4584.5 9 3
4585.5 7 2.64575
4586.5 7 2.64575
4587.5 8 2.82843
4588.5 11 3.31662
4589.5 11 3.31662
4590.5 14 3.74166
4591.5 14 3.74166
4592.5 7 2.64575
4593.5 11 3.31662
4594.5 8 2.82843
4595.5 9 3
4596.5 7 2.64575
4597.5 6 2.44949
4598.5 3 1.73205
4599.5 10 3.16228
4600.5 4 2
4601.5 8 2.82843
4602.5 20 4.47214
4603.5 8 2.82843
4604.5 6 2.44949
4605.5 4 2
4606.5 12 3.4641
4607.5 5 2.23607
4608.5 4 2
4609.5 8 2.82843
4610.5 8 2.82843
4611.5 12 3.4641
4612.5 15 3.87298
4613.5 9 3
4614.5 8 2.82843
4615.5 14 3.74166
4616.5 6 2.44949
4617.5 3 1.73205
4618.5 4 2
4619.5 7 2.64575
4620.5 6 2.44949
4621.5 8 2.82843
4622.5 5 2.23607
4623.5 7 2.64575
4624.5 4 2
4625.5 2 1.41421
4626.5 9 3
4627.5 11 3.31662
4628.5 8 2.82843
4629.5 6 2.44949
4630.5 9 3
4631.5 10 3.16228
4632.5 8 2.82843
4633.5 5 2.23607
4634.5 6 2.44949
4635.5 10 3.16228
4636.5 5 2.23607
4637.5 12 3.4641
4638.5 10 3.16228
4639.5 9 3
4640.5 8 2.82843
4641.5 6 2.44949
4642.5 6 2.44949
4643.5 11 3.31662
4644.5 16 4
4645.5 9 3
4646.5 5 2.23607
4647.5 8 2.82843
4648.5 9 3
4649.5 17 4.12311
4650.5 7 2.64575
4651.5 7 2.64575
4652.5 11 3.31662
4653.5 3 1.73205
4654.5 11 3.31662
4655.5 9 3
4656.5 9 3
4657.5 5 2.23607
4658.5 5 2.23607
4659.5 14 3.74166
4660.5 9 3
4661.5 14 3.74166
4662.5 7 2.64575
4663.5 8 2.82843
4664.5 4 2
4665.5 8 2.82843
4666.5 7 2.64575
4667.5 7 2.64575
4668.5 10 3.16228
4669.5 12 3.4641
4670.5 7 2.64575
4671.5 7 2.64575
4672.5 5 2.23607
4673.5 11 3.31662
4674.5 10 3.16228
4675.5 8 2.82843
4676.5 4 2
4677.5 7 2.64575
4678.5 5 2.23607
4679.5 9 3
4680.5 11 3.31662
4681.5 11 3.31662
4682.5 6 2.44949
4683.5 11 3.31662
4684.5 13 3.60555
4685.5 8 2.82843
4686.5 13 3.60555
4687.5 7 2.64575
4688.5 8 2.82843
4689.5 15 3.87298
4690.5 15 3.87298
4691.5 7 2.64575
4692.5 13 3.60555
4693.5 10 3.16228
4694.5 11 3.31662
4695.5 8 2.82843
4696.5 4 2
4697.5 6 2.44949
4698.5 8 2.82843
4699.5 8 2.82843
4700.5 7 2.64575
4701.5 5 2.23607
4702.5 9 3
4703.5 10 3.16228
4704.5 7 2.64575
4705.5 8 2.82843
4706.5 11 3.31662
4707.5 6 2.44949
4708.5 12 3.4641
4709.5 11 3.31662
4710.5 4 2
4711.5 8 2.82843
4712.5 6 2.44949
4713.5 7 2.64575
4714.5 8 2.82843
4715.5 7 2.64575
4716.5 8 2.82843
4717.5 7 2.64575
4718.5 7 2.64575
4719.5 13 3.60555
4720.5 6 2.44949
4721.5 6 2.44949
4722.5 11 3.31662
4723.5 8 2.82843
4724.5 5 2.23607
4725.5 6 2.44949
4726.5 6 2.44949
4727.5 8 2.82843
4728.5 6 2.44949
4729.5 11 3.31662
4730.5 7 2.64575
4731.5 9 3
4732.5 8 2.82843
4733.5 10 3.16228
4734.5 8 2.82843
4735.5 7 2.64575
4736.5 10 3.16228
4737.5 4 2
4738.5 10 3.16228
4739.5 8 2.82843
4740.5 6 2.44949
4741.5 10 3.16228
4742.5 5 2.23607
4743.5 10 3.16228
4744.5 11 3.31662
4745.5 7 2.64575
4746.5 12 3.4641
4747.5 3 1.73205
4748.5 9 3
4749.5 12 3.4641
4750.5 15 3.87298
4751.5 7 2.64575
4752.5 5 2.23607
4753.5 6 2.44949
4754.5 11 3.31662
4755.5 4 2
4756.5 6 2.44949
4757.5 10 3.16228
4758.5 3 1.73205
4759.5 4 2
4760.5 12 3.4641
4761.5 12 3.4641
4762.5 6 2.44949
4763.5 6 2.44949
4764.5 8 2.82843
4765.5 8 2.82843
4766.5 6 2.44949
4767.5 6 2.44949
4768.5 13 3.60555
4769.5 7 2.64575
4770.5 12 3.4641
4771.5 8 2.82843
4772.5 8 2.82843
4773.5 8 2.82843
4774.5 5 2.23607
4775.5 7 2.64575
4776.5 9 3
4777.5 7 2.64575
4778.5 6 2.44949
4779.5 4 2
4780.5 11 3.31662
4781.5 7 2.64575
4782.5 8 2.82843
4783.5 9 3
4784.5 7 2.64575
4785.5 13 3.60555
4786.5 6 2.44949
4787.5 7 2.64575
4788.5 8 2.82843
4789.5 9 3
4790.5 9 3
4791.5 14 3.74166
4792.5 8 2.82843
4793.5 7 2.64575
4794.5 11 3.31662
4795.5 7 2.64575
4796.5 3 1.73205
4797.5 11 3.31662
4798.5 15 3.87298
4799.5 7 2.64575
4800.5 10 3.16228
4801.5 10 3.16228
4802.5 7 2.64575
4803.5 7 2.64575
4804.5 9 3
4805.5 12 3.4641
4806.5 12 3.4641
4807.5 5 2.23607
4808.5 10 3.16228
4809.5 10 3.16228
4810.5 7 2.64575
4811.5 11 3.31662
4812.5 12 3.4641
4813.5 6 2.44949
4814.5 6 2.44949
4815.5 6 2.44949
4816.5 5 2.23607
4817.5 6 2.44949
4818.5 12 3.4641
4819.5 12 3.4641
4820.5 8 2.82843
4821.5 7 2.64575
4822.5 9 3
4823.5 2 1.41421
4824.5 4 2
4825.5 9 3
4826.5 8 2.82843
4827.5 8 2.82843
4828.5 8 2.82843
4829.5 6 2.44949
4830.5 9 3
4831.5 11 3.31662
4832.5 8 2.82843
4833.5 7 2.64575
4834.5 10 3.16228
4835.5 5 2.23607
4836.5 6 2.44949
4837.5 3 1.73205
4838.5 4 2
4839.5 6 2.44949
4840.5 8 2.82843
4841.5 5 2.23607
4842.5 10 3.16228
4843.5 8 2.82843
4844.5 8 2.82843
4845.5 10 3.16228
4846.5 7 2.64575
4847.5 8 2.82843
4848.5 9 3
4849.5 9 3
4850.5 6 2.44949
4851.5 7 2.64575
4852.5 7 2.64575
4853.5 12 3.4641
4854.5 8 2.82843
4855.5 4 2
4856.5 6 2.44949
4857.5 12 3.4641
4858.5 12 3.4641
4859.5 6 2.44949
4860.5 8 2.82843
4861.5 9 3
4862.5 4 2
4863.5 8 2.82843
4864.5 8 2.82843
4865.5 6 2.44949
4866.5 5 2.23607
4867.5 11 3.31662
4868.5 14 3.74166
4869.5 7 2.64575
4870.5 8 2.82843
4871.5 8 2.82843
4872.5 9 3
4873.5 7 2.64575
4874.5 8 2.82843
4875.5 12 3.4641
4876.5 6 2.44949
4877.5 13 3.60555
4878.5 8 2.82843
4879.5 3 1.73205
4880.5 10 3.16228
4881.5 6 2.44949
4882.5 1 1
4883.5 8 2.82843
4884.5 10 3.16228
4885.5 13 3.60555
4886.5 10 3.16228
4887.5 7 2.64575
4888.5 6 2.44949
4889.5 4 2
4890.5 10 3.16228
4891.5 3 1.73205
4892.5 6 2.44949
4893.5 3 1.73205
4894.5 12 3.4641
4895.5 6 2.44949
4896.5 7 2.64575
4897.5 7 2.64575
4898.5 6 2.44949
4899.5 7 2.64575
4900.5 13 3.60555
4901.5 7 2.64575
4902.5 4 2
4903.5 11 3.31662
4904.5 6 2.44949
4905.5 10 3.16228
4906.5 9 3
4907.5 6 2.44949
4908.5 7 2.64575
4909.5 11 3.31662
4910.5 11 3.31662
4911.5 10 3.16228
4912.5 8 2.82843
4913.5 12 3.4641
4914.5 12 3.4641
4915.5 9 3
4916.5 5 2.23607
4917.5 13 3.60555
4918.5 11 3.31662
4919.5 2 1.41421
4920.5 11 3.31662
4921.5 6 2.44949
4922.5 10 3.16228
4923.5 3 1.73205
4924.5 4 2
4925.5 3 1.73205
4926.5 8 2.82843
4927.5 6 2.44949
4928.5 7 2.64575
4929.5 8 2.82843
4930.5 8 2.82843
4931.5 9 3
4932.5 11 3.31662
4933.5 7 2.64575
4934.5 9 3
4935.5 5 2.23607
4936.5 3 1.73205
4937.5 7 2.64575
4938.5 7 2.64575
4939.5 10 3.16228
4940.5 6 2.44949
4941.5 5 2.23607
4942.5 8 2.82843
4943.5 8 2.82843
4944.5 5 2.23607
4945.5 7 2.64575
4946.5 2 1.41421
4947.5 8 2.82843
4948.5 4 2
4949.5 10 3.16228
4950.5 7 2.64575
4951.5 7 2.64575
4952.5 8 2.82843
4953.5 7 2.64575
4954.5 7 2.64575
4955.5 7 2.64575
4956.5 8 2.82843
4957.5 7 2.64575
4958.5 10 3.16228
4959.5 9 3
4960.5 8 2.82843
4961.5 8 2.82843
4962.5 5 2.23607
4963.5 6 2.44949
4964.5 8 2.82843
4965.5 10 3.16228
4966.5 7 2.64575
4967.5 8 2.82843
4968.5 10 3.16228
4969.5 5 2.23607
4970.5 8 2.82843
4971.5 7 2.64575
4972.5 6 2.44949
4973.5 6 2.44949
4974.5 8 2.82843
4975.5 7 2.64575
4976.5 3 1.73205
4977.5 10 3.16228
4978.5 8 2.82843
4979.5 5 2.23607
4980.5 8 2.82843
4981.5 7 2.64575
4982.5 6 2.44949
4983.5 9 3
4984.5 7 2.64575
4985.5 10 3.16228
4986.5 10 3.16228
4987.5 8 2.82843
4988.5 10 3.16228
4989.5 8 2.82843
4990.5 4 2
4991.5 12 3.4641
4992.5 11 3.31662
4993.5 11 3.31662
4994.5 9 3
4995.5 10 3.16228
4996.5 13 3.60555
4997.5 7 2.64575
4998.5 11 3.31662
4999.5 7 2.64575
5000.5 6 2.44949
5001.5 7 2.64575
5002.5 9 3
5003.5 7 2.64575
5004.5 7 2.64575
5005.5 6 2.44949
5006.5 4 2
5007.5 10 3.16228
5008.5 10 3.16228
5009.5 6 2.44949
5010.5 5 2.23607
5011.5 11 3.31662
5012.5 7 2.64575
5013.5 9 3
5014.5 9 3
5015.5 9 3
5016.5 5 2.23607
5017.5 6 2.44949
5018.5 10 3.16228
5019.5 5 2.23607
5020.5 14 3.74166
5021.5 6 2.44949
5022.5 11 3.31662
5023.5 10 3.16228
5024.5 5 2.23607
5025.5 6 2.44949
5026.5 6 2.44949
5027.5 9 3
5028.5 7 2.64575
5029.5 6 2.44949
5030.5 9 3
5031.5 11 3.31662
5032.5 10 3.16228
5033.5 5 2.23607
5034.5 6 2.44949
5035.5 8 2.82843
5036.5 11 3.31662
5037.5 9 3
5038.5 5 2.23607
5039.5 13 3.60555
5040.5 9 3
5041.5 9 3
5042.5 9 3
5043.5 9 3
5044.5 7 2.64575
5045.5 8 2.82843
5046.5 14 3.74166
5047.5 9 3
5048.5 11 3.31662
5049.5 6 2.44949
5050.5 20 4.47214
5051.5 11 3.31662
5052.5 15 3.87298
5053.5 10 3.16228
5054.5 6 2.44949
5055.5 9 3
5056.5 4 2
5057.5 8 2.82843
5058.5 6 2.44949
5059.5 5 2.23607
5060.5 10 3.16228
5061.5 5 2.23607
5062.5 6 2.44949
5063.5 10 3.16228
5064.5 6 2.44949
5065.5 9 3
5066.5 2 1.41421
5067.5 9 3
5068.5 11 3.31662
5069.5 6 2.44949
5070.5 10 3.16228
5071.5 9 3
5072.5 6 2.44949
5073.5 5 2.23607
5074.5 7 2.64575
5075.5 8 2.82843
5076.5 10 3.16228
5077.5 4 2
5078.5 4 2
5079.5 9 3
5080.5 4 2
5081.5 10 3.16228
5082.5 5 2.23607
5083.5 5 2.23607
5084.5 9 3
5085.5 9 3
5086.5 6 2.44949
5087.5 6 2.44949
5088.5 9 3
5089.5 13 3.60555
5090.5 7 2.64575
5091.5 8 2.82843
5092.5 5 2.23607
5093.5 11 3.31662
5094.5 11 3.31662
5095.5 5 2.23607
5096.5 6 2.44949
5097.5 5 2.23607
5098.5 1 1
5099.5 13 3.60555
5100.5 8 2.82843
5101.5 7 2.64575
5102.5 4 2
5103.5 6 2.44949
5104.5 4 2
5105.5 8 2.82843
5106.5 8 2.82843
5107.5 7 2.64575
5108.5 4 2
5109.5 7 2.64575
5110.5 6 2.44949
5111.5 12 3.4641
5112.5 3 1.73205
5113.5 11 3.31662
5114.5 6 2.44949
5115.5 10 3.16228
5116.5 4 2
5117.5 5 2.23607
5118.5 5 2.23607
5119.5 7 2.64575
5120.5 11 3.31662
5121.5 9 3
5122.5 10 3.16228
5123.5 6 2.44949
5124.5 10 3.16228
5125.5 6 2.44949
5126.5 4 2
5127.5 13 3.60555
5128.5 12 3.4641
5129.5 10 3.16228
5130.5 12 3.4641
5131.5 7 2.64575
5132.5 4 2
5133.5 4 2
5134.5 10 3.16228
5135.5 4 2
5136.5 9 3
5137.5 6 2.44949
5138.5 6 2.44949
5139.5 6 2.44949
5140.5 4 2
5141.5 10 3.16228
5142.5 8 2.82843
5143.5 9 3
5144.5 5 2.23607
5145.5 12 3.4641
5146.5 8 2.82843
5147.5 13 3.60555
5148.5 10 3.16228
5149.5 8 2.82843
5150.5 8 2.82843
5151.5 5 2.23607
5152.5 5 2.23607
5153.5 9 3
5154.5 4 2
5155.5 7 2.64575
5156.5 10 3.16228
5157.5 7 2.64575
5158.5 9 3
5159.5 6 2.44949
5160.5 10 3.16228
5161.5 7 2.64575
5162.5 7 2.64575
5163.5 7 2.64575
5164.5 11 3.31662
5165.5 5 2.23607
5166.5 8 2.82843
5167.5 10 3.16228
5168.5 12 3.4641
5169.5 11 3.31662
5170.5 5 2.23607
5171.5 6 2.44949
5172.5 7 2.64575
5173.5 7 2.64575
5174.5 9 3
5175.5 11 3.31662
5176.5 15 3.87298
5177.5 7 2.64575
5178.5 5 2.23607
5179.5 6 2.44949
5180.5 7 2.64575
5181.5 7 2.64575
5182.5 10 3.16228
5183.5 13 3.60555
5184.5 7 2.64575
5185.5 6 2.44949
5186.5 11 3.31662
5187.5 8 2.82843
5188.5 13 3.60555
5189.5 8 2.82843
5190.5 5 2.23607
5191.5 7 2.64575
5192.5 6 2.44949
5193.5 4 2
5194.5 9 3
5195.5 6 2.44949
5196.5 4 2
5197.5 4 2
5198.5 5 2.23607
5199.5 4 2
5200.5 7 2.64575
5201.5 6 2.44949
5202.5 6 2.44949
5203.5 5 2.23607
5204.5 4 2
5205.5 7 2.64575
5206.5 10 3.16228
5207.5 7 2.64575
5208.5 5 2.23607
5209.5 7 2.64575
5210.5 5 2.23607
5211.5 6 2.44949
5212.5 7 2.64575
5213.5 9 3
5214.5 5 2.23607
5215.5 3 1.73205
5216.5 9 3
5217.5 6 2.44949
5218.5 5 2.23607
5219.5 10 3.16228
5220.5 14 3.74166
5221.5 13 3.60555
5222.5 11 3.31662
5223.5 9 3
5224.5 7 2.64575
5225.5 4 2
5226.5 8 2.82843
5227.5 8 2.82843
5228.5 6 2.44949
5229.5 6 2.44949
5230.5 8 2.82843
5231.5 3 1.73205
5232.5 5 2.23607
5233.5 10 3.16228
5234.5 4 2
5235.5 5 2.23607
5236.5 6 2.44949
5237.5 6 2.44949
5238.5 4 2
5239.5 11 3.31662
5240.5 6 2.44949
5241.5 5 2.23607
5242.5 7 2.64575
5243.5 10 3.16228
5244.5 3 1.73205
5245.5 8 2.82843
5246.5 3 1.73205
5247.5 6 2.44949
5248.5 8 2.82843
5249.5 7 2.64575
5250.5 9 3
5251.5 5 2.23607
5252.5 6 2.44949
5253.5 8 2.82843
5254.5 8 2.82843
5255.5 6 2.44949
5256.5 12 3.4641
5257.5 8 2.82843
5258.5 9 3
5259.5 11 3.31662
5260.5 5 2.23607
5261.5 7 2.64575
5262.5 12 3.4641
5263.5 8 2.82843
5264.5 8 2.82843
5265.5 4 2
5266.5 10 3.16228
5267.5 3 1.73205
5268.5 7 2.64575
5269.5 6 2.44949
5270.5 8 2.82843
5271.5 8 2.82843
5272.5 4 2
5273.5 7 2.64575
5274.5 7 2.64575
5275.5 12 3.4641
5276.5 6 2.44949
5277.5 8 2.82843
5278.5 9 3
5279.5 8 2.82843
5280.5 7 2.64575
5281.5 5 2.23607
5282.5 6 2.44949
5283.5 14 3.74166
5284.5 11 3.31662
5285.5 7 2.64575
5286.5 8 2.82843
5287.5 7 2.64575
5288.5 7 2.64575
5289.5 8 2.82843
5290.5 8 2.82843
5291.5 6 2.44949
5292.5 5 2.23607
5293.5 6 2.44949
5294.5 6 2.44949
5295.5 11 3.31662
5296.5 9 3
5297.5 2 1.41421
5298.5 4 2
5299.5 2 1.41421
5300.5 6 2.44949
5301.5 6 2.44949
5302.5 6 2.44949
5303.5 7 2.64575
5304.5 5 2.23607
5305.5 11 3.31662
5306.5 13 3.60555
5307.5 7 2.64575
5308.5 5 2.23607
5309.5 3 1.73205
5310.5 8 2.82843
5311.5 10 3.16228
5312.5 15 3.87298
5313.5 7 2.64575
5314.5 7 2.64575
5315.5 6 2.44949
5316.5 7 2.64575
5317.5 7 2.64575
5318.5 9 3
5319.5 3 1.73205
5320.5 4 2
5321.5 7 2.64575
5322.5 7 2.64575
5323.5 5 2.23607
5324.5 10 3.16228
5325.5 8 2.82843
5326.5 10 3.16228
5327.5 8 2.82843
5328.5 10 3.16228
5329.5 3 1.73205
5330.5 9 3
5331.5 5 2.23607
5332.5 3 1.73205
5333.5 7 2.64575
5334.5 6 2.44949
5335.5 8 2.82843
5336.5 6 2.44949
5337.5 13 3.60555
5338.5 10 3.16228
5339.5 8 2.82843
5340.5 9 3
5341.5 6 2.44949
5342.5 10 3.16228
5343.5 5 2.23607
5344.5 9 3
5345.5 9 3
5346.5 10 3.16228
5347.5 9 3
5348.5 8 2.82843
5349.5 8 2.82843
5350.5 3 1.73205
5351.5 8 2.82843
5352.5 10 3.16228
5353.5 4 2
5354.5 11 3.31662
5355.5 5 2.23607
5356.5 8 2.82843
5357.5 10 3.16228
5358.5 7 2.64575
5359.5 8 2.82843
5360.5 5 2.23607
5361.5 7 2.64575
5362.5 7 2.64575
5363.5 12 3.4641
5364.5 15 3.87298
5365.5 3 1.73205
5366.5 12 3.4641
5367.5 12 3.4641
5368.5 4 2
5369.5 11 3.31662
5370.5 15 3.87298
5371.5 9 3
5372.5 7 2.64575
5373.5 9 3
5374.5 5 2.23607
5375.5 5 2.23607
5376.5 6 2.44949
5377.5 4 2
5378.5 6 2.44949
5379.5 9 3
5380.5 6 2.44949
5381.5 6 2.44949
5382.5 11 3.31662
5383.5 7 2.64575
5384.5 6 2.44949
5385.5 14 3.74166
5386.5 7 2.64575
5387.5 9 3
5388.5 6 2.44949
5389.5 5 2.23607
5390.5 2 1.41421
5391.5 7 2.64575
5392.5 7 2.64575
5393.5 6 2.44949
5394.5 6 2.44949
5395.5 7 2.64575
5396.5 7 2.64575
5397.5 5 2.23607
5398.5 7 2.64575
5399.5 1 1
5400.5 8 2.82843
5401.5 6 2.44949
5402.5 11 3.31662
5403.5 6 2.44949
5404.5 4 2
5405.5 12 3.4641
5406.5 7 2.64575
5407.5 6 2.44949
5408.5 9 3
5409.5 8 2.82843
5410.5 9 3
5411.5 6 2.44949
5412.5 8 2.82843
5413.5 4 2
5414.5 5 2.23607
5415.5 6 2.44949
5416.5 8 2.82843
5417.5 9 3
5418.5 8 2.82843
5419.5 7 2.64575
5420.5 6 2.44949
5421.5 5 2.23607
5422.5 7 2.64575
5423.5 6 2.44949
5424.5 4 2
5425.5 4 2
5426.5 8 2.82843
5427.5 9 3
5428.5 9 3
5429.5 8 2.82843
5430.5 7 2.64575
5431.5 12 3.4641
5432.5 5 2.23607
5433.5 5 2.23607
5434.5 6 2.44949
5435.5 8 2.82843
5436.5 7 2.64575
5437.5 10 3.16228
5438.5 1 1
5439.5 10 3.16228
5440.5 12 3.4641
5441.5 2 1.41421
5442.5 7 2.64575
5443.5 7 2.64575
5444.5 8 2.82843
5445.5 6 2.44949
5446.5 8 2.82843
5447.5 11 3.31662
5448.5 6 2.44949
5449.5 6 2.44949
5450.5 6 2.44949
5451.5 12 3.4641
5452.5 2 1.41421
5453.5 8 2.82843
5454.5 11 3.31662
5455.5 5 2.23607
5456.5 10 3.16228
5457.5 7 2.64575
5458.5 13 3.60555
5459.5 11 3.31662
5460.5 8 2.82843
5461.5 14 3.74166
5462.5 11 3.31662
5463.5 5 2.23607
5464.5 7 2.64575
5465.5 2 1.41421
5466.5 5 2.23607
5467.5 3 1.73205
5468.5 5 2.23607
5469.5 12 3.4641
5470.5 13 3.60555
5471.5 11 3.31662
5472.5 10 3.16228
5473.5 11 3.31662
5474.5 5 2.23607
5475.5 5 2.23607
5476.5 14 3.74166
5477.5 10 3.16228
5478.5 16 4
5479.5 13 3.60555
5480.5 11 3.31662
5481.5 14 3.74166
5482.5 25 5
5483.5 22 4.69042
5484.5 21 4.58258
5485.5 33 5.74456
5486.5 32 5.65685
5487.5 32 5.65685
5488.5 47 6.85565
5489.5 39 6.245
5490.5 29 5.38516
5491.5 29 5.38516
5492.5 38 6.16441
5493.5 22 4.69042
5494.5 22 4.69042
5495.5 21 4.58258
5496.5 16 4
5497.5 21 4.58258
5498.5 15 3.87298
5499.5 13 3.60555
5500.5 12 3.4641
5501.5 11 3.31662
5502.5 5 2.23607
5503.5 5 2.23607
5504.5 9 3
5505.5 8 2.82843
5506.5 6 2.44949
5507.5 9 3
5508.5 7 2.64575
5509.5 4 2
5510.5 6 2.44949
5511.5 9 3
5512.5 6 2.44949
5513.5 10 3.16228
5514.5 10 3.16228
5515.5 8 2.82843
5516.5 2 1.41421
5517.5 10 3.16228
5518.5 7 2.64575
5519.5 6 2.44949
5520.5 5 2.23607
5521.5 9 3
5522.5 8 2.82843
5523.5 5 2.23607
5524.5 7 2.64575
5525.5 13 3.60555
5526.5 6 2.44949
5527.5 9 3
5528.5 8 2.82843
5529.5 5 2.23607
5530.5 7 2.64575
5531.5 7 2.64575
5532.5 6 2.44949
5533.5 9 3
5534.5 8 2.82843
5535.5 10 3.16228
5536.5 7 2.64575
5537.5 14 3.74166
5538.5 8 2.82843
5539.5 7 2.64575
5540.5 12 3.4641
5541.5 11 3.31662
5542.5 8 2.82843
5543.5 10 3.16228
5544.5 4 2
5545.5 6 2.44949
5546.5 12 3.4641
5547.5 13 3.60555
5548.5 6 2.44949
5549.5 5 2.23607
5550.5 8 2.82843
5551.5 8 2.82843
5552.5 7 2.64575
5553.5 5 2.23607
5554.5 9 3
5555.5 6 2.44949
5556.5 11 3.31662
5557.5 10 3.16228
5558.5 7 2.64575
5559.5 9 3
5560.5 12 3.4641
5561.5 7 2.64575
5562.5 6 2.44949
5563.5 6 2.44949
5564.5 10 3.16228
5565.5 11 3.31662
5566.5 4 2
5567.5 5 2.23607
5568.5 3 1.73205
5569.5 3 1.73205
5570.5 8 2.82843
5571.5 7 2.64575
5572.5 6 2.44949
5573.5 11 3.31662
5574.5 9 3
5575.5 4 2
5576.5 11 3.31662
5577.5 10 3.16228
5578.5 1 1
5579.5 12 3.4641
5580.5 9 3
5581.5 9 3
5582.5 11 3.31662
5583.5 11 3.31662
5584.5 4 2
5585.5 6 2.44949
5586.5 6 2.44949
5587.5 9 3
5588.5 14 3.74166
5589.5 13 3.60555
5590.5 10 3.16228
5591.5 6 2.44949
5592.5 7 2.64575
5593.5 3 1.73205
5594.5 9 3
5595.5 8 2.82843
5596.5 12 3.4641
5597.5 7 2.64575
5598.5 7 2.64575
5599.5 10 3.16228
5600.5 6 2.44949
5601.5 5 2.23607
5602.5 6 2.44949
5603.5 7 2.64575
5604.5 4 2
5605.5 11 3.31662
5606.5 8 2.82843
5607.5 9 3
5608.5 7 2.64575
5609.5 9 3
5610.5 10 3.16228
5611.5 5 2.23607
5612.5 9 3
5613.5 6 2.44949
5614.5 11 3.31662
5615.5 8 2.82843
5616.5 8 2.82843
5617.5 12 3.4641
5618.5 7 2.64575
5619.5 5 2.23607
5620.5 9 3
5621.5 5 2.23607
5622.5 6 2.44949
5623.5 9 3
5624.5 7 2.64575
5625.5 6 2.44949
5626.5 2 1.41421
5627.5 8 2.82843
5628.5 10 3.16228
5629.5 5 2.23607
5630.5 8 2.82843
5631.5 6 2.44949
5632.5 11 3.31662
5633.5 8 2.82843
5634.5 9 3
5635.5 10 3.16228
5636.5 5 2.23607
5637.5 11 3.31662
5638.5 9 3
5639.5 8 2.82843
5640.5 8 2.82843
5641.5 6 2.44949
5642.5 5 2.23607
5643.5 4 2
5644.5 7 2.64575
5645.5 7 2.64575
5646.5 6 2.44949
5647.5 8 2.82843
5648.5 5 2.23607
5649.5 4 2
5650.5 6 2.44949
5651.5 13 3.60555
5652.5 5 2.23607
5653.5 10 3.16228
5654.5 8 2.82843
5655.5 9 3
5656.5 6 2.44949
5657.5 7 2.64575
5658.5 9 3
5659.5 7 2.64575
5660.5 5 2.23607
5661.5 3 1.73205
5662.5 15 3.87298
5663.5 7 2.64575
5664.5 9 3
5665.5 9 3
5666.5 7 2.64575
5667.5 5 2.23607
5668.5 12 3.4641
5669.5 6 2.44949
5670.5 7 2.64575
5671.5 9 3
5672.5 9 3
5673.5 10 3.16228
5674.5 6 2.44949
5675.5 6 2.44949
5676.5 8 2.82843
5677.5 6 2.44949
5678.5 4 2
5679.5 9 3
5680.5 4 2
5681.5 7 2.64575
5682.5 6 2.44949
5683.5 9 3
5684.5 6 2.44949
5685.5 9 3
5686.5 5 2.23607
5687.5 10 3.16228
5688.5 8 2.82843
5689.5 8 2.82843
5690.5 8 2.82843
5691.5 9 3
5692.5 9 3
5693.5 1 1
5694.5 5 2.23607
5695.5 8 2.82843
5696.5 6 2.44949
5697.5 7 2.64575
5698.5 5 2.23607
5699.5 3 1.73205
5700.5 9 3
5701.5 9 3
5702.5 8 2.82843
5703.5 7 2.64575
5704.5 6 2.44949
5705.5 7 2.64575
5706.5 5 2.23607
5707.5 5 2.23607
5708.5 7 2.64575
5709.5 5 2.23607
5710.5 9 3
5711.5 11 3.31662
5712.5 8 2.82843
5713.5 4 2
5714.5 6 2.44949
5715.5 5 2.23607
5716.5 12 3.4641
5717.5 4 2
5718.5 6 2.44949
5719.5 6 2.44949
5720.5 4 2
5721.5 1 1
5722.5 11 3.31662
5723.5 6 2.44949
5724.5 9 3
5725.5 8 2.82843
5726.5 5 2.23607
5727.5 5 2.23607
5728.5 15 3.87298
5729.5 7 2.64575
5730.5 9 3
5731.5 11 3.31662
5732.5 4 2
5733.5 12 3.4641
5734.5 13 3.60555
5735.5 5 2.23607
5736.5 4 2
5737.5 3 1.73205
5738.5 7 2.64575
5739.5 8 2.82843
5740.5 9 3
5741.5 15 3.87298
5742.5 13 3.60555
5743.5 7 2.64575
5744.5 9 3
5745.5 13 3.60555
5746.5 15 3.87298
5747.5 10 3.16228
5748.5 7 2.64575
5749.5 7 2.64575
5750.5 9 3
5751.5 8 2.82843
5752.5 9 3
5753.5 16 4
5754.5 12 3.4641
5755.5 5 2.23607
5756.5 6 2.44949
5757.5 13 3.60555
5758.5 3 1.73205
5759.5 15 3.87298
5760.5 5 2.23607
5761.5 9 3
5762.5 7 2.64575
5763.5 6 2.44949
5764.5 12 3.4641
5765.5 3 1.73205
5766.5 4 2
5767.5 8 2.82843
5768.5 4 2
5769.5 10 3.16228
5770.5 10 3.16228
5771.5 4 2
5772.5 5 2.23607
5773.5 7 2.64575
5774.5 9 3
5775.5 6 2.44949
5776.5 8 2.82843
5777.5 5 2.23607
5778.5 6 2.44949
5779.5 3 1.73205
5780.5 9 3
5781.5 9 3
5782.5 12 3.4641
5783.5 6 2.44949
5784.5 5 2.23607
5785.5 7 2.64575
5786.5 6 2.44949
5787.5 6 2.44949
5788.5 6 2.44949
5789.5 7 2.64575
5790.5 12 3.4641
5791.5 5 2.23607
5792.5 4 2
5793.5 5 2.23607
5794.5 7 2.64575
5795.5 5 2.23607
5796.5 8 2.82843
5797.5 8 2.82843
5798.5 14 3.74166
5799.5 7 2.64575
5800.5 5 2.23607
5801.5 5 2.23607
5802.5 6 2.44949
5803.5 8 2.82843
5804.5 7 2.64575
5805.5 8 2.82843
5806.5 8 2.82843
5807.5 3 1.73205
5808.5 5 2.23607
5809.5 12 3.4641
5810.5 13 3.60555
5811.5 5 2.23607
5812.5 8 2.82843
5813.5 11 3.31662
5814.5 4 2
5815.5 8 2.82843
5816.5 9 3
5817.5 6 2.44949
5818.5 5 2.23607
5819.5 5 2.23607
5820.5 9 3
5821.5 8 2.82843
5822.5 11 3.31662
5823.5 7 2.64575
5824.5 7 2.64575
5825.5 6 2.44949
5826.5 3 1.73205
5827.5 2 1.41421
5828.5 6 2.44949
5829.5 8 2.82843
5830.5 5 2.23607
5831.5 9 3
5832.5 2 1.41421
5833.5 10 3.16228
5834.5 10 3.16228
5835.5 6 2.44949
5836.5 7 2.64575
5837.5 11 3.31662
5838.5 6 2.44949
5839.5 11 3.31662
5840.5 6 2.44949
5841.5 13 3.60555
5842.5 9 3
5843.5 8 2.82843
5844.5 12 3.4641
5845.5 1 1
5846.5 7 2.64575
5847.5 5 2.23607
5848.5 8 2.82843
5849.5 4 2
5850.5 11 3.31662
5851.5 6 2.44949
5852.5 8 2.82843
5853.5 8 2.82843
5854.5 17 4.12311
5855.5 12 3.4641
5856.5 3 1.73205
5857.5 7 2.64575
5858.5 9 3
5859.5 7 2.64575
5860.5 7 2.64575
5861.5 11 3.31662
5862.5 4 2
5863.5 7 2.64575
5864.5 4 2
5865.5 9 3
5866.5 10 3.16228
5867.5 13 3.60555
5868.5 9 3
5869.5 11 3.31662
5870.5 8 2.82843
5871.5 11 3.31662
5872.5 2 1.41421
5873.5 14 3.74166
5874.5 5 2.23607
5875.5 4 2
5876.5 9 3
5877.5 9 3
5878.5 5 2.23607
5879.5 10 3.16228
5880.5 10 3.16228
5881.5 4 2
5882.5 8 2.82843
5883.5 1 1
5884.5 7 2.64575
5885.5 7 2.64575
5886.5 11 3.31662
5887.5 2 1.41421
5888.5 5 2.23607
5889.5 9 3
5890.5 4 2
5891.5 13 3.60555
5892.5 4 2
5893.5 8 2.82843
5894.5 10 3.16228
5895.5 7 2.64575
5896.5 9 3
5897.5 6 2.44949
5898.5 8 2.82843
5899.5 12 3.4641
5900.5 3 1.73205
5901.5 7 2.64575
5902.5 8 2.82843
5903.5 8 2.82843
5904.5 12 3.4641
5905.5 6 2.44949
5906.5 6 2.44949
5907.5 9 3
5908.5 5 2.23607
5909.5 11 3.31662
5910.5 6 2.44949
5911.5 12 3.4641
5912.5 6 2.44949
5913.5 5 2.23607
5914.5 10 3.16228
5915.5 7 2.64575
5916.5 5 2.23607
5917.5 10 3.16228
5918.5 5 2.23607
5919.5 5 2.23607
5920.5 3 1.73205
5921.5 3 1.73205
5922.5 6 2.44949
5923.5 11 3.31662
5924.5 5 2.23607
5925.5 2 1.41421
5926.5 12 3.4641
5927.5 7 2.64575
5928.5 8 2.82843
5929.5 13 3.60555
5930.5 8 2.82843
5931.5 6 2.44949
5932.5 7 2.64575
5933.5 7 2.64575
5934.5 6 2.44949
5935.5 4 2
5936.5 5 2.23607
5937.5 6 2.44949
5938.5 6 2.44949
5939.5 3 1.73205
5940.5 6 2.44949
5941.5 5 2.23607
5942.5 7 2.64575
5943.5 9 3
5944.5 5 2.23607
5945.5 4 2
5946.5 1 1
5947.5 5 2.23607
5948.5 12 3.4641
5949.5 11 3.31662
5950.5 6 2.44949
5951.5 5 2.23607
5952.5 6 2.44949
5953.5 8 2.82843
5954.5 6 2.44949
5955.5 7 2.64575
5956.5 7 2.64575
5957.5 6 2.44949
5958.5 8 2.82843
5959.5 4 2
5960.5 8 2.82843
5961.5 8 2.82843
5962.5 7 2.64575
5963.5 8 2.82843
5964.5 5 2.23607
5965.5 8 2.82843
5966.5 6 2.44949
5967.5 6 2.44949
5968.5 8 2.82843
5969.5 6 2.44949
5970.5 5 2.23607
5971.5 5 2.23607
5972.5 7 2.64575
5973.5 7 2.64575
5974.5 5 2.23607
5975.5 9 3
5976.5 5 2.23607
5977.5 6 2.44949
5978.5 8 2.82843
5979.5 8 2.82843
5980.5 8 2.82843
5981.5 9 3
5982.5 3 1.73205
5983.5 15 3.87298
5984.5 5 2.23607
5985.5 9 3
5986.5 3 1.73205
5987.5 7 2.64575
5988.5 4 2
5989.5 5 2.23607
5990.5 10 3.16228
5991.5 10 3.16228
5992.5 1 1
5993.5 6 2.44949
5994.5 7 2.64575
5995.5 9 3
5996.5 7 2.64575
5997.5 6 2.44949
5998.5 13 3.60555
5999.5 7 2.64575
6000.5 5 2.23607
6001.5 5 2.23607
6002.5 12 3.4641
6003.5 8 2.82843
6004.5 4 2
6005.5 10 3.16228
6006.5 6 2.44949
6007.5 6 2.44949
6008.5 6 2.44949
6009.5 4 2
6010.5 1 1
6011.5 9 3
6012.5 10 3.16228
6013.5 6 2.44949
6014.5 7 2.64575
6015.5 6 2.44949
6016.5 9 3
6017.5 6 2.44949
6018.5 6 2.44949
6019.5 5 2.23607
6020.5 11 3.31662
6021.5 8 2.82843
6022.5 9 3
6023.5 3 1.73205
6024.5 10 3.16228
6025.5 6 2.44949
6026.5 3 1.73205
6027.5 5 2.23607
6028.5 6 2.44949
6029.5 4 2
6030.5 14 3.74166
6031.5 5 2.23607
6032.5 6 2.44949
6033.5 9 3
6034.5 7 2.64575
6035.5 7 2.64575
6036.5 3 1.73205
6037.5 8 2.82843
6038.5 12 3.4641
6039.5 3 1.73205
6040.5 7 2.64575
6041.5 2 1.41421
6042.5 7 2.64575
6043.5 7 2.64575
6044.5 6 2.44949
6045.5 8 2.82843
6046.5 3 1.73205
6047.5 6 2.44949
6048.5 7 2.64575
6049.5 7 2.64575
6050.5 3 1.73205
6051.5 5 2.23607
6052.5 6 2.44949
6053.5 9 3
6054.5 8 2.82843
6055.5 7 2.64575
6056.5 5 2.23607
6057.5 7 2.64575
6058.5 8 2.82843
6059.5 11 3.31662
6060.5 11 3.31662
6061.5 10 3.16228
6062.5 5 2.23607
6063.5 3 1.73205
6064.5 3 1.73205
6065.5 8 2.82843
6066.5 8 2.82843
6067.5 10 3.16228
6068.5 7 2.64575
6069.5 12 3.4641
6070.5 8 2.82843
6071.5 7 2.64575
6072.5 9 3
6073.5 9 3
6074.5 7 2.64575
6075.5 3 1.73205
6076.5 9 3
6077.5 5 2.23607
6078.5 7 2.64575
6079.5 6 2.44949
6080.5 9 3
6081.5 7 2.64575
6082.5 8 2.82843
6083.5 7 2.64575
6084.5 13 3.60555
6085.5 6 2.44949
6086.5 11 3.31662
6087.5 6 2.44949
6088.5 6 2.44949
6089.5 6 2.44949
6090.5 8 2.82843
6091.5 7 2.64575
6092.5 6 2.44949
6093.5 7 2.64575
6094.5 5 2.23607
6095.5 9 3
6096.5 6 2.44949
6097.5 9 3
6098.5 9 3
6099.5 9 3
6100.5 5 2.23607
6101.5 6 2.44949
6102.5 4 2
6103.5 9 3
6104.5 6 2.44949
6105.5 6 2.44949
6106.5 4 2
6107.5 9 3
6108.5 9 3
6109.5 4 2
6110.5 8 2.82843
6111.5 8 2.82843
6112.5 8 2.82843
6113.5 6 2.44949
6114.5 6 2.44949
6115.5 7 2.64575
6116.5 4 2
6117.5 7 2.64575
6118.5 9 3
6119.5 7 2.64575
6120.5 3 1.73205
6121.5 9 3
6122.5 8 2.82843
6123.5 8 2.82843
6124.5 4 2
6125.5 15 3.87298
6126.5 9 3
6127.5 4 2
6128.5 9 3
6129.5 10 3.16228
6130.5 10 3.16228
6131.5 8 2.82843
6132.5 4 2
6133.5 13 3.60555
6134.5 2 1.41421
6135.5 4 2
6136.5 8 2.82843
6137.5 3 1.73205
6138.5 6 2.44949
6139.5 6 2.44949
6140.5 6 2.44949
6141.5 6 2.44949
6142.5 2 1.41421
6143.5 6 2.44949
6144.5 7 2.64575
6145.5 5 2.23607
6146.5 7 2.64575
6147.5 7 2.64575
6148.5 6 2.44949
6149.5 9 3
6150.5 7 2.64575
6151.5 10 3.16228
6152.5 10 3.16228
6153.5 8 2.82843
6154.5 8 2.82843
6155.5 10 3.16228
6156.5 7 2.64575
6157.5 8 2.82843
6158.5 10 3.16228
6159.5 11 3.31662
6160.5 10 3.16228
6161.5 10 3.16228
6162.5 10 3.16228
6163.5 7 2.64575
6164.5 6 2.44949
6165.5 8 2.82843
6166.5 4 2
6167.5 13 3.60555
6168.5 4 2
6169.5 8 2.82843
6170.5 12 3.4641
6171.5 9 3
6172.5 5 2.23607
6173.5 9 3
6174.5 6 2.44949
6175.5 5 2.23607
6176.5 8 2.82843
6177.5 5 2.23607
6178.5 7 2.64575
6179.5 7 2.64575
6180.5 10 3.16228
6181.5 8 2.82843
6182.5 5 2.23607
6183.5 8 2.82843
6184.5 3 1.73205
6185.5 9 3
6186.5 7 2.64575
6187.5 6 2.44949
6188.5 4 2
6189.5 4 2
6190.5 5 2.23607
6191.5 11 3.31662
6192.5 13 3.60555
6193.5 9 3
6194.5 6 2.44949
6195.5 5 2.23607
6196.5 8 2.82843
6197.5 9 3
6198.5 11 3.31662
6199.5 8 2.82843
6200.5 14 3.74166
6201.5 12 3.4641
6202.5 10 3.16228
6203.5 11 3.31662
6204.5 14 3.74166
6205.5 11 3.31662
6206.5 5 2.23607
6207.5 10 3.16228
6208.5 13 3.60555
6209.5 10 3.16228
6210.5 11 3.31662
6211.5 9 3
6212.5 10 3.16228
6213.5 11 3.31662
6214.5 9 3
6215.5 6 2.44949
6216.5 6 2.44949
6217.5 6 2.44949
6218.5 5 2.23607
6219.5 5 2.23607
6220.5 11 3.31662
6221.5 6 2.44949
6222.5 8 2.82843
6223.5 6 2.44949
6224.5 5 2.23607
6225.5 10 3.16228
6226.5 11 3.31662
6227.5 2 1.41421
6228.5 10 3.16228
6229.5 3 1.73205
6230.5 10 3.16228
6231.5 6 2.44949
6232.5 4 2
6233.5 4 2
6234.5 8 2.82843
6235.5 7 2.64575
6236.5 7 2.64575
6237.5 7 2.64575
6238.5 10 3.16228
6239.5 7 2.64575
6240.5 4 2
6241.5 11 3.31662
6242.5 2 1.41421
6243.5 12 3.4641
6244.5 5 2.23607
6245.5 10 3.16228
6246.5 6 2.44949
6247.5 5 2.23607
6248.5 8 2.82843
6249.5 7 2.64575
6250.5 7 2.64575
6251.5 7 2.64575
6252.5 6 2.44949
6253.5 5 2.23607
6254.5 4 2
6255.5 6 2.44949
6256.5 4 2
6257.5 4 2
6258.5 7 2.64575
6259.5 5 2.23607
6260.5 10 3.16228
6261.5 9 3
6262.5 10 3.16228
6263.5 9 3
6264.5 6 2.44949
6265.5 4 2
6266.5 6 2.44949
6267.5 7 2.64575
6268.5 8 2.82843
6269.5 9 3
6270.5 2 1.41421
6271.5 8 2.82843
6272.5 4 2
6273.5 4 2
6274.5 4 2
6275.5 6 2.44949
6276.5 6 2.44949
6277.5 10 3.16228
6278.5 8 2.82843
6279.5 6 2.44949
6280.5 7 2.64575
6281.5 8 2.82843
6282.5 5 2.23607
6283.5 6 2.44949
6284.5 5 2.23607
6285.5 5 2.23607
6286.5 5 2.23607
6287.5 7 2.64575
6288.5 7 2.64575
6289.5 8 2.82843
6290.5 4 2
6291.5 6 2.44949
6292.5 5 2.23607
6293.5 9 3
6294.5 9 3
6295.5 7 2.64575
6296.5 3 1.73205
6297.5 7 2.64575
6298.5 7 2.64575
6299.5 7 2.64575
6300.5 3 1.73205
6301.5 6 2.44949
6302.5 3 1.73205
6303.5 8 2.82843
6304.5 5 2.23607
6305.5 4 2
6306.5 6 2.44949
6307.5 10 3.16228
6308.5 6 2.44949
6309.5 6 2.44949
6310.5 7 2.64575
6311.5 6 2.44949
6312.5 7 2.64575
6313.5 8 2.82843
6314.5 2 1.41421
6315.5 7 2.64575
6316.5 6 2.44949
6317.5 8 2.82843
6318.5 10 3.16228
6319.5 10 3.16228
6320.5 5 2.23607
6321.5 13 3.60555
6322.5 5 2.23607
6323.5 5 2.23607
6324.5 4 2
6325.5 5 2.23607
6326.5 5 2.23607
6327.5 5 2.23607
6328.5 3 1.73205
6329.5 5 2.23607
6330.5 5 2.23607
6331.5 7 2.64575
6332.5 8 2.82843
6333.5 9 3
6334.5 9 3
6335.5 4 2
6336.5 9 3
6337.5 6 2.44949
6338.5 8 2.82843
6339.5 5 2.23607
6340.5 5 2.23607
6341.5 12 3.4641
6342.5 12 3.4641
6343.5 9 3
6344.5 9 3
6345.5 7 2.64575
6346.5 7 2.64575
6347.5 5 2.23607
6348.5 3 1.73205
6349.5 2 1.41421
6350.5 5 2.23607
6351.5 3 1.73205
6352.5 10 3.16228
6353.5 8 2.82843
6354.5 13 3.60555
6355.5 4 2
6356.5 5 2.23607
6357.5 11 3.31662
6358.5 6 2.44949
6359.5 13 3.60555
6360.5 6 2.44949
6361.5 13 3.60555
6362.5 7 2.64575
6363.5 4 2
6364.5 7 2.64575
6365.5 9 3
6366.5 3 1.73205
6367.5 15 3.87298
6368.5 6 2.44949
6369.5 7 2.64575
6370.5 6 2.44949
6371.5 9 3
6372.5 6 2.44949
6373.5 7 2.64575
6374.5 5 2.23607
6375.5 7 2.64575
6376.5 6 2.44949
6377.5 5 2.23607
6378.5 5 2.23607
6379.5 12 3.4641
6380.5 7 2.64575
6381.5 6 2.44949
6382.5 7 2.64575
6383.5 5 2.23607
6384.5 10 3.16228
6385.5 1 1
6386.5 6 2.44949
6387.5 5 2.23607
6388.5 6 2.44949
6389.5 7 2.64575
6390.5 5 2.23607
6391.5 10 3.16228
6392.5 8 2.82843
6393.5 6 2.44949
6394.5 10 3.16228
6395.5 6 2.44949
6396.5 8 2.82843
6397.5 9 3
6398.5 10 3.16228
6399.5 3 1.73205
6400.5 6 2.44949
6401.5 13 3.60555
6402.5 6 2.44949
6403.5 5 2.23607
6404.5 7 2.64575
6405.5 8 2.82843
6406.5 3 1.73205
6407.5 8 2.82843
6408.5 11 3.31662
6409.5 11 3.31662
6410.5 4 2
6411.5 6 2.44949
6412.5 4 2
6413.5 3 1.73205
6414.5 4 2
6415.5 9 3
6416.5 5 2.23607
6417.5 6 2.44949
6418.5 0 0
6419.5 6 2.44949
6420.5 6 2.44949
6421.5 5 2.23607
6422.5 7 2.64575
6423.5 14 3.74166
6424.5 4 2
6425.5 1 1
6426.5 8 2.82843
6427.5 7 2.64575
6428.5 6 2.44949
6429.5 5 2.23607
6430.5 10 3.16228
6431.5 8 2.82843
6432.5 6 2.44949
6433.5 8 2.82843
6434.5 4 2
6435.5 10 3.16228
6436.5 4 2
6437.5 5 2.23607
6438.5 3 1.73205
6439.5 10 3.16228
6440.5 4 2
6441.5 9 3
6442.5 11 3.31662
6443.5 4 2
6444.5 4 2
6445.5 5 2.23607
6446.5 3 1.73205
6447.5 8 2.82843
6448.5 6 2.44949
6449.5 7 2.64575
6450.5 9 3
6451.5 6 2.44949
6452.5 8 2.82843
6453.5 7 2.64575
6454.5 3 1.73205
6455.5 4 2
6456.5 5 2.23607
6457.5 10 3.16228
6458.5 6 2.44949
6459.5 5 2.23607
6460.5 6 2.44949
6461.5 6 2.44949
6462.5 6 2.44949
6463.5 5 2.23607
6464.5 11 3.31662
6465.5 8 2.82843
6466.5 3 1.73205
6467.5 6 2.44949
6468.5 7 2.64575
6469.5 6 2.44949
6470.5 6 2.44949
6471.5 6 2.44949
6472.5 7 2.64575
6473.5 12 3.4641
6474.5 8 2.82843
6475.5 9 3
6476.5 9 3
6477.5 5 2.23607
6478.5 7 2.64575
6479.5 7 2.64575
6480.5 6 2.44949
6481.5 5 2.23607
6482.5 7 2.64575
6483.5 6 2.44949
6484.5 3 1.73205
6485.5 5 2.23607
6486.5 4 2
6487.5 6 2.44949
6488.5 6 2.44949
6489.5 7 2.64575
6490.5 7 2.64575
6491.5 11 3.31662
6492.5 6 2.44949
6493.5 7 2.64575
6494.5 8 2.82843
6495.5 5 2.23607
6496.5 4 2
6497.5 4 2
6498.5 6 2.44949
6499.5 7 2.64575
6500.5 6 2.44949
6501.5 7 2.64575
6502.5 4 2
6503.5 9 3
6504.5 5 2.23607
6505.5 3 1.73205
6506.5 11 3.31662
6507.5 11 3.31662
6508.5 8 2.82843
6509.5 6 2.44949
6510.5 10 3.16228
6511.5 10 3.16228
6512.5 4 2
6513.5 7 2.64575
6514.5 6 2.44949
6515.5 6 2.44949
6516.5 7 2.64575
6517.5 5 2.23607
6518.5 5 2.23607
6519.5 9 3
6520.5 7 2.64575
6521.5 8 2.82843
6522.5 7 2.64575
6523.5 3 1.73205
6524.5 9 3
6525.5 6 2.44949
6526.5 2 1.41421
6527.5 3 1.73205
6528.5 2 1.41421
6529.5 10 3.16228
6530.5 6 2.44949
6531.5 9 3
6532.5 7 2.64575
6533.5 6 2.44949
6534.5 2 1.41421
6535.5 4 2
6536.5 6 2.44949
6537.5 6 2.44949
6538.5 6 2.44949
6539.5 5 2.23607
6540.5 5 2.23607
6541.5 6 2.44949
6542.5 10 3.16228
6543.5 6 2.44949
6544.5 8 2.82843
6545.5 5 2.23607
6546.5 6 2.44949
6547.5 6 2.44949
6548.5 2 1.41421
6549.5 7 2.64575
6550.5 4 2
6551.5 13 3.60555
6552.5 9 3
6553.5 10 3.16228
6554.5 6 2.44949
6555.5 7 2.64575
6556.5 7 2.64575
6557.5 4 2
6558.5 6 2.44949
6559.5 4 2
6560.5 6 2.44949
6561.5 9 3
6562.5 6 2.44949
6563.5 7 2.64575
6564.5 7 2.64575
6565.5 5 2.23607
6566.5 10 3.16228
6567.5 7 2.64575
6568.5 9 3
6569.5 2 1.41421
6570.5 11 3.31662
6571.5 14 3.74166
6572.5 3 1.73205
6573.5 2 1.41421
6574.5 4 2
6575.5 6 2.44949
6576.5 6 2.44949
6577.5 13 3.60555
6578.5 5 2.23607
6579.5 11 3.31662
6580.5 3 1.73205
6581.5 7 2.64575
6582.5 7 2.64575
6583.5 10 3.16228
6584.5 8 2.82843
6585.5 6 2.44949
6586.5 9 3
6587.5 5 2.23607
6588.5 13 3.60555
6589.5 12 3.4641
6590.5 5 2.23607
6591.5 6 2.44949
6592.5 3 1.73205
6593.5 8 2.82843
6594.5 5 2.23607
6595.5 10 3.16228
6596.5 5 2.23607
6597.5 11 3.31662
6598.5 11 3.31662
6599.5 11 3.31662
6600.5 3 1.73205
6601.5 7 2.64575
6602.5 7 2.64575
6603.5 12 3.4641
6604.5 8 2.82843
6605.5 4 2
6606.5 7 2.64575
6607.5 4 2
6608.5 6 2.44949
6609.5 6 2.44949
6610.5 3 1.73205
6611.5 7 2.64575
6612.5 9 3
6613.5 4 2
6614.5 8 2.82843
6615.5 6 2.44949
6616.5 7 2.64575
6617.5 9 3
6618.5 6 2.44949
6619.5 2 1.41421
6620.5 4 2
6621.5 3 1.73205
6622.5 7 2.64575
6623.5 6 2.44949
6624.5 5 2.23607
6625.5 2 1.41421
6626.5 8 2.82843
6627.5 6 2.44949
6628.5 5 2.23607
6629.5 8 2.82843
6630.5 8 2.82843
6631.5 12 3.4641
6632.5 4 2
6633.5 5 2.23607
6634.5 5 2.23607
6635.5 7 2.64575
6636.5 7 2.64575
6637.5 7 2.64575
6638.5 5 2.23607
6639.5 10 3.16228
6640.5 5 2.23607
6641.5 7 2.64575
6642.5 9 3
6643.5 4 2
6644.5 4 2
6645.5 4 2
6646.5 3 1.73205
6647.5 6 2.44949
6648.5 5 2.23607
6649.5 8 2.82843
6650.5 10 3.16228
6651.5 5 2.23607
6652.5 8 2.82843
6653.5 8 2.82843
6654.5 7 2.64575
6655.5 4 2
6656.5 6 2.44949
6657.5 13 3.60555
6658.5 6 2.44949
6659.5 8 2.82843
6660.5 7 2.64575
6661.5 4 2
6662.5 6 2.44949
6663.5 5 2.23607
6664.5 7 2.64575
6665.5 7 2.64575
6666.5 7 2.64575
6667.5 9 3
6668.5 6 2.44949
6669.5 7 2.64575
6670.5 9 3
6671.5 6 2.44949
6672.5 11 3.31662
6673.5 6 2.44949
6674.5 9 3
6675.5 6 2.44949
6676.5 7 2.64575
6677.5 5 2.23607
6678.5 1 1
6679.5 2 1.41421
6680.5 9 3
6681.5 8 2.82843
6682.5 6 2.44949
6683.5 6 2.44949
6684.5 7 2.64575
6685.5 7 2.64575
6686.5 4 2
6687.5 4 2
6688.5 6 2.44949
6689.5 9 3
6690.5 4 2
6691.5 5 2.23607
6692.5 9 3
6693.5 2 1.41421
6694.5 8 2.82843
6695.5 4 2
6696.5 5 2.23607
6697.5 6 2.44949
6698.5 9 3
6699.5 8 2.82843
6700.5 6 2.44949
6701.5 8 2.82843
6702.5 8 2.82843
6703.5 6 2.44949
6704.5 6 2.44949
6705.5 11 3.31662
6706.5 8 2.82843
6707.5 3 1.73205
6708.5 18 4.24264
6709.5 6 2.44949
6710.5 12 3.4641
6711.5 8 2.82843
6712.5 12 3.4641
6713.5 7 2.64575
6714.5 7 2.64575
6715.5 5 2.23607
6716.5 7 2.64575
6717.5 7 2.64575
6718.5 6 2.44949
6719.5 12 3.4641
6720.5 6 2.44949
6721.5 7 2.64575
6722.5 3 1.73205
6723.5 6 2.44949
6724.5 6 2.44949
6725.5 4 2
6726.5 5 2.23607
6727.5 2 1.41421
6728.5 7 2.64575
6729.5 4 2
6730.5 7 2.64575
6731.5 7 2.64575
6732.5 8 2.82843
6733.5 2 1.41421
6734.5 5 2.23607
6735.5 3 1.73205
6736.5 6 2.44949
6737.5 15 3.87298
6738.5 5 2.23607
6739.5 7 2.64575
6740.5 9 3
6741.5 6 2.44949
6742.5 3 1.73205
6743.5 4 2
6744.5 6 2.44949
6745.5 9 3
6746.5 6 2.44949
6747.5 4 2
6748.5 6 2.44949
6749.5 8 2.82843
6750.5 6 2.44949
6751.5 7 2.64575
6752.5 3 1.73205
6753.5 4 2
6754.5 3 1.73205
6755.5 8 2.82843
6756.5 2 1.41421
6757.5 6 2.44949
6758.5 6 2.44949
6759.5 4 2
6760.5 7 2.64575
6761.5 2 1.41421
6762.5 8 2.82843
6763.5 7 2.64575
6764.5 8 2.82843
6765.5 9 3
6766.5 10 3.16228
6767.5 6 2.44949
6768.5 8 2.82843
6769.5 8 2.82843
6770.5 6 2.44949
6771.5 10 3.16228
6772.5 6 2.44949
6773.5 5 2.23607
6774.5 5 2.23607
6775.5 8 2.82843
6776.5 9 3
6777.5 6 2.44949
6778.5 4 2
6779.5 4 2
6780.5 9 3
6781.5 9 3
6782.5 4 2
6783.5 8 2.82843
6784.5 9 3
6785.5 7 2.64575
6786.5 9 3
6787.5 7 2.64575
6788.5 7 2.64575
6789.5 0 0
6790.5 9 3
6791.5 4 2
6792.5 8 2.82843
6793.5 7 2.64575
6794.5 8 2.82843
6795.5 2 1.41421
6796.5 6 2.44949
6797.5 8 2.82843
6798.5 4 2
6799.5 10 3.16228
6800.5 8 2.82843
6801.5 5 2.23607
6802.5 7 2.64575
6803.5 4 2
6804.5 8 2.82843
6805.5 6 2.44949
6806.5 11 3.31662
6807.5 6 2.44949
6808.5 4 2
6809.5 6 2.44949
6810.5 7 2.64575
6811.5 2 1.41421
6812.5 5 2.23607
6813.5 5 2.23607
6814.5 11 3.31662
6815.5 3 1.73205
6816.5 4 2
6817.5 2 1.41421
6818.5 8 2.82843
6819.5 6 2.44949
6820.5 4 2
6821.5 7 2.64575
6822.5 6 2.44949
6823.5 7 2.64575
6824.5 2 1.41421
6825.5 3 1.73205
6826.5 6 2.44949
6827.5 5 2.23607
6828.5 4 2
6829.5 3 1.73205
6830.5 10 3.16228
6831.5 4 2
6832.5 4 2
6833.5 4 2
6834.5 7 2.64575
6835.5 6 2.44949
6836.5 5 2.23607
6837.5 7 2.64575
6838.5 18 4.24264
6839.5 11 3.31662
6840.5 12 3.4641
6841.5 6 2.44949
6842.5 5 2.23607
6843.5 10 3.16228
6844.5 6 2.44949
6845.5 8 2.82843
6846.5 6 2.44949
6847.5 7 2.64575
6848.5 8 2.82843
6849.5 4 2
6850.5 5 2.23607
6851.5 6 2.44949
6852.5 6 2.44949
6853.5 9 3
6854.5 10 3.16228
6855.5 11 3.31662
6856.5 6 2.44949
6857.5 14 3.74166
6858.5 8 2.82843
6859.5 5 2.23607
6860.5 9 3
6861.5 7 2.64575
6862.5 5 2.23607
6863.5 5 2.23607
6864.5 8 2.82843
6865.5 4 2
6866.5 5 2.23607
6867.5 8 2.82843
6868.5 4 2
6869.5 9 3
6870.5 5 2.23607
6871.5 5 2.23607
6872.5 5 2.23607
6873.5 5 2.23607
6874.5 4 2
6875.5 9 3
6876.5 5 2.23607
6877.5 10 3.16228
6878.5 1 1
6879.5 6 2.44949
6880.5 5 2.23607
6881.5 6 2.44949
6882.5 5 2.23607
6883.5 6 2.44949
6884.5 3 1.73205
6885.5 9 3
6886.5 5 2.23607
6887.5 6 2.44949
6888.5 4 2
6889.5 6 2.44949
6890.5 7 2.64575
6891.5 8 2.82843
6892.5 3 1.73205
6893.5 9 3
6894.5 6 2.44949
6895.5 6 2.44949
6896.5 4 2
6897.5 5 2.23607
6898.5 7 2.64575
6899.5 7 2.64575
6900.5 3 1.73205
6901.5 9 3
6902.5 6 2.44949
6903.5 10 3.16228
6904.5 7 2.64575
6905.5 8 2.82843
6906.5 10 3.16228
6907.5 8 2.82843
6908.5 5 2.23607
6909.5 12 3.4641
6910.5 7 2.64575
6911.5 7 2.64575
6912.5 4 2
6913.5 5 2.23607
6914.5 4 2
6915.5 5 2.23607
6916.5 3 1.73205
6917.5 4 2
6918.5 7 2.64575
6919.5 6 2.44949
6920.5 1 1
6921.5 6 2.44949
6922.5 11 3.31662
6923.5 3 1.73205
6924.5 9 3
6925.5 9 3
6926.5 13 3.60555
6927.5 8 2.82843
6928.5 5 2.23607
6929.5 4 2
6930.5 11 3.31662
6931.5 5 2.23607
6932.5 6 2.44949
6933.5 8 2.82843
6934.5 7 2.64575
6935.5 7 2.64575
6936.5 11 3.31662
6937.5 5 2.23607
6938.5 6 2.44949
6939.5 5 2.23607
6940.5 5 2.23607
6941.5 7 2.64575
6942.5 5 2.23607
6943.5 5 2.23607
6944.5 4 2
6945.5 9 3
6946.5 8 2.82843
6947.5 12 3.4641
6948.5 6 2.44949
6949.5 7 2.64575
6950.5 3 1.73205
6951.5 10 3.16228
6952.5 7 2.64575
6953.5 12 3.4641
6954.5 6 2.44949
6955.5 9 3
6956.5 6 2.44949
6957.5 5 2.23607
6958.5 5 2.23607
6959.5 13 3.60555
6960.5 5 2.23607
6961.5 9 3
6962.5 7 2.64575
6963.5 11 3.31662
6964.5 4 2
6965.5 6 2.44949
6966.5 3 1.73205
6967.5 7 2.64575
6968.5 8 2.82843
6969.5 5 2.23607
6970.5 10 3.16228
6971.5 2 1.41421
6972.5 7 2.64575
6973.5 6 2.44949
6974.5 8 2.82843
6975.5 6 2.44949
6976.5 6 2.44949
6977.5 11 3.31662
6978.5 7 2.64575
6979.5 6 2.44949
6980.5 8 2.82843
6981.5 4 2
6982.5 6 2.44949
6983.5 12 3.4641
6984.5 4 2
6985.5 5 2.23607
6986.5 3 1.73205
6987.5 7 2.64575
6988.5 8 2.82843
6989.5 5 2.23607
6990.5 4 2
6991.5 3 1.73205
6992.5 6 2.44949
6993.5 7 2.64575
6994.5 7 2.64575
6995.5 14 3.74166
6996.5 8 2.82843
6997.5 4 2
6998.5 9 3
6999.5 3 1.73205
7000.5 3 1.73205
7001.5 5 2.23607
7002.5 8 2.82843
7003.5 3 1.73205
7004.5 8 2.82843
7005.5 7 2.64575
7006.5 11 3.31662
7007.5 4 2
7008.5 2 1.41421
7009.5 8 2.82843
7010.5 6 2.44949
7011.5 6 2.44949
7012.5 4 2
7013.5 8 2.82843
7014.5 10 3.16228
7015.5 8 2.82843
7016.5 3 1.73205
7017.5 7 2.64575
7018.5 6 2.44949
7019.5 7 2.64575
7020.5 3 1.73205
7021.5 12 3.4641
7022.5 4 2
7023.5 4 2
7024.5 2 1.41421
7025.5 4 2
7026.5 6 2.44949
7027.5 9 3
7028.5 6 2.44949
7029.5 5 2.23607
7030.5 9 3
7031.5 11 3.31662
7032.5 8 2.82843
7033.5 2 1.41421
7034.5 4 2
7035.5 6 2.44949
7036.5 5 2.23607
7037.5 8 2.82843
7038.5 3 1.73205
7039.5 14 3.74166
7040.5 4 2
7041.5 8 2.82843
7042.5 9 3
7043.5 6 2.44949
7044.5 7 2.64575
7045.5 4 2
7046.5 8 2.82843
7047.5 9 3
7048.5 7 2.64575
7049.5 6 2.44949
7050.5 2 1.41421
7051.5 3 1.73205
7052.5 6 2.44949
7053.5 4 2
7054.5 6 2.44949
7055.5 9 3
7056.5 8 2.82843
7057.5 1 1
7058.5 8 2.82843
7059.5 5 2.23607
7060.5 6 2.44949
7061.5 8 2.82843
7062.5 5 2.23607
7063.5 3 1.73205
7064.5 6 2.44949
7065.5 4 2
7066.5 10 3.16228
7067.5 7 2.64575
7068.5 8 2.82843
7069.5 4 2
7070.5 3 1.73205
7071.5 5 2.23607
7072.5 2 1.41421
7073.5 8 2.82843
7074.5 6 2.44949
7075.5 8 2.82843
7076.5 7 2.64575
7077.5 5 2.23607
7078.5 10 3.16228
7079.5 4 2
7080.5 9 3
7081.5 7 2.64575
7082.5 4 2
7083.5 4 2
7084.5 9 3
7085.5 3 1.73205
7086.5 13 3.60555
7087.5 4 2
7088.5 2 1.41421
7089.5 5 2.23607
7090.5 7 2.64575
7091.5 9 3
7092.5 10 3.16228
7093.5 10 3.16228
7094.5 7 2.64575
7095.5 5 2.23607
7096.5 5 2.23607
7097.5 8 2.82843
7098.5 8 2.82843
7099.5 0 0
7100.5 7 2.64575
7101.5 4 2
7102.5 7 2.64575
7103.5 8 2.82843
7104.5 8 2.82843
7105.5 9 3
7106.5 6 2.44949
7107.5 4 2
7108.5 2 1.41421
7109.5 8 2.82843
7110.5 6 2.44949
7111.5 3 1.73205
7112.5 8 2.82843
7113.5 4 2
7114.5 5 2.23607
7115.5 8 2.82843
7116.5 10 3.16228
7117.5 8 2.82843
7118.5 6 2.44949
7119.5 9 3
7120.5 8 2.82843
7121.5 8 2.82843
7122.5 12 3.4641
7123.5 9 3
7124.5 5 2.23607
7125.5 7 2.64575
7126.5 5 2.23607
7127.5 3 1.73205
7128.5 3 1.73205
7129.5 12 3.4641
7130.5 3 1.73205
7131.5 7 2.64575
7132.5 7 2.64575
7133.5 10 3.16228
7134.5 6 2.44949
7135.5 8 2.82843
7136.5 8 2.82843
7137.5 7 2.64575
7138.5 7 2.64575
7139.5 9 3
7140.5 4 2
7141.5 3 1.73205
7142.5 7 2.64575
7143.5 4 2
7144.5 7 2.64575
7145.5 5 2.23607
7146.5 7 2.64575
7147.5 3 1.73205
7148.5 10 3.16228
7149.5 11 3.31662
7150.5 6 2.44949
7151.5 7 2.64575
7152.5 7 2.64575
7153.5 8 2.82843
7154.5 8 2.82843
7155.5 10 3.16228
7156.5 8 2.82843
7157.5 6 2.44949
7158.5 8 2.82843
7159.5 7 2.64575
7160.5 9 3
7161.5 9 3
7162.5 7 2.64575
7163.5 10 3.16228
7164.5 6 2.44949
7165.5 8 2.82843
7166.5 10 3.16228
7167.5 15 3.87298
7168.5 11 3.31662
7169.5 10 3.16228
7170.5 13 3.60555
7171.5 7 2.64575
7172.5 22 4.69042
7173.5 11 3.31662
7174.5 18 4.24264
7175.5 20 4.47214
7176.5 23 4.79583
7177.5 33 5.74456
7178.5 28 5.2915
7179.5 30 5.47723
7180.5 21 4.58258
7181.5 38 6.16441
7182.5 33 5.74456
7183.5 40 6.32456
7184.5 24 4.89898
7185.5 23 4.79583
7186.5 24 4.89898
7187.5 9 3
7188.5 13 3.60555
7189.5 16 4
7190.5 15 3.87298
7191.5 12 3.4641
7192.5 11 3.31662
7193.5 10 3.16228
7194.5 6 2.44949
7195.5 3 1.73205
7196.5 7 2.64575
7197.5 8 2.82843
7198.5 5 2.23607
7199.5 7 2.64575
7200.5 4 2
7201.5 6 2.44949
7202.5 8 2.82843
7203.5 5 2.23607
7204.5 8 2.82843
7205.5 6 2.44949
7206.5 10 3.16228
7207.5 5 2.23607
7208.5 5 2.23607
7209.5 10 3.16228
7210.5 5 2.23607
7211.5 9 3
7212.5 4 2
7213.5 7 2.64575
7214.5 9 3
7215.5 12 3.4641
7216.5 11 3.31662
7217.5 2 1.41421
7218.5 11 3.31662
7219.5 5 2.23607
7220.5 6 2.44949
7221.5 7 2.64575
7222.5 8 2.82843
7223.5 3 1.73205
7224.5 4 2
7225.5 10 3.16228
7226.5 5 2.23607
7227.5 5 2.23607
7228.5 3 1.73205
7229.5 9 3
7230.5 7 2.64575
7231.5 7 2.64575
7232.5 7 2.64575
7233.5 9 3
7234.5 7 2.64575
7235.5 6 2.44949
7236.5 9 3
7237.5 8 2.82843
7238.5 6 2.44949
7239.5 5 2.23607
7240.5 10 3.16228
7241.5 10 3.16228
7242.5 5 2.23607
7243.5 6 2.44949
7244.5 7 2.64575
7245.5 10 3.16228
7246.5 5 2.23607
7247.5 3 1.73205
7248.5 7 2.64575
7249.5 7 2.64575
7250.5 10 3.16228
7251.5 7 2.64575
7252.5 3 1.73205
7253.5 2 1.41421
7254.5 4 2
7255.5 2 1.41421
7256.5 5 2.23607
7257.5 2 1.41421
7258.5 6 2.44949
7259.5 9 3
7260.5 3 1.73205
7261.5 6 2.44949
7262.5 11 3.31662
7263.5 5 2.23607
7264.5 4 2
7265.5 7 2.64575
7266.5 7 2.64575
7267.5 4 2
7268.5 5 2.23607
7269.5 8 2.82843
7270.5 5 2.23607
7271.5 9 3
7272.5 7 2.64575
7273.5 6 2.44949
7274.5 2 1.41421
7275.5 5 2.23607
7276.5 5 2.23607
7277.5 7 2.64575
7278.5 8 2.82843
7279.5 6 2.44949
7280.5 4 2
7281.5 8 2.82843
7282.5 7 2.64575
7283.5 6 2.44949
7284.5 9 3
7285.5 10 3.16228
7286.5 9 3
7287.5 9 3
7288.5 9 3
7289.5 8 2.82843
7290.5 4 2
7291.5 8 2.82843
7292.5 6 2.44949
7293.5 4 2
7294.5 5 2.23607
7295.5 3 1.73205
7296.5 6 2.44949
7297.5 8 2.82843
7298.5 9 3
7299.5 9 3
7300.5 7 2.64575
7301.5 10 3.16228
7302.5 7 2.64575
7303.5 4 2
7304.5 3 1.73205
7305.5 4 2
7306.5 5 2.23607
7307.5 10 3.16228
7308.5 7 2.64575
7309.5 8 2.82843
7310.5 3 1.73205
7311.5 5 2.23607
7312.5 5 2.23607
7313.5 7 2.64575
7314.5 7 2.64575
7315.5 4 2
7316.5 6 2.44949
7317.5 5 2.23607
7318.5 5 2.23607
7319.5 8 2.82843
7320.5 4 2
7321.5 10 3.16228
7322.5 7 2.64575
7323.5 3 1.73205
7324.5 10 3.16228
7325.5 1 1
7326.5 3 1.73205
7327.5 7 2.64575
7328.5 7 2.64575
7329.5 2 1.41421
7330.5 8 2.82843
7331.5 6 2.44949
7332.5 5 2.23607
7333.5 9 3
7334.5 3 1.73205
7335.5 3 1.73205
7336.5 6 2.44949
7337.5 9 3
7338.5 11 3.31662
7339.5 3 1.73205
7340.5 5 2.23607
7341.5 10 3.16228
7342.5 7 2.64575
7343.5 5 2.23607
7344.5 4 2
7345.5 4 2
7346.5 4 2
7347.5 10 3.16228
7348.5 5 2.23607
7349.5 5 2.23607
7350.5 4 2
7351.5 3 1.73205
7352.5 13 3.60555
7353.5 5 2.23607
7354.5 4 2
7355.5 2 1.41421
7356.5 3 1.73205
7357.5 4 2
7358.5 6 2.44949
7359.5 5 2.23607
7360.5 7 2.64575
7361.5 6 2.44949
7362.5 6 2.44949
7363.5 5 2.23607
7364.5 5 2.23607
7365.5 4 2
7366.5 4 2
7367.5 4 2
7368.5 5 2.23607
7369.5 6 2.44949
7370.5 7 2.64575
7371.5 1 1
7372.5 10 3.16228
7373.5 5 2.23607
7374.5 8 2.82843
7375.5 4 2
7376.5 4 2
7377.5 5 2.23607
7378.5 2 1.41421
7379.5 8 2.82843
7380.5 8 2.82843
7381.5 11 3.31662
7382.5 6 2.44949
7383.5 6 2.44949
7384.5 5 2.23607
7385.5 3 1.73205
7386.5 2 1.41421
7387.5 6 2.44949
7388.5 7 2.64575
7389.5 8 2.82843
7390.5 4 2
7391.5 8 2.82843
7392.5 10 3.16228
7393.5 11 3.31662
7394.5 9 3
7395.5 8 2.82843
7396.5 9 3
7397.5 5 2.23607
7398.5 6 2.44949
7399.5 3 1.73205
7400.5 10 3.16228
7401.5 5 2.23607
7402.5 4 2
7403.5 7 2.64575
7404.5 4 2
7405.5 5 2.23607
7406.5 8 2.82843
7407.5 4 2
7408.5 7 2.64575
7409.5 7 2.64575
7410.5 6 2.44949
7411.5 12 3.4641
7412.5 8 2.82843
7413.5 3 1.73205
7414.5 6 2.44949
7415.5 5 2.23607
7416.5 6 2.44949
7417.5 4 2
7418.5 5 2.23607
7419.5 5 2.23607
7420.5 4 2
7421.5 11 3.31662
7422.5 4 2
7423.5 5 2.23607
7424.5 9 3
7425.5 7 2.64575
7426.5 4 2
7427.5 8 2.82843
7428.5 3 1.73205
7429.5 8 2.82843
7430.5 2 1.41421
7431.5 9 3
7432.5 3 1.73205
7433.5 6 2.44949
7434.5 16 4
7435.5 10 3.16228
7436.5 10 3.16228
7437.5 7 2.64575
7438.5 9 3
7439.5 4 2
7440.5 10 3.16228
7441.5 2 1.41421
7442.5 8 2.82843
7443.5 9 3
7444.5 4 2
7445.5 8 2.82843
7446.5 6 2.44949
7447.5 4 2
7448.5 2 1.41421
7449.5 5 2.23607
7450.5 8 2.82843
7451.5 4 2
7452.5 5 2.23607
7453.5 10 3.16228
7454.5 4 2
7455.5 4 2
7456.5 4 2
7457.5 10 3.16228
7458.5 8 2.82843
7459.5 5 2.23607
7460.5 4 2
7461.5 3 1.73205
7462.5 8 2.82843
7463.5 5 2.23607
7464.5 7 2.64575
7465.5 4 2
7466.5 7 2.64575
7467.5 8 2.82843
7468.5 4 2
7469.5 2 1.41421
7470.5 7 2.64575
7471.5 5 2.23607
7472.5 7 2.64575
7473.5 6 2.44949
7474.5 6 2.44949
7475.5 8 2.82843
7476.5 9 3
7477.5 1 1
7478.5 10 3.16228
7479.5 12 3.4641
7480.5 4 2
7481.5 7 2.64575
7482.5 3 1.73205
7483.5 8 2.82843
7484.5 8 2.82843
7485.5 7 2.64575
7486.5 7 2.64575
7487.5 5 2.23607
7488.5 5 2.23607
7489.5 8 2.82843
7490.5 8 2.82843
7491.5 4 2
7492.5 8 2.82843
7493.5 7 2.64575
7494.5 5 2.23607
7495.5 6 2.44949
7496.5 8 2.82843
7497.5 3 1.73205
7498.5 7 2.64575
7499.5 6 2.44949
7500.5 12 3.4641
7501.5 7 2.64575
7502.5 3 1.73205
7503.5 12 3.4641
7504.5 4 2
7505.5 3 1.73205
7506.5 6 2.44949
7507.5 5 2.23607
7508.5 6 2.44949
7509.5 3 1.73205
7510.5 8 2.82843
7511.5 5 2.23607
7512.5 7 2.64575
7513.5 8 2.82843
7514.5 1 1
7515.5 5 2.23607
7516.5 7 2.64575
7517.5 7 2.64575
7518.5 7 2.64575
7519.5 8 2.82843
7520.5 6 2.44949
7521.5 6 2.44949
7522.5 8 2.82843
7523.5 10 3.16228
7524.5 7 2.64575
7525.5 9 3
7526.5 12 3.4641
7527.5 5 2.23607
7528.5 5 2.23607
7529.5 4 2
7530.5 9 3
7531.5 5 2.23607
7532.5 3 1.73205
7533.5 4 2
7534.5 4 2
7535.5 5 2.23607
7536.5 5 2.23607
7537.5 4 2
7538.5 2 1.41421
7539.5 4 2
7540.5 7 2.64575
7541.5 4 2
7542.5 4 2
7543.5 6 2.44949
7544.5 6 2.44949
7545.5 1 1
7546.5 6 2.44949
7547.5 5 2.23607
7548.5 6 2.44949
7549.5 6 2.44949
7550.5 9 3
7551.5 3 1.73205
7552.5 12 3.4641
7553.5 8 2.82843
7554.5 4 2
7555.5 11 3.31662
7556.5 5 2.23607
7557.5 6 2.44949
7558.5 7 2.64575
7559.5 6 2.44949
7560.5 4 2
7561.5 6 2.44949
7562.5 2 1.41421
7563.5 5 2.23607
7564.5 5 2.23607
7565.5 7 2.64575
7566.5 4 2
7567.5 4 2
7568.5 7 2.64575
7569.5 6 2.44949
7570.5 5 2.23607
7571.5 7 2.64575
7572.5 1 1
7573.5 8 2.82843
7574.5 9 3
7575.5 7 2.64575
7576.5 5 2.23607
7577.5 10 3.16228
7578.5 6 2.44949
7579.5 8 2.82843
7580.5 7 2.64575
7581.5 7 2.64575
7582.5 6 2.44949
7583.5 2 1.41421
7584.5 6 2.44949
7585.5 6 2.44949
7586.5 3 1.73205
7587.5 8 2.82843
7588.5 3 1.73205
7589.5 9 3
7590.5 3 1.73205
7591.5 15 3.87298
7592.5 6 2.44949
7593.5 6 2.44949
7594.5 8 2.82843
7595.5 8 2.82843
7596.5 5 2.23607
7597.5 10 3.16228
7598.5 4 2
7599.5 8 2.82843
7600.5 6 2.44949
7601.5 8 2.82843
7602.5 7 2.64575
7603.5 10 3.16228
7604.5 8 2.82843
7605.5 10 3.16228
7606.5 4 2
7607.5 5 2.23607
7608.5 7 2.64575
7609.5 4 2
7610.5 5 2.23607
7611.5 4 2
7612.5 4 2
7613.5 11 3.31662
7614.5 4 2
7615.5 6 2.44949
7616.5 3 1.73205
7617.5 8 2.82843
7618.5 6 2.44949
7619.5 4 2
7620.5 3 1.73205
7621.5 6 2.44949
7622.5 3 1.73205
7623.5 12 3.4641
7624.5 5 2.23607
7625.5 9 3
7626.5 2 1.41421
7627.5 10 3.16228
7628.5 2 1.41421
7629.5 7 2.64575
7630.5 10 3.16228
7631.5 5 2.23607
7632.5 5 2.23607
7633.5 10 3.16228
7634.5 8 2.82843
7635.5 6 2.44949
7636.5 11 3.31662
7637.5 7 2.64575
7638.5 6 2.44949
7639.5 1 1
7640.5 8 2.82843
7641.5 2 1.41421
7642.5 3 1.73205
7643.5 4 2
7644.5 6 2.44949
7645.5 5 2.23607
7646.5 8 2.82843
7647.5 4 2
7648.5 4 2
7649.5 2 1.41421
7650.5 6 2.44949
7651.5 4 2
7652.5 7 2.64575
7653.5 9 3
7654.5 6 2.44949
7655.5 4 2
7656.5 4 2
7657.5 4 2
7658.5 11 3.31662
7659.5 4 2
7660.5 6 2.44949
7661.5 4 2
7662.5 7 2.64575
7663.5 6 2.44949
7664.5 5 2.23607
7665.5 7 2.64575
7666.5 8 2.82843
7667.5 6 2.44949
7668.5 6 2.44949
7669.5 4 2
7670.5 4 2
7671.5 9 3
7672.5 6 2.44949
7673.5 5 2.23607
7674.5 10 3.16228
7675.5 5 2.23607
7676.5 7 2.64575
7677.5 3 1.73205
7678.5 5 2.23607
7679.5 5 2.23607
7680.5 5 2.23607
7681.5 8 2.82843
7682.5 8 2.82843
7683.5 5 2.23607
7684.5 11 3.31662
7685.5 4 2
7686.5 5 2.23607
7687.5 1 1
7688.5 5 2.23607
7689.5 7 2.64575
7690.5 7 2.64575
7691.5 5 2.23607
7692.5 8 2.82843
7693.5 7 2.64575
7694.5 6 2.44949
7695.5 8 2.82843
7696.5 8 2.82843
7697.5 7 2.64575
7698.5 9 3
7699.5 8 2.82843
7700.5 8 2.82843
7701.5 5 2.23607
7702.5 7 2.64575
7703.5 3 1.73205
7704.5 8 2.82843
7705.5 1 1
7706.5 2 1.41421
7707.5 7 2.64575
7708.5 7 2.64575
7709.5 6 2.44949
7710.5 3 1.73205
7711.5 7 2.64575
7712.5 10 3.16228
7713.5 5 2.23607
7714.5 6 2.44949
7715.5 4 2
7716.5 6 2.44949
7717.5 13 3.60555
7718.5 4 2
7719.5 2 1.41421
7720.5 4 2
7721.5 6 2.44949
7722.5 14 3.74166
7723.5 4 2
7724.5 3 1.73205
7725.5 6 2.44949
7726.5 8 2.82843
7727.5 9 3
7728.5 7 2.64575
7729.5 5 2.23607
7730.5 8 2.82843
7731.5 6 2.44949
7732.5 8 2.82843
7733.5 6 2.44949
7734.5 7 2.64575
7735.5 4 2
7736.5 8 2.82843
7737.5 2 1.41421
7738.5 9 3
7739.5 6 2.44949
7740.5 6 2.44949
7741.5 3 1.73205
7742.5 6 2.44949
7743.5 9 3
7744.5 3 1.73205
7745.5 10 3.16228
7746.5 6 2.44949
7747.5 2 1.41421
7748.5 11 3.31662
7749.5 1 1
7750.5 10 3.16228
7751.5 11 3.31662
7752.5 7 2.64575
7753.5 9 3
7754.5 7 2.64575
7755.5 6 2.44949
7756.5 9 3
7757.5 10 3.16228
7758.5 8 2.82843
7759.5 7 2.64575
7760.5 5 2.23607
7761.5 5 2.23607
7762.5 7 2.64575
7763.5 9 3
7764.5 9 3
7765.5 6 2.44949
7766.5 4 2
7767.5 6 2.44949
7768.5 5 2.23607
7769.5 5 2.23607
7770.5 4 2
7771.5 8 2.82843
7772.5 3 1.73205
7773.5 8 2.82843
7774.5 6 2.44949
7775.5 9 3
7776.5 7 2.64575
7777.5 5 2.23607
7778.5 4 2
7779.5 10 3.16228
7780.5 7 2.64575
7781.5 7 2.64575
7782.5 8 2.82843
7783.5 7 2.64575
7784.5 4 2
7785.5 9 3
7786.5 3 1.73205
7787.5 5 2.23607
7788.5 6 2.44949
7789.5 8 2.82843
7790.5 8 2.82843
7791.5 5 2.23607
7792.5 7 2.64575
7793.5 7 2.64575
7794.5 4 2
7795.5 10 3.16228
7796.5 8 2.82843
7797.5 2 1.41421
7798.5 5 2.23607
7799.5 6 2.44949
7800.5 7 2.64575
7801.5 5 2.23607
7802.5 6 2.44949
7803.5 3 1.73205
7804.5 8 2.82843
7805.5 4 2
7806.5 5 2.23607
7807.5 5 2.23607
7808.5 6 2.44949
7809.5 4 2
7810.5 7 2.64575
7811.5 6 2.44949
7812.5 3 1.73205
7813.5 14 3.74166
7814.5 8 2.82843
7815.5 5 2.23607
7816.5 6 2.44949
7817.5 12 3.4641
7818.5 6 2.44949
7819.5 7 2.64575
7820.5 4 2
7821.5 5 2.23607
7822.5 5 2.23607
7823.5 6 2.44949
7824.5 7 2.64575
7825.5 7 2.64575
7826.5 2 1.41421
7827.5 2 1.41421
7828.5 7 2.64575
7829.5 7 2.64575
7830.5 8 2.82843
7831.5 12 3.4641
7832.5 4 2
7833.5 7 2.64575
7834.5 6 2.44949
7835.5 6 2.44949
7836.5 4 2
7837.5 8 2.82843
7838.5 6 2.44949
7839.5 7 2.64575
7840.5 6 2.44949
7841.5 7 2.64575
7842.5 11 3.31662
7843.5 7 2.64575
7844.5 1 1
7845.5 11 3.31662
7846.5 9 3
7847.5 8 2.82843
7848.5 11 3.31662
7849.5 3 1.73205
7850.5 4 2
7851.5 6 2.44949
7852.5 6 2.44949
7853.5 10 3.16228
7854.5 8 2.82843
7855.5 4 2
7856.5 4 2
7857.5 5 2.23607
7858.5 6 2.44949
7859.5 7 2.64575
7860.5 6 2.44949
7861.5 11 3.31662
7862.5 8 2.82843
7863.5 4 2
7864.5 8 2.82843
7865.5 12 3.4641
7866.5 3 1.73205
7867.5 3 1.73205
7868.5 7 2.64575
7869.5 8 2.82843
7870.5 10 3.16228
7871.5 8 2.82843
7872.5 7 2.64575
7873.5 6 2.44949
7874.5 6 2.44949
7875.5 5 2.23607
7876.5 10 3.16228
7877.5 6 2.44949
7878.5 5 2.23607
7879.5 9 3
7880.5 6 2.44949
7881.5 4 2
7882.5 10 3.16228
7883.5 8 2.82843
7884.5 4 2
7885.5 4 2
7886.5 6 2.44949
7887.5 3 1.73205
7888.5 10 3.16228
7889.5 15 3.87298
7890.5 3 1.73205
7891.5 3 1.73205
7892.5 8 2.82843
7893.5 12 3.4641
7894.5 6 2.44949
7895.5 4 2
7896.5 10 3.16228
7897.5 7 2.64575
7898.5 12 3.4641
7899.5 6 2.44949
7900.5 8 2.82843
7901.5 7 2.64575
7902.5 10 3.16228
7903.5 4 2
7904.5 7 2.64575
7905.5 1 1
7906.5 9 3
7907.5 4 2
7908.5 4 2
7909.5 1 1
7910.5 9 3
7911.5 4 2
7912.5 3 1.73205
7913.5 3 1.73205
7914.5 9 3
7915.5 6 2.44949
7916.5 5 2.23607
7917.5 7 2.64575
7918.5 3 1.73205
7919.5 7 2.64575
7920.5 4 2
7921.5 7 2.64575
7922.5 10 3.16228
7923.5 6 2.44949
7924.5 11 3.31662
7925.5 7 2.64575
7926.5 5 2.23607
7927.5 7 2.64575
7928.5 10 3.16228
7929.5 6 2.44949
7930.5 8 2.82843
7931.5 6 2.44949
7932.5 3 1.73205
7933.5 2 1.41421
7934.5 1 1
7935.5 8 2.82843
7936.5 10 3.16228
7937.5 4 2
7938.5 7 2.64575
7939.5 4 2
7940.5 8 2.82843
7941.5 2 1.41421
7942.5 7 2.64575
7943.5 5 2.23607
7944.5 4 2
7945.5 3 1.73205
7946.5 7 2.64575
7947.5 5 2.23607
7948.5 4 2
7949.5 4 2
7950.5 10 3.16228
7951.5 6 2.44949
7952.5 7 2.64575
7953.5 9 3
7954.5 14 3.74166
7955.5 7 2.64575
7956.5 6 2.44949
7957.5 11 3.31662
7958.5 3 1.73205
7959.5 6 2.44949
7960.5 6 2.44949
7961.5 6 2.44949
7962.5 5 2.23607
7963.5 4 2
7964.5 4 2
7965.5 7 2.64575
7966.5 9 3
7967.5 4 2
7968.5 8 2.82843
7969.5 8 2.82843
7970.5 3 1.73205
7971.5 4 2
7972.5 8 2.82843
7973.5 8 2.82843
7974.5 8 2.82843
7975.5 11 3.31662
7976.5 7 2.64575
7977.5 8 2.82843
7978.5 11 3.31662
7979.5 10 3.16228
7980.5 5 2.23607
7981.5 8 2.82843
7982.5 7 2.64575
7983.5 12 3.4641
7984.5 4 2
7985.5 5 2.23607
7986.5 8 2.82843
7987.5 3 1.73205
7988.5 7 2.64575
7989.5 6 2.44949
7990.5 7 2.64575
7991.5 5 2.23607
7992.5 6 2.44949
7993.5 5 2.23607
7994.5 2 1.41421
7995.5 8 2.82843
7996.5 8 2.82843
7997.5 6 2.44949
7998.5 2 1.41421
7999.5 3 1.73205
8000.5 3 1.73205
8001.5 8 2.82843
8002.5 7 2.64575
8003.5 9 3
8004.5 9 3
8005.5 5 2.23607
8006.5 3 1.73205
8007.5 11 3.31662
8008.5 4 2
8009.5 7 2.64575
8010.5 3 1.73205
8011.5 5 2.23607
8012.5 6 2.44949
8013.5 9 3
8014.5 2 1.41421
8015.5 5 2.23607
8016.5 4 2
8017.5 6 2.44949
8018.5 7 2.64575
8019.5 8 2.82843
8020.5 3 1.73205
8021.5 7 2.64575
8022.5 4 2
8023.5 9 3
8024.5 3 1.73205
8025.5 9 3
8026.5 2 1.41421
8027.5 9 3
8028.5 1 1
8029.5 4 2
8030.5 9 3
8031.5 11 3.31662
8032.5 5 2.23607
8033.5 5 2.23607
8034.5 6 2.44949
8035.5 2 1.41421
8036.5 5 2.23607
8037.5 3 1.73205
8038.5 4 2
8039.5 3 1.73205
8040.5 6 2.44949
8041.5 9 3
8042.5 9 3
8043.5 8 2.82843
8044.5 7 2.64575
8045.5 9 3
8046.5 7 2.64575
8047.5 7 2.64575
8048.5 9 3
8049.5 6 2.44949
8050.5 10 3.16228
8051.5 1 1
8052.5 7 2.64575
8053.5 4 2
8054.5 5 2.23607
8055.5 4 2
8056.5 11 3.31662
8057.5 6 2.44949
8058.5 6 2.44949
8059.5 6 2.44949
8060.5 6 2.44949
8061.5 7 2.64575
8062.5 7 2.64575
8063.5 1 1
8064.5 6 2.44949
8065.5 5 2.23607
8066.5 6 2.44949
8067.5 12 3.4641
8068.5 7 2.64575
8069.5 4 2
8070.5 10 3.16228
8071.5 5 2.23607
8072.5 8 2.82843
8073.5 5 2.23607
8074.5 5 2.23607
8075.5 3 1.73205
8076.5 16 4
8077.5 7 2.64575
8078.5 10 3.16228
8079.5 11 3.31662
8080.5 13 3.60555
8081.5 12 3.4641
8082.5 12 3.4641
8083.5 18 4.24264
8084.5 17 4.12311
8085.5 14 3.74166
8086.5 13 3.60555
8087.5 23 4.79583
8088.5 19 4.3589
8089.5 12 3.4641
8090.5 18 4.24264
8091.5 19 4.3589
8092.5 13 3.60555
8093.5 8 2.82843
8094.5 9 3
8095.5 8 2.82843
8096.5 9 3
8097.5 6 2.44949
8098.5 10 3.16228
8099.5 13 3.60555
8100.5 4 2
8101.5 9 3
8102.5 12 3.4641
8103.5 3 1.73205
8104.5 5 2.23607
8105.5 7 2.64575
8106.5 1 1
8107.5 8 2.82843
8108.5 8 2.82843
8109.5 2 1.41421
8110.5 5 2.23607
8111.5 6 2.44949
8112.5 3 1.73205
8113.5 7 2.64575
8114.5 6 2.44949
8115.5 7 2.64575
8116.5 9 3
8117.5 4 2
8118.5 5 2.23607
8119.5 6 2.44949
8120.5 6 2.44949
8121.5 9 3
8122.5 3 1.73205
8123.5 10 3.16228
8124.5 2 1.41421
8125.5 3 1.73205
8126.5 9 3
8127.5 4 2
8128.5 4 2
8129.5 0 0
8130.5 8 2.82843
8131.5 8 2.82843
8132.5 8 2.82843
8133.5 5 2.23607
8134.5 4 2
8135.5 10 3.16228
8136.5 6 2.44949
8137.5 7 2.64575
8138.5 6 2.44949
8139.5 5 2.23607
8140.5 5 2.23607
8141.5 8 2.82843
8142.5 6 2.44949
8143.5 6 2.44949
8144.5 9 3
8145.5 8 2.82843
8146.5 10 3.16228
8147.5 2 1.41421
8148.5 9 3
8149.5 7 2.64575
8150.5 7 2.64575
8151.5 6 2.44949
8152.5 7 2.64575
8153.5 3 1.73205
8154.5 10 3.16228
8155.5 12 3.4641
8156.5 6 2.44949
8157.5 5 2.23607
8158.5 7 2.64575
8159.5 5 2.23607
8160.5 4 2
8161.5 7 2.64575
8162.5 6 2.44949
8163.5 8 2.82843
8164.5 4 2
8165.5 8 2.82843
8166.5 6 2.44949
8167.5 7 2.64575
8168.5 7 2.64575
8169.5 11 3.31662
8170.5 5 2.23607
8171.5 6 2.44949
8172.5 7 2.64575
8173.5 6 2.44949
8174.5 10 3.16228
8175.5 7 2.64575
8176.5 4 2
8177.5 5 2.23607
8178.5 5 2.23607
8179.5 6 2.44949
8180.5 8 2.82843
8181.5 6 2.44949
8182.5 8 2.82843
8183.5 9 3
8184.5 2 1.41421
8185.5 6 2.44949
8186.5 9 3
8187.5 3 1.73205
8188.5 5 2.23607
8189.5 4 2
8190.5 3 1.73205
8191.5 8 2.82843
8192.5 6 2.44949
8193.5 5 2.23607
8194.5 2 1.41421
8195.5 7 2.64575
8196.5 6 2.44949
8197.5 9 3
8198.5 7 2.64575
8199.5 2 1.41421
8200.5 8 2.82843
8201.5 8 2.82843
8202.5 6 2.44949
8203.5 3 1.73205
8204.5 10 3.16228
8205.5 9 3
8206.5 2 1.41421
8207.5 10 3.16228
8208.5 7 2.64575
8209.5 5 2.23607
8210.5 5 2.23607
8211.5 14 3.74166
8212.5 5 2.23607
8213.5 7 2.64575
8214.5 6 2.44949
8215.5 4 2
8216.5 9 3
8217.5 6 2.44949
8218.5 4 2
8219.5 4 2
8220.5 10 3.16228
8221.5 9 3
8222.5 4 2
8223.5 4 2
8224.5 6 2.44949
8225.5 8 2.82843
8226.5 7 2.64575
8227.5 6 2.44949
8228.5 3 1.73205
8229.5 1 1
8230.5 7 2.64575
8231.5 10 3.16228
8232.5 9 3
8233.5 6 2.44949
8234.5 8 2.82843
8235.5 12 3.4641
8236.5 8 2.82843
8237.5 5 2.23607
8238.5 8 2.82843
8239.5 6 2.44949
8240.5 10 3.16228
8241.5 4 2
8242.5 1 1
8243.5 10 3.16228
8244.5 4 2
8245.5 8 2.82843
8246.5 8 2.82843
8247.5 4 2
8248.5 7 2.64575
8249.5 10 3.16228
8250.5 6 2.44949
8251.5 2 1.41421
8252.5 4 2
8253.5 4 2
8254.5 7 2.64575
8255.5 11 3.31662
8256.5 7 2.64575
8257.5 11 3.31662
8258.5 4 2
8259.5 8 2.82843
8260.5 3 1.73205
8261.5 1 1
8262.5 3 1.73205
8263.5 5 2.23607
8264.5 9 3
8265.5 8 2.82843
8266.5 7 2.64575
8267.5 7 2.64575
8268.5 5 2.23607
8269.5 9 3
8270.5 6 2.44949
8271.5 2 1.41421
8272.5 8 2.82843
8273.5 11 3.31662
8274.5 8 2.82843
8275.5 4 2
8276.5 9 3
8277.5 6 2.44949
8278.5 10 3.16228
8279.5 13 3.60555
8280.5 10 3.16228
8281.5 9 3
8282.5 5 2.23607
8283.5 11 3.31662
8284.5 5 2.23607
8285.5 7 2.64575
8286.5 15 3.87298
8287.5 4 2
8288.5 6 2.44949
8289.5 5 2.23607
8290.5 12 3.4641
8291.5 5 2.23607
8292.5 5 2.23607
8293.5 8 2.82843
8294.5 10 3.16228
8295.5 2 1.41421
8296.5 1 1
8297.5 8 2.82843
8298.5 10 3.16228
8299.5 6 2.44949
8300.5 12 3.4641
8301.5 12 3.4641
8302.5 13 3.60555
8303.5 16 4
8304.5 13 3.60555
8305.5 10 3.16228
8306.5 15 3.87298
8307.5 10 3.16228
8308.5 16 4
8309.5 27 5.19615
8310.5 18 4.24264
8311.5 17 4.12311
8312.5 26 5.09902
8313.5 31 5.56776
8314.5 24 4.89898
8315.5 29 5.38516
8316.5 35 5.91608
8317.5 27 5.19615
8318.5 23 4.79583
8319.5 17 4.12311
8320.5 21 4.58258
8321.5 19 4.3589
8322.5 19 4.3589
8323.5 12 3.4641
8324.5 14 3.74166
8325.5 20 4.47214
8326.5 9 3
8327.5 16 4
8328.5 16 4
8329.5 7 2.64575
8330.5 7 2.64575
8331.5 7 2.64575
8332.5 15 3.87298
8333.5 13 3.60555
8334.5 7 2.64575
8335.5 8 2.82843
8336.5 11 3.31662
8337.5 10 3.16228
8338.5 11 3.31662
8339.5 7 2.64575
8340.5 7 2.64575
8341.5 10 3.16228
8342.5 7 2.64575
8343.5 4 2
8344.5 8 2.82843
8345.5 8 2.82843
8346.5 8 2.82843
8347.5 15 3.87298
8348.5 2 1.41421
8349.5 9 3
8350.5 13 3.60555
8351.5 7 2.64575
8352.5 9 3
8353.5 7 2.64575
8354.5 6 2.44949
8355.5 7 2.64575
8356.5 1 1
8357.5 13 3.60555
8358.5 9 3
8359.5 9 3
8360.5 6 2.44949
8361.5 6 2.44949
8362.5 5 2.23607
8363.5 7 2.64575
8364.5 13 3.60555
8365.5 3 1.73205
8366.5 9 3
8367.5 12 3.4641
8368.5 9 3
8369.5 5 2.23607
8370.5 4 2
8371.5 9 3
8372.5 4 2
8373.5 3 1.73205
8374.5 6 2.44949
8375.5 7 2.64575
8376.5 8 2.82843
8377.5 6 2.44949
8378.5 5 2.23607
8379.5 5 2.23607
8380.5 7 2.64575
8381.5 6 2.44949
8382.5 3 1.73205
8383.5 4 2
8384.5 7 2.64575
8385.5 5 2.23607
8386.5 12 3.4641
8387.5 9 3
8388.5 9 3
8389.5 5 2.23607
8390.5 9 3
8391.5 9 3
8392.5 9 3
8393.5 4 2
8394.5 12 3.4641
8395.5 9 3
8396.5 3 1.73205
8397.5 8 2.82843
8398.5 6 2.44949
8399.5 7 2.64575
8400.5 12 3.4641
8401.5 5 2.23607
8402.5 8 2.82843
8403.5 10 3.16228
8404.5 6 2.44949
8405.5 9 3
8406.5 7 2.64575
8407.5 6 2.44949
8408.5 13 3.60555
8409.5 5 2.23607
8410.5 7 2.64575
8411.5 9 3
8412.5 7 2.64575
8413.5 9 3
8414.5 11 3.31662
8415.5 8 2.82843
8416.5 3 1.73205
8417.5 8 2.82843
8418.5 12 3.4641
8419.5 7 2.64575
8420.5 7 2.64575
8421.5 12 3.4641
8422.5 6 2.44949
8423.5 6 2.44949
8424.5 6 2.44949
8425.5 4 2
8426.5 10 3.16228
8427.5 4 2
8428.5 4 2
8429.5 5 2.23607
8430.5 5 2.23607
8431.5 7 2.64575
8432.5 9 3
8433.5 12 3.4641
8434.5 4 2
8435.5 5 2.23607
8436.5 11 3.31662
8437.5 10 3.16228
8438.5 7 2.64575
8439.5 7 2.64575
8440.5 13 3.60555
8441.5 8 2.82843
8442.5 9 3
8443.5 6 2.44949
8444.5 6 2.44949
8445.5 7 2.64575
8446.5 16 4
8447.5 4 2
8448.5 6 2.44949
8449.5 5 2.23607
8450.5 6 2.44949
8451.5 8 2.82843
8452.5 7 2.64575
8453.5 11 3.31662
8454.5 8 2.82843
8455.5 5 2.23607
8456.5 14 3.74166
8457.5 7 2.64575
8458.5 9 3
8459.5 10 3.16228
8460.5 3 1.73205
8461.5 9 3
8462.5 6 2.44949
8463.5 7 2.64575
8464.5 4 2
8465.5 4 2
8466.5 6 2.44949
8467.5 7 2.64575
8468.5 11 3.31662
8469.5 2 1.41421
8470.5 9 3
8471.5 5 2.23607
8472.5 8 2.82843
8473.5 7 2.64575
8474.5 9 3
8475.5 3 1.73205
8476.5 6 2.44949
8477.5 3 1.73205
8478.5 5 2.23607
8479.5 8 2.82843
8480.5 9 3
8481.5 6 2.44949
8482.5 10 3.16228
8483.5 5 2.23607
8484.5 8 2.82843
8485.5 6 2.44949
8486.5 11 3.31662
8487.5 8 2.82843
8488.5 9 3
8489.5 7 2.64575
8490.5 7 2.64575
8491.5 10 3.16228
8492.5 6 2.44949
8493.5 10 3.16228
8494.5 5 2.23607
8495.5 8 2.82843
8496.5 8 2.82843
8497.5 6 2.44949
8498.5 5 2.23607
8499.5 8 2.82843
8500.5 4 2
8501.5 4 2
8502.5 7 2.64575
8503.5 3 1.73205
8504.5 6 2.44949
8505.5 9 3
8506.5 10 3.16228
8507.5 3 1.73205
8508.5 7 2.64575
8509.5 11 3.31662
8510.5 9 3
8511.5 3 1.73205
8512.5 7 2.64575
8513.5 4 2
8514.5 10 3.16228
8515.5 6 2.44949
8516.5 9 3
8517.5 9 3
8518.5 4 2
8519.5 8 2.82843
8520.5 6 2.44949
8521.5 5 2.23607
8522.5 5 2.23607
8523.5 7 2.64575
8524.5 5 2.23607
8525.5 4 2
8526.5 8 2.82843
8527.5 4 2
8528.5 4 2
8529.5 10 3.16228
8530.5 4 2
8531.5 8 2.82843
8532.5 4 2
8533.5 10 3.16228
8534.5 5 2.23607
8535.5 8 2.82843
8536.5 7 2.64575
8537.5 5 2.23607
8538.5 3 1.73205
8539.5 6 2.44949
8540.5 7 2.64575
8541.5 7 2.64575
8542.5 6 2.44949
8543.5 7 2.64575
8544.5 9 3
8545.5 6 2.44949
8546.5 4 2
8547.5 10 3.16228
8548.5 9 3
8549.5 11 3.31662
8550.5 5 2.23607
8551.5 13 3.60555
8552.5 8 2.82843
8553.5 9 3
8554.5 7 2.64575
8555.5 8 2.82843
8556.5 8 2.82843
8557.5 13 3.60555
8558.5 8 2.82843
8559.5 3 1.73205
8560.5 6 2.44949
8561.5 15 3.87298
8562.5 5 2.23607
8563.5 6 2.44949
8564.5 5 2.23607
8565.5 13 3.60555
8566.5 6 2.44949
8567.5 7 2.64575
8568.5 5 2.23607
8569.5 6 2.44949
8570.5 3 1.73205
8571.5 10 3.16228
8572.5 2 1.41421
8573.5 10 3.16228
8574.5 9 3
8575.5 7 2.64575
8576.5 6 2.44949
8577.5 6 2.44949
8578.5 9 3
8579.5 7 2.64575
8580.5 8 2.82843
8581.5 2 1.41421
8582.5 9 3
8583.5 4 2
8584.5 5 2.23607
8585.5 6 2.44949
8586.5 11 3.31662
8587.5 7 2.64575
8588.5 7 2.64575
8589.5 7 2.64575
8590.5 7 2.64575
8591.5 5 2.23607
8592.5 4 2
8593.5 9 3
8594.5 6 2.44949
8595.5 4 2
8596.5 4 2
8597.5 6 2.44949
8598.5 8 2.82843
8599.5 7 2.64575
8600.5 8 2.82843
8601.5 11 3.31662
8602.5 7 2.64575
8603.5 4 2
8604.5 5 2.23607
8605.5 8 2.82843
8606.5 15 3.87298
8607.5 11 3.31662
8608.5 9 3
8609.5 8 2.82843
8610.5 8 2.82843
8611.5 6 2.44949
8612.5 17 4.12311
8613.5 12 3.4641
8614.5 12 3.4641
8615.5 9 3
8616.5 6 2.44949
8617.5 12 3.4641
8618.5 8 2.82843
8619.5 8 2.82843
8620.5 10 3.16228
8621.5 8 2.82843
8622.5 12 3.4641
8623.5 11 3.31662
8624.5 7 2.64575
8625.5 10 3.16228
8626.5 5 2.23607
8627.5 6 2.44949
8628.5 5 2.23607
8629.5 8 2.82843
8630.5 2 1.41421
8631.5 8 2.82843
8632.5 9 3
8633.5 11 3.31662
8634.5 6 2.44949
8635.5 11 3.31662
8636.5 4 2
8637.5 4 2
8638.5 10 3.16228
8639.5 7 2.64575
8640.5 10 3.16228
8641.5 9 3
8642.5 3 1.73205
8643.5 6 2.44949
8644.5 3 1.73205
8645.5 9 3
8646.5 10 3.16228
8647.5 6 2.44949
8648.5 9 3
8649.5 14 3.74166
8650.5 5 2.23607
8651.5 7 2.64575
8652.5 7 2.64575
8653.5 9 3
8654.5 11 3.31662
8655.5 5 2.23607
8656.5 8 2.82843
8657.5 4 2
8658.5 7 2.64575
8659.5 8 2.82843
8660.5 10 3.16228
8661.5 6 2.44949
8662.5 4 2
8663.5 10 3.16228
8664.5 8 2.82843
8665.5 7 2.64575
8666.5 4 2
8667.5 10 3.16228
8668.5 6 2.44949
8669.5 3 1.73205
8670.5 6 2.44949
8671.5 5 2.23607
8672.5 8 2.82843
8673.5 4 2
8674.5 5 2.23607
8675.5 3 1.73205
8676.5 8 2.82843
8677.5 4 2
8678.5 7 2.64575
8679.5 4 2
8680.5 9 3
8681.5 5 2.23607
8682.5 8 2.82843
8683.5 9 3
8684.5 6 2.44949
8685.5 7 2.64575
8686.5 8 2.82843
8687.5 8 2.82843
8688.5 8 2.82843
8689.5 12 3.4641
8690.5 7 2.64575
8691.5 11 3.31662
8692.5 5 2.23607
8693.5 6 2.44949
8694.5 6 2.44949
8695.5 5 2.23607
8696.5 7 2.64575
8697.5 4 2
8698.5 9 3
8699.5 3 1.73205
8700.5 7 2.64575
8701.5 5 2.23607
8702.5 7 2.64575
8703.5 10 3.16228
8704.5 7 2.64575
8705.5 3 1.73205
8706.5 4 2
8707.5 6 2.44949
8708.5 8 2.82843
8709.5 8 2.82843
8710.5 10 3.16228
8711.5 10 3.16228
8712.5 4 2
8713.5 6 2.44949
8714.5 6 2.44949
8715.5 8 2.82843
8716.5 4 2
8717.5 7 2.64575
8718.5 9 3
8719.5 5 2.23607
8720.5 7 2.64575
8721.5 8 2.82843
8722.5 9 3
8723.5 7 2.64575
8724.5 5 2.23607
8725.5 10 3.16228
8726.5 13 3.60555
8727.5 5 2.23607
8728.5 9 3
8729.5 9 3
8730.5 5 2.23607
8731.5 7 2.64575
8732.5 10 3.16228
8733.5 9 3
8734.5 9 3
8735.5 7 2.64575
8736.5 12 3.4641
8737.5 2 1.41421
8738.5 11 3.31662
8739.5 5 2.23607
8740.5 11 3.31662
8741.5 15 3.87298
8742.5 10 3.16228
8743.5 11 3.31662
8744.5 8 2.82843
8745.5 5 2.23607
8746.5 8 2.82843
8747.5 7 2.64575
8748.5 6 2.44949
8749.5 8 2.82843
8750.5 6 2.44949
8751.5 6 2.44949
8752.5 7 2.64575
8753.5 8 2.82843
8754.5 6 2.44949
8755.5 4 2
8756.5 5 2.23607
8757.5 3 1.73205
8758.5 11 3.31662
8759.5 5 2.23607
8760.5 11 3.31662
8761.5 12 3.4641
8762.5 4 2
8763.5 12 3.4641
8764.5 5 2.23607
8765.5 10 3.16228
8766.5 7 2.64575
8767.5 12 3.4641
8768.5 12 3.4641
8769.5 7 2.64575
8770.5 10 3.16228
8771.5 10 3.16228
8772.5 5 2.23607
8773.5 5 2.23607
8774.5 3 1.73205
8775.5 4 2
8776.5 8 2.82843
8777.5 6 2.44949
8778.5 7 2.64575
8779.5 10 3.16228
8780.5 9 3
8781.5 9 3
8782.5 6 2.44949
8783.5 6 2.44949
8784.5 7 2.64575
8785.5 5 2.23607
8786.5 7 2.64575
8787.5 6 2.44949
8788.5 6 2.44949
8789.5 9 3
8790.5 9 3
8791.5 10 3.16228
8792.5 9 3
8793.5 9 3
8794.5 13 3.60555
8795.5 5 2.23607
8796.5 18 4.24264
8797.5 5 2.23607
8798.5 7 2.64575
8799.5 11 3.31662
8800.5 10 3.16228
8801.5 10 3.16228
8802.5 9 3
8803.5 7 2.64575
8804.5 8 2.82843
8805.5 5 2.23607
8806.5 8 2.82843
8807.5 6 2.44949
8808.5 3 1.73205
8809.5 12 3.4641
8810.5 8 2.82843
8811.5 13 3.60555
8812.5 5 2.23607
8813.5 8 2.82843
8814.5 10 3.16228
8815.5 8 2.82843
8816.5 5 2.23607
8817.5 6 2.44949
8818.5 7 2.64575
8819.5 9 3
8820.5 10 3.16228
8821.5 4 2
8822.5 11 3.31662
8823.5 14 3.74166
8824.5 7 2.64575
8825.5 8 2.82843
8826.5 6 2.44949
8827.5 10 3.16228
8828.5 8 2.82843
8829.5 5 2.23607
8830.5 4 2
8831.5 5 2.23607
8832.5 7 2.64575
8833.5 6 2.44949
8834.5 4 2
8835.5 6 2.44949
8836.5 8 2.82843
8837.5 3 1.73205
8838.5 8 2.82843
8839.5 11 3.31662
8840.5 9 3
8841.5 4 2
8842.5 6 2.44949
8843.5 8 2.82843
8844.5 6 2.44949
8845.5 12 3.4641
8846.5 7 2.64575
8847.5 9 3
8848.5 6 2.44949
8849.5 5 2.23607
8850.5 5 2.23607
8851.5 7 2.64575
8852.5 5 2.23607
8853.5 13 3.60555
8854.5 9 3
8855.5 12 3.4641
8856.5 9 3
8857.5 5 2.23607
8858.5 8 2.82843
8859.5 7 2.64575
8860.5 7 2.64575
8861.5 6 2.44949
8862.5 7 2.64575
8863.5 6 2.44949
8864.5 10 3.16228
8865.5 4 2
8866.5 5 2.23607
8867.5 8 2.82843
8868.5 7 2.64575
8869.5 11 3.31662
8870.5 6 2.44949
8871.5 10 3.16228
8872.5 7 2.64575
8873.5 7 2.64575
8874.5 7 2.64575
8875.5 5 2.23607
8876.5 10 3.16228
8877.5 9 3
8878.5 9 3
8879.5 4 2
8880.5 8 2.82843
8881.5 9 3
8882.5 6 2.44949
8883.5 6 2.44949
8884.5 4 2
8885.5 6 2.44949
8886.5 5 2.23607
8887.5 9 3
8888.5 7 2.64575
8889.5 9 3
8890.5 6 2.44949
8891.5 8 2.82843
8892.5 6 2.44949
8893.5 8 2.82843
8894.5 9 3
8895.5 12 3.4641
8896.5 5 2.23607
8897.5 5 2.23607
8898.5 5 2.23607
8899.5 6 2.44949
8900.5 11 3.31662
8901.5 5 2.23607
8902.5 9 3
8903.5 7 2.64575
8904.5 7 2.64575
8905.5 9 3
8906.5 7 2.64575
8907.5 8 2.82843
8908.5 7 2.64575
8909.5 6 2.44949
8910.5 7 2.64575
8911.5 6 2.44949
8912.5 6 2.44949
8913.5 7 2.64575
8914.5 12 3.4641
8915.5 12 3.4641
8916.5 8 2.82843
8917.5 9 3
8918.5 14 3.74166
8919.5 6 2.44949
8920.5 9 3
8921.5 3 1.73205
8922.5 7 2.64575
8923.5 8 2.82843
8924.5 8 2.82843
8925.5 4 2
8926.5 5 2.23607
8927.5 12 3.4641
8928.5 12 3.4641
8929.5 10 3.16228
8930.5 10 3.16228
8931.5 7 2.64575
8932.5 6 2.44949
8933.5 5 2.23607
8934.5 7 2.64575
8935.5 9 3
8936.5 9 3
8937.5 12 3.4641
8938.5 6 2.44949
8939.5 9 3
8940.5 6 2.44949
8941.5 7 2.64575
8942.5 4 2
8943.5 4 2
8944.5 7 2.64575
8945.5 9 3
8946.5 7 2.64575
8947.5 12 3.4641
8948.5 10 3.16228
8949.5 14 3.74166
8950.5 9 3
8951.5 12 3.4641
8952.5 12 3.4641
8953.5 10 3.16228
8954.5 5 2.23607
8955.5 9 3
8956.5 5 2.23607
8957.5 5 2.23607
8958.5 10 3.16228
8959.5 9 3
8960.5 5 2.23607
8961.5 8 2.82843
8962.5 7 2.64575
8963.5 9 3
8964.5 11 3.31662
8965.5 7 2.64575
8966.5 11 3.31662
8967.5 8 2.82843
8968.5 10 3.16228
8969.5 9 3
8970.5 7 2.64575
8971.5 5 2.23607
8972.5 13 3.60555
8973.5 7 2.64575
8974.5 9 3
8975.5 8 2.82843
8976.5 11 3.31662
8977.5 4 2
8978.5 8 2.82843
8979.5 6 2.44949
8980.5 6 2.44949
8981.5 9 3
8982.5 4 2
8983.5 3 1.73205
8984.5 9 3
8985.5 7 2.64575
8986.5 7 2.64575
8987.5 5 2.23607
8988.5 5 2.23607
8989.5 3 1.73205
8990.5 9 3
8991.5 7 2.64575
8992.5 8 2.82843
8993.5 9 3
8994.5 10 3.16228
8995.5 7 2.64575
8996.5 9 3
8997.5 3 1.73205
8998.5 7 2.64575
8999.5 9 3
9000.5 14 3.74166
9001.5 9 3
9002.5 10 3.16228
9003.5 2 1.41421
9004.5 9 3
9005.5 9 3
9006.5 13 3.60555
9007.5 10 3.16228
9008.5 11 3.31662
9009.5 7 2.64575
9010.5 8 2.82843
9011.5 12 3.4641
9012.5 10 3.16228
9013.5 10 3.16228
9014.5 8 2.82843
9015.5 7 2.64575
9016.5 6 2.44949
9017.5 6 2.44949
9018.5 9 3
9019.5 5 2.23607
9020.5 10 3.16228
9021.5 10 3.16228
9022.5 7 2.64575
9023.5 4 2
9024.5 15 3.87298
9025.5 7 2.64575
9026.5 9 3
9027.5 8 2.82843
9028.5 7 2.64575
9029.5 12 3.4641
9030.5 7 2.64575
9031.5 4 2
9032.5 9 3
9033.5 3 1.73205
9034.5 13 3.60555
9035.5 5 2.23607
9036.5 2 1.41421
9037.5 6 2.44949
9038.5 10 3.16228
9039.5 7 2.64575
9040.5 10 3.16228
9041.5 4 2
9042.5 7 2.64575
9043.5 8 2.82843
9044.5 5 2.23607
9045.5 11 3.31662
9046.5 10 3.16228
9047.5 9 3
9048.5 8 2.82843
9049.5 6 2.44949
9050.5 7 2.64575
9051.5 9 3
9052.5 6 2.44949
9053.5 4 2
9054.5 1 1
9055.5 11 3.31662
9056.5 10 3.16228
9057.5 2 1.41421
9058.5 6 2.44949
9059.5 7 2.64575
9060.5 7 2.64575
9061.5 7 2.64575
9062.5 4 2
9063.5 11 3.31662
9064.5 6 2.44949
9065.5 13 3.60555
9066.5 11 3.31662
9067.5 6 2.44949
9068.5 6 2.44949
9069.5 9 3
9070.5 8 2.82843
9071.5 7 2.64575
9072.5 10 3.16228
9073.5 8 2.82843
9074.5 6 2.44949
9075.5 8 2.82843
9076.5 13 3.60555
9077.5 6 2.44949
9078.5 11 3.31662
9079.5 14 3.74166
9080.5 9 3
9081.5 6 2.44949
9082.5 8 2.82843
9083.5 5 2.23607
9084.5 10 3.16228
9085.5 8 2.82843
9086.5 6 2.44949
9087.5 7 2.64575
9088.5 9 3
9089.5 7 2.64575
9090.5 6 2.44949
9091.5 11 3.31662
9092.5 8 2.82843
9093.5 9 3
9094.5 6 2.44949
9095.5 10 3.16228
9096.5 13 3.60555
9097.5 13 3.60555
9098.5 12 3.4641
9099.5 5 2.23607
9100.5 9 3
9101.5 11 3.31662
9102.5 9 3
9103.5 14 3.74166
9104.5 4 2
9105.5 7 2.64575
9106.5 14 3.74166
9107.5 8 2.82843
9108.5 9 3
9109.5 10 3.16228
9110.5 1 1
9111.5 6 2.44949
9112.5 12 3.4641
9113.5 12 3.4641
9114.5 8 2.82843
9115.5 10 3.16228
9116.5 8 2.82843
9117.5 8 2.82843
9118.5 10 3.16228
9119.5 8 2.82843
9120.5 7 2.64575
9121.5 15 3.87298
9122.5 11 3.31662
9123.5 13 3.60555
9124.5 9 3
9125.5 12 3.4641
9126.5 8 2.82843
9127.5 7 2.64575
9128.5 7 2.64575
9129.5 7 2.64575
9130.5 7 2.64575
9131.5 10 3.16228
9132.5 4 2
9133.5 6 2.44949
9134.5 8 2.82843
9135.5 10 3.16228
9136.5 8 2.82843
9137.5 8 2.82843
9138.5 7 2.64575
9139.5 9 3
9140.5 9 3
9141.5 8 2.82843
9142.5 7 2.64575
9143.5 5 2.23607
9144.5 8 2.82843
9145.5 10 3.16228
9146.5 16 4
9147.5 11 3.31662
9148.5 8 2.82843
9149.5 13 3.60555
9150.5 8 2.82843
9151.5 6 2.44949
9152.5 6 2.44949
9153.5 7 2.64575
9154.5 3 1.73205
9155.5 10 3.16228
9156.5 4 2
9157.5 17 4.12311
9158.5 5 2.23607
9159.5 8 2.82843
9160.5 13 3.60555
9161.5 2 1.41421
9162.5 10 3.16228
9163.5 10 3.16228
9164.5 8 2.82843
9165.5 9 3
9166.5 7 2.64575
9167.5 6 2.44949
9168.5 3 1.73205
9169.5 12 3.4641
9170.5 7 2.64575
9171.5 12 3.4641
9172.5 11 3.31662
9173.5 3 1.73205
9174.5 7 2.64575
9175.5 6 2.44949
9176.5 8 2.82843
9177.5 6 2.44949
9178.5 8 2.82843
9179.5 10 3.16228
9180.5 4 2
9181.5 4 2
9182.5 6 2.44949
9183.5 14 3.74166
9184.5 8 2.82843
9185.5 9 3
9186.5 11 3.31662
9187.5 8 2.82843
9188.5 7 2.64575
9189.5 12 3.4641
9190.5 8 2.82843
9191.5 11 3.31662
9192.5 9 3
9193.5 6 2.44949
9194.5 9 3
9195.5 15 3.87298
9196.5 8 2.82843
9197.5 8 2.82843
9198.5 7 2.64575
9199.5 5 2.23607
9200.5 9 3
9201.5 13 3.60555
9202.5 1 1
9203.5 7 2.64575
9204.5 6 2.44949
9205.5 11 3.31662
9206.5 8 2.82843
9207.5 15 3.87298
9208.5 11 3.31662
9209.5 14 3.74166
9210.5 6 2.44949
9211.5 8 2.82843
9212.5 8 2.82843
9213.5 5 2.23607
9214.5 14 3.74166
9215.5 6 2.44949
9216.5 8 2.82843
9217.5 10 3.16228
9218.5 9 3
9219.5 7 2.64575
9220.5 9 3
9221.5 10 3.16228
9222.5 9 3
9223.5 7 2.64575
9224.5 6 2.44949
9225.5 15 3.87298
9226.5 12 3.4641
9227.5 10 3.16228
9228.5 18 4.24264
9229.5 10 3.16228
9230.5 5 2.23607
9231.5 3 1.73205
9232.5 5 2.23607
9233.5 11 3.31662
9234.5 11 3.31662
9235.5 7 2.64575
9236.5 6 2.44949
9237.5 7 2.64575
9238.5 7 2.64575
9239.5 10 3.16228
9240.5 9 3
9241.5 9 3
9242.5 14 3.74166
9243.5 10 3.16228
9244.5 10 3.16228
9245.5 3 1.73205
9246.5 7 2.64575
9247.5 16 4
9248.5 3 1.73205
9249.5 8 2.82843
9250.5 8 2.82843
9251.5 10 3.16228
9252.5 12 3.4641
9253.5 7 2.64575
9254.5 9 3
9255.5 7 2.64575
9256.5 9 3
9257.5 5 2.23607
9258.5 4 2
9259.5 9 3
9260.5 6 2.44949
9261.5 9 3
9262.5 7 2.64575
9263.5 7 2.64575
9264.5 10 3.16228
9265.5 11 3.31662
9266.5 14 3.74166
9267.5 14 3.74166
9268.5 13 3.60555
9269.5 10 3.16228
9270.5 9 3
9271.5 14 3.74166
9272.5 8 2.82843
9273.5 8 2.82843
9274.5 6 2.44949
9275.5 13 3.60555
9276.5 12 3.4641
9277.5 12 3.4641
9278.5 5 2.23607
9279.5 10 3.16228
9280.5 10 3.16228
9281.5 13 3.60555
9282.5 13 3.60555
9283.5 7 2.64575
9284.5 10 3.16228
9285.5 9 3
9286.5 10 3.16228
9287.5 8 2.82843
9288.5 16 4
9289.5 7 2.64575
9290.5 10 3.16228
9291.5 11 3.31662
9292.5 7 2.64575
9293.5 9 3
9294.5 9 3
9295.5 13 3.60555
9296.5 11 3.31662
9297.5 11 3.31662
9298.5 7 2.64575
9299.5 10 3.16228
9300.5 11 3.31662
9301.5 11 3.31662
9302.5 12 3.4641
9303.5 5 2.23607
9304.5 11 3.31662
9305.5 9 3
9306.5 6 2.44949
9307.5 12 3.4641
9308.5 13 3.60555
9309.5 7 2.64575
9310.5 9 3
9311.5 10 3.16228
9312.5 7 2.64575
9313.5 10 3.16228
9314.5 5 2.23607
9315.5 9 3
9316.5 3 1.73205
9317.5 10 3.16228
9318.5 14 3.74166
9319.5 10 3.16228
9320.5 6 2.44949
9321.5 8 2.82843
9322.5 5 2.23607
9323.5 9 3
9324.5 5 2.23607
9325.5 7 2.64575
9326.5 14 3.74166
9327.5 6 2.44949
9328.5 7 2.64575
9329.5 9 3
9330.5 11 3.31662
9331.5 12 3.4641
9332.5 10 3.16228
9333.5 11 3.31662
9334.5 9 3
9335.5 13 3.60555
9336.5 5 2.23607
9337.5 6 2.44949
9338.5 11 3.31662
9339.5 14 3.74166
9340.5 14 3.74166
9341.5 11 3.31662
9342.5 9 3
9343.5 6 2.44949
9344.5 9 3
9345.5 14 3.74166
9346.5 15 3.87298
9347.5 6 2.44949
9348.5 13 3.60555
9349.5 8 2.82843
9350.5 13 3.60555
9351.5 10 3.16228
9352.5 13 3.60555
9353.5 16 4
9354.5 6 2.44949
9355.5 8 2.82843
9356.5 13 3.60555
9357.5 11 3.31662
9358.5 7 2.64575
9359.5 13 3.60555
9360.5 12 3.4641
9361.5 4 2
9362.5 10 3.16228
9363.5 12 3.4641
9364.5 12 3.4641
9365.5 7 2.64575
9366.5 10 3.16228
9367.5 11 3.31662
9368.5 13 3.60555
9369.5 10 3.16228
9370.5 8 2.82843
9371.5 7 2.64575
9372.5 10 3.16228
9373.5 9 3
9374.5 8 2.82843
9375.5 8 2.82843
9376.5 8 2.82843
9377.5 15 3.87298
9378.5 12 3.4641
9379.5 11 3.31662
9380.5 18 4.24264
9381.5 13 3.60555
9382.5 13 3.60555
9383.5 10 3.16228
9384.5 15 3.87298
9385.5 8 2.82843
9386.5 9 3
9387.5 13 3.60555
9388.5 7 2.64575
9389.5 9 3
9390.5 10 3.16228
9391.5 15 3.87298
9392.5 14 3.74166
9393.5 5 2.23607
9394.5 10 3.16228
9395.5 12 3.4641
9396.5 11 3.31662
9397.5 7 2.64575
9398.5 12 3.4641
9399.5 3 1.73205
9400.5 10 3.16228
9401.5 13 3.60555
9402.5 7 2.64575
9403.5 10 3.16228
9404.5 11 3.31662
9405.5 13 3.60555
9406.5 6 2.44949
9407.5 13 3.60555
9408.5 9 3
9409.5 9 3
9410.5 19 4.3589
9411.5 8 2.82843
9412.5 8 2.82843
9413.5 7 2.64575
9414.5 12 3.4641
9415.5 9 3
9416.5 10 3.16228
9417.5 12 3.4641
9418.5 11 3.31662
9419.5 10 3.16228
9420.5 6 2.44949
9421.5 13 3.60555
9422.5 15 3.87298
9423.5 4 2
9424.5 9 3
9425.5 6 2.44949
9426.5 14 3.74166
9427.5 11 3.31662
9428.5 12 3.4641
9429.5 8 2.82843
9430.5 5 2.23607
9431.5 7 2.64575
9432.5 15 3.87298
9433.5 8 2.82843
9434.5 14 3.74166
9435.5 7 2.64575
9436.5 11 3.31662
9437.5 7 2.64575
9438.5 11 3.31662
9439.5 11 3.31662
9440.5 10 3.16228
9441.5 10 3.16228
9442.5 10 3.16228
9443.5 5 2.23607
9444.5 11 3.31662
9445.5 16 4
9446.5 16 4
9447.5 12 3.4641
9448.5 8 2.82843
9449.5 13 3.60555
9450.5 10 3.16228
9451.5 6 2.44949
9452.5 10 3.16228
9453.5 11 3.31662
9454.5 11 3.31662
9455.5 6 2.44949
9456.5 6 2.44949
9457.5 9 3
9458.5 15 3.87298
9459.5 11 3.31662
9460.5 10 3.16228
9461.5 12 3.4641
9462.5 9 3
9463.5 4 2
9464.5 10 3.16228
9465.5 11 3.31662
9466.5 7 2.64575
9467.5 9 3
9468.5 12 3.4641
9469.5 7 2.64575
9470.5 12 3.4641
9471.5 7 2.64575
9472.5 10 3.16228
9473.5 13 3.60555
9474.5 7 2.64575
9475.5 10 3.16228
9476.5 12 3.4641
9477.5 21 4.58258
9478.5 12 3.4641
9479.5 9 3
9480.5 17 4.12311
9481.5 8 2.82843
9482.5 15 3.87298
9483.5 13 3.60555
9484.5 9 3
9485.5 10 3.16228
9486.5 9 3
9487.5 5 2.23607
9488.5 8 2.82843
9489.5 12 3.4641
9490.5 5 2.23607
9491.5 12 3.4641
9492.5 11 3.31662
9493.5 13 3.60555
9494.5 5 2.23607
9495.5 10 3.16228
9496.5 6 2.44949
9497.5 6 2.44949
9498.5 10 3.16228
9499.5 14 3.74166
9500.5 8 2.82843
9501.5 6 2.44949
9502.5 3 1.73205
9503.5 14 3.74166
9504.5 12 3.4641
9505.5 9 3
9506.5 14 3.74166
9507.5 15 3.87298
9508.5 9 3
9509.5 15 3.87298
9510.5 5 2.23607
9511.5 12 3.4641
9512.5 9 3
9513.5 12 3.4641
9514.5 12 3.4641
9515.5 5 2.23607
9516.5 15 3.87298
9517.5 14 3.74166
9518.5 4 2
9519.5 7 2.64575
9520.5 13 3.60555
9521.5 10 3.16228
9522.5 4 2
9523.5 7 2.64575
9524.5 7 2.64575
9525.5 9 3
9526.5 10 3.16228
9527.5 9 3
9528.5 12 3.4641
9529.5 5 2.23607
9530.5 12 3.4641
9531.5 11 3.31662
9532.5 18 4.24264
9533.5 10 3.16228
9534.5 13 3.60555
9535.5 12 3.4641
9536.5 7 2.64575
9537.5 12 3.4641
9538.5 8 2.82843
9539.5 9 3
9540.5 14 3.74166
9541.5 13 3.60555
9542.5 8 2.82843
9543.5 6 2.44949
9544.5 8 2.82843
9545.5 4 2
9546.5 8 2.82843
9547.5 5 2.23607
9548.5 14 3.74166
9549.5 12 3.4641
9550.5 13 3.60555
9551.5 10 3.16228
9552.5 8 2.82843
9553.5 15 3.87298
9554.5 8 2.82843
9555.5 10 3.16228
9556.5 12 3.4641
9557.5 13 3.60555
9558.5 13 3.60555
9559.5 14 3.74166
9560.5 8 2.82843
9561.5 9 3
9562.5 11 3.31662
9563.5 7 2.64575
9564.5 9 3
9565.5 8 2.82843
9566.5 5 2.23607
9567.5 19 4.3589
9568.5 9 3
9569.5 11 3.31662
9570.5 12 3.4641
9571.5 12 3.4641
9572.5 11 3.31662
9573.5 10 3.16228
9574.5 10 3.16228
9575.5 6 2.44949
9576.5 14 3.74166
9577.5 4 2
9578.5 10 3.16228
9579.5 6 2.44949
9580.5 9 3
9581.5 9 3
9582.5 10 3.16228
9583.5 9 3
9584.5 4 2
9585.5 9 3
9586.5 9 3
9587.5 11 3.31662
9588.5 12 3.4641
9589.5 9 3
9590.5 13 3.60555
9591.5 8 2.82843
9592.5 17 4.12311
9593.5 10 3.16228
9594.5 15 3.87298
9595.5 11 3.31662
9596.5 15 3.87298
9597.5 6 2.44949
9598.5 15 3.87298
9599.5 5 2.23607
9600.5 13 3.60555
9601.5 8 2.82843
9602.5 8 2.82843
9603.5 8 2.82843
9604.5 11 3.31662
9605.5 10 3.16228
9606.5 11 3.31662
9607.5 9 3
9608.5 18 4.24264
9609.5 12 3.4641
9610.5 14 3.74166
9611.5 7 2.64575
9612.5 10 3.16228
9613.5 12 3.4641
9614.5 19 4.3589
9615.5 12 3.4641
9616.5 9 3
9617.5 14 3.74166
9618.5 9 3
9619.5 10 3.16228
9620.5 9 3
9621.5 8 2.82843
9622.5 10 3.16228
9623.5 10 3.16228
9624.5 13 3.60555
9625.5 14 3.74166
9626.5 12 3.4641
9627.5 11 3.31662
9628.5 10 3.16228
9629.5 12 3.4641
9630.5 17 4.12311
9631.5 11 3.31662
9632.5 15 3.87298
9633.5 12 3.4641
9634.5 13 3.60555
9635.5 9 3
9636.5 13 3.60555
9637.5 7 2.64575
9638.5 7 2.64575
9639.5 9 3
9640.5 11 3.31662
9641.5 11 3.31662
9642.5 11 3.31662
9643.5 10 3.16228
9644.5 10 3.16228
9645.5 13 3.60555
9646.5 11 3.31662
9647.5 7 2.64575
9648.5 9 3
9649.5 8 2.82843
9650.5 9 3
9651.5 7 2.64575
9652.5 9 3
9653.5 6 2.44949
9654.5 10 3.16228
9655.5 7 2.64575
9656.5 21 4.58258
9657.5 15 3.87298
9658.5 15 3.87298
9659.5 8 2.82843
9660.5 14 3.74166
9661.5 12 3.4641
9662.5 5 2.23607
9663.5 8 2.82843
9664.5 6 2.44949
9665.5 6 2.44949
9666.5 13 3.60555
9667.5 16 4
9668.5 11 3.31662
9669.5 9 3
9670.5 10 3.16228
9671.5 8 2.82843
9672.5 16 4
9673.5 10 3.16228
9674.5 13 3.60555
9675.5 8 2.82843
9676.5 10 3.16228
9677.5 13 3.60555
9678.5 13 3.60555
9679.5 9 3
9680.5 9 3
9681.5 11 3.31662
9682.5 7 2.64575
9683.5 9 3
9684.5 10 3.16228
9685.5 9 3
9686.5 9 3
9687.5 11 3.31662
9688.5 10 3.16228
9689.5 11 3.31662
9690.5 11 3.31662
9691.5 12 3.4641
9692.5 13 3.60555
9693.5 11 3.31662
9694.5 11 3.31662
9695.5 12 3.4641
9696.5 9 3
9697.5 11 3.31662
9698.5 16 4
9699.5 15 3.87298
9700.5 9 3
9701.5 17 4.12311
9702.5 9 3
9703.5 10 3.16228
9704.5 16 4
9705.5 10 3.16228
9706.5 11 3.31662
9707.5 9 3
9708.5 11 3.31662
9709.5 5 2.23607
9710.5 23 4.79583
9711.5 7 2.64575
9712.5 13 3.60555
9713.5 13 3.60555
9714.5 11 3.31662
9715.5 15 3.87298
9716.5 10 3.16228
9717.5 13 3.60555
9718.5 11 3.31662
9719.5 12 3.4641
9720.5 10 3.16228
9721.5 15 3.87298
9722.5 11 3.31662
9723.5 9 3
9724.5 6 2.44949
9725.5 11 3.31662
9726.5 20 4.47214
9727.5 11 3.31662
9728.5 13 3.60555
9729.5 15 3.87298
9730.5 11 3.31662
9731.5 11 3.31662
9732.5 12 3.4641
9733.5 19 4.3589
9734.5 9 3
9735.5 9 3
9736.5 14 3.74166
9737.5 10 3.16228
9738.5 12 3.4641
9739.5 12 3.4641
9740.5 6 2.44949
9741.5 10 3.16228
9742.5 14 3.74166
9743.5 12 3.4641
9744.5 7 2.64575
9745.5 9 3
9746.5 6 2.44949
9747.5 7 2.64575
9748.5 11 3.31662
9749.5 13 3.60555
9750.5 10 3.16228
9751.5 6 2.44949
9752.5 12 3.4641
9753.5 21 4.58258
9754.5 9 3
9755.5 12 3.4641
9756.5 14 3.74166
9757.5 12 3.4641
9758.5 11 3.31662
9759.5 16 4
9760.5 8 2.82843
9761.5 9 3
9762.5 13 3.60555
9763.5 12 3.4641
9764.5 17 4.12311
9765.5 13 3.60555
9766.5 16 4
9767.5 16 4
9768.5 19 4.3589
9769.5 20 4.47214
9770.5 21 4.58258
9771.5 14 3.74166
9772.5 16 4
9773.5 14 3.74166
9774.5 9 3
9775.5 15 3.87298
9776.5 8 2.82843
9777.5 17 4.12311
9778.5 12 3.4641
9779.5 8 2.82843
9780.5 8 2.82843
9781.5 8 2.82843
9782.5 17 4.12311
9783.5 6 2.44949
9784.5 13 3.60555
9785.5 8 2.82843
9786.5 12 3.4641
9787.5 10 3.16228
9788.5 14 3.74166
9789.5 10 3.16228
9790.5 16 4
9791.5 9 3
9792.5 14 3.74166
9793.5 6 2.44949
9794.5 15 3.87298
9795.5 14 3.74166
9796.5 19 4.3589
9797.5 12 3.4641
9798.5 8 2.82843
9799.5 17 4.12311
9800.5 13 3.60555
9801.5 10 3.16228
9802.5 10 3.16228
9803.5 15 3.87298
9804.5 9 3
9805.5 10 3.16228
9806.5 13 3.60555
9807.5 18 4.24264
9808.5 13 3.60555
9809.5 19 4.3589
9810.5 8 2.82843
9811.5 14 3.74166
9812.5 14 3.74166
9813.5 10 3.16228
9814.5 7 2.64575
9815.5 10 3.16228
9816.5 12 3.4641
9817.5 7 2.64575
9818.5 15 3.87298
9819.5 8 2.82843
9820.5 7 2.64575
9821.5 18 4.24264
9822.5 8 2.82843
9823.5 12 3.4641
9824.5 14 3.74166
9825.5 9 3
9826.5 19 4.3589
9827.5 9 3
9828.5 9 3
9829.5 12 3.4641
9830.5 9 3
9831.5 10 3.16228
9832.5 6 2.44949
9833.5 14 3.74166
9834.5 11 3.31662
9835.5 10 3.16228
9836.5 11 3.31662
9837.5 8 2.82843
9838.5 10 3.16228
9839.5 13 3.60555
9840.5 14 3.74166
9841.5 5 2.23607
9842.5 14 3.74166
9843.5 8 2.82843
9844.5 11 3.31662
9845.5 6 2.44949
9846.5 12 3.4641
9847.5 10 3.16228
9848.5 8 2.82843
9849.5 15 3.87298
9850.5 6 2.44949
9851.5 10 3.16228
9852.5 17 4.12311
9853.5 12 3.4641
9854.5 10 3.16228
9855.5 16 4
9856.5 16 4
9857.5 11 3.31662
9858.5 17 4.12311
9859.5 7 2.64575
9860.5 13 3.60555
9861.5 14 3.74166
9862.5 12 3.4641
9863.5 16 4
9864.5 14 3.74166
9865.5 14 3.74166
9866.5 9 3
9867.5 15 3.87298
9868.5 16 4
9869.5 8 2.82843
9870.5 14 3.74166
9871.5 13 3.60555
9872.5 11 3.31662
9873.5 13 3.60555
9874.5 17 4.12311
9875.5 12 3.4641
9876.5 12 3.4641
9877.5 9 3
9878.5 8 2.82843
9879.5 12 3.4641
9880.5 9 3
9881.5 9 3
9882.5 13 3.60555
9883.5 9 3
9884.5 6 2.44949
9885.5 11 3.31662
9886.5 13 3.60555
9887.5 9 3
9888.5 5 2.23607
9889.5 10 3.16228
9890.5 11 3.31662
9891.5 10 3.16228
9892.5 10 3.16228
9893.5 10 3.16228
9894.5 7 2.64575
9895.5 5 2.23607
9896.5 11 3.31662
9897.5 8 2.82843
9898.5 4 2
9899.5 14 3.74166
9900.5 8 2.82843
9901.5 16 4
9902.5 9 3
9903.5 12 3.4641
9904.5 6 2.44949
9905.5 14 3.74166
9906.5 11 3.31662
9907.5 6 2.44949
9908.5 12 3.4641
9909.5 7 2.64575
9910.5 5 2.23607
9911.5 7 2.64575
9912.5 11 3.31662
9913.5 5 2.23607
9914.5 8 2.82843
9915.5 9 3
9916.5 11 3.31662
9917.5 7 2.64575
9918.5 7 2.64575
9919.5 6 2.44949
9920.5 17 4.12311
9921.5 15 3.87298
9922.5 6 2.44949
9923.5 4 2
9924.5 6 2.44949
9925.5 5 2.23607
9926.5 10 3.16228
9927.5 8 2.82843
9928.5 10 3.16228
9929.5 8 2.82843
9930.5 8 2.82843
9931.5 13 3.60555
9932.5 6 2.44949
9933.5 9 3
9934.5 9 3
9935.5 11 3.31662
9936.5 9 3
9937.5 8 2.82843
9938.5 6 2.44949
9939.5 7 2.64575
9940.5 10 3.16228
9941.5 16 4
9942.5 6 2.44949
9943.5 4 2
9944.5 14 3.74166
9945.5 8 2.82843
9946.5 6 2.44949
9947.5 7 2.64575
9948.5 10 3.16228
9949.5 6 2.44949
9950.5 6 2.44949
9951.5 5 2.23607
9952.5 6 2.44949
9953.5 9 3
9954.5 8 2.82843
9955.5 9 3
9956.5 6 2.44949
9957.5 9 3
9958.5 7 2.64575
9959.5 12 3.4641
9960.5 12 3.4641
9961.5 7 2.64575
9962.5 5 2.23607
9963.5 5 2.23607
9964.5 10 3.16228
9965.5 5 2.23607
9966.5 5 2.23607
9967.5 10 3.16228
9968.5 9 3
9969.5 9 3
9970.5 12 3.4641
9971.5 9 3
9972.5 8 2.82843
9973.5 7 2.64575
9974.5 9 3
9975.5 10 3.16228
9976.5 4 2
9977.5 11 3.31662
9978.5 7 2.64575
9979.5 10 3.16228
9980.5 3 1.73205
9981.5 6 2.44949
9982.5 6 2.44949
9983.5 8 2.82843
9984.5 8 2.82843
9985.5 6 2.44949
9986.5 10 3.16228
9987.5 10 3.16228
9988.5 4 2
9989.5 7 2.64575
9990.5 4 2
9991.5 3 1.73205
9992.5 6 2.44949
9993.5 6 2.44949
9994.5 4 2
9995.5 8 2.82843
9996.5 10 3.16228
9997.5 11 3.31662
9998.5 10 3.16228
9999.5 5 2.23607
10000.5 2 1.41421
10001.5 5 2.23607
10002.5 3 1.73205
10003.5 5 2.23607
10004.5 3 1.73205
10005.5 8 2.82843
10006.5 5 2.23607
10007.5 4 2
10008.5 7 2.64575
10009.5 6 2.44949
10010.5 10 3.16228
10011.5 7 2.64575
10012.5 7 2.64575
10013.5 10 3.16228
10014.5 7 2.64575
10015.5 3 1.73205
10016.5 9 3
10017.5 7 2.64575
10018.5 11 3.31662
10019.5 4 2
10020.5 5 2.23607
10021.5 2 1.41421
10022.5 7 2.64575
10023.5 6 2.44949
10024.5 5 2.23607
10025.5 10 3.16228
10026.5 6 2.44949
10027.5 10 3.16228
10028.5 6 2.44949
10029.5 4 2
10030.5 8 2.82843
10031.5 8 2.82843
10032.5 7 2.64575
10033.5 5 2.23607
10034.5 6 2.44949
10035.5 8 2.82843
10036.5 9 3
10037.5 5 2.23607
10038.5 12 3.4641
10039.5 2 1.41421
10040.5 8 2.82843
10041.5 5 2.23607
10042.5 5 2.23607
10043.5 10 3.16228
10044.5 5 2.23607
10045.5 2 1.41421
10046.5 6 2.44949
10047.5 4 2
10048.5 7 2.64575
10049.5 7 2.64575
10050.5 6 2.44949
10051.5 6 2.44949
10052.5 6 2.44949
10053.5 5 2.23607
10054.5 9 3
10055.5 6 2.44949
10056.5 7 2.64575
10057.5 8 2.82843
10058.5 3 1.73205
10059.5 13 3.60555
10060.5 9 3
10061.5 6 2.44949
10062.5 7 2.64575
10063.5 8 2.82843
10064.5 5 2.23607
10065.5 3 1.73205
10066.5 4 2
10067.5 3 1.73205
10068.5 5 2.23607
10069.5 8 2.82843
10070.5 4 2
10071.5 8 2.82843
10072.5 5 2.23607
10073.5 10 3.16228
10074.5 3 1.73205
10075.5 8 2.82843
10076.5 4 2
10077.5 10 3.16228
10078.5 4 2
10079.5 8 2.82843
10080.5 6 2.44949
10081.5 6 2.44949
10082.5 8 2.82843
10083.5 8 2.82843
10084.5 6 2.44949
10085.5 3 1.73205
10086.5 6 2.44949
10087.5 7 2.64575
10088.5 4 2
10089.5 9 3
10090.5 5 2.23607
10091.5 5 2.23607
10092.5 2 1.41421
10093.5 7 2.64575
10094.5 6 2.44949
10095.5 6 2.44949
10096.5 8 2.82843
10097.5 11 3.31662
10098.5 6 2.44949
10099.5 6 2.44949
10100.5 9 3
10101.5 6 2.44949
10102.5 5 2.23607
10103.5 7 2.64575
10104.5 13 3.60555
10105.5 8 2.82843
10106.5 2 1.41421
10107.5 10 3.16228
10108.5 8 2.82843
10109.5 10 3.16228
10110.5 9 3
10111.5 7 2.64575
10112.5 5 2.23607
10113.5 4 2
10114.5 3 1.73205
10115.5 9 3
10116.5 5 2.23607
10117.5 8 2.82843
10118.5 7 2.64575
10119.5 11 3.31662
10120.5 11 3.31662
10121.5 8 2.82843
10122.5 8 2.82843
10123.5 9 3
10124.5 5 2.23607
10125.5 7 2.64575
10126.5 2 1.41421
10127.5 6 2.44949
10128.5 6 2.44949
10129.5 5 2.23607
10130.5 3 1.73205
10131.5 7 2.64575
10132.5 6 2.44949
10133.5 3 1.73205
10134.5 11 3.31662
10135.5 7 2.64575
10136.5 2 1.41421
10137.5 5 2.23607
10138.5 3 1.73205
10139.5 8 2.82843
10140.5 7 2.64575
10141.5 7 2.64575
10142.5 7 2.64575
10143.5 6 2.44949
10144.5 9 3
10145.5 9 3
10146.5 8 2.82843
10147.5 4 2
10148.5 4 2
10149.5 4 2
10150.5 4 2
10151.5 8 2.82843
10152.5 6 2.44949
10153.5 8 2.82843
10154.5 4 2
10155.5 7 2.64575
10156.5 4 2
10157.5 5 2.23607
10158.5 12 3.4641
10159.5 8 2.82843
10160.5 6 2.44949
10161.5 5 2.23607
10162.5 5 2.23607
10163.5 5 2.23607
10164.5 8 2.82843
10165.5 1 1
10166.5 3 1.73205
10167.5 5 2.23607
10168.5 8 2.82843
10169.5 5 2.23607
10170.5 2 1.41421
10171.5 2 1.41421
10172.5 9 3
10173.5 3 1.73205
10174.5 7 2.64575
10175.5 5 2.23607
10176.5 3 1.73205
10177.5 6 2.44949
10178.5 7 2.64575
10179.5 5 2.23607
10180.5 6 2.44949
10181.5 7 2.64575
10182.5 12 3.4641
10183.5 5 2.23607
10184.5 8 2.82843
10185.5 6 2.44949
10186.5 9 3
10187.5 9 3
10188.5 6 2.44949
10189.5 6 2.44949
10190.5 10 3.16228
10191.5 8 2.82843
10192.5 5 2.23607
10193.5 7 2.64575
10194.5 3 1.73205
10195.5 4 2
10196.5 3 1.73205
10197.5 6 2.44949
10198.5 6 2.44949
10199.5 4 2
10200.5 7 2.64575
10201.5 4 2
10202.5 4 2
10203.5 9 3
10204.5 6 2.44949
10205.5 2 1.41421
10206.5 6 2.44949
10207.5 2 1.41421
10208.5 2 1.41421
10209.5 3 1.73205
10210.5 2 1.41421
10211.5 9 3
10212.5 11 3.31662
10213.5 7 2.64575
10214.5 6 2.44949
10215.5 6 2.44949
10216.5 3 1.73205
10217.5 6 2.44949
10218.5 8 2.82843
10219.5 2 1.41421
10220.5 2 1.41421
10221.5 5 2.23607
10222.5 5 2.23607
10223.5 7 2.64575
10224.5 5 2.23607
10225.5 9 3
10226.5 11 3.31662
10227.5 3 1.73205
10228.5 3 1.73205
10229.5 11 3.31662
10230.5 4 2
10231.5 6 2.44949
10232.5 8 2.82843
10233.5 5 2.23607
10234.5 5 2.23607
10235.5 3 1.73205
10236.5 5 2.23607
10237.5 5 2.23607
10238.5 7 2.64575
10239.5 4 2
10240.5 9 3
10241.5 8 2.82843
10242.5 2 1.41421
10243.5 4 2
10244.5 3 1.73205
10245.5 5 2.23607
10246.5 5 2.23607
10247.5 5 2.23607
10248.5 4 2
10249.5 4 2
10250.5 5 2.23607
10251.5 6 2.44949
10252.5 3 1.73205
10253.5 3 1.73205
10254.5 8 2.82843
10255.5 3 1.73205
10256.5 6 2.44949
10257.5 3 1.73205
10258.5 7 2.64575
10259.5 1 1
10260.5 4 2
10261.5 5 2.23607
10262.5 5 2.23607
10263.5 5 2.23607
10264.5 5 2.23607
10265.5 2 1.41421
10266.5 3 1.73205
10267.5 2 1.41421
10268.5 7 2.64575
10269.5 5 2.23607
10270.5 6 2.44949
10271.5 1 1
10272.5 9 3
10273.5 7 2.64575
10274.5 6 2.44949
10275.5 8 2.82843
10276.5 7 2.64575
10277.5 4 2
10278.5 3 1.73205
10279.5 5 2.23607
10280.5 10 3.16228
10281.5 4 2
10282.5 5 2.23607
10283.5 7 2.64575
10284.5 1 1
10285.5 7 2.64575
10286.5 6 2.44949
10287.5 3 1.73205
10288.5 6 2.44949
10289.5 9 3
10290.5 3 1.73205
10291.5 2 1.41421
10292.5 4 2
10293.5 7 2.64575
10294.5 7 2.64575
10295.5 6 2.44949
10296.5 6 2.44949
10297.5 10 3.16228
10298.5 2 1.41421
10299.5 5 2.23607
10300.5 7 2.64575
10301.5 3 1.73205
10302.5 3 1.73205
10303.5 1 1
10304.5 5 2.23607
10305.5 3 1.73205
10306.5 4 2
10307.5 3 1.73205
10308.5 7 2.64575
10309.5 4 2
10310.5 6 2.44949
10311.5 5 2.23607
10312.5 5 2.23607
10313.5 5 2.23607
10314.5 4 2
10315.5 5 2.23607
10316.5 3 1.73205
10317.5 6 2.44949
10318.5 3 1.73205
10319.5 6 2.44949
10320.5 5 2.23607
10321.5 8 2.82843
10322.5 8 2.82843
10323.5 8 2.82843
10324.5 3 1.73205
10325.5 6 2.44949
10326.5 6 2.44949
10327.5 2 1.41421
10328.5 3 1.73205
10329.5 2 1.41421
10330.5 1 1
10331.5 5 2.23607
10332.5 5 2.23607
10333.5 4 2
10334.5 6 2.44949
10335.5 1 1
10336.5 4 2
10337.5 4 2
10338.5 3 1.73205
10339.5 3 1.73205
10340.5 3 1.73205
10341.5 2 1.41421
10342.5 4 2
10343.5 4 2
10344.5 5 2.23607
10345.5 6 2.44949
10346.5 9 3
10347.5 5 2.23607
10348.5 9 3
10349.5 4 2
10350.5 5 2.23607
10351.5 3 1.73205
10352.5 5 2.23607
10353.5 2 1.41421
10354.5 9 3
10355.5 7 2.64575
10356.5 3 1.73205
10357.5 4 2
10358.5 4 2
10359.5 10 3.16228
10360.5 4 2
10361.5 6 2.44949
10362.5 2 1.41421
10363.5 8 2.82843
10364.5 4 2
10365.5 8 2.82843
10366.5 3 1.73205
10367.5 2 1.41421
10368.5 6 2.44949
10369.5 3 1.73205
10370.5 2 1.41421
10371.5 8 2.82843
10372.5 4 2
10373.5 5 2.23607
10374.5 7 2.64575
10375.5 2 1.41421
10376.5 6 2.44949
10377.5 2 1.41421
10378.5 3 1.73205
10379.5 0 0
10380.5 2 1.41421
10381.5 4 2
10382.5 5 2.23607
10383.5 6 2.44949
10384.5 3 1.73205
10385.5 4 2
10386.5 2 1.41421
10387.5 2 1.41421
10388.5 2 1.41421
10389.5 5 2.23607
10390.5 6 2.44949
10391.5 3 1.73205
10392.5 3 1.73205
10393.5 4 2
10394.5 4 2
10395.5 8 2.82843
10396.5 4 2
10397.5 4 2
10398.5 3 1.73205
10399.5 6 2.44949
10400.5 8 2.82843
10401.5 2 1.41421
10402.5 4 2
10403.5 5 2.23607
10404.5 3 1.73205
10405.5 3 1.73205
10406.5 2 1.41421
10407.5 6 2.44949
10408.5 4 2
10409.5 3 1.73205
10410.5 0 0
10411.5 3 1.73205
10412.5 3 1.73205
10413.5 4 2
10414.5 5 2.23607
10415.5 9 3
10416.5 2 1.41421
10417.5 3 1.73205
10418.5 4 2
10419.5 1 1
10420.5 3 1.73205
10421.5 3 1.73205
10422.5 5 2.23607
10423.5 3 1.73205
10424.5 3 1.73205
10425.5 5 2.23607
10426.5 6 2.44949
10427.5 4 2
10428.5 3 1.73205
10429.5 5 2.23607
10430.5 8 2.82843
10431.5 4 2
10432.5 4 2
10433.5 3 1.73205
10434.5 3 1.73205
10435.5 0 0
10436.5 4 2
10437.5 3 1.73205
10438.5 2 1.41421
10439.5 2 1.41421
10440.5 2 1.41421
10441.5 3 1.73205
10442.5 6 2.44949
10443.5 5 2.23607
10444.5 2 1.41421
10445.5 4 2
10446.5 4 2
10447.5 4 2
10448.5 2 1.41421
10449.5 7 2.64575
10450.5 5 2.23607
10451.5 4 2
10452.5 1 1
10453.5 5 2.23607
10454.5 5 2.23607
10455.5 4 2
10456.5 6 2.44949
10457.5 1 1
10458.5 5 2.23607
10459.5 6 2.44949
10460.5 3 1.73205
10461.5 5 2.23607
10462.5 3 1.73205
10463.5 1 1
10464.5 4 2
10465.5 6 2.44949
10466.5 3 1.73205
10467.5 1 1
10468.5 6 2.44949
10469.5 3 1.73205
10470.5 5 2.23607
10471.5 4 2
10472.5 0 0
10473.5 3 1.73205
10474.5 1 1
10475.5 4 2
10476.5 3 1.73205
10477.5 1 1
10478.5 3 1.73205
10479.5 6 2.44949
10480.5 4 2
10481.5 5 2.23607
10482.5 4 2
10483.5 2 1.41421
10484.5 1 1
10485.5 5 2.23607
10486.5 6 2.44949
10487.5 2 1.41421
10488.5 2 1.41421
10489.5 4 2
10490.5 2 1.41421
10491.5 3 1.73205
10492.5 4 2
10493.5 2 1.41421
10494.5 6 2.44949
10495.5 3 1.73205
10496.5 1 1
10497.5 3 1.73205
10498.5 4 2
10499.5 7 2.64575
10500.5 2 1.41421
10501.5 3 1.73205
10502.5 2 1.41421
10503.5 3 1.73205
10504.5 6 2.44949
10505.5 2 1.41421
10506.5 3 1.73205
10507.5 1 1
10508.5 1 1
10509.5 2 1.41421
10510.5 3 1.73205
10511.5 2 1.41421
10512.5 3 1.73205
10513.5 1 1
10514.5 1 1
10515.5 4 2
10516.5 0 0
10517.5 4 2
10518.5 2 1.41421
10519.5 4 2
10520.5 1 1
10521.5 2 1.41421
10522.5 5 2.23607
10523.5 1 1
10524.5 3 1.73205
10525.5 3 1.73205
10526.5 2 1.41421
10527.5 1 1
10528.5 3 1.73205
10529.5 3 1.73205
10530.5 2 1.41421
10531.5 0 0
10532.5 5 2.23607
10533.5 3 1.73205
10534.5 3 1.73205
10535.5 1 1
10536.5 5 2.23607
10537.5 1 1
10538.5 5 2.23607
10539.5 3 1.73205
10540.5 2 1.41421
10541.5 0 0
10542.5 1 1
10543.5 5 2.23607
10544.5 2 1.41421
10545.5 0 0
10546.5 1 1
10547.5 3 1.73205
10548.5 0 0
10549.5 3 1.73205
10550.5 2 1.41421
10551.5 2 1.41421
10552.5 0 0
10553.5 1 1
10554.5 6 2.44949
10555.5 1 1
10556.5 2 1.41421
10557.5 1 1
10558.5 2 1.41421
10559.5 4 2
10560.5 5 2.23607
10561.5 3 1.73205
10562.5 2 1.41421
10563.5 4 2
10564.5 2 1.41421
10565.5 5 2.23607
10566.5 3 1.73205
10567.5 0 0
10568.5 2 1.41421
10569.5 2 1.41421
10570.5 1 1
10571.5 2 1.41421
10572.5 4 2
10573.5 4 2
10574.5 3 1.73205
10575.5 2 1.41421
10576.5 1 1
10577.5 2 1.41421
10578.5 3 1.73205
10579.5 2 1.41421
10580.5 3 1.73205
10581.5 2 1.41421
10582.5 2 1.41421
10583.5 1 1
10584.5 2 1.41421
10585.5 2 1.41421
10586.5 1 1
10587.5 3 1.73205
10588.5 5 2.23607
10589.5 1 1
10590.5 2 1.41421
10591.5 2 1.41421
10592.5 1 1
10593.5 1 1
10594.5 0 0
10595.5 3 1.73205
10596.5 2 1.41421
10597.5 2 1.41421
10598.5 1 1
10599.5 4 2
10600.5 4 2
10601.5 2 1.41421
10602.5 3 1.73205
10603.5 1 1
10604.5 1 1
10605.5 2 1.41421
10606.5 1 1
10607.5 3 1.73205
10608.5 3 1.73205
10609.5 2 1.41421
10610.5 4 2
10611.5 0 0
10612.5 4 2
10613.5 1 1
10614.5 2 1.41421
10615.5 1 1
10616.5 2 1.41421
10617.5 3 1.73205
10618.5 0 0
10619.5 3 1.73205
10620.5 1 1
10621.5 2 1.41421
10622.5 3 1.73205
10623.5 2 1.41421
10624.5 5 2.23607
10625.5 3 1.73205
10626.5 2 1.41421
10627.5 5 2.23607
10628.5 3 1.73205
10629.5 4 2
10630.5 1 1
10631.5 1 1
10632.5 2 1.41421
10633.5 2 1.41421
10634.5 5 2.23607
10635.5 1 1
10636.5 3 1.73205
10637.5 0 0
10638.5 3 1.73205
10639.5 2 1.41421
10640.5 1 1
10641.5 2 1.41421
10642.5 0 0
10643.5 0 0
10644.5 0 0
10645.5 0 0
10646.5 2 1.41421
10647.5 4 2
10648.5 1 1
10649.5 1 1
10650.5 1 1
10651.5 4 2
10652.5 1 1
10653.5 3 1.73205
10654.5 2 1.41421
10655.5 4 2
10656.5 3 1.73205
10657.5 0 0
10658.5 1 1
10659.5 0 0
10660.5 3 1.73205
10661.5 3 1.73205
10662.5 1 1
10663.5 1 1
10664.5 4 2
10665.5 2 1.41421
10666.5 4 2
10667.5 6 2.44949
10668.5 1 1
10669.5 4 2
10670.5 2 1.41421
10671.5 2 1.41421
10672.5 3 1.73205
10673.5 7 2.64575
10674.5 4 2
10675.5 6 2.44949
10676.5 3 1.73205
10677.5 2 1.41421
10678.5 1 1
10679.5 1 1
10680.5 0 0
10681.5 0 0
10682.5 3 1.73205
10683.5 3 1.73205
10684.5 3 1.73205
10685.5 2 1.41421
10686.5 1 1
10687.5 2 1.41421
10688.5 1 1
10689.5 3 1.73205
10690.5 3 1.73205
10691.5 2 1.41421
10692.5 2 1.41421
10693.5 1 1
10694.5 2 1.41421
10695.5 2 1.41421
10696.5 0 0
10697.5 2 1.41421
10698.5 2 1.41421
10699.5 0 0
10700.5 1 1
10701.5 0 0
10702.5 1 1
10703.5 1 1
10704.5 0 0
10705.5 0 0
10706.5 0 0
10707.5 1 1
10708.5 1 1
10709.5 2 1.41421
10710.5 1 1
10711.5 2 1.41421
10712.5 2 1.41421
10713.5 0 0
10714.5 2 1.41421
10715.5 1 1
10716.5 3 1.73205
10717.5 1 1
10718.5 1 1
10719.5 2 1.41421
10720.5 1 1
10721.5 4 2
10722.5 0 0
10723.5 1 1
10724.5 3 1.73205
10725.5 0 0
10726.5 1 1
10727.5 1 1
10728.5 4 2
10729.5 0 0
10730.5 2 1.41421
10731.5 1 1
10732.5 2 1.41421
10733.5 0 0
10734.5 1 1
10735.5 5 2.23607
10736.5 2 1.41421
10737.5 1 1
10738.5 2 1.41421
10739.5 1 1
10740.5 0 0
10741.5 0 0
10742.5 2 1.41421
10743.5 1 1
10744.5 2 1.41421
10745.5 5 2.23607
10746.5 5 2.23607
10747.5 0 0
10748.5 1 1
10749.5 2 1.41421
10750.5 1 1
10751.5 3 1.73205
10752.5 1 1
10753.5 0 0
10754.5 1 1
10755.5 0 0
10756.5 1 1
10757.5 4 2
10758.5 0 0
10759.5 2 1.41421
10760.5 2 1.41421
10761.5 2 1.41421
10762.5 2 1.41421
10763.5 1 1
10764.5 2 1.41421
10765.5 2 1.41421
10766.5 1 1
10767.5 1 1
10768.5 0 0
10769.5 2 1.41421
10770.5 0 0
10771.5 1 1
10772.5 2 1.41421
10773.5 1 1
10774.5 2 1.41421
10775.5 2 1.41421
10776.5 0 0
10777.5 1 1
10778.5 0 0
10779.5 1 1
10780.5 1 1
10781.5 1 1
10782.5 0 0
10783.5 1 1
10784.5 0 0
10785.5 2 1.41421
10786.5 2 1.41421
10787.5 1 1
10788.5 3 1.73205
10789.5 4 2
10790.5 1 1
10791.5 1 1
10792.5 3 1.73205
10793.5 0 0
10794.5 0 0
10795.5 2 1.41421
10796.5 2 1.41421
10797.5 1 1
10798.5 0 0
10799.5 2 1.41421
10800.5 3 1.73205
10801.5 1 1
10802.5 1 1
10803.5 1 1
10804.5 2 1.41421
10805.5 3 1.73205
10806.5 3 1.73205
10807.5 1 1
10808.5 0 0
10809.5 2 1.41421
10810.5 0 0
10811.5 2 1.41421
10812.5 3 1.73205
10813.5 0 0
10814.5 0 0
10815.5 1 1
10816.5 1 1
10817.5 2 1.41421
10818.5 2 1.41421
10819.5 3 1.73205
10820.5 1 1
10821.5 1 1
10822.5 0 0
10823.5 3 1.73205
10824.5 2 1.41421
10825.5 1 1
10826.5 1 1
10827.5 1 1
10828.5 1 1
10829.5 2 1.41421
10830.5 1 1
10831.5 0 0
10832.5 0 0
10833.5 2 1.41421
10834.5 1 1
10835.5 4 2
10836.5 1 1
10837.5 0 0
10838.5 1 1
10839.5 0 0
10840.5 1 1
10841.5 1 1
10842.5 0 0
10843.5 3 1.73205
10844.5 3 1.73205
10845.5 2 1.41421
10846.5 3 1.73205
10847.5 3 1.73205
10848.5 0 0
10849.5 0 0
10850.5 1 1
10851.5 1 1
10852.5 3 1.73205
10853.5 1 1
10854.5 2 1.41421
10855.5 1 1
10856.5 0 0
10857.5 2 1.41421
10858.5 0 0
10859.5 0 0
10860.5 1 1
10861.5 0 0
10862.5 0 0
10863.5 3 1.73205
10864.5 1 1
10865.5 0 0
10866.5 1 1
10867.5 2 1.41421
10868.5 0 0
10869.5 0 0
10870.5 4 2
10871.5 2 1.41421
10872.5 0 0
10873.5 2 1.41421
10874.5 0 0
10875.5 1 1
10876.5 2 1.41421
10877.5 1 1
10878.5 2 1.41421
10879.5 0 0
10880.5 0 0
10881.5 2 1.41421
10882.5 2 1.41421
10883.5 1 1
10884.5 1 1
10885.5 3 1.73205
10886.5 0 0
10887.5 1 1
10888.5 0 0
10889.5 0 0
10890.5 1 1
10891.5 3 1.73205
10892.5 0 0
10893.5 1 1
10894.5 2 1.41421
10895.5 2 1.41421
10896.5 2 1.41421
10897.5 1 1
10898.5 1 1
10899.5 1 1
10900.5 2 1.41421
10901.5 1 1
10902.5 2 1.41421
10903.5 0 0
10904.5 1 1
10905.5 1 1
10906.5 3 1.73205
10907.5 2 1.41421
10908.5 0 0
10909.5 0 0
10910.5 1 1
10911.5 1 1
10912.5 0 0
10913.5 0 0
10914.5 3 1.73205
10915.5 2 1.41421
10916.5 1 1
10917.5 0 0
10918.5 2 1.41421
10919.5 0 0
10920.5 1 1
10921.5 2 1.41421
10922.5 0 0
10923.5 0 0
10924.5 1 1
10925.5 2 1.41421
10926.5 0 0
10927.5 2 1.41421
10928.5 0 0
10929.5 2 1.41421
10930.5 1 1
10931.5 2 1.41421
10932.5 3 1.73205
10933.5 0 0
10934.5 1 1
10935.5 0 0
10936.5 1 1
10937.5 5 2.23607
10938.5 2 1.41421
10939.5 0 0
10940.5 1 1
10941.5 1 1
10942.5 1 1
10943.5 2 1.41421
10944.5 1 1
10945.5 1 1
10946.5 0 0
10947.5 2 1.41421
10948.5 1 1
10949.5 1 1
10950.5 1 1
10951.5 1 1
10952.5 3 1.73205
10953.5 1 1
10954.5 1 1
10955.5 0 0
10956.5 0 0
10957.5 0 0
10958.5 3 1.73205
10959.5 2 1.41421
10960.5 1 1
10961.5 1 1
10962.5 0 0
10963.5 0 0
10964.5 2 1.41421
10965.5 0 0
10966.5 1 1
10967.5 2 1.41421
10968.5 0 0
10969.5 0 0
10970.5 0 0
10971.5 2 1.41421
10972.5 0 0
10973.5 1 1
10974.5 3 1.73205
10975.5 3 1.73205
10976.5 1 1
10977.5 1 1
10978.5 0 0
10979.5 2 1.41421
10980.5 1 1
10981.5 0 0
10982.5 1 1
10983.5 0 0
10984.5 1 1
10985.5 2 1.41421
10986.5 3 1.73205
10987.5 0 0
10988.5 1 1
10989.5 0 0
10990.5 0 0
10991.5 0 0
10992.5 1 1
10993.5 3 1.73205
10994.5 1 1
10995.5 0 0
10996.5 1 1
10997.5 1 1
10998.5 1 1
10999.5 3 1.73205
11000.5 3 1.73205
11001.5 2 1.41421
11002.5 2 1.41421
11003.5 2 1.41421
11004.5 0 0
11005.5 1 1
11006.5 1 1
11007.5 1 1
11008.5 4 2
11009.5 1 1
11010.5 0 0
11011.5 0 0
11012.5 3 1.73205
11013.5 0 0
11014.5 2 1.41421
11015.5 2 1.41421
11016.5 1 1
11017.5 1 1
11018.5 1 1
11019.5 0 0
11020.5 0 0
11021.5 0 0
11022.5 0 0
11023.5 0 0
11024.5 2 1.41421
11025.5 2 1.41421
11026.5 1 1
11027.5 0 0
11028.5 1 1
11029.5 3 1.73205
11030.5 2 1.41421
11031.5 0 0
11032.5 0 0
11033.5 1 1
11034.5 1 1
11035.5 3 1.73205
11036.5 0 0
11037.5 1 1
11038.5 1 1
11039.5 3 1.73205
11040.5 2 1.41421
11041.5 2 1.41421
11042.5 2 1.41421
11043.5 2 1.41421
11044.5 0 0
11045.5 3 1.73205
11046.5 1 1
11047.5 1 1
11048.5 0 0
11049.5 0 0
11050.5 0 0
11051.5 1 1
11052.5 2 1.41421
11053.5 1 1
11054.5 3 1.73205
11055.5 3 1.73205
11056.5 0 0
11057.5 0 0
11058.5 2 1.41421
11059.5 1 1
11060.5 3 1.73205
11061.5 1 1
11062.5 0 0
11063.5 1 1
11064.5 2 1.41421
11065.5 1 1
11066.5 2 1.41421
11067.5 2 1.41421
11068.5 3 1.73205
11069.5 2 1.41421
11070.5 0 0
11071.5 2 1.41421
11072.5 2 1.41421
11073.5 0 0
11074.5 1 1
11075.5 2 1.41421
11076.5 3 1.73205
11077.5 0 0
11078.5 0 0
11079.5 0 0
11080.5 4 2
11081.5 1 1
11082.5 1 1
11083.5 1 1
11084.5 1 1
11085.5 3 1.73205
11086.5 4 2
11087.5 4 2
11088.5 2 1.41421
11089.5 1 1
11090.5 1 1
11091.5 4 2
11092.5 1 1
11093.5 1 1
11094.5 5 2.23607
11095.5 1 1
11096.5 2 1.41421
11097.5 2 1.41421
11098.5 3 1.73205
11099.5 4 2
11100.5 0 0
11101.5 1 1
11102.5 0 0
11103.5 1 1
11104.5 2 1.41421
11105.5 1 1
11106.5 5 2.23607
11107.5 3 1.73205
11108.5 2 1.41421
11109.5 1 1
11110.5 1 1
11111.5 3 1.73205
11112.5 2 1.41421
11113.5 3 1.73205
11114.5 5 2.23607
11115.5 1 1
11116.5 8 2.82843
11117.5 5 2.23607
11118.5 10 3.16228
11119.5 8 2.82843
11120.5 14 3.74166
11121.5 24 4.89898
11122.5 18 4.24264
11123.5 22 4.69042
11124.5 52 7.2111
11125.5 36 6
11126.5 60 7.74597
11127.5 72 8.48528
11128.5 75 8.66025
11129.5 126 11.225
11130.5 137 11.7047
11131.5 175 13.2288
11132.5 208 14.4222
11133.5 275 16.5831
11134.5 286 16.9115
11135.5 312 17.6635
11136.5 364 19.0788
11137.5 372 19.2873
11138.5 394 19.8494
11139.5 398 19.9499
11140.5 396 19.8997
11141.5 410 20.2485
11142.5 408 20.199
11143.5 377 19.4165
11144.5 342 18.4932
11145.5 312 17.6635
11146.5 262 16.1864
11147.5 226 15.0333
11148.5 187 13.6748
11149.5 142 11.9164
11150.5 108 10.3923
11151.5 97 9.84886
11152.5 69 8.30662
11153.5 47 6.85565
11154.5 35 5.91608
11155.5 26 5.09902
11156.5 17 4.12311
11157.5 14 3.74166
11158.5 7 2.64575
11159.5 10 3.16228
11160.5 6 2.44949
11161.5 4 2
11162.5 2 1.41421
11163.5 4 2
11164.5 3 1.73205
11165.5 0 0
11166.5 4 2
11167.5 0 0
11168.5 1 1
11169.5 3 1.73205
11170.5 0 0
11171.5 4 2
11172.5 1 1
11173.5 0 0
11174.5 1 1
11175.5 0 0
11176.5 0 0
11177.5 1 1
11178.5 0 0
11179.5 1 1
11180.5 1 1
11181.5 0 0
11182.5 2 1.41421
11183.5 2 1.41421
11184.5 0 0
11185.5 0 0
11186.5 0 0
11187.5 0 0
11188.5 0 0
11189.5 2 1.41421
11190.5 0 0
11191.5 0 0
11192.5 1 1
11193.5 1 1
11194.5 2 1.41421
11195.5 1 1
11196.5 0 0
11197.5 2 1.41421
11198.5 0 0
11199.5 1 1
11200.5 1 1
11201.5 0 0
11202.5 0 0
11203.5 0 0
11204.5 0 0
11205.5 2 1.41421
11206.5 0 0
11207.5 0 0
11208.5 0 0
11209.5 2 1.41421
11210.5 0 0
11211.5 0 0
11212.5 1 1
11213.5 0 0
11214.5 1 1
11215.5 2 1.41421
11216.5 1 1
11217.5 0 0
11218.5 1 1
11219.5 0 0
11220.5 0 0
11221.5 1 1
11222.5 1 1
11223.5 2 1.41421
11224.5 0 0
11225.5 0 0
11226.5 1 1
11227.5 1 1
11228.5 1 1
11229.5 2 1.41421
11230.5 1 1
11231.5 0 0
11232.5 0 0
11233.5 0 0
11234.5 1 1
11235.5 1 1
11236.5 0 0
11237.5 1 1
11238.5 1 1
11239.5 3 1.73205
11240.5 1 1
11241.5 0 0
11242.5 1 1
11243.5 0 0
11244.5 1 1
11245.5 1 1
11246.5 0 0
11247.5 2 1.41421
11248.5 1 1
11249.5 1 1
11250.5 1 1
11251.5 1 1
11252.5 0 0
11253.5 1 1
11254.5 1 1
11255.5 3 1.73205
11256.5 1 1
11257.5 1 1
11258.5 0 0
11259.5 0 0
11260.5 0 0
11261.5 0 0
11262.5 0 0
11263.5 0 0
11264.5 2 1.41421
11265.5 0 0
11266.5 0 0
11267.5 0 0
11268.5 0 0
11269.5 0 0
11270.5 0 0
11271.5 0 0
11272.5 0 0
11273.5 0 0
11274.5 0 0
11275.5 0 0
11276.5 1 1
11277.5 2 1.41421
11278.5 1 1
11279.5 0 0
11280.5 2 1.41421
11281.5 1 1
11282.5 1 1
11283.5 0 0
11284.5 0 0
11285.5 1 1
11286.5 3 1.73205
11287.5 1 1
11288.5 0 0
11289.5 0 0
11290.5 0 0
11291.5 2 1.41421
11292.5 0 0
11293.5 0 0
11294.5 0 0
11295.5 0 0
11296.5 0 0
11297.5 0 0
11298.5 1 1
11299.5 0 0
11300.5 0 0
11301.5 1 1
11302.5 0 0
11303.5 0 0
11304.5 0 0
11305.5 2 1.41421
11306.5 1 1
11307.5 0 0
11308.5 1 1
11309.5 0 0
11310.5 0 0
11311.5 1 1
11312.5 1 1
11313.5 0 0
11314.5 0 0
11315.5 0 0
11316.5 1 1
11317.5 1 1
11318.5 0 0
11319.5 0 0
11320.5 0 0
11321.5 0 0
11322.5 4 2
11323.5 0 0
11324.5 1 1
11325.5 0 0
11326.5 2 1.41421
11327.5 0 0
11328.5 1 1
11329.5 0 0
11330.5 0 0
11331.5 0 0
11332.5 0 0
11333.5 0 0
11334.5 0 0
11335.5 1 1
11336.5 1 1
11337.5 2 1.41421
11338.5 0 0
11339.5 0 0
11340.5 1 1
11341.5 0 0
11342.5 0 0
11343.5 1 1
11344.5 1 1
11345.5 0 0
11346.5 1 1
11347.5 0 0
11348.5 0 0
11349.5 0 0
11350.5 2 1.41421
11351.5 2 1.41421
11352.5 0 0
11353.5 0 0
11354.5 2 1.41421
11355.5 0 0
11356.5 0 0
11357.5 1 1
11358.5 1 1
11359.5 1 1
11360.5 0 0
11361.5 1 1
11362.5 1 1
11363.5 0 0
11364.5 0 0
11365.5 0 0
11366.5 0 0
11367.5 1 1
11368.5 0 0
11369.5 1 1
11370.5 0 0
11371.5 2 1.41421
11372.5 1 1
11373.5 1 1
11374.5 1 1
11375.5 1 1
11376.5 1 1
11377.5 1 1
11378.5 0 0
11379.5 1 1
11380.5 0 0
11381.5 0 0
11382.5 0 0
11383.5 1 1
11384.5 0 0
11385.5 0 0
11386.5 0 0
11387.5 0 0
11388.5 0 0
11389.5 1 1
11390.5 1 1
11391.5 0 0
11392.5 0 0
11393.5 1 1
11394.5 0 0
11395.5 2 1.41421
11396.5 0 0
11397.5 1 1
11398.5 1 1
11399.5 0 0
11400.5 1 1
11401.5 3 1.73205
11402.5 0 0
11403.5 0 0
11404.5 2 1.41421
11405.5 0 0
11406.5 0 0
11407.5 0 0
11408.5 1 1
11409.5 2 1.41421
11410.5 0 0
11411.5 0 0
11412.5 2 1.41421
11413.5 1 1
11414.5 1 1
11415.5 0 0
11416.5 1 1
11417.5 2 1.41421
11418.5 2 1.41421
11419.5 1 1
11420.5 1 1
11421.5 1 1
11422.5 1 1
11423.5 1 1
11424.5 4 2
11425.5 4 2
11426.5 1 1
11427.5 1 1
11428.5 1 1
11429.5 1 1
11430.5 1 1
11431.5 4 2
11432.5 2 1.41421
11433.5 3 1.73205
11434.5 1 1
11435.5 2 1.41421
11436.5 3 1.73205
11437.5 3 1.73205
11438.5 0 0
11439.5 4 2
11440.5 1 1
11441.5 0 0
11442.5 3 1.73205
11443.5 3 1.73205
11444.5 1 1
11445.5 1 1
11446.5 2 1.41421
11447.5 2 1.41421
11448.5 1 1
11449.5 0 0
11450.5 2 1.41421
11451.5 1 1
11452.5 5 2.23607
11453.5 0 0
11454.5 1 1
11455.5 2 1.41421
11456.5 3 1.73205
11457.5 0 0
11458.5 0 0
11459.5 0 0
11460.5 2 1.41421
11461.5 2 1.41421
11462.5 0 0
11463.5 1 1
11464.5 0 0
11465.5 0 0
11466.5 1 1
11467.5 1 1
11468.5 1 1
11469.5 2 1.41421
11470.5 0 0
11471.5 1 1
11472.5 0 0
11473.5 2 1.41421
11474.5 1 1
11475.5 0 0
11476.5 0 0
11477.5 0 0
11478.5 1 1
11479.5 0 0
11480.5 1 1
11481.5 0 0
11482.5 1 1
11483.5 0 0
11484.5 2 1.41421
11485.5 3 1.73205
11486.5 1 1
11487.5 1 1
11488.5 0 0
11489.5 2 1.41421
11490.5 1 1
11491.5 1 1
11492.5 1 1
11493.5 1 1
11494.5 0 0
11495.5 2 1.41421
11496.5 0 0
11497.5 0 0
11498.5 2 1.41421
11499.5 1 1
11500.5 0 0
11501.5 0 0
11502.5 0 0
11503.5 0 0
11504.5 0 0
11505.5 0 0
11506.5 0 0
11507.5 0 0
11508.5 1 1
11509.5 1 1
11510.5 1 1
11511.5 1 1
11512.5 2 1.41421
11513.5 1 1
11514.5 0 0
11515.5 0 0
11516.5 0 0
11517.5 0 0
11518.5 1 1
11519.5 1 1
11520.5 0 0
11521.5 1 1
11522.5 1 1
11523.5 2 1.41421
11524.5 1 1
11525.5 1 1
11526.5 1 1
11527.5 1 1
11528.5 3 1.73205
11529.5 3 1.73205
11530.5 2 1.41421
11531.5 0 0
11532.5 0 0
11533.5 1 1
11534.5 0 0
11535.5 0 0
11536.5 1 1
11537.5 0 0
11538.5 1 1
11539.5 1 1
11540.5 1 1
11541.5 1 1
11542.5 1 1
11543.5 0 0
11544.5 2 1.41421
11545.5 0 0
11546.5 2 1.41421
11547.5 1 1
11548.5 3 1.73205
11549.5 3 1.73205
11550.5 1 1
11551.5 0 0
11552.5 0 0
11553.5 2 1.41421
11554.5 2 1.41421
11555.5 3 1.73205
11556.5 2 1.41421
11557.5 1 1
11558.5 1 1
11559.5 2 1.41421
11560.5 2 1.41421
11561.5 1 1
11562.5 0 0
11563.5 1 1
11564.5 0 0
11565.5 0 0
11566.5 1 1
11567.5 1 1
11568.5 0 0
11569.5 2 1.41421
11570.5 0 0
11571.5 0 0
11572.5 1 1
11573.5 0 0
11574.5 1 1
11575.5 1 1
11576.5 0 0
11577.5 0 0
11578.5 0 0
11579.5 1 1
11580.5 0 0
11581.5 1 1
11582.5 1 1
11583.5 1 1
11584.5 0 0
11585.5 0 0
11586.5 2 1.41421
11587.5 0 0
11588.5 0 0
11589.5 0 0
11590.5 0 0
11591.5 1 1
11592.5 1 1
11593.5 1 1
11594.5 1 1
11595.5 0 0
11596.5 1 1
11597.5 0 0
11598.5 0 0
11599.5 2 1.41421
11600.5 0 0
11601.5 2 1.41421
11602.5 0 0
11603.5 0 0
11604.5 0 0
11605.5 1 1
11606.5 1 1
11607.5 0 0
11608.5 1 1
11609.5 0 0
11610.5 1 1
11611.5 0 0
11612.5 0 0
11613.5 1 1
11614.5 0 0
11615.5 1 1
11616.5 0 0
11617.5 2 1.41421
11618.5 1 1
11619.5 2 1.41421
11620.5 0 0
11621.5 0 0
11622.5 1 1
11623.5 0 0
11624.5 1 1
11625.5 1 1
11626.5 0 0
11627.5 1 1
11628.5 0 0
11629.5 1 1
11630.5 1 1
11631.5 0 0
11632.5 0 0
11633.5 0 0
11634.5 2 1.41421
11635.5 0 0
11636.5 1 1
11637.5 0 0
11638.5 1 1
11639.5 0 0
11640.5 1 1
11641.5 0 0
11642.5 1 1
11643.5 1 1
11644.5 1 1
11645.5 0 0
11646.5 1 1
11647.5 2 1.41421
11648.5 0 0
11649.5 0 0
11650.5 0 0
11651.5 0 0
11652.5 0 0
11653.5 1 1
11654.5 0 0
11655.5 1 1
11656.5 1 1
11657.5 2 1.41421
11658.5 0 0
11659.5 0 0
11660.5 0 0
11661.5 0 0
11662.5 0 0
11663.5 2 1.41421
11664.5 0 0
11665.5 0 0
11666.5 0 0
11667.5 0 0
11668.5 0 0
11669.5 0 0
11670.5 0 0
11671.5 1 1
11672.5 0 0
11673.5 0 0
11674.5 0 0
11675.5 0 0
11676.5 1 1
11677.5 1 1
11678.5 0 0
11679.5 1 1
11680.5 0 0
11681.5 1 1
11682.5 1 1
11683.5 0 0
11684.5 0 0
11685.5 0 0
11686.5 0 0
11687.5 0 0
11688.5 1 1
11689.5 0 0
11690.5 0 0
11691.5 1 1
11692.5 0 0
11693.5 2 1.41421
11694.5 2 1.41421
11695.5 1 1
11696.5 0 0
11697.5 2 1.41421
11698.5 1 1
11699.5 0 0
11700.5 0 0
11701.5 1 1
11702.5 0 0
11703.5 0 0
11704.5 2 1.41421
11705.5 3 1.73205
11706.5 1 1
11707.5 0 0
11708.5 1 1
11709.5 0 0
11710.5 0 0
11711.5 0 0
11712.5 1 1
11713.5 1 1
11714.5 0 0
11715.5 1 1
11716.5 0 0
11717.5 0 0
11718.5 2 1.41421
11719.5 1 1
11720.5 2 1.41421
11721.5 2 1.41421
11722.5 0 0
11723.5 0 0
11724.5 1 1
11725.5 0 0
11726.5 0 0
11727.5 0 0
11728.5 1 1
11729.5 0 0
11730.5 2 1.41421
11731.5 0 0
11732.5 0 0
11733.5 0 0
11734.5 3 1.73205
11735.5 1 1
11736.5 1 1
11737.5 0 0
11738.5 0 0
11739.5 1 1
11740.5 1 1
11741.5 3 1.73205
11742.5 0 0
11743.5 1 1
11744.5 0 0
11745.5 1 1
11746.5 0 0
11747.5 4 2
11748.5 0 0
11749.5 0 0
11750.5 0 0
11751.5 2 1.41421
11752.5 2 1.41421
11753.5 0 0
11754.5 0 0
11755.5 1 1
11756.5 0 0
11757.5 0 0
11758.5 0 0
11759.5 0 0
11760.5 0 0
11761.5 1 1
11762.5 0 0
11763.5 1 1
11764.5 1 1
11765.5 0 0
11766.5 1 1
11767.5 1 1
11768.5 0 0
11769.5 0 0
11770.5 0 0
11771.5 1 1
11772.5 0 0
11773.5 1 1
11774.5 0 0
11775.5 0 0
11776.5 1 1
11777.5 0 0
11778.5 1 1
11779.5 0 0
11780.5 1 1
11781.5 0 0
11782.5 0 0
11783.5 1 1
11784.5 0 0
11785.5 0 0
11786.5 1 1
11787.5 0 0
11788.5 0 0
11789.5 0 0
11790.5 0 0
11791.5 1 1
11792.5 1 1
11793.5 0 0
11794.5 1 1
11795.5 0 0
11796.5 1 1
11797.5 1 1
11798.5 1 1
11799.5 0 0
11800.5 1 1
11801.5 2 1.41421
11802.5 1 1
11803.5 1 1
11804.5 0 0
11805.5 2 1.41421
11806.5 0 0
11807.5 0 0
11808.5 2 1.41421
11809.5 1 1
11810.5 0 0
11811.5 0 0
11812.5 0 0
11813.5 1 1
11814.5 2 1.41421
11815.5 0 0
11816.5 0 0
11817.5 1 1
11818.5 1 1
11819.5 0 0
11820.5 0 0
11821.5 1 1
11822.5 0 0
11823.5 0 0
11824.5 3 1.73205
11825.5 0 0
11826.5 1 1
11827.5 1 1
11828.5 2 1.41421
11829.5 0 0
11830.5 1 1
11831.5 1 1
11832.5 2 1.41421
11833.5 3 1.73205
11834.5 0 0
11835.5 0 0
11836.5 2 1.41421
11837.5 0 0
11838.5 2 1.41421
11839.5 1 1
11840.5 0 0
11841.5 1 1
11842.5 0 0
11843.5 0 0
11844.5 1 1
11845.5 1 1
11846.5 0 0
11847.5 0 0
11848.5 0 0
11849.5 0 0
11850.5 1 1
11851.5 1 1
11852.5 0 0
11853.5 2 1.41421
11854.5 0 0
11855.5 0 0
11856.5 0 0
11857.5 1 1
11858.5 1 1
11859.5 3 1.73205
11860.5 1 1
11861.5 2 1.41421
11862.5 0 0
11863.5 0 0
11864.5 0 0
11865.5 1 1
11866.5 0 0
11867.5 0 0
11868.5 0 0
11869.5 1 1
11870.5 0 0
11871.5 0 0
11872.5 1 1
11873.5 1 1
11874.5 0 0
11875.5 0 0
11876.5 0 0
11877.5 1 1
11878.5 1 1
11879.5 1 1
11880.5 0 0
11881.5 0 0
11882.5 0 0
11883.5 0 0
11884.5 1 1
11885.5 0 0
11886.5 1 1
11887.5 0 0
11888.5 1 1
11889.5 0 0
11890.5 1 1
11891.5 0 0
11892.5 1 1
11893.5 1 1
11894.5 1 1
11895.5 2 1.41421
11896.5 0 0
11897.5 3 1.73205
11898.5 3 1.73205
11899.5 0 0
11900.5 0 0
11901.5 2 1.41421
11902.5 0 0
11903.5 1 1
11904.5 0 0
11905.5 0 0
11906.5 0 0
11907.5 0 0
11908.5 0 0
11909.5 1 1
11910.5 0 0
11911.5 0 0
11912.5 0 0
11913.5 1 1
11914.5 0 0
11915.5 0 0
11916.5 0 0
11917.5 2 1.41421
11918.5 0 0
11919.5 1 1
11920.5 2 1.41421
11921.5 0 0
11922.5 0 0
11923.5 0 0
11924.5 1 1
11925.5 4 2
11926.5 1 1
11927.5 0 0
11928.5 2 1.41421
11929.5 0 0
11930.5 0 0
11931.5 0 0
11932.5 1 1
11933.5 0 0
11934.5 0 0
11935.5 2 1.41421
11936.5 0 0
11937.5 0 0
11938.5 1 1
11939.5 0 0
11940.5 0 0
11941.5 0 0
11942.5 2 1.41421
11943.5 2 1.41421
11944.5 1 1
11945.5 0 0
11946.5 0 0
11947.5 1 1
11948.5 0 0
11949.5 1 1
11950.5 0 0
11951.5 1 1
11952.5 0 0
11953.5 0 0
11954.5 0 0
11955.5 1 1
11956.5 0 0
11957.5 0 0
11958.5 0 0
11959.5 0 0
11960.5 4 2
11961.5 0 0
11962.5 1 1
11963.5 0 0
11964.5 2 1.41421
11965.5 0 0
11966.5 0 0
11967.5 1 1
11968.5 0 0
11969.5 0 0
11970.5 3 1.73205
11971.5 0 0
11972.5 0 0
11973.5 0 0
11974.5 2 1.41421
11975.5 0 0
11976.5 2 1.41421
11977.5 0 0
11978.5 0 0
11979.5 2 1.41421
11980.5 0 0
11981.5 0 0
11982.5 1 1
11983.5 0 0
11984.5 0 0
11985.5 1 1
11986.5 0 0
11987.5 2 1.41421
11988.5 3 1.73205
11989.5 0 0
11990.5 0 0
11991.5 0 0
11992.5 1 1
11993.5 0 0
11994.5 0 0
11995.5 0 0
11996.5 0 0
11997.5 0 0
11998.5 0 0
11999.5 0 0
12000.5 1 1
12001.5 0 0
12002.5 0 0
12003.5 0 0
12004.5 0 0
12005.5 0 0
12006.5 0 0
12007.5 2 1.41421
12008.5 0 0
12009.5 0 0
12010.5 1 1
12011.5 0 0
12012.5 0 0
12013.5 0 0
12014.5 0 0
12015.5 0 0
12016.5 1 1
12017.5 0 0
12018.5 0 0
12019.5 0 0
12020.5 0 0
12021.5 0 0
12022.5 2 1.41421
12023.5 1 1
12024.5 0 0
12025.5 2 1.41421
12026.5 1 1
12027.5 1 1
12028.5 0 0
12029.5 1 1
12030.5 1 1
12031.5 0 0
12032.5 0 0
12033.5 0 0
12034.5 0 0
12035.5 2 1.41421
12036.5 0 0
12037.5 0 0
12038.5 2 1.41421
12039.5 0 0
12040.5 1 1
12041.5 0 0
12042.5 0 0
12043.5 0 0
12044.5 1 1
12045.5 1 1
12046.5 0 0
12047.5 2 1.41421
12048.5 0 0
12049.5 1 1
12050.5 2 1.41421
12051.5 1 1
12052.5 1 1
12053.5 2 1.41421
12054.5 1 1
12055.5 1 1
12056.5 1 1
12057.5 0 0
12058.5 1 1
12059.5 3 1.73205
12060.5 2 1.41421
12061.5 0 0
12062.5 1 1
12063.5 0 0
12064.5 2 1.41421
12065.5 0 0
12066.5 0 0
12067.5 0 0
12068.5 1 1
12069.5 2 1.41421
12070.5 2 1.41421
12071.5 0 0
12072.5 2 1.41421
12073.5 0 0
12074.5 0 0
12075.5 2 1.41421
12076.5 1 1
12077.5 0 0
12078.5 1 1
12079.5 0 0
12080.5 1 1
12081.5 2 1.41421
12082.5 0 0
12083.5 0 0
12084.5 0 0
12085.5 0 0
12086.5 0 0
12087.5 0 0
12088.5 0 0
12089.5 0 0
12090.5 2 1.41421
12091.5 0 0
12092.5 1 1
12093.5 1 1
12094.5 1 1
12095.5 0 0
12096.5 1 1
12097.5 0 0
12098.5 1 1
12099.5 1 1
12100.5 0 0
12101.5 3 1.73205
12102.5 0 0
12103.5 1 1
12104.5 2 1.41421
12105.5 0 0
12106.5 0 0
12107.5 0 0
12108.5 2 1.41421
12109.5 1 1
12110.5 1 1
12111.5 3 1.73205
12112.5 1 1
12113.5 0 0
12114.5 0 0
12115.5 1 1
12116.5 1 1
12117.5 1 1
12118.5 1 1
12119.5 0 0
12120.5 0 0
12121.5 0 0
12122.5 0 0
12123.5 0 0
12124.5 0 0
12125.5 0 0
12126.5 1 1
12127.5 2 1.41421
12128.5 0 0
12129.5 1 1
12130.5 1 1
12131.5 0 0
12132.5 3 1.73205
12133.5 1 1
12134.5 0 0
12135.5 1 1
12136.5 0 0
12137.5 0 0
12138.5 0 0
12139.5 1 1
12140.5 2 1.41421
12141.5 0 0
12142.5 2 1.41421
12143.5 0 0
12144.5 1 1
12145.5 0 0
12146.5 1 1
12147.5 0 0
12148.5 0 0
12149.5 0 0
12150.5 1 1
12151.5 1 1
12152.5 0 0
12153.5 1 1
12154.5 0 0
12155.5 1 1
12156.5 1 1
12157.5 1 1
12158.5 0 0
12159.5 3 1.73205
12160.5 2 1.41421
12161.5 2 1.41421
12162.5 1 1
12163.5 0 0
12164.5 2 1.41421
12165.5 0 0
12166.5 0 0
12167.5 2 1.41421
12168.5 0 0
12169.5 0 0
12170.5 1 1
12171.5 2 1.41421
12172.5 0 0
12173.5 1 1
12174.5 0 0
12175.5 1 1
12176.5 0 0
12177.5 0 0
12178.5 1 1
12179.5 0 0
12180.5 0 0
12181.5 2 1.41421
12182.5 0 0
12183.5 1 1
12184.5 2 1.41421
12185.5 1 1
12186.5 0 0
12187.5 1 1
12188.5 0 0
12189.5 1 1
12190.5 2 1.41421
12191.5 2 1.41421
12192.5 2 1.41421
12193.5 1 1
12194.5 0 0
12195.5 1 1
12196.5 2 1.41421
12197.5 3 1.73205
12198.5 1 1
12199.5 1 1
12200.5 0 0
12201.5 1 1
12202.5 0 0
12203.5 1 1
12204.5 0 0
12205.5 1 1
12206.5 1 1
12207.5 1 1
12208.5 1 1
12209.5 0 0
12210.5 2 1.41421
12211.5 1 1
12212.5 0 0
12213.5 0 0
12214.5 1 1
12215.5 2 1.41421
12216.5 0 0
12217.5 0 0
12218.5 2 1.41421
12219.5 2 1.41421
12220.5 0 0
12221.5 0 0
12222.5 0 0
12223.5 0 0
12224.5 0 0
12225.5 0 0
12226.5 1 1
12227.5 0 0
12228.5 0 0
12229.5 0 0
12230.5 1 1
12231.5 2 1.41421
12232.5 3 1.73205
12233.5 1 1
12234.5 1 1
12235.5 0 0
12236.5 0 0
12237.5 0 0
12238.5 0 0
12239.5 0 0
12240.5 1 1
12241.5 0 0
12242.5 0 0
12243.5 0 0
12244.5 1 1
12245.5 0 0
12246.5 2 1.41421
12247.5 1 1
12248.5 2 1.41421
12249.5 1 1
12250.5 0 0
12251.5 0 0
12252.5 0 0
12253.5 3 1.73205
12254.5 2 1.41421
12255.5 0 0
12256.5 1 1
12257.5 2 1.41421
12258.5 0 0
12259.5 0 0
12260.5 0 0
12261.5 1 1
12262.5 0 0
12263.5 0 0
12264.5 2 1.41421
12265.5 1 1
12266.5 3 1.73205
12267.5 1 1
12268.5 0 0
12269.5 0 0
12270.5 1 1
12271.5 0 0
12272.5 0 0
12273.5 1 1
12274.5 0 0
12275.5 2 1.41421
12276.5 0 0
12277.5 0 0
12278.5 1 1
12279.5 2 1.41421
12280.5 0 0
12281.5 0 0
12282.5 0 0
12283.5 0 0
12284.5 0 0
12285.5 0 0
12286.5 1 1
12287.5 0 0
12288.5 2 1.41421
12289.5 2 1.41421
12290.5 0 0
12291.5 0 0
12292.5 1 1
12293.5 1 1
12294.5 0 0
12295.5 1 1
12296.5 0 0
12297.5 0 0
12298.5 1 1
12299.5 2 1.41421
12300.5 0 0
12301.5 1 1
12302.5 2 1.41421
12303.5 1 1
12304.5 1 1
12305.5 1 1
12306.5 1 1
12307.5 3 1.73205
12308.5 2 1.41421
12309.5 0 0
12310.5 0 0
12311.5 3 1.73205
12312.5 0 0
12313.5 0 0
12314.5 1 1
12315.5 1 1
12316.5 0 0
12317.5 3 1.73205
12318.5 2 1.41421
12319.5 1 1
12320.5 0 0
12321.5 1 1
12322.5 3 1.73205
12323.5 1 1
12324.5 1 1
12325.5 0 0
12326.5 1 1
12327.5 2 1.41421
12328.5 0 0
12329.5 0 0
12330.5 0 0
12331.5 1 1
12332.5 0 0
12333.5 0 0
12334.5 0 0
12335.5 0 0
12336.5 1 1
12337.5 1 1
12338.5 0 0
12339.5 1 1
12340.5 2 1.41421
12341.5 0 0
12342.5 0 0
12343.5 1 1
12344.5 0 0
12345.5 1 1
12346.5 2 1.41421
12347.5 2 1.41421
12348.5 0 0
12349.5 1 1
12350.5 1 1
12351.5 0 0
12352.5 1 1
12353.5 2 1.41421
12354.5 0 0
12355.5 0 0
12356.5 1 1
12357.5 0 0
12358.5 1 1
12359.5 0 0
12360.5 0 0
12361.5 1 1
12362.5 0 0
12363.5 0 0
12364.5 1 1
12365.5 2 1.41421
12366.5 1 1
12367.5 2 1.41421
12368.5 2 1.41421
12369.5 1 1
12370.5 2 1.41421
12371.5 1 1
12372.5 0 0
12373.5 0 0
12374.5 0 0
12375.5 2 1.41421
12376.5 1 1
12377.5 1 1
12378.5 1 1
12379.5 1 1
12380.5 2 1.41421
12381.5 2 1.41421
12382.5 0 0
12383.5 2 1.41421
12384.5 0 0
12385.5 0 0
12386.5 0 0
12387.5 2 1.41421
12388.5 0 0
12389.5 0 0
12390.5 1 1
12391.5 0 0
12392.5 0 0
12393.5 0 0
12394.5 0 0
12395.5 0 0
12396.5 1 1
12397.5 0 0
12398.5 2 1.41421
12399.5 1 1
12400.5 1 1
12401.5 2 1.41421
12402.5 1 1
12403.5 0 0
12404.5 1 1
12405.5 1 1
12406.5 3 1.73205
12407.5 0 0
12408.5 0 0
12409.5 1 1
12410.5 4 2
12411.5 0 0
12412.5 0 0
12413.5 1 1
12414.5 1 1
12415.5 1 1
12416.5 0 0
12417.5 0 0
12418.5 1 1
12419.5 0 0
12420.5 1 1
12421.5 1 1
12422.5 1 1
12423.5 2 1.41421
12424.5 0 0
12425.5 0 0
12426.5 2 1.41421
12427.5 1 1
12428.5 1 1
12429.5 1 1
12430.5 1 1
12431.5 0 0
12432.5 0 0
12433.5 1 1
12434.5 1 1
12435.5 0 0
12436.5 1 1
12437.5 1 1
12438.5 3 1.73205
12439.5 0 0
12440.5 0 0
12441.5 2 1.41421
12442.5 0 0
12443.5 1 1
12444.5 0 0
12445.5 2 1.41421
12446.5 0 0
12447.5 0 0
12448.5 2 1.41421
12449.5 0 0
12450.5 0 0
12451.5 0 0
12452.5 0 0
12453.5 0 0
12454.5 0 0
12455.5 1 1
12456.5 0 0
12457.5 0 0
12458.5 1 1
12459.5 0 0
12460.5 1 1
12461.5 1 1
12462.5 1 1
12463.5 0 0
12464.5 0 0
12465.5 0 0
12466.5 0 0
12467.5 0 0
12468.5 0 0
12469.5 0 0
12470.5 3 1.73205
12471.5 0 0
12472.5 1 1
12473.5 1 1
12474.5 0 0
12475.5 1 1
12476.5 1 1
12477.5 1 1
12478.5 1 1
12479.5 0 0
12480.5 0 0
12481.5 1 1
12482.5 0 0
12483.5 0 0
12484.5 0 0
12485.5 1 1
12486.5 0 0
12487.5 1 1
12488.5 1 1
12489.5 1 1
12490.5 0 0
12491.5 0 0
12492.5 0 0
12493.5 0 0
12494.5 0 0
12495.5 1 1
12496.5 0 0
12497.5 1 1
12498.5 3 1.73205
12499.5 1 1
12500.5 0 0
12501.5 0 0
12502.5 1 1
12503.5 0 0
12504.5 0 0
12505.5 0 0
12506.5 1 1
12507.5 1 1
12508.5 2 1.41421
12509.5 0 0
12510.5 1 1
12511.5 1 1
12512.5 2 1.41421
12513.5 2 1.41421
12514.5 0 0
12515.5 0 0
12516.5 1 1
12517.5 1 1
12518.5 2 1.41421
12519.5 1 1
12520.5 1 1
12521.5 1 1
12522.5 0 0
12523.5 0 0
12524.5 0 0
12525.5 1 1
12526.5 0 0
12527.5 0 0
12528.5 0 0
12529.5 1 1
12530.5 0 0
12531.5 1 1
12532.5 0 0
12533.5 1 1
12534.5 1 1
12535.5 0 0
12536.5 0 0
12537.5 3 1.73205
12538.5 4 2
12539.5 0 0
12540.5 2 1.41421
12541.5 1 1
12542.5 0 0
12543.5 2 1.41421
12544.5 2 1.41421
12545.5 0 0
12546.5 2 1.41421
12547.5 2 1.41421
12548.5 1 1
12549.5 0 0
12550.5 3 1.73205
12551.5 0 0
12552.5 0 0
12553.5 0 0
12554.5 2 1.41421
12555.5 1 1
12556.5 2 1.41421
12557.5 0 0
12558.5 1 1
12559.5 0 0
12560.5 1 1
12561.5 1 1
12562.5 0 0
12563.5 0 0
12564.5 0 0
12565.5 3 1.73205
12566.5 1 1
12567.5 1 1
12568.5 1 1
12569.5 0 0
12570.5 1 1
12571.5 0 0
12572.5 0 0
12573.5 0 0
12574.5 0 0
12575.5 0 0
12576.5 0 0
12577.5 0 0
12578.5 1 1
12579.5 1 1
12580.5 1 1
12581.5 0 0
12582.5 1 1
12583.5 0 0
12584.5 0 0
12585.5 1 1
12586.5 0 0
12587.5 0 0
12588.5 2 1.41421
12589.5 0 0
12590.5 0 0
12591.5 1 1
12592.5 1 1
12593.5 0 0
12594.5 0 0
12595.5 0 0
12596.5 3 1.73205
12597.5 1 1
12598.5 2 1.41421
12599.5 0 0
12600.5 0 0
12601.5 0 0
12602.5 0 0
12603.5 0 0
12604.5 1 1
12605.5 2 1.41421
12606.5 6 2.44949
12607.5 0 0
12608.5 0 0
12609.5 1 1
12610.5 0 0
12611.5 1 1
12612.5 1 1
12613.5 0 0
12614.5 0 0
12615.5 0 0
12616.5 0 0
12617.5 0 0
12618.5 1 1
12619.5 0 0
12620.5 0 0
12621.5 0 0
12622.5 0 0
12623.5 0 0
12624.5 1 1
12625.5 0 0
12626.5 1 1
12627.5 0 0
12628.5 0 0
12629.5 0 0
12630.5 2 1.41421
12631.5 1 1
12632.5 1 1
12633.5 2 1.41421
12634.5 0 0
12635.5 0 0
12636.5 1 1
12637.5 1 1
12638.5 1 1
12639.5 0 0
12640.5 1 1
12641.5 2 1.41421
12642.5 0 0
12643.5 1 1
12644.5 1 1
12645.5 1 1
12646.5 1 1
12647.5 3 1.73205
12648.5 0 0
12649.5 0 0
12650.5 0 0
12651.5 1 1
12652.5 0 0
12653.5 1 1
12654.5 1 1
12655.5 0 0
12656.5 1 1
12657.5 1 1
12658.5 2 1.41421
12659.5 2 1.41421
12660.5 0 0
12661.5 0 0
12662.5 0 0
12663.5 1 1
12664.5 0 0
12665.5 0 0
12666.5 2 1.41421
12667.5 1 1
12668.5 0 0
12669.5 1 1
12670.5 1 1
12671.5 0 0
12672.5 2 1.41421
12673.5 0 0
12674.5 1 1
12675.5 0 0
12676.5 0 0
12677.5 1 1
12678.5 0 0
12679.5 0 0
12680.5 0 0
12681.5 1 1
12682.5 3 1.73205
12683.5 3 1.73205
12684.5 1 1
12685.5 0 0
12686.5 1 1
12687.5 0 0
12688.5 0 0
12689.5 1 1
12690.5 1 1
12691.5 1 1
12692.5 0 0
12693.5 1 1
12694.5 1 1
12695.5 1 1
12696.5 1 1
12697.5 1 1
12698.5 0 0
12699.5 1 1
12700.5 0 0
12701.5 1 1
12702.5 0 0
12703.5 1 1
12704.5 0 0
12705.5 1 1
12706.5 1 1
12707.5 0 0
12708.5 0 0
12709.5 0 0
12710.5 1 1
12711.5 1 1
12712.5 2 1.41421
12713.5 0 0
12714.5 0 0
12715.5 3 1.73205
12716.5 1 1
12717.5 1 1
12718.5 0 0
12719.5 0 0
12720.5 1 1
12721.5 0 0
12722.5 1 1
12723.5 2 1.41421
12724.5 0 0
12725.5 0 0
12726.5 0 0
12727.5 1 1
12728.5 1 1
12729.5 1 1
12730.5 0 0
12731.5 0 0
12732.5 1 1
12733.5 1 1
12734.5 0 0
12735.5 1 1
12736.5 2 1.41421
12737.5 0 0
12738.5 0 0
12739.5 2 1.41421
12740.5 2 1.41421
12741.5 1 1
12742.5 0 0
12743.5 1 1
12744.5 1 1
12745.5 0 0
12746.5 0 0
12747.5 1 1
12748.5 1 1
12749.5 2 1.41421
12750.5 2 1.41421
12751.5 1 1
12752.5 0 0
12753.5 2 1.41421
12754.5 1 1
12755.5 2 1.41421
12756.5 0 0
12757.5 3 1.73205
12758.5 0 0
12759.5 0 0
12760.5 0 0
12761.5 2 1.41421
12762.5 0 0
12763.5 0 0
12764.5 1 1
12765.5 1 1
12766.5 1 1
12767.5 1 1
12768.5 0 0
12769.5 0 0
12770.5 0 0
12771.5 1 1
12772.5 1 1
12773.5 0 0
12774.5 0 0
12775.5 1 1
12776.5 0 0
12777.5 1 1
12778.5 1 1
12779.5 0 0
12780.5 0 0
12781.5 1 1
12782.5 2 1.41421
12783.5 0 0
12784.5 1 1
12785.5 0 0
12786.5 1 1
12787.5 0 0
12788.5 0 0
12789.5 1 1
12790.5 2 1.41421
12791.5 0 0
12792.5 0 0
12793.5 2 1.41421
12794.5 0 0
12795.5 5 2.23607
12796.5 0 0
12797.5 1 1
12798.5 3 1.73205
12799.5 0 0
12800.5 0 0
12801.5 0 0
12802.5 0 0
12803.5 0 0
12804.5 1 1
12805.5 0 0
12806.5 1 1
12807.5 2 1.41421
12808.5 1 1
12809.5 1 1
12810.5 1 1
12811.5 0 0
12812.5 0 0
12813.5 0 0
12814.5 2 1.41421
12815.5 0 0
12816.5 0 0
12817.5 0 0
12818.5 0 0
12819.5 0 0
12820.5 0 0
12821.5 1 1
12822.5 0 0
12823.5 1 1
12824.5 2 1.41421
12825.5 1 1
12826.5 0 0
12827.5 0 0
12828.5 1 1
12829.5 0 0
12830.5 0 0
12831.5 0 0
12832.5 0 0
12833.5 1 1
12834.5 1 1
12835.5 1 1
12836.5 0 0
12837.5 0 0
12838.5 0 0
12839.5 0 0
12840.5 0 0
12841.5 0 0
12842.5 2 1.41421
12843.5 0 0
12844.5 0 0
12845.5 1 1
12846.5 0 0
12847.5 2 1.41421
12848.5 0 0
12849.5 0 0
12850.5 0 0
12851.5 0 0
12852.5 0 0
12853.5 0 0
12854.5 0 0
12855.5 1 1
12856.5 0 0
12857.5 0 0
12858.5 1 1
12859.5 0 0
12860.5 2 1.41421
12861.5 1 1
12862.5 0 0
12863.5 2 1.41421
12864.5 1 1
12865.5 1 1
12866.5 0 0
12867.5 1 1
12868.5 0 0
12869.5 1 1
12870.5 0 0
12871.5 1 1
12872.5 0 0
12873.5 1 1
12874.5 2 1.41421
12875.5 1 1
12876.5 3 1.73205
12877.5 1 1
12878.5 0 0
12879.5 2 1.41421
12880.5 0 0
12881.5 0 0
12882.5 1 1
12883.5 0 0
12884.5 1 1
12885.5 3 1.73205
12886.5 1 1
12887.5 0 0
12888.5 0 0
12889.5 1 1
12890.5 2 1.41421
12891.5 2 1.41421
12892.5 0 0
12893.5 1 1
12894.5 1 1
12895.5 0 0
12896.5 1 1
12897.5 0 0
12898.5 2 1.41421
12899.5 0 0
12900.5 0 0
12901.5 0 0
12902.5 0 0
12903.5 1 1
12904.5 0 0
12905.5 2 1.41421
12906.5 3 1.73205
12907.5 1 1
12908.5 1 1
12909.5 1 1
12910.5 0 0
12911.5 2 1.41421
12912.5 0 0
12913.5 0 0
12914.5 0 0
12915.5 0 0
12916.5 1 1
12917.5 1 1
12918.5 2 1.41421
12919.5 0 0
12920.5 2 1.41421
12921.5 0 0
12922.5 0 0
12923.5 0 0
12924.5 0 0
12925.5 0 0
12926.5 1 1
12927.5 1 1
12928.5 1 1
12929.5 0 0
12930.5 4 2
12931.5 0 0
12932.5 2 1.41421
12933.5 4 2
12934.5 0 0
12935.5 1 1
12936.5 0 0
12937.5 1 1
12938.5 0 0
12939.5 0 0
12940.5 2 1.41421
12941.5 0 0
12942.5 0 0
12943.5 1 1
12944.5 0 0
12945.5 0 0
12946.5 2 1.41421
12947.5 2 1.41421
12948.5 1 1
12949.5 0 0
12950.5 0 0
12951.5 1 1
12952.5 1 1
12953.5 0 0
12954.5 1 1
12955.5 1 1
12956.5 1 1
12957.5 0 0
12958.5 2 1.41421
12959.5 1 1
12960.5 1 1
12961.5 0 0
12962.5 0 0
12963.5 0 0
12964.5 2 1.41421
12965.5 2 1.41421
12966.5 1 1
12967.5 1 1
12968.5 0 0
12969.5 0 0
12970.5 2 1.41421
12971.5 0 0
12972.5 2 1.41421
12973.5 1 1
12974.5 0 0
12975.5 0 0
12976.5 0 0
12977.5 0 0
12978.5 1 1
12979.5 1 1
12980.5 0 0
12981.5 0 0
12982.5 3 1.73205
12983.5 0 0
12984.5 0 0
12985.5 0 0
12986.5 2 1.41421
12987.5 2 1.41421
12988.5 0 0
12989.5 1 1
12990.5 0 0
12991.5 0 0
12992.5 0 0
12993.5 1 1
12994.5 0 0
12995.5 2 1.41421
12996.5 2 1.41421
12997.5 2 1.41421
12998.5 0 0
12999.5 0 0
13000.5 2 1.41421
13001.5 0 0
13002.5 0 0
13003.5 0 0
13004.5 0 0
13005.5 2 1.41421
13006.5 0 0
13007.5 0 0
13008.5 2 1.41421
13009.5 0 0
13010.5 0 0
13011.5 0 0
13012.5 0 0
13013.5 1 1
13014.5 2 1.41421
13015.5 0 0
13016.5 0 0
13017.5 1 1
13018.5 0 0
13019.5 0 0
13020.5 2 1.41421
13021.5 0 0
13022.5 1 1
13023.5 0 0
13024.5 0 0
13025.5 0 0
13026.5 0 0
13027.5 0 0
13028.5 0 0
13029.5 0 0
13030.5 2 1.41421
13031.5 0 0
13032.5 0 0
13033.5 0 0
13034.5 0 0
13035.5 0 0
13036.5 1 1
13037.5 1 1
13038.5 1 1
13039.5 0 0
13040.5 1 1
13041.5 0 0
13042.5 1 1
13043.5 0 0
13044.5 1 1
13045.5 0 0
13046.5 1 1
13047.5 1 1
13048.5 0 0
13049.5 0 0
13050.5 0 0
13051.5 0 0
13052.5 0 0
13053.5 0 0
13054.5 0 0
13055.5 0 0
13056.5 1 1
13057.5 1 1
13058.5 0 0
13059.5 0 0
13060.5 1 1
13061.5 3 1.73205
13062.5 0 0
13063.5 1 1
13064.5 0 0
13065.5 0 0
13066.5 1 1
13067.5 0 0
13068.5 1 1
13069.5 0 0
13070.5 1 1
13071.5 1 1
13072.5 0 0
13073.5 1 1
13074.5 0 0
13075.5 0 0
13076.5 0 0
13077.5 1 1
13078.5 0 0
13079.5 3 1.73205
13080.5 0 0
13081.5 0 0
13082.5 0 0
13083.5 1 1
13084.5 1 1
13085.5 0 0
13086.5 1 1
13087.5 0 0
13088.5 0 0
13089.5 0 0
13090.5 0 0
13091.5 2 1.41421
13092.5 2 1.41421
13093.5 2 1.41421
13094.5 2 1.41421
13095.5 0 0
13096.5 0 0
13097.5 2 1.41421
13098.5 1 1
13099.5 0 0
13100.5 0 0
13101.5 0 0
13102.5 1 1
13103.5 0 0
13104.5 0 0
13105.5 2 1.41421
13106.5 1 1
13107.5 0 0
13108.5 1 1
13109.5 1 1
13110.5 2 1.41421
13111.5 0 0
13112.5 0 0
13113.5 0 0
13114.5 0 0
13115.5 0 0
13116.5 0 0
13117.5 0 0
13118.5 0 0
13119.5 0 0
13120.5 2 1.41421
13121.5 1 1
13122.5 0 0
13123.5 0 0
13124.5 0 0
13125.5 0 0
13126.5 0 0
13127.5 0 0
13128.5 0 0
13129.5 0 0
13130.5 0 0
13131.5 0 0
13132.5 0 0
13133.5 2 1.41421
13134.5 0 0
13135.5 0 0
13136.5 0 0
13137.5 0 0
13138.5 1 1
13139.5 1 1
13140.5 2 1.41421
13141.5 0 0
13142.5 0 0
13143.5 1 1
13144.5 0 0
13145.5 1 1
13146.5 0 0
13147.5 3 1.73205
13148.5 0 0
13149.5 1 1
13150.5 1 1
13151.5 0 0
13152.5 0 0
13153.5 1 1
13154.5 0 0
13155.5 0 0
13156.5 0 0
13157.5 1 1
13158.5 0 0
13159.5 1 1
13160.5 2 1.41421
13161.5 1 1
13162.5 0 0
13163.5 2 1.41421
13164.5 0 0
13165.5 0 0
13166.5 0 0
13167.5 1 1
13168.5 0 0
13169.5 0 0
13170.5 2 1.41421
13171.5 0 0
13172.5 2 1.41421
13173.5 0 0
13174.5 0 0
13175.5 0 0
13176.5 0 0
13177.5 0 0
13178.5 0 0
13179.5 0 0
13180.5 1 1
13181.5 0 0
13182.5 0 0
13183.5 0 0
13184.5 1 1
13185.5 0 0
13186.5 1 1
13187.5 2 1.41421
13188.5 4 2
13189.5 1 1
13190.5 1 1
13191.5 0 0
13192.5 0 0
13193.5 1 1
13194.5 1 1
13195.5 0 0
13196.5 0 0
13197.5 0 0
13198.5 0 0
13199.5 1 1
13200.5 0 0
13201.5 0 0
13202.5 0 0
13203.5 0 0
13204.5 0 0
13205.5 0 0
13206.5 0 0
13207.5 3 1.73205
13208.5 0 0
13209.5 0 0
13210.5 0 0
13211.5 1 1
13212.5 0 0
13213.5 0 0
13214.5 0 0
13215.5 2 1.41421
13216.5 0 0
13217.5 1 1
13218.5 1 1
13219.5 0 0
13220.5 0 0
13221.5 1 1
13222.5 1 1
13223.5 1 1
13224.5 0 0
13225.5 0 0
13226.5 0 0
13227.5 0 0
13228.5 1 1
13229.5 1 1
13230.5 0 0
13231.5 0 0
13232.5 0 0
13233.5 0 0
13234.5 0 0
13235.5 0 0
13236.5 2 1.41421
13237.5 0 0
13238.5 0 0
13239.5 0 0
13240.5 0 0
13241.5 0 0
13242.5 1 1
13243.5 1 1
13244.5 1 1
13245.5 0 0
13246.5 0 0
13247.5 0 0
13248.5 0 0
13249.5 1 1
13250.5 0 0
13251.5 0 0
13252.5 0 0
13253.5 0 0
13254.5 0 0
13255.5 0 0
13256.5 0 0
13257.5 0 0
13258.5 0 0
13259.5 2 1.41421
13260.5 0 0
13261.5 2 1.41421
13262.5 0 0
13263.5 1 1
13264.5 3 1.73205
13265.5 0 0
13266.5 0 0
13267.5 2 1.41421
13268.5 1 1
13269.5 0 0
13270.5 1 1
13271.5 0 0
13272.5 0 0
13273.5 0 0
13274.5 0 0
13275.5 0 0
13276.5 0 0
13277.5 2 1.41421
13278.5 0 0
13279.5 1 1
13280.5 1 1
13281.5 1 1
13282.5 0 0
13283.5 1 1
13284.5 0 0
13285.5 1 1
13286.5 1 1
13287.5 1 1
13288.5 0 0
13289.5 1 1
13290.5 1 1
13291.5 2 1.41421
13292.5 1 1
13293.5 1 1
13294.5 0 0
13295.5 1 1
13296.5 2 1.41421
13297.5 0 0
13298.5 0 0
13299.5 1 1
13300.5 0 0
13301.5 0 0
13302.5 0 0
13303.5 0 0
13304.5 0 0
13305.5 0 0
13306.5 1 1
13307.5 0 0
13308.5 0 0
13309.5 0 0
13310.5 0 0
13311.5 1 1
13312.5 0 0
13313.5 1 1
13314.5 0 0
13315.5 0 0
13316.5 1 1
13317.5 0 0
13318.5 0 0
13319.5 1 1
13320.5 1 1
13321.5 0 0
13322.5 0 0
13323.5 0 0
13324.5 1 1
13325.5 0 0
13326.5 0 0
13327.5 2 1.41421
13328.5 2 1.41421
13329.5 0 0
13330.5 0 0
13331.5 0 0
13332.5 0 0
13333.5 0 0
13334.5 0 0
13335.5 0 0
13336.5 0 0
13337.5 1 1
13338.5 0 0
13339.5 0 0
13340.5 0 0
13341.5 2 1.41421
13342.5 2 1.41421
13343.5 1 1
13344.5 0 0
13345.5 0 0
13346.5 0 0
13347.5 0 0
13348.5 0 0
13349.5 1 1
13350.5 0 0
13351.5 0 0
13352.5 2 1.41421
13353.5 0 0
13354.5 3 1.73205
13355.5 0 0
13356.5 1 1
13357.5 0 0
13358.5 2 1.41421
13359.5 0 0
13360.5 1 1
13361.5 0 0
13362.5 1 1
13363.5 1 1
13364.5 0 0
13365.5 0 0
13366.5 0 0
13367.5 0 0
13368.5 1 1
13369.5 0 0
13370.5 0 0
13371.5 0 0
13372.5 1 1
13373.5 0 0
13374.5 0 0
13375.5 0 0
13376.5 1 1
13377.5 1 1
13378.5 1 1
13379.5 0 0
13380.5 0 0
13381.5 0 0
13382.5 0 0
13383.5 1 1
13384.5 0 0
13385.5 0 0
13386.5 1 1
13387.5 0 0
13388.5 1 1
13389.5 0 0
13390.5 2 1.41421
13391.5 0 0
13392.5 0 0
13393.5 0 0
13394.5 0 0
13395.5 0 0
13396.5 1 1
13397.5 0 0
13398.5 0 0
13399.5 0 0
13400.5 0 0
13401.5 1 1
13402.5 0 0
13403.5 0 0
13404.5 1 1
13405.5 0 0
13406.5 0 0
13407.5 0 0
13408.5 0 0
13409.5 0 0
13410.5 1 1
13411.5 0 0
13412.5 0 0
13413.5 1 1
13414.5 0 0
13415.5 0 0
13416.5 0 0
13417.5 1 1
13418.5 0 0
13419.5 1 1
13420.5 0 0
13421.5 1 1
13422.5 0 0
13423.5 0 0
13424.5 1 1
13425.5 0 0
13426.5 2 1.41421
13427.5 0 0
13428.5 0 0
13429.5 0 0
13430.5 1 1
13431.5 2 1.41421
13432.5 0 0
13433.5 0 0
13434.5 0 0
13435.5 0 0
13436.5 1 1
13437.5 1 1
13438.5 1 1
13439.5 1 1
13440.5 1 1
13441.5 1 1
13442.5 1 1
13443.5 0 0
13444.5 0 0
13445.5 0 0
13446.5 0 0
13447.5 0 0
13448.5 0 0
13449.5 0 0
13450.5 2 1.41421
13451.5 2 1.41421
13452.5 2 1.41421
13453.5 0 0
13454.5 0 0
13455.5 2 1.41421
13456.5 0 0
13457.5 0 0
13458.5 0 0
13459.5 0 0
13460.5 0 0
13461.5 1 1
13462.5 2 1.41421
13463.5 0 0
13464.5 2 1.41421
13465.5 0 0
13466.5 0 0
13467.5 0 0
13468.5 0 0
13469.5 1 1
13470.5 0 0
13471.5 1 1
13472.5 0 0
13473.5 0 0
13474.5 0 0
13475.5 0 0
13476.5 0 0
13477.5 0 0
13478.5 1 1
13479.5 0 0
13480.5 0 0
13481.5 1 1
13482.5 0 0
13483.5 0 0
13484.5 0 0
13485.5 0 0
13486.5 0 0
13487.5 0 0
13488.5 0 0
13489.5 1 1
13490.5 1 1
13491.5 0 0
13492.5 1 1
13493.5 1 1
13494.5 0 0
13495.5 0 0
13496.5 0 0
13497.5 1 1
13498.5 0 0
13499.5 1 1
13500.5 0 0
13501.5 0 0
13502.5 1 1
13503.5 0 0
13504.5 1 1
13505.5 0 0
13506.5 0 0
13507.5 0 0
13508.5 0 0
13509.5 0 0
13510.5 1 1
13511.5 1 1
13512.5 0 0
13513.5 0 0
13514.5 0 0
13515.5 2 1.41421
13516.5 0 0
13517.5 1 1
13518.5 0 0
13519.5 2 1.41421
13520.5 0 0
13521.5 0 0
13522.5 0 0
13523.5 0 0
13524.5 1 1
13525.5 0 0
13526.5 1 1
13527.5 1 1
13528.5 0 0
13529.5 0 0
13530.5 1 1
13531.5 1 1
13532.5 0 0
13533.5 0 0
13534.5 1 1
13535.5 1 1
13536.5 0 0
13537.5 0 0
13538.5 0 0
13539.5 1 1
13540.5 1 1
13541.5 1 1
13542.5 1 1
13543.5 0 0
13544.5 0 0
13545.5 1 1
13546.5 1 1
13547.5 1 1
13548.5 0 0
13549.5 0 0
13550.5 0 0
13551.5 1 1
13552.5 0 0
13553.5 1 1
13554.5 0 0
13555.5 0 0
13556.5 0 0
13557.5 1 1
13558.5 1 1
13559.5 0 0
13560.5 2 1.41421
13561.5 0 0
13562.5 1 1
13563.5 1 1
13564.5 0 0
13565.5 1 1
13566.5 0 0
13567.5 0 0
13568.5 1 1
13569.5 0 0
13570.5 0 0
13571.5 0 0
13572.5 0 0
13573.5 0 0
13574.5 0 0
13575.5 2 1.41421
13576.5 0 0
13577.5 0 0
13578.5 0 0
13579.5 0 0
13580.5 0 0
13581.5 1 1
13582.5 1 1
13583.5 1 1
13584.5 1 1
13585.5 0 0
13586.5 2 1.41421
13587.5 0 0
13588.5 0 0
13589.5 0 0
13590.5 1 1
13591.5 0 0
13592.5 1 1
13593.5 0 0
13594.5 0 0
13595.5 0 0
13596.5 0 0
13597.5 0 0
13598.5 0 0
13599.5 1 1
13600.5 0 0
13601.5 1 1
13602.5 0 0
13603.5 1 1
13604.5 0 0
13605.5 1 1
13606.5 1 1
13607.5 0 0
13608.5 1 1
13609.5 0 0
13610.5 0 0
13611.5 0 0
13612.5 0 0
13613.5 1 1
13614.5 0 0
13615.5 0 0
13616.5 0 0
13617.5 0 0
13618.5 0 0
13619.5 0 0
13620.5 0 0
13621.5 0 0
13622.5 0 0
13623.5 0 0
13624.5 1 1
13625.5 0 0
13626.5 1 1
13627.5 1 1
13628.5 1 1
13629.5 0 0
13630.5 0 0
13631.5 0 0
13632.5 0 0
13633.5 0 0
13634.5 1 1
13635.5 0 0
13636.5 1 1
13637.5 0 0
13638.5 0 0
13639.5 1 1
13640.5 1 1
13641.5 0 0
13642.5 0 0
13643.5 0 0
13644.5 1 1
13645.5 0 0
13646.5 0 0
13647.5 0 0
13648.5 0 0
13649.5 1 1
13650.5 0 0
13651.5 0 0
13652.5 0 0
13653.5 0 0
13654.5 0 0
13655.5 0 0
13656.5 0 0
13657.5 0 0
13658.5 0 0
13659.5 0 0
13660.5 0 0
13661.5 0 0
13662.5 0 0
13663.5 1 1
13664.5 0 0
13665.5 0 0
13666.5 2 1.41421
13667.5 0 0
13668.5 0 0
13669.5 0 0
13670.5 1 1
13671.5 0 0
13672.5 0 0
13673.5 0 0
13674.5 0 0
13675.5 0 0
13676.5 0 0
13677.5 0 0
13678.5 0 0
13679.5 1 1
13680.5 0 0
13681.5 0 0
13682.5 1 1
13683.5 0 0
13684.5 0 0
13685.5 0 0
13686.5 1 1
13687.5 1 1
13688.5 0 0
13689.5 0 0
13690.5 0 0
13691.5 0 0
13692.5 0 0
13693.5 0 0
13694.5 0 0
13695.5 1 1
13696.5 0 0
13697.5 1 1
13698.5 0 0
13699.5 0 0
13700.5 0 0
13701.5 1 1
13702.5 1 1
13703.5 0 0
13704.5 0 0
13705.5 1 1
13706.5 0 0
13707.5 0 0
13708.5 0 0
13709.5 0 0
13710.5 0 0
13711.5 0 0
13712.5 0 0
13713.5 0 0
13714.5 0 0
13715.5 0 0
13716.5 0 0
13717.5 1 1
13718.5 0 0
13719.5 0 0
13720.5 0 0
13721.5 0 0
13722.5 0 0
13723.5 1 1
13724.5 0 0
13725.5 0 0
13726.5 0 0
13727.5 0 0
13728.5 0 0
13729.5 0 0
13730.5 0 0
13731.5 0 0
13732.5 1 1
13733.5 0 0
13734.5 1 1
13735.5 1 1
13736.5 0 0
13737.5 0 0
13738.5 0 0
13739.5 0 0
13740.5 0 0
13741.5 0 0
13742.5 0 0
13743.5 0 0
13744.5 1 1
13745.5 1 1
13746.5 1 1
13747.5 0 0
13748.5 1 1
13749.5 0 0
13750.5 0 0
13751.5 1 1
13752.5 0 0
13753.5 0 0
13754.5 1 1
13755.5 0 0
13756.5 0 0
13757.5 0 0
13758.5 0 0
13759.5 0 0
13760.5 0 0
13761.5 0 0
13762.5 1 1
13763.5 1 1
13764.5 0 0
13765.5 0 0
13766.5 2 1.41421
13767.5 0 0
13768.5 0 0
13769.5 0 0
13770.5 0 0
13771.5 0 0
13772.5 0 0
13773.5 0 0
13774.5 0 0
13775.5 0 0
13776.5 0 0
13777.5 0 0
13778.5 1 1
13779.5 1 1
13780.5 0 0
13781.5 0 0
13782.5 0 0
13783.5 0 0
13784.5 0 0
13785.5 0 0
13786.5 0 0
13787.5 0 0
13788.5 0 0
13789.5 0 0
13790.5 0 0
13791.5 0 0
13792.5 0 0
13793.5 0 0
13794.5 0 0
13795.5 0 0
13796.5 0 0
13797.5 0 0
13798.5 0 0
13799.5 0 0
13800.5 0 0
13801.5 1 1
13802.5 0 0
13803.5 0 0
13804.5 0 0
13805.5 0 0
13806.5 0 0
13807.5 0 0
13808.5 0 0
13809.5 0 0
13810.5 0 0
13811.5 0 0
13812.5 0 0
13813.5 0 0
13814.5 0 0
13815.5 1 1
13816.5 0 0
13817.5 0 0
13818.5 0 0
13819.5 1 1
13820.5 0 0
13821.5 1 1
13822.5 0 0
13823.5 0 0
13824.5 1 1
13825.5 1 1
13826.5 0 0
13827.5 0 0
13828.5 0 0
13829.5 0 0
13830.5 0 0
13831.5 0 0
13832.5 0 0
13833.5 1 1
13834.5 0 0
13835.5 0 0
13836.5 0 0
13837.5 0 0
13838.5 0 0
13839.5 1 1
13840.5 0 0
13841.5 0 0
13842.5 1 1
13843.5 0 0
13844.5 1 1
13845.5 0 0
13846.5 0 0
13847.5 0 0
13848.5 0 0
13849.5 0 0
13850.5 0 0
13851.5 0 0
13852.5 0 0
13853.5 1 1
13854.5 1 1
13855.5 2 1.41421
13856.5 0 0
13857.5 0 0
13858.5 0 0
13859.5 0 0
13860.5 0 0
13861.5 0 0
13862.5 0 0
13863.5 0 0
13864.5 1 1
13865.5 0 0
13866.5 0 0
13867.5 0 0
13868.5 0 0
13869.5 0 0
13870.5 0 0
13871.5 0 0
13872.5 0 0
13873.5 0 0
13874.5 0 0
13875.5 0 0
13876.5 0 0
13877.5 0 0
13878.5 0 0
13879.5 0 0
13880.5 0 0
13881.5 1 1
13882.5 0 0
13883.5 0 0
13884.5 0 0
13885.5 0 0
13886.5 0 0
13887.5 0 0
13888.5 0 0
13889.5 1 1
13890.5 1 1
13891.5 0 0
13892.5 1 1
13893.5 0 0
13894.5 0 0
13895.5 1 1
13896.5 0 0
13897.5 0 0
13898.5 0 0
13899.5 0 0
13900.5 1 1
13901.5 0 0
13902.5 1 1
13903.5 0 0
13904.5 0 0
13905.5 1 1
13906.5 1 1
13907.5 0 0
13908.5 1 1
13909.5 0 0
13910.5 1 1
13911.5 2 1.41421
13912.5 2 1.41421
13913.5 0 0
13914.5 0 0
13915.5 1 1
13916.5 0 0
13917.5 0 0
13918.5 0 0
13919.5 0 0
13920.5 1 1
13921.5 0 0
13922.5 0 0
13923.5 0 0
13924.5 1 1
13925.5 0 0
13926.5 0 0
13927.5 0 0
13928.5 0 0
13929.5 1 1
13930.5 0 0
13931.5 0 0
13932.5 0 0
13933.5 1 1
13934.5 0 0
13935.5 1 1
13936.5 0 0
13937.5 0 0
13938.5 0 0
13939.5 0 0
13940.5 0 0
13941.5 0 0
13942.5 0 0
13943.5 0 0
13944.5 0 0
13945.5 0 0
13946.5 0 0
13947.5 0 0
13948.5 1 1
13949.5 0 0
13950.5 0 0
13951.5 0 0
13952.5 0 0
13953.5 0 0
13954.5 0 0
13955.5 0 0
13956.5 0 0
13957.5 0 0
13958.5 0 0
13959.5 0 0
13960.5 0 0
13961.5 0 0
13962.5 0 0
13963.5 0 0
13964.5 0 0
13965.5 0 0
13966.5 0 0
13967.5 0 0
13968.5 0 0
13969.5 0 0
13970.5 0 0
13971.5 1 1
13972.5 1 1
13973.5 0 0
13974.5 0 0
13975.5 1 1
13976.5 0 0
13977.5 0 0
13978.5 0 0
13979.5 0 0
13980.5 0 0
13981.5 0 0
13982.5 0 0
13983.5 0 0
13984.5 0 0
13985.5 0 0
13986.5 0 0
13987.5 0 0
13988.5 1 1
13989.5 0 0
13990.5 0 0
13991.5 0 0
13992.5 0 0
13993.5 0 0
13994.5 0 0
13995.5 0 0
13996.5 0 0
13997.5 0 0
13998.5 0 0
13999.5 0 0
14000.5 0 0
14001.5 0 0
14002.5 0 0
14003.5 0 0
14004.5 0 0
14005.5 0 0
14006.5 0 0
14007.5 0 0
14008.5 0 0
14009.5 0 0
14010.5 0 0
14011.5 0 0
14012.5 0 0
14013.5 0 0
14014.5 0 0
14015.5 1 1
14016.5 0 0
14017.5 0 0
14018.5 0 0
14019.5 0 0
14020.5 0 0
14021.5 0 0
14022.5 1 1
14023.5 0 0
14024.5 0 0
14025.5 0 0
14026.5 0 0
14027.5 0 0
14028.5 0 0
14029.5 0 0
14030.5 0 0
14031.5 0 0
14032.5 0 0
14033.5 0 0
14034.5 0 0
14035.5 1 1
14036.5 0 0
14037.5 0 0
14038.5 1 1
14039.5 0 0
14040.5 0 0
14041.5 0 0
14042.5 0 0
14043.5 0 0
14044.5 0 0
14045.5 0 0
14046.5 0 0
14047.5 0 0
14048.5 0 0
14049.5 0 0
14050.5 0 0
14051.5 0 0
14052.5 0 0
14053.5 0 0
14054.5 2 1.41421
14055.5 0 0
14056.5 0 0
14057.5 1 1
14058.5 0 0
14059.5 0 0
14060.5 0 0
14061.5 1 1
14062.5 0 0
14063.5 0 0
14064.5 0 0
14065.5 0 0
14066.5 0 0
14067.5 1 1
14068.5 0 0
14069.5 0 0
14070.5 0 0
14071.5 0 0
14072.5 0 0
14073.5 0 0
14074.5 1 1
14075.5 0 0
14076.5 0 0
14077.5 0 0
14078.5 0 0
14079.5 0 0
14080.5 0 0
14081.5 0 0
14082.5 0 0
14083.5 0 0
14084.5 0 0
14085.5 1 1
14086.5 0 0
14087.5 0 0
14088.5 1 1
14089.5 0 0
14090.5 0 0
14091.5 0 0
14092.5 0 0
14093.5 0 0
14094.5 0 0
14095.5 0 0
14096.5 1 1
14097.5 0 0
14098.5 0 0
14099.5 0 0
14100.5 0 0
14101.5 0 0
14102.5 0 0
14103.5 0 0
14104.5 0 0
14105.5 1 1
14106.5 0 0
14107.5 0 0
14108.5 0 0
14109.5 0 0
14110.5 0 0
14111.5 0 0
14112.5 0 0
14113.5 0 0
14114.5 0 0
14115.5 0 0
14116.5 0 0
14117.5 0 0
14118.5 0 0
14119.5 0 0
14120.5 0 0
14121.5 0 0
14122.5 0 0
14123.5 0 0
14124.5 0 0
14125.5 0 0
14126.5 0 0
14127.5 0 0
14128.5 0 0
14129.5 0 0
14130.5 0 0
14131.5 0 0
14132.5 0 0
14133.5 0 0
14134.5 0 0
14135.5 0 0
14136.5 0 0
14137.5 1 1
14138.5 0 0
14139.5 0 0
14140.5 1 1
14141.5 0 0
14142.5 0 0
14143.5 0 0
14144.5 0 0
14145.5 1 1
14146.5 0 0
14147.5 0 0
14148.5 1 1
14149.5 0 0
14150.5 0 0
14151.5 0 0
14152.5 0 0
14153.5 0 0
14154.5 0 0
14155.5 1 1
14156.5 0 0
14157.5 1 1
14158.5 0 0
14159.5 0 0
14160.5 0 0
14161.5 0 0
14162.5 0 0
14163.5 1 1
14164.5 1 1
14165.5 0 0
14166.5 1 1
14167.5 0 0
14168.5 0 0
14169.5 0 0
14170.5 0 0
14171.5 1 1
14172.5 0 0
14173.5 0 0
14174.5 0 0
14175.5 1 1
14176.5 0 0
14177.5 0 0
14178.5 1 1
14179.5 0 0
14180.5 0 0
14181.5 1 1
14182.5 0 0
14183.5 0 0
14184.5 1 1
14185.5 0 0
14186.5 0 0
14187.5 0 0
14188.5 0 0
14189.5 0 0
14190.5 1 1
14191.5 1 1
14192.5 0 0
14193.5 0 0
14194.5 0 0
14195.5 1 1
14196.5 0 0
14197.5 0 0
14198.5 0 0
14199.5 0 0
14200.5 0 0
14201.5 1 1
14202.5 0 0
14203.5 0 0
14204.5 0 0
14205.5 1 1
14206.5 2 1.41421
14207.5 0 0
14208.5 0 0
14209.5 0 0
14210.5 0 0
14211.5 0 0
14212.5 0 0
14213.5 0 0
14214.5 0 0
14215.5 0 0
14216.5 0 0
14217.5 0 0
14218.5 0 0
14219.5 1 1
14220.5 0 0
14221.5 0 0
14222.5 0 0
14223.5 0 0
14224.5 0 0
14225.5 0 0
14226.5 0 0
14227.5 0 0
14228.5 0 0
14229.5 0 0
14230.5 1 1
14231.5 0 0
14232.5 0 0
14233.5 0 0
14234.5 0 0
14235.5 1 1
14236.5 0 0
14237.5 1 1
14238.5 1 1
14239.5 0 0
14240.5 1 1
14241.5 0 0
14242.5 0 0
14243.5 1 1
14244.5 0 0
14245.5 1 1
14246.5 1 1
14247.5 3 1.73205
14248.5 2 1.41421
14249.5 5 2.23607
14250.5 6 2.44949
14251.5 5 2.23607
14252.5 6 2.44949
14253.5 9 3
14254.5 6 2.44949
14255.5 8 2.82843
14256.5 10 3.16228
14257.5 15 3.87298
14258.5 17 4.12311
14259.5 19 4.3589
14260.5 16 4
14261.5 18 4.24264
14262.5 27 5.19615
14263.5 13 3.60555
14264.5 16 4
14265.5 12 3.4641
14266.5 11 3.31662
14267.5 22 4.69042
14268.5 12 3.4641
14269.5 7 2.64575
14270.5 11 3.31662
14271.5 5 2.23607
14272.5 7 2.64575
14273.5 4 2
14274.5 5 2.23607
14275.5 6 2.44949
14276.5 7 2.64575
14277.5 4 2
14278.5 2 1.41421
14279.5 2 1.41421
14280.5 2 1.41421
14281.5 0 0
14282.5 1 1
14283.5 1 1
14284.5 0 0
14285.5 0 0
14286.5 0 0
14287.5 0 0
14288.5 1 1
14289.5 0 0
14290.5 0 0
14291.5 0 0
14292.5 0 0
14293.5 0 0
14294.5 0 0
14295.5 0 0
14296.5 0 0
14297.5 0 0
14298.5 0 0
14299.5 0 0
14300.5 0 0
14301.5 0 0
14302.5 0 0
14303.5 0 0
14304.5 0 0
14305.5 1 1
14306.5 0 0
14307.5 0 0
14308.5 0 0
14309.5 0 0
14310.5 0 0
14311.5 0 0
14312.5 0 0
14313.5 0 0
14314.5 0 0
14315.5 0 0
14316.5 0 0
14317.5 0 0
14318.5 0 0
14319.5 0 0
14320.5 0 0
14321.5 0 0
14322.5 2 1.41421
14323.5 0 0
14324.5 0 0
14325.5 1 1
14326.5 0 0
14327.5 0 0
14328.5 0 0
14329.5 0 0
14330.5 0 0
14331.5 0 0
14332.5 0 0
14333.5 0 0
14334.5 0 0
14335.5 0 0
14336.5 1 1
14337.5 0 0
14338.5 0 0
14339.5 0 0
14340.5 0 0
14341.5 0 0
14342.5 0 0
14343.5 0 0
14344.5 0 0
14345.5 1 1
14346.5 0 0
14347.5 1 1
14348.5 1 1
14349.5 1 1
14350.5 0 0
14351.5 0 0
14352.5 1 1
14353.5 0 0
14354.5 0 0
14355.5 0 0
14356.5 0 0
14357.5 0 0
14358.5 0 0
14359.5 0 0
14360.5 0 0
14361.5 0 0
14362.5 1 1
14363.5 0 0
14364.5 0 0
14365.5 0 0
14366.5 0 0
14367.5 0 0
14368.5 1 1
14369.5 2 1.41421
14370.5 1 1
14371.5 0 0
14372.5 0 0
14373.5 0 0
14374.5 1 1
14375.5 1 1
14376.5 0 0
14377.5 1 1
14378.5 1 1
14379.5 1 1
14380.5 0 0
14381.5 1 1
14382.5 0 0
14383.5 0 0
14384.5 2 1.41421
14385.5 1 1
14386.5 0 0
14387.5 2 1.41421
14388.5 2 1.41421
14389.5 1 1
14390.5 1 1
14391.5 0 0
14392.5 1 1
14393.5 0 0
14394.5 0 0
14395.5 0 0
14396.5 0 0
14397.5 0 0
14398.5 0 0
14399.5 0 0
14400.5 1 1
14401.5 0 0
14402.5 0 0
14403.5 0 0
14404.5 0 0
14405.5 1 1
14406.5 0 0
14407.5 0 0
14408.5 1 1
14409.5 0 0
14410.5 0 0
14411.5 1 1
14412.5 0 0
14413.5 0 0
14414.5 0 0
14415.5 0 0
14416.5 0 0
14417.5 0 0
14418.5 0 0
14419.5 0 0
14420.5 0 0
14421.5 0 0
14422.5 0 0
14423.5 0 0
14424.5 1 1
14425.5 0 0
14426.5 0 0
14427.5 0 0
14428.5 0 0
14429.5 0 0
14430.5 0 0
14431.5 0 0
14432.5 0 0
14433.5 0 0
14434.5 1 1
14435.5 0 0
14436.5 0 0
14437.5 0 0
14438.5 0 0
14439.5 0 0
14440.5 0 0
14441.5 2 1.41421
14442.5 0 0
14443.5 2 1.41421
14444.5 0 0
14445.5 1 1
14446.5 1 1
14447.5 1 1
14448.5 1 1
14449.5 1 1
14450.5 0 0
14451.5 0 0
14452.5 0 0
14453.5 0 0
14454.5 0 0
14455.5 0 0
14456.5 2 1.41421
14457.5 1 1
14458.5 1 1
14459.5 2 1.41421
14460.5 2 1.41421
14461.5 4 2
14462.5 4 2
14463.5 2 1.41421
14464.5 1 1
14465.5 4 2
14466.5 3 1.73205
14467.5 1 1
14468.5 1 1
14469.5 3 1.73205
14470.5 3 1.73205
14471.5 2 1.41421
14472.5 1 1
14473.5 1 1
14474.5 1 1
14475.5 1 1
14476.5 2 1.41421
14477.5 1 1
14478.5 0 0
14479.5 0 0
14480.5 0 0
14481.5 0 0
14482.5 0 0
14483.5 0 0
14484.5 0 0
14485.5 0 0
14486.5 1 1
14487.5 0 0
14488.5 1 1
14489.5 0 0
14490.5 0 0
14491.5 1 1
14492.5 0 0
14493.5 0 0
14494.5 0 0
14495.5 0 0
14496.5 1 1
14497.5 0 0
14498.5 0 0
14499.5 0 0
14500.5 1 1
14501.5 1 1
14502.5 0 0
14503.5 0 0
14504.5 1 1
14505.5 0 0
14506.5 0 0
14507.5 0 0
14508.5 0 0
14509.5 0 0
14510.5 1 1
14511.5 0 0
14512.5 0 0
14513.5 0 0
14514.5 0 0
14515.5 0 0
14516.5 1 1
14517.5 0 0
14518.5 0 0
14519.5 0 0
14520.5 0 0
14521.5 0 0
14522.5 0 0
14523.5 0 0
14524.5 0 0
14525.5 0 0
14526.5 0 0
14527.5 1 1
14528.5 0 0
14529.5 0 0
14530.5 0 0
14531.5 0 0
14532.5 0 0
14533.5 0 0
14534.5 0 0
14535.5 0 0
14536.5 0 0
14537.5 0 0
14538.5 0 0
14539.5 0 0
14540.5 0 0
14541.5 0 0
14542.5 0 0
14543.5 0 0
14544.5 0 0
14545.5 0 0
14546.5 0 0
14547.5 0 0
14548.5 1 1
14549.5 0 0
14550.5 0 0
14551.5 1 1
14552.5 2 1.41421
14553.5 0 0
14554.5 0 0
14555.5 0 0
14556.5 0 0
14557.5 0 0
14558.5 0 0
14559.5 0 0
14560.5 0 0
14561.5 1 1
14562.5 0 0
14563.5 0 0
14564.5 0 0
14565.5 0 0
14566.5 0 0
14567.5 0 0
14568.5 0 0
14569.5 0 0
14570.5 0 0
14571.5 0 0
14572.5 0 0
14573.5 0 0
14574.5 0 0
14575.5 1 1
14576.5 1 1
14577.5 0 0
14578.5 0 0
14579.5 0 0
14580.5 0 0
14581.5 0 0
14582.5 0 0
14583.5 0 0
14584.5 0 0
14585.5 0 0
14586.5 0 0
14587.5 0 0
14588.5 0 0
14589.5 0 0
14590.5 0 0
14591.5 0 0
14592.5 0 0
14593.5 0 0
14594.5 0 0
14595.5 0 0
14596.5 0 0
14597.5 0 0
14598.5 0 0
14599.5 0 0
14600.5 0 0
14601.5 0 0
14602.5 1 1
14603.5 0 0
14604.5 0 0
14605.5 0 0
14606.5 0 0
14607.5 0 0
14608.5 0 0
14609.5 1 1
14610.5 0 0
14611.5 0 0
14612.5 0 0
14613.5 1 1
14614.5 0 0
14615.5 1 1
14616.5 0 0
14617.5 0 0
14618.5 0 0
14619.5 0 0
14620.5 0 0
14621.5 1 1
14622.5 0 0
14623.5 0 0
14624.5 0 0
14625.5 0 0
14626.5 0 0
14627.5 0 0
14628.5 0 0
14629.5 0 0
14630.5 0 0
14631.5 0 0
14632.5 0 0
14633.5 0 0
14634.5 0 0
14635.5 0 0
14636.5 0 0
14637.5 0 0
14638.5 0 0
14639.5 0 0
14640.5 0 0
14641.5 1 1
14642.5 0 0
14643.5 0 0
14644.5 0 0
14645.5 0 0
14646.5 0 0
14647.5 0 0
14648.5 0 0
14649.5 0 0
14650.5 0 0
14651.5 0 0
14652.5 0 0
14653.5 0 0
14654.5 0 0
14655.5 0 0
14656.5 0 0
14657.5 0 0
14658.5 0 0
14659.5 0 0
14660.5 0 0
14661.5 0 0
14662.5 0 0
14663.5 0 0
14664.5 0 0
14665.5 0 0
14666.5 0 0
14667.5 0 0
14668.5 0 0
14669.5 0 0
14670.5 0 0
14671.5 0 0
14672.5 0 0
14673.5 0 0
14674.5 0 0
14675.5 1 1
14676.5 1 1
14677.5 0 0
14678.5 0 0
14679.5 0 0
14680.5 0 0
14681.5 0 0
14682.5 1 1
14683.5 0 0
14684.5 0 0
14685.5 0 0
14686.5 1 1
14687.5 0 0
14688.5 0 0
14689.5 0 0
14690.5 0 0
14691.5 0 0
14692.5 0 0
14693.5 1 1
14694.5 0 0
14695.5 0 0
14696.5 0 0
14697.5 0 0
14698.5 0 0
14699.5 0 0
14700.5 1 1
14701.5 0 0
14702.5 0 0
14703.5 0 0
14704.5 0 0
14705.5 0 0
14706.5 0 0
14707.5 0 0
14708.5 0 0
14709.5 0 0
14710.5 0 0
14711.5 0 0
14712.5 0 0
14713.5 1 1
14714.5 0 0
14715.5 0 0
14716.5 0 0
14717.5 0 0
14718.5 0 0
14719.5 0 0
14720.5 0 0
14721.5 0 0
14722.5 0 0
14723.5 0 0
14724.5 0 0
14725.5 0 0
14726.5 0 0
14727.5 0 0
14728.5 0 0
14729.5 1 1
14730.5 0 0
14731.5 0 0
14732.5 0 0
14733.5 0 0
14734.5 0 0
14735.5 0 0
14736.5 0 0
14737.5 0 0
14738.5 0 0
14739.5 0 0
14740.5 0 0
14741.5 0 0
14742.5 0 0
14743.5 0 0
14744.5 0 0
14745.5 0 0
14746.5 1 1
14747.5 0 0
14748.5 0 0
14749.5 0 0
14750.5 0 0
14751.5 0 0
14752.5 1 1
14753.5 1 1
14754.5 0 0
14755.5 0 0
14756.5 0 0
14757.5 0 0
14758.5 0 0
14759.5 1 1
14760.5 1 1
14761.5 0 0
14762.5 0 0
14763.5 0 0
14764.5 0 0
14765.5 0 0
14766.5 0 0
14767.5 0 0
14768.5 0 0
14769.5 0 0
14770.5 1 1
14771.5 0 0
14772.5 0 0
14773.5 0 0
14774.5 0 0
14775.5 0 0
14776.5 1 1
14777.5 0 0
14778.5 1 1
14779.5 0 0
14780.5 0 0
14781.5 1 1
14782.5 0 0
14783.5 0 0
14784.5 0 0
14785.5 0 0
14786.5 0 0
14787.5 0 0
14788.5 0 0
14789.5 0 0
14790.5 0 0
14791.5 0 0
14792.5 1 1
14793.5 0 0
14794.5 0 0
14795.5 0 0
14796.5 0 0
14797.5 0 0
14798.5 1 1
14799.5 0 0
14800.5 0 0
14801.5 0 0
14802.5 0 0
14803.5 0 0
14804.5 0 0
14805.5 0 0
14806.5 0 0
14807.5 1 1
14808.5 0 0
14809.5 0 0
14810.5 0 0
14811.5 1 1
14812.5 0 0
14813.5 0 0
14814.5 0 0
14815.5 0 0
14816.5 1 1
14817.5 0 0
14818.5 0 0
14819.5 1 1
14820.5 0 0
14821.5 0 0
14822.5 0 0
14823.5 1 1
14824.5 0 0
14825.5 1 1
14826.5 0 0
14827.5 0 0
14828.5 0 0
14829.5 0 0
14830.5 1 1
14831.5 0 0
14832.5 0 0
14833.5 0 0
14834.5 0 0
14835.5 0 0
14836.5 0 0
14837.5 0 0
14838.5 0 0
14839.5 0 0
14840.5 0 0
14841.5 0 0
14842.5 0 0
14843.5 0 0
14844.5 0 0
14845.5 0 0
14846.5 1 1
14847.5 0 0
14848.5 0 0
14849.5 0 0
14850.5 1 1
14851.5 0 0
14852.5 0 0
14853.5 0 0
14854.5 0 0
14855.5 0 0
14856.5 0 0
14857.5 0 0
14858.5 0 0
14859.5 0 0
14860.5 0 0
14861.5 0 0
14862.5 0 0
14863.5 0 0
14864.5 0 0
14865.5 0 0
14866.5 1 1
14867.5 0 0
14868.5 1 1
14869.5 0 0
14870.5 0 0
14871.5 0 0
14872.5 0 0
14873.5 0 0
14874.5 0 0
14875.5 0 0
14876.5 0 0
14877.5 0 0
14878.5 0 0
14879.5 0 0
14880.5 0 0
14881.5 0 0
14882.5 0 0
14883.5 0 0
14884.5 0 0
14885.5 0 0
14886.5 0 0
14887.5 0 0
14888.5 0 0
14889.5 0 0
14890.5 0 0
14891.5 0 0
14892.5 0 0
14893.5 0 0
14894.5 0 0
14895.5 0 0
14896.5 0 0
14897.5 1 1
14898.5 0 0
14899.5 0 0
14900.5 0 0
14901.5 0 0
14902.5 0 0
14903.5 0 0
14904.5 0 0
14905.5 0 0
14906.5 0 0
14907.5 0 0
14908.5 0 0
14909.5 0 0
14910.5 0 0
14911.5 0 0
14912.5 0 0
14913.5 0 0
14914.5 0 0
14915.5 0 0
14916.5 0 0
14917.5 0 0
14918.5 0 0
14919.5 0 0
14920.5 0 0
14921.5 0 0
14922.5 0 0
14923.5 0 0
14924.5 0 0
14925.5 1 1
14926.5 0 0
14927.5 0 0
14928.5 0 0
14929.5 0 0
14930.5 0 0
14931.5 0 0
14932.5 0 0
14933.5 0 0
14934.5 0 0
14935.5 0 0
14936.5 0 0
14937.5 0 0
14938.5 0 0
14939.5 0 0
14940.5 0 0
14941.5 0 0
14942.5 0 0
14943.5 0 0
14944.5 0 0
14945.5 0 0
14946.5 0 0
14947.5 0 0
14948.5 0 0
14949.5 0 0
14950.5 0 0
14951.5 0 0
14952.5 1 1
14953.5 0 0
14954.5 1 1
14955.5 0 0
14956.5 0 0
14957.5 0 0
14958.5 0 0
14959.5 0 0
14960.5 0 0
14961.5 0 0
14962.5 0 0
14963.5 0 0
14964.5 0 0
14965.5 0 0
14966.5 0 0
14967.5 0 0
14968.5 0 0
14969.5 0 0
14970.5 0 0
14971.5 0 0
14972.5 0 0
14973.5 1 1
14974.5 0 0
14975.5 0 0
14976.5 0 0
14977.5 0 0
14978.5 1 1
14979.5 0 0
14980.5 0 0
14981.5 1 1
14982.5 0 0
14983.5 0 0
14984.5 0 0
14985.5 1 1
14986.5 0 0
14987.5 2 1.41421
14988.5 1 1
14989.5 0 0
14990.5 0 0
14991.5 0 0
14992.5 0 0
14993.5 1 1
14994.5 0 0
14995.5 0 0
14996.5 0 0
14997.5 0 0
14998.5 0 0
14999.5 0 0
15000.5 0 0
15001.5 0 0
15002.5 0 0
15003.5 0 0
15004.5 0 0
15005.5 0 0
15006.5 0 0
15007.5 0 0
15008.5 0 0
15009.5 0 0
15010.5 0 0
15011.5 0 0
15012.5 0 0
15013.5 0 0
15014.5 0 0
15015.5 0 0
15016.5 0 0
15017.5 0 0
15018.5 0 0
15019.5 1 1
15020.5 0 0
15021.5 0 0
15022.5 0 0
15023.5 0 0
15024.5 0 0
15025.5 0 0
15026.5 0 0
15027.5 0 0
15028.5 0 0
15029.5 0 0
15030.5 0 0
15031.5 0 0
15032.5 0 0
15033.5 0 0
15034.5 0 0
15035.5 0 0
15036.5 0 0
15037.5 0 0
15038.5 0 0
15039.5 0 0
15040.5 0 0
15041.5 0 0
15042.5 0 0
15043.5 0 0
15044.5 0 0
15045.5 0 0
15046.5 0 0
15047.5 0 0
15048.5 0 0
15049.5 0 0
15050.5 0 0
15051.5 0 0
15052.5 1 1
15053.5 0 0
15054.5 0 0
15055.5 0 0
15056.5 0 0
15057.5 0 0
15058.5 0 0
15059.5 1 1
15060.5 0 0
15061.5 0 0
15062.5 1 1
15063.5 0 0
15064.5 0 0
15065.5 1 1
15066.5 0 0
15067.5 0 0
15068.5 0 0
15069.5 0 0
15070.5 0 0
15071.5 0 0
15072.5 0 0
15073.5 0 0
15074.5 0 0
15075.5 0 0
15076.5 0 0
15077.5 0 0
15078.5 0 0
15079.5 0 0
15080.5 0 0
15081.5 0 0
15082.5 0 0
15083.5 1 1
15084.5 1 1
15085.5 0 0
15086.5 0 0
15087.5 0 0
15088.5 2 1.41421
15089.5 0 0
15090.5 0 0
15091.5 1 1
15092.5 1 1
15093.5 0 0
15094.5 0 0
15095.5 0 0
15096.5 0 0
15097.5 0 0
15098.5 0 0
15099.5 0 0
15100.5 0 0
15101.5 1 1
15102.5 0 0
15103.5 0 0
15104.5 1 1
15105.5 0 0
15106.5 0 0
15107.5 0 0
15108.5 0 0
15109.5 0 0
15110.5 0 0
15111.5 1 1
15112.5 0 0
15113.5 0 0
15114.5 0 0
15115.5 0 0
15116.5 0 0
15117.5 0 0
15118.5 0 0
15119.5 0 0
15120.5 0 0
15121.5 0 0
15122.5 0 0
15123.5 0 0
15124.5 1 1
15125.5 1 1
15126.5 0 0
15127.5 0 0
15128.5 0 0
15129.5 0 0
15130.5 0 0
15131.5 0 0
15132.5 0 0
15133.5 0 0
15134.5 0 0
15135.5 0 0
15136.5 0 0
15137.5 0 0
15138.5 0 0
15139.5 0 0
15140.5 0 0
15141.5 0 0
15142.5 0 0
15143.5 0 0
15144.5 0 0
15145.5 0 0
15146.5 0 0
15147.5 0 0
15148.5 0 0
15149.5 0 0
15150.5 1 1
15151.5 0 0
15152.5 0 0
15153.5 0 0
15154.5 0 0
15155.5 0 0
15156.5 0 0
15157.5 0 0
15158.5 0 0
15159.5 0 0
15160.5 0 0
15161.5 0 0
15162.5 0 0
15163.5 1 1
15164.5 0 0
15165.5 0 0
15166.5 0 0
15167.5 0 0
15168.5 0 0
15169.5 0 0
15170.5 1 1
15171.5 0 0
15172.5 0 0
15173.5 0 0
15174.5 0 0
15175.5 0 0
15176.5 0 0
15177.5 0 0
15178.5 0 0
15179.5 0 0
15180.5 0 0
15181.5 0 0
15182.5 0 0
15183.5 0 0
15184.5 0 0
15185.5 0 0
15186.5 0 0
15187.5 0 0
15188.5 0 0
15189.5 0 0
15190.5 0 0
15191.5 0 0
15192.5 0 0
15193.5 1 1
15194.5 0 0
15195.5 0 0
15196.5 0 0
15197.5 0 0
15198.5 1 1
15199.5 0 0
15200.5 0 0
15201.5 0 0
15202.5 0 0
15203.5 0 0
15204.5 0 0
15205.5 0 0
15206.5 0 0
15207.5 0 0
15208.5 0 0
15209.5 0 0
15210.5 0 0
15211.5 0 0
15212.5 0 0
15213.5 0 0
15214.5 0 0
15215.5 0 0
15216.5 0 0
15217.5 0 0
15218.5 0 0
15219.5 0 0
15220.5 1 1
15221.5 0 0
15222.5 0 0
15223.5 0 0
15224.5 0 0
15225.5 0 0
15226.5 0 0
15227.5 0 0
15228.5 0 0
15229.5 0 0
15230.5 1 1
15231.5 0 0
15232.5 0 0
15233.5 0 0
15234.5 0 0
15235.5 0 0
15236.5 0 0
15237.5 0 0
15238.5 0 0
15239.5 0 0
15240.5 0 0
15241.5 0 0
15242.5 0 0
15243.5 0 0
15244.5 1 1
15245.5 0 0
15246.5 0 0
15247.5 0 0
15248.5 0 0
15249.5 0 0
15250.5 0 0
15251.5 0 0
15252.5 0 0
15253.5 0 0
15254.5 0 0
15255.5 0 0
15256.5 0 0
15257.5 0 0
15258.5 1 1
15259.5 1 1
15260.5 0 0
15261.5 0 0
15262.5 0 0
15263.5 0 0
15264.5 0 0
15265.5 0 0
15266.5 0 0
15267.5 0 0
15268.5 0 0
15269.5 0 0
15270.5 0 0
15271.5 1 1
15272.5 1 1
15273.5 0 0
15274.5 0 0
15275.5 0 0
15276.5 0 0
15277.5 0 0
15278.5 0 0
15279.5 0 0
15280.5 0 0
15281.5 0 0
15282.5 0 0
15283.5 0 0
15284.5 0 0
15285.5 0 0
15286.5 0 0
15287.5 0 0
15288.5 0 0
15289.5 0 0
15290.5 0 0
15291.5 0 0
15292.5 0 0
15293.5 0 0
15294.5 1 1
15295.5 0 0
15296.5 0 0
15297.5 0 0
15298.5 0 0
15299.5 0 0
15300.5 0 0
15301.5 0 0
15302.5 1 1
15303.5 0 0
15304.5 0 0
15305.5 0 0
15306.5 0 0
15307.5 0 0
15308.5 0 0
15309.5 0 0
15310.5 0 0
15311.5 0 0
15312.5 0 0
15313.5 0 0
15314.5 0 0
15315.5 0 0
15316.5 0 0
15317.5 0 0
15318.5 0 0
15319.5 0 0
15320.5 0 0
15321.5 0 0
15322.5 1 1
15323.5 0 0
15324.5 0 0
15325.5 0 0
15326.5 0 0
15327.5 0 0
15328.5 1 1
15329.5 0 0
15330.5 0 0
15331.5 0 0
15332.5 0 0
15333.5 0 0
15334.5 1 1
15335.5 0 0
15336.5 0 0
15337.5 0 0
15338.5 0 0
15339.5 0 0
15340.5 0 0
15341.5 1 1
15342.5 0 0
15343.5 0 0
15344.5 0 0
15345.5 0 0
15346.5 0 0
15347.5 0 0
15348.5 0 0
15349.5 0 0
15350.5 0 0
15351.5 0 0
15352.5 0 0
15353.5 0 0
15354.5 0 0
15355.5 1 1
15356.5 0 0
15357.5 0 0
15358.5 0 0
15359.5 0 0
15360.5 0 0
15361.5 0 0
15362.5 0 0
15363.5 0 0
15364.5 0 0
15365.5 0 0
15366.5 0 0
15367.5 0 0
15368.5 0 0
15369.5 0 0
15370.5 0 0
15371.5 0 0
15372.5 0 0
15373.5 0 0
15374.5 1 1
15375.5 0 0
15376.5 0 0
15377.5 0 0
15378.5 0 0
15379.5 0 0
15380.5 0 0
15381.5 0 0
15382.5 0 0
15383.5 0 0
15384.5 1 1
15385.5 1 1
15386.5 0 0
15387.5 0 0
15388.5 0 0
15389.5 0 0
15390.5 1 1
15391.5 0 0
15392.5 1 1
15393.5 0 0
15394.5 0 0
15395.5 0 0
15396.5 0 0
15397.5 0 0
15398.5 0 0
15399.5 0 0
15400.5 0 0
15401.5 0 0
15402.5 0 0
15403.5 0 0
15404.5 0 0
15405.5 0 0
15406.5 0 0
15407.5 0 0
15408.5 0 0
15409.5 0 0
15410.5 0 0
15411.5 0 0
15412.5 0 0
15413.5 0 0
15414.5 0 0
15415.5 0 0
15416.5 0 0
15417.5 0 0
15418.5 0 0
15419.5 0 0
15420.5 1 1
15421.5 0 0
15422.5 0 0
15423.5 0 0
15424.5 0 0
15425.5 0 0
15426.5 0 0
15427.5 0 0
15428.5 0 0
15429.5 1 1
15430.5 1 1
15431.5 0 0
15432.5 0 0
15433.5 0 0
15434.5 0 0
15435.5 0 0
15436.5 0 0
15437.5 0 0
15438.5 1 1
15439.5 0 0
15440.5 0 0
15441.5 0 0
15442.5 0 0
15443.5 0 0
15444.5 0 0
15445.5 1 1
15446.5 1 1
15447.5 0 0
15448.5 1 1
15449.5 0 0
15450.5 0 0
15451.5 0 0
15452.5 0 0
15453.5 0 0
15454.5 1 1
15455.5 0 0
15456.5 0 0
15457.5 0 0
15458.5 0 0
15459.5 0 0
15460.5 1 1
15461.5 0 0
15462.5 0 0
15463.5 0 0
15464.5 0 0
15465.5 0 0
15466.5 0 0
15467.5 0 0
15468.5 1 1
15469.5 0 0
15470.5 0 0
15471.5 0 0
15472.5 0 0
15473.5 1 1
15474.5 0 0
15475.5 0 0
15476.5 0 0
15477.5 0 0
15478.5 0 0
15479.5 0 0
15480.5 0 0
15481.5 0 0
15482.5 0 0
15483.5 1 1
15484.5 1 1
15485.5 0 0
15486.5 0 0
15487.5 0 0
15488.5 0 0
15489.5 0 0
15490.5 0 0
15491.5 0 0
15492.5 0 0
15493.5 0 0
15494.5 0 0
15495.5 0 0
15496.5 0 0
15497.5 0 0
15498.5 1 1
15499.5 0 0
15500.5 1 1
15501.5 0 0
15502.5 0 0
15503.5 0 0
15504.5 0 0
15505.5 0 0
15506.5 0 0
15507.5 0 0
15508.5 0 0
15509.5 0 0
15510.5 0 0
15511.5 0 0
15512.5 0 0
15513.5 0 0
15514.5 0 0
15515.5 0 0
15516.5 0 0
15517.5 0 0
15518.5 0 0
15519.5 1 1
15520.5 0 0
15521.5 0 0
15522.5 0 0
15523.5 1 1
15524.5 0 0
15525.5 1 1
15526.5 0 0
15527.5 0 0
15528.5 0 0
15529.5 0 0
15530.5 1 1
15531.5 0 0
15532.5 0 0
15533.5 0 0
15534.5 0 0
15535.5 0 0
15536.5 0 0
15537.5 0 0
15538.5 0 0
15539.5 0 0
15540.5 0 0
15541.5 0 0
15542.5 0 0
15543.5 0 0
15544.5 0 0
15545.5 1 1
15546.5 0 0
15547.5 0 0
15548.5 0 0
15549.5 0 0
15550.5 1 1
15551.5 0 0
15552.5 0 0
15553.5 0 0
15554.5 0 0
15555.5 0 0
15556.5 0 0
15557.5 0 0
15558.5 0 0
15559.5 0 0
15560.5 0 0
15561.5 0 0
15562.5 0 0
15563.5 0 0
15564.5 0 0
15565.5 0 0
15566.5 0 0
15567.5 0 0
15568.5 1 1
15569.5 0 0
15570.5 0 0
15571.5 0 0
15572.5 0 0
15573.5 0 0
15574.5 0 0
15575.5 0 0
15576.5 1 1
15577.5 0 0
15578.5 0 0
15579.5 0 0
15580.5 0 0
15581.5 1 1
15582.5 0 0
15583.5 0 0
15584.5 0 0
15585.5 0 0
15586.5 0 0
15587.5 0 0
15588.5 0 0
15589.5 0 0
15590.5 0 0
15591.5 0 0
15592.5 0 0
15593.5 0 0
15594.5 0 0
15595.5 0 0
15596.5 0 0
15597.5 0 0
15598.5 0 0
15599.5 0 0
15600.5 0 0
15601.5 0 0
15602.5 0 0
15603.5 0 0
15604.5 0 0
15605.5 0 0
15606.5 0 0
15607.5 0 0
15608.5 0 0
15609.5 0 0
15610.5 0 0
15611.5 0 0
15612.5 0 0
15613.5 0 0
15614.5 0 0
15615.5 0 0
15616.5 0 0
15617.5 0 0
15618.5 0 0
15619.5 0 0
15620.5 0 0
15621.5 0 0
15622.5 0 0
15623.5 0 0
15624.5 0 0
15625.5 1 1
15626.5 0 0
15627.5 0 0
15628.5 0 0
15629.5 0 0
15630.5 0 0
15631.5 0 0
15632.5 1 1
15633.5 0 0
15634.5 0 0
15635.5 0 0
15636.5 0 0
15637.5 0 0
15638.5 0 0
15639.5 0 0
15640.5 0 0
15641.5 0 0
15642.5 0 0
15643.5 0 0
15644.5 0 0
15645.5 0 0
15646.5 0 0
15647.5 0 0
15648.5 0 0
15649.5 0 0
15650.5 0 0
15651.5 0 0
15652.5 1 1
15653.5 0 0
15654.5 0 0
15655.5 0 0
15656.5 0 0
15657.5 0 0
15658.5 0 0
15659.5 0 0
15660.5 0 0
15661.5 0 0
15662.5 0 0
15663.5 0 0
15664.5 1 1
15665.5 0 0
15666.5 0 0
15667.5 0 0
15668.5 1 1
15669.5 0 0
15670.5 0 0
15671.5 1 1
15672.5 0 0
15673.5 0 0
15674.5 0 0
15675.5 0 0
15676.5 0 0
15677.5 1 1
15678.5 0 0
15679.5 1 1
15680.5 0 0
15681.5 0 0
15682.5 0 0
15683.5 0 0
15684.5 0 0
15685.5 0 0
15686.5 0 0
15687.5 0 0
15688.5 0 0
15689.5 0 0
15690.5 0 0
15691.5 1 1
15692.5 0 0
15693.5 0 0
15694.5 0 0
15695.5 0 0
15696.5 0 0
15697.5 0 0
15698.5 0 0
15699.5 0 0
15700.5 0 0
15701.5 0 0
15702.5 0 0
15703.5 1 1
15704.5 0 0
15705.5 0 0
15706.5 1 1
15707.5 0 0
15708.5 0 0
15709.5 0 0
15710.5 0 0
15711.5 0 0
15712.5 1 1
15713.5 0 0
15714.5 0 0
15715.5 0 0
15716.5 0 0
15717.5 1 1
15718.5 1 1
15719.5 0 0
15720.5 1 1
15721.5 0 0
15722.5 0 0
15723.5 0 0
15724.5 1 1
15725.5 0 0
15726.5 0 0
15727.5 0 0
15728.5 1 1
15729.5 0 0
15730.5 1 1
15731.5 0 0
15732.5 0 0
15733.5 0 0
15734.5 1 1
15735.5 0 0
15736.5 0 0
15737.5 0 0
15738.5 0 0
15739.5 0 0
15740.5 0 0
15741.5 0 0
15742.5 1 1
15743.5 0 0
15744.5 1 1
15745.5 0 0
15746.5 0 0
15747.5 0 0
15748.5 0 0
15749.5 0 0
15750.5 0 0
15751.5 0 0
15752.5 0 0
15753.5 0 0
15754.5 0 0
15755.5 0 0
15756.5 0 0
15757.5 0 0
15758.5 0 0
15759.5 1 1
15760.5 0 0
15761.5 0 0
15762.5 0 0
15763.5 0 0
15764.5 0 0
15765.5 0 0
15766.5 0 0
15767.5 0 0
15768.5 0 0
15769.5 0 0
15770.5 2 1.41421
15771.5 0 0
15772.5 0 0
15773.5 0 0
15774.5 0 0
15775.5 0 0
15776.5 1 1
15777.5 0 0
15778.5 0 0
15779.5 0 0
15780.5 1 1
15781.5 0 0
15782.5 1 1
15783.5 0 0
15784.5 0 0
15785.5 0 0
15786.5 0 0
15787.5 0 0
15788.5 0 0
15789.5 0 0
15790.5 0 0
15791.5 0 0
15792.5 0 0
15793.5 0 0
15794.5 0 0
15795.5 0 0
15796.5 0 0
15797.5 0 0
15798.5 1 1
15799.5 1 1
15800.5 0 0
15801.5 0 0
15802.5 0 0
15803.5 0 0
15804.5 1 1
15805.5 0 0
15806.5 1 1
15807.5 1 1
15808.5 0 0
15809.5 0 0
15810.5 0 0
15811.5 1 1
15812.5 0 0
15813.5 1 1
15814.5 1 1
15815.5 0 0
15816.5 0 0
15817.5 0 0
15818.5 0 0
15819.5 0 0
15820.5 0 0
15821.5 0 0
15822.5 0 0
15823.5 0 0
15824.5 1 1
15825.5 0 0
15826.5 0 0
15827.5 0 0
15828.5 0 0
15829.5 0 0
15830.5 0 0
15831.5 0 0
15832.5 0 0
15833.5 0 0
15834.5 0 0
15835.5 0 0
15836.5 1 1
15837.5 0 0
15838.5 0 0
15839.5 0 0
15840.5 0 0
15841.5 0 0
15842.5 0 0
15843.5 0 0
15844.5 0 0
15845.5 0 0
15846.5 0 0
15847.5 0 0
15848.5 0 0
15849.5 0 0
15850.5 0 0
15851.5 0 0
15852.5 0 0
15853.5 0 0
15854.5 0 0
15855.5 0 0
15856.5 0 0
15857.5 0 0
15858.5 0 0
15859.5 0 0
15860.5 0 0
15861.5 0 0
15862.5 0 0
15863.5 0 0
15864.5 0 0
15865.5 0 0
15866.5 0 0
15867.5 0 0
15868.5 0 0
15869.5 0 0
15870.5 0 0
15871.5 1 1
15872.5 0 0
15873.5 0 0
15874.5 0 0
15875.5 0 0
15876.5 0 0
15877.5 0 0
15878.5 0 0
15879.5 0 0
15880.5 0 0
15881.5 0 0
15882.5 0 0
15883.5 0 0
15884.5 1 1
15885.5 0 0
15886.5 0 0
15887.5 0 0
15888.5 1 1
15889.5 0 0
15890.5 0 0
15891.5 0 0
15892.5 0 0
15893.5 0 0
15894.5 0 0
15895.5 0 0
15896.5 1 1
15897.5 0 0
15898.5 0 0
15899.5 0 0
15900.5 0 0
15901.5 0 0
15902.5 0 0
15903.5 0 0
15904.5 0 0
15905.5 0 0
15906.5 0 0
15907.5 0 0
15908.5 0 0
15909.5 0 0
15910.5 1 1
15911.5 0 0
15912.5 0 0
15913.5 2 1.41421
15914.5 0 0
15915.5 0 0
15916.5 0 0
15917.5 1 1
15918.5 0 0
15919.5 1 1
15920.5 1 1
15921.5 0 0
15922.5 2 1.41421
15923.5 0 0
15924.5 0 0
15925.5 0 0
15926.5 1 1
15927.5 1 1
15928.5 0 0
15929.5 0 0
15930.5 0 0
15931.5 0 0
15932.5 0 0
15933.5 1 1
15934.5 0 0
15935.5 0 0
15936.5 0 0
15937.5 0 0
15938.5 0 0
15939.5 0 0
15940.5 0 0
15941.5 0 0
15942.5 0 0
15943.5 0 0
15944.5 0 0
15945.5 0 0
15946.5 0 0
15947.5 0 0
15948.5 0 0
15949.5 0 0
15950.5 0 0
15951.5 1 1
15952.5 0 0
15953.5 0 0
15954.5 0 0
15955.5 0 0
15956.5 0 0
15957.5 0 0
15958.5 0 0
15959.5 0 0
15960.5 0 0
15961.5 1 1
15962.5 0 0
15963.5 1 1
15964.5 0 0
15965.5 0 0
15966.5 0 0
15967.5 0 0
15968.5 0 0
15969.5 0 0
15970.5 0 0
15971.5 0 0
15972.5 0 0
15973.5 1 1
15974.5 0 0
15975.5 0 0
15976.5 1 1
15977.5 0 0
15978.5 0 0
15979.5 0 0
15980.5 0 0
15981.5 0 0
15982.5 0 0
15983.5 0 0
15984.5 0 0
15985.5 0 0
15986.5 0 0
15987.5 1 1
15988.5 0 0
15989.5 0 0
15990.5 0 0
15991.5 0 0
15992.5 0 0
15993.5 0 0
15994.5 0 0
15995.5 0 0
15996.5 1 1
15997.5 0 0
15998.5 0 0
15999.5 0 0
16000.5 0 0
16001.5 0 0
16002.5 0 0
16003.5 0 0
16004.5 0 0
16005.5 0 0
16006.5 0 0
16007.5 0 0
16008.5 0 0
16009.5 0 0
16010.5 0 0
16011.5 0 0
16012.5 0 0
16013.5 0 0
16014.5 0 0
16015.5 1 1
16016.5 0 0
16017.5 0 0
16018.5 0 0
16019.5 1 1
16020.5 0 0
16021.5 0 0
16022.5 0 0
16023.5 1 1
16024.5 0 0
16025.5 0 0
16026.5 0 0
16027.5 0 0
16028.5 0 0
16029.5 0 0
16030.5 0 0
16031.5 0 0
16032.5 0 0
16033.5 0 0
16034.5 0 0
16035.5 0 0
16036.5 1 1
16037.5 0 0
16038.5 0 0
16039.5 0 0
16040.5 0 0
16041.5 2 1.41421
16042.5 0 0
16043.5 0 0
16044.5 0 0
16045.5 0 0
16046.5 0 0
16047.5 1 1
16048.5 0 0
16049.5 0 0
16050.5 1 1
16051.5 1 1
16052.5 0 0
16053.5 0 0
16054.5 0 0
16055.5 0 0
16056.5 0 0
16057.5 0 0
16058.5 0 0
16059.5 0 0
16060.5 0 0
16061.5 0 0
16062.5 0 0
16063.5 0 0
16064.5 0 0
16065.5 0 0
16066.5 1 1
16067.5 1 1
16068.5 0 0
16069.5 0 0
16070.5 0 0
16071.5 0 0
16072.5 0 0
16073.5 0 0
16074.5 0 0
16075.5 0 0
16076.5 0 0
16077.5 0 0
16078.5 0 0
16079.5 0 0
16080.5 0 0
16081.5 0 0
16082.5 0 0
16083.5 0 0
16084.5 0 0
16085.5 0 0
16086.5 0 0
16087.5 0 0
16088.5 0 0
16089.5 0 0
16090.5 0 0
16091.5 0 0
16092.5 1 1
16093.5 1 1
16094.5 0 0
16095.5 0 0
16096.5 0 0
16097.5 0 0
16098.5 0 0
16099.5 0 0
16100.5 0 0
16101.5 0 0
16102.5 0 0
16103.5 0 0
16104.5 0 0
16105.5 0 0
16106.5 0 0
16107.5 0 0
16108.5 0 0
16109.5 0 0
16110.5 0 0
16111.5 0 0
16112.5 0 0
16113.5 0 0
16114.5 1 1
16115.5 0 0
16116.5 0 0
16117.5 0 0
16118.5 0 0
16119.5 0 0
16120.5 0 0
16121.5 0 0
16122.5 0 0
16123.5 1 1
16124.5 0 0
16125.5 0 0
16126.5 1 1
16127.5 0 0
16128.5 0 0
16129.5 0 0
16130.5 0 0
16131.5 0 0
16132.5 0 0
16133.5 0 0
16134.5 1 1
16135.5 1 1
16136.5 0 0
16137.5 0 0
16138.5 0 0
16139.5 0 0
16140.5 1 1
16141.5 0 0
16142.5 0 0
16143.5 0 0
16144.5 1 1
16145.5 0 0
16146.5 0 0
16147.5 0 0
16148.5 0 0
16149.5 1 1
16150.5 0 0
16151.5 0 0
16152.5 0 0
16153.5 0 0
16154.5 0 0
16155.5 0 0
16156.5 0 0
16157.5 0 0
16158.5 0 0
16159.5 0 0
16160.5 0 0
16161.5 0 0
16162.5 0 0
16163.5 0 0
16164.5 0 0
16165.5 0 0
16166.5 0 0
16167.5 0 0
16168.5 1 1
16169.5 0 0
16170.5 1 1
16171.5 0 0
16172.5 0 0
16173.5 0 0
16174.5 0 0
16175.5 0 0
16176.5 0 0
16177.5 0 0
16178.5 1 1
16179.5 0 0
16180.5 0 0
16181.5 1 1
16182.5 0 0
16183.5 0 0
16184.5 0 0
16185.5 0 0
16186.5 0 0
16187.5 0 0
16188.5 0 0
16189.5 0 0
16190.5 0 0
16191.5 0 0
16192.5 0 0
16193.5 0 0
16194.5 0 0
16195.5 0 0
16196.5 1 1
16197.5 0 0
16198.5 0 0
16199.5 0 0
16200.5 0 0
16201.5 0 0
16202.5 0 0
16203.5 0 0
16204.5 0 0
16205.5 0 0
16206.5 0 0
16207.5 0 0
16208.5 0 0
16209.5 0 0
16210.5 0 0
16211.5 0 0
16212.5 0 0
16213.5 0 0
16214.5 0 0
16215.5 0 0
16216.5 0 0
16217.5 0 0
16218.5 0 0
16219.5 0 0
16220.5 1 1
16221.5 0 0
16222.5 0 0
16223.5 0 0
16224.5 0 0
16225.5 0 0
16226.5 0 0
16227.5 0 0
16228.5 0 0
16229.5 0 0
16230.5 0 0
16231.5 0 0
16232.5 0 0
16233.5 1 1
16234.5 0 0
16235.5 0 0
16236.5 0 0
16237.5 0 0
16238.5 0 0
16239.5 0 0
16240.5 0 0
16241.5 0 0
16242.5 0 0
16243.5 0 0
16244.5 0 0
16245.5 0 0
16246.5 0 0
16247.5 0 0
16248.5 0 0
16249.5 0 0
16250.5 0 0
16251.5 0 0
16252.5 0 0
16253.5 0 0
16254.5 0 0
16255.5 0 0
16256.5 0 0
16257.5 0 0
16258.5 0 0
16259.5 0 0
16260.5 0 0
16261.5 0 0
16262.5 0 0
16263.5 0 0
16264.5 0 0
16265.5 0 0
16266.5 0 0
16267.5 0 0
16268.5 0 0
16269.5 0 0
16270.5 0 0
16271.5 0 0
16272.5 0 0
16273.5 0 0
16274.5 0 0
16275.5 0 0
16276.5 0 0
16277.5 0 0
16278.5 1 1
16279.5 0 0
16280.5 0 0
16281.5 0 0
16282.5 0 0
16283.5 0 0
16284.5 0 0
16285.5 0 0
16286.5 0 0
16287.5 0 0
16288.5 0 0
16289.5 0 0
16290.5 0 0
16291.5 0 0
16292.5 0 0
16293.5 0 0
16294.5 0 0
16295.5 0 0
16296.5 0 0
16297.5 0 0
16298.5 0 0
16299.5 0 0
16300.5 0 0
16301.5 0 0
16302.5 0 0
16303.5 0 0
16304.5 0 0
16305.5 0 0
16306.5 0 0
16307.5 0 0
16308.5 0 0
16309.5 0 0
16310.5 0 0
16311.5 0 0
16312.5 1 1
16313.5 0 0
16314.5 0 0
16315.5 0 0
16316.5 0 0
16317.5 0 0
16318.5 0 0
16319.5 0 0
16320.5 0 0
16321.5 0 0
16322.5 0 0
16323.5 0 0
16324.5 0 0
16325.5 0 0
16326.5 0 0
16327.5 0 0
16328.5 0 0
16329.5 0 0
16330.5 0 0
16331.5 0 0
16332.5 2 1.41421
16333.5 0 0
16334.5 0 0
16335.5 0 0
16336.5 0 0
16337.5 0 0
16338.5 0 0
16339.5 0 0
16340.5 0 0
16341.5 0 0
16342.5 0 0
16343.5 0 0
16344.5 0 0
16345.5 1 1
16346.5 0 0
16347.5 1 1
16348.5 0 0
16349.5 1 1
16350.5 0 0
16351.5 0 0
16352.5 0 0
16353.5 0 0
16354.5 0 0
16355.5 0 0
16356.5 0 0
16357.5 0 0
16358.5 0 0
16359.5 0 0
16360.5 0 0
16361.5 0 0
16362.5 0 0
16363.5 0 0
16364.5 0 0
16365.5 0 0
16366.5 1 1
16367.5 0 0
16368.5 0 0
16369.5 0 0
16370.5 0 0
16371.5 0 0
16372.5 0 0
16373.5 0 0
16374.5 0 0
16375.5 0 0
16376.5 0 0
16377.5 0 0
16378.5 0 0
16379.5 0 0
16380.5 0 0
16381.5 0 0
16382.5 0 0
16383.5 0 0
