# Histogram: 112
# File: K47_T1_003-6.his
#X  N  dN
0.5 26768 163.609
1.5 2 1.41421
2.5 2 1.41421
3.5 1 1
4.5 2 1.41421
5.5 3 1.73205
6.5 1 1
7.5 2 1.41421
8.5 1 1
9.5 3 1.73205
10.5 1 1
11.5 2 1.41421
12.5 5 2.23607
13.5 0 0
14.5 3 1.73205
15.5 1 1
16.5 3 1.73205
17.5 3 1.73205
18.5 3 1.73205
19.5 2 1.41421
20.5 4 2
21.5 4 2
22.5 6 2.44949
23.5 7 2.64575
24.5 6 2.44949
25.5 6 2.44949
26.5 7 2.64575
27.5 12 3.4641
28.5 7 2.64575
29.5 8 2.82843
30.5 6 2.44949
31.5 7 2.64575
32.5 10 3.16228
33.5 9 3
34.5 12 3.4641
35.5 6 2.44949
36.5 12 3.4641
37.5 11 3.31662
38.5 8 2.82843
39.5 15 3.87298
40.5 10 3.16228
41.5 15 3.87298
42.5 21 4.58258
43.5 23 4.79583
44.5 18 4.24264
45.5 29 5.38516
46.5 20 4.47214
47.5 20 4.47214
48.5 15 3.87298
49.5 27 5.19615
50.5 37 6.08276
51.5 34 5.83095
52.5 27 5.19615
53.5 36 6
54.5 33 5.74456
55.5 30 5.47723
56.5 35 5.91608
57.5 37 6.08276
58.5 32 5.65685
59.5 32 5.65685
60.5 43 6.55744
61.5 55 7.4162
62.5 43 6.55744
63.5 52 7.2111
64.5 43 6.55744
65.5 50 7.07107
66.5 45 6.7082
67.5 56 7.48331
68.5 64 8
69.5 46 6.78233
70.5 57 7.54983
71.5 74 8.60233
72.5 78 8.83176
73.5 71 8.42615
74.5 75 8.66025
75.5 84 9.16515
76.5 73 8.544
77.5 85 9.21954
78.5 63 7.93725
79.5 93 9.64365
80.5 91 9.53939
81.5 82 9.05539
82.5 94 9.69536
83.5 103 10.1489
84.5 110 10.4881
85.5 113 10.6301
86.5 124 11.1355
87.5 118 10.8628
88.5 95 9.74679
89.5 126 11.225
90.5 133 11.5326
91.5 154 12.4097
92.5 129 11.3578
93.5 130 11.4018
94.5 149 12.2066
95.5 169 13
96.5 165 12.8452
97.5 165 12.8452
98.5 161 12.6886
99.5 189 13.7477
100.5 203 14.2478
101.5 158 12.5698
102.5 191 13.8203
103.5 219 14.7986
104.5 181 13.4536
105.5 200 14.1421
106.5 207 14.3875
107.5 214 14.6287
108.5 234 15.2971
109.5 245 15.6525
110.5 267 16.3401
111.5 247 15.7162
112.5 264 16.2481
113.5 263 16.2173
114.5 284 16.8523
115.5 253 15.906
116.5 298 17.2627
117.5 296 17.2047
118.5 265 16.2788
119.5 273 16.5227
120.5 359 18.9473
121.5 311 17.6352
122.5 289 17
123.5 337 18.3576
124.5 304 17.4356
125.5 353 18.7883
126.5 345 18.5742
127.5 342 18.4932
128.5 343 18.5203
129.5 354 18.8149
130.5 349 18.6815
131.5 367 19.1572
132.5 335 18.303
133.5 404 20.0998
134.5 347 18.6279
135.5 395 19.8746
136.5 399 19.975
137.5 364 19.0788
138.5 394 19.8494
139.5 390 19.7484
140.5 400 20
141.5 391 19.7737
142.5 393 19.8242
143.5 385 19.6214
144.5 388 19.6977
145.5 410 20.2485
146.5 398 19.9499
147.5 418 20.445
148.5 418 20.445
149.5 439 20.9523
150.5 425 20.6155
151.5 449 21.1896
152.5 398 19.9499
153.5 441 21
154.5 485 22.0227
155.5 438 20.9284
156.5 389 19.7231
157.5 412 20.2978
158.5 449 21.1896
159.5 447 21.1424
160.5 438 20.9284
161.5 398 19.9499
162.5 463 21.5174
163.5 433 20.8087
164.5 484 22
165.5 502 22.4054
166.5 452 21.2603
167.5 499 22.3383
168.5 490 22.1359
169.5 458 21.4009
170.5 497 22.2935
171.5 498 22.3159
172.5 475 21.7945
173.5 489 22.1133
174.5 488 22.0907
175.5 479 21.8861
176.5 455 21.3307
177.5 473 21.7486
178.5 460 21.4476
179.5 489 22.1133
180.5 490 22.1359
181.5 511 22.6053
182.5 536 23.1517
183.5 543 23.3024
184.5 482 21.9545
185.5 552 23.4947
186.5 564 23.7487
187.5 455 21.3307
188.5 500 22.3607
189.5 542 23.2809
190.5 510 22.5832
191.5 532 23.0651
192.5 510 22.5832
193.5 559 23.6432
194.5 530 23.0217
195.5 553 23.516
196.5 514 22.6716
197.5 516 22.7156
198.5 561 23.6854
199.5 500 22.3607
200.5 509 22.561
201.5 508 22.5389
202.5 547 23.388
203.5 536 23.1517
204.5 523 22.8692
205.5 480 21.9089
206.5 557 23.6008
207.5 525 22.9129
208.5 540 23.2379
209.5 512 22.6274
210.5 513 22.6495
211.5 537 23.1733
212.5 581 24.1039
213.5 594 24.3721
214.5 552 23.4947
215.5 528 22.9783
216.5 580 24.0832
217.5 555 23.5584
218.5 581 24.1039
219.5 551 23.4734
220.5 589 24.2693
221.5 563 23.7276
222.5 526 22.9347
223.5 559 23.6432
224.5 536 23.1517
225.5 550 23.4521
226.5 572 23.9165
227.5 545 23.3452
228.5 564 23.7487
229.5 526 22.9347
230.5 567 23.8118
231.5 551 23.4734
232.5 592 24.3311
233.5 513 22.6495
234.5 569 23.8537
235.5 527 22.9565
236.5 573 23.9374
237.5 568 23.8328
238.5 616 24.8193
239.5 582 24.1247
240.5 552 23.4947
241.5 603 24.5561
242.5 539 23.2164
243.5 572 23.9165
244.5 539 23.2164
245.5 575 23.9792
246.5 578 24.0416
247.5 607 24.6374
248.5 606 24.6171
249.5 575 23.9792
250.5 606 24.6171
251.5 555 23.5584
252.5 608 24.6577
253.5 537 23.1733
254.5 563 23.7276
255.5 611 24.7184
256.5 579 24.0624
257.5 608 24.6577
258.5 547 23.388
259.5 589 24.2693
260.5 597 24.4336
261.5 632 25.1396
262.5 603 24.5561
263.5 580 24.0832
264.5 595 24.3926
265.5 603 24.5561
266.5 548 23.4094
267.5 562 23.7065
268.5 609 24.6779
269.5 616 24.8193
270.5 599 24.4745
271.5 629 25.0799
272.5 574 23.9583
273.5 587 24.2281
274.5 634 25.1794
275.5 594 24.3721
276.5 599 24.4745
277.5 593 24.3516
278.5 597 24.4336
279.5 593 24.3516
280.5 593 24.3516
281.5 598 24.454
282.5 617 24.8395
283.5 622 24.9399
284.5 626 25.02
285.5 603 24.5561
286.5 590 24.2899
287.5 586 24.2074
288.5 587 24.2281
289.5 620 24.8998
290.5 610 24.6982
291.5 628 25.0599
292.5 644 25.3772
293.5 631 25.1197
294.5 640 25.2982
295.5 608 24.6577
296.5 651 25.5147
297.5 598 24.454
298.5 639 25.2784
299.5 675 25.9808
300.5 586 24.2074
301.5 625 25
302.5 605 24.5967
303.5 616 24.8193
304.5 640 25.2982
305.5 666 25.807
306.5 635 25.1992
307.5 623 24.96
308.5 618 24.8596
309.5 635 25.1992
310.5 633 25.1595
311.5 603 24.5561
312.5 628 25.0599
313.5 657 25.632
314.5 646 25.4165
315.5 618 24.8596
316.5 632 25.1396
317.5 610 24.6982
318.5 603 24.5561
319.5 593 24.3516
320.5 670 25.8844
321.5 637 25.2389
322.5 616 24.8193
323.5 623 24.96
324.5 654 25.5734
325.5 667 25.8263
326.5 655 25.593
327.5 605 24.5967
328.5 604 24.5764
329.5 630 25.0998
330.5 644 25.3772
331.5 629 25.0799
332.5 660 25.6905
333.5 650 25.4951
334.5 663 25.7488
335.5 644 25.3772
336.5 649 25.4755
337.5 662 25.7294
338.5 637 25.2389
339.5 664 25.7682
340.5 614 24.779
341.5 663 25.7488
342.5 652 25.5343
343.5 695 26.3629
344.5 650 25.4951
345.5 665 25.7876
346.5 676 26
347.5 632 25.1396
348.5 645 25.3969
349.5 628 25.0599
350.5 660 25.6905
351.5 618 24.8596
352.5 645 25.3969
353.5 661 25.7099
354.5 629 25.0799
355.5 646 25.4165
356.5 619 24.8797
357.5 627 25.04
358.5 651 25.5147
359.5 684 26.1534
360.5 691 26.2869
361.5 668 25.8457
362.5 688 26.2298
363.5 659 25.671
364.5 623 24.96
365.5 676 26
366.5 715 26.7395
367.5 678 26.0384
368.5 694 26.3439
369.5 674 25.9615
370.5 698 26.4197
371.5 645 25.3969
372.5 716 26.7582
373.5 709 26.6271
374.5 720 26.8328
375.5 669 25.865
376.5 668 25.8457
377.5 694 26.3439
378.5 650 25.4951
379.5 691 26.2869
380.5 712 26.6833
381.5 625 25
382.5 730 27.0185
383.5 680 26.0768
384.5 621 24.9199
385.5 693 26.3249
386.5 657 25.632
387.5 662 25.7294
388.5 708 26.6083
389.5 698 26.4197
390.5 692 26.3059
391.5 708 26.6083
392.5 673 25.9422
393.5 672 25.923
394.5 665 25.7876
395.5 715 26.7395
396.5 670 25.8844
397.5 683 26.1343
398.5 672 25.923
399.5 736 27.1293
400.5 665 25.7876
401.5 741 27.2213
402.5 728 26.9815
403.5 649 25.4755
404.5 657 25.632
405.5 715 26.7395
406.5 717 26.7769
407.5 687 26.2107
408.5 710 26.6458
409.5 712 26.6833
410.5 708 26.6083
411.5 669 25.865
412.5 632 25.1396
413.5 694 26.3439
414.5 682 26.1151
415.5 732 27.0555
416.5 720 26.8328
417.5 717 26.7769
418.5 737 27.1477
419.5 688 26.2298
420.5 721 26.8514
421.5 717 26.7769
422.5 750 27.3861
423.5 677 26.0192
424.5 756 27.4955
425.5 724 26.9072
426.5 726 26.9444
427.5 688 26.2298
428.5 724 26.9072
429.5 696 26.3818
430.5 701 26.4764
431.5 714 26.7208
432.5 705 26.5518
433.5 717 26.7769
434.5 728 26.9815
435.5 728 26.9815
436.5 707 26.5895
437.5 711 26.6646
438.5 706 26.5707
439.5 724 26.9072
440.5 706 26.5707
441.5 709 26.6271
442.5 736 27.1293
443.5 741 27.2213
444.5 721 26.8514
445.5 734 27.0924
446.5 745 27.2947
447.5 719 26.8142
448.5 716 26.7582
449.5 796 28.2135
450.5 704 26.533
451.5 740 27.2029
452.5 710 26.6458
453.5 768 27.7128
454.5 741 27.2213
455.5 726 26.9444
456.5 717 26.7769
457.5 710 26.6458
458.5 717 26.7769
459.5 719 26.8142
460.5 663 25.7488
461.5 716 26.7582
462.5 695 26.3629
463.5 733 27.074
464.5 716 26.7582
465.5 709 26.6271
466.5 762 27.6043
467.5 745 27.2947
468.5 720 26.8328
469.5 680 26.0768
470.5 772 27.7849
471.5 716 26.7582
472.5 734 27.0924
473.5 758 27.5318
474.5 733 27.074
475.5 739 27.1846
476.5 733 27.074
477.5 741 27.2213
478.5 742 27.2397
479.5 812 28.4956
480.5 689 26.2488
481.5 744 27.2764
482.5 766 27.6767
483.5 709 26.6271
484.5 741 27.2213
485.5 810 28.4605
486.5 721 26.8514
487.5 755 27.4773
488.5 753 27.4408
489.5 722 26.8701
490.5 685 26.1725
491.5 750 27.3861
492.5 699 26.4386
493.5 750 27.3861
494.5 757 27.5136
495.5 735 27.1109
496.5 725 26.9258
497.5 721 26.8514
498.5 756 27.4955
499.5 699 26.4386
500.5 781 27.9464
501.5 774 27.8209
502.5 745 27.2947
503.5 712 26.6833
504.5 726 26.9444
505.5 728 26.9815
506.5 786 28.0357
507.5 747 27.3313
508.5 771 27.7669
509.5 724 26.9072
510.5 742 27.2397
511.5 785 28.0179
512.5 761 27.5862
513.5 828 28.775
514.5 775 27.8388
515.5 751 27.4044
516.5 769 27.7308
517.5 720 26.8328
518.5 797 28.2312
519.5 749 27.3679
520.5 784 28
521.5 782 27.9643
522.5 747 27.3313
523.5 769 27.7308
524.5 783 27.9821
525.5 764 27.6405
526.5 748 27.3496
527.5 765 27.6586
528.5 743 27.258
529.5 772 27.7849
530.5 781 27.9464
531.5 797 28.2312
532.5 779 27.9106
533.5 745 27.2947
534.5 745 27.2947
535.5 784 28
536.5 727 26.9629
537.5 778 27.8927
538.5 762 27.6043
539.5 720 26.8328
540.5 800 28.2843
541.5 757 27.5136
542.5 758 27.5318
543.5 754 27.4591
544.5 793 28.1603
545.5 783 27.9821
546.5 817 28.5832
547.5 770 27.7489
548.5 781 27.9464
549.5 711 26.6646
550.5 763 27.6225
551.5 798 28.2489
552.5 786 28.0357
553.5 801 28.3019
554.5 772 27.7849
555.5 762 27.6043
556.5 735 27.1109
557.5 748 27.3496
558.5 768 27.7128
559.5 749 27.3679
560.5 778 27.8927
561.5 753 27.4408
562.5 789 28.0891
563.5 807 28.4077
564.5 752 27.4226
565.5 814 28.5307
566.5 791 28.1247
567.5 726 26.9444
568.5 714 26.7208
569.5 734 27.0924
570.5 752 27.4226
571.5 767 27.6948
572.5 751 27.4044
573.5 716 26.7582
574.5 792 28.1425
575.5 790 28.1069
576.5 806 28.3901
577.5 769 27.7308
578.5 799 28.2666
579.5 775 27.8388
580.5 826 28.7402
581.5 782 27.9643
582.5 834 28.8791
583.5 817 28.5832
584.5 828 28.775
585.5 733 27.074
586.5 798 28.2489
587.5 772 27.7849
588.5 782 27.9643
589.5 768 27.7128
590.5 812 28.4956
591.5 810 28.4605
592.5 785 28.0179
593.5 794 28.178
594.5 801 28.3019
595.5 798 28.2489
596.5 781 27.9464
597.5 754 27.4591
598.5 798 28.2489
599.5 801 28.3019
600.5 802 28.3196
601.5 780 27.9285
602.5 786 28.0357
603.5 843 29.0345
604.5 751 27.4044
605.5 807 28.4077
606.5 776 27.8568
607.5 818 28.6007
608.5 787 28.0535
609.5 795 28.1957
610.5 869 29.4788
611.5 812 28.4956
612.5 813 28.5132
613.5 791 28.1247
614.5 813 28.5132
615.5 806 28.3901
616.5 801 28.3019
617.5 832 28.8444
618.5 827 28.7576
619.5 859 29.3087
620.5 804 28.3549
621.5 828 28.775
622.5 832 28.8444
623.5 831 28.8271
624.5 815 28.5482
625.5 809 28.4429
626.5 827 28.7576
627.5 819 28.6182
628.5 840 28.9828
629.5 829 28.7924
630.5 857 29.2746
631.5 776 27.8568
632.5 792 28.1425
633.5 795 28.1957
634.5 812 28.4956
635.5 843 29.0345
636.5 836 28.9137
637.5 790 28.1069
638.5 825 28.7228
639.5 821 28.6531
640.5 806 28.3901
641.5 793 28.1603
642.5 778 27.8927
643.5 806 28.3901
644.5 859 29.3087
645.5 788 28.0713
646.5 848 29.1204
647.5 799 28.2666
648.5 764 27.6405
649.5 784 28
650.5 851 29.1719
651.5 849 29.1376
652.5 840 28.9828
653.5 793 28.1603
654.5 853 29.2062
655.5 798 28.2489
656.5 790 28.1069
657.5 822 28.6705
658.5 881 29.6816
659.5 791 28.1247
660.5 818 28.6007
661.5 827 28.7576
662.5 812 28.4956
663.5 790 28.1069
664.5 811 28.4781
665.5 811 28.4781
666.5 843 29.0345
667.5 815 28.5482
668.5 838 28.9482
669.5 782 27.9643
670.5 818 28.6007
671.5 814 28.5307
672.5 815 28.5482
673.5 815 28.5482
674.5 812 28.4956
675.5 764 27.6405
676.5 834 28.8791
677.5 806 28.3901
678.5 791 28.1247
679.5 872 29.5296
680.5 845 29.0689
681.5 806 28.3901
682.5 865 29.4109
683.5 821 28.6531
684.5 872 29.5296
685.5 787 28.0535
686.5 860 29.3258
687.5 790 28.1069
688.5 807 28.4077
689.5 781 27.9464
690.5 764 27.6405
691.5 797 28.2312
692.5 823 28.688
693.5 808 28.4253
694.5 866 29.4279
695.5 814 28.5307
696.5 781 27.9464
697.5 822 28.6705
698.5 876 29.5973
699.5 823 28.688
700.5 749 27.3679
701.5 815 28.5482
702.5 821 28.6531
703.5 804 28.3549
704.5 785 28.0179
705.5 820 28.6356
706.5 823 28.688
707.5 839 28.9655
708.5 843 29.0345
709.5 807 28.4077
710.5 834 28.8791
711.5 814 28.5307
712.5 842 29.0172
713.5 831 28.8271
714.5 817 28.5832
715.5 828 28.775
716.5 841 29
717.5 838 28.9482
718.5 787 28.0535
719.5 827 28.7576
720.5 847 29.1033
721.5 854 29.2233
722.5 813 28.5132
723.5 831 28.8271
724.5 811 28.4781
725.5 835 28.8964
726.5 795 28.1957
727.5 829 28.7924
728.5 807 28.4077
729.5 823 28.688
730.5 834 28.8791
731.5 808 28.4253
732.5 838 28.9482
733.5 825 28.7228
734.5 839 28.9655
735.5 814 28.5307
736.5 787 28.0535
737.5 771 27.7669
738.5 832 28.8444
739.5 808 28.4253
740.5 859 29.3087
741.5 804 28.3549
742.5 802 28.3196
743.5 865 29.4109
744.5 865 29.4109
745.5 850 29.1548
746.5 806 28.3901
747.5 848 29.1204
748.5 854 29.2233
749.5 845 29.0689
750.5 783 27.9821
751.5 828 28.775
752.5 799 28.2666
753.5 771 27.7669
754.5 825 28.7228
755.5 831 28.8271
756.5 834 28.8791
757.5 840 28.9828
758.5 847 29.1033
759.5 778 27.8927
760.5 837 28.931
761.5 808 28.4253
762.5 821 28.6531
763.5 845 29.0689
764.5 808 28.4253
765.5 777 27.8747
766.5 808 28.4253
767.5 822 28.6705
768.5 825 28.7228
769.5 834 28.8791
770.5 824 28.7054
771.5 815 28.5482
772.5 789 28.0891
773.5 836 28.9137
774.5 812 28.4956
775.5 827 28.7576
776.5 842 29.0172
777.5 843 29.0345
778.5 770 27.7489
779.5 776 27.8568
780.5 811 28.4781
781.5 824 28.7054
782.5 768 27.7128
783.5 834 28.8791
784.5 753 27.4408
785.5 806 28.3901
786.5 811 28.4781
787.5 853 29.2062
788.5 837 28.931
789.5 805 28.3725
790.5 785 28.0179
791.5 796 28.2135
792.5 792 28.1425
793.5 829 28.7924
794.5 846 29.0861
795.5 857 29.2746
796.5 831 28.8271
797.5 818 28.6007
798.5 808 28.4253
799.5 752 27.4226
800.5 792 28.1425
801.5 853 29.2062
802.5 788 28.0713
803.5 795 28.1957
804.5 828 28.775
805.5 773 27.8029
806.5 847 29.1033
807.5 830 28.8097
808.5 851 29.1719
809.5 838 28.9482
810.5 799 28.2666
811.5 821 28.6531
812.5 796 28.2135
813.5 816 28.5657
814.5 785 28.0179
815.5 843 29.0345
816.5 827 28.7576
817.5 783 27.9821
818.5 794 28.178
819.5 813 28.5132
820.5 852 29.189
821.5 775 27.8388
822.5 766 27.6767
823.5 812 28.4956
824.5 809 28.4429
825.5 837 28.931
826.5 813 28.5132
827.5 827 28.7576
828.5 863 29.3769
829.5 765 27.6586
830.5 815 28.5482
831.5 781 27.9464
832.5 792 28.1425
833.5 772 27.7849
834.5 733 27.074
835.5 776 27.8568
836.5 769 27.7308
837.5 804 28.3549
838.5 788 28.0713
839.5 770 27.7489
840.5 785 28.0179
841.5 776 27.8568
842.5 858 29.2916
843.5 813 28.5132
844.5 818 28.6007
845.5 783 27.9821
846.5 819 28.6182
847.5 830 28.8097
848.5 815 28.5482
849.5 827 28.7576
850.5 803 28.3373
851.5 778 27.8927
852.5 815 28.5482
853.5 818 28.6007
854.5 770 27.7489
855.5 801 28.3019
856.5 767 27.6948
857.5 836 28.9137
858.5 813 28.5132
859.5 793 28.1603
860.5 811 28.4781
861.5 816 28.5657
862.5 821 28.6531
863.5 769 27.7308
864.5 832 28.8444
865.5 816 28.5657
866.5 800 28.2843
867.5 833 28.8617
868.5 783 27.9821
869.5 796 28.2135
870.5 818 28.6007
871.5 814 28.5307
872.5 798 28.2489
873.5 758 27.5318
874.5 828 28.775
875.5 831 28.8271
876.5 781 27.9464
877.5 806 28.3901
878.5 801 28.3019
879.5 753 27.4408
880.5 786 28.0357
881.5 807 28.4077
882.5 765 27.6586
883.5 815 28.5482
884.5 817 28.5832
885.5 811 28.4781
886.5 844 29.0517
887.5 779 27.9106
888.5 754 27.4591
889.5 825 28.7228
890.5 799 28.2666
891.5 774 27.8209
892.5 804 28.3549
893.5 785 28.0179
894.5 762 27.6043
895.5 759 27.55
896.5 774 27.8209
897.5 803 28.3373
898.5 795 28.1957
899.5 802 28.3196
900.5 759 27.55
901.5 754 27.4591
902.5 756 27.4955
903.5 813 28.5132
904.5 815 28.5482
905.5 740 27.2029
906.5 797 28.2312
907.5 797 28.2312
908.5 817 28.5832
909.5 847 29.1033
910.5 771 27.7669
911.5 783 27.9821
912.5 776 27.8568
913.5 805 28.3725
914.5 781 27.9464
915.5 820 28.6356
916.5 796 28.2135
917.5 802 28.3196
918.5 779 27.9106
919.5 765 27.6586
920.5 817 28.5832
921.5 785 28.0179
922.5 833 28.8617
923.5 800 28.2843
924.5 821 28.6531
925.5 870 29.4958
926.5 803 28.3373
927.5 773 27.8029
928.5 826 28.7402
929.5 793 28.1603
930.5 829 28.7924
931.5 777 27.8747
932.5 797 28.2312
933.5 837 28.931
934.5 825 28.7228
935.5 849 29.1376
936.5 816 28.5657
937.5 807 28.4077
938.5 796 28.2135
939.5 824 28.7054
940.5 822 28.6705
941.5 784 28
942.5 804 28.3549
943.5 770 27.7489
944.5 767 27.6948
945.5 787 28.0535
946.5 823 28.688
947.5 775 27.8388
948.5 791 28.1247
949.5 777 27.8747
950.5 823 28.688
951.5 789 28.0891
952.5 835 28.8964
953.5 764 27.6405
954.5 793 28.1603
955.5 787 28.0535
956.5 795 28.1957
957.5 839 28.9655
958.5 823 28.688
959.5 820 28.6356
960.5 842 29.0172
961.5 839 28.9655
962.5 832 28.8444
963.5 812 28.4956
964.5 821 28.6531
965.5 854 29.2233
966.5 850 29.1548
967.5 755 27.4773
968.5 789 28.0891
969.5 812 28.4956
970.5 789 28.0891
971.5 838 28.9482
972.5 845 29.0689
973.5 861 29.3428
974.5 846 29.0861
975.5 798 28.2489
976.5 840 28.9828
977.5 841 29
978.5 851 29.1719
979.5 817 28.5832
980.5 850 29.1548
981.5 811 28.4781
982.5 872 29.5296
983.5 850 29.1548
984.5 850 29.1548
985.5 802 28.3196
986.5 873 29.5466
987.5 904 30.0666
988.5 853 29.2062
989.5 883 29.7153
990.5 858 29.2916
991.5 855 29.2404
992.5 832 28.8444
993.5 836 28.9137
994.5 856 29.2575
995.5 896 29.9333
996.5 889 29.8161
997.5 821 28.6531
998.5 890 29.8329
999.5 869 29.4788
1000.5 894 29.8998
1001.5 847 29.1033
1002.5 842 29.0172
1003.5 822 28.6705
1004.5 849 29.1376
1005.5 839 28.9655
1006.5 877 29.6142
1007.5 806 28.3901
1008.5 873 29.5466
1009.5 854 29.2233
1010.5 859 29.3087
1011.5 878 29.6311
1012.5 870 29.4958
1013.5 843 29.0345
1014.5 847 29.1033
1015.5 876 29.5973
1016.5 850 29.1548
1017.5 893 29.8831
1018.5 866 29.4279
1019.5 883 29.7153
1020.5 878 29.6311
1021.5 860 29.3258
1022.5 879 29.6479
1023.5 834 28.8791
1024.5 795 28.1957
1025.5 875 29.5804
1026.5 868 29.4618
1027.5 862 29.3598
1028.5 824 28.7054
1029.5 845 29.0689
1030.5 815 28.5482
1031.5 827 28.7576
1032.5 886 29.7658
1033.5 876 29.5973
1034.5 838 28.9482
1035.5 879 29.6479
1036.5 903 30.05
1037.5 882 29.6985
1038.5 834 28.8791
1039.5 858 29.2916
1040.5 902 30.0333
1041.5 829 28.7924
1042.5 867 29.4449
1043.5 906 30.0998
1044.5 851 29.1719
1045.5 830 28.8097
1046.5 875 29.5804
1047.5 866 29.4279
1048.5 858 29.2916
1049.5 874 29.5635
1050.5 807 28.4077
1051.5 878 29.6311
1052.5 825 28.7228
1053.5 838 28.9482
1054.5 858 29.2916
1055.5 805 28.3725
1056.5 848 29.1204
1057.5 852 29.189
1058.5 841 29
1059.5 870 29.4958
1060.5 877 29.6142
1061.5 841 29
1062.5 884 29.7321
1063.5 785 28.0179
1064.5 832 28.8444
1065.5 804 28.3549
1066.5 793 28.1603
1067.5 846 29.0861
1068.5 871 29.5127
1069.5 835 28.8964
1070.5 801 28.3019
1071.5 869 29.4788
1072.5 864 29.3939
1073.5 810 28.4605
1074.5 814 28.5307
1075.5 854 29.2233
1076.5 842 29.0172
1077.5 819 28.6182
1078.5 857 29.2746
1079.5 854 29.2233
1080.5 851 29.1719
1081.5 875 29.5804
1082.5 842 29.0172
1083.5 888 29.7993
1084.5 816 28.5657
1085.5 855 29.2404
1086.5 777 27.8747
1087.5 823 28.688
1088.5 810 28.4605
1089.5 739 27.1846
1090.5 833 28.8617
1091.5 773 27.8029
1092.5 788 28.0713
1093.5 776 27.8568
1094.5 854 29.2233
1095.5 800 28.2843
1096.5 802 28.3196
1097.5 736 27.1293
1098.5 837 28.931
1099.5 791 28.1247
1100.5 769 27.7308
1101.5 738 27.1662
1102.5 823 28.688
1103.5 797 28.2312
1104.5 794 28.178
1105.5 762 27.6043
1106.5 821 28.6531
1107.5 800 28.2843
1108.5 782 27.9643
1109.5 800 28.2843
1110.5 753 27.4408
1111.5 718 26.7955
1112.5 781 27.9464
1113.5 793 28.1603
1114.5 816 28.5657
1115.5 782 27.9643
1116.5 779 27.9106
1117.5 756 27.4955
1118.5 815 28.5482
1119.5 775 27.8388
1120.5 774 27.8209
1121.5 828 28.775
1122.5 813 28.5132
1123.5 765 27.6586
1124.5 821 28.6531
1125.5 793 28.1603
1126.5 823 28.688
1127.5 738 27.1662
1128.5 751 27.4044
1129.5 773 27.8029
1130.5 784 28
1131.5 801 28.3019
1132.5 746 27.313
1133.5 755 27.4773
1134.5 831 28.8271
1135.5 744 27.2764
1136.5 751 27.4044
1137.5 786 28.0357
1138.5 772 27.7849
1139.5 748 27.3496
1140.5 769 27.7308
1141.5 802 28.3196
1142.5 721 26.8514
1143.5 730 27.0185
1144.5 745 27.2947
1145.5 760 27.5681
1146.5 799 28.2666
1147.5 756 27.4955
1148.5 740 27.2029
1149.5 739 27.1846
1150.5 737 27.1477
1151.5 787 28.0535
1152.5 730 27.0185
1153.5 735 27.1109
1154.5 740 27.2029
1155.5 759 27.55
1156.5 707 26.5895
1157.5 688 26.2298
1158.5 747 27.3313
1159.5 726 26.9444
1160.5 677 26.0192
1161.5 707 26.5895
1162.5 718 26.7955
1163.5 693 26.3249
1164.5 699 26.4386
1165.5 718 26.7955
1166.5 744 27.2764
1167.5 704 26.533
1168.5 721 26.8514
1169.5 756 27.4955
1170.5 690 26.2679
1171.5 685 26.1725
1172.5 689 26.2488
1173.5 710 26.6458
1174.5 697 26.4008
1175.5 686 26.1916
1176.5 713 26.7021
1177.5 691 26.2869
1178.5 697 26.4008
1179.5 747 27.3313
1180.5 706 26.5707
1181.5 672 25.923
1182.5 700 26.4575
1183.5 710 26.6458
1184.5 771 27.7669
1185.5 689 26.2488
1186.5 703 26.5141
1187.5 705 26.5518
1188.5 700 26.4575
1189.5 670 25.8844
1190.5 690 26.2679
1191.5 689 26.2488
1192.5 689 26.2488
1193.5 696 26.3818
1194.5 634 25.1794
1195.5 708 26.6083
1196.5 671 25.9037
1197.5 698 26.4197
1198.5 756 27.4955
1199.5 681 26.096
1200.5 637 25.2389
1201.5 721 26.8514
1202.5 670 25.8844
1203.5 728 26.9815
1204.5 664 25.7682
1205.5 675 25.9808
1206.5 689 26.2488
1207.5 661 25.7099
1208.5 694 26.3439
1209.5 681 26.096
1210.5 700 26.4575
1211.5 634 25.1794
1212.5 661 25.7099
1213.5 692 26.3059
1214.5 660 25.6905
1215.5 627 25.04
1216.5 672 25.923
1217.5 678 26.0384
1218.5 685 26.1725
1219.5 659 25.671
1220.5 652 25.5343
1221.5 671 25.9037
1222.5 652 25.5343
1223.5 695 26.3629
1224.5 665 25.7876
1225.5 716 26.7582
1226.5 641 25.318
1227.5 695 26.3629
1228.5 619 24.8797
1229.5 673 25.9422
1230.5 662 25.7294
1231.5 654 25.5734
1232.5 655 25.593
1233.5 650 25.4951
1234.5 657 25.632
1235.5 621 24.9199
1236.5 651 25.5147
1237.5 654 25.5734
1238.5 673 25.9422
1239.5 621 24.9199
1240.5 639 25.2784
1241.5 664 25.7682
1242.5 681 26.096
1243.5 634 25.1794
1244.5 680 26.0768
1245.5 639 25.2784
1246.5 605 24.5967
1247.5 671 25.9037
1248.5 651 25.5147
1249.5 644 25.3772
1250.5 613 24.7588
1251.5 632 25.1396
1252.5 588 24.2487
1253.5 613 24.7588
1254.5 665 25.7876
1255.5 634 25.1794
1256.5 638 25.2587
1257.5 625 25
1258.5 586 24.2074
1259.5 624 24.98
1260.5 655 25.593
1261.5 674 25.9615
1262.5 674 25.9615
1263.5 663 25.7488
1264.5 665 25.7876
1265.5 657 25.632
1266.5 681 26.096
1267.5 614 24.779
1268.5 696 26.3818
1269.5 668 25.8457
1270.5 637 25.2389
1271.5 652 25.5343
1272.5 684 26.1534
1273.5 663 25.7488
1274.5 640 25.2982
1275.5 602 24.5357
1276.5 679 26.0576
1277.5 624 24.98
1278.5 641 25.318
1279.5 622 24.9399
1280.5 638 25.2587
1281.5 665 25.7876
1282.5 662 25.7294
1283.5 653 25.5539
1284.5 674 25.9615
1285.5 630 25.0998
1286.5 660 25.6905
1287.5 644 25.3772
1288.5 670 25.8844
1289.5 619 24.8797
1290.5 619 24.8797
1291.5 641 25.318
1292.5 635 25.1992
1293.5 611 24.7184
1294.5 660 25.6905
1295.5 582 24.1247
1296.5 658 25.6515
1297.5 621 24.9199
1298.5 607 24.6374
1299.5 631 25.1197
1300.5 706 26.5707
1301.5 605 24.5967
1302.5 620 24.8998
1303.5 627 25.04
1304.5 656 25.6125
1305.5 619 24.8797
1306.5 607 24.6374
1307.5 578 24.0416
1308.5 636 25.219
1309.5 634 25.1794
1310.5 649 25.4755
1311.5 627 25.04
1312.5 645 25.3969
1313.5 605 24.5967
1314.5 632 25.1396
1315.5 605 24.5967
1316.5 645 25.3969
1317.5 599 24.4745
1318.5 612 24.7386
1319.5 626 25.02
1320.5 590 24.2899
1321.5 624 24.98
1322.5 609 24.6779
1323.5 600 24.4949
1324.5 650 25.4951
1325.5 592 24.3311
1326.5 651 25.5147
1327.5 605 24.5967
1328.5 614 24.779
1329.5 593 24.3516
1330.5 607 24.6374
1331.5 583 24.1454
1332.5 606 24.6171
1333.5 599 24.4745
1334.5 621 24.9199
1335.5 604 24.5764
1336.5 609 24.6779
1337.5 616 24.8193
1338.5 601 24.5153
1339.5 605 24.5967
1340.5 636 25.219
1341.5 624 24.98
1342.5 580 24.0832
1343.5 588 24.2487
1344.5 599 24.4745
1345.5 573 23.9374
1346.5 569 23.8537
1347.5 580 24.0832
1348.5 599 24.4745
1349.5 645 25.3969
1350.5 637 25.2389
1351.5 601 24.5153
1352.5 602 24.5357
1353.5 600 24.4949
1354.5 590 24.2899
1355.5 620 24.8998
1356.5 608 24.6577
1357.5 571 23.8956
1358.5 577 24.0208
1359.5 587 24.2281
1360.5 563 23.7276
1361.5 578 24.0416
1362.5 635 25.1992
1363.5 588 24.2487
1364.5 600 24.4949
1365.5 604 24.5764
1366.5 588 24.2487
1367.5 574 23.9583
1368.5 639 25.2784
1369.5 618 24.8596
1370.5 627 25.04
1371.5 579 24.0624
1372.5 575 23.9792
1373.5 616 24.8193
1374.5 616 24.8193
1375.5 559 23.6432
1376.5 593 24.3516
1377.5 580 24.0832
1378.5 592 24.3311
1379.5 585 24.1868
1380.5 608 24.6577
1381.5 597 24.4336
1382.5 602 24.5357
1383.5 601 24.5153
1384.5 547 23.388
1385.5 565 23.7697
1386.5 597 24.4336
1387.5 589 24.2693
1388.5 565 23.7697
1389.5 609 24.6779
1390.5 513 22.6495
1391.5 524 22.891
1392.5 547 23.388
1393.5 558 23.622
1394.5 610 24.6982
1395.5 560 23.6643
1396.5 568 23.8328
1397.5 606 24.6171
1398.5 595 24.3926
1399.5 568 23.8328
1400.5 566 23.7908
1401.5 569 23.8537
1402.5 592 24.3311
1403.5 595 24.3926
1404.5 609 24.6779
1405.5 561 23.6854
1406.5 596 24.4131
1407.5 584 24.1661
1408.5 548 23.4094
1409.5 592 24.3311
1410.5 524 22.891
1411.5 556 23.5797
1412.5 586 24.2074
1413.5 546 23.3666
1414.5 595 24.3926
1415.5 576 24
1416.5 592 24.3311
1417.5 583 24.1454
1418.5 559 23.6432
1419.5 570 23.8747
1420.5 588 24.2487
1421.5 583 24.1454
1422.5 558 23.622
1423.5 554 23.5372
1424.5 575 23.9792
1425.5 588 24.2487
1426.5 533 23.0868
1427.5 543 23.3024
1428.5 569 23.8537
1429.5 567 23.8118
1430.5 523 22.8692
1431.5 536 23.1517
1432.5 524 22.891
1433.5 575 23.9792
1434.5 540 23.2379
1435.5 534 23.1084
1436.5 523 22.8692
1437.5 524 22.891
1438.5 515 22.6936
1439.5 552 23.4947
1440.5 526 22.9347
1441.5 561 23.6854
1442.5 569 23.8537
1443.5 548 23.4094
1444.5 592 24.3311
1445.5 533 23.0868
1446.5 507 22.5167
1447.5 579 24.0624
1448.5 549 23.4307
1449.5 570 23.8747
1450.5 518 22.7596
1451.5 563 23.7276
1452.5 520 22.8035
1453.5 556 23.5797
1454.5 552 23.4947
1455.5 534 23.1084
1456.5 550 23.4521
1457.5 490 22.1359
1458.5 510 22.5832
1459.5 543 23.3024
1460.5 532 23.0651
1461.5 536 23.1517
1462.5 515 22.6936
1463.5 484 22
1464.5 530 23.0217
1465.5 540 23.2379
1466.5 519 22.7816
1467.5 518 22.7596
1468.5 533 23.0868
1469.5 527 22.9565
1470.5 520 22.8035
1471.5 572 23.9165
1472.5 490 22.1359
1473.5 552 23.4947
1474.5 529 23
1475.5 528 22.9783
1476.5 525 22.9129
1477.5 494 22.2261
1478.5 506 22.4944
1479.5 550 23.4521
1480.5 481 21.9317
1481.5 508 22.5389
1482.5 537 23.1733
1483.5 487 22.0681
1484.5 536 23.1517
1485.5 519 22.7816
1486.5 516 22.7156
1487.5 488 22.0907
1488.5 522 22.8473
1489.5 517 22.7376
1490.5 479 21.8861
1491.5 526 22.9347
1492.5 545 23.3452
1493.5 523 22.8692
1494.5 469 21.6564
1495.5 530 23.0217
1496.5 511 22.6053
1497.5 526 22.9347
1498.5 535 23.1301
1499.5 506 22.4944
1500.5 556 23.5797
1501.5 495 22.2486
1502.5 540 23.2379
1503.5 514 22.6716
1504.5 538 23.1948
1505.5 484 22
1506.5 503 22.4277
1507.5 516 22.7156
1508.5 483 21.9773
1509.5 496 22.2711
1510.5 543 23.3024
1511.5 470 21.6795
1512.5 502 22.4054
1513.5 548 23.4094
1514.5 467 21.6102
1515.5 495 22.2486
1516.5 484 22
1517.5 462 21.4942
1518.5 481 21.9317
1519.5 515 22.6936
1520.5 482 21.9545
1521.5 555 23.5584
1522.5 521 22.8254
1523.5 522 22.8473
1524.5 484 22
1525.5 479 21.8861
1526.5 516 22.7156
1527.5 513 22.6495
1528.5 528 22.9783
1529.5 493 22.2036
1530.5 492 22.1811
1531.5 478 21.8632
1532.5 493 22.2036
1533.5 509 22.561
1534.5 526 22.9347
1535.5 494 22.2261
1536.5 512 22.6274
1537.5 508 22.5389
1538.5 529 23
1539.5 475 21.7945
1540.5 467 21.6102
1541.5 507 22.5167
1542.5 485 22.0227
1543.5 483 21.9773
1544.5 462 21.4942
1545.5 491 22.1585
1546.5 464 21.5407
1547.5 481 21.9317
1548.5 499 22.3383
1549.5 478 21.8632
1550.5 481 21.9317
1551.5 480 21.9089
1552.5 446 21.1187
1553.5 442 21.0238
1554.5 487 22.0681
1555.5 475 21.7945
1556.5 506 22.4944
1557.5 478 21.8632
1558.5 524 22.891
1559.5 502 22.4054
1560.5 465 21.5639
1561.5 446 21.1187
1562.5 496 22.2711
1563.5 494 22.2261
1564.5 509 22.561
1565.5 469 21.6564
1566.5 465 21.5639
1567.5 496 22.2711
1568.5 475 21.7945
1569.5 480 21.9089
1570.5 435 20.8567
1571.5 483 21.9773
1572.5 503 22.4277
1573.5 487 22.0681
1574.5 447 21.1424
1575.5 497 22.2935
1576.5 468 21.6333
1577.5 451 21.2368
1578.5 486 22.0454
1579.5 496 22.2711
1580.5 521 22.8254
1581.5 449 21.1896
1582.5 493 22.2036
1583.5 499 22.3383
1584.5 485 22.0227
1585.5 474 21.7715
1586.5 455 21.3307
1587.5 455 21.3307
1588.5 498 22.3159
1589.5 461 21.4709
1590.5 474 21.7715
1591.5 491 22.1585
1592.5 481 21.9317
1593.5 484 22
1594.5 462 21.4942
1595.5 471 21.7025
1596.5 483 21.9773
1597.5 464 21.5407
1598.5 485 22.0227
1599.5 539 23.2164
1600.5 461 21.4709
1601.5 471 21.7025
1602.5 452 21.2603
1603.5 451 21.2368
1604.5 488 22.0907
1605.5 454 21.3073
1606.5 436 20.8806
1607.5 477 21.8403
1608.5 452 21.2603
1609.5 464 21.5407
1610.5 494 22.2261
1611.5 464 21.5407
1612.5 470 21.6795
1613.5 449 21.1896
1614.5 467 21.6102
1615.5 430 20.7364
1616.5 443 21.0476
1617.5 470 21.6795
1618.5 454 21.3073
1619.5 466 21.587
1620.5 453 21.2838
1621.5 438 20.9284
1622.5 473 21.7486
1623.5 441 21
1624.5 466 21.587
1625.5 437 20.9045
1626.5 456 21.3542
1627.5 434 20.8327
1628.5 472 21.7256
1629.5 471 21.7025
1630.5 468 21.6333
1631.5 462 21.4942
1632.5 464 21.5407
1633.5 418 20.445
1634.5 438 20.9284
1635.5 519 22.7816
1636.5 444 21.0713
1637.5 416 20.3961
1638.5 472 21.7256
1639.5 437 20.9045
1640.5 439 20.9523
1641.5 459 21.4243
1642.5 435 20.8567
1643.5 429 20.7123
1644.5 438 20.9284
1645.5 458 21.4009
1646.5 431 20.7605
1647.5 465 21.5639
1648.5 441 21
1649.5 435 20.8567
1650.5 451 21.2368
1651.5 462 21.4942
1652.5 454 21.3073
1653.5 486 22.0454
1654.5 455 21.3307
1655.5 500 22.3607
1656.5 462 21.4942
1657.5 421 20.5183
1658.5 475 21.7945
1659.5 444 21.0713
1660.5 441 21
1661.5 423 20.567
1662.5 461 21.4709
1663.5 467 21.6102
1664.5 447 21.1424
1665.5 432 20.7846
1666.5 431 20.7605
1667.5 420 20.4939
1668.5 388 19.6977
1669.5 436 20.8806
1670.5 418 20.445
1671.5 439 20.9523
1672.5 471 21.7025
1673.5 444 21.0713
1674.5 435 20.8567
1675.5 463 21.5174
1676.5 449 21.1896
1677.5 439 20.9523
1678.5 420 20.4939
1679.5 438 20.9284
1680.5 433 20.8087
1681.5 429 20.7123
1682.5 442 21.0238
1683.5 476 21.8174
1684.5 453 21.2838
1685.5 443 21.0476
1686.5 444 21.0713
1687.5 445 21.095
1688.5 456 21.3542
1689.5 450 21.2132
1690.5 452 21.2603
1691.5 422 20.5426
1692.5 448 21.166
1693.5 478 21.8632
1694.5 411 20.2731
1695.5 380 19.4936
1696.5 456 21.3542
1697.5 464 21.5407
1698.5 390 19.7484
1699.5 440 20.9762
1700.5 445 21.095
1701.5 430 20.7364
1702.5 412 20.2978
1703.5 434 20.8327
1704.5 433 20.8087
1705.5 466 21.587
1706.5 409 20.2237
1707.5 463 21.5174
1708.5 417 20.4206
1709.5 421 20.5183
1710.5 415 20.3715
1711.5 433 20.8087
1712.5 428 20.6882
1713.5 426 20.6398
1714.5 471 21.7025
1715.5 421 20.5183
1716.5 450 21.2132
1717.5 411 20.2731
1718.5 457 21.3776
1719.5 458 21.4009
1720.5 397 19.9249
1721.5 408 20.199
1722.5 430 20.7364
1723.5 451 21.2368
1724.5 437 20.9045
1725.5 403 20.0749
1726.5 411 20.2731
1727.5 417 20.4206
1728.5 389 19.7231
1729.5 462 21.4942
1730.5 442 21.0238
1731.5 402 20.0499
1732.5 413 20.3224
1733.5 405 20.1246
1734.5 398 19.9499
1735.5 420 20.4939
1736.5 421 20.5183
1737.5 448 21.166
1738.5 426 20.6398
1739.5 461 21.4709
1740.5 423 20.567
1741.5 450 21.2132
1742.5 433 20.8087
1743.5 461 21.4709
1744.5 446 21.1187
1745.5 425 20.6155
1746.5 437 20.9045
1747.5 448 21.166
1748.5 418 20.445
1749.5 458 21.4009
1750.5 453 21.2838
1751.5 442 21.0238
1752.5 437 20.9045
1753.5 454 21.3073
1754.5 387 19.6723
1755.5 451 21.2368
1756.5 434 20.8327
1757.5 450 21.2132
1758.5 408 20.199
1759.5 434 20.8327
1760.5 413 20.3224
1761.5 405 20.1246
1762.5 407 20.1742
1763.5 424 20.5913
1764.5 433 20.8087
1765.5 394 19.8494
1766.5 443 21.0476
1767.5 427 20.664
1768.5 417 20.4206
1769.5 389 19.7231
1770.5 470 21.6795
1771.5 457 21.3776
1772.5 456 21.3542
1773.5 376 19.3907
1774.5 417 20.4206
1775.5 419 20.4695
1776.5 426 20.6398
1777.5 413 20.3224
1778.5 428 20.6882
1779.5 385 19.6214
1780.5 448 21.166
1781.5 424 20.5913
1782.5 412 20.2978
1783.5 435 20.8567
1784.5 396 19.8997
1785.5 461 21.4709
1786.5 459 21.4243
1787.5 421 20.5183
1788.5 420 20.4939
1789.5 387 19.6723
1790.5 430 20.7364
1791.5 369 19.2094
1792.5 410 20.2485
1793.5 429 20.7123
1794.5 445 21.095
1795.5 427 20.664
1796.5 422 20.5426
1797.5 447 21.1424
1798.5 425 20.6155
1799.5 393 19.8242
1800.5 426 20.6398
1801.5 410 20.2485
1802.5 389 19.7231
1803.5 413 20.3224
1804.5 431 20.7605
1805.5 399 19.975
1806.5 403 20.0749
1807.5 400 20
1808.5 426 20.6398
1809.5 435 20.8567
1810.5 416 20.3961
1811.5 355 18.8414
1812.5 403 20.0749
1813.5 421 20.5183
1814.5 410 20.2485
1815.5 437 20.9045
1816.5 397 19.9249
1817.5 431 20.7605
1818.5 407 20.1742
1819.5 359 18.9473
1820.5 395 19.8746
1821.5 418 20.445
1822.5 408 20.199
1823.5 413 20.3224
1824.5 408 20.199
1825.5 424 20.5913
1826.5 440 20.9762
1827.5 377 19.4165
1828.5 377 19.4165
1829.5 415 20.3715
1830.5 418 20.445
1831.5 406 20.1494
1832.5 417 20.4206
1833.5 397 19.9249
1834.5 394 19.8494
1835.5 423 20.567
1836.5 418 20.445
1837.5 440 20.9762
1838.5 404 20.0998
1839.5 424 20.5913
1840.5 437 20.9045
1841.5 417 20.4206
1842.5 405 20.1246
1843.5 423 20.567
1844.5 426 20.6398
1845.5 385 19.6214
1846.5 431 20.7605
1847.5 438 20.9284
1848.5 417 20.4206
1849.5 402 20.0499
1850.5 436 20.8806
1851.5 393 19.8242
1852.5 402 20.0499
1853.5 369 19.2094
1854.5 415 20.3715
1855.5 396 19.8997
1856.5 418 20.445
1857.5 390 19.7484
1858.5 391 19.7737
1859.5 399 19.975
1860.5 417 20.4206
1861.5 394 19.8494
1862.5 417 20.4206
1863.5 418 20.445
1864.5 377 19.4165
1865.5 412 20.2978
1866.5 422 20.5426
1867.5 407 20.1742
1868.5 396 19.8997
1869.5 398 19.9499
1870.5 397 19.9249
1871.5 387 19.6723
1872.5 405 20.1246
1873.5 370 19.2354
1874.5 382 19.5448
1875.5 417 20.4206
1876.5 398 19.9499
1877.5 395 19.8746
1878.5 416 20.3961
1879.5 415 20.3715
1880.5 405 20.1246
1881.5 399 19.975
1882.5 424 20.5913
1883.5 437 20.9045
1884.5 400 20
1885.5 438 20.9284
1886.5 435 20.8567
1887.5 418 20.445
1888.5 415 20.3715
1889.5 407 20.1742
1890.5 408 20.199
1891.5 416 20.3961
1892.5 400 20
1893.5 397 19.9249
1894.5 388 19.6977
1895.5 416 20.3961
1896.5 414 20.347
1897.5 418 20.445
1898.5 430 20.7364
1899.5 423 20.567
1900.5 420 20.4939
1901.5 383 19.5704
1902.5 386 19.6469
1903.5 388 19.6977
1904.5 407 20.1742
1905.5 402 20.0499
1906.5 384 19.5959
1907.5 396 19.8997
1908.5 421 20.5183
1909.5 410 20.2485
1910.5 398 19.9499
1911.5 411 20.2731
1912.5 407 20.1742
1913.5 420 20.4939
1914.5 412 20.2978
1915.5 428 20.6882
1916.5 384 19.5959
1917.5 440 20.9762
1918.5 416 20.3961
1919.5 400 20
1920.5 419 20.4695
1921.5 400 20
1922.5 428 20.6882
1923.5 385 19.6214
1924.5 451 21.2368
1925.5 415 20.3715
1926.5 414 20.347
1927.5 393 19.8242
1928.5 397 19.9249
1929.5 450 21.2132
1930.5 403 20.0749
1931.5 412 20.2978
1932.5 424 20.5913
1933.5 386 19.6469
1934.5 415 20.3715
1935.5 416 20.3961
1936.5 390 19.7484
1937.5 377 19.4165
1938.5 406 20.1494
1939.5 405 20.1246
1940.5 402 20.0499
1941.5 399 19.975
1942.5 405 20.1246
1943.5 400 20
1944.5 392 19.799
1945.5 351 18.735
1946.5 394 19.8494
1947.5 430 20.7364
1948.5 414 20.347
1949.5 371 19.2614
1950.5 415 20.3715
1951.5 396 19.8997
1952.5 434 20.8327
1953.5 406 20.1494
1954.5 405 20.1246
1955.5 411 20.2731
1956.5 400 20
1957.5 387 19.6723
1958.5 385 19.6214
1959.5 413 20.3224
1960.5 413 20.3224
1961.5 344 18.5472
1962.5 406 20.1494
1963.5 415 20.3715
1964.5 397 19.9249
1965.5 419 20.4695
1966.5 414 20.347
1967.5 401 20.025
1968.5 421 20.5183
1969.5 408 20.199
1970.5 419 20.4695
1971.5 413 20.3224
1972.5 400 20
1973.5 403 20.0749
1974.5 415 20.3715
1975.5 425 20.6155
1976.5 413 20.3224
1977.5 407 20.1742
1978.5 400 20
1979.5 403 20.0749
1980.5 402 20.0499
1981.5 376 19.3907
1982.5 419 20.4695
1983.5 411 20.2731
1984.5 371 19.2614
1985.5 415 20.3715
1986.5 380 19.4936
1987.5 403 20.0749
1988.5 441 21
1989.5 427 20.664
1990.5 421 20.5183
1991.5 429 20.7123
1992.5 406 20.1494
1993.5 413 20.3224
1994.5 402 20.0499
1995.5 417 20.4206
1996.5 405 20.1246
1997.5 411 20.2731
1998.5 397 19.9249
1999.5 407 20.1742
2000.5 413 20.3224
2001.5 427 20.664
2002.5 407 20.1742
2003.5 390 19.7484
2004.5 468 21.6333
2005.5 421 20.5183
2006.5 418 20.445
2007.5 391 19.7737
2008.5 391 19.7737
2009.5 427 20.664
2010.5 390 19.7484
2011.5 391 19.7737
2012.5 386 19.6469
2013.5 416 20.3961
2014.5 422 20.5426
2015.5 429 20.7123
2016.5 391 19.7737
2017.5 427 20.664
2018.5 402 20.0499
2019.5 411 20.2731
2020.5 402 20.0499
2021.5 416 20.3961
2022.5 351 18.735
2023.5 415 20.3715
2024.5 411 20.2731
2025.5 385 19.6214
2026.5 464 21.5407
2027.5 411 20.2731
2028.5 403 20.0749
2029.5 398 19.9499
2030.5 418 20.445
2031.5 407 20.1742
2032.5 381 19.5192
2033.5 440 20.9762
2034.5 403 20.0749
2035.5 404 20.0998
2036.5 404 20.0998
2037.5 421 20.5183
2038.5 444 21.0713
2039.5 446 21.1187
2040.5 415 20.3715
2041.5 379 19.4679
2042.5 385 19.6214
2043.5 387 19.6723
2044.5 385 19.6214
2045.5 440 20.9762
2046.5 415 20.3715
2047.5 429 20.7123
2048.5 439 20.9523
2049.5 433 20.8087
2050.5 399 19.975
2051.5 385 19.6214
2052.5 411 20.2731
2053.5 380 19.4936
2054.5 442 21.0238
2055.5 433 20.8087
2056.5 398 19.9499
2057.5 407 20.1742
2058.5 433 20.8087
2059.5 366 19.1311
2060.5 397 19.9249
2061.5 403 20.0749
2062.5 417 20.4206
2063.5 418 20.445
2064.5 422 20.5426
2065.5 399 19.975
2066.5 415 20.3715
2067.5 396 19.8997
2068.5 415 20.3715
2069.5 394 19.8494
2070.5 443 21.0476
2071.5 408 20.199
2072.5 452 21.2603
2073.5 399 19.975
2074.5 426 20.6398
2075.5 430 20.7364
2076.5 427 20.664
2077.5 433 20.8087
2078.5 428 20.6882
2079.5 407 20.1742
2080.5 412 20.2978
2081.5 430 20.7364
2082.5 411 20.2731
2083.5 388 19.6977
2084.5 422 20.5426
2085.5 450 21.2132
2086.5 433 20.8087
2087.5 419 20.4695
2088.5 406 20.1494
2089.5 410 20.2485
2090.5 397 19.9249
2091.5 433 20.8087
2092.5 388 19.6977
2093.5 406 20.1494
2094.5 418 20.445
2095.5 426 20.6398
2096.5 406 20.1494
2097.5 458 21.4009
2098.5 389 19.7231
2099.5 416 20.3961
2100.5 390 19.7484
2101.5 411 20.2731
2102.5 419 20.4695
2103.5 429 20.7123
2104.5 395 19.8746
2105.5 434 20.8327
2106.5 460 21.4476
2107.5 426 20.6398
2108.5 389 19.7231
2109.5 419 20.4695
2110.5 395 19.8746
2111.5 386 19.6469
2112.5 396 19.8997
2113.5 383 19.5704
2114.5 371 19.2614
2115.5 379 19.4679
2116.5 412 20.2978
2117.5 419 20.4695
2118.5 422 20.5426
2119.5 423 20.567
2120.5 423 20.567
2121.5 438 20.9284
2122.5 441 21
2123.5 413 20.3224
2124.5 433 20.8087
2125.5 405 20.1246
2126.5 384 19.5959
2127.5 442 21.0238
2128.5 416 20.3961
2129.5 394 19.8494
2130.5 425 20.6155
2131.5 435 20.8567
2132.5 411 20.2731
2133.5 441 21
2134.5 394 19.8494
2135.5 398 19.9499
2136.5 435 20.8567
2137.5 434 20.8327
2138.5 433 20.8087
2139.5 436 20.8806
2140.5 415 20.3715
2141.5 446 21.1187
2142.5 414 20.347
2143.5 392 19.799
2144.5 432 20.7846
2145.5 429 20.7123
2146.5 391 19.7737
2147.5 394 19.8494
2148.5 418 20.445
2149.5 404 20.0998
2150.5 376 19.3907
2151.5 386 19.6469
2152.5 403 20.0749
2153.5 407 20.1742
2154.5 398 19.9499
2155.5 409 20.2237
2156.5 408 20.199
2157.5 379 19.4679
2158.5 382 19.5448
2159.5 410 20.2485
2160.5 390 19.7484
2161.5 460 21.4476
2162.5 414 20.347
2163.5 457 21.3776
2164.5 419 20.4695
2165.5 390 19.7484
2166.5 407 20.1742
2167.5 388 19.6977
2168.5 394 19.8494
2169.5 381 19.5192
2170.5 417 20.4206
2171.5 391 19.7737
2172.5 386 19.6469
2173.5 372 19.2873
2174.5 413 20.3224
2175.5 439 20.9523
2176.5 443 21.0476
2177.5 409 20.2237
2178.5 364 19.0788
2179.5 380 19.4936
2180.5 401 20.025
2181.5 423 20.567
2182.5 419 20.4695
2183.5 394 19.8494
2184.5 411 20.2731
2185.5 396 19.8997
2186.5 402 20.0499
2187.5 371 19.2614
2188.5 424 20.5913
2189.5 392 19.799
2190.5 384 19.5959
2191.5 363 19.0526
2192.5 398 19.9499
2193.5 385 19.6214
2194.5 371 19.2614
2195.5 381 19.5192
2196.5 366 19.1311
2197.5 361 19
2198.5 368 19.1833
2199.5 395 19.8746
2200.5 356 18.868
2201.5 361 19
2202.5 394 19.8494
2203.5 360 18.9737
2204.5 372 19.2873
2205.5 393 19.8242
2206.5 423 20.567
2207.5 391 19.7737
2208.5 397 19.9249
2209.5 386 19.6469
2210.5 368 19.1833
2211.5 389 19.7231
2212.5 368 19.1833
2213.5 419 20.4695
2214.5 354 18.8149
2215.5 361 19
2216.5 360 18.9737
2217.5 399 19.975
2218.5 399 19.975
2219.5 389 19.7231
2220.5 393 19.8242
2221.5 356 18.868
2222.5 410 20.2485
2223.5 382 19.5448
2224.5 369 19.2094
2225.5 376 19.3907
2226.5 389 19.7231
2227.5 364 19.0788
2228.5 341 18.4662
2229.5 388 19.6977
2230.5 394 19.8494
2231.5 403 20.0749
2232.5 387 19.6723
2233.5 391 19.7737
2234.5 395 19.8746
2235.5 366 19.1311
2236.5 370 19.2354
2237.5 393 19.8242
2238.5 363 19.0526
2239.5 319 17.8606
2240.5 356 18.868
2241.5 329 18.1384
2242.5 345 18.5742
2243.5 322 17.9444
2244.5 309 17.5784
2245.5 347 18.6279
2246.5 333 18.2483
2247.5 377 19.4165
2248.5 328 18.1108
2249.5 324 18
2250.5 354 18.8149
2251.5 329 18.1384
2252.5 319 17.8606
2253.5 338 18.3848
2254.5 324 18
2255.5 342 18.4932
2256.5 356 18.868
2257.5 301 17.3494
2258.5 283 16.8226
2259.5 306 17.4929
2260.5 294 17.1464
2261.5 302 17.3781
2262.5 289 17
2263.5 352 18.7617
2264.5 323 17.9722
2265.5 299 17.2916
2266.5 365 19.105
2267.5 290 17.0294
2268.5 329 18.1384
2269.5 334 18.2757
2270.5 328 18.1108
2271.5 289 17
2272.5 325 18.0278
2273.5 312 17.6635
2274.5 324 18
2275.5 302 17.3781
2276.5 328 18.1108
2277.5 286 16.9115
2278.5 329 18.1384
2279.5 276 16.6132
2280.5 292 17.088
2281.5 292 17.088
2282.5 307 17.5214
2283.5 301 17.3494
2284.5 309 17.5784
2285.5 293 17.1172
2286.5 270 16.4317
2287.5 297 17.2337
2288.5 266 16.3095
2289.5 255 15.9687
2290.5 304 17.4356
2291.5 287 16.9411
2292.5 289 17
2293.5 312 17.6635
2294.5 298 17.2627
2295.5 320 17.8885
2296.5 296 17.2047
2297.5 309 17.5784
2298.5 270 16.4317
2299.5 293 17.1172
2300.5 279 16.7033
2301.5 299 17.2916
2302.5 247 15.7162
2303.5 284 16.8523
2304.5 290 17.0294
2305.5 263 16.2173
2306.5 291 17.0587
2307.5 259 16.0935
2308.5 246 15.6844
2309.5 268 16.3707
2310.5 248 15.748
2311.5 252 15.8745
2312.5 253 15.906
2313.5 244 15.6205
2314.5 269 16.4012
2315.5 273 16.5227
2316.5 269 16.4012
2317.5 263 16.2173
2318.5 279 16.7033
2319.5 288 16.9706
2320.5 236 15.3623
2321.5 241 15.5242
2322.5 269 16.4012
2323.5 261 16.1555
2324.5 271 16.4621
2325.5 231 15.1987
2326.5 249 15.7797
2327.5 262 16.1864
2328.5 259 16.0935
2329.5 269 16.4012
2330.5 210 14.4914
2331.5 258 16.0624
2332.5 238 15.4272
2333.5 273 16.5227
2334.5 264 16.2481
2335.5 251 15.843
2336.5 255 15.9687
2337.5 257 16.0312
2338.5 250 15.8114
2339.5 242 15.5563
2340.5 241 15.5242
2341.5 217 14.7309
2342.5 250 15.8114
2343.5 232 15.2315
2344.5 235 15.3297
2345.5 257 16.0312
2346.5 259 16.0935
2347.5 241 15.5242
2348.5 267 16.3401
2349.5 247 15.7162
2350.5 270 16.4317
2351.5 227 15.0665
2352.5 240 15.4919
2353.5 262 16.1864
2354.5 258 16.0624
2355.5 251 15.843
2356.5 234 15.2971
2357.5 262 16.1864
2358.5 264 16.2481
2359.5 235 15.3297
2360.5 225 15
2361.5 244 15.6205
2362.5 212 14.5602
2363.5 275 16.5831
2364.5 230 15.1658
2365.5 244 15.6205
2366.5 229 15.1327
2367.5 207 14.3875
2368.5 244 15.6205
2369.5 249 15.7797
2370.5 222 14.8997
2371.5 247 15.7162
2372.5 239 15.4596
2373.5 224 14.9666
2374.5 226 15.0333
2375.5 224 14.9666
2376.5 226 15.0333
2377.5 211 14.5258
2378.5 221 14.8661
2379.5 235 15.3297
2380.5 229 15.1327
2381.5 238 15.4272
2382.5 245 15.6525
2383.5 234 15.2971
2384.5 225 15
2385.5 240 15.4919
2386.5 222 14.8997
2387.5 221 14.8661
2388.5 240 15.4919
2389.5 235 15.3297
2390.5 221 14.8661
2391.5 228 15.0997
2392.5 217 14.7309
2393.5 205 14.3178
2394.5 241 15.5242
2395.5 236 15.3623
2396.5 229 15.1327
2397.5 217 14.7309
2398.5 212 14.5602
2399.5 196 14
2400.5 210 14.4914
2401.5 223 14.9332
2402.5 211 14.5258
2403.5 228 15.0997
2404.5 228 15.0997
2405.5 222 14.8997
2406.5 215 14.6629
2407.5 212 14.5602
2408.5 215 14.6629
2409.5 220 14.8324
2410.5 219 14.7986
2411.5 206 14.3527
2412.5 222 14.8997
2413.5 230 15.1658
2414.5 225 15
2415.5 200 14.1421
2416.5 207 14.3875
2417.5 217 14.7309
2418.5 190 13.784
2419.5 204 14.2829
2420.5 214 14.6287
2421.5 178 13.3417
2422.5 221 14.8661
2423.5 228 15.0997
2424.5 194 13.9284
2425.5 226 15.0333
2426.5 204 14.2829
2427.5 232 15.2315
2428.5 224 14.9666
2429.5 198 14.0712
2430.5 219 14.7986
2431.5 214 14.6287
2432.5 204 14.2829
2433.5 203 14.2478
2434.5 219 14.7986
2435.5 210 14.4914
2436.5 209 14.4568
2437.5 217 14.7309
2438.5 231 15.1987
2439.5 187 13.6748
2440.5 214 14.6287
2441.5 219 14.7986
2442.5 241 15.5242
2443.5 210 14.4914
2444.5 203 14.2478
2445.5 175 13.2288
2446.5 202 14.2127
2447.5 204 14.2829
2448.5 210 14.4914
2449.5 186 13.6382
2450.5 192 13.8564
2451.5 210 14.4914
2452.5 212 14.5602
2453.5 212 14.5602
2454.5 199 14.1067
2455.5 200 14.1421
2456.5 222 14.8997
2457.5 201 14.1774
2458.5 201 14.1774
2459.5 203 14.2478
2460.5 206 14.3527
2461.5 218 14.7648
2462.5 204 14.2829
2463.5 188 13.7113
2464.5 202 14.2127
2465.5 184 13.5647
2466.5 190 13.784
2467.5 190 13.784
2468.5 182 13.4907
2469.5 181 13.4536
2470.5 199 14.1067
2471.5 212 14.5602
2472.5 203 14.2478
2473.5 184 13.5647
2474.5 176 13.2665
2475.5 180 13.4164
2476.5 200 14.1421
2477.5 210 14.4914
2478.5 179 13.3791
2479.5 198 14.0712
2480.5 183 13.5277
2481.5 184 13.5647
2482.5 201 14.1774
2483.5 187 13.6748
2484.5 190 13.784
2485.5 184 13.5647
2486.5 197 14.0357
2487.5 192 13.8564
2488.5 198 14.0712
2489.5 163 12.7671
2490.5 195 13.9642
2491.5 183 13.5277
2492.5 180 13.4164
2493.5 196 14
2494.5 185 13.6015
2495.5 215 14.6629
2496.5 167 12.9228
2497.5 203 14.2478
2498.5 175 13.2288
2499.5 180 13.4164
2500.5 197 14.0357
2501.5 163 12.7671
2502.5 193 13.8924
2503.5 167 12.9228
2504.5 208 14.4222
2505.5 195 13.9642
2506.5 186 13.6382
2507.5 175 13.2288
2508.5 205 14.3178
2509.5 198 14.0712
2510.5 204 14.2829
2511.5 186 13.6382
2512.5 175 13.2288
2513.5 192 13.8564
2514.5 163 12.7671
2515.5 178 13.3417
2516.5 198 14.0712
2517.5 157 12.53
2518.5 175 13.2288
2519.5 188 13.7113
2520.5 196 14
2521.5 185 13.6015
2522.5 159 12.6095
2523.5 159 12.6095
2524.5 179 13.3791
2525.5 191 13.8203
2526.5 206 14.3527
2527.5 171 13.0767
2528.5 190 13.784
2529.5 181 13.4536
2530.5 192 13.8564
2531.5 178 13.3417
2532.5 173 13.1529
2533.5 168 12.9615
2534.5 176 13.2665
2535.5 186 13.6382
2536.5 173 13.1529
2537.5 170 13.0384
2538.5 169 13
2539.5 174 13.1909
2540.5 185 13.6015
2541.5 156 12.49
2542.5 176 13.2665
2543.5 194 13.9284
2544.5 162 12.7279
2545.5 187 13.6748
2546.5 193 13.8924
2547.5 175 13.2288
2548.5 189 13.7477
2549.5 155 12.4499
2550.5 181 13.4536
2551.5 187 13.6748
2552.5 173 13.1529
2553.5 185 13.6015
2554.5 181 13.4536
2555.5 176 13.2665
2556.5 163 12.7671
2557.5 153 12.3693
2558.5 182 13.4907
2559.5 175 13.2288
2560.5 149 12.2066
2561.5 183 13.5277
2562.5 176 13.2665
2563.5 142 11.9164
2564.5 163 12.7671
2565.5 157 12.53
2566.5 183 13.5277
2567.5 145 12.0416
2568.5 153 12.3693
2569.5 177 13.3041
2570.5 182 13.4907
2571.5 167 12.9228
2572.5 151 12.2882
2573.5 167 12.9228
2574.5 158 12.5698
2575.5 162 12.7279
2576.5 174 13.1909
2577.5 134 11.5758
2578.5 169 13
2579.5 163 12.7671
2580.5 172 13.1149
2581.5 169 13
2582.5 182 13.4907
2583.5 138 11.7473
2584.5 179 13.3791
2585.5 178 13.3417
2586.5 143 11.9583
2587.5 171 13.0767
2588.5 171 13.0767
2589.5 159 12.6095
2590.5 161 12.6886
2591.5 145 12.0416
2592.5 163 12.7671
2593.5 156 12.49
2594.5 156 12.49
2595.5 172 13.1149
2596.5 164 12.8062
2597.5 169 13
2598.5 154 12.4097
2599.5 136 11.6619
2600.5 156 12.49
2601.5 165 12.8452
2602.5 156 12.49
2603.5 137 11.7047
2604.5 158 12.5698
2605.5 156 12.49
2606.5 128 11.3137
2607.5 168 12.9615
2608.5 180 13.4164
2609.5 178 13.3417
2610.5 136 11.6619
2611.5 141 11.8743
2612.5 125 11.1803
2613.5 128 11.3137
2614.5 141 11.8743
2615.5 156 12.49
2616.5 150 12.2474
2617.5 160 12.6491
2618.5 148 12.1655
2619.5 137 11.7047
2620.5 143 11.9583
2621.5 157 12.53
2622.5 164 12.8062
2623.5 154 12.4097
2624.5 157 12.53
2625.5 157 12.53
2626.5 129 11.3578
2627.5 153 12.3693
2628.5 152 12.3288
2629.5 166 12.8841
2630.5 150 12.2474
2631.5 153 12.3693
2632.5 153 12.3693
2633.5 143 11.9583
2634.5 156 12.49
2635.5 150 12.2474
2636.5 136 11.6619
2637.5 144 12
2638.5 129 11.3578
2639.5 154 12.4097
2640.5 133 11.5326
2641.5 141 11.8743
2642.5 142 11.9164
2643.5 145 12.0416
2644.5 137 11.7047
2645.5 175 13.2288
2646.5 142 11.9164
2647.5 169 13
2648.5 120 10.9545
2649.5 165 12.8452
2650.5 150 12.2474
2651.5 121 11
2652.5 161 12.6886
2653.5 153 12.3693
2654.5 159 12.6095
2655.5 146 12.083
2656.5 140 11.8322
2657.5 153 12.3693
2658.5 149 12.2066
2659.5 152 12.3288
2660.5 169 13
2661.5 141 11.8743
2662.5 167 12.9228
2663.5 145 12.0416
2664.5 138 11.7473
2665.5 116 10.7703
2666.5 155 12.4499
2667.5 140 11.8322
2668.5 144 12
2669.5 144 12
2670.5 133 11.5326
2671.5 123 11.0905
2672.5 139 11.7898
2673.5 134 11.5758
2674.5 150 12.2474
2675.5 145 12.0416
2676.5 161 12.6886
2677.5 136 11.6619
2678.5 145 12.0416
2679.5 142 11.9164
2680.5 137 11.7047
2681.5 141 11.8743
2682.5 141 11.8743
2683.5 131 11.4455
2684.5 151 12.2882
2685.5 145 12.0416
2686.5 144 12
2687.5 142 11.9164
2688.5 134 11.5758
2689.5 131 11.4455
2690.5 162 12.7279
2691.5 143 11.9583
2692.5 135 11.619
2693.5 141 11.8743
2694.5 118 10.8628
2695.5 147 12.1244
2696.5 134 11.5758
2697.5 133 11.5326
2698.5 109 10.4403
2699.5 130 11.4018
2700.5 119 10.9087
2701.5 149 12.2066
2702.5 124 11.1355
2703.5 143 11.9583
2704.5 139 11.7898
2705.5 133 11.5326
2706.5 142 11.9164
2707.5 156 12.49
2708.5 142 11.9164
2709.5 139 11.7898
2710.5 136 11.6619
2711.5 132 11.4891
2712.5 132 11.4891
2713.5 116 10.7703
2714.5 119 10.9087
2715.5 132 11.4891
2716.5 117 10.8167
2717.5 133 11.5326
2718.5 126 11.225
2719.5 152 12.3288
2720.5 157 12.53
2721.5 129 11.3578
2722.5 125 11.1803
2723.5 141 11.8743
2724.5 123 11.0905
2725.5 143 11.9583
2726.5 166 12.8841
2727.5 135 11.619
2728.5 135 11.619
2729.5 151 12.2882
2730.5 134 11.5758
2731.5 132 11.4891
2732.5 104 10.198
2733.5 136 11.6619
2734.5 145 12.0416
2735.5 141 11.8743
2736.5 111 10.5357
2737.5 125 11.1803
2738.5 125 11.1803
2739.5 133 11.5326
2740.5 144 12
2741.5 149 12.2066
2742.5 145 12.0416
2743.5 130 11.4018
2744.5 137 11.7047
2745.5 118 10.8628
2746.5 137 11.7047
2747.5 145 12.0416
2748.5 127 11.2694
2749.5 123 11.0905
2750.5 137 11.7047
2751.5 125 11.1803
2752.5 134 11.5758
2753.5 154 12.4097
2754.5 124 11.1355
2755.5 144 12
2756.5 120 10.9545
2757.5 155 12.4499
2758.5 136 11.6619
2759.5 154 12.4097
2760.5 146 12.083
2761.5 148 12.1655
2762.5 157 12.53
2763.5 142 11.9164
2764.5 132 11.4891
2765.5 142 11.9164
2766.5 120 10.9545
2767.5 134 11.5758
2768.5 156 12.49
2769.5 151 12.2882
2770.5 163 12.7671
2771.5 159 12.6095
2772.5 151 12.2882
2773.5 140 11.8322
2774.5 131 11.4455
2775.5 138 11.7473
2776.5 151 12.2882
2777.5 151 12.2882
2778.5 144 12
2779.5 133 11.5326
2780.5 164 12.8062
2781.5 128 11.3137
2782.5 147 12.1244
2783.5 150 12.2474
2784.5 146 12.083
2785.5 150 12.2474
2786.5 147 12.1244
2787.5 171 13.0767
2788.5 161 12.6886
2789.5 139 11.7898
2790.5 164 12.8062
2791.5 161 12.6886
2792.5 154 12.4097
2793.5 165 12.8452
2794.5 167 12.9228
2795.5 163 12.7671
2796.5 175 13.2288
2797.5 163 12.7671
2798.5 166 12.8841
2799.5 165 12.8452
2800.5 147 12.1244
2801.5 160 12.6491
2802.5 172 13.1149
2803.5 169 13
2804.5 173 13.1529
2805.5 158 12.5698
2806.5 170 13.0384
2807.5 146 12.083
2808.5 161 12.6886
2809.5 168 12.9615
2810.5 190 13.784
2811.5 153 12.3693
2812.5 186 13.6382
2813.5 172 13.1149
2814.5 181 13.4536
2815.5 152 12.3288
2816.5 178 13.3417
2817.5 190 13.784
2818.5 172 13.1149
2819.5 162 12.7279
2820.5 182 13.4907
2821.5 149 12.2066
2822.5 159 12.6095
2823.5 158 12.5698
2824.5 138 11.7473
2825.5 168 12.9615
2826.5 168 12.9615
2827.5 183 13.5277
2828.5 171 13.0767
2829.5 164 12.8062
2830.5 180 13.4164
2831.5 150 12.2474
2832.5 163 12.7671
2833.5 174 13.1909
2834.5 171 13.0767
2835.5 186 13.6382
2836.5 158 12.5698
2837.5 155 12.4499
2838.5 174 13.1909
2839.5 158 12.5698
2840.5 156 12.49
2841.5 149 12.2066
2842.5 172 13.1149
2843.5 168 12.9615
2844.5 154 12.4097
2845.5 166 12.8841
2846.5 153 12.3693
2847.5 142 11.9164
2848.5 150 12.2474
2849.5 158 12.5698
2850.5 144 12
2851.5 157 12.53
2852.5 146 12.083
2853.5 142 11.9164
2854.5 142 11.9164
2855.5 157 12.53
2856.5 133 11.5326
2857.5 136 11.6619
2858.5 159 12.6095
2859.5 144 12
2860.5 147 12.1244
2861.5 153 12.3693
2862.5 103 10.1489
2863.5 132 11.4891
2864.5 125 11.1803
2865.5 143 11.9583
2866.5 139 11.7898
2867.5 118 10.8628
2868.5 134 11.5758
2869.5 146 12.083
2870.5 144 12
2871.5 127 11.2694
2872.5 140 11.8322
2873.5 154 12.4097
2874.5 143 11.9583
2875.5 140 11.8322
2876.5 130 11.4018
2877.5 120 10.9545
2878.5 117 10.8167
2879.5 141 11.8743
2880.5 104 10.198
2881.5 120 10.9545
2882.5 138 11.7473
2883.5 121 11
2884.5 122 11.0454
2885.5 100 10
2886.5 122 11.0454
2887.5 138 11.7473
2888.5 135 11.619
2889.5 118 10.8628
2890.5 118 10.8628
2891.5 147 12.1244
2892.5 127 11.2694
2893.5 119 10.9087
2894.5 126 11.225
2895.5 123 11.0905
2896.5 109 10.4403
2897.5 116 10.7703
2898.5 130 11.4018
2899.5 117 10.8167
2900.5 126 11.225
2901.5 104 10.198
2902.5 122 11.0454
2903.5 116 10.7703
2904.5 108 10.3923
2905.5 131 11.4455
2906.5 93 9.64365
2907.5 113 10.6301
2908.5 121 11
2909.5 122 11.0454
2910.5 115 10.7238
2911.5 102 10.0995
2912.5 109 10.4403
2913.5 105 10.247
2914.5 100 10
2915.5 115 10.7238
2916.5 102 10.0995
2917.5 99 9.94987
2918.5 102 10.0995
2919.5 125 11.1803
2920.5 107 10.3441
2921.5 97 9.84886
2922.5 100 10
2923.5 111 10.5357
2924.5 116 10.7703
2925.5 118 10.8628
2926.5 113 10.6301
2927.5 98 9.89949
2928.5 102 10.0995
2929.5 122 11.0454
2930.5 109 10.4403
2931.5 111 10.5357
2932.5 112 10.583
2933.5 119 10.9087
2934.5 101 10.0499
2935.5 117 10.8167
2936.5 120 10.9545
2937.5 105 10.247
2938.5 123 11.0905
2939.5 117 10.8167
2940.5 106 10.2956
2941.5 95 9.74679
2942.5 113 10.6301
2943.5 118 10.8628
2944.5 95 9.74679
2945.5 103 10.1489
2946.5 114 10.6771
2947.5 112 10.583
2948.5 126 11.225
2949.5 120 10.9545
2950.5 102 10.0995
2951.5 97 9.84886
2952.5 93 9.64365
2953.5 107 10.3441
2954.5 116 10.7703
2955.5 98 9.89949
2956.5 122 11.0454
2957.5 109 10.4403
2958.5 115 10.7238
2959.5 110 10.4881
2960.5 107 10.3441
2961.5 102 10.0995
2962.5 110 10.4881
2963.5 118 10.8628
2964.5 114 10.6771
2965.5 111 10.5357
2966.5 98 9.89949
2967.5 117 10.8167
2968.5 96 9.79796
2969.5 91 9.53939
2970.5 92 9.59166
2971.5 109 10.4403
2972.5 99 9.94987
2973.5 95 9.74679
2974.5 91 9.53939
2975.5 85 9.21954
2976.5 101 10.0499
2977.5 114 10.6771
2978.5 112 10.583
2979.5 122 11.0454
2980.5 104 10.198
2981.5 104 10.198
2982.5 93 9.64365
2983.5 107 10.3441
2984.5 116 10.7703
2985.5 99 9.94987
2986.5 98 9.89949
2987.5 103 10.1489
2988.5 116 10.7703
2989.5 119 10.9087
2990.5 119 10.9087
2991.5 98 9.89949
2992.5 101 10.0499
2993.5 104 10.198
2994.5 104 10.198
2995.5 112 10.583
2996.5 120 10.9545
2997.5 122 11.0454
2998.5 93 9.64365
2999.5 129 11.3578
3000.5 112 10.583
3001.5 99 9.94987
3002.5 100 10
3003.5 106 10.2956
3004.5 113 10.6301
3005.5 81 9
3006.5 103 10.1489
3007.5 102 10.0995
3008.5 97 9.84886
3009.5 106 10.2956
3010.5 98 9.89949
3011.5 125 11.1803
3012.5 84 9.16515
3013.5 116 10.7703
3014.5 114 10.6771
3015.5 102 10.0995
3016.5 108 10.3923
3017.5 117 10.8167
3018.5 116 10.7703
3019.5 129 11.3578
3020.5 123 11.0905
3021.5 107 10.3441
3022.5 120 10.9545
3023.5 116 10.7703
3024.5 103 10.1489
3025.5 90 9.48683
3026.5 109 10.4403
3027.5 120 10.9545
3028.5 116 10.7703
3029.5 119 10.9087
3030.5 114 10.6771
3031.5 111 10.5357
3032.5 138 11.7473
3033.5 116 10.7703
3034.5 114 10.6771
3035.5 133 11.5326
3036.5 128 11.3137
3037.5 128 11.3137
3038.5 120 10.9545
3039.5 118 10.8628
3040.5 151 12.2882
3041.5 119 10.9087
3042.5 124 11.1355
3043.5 121 11
3044.5 131 11.4455
3045.5 141 11.8743
3046.5 139 11.7898
3047.5 142 11.9164
3048.5 128 11.3137
3049.5 148 12.1655
3050.5 161 12.6886
3051.5 135 11.619
3052.5 164 12.8062
3053.5 172 13.1149
3054.5 168 12.9615
3055.5 157 12.53
3056.5 150 12.2474
3057.5 179 13.3791
3058.5 165 12.8452
3059.5 178 13.3417
3060.5 172 13.1149
3061.5 193 13.8924
3062.5 167 12.9228
3063.5 189 13.7477
3064.5 170 13.0384
3065.5 166 12.8841
3066.5 183 13.5277
3067.5 198 14.0712
3068.5 183 13.5277
3069.5 186 13.6382
3070.5 200 14.1421
3071.5 227 15.0665
3072.5 170 13.0384
3073.5 176 13.2665
3074.5 203 14.2478
3075.5 194 13.9284
3076.5 205 14.3178
3077.5 177 13.3041
3078.5 206 14.3527
3079.5 208 14.4222
3080.5 238 15.4272
3081.5 222 14.8997
3082.5 216 14.6969
3083.5 232 15.2315
3084.5 242 15.5563
3085.5 202 14.2127
3086.5 221 14.8661
3087.5 306 17.4929
3088.5 231 15.1987
3089.5 260 16.1245
3090.5 252 15.8745
3091.5 232 15.2315
3092.5 268 16.3707
3093.5 290 17.0294
3094.5 293 17.1172
3095.5 289 17
3096.5 292 17.088
3097.5 288 16.9706
3098.5 304 17.4356
3099.5 291 17.0587
3100.5 330 18.1659
3101.5 309 17.5784
3102.5 338 18.3848
3103.5 331 18.1934
3104.5 349 18.6815
3105.5 361 19
3106.5 287 16.9411
3107.5 351 18.735
3108.5 346 18.6011
3109.5 341 18.4662
3110.5 385 19.6214
3111.5 380 19.4936
3112.5 404 20.0998
3113.5 399 19.975
3114.5 400 20
3115.5 374 19.3391
3116.5 374 19.3391
3117.5 414 20.347
3118.5 443 21.0476
3119.5 431 20.7605
3120.5 421 20.5183
3121.5 392 19.799
3122.5 462 21.4942
3123.5 362 19.0263
3124.5 422 20.5426
3125.5 466 21.587
3126.5 405 20.1246
3127.5 452 21.2603
3128.5 435 20.8567
3129.5 417 20.4206
3130.5 385 19.6214
3131.5 417 20.4206
3132.5 424 20.5913
3133.5 441 21
3134.5 401 20.025
3135.5 409 20.2237
3136.5 425 20.6155
3137.5 410 20.2485
3138.5 390 19.7484
3139.5 418 20.445
3140.5 392 19.799
3141.5 368 19.1833
3142.5 388 19.6977
3143.5 399 19.975
3144.5 388 19.6977
3145.5 407 20.1742
3146.5 364 19.0788
3147.5 371 19.2614
3148.5 379 19.4679
3149.5 375 19.3649
3150.5 387 19.6723
3151.5 334 18.2757
3152.5 365 19.105
3153.5 368 19.1833
3154.5 369 19.2094
3155.5 406 20.1494
3156.5 359 18.9473
3157.5 372 19.2873
3158.5 363 19.0526
3159.5 420 20.4939
3160.5 390 19.7484
3161.5 410 20.2485
3162.5 399 19.975
3163.5 435 20.8567
3164.5 411 20.2731
3165.5 435 20.8567
3166.5 459 21.4243
3167.5 473 21.7486
3168.5 467 21.6102
3169.5 507 22.5167
3170.5 487 22.0681
3171.5 531 23.0434
3172.5 494 22.2261
3173.5 523 22.8692
3174.5 557 23.6008
3175.5 540 23.2379
3176.5 519 22.7816
3177.5 547 23.388
3178.5 561 23.6854
3179.5 569 23.8537
3180.5 639 25.2784
3181.5 632 25.1396
3182.5 642 25.3377
3183.5 630 25.0998
3184.5 659 25.671
3185.5 622 24.9399
3186.5 691 26.2869
3187.5 683 26.1343
3188.5 654 25.5734
3189.5 705 26.5518
3190.5 689 26.2488
3191.5 731 27.037
3192.5 725 26.9258
3193.5 711 26.6646
3194.5 700 26.4575
3195.5 764 27.6405
3196.5 762 27.6043
3197.5 811 28.4781
3198.5 788 28.0713
3199.5 902 30.0333
3200.5 839 28.9655
3201.5 866 29.4279
3202.5 908 30.133
3203.5 907 30.1164
3204.5 966 31.0805
3205.5 1020 31.9374
3206.5 1007 31.7333
3207.5 950 30.8221
3208.5 1070 32.7109
3209.5 1089 33
3210.5 1070 32.7109
3211.5 1121 33.4813
3212.5 1134 33.6749
3213.5 1186 34.4384
3214.5 1252 35.3836
3215.5 1307 36.1525
3216.5 1303 36.0971
3217.5 1301 36.0694
3218.5 1332 36.4966
3219.5 1383 37.1887
3220.5 1380 37.1484
3221.5 1419 37.6696
3222.5 1496 38.6782
3223.5 1517 38.9487
3224.5 1546 39.3192
3225.5 1572 39.6485
3226.5 1574 39.6737
3227.5 1587 39.8372
3228.5 1686 41.0609
3229.5 1605 40.0625
3230.5 1740 41.7133
3231.5 1739 41.7013
3232.5 1682 41.0122
3233.5 1686 41.0609
3234.5 1687 41.0731
3235.5 1781 42.2019
3236.5 1877 43.3244
3237.5 1792 42.332
3238.5 1805 42.4853
3239.5 1840 42.8952
3240.5 1788 42.2847
3241.5 1815 42.6028
3242.5 1879 43.3474
3243.5 1853 43.0465
3244.5 1812 42.5676
3245.5 1800 42.4264
3246.5 1750 41.833
3247.5 1778 42.1663
3248.5 1783 42.2256
3249.5 1697 41.1947
3250.5 1707 41.3159
3251.5 1673 40.9023
3252.5 1579 39.7366
3253.5 1584 39.7995
3254.5 1605 40.0625
3255.5 1561 39.5095
3256.5 1446 38.0263
3257.5 1479 38.4578
3258.5 1419 37.6696
3259.5 1398 37.3898
3260.5 1340 36.606
3261.5 1324 36.3868
3262.5 1348 36.7151
3263.5 1274 35.6931
3264.5 1240 35.2136
3265.5 1131 33.6303
3266.5 1128 33.5857
3267.5 1061 32.573
3268.5 1108 33.2866
3269.5 1031 32.1092
3270.5 1030 32.0936
3271.5 1015 31.8591
3272.5 976 31.241
3273.5 945 30.7409
3274.5 904 30.0666
3275.5 884 29.7321
3276.5 894 29.8998
3277.5 852 29.189
3278.5 878 29.6311
3279.5 826 28.7402
3280.5 805 28.3725
3281.5 748 27.3496
3282.5 775 27.8388
3283.5 743 27.258
3284.5 709 26.6271
3285.5 711 26.6646
3286.5 634 25.1794
3287.5 619 24.8797
3288.5 616 24.8193
3289.5 593 24.3516
3290.5 596 24.4131
3291.5 570 23.8747
3292.5 542 23.2809
3293.5 527 22.9565
3294.5 523 22.8692
3295.5 489 22.1133
3296.5 484 22
3297.5 479 21.8861
3298.5 430 20.7364
3299.5 431 20.7605
3300.5 378 19.4422
3301.5 346 18.6011
3302.5 388 19.6977
3303.5 353 18.7883
3304.5 362 19.0263
3305.5 317 17.8045
3306.5 317 17.8045
3307.5 284 16.8523
3308.5 266 16.3095
3309.5 280 16.7332
3310.5 246 15.6844
3311.5 239 15.4596
3312.5 245 15.6525
3313.5 230 15.1658
3314.5 214 14.6287
3315.5 231 15.1987
3316.5 214 14.6287
3317.5 207 14.3875
3318.5 208 14.4222
3319.5 164 12.8062
3320.5 197 14.0357
3321.5 178 13.3417
3322.5 165 12.8452
3323.5 188 13.7113
3324.5 152 12.3288
3325.5 156 12.49
3326.5 168 12.9615
3327.5 142 11.9164
3328.5 154 12.4097
3329.5 138 11.7473
3330.5 126 11.225
3331.5 137 11.7047
3332.5 140 11.8322
3333.5 138 11.7473
3334.5 121 11
3335.5 131 11.4455
3336.5 110 10.4881
3337.5 115 10.7238
3338.5 135 11.619
3339.5 105 10.247
3340.5 138 11.7473
3341.5 110 10.4881
3342.5 108 10.3923
3343.5 117 10.8167
3344.5 98 9.89949
3345.5 72 8.48528
3346.5 113 10.6301
3347.5 90 9.48683
3348.5 115 10.7238
3349.5 109 10.4403
3350.5 89 9.43398
3351.5 98 9.89949
3352.5 99 9.94987
3353.5 90 9.48683
3354.5 81 9
3355.5 104 10.198
3356.5 91 9.53939
3357.5 78 8.83176
3358.5 100 10
3359.5 86 9.27362
3360.5 86 9.27362
3361.5 80 8.94427
3362.5 74 8.60233
3363.5 94 9.69536
3364.5 84 9.16515
3365.5 77 8.77496
3366.5 74 8.60233
3367.5 69 8.30662
3368.5 68 8.24621
3369.5 78 8.83176
3370.5 85 9.21954
3371.5 71 8.42615
3372.5 68 8.24621
3373.5 69 8.30662
3374.5 81 9
3375.5 74 8.60233
3376.5 90 9.48683
3377.5 80 8.94427
3378.5 79 8.88819
3379.5 73 8.544
3380.5 75 8.66025
3381.5 63 7.93725
3382.5 79 8.88819
3383.5 57 7.54983
3384.5 68 8.24621
3385.5 67 8.18535
3386.5 59 7.68115
3387.5 65 8.06226
3388.5 62 7.87401
3389.5 72 8.48528
3390.5 62 7.87401
3391.5 72 8.48528
3392.5 61 7.81025
3393.5 67 8.18535
3394.5 68 8.24621
3395.5 55 7.4162
3396.5 70 8.3666
3397.5 60 7.74597
3398.5 73 8.544
3399.5 67 8.18535
3400.5 63 7.93725
3401.5 51 7.14143
3402.5 55 7.4162
3403.5 59 7.68115
3404.5 65 8.06226
3405.5 74 8.60233
3406.5 64 8
3407.5 61 7.81025
3408.5 55 7.4162
3409.5 74 8.60233
3410.5 56 7.48331
3411.5 44 6.63325
3412.5 71 8.42615
3413.5 60 7.74597
3414.5 67 8.18535
3415.5 67 8.18535
3416.5 67 8.18535
3417.5 69 8.30662
3418.5 66 8.12404
3419.5 73 8.544
3420.5 56 7.48331
3421.5 41 6.40312
3422.5 62 7.87401
3423.5 60 7.74597
3424.5 69 8.30662
3425.5 67 8.18535
3426.5 75 8.66025
3427.5 61 7.81025
3428.5 53 7.28011
3429.5 58 7.61577
3430.5 68 8.24621
3431.5 62 7.87401
3432.5 63 7.93725
3433.5 58 7.61577
3434.5 58 7.61577
3435.5 56 7.48331
3436.5 45 6.7082
3437.5 72 8.48528
3438.5 51 7.14143
3439.5 64 8
3440.5 63 7.93725
3441.5 53 7.28011
3442.5 68 8.24621
3443.5 61 7.81025
3444.5 63 7.93725
3445.5 56 7.48331
3446.5 65 8.06226
3447.5 60 7.74597
3448.5 80 8.94427
3449.5 57 7.54983
3450.5 58 7.61577
3451.5 71 8.42615
3452.5 69 8.30662
3453.5 56 7.48331
3454.5 51 7.14143
3455.5 50 7.07107
3456.5 49 7
3457.5 66 8.12404
3458.5 57 7.54983
3459.5 56 7.48331
3460.5 68 8.24621
3461.5 67 8.18535
3462.5 67 8.18535
3463.5 68 8.24621
3464.5 62 7.87401
3465.5 62 7.87401
3466.5 63 7.93725
3467.5 60 7.74597
3468.5 54 7.34847
3469.5 54 7.34847
3470.5 58 7.61577
3471.5 54 7.34847
3472.5 54 7.34847
3473.5 79 8.88819
3474.5 58 7.61577
3475.5 55 7.4162
3476.5 60 7.74597
3477.5 59 7.68115
3478.5 56 7.48331
3479.5 50 7.07107
3480.5 60 7.74597
3481.5 56 7.48331
3482.5 34 5.83095
3483.5 63 7.93725
3484.5 48 6.9282
3485.5 56 7.48331
3486.5 54 7.34847
3487.5 66 8.12404
3488.5 53 7.28011
3489.5 68 8.24621
3490.5 59 7.68115
3491.5 63 7.93725
3492.5 61 7.81025
3493.5 47 6.85565
3494.5 57 7.54983
3495.5 60 7.74597
3496.5 59 7.68115
3497.5 48 6.9282
3498.5 51 7.14143
3499.5 58 7.61577
3500.5 43 6.55744
3501.5 51 7.14143
3502.5 55 7.4162
3503.5 64 8
3504.5 60 7.74597
3505.5 46 6.78233
3506.5 56 7.48331
3507.5 73 8.544
3508.5 52 7.2111
3509.5 57 7.54983
3510.5 68 8.24621
3511.5 51 7.14143
3512.5 54 7.34847
3513.5 58 7.61577
3514.5 54 7.34847
3515.5 47 6.85565
3516.5 40 6.32456
3517.5 54 7.34847
3518.5 50 7.07107
3519.5 53 7.28011
3520.5 46 6.78233
3521.5 63 7.93725
3522.5 55 7.4162
3523.5 59 7.68115
3524.5 54 7.34847
3525.5 54 7.34847
3526.5 49 7
3527.5 58 7.61577
3528.5 49 7
3529.5 46 6.78233
3530.5 56 7.48331
3531.5 59 7.68115
3532.5 45 6.7082
3533.5 47 6.85565
3534.5 62 7.87401
3535.5 50 7.07107
3536.5 47 6.85565
3537.5 67 8.18535
3538.5 51 7.14143
3539.5 43 6.55744
3540.5 58 7.61577
3541.5 55 7.4162
3542.5 61 7.81025
3543.5 61 7.81025
3544.5 56 7.48331
3545.5 49 7
3546.5 58 7.61577
3547.5 47 6.85565
3548.5 56 7.48331
3549.5 62 7.87401
3550.5 50 7.07107
3551.5 69 8.30662
3552.5 58 7.61577
3553.5 61 7.81025
3554.5 39 6.245
3555.5 64 8
3556.5 49 7
3557.5 56 7.48331
3558.5 47 6.85565
3559.5 59 7.68115
3560.5 60 7.74597
3561.5 56 7.48331
3562.5 56 7.48331
3563.5 49 7
3564.5 50 7.07107
3565.5 56 7.48331
3566.5 57 7.54983
3567.5 53 7.28011
3568.5 58 7.61577
3569.5 56 7.48331
3570.5 45 6.7082
3571.5 60 7.74597
3572.5 48 6.9282
3573.5 57 7.54983
3574.5 55 7.4162
3575.5 50 7.07107
3576.5 56 7.48331
3577.5 58 7.61577
3578.5 55 7.4162
3579.5 62 7.87401
3580.5 58 7.61577
3581.5 52 7.2111
3582.5 59 7.68115
3583.5 46 6.78233
3584.5 51 7.14143
3585.5 69 8.30662
3586.5 55 7.4162
3587.5 66 8.12404
3588.5 56 7.48331
3589.5 46 6.78233
3590.5 47 6.85565
3591.5 56 7.48331
3592.5 52 7.2111
3593.5 49 7
3594.5 74 8.60233
3595.5 68 8.24621
3596.5 61 7.81025
3597.5 62 7.87401
3598.5 58 7.61577
3599.5 46 6.78233
3600.5 51 7.14143
3601.5 46 6.78233
3602.5 53 7.28011
3603.5 47 6.85565
3604.5 38 6.16441
3605.5 58 7.61577
3606.5 44 6.63325
3607.5 59 7.68115
3608.5 53 7.28011
3609.5 44 6.63325
3610.5 64 8
3611.5 54 7.34847
3612.5 58 7.61577
3613.5 48 6.9282
3614.5 64 8
3615.5 51 7.14143
3616.5 52 7.2111
3617.5 44 6.63325
3618.5 55 7.4162
3619.5 50 7.07107
3620.5 62 7.87401
3621.5 63 7.93725
3622.5 50 7.07107
3623.5 49 7
3624.5 55 7.4162
3625.5 63 7.93725
3626.5 59 7.68115
3627.5 50 7.07107
3628.5 53 7.28011
3629.5 49 7
3630.5 46 6.78233
3631.5 49 7
3632.5 48 6.9282
3633.5 52 7.2111
3634.5 45 6.7082
3635.5 54 7.34847
3636.5 48 6.9282
3637.5 63 7.93725
3638.5 67 8.18535
3639.5 50 7.07107
3640.5 40 6.32456
3641.5 58 7.61577
3642.5 52 7.2111
3643.5 49 7
3644.5 59 7.68115
3645.5 53 7.28011
3646.5 54 7.34847
3647.5 54 7.34847
3648.5 57 7.54983
3649.5 37 6.08276
3650.5 58 7.61577
3651.5 50 7.07107
3652.5 60 7.74597
3653.5 53 7.28011
3654.5 53 7.28011
3655.5 48 6.9282
3656.5 55 7.4162
3657.5 50 7.07107
3658.5 59 7.68115
3659.5 61 7.81025
3660.5 40 6.32456
3661.5 66 8.12404
3662.5 72 8.48528
3663.5 68 8.24621
3664.5 57 7.54983
3665.5 58 7.61577
3666.5 58 7.61577
3667.5 47 6.85565
3668.5 47 6.85565
3669.5 61 7.81025
3670.5 50 7.07107
3671.5 60 7.74597
3672.5 39 6.245
3673.5 62 7.87401
3674.5 62 7.87401
3675.5 63 7.93725
3676.5 54 7.34847
3677.5 56 7.48331
3678.5 48 6.9282
3679.5 48 6.9282
3680.5 57 7.54983
3681.5 43 6.55744
3682.5 67 8.18535
3683.5 58 7.61577
3684.5 46 6.78233
3685.5 42 6.48074
3686.5 67 8.18535
3687.5 54 7.34847
3688.5 47 6.85565
3689.5 54 7.34847
3690.5 45 6.7082
3691.5 50 7.07107
3692.5 44 6.63325
3693.5 40 6.32456
3694.5 54 7.34847
3695.5 46 6.78233
3696.5 45 6.7082
3697.5 52 7.2111
3698.5 54 7.34847
3699.5 55 7.4162
3700.5 42 6.48074
3701.5 61 7.81025
3702.5 54 7.34847
3703.5 51 7.14143
3704.5 59 7.68115
3705.5 62 7.87401
3706.5 43 6.55744
3707.5 69 8.30662
3708.5 49 7
3709.5 63 7.93725
3710.5 44 6.63325
3711.5 58 7.61577
3712.5 46 6.78233
3713.5 66 8.12404
3714.5 64 8
3715.5 41 6.40312
3716.5 55 7.4162
3717.5 53 7.28011
3718.5 55 7.4162
3719.5 57 7.54983
3720.5 44 6.63325
3721.5 62 7.87401
3722.5 53 7.28011
3723.5 49 7
3724.5 48 6.9282
3725.5 54 7.34847
3726.5 46 6.78233
3727.5 63 7.93725
3728.5 39 6.245
3729.5 50 7.07107
3730.5 67 8.18535
3731.5 52 7.2111
3732.5 51 7.14143
3733.5 48 6.9282
3734.5 52 7.2111
3735.5 66 8.12404
3736.5 55 7.4162
3737.5 50 7.07107
3738.5 52 7.2111
3739.5 52 7.2111
3740.5 44 6.63325
3741.5 41 6.40312
3742.5 56 7.48331
3743.5 51 7.14143
3744.5 53 7.28011
3745.5 66 8.12404
3746.5 55 7.4162
3747.5 57 7.54983
3748.5 63 7.93725
3749.5 46 6.78233
3750.5 36 6
3751.5 51 7.14143
3752.5 52 7.2111
3753.5 46 6.78233
3754.5 52 7.2111
3755.5 51 7.14143
3756.5 61 7.81025
3757.5 59 7.68115
3758.5 53 7.28011
3759.5 43 6.55744
3760.5 70 8.3666
3761.5 49 7
3762.5 48 6.9282
3763.5 41 6.40312
3764.5 57 7.54983
3765.5 45 6.7082
3766.5 55 7.4162
3767.5 47 6.85565
3768.5 55 7.4162
3769.5 50 7.07107
3770.5 67 8.18535
3771.5 52 7.2111
3772.5 57 7.54983
3773.5 56 7.48331
3774.5 45 6.7082
3775.5 52 7.2111
3776.5 59 7.68115
3777.5 58 7.61577
3778.5 46 6.78233
3779.5 61 7.81025
3780.5 50 7.07107
3781.5 45 6.7082
3782.5 55 7.4162
3783.5 53 7.28011
3784.5 50 7.07107
3785.5 43 6.55744
3786.5 60 7.74597
3787.5 67 8.18535
3788.5 46 6.78233
3789.5 61 7.81025
3790.5 56 7.48331
3791.5 46 6.78233
3792.5 52 7.2111
3793.5 63 7.93725
3794.5 55 7.4162
3795.5 51 7.14143
3796.5 49 7
3797.5 61 7.81025
3798.5 61 7.81025
3799.5 61 7.81025
3800.5 49 7
3801.5 44 6.63325
3802.5 56 7.48331
3803.5 47 6.85565
3804.5 50 7.07107
3805.5 56 7.48331
3806.5 56 7.48331
3807.5 46 6.78233
3808.5 50 7.07107
3809.5 58 7.61577
3810.5 50 7.07107
3811.5 46 6.78233
3812.5 56 7.48331
3813.5 36 6
3814.5 47 6.85565
3815.5 55 7.4162
3816.5 69 8.30662
3817.5 56 7.48331
3818.5 51 7.14143
3819.5 48 6.9282
3820.5 50 7.07107
3821.5 52 7.2111
3822.5 45 6.7082
3823.5 48 6.9282
3824.5 52 7.2111
3825.5 63 7.93725
3826.5 51 7.14143
3827.5 43 6.55744
3828.5 55 7.4162
3829.5 46 6.78233
3830.5 47 6.85565
3831.5 66 8.12404
3832.5 56 7.48331
3833.5 43 6.55744
3834.5 58 7.61577
3835.5 62 7.87401
3836.5 49 7
3837.5 51 7.14143
3838.5 54 7.34847
3839.5 49 7
3840.5 52 7.2111
3841.5 52 7.2111
3842.5 56 7.48331
3843.5 57 7.54983
3844.5 49 7
3845.5 49 7
3846.5 57 7.54983
3847.5 47 6.85565
3848.5 43 6.55744
3849.5 49 7
3850.5 39 6.245
3851.5 49 7
3852.5 44 6.63325
3853.5 62 7.87401
3854.5 55 7.4162
3855.5 60 7.74597
3856.5 44 6.63325
3857.5 63 7.93725
3858.5 41 6.40312
3859.5 44 6.63325
3860.5 48 6.9282
3861.5 49 7
3862.5 59 7.68115
3863.5 47 6.85565
3864.5 51 7.14143
3865.5 42 6.48074
3866.5 67 8.18535
3867.5 52 7.2111
3868.5 51 7.14143
3869.5 58 7.61577
3870.5 45 6.7082
3871.5 48 6.9282
3872.5 36 6
3873.5 61 7.81025
3874.5 51 7.14143
3875.5 48 6.9282
3876.5 67 8.18535
3877.5 69 8.30662
3878.5 42 6.48074
3879.5 62 7.87401
3880.5 51 7.14143
3881.5 55 7.4162
3882.5 48 6.9282
3883.5 42 6.48074
3884.5 39 6.245
3885.5 55 7.4162
3886.5 53 7.28011
3887.5 50 7.07107
3888.5 45 6.7082
3889.5 68 8.24621
3890.5 47 6.85565
3891.5 40 6.32456
3892.5 49 7
3893.5 54 7.34847
3894.5 72 8.48528
3895.5 63 7.93725
3896.5 47 6.85565
3897.5 54 7.34847
3898.5 36 6
3899.5 36 6
3900.5 41 6.40312
3901.5 47 6.85565
3902.5 58 7.61577
3903.5 39 6.245
3904.5 46 6.78233
3905.5 52 7.2111
3906.5 44 6.63325
3907.5 41 6.40312
3908.5 42 6.48074
3909.5 42 6.48074
3910.5 58 7.61577
3911.5 54 7.34847
3912.5 60 7.74597
3913.5 59 7.68115
3914.5 53 7.28011
3915.5 35 5.91608
3916.5 46 6.78233
3917.5 45 6.7082
3918.5 53 7.28011
3919.5 55 7.4162
3920.5 51 7.14143
3921.5 59 7.68115
3922.5 50 7.07107
3923.5 48 6.9282
3924.5 48 6.9282
3925.5 60 7.74597
3926.5 63 7.93725
3927.5 55 7.4162
3928.5 46 6.78233
3929.5 40 6.32456
3930.5 46 6.78233
3931.5 55 7.4162
3932.5 51 7.14143
3933.5 49 7
3934.5 44 6.63325
3935.5 39 6.245
3936.5 63 7.93725
3937.5 59 7.68115
3938.5 39 6.245
3939.5 42 6.48074
3940.5 55 7.4162
3941.5 39 6.245
3942.5 69 8.30662
3943.5 32 5.65685
3944.5 59 7.68115
3945.5 49 7
3946.5 50 7.07107
3947.5 57 7.54983
3948.5 50 7.07107
3949.5 57 7.54983
3950.5 51 7.14143
3951.5 50 7.07107
3952.5 56 7.48331
3953.5 44 6.63325
3954.5 45 6.7082
3955.5 43 6.55744
3956.5 51 7.14143
3957.5 50 7.07107
3958.5 58 7.61577
3959.5 58 7.61577
3960.5 51 7.14143
3961.5 31 5.56776
3962.5 41 6.40312
3963.5 50 7.07107
3964.5 43 6.55744
3965.5 47 6.85565
3966.5 55 7.4162
3967.5 60 7.74597
3968.5 61 7.81025
3969.5 54 7.34847
3970.5 53 7.28011
3971.5 53 7.28011
3972.5 53 7.28011
3973.5 46 6.78233
3974.5 46 6.78233
3975.5 46 6.78233
3976.5 49 7
3977.5 49 7
3978.5 54 7.34847
3979.5 50 7.07107
3980.5 47 6.85565
3981.5 52 7.2111
3982.5 43 6.55744
3983.5 50 7.07107
3984.5 45 6.7082
3985.5 66 8.12404
3986.5 54 7.34847
3987.5 48 6.9282
3988.5 52 7.2111
3989.5 53 7.28011
3990.5 58 7.61577
3991.5 51 7.14143
3992.5 59 7.68115
3993.5 54 7.34847
3994.5 53 7.28011
3995.5 41 6.40312
3996.5 42 6.48074
3997.5 44 6.63325
3998.5 47 6.85565
3999.5 58 7.61577
4000.5 46 6.78233
4001.5 51 7.14143
4002.5 45 6.7082
4003.5 44 6.63325
4004.5 51 7.14143
4005.5 61 7.81025
4006.5 45 6.7082
4007.5 45 6.7082
4008.5 55 7.4162
4009.5 55 7.4162
4010.5 53 7.28011
4011.5 48 6.9282
4012.5 50 7.07107
4013.5 56 7.48331
4014.5 49 7
4015.5 39 6.245
4016.5 41 6.40312
4017.5 52 7.2111
4018.5 35 5.91608
4019.5 59 7.68115
4020.5 54 7.34847
4021.5 45 6.7082
4022.5 56 7.48331
4023.5 59 7.68115
4024.5 43 6.55744
4025.5 48 6.9282
4026.5 52 7.2111
4027.5 38 6.16441
4028.5 41 6.40312
4029.5 41 6.40312
4030.5 47 6.85565
4031.5 58 7.61577
4032.5 50 7.07107
4033.5 50 7.07107
4034.5 51 7.14143
4035.5 50 7.07107
4036.5 52 7.2111
4037.5 38 6.16441
4038.5 48 6.9282
4039.5 44 6.63325
4040.5 47 6.85565
4041.5 50 7.07107
4042.5 44 6.63325
4043.5 40 6.32456
4044.5 34 5.83095
4045.5 52 7.2111
4046.5 51 7.14143
4047.5 63 7.93725
4048.5 58 7.61577
4049.5 57 7.54983
4050.5 38 6.16441
4051.5 56 7.48331
4052.5 56 7.48331
4053.5 45 6.7082
4054.5 51 7.14143
4055.5 44 6.63325
4056.5 44 6.63325
4057.5 40 6.32456
4058.5 53 7.28011
4059.5 44 6.63325
4060.5 49 7
4061.5 48 6.9282
4062.5 49 7
4063.5 60 7.74597
4064.5 41 6.40312
4065.5 43 6.55744
4066.5 42 6.48074
4067.5 58 7.61577
4068.5 55 7.4162
4069.5 53 7.28011
4070.5 48 6.9282
4071.5 40 6.32456
4072.5 58 7.61577
4073.5 41 6.40312
4074.5 50 7.07107
4075.5 50 7.07107
4076.5 51 7.14143
4077.5 47 6.85565
4078.5 48 6.9282
4079.5 40 6.32456
4080.5 47 6.85565
4081.5 56 7.48331
4082.5 40 6.32456
4083.5 54 7.34847
4084.5 39 6.245
4085.5 43 6.55744
4086.5 50 7.07107
4087.5 55 7.4162
4088.5 46 6.78233
4089.5 46 6.78233
4090.5 60 7.74597
4091.5 47 6.85565
4092.5 55 7.4162
4093.5 47 6.85565
4094.5 47 6.85565
4095.5 56 7.48331
4096.5 50 7.07107
4097.5 42 6.48074
4098.5 50 7.07107
4099.5 40 6.32456
4100.5 69 8.30662
4101.5 51 7.14143
4102.5 40 6.32456
4103.5 40 6.32456
4104.5 44 6.63325
4105.5 48 6.9282
4106.5 42 6.48074
4107.5 47 6.85565
4108.5 52 7.2111
4109.5 52 7.2111
4110.5 41 6.40312
4111.5 39 6.245
4112.5 52 7.2111
4113.5 46 6.78233
4114.5 53 7.28011
4115.5 59 7.68115
4116.5 50 7.07107
4117.5 43 6.55744
4118.5 53 7.28011
4119.5 44 6.63325
4120.5 55 7.4162
4121.5 58 7.61577
4122.5 29 5.38516
4123.5 47 6.85565
4124.5 36 6
4125.5 45 6.7082
4126.5 51 7.14143
4127.5 42 6.48074
4128.5 46 6.78233
4129.5 39 6.245
4130.5 57 7.54983
4131.5 45 6.7082
4132.5 48 6.9282
4133.5 55 7.4162
4134.5 48 6.9282
4135.5 40 6.32456
4136.5 56 7.48331
4137.5 41 6.40312
4138.5 38 6.16441
4139.5 47 6.85565
4140.5 34 5.83095
4141.5 51 7.14143
4142.5 53 7.28011
4143.5 42 6.48074
4144.5 36 6
4145.5 56 7.48331
4146.5 41 6.40312
4147.5 58 7.61577
4148.5 49 7
4149.5 54 7.34847
4150.5 46 6.78233
4151.5 49 7
4152.5 55 7.4162
4153.5 39 6.245
4154.5 44 6.63325
4155.5 52 7.2111
4156.5 50 7.07107
4157.5 40 6.32456
4158.5 41 6.40312
4159.5 35 5.91608
4160.5 49 7
4161.5 60 7.74597
4162.5 52 7.2111
4163.5 54 7.34847
4164.5 54 7.34847
4165.5 36 6
4166.5 53 7.28011
4167.5 45 6.7082
4168.5 53 7.28011
4169.5 49 7
4170.5 50 7.07107
4171.5 48 6.9282
4172.5 43 6.55744
4173.5 48 6.9282
4174.5 56 7.48331
4175.5 47 6.85565
4176.5 41 6.40312
4177.5 49 7
4178.5 37 6.08276
4179.5 46 6.78233
4180.5 47 6.85565
4181.5 58 7.61577
4182.5 46 6.78233
4183.5 47 6.85565
4184.5 39 6.245
4185.5 64 8
4186.5 42 6.48074
4187.5 40 6.32456
4188.5 43 6.55744
4189.5 54 7.34847
4190.5 47 6.85565
4191.5 58 7.61577
4192.5 40 6.32456
4193.5 35 5.91608
4194.5 56 7.48331
4195.5 53 7.28011
4196.5 50 7.07107
4197.5 38 6.16441
4198.5 43 6.55744
4199.5 45 6.7082
4200.5 33 5.74456
4201.5 65 8.06226
4202.5 41 6.40312
4203.5 59 7.68115
4204.5 38 6.16441
4205.5 53 7.28011
4206.5 35 5.91608
4207.5 55 7.4162
4208.5 39 6.245
4209.5 43 6.55744
4210.5 43 6.55744
4211.5 57 7.54983
4212.5 63 7.93725
4213.5 53 7.28011
4214.5 44 6.63325
4215.5 59 7.68115
4216.5 42 6.48074
4217.5 48 6.9282
4218.5 48 6.9282
4219.5 58 7.61577
4220.5 35 5.91608
4221.5 46 6.78233
4222.5 56 7.48331
4223.5 38 6.16441
4224.5 44 6.63325
4225.5 52 7.2111
4226.5 42 6.48074
4227.5 50 7.07107
4228.5 46 6.78233
4229.5 61 7.81025
4230.5 55 7.4162
4231.5 50 7.07107
4232.5 40 6.32456
4233.5 44 6.63325
4234.5 58 7.61577
4235.5 54 7.34847
4236.5 52 7.2111
4237.5 58 7.61577
4238.5 56 7.48331
4239.5 49 7
4240.5 44 6.63325
4241.5 41 6.40312
4242.5 59 7.68115
4243.5 55 7.4162
4244.5 37 6.08276
4245.5 66 8.12404
4246.5 39 6.245
4247.5 45 6.7082
4248.5 51 7.14143
4249.5 47 6.85565
4250.5 54 7.34847
4251.5 50 7.07107
4252.5 50 7.07107
4253.5 51 7.14143
4254.5 43 6.55744
4255.5 41 6.40312
4256.5 55 7.4162
4257.5 41 6.40312
4258.5 52 7.2111
4259.5 58 7.61577
4260.5 51 7.14143
4261.5 48 6.9282
4262.5 55 7.4162
4263.5 52 7.2111
4264.5 43 6.55744
4265.5 42 6.48074
4266.5 43 6.55744
4267.5 47 6.85565
4268.5 41 6.40312
4269.5 49 7
4270.5 42 6.48074
4271.5 46 6.78233
4272.5 54 7.34847
4273.5 48 6.9282
4274.5 47 6.85565
4275.5 44 6.63325
4276.5 58 7.61577
4277.5 48 6.9282
4278.5 39 6.245
4279.5 43 6.55744
4280.5 46 6.78233
4281.5 56 7.48331
4282.5 45 6.7082
4283.5 47 6.85565
4284.5 32 5.65685
4285.5 59 7.68115
4286.5 47 6.85565
4287.5 57 7.54983
4288.5 47 6.85565
4289.5 54 7.34847
4290.5 65 8.06226
4291.5 42 6.48074
4292.5 40 6.32456
4293.5 53 7.28011
4294.5 62 7.87401
4295.5 47 6.85565
4296.5 51 7.14143
4297.5 44 6.63325
4298.5 45 6.7082
4299.5 38 6.16441
4300.5 44 6.63325
4301.5 56 7.48331
4302.5 48 6.9282
4303.5 46 6.78233
4304.5 43 6.55744
4305.5 40 6.32456
4306.5 54 7.34847
4307.5 36 6
4308.5 39 6.245
4309.5 49 7
4310.5 49 7
4311.5 46 6.78233
4312.5 58 7.61577
4313.5 52 7.2111
4314.5 54 7.34847
4315.5 49 7
4316.5 45 6.7082
4317.5 39 6.245
4318.5 43 6.55744
4319.5 44 6.63325
4320.5 47 6.85565
4321.5 57 7.54983
4322.5 42 6.48074
4323.5 31 5.56776
4324.5 52 7.2111
4325.5 43 6.55744
4326.5 33 5.74456
4327.5 46 6.78233
4328.5 51 7.14143
4329.5 49 7
4330.5 53 7.28011
4331.5 52 7.2111
4332.5 52 7.2111
4333.5 59 7.68115
4334.5 41 6.40312
4335.5 51 7.14143
4336.5 34 5.83095
4337.5 53 7.28011
4338.5 49 7
4339.5 29 5.38516
4340.5 49 7
4341.5 48 6.9282
4342.5 43 6.55744
4343.5 39 6.245
4344.5 32 5.65685
4345.5 46 6.78233
4346.5 45 6.7082
4347.5 41 6.40312
4348.5 50 7.07107
4349.5 42 6.48074
4350.5 36 6
4351.5 46 6.78233
4352.5 58 7.61577
4353.5 32 5.65685
4354.5 53 7.28011
4355.5 47 6.85565
4356.5 54 7.34847
4357.5 44 6.63325
4358.5 64 8
4359.5 52 7.2111
4360.5 38 6.16441
4361.5 48 6.9282
4362.5 44 6.63325
4363.5 51 7.14143
4364.5 41 6.40312
4365.5 38 6.16441
4366.5 52 7.2111
4367.5 43 6.55744
4368.5 58 7.61577
4369.5 46 6.78233
4370.5 51 7.14143
4371.5 39 6.245
4372.5 48 6.9282
4373.5 39 6.245
4374.5 46 6.78233
4375.5 50 7.07107
4376.5 42 6.48074
4377.5 48 6.9282
4378.5 52 7.2111
4379.5 46 6.78233
4380.5 51 7.14143
4381.5 40 6.32456
4382.5 53 7.28011
4383.5 53 7.28011
4384.5 47 6.85565
4385.5 59 7.68115
4386.5 48 6.9282
4387.5 53 7.28011
4388.5 55 7.4162
4389.5 37 6.08276
4390.5 51 7.14143
4391.5 34 5.83095
4392.5 58 7.61577
4393.5 47 6.85565
4394.5 43 6.55744
4395.5 40 6.32456
4396.5 54 7.34847
4397.5 39 6.245
4398.5 45 6.7082
4399.5 47 6.85565
4400.5 56 7.48331
4401.5 55 7.4162
4402.5 66 8.12404
4403.5 55 7.4162
4404.5 45 6.7082
4405.5 47 6.85565
4406.5 35 5.91608
4407.5 56 7.48331
4408.5 42 6.48074
4409.5 47 6.85565
4410.5 42 6.48074
4411.5 49 7
4412.5 42 6.48074
4413.5 50 7.07107
4414.5 46 6.78233
4415.5 45 6.7082
4416.5 45 6.7082
4417.5 51 7.14143
4418.5 39 6.245
4419.5 45 6.7082
4420.5 48 6.9282
4421.5 46 6.78233
4422.5 51 7.14143
4423.5 49 7
4424.5 40 6.32456
4425.5 47 6.85565
4426.5 41 6.40312
4427.5 45 6.7082
4428.5 47 6.85565
4429.5 48 6.9282
4430.5 43 6.55744
4431.5 45 6.7082
4432.5 43 6.55744
4433.5 43 6.55744
4434.5 57 7.54983
4435.5 49 7
4436.5 45 6.7082
4437.5 41 6.40312
4438.5 47 6.85565
4439.5 49 7
4440.5 42 6.48074
4441.5 42 6.48074
4442.5 56 7.48331
4443.5 43 6.55744
4444.5 50 7.07107
4445.5 45 6.7082
4446.5 47 6.85565
4447.5 45 6.7082
4448.5 37 6.08276
4449.5 50 7.07107
4450.5 38 6.16441
4451.5 46 6.78233
4452.5 59 7.68115
4453.5 44 6.63325
4454.5 55 7.4162
4455.5 46 6.78233
4456.5 51 7.14143
4457.5 60 7.74597
4458.5 48 6.9282
4459.5 40 6.32456
4460.5 42 6.48074
4461.5 35 5.91608
4462.5 48 6.9282
4463.5 55 7.4162
4464.5 49 7
4465.5 51 7.14143
4466.5 41 6.40312
4467.5 54 7.34847
4468.5 52 7.2111
4469.5 42 6.48074
4470.5 52 7.2111
4471.5 52 7.2111
4472.5 57 7.54983
4473.5 57 7.54983
4474.5 38 6.16441
4475.5 51 7.14143
4476.5 36 6
4477.5 54 7.34847
4478.5 49 7
4479.5 45 6.7082
4480.5 47 6.85565
4481.5 47 6.85565
4482.5 51 7.14143
4483.5 45 6.7082
4484.5 53 7.28011
4485.5 63 7.93725
4486.5 51 7.14143
4487.5 48 6.9282
4488.5 49 7
4489.5 38 6.16441
4490.5 52 7.2111
4491.5 45 6.7082
4492.5 42 6.48074
4493.5 50 7.07107
4494.5 59 7.68115
4495.5 46 6.78233
4496.5 46 6.78233
4497.5 50 7.07107
4498.5 52 7.2111
4499.5 49 7
4500.5 52 7.2111
4501.5 47 6.85565
4502.5 34 5.83095
4503.5 41 6.40312
4504.5 57 7.54983
4505.5 51 7.14143
4506.5 41 6.40312
4507.5 41 6.40312
4508.5 43 6.55744
4509.5 44 6.63325
4510.5 55 7.4162
4511.5 47 6.85565
4512.5 39 6.245
4513.5 56 7.48331
4514.5 53 7.28011
4515.5 46 6.78233
4516.5 39 6.245
4517.5 31 5.56776
4518.5 38 6.16441
4519.5 41 6.40312
4520.5 50 7.07107
4521.5 45 6.7082
4522.5 47 6.85565
4523.5 48 6.9282
4524.5 42 6.48074
4525.5 48 6.9282
4526.5 44 6.63325
4527.5 37 6.08276
4528.5 41 6.40312
4529.5 54 7.34847
4530.5 55 7.4162
4531.5 54 7.34847
4532.5 39 6.245
4533.5 51 7.14143
4534.5 40 6.32456
4535.5 49 7
4536.5 47 6.85565
4537.5 38 6.16441
4538.5 66 8.12404
4539.5 44 6.63325
4540.5 53 7.28011
4541.5 48 6.9282
4542.5 45 6.7082
4543.5 39 6.245
4544.5 42 6.48074
4545.5 35 5.91608
4546.5 42 6.48074
4547.5 45 6.7082
4548.5 32 5.65685
4549.5 34 5.83095
4550.5 37 6.08276
4551.5 44 6.63325
4552.5 52 7.2111
4553.5 52 7.2111
4554.5 43 6.55744
4555.5 57 7.54983
4556.5 40 6.32456
4557.5 52 7.2111
4558.5 41 6.40312
4559.5 38 6.16441
4560.5 55 7.4162
4561.5 58 7.61577
4562.5 39 6.245
4563.5 43 6.55744
4564.5 51 7.14143
4565.5 51 7.14143
4566.5 54 7.34847
4567.5 36 6
4568.5 33 5.74456
4569.5 44 6.63325
4570.5 44 6.63325
4571.5 41 6.40312
4572.5 45 6.7082
4573.5 46 6.78233
4574.5 49 7
4575.5 53 7.28011
4576.5 49 7
4577.5 42 6.48074
4578.5 53 7.28011
4579.5 50 7.07107
4580.5 48 6.9282
4581.5 38 6.16441
4582.5 50 7.07107
4583.5 56 7.48331
4584.5 55 7.4162
4585.5 56 7.48331
4586.5 47 6.85565
4587.5 54 7.34847
4588.5 50 7.07107
4589.5 42 6.48074
4590.5 42 6.48074
4591.5 45 6.7082
4592.5 48 6.9282
4593.5 43 6.55744
4594.5 42 6.48074
4595.5 36 6
4596.5 53 7.28011
4597.5 37 6.08276
4598.5 38 6.16441
4599.5 44 6.63325
4600.5 45 6.7082
4601.5 44 6.63325
4602.5 59 7.68115
4603.5 40 6.32456
4604.5 46 6.78233
4605.5 49 7
4606.5 47 6.85565
4607.5 38 6.16441
4608.5 41 6.40312
4609.5 46 6.78233
4610.5 43 6.55744
4611.5 55 7.4162
4612.5 47 6.85565
4613.5 45 6.7082
4614.5 51 7.14143
4615.5 50 7.07107
4616.5 41 6.40312
4617.5 43 6.55744
4618.5 46 6.78233
4619.5 47 6.85565
4620.5 42 6.48074
4621.5 47 6.85565
4622.5 34 5.83095
4623.5 43 6.55744
4624.5 33 5.74456
4625.5 34 5.83095
4626.5 40 6.32456
4627.5 37 6.08276
4628.5 42 6.48074
4629.5 56 7.48331
4630.5 53 7.28011
4631.5 45 6.7082
4632.5 46 6.78233
4633.5 50 7.07107
4634.5 56 7.48331
4635.5 43 6.55744
4636.5 50 7.07107
4637.5 44 6.63325
4638.5 46 6.78233
4639.5 39 6.245
4640.5 43 6.55744
4641.5 52 7.2111
4642.5 53 7.28011
4643.5 49 7
4644.5 43 6.55744
4645.5 42 6.48074
4646.5 46 6.78233
4647.5 44 6.63325
4648.5 38 6.16441
4649.5 35 5.91608
4650.5 46 6.78233
4651.5 45 6.7082
4652.5 53 7.28011
4653.5 46 6.78233
4654.5 57 7.54983
4655.5 51 7.14143
4656.5 42 6.48074
4657.5 44 6.63325
4658.5 50 7.07107
4659.5 43 6.55744
4660.5 58 7.61577
4661.5 57 7.54983
4662.5 59 7.68115
4663.5 36 6
4664.5 56 7.48331
4665.5 55 7.4162
4666.5 44 6.63325
4667.5 56 7.48331
4668.5 36 6
4669.5 52 7.2111
4670.5 37 6.08276
4671.5 42 6.48074
4672.5 40 6.32456
4673.5 35 5.91608
4674.5 42 6.48074
4675.5 41 6.40312
4676.5 52 7.2111
4677.5 40 6.32456
4678.5 47 6.85565
4679.5 45 6.7082
4680.5 45 6.7082
4681.5 47 6.85565
4682.5 44 6.63325
4683.5 36 6
4684.5 44 6.63325
4685.5 46 6.78233
4686.5 43 6.55744
4687.5 50 7.07107
4688.5 43 6.55744
4689.5 42 6.48074
4690.5 53 7.28011
4691.5 48 6.9282
4692.5 50 7.07107
4693.5 43 6.55744
4694.5 50 7.07107
4695.5 46 6.78233
4696.5 45 6.7082
4697.5 47 6.85565
4698.5 45 6.7082
4699.5 41 6.40312
4700.5 54 7.34847
4701.5 53 7.28011
4702.5 40 6.32456
4703.5 37 6.08276
4704.5 45 6.7082
4705.5 47 6.85565
4706.5 39 6.245
4707.5 49 7
4708.5 43 6.55744
4709.5 51 7.14143
4710.5 43 6.55744
4711.5 43 6.55744
4712.5 43 6.55744
4713.5 41 6.40312
4714.5 52 7.2111
4715.5 50 7.07107
4716.5 52 7.2111
4717.5 46 6.78233
4718.5 44 6.63325
4719.5 46 6.78233
4720.5 35 5.91608
4721.5 40 6.32456
4722.5 52 7.2111
4723.5 48 6.9282
4724.5 47 6.85565
4725.5 40 6.32456
4726.5 35 5.91608
4727.5 50 7.07107
4728.5 45 6.7082
4729.5 47 6.85565
4730.5 50 7.07107
4731.5 43 6.55744
4732.5 43 6.55744
4733.5 45 6.7082
4734.5 45 6.7082
4735.5 45 6.7082
4736.5 46 6.78233
4737.5 33 5.74456
4738.5 59 7.68115
4739.5 29 5.38516
4740.5 39 6.245
4741.5 47 6.85565
4742.5 34 5.83095
4743.5 34 5.83095
4744.5 46 6.78233
4745.5 50 7.07107
4746.5 52 7.2111
4747.5 48 6.9282
4748.5 45 6.7082
4749.5 56 7.48331
4750.5 47 6.85565
4751.5 47 6.85565
4752.5 51 7.14143
4753.5 50 7.07107
4754.5 48 6.9282
4755.5 46 6.78233
4756.5 40 6.32456
4757.5 53 7.28011
4758.5 44 6.63325
4759.5 39 6.245
4760.5 55 7.4162
4761.5 57 7.54983
4762.5 54 7.34847
4763.5 46 6.78233
4764.5 43 6.55744
4765.5 46 6.78233
4766.5 56 7.48331
4767.5 33 5.74456
4768.5 54 7.34847
4769.5 48 6.9282
4770.5 64 8
4771.5 51 7.14143
4772.5 40 6.32456
4773.5 53 7.28011
4774.5 52 7.2111
4775.5 56 7.48331
4776.5 48 6.9282
4777.5 55 7.4162
4778.5 42 6.48074
4779.5 51 7.14143
4780.5 49 7
4781.5 39 6.245
4782.5 30 5.47723
4783.5 42 6.48074
4784.5 47 6.85565
4785.5 60 7.74597
4786.5 42 6.48074
4787.5 48 6.9282
4788.5 51 7.14143
4789.5 54 7.34847
4790.5 58 7.61577
4791.5 54 7.34847
4792.5 46 6.78233
4793.5 34 5.83095
4794.5 48 6.9282
4795.5 35 5.91608
4796.5 42 6.48074
4797.5 45 6.7082
4798.5 47 6.85565
4799.5 43 6.55744
4800.5 52 7.2111
4801.5 42 6.48074
4802.5 58 7.61577
4803.5 60 7.74597
4804.5 37 6.08276
4805.5 44 6.63325
4806.5 56 7.48331
4807.5 40 6.32456
4808.5 42 6.48074
4809.5 46 6.78233
4810.5 35 5.91608
4811.5 36 6
4812.5 43 6.55744
4813.5 44 6.63325
4814.5 49 7
4815.5 37 6.08276
4816.5 44 6.63325
4817.5 54 7.34847
4818.5 45 6.7082
4819.5 37 6.08276
4820.5 71 8.42615
4821.5 39 6.245
4822.5 48 6.9282
4823.5 33 5.74456
4824.5 47 6.85565
4825.5 41 6.40312
4826.5 46 6.78233
4827.5 46 6.78233
4828.5 42 6.48074
4829.5 40 6.32456
4830.5 40 6.32456
4831.5 42 6.48074
4832.5 52 7.2111
4833.5 35 5.91608
4834.5 43 6.55744
4835.5 50 7.07107
4836.5 39 6.245
4837.5 47 6.85565
4838.5 39 6.245
4839.5 42 6.48074
4840.5 51 7.14143
4841.5 46 6.78233
4842.5 36 6
4843.5 41 6.40312
4844.5 56 7.48331
4845.5 39 6.245
4846.5 44 6.63325
4847.5 38 6.16441
4848.5 58 7.61577
4849.5 38 6.16441
4850.5 48 6.9282
4851.5 54 7.34847
4852.5 46 6.78233
4853.5 41 6.40312
4854.5 58 7.61577
4855.5 44 6.63325
4856.5 55 7.4162
4857.5 48 6.9282
4858.5 58 7.61577
4859.5 38 6.16441
4860.5 48 6.9282
4861.5 53 7.28011
4862.5 48 6.9282
4863.5 41 6.40312
4864.5 52 7.2111
4865.5 43 6.55744
4866.5 44 6.63325
4867.5 45 6.7082
4868.5 43 6.55744
4869.5 40 6.32456
4870.5 49 7
4871.5 40 6.32456
4872.5 45 6.7082
4873.5 51 7.14143
4874.5 45 6.7082
4875.5 37 6.08276
4876.5 45 6.7082
4877.5 40 6.32456
4878.5 48 6.9282
4879.5 50 7.07107
4880.5 54 7.34847
4881.5 48 6.9282
4882.5 47 6.85565
4883.5 40 6.32456
4884.5 39 6.245
4885.5 39 6.245
4886.5 33 5.74456
4887.5 42 6.48074
4888.5 34 5.83095
4889.5 47 6.85565
4890.5 46 6.78233
4891.5 44 6.63325
4892.5 53 7.28011
4893.5 48 6.9282
4894.5 47 6.85565
4895.5 39 6.245
4896.5 48 6.9282
4897.5 46 6.78233
4898.5 56 7.48331
4899.5 55 7.4162
4900.5 46 6.78233
4901.5 47 6.85565
4902.5 41 6.40312
4903.5 57 7.54983
4904.5 46 6.78233
4905.5 49 7
4906.5 36 6
4907.5 45 6.7082
4908.5 38 6.16441
4909.5 40 6.32456
4910.5 38 6.16441
4911.5 43 6.55744
4912.5 57 7.54983
4913.5 48 6.9282
4914.5 45 6.7082
4915.5 41 6.40312
4916.5 41 6.40312
4917.5 44 6.63325
4918.5 50 7.07107
4919.5 43 6.55744
4920.5 47 6.85565
4921.5 49 7
4922.5 42 6.48074
4923.5 50 7.07107
4924.5 47 6.85565
4925.5 34 5.83095
4926.5 43 6.55744
4927.5 52 7.2111
4928.5 28 5.2915
4929.5 40 6.32456
4930.5 45 6.7082
4931.5 42 6.48074
4932.5 40 6.32456
4933.5 48 6.9282
4934.5 46 6.78233
4935.5 59 7.68115
4936.5 54 7.34847
4937.5 51 7.14143
4938.5 44 6.63325
4939.5 42 6.48074
4940.5 41 6.40312
4941.5 36 6
4942.5 54 7.34847
4943.5 41 6.40312
4944.5 49 7
4945.5 62 7.87401
4946.5 36 6
4947.5 49 7
4948.5 39 6.245
4949.5 28 5.2915
4950.5 33 5.74456
4951.5 36 6
4952.5 34 5.83095
4953.5 39 6.245
4954.5 41 6.40312
4955.5 44 6.63325
4956.5 37 6.08276
4957.5 44 6.63325
4958.5 49 7
4959.5 40 6.32456
4960.5 47 6.85565
4961.5 40 6.32456
4962.5 55 7.4162
4963.5 46 6.78233
4964.5 48 6.9282
4965.5 46 6.78233
4966.5 36 6
4967.5 39 6.245
4968.5 50 7.07107
4969.5 43 6.55744
4970.5 48 6.9282
4971.5 41 6.40312
4972.5 37 6.08276
4973.5 59 7.68115
4974.5 42 6.48074
4975.5 44 6.63325
4976.5 47 6.85565
4977.5 47 6.85565
4978.5 27 5.19615
4979.5 45 6.7082
4980.5 49 7
4981.5 33 5.74456
4982.5 44 6.63325
4983.5 63 7.93725
4984.5 46 6.78233
4985.5 22 4.69042
4986.5 47 6.85565
4987.5 43 6.55744
4988.5 37 6.08276
4989.5 46 6.78233
4990.5 48 6.9282
4991.5 50 7.07107
4992.5 30 5.47723
4993.5 36 6
4994.5 46 6.78233
4995.5 46 6.78233
4996.5 56 7.48331
4997.5 41 6.40312
4998.5 40 6.32456
4999.5 46 6.78233
5000.5 47 6.85565
5001.5 41 6.40312
5002.5 52 7.2111
5003.5 32 5.65685
5004.5 43 6.55744
5005.5 47 6.85565
5006.5 39 6.245
5007.5 51 7.14143
5008.5 40 6.32456
5009.5 39 6.245
5010.5 34 5.83095
5011.5 46 6.78233
5012.5 39 6.245
5013.5 44 6.63325
5014.5 49 7
5015.5 45 6.7082
5016.5 47 6.85565
5017.5 44 6.63325
5018.5 42 6.48074
5019.5 45 6.7082
5020.5 51 7.14143
5021.5 46 6.78233
5022.5 40 6.32456
5023.5 44 6.63325
5024.5 50 7.07107
5025.5 56 7.48331
5026.5 43 6.55744
5027.5 46 6.78233
5028.5 48 6.9282
5029.5 45 6.7082
5030.5 42 6.48074
5031.5 57 7.54983
5032.5 30 5.47723
5033.5 56 7.48331
5034.5 35 5.91608
5035.5 36 6
5036.5 47 6.85565
5037.5 52 7.2111
5038.5 45 6.7082
5039.5 50 7.07107
5040.5 50 7.07107
5041.5 34 5.83095
5042.5 43 6.55744
5043.5 50 7.07107
5044.5 46 6.78233
5045.5 32 5.65685
5046.5 65 8.06226
5047.5 46 6.78233
5048.5 54 7.34847
5049.5 32 5.65685
5050.5 43 6.55744
5051.5 49 7
5052.5 49 7
5053.5 41 6.40312
5054.5 41 6.40312
5055.5 42 6.48074
5056.5 48 6.9282
5057.5 49 7
5058.5 47 6.85565
5059.5 50 7.07107
5060.5 38 6.16441
5061.5 42 6.48074
5062.5 47 6.85565
5063.5 44 6.63325
5064.5 45 6.7082
5065.5 48 6.9282
5066.5 31 5.56776
5067.5 37 6.08276
5068.5 44 6.63325
5069.5 34 5.83095
5070.5 40 6.32456
5071.5 23 4.79583
5072.5 33 5.74456
5073.5 43 6.55744
5074.5 54 7.34847
5075.5 42 6.48074
5076.5 33 5.74456
5077.5 46 6.78233
5078.5 52 7.2111
5079.5 38 6.16441
5080.5 42 6.48074
5081.5 44 6.63325
5082.5 42 6.48074
5083.5 47 6.85565
5084.5 55 7.4162
5085.5 33 5.74456
5086.5 44 6.63325
5087.5 46 6.78233
5088.5 50 7.07107
5089.5 52 7.2111
5090.5 55 7.4162
5091.5 39 6.245
5092.5 47 6.85565
5093.5 50 7.07107
5094.5 39 6.245
5095.5 46 6.78233
5096.5 44 6.63325
5097.5 45 6.7082
5098.5 38 6.16441
5099.5 40 6.32456
5100.5 53 7.28011
5101.5 50 7.07107
5102.5 30 5.47723
5103.5 44 6.63325
5104.5 37 6.08276
5105.5 49 7
5106.5 40 6.32456
5107.5 36 6
5108.5 46 6.78233
5109.5 43 6.55744
5110.5 45 6.7082
5111.5 43 6.55744
5112.5 43 6.55744
5113.5 47 6.85565
5114.5 36 6
5115.5 39 6.245
5116.5 45 6.7082
5117.5 42 6.48074
5118.5 51 7.14143
5119.5 45 6.7082
5120.5 50 7.07107
5121.5 53 7.28011
5122.5 40 6.32456
5123.5 51 7.14143
5124.5 46 6.78233
5125.5 39 6.245
5126.5 43 6.55744
5127.5 30 5.47723
5128.5 53 7.28011
5129.5 48 6.9282
5130.5 38 6.16441
5131.5 47 6.85565
5132.5 49 7
5133.5 34 5.83095
5134.5 52 7.2111
5135.5 44 6.63325
5136.5 43 6.55744
5137.5 40 6.32456
5138.5 44 6.63325
5139.5 44 6.63325
5140.5 38 6.16441
5141.5 31 5.56776
5142.5 54 7.34847
5143.5 50 7.07107
5144.5 51 7.14143
5145.5 43 6.55744
5146.5 50 7.07107
5147.5 45 6.7082
5148.5 48 6.9282
5149.5 39 6.245
5150.5 48 6.9282
5151.5 39 6.245
5152.5 35 5.91608
5153.5 21 4.58258
5154.5 39 6.245
5155.5 53 7.28011
5156.5 45 6.7082
5157.5 57 7.54983
5158.5 47 6.85565
5159.5 47 6.85565
5160.5 40 6.32456
5161.5 30 5.47723
5162.5 51 7.14143
5163.5 46 6.78233
5164.5 44 6.63325
5165.5 59 7.68115
5166.5 36 6
5167.5 46 6.78233
5168.5 42 6.48074
5169.5 50 7.07107
5170.5 37 6.08276
5171.5 42 6.48074
5172.5 49 7
5173.5 44 6.63325
5174.5 48 6.9282
5175.5 49 7
5176.5 48 6.9282
5177.5 37 6.08276
5178.5 36 6
5179.5 50 7.07107
5180.5 55 7.4162
5181.5 39 6.245
5182.5 40 6.32456
5183.5 34 5.83095
5184.5 46 6.78233
5185.5 35 5.91608
5186.5 42 6.48074
5187.5 39 6.245
5188.5 37 6.08276
5189.5 38 6.16441
5190.5 39 6.245
5191.5 34 5.83095
5192.5 28 5.2915
5193.5 49 7
5194.5 32 5.65685
5195.5 40 6.32456
5196.5 36 6
5197.5 39 6.245
5198.5 43 6.55744
5199.5 51 7.14143
5200.5 44 6.63325
5201.5 56 7.48331
5202.5 34 5.83095
5203.5 45 6.7082
5204.5 51 7.14143
5205.5 46 6.78233
5206.5 38 6.16441
5207.5 43 6.55744
5208.5 48 6.9282
5209.5 42 6.48074
5210.5 50 7.07107
5211.5 43 6.55744
5212.5 53 7.28011
5213.5 44 6.63325
5214.5 44 6.63325
5215.5 41 6.40312
5216.5 39 6.245
5217.5 49 7
5218.5 41 6.40312
5219.5 42 6.48074
5220.5 58 7.61577
5221.5 43 6.55744
5222.5 40 6.32456
5223.5 40 6.32456
5224.5 49 7
5225.5 44 6.63325
5226.5 55 7.4162
5227.5 35 5.91608
5228.5 46 6.78233
5229.5 39 6.245
5230.5 45 6.7082
5231.5 41 6.40312
5232.5 42 6.48074
5233.5 44 6.63325
5234.5 43 6.55744
5235.5 33 5.74456
5236.5 44 6.63325
5237.5 47 6.85565
5238.5 35 5.91608
5239.5 39 6.245
5240.5 50 7.07107
5241.5 57 7.54983
5242.5 40 6.32456
5243.5 40 6.32456
5244.5 43 6.55744
5245.5 40 6.32456
5246.5 46 6.78233
5247.5 54 7.34847
5248.5 45 6.7082
5249.5 41 6.40312
5250.5 47 6.85565
5251.5 40 6.32456
5252.5 44 6.63325
5253.5 54 7.34847
5254.5 41 6.40312
5255.5 35 5.91608
5256.5 53 7.28011
5257.5 48 6.9282
5258.5 36 6
5259.5 44 6.63325
5260.5 46 6.78233
5261.5 38 6.16441
5262.5 46 6.78233
5263.5 35 5.91608
5264.5 44 6.63325
5265.5 44 6.63325
5266.5 42 6.48074
5267.5 49 7
5268.5 44 6.63325
5269.5 44 6.63325
5270.5 38 6.16441
5271.5 47 6.85565
5272.5 54 7.34847
5273.5 44 6.63325
5274.5 45 6.7082
5275.5 46 6.78233
5276.5 43 6.55744
5277.5 41 6.40312
5278.5 52 7.2111
5279.5 42 6.48074
5280.5 41 6.40312
5281.5 57 7.54983
5282.5 51 7.14143
5283.5 42 6.48074
5284.5 52 7.2111
5285.5 46 6.78233
5286.5 44 6.63325
5287.5 62 7.87401
5288.5 51 7.14143
5289.5 45 6.7082
5290.5 51 7.14143
5291.5 53 7.28011
5292.5 48 6.9282
5293.5 43 6.55744
5294.5 41 6.40312
5295.5 47 6.85565
5296.5 46 6.78233
5297.5 35 5.91608
5298.5 36 6
5299.5 37 6.08276
5300.5 37 6.08276
5301.5 36 6
5302.5 41 6.40312
5303.5 40 6.32456
5304.5 38 6.16441
5305.5 53 7.28011
5306.5 36 6
5307.5 38 6.16441
5308.5 47 6.85565
5309.5 45 6.7082
5310.5 41 6.40312
5311.5 47 6.85565
5312.5 38 6.16441
5313.5 39 6.245
5314.5 30 5.47723
5315.5 48 6.9282
5316.5 39 6.245
5317.5 47 6.85565
5318.5 53 7.28011
5319.5 43 6.55744
5320.5 50 7.07107
5321.5 47 6.85565
5322.5 54 7.34847
5323.5 40 6.32456
5324.5 47 6.85565
5325.5 48 6.9282
5326.5 41 6.40312
5327.5 45 6.7082
5328.5 37 6.08276
5329.5 41 6.40312
5330.5 30 5.47723
5331.5 44 6.63325
5332.5 44 6.63325
5333.5 33 5.74456
5334.5 39 6.245
5335.5 56 7.48331
5336.5 43 6.55744
5337.5 45 6.7082
5338.5 43 6.55744
5339.5 51 7.14143
5340.5 34 5.83095
5341.5 41 6.40312
5342.5 39 6.245
5343.5 47 6.85565
5344.5 41 6.40312
5345.5 49 7
5346.5 38 6.16441
5347.5 49 7
5348.5 49 7
5349.5 40 6.32456
5350.5 46 6.78233
5351.5 51 7.14143
5352.5 43 6.55744
5353.5 41 6.40312
5354.5 40 6.32456
5355.5 40 6.32456
5356.5 46 6.78233
5357.5 54 7.34847
5358.5 41 6.40312
5359.5 45 6.7082
5360.5 34 5.83095
5361.5 38 6.16441
5362.5 44 6.63325
5363.5 40 6.32456
5364.5 39 6.245
5365.5 42 6.48074
5366.5 39 6.245
5367.5 60 7.74597
5368.5 40 6.32456
5369.5 41 6.40312
5370.5 40 6.32456
5371.5 58 7.61577
5372.5 42 6.48074
5373.5 49 7
5374.5 33 5.74456
5375.5 51 7.14143
5376.5 37 6.08276
5377.5 41 6.40312
5378.5 44 6.63325
5379.5 49 7
5380.5 55 7.4162
5381.5 40 6.32456
5382.5 54 7.34847
5383.5 50 7.07107
5384.5 47 6.85565
5385.5 52 7.2111
5386.5 49 7
5387.5 39 6.245
5388.5 37 6.08276
5389.5 50 7.07107
5390.5 45 6.7082
5391.5 48 6.9282
5392.5 45 6.7082
5393.5 53 7.28011
5394.5 45 6.7082
5395.5 53 7.28011
5396.5 50 7.07107
5397.5 56 7.48331
5398.5 40 6.32456
5399.5 43 6.55744
5400.5 53 7.28011
5401.5 56 7.48331
5402.5 46 6.78233
5403.5 51 7.14143
5404.5 43 6.55744
5405.5 47 6.85565
5406.5 46 6.78233
5407.5 45 6.7082
5408.5 47 6.85565
5409.5 59 7.68115
5410.5 61 7.81025
5411.5 66 8.12404
5412.5 53 7.28011
5413.5 70 8.3666
5414.5 58 7.61577
5415.5 52 7.2111
5416.5 57 7.54983
5417.5 51 7.14143
5418.5 54 7.34847
5419.5 54 7.34847
5420.5 44 6.63325
5421.5 65 8.06226
5422.5 62 7.87401
5423.5 53 7.28011
5424.5 50 7.07107
5425.5 55 7.4162
5426.5 56 7.48331
5427.5 57 7.54983
5428.5 59 7.68115
5429.5 54 7.34847
5430.5 55 7.4162
5431.5 59 7.68115
5432.5 61 7.81025
5433.5 66 8.12404
5434.5 53 7.28011
5435.5 66 8.12404
5436.5 64 8
5437.5 52 7.2111
5438.5 61 7.81025
5439.5 63 7.93725
5440.5 76 8.7178
5441.5 64 8
5442.5 61 7.81025
5443.5 63 7.93725
5444.5 67 8.18535
5445.5 68 8.24621
5446.5 85 9.21954
5447.5 71 8.42615
5448.5 65 8.06226
5449.5 70 8.3666
5450.5 65 8.06226
5451.5 63 7.93725
5452.5 90 9.48683
5453.5 92 9.59166
5454.5 72 8.48528
5455.5 79 8.88819
5456.5 75 8.66025
5457.5 92 9.59166
5458.5 75 8.66025
5459.5 72 8.48528
5460.5 79 8.88819
5461.5 69 8.30662
5462.5 78 8.83176
5463.5 77 8.77496
5464.5 71 8.42615
5465.5 93 9.64365
5466.5 73 8.544
5467.5 85 9.21954
5468.5 79 8.88819
5469.5 97 9.84886
5470.5 80 8.94427
5471.5 76 8.7178
5472.5 81 9
5473.5 79 8.88819
5474.5 78 8.83176
5475.5 95 9.74679
5476.5 80 8.94427
5477.5 92 9.59166
5478.5 102 10.0995
5479.5 111 10.5357
5480.5 89 9.43398
5481.5 90 9.48683
5482.5 106 10.2956
5483.5 87 9.32738
5484.5 98 9.89949
5485.5 96 9.79796
5486.5 87 9.32738
5487.5 94 9.69536
5488.5 88 9.38083
5489.5 78 8.83176
5490.5 84 9.16515
5491.5 86 9.27362
5492.5 83 9.11043
5493.5 91 9.53939
5494.5 86 9.27362
5495.5 84 9.16515
5496.5 91 9.53939
5497.5 92 9.59166
5498.5 81 9
5499.5 80 8.94427
5500.5 73 8.544
5501.5 83 9.11043
5502.5 77 8.77496
5503.5 79 8.88819
5504.5 91 9.53939
5505.5 71 8.42615
5506.5 62 7.87401
5507.5 82 9.05539
5508.5 81 9
5509.5 70 8.3666
5510.5 74 8.60233
5511.5 76 8.7178
5512.5 74 8.60233
5513.5 79 8.88819
5514.5 63 7.93725
5515.5 70 8.3666
5516.5 74 8.60233
5517.5 81 9
5518.5 65 8.06226
5519.5 71 8.42615
5520.5 54 7.34847
5521.5 72 8.48528
5522.5 65 8.06226
5523.5 69 8.30662
5524.5 70 8.3666
5525.5 76 8.7178
5526.5 58 7.61577
5527.5 59 7.68115
5528.5 54 7.34847
5529.5 58 7.61577
5530.5 62 7.87401
5531.5 53 7.28011
5532.5 43 6.55744
5533.5 68 8.24621
5534.5 43 6.55744
5535.5 53 7.28011
5536.5 68 8.24621
5537.5 55 7.4162
5538.5 51 7.14143
5539.5 64 8
5540.5 55 7.4162
5541.5 53 7.28011
5542.5 52 7.2111
5543.5 62 7.87401
5544.5 48 6.9282
5545.5 63 7.93725
5546.5 60 7.74597
5547.5 44 6.63325
5548.5 51 7.14143
5549.5 55 7.4162
5550.5 50 7.07107
5551.5 60 7.74597
5552.5 59 7.68115
5553.5 45 6.7082
5554.5 59 7.68115
5555.5 65 8.06226
5556.5 51 7.14143
5557.5 45 6.7082
5558.5 42 6.48074
5559.5 56 7.48331
5560.5 54 7.34847
5561.5 49 7
5562.5 55 7.4162
5563.5 49 7
5564.5 37 6.08276
5565.5 49 7
5566.5 42 6.48074
5567.5 47 6.85565
5568.5 47 6.85565
5569.5 43 6.55744
5570.5 53 7.28011
5571.5 61 7.81025
5572.5 54 7.34847
5573.5 42 6.48074
5574.5 48 6.9282
5575.5 41 6.40312
5576.5 48 6.9282
5577.5 41 6.40312
5578.5 57 7.54983
5579.5 56 7.48331
5580.5 49 7
5581.5 55 7.4162
5582.5 51 7.14143
5583.5 47 6.85565
5584.5 64 8
5585.5 43 6.55744
5586.5 48 6.9282
5587.5 48 6.9282
5588.5 57 7.54983
5589.5 46 6.78233
5590.5 46 6.78233
5591.5 51 7.14143
5592.5 59 7.68115
5593.5 58 7.61577
5594.5 49 7
5595.5 59 7.68115
5596.5 45 6.7082
5597.5 55 7.4162
5598.5 50 7.07107
5599.5 43 6.55744
5600.5 48 6.9282
5601.5 51 7.14143
5602.5 51 7.14143
5603.5 37 6.08276
5604.5 39 6.245
5605.5 41 6.40312
5606.5 46 6.78233
5607.5 49 7
5608.5 46 6.78233
5609.5 43 6.55744
5610.5 52 7.2111
5611.5 57 7.54983
5612.5 49 7
5613.5 38 6.16441
5614.5 55 7.4162
5615.5 53 7.28011
5616.5 47 6.85565
5617.5 47 6.85565
5618.5 51 7.14143
5619.5 45 6.7082
5620.5 54 7.34847
5621.5 45 6.7082
5622.5 51 7.14143
5623.5 44 6.63325
5624.5 41 6.40312
5625.5 54 7.34847
5626.5 42 6.48074
5627.5 52 7.2111
5628.5 49 7
5629.5 42 6.48074
5630.5 55 7.4162
5631.5 56 7.48331
5632.5 41 6.40312
5633.5 54 7.34847
5634.5 40 6.32456
5635.5 55 7.4162
5636.5 45 6.7082
5637.5 39 6.245
5638.5 58 7.61577
5639.5 53 7.28011
5640.5 52 7.2111
5641.5 52 7.2111
5642.5 52 7.2111
5643.5 49 7
5644.5 51 7.14143
5645.5 53 7.28011
5646.5 57 7.54983
5647.5 49 7
5648.5 37 6.08276
5649.5 58 7.61577
5650.5 40 6.32456
5651.5 43 6.55744
5652.5 36 6
5653.5 45 6.7082
5654.5 53 7.28011
5655.5 49 7
5656.5 39 6.245
5657.5 45 6.7082
5658.5 53 7.28011
5659.5 52 7.2111
5660.5 51 7.14143
5661.5 56 7.48331
5662.5 40 6.32456
5663.5 45 6.7082
5664.5 55 7.4162
5665.5 60 7.74597
5666.5 46 6.78233
5667.5 44 6.63325
5668.5 41 6.40312
5669.5 38 6.16441
5670.5 54 7.34847
5671.5 64 8
5672.5 54 7.34847
5673.5 42 6.48074
5674.5 46 6.78233
5675.5 51 7.14143
5676.5 44 6.63325
5677.5 53 7.28011
5678.5 46 6.78233
5679.5 49 7
5680.5 38 6.16441
5681.5 41 6.40312
5682.5 60 7.74597
5683.5 57 7.54983
5684.5 54 7.34847
5685.5 56 7.48331
5686.5 49 7
5687.5 41 6.40312
5688.5 58 7.61577
5689.5 51 7.14143
5690.5 51 7.14143
5691.5 48 6.9282
5692.5 49 7
5693.5 53 7.28011
5694.5 50 7.07107
5695.5 50 7.07107
5696.5 49 7
5697.5 36 6
5698.5 42 6.48074
5699.5 55 7.4162
5700.5 44 6.63325
5701.5 50 7.07107
5702.5 49 7
5703.5 50 7.07107
5704.5 50 7.07107
5705.5 48 6.9282
5706.5 50 7.07107
5707.5 42 6.48074
5708.5 45 6.7082
5709.5 51 7.14143
5710.5 57 7.54983
5711.5 41 6.40312
5712.5 50 7.07107
5713.5 37 6.08276
5714.5 49 7
5715.5 48 6.9282
5716.5 43 6.55744
5717.5 49 7
5718.5 45 6.7082
5719.5 40 6.32456
5720.5 51 7.14143
5721.5 50 7.07107
5722.5 53 7.28011
5723.5 56 7.48331
5724.5 56 7.48331
5725.5 45 6.7082
5726.5 49 7
5727.5 52 7.2111
5728.5 51 7.14143
5729.5 52 7.2111
5730.5 44 6.63325
5731.5 46 6.78233
5732.5 47 6.85565
5733.5 55 7.4162
5734.5 49 7
5735.5 44 6.63325
5736.5 54 7.34847
5737.5 47 6.85565
5738.5 47 6.85565
5739.5 61 7.81025
5740.5 56 7.48331
5741.5 45 6.7082
5742.5 63 7.93725
5743.5 46 6.78233
5744.5 44 6.63325
5745.5 49 7
5746.5 27 5.19615
5747.5 62 7.87401
5748.5 41 6.40312
5749.5 40 6.32456
5750.5 56 7.48331
5751.5 47 6.85565
5752.5 44 6.63325
5753.5 47 6.85565
5754.5 38 6.16441
5755.5 41 6.40312
5756.5 48 6.9282
5757.5 47 6.85565
5758.5 46 6.78233
5759.5 48 6.9282
5760.5 49 7
5761.5 47 6.85565
5762.5 42 6.48074
5763.5 46 6.78233
5764.5 44 6.63325
5765.5 56 7.48331
5766.5 60 7.74597
5767.5 52 7.2111
5768.5 44 6.63325
5769.5 44 6.63325
5770.5 50 7.07107
5771.5 43 6.55744
5772.5 52 7.2111
5773.5 57 7.54983
5774.5 46 6.78233
5775.5 45 6.7082
5776.5 53 7.28011
5777.5 56 7.48331
5778.5 41 6.40312
5779.5 47 6.85565
5780.5 39 6.245
5781.5 49 7
5782.5 46 6.78233
5783.5 49 7
5784.5 50 7.07107
5785.5 50 7.07107
5786.5 60 7.74597
5787.5 40 6.32456
5788.5 48 6.9282
5789.5 53 7.28011
5790.5 46 6.78233
5791.5 44 6.63325
5792.5 48 6.9282
5793.5 44 6.63325
5794.5 50 7.07107
5795.5 42 6.48074
5796.5 41 6.40312
5797.5 54 7.34847
5798.5 42 6.48074
5799.5 48 6.9282
5800.5 53 7.28011
5801.5 42 6.48074
5802.5 44 6.63325
5803.5 46 6.78233
5804.5 57 7.54983
5805.5 41 6.40312
5806.5 54 7.34847
5807.5 54 7.34847
5808.5 47 6.85565
5809.5 57 7.54983
5810.5 45 6.7082
5811.5 42 6.48074
5812.5 62 7.87401
5813.5 51 7.14143
5814.5 49 7
5815.5 48 6.9282
5816.5 52 7.2111
5817.5 56 7.48331
5818.5 51 7.14143
5819.5 47 6.85565
5820.5 53 7.28011
5821.5 50 7.07107
5822.5 43 6.55744
5823.5 59 7.68115
5824.5 51 7.14143
5825.5 50 7.07107
5826.5 61 7.81025
5827.5 42 6.48074
5828.5 54 7.34847
5829.5 53 7.28011
5830.5 45 6.7082
5831.5 40 6.32456
5832.5 58 7.61577
5833.5 56 7.48331
5834.5 47 6.85565
5835.5 37 6.08276
5836.5 49 7
5837.5 44 6.63325
5838.5 50 7.07107
5839.5 41 6.40312
5840.5 39 6.245
5841.5 47 6.85565
5842.5 59 7.68115
5843.5 53 7.28011
5844.5 53 7.28011
5845.5 40 6.32456
5846.5 43 6.55744
5847.5 52 7.2111
5848.5 40 6.32456
5849.5 49 7
5850.5 57 7.54983
5851.5 37 6.08276
5852.5 54 7.34847
5853.5 39 6.245
5854.5 39 6.245
5855.5 45 6.7082
5856.5 38 6.16441
5857.5 42 6.48074
5858.5 50 7.07107
5859.5 47 6.85565
5860.5 39 6.245
5861.5 51 7.14143
5862.5 55 7.4162
5863.5 53 7.28011
5864.5 42 6.48074
5865.5 36 6
5866.5 42 6.48074
5867.5 48 6.9282
5868.5 52 7.2111
5869.5 48 6.9282
5870.5 51 7.14143
5871.5 48 6.9282
5872.5 45 6.7082
5873.5 38 6.16441
5874.5 49 7
5875.5 39 6.245
5876.5 51 7.14143
5877.5 45 6.7082
5878.5 48 6.9282
5879.5 33 5.74456
5880.5 41 6.40312
5881.5 48 6.9282
5882.5 60 7.74597
5883.5 42 6.48074
5884.5 51 7.14143
5885.5 41 6.40312
5886.5 44 6.63325
5887.5 43 6.55744
5888.5 55 7.4162
5889.5 40 6.32456
5890.5 50 7.07107
5891.5 45 6.7082
5892.5 43 6.55744
5893.5 59 7.68115
5894.5 55 7.4162
5895.5 42 6.48074
5896.5 41 6.40312
5897.5 44 6.63325
5898.5 47 6.85565
5899.5 65 8.06226
5900.5 49 7
5901.5 49 7
5902.5 40 6.32456
5903.5 48 6.9282
5904.5 49 7
5905.5 37 6.08276
5906.5 48 6.9282
5907.5 69 8.30662
5908.5 50 7.07107
5909.5 45 6.7082
5910.5 40 6.32456
5911.5 46 6.78233
5912.5 53 7.28011
5913.5 50 7.07107
5914.5 37 6.08276
5915.5 43 6.55744
5916.5 40 6.32456
5917.5 46 6.78233
5918.5 48 6.9282
5919.5 56 7.48331
5920.5 53 7.28011
5921.5 54 7.34847
5922.5 48 6.9282
5923.5 53 7.28011
5924.5 52 7.2111
5925.5 39 6.245
5926.5 52 7.2111
5927.5 49 7
5928.5 36 6
5929.5 45 6.7082
5930.5 49 7
5931.5 56 7.48331
5932.5 49 7
5933.5 48 6.9282
5934.5 47 6.85565
5935.5 52 7.2111
5936.5 43 6.55744
5937.5 46 6.78233
5938.5 56 7.48331
5939.5 49 7
5940.5 56 7.48331
5941.5 45 6.7082
5942.5 59 7.68115
5943.5 50 7.07107
5944.5 45 6.7082
5945.5 55 7.4162
5946.5 48 6.9282
5947.5 40 6.32456
5948.5 47 6.85565
5949.5 45 6.7082
5950.5 51 7.14143
5951.5 41 6.40312
5952.5 70 8.3666
5953.5 45 6.7082
5954.5 54 7.34847
5955.5 45 6.7082
5956.5 57 7.54983
5957.5 51 7.14143
5958.5 48 6.9282
5959.5 39 6.245
5960.5 42 6.48074
5961.5 52 7.2111
5962.5 49 7
5963.5 48 6.9282
5964.5 41 6.40312
5965.5 51 7.14143
5966.5 47 6.85565
5967.5 54 7.34847
5968.5 46 6.78233
5969.5 52 7.2111
5970.5 41 6.40312
5971.5 54 7.34847
5972.5 41 6.40312
5973.5 58 7.61577
5974.5 50 7.07107
5975.5 44 6.63325
5976.5 37 6.08276
5977.5 53 7.28011
5978.5 47 6.85565
5979.5 35 5.91608
5980.5 52 7.2111
5981.5 56 7.48331
5982.5 54 7.34847
5983.5 42 6.48074
5984.5 56 7.48331
5985.5 52 7.2111
5986.5 40 6.32456
5987.5 33 5.74456
5988.5 47 6.85565
5989.5 51 7.14143
5990.5 42 6.48074
5991.5 56 7.48331
5992.5 48 6.9282
5993.5 47 6.85565
5994.5 42 6.48074
5995.5 51 7.14143
5996.5 44 6.63325
5997.5 51 7.14143
5998.5 49 7
5999.5 48 6.9282
6000.5 48 6.9282
6001.5 35 5.91608
6002.5 50 7.07107
6003.5 42 6.48074
6004.5 59 7.68115
6005.5 47 6.85565
6006.5 38 6.16441
6007.5 42 6.48074
6008.5 51 7.14143
6009.5 41 6.40312
6010.5 46 6.78233
6011.5 44 6.63325
6012.5 48 6.9282
6013.5 39 6.245
6014.5 42 6.48074
6015.5 54 7.34847
6016.5 45 6.7082
6017.5 49 7
6018.5 60 7.74597
6019.5 49 7
6020.5 29 5.38516
6021.5 47 6.85565
6022.5 49 7
6023.5 49 7
6024.5 47 6.85565
6025.5 32 5.65685
6026.5 40 6.32456
6027.5 45 6.7082
6028.5 42 6.48074
6029.5 47 6.85565
6030.5 52 7.2111
6031.5 44 6.63325
6032.5 45 6.7082
6033.5 47 6.85565
6034.5 42 6.48074
6035.5 42 6.48074
6036.5 37 6.08276
6037.5 39 6.245
6038.5 60 7.74597
6039.5 38 6.16441
6040.5 56 7.48331
6041.5 54 7.34847
6042.5 44 6.63325
6043.5 43 6.55744
6044.5 73 8.544
6045.5 50 7.07107
6046.5 47 6.85565
6047.5 34 5.83095
6048.5 43 6.55744
6049.5 41 6.40312
6050.5 31 5.56776
6051.5 46 6.78233
6052.5 36 6
6053.5 43 6.55744
6054.5 55 7.4162
6055.5 48 6.9282
6056.5 48 6.9282
6057.5 53 7.28011
6058.5 59 7.68115
6059.5 38 6.16441
6060.5 37 6.08276
6061.5 45 6.7082
6062.5 38 6.16441
6063.5 47 6.85565
6064.5 50 7.07107
6065.5 54 7.34847
6066.5 42 6.48074
6067.5 50 7.07107
6068.5 48 6.9282
6069.5 45 6.7082
6070.5 34 5.83095
6071.5 47 6.85565
6072.5 33 5.74456
6073.5 50 7.07107
6074.5 46 6.78233
6075.5 46 6.78233
6076.5 51 7.14143
6077.5 45 6.7082
6078.5 47 6.85565
6079.5 45 6.7082
6080.5 48 6.9282
6081.5 41 6.40312
6082.5 55 7.4162
6083.5 51 7.14143
6084.5 59 7.68115
6085.5 45 6.7082
6086.5 43 6.55744
6087.5 48 6.9282
6088.5 50 7.07107
6089.5 44 6.63325
6090.5 38 6.16441
6091.5 57 7.54983
6092.5 39 6.245
6093.5 42 6.48074
6094.5 42 6.48074
6095.5 44 6.63325
6096.5 47 6.85565
6097.5 35 5.91608
6098.5 42 6.48074
6099.5 45 6.7082
6100.5 36 6
6101.5 53 7.28011
6102.5 44 6.63325
6103.5 54 7.34847
6104.5 54 7.34847
6105.5 43 6.55744
6106.5 53 7.28011
6107.5 54 7.34847
6108.5 39 6.245
6109.5 35 5.91608
6110.5 47 6.85565
6111.5 51 7.14143
6112.5 60 7.74597
6113.5 50 7.07107
6114.5 45 6.7082
6115.5 42 6.48074
6116.5 45 6.7082
6117.5 44 6.63325
6118.5 50 7.07107
6119.5 36 6
6120.5 33 5.74456
6121.5 45 6.7082
6122.5 58 7.61577
6123.5 53 7.28011
6124.5 51 7.14143
6125.5 45 6.7082
6126.5 46 6.78233
6127.5 57 7.54983
6128.5 52 7.2111
6129.5 37 6.08276
6130.5 59 7.68115
6131.5 54 7.34847
6132.5 45 6.7082
6133.5 35 5.91608
6134.5 30 5.47723
6135.5 53 7.28011
6136.5 47 6.85565
6137.5 45 6.7082
6138.5 43 6.55744
6139.5 42 6.48074
6140.5 44 6.63325
6141.5 46 6.78233
6142.5 36 6
6143.5 62 7.87401
6144.5 49 7
6145.5 51 7.14143
6146.5 40 6.32456
6147.5 53 7.28011
6148.5 49 7
6149.5 55 7.4162
6150.5 53 7.28011
6151.5 46 6.78233
6152.5 56 7.48331
6153.5 40 6.32456
6154.5 44 6.63325
6155.5 45 6.7082
6156.5 53 7.28011
6157.5 49 7
6158.5 46 6.78233
6159.5 50 7.07107
6160.5 48 6.9282
6161.5 43 6.55744
6162.5 47 6.85565
6163.5 53 7.28011
6164.5 45 6.7082
6165.5 36 6
6166.5 42 6.48074
6167.5 54 7.34847
6168.5 44 6.63325
6169.5 52 7.2111
6170.5 51 7.14143
6171.5 43 6.55744
6172.5 44 6.63325
6173.5 54 7.34847
6174.5 54 7.34847
6175.5 50 7.07107
6176.5 53 7.28011
6177.5 46 6.78233
6178.5 55 7.4162
6179.5 59 7.68115
6180.5 50 7.07107
6181.5 54 7.34847
6182.5 51 7.14143
6183.5 36 6
6184.5 53 7.28011
6185.5 41 6.40312
6186.5 59 7.68115
6187.5 44 6.63325
6188.5 49 7
6189.5 48 6.9282
6190.5 39 6.245
6191.5 41 6.40312
6192.5 48 6.9282
6193.5 52 7.2111
6194.5 50 7.07107
6195.5 50 7.07107
6196.5 45 6.7082
6197.5 43 6.55744
6198.5 40 6.32456
6199.5 48 6.9282
6200.5 45 6.7082
6201.5 36 6
6202.5 54 7.34847
6203.5 55 7.4162
6204.5 48 6.9282
6205.5 44 6.63325
6206.5 54 7.34847
6207.5 49 7
6208.5 56 7.48331
6209.5 63 7.93725
6210.5 51 7.14143
6211.5 54 7.34847
6212.5 47 6.85565
6213.5 46 6.78233
6214.5 44 6.63325
6215.5 38 6.16441
6216.5 52 7.2111
6217.5 46 6.78233
6218.5 53 7.28011
6219.5 41 6.40312
6220.5 42 6.48074
6221.5 43 6.55744
6222.5 50 7.07107
6223.5 52 7.2111
6224.5 43 6.55744
6225.5 52 7.2111
6226.5 40 6.32456
6227.5 59 7.68115
6228.5 53 7.28011
6229.5 49 7
6230.5 55 7.4162
6231.5 46 6.78233
6232.5 52 7.2111
6233.5 36 6
6234.5 44 6.63325
6235.5 37 6.08276
6236.5 55 7.4162
6237.5 41 6.40312
6238.5 62 7.87401
6239.5 41 6.40312
6240.5 47 6.85565
6241.5 54 7.34847
6242.5 36 6
6243.5 39 6.245
6244.5 35 5.91608
6245.5 51 7.14143
6246.5 33 5.74456
6247.5 59 7.68115
6248.5 41 6.40312
6249.5 49 7
6250.5 41 6.40312
6251.5 49 7
6252.5 42 6.48074
6253.5 44 6.63325
6254.5 41 6.40312
6255.5 40 6.32456
6256.5 51 7.14143
6257.5 42 6.48074
6258.5 56 7.48331
6259.5 48 6.9282
6260.5 47 6.85565
6261.5 53 7.28011
6262.5 53 7.28011
6263.5 48 6.9282
6264.5 64 8
6265.5 52 7.2111
6266.5 47 6.85565
6267.5 39 6.245
6268.5 42 6.48074
6269.5 42 6.48074
6270.5 54 7.34847
6271.5 41 6.40312
6272.5 29 5.38516
6273.5 45 6.7082
6274.5 42 6.48074
6275.5 45 6.7082
6276.5 58 7.61577
6277.5 37 6.08276
6278.5 46 6.78233
6279.5 47 6.85565
6280.5 55 7.4162
6281.5 50 7.07107
6282.5 64 8
6283.5 50 7.07107
6284.5 41 6.40312
6285.5 59 7.68115
6286.5 56 7.48331
6287.5 45 6.7082
6288.5 51 7.14143
6289.5 44 6.63325
6290.5 41 6.40312
6291.5 54 7.34847
6292.5 43 6.55744
6293.5 59 7.68115
6294.5 48 6.9282
6295.5 63 7.93725
6296.5 44 6.63325
6297.5 46 6.78233
6298.5 48 6.9282
6299.5 32 5.65685
6300.5 45 6.7082
6301.5 58 7.61577
6302.5 32 5.65685
6303.5 54 7.34847
6304.5 39 6.245
6305.5 46 6.78233
6306.5 54 7.34847
6307.5 47 6.85565
6308.5 46 6.78233
6309.5 52 7.2111
6310.5 38 6.16441
6311.5 55 7.4162
6312.5 50 7.07107
6313.5 42 6.48074
6314.5 38 6.16441
6315.5 42 6.48074
6316.5 41 6.40312
6317.5 48 6.9282
6318.5 47 6.85565
6319.5 49 7
6320.5 50 7.07107
6321.5 48 6.9282
6322.5 40 6.32456
6323.5 46 6.78233
6324.5 45 6.7082
6325.5 44 6.63325
6326.5 45 6.7082
6327.5 51 7.14143
6328.5 47 6.85565
6329.5 46 6.78233
6330.5 44 6.63325
6331.5 38 6.16441
6332.5 46 6.78233
6333.5 47 6.85565
6334.5 43 6.55744
6335.5 36 6
6336.5 45 6.7082
6337.5 34 5.83095
6338.5 40 6.32456
6339.5 44 6.63325
6340.5 45 6.7082
6341.5 60 7.74597
6342.5 53 7.28011
6343.5 51 7.14143
6344.5 47 6.85565
6345.5 49 7
6346.5 57 7.54983
6347.5 49 7
6348.5 38 6.16441
6349.5 50 7.07107
6350.5 45 6.7082
6351.5 47 6.85565
6352.5 45 6.7082
6353.5 51 7.14143
6354.5 49 7
6355.5 54 7.34847
6356.5 49 7
6357.5 40 6.32456
6358.5 56 7.48331
6359.5 53 7.28011
6360.5 37 6.08276
6361.5 45 6.7082
6362.5 46 6.78233
6363.5 54 7.34847
6364.5 33 5.74456
6365.5 55 7.4162
6366.5 41 6.40312
6367.5 50 7.07107
6368.5 41 6.40312
6369.5 35 5.91608
6370.5 46 6.78233
6371.5 53 7.28011
6372.5 47 6.85565
6373.5 44 6.63325
6374.5 42 6.48074
6375.5 42 6.48074
6376.5 58 7.61577
6377.5 45 6.7082
6378.5 52 7.2111
6379.5 56 7.48331
6380.5 40 6.32456
6381.5 52 7.2111
6382.5 32 5.65685
6383.5 44 6.63325
6384.5 47 6.85565
6385.5 39 6.245
6386.5 41 6.40312
6387.5 41 6.40312
6388.5 57 7.54983
6389.5 40 6.32456
6390.5 51 7.14143
6391.5 53 7.28011
6392.5 42 6.48074
6393.5 48 6.9282
6394.5 49 7
6395.5 48 6.9282
6396.5 49 7
6397.5 45 6.7082
6398.5 48 6.9282
6399.5 39 6.245
6400.5 44 6.63325
6401.5 56 7.48331
6402.5 59 7.68115
6403.5 39 6.245
6404.5 45 6.7082
6405.5 42 6.48074
6406.5 52 7.2111
6407.5 51 7.14143
6408.5 49 7
6409.5 44 6.63325
6410.5 49 7
6411.5 50 7.07107
6412.5 50 7.07107
6413.5 51 7.14143
6414.5 50 7.07107
6415.5 51 7.14143
6416.5 44 6.63325
6417.5 46 6.78233
6418.5 42 6.48074
6419.5 38 6.16441
6420.5 43 6.55744
6421.5 48 6.9282
6422.5 63 7.93725
6423.5 53 7.28011
6424.5 53 7.28011
6425.5 44 6.63325
6426.5 37 6.08276
6427.5 41 6.40312
6428.5 44 6.63325
6429.5 42 6.48074
6430.5 44 6.63325
6431.5 55 7.4162
6432.5 48 6.9282
6433.5 51 7.14143
6434.5 50 7.07107
6435.5 48 6.9282
6436.5 63 7.93725
6437.5 59 7.68115
6438.5 53 7.28011
6439.5 53 7.28011
6440.5 54 7.34847
6441.5 51 7.14143
6442.5 49 7
6443.5 51 7.14143
6444.5 48 6.9282
6445.5 50 7.07107
6446.5 59 7.68115
6447.5 48 6.9282
6448.5 47 6.85565
6449.5 49 7
6450.5 49 7
6451.5 44 6.63325
6452.5 49 7
6453.5 52 7.2111
6454.5 33 5.74456
6455.5 48 6.9282
6456.5 52 7.2111
6457.5 35 5.91608
6458.5 56 7.48331
6459.5 64 8
6460.5 55 7.4162
6461.5 49 7
6462.5 52 7.2111
6463.5 48 6.9282
6464.5 49 7
6465.5 60 7.74597
6466.5 45 6.7082
6467.5 54 7.34847
6468.5 56 7.48331
6469.5 58 7.61577
6470.5 43 6.55744
6471.5 55 7.4162
6472.5 53 7.28011
6473.5 60 7.74597
6474.5 42 6.48074
6475.5 45 6.7082
6476.5 50 7.07107
6477.5 40 6.32456
6478.5 50 7.07107
6479.5 63 7.93725
6480.5 49 7
6481.5 55 7.4162
6482.5 59 7.68115
6483.5 41 6.40312
6484.5 42 6.48074
6485.5 48 6.9282
6486.5 53 7.28011
6487.5 54 7.34847
6488.5 55 7.4162
6489.5 63 7.93725
6490.5 54 7.34847
6491.5 53 7.28011
6492.5 57 7.54983
6493.5 43 6.55744
6494.5 45 6.7082
6495.5 40 6.32456
6496.5 52 7.2111
6497.5 58 7.61577
6498.5 52 7.2111
6499.5 48 6.9282
6500.5 46 6.78233
6501.5 38 6.16441
6502.5 51 7.14143
6503.5 43 6.55744
6504.5 40 6.32456
6505.5 34 5.83095
6506.5 50 7.07107
6507.5 48 6.9282
6508.5 55 7.4162
6509.5 52 7.2111
6510.5 45 6.7082
6511.5 58 7.61577
6512.5 48 6.9282
6513.5 42 6.48074
6514.5 52 7.2111
6515.5 52 7.2111
6516.5 50 7.07107
6517.5 40 6.32456
6518.5 48 6.9282
6519.5 51 7.14143
6520.5 57 7.54983
6521.5 40 6.32456
6522.5 39 6.245
6523.5 62 7.87401
6524.5 51 7.14143
6525.5 34 5.83095
6526.5 43 6.55744
6527.5 43 6.55744
6528.5 53 7.28011
6529.5 41 6.40312
6530.5 42 6.48074
6531.5 55 7.4162
6532.5 56 7.48331
6533.5 62 7.87401
6534.5 56 7.48331
6535.5 46 6.78233
6536.5 49 7
6537.5 46 6.78233
6538.5 60 7.74597
6539.5 41 6.40312
6540.5 49 7
6541.5 37 6.08276
6542.5 54 7.34847
6543.5 50 7.07107
6544.5 61 7.81025
6545.5 38 6.16441
6546.5 47 6.85565
6547.5 51 7.14143
6548.5 45 6.7082
6549.5 46 6.78233
6550.5 47 6.85565
6551.5 33 5.74456
6552.5 39 6.245
6553.5 50 7.07107
6554.5 49 7
6555.5 61 7.81025
6556.5 42 6.48074
6557.5 49 7
6558.5 60 7.74597
6559.5 50 7.07107
6560.5 40 6.32456
6561.5 42 6.48074
6562.5 48 6.9282
6563.5 42 6.48074
6564.5 62 7.87401
6565.5 43 6.55744
6566.5 62 7.87401
6567.5 38 6.16441
6568.5 49 7
6569.5 49 7
6570.5 60 7.74597
6571.5 66 8.12404
6572.5 57 7.54983
6573.5 48 6.9282
6574.5 48 6.9282
6575.5 46 6.78233
6576.5 55 7.4162
6577.5 55 7.4162
6578.5 39 6.245
6579.5 61 7.81025
6580.5 48 6.9282
6581.5 43 6.55744
6582.5 45 6.7082
6583.5 50 7.07107
6584.5 50 7.07107
6585.5 53 7.28011
6586.5 51 7.14143
6587.5 54 7.34847
6588.5 50 7.07107
6589.5 49 7
6590.5 39 6.245
6591.5 54 7.34847
6592.5 55 7.4162
6593.5 49 7
6594.5 42 6.48074
6595.5 35 5.91608
6596.5 49 7
6597.5 42 6.48074
6598.5 49 7
6599.5 44 6.63325
6600.5 59 7.68115
6601.5 47 6.85565
6602.5 43 6.55744
6603.5 49 7
6604.5 47 6.85565
6605.5 45 6.7082
6606.5 45 6.7082
6607.5 47 6.85565
6608.5 46 6.78233
6609.5 36 6
6610.5 43 6.55744
6611.5 47 6.85565
6612.5 56 7.48331
6613.5 38 6.16441
6614.5 49 7
6615.5 42 6.48074
6616.5 51 7.14143
6617.5 60 7.74597
6618.5 44 6.63325
6619.5 42 6.48074
6620.5 50 7.07107
6621.5 43 6.55744
6622.5 55 7.4162
6623.5 43 6.55744
6624.5 53 7.28011
6625.5 40 6.32456
6626.5 43 6.55744
6627.5 47 6.85565
6628.5 52 7.2111
6629.5 47 6.85565
6630.5 53 7.28011
6631.5 44 6.63325
6632.5 44 6.63325
6633.5 46 6.78233
6634.5 55 7.4162
6635.5 49 7
6636.5 44 6.63325
6637.5 45 6.7082
6638.5 62 7.87401
6639.5 46 6.78233
6640.5 54 7.34847
6641.5 54 7.34847
6642.5 44 6.63325
6643.5 42 6.48074
6644.5 53 7.28011
6645.5 48 6.9282
6646.5 50 7.07107
6647.5 49 7
6648.5 44 6.63325
6649.5 49 7
6650.5 48 6.9282
6651.5 40 6.32456
6652.5 59 7.68115
6653.5 43 6.55744
6654.5 58 7.61577
6655.5 52 7.2111
6656.5 52 7.2111
6657.5 51 7.14143
6658.5 51 7.14143
6659.5 58 7.61577
6660.5 48 6.9282
6661.5 42 6.48074
6662.5 58 7.61577
6663.5 42 6.48074
6664.5 64 8
6665.5 36 6
6666.5 47 6.85565
6667.5 41 6.40312
6668.5 46 6.78233
6669.5 55 7.4162
6670.5 50 7.07107
6671.5 49 7
6672.5 39 6.245
6673.5 42 6.48074
6674.5 42 6.48074
6675.5 45 6.7082
6676.5 46 6.78233
6677.5 49 7
6678.5 60 7.74597
6679.5 51 7.14143
6680.5 57 7.54983
6681.5 46 6.78233
6682.5 50 7.07107
6683.5 51 7.14143
6684.5 53 7.28011
6685.5 55 7.4162
6686.5 53 7.28011
6687.5 49 7
6688.5 49 7
6689.5 47 6.85565
6690.5 47 6.85565
6691.5 40 6.32456
6692.5 61 7.81025
6693.5 38 6.16441
6694.5 46 6.78233
6695.5 40 6.32456
6696.5 47 6.85565
6697.5 53 7.28011
6698.5 46 6.78233
6699.5 63 7.93725
6700.5 50 7.07107
6701.5 43 6.55744
6702.5 46 6.78233
6703.5 42 6.48074
6704.5 43 6.55744
6705.5 61 7.81025
6706.5 42 6.48074
6707.5 42 6.48074
6708.5 45 6.7082
6709.5 52 7.2111
6710.5 47 6.85565
6711.5 52 7.2111
6712.5 45 6.7082
6713.5 49 7
6714.5 44 6.63325
6715.5 33 5.74456
6716.5 38 6.16441
6717.5 45 6.7082
6718.5 34 5.83095
6719.5 53 7.28011
6720.5 50 7.07107
6721.5 48 6.9282
6722.5 47 6.85565
6723.5 44 6.63325
6724.5 45 6.7082
6725.5 52 7.2111
6726.5 41 6.40312
6727.5 49 7
6728.5 44 6.63325
6729.5 35 5.91608
6730.5 43 6.55744
6731.5 41 6.40312
6732.5 49 7
6733.5 45 6.7082
6734.5 40 6.32456
6735.5 47 6.85565
6736.5 41 6.40312
6737.5 56 7.48331
6738.5 53 7.28011
6739.5 50 7.07107
6740.5 36 6
6741.5 47 6.85565
6742.5 45 6.7082
6743.5 50 7.07107
6744.5 54 7.34847
6745.5 48 6.9282
6746.5 43 6.55744
6747.5 51 7.14143
6748.5 43 6.55744
6749.5 41 6.40312
6750.5 48 6.9282
6751.5 43 6.55744
6752.5 42 6.48074
6753.5 48 6.9282
6754.5 48 6.9282
6755.5 56 7.48331
6756.5 46 6.78233
6757.5 39 6.245
6758.5 44 6.63325
6759.5 54 7.34847
6760.5 68 8.24621
6761.5 48 6.9282
6762.5 54 7.34847
6763.5 60 7.74597
6764.5 71 8.42615
6765.5 48 6.9282
6766.5 49 7
6767.5 35 5.91608
6768.5 48 6.9282
6769.5 60 7.74597
6770.5 57 7.54983
6771.5 49 7
6772.5 56 7.48331
6773.5 46 6.78233
6774.5 55 7.4162
6775.5 49 7
6776.5 46 6.78233
6777.5 40 6.32456
6778.5 48 6.9282
6779.5 45 6.7082
6780.5 54 7.34847
6781.5 51 7.14143
6782.5 49 7
6783.5 52 7.2111
6784.5 41 6.40312
6785.5 58 7.61577
6786.5 55 7.4162
6787.5 51 7.14143
6788.5 59 7.68115
6789.5 59 7.68115
6790.5 52 7.2111
6791.5 43 6.55744
6792.5 42 6.48074
6793.5 33 5.74456
6794.5 47 6.85565
6795.5 61 7.81025
6796.5 51 7.14143
6797.5 48 6.9282
6798.5 48 6.9282
6799.5 46 6.78233
6800.5 59 7.68115
6801.5 49 7
6802.5 50 7.07107
6803.5 59 7.68115
6804.5 39 6.245
6805.5 56 7.48331
6806.5 49 7
6807.5 53 7.28011
6808.5 60 7.74597
6809.5 49 7
6810.5 48 6.9282
6811.5 51 7.14143
6812.5 52 7.2111
6813.5 59 7.68115
6814.5 48 6.9282
6815.5 38 6.16441
6816.5 49 7
6817.5 52 7.2111
6818.5 45 6.7082
6819.5 55 7.4162
6820.5 44 6.63325
6821.5 43 6.55744
6822.5 46 6.78233
6823.5 54 7.34847
6824.5 46 6.78233
6825.5 56 7.48331
6826.5 57 7.54983
6827.5 47 6.85565
6828.5 50 7.07107
6829.5 59 7.68115
6830.5 44 6.63325
6831.5 43 6.55744
6832.5 56 7.48331
6833.5 37 6.08276
6834.5 55 7.4162
6835.5 46 6.78233
6836.5 49 7
6837.5 57 7.54983
6838.5 52 7.2111
6839.5 47 6.85565
6840.5 52 7.2111
6841.5 55 7.4162
6842.5 48 6.9282
6843.5 62 7.87401
6844.5 55 7.4162
6845.5 57 7.54983
6846.5 55 7.4162
6847.5 35 5.91608
6848.5 48 6.9282
6849.5 46 6.78233
6850.5 52 7.2111
6851.5 56 7.48331
6852.5 74 8.60233
6853.5 43 6.55744
6854.5 56 7.48331
6855.5 53 7.28011
6856.5 54 7.34847
6857.5 59 7.68115
6858.5 43 6.55744
6859.5 48 6.9282
6860.5 48 6.9282
6861.5 63 7.93725
6862.5 52 7.2111
6863.5 59 7.68115
6864.5 40 6.32456
6865.5 53 7.28011
6866.5 36 6
6867.5 48 6.9282
6868.5 53 7.28011
6869.5 56 7.48331
6870.5 47 6.85565
6871.5 47 6.85565
6872.5 40 6.32456
6873.5 60 7.74597
6874.5 47 6.85565
6875.5 54 7.34847
6876.5 56 7.48331
6877.5 50 7.07107
6878.5 45 6.7082
6879.5 40 6.32456
6880.5 57 7.54983
6881.5 56 7.48331
6882.5 53 7.28011
6883.5 35 5.91608
6884.5 57 7.54983
6885.5 58 7.61577
6886.5 47 6.85565
6887.5 56 7.48331
6888.5 52 7.2111
6889.5 48 6.9282
6890.5 59 7.68115
6891.5 63 7.93725
6892.5 41 6.40312
6893.5 35 5.91608
6894.5 57 7.54983
6895.5 38 6.16441
6896.5 43 6.55744
6897.5 50 7.07107
6898.5 46 6.78233
6899.5 40 6.32456
6900.5 64 8
6901.5 42 6.48074
6902.5 61 7.81025
6903.5 61 7.81025
6904.5 44 6.63325
6905.5 59 7.68115
6906.5 59 7.68115
6907.5 63 7.93725
6908.5 47 6.85565
6909.5 43 6.55744
6910.5 42 6.48074
6911.5 54 7.34847
6912.5 38 6.16441
6913.5 44 6.63325
6914.5 54 7.34847
6915.5 49 7
6916.5 49 7
6917.5 51 7.14143
6918.5 46 6.78233
6919.5 58 7.61577
6920.5 43 6.55744
6921.5 47 6.85565
6922.5 52 7.2111
6923.5 48 6.9282
6924.5 57 7.54983
6925.5 59 7.68115
6926.5 46 6.78233
6927.5 47 6.85565
6928.5 40 6.32456
6929.5 45 6.7082
6930.5 51 7.14143
6931.5 45 6.7082
6932.5 54 7.34847
6933.5 52 7.2111
6934.5 45 6.7082
6935.5 63 7.93725
6936.5 50 7.07107
6937.5 62 7.87401
6938.5 46 6.78233
6939.5 50 7.07107
6940.5 54 7.34847
6941.5 52 7.2111
6942.5 42 6.48074
6943.5 45 6.7082
6944.5 45 6.7082
6945.5 47 6.85565
6946.5 40 6.32456
6947.5 54 7.34847
6948.5 55 7.4162
6949.5 57 7.54983
6950.5 41 6.40312
6951.5 53 7.28011
6952.5 60 7.74597
6953.5 58 7.61577
6954.5 37 6.08276
6955.5 56 7.48331
6956.5 49 7
6957.5 45 6.7082
6958.5 41 6.40312
6959.5 46 6.78233
6960.5 43 6.55744
6961.5 39 6.245
6962.5 47 6.85565
6963.5 50 7.07107
6964.5 43 6.55744
6965.5 46 6.78233
6966.5 34 5.83095
6967.5 49 7
6968.5 48 6.9282
6969.5 48 6.9282
6970.5 55 7.4162
6971.5 46 6.78233
6972.5 46 6.78233
6973.5 47 6.85565
6974.5 30 5.47723
6975.5 59 7.68115
6976.5 61 7.81025
6977.5 51 7.14143
6978.5 60 7.74597
6979.5 47 6.85565
6980.5 48 6.9282
6981.5 43 6.55744
6982.5 52 7.2111
6983.5 56 7.48331
6984.5 57 7.54983
6985.5 42 6.48074
6986.5 42 6.48074
6987.5 48 6.9282
6988.5 62 7.87401
6989.5 38 6.16441
6990.5 70 8.3666
6991.5 58 7.61577
6992.5 51 7.14143
6993.5 47 6.85565
6994.5 51 7.14143
6995.5 43 6.55744
6996.5 53 7.28011
6997.5 58 7.61577
6998.5 45 6.7082
6999.5 54 7.34847
7000.5 44 6.63325
7001.5 51 7.14143
7002.5 63 7.93725
7003.5 56 7.48331
7004.5 61 7.81025
7005.5 52 7.2111
7006.5 58 7.61577
7007.5 55 7.4162
7008.5 55 7.4162
7009.5 50 7.07107
7010.5 49 7
7011.5 55 7.4162
7012.5 43 6.55744
7013.5 43 6.55744
7014.5 53 7.28011
7015.5 54 7.34847
7016.5 42 6.48074
7017.5 53 7.28011
7018.5 49 7
7019.5 51 7.14143
7020.5 64 8
7021.5 58 7.61577
7022.5 54 7.34847
7023.5 52 7.2111
7024.5 50 7.07107
7025.5 38 6.16441
7026.5 49 7
7027.5 56 7.48331
7028.5 58 7.61577
7029.5 51 7.14143
7030.5 50 7.07107
7031.5 47 6.85565
7032.5 48 6.9282
7033.5 59 7.68115
7034.5 54 7.34847
7035.5 52 7.2111
7036.5 44 6.63325
7037.5 50 7.07107
7038.5 48 6.9282
7039.5 42 6.48074
7040.5 64 8
7041.5 54 7.34847
7042.5 46 6.78233
7043.5 52 7.2111
7044.5 52 7.2111
7045.5 47 6.85565
7046.5 59 7.68115
7047.5 51 7.14143
7048.5 39 6.245
7049.5 51 7.14143
7050.5 55 7.4162
7051.5 44 6.63325
7052.5 46 6.78233
7053.5 51 7.14143
7054.5 42 6.48074
7055.5 67 8.18535
7056.5 47 6.85565
7057.5 47 6.85565
7058.5 47 6.85565
7059.5 60 7.74597
7060.5 33 5.74456
7061.5 44 6.63325
7062.5 63 7.93725
7063.5 52 7.2111
7064.5 52 7.2111
7065.5 53 7.28011
7066.5 39 6.245
7067.5 52 7.2111
7068.5 33 5.74456
7069.5 53 7.28011
7070.5 64 8
7071.5 46 6.78233
7072.5 47 6.85565
7073.5 51 7.14143
7074.5 51 7.14143
7075.5 53 7.28011
7076.5 56 7.48331
7077.5 47 6.85565
7078.5 47 6.85565
7079.5 45 6.7082
7080.5 55 7.4162
7081.5 62 7.87401
7082.5 53 7.28011
7083.5 59 7.68115
7084.5 46 6.78233
7085.5 41 6.40312
7086.5 46 6.78233
7087.5 42 6.48074
7088.5 52 7.2111
7089.5 48 6.9282
7090.5 69 8.30662
7091.5 58 7.61577
7092.5 69 8.30662
7093.5 56 7.48331
7094.5 54 7.34847
7095.5 47 6.85565
7096.5 44 6.63325
7097.5 48 6.9282
7098.5 71 8.42615
7099.5 47 6.85565
7100.5 57 7.54983
7101.5 48 6.9282
7102.5 51 7.14143
7103.5 56 7.48331
7104.5 46 6.78233
7105.5 54 7.34847
7106.5 52 7.2111
7107.5 53 7.28011
7108.5 52 7.2111
7109.5 54 7.34847
7110.5 56 7.48331
7111.5 43 6.55744
7112.5 39 6.245
7113.5 55 7.4162
7114.5 47 6.85565
7115.5 47 6.85565
7116.5 52 7.2111
7117.5 58 7.61577
7118.5 42 6.48074
7119.5 44 6.63325
7120.5 47 6.85565
7121.5 51 7.14143
7122.5 73 8.544
7123.5 47 6.85565
7124.5 53 7.28011
7125.5 52 7.2111
7126.5 61 7.81025
7127.5 55 7.4162
7128.5 43 6.55744
7129.5 61 7.81025
7130.5 60 7.74597
7131.5 52 7.2111
7132.5 58 7.61577
7133.5 65 8.06226
7134.5 58 7.61577
7135.5 60 7.74597
7136.5 56 7.48331
7137.5 64 8
7138.5 62 7.87401
7139.5 62 7.87401
7140.5 67 8.18535
7141.5 52 7.2111
7142.5 48 6.9282
7143.5 57 7.54983
7144.5 59 7.68115
7145.5 62 7.87401
7146.5 72 8.48528
7147.5 57 7.54983
7148.5 72 8.48528
7149.5 61 7.81025
7150.5 55 7.4162
7151.5 62 7.87401
7152.5 54 7.34847
7153.5 54 7.34847
7154.5 70 8.3666
7155.5 58 7.61577
7156.5 70 8.3666
7157.5 54 7.34847
7158.5 46 6.78233
7159.5 69 8.30662
7160.5 55 7.4162
7161.5 57 7.54983
7162.5 64 8
7163.5 64 8
7164.5 55 7.4162
7165.5 64 8
7166.5 76 8.7178
7167.5 67 8.18535
7168.5 70 8.3666
7169.5 55 7.4162
7170.5 56 7.48331
7171.5 90 9.48683
7172.5 52 7.2111
7173.5 67 8.18535
7174.5 68 8.24621
7175.5 43 6.55744
7176.5 64 8
7177.5 60 7.74597
7178.5 68 8.24621
7179.5 64 8
7180.5 63 7.93725
7181.5 70 8.3666
7182.5 77 8.77496
7183.5 59 7.68115
7184.5 68 8.24621
7185.5 62 7.87401
7186.5 45 6.7082
7187.5 65 8.06226
7188.5 51 7.14143
7189.5 64 8
7190.5 60 7.74597
7191.5 61 7.81025
7192.5 55 7.4162
7193.5 54 7.34847
7194.5 57 7.54983
7195.5 63 7.93725
7196.5 63 7.93725
7197.5 69 8.30662
7198.5 72 8.48528
7199.5 67 8.18535
7200.5 63 7.93725
7201.5 63 7.93725
7202.5 44 6.63325
7203.5 57 7.54983
7204.5 64 8
7205.5 52 7.2111
7206.5 49 7
7207.5 58 7.61577
7208.5 64 8
7209.5 64 8
7210.5 45 6.7082
7211.5 64 8
7212.5 48 6.9282
7213.5 68 8.24621
7214.5 64 8
7215.5 59 7.68115
7216.5 50 7.07107
7217.5 49 7
7218.5 51 7.14143
7219.5 59 7.68115
7220.5 50 7.07107
7221.5 49 7
7222.5 42 6.48074
7223.5 56 7.48331
7224.5 69 8.30662
7225.5 51 7.14143
7226.5 59 7.68115
7227.5 47 6.85565
7228.5 67 8.18535
7229.5 57 7.54983
7230.5 59 7.68115
7231.5 51 7.14143
7232.5 45 6.7082
7233.5 54 7.34847
7234.5 60 7.74597
7235.5 62 7.87401
7236.5 53 7.28011
7237.5 52 7.2111
7238.5 38 6.16441
7239.5 56 7.48331
7240.5 52 7.2111
7241.5 43 6.55744
7242.5 59 7.68115
7243.5 56 7.48331
7244.5 51 7.14143
7245.5 44 6.63325
7246.5 47 6.85565
7247.5 58 7.61577
7248.5 59 7.68115
7249.5 64 8
7250.5 60 7.74597
7251.5 43 6.55744
7252.5 49 7
7253.5 57 7.54983
7254.5 57 7.54983
7255.5 48 6.9282
7256.5 62 7.87401
7257.5 44 6.63325
7258.5 58 7.61577
7259.5 48 6.9282
7260.5 47 6.85565
7261.5 56 7.48331
7262.5 60 7.74597
7263.5 48 6.9282
7264.5 51 7.14143
7265.5 47 6.85565
7266.5 50 7.07107
7267.5 61 7.81025
7268.5 36 6
7269.5 50 7.07107
7270.5 51 7.14143
7271.5 45 6.7082
7272.5 63 7.93725
7273.5 54 7.34847
7274.5 45 6.7082
7275.5 40 6.32456
7276.5 52 7.2111
7277.5 55 7.4162
7278.5 43 6.55744
7279.5 48 6.9282
7280.5 42 6.48074
7281.5 50 7.07107
7282.5 38 6.16441
7283.5 58 7.61577
7284.5 50 7.07107
7285.5 52 7.2111
7286.5 46 6.78233
7287.5 60 7.74597
7288.5 50 7.07107
7289.5 45 6.7082
7290.5 51 7.14143
7291.5 56 7.48331
7292.5 53 7.28011
7293.5 62 7.87401
7294.5 50 7.07107
7295.5 58 7.61577
7296.5 52 7.2111
7297.5 48 6.9282
7298.5 50 7.07107
7299.5 57 7.54983
7300.5 50 7.07107
7301.5 53 7.28011
7302.5 61 7.81025
7303.5 55 7.4162
7304.5 50 7.07107
7305.5 48 6.9282
7306.5 64 8
7307.5 45 6.7082
7308.5 56 7.48331
7309.5 47 6.85565
7310.5 46 6.78233
7311.5 48 6.9282
7312.5 53 7.28011
7313.5 39 6.245
7314.5 53 7.28011
7315.5 54 7.34847
7316.5 35 5.91608
7317.5 62 7.87401
7318.5 47 6.85565
7319.5 46 6.78233
7320.5 42 6.48074
7321.5 52 7.2111
7322.5 43 6.55744
7323.5 55 7.4162
7324.5 64 8
7325.5 49 7
7326.5 63 7.93725
7327.5 47 6.85565
7328.5 64 8
7329.5 66 8.12404
7330.5 50 7.07107
7331.5 44 6.63325
7332.5 73 8.544
7333.5 49 7
7334.5 50 7.07107
7335.5 55 7.4162
7336.5 64 8
7337.5 54 7.34847
7338.5 66 8.12404
7339.5 55 7.4162
7340.5 49 7
7341.5 62 7.87401
7342.5 54 7.34847
7343.5 57 7.54983
7344.5 51 7.14143
7345.5 44 6.63325
7346.5 44 6.63325
7347.5 53 7.28011
7348.5 56 7.48331
7349.5 69 8.30662
7350.5 44 6.63325
7351.5 48 6.9282
7352.5 57 7.54983
7353.5 39 6.245
7354.5 73 8.544
7355.5 68 8.24621
7356.5 51 7.14143
7357.5 57 7.54983
7358.5 63 7.93725
7359.5 51 7.14143
7360.5 46 6.78233
7361.5 45 6.7082
7362.5 52 7.2111
7363.5 45 6.7082
7364.5 48 6.9282
7365.5 64 8
7366.5 49 7
7367.5 58 7.61577
7368.5 57 7.54983
7369.5 42 6.48074
7370.5 46 6.78233
7371.5 46 6.78233
7372.5 51 7.14143
7373.5 44 6.63325
7374.5 51 7.14143
7375.5 45 6.7082
7376.5 54 7.34847
7377.5 51 7.14143
7378.5 63 7.93725
7379.5 52 7.2111
7380.5 47 6.85565
7381.5 38 6.16441
7382.5 54 7.34847
7383.5 68 8.24621
7384.5 59 7.68115
7385.5 53 7.28011
7386.5 49 7
7387.5 44 6.63325
7388.5 52 7.2111
7389.5 52 7.2111
7390.5 42 6.48074
7391.5 44 6.63325
7392.5 43 6.55744
7393.5 58 7.61577
7394.5 51 7.14143
7395.5 51 7.14143
7396.5 51 7.14143
7397.5 56 7.48331
7398.5 58 7.61577
7399.5 48 6.9282
7400.5 46 6.78233
7401.5 56 7.48331
7402.5 50 7.07107
7403.5 59 7.68115
7404.5 60 7.74597
7405.5 46 6.78233
7406.5 56 7.48331
7407.5 55 7.4162
7408.5 44 6.63325
7409.5 38 6.16441
7410.5 46 6.78233
7411.5 62 7.87401
7412.5 45 6.7082
7413.5 52 7.2111
7414.5 60 7.74597
7415.5 46 6.78233
7416.5 49 7
7417.5 42 6.48074
7418.5 42 6.48074
7419.5 43 6.55744
7420.5 37 6.08276
7421.5 73 8.544
7422.5 42 6.48074
7423.5 65 8.06226
7424.5 53 7.28011
7425.5 49 7
7426.5 49 7
7427.5 50 7.07107
7428.5 55 7.4162
7429.5 57 7.54983
7430.5 52 7.2111
7431.5 58 7.61577
7432.5 54 7.34847
7433.5 47 6.85565
7434.5 59 7.68115
7435.5 58 7.61577
7436.5 62 7.87401
7437.5 52 7.2111
7438.5 50 7.07107
7439.5 43 6.55744
7440.5 63 7.93725
7441.5 49 7
7442.5 62 7.87401
7443.5 50 7.07107
7444.5 46 6.78233
7445.5 47 6.85565
7446.5 49 7
7447.5 54 7.34847
7448.5 44 6.63325
7449.5 47 6.85565
7450.5 73 8.544
7451.5 41 6.40312
7452.5 56 7.48331
7453.5 60 7.74597
7454.5 62 7.87401
7455.5 55 7.4162
7456.5 47 6.85565
7457.5 47 6.85565
7458.5 60 7.74597
7459.5 47 6.85565
7460.5 51 7.14143
7461.5 52 7.2111
7462.5 48 6.9282
7463.5 55 7.4162
7464.5 55 7.4162
7465.5 50 7.07107
7466.5 47 6.85565
7467.5 46 6.78233
7468.5 43 6.55744
7469.5 52 7.2111
7470.5 49 7
7471.5 55 7.4162
7472.5 62 7.87401
7473.5 55 7.4162
7474.5 49 7
7475.5 39 6.245
7476.5 40 6.32456
7477.5 50 7.07107
7478.5 62 7.87401
7479.5 57 7.54983
7480.5 50 7.07107
7481.5 40 6.32456
7482.5 53 7.28011
7483.5 55 7.4162
7484.5 56 7.48331
7485.5 47 6.85565
7486.5 53 7.28011
7487.5 47 6.85565
7488.5 48 6.9282
7489.5 41 6.40312
7490.5 57 7.54983
7491.5 57 7.54983
7492.5 53 7.28011
7493.5 56 7.48331
7494.5 51 7.14143
7495.5 52 7.2111
7496.5 57 7.54983
7497.5 64 8
7498.5 53 7.28011
7499.5 68 8.24621
7500.5 57 7.54983
7501.5 46 6.78233
7502.5 51 7.14143
7503.5 43 6.55744
7504.5 52 7.2111
7505.5 51 7.14143
7506.5 51 7.14143
7507.5 54 7.34847
7508.5 50 7.07107
7509.5 61 7.81025
7510.5 65 8.06226
7511.5 48 6.9282
7512.5 48 6.9282
7513.5 40 6.32456
7514.5 63 7.93725
7515.5 46 6.78233
7516.5 57 7.54983
7517.5 53 7.28011
7518.5 56 7.48331
7519.5 49 7
7520.5 56 7.48331
7521.5 54 7.34847
7522.5 37 6.08276
7523.5 53 7.28011
7524.5 45 6.7082
7525.5 52 7.2111
7526.5 62 7.87401
7527.5 46 6.78233
7528.5 55 7.4162
7529.5 46 6.78233
7530.5 56 7.48331
7531.5 50 7.07107
7532.5 50 7.07107
7533.5 62 7.87401
7534.5 39 6.245
7535.5 54 7.34847
7536.5 37 6.08276
7537.5 54 7.34847
7538.5 56 7.48331
7539.5 54 7.34847
7540.5 49 7
7541.5 56 7.48331
7542.5 48 6.9282
7543.5 44 6.63325
7544.5 64 8
7545.5 66 8.12404
7546.5 45 6.7082
7547.5 50 7.07107
7548.5 55 7.4162
7549.5 53 7.28011
7550.5 48 6.9282
7551.5 53 7.28011
7552.5 47 6.85565
7553.5 62 7.87401
7554.5 60 7.74597
7555.5 43 6.55744
7556.5 42 6.48074
7557.5 46 6.78233
7558.5 61 7.81025
7559.5 55 7.4162
7560.5 43 6.55744
7561.5 54 7.34847
7562.5 45 6.7082
7563.5 44 6.63325
7564.5 56 7.48331
7565.5 53 7.28011
7566.5 42 6.48074
7567.5 52 7.2111
7568.5 59 7.68115
7569.5 53 7.28011
7570.5 44 6.63325
7571.5 56 7.48331
7572.5 46 6.78233
7573.5 54 7.34847
7574.5 51 7.14143
7575.5 65 8.06226
7576.5 45 6.7082
7577.5 54 7.34847
7578.5 49 7
7579.5 54 7.34847
7580.5 67 8.18535
7581.5 50 7.07107
7582.5 57 7.54983
7583.5 49 7
7584.5 48 6.9282
7585.5 61 7.81025
7586.5 55 7.4162
7587.5 52 7.2111
7588.5 50 7.07107
7589.5 60 7.74597
7590.5 51 7.14143
7591.5 55 7.4162
7592.5 45 6.7082
7593.5 62 7.87401
7594.5 52 7.2111
7595.5 59 7.68115
7596.5 49 7
7597.5 50 7.07107
7598.5 55 7.4162
7599.5 61 7.81025
7600.5 44 6.63325
7601.5 52 7.2111
7602.5 51 7.14143
7603.5 45 6.7082
7604.5 47 6.85565
7605.5 56 7.48331
7606.5 56 7.48331
7607.5 43 6.55744
7608.5 52 7.2111
7609.5 53 7.28011
7610.5 55 7.4162
7611.5 54 7.34847
7612.5 37 6.08276
7613.5 62 7.87401
7614.5 45 6.7082
7615.5 41 6.40312
7616.5 62 7.87401
7617.5 42 6.48074
7618.5 57 7.54983
7619.5 60 7.74597
7620.5 62 7.87401
7621.5 52 7.2111
7622.5 57 7.54983
7623.5 38 6.16441
7624.5 52 7.2111
7625.5 57 7.54983
7626.5 49 7
7627.5 36 6
7628.5 49 7
7629.5 44 6.63325
7630.5 47 6.85565
7631.5 59 7.68115
7632.5 48 6.9282
7633.5 46 6.78233
7634.5 68 8.24621
7635.5 53 7.28011
7636.5 47 6.85565
7637.5 49 7
7638.5 46 6.78233
7639.5 54 7.34847
7640.5 52 7.2111
7641.5 37 6.08276
7642.5 59 7.68115
7643.5 41 6.40312
7644.5 50 7.07107
7645.5 56 7.48331
7646.5 53 7.28011
7647.5 61 7.81025
7648.5 64 8
7649.5 57 7.54983
7650.5 50 7.07107
7651.5 58 7.61577
7652.5 65 8.06226
7653.5 47 6.85565
7654.5 47 6.85565
7655.5 52 7.2111
7656.5 49 7
7657.5 59 7.68115
7658.5 60 7.74597
7659.5 63 7.93725
7660.5 44 6.63325
7661.5 54 7.34847
7662.5 46 6.78233
7663.5 45 6.7082
7664.5 51 7.14143
7665.5 52 7.2111
7666.5 45 6.7082
7667.5 53 7.28011
7668.5 50 7.07107
7669.5 46 6.78233
7670.5 41 6.40312
7671.5 57 7.54983
7672.5 56 7.48331
7673.5 52 7.2111
7674.5 60 7.74597
7675.5 64 8
7676.5 58 7.61577
7677.5 47 6.85565
7678.5 56 7.48331
7679.5 55 7.4162
7680.5 54 7.34847
7681.5 48 6.9282
7682.5 58 7.61577
7683.5 57 7.54983
7684.5 57 7.54983
7685.5 46 6.78233
7686.5 53 7.28011
7687.5 49 7
7688.5 44 6.63325
7689.5 59 7.68115
7690.5 62 7.87401
7691.5 46 6.78233
7692.5 42 6.48074
7693.5 47 6.85565
7694.5 63 7.93725
7695.5 50 7.07107
7696.5 62 7.87401
7697.5 51 7.14143
7698.5 49 7
7699.5 59 7.68115
7700.5 55 7.4162
7701.5 48 6.9282
7702.5 53 7.28011
7703.5 53 7.28011
7704.5 61 7.81025
7705.5 46 6.78233
7706.5 59 7.68115
7707.5 50 7.07107
7708.5 52 7.2111
7709.5 58 7.61577
7710.5 62 7.87401
7711.5 47 6.85565
7712.5 48 6.9282
7713.5 55 7.4162
7714.5 65 8.06226
7715.5 52 7.2111
7716.5 61 7.81025
7717.5 61 7.81025
7718.5 50 7.07107
7719.5 53 7.28011
7720.5 53 7.28011
7721.5 41 6.40312
7722.5 50 7.07107
7723.5 51 7.14143
7724.5 41 6.40312
7725.5 38 6.16441
7726.5 50 7.07107
7727.5 40 6.32456
7728.5 61 7.81025
7729.5 54 7.34847
7730.5 41 6.40312
7731.5 48 6.9282
7732.5 62 7.87401
7733.5 45 6.7082
7734.5 63 7.93725
7735.5 51 7.14143
7736.5 54 7.34847
7737.5 58 7.61577
7738.5 61 7.81025
7739.5 67 8.18535
7740.5 47 6.85565
7741.5 52 7.2111
7742.5 59 7.68115
7743.5 50 7.07107
7744.5 62 7.87401
7745.5 53 7.28011
7746.5 56 7.48331
7747.5 49 7
7748.5 55 7.4162
7749.5 59 7.68115
7750.5 55 7.4162
7751.5 54 7.34847
7752.5 39 6.245
7753.5 64 8
7754.5 63 7.93725
7755.5 47 6.85565
7756.5 55 7.4162
7757.5 55 7.4162
7758.5 42 6.48074
7759.5 60 7.74597
7760.5 52 7.2111
7761.5 66 8.12404
7762.5 55 7.4162
7763.5 52 7.2111
7764.5 42 6.48074
7765.5 57 7.54983
7766.5 47 6.85565
7767.5 44 6.63325
7768.5 56 7.48331
7769.5 53 7.28011
7770.5 60 7.74597
7771.5 60 7.74597
7772.5 64 8
7773.5 43 6.55744
7774.5 49 7
7775.5 59 7.68115
7776.5 39 6.245
7777.5 56 7.48331
7778.5 39 6.245
7779.5 42 6.48074
7780.5 44 6.63325
7781.5 55 7.4162
7782.5 54 7.34847
7783.5 60 7.74597
7784.5 57 7.54983
7785.5 60 7.74597
7786.5 55 7.4162
7787.5 44 6.63325
7788.5 59 7.68115
7789.5 55 7.4162
7790.5 59 7.68115
7791.5 41 6.40312
7792.5 52 7.2111
7793.5 56 7.48331
7794.5 48 6.9282
7795.5 53 7.28011
7796.5 46 6.78233
7797.5 66 8.12404
7798.5 47 6.85565
7799.5 38 6.16441
7800.5 53 7.28011
7801.5 52 7.2111
7802.5 62 7.87401
7803.5 50 7.07107
7804.5 42 6.48074
7805.5 60 7.74597
7806.5 69 8.30662
7807.5 49 7
7808.5 53 7.28011
7809.5 54 7.34847
7810.5 52 7.2111
7811.5 53 7.28011
7812.5 51 7.14143
7813.5 55 7.4162
7814.5 54 7.34847
7815.5 51 7.14143
7816.5 58 7.61577
7817.5 55 7.4162
7818.5 59 7.68115
7819.5 45 6.7082
7820.5 54 7.34847
7821.5 61 7.81025
7822.5 56 7.48331
7823.5 47 6.85565
7824.5 57 7.54983
7825.5 49 7
7826.5 62 7.87401
7827.5 63 7.93725
7828.5 55 7.4162
7829.5 60 7.74597
7830.5 69 8.30662
7831.5 61 7.81025
7832.5 53 7.28011
7833.5 50 7.07107
7834.5 66 8.12404
7835.5 48 6.9282
7836.5 50 7.07107
7837.5 40 6.32456
7838.5 49 7
7839.5 53 7.28011
7840.5 58 7.61577
7841.5 56 7.48331
7842.5 62 7.87401
7843.5 60 7.74597
7844.5 55 7.4162
7845.5 49 7
7846.5 63 7.93725
7847.5 38 6.16441
7848.5 59 7.68115
7849.5 57 7.54983
7850.5 48 6.9282
7851.5 59 7.68115
7852.5 47 6.85565
7853.5 53 7.28011
7854.5 56 7.48331
7855.5 53 7.28011
7856.5 37 6.08276
7857.5 54 7.34847
7858.5 51 7.14143
7859.5 42 6.48074
7860.5 63 7.93725
7861.5 56 7.48331
7862.5 67 8.18535
7863.5 69 8.30662
7864.5 47 6.85565
7865.5 44 6.63325
7866.5 52 7.2111
7867.5 60 7.74597
7868.5 47 6.85565
7869.5 45 6.7082
7870.5 51 7.14143
7871.5 65 8.06226
7872.5 51 7.14143
7873.5 61 7.81025
7874.5 68 8.24621
7875.5 56 7.48331
7876.5 47 6.85565
7877.5 52 7.2111
7878.5 53 7.28011
7879.5 51 7.14143
7880.5 63 7.93725
7881.5 70 8.3666
7882.5 47 6.85565
7883.5 45 6.7082
7884.5 56 7.48331
7885.5 54 7.34847
7886.5 44 6.63325
7887.5 56 7.48331
7888.5 59 7.68115
7889.5 61 7.81025
7890.5 69 8.30662
7891.5 52 7.2111
7892.5 54 7.34847
7893.5 61 7.81025
7894.5 54 7.34847
7895.5 58 7.61577
7896.5 71 8.42615
7897.5 56 7.48331
7898.5 64 8
7899.5 50 7.07107
7900.5 44 6.63325
7901.5 52 7.2111
7902.5 56 7.48331
7903.5 43 6.55744
7904.5 51 7.14143
7905.5 55 7.4162
7906.5 43 6.55744
7907.5 52 7.2111
7908.5 65 8.06226
7909.5 54 7.34847
7910.5 55 7.4162
7911.5 49 7
7912.5 44 6.63325
7913.5 50 7.07107
7914.5 53 7.28011
7915.5 61 7.81025
7916.5 59 7.68115
7917.5 47 6.85565
7918.5 44 6.63325
7919.5 43 6.55744
7920.5 49 7
7921.5 48 6.9282
7922.5 52 7.2111
7923.5 49 7
7924.5 56 7.48331
7925.5 55 7.4162
7926.5 46 6.78233
7927.5 49 7
7928.5 64 8
7929.5 56 7.48331
7930.5 54 7.34847
7931.5 43 6.55744
7932.5 44 6.63325
7933.5 51 7.14143
7934.5 50 7.07107
7935.5 56 7.48331
7936.5 45 6.7082
7937.5 56 7.48331
7938.5 51 7.14143
7939.5 52 7.2111
7940.5 63 7.93725
7941.5 47 6.85565
7942.5 59 7.68115
7943.5 40 6.32456
7944.5 49 7
7945.5 58 7.61577
7946.5 67 8.18535
7947.5 52 7.2111
7948.5 53 7.28011
7949.5 54 7.34847
7950.5 47 6.85565
7951.5 53 7.28011
7952.5 54 7.34847
7953.5 53 7.28011
7954.5 54 7.34847
7955.5 46 6.78233
7956.5 50 7.07107
7957.5 63 7.93725
7958.5 45 6.7082
7959.5 43 6.55744
7960.5 57 7.54983
7961.5 49 7
7962.5 38 6.16441
7963.5 58 7.61577
7964.5 61 7.81025
7965.5 46 6.78233
7966.5 51 7.14143
7967.5 65 8.06226
7968.5 58 7.61577
7969.5 66 8.12404
7970.5 43 6.55744
7971.5 45 6.7082
7972.5 49 7
7973.5 61 7.81025
7974.5 62 7.87401
7975.5 45 6.7082
7976.5 53 7.28011
7977.5 52 7.2111
7978.5 59 7.68115
7979.5 66 8.12404
7980.5 52 7.2111
7981.5 45 6.7082
7982.5 52 7.2111
7983.5 47 6.85565
7984.5 49 7
7985.5 55 7.4162
7986.5 46 6.78233
7987.5 36 6
7988.5 59 7.68115
7989.5 50 7.07107
7990.5 54 7.34847
7991.5 52 7.2111
7992.5 55 7.4162
7993.5 60 7.74597
7994.5 41 6.40312
7995.5 62 7.87401
7996.5 48 6.9282
7997.5 67 8.18535
7998.5 63 7.93725
7999.5 55 7.4162
8000.5 54 7.34847
8001.5 49 7
8002.5 51 7.14143
8003.5 59 7.68115
8004.5 60 7.74597
8005.5 70 8.3666
8006.5 56 7.48331
8007.5 57 7.54983
8008.5 53 7.28011
8009.5 52 7.2111
8010.5 51 7.14143
8011.5 56 7.48331
8012.5 65 8.06226
8013.5 53 7.28011
8014.5 63 7.93725
8015.5 46 6.78233
8016.5 45 6.7082
8017.5 55 7.4162
8018.5 48 6.9282
8019.5 67 8.18535
8020.5 58 7.61577
8021.5 50 7.07107
8022.5 61 7.81025
8023.5 55 7.4162
8024.5 60 7.74597
8025.5 68 8.24621
8026.5 50 7.07107
8027.5 56 7.48331
8028.5 48 6.9282
8029.5 46 6.78233
8030.5 59 7.68115
8031.5 53 7.28011
8032.5 51 7.14143
8033.5 70 8.3666
8034.5 51 7.14143
8035.5 62 7.87401
8036.5 59 7.68115
8037.5 65 8.06226
8038.5 51 7.14143
8039.5 57 7.54983
8040.5 66 8.12404
8041.5 74 8.60233
8042.5 57 7.54983
8043.5 45 6.7082
8044.5 55 7.4162
8045.5 58 7.61577
8046.5 57 7.54983
8047.5 53 7.28011
8048.5 59 7.68115
8049.5 55 7.4162
8050.5 60 7.74597
8051.5 54 7.34847
8052.5 49 7
8053.5 51 7.14143
8054.5 53 7.28011
8055.5 51 7.14143
8056.5 53 7.28011
8057.5 53 7.28011
8058.5 46 6.78233
8059.5 66 8.12404
8060.5 53 7.28011
8061.5 56 7.48331
8062.5 62 7.87401
8063.5 44 6.63325
8064.5 64 8
8065.5 61 7.81025
8066.5 57 7.54983
8067.5 52 7.2111
8068.5 60 7.74597
8069.5 58 7.61577
8070.5 69 8.30662
8071.5 57 7.54983
8072.5 54 7.34847
8073.5 61 7.81025
8074.5 68 8.24621
8075.5 44 6.63325
8076.5 53 7.28011
8077.5 51 7.14143
8078.5 60 7.74597
8079.5 52 7.2111
8080.5 58 7.61577
8081.5 61 7.81025
8082.5 57 7.54983
8083.5 51 7.14143
8084.5 51 7.14143
8085.5 51 7.14143
8086.5 53 7.28011
8087.5 47 6.85565
8088.5 59 7.68115
8089.5 47 6.85565
8090.5 73 8.544
8091.5 54 7.34847
8092.5 64 8
8093.5 63 7.93725
8094.5 52 7.2111
8095.5 60 7.74597
8096.5 58 7.61577
8097.5 56 7.48331
8098.5 60 7.74597
8099.5 53 7.28011
8100.5 59 7.68115
8101.5 67 8.18535
8102.5 47 6.85565
8103.5 50 7.07107
8104.5 65 8.06226
8105.5 61 7.81025
8106.5 44 6.63325
8107.5 57 7.54983
8108.5 59 7.68115
8109.5 44 6.63325
8110.5 51 7.14143
8111.5 55 7.4162
8112.5 58 7.61577
8113.5 68 8.24621
8114.5 85 9.21954
8115.5 68 8.24621
8116.5 51 7.14143
8117.5 58 7.61577
8118.5 64 8
8119.5 43 6.55744
8120.5 54 7.34847
8121.5 55 7.4162
8122.5 53 7.28011
8123.5 51 7.14143
8124.5 55 7.4162
8125.5 54 7.34847
8126.5 60 7.74597
8127.5 50 7.07107
8128.5 54 7.34847
8129.5 68 8.24621
8130.5 50 7.07107
8131.5 55 7.4162
8132.5 70 8.3666
8133.5 61 7.81025
8134.5 62 7.87401
8135.5 70 8.3666
8136.5 62 7.87401
8137.5 56 7.48331
8138.5 62 7.87401
8139.5 55 7.4162
8140.5 81 9
8141.5 63 7.93725
8142.5 49 7
8143.5 65 8.06226
8144.5 60 7.74597
8145.5 70 8.3666
8146.5 37 6.08276
8147.5 63 7.93725
8148.5 59 7.68115
8149.5 59 7.68115
8150.5 48 6.9282
8151.5 62 7.87401
8152.5 51 7.14143
8153.5 70 8.3666
8154.5 52 7.2111
8155.5 76 8.7178
8156.5 65 8.06226
8157.5 43 6.55744
8158.5 55 7.4162
8159.5 53 7.28011
8160.5 64 8
8161.5 55 7.4162
8162.5 55 7.4162
8163.5 41 6.40312
8164.5 61 7.81025
8165.5 60 7.74597
8166.5 53 7.28011
8167.5 65 8.06226
8168.5 45 6.7082
8169.5 66 8.12404
8170.5 44 6.63325
8171.5 59 7.68115
8172.5 59 7.68115
8173.5 48 6.9282
8174.5 51 7.14143
8175.5 57 7.54983
8176.5 69 8.30662
8177.5 43 6.55744
8178.5 51 7.14143
8179.5 58 7.61577
8180.5 51 7.14143
8181.5 53 7.28011
8182.5 50 7.07107
8183.5 80 8.94427
8184.5 53 7.28011
8185.5 64 8
8186.5 63 7.93725
8187.5 55 7.4162
8188.5 52 7.2111
8189.5 45 6.7082
8190.5 71 8.42615
8191.5 50 7.07107
8192.5 56 7.48331
8193.5 54 7.34847
8194.5 58 7.61577
8195.5 49 7
8196.5 54 7.34847
8197.5 54 7.34847
8198.5 64 8
8199.5 52 7.2111
8200.5 76 8.7178
8201.5 70 8.3666
8202.5 47 6.85565
8203.5 53 7.28011
8204.5 60 7.74597
8205.5 54 7.34847
8206.5 60 7.74597
8207.5 58 7.61577
8208.5 54 7.34847
8209.5 60 7.74597
8210.5 69 8.30662
8211.5 52 7.2111
8212.5 78 8.83176
8213.5 68 8.24621
8214.5 52 7.2111
8215.5 68 8.24621
8216.5 69 8.30662
8217.5 64 8
8218.5 64 8
8219.5 56 7.48331
8220.5 70 8.3666
8221.5 57 7.54983
8222.5 48 6.9282
8223.5 76 8.7178
8224.5 51 7.14143
8225.5 67 8.18535
8226.5 68 8.24621
8227.5 84 9.16515
8228.5 66 8.12404
8229.5 66 8.12404
8230.5 60 7.74597
8231.5 68 8.24621
8232.5 62 7.87401
8233.5 64 8
8234.5 54 7.34847
8235.5 57 7.54983
8236.5 68 8.24621
8237.5 60 7.74597
8238.5 79 8.88819
8239.5 66 8.12404
8240.5 66 8.12404
8241.5 67 8.18535
8242.5 68 8.24621
8243.5 60 7.74597
8244.5 84 9.16515
8245.5 69 8.30662
8246.5 68 8.24621
8247.5 82 9.05539
8248.5 73 8.544
8249.5 84 9.16515
8250.5 85 9.21954
8251.5 94 9.69536
8252.5 60 7.74597
8253.5 73 8.544
8254.5 75 8.66025
8255.5 59 7.68115
8256.5 74 8.60233
8257.5 92 9.59166
8258.5 56 7.48331
8259.5 74 8.60233
8260.5 64 8
8261.5 88 9.38083
8262.5 96 9.79796
8263.5 73 8.544
8264.5 81 9
8265.5 76 8.7178
8266.5 70 8.3666
8267.5 91 9.53939
8268.5 77 8.77496
8269.5 77 8.77496
8270.5 75 8.66025
8271.5 79 8.88819
8272.5 86 9.27362
8273.5 95 9.74679
8274.5 71 8.42615
8275.5 74 8.60233
8276.5 80 8.94427
8277.5 90 9.48683
8278.5 85 9.21954
8279.5 110 10.4881
8280.5 74 8.60233
8281.5 89 9.43398
8282.5 79 8.88819
8283.5 84 9.16515
8284.5 91 9.53939
8285.5 87 9.32738
8286.5 89 9.43398
8287.5 78 8.83176
8288.5 100 10
8289.5 79 8.88819
8290.5 89 9.43398
8291.5 84 9.16515
8292.5 87 9.32738
8293.5 106 10.2956
8294.5 94 9.69536
8295.5 93 9.64365
8296.5 100 10
8297.5 99 9.94987
8298.5 109 10.4403
8299.5 73 8.544
8300.5 100 10
8301.5 101 10.0499
8302.5 113 10.6301
8303.5 83 9.11043
8304.5 101 10.0499
8305.5 93 9.64365
8306.5 100 10
8307.5 89 9.43398
8308.5 95 9.74679
8309.5 104 10.198
8310.5 102 10.0995
8311.5 97 9.84886
8312.5 109 10.4403
8313.5 114 10.6771
8314.5 101 10.0499
8315.5 100 10
8316.5 100 10
8317.5 85 9.21954
8318.5 93 9.64365
8319.5 96 9.79796
8320.5 99 9.94987
8321.5 106 10.2956
8322.5 92 9.59166
8323.5 90 9.48683
8324.5 85 9.21954
8325.5 97 9.84886
8326.5 94 9.69536
8327.5 107 10.3441
8328.5 84 9.16515
8329.5 87 9.32738
8330.5 85 9.21954
8331.5 89 9.43398
8332.5 88 9.38083
8333.5 81 9
8334.5 84 9.16515
8335.5 83 9.11043
8336.5 88 9.38083
8337.5 74 8.60233
8338.5 73 8.544
8339.5 74 8.60233
8340.5 82 9.05539
8341.5 107 10.3441
8342.5 72 8.48528
8343.5 72 8.48528
8344.5 78 8.83176
8345.5 69 8.30662
8346.5 88 9.38083
8347.5 81 9
8348.5 75 8.66025
8349.5 81 9
8350.5 91 9.53939
8351.5 59 7.68115
8352.5 67 8.18535
8353.5 72 8.48528
8354.5 56 7.48331
8355.5 74 8.60233
8356.5 50 7.07107
8357.5 72 8.48528
8358.5 77 8.77496
8359.5 77 8.77496
8360.5 78 8.83176
8361.5 71 8.42615
8362.5 88 9.38083
8363.5 77 8.77496
8364.5 64 8
8365.5 66 8.12404
8366.5 75 8.66025
8367.5 70 8.3666
8368.5 59 7.68115
8369.5 59 7.68115
8370.5 67 8.18535
8371.5 60 7.74597
8372.5 66 8.12404
8373.5 64 8
8374.5 71 8.42615
8375.5 63 7.93725
8376.5 73 8.544
8377.5 69 8.30662
8378.5 80 8.94427
8379.5 70 8.3666
8380.5 74 8.60233
8381.5 62 7.87401
8382.5 80 8.94427
8383.5 62 7.87401
8384.5 53 7.28011
8385.5 56 7.48331
8386.5 60 7.74597
8387.5 75 8.66025
8388.5 64 8
8389.5 57 7.54983
8390.5 70 8.3666
8391.5 48 6.9282
8392.5 61 7.81025
8393.5 69 8.30662
8394.5 79 8.88819
8395.5 75 8.66025
8396.5 71 8.42615
8397.5 55 7.4162
8398.5 60 7.74597
8399.5 67 8.18535
8400.5 55 7.4162
8401.5 73 8.544
8402.5 75 8.66025
8403.5 82 9.05539
8404.5 56 7.48331
8405.5 59 7.68115
8406.5 64 8
8407.5 63 7.93725
8408.5 56 7.48331
8409.5 51 7.14143
8410.5 67 8.18535
8411.5 77 8.77496
8412.5 67 8.18535
8413.5 58 7.61577
8414.5 59 7.68115
8415.5 76 8.7178
8416.5 63 7.93725
8417.5 72 8.48528
8418.5 63 7.93725
8419.5 66 8.12404
8420.5 66 8.12404
8421.5 76 8.7178
8422.5 70 8.3666
8423.5 60 7.74597
8424.5 47 6.85565
8425.5 72 8.48528
8426.5 58 7.61577
8427.5 63 7.93725
8428.5 54 7.34847
8429.5 62 7.87401
8430.5 68 8.24621
8431.5 61 7.81025
8432.5 66 8.12404
8433.5 51 7.14143
8434.5 55 7.4162
8435.5 69 8.30662
8436.5 54 7.34847
8437.5 70 8.3666
8438.5 71 8.42615
8439.5 60 7.74597
8440.5 68 8.24621
8441.5 50 7.07107
8442.5 65 8.06226
8443.5 62 7.87401
8444.5 62 7.87401
8445.5 59 7.68115
8446.5 62 7.87401
8447.5 49 7
8448.5 64 8
8449.5 52 7.2111
8450.5 60 7.74597
8451.5 62 7.87401
8452.5 69 8.30662
8453.5 64 8
8454.5 60 7.74597
8455.5 50 7.07107
8456.5 44 6.63325
8457.5 55 7.4162
8458.5 62 7.87401
8459.5 51 7.14143
8460.5 57 7.54983
8461.5 59 7.68115
8462.5 67 8.18535
8463.5 66 8.12404
8464.5 61 7.81025
8465.5 61 7.81025
8466.5 51 7.14143
8467.5 62 7.87401
8468.5 60 7.74597
8469.5 69 8.30662
8470.5 62 7.87401
8471.5 68 8.24621
8472.5 46 6.78233
8473.5 57 7.54983
8474.5 54 7.34847
8475.5 56 7.48331
8476.5 65 8.06226
8477.5 58 7.61577
8478.5 67 8.18535
8479.5 50 7.07107
8480.5 58 7.61577
8481.5 68 8.24621
8482.5 61 7.81025
8483.5 55 7.4162
8484.5 74 8.60233
8485.5 57 7.54983
8486.5 59 7.68115
8487.5 59 7.68115
8488.5 61 7.81025
8489.5 70 8.3666
8490.5 61 7.81025
8491.5 51 7.14143
8492.5 83 9.11043
8493.5 57 7.54983
8494.5 66 8.12404
8495.5 58 7.61577
8496.5 61 7.81025
8497.5 60 7.74597
8498.5 72 8.48528
8499.5 65 8.06226
8500.5 76 8.7178
8501.5 64 8
8502.5 58 7.61577
8503.5 51 7.14143
8504.5 61 7.81025
8505.5 60 7.74597
8506.5 62 7.87401
8507.5 56 7.48331
8508.5 67 8.18535
8509.5 70 8.3666
8510.5 73 8.544
8511.5 73 8.544
8512.5 66 8.12404
8513.5 49 7
8514.5 57 7.54983
8515.5 71 8.42615
8516.5 62 7.87401
8517.5 68 8.24621
8518.5 57 7.54983
8519.5 59 7.68115
8520.5 53 7.28011
8521.5 72 8.48528
8522.5 76 8.7178
8523.5 64 8
8524.5 65 8.06226
8525.5 56 7.48331
8526.5 54 7.34847
8527.5 51 7.14143
8528.5 57 7.54983
8529.5 56 7.48331
8530.5 55 7.4162
8531.5 60 7.74597
8532.5 61 7.81025
8533.5 72 8.48528
8534.5 72 8.48528
8535.5 63 7.93725
8536.5 64 8
8537.5 50 7.07107
8538.5 66 8.12404
8539.5 70 8.3666
8540.5 72 8.48528
8541.5 65 8.06226
8542.5 73 8.544
8543.5 67 8.18535
8544.5 41 6.40312
8545.5 68 8.24621
8546.5 69 8.30662
8547.5 68 8.24621
8548.5 64 8
8549.5 64 8
8550.5 66 8.12404
8551.5 56 7.48331
8552.5 58 7.61577
8553.5 67 8.18535
8554.5 60 7.74597
8555.5 61 7.81025
8556.5 82 9.05539
8557.5 70 8.3666
8558.5 55 7.4162
8559.5 66 8.12404
8560.5 62 7.87401
8561.5 74 8.60233
8562.5 67 8.18535
8563.5 61 7.81025
8564.5 64 8
8565.5 76 8.7178
8566.5 69 8.30662
8567.5 73 8.544
8568.5 53 7.28011
8569.5 55 7.4162
8570.5 65 8.06226
8571.5 58 7.61577
8572.5 64 8
8573.5 62 7.87401
8574.5 74 8.60233
8575.5 87 9.32738
8576.5 70 8.3666
8577.5 78 8.83176
8578.5 60 7.74597
8579.5 70 8.3666
8580.5 69 8.30662
8581.5 65 8.06226
8582.5 65 8.06226
8583.5 74 8.60233
8584.5 82 9.05539
8585.5 68 8.24621
8586.5 64 8
8587.5 66 8.12404
8588.5 85 9.21954
8589.5 77 8.77496
8590.5 45 6.7082
8591.5 64 8
8592.5 56 7.48331
8593.5 60 7.74597
8594.5 66 8.12404
8595.5 53 7.28011
8596.5 68 8.24621
8597.5 82 9.05539
8598.5 73 8.544
8599.5 56 7.48331
8600.5 53 7.28011
8601.5 64 8
8602.5 66 8.12404
8603.5 74 8.60233
8604.5 69 8.30662
8605.5 73 8.544
8606.5 75 8.66025
8607.5 66 8.12404
8608.5 82 9.05539
8609.5 67 8.18535
8610.5 63 7.93725
8611.5 74 8.60233
8612.5 73 8.544
8613.5 61 7.81025
8614.5 66 8.12404
8615.5 72 8.48528
8616.5 72 8.48528
8617.5 66 8.12404
8618.5 66 8.12404
8619.5 83 9.11043
8620.5 71 8.42615
8621.5 51 7.14143
8622.5 73 8.544
8623.5 71 8.42615
8624.5 72 8.48528
8625.5 72 8.48528
8626.5 58 7.61577
8627.5 77 8.77496
8628.5 54 7.34847
8629.5 64 8
8630.5 67 8.18535
8631.5 58 7.61577
8632.5 55 7.4162
8633.5 75 8.66025
8634.5 54 7.34847
8635.5 69 8.30662
8636.5 70 8.3666
8637.5 71 8.42615
8638.5 73 8.544
8639.5 72 8.48528
8640.5 76 8.7178
8641.5 65 8.06226
8642.5 69 8.30662
8643.5 76 8.7178
8644.5 59 7.68115
8645.5 52 7.2111
8646.5 66 8.12404
8647.5 68 8.24621
8648.5 62 7.87401
8649.5 71 8.42615
8650.5 61 7.81025
8651.5 67 8.18535
8652.5 73 8.544
8653.5 70 8.3666
8654.5 57 7.54983
8655.5 68 8.24621
8656.5 63 7.93725
8657.5 62 7.87401
8658.5 67 8.18535
8659.5 68 8.24621
8660.5 62 7.87401
8661.5 57 7.54983
8662.5 68 8.24621
8663.5 66 8.12404
8664.5 56 7.48331
8665.5 60 7.74597
8666.5 57 7.54983
8667.5 70 8.3666
8668.5 59 7.68115
8669.5 72 8.48528
8670.5 63 7.93725
8671.5 61 7.81025
8672.5 67 8.18535
8673.5 56 7.48331
8674.5 60 7.74597
8675.5 59 7.68115
8676.5 56 7.48331
8677.5 47 6.85565
8678.5 49 7
8679.5 59 7.68115
8680.5 82 9.05539
8681.5 71 8.42615
8682.5 59 7.68115
8683.5 62 7.87401
8684.5 86 9.27362
8685.5 71 8.42615
8686.5 69 8.30662
8687.5 72 8.48528
8688.5 76 8.7178
8689.5 73 8.544
8690.5 57 7.54983
8691.5 90 9.48683
8692.5 77 8.77496
8693.5 52 7.2111
8694.5 67 8.18535
8695.5 70 8.3666
8696.5 68 8.24621
8697.5 58 7.61577
8698.5 64 8
8699.5 71 8.42615
8700.5 77 8.77496
8701.5 67 8.18535
8702.5 74 8.60233
8703.5 70 8.3666
8704.5 76 8.7178
8705.5 72 8.48528
8706.5 55 7.4162
8707.5 70 8.3666
8708.5 55 7.4162
8709.5 62 7.87401
8710.5 72 8.48528
8711.5 46 6.78233
8712.5 71 8.42615
8713.5 67 8.18535
8714.5 59 7.68115
8715.5 72 8.48528
8716.5 73 8.544
8717.5 76 8.7178
8718.5 76 8.7178
8719.5 56 7.48331
8720.5 72 8.48528
8721.5 69 8.30662
8722.5 69 8.30662
8723.5 63 7.93725
8724.5 79 8.88819
8725.5 71 8.42615
8726.5 61 7.81025
8727.5 78 8.83176
8728.5 77 8.77496
8729.5 64 8
8730.5 62 7.87401
8731.5 75 8.66025
8732.5 52 7.2111
8733.5 57 7.54983
8734.5 81 9
8735.5 64 8
8736.5 71 8.42615
8737.5 91 9.53939
8738.5 61 7.81025
8739.5 82 9.05539
8740.5 65 8.06226
8741.5 86 9.27362
8742.5 75 8.66025
8743.5 70 8.3666
8744.5 76 8.7178
8745.5 74 8.60233
8746.5 61 7.81025
8747.5 66 8.12404
8748.5 70 8.3666
8749.5 68 8.24621
8750.5 56 7.48331
8751.5 70 8.3666
8752.5 63 7.93725
8753.5 64 8
8754.5 57 7.54983
8755.5 69 8.30662
8756.5 78 8.83176
8757.5 87 9.32738
8758.5 64 8
8759.5 75 8.66025
8760.5 65 8.06226
8761.5 68 8.24621
8762.5 77 8.77496
8763.5 87 9.32738
8764.5 66 8.12404
8765.5 65 8.06226
8766.5 80 8.94427
8767.5 67 8.18535
8768.5 75 8.66025
8769.5 74 8.60233
8770.5 76 8.7178
8771.5 58 7.61577
8772.5 62 7.87401
8773.5 64 8
8774.5 84 9.16515
8775.5 73 8.544
8776.5 61 7.81025
8777.5 70 8.3666
8778.5 73 8.544
8779.5 58 7.61577
8780.5 75 8.66025
8781.5 78 8.83176
8782.5 89 9.43398
8783.5 80 8.94427
8784.5 68 8.24621
8785.5 67 8.18535
8786.5 63 7.93725
8787.5 72 8.48528
8788.5 66 8.12404
8789.5 74 8.60233
8790.5 65 8.06226
8791.5 72 8.48528
8792.5 74 8.60233
8793.5 57 7.54983
8794.5 54 7.34847
8795.5 69 8.30662
8796.5 53 7.28011
8797.5 68 8.24621
8798.5 47 6.85565
8799.5 67 8.18535
8800.5 66 8.12404
8801.5 58 7.61577
8802.5 73 8.544
8803.5 66 8.12404
8804.5 71 8.42615
8805.5 75 8.66025
8806.5 66 8.12404
8807.5 56 7.48331
8808.5 74 8.60233
8809.5 68 8.24621
8810.5 72 8.48528
8811.5 77 8.77496
8812.5 77 8.77496
8813.5 67 8.18535
8814.5 61 7.81025
8815.5 80 8.94427
8816.5 71 8.42615
8817.5 75 8.66025
8818.5 78 8.83176
8819.5 58 7.61577
8820.5 74 8.60233
8821.5 63 7.93725
8822.5 77 8.77496
8823.5 59 7.68115
8824.5 84 9.16515
8825.5 75 8.66025
8826.5 82 9.05539
8827.5 77 8.77496
8828.5 72 8.48528
8829.5 61 7.81025
8830.5 66 8.12404
8831.5 66 8.12404
8832.5 74 8.60233
8833.5 74 8.60233
8834.5 79 8.88819
8835.5 70 8.3666
8836.5 69 8.30662
8837.5 84 9.16515
8838.5 75 8.66025
8839.5 86 9.27362
8840.5 76 8.7178
8841.5 50 7.07107
8842.5 78 8.83176
8843.5 72 8.48528
8844.5 73 8.544
8845.5 69 8.30662
8846.5 74 8.60233
8847.5 74 8.60233
8848.5 60 7.74597
8849.5 57 7.54983
8850.5 78 8.83176
8851.5 78 8.83176
8852.5 61 7.81025
8853.5 63 7.93725
8854.5 77 8.77496
8855.5 74 8.60233
8856.5 58 7.61577
8857.5 79 8.88819
8858.5 67 8.18535
8859.5 77 8.77496
8860.5 64 8
8861.5 71 8.42615
8862.5 63 7.93725
8863.5 58 7.61577
8864.5 71 8.42615
8865.5 85 9.21954
8866.5 72 8.48528
8867.5 63 7.93725
8868.5 72 8.48528
8869.5 62 7.87401
8870.5 77 8.77496
8871.5 59 7.68115
8872.5 91 9.53939
8873.5 77 8.77496
8874.5 61 7.81025
8875.5 70 8.3666
8876.5 72 8.48528
8877.5 67 8.18535
8878.5 65 8.06226
8879.5 72 8.48528
8880.5 74 8.60233
8881.5 82 9.05539
8882.5 64 8
8883.5 63 7.93725
8884.5 74 8.60233
8885.5 62 7.87401
8886.5 75 8.66025
8887.5 80 8.94427
8888.5 72 8.48528
8889.5 55 7.4162
8890.5 57 7.54983
8891.5 70 8.3666
8892.5 70 8.3666
8893.5 62 7.87401
8894.5 71 8.42615
8895.5 71 8.42615
8896.5 69 8.30662
8897.5 69 8.30662
8898.5 83 9.11043
8899.5 78 8.83176
8900.5 75 8.66025
8901.5 55 7.4162
8902.5 63 7.93725
8903.5 83 9.11043
8904.5 70 8.3666
8905.5 61 7.81025
8906.5 66 8.12404
8907.5 73 8.544
8908.5 67 8.18535
8909.5 70 8.3666
8910.5 96 9.79796
8911.5 80 8.94427
8912.5 76 8.7178
8913.5 71 8.42615
8914.5 67 8.18535
8915.5 78 8.83176
8916.5 85 9.21954
8917.5 76 8.7178
8918.5 90 9.48683
8919.5 71 8.42615
8920.5 68 8.24621
8921.5 71 8.42615
8922.5 66 8.12404
8923.5 69 8.30662
8924.5 64 8
8925.5 74 8.60233
8926.5 75 8.66025
8927.5 68 8.24621
8928.5 82 9.05539
8929.5 66 8.12404
8930.5 74 8.60233
8931.5 71 8.42615
8932.5 84 9.16515
8933.5 66 8.12404
8934.5 66 8.12404
8935.5 84 9.16515
8936.5 75 8.66025
8937.5 81 9
8938.5 61 7.81025
8939.5 81 9
8940.5 67 8.18535
8941.5 66 8.12404
8942.5 80 8.94427
8943.5 72 8.48528
8944.5 71 8.42615
8945.5 81 9
8946.5 66 8.12404
8947.5 71 8.42615
8948.5 73 8.544
8949.5 73 8.544
8950.5 70 8.3666
8951.5 88 9.38083
8952.5 66 8.12404
8953.5 75 8.66025
8954.5 90 9.48683
8955.5 71 8.42615
8956.5 68 8.24621
8957.5 62 7.87401
8958.5 83 9.11043
8959.5 85 9.21954
8960.5 59 7.68115
8961.5 68 8.24621
8962.5 63 7.93725
8963.5 77 8.77496
8964.5 71 8.42615
8965.5 74 8.60233
8966.5 76 8.7178
8967.5 76 8.7178
8968.5 73 8.544
8969.5 77 8.77496
8970.5 80 8.94427
8971.5 71 8.42615
8972.5 67 8.18535
8973.5 63 7.93725
8974.5 78 8.83176
8975.5 64 8
8976.5 78 8.83176
8977.5 90 9.48683
8978.5 69 8.30662
8979.5 66 8.12404
8980.5 89 9.43398
8981.5 78 8.83176
8982.5 82 9.05539
8983.5 77 8.77496
8984.5 67 8.18535
8985.5 61 7.81025
8986.5 82 9.05539
8987.5 89 9.43398
8988.5 65 8.06226
8989.5 96 9.79796
8990.5 70 8.3666
8991.5 63 7.93725
8992.5 79 8.88819
8993.5 78 8.83176
8994.5 59 7.68115
8995.5 60 7.74597
8996.5 63 7.93725
8997.5 70 8.3666
8998.5 69 8.30662
8999.5 66 8.12404
9000.5 76 8.7178
9001.5 77 8.77496
9002.5 72 8.48528
9003.5 84 9.16515
9004.5 83 9.11043
9005.5 69 8.30662
9006.5 91 9.53939
9007.5 70 8.3666
9008.5 81 9
9009.5 69 8.30662
9010.5 89 9.43398
9011.5 79 8.88819
9012.5 64 8
9013.5 94 9.69536
9014.5 73 8.544
9015.5 76 8.7178
9016.5 76 8.7178
9017.5 89 9.43398
9018.5 66 8.12404
9019.5 88 9.38083
9020.5 72 8.48528
9021.5 95 9.74679
9022.5 82 9.05539
9023.5 75 8.66025
9024.5 71 8.42615
9025.5 76 8.7178
9026.5 58 7.61577
9027.5 73 8.544
9028.5 96 9.79796
9029.5 73 8.544
9030.5 85 9.21954
9031.5 76 8.7178
9032.5 60 7.74597
9033.5 80 8.94427
9034.5 73 8.544
9035.5 74 8.60233
9036.5 82 9.05539
9037.5 72 8.48528
9038.5 83 9.11043
9039.5 69 8.30662
9040.5 73 8.544
9041.5 73 8.544
9042.5 78 8.83176
9043.5 70 8.3666
9044.5 86 9.27362
9045.5 66 8.12404
9046.5 80 8.94427
9047.5 63 7.93725
9048.5 85 9.21954
9049.5 80 8.94427
9050.5 86 9.27362
9051.5 50 7.07107
9052.5 71 8.42615
9053.5 74 8.60233
9054.5 67 8.18535
9055.5 64 8
9056.5 70 8.3666
9057.5 80 8.94427
9058.5 68 8.24621
9059.5 57 7.54983
9060.5 71 8.42615
9061.5 68 8.24621
9062.5 83 9.11043
9063.5 76 8.7178
9064.5 79 8.88819
9065.5 93 9.64365
9066.5 88 9.38083
9067.5 89 9.43398
9068.5 84 9.16515
9069.5 56 7.48331
9070.5 79 8.88819
9071.5 81 9
9072.5 76 8.7178
9073.5 81 9
9074.5 68 8.24621
9075.5 87 9.32738
9076.5 65 8.06226
9077.5 90 9.48683
9078.5 83 9.11043
9079.5 76 8.7178
9080.5 82 9.05539
9081.5 75 8.66025
9082.5 85 9.21954
9083.5 64 8
9084.5 72 8.48528
9085.5 76 8.7178
9086.5 66 8.12404
9087.5 81 9
9088.5 85 9.21954
9089.5 91 9.53939
9090.5 86 9.27362
9091.5 81 9
9092.5 82 9.05539
9093.5 71 8.42615
9094.5 83 9.11043
9095.5 70 8.3666
9096.5 75 8.66025
9097.5 78 8.83176
9098.5 75 8.66025
9099.5 74 8.60233
9100.5 77 8.77496
9101.5 82 9.05539
9102.5 84 9.16515
9103.5 74 8.60233
9104.5 73 8.544
9105.5 72 8.48528
9106.5 95 9.74679
9107.5 73 8.544
9108.5 84 9.16515
9109.5 73 8.544
9110.5 77 8.77496
9111.5 94 9.69536
9112.5 82 9.05539
9113.5 89 9.43398
9114.5 82 9.05539
9115.5 79 8.88819
9116.5 88 9.38083
9117.5 85 9.21954
9118.5 72 8.48528
9119.5 82 9.05539
9120.5 83 9.11043
9121.5 82 9.05539
9122.5 80 8.94427
9123.5 71 8.42615
9124.5 77 8.77496
9125.5 82 9.05539
9126.5 91 9.53939
9127.5 82 9.05539
9128.5 65 8.06226
9129.5 80 8.94427
9130.5 81 9
9131.5 83 9.11043
9132.5 89 9.43398
9133.5 63 7.93725
9134.5 91 9.53939
9135.5 86 9.27362
9136.5 76 8.7178
9137.5 85 9.21954
9138.5 87 9.32738
9139.5 75 8.66025
9140.5 87 9.32738
9141.5 81 9
9142.5 86 9.27362
9143.5 93 9.64365
9144.5 62 7.87401
9145.5 77 8.77496
9146.5 92 9.59166
9147.5 81 9
9148.5 87 9.32738
9149.5 85 9.21954
9150.5 66 8.12404
9151.5 85 9.21954
9152.5 95 9.74679
9153.5 71 8.42615
9154.5 85 9.21954
9155.5 72 8.48528
9156.5 73 8.544
9157.5 85 9.21954
9158.5 78 8.83176
9159.5 84 9.16515
9160.5 75 8.66025
9161.5 79 8.88819
9162.5 88 9.38083
9163.5 89 9.43398
9164.5 77 8.77496
9165.5 73 8.544
9166.5 73 8.544
9167.5 70 8.3666
9168.5 90 9.48683
9169.5 76 8.7178
9170.5 97 9.84886
9171.5 76 8.7178
9172.5 86 9.27362
9173.5 93 9.64365
9174.5 85 9.21954
9175.5 72 8.48528
9176.5 74 8.60233
9177.5 90 9.48683
9178.5 93 9.64365
9179.5 75 8.66025
9180.5 74 8.60233
9181.5 90 9.48683
9182.5 88 9.38083
9183.5 90 9.48683
9184.5 100 10
9185.5 83 9.11043
9186.5 79 8.88819
9187.5 76 8.7178
9188.5 83 9.11043
9189.5 77 8.77496
9190.5 83 9.11043
9191.5 92 9.59166
9192.5 83 9.11043
9193.5 79 8.88819
9194.5 90 9.48683
9195.5 82 9.05539
9196.5 83 9.11043
9197.5 72 8.48528
9198.5 81 9
9199.5 81 9
9200.5 100 10
9201.5 88 9.38083
9202.5 71 8.42615
9203.5 67 8.18535
9204.5 86 9.27362
9205.5 84 9.16515
9206.5 72 8.48528
9207.5 87 9.32738
9208.5 81 9
9209.5 87 9.32738
9210.5 85 9.21954
9211.5 80 8.94427
9212.5 97 9.84886
9213.5 67 8.18535
9214.5 81 9
9215.5 87 9.32738
9216.5 77 8.77496
9217.5 62 7.87401
9218.5 90 9.48683
9219.5 97 9.84886
9220.5 82 9.05539
9221.5 74 8.60233
9222.5 68 8.24621
9223.5 73 8.544
9224.5 80 8.94427
9225.5 66 8.12404
9226.5 75 8.66025
9227.5 87 9.32738
9228.5 70 8.3666
9229.5 64 8
9230.5 70 8.3666
9231.5 93 9.64365
9232.5 76 8.7178
9233.5 88 9.38083
9234.5 67 8.18535
9235.5 86 9.27362
9236.5 81 9
9237.5 98 9.89949
9238.5 85 9.21954
9239.5 87 9.32738
9240.5 75 8.66025
9241.5 86 9.27362
9242.5 79 8.88819
9243.5 96 9.79796
9244.5 75 8.66025
9245.5 62 7.87401
9246.5 83 9.11043
9247.5 70 8.3666
9248.5 87 9.32738
9249.5 87 9.32738
9250.5 84 9.16515
9251.5 87 9.32738
9252.5 85 9.21954
9253.5 71 8.42615
9254.5 83 9.11043
9255.5 85 9.21954
9256.5 78 8.83176
9257.5 97 9.84886
9258.5 93 9.64365
9259.5 80 8.94427
9260.5 85 9.21954
9261.5 75 8.66025
9262.5 77 8.77496
9263.5 99 9.94987
9264.5 81 9
9265.5 103 10.1489
9266.5 79 8.88819
9267.5 82 9.05539
9268.5 76 8.7178
9269.5 98 9.89949
9270.5 92 9.59166
9271.5 68 8.24621
9272.5 99 9.94987
9273.5 73 8.544
9274.5 94 9.69536
9275.5 83 9.11043
9276.5 69 8.30662
9277.5 79 8.88819
9278.5 94 9.69536
9279.5 84 9.16515
9280.5 75 8.66025
9281.5 83 9.11043
9282.5 95 9.74679
9283.5 72 8.48528
9284.5 96 9.79796
9285.5 90 9.48683
9286.5 75 8.66025
9287.5 104 10.198
9288.5 68 8.24621
9289.5 85 9.21954
9290.5 80 8.94427
9291.5 83 9.11043
9292.5 71 8.42615
9293.5 81 9
9294.5 82 9.05539
9295.5 95 9.74679
9296.5 71 8.42615
9297.5 100 10
9298.5 99 9.94987
9299.5 92 9.59166
9300.5 85 9.21954
9301.5 110 10.4881
9302.5 106 10.2956
9303.5 75 8.66025
9304.5 87 9.32738
9305.5 71 8.42615
9306.5 101 10.0499
9307.5 73 8.544
9308.5 81 9
9309.5 75 8.66025
9310.5 93 9.64365
9311.5 91 9.53939
9312.5 90 9.48683
9313.5 83 9.11043
9314.5 82 9.05539
9315.5 91 9.53939
9316.5 117 10.8167
9317.5 76 8.7178
9318.5 81 9
9319.5 90 9.48683
9320.5 92 9.59166
9321.5 109 10.4403
9322.5 83 9.11043
9323.5 85 9.21954
9324.5 91 9.53939
9325.5 99 9.94987
9326.5 101 10.0499
9327.5 93 9.64365
9328.5 80 8.94427
9329.5 79 8.88819
9330.5 101 10.0499
9331.5 91 9.53939
9332.5 80 8.94427
9333.5 83 9.11043
9334.5 82 9.05539
9335.5 82 9.05539
9336.5 92 9.59166
9337.5 91 9.53939
9338.5 74 8.60233
9339.5 84 9.16515
9340.5 92 9.59166
9341.5 106 10.2956
9342.5 101 10.0499
9343.5 92 9.59166
9344.5 76 8.7178
9345.5 70 8.3666
9346.5 74 8.60233
9347.5 88 9.38083
9348.5 91 9.53939
9349.5 112 10.583
9350.5 93 9.64365
9351.5 93 9.64365
9352.5 105 10.247
9353.5 103 10.1489
9354.5 79 8.88819
9355.5 97 9.84886
9356.5 102 10.0995
9357.5 82 9.05539
9358.5 98 9.89949
9359.5 102 10.0995
9360.5 100 10
9361.5 92 9.59166
9362.5 85 9.21954
9363.5 88 9.38083
9364.5 67 8.18535
9365.5 114 10.6771
9366.5 87 9.32738
9367.5 85 9.21954
9368.5 82 9.05539
9369.5 93 9.64365
9370.5 94 9.69536
9371.5 102 10.0995
9372.5 78 8.83176
9373.5 81 9
9374.5 62 7.87401
9375.5 86 9.27362
9376.5 101 10.0499
9377.5 74 8.60233
9378.5 104 10.198
9379.5 91 9.53939
9380.5 80 8.94427
9381.5 93 9.64365
9382.5 78 8.83176
9383.5 83 9.11043
9384.5 113 10.6301
9385.5 109 10.4403
9386.5 95 9.74679
9387.5 97 9.84886
9388.5 85 9.21954
9389.5 83 9.11043
9390.5 87 9.32738
9391.5 108 10.3923
9392.5 71 8.42615
9393.5 83 9.11043
9394.5 81 9
9395.5 84 9.16515
9396.5 86 9.27362
9397.5 89 9.43398
9398.5 93 9.64365
9399.5 81 9
9400.5 93 9.64365
9401.5 82 9.05539
9402.5 105 10.247
9403.5 84 9.16515
9404.5 70 8.3666
9405.5 91 9.53939
9406.5 87 9.32738
9407.5 110 10.4881
9408.5 104 10.198
9409.5 90 9.48683
9410.5 91 9.53939
9411.5 115 10.7238
9412.5 86 9.27362
9413.5 106 10.2956
9414.5 96 9.79796
9415.5 80 8.94427
9416.5 89 9.43398
9417.5 94 9.69536
9418.5 108 10.3923
9419.5 79 8.88819
9420.5 101 10.0499
9421.5 96 9.79796
9422.5 110 10.4881
9423.5 84 9.16515
9424.5 88 9.38083
9425.5 81 9
9426.5 79 8.88819
9427.5 88 9.38083
9428.5 99 9.94987
9429.5 94 9.69536
9430.5 78 8.83176
9431.5 95 9.74679
9432.5 112 10.583
9433.5 81 9
9434.5 93 9.64365
9435.5 89 9.43398
9436.5 118 10.8628
9437.5 85 9.21954
9438.5 109 10.4403
9439.5 98 9.89949
9440.5 87 9.32738
9441.5 77 8.77496
9442.5 101 10.0499
9443.5 99 9.94987
9444.5 93 9.64365
9445.5 105 10.247
9446.5 108 10.3923
9447.5 89 9.43398
9448.5 95 9.74679
9449.5 109 10.4403
9450.5 94 9.69536
9451.5 90 9.48683
9452.5 93 9.64365
9453.5 113 10.6301
9454.5 102 10.0995
9455.5 92 9.59166
9456.5 106 10.2956
9457.5 97 9.84886
9458.5 86 9.27362
9459.5 89 9.43398
9460.5 81 9
9461.5 105 10.247
9462.5 118 10.8628
9463.5 103 10.1489
9464.5 94 9.69536
9465.5 99 9.94987
9466.5 87 9.32738
9467.5 107 10.3441
9468.5 71 8.42615
9469.5 109 10.4403
9470.5 83 9.11043
9471.5 83 9.11043
9472.5 107 10.3441
9473.5 96 9.79796
9474.5 97 9.84886
9475.5 92 9.59166
9476.5 91 9.53939
9477.5 98 9.89949
9478.5 103 10.1489
9479.5 80 8.94427
9480.5 95 9.74679
9481.5 99 9.94987
9482.5 106 10.2956
9483.5 68 8.24621
9484.5 84 9.16515
9485.5 100 10
9486.5 99 9.94987
9487.5 93 9.64365
9488.5 110 10.4881
9489.5 89 9.43398
9490.5 104 10.198
9491.5 95 9.74679
9492.5 107 10.3441
9493.5 80 8.94427
9494.5 95 9.74679
9495.5 75 8.66025
9496.5 95 9.74679
9497.5 101 10.0499
9498.5 109 10.4403
9499.5 106 10.2956
9500.5 105 10.247
9501.5 100 10
9502.5 90 9.48683
9503.5 81 9
9504.5 100 10
9505.5 108 10.3923
9506.5 103 10.1489
9507.5 110 10.4881
9508.5 71 8.42615
9509.5 77 8.77496
9510.5 108 10.3923
9511.5 99 9.94987
9512.5 95 9.74679
9513.5 88 9.38083
9514.5 94 9.69536
9515.5 86 9.27362
9516.5 89 9.43398
9517.5 94 9.69536
9518.5 113 10.6301
9519.5 93 9.64365
9520.5 113 10.6301
9521.5 95 9.74679
9522.5 96 9.79796
9523.5 96 9.79796
9524.5 79 8.88819
9525.5 94 9.69536
9526.5 91 9.53939
9527.5 96 9.79796
9528.5 104 10.198
9529.5 102 10.0995
9530.5 100 10
9531.5 98 9.89949
9532.5 93 9.64365
9533.5 87 9.32738
9534.5 102 10.0995
9535.5 102 10.0995
9536.5 97 9.84886
9537.5 116 10.7703
9538.5 92 9.59166
9539.5 97 9.84886
9540.5 105 10.247
9541.5 101 10.0499
9542.5 115 10.7238
9543.5 109 10.4403
9544.5 100 10
9545.5 86 9.27362
9546.5 101 10.0499
9547.5 105 10.247
9548.5 89 9.43398
9549.5 88 9.38083
9550.5 121 11
9551.5 108 10.3923
9552.5 101 10.0499
9553.5 97 9.84886
9554.5 99 9.94987
9555.5 101 10.0499
9556.5 91 9.53939
9557.5 112 10.583
9558.5 100 10
9559.5 105 10.247
9560.5 112 10.583
9561.5 94 9.69536
9562.5 80 8.94427
9563.5 83 9.11043
9564.5 115 10.7238
9565.5 78 8.83176
9566.5 105 10.247
9567.5 104 10.198
9568.5 97 9.84886
9569.5 96 9.79796
9570.5 90 9.48683
9571.5 101 10.0499
9572.5 116 10.7703
9573.5 104 10.198
9574.5 83 9.11043
9575.5 122 11.0454
9576.5 100 10
9577.5 89 9.43398
9578.5 106 10.2956
9579.5 98 9.89949
9580.5 117 10.8167
9581.5 111 10.5357
9582.5 97 9.84886
9583.5 97 9.84886
9584.5 95 9.74679
9585.5 86 9.27362
9586.5 106 10.2956
9587.5 106 10.2956
9588.5 100 10
9589.5 98 9.89949
9590.5 109 10.4403
9591.5 96 9.79796
9592.5 97 9.84886
9593.5 101 10.0499
9594.5 112 10.583
9595.5 123 11.0905
9596.5 94 9.69536
9597.5 104 10.198
9598.5 86 9.27362
9599.5 85 9.21954
9600.5 103 10.1489
9601.5 108 10.3923
9602.5 102 10.0995
9603.5 90 9.48683
9604.5 102 10.0995
9605.5 114 10.6771
9606.5 119 10.9087
9607.5 125 11.1803
9608.5 97 9.84886
9609.5 115 10.7238
9610.5 93 9.64365
9611.5 100 10
9612.5 100 10
9613.5 99 9.94987
9614.5 95 9.74679
9615.5 101 10.0499
9616.5 96 9.79796
9617.5 126 11.225
9618.5 96 9.79796
9619.5 117 10.8167
9620.5 97 9.84886
9621.5 102 10.0995
9622.5 122 11.0454
9623.5 99 9.94987
9624.5 99 9.94987
9625.5 106 10.2956
9626.5 117 10.8167
9627.5 93 9.64365
9628.5 109 10.4403
9629.5 121 11
9630.5 111 10.5357
9631.5 98 9.89949
9632.5 90 9.48683
9633.5 86 9.27362
9634.5 97 9.84886
9635.5 107 10.3441
9636.5 92 9.59166
9637.5 115 10.7238
9638.5 118 10.8628
9639.5 120 10.9545
9640.5 112 10.583
9641.5 91 9.53939
9642.5 98 9.89949
9643.5 94 9.69536
9644.5 122 11.0454
9645.5 109 10.4403
9646.5 101 10.0499
9647.5 96 9.79796
9648.5 111 10.5357
9649.5 112 10.583
9650.5 100 10
9651.5 114 10.6771
9652.5 115 10.7238
9653.5 127 11.2694
9654.5 113 10.6301
9655.5 111 10.5357
9656.5 118 10.8628
9657.5 93 9.64365
9658.5 91 9.53939
9659.5 94 9.69536
9660.5 100 10
9661.5 100 10
9662.5 130 11.4018
9663.5 112 10.583
9664.5 110 10.4881
9665.5 117 10.8167
9666.5 126 11.225
9667.5 119 10.9087
9668.5 104 10.198
9669.5 122 11.0454
9670.5 112 10.583
9671.5 85 9.21954
9672.5 114 10.6771
9673.5 110 10.4881
9674.5 103 10.1489
9675.5 121 11
9676.5 129 11.3578
9677.5 113 10.6301
9678.5 123 11.0905
9679.5 109 10.4403
9680.5 107 10.3441
9681.5 115 10.7238
9682.5 109 10.4403
9683.5 106 10.2956
9684.5 102 10.0995
9685.5 90 9.48683
9686.5 105 10.247
9687.5 109 10.4403
9688.5 120 10.9545
9689.5 116 10.7703
9690.5 93 9.64365
9691.5 110 10.4881
9692.5 89 9.43398
9693.5 108 10.3923
9694.5 100 10
9695.5 102 10.0995
9696.5 109 10.4403
9697.5 107 10.3441
9698.5 105 10.247
9699.5 104 10.198
9700.5 106 10.2956
9701.5 85 9.21954
9702.5 110 10.4881
9703.5 117 10.8167
9704.5 124 11.1355
9705.5 118 10.8628
9706.5 95 9.74679
9707.5 117 10.8167
9708.5 123 11.0905
9709.5 104 10.198
9710.5 115 10.7238
9711.5 124 11.1355
9712.5 117 10.8167
9713.5 108 10.3923
9714.5 121 11
9715.5 119 10.9087
9716.5 118 10.8628
9717.5 123 11.0905
9718.5 105 10.247
9719.5 104 10.198
9720.5 115 10.7238
9721.5 115 10.7238
9722.5 100 10
9723.5 94 9.69536
9724.5 112 10.583
9725.5 113 10.6301
9726.5 121 11
9727.5 112 10.583
9728.5 103 10.1489
9729.5 120 10.9545
9730.5 130 11.4018
9731.5 103 10.1489
9732.5 111 10.5357
9733.5 125 11.1803
9734.5 122 11.0454
9735.5 131 11.4455
9736.5 133 11.5326
9737.5 110 10.4881
9738.5 101 10.0499
9739.5 107 10.3441
9740.5 112 10.583
9741.5 119 10.9087
9742.5 102 10.0995
9743.5 98 9.89949
9744.5 104 10.198
9745.5 104 10.198
9746.5 115 10.7238
9747.5 120 10.9545
9748.5 108 10.3923
9749.5 124 11.1355
9750.5 120 10.9545
9751.5 105 10.247
9752.5 116 10.7703
9753.5 110 10.4881
9754.5 114 10.6771
9755.5 125 11.1803
9756.5 105 10.247
9757.5 97 9.84886
9758.5 93 9.64365
9759.5 126 11.225
9760.5 103 10.1489
9761.5 123 11.0905
9762.5 99 9.94987
9763.5 95 9.74679
9764.5 117 10.8167
9765.5 98 9.89949
9766.5 133 11.5326
9767.5 124 11.1355
9768.5 112 10.583
9769.5 106 10.2956
9770.5 134 11.5758
9771.5 109 10.4403
9772.5 104 10.198
9773.5 123 11.0905
9774.5 123 11.0905
9775.5 126 11.225
9776.5 101 10.0499
9777.5 120 10.9545
9778.5 117 10.8167
9779.5 121 11
9780.5 105 10.247
9781.5 99 9.94987
9782.5 100 10
9783.5 106 10.2956
9784.5 115 10.7238
9785.5 96 9.79796
9786.5 111 10.5357
9787.5 111 10.5357
9788.5 109 10.4403
9789.5 121 11
9790.5 120 10.9545
9791.5 101 10.0499
9792.5 112 10.583
9793.5 103 10.1489
9794.5 117 10.8167
9795.5 118 10.8628
9796.5 118 10.8628
9797.5 111 10.5357
9798.5 124 11.1355
9799.5 93 9.64365
9800.5 130 11.4018
9801.5 136 11.6619
9802.5 107 10.3441
9803.5 129 11.3578
9804.5 116 10.7703
9805.5 112 10.583
9806.5 109 10.4403
9807.5 117 10.8167
9808.5 101 10.0499
9809.5 111 10.5357
9810.5 109 10.4403
9811.5 98 9.89949
9812.5 98 9.89949
9813.5 128 11.3137
9814.5 94 9.69536
9815.5 98 9.89949
9816.5 106 10.2956
9817.5 123 11.0905
9818.5 112 10.583
9819.5 99 9.94987
9820.5 86 9.27362
9821.5 105 10.247
9822.5 83 9.11043
9823.5 101 10.0499
9824.5 84 9.16515
9825.5 112 10.583
9826.5 116 10.7703
9827.5 115 10.7238
9828.5 103 10.1489
9829.5 117 10.8167
9830.5 84 9.16515
9831.5 101 10.0499
9832.5 89 9.43398
9833.5 117 10.8167
9834.5 101 10.0499
9835.5 123 11.0905
9836.5 102 10.0995
9837.5 104 10.198
9838.5 99 9.94987
9839.5 111 10.5357
9840.5 115 10.7238
9841.5 98 9.89949
9842.5 109 10.4403
9843.5 121 11
9844.5 103 10.1489
9845.5 112 10.583
9846.5 107 10.3441
9847.5 101 10.0499
9848.5 101 10.0499
9849.5 103 10.1489
9850.5 103 10.1489
9851.5 101 10.0499
9852.5 82 9.05539
9853.5 107 10.3441
9854.5 97 9.84886
9855.5 114 10.6771
9856.5 113 10.6301
9857.5 87 9.32738
9858.5 93 9.64365
9859.5 77 8.77496
9860.5 110 10.4881
9861.5 112 10.583
9862.5 95 9.74679
9863.5 98 9.89949
9864.5 109 10.4403
9865.5 91 9.53939
9866.5 93 9.64365
9867.5 100 10
9868.5 92 9.59166
9869.5 106 10.2956
9870.5 114 10.6771
9871.5 112 10.583
9872.5 89 9.43398
9873.5 91 9.53939
9874.5 87 9.32738
9875.5 85 9.21954
9876.5 86 9.27362
9877.5 90 9.48683
9878.5 100 10
9879.5 87 9.32738
9880.5 92 9.59166
9881.5 104 10.198
9882.5 111 10.5357
9883.5 73 8.544
9884.5 76 8.7178
9885.5 102 10.0995
9886.5 83 9.11043
9887.5 89 9.43398
9888.5 96 9.79796
9889.5 80 8.94427
9890.5 80 8.94427
9891.5 104 10.198
9892.5 96 9.79796
9893.5 93 9.64365
9894.5 82 9.05539
9895.5 93 9.64365
9896.5 94 9.69536
9897.5 80 8.94427
9898.5 93 9.64365
9899.5 77 8.77496
9900.5 83 9.11043
9901.5 93 9.64365
9902.5 102 10.0995
9903.5 85 9.21954
9904.5 77 8.77496
9905.5 73 8.544
9906.5 88 9.38083
9907.5 70 8.3666
9908.5 81 9
9909.5 74 8.60233
9910.5 74 8.60233
9911.5 92 9.59166
9912.5 73 8.544
9913.5 80 8.94427
9914.5 80 8.94427
9915.5 86 9.27362
9916.5 83 9.11043
9917.5 99 9.94987
9918.5 80 8.94427
9919.5 76 8.7178
9920.5 87 9.32738
9921.5 76 8.7178
9922.5 61 7.81025
9923.5 81 9
9924.5 95 9.74679
9925.5 83 9.11043
9926.5 84 9.16515
9927.5 88 9.38083
9928.5 83 9.11043
9929.5 91 9.53939
9930.5 79 8.88819
9931.5 88 9.38083
9932.5 63 7.93725
9933.5 71 8.42615
9934.5 77 8.77496
9935.5 79 8.88819
9936.5 72 8.48528
9937.5 87 9.32738
9938.5 80 8.94427
9939.5 75 8.66025
9940.5 84 9.16515
9941.5 76 8.7178
9942.5 82 9.05539
9943.5 70 8.3666
9944.5 91 9.53939
9945.5 76 8.7178
9946.5 89 9.43398
9947.5 70 8.3666
9948.5 73 8.544
9949.5 80 8.94427
9950.5 72 8.48528
9951.5 82 9.05539
9952.5 58 7.61577
9953.5 92 9.59166
9954.5 74 8.60233
9955.5 84 9.16515
9956.5 64 8
9957.5 75 8.66025
9958.5 67 8.18535
9959.5 66 8.12404
9960.5 53 7.28011
9961.5 75 8.66025
9962.5 81 9
9963.5 89 9.43398
9964.5 81 9
9965.5 83 9.11043
9966.5 62 7.87401
9967.5 66 8.12404
9968.5 52 7.2111
9969.5 76 8.7178
9970.5 63 7.93725
9971.5 79 8.88819
9972.5 74 8.60233
9973.5 84 9.16515
9974.5 76 8.7178
9975.5 64 8
9976.5 60 7.74597
9977.5 82 9.05539
9978.5 87 9.32738
9979.5 82 9.05539
9980.5 62 7.87401
9981.5 63 7.93725
9982.5 69 8.30662
9983.5 79 8.88819
9984.5 70 8.3666
9985.5 66 8.12404
9986.5 76 8.7178
9987.5 62 7.87401
9988.5 66 8.12404
9989.5 70 8.3666
9990.5 67 8.18535
9991.5 57 7.54983
9992.5 57 7.54983
9993.5 75 8.66025
9994.5 88 9.38083
9995.5 61 7.81025
9996.5 61 7.81025
9997.5 54 7.34847
9998.5 71 8.42615
9999.5 79 8.88819
10000.5 58 7.61577
10001.5 67 8.18535
10002.5 43 6.55744
10003.5 66 8.12404
10004.5 56 7.48331
10005.5 63 7.93725
10006.5 72 8.48528
10007.5 76 8.7178
10008.5 66 8.12404
10009.5 73 8.544
10010.5 59 7.68115
10011.5 59 7.68115
10012.5 63 7.93725
10013.5 69 8.30662
10014.5 65 8.06226
10015.5 80 8.94427
10016.5 58 7.61577
10017.5 56 7.48331
10018.5 69 8.30662
10019.5 63 7.93725
10020.5 81 9
10021.5 63 7.93725
10022.5 77 8.77496
10023.5 61 7.81025
10024.5 67 8.18535
10025.5 58 7.61577
10026.5 65 8.06226
10027.5 66 8.12404
10028.5 67 8.18535
10029.5 63 7.93725
10030.5 51 7.14143
10031.5 52 7.2111
10032.5 71 8.42615
10033.5 61 7.81025
10034.5 77 8.77496
10035.5 73 8.544
10036.5 68 8.24621
10037.5 72 8.48528
10038.5 68 8.24621
10039.5 66 8.12404
10040.5 80 8.94427
10041.5 58 7.61577
10042.5 74 8.60233
10043.5 51 7.14143
10044.5 60 7.74597
10045.5 59 7.68115
10046.5 50 7.07107
10047.5 61 7.81025
10048.5 62 7.87401
10049.5 87 9.32738
10050.5 75 8.66025
10051.5 53 7.28011
10052.5 59 7.68115
10053.5 63 7.93725
10054.5 52 7.2111
10055.5 59 7.68115
10056.5 50 7.07107
10057.5 56 7.48331
10058.5 64 8
10059.5 65 8.06226
10060.5 68 8.24621
10061.5 70 8.3666
10062.5 62 7.87401
10063.5 82 9.05539
10064.5 69 8.30662
10065.5 65 8.06226
10066.5 63 7.93725
10067.5 68 8.24621
10068.5 61 7.81025
10069.5 63 7.93725
10070.5 52 7.2111
10071.5 67 8.18535
10072.5 84 9.16515
10073.5 67 8.18535
10074.5 80 8.94427
10075.5 58 7.61577
10076.5 68 8.24621
10077.5 54 7.34847
10078.5 46 6.78233
10079.5 64 8
10080.5 53 7.28011
10081.5 73 8.544
10082.5 64 8
10083.5 62 7.87401
10084.5 70 8.3666
10085.5 69 8.30662
10086.5 48 6.9282
10087.5 71 8.42615
10088.5 42 6.48074
10089.5 74 8.60233
10090.5 67 8.18535
10091.5 60 7.74597
10092.5 53 7.28011
10093.5 51 7.14143
10094.5 51 7.14143
10095.5 70 8.3666
10096.5 41 6.40312
10097.5 71 8.42615
10098.5 55 7.4162
10099.5 58 7.61577
10100.5 56 7.48331
10101.5 61 7.81025
10102.5 65 8.06226
10103.5 63 7.93725
10104.5 66 8.12404
10105.5 60 7.74597
10106.5 56 7.48331
10107.5 82 9.05539
10108.5 63 7.93725
10109.5 63 7.93725
10110.5 58 7.61577
10111.5 56 7.48331
10112.5 81 9
10113.5 56 7.48331
10114.5 62 7.87401
10115.5 54 7.34847
10116.5 45 6.7082
10117.5 56 7.48331
10118.5 58 7.61577
10119.5 59 7.68115
10120.5 60 7.74597
10121.5 66 8.12404
10122.5 57 7.54983
10123.5 55 7.4162
10124.5 61 7.81025
10125.5 62 7.87401
10126.5 75 8.66025
10127.5 55 7.4162
10128.5 52 7.2111
10129.5 50 7.07107
10130.5 57 7.54983
10131.5 65 8.06226
10132.5 61 7.81025
10133.5 62 7.87401
10134.5 59 7.68115
10135.5 69 8.30662
10136.5 66 8.12404
10137.5 49 7
10138.5 53 7.28011
10139.5 52 7.2111
10140.5 62 7.87401
10141.5 44 6.63325
10142.5 73 8.544
10143.5 68 8.24621
10144.5 61 7.81025
10145.5 72 8.48528
10146.5 64 8
10147.5 59 7.68115
10148.5 52 7.2111
10149.5 57 7.54983
10150.5 55 7.4162
10151.5 63 7.93725
10152.5 49 7
10153.5 46 6.78233
10154.5 64 8
10155.5 69 8.30662
10156.5 52 7.2111
10157.5 48 6.9282
10158.5 67 8.18535
10159.5 69 8.30662
10160.5 48 6.9282
10161.5 63 7.93725
10162.5 75 8.66025
10163.5 53 7.28011
10164.5 50 7.07107
10165.5 62 7.87401
10166.5 68 8.24621
10167.5 61 7.81025
10168.5 54 7.34847
10169.5 60 7.74597
10170.5 55 7.4162
10171.5 60 7.74597
10172.5 55 7.4162
10173.5 51 7.14143
10174.5 57 7.54983
10175.5 54 7.34847
10176.5 64 8
10177.5 63 7.93725
10178.5 56 7.48331
10179.5 65 8.06226
10180.5 65 8.06226
10181.5 48 6.9282
10182.5 60 7.74597
10183.5 47 6.85565
10184.5 59 7.68115
10185.5 45 6.7082
10186.5 62 7.87401
10187.5 68 8.24621
10188.5 61 7.81025
10189.5 57 7.54983
10190.5 53 7.28011
10191.5 52 7.2111
10192.5 48 6.9282
10193.5 50 7.07107
10194.5 61 7.81025
10195.5 37 6.08276
10196.5 50 7.07107
10197.5 49 7
10198.5 47 6.85565
10199.5 60 7.74597
10200.5 70 8.3666
10201.5 61 7.81025
10202.5 51 7.14143
10203.5 54 7.34847
10204.5 47 6.85565
10205.5 62 7.87401
10206.5 61 7.81025
10207.5 69 8.30662
10208.5 56 7.48331
10209.5 61 7.81025
10210.5 51 7.14143
10211.5 69 8.30662
10212.5 48 6.9282
10213.5 45 6.7082
10214.5 52 7.2111
10215.5 53 7.28011
10216.5 40 6.32456
10217.5 51 7.14143
10218.5 49 7
10219.5 32 5.65685
10220.5 52 7.2111
10221.5 52 7.2111
10222.5 55 7.4162
10223.5 61 7.81025
10224.5 52 7.2111
10225.5 47 6.85565
10226.5 54 7.34847
10227.5 63 7.93725
10228.5 64 8
10229.5 51 7.14143
10230.5 35 5.91608
10231.5 55 7.4162
10232.5 50 7.07107
10233.5 54 7.34847
10234.5 57 7.54983
10235.5 39 6.245
10236.5 53 7.28011
10237.5 49 7
10238.5 49 7
10239.5 61 7.81025
10240.5 62 7.87401
10241.5 50 7.07107
10242.5 55 7.4162
10243.5 55 7.4162
10244.5 48 6.9282
10245.5 48 6.9282
10246.5 52 7.2111
10247.5 57 7.54983
10248.5 48 6.9282
10249.5 64 8
10250.5 49 7
10251.5 48 6.9282
10252.5 63 7.93725
10253.5 36 6
10254.5 49 7
10255.5 42 6.48074
10256.5 57 7.54983
10257.5 55 7.4162
10258.5 42 6.48074
10259.5 38 6.16441
10260.5 58 7.61577
10261.5 45 6.7082
10262.5 50 7.07107
10263.5 62 7.87401
10264.5 45 6.7082
10265.5 57 7.54983
10266.5 63 7.93725
10267.5 56 7.48331
10268.5 45 6.7082
10269.5 53 7.28011
10270.5 65 8.06226
10271.5 53 7.28011
10272.5 50 7.07107
10273.5 55 7.4162
10274.5 52 7.2111
10275.5 43 6.55744
10276.5 40 6.32456
10277.5 64 8
10278.5 43 6.55744
10279.5 42 6.48074
10280.5 39 6.245
10281.5 49 7
10282.5 57 7.54983
10283.5 47 6.85565
10284.5 49 7
10285.5 54 7.34847
10286.5 55 7.4162
10287.5 58 7.61577
10288.5 48 6.9282
10289.5 42 6.48074
10290.5 63 7.93725
10291.5 45 6.7082
10292.5 41 6.40312
10293.5 42 6.48074
10294.5 61 7.81025
10295.5 46 6.78233
10296.5 54 7.34847
10297.5 57 7.54983
10298.5 45 6.7082
10299.5 39 6.245
10300.5 44 6.63325
10301.5 51 7.14143
10302.5 50 7.07107
10303.5 42 6.48074
10304.5 53 7.28011
10305.5 47 6.85565
10306.5 37 6.08276
10307.5 44 6.63325
10308.5 44 6.63325
10309.5 43 6.55744
10310.5 40 6.32456
10311.5 46 6.78233
10312.5 52 7.2111
10313.5 37 6.08276
10314.5 46 6.78233
10315.5 42 6.48074
10316.5 51 7.14143
10317.5 43 6.55744
10318.5 30 5.47723
10319.5 56 7.48331
10320.5 51 7.14143
10321.5 52 7.2111
10322.5 52 7.2111
10323.5 53 7.28011
10324.5 47 6.85565
10325.5 42 6.48074
10326.5 40 6.32456
10327.5 53 7.28011
10328.5 43 6.55744
10329.5 36 6
10330.5 52 7.2111
10331.5 53 7.28011
10332.5 39 6.245
10333.5 39 6.245
10334.5 38 6.16441
10335.5 41 6.40312
10336.5 46 6.78233
10337.5 46 6.78233
10338.5 38 6.16441
10339.5 46 6.78233
10340.5 45 6.7082
10341.5 44 6.63325
10342.5 33 5.74456
10343.5 48 6.9282
10344.5 60 7.74597
10345.5 40 6.32456
10346.5 39 6.245
10347.5 51 7.14143
10348.5 42 6.48074
10349.5 32 5.65685
10350.5 47 6.85565
10351.5 42 6.48074
10352.5 37 6.08276
10353.5 46 6.78233
10354.5 40 6.32456
10355.5 44 6.63325
10356.5 35 5.91608
10357.5 37 6.08276
10358.5 46 6.78233
10359.5 40 6.32456
10360.5 44 6.63325
10361.5 41 6.40312
10362.5 39 6.245
10363.5 33 5.74456
10364.5 44 6.63325
10365.5 40 6.32456
10366.5 38 6.16441
10367.5 34 5.83095
10368.5 45 6.7082
10369.5 44 6.63325
10370.5 40 6.32456
10371.5 34 5.83095
10372.5 45 6.7082
10373.5 39 6.245
10374.5 42 6.48074
10375.5 49 7
10376.5 55 7.4162
10377.5 38 6.16441
10378.5 35 5.91608
10379.5 46 6.78233
10380.5 39 6.245
10381.5 46 6.78233
10382.5 38 6.16441
10383.5 46 6.78233
10384.5 51 7.14143
10385.5 39 6.245
10386.5 51 7.14143
10387.5 32 5.65685
10388.5 32 5.65685
10389.5 33 5.74456
10390.5 38 6.16441
10391.5 38 6.16441
10392.5 38 6.16441
10393.5 25 5
10394.5 34 5.83095
10395.5 41 6.40312
10396.5 50 7.07107
10397.5 39 6.245
10398.5 32 5.65685
10399.5 45 6.7082
10400.5 29 5.38516
10401.5 28 5.2915
10402.5 29 5.38516
10403.5 38 6.16441
10404.5 44 6.63325
10405.5 34 5.83095
10406.5 34 5.83095
10407.5 42 6.48074
10408.5 35 5.91608
10409.5 48 6.9282
10410.5 48 6.9282
10411.5 37 6.08276
10412.5 32 5.65685
10413.5 38 6.16441
10414.5 41 6.40312
10415.5 32 5.65685
10416.5 33 5.74456
10417.5 37 6.08276
10418.5 33 5.74456
10419.5 47 6.85565
10420.5 34 5.83095
10421.5 42 6.48074
10422.5 32 5.65685
10423.5 34 5.83095
10424.5 41 6.40312
10425.5 32 5.65685
10426.5 33 5.74456
10427.5 44 6.63325
10428.5 40 6.32456
10429.5 32 5.65685
10430.5 28 5.2915
10431.5 33 5.74456
10432.5 30 5.47723
10433.5 36 6
10434.5 37 6.08276
10435.5 38 6.16441
10436.5 35 5.91608
10437.5 42 6.48074
10438.5 26 5.09902
10439.5 24 4.89898
10440.5 32 5.65685
10441.5 26 5.09902
10442.5 27 5.19615
10443.5 37 6.08276
10444.5 31 5.56776
10445.5 30 5.47723
10446.5 34 5.83095
10447.5 31 5.56776
10448.5 31 5.56776
10449.5 29 5.38516
10450.5 33 5.74456
10451.5 47 6.85565
10452.5 35 5.91608
10453.5 45 6.7082
10454.5 28 5.2915
10455.5 33 5.74456
10456.5 28 5.2915
10457.5 33 5.74456
10458.5 33 5.74456
10459.5 35 5.91608
10460.5 40 6.32456
10461.5 28 5.2915
10462.5 29 5.38516
10463.5 33 5.74456
10464.5 49 7
10465.5 35 5.91608
10466.5 32 5.65685
10467.5 24 4.89898
10468.5 39 6.245
10469.5 32 5.65685
10470.5 26 5.09902
10471.5 25 5
10472.5 26 5.09902
10473.5 37 6.08276
10474.5 35 5.91608
10475.5 32 5.65685
10476.5 24 4.89898
10477.5 43 6.55744
10478.5 32 5.65685
10479.5 28 5.2915
10480.5 40 6.32456
10481.5 24 4.89898
10482.5 26 5.09902
10483.5 35 5.91608
10484.5 25 5
10485.5 30 5.47723
10486.5 19 4.3589
10487.5 30 5.47723
10488.5 30 5.47723
10489.5 28 5.2915
10490.5 25 5
10491.5 29 5.38516
10492.5 37 6.08276
10493.5 40 6.32456
10494.5 32 5.65685
10495.5 28 5.2915
10496.5 24 4.89898
10497.5 28 5.2915
10498.5 22 4.69042
10499.5 30 5.47723
10500.5 19 4.3589
10501.5 31 5.56776
10502.5 26 5.09902
10503.5 30 5.47723
10504.5 36 6
10505.5 32 5.65685
10506.5 27 5.19615
10507.5 26 5.09902
10508.5 28 5.2915
10509.5 19 4.3589
10510.5 24 4.89898
10511.5 37 6.08276
10512.5 41 6.40312
10513.5 23 4.79583
10514.5 29 5.38516
10515.5 27 5.19615
10516.5 33 5.74456
10517.5 21 4.58258
10518.5 29 5.38516
10519.5 23 4.79583
10520.5 36 6
10521.5 36 6
10522.5 24 4.89898
10523.5 35 5.91608
10524.5 28 5.2915
10525.5 41 6.40312
10526.5 29 5.38516
10527.5 23 4.79583
10528.5 31 5.56776
10529.5 21 4.58258
10530.5 29 5.38516
10531.5 20 4.47214
10532.5 29 5.38516
10533.5 21 4.58258
10534.5 25 5
10535.5 28 5.2915
10536.5 36 6
10537.5 22 4.69042
10538.5 27 5.19615
10539.5 32 5.65685
10540.5 20 4.47214
10541.5 27 5.19615
10542.5 26 5.09902
10543.5 20 4.47214
10544.5 26 5.09902
10545.5 16 4
10546.5 27 5.19615
10547.5 32 5.65685
10548.5 33 5.74456
10549.5 27 5.19615
10550.5 33 5.74456
10551.5 23 4.79583
10552.5 27 5.19615
10553.5 24 4.89898
10554.5 34 5.83095
10555.5 22 4.69042
10556.5 27 5.19615
10557.5 24 4.89898
10558.5 24 4.89898
10559.5 21 4.58258
10560.5 30 5.47723
10561.5 18 4.24264
10562.5 18 4.24264
10563.5 20 4.47214
10564.5 26 5.09902
10565.5 24 4.89898
10566.5 28 5.2915
10567.5 27 5.19615
10568.5 23 4.79583
10569.5 26 5.09902
10570.5 19 4.3589
10571.5 13 3.60555
10572.5 24 4.89898
10573.5 13 3.60555
10574.5 18 4.24264
10575.5 25 5
10576.5 22 4.69042
10577.5 22 4.69042
10578.5 17 4.12311
10579.5 24 4.89898
10580.5 20 4.47214
10581.5 21 4.58258
10582.5 25 5
10583.5 26 5.09902
10584.5 21 4.58258
10585.5 24 4.89898
10586.5 21 4.58258
10587.5 20 4.47214
10588.5 24 4.89898
10589.5 19 4.3589
10590.5 16 4
10591.5 19 4.3589
10592.5 14 3.74166
10593.5 23 4.79583
10594.5 20 4.47214
10595.5 14 3.74166
10596.5 17 4.12311
10597.5 20 4.47214
10598.5 20 4.47214
10599.5 23 4.79583
10600.5 28 5.2915
10601.5 16 4
10602.5 20 4.47214
10603.5 20 4.47214
10604.5 15 3.87298
10605.5 24 4.89898
10606.5 25 5
10607.5 26 5.09902
10608.5 22 4.69042
10609.5 17 4.12311
10610.5 22 4.69042
10611.5 23 4.79583
10612.5 22 4.69042
10613.5 20 4.47214
10614.5 13 3.60555
10615.5 15 3.87298
10616.5 25 5
10617.5 22 4.69042
10618.5 18 4.24264
10619.5 30 5.47723
10620.5 17 4.12311
10621.5 13 3.60555
10622.5 16 4
10623.5 17 4.12311
10624.5 20 4.47214
10625.5 17 4.12311
10626.5 32 5.65685
10627.5 14 3.74166
10628.5 27 5.19615
10629.5 16 4
10630.5 18 4.24264
10631.5 28 5.2915
10632.5 19 4.3589
10633.5 16 4
10634.5 16 4
10635.5 20 4.47214
10636.5 28 5.2915
10637.5 17 4.12311
10638.5 18 4.24264
10639.5 25 5
10640.5 15 3.87298
10641.5 17 4.12311
10642.5 16 4
10643.5 23 4.79583
10644.5 27 5.19615
10645.5 20 4.47214
10646.5 18 4.24264
10647.5 23 4.79583
10648.5 23 4.79583
10649.5 15 3.87298
10650.5 24 4.89898
10651.5 14 3.74166
10652.5 19 4.3589
10653.5 19 4.3589
10654.5 26 5.09902
10655.5 15 3.87298
10656.5 17 4.12311
10657.5 26 5.09902
10658.5 14 3.74166
10659.5 24 4.89898
10660.5 26 5.09902
10661.5 22 4.69042
10662.5 22 4.69042
10663.5 19 4.3589
10664.5 19 4.3589
10665.5 17 4.12311
10666.5 21 4.58258
10667.5 16 4
10668.5 21 4.58258
10669.5 18 4.24264
10670.5 19 4.3589
10671.5 25 5
10672.5 21 4.58258
10673.5 24 4.89898
10674.5 17 4.12311
10675.5 14 3.74166
10676.5 18 4.24264
10677.5 15 3.87298
10678.5 18 4.24264
10679.5 10 3.16228
10680.5 18 4.24264
10681.5 14 3.74166
10682.5 12 3.4641
10683.5 14 3.74166
10684.5 19 4.3589
10685.5 15 3.87298
10686.5 17 4.12311
10687.5 15 3.87298
10688.5 20 4.47214
10689.5 20 4.47214
10690.5 19 4.3589
10691.5 20 4.47214
10692.5 19 4.3589
10693.5 23 4.79583
10694.5 17 4.12311
10695.5 13 3.60555
10696.5 17 4.12311
10697.5 19 4.3589
10698.5 13 3.60555
10699.5 21 4.58258
10700.5 16 4
10701.5 18 4.24264
10702.5 20 4.47214
10703.5 15 3.87298
10704.5 19 4.3589
10705.5 24 4.89898
10706.5 17 4.12311
10707.5 21 4.58258
10708.5 20 4.47214
10709.5 21 4.58258
10710.5 25 5
10711.5 18 4.24264
10712.5 18 4.24264
10713.5 13 3.60555
10714.5 17 4.12311
10715.5 22 4.69042
10716.5 14 3.74166
10717.5 12 3.4641
10718.5 21 4.58258
10719.5 18 4.24264
10720.5 11 3.31662
10721.5 11 3.31662
10722.5 12 3.4641
10723.5 11 3.31662
10724.5 17 4.12311
10725.5 18 4.24264
10726.5 18 4.24264
10727.5 12 3.4641
10728.5 18 4.24264
10729.5 14 3.74166
10730.5 15 3.87298
10731.5 16 4
10732.5 19 4.3589
10733.5 16 4
10734.5 14 3.74166
10735.5 16 4
10736.5 12 3.4641
10737.5 15 3.87298
10738.5 20 4.47214
10739.5 10 3.16228
10740.5 24 4.89898
10741.5 9 3
10742.5 15 3.87298
10743.5 20 4.47214
10744.5 14 3.74166
10745.5 13 3.60555
10746.5 18 4.24264
10747.5 15 3.87298
10748.5 15 3.87298
10749.5 17 4.12311
10750.5 11 3.31662
10751.5 10 3.16228
10752.5 12 3.4641
10753.5 17 4.12311
10754.5 16 4
10755.5 16 4
10756.5 10 3.16228
10757.5 9 3
10758.5 7 2.64575
10759.5 14 3.74166
10760.5 10 3.16228
10761.5 9 3
10762.5 15 3.87298
10763.5 20 4.47214
10764.5 13 3.60555
10765.5 23 4.79583
10766.5 12 3.4641
10767.5 26 5.09902
10768.5 10 3.16228
10769.5 13 3.60555
10770.5 17 4.12311
10771.5 10 3.16228
10772.5 15 3.87298
10773.5 15 3.87298
10774.5 16 4
10775.5 14 3.74166
10776.5 11 3.31662
10777.5 12 3.4641
10778.5 19 4.3589
10779.5 15 3.87298
10780.5 20 4.47214
10781.5 15 3.87298
10782.5 13 3.60555
10783.5 18 4.24264
10784.5 17 4.12311
10785.5 12 3.4641
10786.5 11 3.31662
10787.5 9 3
10788.5 12 3.4641
10789.5 13 3.60555
10790.5 10 3.16228
10791.5 21 4.58258
10792.5 14 3.74166
10793.5 14 3.74166
10794.5 8 2.82843
10795.5 19 4.3589
10796.5 21 4.58258
10797.5 12 3.4641
10798.5 20 4.47214
10799.5 13 3.60555
10800.5 11 3.31662
10801.5 9 3
10802.5 15 3.87298
10803.5 14 3.74166
10804.5 15 3.87298
10805.5 10 3.16228
10806.5 16 4
10807.5 9 3
10808.5 14 3.74166
10809.5 10 3.16228
10810.5 17 4.12311
10811.5 13 3.60555
10812.5 12 3.4641
10813.5 9 3
10814.5 12 3.4641
10815.5 11 3.31662
10816.5 21 4.58258
10817.5 14 3.74166
10818.5 11 3.31662
10819.5 17 4.12311
10820.5 12 3.4641
10821.5 20 4.47214
10822.5 13 3.60555
10823.5 13 3.60555
10824.5 19 4.3589
10825.5 9 3
10826.5 11 3.31662
10827.5 11 3.31662
10828.5 13 3.60555
10829.5 13 3.60555
10830.5 9 3
10831.5 9 3
10832.5 10 3.16228
10833.5 10 3.16228
10834.5 13 3.60555
10835.5 12 3.4641
10836.5 9 3
10837.5 12 3.4641
10838.5 12 3.4641
10839.5 20 4.47214
10840.5 15 3.87298
10841.5 20 4.47214
10842.5 7 2.64575
10843.5 14 3.74166
10844.5 13 3.60555
10845.5 13 3.60555
10846.5 8 2.82843
10847.5 12 3.4641
10848.5 11 3.31662
10849.5 10 3.16228
10850.5 9 3
10851.5 13 3.60555
10852.5 14 3.74166
10853.5 12 3.4641
10854.5 13 3.60555
10855.5 21 4.58258
10856.5 14 3.74166
10857.5 13 3.60555
10858.5 11 3.31662
10859.5 10 3.16228
10860.5 11 3.31662
10861.5 9 3
10862.5 12 3.4641
10863.5 16 4
10864.5 9 3
10865.5 17 4.12311
10866.5 25 5
10867.5 10 3.16228
10868.5 18 4.24264
10869.5 12 3.4641
10870.5 12 3.4641
10871.5 16 4
10872.5 10 3.16228
10873.5 11 3.31662
10874.5 16 4
10875.5 16 4
10876.5 11 3.31662
10877.5 7 2.64575
10878.5 9 3
10879.5 16 4
10880.5 11 3.31662
10881.5 21 4.58258
10882.5 11 3.31662
10883.5 12 3.4641
10884.5 20 4.47214
10885.5 19 4.3589
10886.5 16 4
10887.5 10 3.16228
10888.5 17 4.12311
10889.5 16 4
10890.5 10 3.16228
10891.5 12 3.4641
10892.5 13 3.60555
10893.5 13 3.60555
10894.5 15 3.87298
10895.5 10 3.16228
10896.5 19 4.3589
10897.5 13 3.60555
10898.5 17 4.12311
10899.5 11 3.31662
10900.5 11 3.31662
10901.5 9 3
10902.5 18 4.24264
10903.5 10 3.16228
10904.5 9 3
10905.5 17 4.12311
10906.5 14 3.74166
10907.5 18 4.24264
10908.5 12 3.4641
10909.5 15 3.87298
10910.5 17 4.12311
10911.5 18 4.24264
10912.5 12 3.4641
10913.5 15 3.87298
10914.5 16 4
10915.5 14 3.74166
10916.5 14 3.74166
10917.5 15 3.87298
10918.5 10 3.16228
10919.5 12 3.4641
10920.5 11 3.31662
10921.5 13 3.60555
10922.5 16 4
10923.5 9 3
10924.5 16 4
10925.5 11 3.31662
10926.5 13 3.60555
10927.5 15 3.87298
10928.5 11 3.31662
10929.5 8 2.82843
10930.5 16 4
10931.5 15 3.87298
10932.5 8 2.82843
10933.5 15 3.87298
10934.5 12 3.4641
10935.5 6 2.44949
10936.5 18 4.24264
10937.5 11 3.31662
10938.5 10 3.16228
10939.5 9 3
10940.5 15 3.87298
10941.5 17 4.12311
10942.5 18 4.24264
10943.5 15 3.87298
10944.5 10 3.16228
10945.5 13 3.60555
10946.5 16 4
10947.5 12 3.4641
10948.5 11 3.31662
10949.5 15 3.87298
10950.5 16 4
10951.5 21 4.58258
10952.5 16 4
10953.5 12 3.4641
10954.5 12 3.4641
10955.5 10 3.16228
10956.5 6 2.44949
10957.5 14 3.74166
10958.5 18 4.24264
10959.5 7 2.64575
10960.5 10 3.16228
10961.5 11 3.31662
10962.5 12 3.4641
10963.5 16 4
10964.5 12 3.4641
10965.5 10 3.16228
10966.5 19 4.3589
10967.5 12 3.4641
10968.5 9 3
10969.5 11 3.31662
10970.5 9 3
10971.5 11 3.31662
10972.5 13 3.60555
10973.5 13 3.60555
10974.5 15 3.87298
10975.5 13 3.60555
10976.5 18 4.24264
10977.5 11 3.31662
10978.5 18 4.24264
10979.5 8 2.82843
10980.5 12 3.4641
10981.5 13 3.60555
10982.5 14 3.74166
10983.5 14 3.74166
10984.5 17 4.12311
10985.5 15 3.87298
10986.5 17 4.12311
10987.5 9 3
10988.5 17 4.12311
10989.5 14 3.74166
10990.5 15 3.87298
10991.5 6 2.44949
10992.5 17 4.12311
10993.5 15 3.87298
10994.5 10 3.16228
10995.5 9 3
10996.5 12 3.4641
10997.5 12 3.4641
10998.5 17 4.12311
10999.5 21 4.58258
11000.5 11 3.31662
11001.5 11 3.31662
11002.5 8 2.82843
11003.5 20 4.47214
11004.5 5 2.23607
11005.5 13 3.60555
11006.5 7 2.64575
11007.5 15 3.87298
11008.5 10 3.16228
11009.5 15 3.87298
11010.5 12 3.4641
11011.5 16 4
11012.5 14 3.74166
11013.5 9 3
11014.5 10 3.16228
11015.5 10 3.16228
11016.5 20 4.47214
11017.5 16 4
11018.5 15 3.87298
11019.5 13 3.60555
11020.5 8 2.82843
11021.5 14 3.74166
11022.5 10 3.16228
11023.5 6 2.44949
11024.5 13 3.60555
11025.5 15 3.87298
11026.5 9 3
11027.5 14 3.74166
11028.5 13 3.60555
11029.5 10 3.16228
11030.5 13 3.60555
11031.5 8 2.82843
11032.5 15 3.87298
11033.5 12 3.4641
11034.5 14 3.74166
11035.5 13 3.60555
11036.5 16 4
11037.5 9 3
11038.5 12 3.4641
11039.5 11 3.31662
11040.5 15 3.87298
11041.5 17 4.12311
11042.5 17 4.12311
11043.5 15 3.87298
11044.5 15 3.87298
11045.5 10 3.16228
11046.5 14 3.74166
11047.5 12 3.4641
11048.5 15 3.87298
11049.5 20 4.47214
11050.5 9 3
11051.5 8 2.82843
11052.5 13 3.60555
11053.5 13 3.60555
11054.5 20 4.47214
11055.5 18 4.24264
11056.5 13 3.60555
11057.5 15 3.87298
11058.5 16 4
11059.5 24 4.89898
11060.5 22 4.69042
11061.5 17 4.12311
11062.5 21 4.58258
11063.5 24 4.89898
11064.5 24 4.89898
11065.5 28 5.2915
11066.5 23 4.79583
11067.5 26 5.09902
11068.5 29 5.38516
11069.5 24 4.89898
11070.5 21 4.58258
11071.5 35 5.91608
11072.5 32 5.65685
11073.5 31 5.56776
11074.5 28 5.2915
11075.5 36 6
11076.5 20 4.47214
11077.5 33 5.74456
11078.5 28 5.2915
11079.5 28 5.2915
11080.5 37 6.08276
11081.5 26 5.09902
11082.5 26 5.09902
11083.5 45 6.7082
11084.5 37 6.08276
11085.5 38 6.16441
11086.5 45 6.7082
11087.5 46 6.78233
11088.5 52 7.2111
11089.5 41 6.40312
11090.5 35 5.91608
11091.5 47 6.85565
11092.5 53 7.28011
11093.5 48 6.9282
11094.5 61 7.81025
11095.5 49 7
11096.5 47 6.85565
11097.5 67 8.18535
11098.5 78 8.83176
11099.5 82 9.05539
11100.5 83 9.11043
11101.5 73 8.544
11102.5 77 8.77496
11103.5 72 8.48528
11104.5 74 8.60233
11105.5 96 9.79796
11106.5 81 9
11107.5 108 10.3923
11108.5 107 10.3441
11109.5 117 10.8167
11110.5 139 11.7898
11111.5 139 11.7898
11112.5 110 10.4881
11113.5 146 12.083
11114.5 161 12.6886
11115.5 151 12.2882
11116.5 156 12.49
11117.5 165 12.8452
11118.5 156 12.49
11119.5 142 11.9164
11120.5 171 13.0767
11121.5 194 13.9284
11122.5 179 13.3791
11123.5 189 13.7477
11124.5 207 14.3875
11125.5 218 14.7648
11126.5 212 14.5602
11127.5 189 13.7477
11128.5 227 15.0665
11129.5 224 14.9666
11130.5 223 14.9332
11131.5 231 15.1987
11132.5 221 14.8661
11133.5 246 15.6844
11134.5 231 15.1987
11135.5 279 16.7033
11136.5 252 15.8745
11137.5 294 17.1464
11138.5 321 17.9165
11139.5 286 16.9115
11140.5 297 17.2337
11141.5 319 17.8606
11142.5 328 18.1108
11143.5 313 17.6918
11144.5 298 17.2627
11145.5 339 18.412
11146.5 346 18.6011
11147.5 371 19.2614
11148.5 408 20.199
11149.5 403 20.0749
11150.5 376 19.3907
11151.5 416 20.3961
11152.5 428 20.6882
11153.5 437 20.9045
11154.5 478 21.8632
11155.5 427 20.664
11156.5 487 22.0681
11157.5 484 22
11158.5 472 21.7256
11159.5 504 22.4499
11160.5 460 21.4476
11161.5 547 23.388
11162.5 538 23.1948
11163.5 558 23.622
11164.5 511 22.6053
11165.5 588 24.2487
11166.5 556 23.5797
11167.5 598 24.454
11168.5 598 24.454
11169.5 619 24.8797
11170.5 615 24.7992
11171.5 655 25.593
11172.5 685 26.1725
11173.5 607 24.6374
11174.5 694 26.3439
11175.5 635 25.1992
11176.5 675 25.9808
11177.5 716 26.7582
11178.5 682 26.1151
11179.5 694 26.3439
11180.5 709 26.6271
11181.5 688 26.2298
11182.5 732 27.0555
11183.5 688 26.2298
11184.5 689 26.2488
11185.5 727 26.9629
11186.5 753 27.4408
11187.5 693 26.3249
11188.5 771 27.7669
11189.5 743 27.258
11190.5 692 26.3059
11191.5 710 26.6458
11192.5 723 26.8887
11193.5 688 26.2298
11194.5 726 26.9444
11195.5 705 26.5518
11196.5 658 25.6515
11197.5 659 25.671
11198.5 669 25.865
11199.5 664 25.7682
11200.5 641 25.318
11201.5 646 25.4165
11202.5 582 24.1247
11203.5 621 24.9199
11204.5 587 24.2281
11205.5 589 24.2693
11206.5 598 24.454
11207.5 569 23.8537
11208.5 547 23.388
11209.5 545 23.3452
11210.5 504 22.4499
11211.5 470 21.6795
11212.5 511 22.6053
11213.5 453 21.2838
11214.5 482 21.9545
11215.5 434 20.8327
11216.5 440 20.9762
11217.5 465 21.5639
11218.5 438 20.9284
11219.5 403 20.0749
11220.5 409 20.2237
11221.5 394 19.8494
11222.5 392 19.799
11223.5 386 19.6469
11224.5 322 17.9444
11225.5 344 18.5472
11226.5 330 18.1659
11227.5 335 18.303
11228.5 283 16.8226
11229.5 328 18.1108
11230.5 327 18.0831
11231.5 293 17.1172
11232.5 294 17.1464
11233.5 286 16.9115
11234.5 284 16.8523
11235.5 240 15.4919
11236.5 249 15.7797
11237.5 204 14.2829
11238.5 220 14.8324
11239.5 228 15.0997
11240.5 186 13.6382
11241.5 184 13.5647
11242.5 207 14.3875
11243.5 182 13.4907
11244.5 185 13.6015
11245.5 161 12.6886
11246.5 167 12.9228
11247.5 150 12.2474
11248.5 134 11.5758
11249.5 141 11.8743
11250.5 136 11.6619
11251.5 132 11.4891
11252.5 133 11.5326
11253.5 139 11.7898
11254.5 137 11.7047
11255.5 109 10.4403
11256.5 96 9.79796
11257.5 102 10.0995
11258.5 103 10.1489
11259.5 101 10.0499
11260.5 87 9.32738
11261.5 80 8.94427
11262.5 80 8.94427
11263.5 102 10.0995
11264.5 73 8.544
11265.5 64 8
11266.5 64 8
11267.5 64 8
11268.5 58 7.61577
11269.5 55 7.4162
11270.5 50 7.07107
11271.5 70 8.3666
11272.5 67 8.18535
11273.5 59 7.68115
11274.5 38 6.16441
11275.5 54 7.34847
11276.5 42 6.48074
11277.5 42 6.48074
11278.5 47 6.85565
11279.5 44 6.63325
11280.5 34 5.83095
11281.5 40 6.32456
11282.5 30 5.47723
11283.5 43 6.55744
11284.5 37 6.08276
11285.5 37 6.08276
11286.5 32 5.65685
11287.5 32 5.65685
11288.5 56 7.48331
11289.5 33 5.74456
11290.5 22 4.69042
11291.5 23 4.79583
11292.5 31 5.56776
11293.5 28 5.2915
11294.5 19 4.3589
11295.5 32 5.65685
11296.5 18 4.24264
11297.5 25 5
11298.5 25 5
11299.5 20 4.47214
11300.5 16 4
11301.5 18 4.24264
11302.5 12 3.4641
11303.5 22 4.69042
11304.5 23 4.79583
11305.5 14 3.74166
11306.5 20 4.47214
11307.5 17 4.12311
11308.5 12 3.4641
11309.5 18 4.24264
11310.5 18 4.24264
11311.5 19 4.3589
11312.5 14 3.74166
11313.5 17 4.12311
11314.5 18 4.24264
11315.5 16 4
11316.5 11 3.31662
11317.5 8 2.82843
11318.5 13 3.60555
11319.5 7 2.64575
11320.5 15 3.87298
11321.5 11 3.31662
11322.5 6 2.44949
11323.5 12 3.4641
11324.5 9 3
11325.5 9 3
11326.5 6 2.44949
11327.5 4 2
11328.5 19 4.3589
11329.5 9 3
11330.5 13 3.60555
11331.5 8 2.82843
11332.5 6 2.44949
11333.5 9 3
11334.5 11 3.31662
11335.5 13 3.60555
11336.5 6 2.44949
11337.5 5 2.23607
11338.5 10 3.16228
11339.5 8 2.82843
11340.5 8 2.82843
11341.5 13 3.60555
11342.5 11 3.31662
11343.5 12 3.4641
11344.5 5 2.23607
11345.5 10 3.16228
11346.5 13 3.60555
11347.5 7 2.64575
11348.5 8 2.82843
11349.5 6 2.44949
11350.5 11 3.31662
11351.5 7 2.64575
11352.5 10 3.16228
11353.5 7 2.64575
11354.5 12 3.4641
11355.5 4 2
11356.5 9 3
11357.5 4 2
11358.5 6 2.44949
11359.5 8 2.82843
11360.5 7 2.64575
11361.5 6 2.44949
11362.5 9 3
11363.5 8 2.82843
11364.5 12 3.4641
11365.5 15 3.87298
11366.5 6 2.44949
11367.5 5 2.23607
11368.5 3 1.73205
11369.5 4 2
11370.5 5 2.23607
11371.5 6 2.44949
11372.5 10 3.16228
11373.5 9 3
11374.5 7 2.64575
11375.5 10 3.16228
11376.5 5 2.23607
11377.5 11 3.31662
11378.5 3 1.73205
11379.5 4 2
11380.5 14 3.74166
11381.5 6 2.44949
11382.5 8 2.82843
11383.5 7 2.64575
11384.5 5 2.23607
11385.5 4 2
11386.5 3 1.73205
11387.5 4 2
11388.5 7 2.64575
11389.5 9 3
11390.5 7 2.64575
11391.5 7 2.64575
11392.5 3 1.73205
11393.5 5 2.23607
11394.5 3 1.73205
11395.5 2 1.41421
11396.5 3 1.73205
11397.5 2 1.41421
11398.5 2 1.41421
11399.5 10 3.16228
11400.5 11 3.31662
11401.5 7 2.64575
11402.5 4 2
11403.5 4 2
11404.5 8 2.82843
11405.5 9 3
11406.5 9 3
11407.5 6 2.44949
11408.5 8 2.82843
11409.5 8 2.82843
11410.5 7 2.64575
11411.5 6 2.44949
11412.5 8 2.82843
11413.5 10 3.16228
11414.5 9 3
11415.5 6 2.44949
11416.5 5 2.23607
11417.5 6 2.44949
11418.5 8 2.82843
11419.5 7 2.64575
11420.5 5 2.23607
11421.5 10 3.16228
11422.5 5 2.23607
11423.5 4 2
11424.5 11 3.31662
11425.5 10 3.16228
11426.5 9 3
11427.5 8 2.82843
11428.5 6 2.44949
11429.5 10 3.16228
11430.5 5 2.23607
11431.5 8 2.82843
11432.5 3 1.73205
11433.5 4 2
11434.5 4 2
11435.5 7 2.64575
11436.5 9 3
11437.5 6 2.44949
11438.5 6 2.44949
11439.5 3 1.73205
11440.5 6 2.44949
11441.5 7 2.64575
11442.5 8 2.82843
11443.5 6 2.44949
11444.5 5 2.23607
11445.5 8 2.82843
11446.5 8 2.82843
11447.5 5 2.23607
11448.5 9 3
11449.5 7 2.64575
11450.5 8 2.82843
11451.5 4 2
11452.5 11 3.31662
11453.5 6 2.44949
11454.5 8 2.82843
11455.5 6 2.44949
11456.5 8 2.82843
11457.5 3 1.73205
11458.5 8 2.82843
11459.5 9 3
11460.5 6 2.44949
11461.5 8 2.82843
11462.5 9 3
11463.5 9 3
11464.5 7 2.64575
11465.5 12 3.4641
11466.5 6 2.44949
11467.5 10 3.16228
11468.5 9 3
11469.5 12 3.4641
11470.5 10 3.16228
11471.5 3 1.73205
11472.5 10 3.16228
11473.5 11 3.31662
11474.5 13 3.60555
11475.5 9 3
11476.5 15 3.87298
11477.5 7 2.64575
11478.5 7 2.64575
11479.5 10 3.16228
11480.5 11 3.31662
11481.5 5 2.23607
11482.5 10 3.16228
11483.5 9 3
11484.5 13 3.60555
11485.5 11 3.31662
11486.5 9 3
11487.5 5 2.23607
11488.5 9 3
11489.5 14 3.74166
11490.5 7 2.64575
11491.5 11 3.31662
11492.5 10 3.16228
11493.5 11 3.31662
11494.5 13 3.60555
11495.5 7 2.64575
11496.5 13 3.60555
11497.5 12 3.4641
11498.5 7 2.64575
11499.5 5 2.23607
11500.5 7 2.64575
11501.5 7 2.64575
11502.5 10 3.16228
11503.5 10 3.16228
11504.5 7 2.64575
11505.5 13 3.60555
11506.5 9 3
11507.5 9 3
11508.5 7 2.64575
11509.5 10 3.16228
11510.5 7 2.64575
11511.5 10 3.16228
11512.5 10 3.16228
11513.5 7 2.64575
11514.5 12 3.4641
11515.5 7 2.64575
11516.5 8 2.82843
11517.5 9 3
11518.5 4 2
11519.5 7 2.64575
11520.5 7 2.64575
11521.5 4 2
11522.5 11 3.31662
11523.5 3 1.73205
11524.5 5 2.23607
11525.5 9 3
11526.5 6 2.44949
11527.5 7 2.64575
11528.5 8 2.82843
11529.5 8 2.82843
11530.5 7 2.64575
11531.5 4 2
11532.5 6 2.44949
11533.5 3 1.73205
11534.5 8 2.82843
11535.5 10 3.16228
11536.5 2 1.41421
11537.5 6 2.44949
11538.5 6 2.44949
11539.5 7 2.64575
11540.5 6 2.44949
11541.5 10 3.16228
11542.5 8 2.82843
11543.5 4 2
11544.5 7 2.64575
11545.5 4 2
11546.5 1 1
11547.5 3 1.73205
11548.5 7 2.64575
11549.5 8 2.82843
11550.5 2 1.41421
11551.5 5 2.23607
11552.5 6 2.44949
11553.5 9 3
11554.5 4 2
11555.5 4 2
11556.5 6 2.44949
11557.5 16 4
11558.5 3 1.73205
11559.5 2 1.41421
11560.5 5 2.23607
11561.5 7 2.64575
11562.5 8 2.82843
11563.5 10 3.16228
11564.5 4 2
11565.5 6 2.44949
11566.5 4 2
11567.5 3 1.73205
11568.5 2 1.41421
11569.5 2 1.41421
11570.5 7 2.64575
11571.5 7 2.64575
11572.5 9 3
11573.5 4 2
11574.5 4 2
11575.5 6 2.44949
11576.5 9 3
11577.5 6 2.44949
11578.5 5 2.23607
11579.5 8 2.82843
11580.5 3 1.73205
11581.5 3 1.73205
11582.5 5 2.23607
11583.5 8 2.82843
11584.5 7 2.64575
11585.5 1 1
11586.5 9 3
11587.5 6 2.44949
11588.5 5 2.23607
11589.5 4 2
11590.5 3 1.73205
11591.5 5 2.23607
11592.5 3 1.73205
11593.5 6 2.44949
11594.5 4 2
11595.5 2 1.41421
11596.5 3 1.73205
11597.5 6 2.44949
11598.5 7 2.64575
11599.5 6 2.44949
11600.5 8 2.82843
11601.5 5 2.23607
11602.5 8 2.82843
11603.5 8 2.82843
11604.5 5 2.23607
11605.5 5 2.23607
11606.5 5 2.23607
11607.5 6 2.44949
11608.5 7 2.64575
11609.5 6 2.44949
11610.5 2 1.41421
11611.5 6 2.44949
11612.5 4 2
11613.5 9 3
11614.5 3 1.73205
11615.5 3 1.73205
11616.5 8 2.82843
11617.5 3 1.73205
11618.5 9 3
11619.5 8 2.82843
11620.5 7 2.64575
11621.5 4 2
11622.5 6 2.44949
11623.5 4 2
11624.5 3 1.73205
11625.5 8 2.82843
11626.5 5 2.23607
11627.5 6 2.44949
11628.5 4 2
11629.5 5 2.23607
11630.5 5 2.23607
11631.5 4 2
11632.5 6 2.44949
11633.5 4 2
11634.5 2 1.41421
11635.5 5 2.23607
11636.5 7 2.64575
11637.5 6 2.44949
11638.5 5 2.23607
11639.5 3 1.73205
11640.5 3 1.73205
11641.5 3 1.73205
11642.5 5 2.23607
11643.5 4 2
11644.5 10 3.16228
11645.5 7 2.64575
11646.5 7 2.64575
11647.5 3 1.73205
11648.5 6 2.44949
11649.5 5 2.23607
11650.5 7 2.64575
11651.5 9 3
11652.5 7 2.64575
11653.5 7 2.64575
11654.5 5 2.23607
11655.5 4 2
11656.5 7 2.64575
11657.5 8 2.82843
11658.5 12 3.4641
11659.5 5 2.23607
11660.5 6 2.44949
11661.5 8 2.82843
11662.5 4 2
11663.5 4 2
11664.5 5 2.23607
11665.5 2 1.41421
11666.5 5 2.23607
11667.5 7 2.64575
11668.5 6 2.44949
11669.5 0 0
11670.5 6 2.44949
11671.5 3 1.73205
11672.5 4 2
11673.5 2 1.41421
11674.5 5 2.23607
11675.5 5 2.23607
11676.5 9 3
11677.5 1 1
11678.5 2 1.41421
11679.5 4 2
11680.5 14 3.74166
11681.5 5 2.23607
11682.5 14 3.74166
11683.5 5 2.23607
11684.5 9 3
11685.5 6 2.44949
11686.5 2 1.41421
11687.5 6 2.44949
11688.5 4 2
11689.5 4 2
11690.5 8 2.82843
11691.5 6 2.44949
11692.5 3 1.73205
11693.5 6 2.44949
11694.5 4 2
11695.5 4 2
11696.5 5 2.23607
11697.5 3 1.73205
11698.5 3 1.73205
11699.5 3 1.73205
11700.5 4 2
11701.5 4 2
11702.5 3 1.73205
11703.5 6 2.44949
11704.5 2 1.41421
11705.5 4 2
11706.5 5 2.23607
11707.5 3 1.73205
11708.5 6 2.44949
11709.5 5 2.23607
11710.5 3 1.73205
11711.5 2 1.41421
11712.5 8 2.82843
11713.5 4 2
11714.5 2 1.41421
11715.5 5 2.23607
11716.5 6 2.44949
11717.5 10 3.16228
11718.5 7 2.64575
11719.5 5 2.23607
11720.5 10 3.16228
11721.5 4 2
11722.5 4 2
11723.5 8 2.82843
11724.5 5 2.23607
11725.5 7 2.64575
11726.5 7 2.64575
11727.5 1 1
11728.5 5 2.23607
11729.5 7 2.64575
11730.5 3 1.73205
11731.5 8 2.82843
11732.5 7 2.64575
11733.5 3 1.73205
11734.5 3 1.73205
11735.5 7 2.64575
11736.5 5 2.23607
11737.5 2 1.41421
11738.5 2 1.41421
11739.5 4 2
11740.5 3 1.73205
11741.5 3 1.73205
11742.5 8 2.82843
11743.5 3 1.73205
11744.5 5 2.23607
11745.5 6 2.44949
11746.5 4 2
11747.5 6 2.44949
11748.5 4 2
11749.5 12 3.4641
11750.5 11 3.31662
11751.5 6 2.44949
11752.5 11 3.31662
11753.5 8 2.82843
11754.5 7 2.64575
11755.5 4 2
11756.5 9 3
11757.5 5 2.23607
11758.5 4 2
11759.5 6 2.44949
11760.5 5 2.23607
11761.5 4 2
11762.5 7 2.64575
11763.5 3 1.73205
11764.5 9 3
11765.5 5 2.23607
11766.5 10 3.16228
11767.5 5 2.23607
11768.5 9 3
11769.5 4 2
11770.5 6 2.44949
11771.5 5 2.23607
11772.5 5 2.23607
11773.5 9 3
11774.5 10 3.16228
11775.5 5 2.23607
11776.5 2 1.41421
11777.5 2 1.41421
11778.5 9 3
11779.5 3 1.73205
11780.5 4 2
11781.5 2 1.41421
11782.5 5 2.23607
11783.5 5 2.23607
11784.5 2 1.41421
11785.5 2 1.41421
11786.5 7 2.64575
11787.5 6 2.44949
11788.5 8 2.82843
11789.5 7 2.64575
11790.5 8 2.82843
11791.5 8 2.82843
11792.5 7 2.64575
11793.5 3 1.73205
11794.5 4 2
11795.5 4 2
11796.5 6 2.44949
11797.5 3 1.73205
11798.5 4 2
11799.5 5 2.23607
11800.5 5 2.23607
11801.5 3 1.73205
11802.5 6 2.44949
11803.5 7 2.64575
11804.5 3 1.73205
11805.5 3 1.73205
11806.5 9 3
11807.5 9 3
11808.5 5 2.23607
11809.5 8 2.82843
11810.5 5 2.23607
11811.5 7 2.64575
11812.5 6 2.44949
11813.5 5 2.23607
11814.5 7 2.64575
11815.5 3 1.73205
11816.5 8 2.82843
11817.5 5 2.23607
11818.5 7 2.64575
11819.5 4 2
11820.5 6 2.44949
11821.5 3 1.73205
11822.5 6 2.44949
11823.5 6 2.44949
11824.5 7 2.64575
11825.5 6 2.44949
11826.5 1 1
11827.5 6 2.44949
11828.5 3 1.73205
11829.5 3 1.73205
11830.5 10 3.16228
11831.5 9 3
11832.5 3 1.73205
11833.5 11 3.31662
11834.5 3 1.73205
11835.5 9 3
11836.5 4 2
11837.5 4 2
11838.5 4 2
11839.5 6 2.44949
11840.5 3 1.73205
11841.5 3 1.73205
11842.5 5 2.23607
11843.5 2 1.41421
11844.5 3 1.73205
11845.5 5 2.23607
11846.5 5 2.23607
11847.5 9 3
11848.5 7 2.64575
11849.5 10 3.16228
11850.5 2 1.41421
11851.5 4 2
11852.5 5 2.23607
11853.5 7 2.64575
11854.5 4 2
11855.5 6 2.44949
11856.5 3 1.73205
11857.5 9 3
11858.5 4 2
11859.5 6 2.44949
11860.5 5 2.23607
11861.5 4 2
11862.5 6 2.44949
11863.5 3 1.73205
11864.5 7 2.64575
11865.5 8 2.82843
11866.5 3 1.73205
11867.5 5 2.23607
11868.5 3 1.73205
11869.5 9 3
11870.5 5 2.23607
11871.5 5 2.23607
11872.5 9 3
11873.5 4 2
11874.5 4 2
11875.5 4 2
11876.5 7 2.64575
11877.5 9 3
11878.5 6 2.44949
11879.5 4 2
11880.5 3 1.73205
11881.5 5 2.23607
11882.5 3 1.73205
11883.5 7 2.64575
11884.5 2 1.41421
11885.5 5 2.23607
11886.5 8 2.82843
11887.5 3 1.73205
11888.5 6 2.44949
11889.5 6 2.44949
11890.5 5 2.23607
11891.5 5 2.23607
11892.5 7 2.64575
11893.5 6 2.44949
11894.5 3 1.73205
11895.5 4 2
11896.5 6 2.44949
11897.5 3 1.73205
11898.5 7 2.64575
11899.5 10 3.16228
11900.5 5 2.23607
11901.5 6 2.44949
11902.5 8 2.82843
11903.5 4 2
11904.5 6 2.44949
11905.5 5 2.23607
11906.5 6 2.44949
11907.5 4 2
11908.5 5 2.23607
11909.5 8 2.82843
11910.5 3 1.73205
11911.5 7 2.64575
11912.5 6 2.44949
11913.5 4 2
11914.5 3 1.73205
11915.5 8 2.82843
11916.5 6 2.44949
11917.5 7 2.64575
11918.5 4 2
11919.5 2 1.41421
11920.5 5 2.23607
11921.5 7 2.64575
11922.5 8 2.82843
11923.5 6 2.44949
11924.5 6 2.44949
11925.5 8 2.82843
11926.5 4 2
11927.5 5 2.23607
11928.5 5 2.23607
11929.5 1 1
11930.5 1 1
11931.5 1 1
11932.5 12 3.4641
11933.5 3 1.73205
11934.5 2 1.41421
11935.5 7 2.64575
11936.5 2 1.41421
11937.5 6 2.44949
11938.5 7 2.64575
11939.5 5 2.23607
11940.5 1 1
11941.5 4 2
11942.5 3 1.73205
11943.5 3 1.73205
11944.5 4 2
11945.5 4 2
11946.5 8 2.82843
11947.5 3 1.73205
11948.5 4 2
11949.5 6 2.44949
11950.5 3 1.73205
11951.5 6 2.44949
11952.5 8 2.82843
11953.5 5 2.23607
11954.5 7 2.64575
11955.5 4 2
11956.5 9 3
11957.5 7 2.64575
11958.5 9 3
11959.5 5 2.23607
11960.5 4 2
11961.5 6 2.44949
11962.5 8 2.82843
11963.5 0 0
11964.5 7 2.64575
11965.5 5 2.23607
11966.5 8 2.82843
11967.5 7 2.64575
11968.5 10 3.16228
11969.5 2 1.41421
11970.5 6 2.44949
11971.5 9 3
11972.5 3 1.73205
11973.5 2 1.41421
11974.5 10 3.16228
11975.5 8 2.82843
11976.5 4 2
11977.5 3 1.73205
11978.5 6 2.44949
11979.5 4 2
11980.5 10 3.16228
11981.5 7 2.64575
11982.5 12 3.4641
11983.5 6 2.44949
11984.5 5 2.23607
11985.5 7 2.64575
11986.5 7 2.64575
11987.5 10 3.16228
11988.5 4 2
11989.5 10 3.16228
11990.5 4 2
11991.5 4 2
11992.5 3 1.73205
11993.5 5 2.23607
11994.5 4 2
11995.5 6 2.44949
11996.5 8 2.82843
11997.5 1 1
11998.5 4 2
11999.5 5 2.23607
12000.5 5 2.23607
12001.5 4 2
12002.5 5 2.23607
12003.5 6 2.44949
12004.5 2 1.41421
12005.5 5 2.23607
12006.5 5 2.23607
12007.5 5 2.23607
12008.5 5 2.23607
12009.5 5 2.23607
12010.5 9 3
12011.5 9 3
12012.5 9 3
12013.5 3 1.73205
12014.5 4 2
12015.5 1 1
12016.5 2 1.41421
12017.5 6 2.44949
12018.5 8 2.82843
12019.5 5 2.23607
12020.5 8 2.82843
12021.5 10 3.16228
12022.5 8 2.82843
12023.5 4 2
12024.5 7 2.64575
12025.5 2 1.41421
12026.5 3 1.73205
12027.5 5 2.23607
12028.5 6 2.44949
12029.5 3 1.73205
12030.5 6 2.44949
12031.5 4 2
12032.5 8 2.82843
12033.5 10 3.16228
12034.5 4 2
12035.5 4 2
12036.5 0 0
12037.5 4 2
12038.5 4 2
12039.5 6 2.44949
12040.5 6 2.44949
12041.5 7 2.64575
12042.5 10 3.16228
12043.5 5 2.23607
12044.5 5 2.23607
12045.5 3 1.73205
12046.5 4 2
12047.5 3 1.73205
12048.5 5 2.23607
12049.5 10 3.16228
12050.5 2 1.41421
12051.5 6 2.44949
12052.5 5 2.23607
12053.5 5 2.23607
12054.5 9 3
12055.5 6 2.44949
12056.5 3 1.73205
12057.5 3 1.73205
12058.5 2 1.41421
12059.5 7 2.64575
12060.5 4 2
12061.5 7 2.64575
12062.5 2 1.41421
12063.5 5 2.23607
12064.5 5 2.23607
12065.5 1 1
12066.5 8 2.82843
12067.5 11 3.31662
12068.5 6 2.44949
12069.5 4 2
12070.5 7 2.64575
12071.5 8 2.82843
12072.5 6 2.44949
12073.5 3 1.73205
12074.5 6 2.44949
12075.5 8 2.82843
12076.5 1 1
12077.5 4 2
12078.5 7 2.64575
12079.5 3 1.73205
12080.5 5 2.23607
12081.5 6 2.44949
12082.5 2 1.41421
12083.5 4 2
12084.5 7 2.64575
12085.5 8 2.82843
12086.5 8 2.82843
12087.5 6 2.44949
12088.5 6 2.44949
12089.5 3 1.73205
12090.5 0 0
12091.5 4 2
12092.5 4 2
12093.5 2 1.41421
12094.5 7 2.64575
12095.5 7 2.64575
12096.5 4 2
12097.5 3 1.73205
12098.5 4 2
12099.5 7 2.64575
12100.5 7 2.64575
12101.5 4 2
12102.5 5 2.23607
12103.5 7 2.64575
12104.5 3 1.73205
12105.5 5 2.23607
12106.5 3 1.73205
12107.5 4 2
12108.5 5 2.23607
12109.5 6 2.44949
12110.5 6 2.44949
12111.5 6 2.44949
12112.5 2 1.41421
12113.5 1 1
12114.5 5 2.23607
12115.5 6 2.44949
12116.5 6 2.44949
12117.5 7 2.64575
12118.5 6 2.44949
12119.5 4 2
12120.5 6 2.44949
12121.5 11 3.31662
12122.5 7 2.64575
12123.5 7 2.64575
12124.5 5 2.23607
12125.5 7 2.64575
12126.5 5 2.23607
12127.5 5 2.23607
12128.5 6 2.44949
12129.5 4 2
12130.5 6 2.44949
12131.5 8 2.82843
12132.5 4 2
12133.5 12 3.4641
12134.5 14 3.74166
12135.5 10 3.16228
12136.5 11 3.31662
12137.5 12 3.4641
12138.5 1 1
12139.5 7 2.64575
12140.5 3 1.73205
12141.5 6 2.44949
12142.5 7 2.64575
12143.5 2 1.41421
12144.5 5 2.23607
12145.5 3 1.73205
12146.5 4 2
12147.5 6 2.44949
12148.5 5 2.23607
12149.5 5 2.23607
12150.5 11 3.31662
12151.5 4 2
12152.5 5 2.23607
12153.5 4 2
12154.5 7 2.64575
12155.5 2 1.41421
12156.5 2 1.41421
12157.5 7 2.64575
12158.5 2 1.41421
12159.5 7 2.64575
12160.5 12 3.4641
12161.5 6 2.44949
12162.5 8 2.82843
12163.5 6 2.44949
12164.5 7 2.64575
12165.5 3 1.73205
12166.5 13 3.60555
12167.5 6 2.44949
12168.5 4 2
12169.5 8 2.82843
12170.5 4 2
12171.5 12 3.4641
12172.5 2 1.41421
12173.5 4 2
12174.5 4 2
12175.5 12 3.4641
12176.5 9 3
12177.5 5 2.23607
12178.5 3 1.73205
12179.5 6 2.44949
12180.5 5 2.23607
12181.5 4 2
12182.5 11 3.31662
12183.5 6 2.44949
12184.5 4 2
12185.5 6 2.44949
12186.5 6 2.44949
12187.5 13 3.60555
12188.5 5 2.23607
12189.5 7 2.64575
12190.5 5 2.23607
12191.5 3 1.73205
12192.5 2 1.41421
12193.5 5 2.23607
12194.5 5 2.23607
12195.5 4 2
12196.5 2 1.41421
12197.5 4 2
12198.5 2 1.41421
12199.5 6 2.44949
12200.5 4 2
12201.5 4 2
12202.5 9 3
12203.5 5 2.23607
12204.5 6 2.44949
12205.5 7 2.64575
12206.5 4 2
12207.5 4 2
12208.5 3 1.73205
12209.5 3 1.73205
12210.5 8 2.82843
12211.5 9 3
12212.5 5 2.23607
12213.5 6 2.44949
12214.5 1 1
12215.5 4 2
12216.5 6 2.44949
12217.5 4 2
12218.5 3 1.73205
12219.5 5 2.23607
12220.5 5 2.23607
12221.5 1 1
12222.5 6 2.44949
12223.5 0 0
12224.5 8 2.82843
12225.5 6 2.44949
12226.5 6 2.44949
12227.5 7 2.64575
12228.5 11 3.31662
12229.5 5 2.23607
12230.5 8 2.82843
12231.5 6 2.44949
12232.5 14 3.74166
12233.5 3 1.73205
12234.5 6 2.44949
12235.5 7 2.64575
12236.5 6 2.44949
12237.5 7 2.64575
12238.5 8 2.82843
12239.5 3 1.73205
12240.5 7 2.64575
12241.5 6 2.44949
12242.5 6 2.44949
12243.5 5 2.23607
12244.5 8 2.82843
12245.5 4 2
12246.5 7 2.64575
12247.5 6 2.44949
12248.5 4 2
12249.5 6 2.44949
12250.5 10 3.16228
12251.5 3 1.73205
12252.5 6 2.44949
12253.5 6 2.44949
12254.5 4 2
12255.5 8 2.82843
12256.5 7 2.64575
12257.5 7 2.64575
12258.5 5 2.23607
12259.5 3 1.73205
12260.5 5 2.23607
12261.5 5 2.23607
12262.5 6 2.44949
12263.5 5 2.23607
12264.5 6 2.44949
12265.5 6 2.44949
12266.5 3 1.73205
12267.5 8 2.82843
12268.5 8 2.82843
12269.5 8 2.82843
12270.5 8 2.82843
12271.5 4 2
12272.5 10 3.16228
12273.5 5 2.23607
12274.5 6 2.44949
12275.5 3 1.73205
12276.5 3 1.73205
12277.5 11 3.31662
12278.5 6 2.44949
12279.5 7 2.64575
12280.5 6 2.44949
12281.5 5 2.23607
12282.5 4 2
12283.5 6 2.44949
12284.5 4 2
12285.5 4 2
12286.5 5 2.23607
12287.5 6 2.44949
12288.5 3 1.73205
12289.5 3 1.73205
12290.5 2 1.41421
12291.5 6 2.44949
12292.5 10 3.16228
12293.5 6 2.44949
12294.5 8 2.82843
12295.5 5 2.23607
12296.5 8 2.82843
12297.5 9 3
12298.5 10 3.16228
12299.5 8 2.82843
12300.5 8 2.82843
12301.5 6 2.44949
12302.5 4 2
12303.5 8 2.82843
12304.5 3 1.73205
12305.5 4 2
12306.5 4 2
12307.5 4 2
12308.5 4 2
12309.5 4 2
12310.5 7 2.64575
12311.5 3 1.73205
12312.5 8 2.82843
12313.5 5 2.23607
12314.5 1 1
12315.5 3 1.73205
12316.5 4 2
12317.5 5 2.23607
12318.5 4 2
12319.5 5 2.23607
12320.5 8 2.82843
12321.5 6 2.44949
12322.5 3 1.73205
12323.5 5 2.23607
12324.5 5 2.23607
12325.5 14 3.74166
12326.5 6 2.44949
12327.5 5 2.23607
12328.5 10 3.16228
12329.5 5 2.23607
12330.5 7 2.64575
12331.5 2 1.41421
12332.5 5 2.23607
12333.5 5 2.23607
12334.5 7 2.64575
12335.5 7 2.64575
12336.5 5 2.23607
12337.5 6 2.44949
12338.5 4 2
12339.5 6 2.44949
12340.5 5 2.23607
12341.5 8 2.82843
12342.5 8 2.82843
12343.5 5 2.23607
12344.5 11 3.31662
12345.5 5 2.23607
12346.5 3 1.73205
12347.5 12 3.4641
12348.5 3 1.73205
12349.5 6 2.44949
12350.5 6 2.44949
12351.5 6 2.44949
12352.5 7 2.64575
12353.5 4 2
12354.5 3 1.73205
12355.5 7 2.64575
12356.5 7 2.64575
12357.5 9 3
12358.5 3 1.73205
12359.5 7 2.64575
12360.5 5 2.23607
12361.5 6 2.44949
12362.5 5 2.23607
12363.5 9 3
12364.5 5 2.23607
12365.5 7 2.64575
12366.5 5 2.23607
12367.5 3 1.73205
12368.5 10 3.16228
12369.5 10 3.16228
12370.5 8 2.82843
12371.5 4 2
12372.5 2 1.41421
12373.5 7 2.64575
12374.5 6 2.44949
12375.5 2 1.41421
12376.5 11 3.31662
12377.5 6 2.44949
12378.5 5 2.23607
12379.5 7 2.64575
12380.5 1 1
12381.5 10 3.16228
12382.5 8 2.82843
12383.5 6 2.44949
12384.5 4 2
12385.5 3 1.73205
12386.5 3 1.73205
12387.5 7 2.64575
12388.5 7 2.64575
12389.5 9 3
12390.5 5 2.23607
12391.5 5 2.23607
12392.5 4 2
12393.5 6 2.44949
12394.5 3 1.73205
12395.5 5 2.23607
12396.5 11 3.31662
12397.5 5 2.23607
12398.5 3 1.73205
12399.5 5 2.23607
12400.5 4 2
12401.5 5 2.23607
12402.5 7 2.64575
12403.5 5 2.23607
12404.5 3 1.73205
12405.5 7 2.64575
12406.5 5 2.23607
12407.5 2 1.41421
12408.5 11 3.31662
12409.5 7 2.64575
12410.5 6 2.44949
12411.5 8 2.82843
12412.5 4 2
12413.5 5 2.23607
12414.5 12 3.4641
12415.5 7 2.64575
12416.5 6 2.44949
12417.5 1 1
12418.5 6 2.44949
12419.5 7 2.64575
12420.5 8 2.82843
12421.5 7 2.64575
12422.5 5 2.23607
12423.5 6 2.44949
12424.5 6 2.44949
12425.5 8 2.82843
12426.5 8 2.82843
12427.5 6 2.44949
12428.5 2 1.41421
12429.5 10 3.16228
12430.5 7 2.64575
12431.5 6 2.44949
12432.5 7 2.64575
12433.5 5 2.23607
12434.5 5 2.23607
12435.5 4 2
12436.5 7 2.64575
12437.5 4 2
12438.5 3 1.73205
12439.5 6 2.44949
12440.5 5 2.23607
12441.5 9 3
12442.5 6 2.44949
12443.5 8 2.82843
12444.5 10 3.16228
12445.5 5 2.23607
12446.5 11 3.31662
12447.5 5 2.23607
12448.5 5 2.23607
12449.5 8 2.82843
12450.5 5 2.23607
12451.5 4 2
12452.5 8 2.82843
12453.5 9 3
12454.5 7 2.64575
12455.5 6 2.44949
12456.5 7 2.64575
12457.5 3 1.73205
12458.5 5 2.23607
12459.5 9 3
12460.5 9 3
12461.5 5 2.23607
12462.5 4 2
12463.5 6 2.44949
12464.5 8 2.82843
12465.5 4 2
12466.5 4 2
12467.5 9 3
12468.5 6 2.44949
12469.5 9 3
12470.5 10 3.16228
12471.5 9 3
12472.5 3 1.73205
12473.5 5 2.23607
12474.5 8 2.82843
12475.5 3 1.73205
12476.5 9 3
12477.5 3 1.73205
12478.5 3 1.73205
12479.5 3 1.73205
12480.5 1 1
12481.5 3 1.73205
12482.5 8 2.82843
12483.5 3 1.73205
12484.5 6 2.44949
12485.5 8 2.82843
12486.5 7 2.64575
12487.5 6 2.44949
12488.5 5 2.23607
12489.5 5 2.23607
12490.5 9 3
12491.5 3 1.73205
12492.5 5 2.23607
12493.5 9 3
12494.5 4 2
12495.5 2 1.41421
12496.5 6 2.44949
12497.5 6 2.44949
12498.5 6 2.44949
12499.5 7 2.64575
12500.5 7 2.64575
12501.5 8 2.82843
12502.5 1 1
12503.5 5 2.23607
12504.5 5 2.23607
12505.5 7 2.64575
12506.5 7 2.64575
12507.5 9 3
12508.5 6 2.44949
12509.5 6 2.44949
12510.5 3 1.73205
12511.5 4 2
12512.5 4 2
12513.5 10 3.16228
12514.5 11 3.31662
12515.5 5 2.23607
12516.5 6 2.44949
12517.5 7 2.64575
12518.5 7 2.64575
12519.5 4 2
12520.5 8 2.82843
12521.5 12 3.4641
12522.5 5 2.23607
12523.5 4 2
12524.5 3 1.73205
12525.5 9 3
12526.5 10 3.16228
12527.5 3 1.73205
12528.5 6 2.44949
12529.5 8 2.82843
12530.5 8 2.82843
12531.5 7 2.64575
12532.5 7 2.64575
12533.5 5 2.23607
12534.5 5 2.23607
12535.5 3 1.73205
12536.5 6 2.44949
12537.5 6 2.44949
12538.5 10 3.16228
12539.5 7 2.64575
12540.5 4 2
12541.5 10 3.16228
12542.5 9 3
12543.5 4 2
12544.5 1 1
12545.5 6 2.44949
12546.5 8 2.82843
12547.5 6 2.44949
12548.5 6 2.44949
12549.5 5 2.23607
12550.5 6 2.44949
12551.5 8 2.82843
12552.5 7 2.64575
12553.5 5 2.23607
12554.5 6 2.44949
12555.5 11 3.31662
12556.5 4 2
12557.5 6 2.44949
12558.5 7 2.64575
12559.5 6 2.44949
12560.5 7 2.64575
12561.5 12 3.4641
12562.5 8 2.82843
12563.5 12 3.4641
12564.5 4 2
12565.5 4 2
12566.5 4 2
12567.5 4 2
12568.5 4 2
12569.5 3 1.73205
12570.5 9 3
12571.5 6 2.44949
12572.5 3 1.73205
12573.5 3 1.73205
12574.5 5 2.23607
12575.5 5 2.23607
12576.5 6 2.44949
12577.5 14 3.74166
12578.5 6 2.44949
12579.5 9 3
12580.5 3 1.73205
12581.5 5 2.23607
12582.5 7 2.64575
12583.5 3 1.73205
12584.5 8 2.82843
12585.5 3 1.73205
12586.5 2 1.41421
12587.5 7 2.64575
12588.5 5 2.23607
12589.5 6 2.44949
12590.5 7 2.64575
12591.5 7 2.64575
12592.5 5 2.23607
12593.5 3 1.73205
12594.5 8 2.82843
12595.5 4 2
12596.5 6 2.44949
12597.5 4 2
12598.5 2 1.41421
12599.5 3 1.73205
12600.5 9 3
12601.5 12 3.4641
12602.5 2 1.41421
12603.5 10 3.16228
12604.5 4 2
12605.5 8 2.82843
12606.5 7 2.64575
12607.5 5 2.23607
12608.5 6 2.44949
12609.5 8 2.82843
12610.5 7 2.64575
12611.5 3 1.73205
12612.5 5 2.23607
12613.5 6 2.44949
12614.5 7 2.64575
12615.5 7 2.64575
12616.5 5 2.23607
12617.5 3 1.73205
12618.5 7 2.64575
12619.5 9 3
12620.5 9 3
12621.5 6 2.44949
12622.5 4 2
12623.5 3 1.73205
12624.5 5 2.23607
12625.5 10 3.16228
12626.5 10 3.16228
12627.5 7 2.64575
12628.5 4 2
12629.5 8 2.82843
12630.5 7 2.64575
12631.5 6 2.44949
12632.5 5 2.23607
12633.5 7 2.64575
12634.5 3 1.73205
12635.5 3 1.73205
12636.5 8 2.82843
12637.5 5 2.23607
12638.5 13 3.60555
12639.5 8 2.82843
12640.5 5 2.23607
12641.5 4 2
12642.5 8 2.82843
12643.5 10 3.16228
12644.5 5 2.23607
12645.5 6 2.44949
12646.5 7 2.64575
12647.5 5 2.23607
12648.5 8 2.82843
12649.5 7 2.64575
12650.5 5 2.23607
12651.5 6 2.44949
12652.5 6 2.44949
12653.5 2 1.41421
12654.5 4 2
12655.5 7 2.64575
12656.5 7 2.64575
12657.5 12 3.4641
12658.5 2 1.41421
12659.5 4 2
12660.5 3 1.73205
12661.5 6 2.44949
12662.5 9 3
12663.5 4 2
12664.5 7 2.64575
12665.5 5 2.23607
12666.5 7 2.64575
12667.5 8 2.82843
12668.5 10 3.16228
12669.5 5 2.23607
12670.5 11 3.31662
12671.5 3 1.73205
12672.5 8 2.82843
12673.5 10 3.16228
12674.5 7 2.64575
12675.5 6 2.44949
12676.5 7 2.64575
12677.5 6 2.44949
12678.5 5 2.23607
12679.5 8 2.82843
12680.5 6 2.44949
12681.5 9 3
12682.5 4 2
12683.5 7 2.64575
12684.5 7 2.64575
12685.5 8 2.82843
12686.5 5 2.23607
12687.5 7 2.64575
12688.5 6 2.44949
12689.5 6 2.44949
12690.5 4 2
12691.5 8 2.82843
12692.5 6 2.44949
12693.5 4 2
12694.5 7 2.64575
12695.5 6 2.44949
12696.5 5 2.23607
12697.5 7 2.64575
12698.5 12 3.4641
12699.5 15 3.87298
12700.5 8 2.82843
12701.5 5 2.23607
12702.5 8 2.82843
12703.5 6 2.44949
12704.5 5 2.23607
12705.5 8 2.82843
12706.5 7 2.64575
12707.5 3 1.73205
12708.5 8 2.82843
12709.5 7 2.64575
12710.5 13 3.60555
12711.5 4 2
12712.5 12 3.4641
12713.5 7 2.64575
12714.5 2 1.41421
12715.5 10 3.16228
12716.5 5 2.23607
12717.5 7 2.64575
12718.5 3 1.73205
12719.5 5 2.23607
12720.5 10 3.16228
12721.5 2 1.41421
12722.5 7 2.64575
12723.5 5 2.23607
12724.5 9 3
12725.5 4 2
12726.5 4 2
12727.5 4 2
12728.5 3 1.73205
12729.5 6 2.44949
12730.5 5 2.23607
12731.5 3 1.73205
12732.5 4 2
12733.5 7 2.64575
12734.5 5 2.23607
12735.5 9 3
12736.5 5 2.23607
12737.5 6 2.44949
12738.5 7 2.64575
12739.5 8 2.82843
12740.5 8 2.82843
12741.5 8 2.82843
12742.5 7 2.64575
12743.5 7 2.64575
12744.5 4 2
12745.5 6 2.44949
12746.5 1 1
12747.5 6 2.44949
12748.5 6 2.44949
12749.5 9 3
12750.5 4 2
12751.5 1 1
12752.5 6 2.44949
12753.5 4 2
12754.5 7 2.64575
12755.5 7 2.64575
12756.5 5 2.23607
12757.5 9 3
12758.5 3 1.73205
12759.5 8 2.82843
12760.5 3 1.73205
12761.5 9 3
12762.5 9 3
12763.5 7 2.64575
12764.5 6 2.44949
12765.5 4 2
12766.5 6 2.44949
12767.5 7 2.64575
12768.5 9 3
12769.5 2 1.41421
12770.5 4 2
12771.5 8 2.82843
12772.5 6 2.44949
12773.5 10 3.16228
12774.5 6 2.44949
12775.5 6 2.44949
12776.5 6 2.44949
12777.5 4 2
12778.5 7 2.64575
12779.5 6 2.44949
12780.5 5 2.23607
12781.5 5 2.23607
12782.5 5 2.23607
12783.5 7 2.64575
12784.5 5 2.23607
12785.5 6 2.44949
12786.5 8 2.82843
12787.5 7 2.64575
12788.5 12 3.4641
12789.5 8 2.82843
12790.5 10 3.16228
12791.5 4 2
12792.5 2 1.41421
12793.5 6 2.44949
12794.5 1 1
12795.5 9 3
12796.5 2 1.41421
12797.5 6 2.44949
12798.5 3 1.73205
12799.5 6 2.44949
12800.5 5 2.23607
12801.5 6 2.44949
12802.5 8 2.82843
12803.5 5 2.23607
12804.5 3 1.73205
12805.5 4 2
12806.5 9 3
12807.5 4 2
12808.5 3 1.73205
12809.5 3 1.73205
12810.5 10 3.16228
12811.5 8 2.82843
12812.5 4 2
12813.5 6 2.44949
12814.5 7 2.64575
12815.5 6 2.44949
12816.5 4 2
12817.5 9 3
12818.5 8 2.82843
12819.5 7 2.64575
12820.5 1 1
12821.5 3 1.73205
12822.5 5 2.23607
12823.5 8 2.82843
12824.5 5 2.23607
12825.5 7 2.64575
12826.5 6 2.44949
12827.5 12 3.4641
12828.5 8 2.82843
12829.5 9 3
12830.5 7 2.64575
12831.5 8 2.82843
12832.5 4 2
12833.5 8 2.82843
12834.5 10 3.16228
12835.5 4 2
12836.5 4 2
12837.5 10 3.16228
12838.5 12 3.4641
12839.5 9 3
12840.5 5 2.23607
12841.5 7 2.64575
12842.5 6 2.44949
12843.5 9 3
12844.5 11 3.31662
12845.5 3 1.73205
12846.5 8 2.82843
12847.5 6 2.44949
12848.5 5 2.23607
12849.5 5 2.23607
12850.5 4 2
12851.5 8 2.82843
12852.5 10 3.16228
12853.5 5 2.23607
12854.5 13 3.60555
12855.5 8 2.82843
12856.5 6 2.44949
12857.5 8 2.82843
12858.5 1 1
12859.5 7 2.64575
12860.5 5 2.23607
12861.5 5 2.23607
12862.5 6 2.44949
12863.5 6 2.44949
12864.5 11 3.31662
12865.5 3 1.73205
12866.5 7 2.64575
12867.5 10 3.16228
12868.5 12 3.4641
12869.5 8 2.82843
12870.5 8 2.82843
12871.5 4 2
12872.5 8 2.82843
12873.5 5 2.23607
12874.5 9 3
12875.5 9 3
12876.5 4 2
12877.5 2 1.41421
12878.5 11 3.31662
12879.5 10 3.16228
12880.5 5 2.23607
12881.5 7 2.64575
12882.5 4 2
12883.5 6 2.44949
12884.5 7 2.64575
12885.5 8 2.82843
12886.5 2 1.41421
12887.5 6 2.44949
12888.5 13 3.60555
12889.5 7 2.64575
12890.5 5 2.23607
12891.5 8 2.82843
12892.5 6 2.44949
12893.5 9 3
12894.5 9 3
12895.5 10 3.16228
12896.5 10 3.16228
12897.5 6 2.44949
12898.5 10 3.16228
12899.5 7 2.64575
12900.5 8 2.82843
12901.5 7 2.64575
12902.5 3 1.73205
12903.5 9 3
12904.5 5 2.23607
12905.5 6 2.44949
12906.5 5 2.23607
12907.5 4 2
12908.5 8 2.82843
12909.5 6 2.44949
12910.5 7 2.64575
12911.5 7 2.64575
12912.5 11 3.31662
12913.5 10 3.16228
12914.5 8 2.82843
12915.5 6 2.44949
12916.5 5 2.23607
12917.5 4 2
12918.5 5 2.23607
12919.5 5 2.23607
12920.5 2 1.41421
12921.5 6 2.44949
12922.5 7 2.64575
12923.5 7 2.64575
12924.5 1 1
12925.5 10 3.16228
12926.5 4 2
12927.5 3 1.73205
12928.5 8 2.82843
12929.5 5 2.23607
12930.5 7 2.64575
12931.5 11 3.31662
12932.5 12 3.4641
12933.5 5 2.23607
12934.5 6 2.44949
12935.5 6 2.44949
12936.5 4 2
12937.5 6 2.44949
12938.5 4 2
12939.5 8 2.82843
12940.5 11 3.31662
12941.5 3 1.73205
12942.5 8 2.82843
12943.5 8 2.82843
12944.5 4 2
12945.5 10 3.16228
12946.5 5 2.23607
12947.5 5 2.23607
12948.5 4 2
12949.5 2 1.41421
12950.5 11 3.31662
12951.5 6 2.44949
12952.5 8 2.82843
12953.5 6 2.44949
12954.5 4 2
12955.5 5 2.23607
12956.5 7 2.64575
12957.5 10 3.16228
12958.5 5 2.23607
12959.5 7 2.64575
12960.5 9 3
12961.5 6 2.44949
12962.5 7 2.64575
12963.5 4 2
12964.5 5 2.23607
12965.5 10 3.16228
12966.5 4 2
12967.5 4 2
12968.5 7 2.64575
12969.5 4 2
12970.5 2 1.41421
12971.5 5 2.23607
12972.5 8 2.82843
12973.5 7 2.64575
12974.5 5 2.23607
12975.5 5 2.23607
12976.5 10 3.16228
12977.5 5 2.23607
12978.5 4 2
12979.5 5 2.23607
12980.5 9 3
12981.5 7 2.64575
12982.5 7 2.64575
12983.5 8 2.82843
12984.5 13 3.60555
12985.5 3 1.73205
12986.5 3 1.73205
12987.5 13 3.60555
12988.5 4 2
12989.5 9 3
12990.5 10 3.16228
12991.5 7 2.64575
12992.5 7 2.64575
12993.5 11 3.31662
12994.5 4 2
12995.5 9 3
12996.5 5 2.23607
12997.5 7 2.64575
12998.5 3 1.73205
12999.5 7 2.64575
13000.5 6 2.44949
13001.5 10 3.16228
13002.5 9 3
13003.5 11 3.31662
13004.5 5 2.23607
13005.5 4 2
13006.5 9 3
13007.5 8 2.82843
13008.5 5 2.23607
13009.5 4 2
13010.5 5 2.23607
13011.5 6 2.44949
13012.5 4 2
13013.5 2 1.41421
13014.5 5 2.23607
13015.5 8 2.82843
13016.5 8 2.82843
13017.5 8 2.82843
13018.5 4 2
13019.5 3 1.73205
13020.5 7 2.64575
13021.5 7 2.64575
13022.5 9 3
13023.5 5 2.23607
13024.5 7 2.64575
13025.5 2 1.41421
13026.5 7 2.64575
13027.5 1 1
13028.5 6 2.44949
13029.5 9 3
13030.5 7 2.64575
13031.5 7 2.64575
13032.5 8 2.82843
13033.5 6 2.44949
13034.5 4 2
13035.5 6 2.44949
13036.5 4 2
13037.5 3 1.73205
13038.5 5 2.23607
13039.5 4 2
13040.5 9 3
13041.5 5 2.23607
13042.5 6 2.44949
13043.5 6 2.44949
13044.5 6 2.44949
13045.5 5 2.23607
13046.5 9 3
13047.5 0 0
13048.5 8 2.82843
13049.5 2 1.41421
13050.5 6 2.44949
13051.5 5 2.23607
13052.5 10 3.16228
13053.5 6 2.44949
13054.5 3 1.73205
13055.5 6 2.44949
13056.5 7 2.64575
13057.5 7 2.64575
13058.5 8 2.82843
13059.5 3 1.73205
13060.5 4 2
13061.5 4 2
13062.5 7 2.64575
13063.5 5 2.23607
13064.5 6 2.44949
13065.5 4 2
13066.5 3 1.73205
13067.5 4 2
13068.5 5 2.23607
13069.5 6 2.44949
13070.5 4 2
13071.5 5 2.23607
13072.5 6 2.44949
13073.5 6 2.44949
13074.5 5 2.23607
13075.5 1 1
13076.5 5 2.23607
13077.5 7 2.64575
13078.5 4 2
13079.5 3 1.73205
13080.5 3 1.73205
13081.5 4 2
13082.5 7 2.64575
13083.5 4 2
13084.5 4 2
13085.5 7 2.64575
13086.5 8 2.82843
13087.5 6 2.44949
13088.5 3 1.73205
13089.5 6 2.44949
13090.5 2 1.41421
13091.5 5 2.23607
13092.5 3 1.73205
13093.5 5 2.23607
13094.5 7 2.64575
13095.5 3 1.73205
13096.5 8 2.82843
13097.5 3 1.73205
13098.5 2 1.41421
13099.5 4 2
13100.5 7 2.64575
13101.5 3 1.73205
13102.5 2 1.41421
13103.5 6 2.44949
13104.5 10 3.16228
13105.5 3 1.73205
13106.5 4 2
13107.5 5 2.23607
13108.5 4 2
13109.5 2 1.41421
13110.5 7 2.64575
13111.5 6 2.44949
13112.5 7 2.64575
13113.5 10 3.16228
13114.5 5 2.23607
13115.5 5 2.23607
13116.5 7 2.64575
13117.5 5 2.23607
13118.5 3 1.73205
13119.5 4 2
13120.5 0 0
13121.5 5 2.23607
13122.5 5 2.23607
13123.5 4 2
13124.5 3 1.73205
13125.5 9 3
13126.5 4 2
13127.5 3 1.73205
13128.5 6 2.44949
13129.5 4 2
13130.5 5 2.23607
13131.5 9 3
13132.5 6 2.44949
13133.5 2 1.41421
13134.5 5 2.23607
13135.5 5 2.23607
13136.5 3 1.73205
13137.5 4 2
13138.5 3 1.73205
13139.5 4 2
13140.5 4 2
13141.5 5 2.23607
13142.5 4 2
13143.5 9 3
13144.5 5 2.23607
13145.5 9 3
13146.5 7 2.64575
13147.5 1 1
13148.5 8 2.82843
13149.5 6 2.44949
13150.5 5 2.23607
13151.5 7 2.64575
13152.5 7 2.64575
13153.5 5 2.23607
13154.5 1 1
13155.5 3 1.73205
13156.5 5 2.23607
13157.5 7 2.64575
13158.5 4 2
13159.5 9 3
13160.5 5 2.23607
13161.5 7 2.64575
13162.5 2 1.41421
13163.5 0 0
13164.5 5 2.23607
13165.5 6 2.44949
13166.5 6 2.44949
13167.5 4 2
13168.5 4 2
13169.5 5 2.23607
13170.5 3 1.73205
13171.5 3 1.73205
13172.5 7 2.64575
13173.5 3 1.73205
13174.5 7 2.64575
13175.5 5 2.23607
13176.5 2 1.41421
13177.5 3 1.73205
13178.5 3 1.73205
13179.5 4 2
13180.5 4 2
13181.5 5 2.23607
13182.5 3 1.73205
13183.5 3 1.73205
13184.5 8 2.82843
13185.5 7 2.64575
13186.5 5 2.23607
13187.5 2 1.41421
13188.5 12 3.4641
13189.5 6 2.44949
13190.5 3 1.73205
13191.5 4 2
13192.5 2 1.41421
13193.5 2 1.41421
13194.5 12 3.4641
13195.5 2 1.41421
13196.5 6 2.44949
13197.5 2 1.41421
13198.5 2 1.41421
13199.5 4 2
13200.5 9 3
13201.5 3 1.73205
13202.5 3 1.73205
13203.5 5 2.23607
13204.5 4 2
13205.5 5 2.23607
13206.5 4 2
13207.5 0 0
13208.5 4 2
13209.5 3 1.73205
13210.5 4 2
13211.5 6 2.44949
13212.5 3 1.73205
13213.5 9 3
13214.5 5 2.23607
13215.5 4 2
13216.5 6 2.44949
13217.5 4 2
13218.5 7 2.64575
13219.5 6 2.44949
13220.5 4 2
13221.5 3 1.73205
13222.5 5 2.23607
13223.5 4 2
13224.5 9 3
13225.5 2 1.41421
13226.5 4 2
13227.5 3 1.73205
13228.5 3 1.73205
13229.5 6 2.44949
13230.5 5 2.23607
13231.5 6 2.44949
13232.5 4 2
13233.5 4 2
13234.5 5 2.23607
13235.5 5 2.23607
13236.5 4 2
13237.5 3 1.73205
13238.5 4 2
13239.5 5 2.23607
13240.5 2 1.41421
13241.5 3 1.73205
13242.5 7 2.64575
13243.5 4 2
13244.5 4 2
13245.5 4 2
13246.5 5 2.23607
13247.5 2 1.41421
13248.5 7 2.64575
13249.5 6 2.44949
13250.5 5 2.23607
13251.5 3 1.73205
13252.5 3 1.73205
13253.5 7 2.64575
13254.5 7 2.64575
13255.5 4 2
13256.5 3 1.73205
13257.5 7 2.64575
13258.5 5 2.23607
13259.5 4 2
13260.5 2 1.41421
13261.5 4 2
13262.5 3 1.73205
13263.5 2 1.41421
13264.5 3 1.73205
13265.5 1 1
13266.5 6 2.44949
13267.5 4 2
13268.5 2 1.41421
13269.5 4 2
13270.5 4 2
13271.5 5 2.23607
13272.5 3 1.73205
13273.5 2 1.41421
13274.5 4 2
13275.5 3 1.73205
13276.5 3 1.73205
13277.5 4 2
13278.5 3 1.73205
13279.5 5 2.23607
13280.5 4 2
13281.5 3 1.73205
13282.5 5 2.23607
13283.5 2 1.41421
13284.5 7 2.64575
13285.5 5 2.23607
13286.5 2 1.41421
13287.5 8 2.82843
13288.5 9 3
13289.5 6 2.44949
13290.5 3 1.73205
13291.5 3 1.73205
13292.5 5 2.23607
13293.5 3 1.73205
13294.5 3 1.73205
13295.5 7 2.64575
13296.5 3 1.73205
13297.5 2 1.41421
13298.5 5 2.23607
13299.5 3 1.73205
13300.5 6 2.44949
13301.5 5 2.23607
13302.5 2 1.41421
13303.5 3 1.73205
13304.5 4 2
13305.5 7 2.64575
13306.5 3 1.73205
13307.5 3 1.73205
13308.5 2 1.41421
13309.5 4 2
13310.5 3 1.73205
13311.5 7 2.64575
13312.5 2 1.41421
13313.5 3 1.73205
13314.5 7 2.64575
13315.5 6 2.44949
13316.5 1 1
13317.5 1 1
13318.5 1 1
13319.5 3 1.73205
13320.5 6 2.44949
13321.5 4 2
13322.5 4 2
13323.5 3 1.73205
13324.5 3 1.73205
13325.5 7 2.64575
13326.5 3 1.73205
13327.5 4 2
13328.5 3 1.73205
13329.5 0 0
13330.5 3 1.73205
13331.5 2 1.41421
13332.5 3 1.73205
13333.5 4 2
13334.5 5 2.23607
13335.5 4 2
13336.5 4 2
13337.5 5 2.23607
13338.5 3 1.73205
13339.5 2 1.41421
13340.5 4 2
13341.5 3 1.73205
13342.5 7 2.64575
13343.5 2 1.41421
13344.5 7 2.64575
13345.5 5 2.23607
13346.5 7 2.64575
13347.5 3 1.73205
13348.5 1 1
13349.5 1 1
13350.5 2 1.41421
13351.5 4 2
13352.5 3 1.73205
13353.5 6 2.44949
13354.5 3 1.73205
13355.5 3 1.73205
13356.5 2 1.41421
13357.5 4 2
13358.5 3 1.73205
13359.5 3 1.73205
13360.5 3 1.73205
13361.5 6 2.44949
13362.5 7 2.64575
13363.5 2 1.41421
13364.5 6 2.44949
13365.5 4 2
13366.5 1 1
13367.5 5 2.23607
13368.5 8 2.82843
13369.5 4 2
13370.5 5 2.23607
13371.5 5 2.23607
13372.5 1 1
13373.5 2 1.41421
13374.5 5 2.23607
13375.5 4 2
13376.5 5 2.23607
13377.5 5 2.23607
13378.5 4 2
13379.5 3 1.73205
13380.5 4 2
13381.5 2 1.41421
13382.5 6 2.44949
13383.5 2 1.41421
13384.5 4 2
13385.5 6 2.44949
13386.5 9 3
13387.5 2 1.41421
13388.5 8 2.82843
13389.5 4 2
13390.5 1 1
13391.5 4 2
13392.5 5 2.23607
13393.5 2 1.41421
13394.5 2 1.41421
13395.5 2 1.41421
13396.5 2 1.41421
13397.5 4 2
13398.5 6 2.44949
13399.5 3 1.73205
13400.5 8 2.82843
13401.5 2 1.41421
13402.5 6 2.44949
13403.5 5 2.23607
13404.5 9 3
13405.5 4 2
13406.5 2 1.41421
13407.5 2 1.41421
13408.5 4 2
13409.5 4 2
13410.5 3 1.73205
13411.5 1 1
13412.5 4 2
13413.5 4 2
13414.5 6 2.44949
13415.5 11 3.31662
13416.5 4 2
13417.5 6 2.44949
13418.5 1 1
13419.5 5 2.23607
13420.5 2 1.41421
13421.5 2 1.41421
13422.5 4 2
13423.5 2 1.41421
13424.5 5 2.23607
13425.5 4 2
13426.5 1 1
13427.5 6 2.44949
13428.5 3 1.73205
13429.5 1 1
13430.5 1 1
13431.5 4 2
13432.5 6 2.44949
13433.5 2 1.41421
13434.5 4 2
13435.5 3 1.73205
13436.5 7 2.64575
13437.5 2 1.41421
13438.5 1 1
13439.5 2 1.41421
13440.5 1 1
13441.5 4 2
13442.5 3 1.73205
13443.5 5 2.23607
13444.5 3 1.73205
13445.5 5 2.23607
13446.5 2 1.41421
13447.5 3 1.73205
13448.5 8 2.82843
13449.5 5 2.23607
13450.5 7 2.64575
13451.5 0 0
13452.5 2 1.41421
13453.5 2 1.41421
13454.5 5 2.23607
13455.5 3 1.73205
13456.5 1 1
13457.5 3 1.73205
13458.5 3 1.73205
13459.5 6 2.44949
13460.5 2 1.41421
13461.5 5 2.23607
13462.5 3 1.73205
13463.5 6 2.44949
13464.5 3 1.73205
13465.5 5 2.23607
13466.5 1 1
13467.5 4 2
13468.5 7 2.64575
13469.5 3 1.73205
13470.5 2 1.41421
13471.5 1 1
13472.5 2 1.41421
13473.5 6 2.44949
13474.5 2 1.41421
13475.5 3 1.73205
13476.5 4 2
13477.5 8 2.82843
13478.5 4 2
13479.5 3 1.73205
13480.5 2 1.41421
13481.5 5 2.23607
13482.5 5 2.23607
13483.5 4 2
13484.5 4 2
13485.5 4 2
13486.5 6 2.44949
13487.5 5 2.23607
13488.5 3 1.73205
13489.5 3 1.73205
13490.5 3 1.73205
13491.5 0 0
13492.5 4 2
13493.5 3 1.73205
13494.5 6 2.44949
13495.5 1 1
13496.5 6 2.44949
13497.5 1 1
13498.5 3 1.73205
13499.5 5 2.23607
13500.5 3 1.73205
13501.5 4 2
13502.5 5 2.23607
13503.5 2 1.41421
13504.5 3 1.73205
13505.5 4 2
13506.5 2 1.41421
13507.5 5 2.23607
13508.5 4 2
13509.5 5 2.23607
13510.5 3 1.73205
13511.5 4 2
13512.5 3 1.73205
13513.5 4 2
13514.5 3 1.73205
13515.5 5 2.23607
13516.5 2 1.41421
13517.5 4 2
13518.5 3 1.73205
13519.5 1 1
13520.5 1 1
13521.5 5 2.23607
13522.5 2 1.41421
13523.5 1 1
13524.5 3 1.73205
13525.5 2 1.41421
13526.5 7 2.64575
13527.5 9 3
13528.5 3 1.73205
13529.5 2 1.41421
13530.5 3 1.73205
13531.5 4 2
13532.5 4 2
13533.5 1 1
13534.5 3 1.73205
13535.5 3 1.73205
13536.5 3 1.73205
13537.5 2 1.41421
13538.5 5 2.23607
13539.5 2 1.41421
13540.5 5 2.23607
13541.5 1 1
13542.5 2 1.41421
13543.5 3 1.73205
13544.5 1 1
13545.5 6 2.44949
13546.5 1 1
13547.5 3 1.73205
13548.5 4 2
13549.5 2 1.41421
13550.5 3 1.73205
13551.5 2 1.41421
13552.5 0 0
13553.5 6 2.44949
13554.5 6 2.44949
13555.5 3 1.73205
13556.5 6 2.44949
13557.5 3 1.73205
13558.5 6 2.44949
13559.5 4 2
13560.5 2 1.41421
13561.5 3 1.73205
13562.5 2 1.41421
13563.5 3 1.73205
13564.5 4 2
13565.5 3 1.73205
13566.5 1 1
13567.5 2 1.41421
13568.5 6 2.44949
13569.5 4 2
13570.5 5 2.23607
13571.5 4 2
13572.5 1 1
13573.5 2 1.41421
13574.5 0 0
13575.5 2 1.41421
13576.5 1 1
13577.5 1 1
13578.5 2 1.41421
13579.5 2 1.41421
13580.5 2 1.41421
13581.5 1 1
13582.5 2 1.41421
13583.5 2 1.41421
13584.5 6 2.44949
13585.5 3 1.73205
13586.5 2 1.41421
13587.5 3 1.73205
13588.5 0 0
13589.5 2 1.41421
13590.5 1 1
13591.5 4 2
13592.5 1 1
13593.5 1 1
13594.5 4 2
13595.5 3 1.73205
13596.5 2 1.41421
13597.5 5 2.23607
13598.5 4 2
13599.5 6 2.44949
13600.5 5 2.23607
13601.5 4 2
13602.5 1 1
13603.5 1 1
13604.5 3 1.73205
13605.5 2 1.41421
13606.5 5 2.23607
13607.5 0 0
13608.5 2 1.41421
13609.5 2 1.41421
13610.5 5 2.23607
13611.5 1 1
13612.5 0 0
13613.5 2 1.41421
13614.5 1 1
13615.5 4 2
13616.5 5 2.23607
13617.5 2 1.41421
13618.5 1 1
13619.5 3 1.73205
13620.5 1 1
13621.5 0 0
13622.5 4 2
13623.5 4 2
13624.5 1 1
13625.5 2 1.41421
13626.5 0 0
13627.5 4 2
13628.5 1 1
13629.5 2 1.41421
13630.5 4 2
13631.5 0 0
13632.5 4 2
13633.5 4 2
13634.5 4 2
13635.5 5 2.23607
13636.5 1 1
13637.5 3 1.73205
13638.5 1 1
13639.5 2 1.41421
13640.5 5 2.23607
13641.5 1 1
13642.5 2 1.41421
13643.5 2 1.41421
13644.5 5 2.23607
13645.5 1 1
13646.5 4 2
13647.5 0 0
13648.5 3 1.73205
13649.5 2 1.41421
13650.5 5 2.23607
13651.5 1 1
13652.5 1 1
13653.5 0 0
13654.5 5 2.23607
13655.5 1 1
13656.5 5 2.23607
13657.5 4 2
13658.5 2 1.41421
13659.5 3 1.73205
13660.5 0 0
13661.5 0 0
13662.5 0 0
13663.5 1 1
13664.5 6 2.44949
13665.5 4 2
13666.5 2 1.41421
13667.5 5 2.23607
13668.5 1 1
13669.5 1 1
13670.5 2 1.41421
13671.5 2 1.41421
13672.5 1 1
13673.5 3 1.73205
13674.5 1 1
13675.5 2 1.41421
13676.5 2 1.41421
13677.5 3 1.73205
13678.5 2 1.41421
13679.5 2 1.41421
13680.5 3 1.73205
13681.5 1 1
13682.5 2 1.41421
13683.5 3 1.73205
13684.5 1 1
13685.5 4 2
13686.5 1 1
13687.5 2 1.41421
13688.5 3 1.73205
13689.5 2 1.41421
13690.5 2 1.41421
13691.5 3 1.73205
13692.5 1 1
13693.5 0 0
13694.5 1 1
13695.5 1 1
13696.5 3 1.73205
13697.5 4 2
13698.5 0 0
13699.5 1 1
13700.5 1 1
13701.5 2 1.41421
13702.5 2 1.41421
13703.5 3 1.73205
13704.5 2 1.41421
13705.5 1 1
13706.5 1 1
13707.5 0 0
13708.5 2 1.41421
13709.5 1 1
13710.5 2 1.41421
13711.5 6 2.44949
13712.5 3 1.73205
13713.5 2 1.41421
13714.5 2 1.41421
13715.5 1 1
13716.5 1 1
13717.5 1 1
13718.5 2 1.41421
13719.5 1 1
13720.5 1 1
13721.5 1 1
13722.5 0 0
13723.5 0 0
13724.5 1 1
13725.5 2 1.41421
13726.5 0 0
13727.5 3 1.73205
13728.5 2 1.41421
13729.5 0 0
13730.5 1 1
13731.5 1 1
13732.5 1 1
13733.5 1 1
13734.5 3 1.73205
13735.5 2 1.41421
13736.5 1 1
13737.5 3 1.73205
13738.5 2 1.41421
13739.5 4 2
13740.5 2 1.41421
13741.5 2 1.41421
13742.5 3 1.73205
13743.5 1 1
13744.5 1 1
13745.5 2 1.41421
13746.5 0 0
13747.5 1 1
13748.5 1 1
13749.5 0 0
13750.5 2 1.41421
13751.5 0 0
13752.5 2 1.41421
13753.5 4 2
13754.5 1 1
13755.5 1 1
13756.5 3 1.73205
13757.5 2 1.41421
13758.5 2 1.41421
13759.5 2 1.41421
13760.5 2 1.41421
13761.5 0 0
13762.5 1 1
13763.5 3 1.73205
13764.5 4 2
13765.5 1 1
13766.5 1 1
13767.5 1 1
13768.5 2 1.41421
13769.5 2 1.41421
13770.5 3 1.73205
13771.5 2 1.41421
13772.5 1 1
13773.5 3 1.73205
13774.5 0 0
13775.5 3 1.73205
13776.5 1 1
13777.5 2 1.41421
13778.5 1 1
13779.5 2 1.41421
13780.5 0 0
13781.5 1 1
13782.5 6 2.44949
13783.5 1 1
13784.5 1 1
13785.5 2 1.41421
13786.5 2 1.41421
13787.5 3 1.73205
13788.5 1 1
13789.5 1 1
13790.5 3 1.73205
13791.5 4 2
13792.5 1 1
13793.5 0 0
13794.5 0 0
13795.5 1 1
13796.5 2 1.41421
13797.5 5 2.23607
13798.5 1 1
13799.5 3 1.73205
13800.5 1 1
13801.5 1 1
13802.5 0 0
13803.5 3 1.73205
13804.5 2 1.41421
13805.5 1 1
13806.5 2 1.41421
13807.5 2 1.41421
13808.5 0 0
13809.5 2 1.41421
13810.5 1 1
13811.5 1 1
13812.5 1 1
13813.5 1 1
13814.5 3 1.73205
13815.5 0 0
13816.5 4 2
13817.5 2 1.41421
13818.5 2 1.41421
13819.5 0 0
13820.5 2 1.41421
13821.5 0 0
13822.5 1 1
13823.5 1 1
13824.5 2 1.41421
13825.5 0 0
13826.5 1 1
13827.5 3 1.73205
13828.5 0 0
13829.5 1 1
13830.5 1 1
13831.5 1 1
13832.5 1 1
13833.5 4 2
13834.5 2 1.41421
13835.5 3 1.73205
13836.5 2 1.41421
13837.5 2 1.41421
13838.5 2 1.41421
13839.5 0 0
13840.5 1 1
13841.5 5 2.23607
13842.5 1 1
13843.5 0 0
13844.5 1 1
13845.5 2 1.41421
13846.5 2 1.41421
13847.5 1 1
13848.5 1 1
13849.5 5 2.23607
13850.5 3 1.73205
13851.5 1 1
13852.5 0 0
13853.5 2 1.41421
13854.5 1 1
13855.5 2 1.41421
13856.5 2 1.41421
13857.5 2 1.41421
13858.5 1 1
13859.5 0 0
13860.5 4 2
13861.5 1 1
13862.5 2 1.41421
13863.5 0 0
13864.5 4 2
13865.5 0 0
13866.5 0 0
13867.5 1 1
13868.5 0 0
13869.5 0 0
13870.5 1 1
13871.5 2 1.41421
13872.5 0 0
13873.5 2 1.41421
13874.5 1 1
13875.5 0 0
13876.5 1 1
13877.5 3 1.73205
13878.5 0 0
13879.5 2 1.41421
13880.5 0 0
13881.5 1 1
13882.5 0 0
13883.5 1 1
13884.5 3 1.73205
13885.5 3 1.73205
13886.5 4 2
13887.5 3 1.73205
13888.5 1 1
13889.5 0 0
13890.5 3 1.73205
13891.5 0 0
13892.5 2 1.41421
13893.5 1 1
13894.5 0 0
13895.5 1 1
13896.5 2 1.41421
13897.5 2 1.41421
13898.5 0 0
13899.5 3 1.73205
13900.5 2 1.41421
13901.5 0 0
13902.5 0 0
13903.5 0 0
13904.5 1 1
13905.5 3 1.73205
13906.5 1 1
13907.5 1 1
13908.5 3 1.73205
13909.5 4 2
13910.5 2 1.41421
13911.5 4 2
13912.5 2 1.41421
13913.5 1 1
13914.5 1 1
13915.5 2 1.41421
13916.5 2 1.41421
13917.5 2 1.41421
13918.5 3 1.73205
13919.5 1 1
13920.5 2 1.41421
13921.5 2 1.41421
13922.5 1 1
13923.5 0 0
13924.5 0 0
13925.5 1 1
13926.5 1 1
13927.5 2 1.41421
13928.5 1 1
13929.5 4 2
13930.5 1 1
13931.5 3 1.73205
13932.5 1 1
13933.5 0 0
13934.5 3 1.73205
13935.5 0 0
13936.5 1 1
13937.5 4 2
13938.5 1 1
13939.5 0 0
13940.5 2 1.41421
13941.5 2 1.41421
13942.5 3 1.73205
13943.5 1 1
13944.5 2 1.41421
13945.5 5 2.23607
13946.5 3 1.73205
13947.5 4 2
13948.5 3 1.73205
13949.5 4 2
13950.5 2 1.41421
13951.5 5 2.23607
13952.5 3 1.73205
13953.5 0 0
13954.5 3 1.73205
13955.5 2 1.41421
13956.5 2 1.41421
13957.5 1 1
13958.5 3 1.73205
13959.5 2 1.41421
13960.5 4 2
13961.5 1 1
13962.5 2 1.41421
13963.5 2 1.41421
13964.5 4 2
13965.5 1 1
13966.5 2 1.41421
13967.5 3 1.73205
13968.5 2 1.41421
13969.5 1 1
13970.5 5 2.23607
13971.5 4 2
13972.5 0 0
13973.5 1 1
13974.5 3 1.73205
13975.5 1 1
13976.5 0 0
13977.5 2 1.41421
13978.5 2 1.41421
13979.5 2 1.41421
13980.5 3 1.73205
13981.5 0 0
13982.5 3 1.73205
13983.5 3 1.73205
13984.5 1 1
13985.5 2 1.41421
13986.5 3 1.73205
13987.5 0 0
13988.5 4 2
13989.5 4 2
13990.5 4 2
13991.5 3 1.73205
13992.5 1 1
13993.5 1 1
13994.5 1 1
13995.5 4 2
13996.5 1 1
13997.5 1 1
13998.5 1 1
13999.5 3 1.73205
14000.5 1 1
14001.5 1 1
14002.5 2 1.41421
14003.5 2 1.41421
14004.5 1 1
14005.5 2 1.41421
14006.5 4 2
14007.5 0 0
14008.5 3 1.73205
14009.5 0 0
14010.5 0 0
14011.5 3 1.73205
14012.5 4 2
14013.5 3 1.73205
14014.5 1 1
14015.5 2 1.41421
14016.5 2 1.41421
14017.5 1 1
14018.5 1 1
14019.5 2 1.41421
14020.5 0 0
14021.5 3 1.73205
14022.5 0 0
14023.5 0 0
14024.5 1 1
14025.5 1 1
14026.5 3 1.73205
14027.5 3 1.73205
14028.5 0 0
14029.5 1 1
14030.5 4 2
14031.5 2 1.41421
14032.5 0 0
14033.5 0 0
14034.5 2 1.41421
14035.5 0 0
14036.5 2 1.41421
14037.5 3 1.73205
14038.5 0 0
14039.5 2 1.41421
14040.5 1 1
14041.5 2 1.41421
14042.5 0 0
14043.5 0 0
14044.5 0 0
14045.5 2 1.41421
14046.5 2 1.41421
14047.5 1 1
14048.5 3 1.73205
14049.5 5 2.23607
14050.5 0 0
14051.5 1 1
14052.5 2 1.41421
14053.5 1 1
14054.5 0 0
14055.5 1 1
14056.5 1 1
14057.5 1 1
14058.5 2 1.41421
14059.5 0 0
14060.5 2 1.41421
14061.5 4 2
14062.5 0 0
14063.5 0 0
14064.5 1 1
14065.5 1 1
14066.5 0 0
14067.5 0 0
14068.5 1 1
14069.5 0 0
14070.5 1 1
14071.5 0 0
14072.5 3 1.73205
14073.5 1 1
14074.5 2 1.41421
14075.5 1 1
14076.5 1 1
14077.5 1 1
14078.5 0 0
14079.5 2 1.41421
14080.5 0 0
14081.5 1 1
14082.5 1 1
14083.5 0 0
14084.5 3 1.73205
14085.5 0 0
14086.5 1 1
14087.5 0 0
14088.5 0 0
14089.5 1 1
14090.5 4 2
14091.5 2 1.41421
14092.5 2 1.41421
14093.5 2 1.41421
14094.5 0 0
14095.5 1 1
14096.5 2 1.41421
14097.5 2 1.41421
14098.5 3 1.73205
14099.5 1 1
14100.5 1 1
14101.5 1 1
14102.5 0 0
14103.5 0 0
14104.5 1 1
14105.5 0 0
14106.5 0 0
14107.5 0 0
14108.5 1 1
14109.5 3 1.73205
14110.5 1 1
14111.5 0 0
14112.5 0 0
14113.5 1 1
14114.5 2 1.41421
14115.5 1 1
14116.5 0 0
14117.5 1 1
14118.5 2 1.41421
14119.5 0 0
14120.5 3 1.73205
14121.5 1 1
14122.5 1 1
14123.5 1 1
14124.5 0 0
14125.5 2 1.41421
14126.5 0 0
14127.5 1 1
14128.5 1 1
14129.5 1 1
14130.5 0 0
14131.5 1 1
14132.5 0 0
14133.5 0 0
14134.5 3 1.73205
14135.5 1 1
14136.5 0 0
14137.5 3 1.73205
14138.5 1 1
14139.5 0 0
14140.5 3 1.73205
14141.5 4 2
14142.5 1 1
14143.5 2 1.41421
14144.5 1 1
14145.5 2 1.41421
14146.5 0 0
14147.5 1 1
14148.5 0 0
14149.5 0 0
14150.5 0 0
14151.5 2 1.41421
14152.5 1 1
14153.5 0 0
14154.5 1 1
14155.5 3 1.73205
14156.5 5 2.23607
14157.5 2 1.41421
14158.5 2 1.41421
14159.5 0 0
14160.5 0 0
14161.5 1 1
14162.5 0 0
14163.5 2 1.41421
14164.5 1 1
14165.5 1 1
14166.5 0 0
14167.5 0 0
14168.5 3 1.73205
14169.5 2 1.41421
14170.5 2 1.41421
14171.5 0 0
14172.5 2 1.41421
14173.5 1 1
14174.5 2 1.41421
14175.5 1 1
14176.5 1 1
14177.5 0 0
14178.5 3 1.73205
14179.5 0 0
14180.5 0 0
14181.5 1 1
14182.5 2 1.41421
14183.5 0 0
14184.5 1 1
14185.5 1 1
14186.5 0 0
14187.5 4 2
14188.5 3 1.73205
14189.5 2 1.41421
14190.5 2 1.41421
14191.5 0 0
14192.5 1 1
14193.5 0 0
14194.5 1 1
14195.5 2 1.41421
14196.5 2 1.41421
14197.5 0 0
14198.5 2 1.41421
14199.5 1 1
14200.5 0 0
14201.5 3 1.73205
14202.5 2 1.41421
14203.5 2 1.41421
14204.5 4 2
14205.5 2 1.41421
14206.5 1 1
14207.5 0 0
14208.5 1 1
14209.5 3 1.73205
14210.5 2 1.41421
14211.5 1 1
14212.5 2 1.41421
14213.5 3 1.73205
14214.5 0 0
14215.5 2 1.41421
14216.5 2 1.41421
14217.5 1 1
14218.5 4 2
14219.5 5 2.23607
14220.5 6 2.44949
14221.5 5 2.23607
14222.5 4 2
14223.5 2 1.41421
14224.5 3 1.73205
14225.5 6 2.44949
14226.5 6 2.44949
14227.5 6 2.44949
14228.5 4 2
14229.5 4 2
14230.5 3 1.73205
14231.5 5 2.23607
14232.5 8 2.82843
14233.5 5 2.23607
14234.5 5 2.23607
14235.5 5 2.23607
14236.5 3 1.73205
14237.5 5 2.23607
14238.5 5 2.23607
14239.5 5 2.23607
14240.5 6 2.44949
14241.5 11 3.31662
14242.5 8 2.82843
14243.5 9 3
14244.5 6 2.44949
14245.5 7 2.64575
14246.5 4 2
14247.5 6 2.44949
14248.5 10 3.16228
14249.5 6 2.44949
14250.5 6 2.44949
14251.5 15 3.87298
14252.5 11 3.31662
14253.5 10 3.16228
14254.5 12 3.4641
14255.5 11 3.31662
14256.5 9 3
14257.5 18 4.24264
14258.5 13 3.60555
14259.5 9 3
14260.5 14 3.74166
14261.5 15 3.87298
14262.5 15 3.87298
14263.5 14 3.74166
14264.5 26 5.09902
14265.5 16 4
14266.5 18 4.24264
14267.5 12 3.4641
14268.5 12 3.4641
14269.5 17 4.12311
14270.5 11 3.31662
14271.5 15 3.87298
14272.5 18 4.24264
14273.5 19 4.3589
14274.5 17 4.12311
14275.5 19 4.3589
14276.5 26 5.09902
14277.5 15 3.87298
14278.5 25 5
14279.5 24 4.89898
14280.5 16 4
14281.5 24 4.89898
14282.5 27 5.19615
14283.5 33 5.74456
14284.5 31 5.56776
14285.5 28 5.2915
14286.5 23 4.79583
14287.5 17 4.12311
14288.5 25 5
14289.5 28 5.2915
14290.5 18 4.24264
14291.5 30 5.47723
14292.5 27 5.19615
14293.5 25 5
14294.5 36 6
14295.5 27 5.19615
14296.5 38 6.16441
14297.5 37 6.08276
14298.5 28 5.2915
14299.5 36 6
14300.5 30 5.47723
14301.5 29 5.38516
14302.5 30 5.47723
14303.5 39 6.245
14304.5 34 5.83095
14305.5 26 5.09902
14306.5 35 5.91608
14307.5 43 6.55744
14308.5 27 5.19615
14309.5 37 6.08276
14310.5 38 6.16441
14311.5 37 6.08276
14312.5 35 5.91608
14313.5 28 5.2915
14314.5 31 5.56776
14315.5 34 5.83095
14316.5 30 5.47723
14317.5 37 6.08276
14318.5 23 4.79583
14319.5 25 5
14320.5 28 5.2915
14321.5 32 5.65685
14322.5 26 5.09902
14323.5 34 5.83095
14324.5 33 5.74456
14325.5 34 5.83095
14326.5 23 4.79583
14327.5 31 5.56776
14328.5 22 4.69042
14329.5 38 6.16441
14330.5 33 5.74456
14331.5 26 5.09902
14332.5 20 4.47214
14333.5 35 5.91608
14334.5 25 5
14335.5 24 4.89898
14336.5 20 4.47214
14337.5 20 4.47214
14338.5 30 5.47723
14339.5 22 4.69042
14340.5 20 4.47214
14341.5 27 5.19615
14342.5 28 5.2915
14343.5 13 3.60555
14344.5 16 4
14345.5 18 4.24264
14346.5 18 4.24264
14347.5 14 3.74166
14348.5 11 3.31662
14349.5 17 4.12311
14350.5 18 4.24264
14351.5 16 4
14352.5 16 4
14353.5 15 3.87298
14354.5 13 3.60555
14355.5 14 3.74166
14356.5 13 3.60555
14357.5 12 3.4641
14358.5 8 2.82843
14359.5 7 2.64575
14360.5 10 3.16228
14361.5 12 3.4641
14362.5 7 2.64575
14363.5 14 3.74166
14364.5 10 3.16228
14365.5 14 3.74166
14366.5 6 2.44949
14367.5 13 3.60555
14368.5 16 4
14369.5 9 3
14370.5 6 2.44949
14371.5 5 2.23607
14372.5 7 2.64575
14373.5 7 2.64575
14374.5 7 2.64575
14375.5 8 2.82843
14376.5 3 1.73205
14377.5 7 2.64575
14378.5 9 3
14379.5 7 2.64575
14380.5 6 2.44949
14381.5 4 2
14382.5 9 3
14383.5 8 2.82843
14384.5 3 1.73205
14385.5 4 2
14386.5 6 2.44949
14387.5 7 2.64575
14388.5 6 2.44949
14389.5 7 2.64575
14390.5 3 1.73205
14391.5 10 3.16228
14392.5 8 2.82843
14393.5 4 2
14394.5 7 2.64575
14395.5 3 1.73205
14396.5 5 2.23607
14397.5 11 3.31662
14398.5 6 2.44949
14399.5 3 1.73205
14400.5 10 3.16228
14401.5 3 1.73205
14402.5 0 0
14403.5 2 1.41421
14404.5 6 2.44949
14405.5 4 2
14406.5 4 2
14407.5 3 1.73205
14408.5 3 1.73205
14409.5 4 2
14410.5 1 1
14411.5 5 2.23607
14412.5 4 2
14413.5 3 1.73205
14414.5 2 1.41421
14415.5 6 2.44949
14416.5 5 2.23607
14417.5 8 2.82843
14418.5 3 1.73205
14419.5 7 2.64575
14420.5 7 2.64575
14421.5 4 2
14422.5 5 2.23607
14423.5 12 3.4641
14424.5 6 2.44949
14425.5 6 2.44949
14426.5 7 2.64575
14427.5 8 2.82843
14428.5 5 2.23607
14429.5 5 2.23607
14430.5 7 2.64575
14431.5 2 1.41421
14432.5 6 2.44949
14433.5 3 1.73205
14434.5 5 2.23607
14435.5 5 2.23607
14436.5 7 2.64575
14437.5 6 2.44949
14438.5 3 1.73205
14439.5 8 2.82843
14440.5 6 2.44949
14441.5 2 1.41421
14442.5 2 1.41421
14443.5 6 2.44949
14444.5 1 1
14445.5 4 2
14446.5 1 1
14447.5 4 2
14448.5 1 1
14449.5 3 1.73205
14450.5 7 2.64575
14451.5 4 2
14452.5 3 1.73205
14453.5 3 1.73205
14454.5 0 0
14455.5 2 1.41421
14456.5 5 2.23607
14457.5 3 1.73205
14458.5 7 2.64575
14459.5 8 2.82843
14460.5 3 1.73205
14461.5 3 1.73205
14462.5 6 2.44949
14463.5 1 1
14464.5 2 1.41421
14465.5 2 1.41421
14466.5 0 0
14467.5 5 2.23607
14468.5 1 1
14469.5 3 1.73205
14470.5 5 2.23607
14471.5 3 1.73205
14472.5 3 1.73205
14473.5 2 1.41421
14474.5 1 1
14475.5 1 1
14476.5 1 1
14477.5 3 1.73205
14478.5 4 2
14479.5 2 1.41421
14480.5 1 1
14481.5 1 1
14482.5 0 0
14483.5 3 1.73205
14484.5 3 1.73205
14485.5 1 1
14486.5 0 0
14487.5 2 1.41421
14488.5 2 1.41421
14489.5 1 1
14490.5 0 0
14491.5 0 0
14492.5 0 0
14493.5 0 0
14494.5 1 1
14495.5 1 1
14496.5 1 1
14497.5 2 1.41421
14498.5 1 1
14499.5 3 1.73205
14500.5 0 0
14501.5 2 1.41421
14502.5 1 1
14503.5 1 1
14504.5 1 1
14505.5 2 1.41421
14506.5 1 1
14507.5 1 1
14508.5 0 0
14509.5 1 1
14510.5 0 0
14511.5 0 0
14512.5 1 1
14513.5 0 0
14514.5 0 0
14515.5 1 1
14516.5 0 0
14517.5 0 0
14518.5 1 1
14519.5 0 0
14520.5 2 1.41421
14521.5 1 1
14522.5 2 1.41421
14523.5 0 0
14524.5 5 2.23607
14525.5 0 0
14526.5 0 0
14527.5 0 0
14528.5 3 1.73205
14529.5 1 1
14530.5 2 1.41421
14531.5 0 0
14532.5 2 1.41421
14533.5 1 1
14534.5 0 0
14535.5 1 1
14536.5 1 1
14537.5 0 0
14538.5 1 1
14539.5 1 1
14540.5 1 1
14541.5 0 0
14542.5 0 0
14543.5 0 0
14544.5 1 1
14545.5 3 1.73205
14546.5 2 1.41421
14547.5 1 1
14548.5 1 1
14549.5 0 0
14550.5 2 1.41421
14551.5 0 0
14552.5 1 1
14553.5 0 0
14554.5 2 1.41421
14555.5 1 1
14556.5 1 1
14557.5 0 0
14558.5 2 1.41421
14559.5 1 1
14560.5 0 0
14561.5 0 0
14562.5 2 1.41421
14563.5 0 0
14564.5 0 0
14565.5 0 0
14566.5 0 0
14567.5 1 1
14568.5 1 1
14569.5 0 0
14570.5 0 0
14571.5 0 0
14572.5 1 1
14573.5 0 0
14574.5 0 0
14575.5 0 0
14576.5 1 1
14577.5 0 0
14578.5 1 1
14579.5 0 0
14580.5 1 1
14581.5 0 0
14582.5 2 1.41421
14583.5 0 0
14584.5 1 1
14585.5 0 0
14586.5 0 0
14587.5 0 0
14588.5 0 0
14589.5 0 0
14590.5 0 0
14591.5 0 0
14592.5 2 1.41421
14593.5 2 1.41421
14594.5 0 0
14595.5 0 0
14596.5 0 0
14597.5 0 0
14598.5 1 1
14599.5 0 0
14600.5 0 0
14601.5 2 1.41421
14602.5 0 0
14603.5 1 1
14604.5 0 0
14605.5 0 0
14606.5 1 1
14607.5 0 0
14608.5 1 1
14609.5 0 0
14610.5 0 0
14611.5 2 1.41421
14612.5 0 0
14613.5 0 0
14614.5 0 0
14615.5 0 0
14616.5 0 0
14617.5 0 0
14618.5 0 0
14619.5 0 0
14620.5 2 1.41421
14621.5 1 1
14622.5 0 0
14623.5 0 0
14624.5 1 1
14625.5 0 0
14626.5 0 0
14627.5 1 1
14628.5 0 0
14629.5 1 1
14630.5 0 0
14631.5 1 1
14632.5 0 0
14633.5 0 0
14634.5 0 0
14635.5 0 0
14636.5 1 1
14637.5 1 1
14638.5 1 1
14639.5 1 1
14640.5 1 1
14641.5 0 0
14642.5 0 0
14643.5 1 1
14644.5 0 0
14645.5 0 0
14646.5 0 0
14647.5 0 0
14648.5 0 0
14649.5 0 0
14650.5 0 0
14651.5 0 0
14652.5 0 0
14653.5 0 0
14654.5 1 1
14655.5 0 0
14656.5 0 0
14657.5 1 1
14658.5 0 0
14659.5 0 0
14660.5 1 1
14661.5 0 0
14662.5 0 0
14663.5 0 0
14664.5 0 0
14665.5 0 0
14666.5 0 0
14667.5 0 0
14668.5 0 0
14669.5 2 1.41421
14670.5 0 0
14671.5 0 0
14672.5 0 0
14673.5 0 0
14674.5 0 0
14675.5 1 1
14676.5 0 0
14677.5 2 1.41421
14678.5 1 1
14679.5 2 1.41421
14680.5 1 1
14681.5 0 0
14682.5 1 1
14683.5 0 0
14684.5 1 1
14685.5 0 0
14686.5 0 0
14687.5 0 0
14688.5 0 0
14689.5 1 1
14690.5 1 1
14691.5 0 0
14692.5 1 1
14693.5 0 0
14694.5 0 0
14695.5 0 0
14696.5 0 0
14697.5 0 0
14698.5 1 1
14699.5 0 0
14700.5 0 0
14701.5 0 0
14702.5 0 0
14703.5 0 0
14704.5 0 0
14705.5 0 0
14706.5 1 1
14707.5 0 0
14708.5 0 0
14709.5 1 1
14710.5 0 0
14711.5 0 0
14712.5 1 1
14713.5 0 0
14714.5 0 0
14715.5 0 0
14716.5 0 0
14717.5 0 0
14718.5 0 0
14719.5 0 0
14720.5 2 1.41421
14721.5 0 0
14722.5 1 1
14723.5 1 1
14724.5 1 1
14725.5 0 0
14726.5 1 1
14727.5 0 0
14728.5 0 0
14729.5 1 1
14730.5 0 0
14731.5 0 0
14732.5 0 0
14733.5 0 0
14734.5 0 0
14735.5 0 0
14736.5 1 1
14737.5 1 1
14738.5 0 0
14739.5 1 1
14740.5 0 0
14741.5 0 0
14742.5 0 0
14743.5 0 0
14744.5 0 0
14745.5 0 0
14746.5 0 0
14747.5 0 0
14748.5 1 1
14749.5 0 0
14750.5 2 1.41421
14751.5 0 0
14752.5 0 0
14753.5 2 1.41421
14754.5 1 1
14755.5 0 0
14756.5 2 1.41421
14757.5 0 0
14758.5 2 1.41421
14759.5 0 0
14760.5 0 0
14761.5 0 0
14762.5 1 1
14763.5 0 0
14764.5 0 0
14765.5 0 0
14766.5 0 0
14767.5 1 1
14768.5 0 0
14769.5 0 0
14770.5 0 0
14771.5 1 1
14772.5 1 1
14773.5 0 0
14774.5 0 0
14775.5 1 1
14776.5 1 1
14777.5 0 0
14778.5 0 0
14779.5 0 0
14780.5 0 0
14781.5 0 0
14782.5 0 0
14783.5 0 0
14784.5 0 0
14785.5 0 0
14786.5 0 0
14787.5 1 1
14788.5 1 1
14789.5 0 0
14790.5 0 0
14791.5 1 1
14792.5 0 0
14793.5 0 0
14794.5 1 1
14795.5 0 0
14796.5 0 0
14797.5 2 1.41421
14798.5 0 0
14799.5 0 0
14800.5 0 0
14801.5 1 1
14802.5 0 0
14803.5 0 0
14804.5 4 2
14805.5 0 0
14806.5 0 0
14807.5 0 0
14808.5 0 0
14809.5 0 0
14810.5 0 0
14811.5 0 0
14812.5 1 1
14813.5 0 0
14814.5 0 0
14815.5 0 0
14816.5 0 0
14817.5 1 1
14818.5 0 0
14819.5 1 1
14820.5 0 0
14821.5 1 1
14822.5 2 1.41421
14823.5 0 0
14824.5 0 0
14825.5 1 1
14826.5 1 1
14827.5 0 0
14828.5 1 1
14829.5 1 1
14830.5 0 0
14831.5 0 0
14832.5 1 1
14833.5 0 0
14834.5 0 0
14835.5 2 1.41421
14836.5 2 1.41421
14837.5 0 0
14838.5 1 1
14839.5 0 0
14840.5 0 0
14841.5 0 0
14842.5 1 1
14843.5 0 0
14844.5 0 0
14845.5 1 1
14846.5 0 0
14847.5 1 1
14848.5 0 0
14849.5 2 1.41421
14850.5 2 1.41421
14851.5 1 1
14852.5 0 0
14853.5 0 0
14854.5 2 1.41421
14855.5 0 0
14856.5 0 0
14857.5 1 1
14858.5 1 1
14859.5 0 0
14860.5 1 1
14861.5 0 0
14862.5 0 0
14863.5 1 1
14864.5 1 1
14865.5 1 1
14866.5 0 0
14867.5 0 0
14868.5 0 0
14869.5 0 0
14870.5 1 1
14871.5 0 0
14872.5 0 0
14873.5 1 1
14874.5 0 0
14875.5 1 1
14876.5 0 0
14877.5 1 1
14878.5 0 0
14879.5 0 0
14880.5 0 0
14881.5 1 1
14882.5 0 0
14883.5 1 1
14884.5 0 0
14885.5 0 0
14886.5 0 0
14887.5 1 1
14888.5 0 0
14889.5 0 0
14890.5 0 0
14891.5 0 0
14892.5 0 0
14893.5 0 0
14894.5 2 1.41421
14895.5 0 0
14896.5 0 0
14897.5 0 0
14898.5 1 1
14899.5 0 0
14900.5 0 0
14901.5 0 0
14902.5 0 0
14903.5 0 0
14904.5 0 0
14905.5 2 1.41421
14906.5 0 0
14907.5 0 0
14908.5 1 1
14909.5 1 1
14910.5 0 0
14911.5 0 0
14912.5 0 0
14913.5 1 1
14914.5 0 0
14915.5 0 0
14916.5 0 0
14917.5 0 0
14918.5 0 0
14919.5 0 0
14920.5 0 0
14921.5 0 0
14922.5 0 0
14923.5 0 0
14924.5 0 0
14925.5 0 0
14926.5 0 0
14927.5 1 1
14928.5 0 0
14929.5 0 0
14930.5 1 1
14931.5 0 0
14932.5 0 0
14933.5 1 1
14934.5 0 0
14935.5 0 0
14936.5 0 0
14937.5 0 0
14938.5 0 0
14939.5 0 0
14940.5 0 0
14941.5 0 0
14942.5 0 0
14943.5 0 0
14944.5 0 0
14945.5 1 1
14946.5 0 0
14947.5 0 0
14948.5 1 1
14949.5 0 0
14950.5 0 0
14951.5 0 0
14952.5 0 0
14953.5 0 0
14954.5 0 0
14955.5 1 1
14956.5 1 1
14957.5 0 0
14958.5 0 0
14959.5 2 1.41421
14960.5 0 0
14961.5 1 1
14962.5 0 0
14963.5 1 1
14964.5 0 0
14965.5 1 1
14966.5 0 0
14967.5 0 0
14968.5 1 1
14969.5 0 0
14970.5 1 1
14971.5 0 0
14972.5 0 0
14973.5 0 0
14974.5 2 1.41421
14975.5 0 0
14976.5 1 1
14977.5 1 1
14978.5 0 0
14979.5 0 0
14980.5 1 1
14981.5 0 0
14982.5 1 1
14983.5 1 1
14984.5 0 0
14985.5 0 0
14986.5 1 1
14987.5 0 0
14988.5 0 0
14989.5 2 1.41421
14990.5 2 1.41421
14991.5 0 0
14992.5 0 0
14993.5 1 1
14994.5 2 1.41421
14995.5 0 0
14996.5 0 0
14997.5 1 1
14998.5 0 0
14999.5 0 0
15000.5 1 1
15001.5 0 0
15002.5 0 0
15003.5 0 0
15004.5 0 0
15005.5 1 1
15006.5 2 1.41421
15007.5 2 1.41421
15008.5 0 0
15009.5 1 1
15010.5 1 1
15011.5 0 0
15012.5 0 0
15013.5 1 1
15014.5 1 1
15015.5 1 1
15016.5 0 0
15017.5 0 0
15018.5 0 0
15019.5 0 0
15020.5 1 1
15021.5 0 0
15022.5 0 0
15023.5 2 1.41421
15024.5 0 0
15025.5 0 0
15026.5 0 0
15027.5 0 0
15028.5 2 1.41421
15029.5 1 1
15030.5 0 0
15031.5 1 1
15032.5 2 1.41421
15033.5 0 0
15034.5 0 0
15035.5 1 1
15036.5 0 0
15037.5 1 1
15038.5 1 1
15039.5 0 0
15040.5 0 0
15041.5 1 1
15042.5 0 0
15043.5 0 0
15044.5 2 1.41421
15045.5 1 1
15046.5 2 1.41421
15047.5 3 1.73205
15048.5 0 0
15049.5 0 0
15050.5 1 1
15051.5 0 0
15052.5 0 0
15053.5 0 0
15054.5 1 1
15055.5 0 0
15056.5 0 0
15057.5 0 0
15058.5 0 0
15059.5 1 1
15060.5 0 0
15061.5 1 1
15062.5 0 0
15063.5 0 0
15064.5 1 1
15065.5 0 0
15066.5 1 1
15067.5 0 0
15068.5 0 0
15069.5 0 0
15070.5 2 1.41421
15071.5 2 1.41421
15072.5 1 1
15073.5 2 1.41421
15074.5 0 0
15075.5 0 0
15076.5 0 0
15077.5 1 1
15078.5 0 0
15079.5 0 0
15080.5 0 0
15081.5 0 0
15082.5 0 0
15083.5 0 0
15084.5 1 1
15085.5 1 1
15086.5 0 0
15087.5 2 1.41421
15088.5 0 0
15089.5 0 0
15090.5 2 1.41421
15091.5 0 0
15092.5 2 1.41421
15093.5 0 0
15094.5 1 1
15095.5 2 1.41421
15096.5 0 0
15097.5 2 1.41421
15098.5 2 1.41421
15099.5 1 1
15100.5 0 0
15101.5 1 1
15102.5 0 0
15103.5 2 1.41421
15104.5 0 0
15105.5 1 1
15106.5 0 0
15107.5 1 1
15108.5 0 0
15109.5 0 0
15110.5 1 1
15111.5 0 0
15112.5 1 1
15113.5 2 1.41421
15114.5 0 0
15115.5 2 1.41421
15116.5 0 0
15117.5 2 1.41421
15118.5 1 1
15119.5 1 1
15120.5 0 0
15121.5 1 1
15122.5 0 0
15123.5 2 1.41421
15124.5 0 0
15125.5 1 1
15126.5 0 0
15127.5 1 1
15128.5 1 1
15129.5 0 0
15130.5 0 0
15131.5 1 1
15132.5 0 0
15133.5 0 0
15134.5 3 1.73205
15135.5 0 0
15136.5 0 0
15137.5 1 1
15138.5 0 0
15139.5 2 1.41421
15140.5 0 0
15141.5 0 0
15142.5 2 1.41421
15143.5 2 1.41421
15144.5 2 1.41421
15145.5 2 1.41421
15146.5 0 0
15147.5 0 0
15148.5 0 0
15149.5 0 0
15150.5 1 1
15151.5 0 0
15152.5 0 0
15153.5 2 1.41421
15154.5 1 1
15155.5 1 1
15156.5 0 0
15157.5 1 1
15158.5 0 0
15159.5 1 1
15160.5 1 1
15161.5 0 0
15162.5 0 0
15163.5 0 0
15164.5 1 1
15165.5 0 0
15166.5 1 1
15167.5 2 1.41421
15168.5 1 1
15169.5 1 1
15170.5 0 0
15171.5 0 0
15172.5 0 0
15173.5 0 0
15174.5 0 0
15175.5 0 0
15176.5 0 0
15177.5 1 1
15178.5 1 1
15179.5 2 1.41421
15180.5 0 0
15181.5 0 0
15182.5 0 0
15183.5 0 0
15184.5 0 0
15185.5 0 0
15186.5 0 0
15187.5 0 0
15188.5 0 0
15189.5 0 0
15190.5 0 0
15191.5 0 0
15192.5 0 0
15193.5 1 1
15194.5 0 0
15195.5 1 1
15196.5 1 1
15197.5 0 0
15198.5 0 0
15199.5 1 1
15200.5 0 0
15201.5 0 0
15202.5 1 1
15203.5 0 0
15204.5 0 0
15205.5 0 0
15206.5 0 0
15207.5 4 2
15208.5 0 0
15209.5 0 0
15210.5 0 0
15211.5 0 0
15212.5 1 1
15213.5 0 0
15214.5 0 0
15215.5 0 0
15216.5 1 1
15217.5 0 0
15218.5 0 0
15219.5 0 0
15220.5 0 0
15221.5 0 0
15222.5 0 0
15223.5 1 1
15224.5 0 0
15225.5 1 1
15226.5 0 0
15227.5 1 1
15228.5 0 0
15229.5 0 0
15230.5 0 0
15231.5 1 1
15232.5 0 0
15233.5 1 1
15234.5 0 0
15235.5 0 0
15236.5 0 0
15237.5 0 0
15238.5 1 1
15239.5 1 1
15240.5 1 1
15241.5 0 0
15242.5 1 1
15243.5 1 1
15244.5 0 0
15245.5 0 0
15246.5 2 1.41421
15247.5 0 0
15248.5 0 0
15249.5 0 0
15250.5 1 1
15251.5 0 0
15252.5 0 0
15253.5 0 0
15254.5 0 0
15255.5 1 1
15256.5 0 0
15257.5 1 1
15258.5 0 0
15259.5 0 0
15260.5 1 1
15261.5 0 0
15262.5 0 0
15263.5 0 0
15264.5 0 0
15265.5 0 0
15266.5 1 1
15267.5 0 0
15268.5 0 0
15269.5 1 1
15270.5 0 0
15271.5 0 0
15272.5 0 0
15273.5 1 1
15274.5 1 1
15275.5 1 1
15276.5 2 1.41421
15277.5 0 0
15278.5 1 1
15279.5 0 0
15280.5 0 0
15281.5 1 1
15282.5 0 0
15283.5 1 1
15284.5 0 0
15285.5 0 0
15286.5 1 1
15287.5 0 0
15288.5 0 0
15289.5 0 0
15290.5 0 0
15291.5 0 0
15292.5 0 0
15293.5 0 0
15294.5 1 1
15295.5 0 0
15296.5 0 0
15297.5 0 0
15298.5 0 0
15299.5 1 1
15300.5 0 0
15301.5 0 0
15302.5 0 0
15303.5 0 0
15304.5 1 1
15305.5 0 0
15306.5 0 0
15307.5 2 1.41421
15308.5 0 0
15309.5 0 0
15310.5 0 0
15311.5 1 1
15312.5 0 0
15313.5 0 0
15314.5 0 0
15315.5 0 0
15316.5 0 0
15317.5 0 0
15318.5 0 0
15319.5 0 0
15320.5 0 0
15321.5 1 1
15322.5 1 1
15323.5 0 0
15324.5 0 0
15325.5 0 0
15326.5 0 0
15327.5 0 0
15328.5 0 0
15329.5 0 0
15330.5 0 0
15331.5 0 0
15332.5 1 1
15333.5 1 1
15334.5 0 0
15335.5 2 1.41421
15336.5 0 0
15337.5 0 0
15338.5 0 0
15339.5 0 0
15340.5 0 0
15341.5 1 1
15342.5 0 0
15343.5 0 0
15344.5 0 0
15345.5 0 0
15346.5 0 0
15347.5 0 0
15348.5 1 1
15349.5 0 0
15350.5 1 1
15351.5 0 0
15352.5 1 1
15353.5 0 0
15354.5 1 1
15355.5 0 0
15356.5 0 0
15357.5 0 0
15358.5 0 0
15359.5 1 1
15360.5 1 1
15361.5 0 0
15362.5 0 0
15363.5 0 0
15364.5 0 0
15365.5 0 0
15366.5 1 1
15367.5 0 0
15368.5 0 0
15369.5 1 1
15370.5 0 0
15371.5 0 0
15372.5 0 0
15373.5 0 0
15374.5 0 0
15375.5 0 0
15376.5 0 0
15377.5 0 0
15378.5 0 0
15379.5 0 0
15380.5 0 0
15381.5 2 1.41421
15382.5 1 1
15383.5 0 0
15384.5 0 0
15385.5 0 0
15386.5 0 0
15387.5 0 0
15388.5 0 0
15389.5 0 0
15390.5 1 1
15391.5 0 0
15392.5 0 0
15393.5 0 0
15394.5 0 0
15395.5 0 0
15396.5 1 1
15397.5 2 1.41421
15398.5 0 0
15399.5 1 1
15400.5 0 0
15401.5 0 0
15402.5 0 0
15403.5 0 0
15404.5 0 0
15405.5 0 0
15406.5 1 1
15407.5 0 0
15408.5 2 1.41421
15409.5 0 0
15410.5 0 0
15411.5 2 1.41421
15412.5 1 1
15413.5 0 0
15414.5 0 0
15415.5 1 1
15416.5 0 0
15417.5 0 0
15418.5 1 1
15419.5 1 1
15420.5 1 1
15421.5 0 0
15422.5 0 0
15423.5 0 0
15424.5 0 0
15425.5 0 0
15426.5 1 1
15427.5 1 1
15428.5 0 0
15429.5 0 0
15430.5 1 1
15431.5 0 0
15432.5 0 0
15433.5 0 0
15434.5 0 0
15435.5 0 0
15436.5 0 0
15437.5 0 0
15438.5 0 0
15439.5 0 0
15440.5 0 0
15441.5 0 0
15442.5 0 0
15443.5 0 0
15444.5 0 0
15445.5 0 0
15446.5 0 0
15447.5 1 1
15448.5 0 0
15449.5 0 0
15450.5 0 0
15451.5 0 0
15452.5 0 0
15453.5 1 1
15454.5 2 1.41421
15455.5 0 0
15456.5 0 0
15457.5 0 0
15458.5 1 1
15459.5 1 1
15460.5 0 0
15461.5 1 1
15462.5 0 0
15463.5 0 0
15464.5 0 0
15465.5 0 0
15466.5 0 0
15467.5 0 0
15468.5 0 0
15469.5 0 0
15470.5 0 0
15471.5 0 0
15472.5 0 0
15473.5 0 0
15474.5 0 0
15475.5 0 0
15476.5 0 0
15477.5 0 0
15478.5 2 1.41421
15479.5 0 0
15480.5 0 0
15481.5 0 0
15482.5 0 0
15483.5 1 1
15484.5 0 0
15485.5 1 1
15486.5 0 0
15487.5 1 1
15488.5 0 0
15489.5 0 0
15490.5 0 0
15491.5 0 0
15492.5 0 0
15493.5 0 0
15494.5 0 0
15495.5 1 1
15496.5 0 0
15497.5 0 0
15498.5 0 0
15499.5 0 0
15500.5 1 1
15501.5 0 0
15502.5 0 0
15503.5 1 1
15504.5 0 0
15505.5 0 0
15506.5 0 0
15507.5 1 1
15508.5 0 0
15509.5 0 0
15510.5 0 0
15511.5 0 0
15512.5 0 0
15513.5 0 0
15514.5 1 1
15515.5 0 0
15516.5 0 0
15517.5 1 1
15518.5 1 1
15519.5 0 0
15520.5 1 1
15521.5 0 0
15522.5 0 0
15523.5 0 0
15524.5 0 0
15525.5 0 0
15526.5 1 1
15527.5 0 0
15528.5 0 0
15529.5 0 0
15530.5 0 0
15531.5 0 0
15532.5 0 0
15533.5 1 1
15534.5 0 0
15535.5 0 0
15536.5 0 0
15537.5 0 0
15538.5 0 0
15539.5 0 0
15540.5 0 0
15541.5 0 0
15542.5 0 0
15543.5 0 0
15544.5 0 0
15545.5 1 1
15546.5 0 0
15547.5 0 0
15548.5 0 0
15549.5 1 1
15550.5 0 0
15551.5 0 0
15552.5 0 0
15553.5 0 0
15554.5 0 0
15555.5 0 0
15556.5 0 0
15557.5 0 0
15558.5 1 1
15559.5 0 0
15560.5 0 0
15561.5 1 1
15562.5 0 0
15563.5 0 0
15564.5 0 0
15565.5 0 0
15566.5 0 0
15567.5 0 0
15568.5 1 1
15569.5 0 0
15570.5 0 0
15571.5 1 1
15572.5 0 0
15573.5 0 0
15574.5 0 0
15575.5 0 0
15576.5 2 1.41421
15577.5 0 0
15578.5 1 1
15579.5 0 0
15580.5 0 0
15581.5 0 0
15582.5 0 0
15583.5 0 0
15584.5 0 0
15585.5 0 0
15586.5 0 0
15587.5 0 0
15588.5 0 0
15589.5 0 0
15590.5 0 0
15591.5 0 0
15592.5 0 0
15593.5 0 0
15594.5 0 0
15595.5 0 0
15596.5 0 0
15597.5 1 1
15598.5 0 0
15599.5 0 0
15600.5 0 0
15601.5 0 0
15602.5 0 0
15603.5 0 0
15604.5 0 0
15605.5 0 0
15606.5 0 0
15607.5 0 0
15608.5 0 0
15609.5 2 1.41421
15610.5 0 0
15611.5 1 1
15612.5 0 0
15613.5 0 0
15614.5 0 0
15615.5 0 0
15616.5 1 1
15617.5 0 0
15618.5 1 1
15619.5 0 0
15620.5 0 0
15621.5 0 0
15622.5 0 0
15623.5 0 0
15624.5 1 1
15625.5 0 0
15626.5 0 0
15627.5 1 1
15628.5 0 0
15629.5 0 0
15630.5 0 0
15631.5 0 0
15632.5 0 0
15633.5 1 1
15634.5 0 0
15635.5 1 1
15636.5 0 0
15637.5 0 0
15638.5 0 0
15639.5 0 0
15640.5 0 0
15641.5 0 0
15642.5 0 0
15643.5 0 0
15644.5 0 0
15645.5 0 0
15646.5 0 0
15647.5 0 0
15648.5 0 0
15649.5 0 0
15650.5 0 0
15651.5 0 0
15652.5 0 0
15653.5 0 0
15654.5 2 1.41421
15655.5 1 1
15656.5 0 0
15657.5 0 0
15658.5 1 1
15659.5 0 0
15660.5 0 0
15661.5 0 0
15662.5 0 0
15663.5 0 0
15664.5 0 0
15665.5 0 0
15666.5 0 0
15667.5 0 0
15668.5 0 0
15669.5 0 0
15670.5 1 1
15671.5 0 0
15672.5 0 0
15673.5 0 0
15674.5 0 0
15675.5 0 0
15676.5 0 0
15677.5 1 1
15678.5 0 0
15679.5 0 0
15680.5 1 1
15681.5 0 0
15682.5 0 0
15683.5 1 1
15684.5 0 0
15685.5 0 0
15686.5 1 1
15687.5 0 0
15688.5 1 1
15689.5 1 1
15690.5 1 1
15691.5 0 0
15692.5 1 1
15693.5 1 1
15694.5 0 0
15695.5 0 0
15696.5 0 0
15697.5 1 1
15698.5 0 0
15699.5 0 0
15700.5 0 0
15701.5 1 1
15702.5 0 0
15703.5 0 0
15704.5 1 1
15705.5 0 0
15706.5 0 0
15707.5 0 0
15708.5 1 1
15709.5 1 1
15710.5 0 0
15711.5 0 0
15712.5 0 0
15713.5 0 0
15714.5 0 0
15715.5 0 0
15716.5 0 0
15717.5 0 0
15718.5 0 0
15719.5 0 0
15720.5 0 0
15721.5 0 0
15722.5 0 0
15723.5 0 0
15724.5 1 1
15725.5 2 1.41421
15726.5 0 0
15727.5 0 0
15728.5 0 0
15729.5 1 1
15730.5 0 0
15731.5 1 1
15732.5 1 1
15733.5 1 1
15734.5 0 0
15735.5 0 0
15736.5 0 0
15737.5 0 0
15738.5 0 0
15739.5 0 0
15740.5 0 0
15741.5 1 1
15742.5 1 1
15743.5 1 1
15744.5 1 1
15745.5 0 0
15746.5 0 0
15747.5 0 0
15748.5 0 0
15749.5 0 0
15750.5 0 0
15751.5 0 0
15752.5 0 0
15753.5 1 1
15754.5 0 0
15755.5 0 0
15756.5 2 1.41421
15757.5 0 0
15758.5 0 0
15759.5 0 0
15760.5 0 0
15761.5 0 0
15762.5 0 0
15763.5 0 0
15764.5 1 1
15765.5 0 0
15766.5 0 0
15767.5 1 1
15768.5 1 1
15769.5 1 1
15770.5 0 0
15771.5 0 0
15772.5 0 0
15773.5 0 0
15774.5 1 1
15775.5 0 0
15776.5 0 0
15777.5 2 1.41421
15778.5 1 1
15779.5 1 1
15780.5 1 1
15781.5 0 0
15782.5 0 0
15783.5 1 1
15784.5 0 0
15785.5 0 0
15786.5 0 0
15787.5 1 1
15788.5 0 0
15789.5 1 1
15790.5 1 1
15791.5 0 0
15792.5 1 1
15793.5 0 0
15794.5 1 1
15795.5 3 1.73205
15796.5 0 0
15797.5 2 1.41421
15798.5 1 1
15799.5 0 0
15800.5 0 0
15801.5 0 0
15802.5 1 1
15803.5 0 0
15804.5 2 1.41421
15805.5 1 1
15806.5 0 0
15807.5 0 0
15808.5 1 1
15809.5 0 0
15810.5 0 0
15811.5 2 1.41421
15812.5 2 1.41421
15813.5 0 0
15814.5 1 1
15815.5 0 0
15816.5 1 1
15817.5 3 1.73205
15818.5 1 1
15819.5 0 0
15820.5 2 1.41421
15821.5 0 0
15822.5 0 0
15823.5 1 1
15824.5 0 0
15825.5 0 0
15826.5 0 0
15827.5 1 1
15828.5 1 1
15829.5 1 1
15830.5 0 0
15831.5 3 1.73205
15832.5 0 0
15833.5 0 0
15834.5 0 0
15835.5 2 1.41421
15836.5 1 1
15837.5 1 1
15838.5 1 1
15839.5 3 1.73205
15840.5 1 1
15841.5 1 1
15842.5 1 1
15843.5 1 1
15844.5 0 0
15845.5 2 1.41421
15846.5 0 0
15847.5 2 1.41421
15848.5 1 1
15849.5 2 1.41421
15850.5 0 0
15851.5 1 1
15852.5 1 1
15853.5 2 1.41421
15854.5 0 0
15855.5 3 1.73205
15856.5 2 1.41421
15857.5 2 1.41421
15858.5 0 0
15859.5 0 0
15860.5 0 0
15861.5 1 1
15862.5 0 0
15863.5 2 1.41421
15864.5 1 1
15865.5 0 0
15866.5 1 1
15867.5 0 0
15868.5 2 1.41421
15869.5 2 1.41421
15870.5 0 0
15871.5 0 0
15872.5 0 0
15873.5 2 1.41421
15874.5 0 0
15875.5 3 1.73205
15876.5 1 1
15877.5 3 1.73205
15878.5 0 0
15879.5 1 1
15880.5 1 1
15881.5 1 1
15882.5 0 0
15883.5 0 0
15884.5 1 1
15885.5 0 0
15886.5 0 0
15887.5 0 0
15888.5 2 1.41421
15889.5 0 0
15890.5 1 1
15891.5 0 0
15892.5 0 0
15893.5 1 1
15894.5 0 0
15895.5 0 0
15896.5 1 1
15897.5 0 0
15898.5 1 1
15899.5 0 0
15900.5 1 1
15901.5 1 1
15902.5 1 1
15903.5 1 1
15904.5 0 0
15905.5 0 0
15906.5 0 0
15907.5 0 0
15908.5 1 1
15909.5 1 1
15910.5 0 0
15911.5 2 1.41421
15912.5 0 0
15913.5 0 0
15914.5 0 0
15915.5 1 1
15916.5 1 1
15917.5 0 0
15918.5 2 1.41421
15919.5 0 0
15920.5 2 1.41421
15921.5 1 1
15922.5 0 0
15923.5 0 0
15924.5 0 0
15925.5 0 0
15926.5 0 0
15927.5 1 1
15928.5 2 1.41421
15929.5 0 0
15930.5 1 1
15931.5 1 1
15932.5 1 1
15933.5 0 0
15934.5 0 0
15935.5 4 2
15936.5 1 1
15937.5 3 1.73205
15938.5 2 1.41421
15939.5 1 1
15940.5 0 0
15941.5 0 0
15942.5 2 1.41421
15943.5 2 1.41421
15944.5 0 0
15945.5 0 0
15946.5 1 1
15947.5 4 2
15948.5 0 0
15949.5 0 0
15950.5 0 0
15951.5 1 1
15952.5 3 1.73205
15953.5 1 1
15954.5 0 0
15955.5 0 0
15956.5 0 0
15957.5 2 1.41421
15958.5 2 1.41421
15959.5 1 1
15960.5 1 1
15961.5 0 0
15962.5 2 1.41421
15963.5 1 1
15964.5 2 1.41421
15965.5 1 1
15966.5 2 1.41421
15967.5 2 1.41421
15968.5 1 1
15969.5 0 0
15970.5 0 0
15971.5 4 2
15972.5 2 1.41421
15973.5 1 1
15974.5 1 1
15975.5 0 0
15976.5 2 1.41421
15977.5 0 0
15978.5 6 2.44949
15979.5 2 1.41421
15980.5 1 1
15981.5 0 0
15982.5 0 0
15983.5 1 1
15984.5 0 0
15985.5 0 0
15986.5 3 1.73205
15987.5 2 1.41421
15988.5 2 1.41421
15989.5 0 0
15990.5 1 1
15991.5 0 0
15992.5 1 1
15993.5 0 0
15994.5 3 1.73205
15995.5 1 1
15996.5 3 1.73205
15997.5 2 1.41421
15998.5 2 1.41421
15999.5 0 0
16000.5 1 1
16001.5 1 1
16002.5 0 0
16003.5 2 1.41421
16004.5 2 1.41421
16005.5 1 1
16006.5 0 0
16007.5 2 1.41421
16008.5 1 1
16009.5 1 1
16010.5 0 0
16011.5 2 1.41421
16012.5 0 0
16013.5 1 1
16014.5 0 0
16015.5 1 1
16016.5 0 0
16017.5 0 0
16018.5 0 0
16019.5 0 0
16020.5 0 0
16021.5 1 1
16022.5 0 0
16023.5 0 0
16024.5 0 0
16025.5 0 0
16026.5 1 1
16027.5 0 0
16028.5 0 0
16029.5 0 0
16030.5 1 1
16031.5 2 1.41421
16032.5 1 1
16033.5 1 1
16034.5 0 0
16035.5 0 0
16036.5 0 0
16037.5 0 0
16038.5 0 0
16039.5 1 1
16040.5 0 0
16041.5 1 1
16042.5 0 0
16043.5 0 0
16044.5 1 1
16045.5 0 0
16046.5 0 0
16047.5 0 0
16048.5 0 0
16049.5 1 1
16050.5 0 0
16051.5 0 0
16052.5 1 1
16053.5 1 1
16054.5 1 1
16055.5 0 0
16056.5 0 0
16057.5 0 0
16058.5 0 0
16059.5 0 0
16060.5 0 0
16061.5 0 0
16062.5 0 0
16063.5 0 0
16064.5 2 1.41421
16065.5 0 0
16066.5 0 0
16067.5 0 0
16068.5 2 1.41421
16069.5 0 0
16070.5 1 1
16071.5 0 0
16072.5 1 1
16073.5 0 0
16074.5 0 0
16075.5 1 1
16076.5 0 0
16077.5 0 0
16078.5 1 1
16079.5 0 0
16080.5 0 0
16081.5 1 1
16082.5 0 0
16083.5 0 0
16084.5 0 0
16085.5 0 0
16086.5 0 0
16087.5 0 0
16088.5 0 0
16089.5 0 0
16090.5 0 0
16091.5 0 0
16092.5 0 0
16093.5 0 0
16094.5 0 0
16095.5 0 0
16096.5 0 0
16097.5 0 0
16098.5 0 0
16099.5 0 0
16100.5 0 0
16101.5 0 0
16102.5 0 0
16103.5 0 0
16104.5 1 1
16105.5 0 0
16106.5 0 0
16107.5 0 0
16108.5 0 0
16109.5 0 0
16110.5 1 1
16111.5 0 0
16112.5 0 0
16113.5 0 0
16114.5 0 0
16115.5 1 1
16116.5 1 1
16117.5 0 0
16118.5 0 0
16119.5 0 0
16120.5 0 0
16121.5 0 0
16122.5 0 0
16123.5 0 0
16124.5 0 0
16125.5 0 0
16126.5 0 0
16127.5 0 0
16128.5 0 0
16129.5 0 0
16130.5 1 1
16131.5 0 0
16132.5 0 0
16133.5 0 0
16134.5 0 0
16135.5 0 0
16136.5 1 1
16137.5 0 0
16138.5 0 0
16139.5 0 0
16140.5 0 0
16141.5 1 1
16142.5 0 0
16143.5 0 0
16144.5 0 0
16145.5 0 0
16146.5 1 1
16147.5 0 0
16148.5 1 1
16149.5 0 0
16150.5 0 0
16151.5 0 0
16152.5 0 0
16153.5 0 0
16154.5 1 1
16155.5 0 0
16156.5 1 1
16157.5 0 0
16158.5 0 0
16159.5 0 0
16160.5 0 0
16161.5 1 1
16162.5 1 1
16163.5 0 0
16164.5 0 0
16165.5 0 0
16166.5 0 0
16167.5 1 1
16168.5 2 1.41421
16169.5 0 0
16170.5 0 0
16171.5 0 0
16172.5 0 0
16173.5 0 0
16174.5 0 0
16175.5 0 0
16176.5 0 0
16177.5 0 0
16178.5 0 0
16179.5 0 0
16180.5 0 0
16181.5 0 0
16182.5 0 0
16183.5 0 0
16184.5 0 0
16185.5 2 1.41421
16186.5 0 0
16187.5 0 0
16188.5 0 0
16189.5 1 1
16190.5 1 1
16191.5 0 0
16192.5 0 0
16193.5 0 0
16194.5 0 0
16195.5 0 0
16196.5 0 0
16197.5 0 0
16198.5 0 0
16199.5 1 1
16200.5 0 0
16201.5 0 0
16202.5 0 0
16203.5 1 1
16204.5 0 0
16205.5 0 0
16206.5 0 0
16207.5 0 0
16208.5 2 1.41421
16209.5 0 0
16210.5 0 0
16211.5 0 0
16212.5 0 0
16213.5 0 0
16214.5 0 0
16215.5 0 0
16216.5 1 1
16217.5 0 0
16218.5 0 0
16219.5 0 0
16220.5 0 0
16221.5 0 0
16222.5 1 1
16223.5 1 1
16224.5 3 1.73205
16225.5 0 0
16226.5 0 0
16227.5 1 1
16228.5 1 1
16229.5 1 1
16230.5 0 0
16231.5 0 0
16232.5 1 1
16233.5 1 1
16234.5 0 0
16235.5 0 0
16236.5 1 1
16237.5 0 0
16238.5 1 1
16239.5 1 1
16240.5 0 0
16241.5 1 1
16242.5 0 0
16243.5 0 0
16244.5 0 0
16245.5 0 0
16246.5 0 0
16247.5 0 0
16248.5 0 0
16249.5 1 1
16250.5 1 1
16251.5 0 0
16252.5 2 1.41421
16253.5 1 1
16254.5 0 0
16255.5 1 1
16256.5 0 0
16257.5 0 0
16258.5 1 1
16259.5 0 0
16260.5 0 0
16261.5 0 0
16262.5 1 1
16263.5 0 0
16264.5 1 1
16265.5 0 0
16266.5 0 0
16267.5 0 0
16268.5 0 0
16269.5 0 0
16270.5 2 1.41421
16271.5 1 1
16272.5 0 0
16273.5 0 0
16274.5 0 0
16275.5 0 0
16276.5 1 1
16277.5 0 0
16278.5 0 0
16279.5 1 1
16280.5 1 1
16281.5 1 1
16282.5 0 0
16283.5 1 1
16284.5 0 0
16285.5 0 0
16286.5 0 0
16287.5 0 0
16288.5 0 0
16289.5 0 0
16290.5 0 0
16291.5 1 1
16292.5 0 0
16293.5 0 0
16294.5 2 1.41421
16295.5 0 0
16296.5 0 0
16297.5 0 0
16298.5 0 0
16299.5 0 0
16300.5 0 0
16301.5 0 0
16302.5 0 0
16303.5 0 0
16304.5 0 0
16305.5 1 1
16306.5 0 0
16307.5 0 0
16308.5 0 0
16309.5 1 1
16310.5 0 0
16311.5 0 0
16312.5 0 0
16313.5 0 0
16314.5 0 0
16315.5 0 0
16316.5 1 1
16317.5 0 0
16318.5 0 0
16319.5 0 0
16320.5 0 0
16321.5 0 0
16322.5 0 0
16323.5 0 0
16324.5 0 0
16325.5 1 1
16326.5 0 0
16327.5 0 0
16328.5 0 0
16329.5 0 0
16330.5 1 1
16331.5 0 0
16332.5 0 0
16333.5 0 0
16334.5 0 0
16335.5 0 0
16336.5 0 0
16337.5 0 0
16338.5 0 0
16339.5 1 1
16340.5 0 0
16341.5 0 0
16342.5 1 1
16343.5 0 0
16344.5 0 0
16345.5 2 1.41421
16346.5 0 0
16347.5 0 0
16348.5 0 0
16349.5 0 0
16350.5 1 1
16351.5 0 0
16352.5 0 0
16353.5 0 0
16354.5 1 1
16355.5 0 0
16356.5 0 0
16357.5 0 0
16358.5 0 0
16359.5 0 0
16360.5 0 0
16361.5 0 0
16362.5 0 0
16363.5 1 1
16364.5 0 0
16365.5 0 0
16366.5 0 0
16367.5 0 0
16368.5 0 0
16369.5 0 0
16370.5 0 0
16371.5 0 0
16372.5 0 0
16373.5 0 0
16374.5 0 0
16375.5 1 1
16376.5 0 0
16377.5 1 1
16378.5 0 0
16379.5 0 0
16380.5 0 0
16381.5 0 0
16382.5 0 0
16383.5 0 0
