# Histogram: 101
# File: K47_T1_003-1.his
#X  N  dN
0.5 1049 32.3883
1.5 0 0
2.5 0 0
3.5 0 0
4.5 0 0
5.5 0 0
6.5 1 1
7.5 0 0
8.5 0 0
9.5 0 0
10.5 0 0
11.5 0 0
12.5 0 0
13.5 1 1
14.5 0 0
15.5 0 0
16.5 0 0
17.5 0 0
18.5 0 0
19.5 0 0
20.5 0 0
21.5 0 0
22.5 0 0
23.5 0 0
24.5 0 0
25.5 0 0
26.5 0 0
27.5 0 0
28.5 1 1
29.5 0 0
30.5 0 0
31.5 0 0
32.5 0 0
33.5 0 0
34.5 0 0
35.5 0 0
36.5 0 0
37.5 0 0
38.5 0 0
39.5 0 0
40.5 0 0
41.5 0 0
42.5 0 0
43.5 0 0
44.5 0 0
45.5 0 0
46.5 0 0
47.5 0 0
48.5 0 0
49.5 0 0
50.5 0 0
51.5 0 0
52.5 0 0
53.5 0 0
54.5 0 0
55.5 0 0
56.5 0 0
57.5 0 0
58.5 0 0
59.5 0 0
60.5 0 0
61.5 0 0
62.5 0 0
63.5 0 0
64.5 0 0
65.5 0 0
66.5 0 0
67.5 0 0
68.5 0 0
69.5 0 0
70.5 0 0
71.5 0 0
72.5 0 0
73.5 0 0
74.5 0 0
75.5 0 0
76.5 0 0
77.5 0 0
78.5 0 0
79.5 0 0
80.5 0 0
81.5 1 1
82.5 0 0
83.5 0 0
84.5 0 0
85.5 0 0
86.5 0 0
87.5 0 0
88.5 0 0
89.5 2 1.41421
90.5 1 1
91.5 2 1.41421
92.5 1 1
93.5 1 1
94.5 3 1.73205
95.5 4 2
96.5 7 2.64575
97.5 5 2.23607
98.5 6 2.44949
99.5 13 3.60555
100.5 14 3.74166
101.5 14 3.74166
102.5 17 4.12311
103.5 22 4.69042
104.5 30 5.47723
105.5 28 5.2915
106.5 36 6
107.5 39 6.245
108.5 41 6.40312
109.5 46 6.78233
110.5 56 7.48331
111.5 69 8.30662
112.5 55 7.4162
113.5 72 8.48528
114.5 74 8.60233
115.5 63 7.93725
116.5 72 8.48528
117.5 91 9.53939
118.5 75 8.66025
119.5 91 9.53939
120.5 84 9.16515
121.5 96 9.79796
122.5 89 9.43398
123.5 93 9.64365
124.5 104 10.198
125.5 99 9.94987
126.5 105 10.247
127.5 96 9.79796
128.5 120 10.9545
129.5 87 9.32738
130.5 118 10.8628
131.5 112 10.583
132.5 97 9.84886
133.5 110 10.4881
134.5 88 9.38083
135.5 111 10.5357
136.5 92 9.59166
137.5 93 9.64365
138.5 112 10.583
139.5 78 8.83176
140.5 121 11
141.5 103 10.1489
142.5 99 9.94987
143.5 102 10.0995
144.5 102 10.0995
145.5 108 10.3923
146.5 88 9.38083
147.5 99 9.94987
148.5 94 9.69536
149.5 134 11.5758
150.5 97 9.84886
151.5 98 9.89949
152.5 98 9.89949
153.5 95 9.74679
154.5 93 9.64365
155.5 100 10
156.5 99 9.94987
157.5 85 9.21954
158.5 88 9.38083
159.5 106 10.2956
160.5 99 9.94987
161.5 121 11
162.5 115 10.7238
163.5 100 10
164.5 95 9.74679
165.5 133 11.5326
166.5 98 9.89949
167.5 100 10
168.5 111 10.5357
169.5 112 10.583
170.5 99 9.94987
171.5 107 10.3441
172.5 114 10.6771
173.5 126 11.225
174.5 116 10.7703
175.5 110 10.4881
176.5 117 10.8167
177.5 101 10.0499
178.5 116 10.7703
179.5 93 9.64365
180.5 106 10.2956
181.5 116 10.7703
182.5 101 10.0499
183.5 103 10.1489
184.5 108 10.3923
185.5 128 11.3137
186.5 120 10.9545
187.5 110 10.4881
188.5 139 11.7898
189.5 123 11.0905
190.5 112 10.583
191.5 121 11
192.5 101 10.0499
193.5 120 10.9545
194.5 123 11.0905
195.5 117 10.8167
196.5 117 10.8167
197.5 108 10.3923
198.5 119 10.9087
199.5 135 11.619
200.5 114 10.6771
201.5 126 11.225
202.5 111 10.5357
203.5 109 10.4403
204.5 116 10.7703
205.5 107 10.3441
206.5 104 10.198
207.5 109 10.4403
208.5 121 11
209.5 112 10.583
210.5 97 9.84886
211.5 107 10.3441
212.5 112 10.583
213.5 112 10.583
214.5 93 9.64365
215.5 119 10.9087
216.5 105 10.247
217.5 122 11.0454
218.5 102 10.0995
219.5 123 11.0905
220.5 119 10.9087
221.5 117 10.8167
222.5 120 10.9545
223.5 107 10.3441
224.5 119 10.9087
225.5 113 10.6301
226.5 104 10.198
227.5 98 9.89949
228.5 103 10.1489
229.5 100 10
230.5 131 11.4455
231.5 123 11.0905
232.5 137 11.7047
233.5 116 10.7703
234.5 118 10.8628
235.5 101 10.0499
236.5 110 10.4881
237.5 113 10.6301
238.5 112 10.583
239.5 117 10.8167
240.5 104 10.198
241.5 137 11.7047
242.5 107 10.3441
243.5 114 10.6771
244.5 103 10.1489
245.5 116 10.7703
246.5 119 10.9087
247.5 127 11.2694
248.5 120 10.9545
249.5 128 11.3137
250.5 125 11.1803
251.5 110 10.4881
252.5 96 9.79796
253.5 127 11.2694
254.5 138 11.7473
255.5 106 10.2956
256.5 130 11.4018
257.5 114 10.6771
258.5 129 11.3578
259.5 127 11.2694
260.5 117 10.8167
261.5 137 11.7047
262.5 126 11.225
263.5 121 11
264.5 106 10.2956
265.5 126 11.225
266.5 131 11.4455
267.5 120 10.9545
268.5 131 11.4455
269.5 116 10.7703
270.5 120 10.9545
271.5 130 11.4018
272.5 127 11.2694
273.5 131 11.4455
274.5 131 11.4455
275.5 103 10.1489
276.5 118 10.8628
277.5 127 11.2694
278.5 120 10.9545
279.5 114 10.6771
280.5 123 11.0905
281.5 121 11
282.5 115 10.7238
283.5 139 11.7898
284.5 119 10.9087
285.5 136 11.6619
286.5 134 11.5758
287.5 128 11.3137
288.5 138 11.7473
289.5 128 11.3137
290.5 138 11.7473
291.5 130 11.4018
292.5 132 11.4891
293.5 137 11.7047
294.5 162 12.7279
295.5 136 11.6619
296.5 133 11.5326
297.5 126 11.225
298.5 124 11.1355
299.5 125 11.1803
300.5 144 12
301.5 134 11.5758
302.5 120 10.9545
303.5 130 11.4018
304.5 144 12
305.5 152 12.3288
306.5 126 11.225
307.5 143 11.9583
308.5 137 11.7047
309.5 122 11.0454
310.5 128 11.3137
311.5 145 12.0416
312.5 116 10.7703
313.5 131 11.4455
314.5 145 12.0416
315.5 152 12.3288
316.5 143 11.9583
317.5 157 12.53
318.5 145 12.0416
319.5 144 12
320.5 136 11.6619
321.5 131 11.4455
322.5 163 12.7671
323.5 155 12.4499
324.5 171 13.0767
325.5 156 12.49
326.5 170 13.0384
327.5 139 11.7898
328.5 166 12.8841
329.5 156 12.49
330.5 167 12.9228
331.5 142 11.9164
332.5 151 12.2882
333.5 154 12.4097
334.5 155 12.4499
335.5 143 11.9583
336.5 151 12.2882
337.5 148 12.1655
338.5 149 12.2066
339.5 165 12.8452
340.5 160 12.6491
341.5 172 13.1149
342.5 147 12.1244
343.5 170 13.0384
344.5 143 11.9583
345.5 149 12.2066
346.5 145 12.0416
347.5 164 12.8062
348.5 176 13.2665
349.5 168 12.9615
350.5 155 12.4499
351.5 163 12.7671
352.5 160 12.6491
353.5 145 12.0416
354.5 154 12.4097
355.5 153 12.3693
356.5 177 13.3041
357.5 168 12.9615
358.5 164 12.8062
359.5 163 12.7671
360.5 160 12.6491
361.5 169 13
362.5 199 14.1067
363.5 172 13.1149
364.5 185 13.6015
365.5 170 13.0384
366.5 181 13.4536
367.5 181 13.4536
368.5 191 13.8203
369.5 175 13.2288
370.5 187 13.6748
371.5 186 13.6382
372.5 191 13.8203
373.5 189 13.7477
374.5 183 13.5277
375.5 169 13
376.5 184 13.5647
377.5 171 13.0767
378.5 142 11.9164
379.5 158 12.5698
380.5 174 13.1909
381.5 173 13.1529
382.5 173 13.1529
383.5 204 14.2829
384.5 184 13.5647
385.5 197 14.0357
386.5 174 13.1909
387.5 178 13.3417
388.5 189 13.7477
389.5 192 13.8564
390.5 193 13.8924
391.5 186 13.6382
392.5 169 13
393.5 182 13.4907
394.5 184 13.5647
395.5 183 13.5277
396.5 188 13.7113
397.5 183 13.5277
398.5 202 14.2127
399.5 197 14.0357
400.5 199 14.1067
401.5 192 13.8564
402.5 188 13.7113
403.5 188 13.7113
404.5 204 14.2829
405.5 179 13.3791
406.5 201 14.1774
407.5 187 13.6748
408.5 193 13.8924
409.5 206 14.3527
410.5 193 13.8924
411.5 197 14.0357
412.5 227 15.0665
413.5 180 13.4164
414.5 224 14.9666
415.5 189 13.7477
416.5 200 14.1421
417.5 185 13.6015
418.5 166 12.8841
419.5 197 14.0357
420.5 189 13.7477
421.5 189 13.7477
422.5 200 14.1421
423.5 170 13.0384
424.5 197 14.0357
425.5 221 14.8661
426.5 208 14.4222
427.5 202 14.2127
428.5 192 13.8564
429.5 206 14.3527
430.5 164 12.8062
431.5 203 14.2478
432.5 177 13.3041
433.5 183 13.5277
434.5 163 12.7671
435.5 195 13.9642
436.5 192 13.8564
437.5 207 14.3875
438.5 217 14.7309
439.5 171 13.0767
440.5 190 13.784
441.5 184 13.5647
442.5 211 14.5258
443.5 203 14.2478
444.5 193 13.8924
445.5 172 13.1149
446.5 187 13.6748
447.5 205 14.3178
448.5 185 13.6015
449.5 195 13.9642
450.5 195 13.9642
451.5 222 14.8997
452.5 189 13.7477
453.5 202 14.2127
454.5 218 14.7648
455.5 216 14.6969
456.5 190 13.784
457.5 227 15.0665
458.5 222 14.8997
459.5 197 14.0357
460.5 205 14.3178
461.5 202 14.2127
462.5 181 13.4536
463.5 184 13.5647
464.5 207 14.3875
465.5 240 15.4919
466.5 216 14.6969
467.5 201 14.1774
468.5 221 14.8661
469.5 205 14.3178
470.5 221 14.8661
471.5 224 14.9666
472.5 209 14.4568
473.5 218 14.7648
474.5 217 14.7309
475.5 193 13.8924
476.5 213 14.5945
477.5 218 14.7648
478.5 188 13.7113
479.5 205 14.3178
480.5 186 13.6382
481.5 230 15.1658
482.5 185 13.6015
483.5 200 14.1421
484.5 219 14.7986
485.5 189 13.7477
486.5 232 15.2315
487.5 188 13.7113
488.5 216 14.6969
489.5 200 14.1421
490.5 222 14.8997
491.5 205 14.3178
492.5 220 14.8324
493.5 215 14.6629
494.5 219 14.7986
495.5 229 15.1327
496.5 213 14.5945
497.5 224 14.9666
498.5 240 15.4919
499.5 193 13.8924
500.5 218 14.7648
501.5 201 14.1774
502.5 231 15.1987
503.5 210 14.4914
504.5 223 14.9332
505.5 201 14.1774
506.5 219 14.7986
507.5 196 14
508.5 189 13.7477
509.5 250 15.8114
510.5 201 14.1774
511.5 181 13.4536
512.5 220 14.8324
513.5 224 14.9666
514.5 190 13.784
515.5 182 13.4907
516.5 232 15.2315
517.5 199 14.1067
518.5 196 14
519.5 214 14.6287
520.5 190 13.784
521.5 221 14.8661
522.5 223 14.9332
523.5 212 14.5602
524.5 206 14.3527
525.5 195 13.9642
526.5 188 13.7113
527.5 206 14.3527
528.5 233 15.2643
529.5 207 14.3875
530.5 203 14.2478
531.5 178 13.3417
532.5 216 14.6969
533.5 198 14.0712
534.5 225 15
535.5 205 14.3178
536.5 246 15.6844
537.5 203 14.2478
538.5 203 14.2478
539.5 207 14.3875
540.5 195 13.9642
541.5 196 14
542.5 196 14
543.5 217 14.7309
544.5 207 14.3875
545.5 211 14.5258
546.5 186 13.6382
547.5 220 14.8324
548.5 225 15
549.5 217 14.7309
550.5 221 14.8661
551.5 204 14.2829
552.5 208 14.4222
553.5 198 14.0712
554.5 205 14.3178
555.5 198 14.0712
556.5 219 14.7986
557.5 223 14.9332
558.5 204 14.2829
559.5 185 13.6015
560.5 216 14.6969
561.5 229 15.1327
562.5 228 15.0997
563.5 211 14.5258
564.5 239 15.4596
565.5 202 14.2127
566.5 195 13.9642
567.5 212 14.5602
568.5 220 14.8324
569.5 213 14.5945
570.5 199 14.1067
571.5 205 14.3178
572.5 203 14.2478
573.5 227 15.0665
574.5 238 15.4272
575.5 233 15.2643
576.5 195 13.9642
577.5 204 14.2829
578.5 216 14.6969
579.5 209 14.4568
580.5 186 13.6382
581.5 211 14.5258
582.5 202 14.2127
583.5 225 15
584.5 194 13.9284
585.5 216 14.6969
586.5 198 14.0712
587.5 219 14.7986
588.5 222 14.8997
589.5 240 15.4919
590.5 232 15.2315
591.5 229 15.1327
592.5 213 14.5945
593.5 215 14.6629
594.5 215 14.6629
595.5 209 14.4568
596.5 224 14.9666
597.5 210 14.4914
598.5 221 14.8661
599.5 224 14.9666
600.5 222 14.8997
601.5 201 14.1774
602.5 186 13.6382
603.5 209 14.4568
604.5 237 15.3948
605.5 214 14.6287
606.5 221 14.8661
607.5 239 15.4596
608.5 207 14.3875
609.5 230 15.1658
610.5 228 15.0997
611.5 183 13.5277
612.5 226 15.0333
613.5 213 14.5945
614.5 219 14.7986
615.5 204 14.2829
616.5 193 13.8924
617.5 221 14.8661
618.5 226 15.0333
619.5 213 14.5945
620.5 208 14.4222
621.5 223 14.9332
622.5 218 14.7648
623.5 229 15.1327
624.5 228 15.0997
625.5 211 14.5258
626.5 224 14.9666
627.5 234 15.2971
628.5 236 15.3623
629.5 248 15.748
630.5 195 13.9642
631.5 192 13.8564
632.5 201 14.1774
633.5 216 14.6969
634.5 219 14.7986
635.5 219 14.7986
636.5 199 14.1067
637.5 191 13.8203
638.5 214 14.6287
639.5 208 14.4222
640.5 240 15.4919
641.5 224 14.9666
642.5 199 14.1067
643.5 217 14.7309
644.5 216 14.6969
645.5 207 14.3875
646.5 197 14.0357
647.5 190 13.784
648.5 219 14.7986
649.5 208 14.4222
650.5 197 14.0357
651.5 182 13.4907
652.5 194 13.9284
653.5 199 14.1067
654.5 189 13.7477
655.5 208 14.4222
656.5 229 15.1327
657.5 211 14.5258
658.5 229 15.1327
659.5 199 14.1067
660.5 222 14.8997
661.5 215 14.6629
662.5 218 14.7648
663.5 212 14.5602
664.5 223 14.9332
665.5 208 14.4222
666.5 203 14.2478
667.5 202 14.2127
668.5 191 13.8203
669.5 212 14.5602
670.5 221 14.8661
671.5 239 15.4596
672.5 235 15.3297
673.5 215 14.6629
674.5 206 14.3527
675.5 176 13.2665
676.5 199 14.1067
677.5 227 15.0665
678.5 198 14.0712
679.5 230 15.1658
680.5 210 14.4914
681.5 205 14.3178
682.5 194 13.9284
683.5 213 14.5945
684.5 195 13.9642
685.5 176 13.2665
686.5 191 13.8203
687.5 169 13
688.5 189 13.7477
689.5 194 13.9284
690.5 180 13.4164
691.5 185 13.6015
692.5 184 13.5647
693.5 196 14
694.5 211 14.5258
695.5 176 13.2665
696.5 206 14.3527
697.5 190 13.784
698.5 197 14.0357
699.5 224 14.9666
700.5 178 13.3417
701.5 205 14.3178
702.5 175 13.2288
703.5 206 14.3527
704.5 204 14.2829
705.5 192 13.8564
706.5 204 14.2829
707.5 217 14.7309
708.5 205 14.3178
709.5 200 14.1421
710.5 200 14.1421
711.5 226 15.0333
712.5 186 13.6382
713.5 211 14.5258
714.5 182 13.4907
715.5 198 14.0712
716.5 189 13.7477
717.5 191 13.8203
718.5 189 13.7477
719.5 210 14.4914
720.5 181 13.4536
721.5 234 15.2971
722.5 176 13.2665
723.5 201 14.1774
724.5 189 13.7477
725.5 197 14.0357
726.5 188 13.7113
727.5 200 14.1421
728.5 175 13.2288
729.5 171 13.0767
730.5 195 13.9642
731.5 186 13.6382
732.5 187 13.6748
733.5 194 13.9284
734.5 208 14.4222
735.5 197 14.0357
736.5 198 14.0712
737.5 209 14.4568
738.5 171 13.0767
739.5 197 14.0357
740.5 197 14.0357
741.5 166 12.8841
742.5 223 14.9332
743.5 199 14.1067
744.5 167 12.9228
745.5 184 13.5647
746.5 196 14
747.5 209 14.4568
748.5 182 13.4907
749.5 183 13.5277
750.5 190 13.784
751.5 170 13.0384
752.5 224 14.9666
753.5 201 14.1774
754.5 177 13.3041
755.5 180 13.4164
756.5 177 13.3041
757.5 178 13.3417
758.5 174 13.1909
759.5 167 12.9228
760.5 172 13.1149
761.5 194 13.9284
762.5 181 13.4536
763.5 182 13.4907
764.5 189 13.7477
765.5 198 14.0712
766.5 191 13.8203
767.5 190 13.784
768.5 196 14
769.5 193 13.8924
770.5 192 13.8564
771.5 171 13.0767
772.5 201 14.1774
773.5 212 14.5602
774.5 199 14.1067
775.5 181 13.4536
776.5 172 13.1149
777.5 192 13.8564
778.5 176 13.2665
779.5 164 12.8062
780.5 180 13.4164
781.5 184 13.5647
782.5 191 13.8203
783.5 182 13.4907
784.5 164 12.8062
785.5 179 13.3791
786.5 198 14.0712
787.5 165 12.8452
788.5 166 12.8841
789.5 202 14.2127
790.5 188 13.7113
791.5 186 13.6382
792.5 180 13.4164
793.5 173 13.1529
794.5 183 13.5277
795.5 192 13.8564
796.5 191 13.8203
797.5 185 13.6015
798.5 169 13
799.5 178 13.3417
800.5 199 14.1067
801.5 157 12.53
802.5 186 13.6382
803.5 201 14.1774
804.5 185 13.6015
805.5 160 12.6491
806.5 183 13.5277
807.5 192 13.8564
808.5 179 13.3791
809.5 174 13.1909
810.5 175 13.2288
811.5 162 12.7279
812.5 179 13.3791
813.5 171 13.0767
814.5 188 13.7113
815.5 171 13.0767
816.5 188 13.7113
817.5 176 13.2665
818.5 176 13.2665
819.5 174 13.1909
820.5 160 12.6491
821.5 173 13.1529
822.5 158 12.5698
823.5 191 13.8203
824.5 199 14.1067
825.5 164 12.8062
826.5 178 13.3417
827.5 160 12.6491
828.5 154 12.4097
829.5 174 13.1909
830.5 186 13.6382
831.5 176 13.2665
832.5 166 12.8841
833.5 164 12.8062
834.5 165 12.8452
835.5 187 13.6748
836.5 172 13.1149
837.5 208 14.4222
838.5 173 13.1529
839.5 161 12.6886
840.5 160 12.6491
841.5 170 13.0384
842.5 174 13.1909
843.5 173 13.1529
844.5 181 13.4536
845.5 177 13.3041
846.5 168 12.9615
847.5 205 14.3178
848.5 182 13.4907
849.5 170 13.0384
850.5 173 13.1529
851.5 172 13.1149
852.5 178 13.3417
853.5 164 12.8062
854.5 169 13
855.5 181 13.4536
856.5 164 12.8062
857.5 168 12.9615
858.5 175 13.2288
859.5 179 13.3791
860.5 178 13.3417
861.5 177 13.3041
862.5 138 11.7473
863.5 176 13.2665
864.5 177 13.3041
865.5 174 13.1909
866.5 155 12.4499
867.5 175 13.2288
868.5 149 12.2066
869.5 173 13.1529
870.5 171 13.0767
871.5 164 12.8062
872.5 174 13.1909
873.5 162 12.7279
874.5 158 12.5698
875.5 164 12.8062
876.5 170 13.0384
877.5 156 12.49
878.5 179 13.3791
879.5 164 12.8062
880.5 165 12.8452
881.5 150 12.2474
882.5 172 13.1149
883.5 173 13.1529
884.5 160 12.6491
885.5 170 13.0384
886.5 158 12.5698
887.5 150 12.2474
888.5 134 11.5758
889.5 160 12.6491
890.5 173 13.1529
891.5 166 12.8841
892.5 156 12.49
893.5 183 13.5277
894.5 165 12.8452
895.5 153 12.3693
896.5 155 12.4499
897.5 148 12.1655
898.5 168 12.9615
899.5 158 12.5698
900.5 155 12.4499
901.5 171 13.0767
902.5 148 12.1655
903.5 152 12.3288
904.5 168 12.9615
905.5 175 13.2288
906.5 159 12.6095
907.5 160 12.6491
908.5 170 13.0384
909.5 154 12.4097
910.5 160 12.6491
911.5 177 13.3041
912.5 182 13.4907
913.5 159 12.6095
914.5 144 12
915.5 184 13.5647
916.5 157 12.53
917.5 185 13.6015
918.5 143 11.9583
919.5 164 12.8062
920.5 178 13.3417
921.5 169 13
922.5 159 12.6095
923.5 167 12.9228
924.5 160 12.6491
925.5 169 13
926.5 145 12.0416
927.5 186 13.6382
928.5 163 12.7671
929.5 151 12.2882
930.5 188 13.7113
931.5 169 13
932.5 172 13.1149
933.5 180 13.4164
934.5 156 12.49
935.5 175 13.2288
936.5 171 13.0767
937.5 141 11.8743
938.5 180 13.4164
939.5 155 12.4499
940.5 139 11.7898
941.5 141 11.8743
942.5 174 13.1909
943.5 160 12.6491
944.5 137 11.7047
945.5 162 12.7279
946.5 162 12.7279
947.5 145 12.0416
948.5 156 12.49
949.5 160 12.6491
950.5 165 12.8452
951.5 160 12.6491
952.5 167 12.9228
953.5 169 13
954.5 164 12.8062
955.5 176 13.2665
956.5 179 13.3791
957.5 179 13.3791
958.5 169 13
959.5 170 13.0384
960.5 145 12.0416
961.5 147 12.1244
962.5 149 12.2066
963.5 184 13.5647
964.5 157 12.53
965.5 169 13
966.5 176 13.2665
967.5 179 13.3791
968.5 177 13.3041
969.5 141 11.8743
970.5 171 13.0767
971.5 161 12.6886
972.5 157 12.53
973.5 157 12.53
974.5 169 13
975.5 134 11.5758
976.5 175 13.2288
977.5 136 11.6619
978.5 166 12.8841
979.5 199 14.1067
980.5 180 13.4164
981.5 173 13.1529
982.5 173 13.1529
983.5 138 11.7473
984.5 145 12.0416
985.5 169 13
986.5 160 12.6491
987.5 149 12.2066
988.5 177 13.3041
989.5 155 12.4499
990.5 185 13.6015
991.5 160 12.6491
992.5 181 13.4536
993.5 177 13.3041
994.5 157 12.53
995.5 166 12.8841
996.5 152 12.3288
997.5 162 12.7279
998.5 174 13.1909
999.5 172 13.1149
1000.5 165 12.8452
1001.5 180 13.4164
1002.5 149 12.2066
1003.5 151 12.2882
1004.5 171 13.0767
1005.5 129 11.3578
1006.5 162 12.7279
1007.5 152 12.3288
1008.5 179 13.3791
1009.5 165 12.8452
1010.5 158 12.5698
1011.5 160 12.6491
1012.5 150 12.2474
1013.5 162 12.7279
1014.5 141 11.8743
1015.5 164 12.8062
1016.5 131 11.4455
1017.5 149 12.2066
1018.5 140 11.8322
1019.5 155 12.4499
1020.5 173 13.1529
1021.5 136 11.6619
1022.5 160 12.6491
1023.5 144 12
1024.5 159 12.6095
1025.5 147 12.1244
1026.5 141 11.8743
1027.5 154 12.4097
1028.5 162 12.7279
1029.5 152 12.3288
1030.5 150 12.2474
1031.5 152 12.3288
1032.5 177 13.3041
1033.5 140 11.8322
1034.5 151 12.2882
1035.5 153 12.3693
1036.5 155 12.4499
1037.5 167 12.9228
1038.5 168 12.9615
1039.5 145 12.0416
1040.5 142 11.9164
1041.5 133 11.5326
1042.5 162 12.7279
1043.5 164 12.8062
1044.5 157 12.53
1045.5 143 11.9583
1046.5 136 11.6619
1047.5 179 13.3791
1048.5 151 12.2882
1049.5 139 11.7898
1050.5 165 12.8452
1051.5 171 13.0767
1052.5 160 12.6491
1053.5 159 12.6095
1054.5 152 12.3288
1055.5 149 12.2066
1056.5 149 12.2066
1057.5 132 11.4891
1058.5 141 11.8743
1059.5 134 11.5758
1060.5 146 12.083
1061.5 143 11.9583
1062.5 141 11.8743
1063.5 138 11.7473
1064.5 145 12.0416
1065.5 146 12.083
1066.5 149 12.2066
1067.5 175 13.2288
1068.5 155 12.4499
1069.5 153 12.3693
1070.5 147 12.1244
1071.5 131 11.4455
1072.5 143 11.9583
1073.5 117 10.8167
1074.5 145 12.0416
1075.5 154 12.4097
1076.5 112 10.583
1077.5 138 11.7473
1078.5 149 12.2066
1079.5 139 11.7898
1080.5 122 11.0454
1081.5 118 10.8628
1082.5 153 12.3693
1083.5 147 12.1244
1084.5 126 11.225
1085.5 154 12.4097
1086.5 144 12
1087.5 135 11.619
1088.5 121 11
1089.5 127 11.2694
1090.5 121 11
1091.5 131 11.4455
1092.5 132 11.4891
1093.5 141 11.8743
1094.5 126 11.225
1095.5 123 11.0905
1096.5 118 10.8628
1097.5 143 11.9583
1098.5 149 12.2066
1099.5 122 11.0454
1100.5 151 12.2882
1101.5 121 11
1102.5 139 11.7898
1103.5 123 11.0905
1104.5 143 11.9583
1105.5 135 11.619
1106.5 124 11.1355
1107.5 151 12.2882
1108.5 142 11.9164
1109.5 130 11.4018
1110.5 134 11.5758
1111.5 122 11.0454
1112.5 155 12.4499
1113.5 130 11.4018
1114.5 120 10.9545
1115.5 140 11.8322
1116.5 129 11.3578
1117.5 138 11.7473
1118.5 143 11.9583
1119.5 151 12.2882
1120.5 149 12.2066
1121.5 126 11.225
1122.5 122 11.0454
1123.5 137 11.7047
1124.5 137 11.7047
1125.5 125 11.1803
1126.5 125 11.1803
1127.5 124 11.1355
1128.5 119 10.9087
1129.5 114 10.6771
1130.5 129 11.3578
1131.5 128 11.3137
1132.5 120 10.9545
1133.5 119 10.9087
1134.5 138 11.7473
1135.5 146 12.083
1136.5 147 12.1244
1137.5 113 10.6301
1138.5 121 11
1139.5 117 10.8167
1140.5 122 11.0454
1141.5 143 11.9583
1142.5 123 11.0905
1143.5 125 11.1803
1144.5 123 11.0905
1145.5 115 10.7238
1146.5 140 11.8322
1147.5 114 10.6771
1148.5 111 10.5357
1149.5 154 12.4097
1150.5 118 10.8628
1151.5 121 11
1152.5 131 11.4455
1153.5 143 11.9583
1154.5 147 12.1244
1155.5 135 11.619
1156.5 131 11.4455
1157.5 135 11.619
1158.5 138 11.7473
1159.5 114 10.6771
1160.5 129 11.3578
1161.5 124 11.1355
1162.5 112 10.583
1163.5 132 11.4891
1164.5 120 10.9545
1165.5 109 10.4403
1166.5 122 11.0454
1167.5 127 11.2694
1168.5 147 12.1244
1169.5 113 10.6301
1170.5 117 10.8167
1171.5 131 11.4455
1172.5 129 11.3578
1173.5 125 11.1803
1174.5 119 10.9087
1175.5 117 10.8167
1176.5 114 10.6771
1177.5 115 10.7238
1178.5 109 10.4403
1179.5 132 11.4891
1180.5 128 11.3137
1181.5 153 12.3693
1182.5 131 11.4455
1183.5 108 10.3923
1184.5 108 10.3923
1185.5 98 9.89949
1186.5 133 11.5326
1187.5 126 11.225
1188.5 125 11.1803
1189.5 114 10.6771
1190.5 117 10.8167
1191.5 101 10.0499
1192.5 108 10.3923
1193.5 115 10.7238
1194.5 113 10.6301
1195.5 108 10.3923
1196.5 125 11.1803
1197.5 109 10.4403
1198.5 108 10.3923
1199.5 122 11.0454
1200.5 120 10.9545
1201.5 119 10.9087
1202.5 113 10.6301
1203.5 111 10.5357
1204.5 117 10.8167
1205.5 120 10.9545
1206.5 119 10.9087
1207.5 144 12
1208.5 103 10.1489
1209.5 127 11.2694
1210.5 94 9.69536
1211.5 109 10.4403
1212.5 126 11.225
1213.5 122 11.0454
1214.5 118 10.8628
1215.5 113 10.6301
1216.5 107 10.3441
1217.5 123 11.0905
1218.5 131 11.4455
1219.5 109 10.4403
1220.5 106 10.2956
1221.5 109 10.4403
1222.5 128 11.3137
1223.5 122 11.0454
1224.5 121 11
1225.5 116 10.7703
1226.5 122 11.0454
1227.5 117 10.8167
1228.5 105 10.247
1229.5 120 10.9545
1230.5 112 10.583
1231.5 133 11.5326
1232.5 147 12.1244
1233.5 87 9.32738
1234.5 128 11.3137
1235.5 114 10.6771
1236.5 95 9.74679
1237.5 105 10.247
1238.5 127 11.2694
1239.5 115 10.7238
1240.5 113 10.6301
1241.5 122 11.0454
1242.5 118 10.8628
1243.5 120 10.9545
1244.5 123 11.0905
1245.5 93 9.64365
1246.5 109 10.4403
1247.5 127 11.2694
1248.5 119 10.9087
1249.5 107 10.3441
1250.5 104 10.198
1251.5 116 10.7703
1252.5 120 10.9545
1253.5 108 10.3923
1254.5 95 9.74679
1255.5 134 11.5758
1256.5 123 11.0905
1257.5 104 10.198
1258.5 105 10.247
1259.5 120 10.9545
1260.5 106 10.2956
1261.5 138 11.7473
1262.5 123 11.0905
1263.5 112 10.583
1264.5 109 10.4403
1265.5 109 10.4403
1266.5 101 10.0499
1267.5 118 10.8628
1268.5 98 9.89949
1269.5 123 11.0905
1270.5 115 10.7238
1271.5 106 10.2956
1272.5 126 11.225
1273.5 140 11.8322
1274.5 110 10.4881
1275.5 114 10.6771
1276.5 121 11
1277.5 101 10.0499
1278.5 104 10.198
1279.5 125 11.1803
1280.5 102 10.0995
1281.5 122 11.0454
1282.5 129 11.3578
1283.5 112 10.583
1284.5 105 10.247
1285.5 119 10.9087
1286.5 109 10.4403
1287.5 108 10.3923
1288.5 131 11.4455
1289.5 117 10.8167
1290.5 116 10.7703
1291.5 115 10.7238
1292.5 119 10.9087
1293.5 92 9.59166
1294.5 115 10.7238
1295.5 106 10.2956
1296.5 111 10.5357
1297.5 99 9.94987
1298.5 88 9.38083
1299.5 89 9.43398
1300.5 119 10.9087
1301.5 103 10.1489
1302.5 102 10.0995
1303.5 94 9.69536
1304.5 103 10.1489
1305.5 122 11.0454
1306.5 88 9.38083
1307.5 113 10.6301
1308.5 95 9.74679
1309.5 107 10.3441
1310.5 114 10.6771
1311.5 108 10.3923
1312.5 104 10.198
1313.5 117 10.8167
1314.5 112 10.583
1315.5 108 10.3923
1316.5 94 9.69536
1317.5 94 9.69536
1318.5 106 10.2956
1319.5 89 9.43398
1320.5 95 9.74679
1321.5 94 9.69536
1322.5 90 9.48683
1323.5 111 10.5357
1324.5 99 9.94987
1325.5 101 10.0499
1326.5 99 9.94987
1327.5 116 10.7703
1328.5 100 10
1329.5 87 9.32738
1330.5 98 9.89949
1331.5 85 9.21954
1332.5 91 9.53939
1333.5 114 10.6771
1334.5 116 10.7703
1335.5 106 10.2956
1336.5 124 11.1355
1337.5 97 9.84886
1338.5 99 9.94987
1339.5 104 10.198
1340.5 105 10.247
1341.5 107 10.3441
1342.5 95 9.74679
1343.5 95 9.74679
1344.5 82 9.05539
1345.5 81 9
1346.5 97 9.84886
1347.5 101 10.0499
1348.5 99 9.94987
1349.5 86 9.27362
1350.5 117 10.8167
1351.5 101 10.0499
1352.5 108 10.3923
1353.5 104 10.198
1354.5 102 10.0995
1355.5 109 10.4403
1356.5 95 9.74679
1357.5 97 9.84886
1358.5 93 9.64365
1359.5 96 9.79796
1360.5 93 9.64365
1361.5 94 9.69536
1362.5 106 10.2956
1363.5 100 10
1364.5 91 9.53939
1365.5 105 10.247
1366.5 104 10.198
1367.5 101 10.0499
1368.5 109 10.4403
1369.5 110 10.4881
1370.5 95 9.74679
1371.5 102 10.0995
1372.5 95 9.74679
1373.5 112 10.583
1374.5 80 8.94427
1375.5 106 10.2956
1376.5 90 9.48683
1377.5 108 10.3923
1378.5 78 8.83176
1379.5 106 10.2956
1380.5 104 10.198
1381.5 100 10
1382.5 117 10.8167
1383.5 97 9.84886
1384.5 91 9.53939
1385.5 93 9.64365
1386.5 84 9.16515
1387.5 89 9.43398
1388.5 98 9.89949
1389.5 87 9.32738
1390.5 89 9.43398
1391.5 106 10.2956
1392.5 84 9.16515
1393.5 107 10.3441
1394.5 105 10.247
1395.5 96 9.79796
1396.5 79 8.88819
1397.5 88 9.38083
1398.5 96 9.79796
1399.5 91 9.53939
1400.5 81 9
1401.5 115 10.7238
1402.5 86 9.27362
1403.5 130 11.4018
1404.5 96 9.79796
1405.5 92 9.59166
1406.5 99 9.94987
1407.5 84 9.16515
1408.5 102 10.0995
1409.5 99 9.94987
1410.5 75 8.66025
1411.5 84 9.16515
1412.5 89 9.43398
1413.5 102 10.0995
1414.5 86 9.27362
1415.5 96 9.79796
1416.5 101 10.0499
1417.5 91 9.53939
1418.5 111 10.5357
1419.5 94 9.69536
1420.5 82 9.05539
1421.5 86 9.27362
1422.5 103 10.1489
1423.5 105 10.247
1424.5 90 9.48683
1425.5 95 9.74679
1426.5 98 9.89949
1427.5 86 9.27362
1428.5 93 9.64365
1429.5 97 9.84886
1430.5 87 9.32738
1431.5 87 9.32738
1432.5 93 9.64365
1433.5 105 10.247
1434.5 66 8.12404
1435.5 88 9.38083
1436.5 98 9.89949
1437.5 81 9
1438.5 101 10.0499
1439.5 81 9
1440.5 90 9.48683
1441.5 88 9.38083
1442.5 84 9.16515
1443.5 83 9.11043
1444.5 108 10.3923
1445.5 89 9.43398
1446.5 67 8.18535
1447.5 74 8.60233
1448.5 97 9.84886
1449.5 84 9.16515
1450.5 81 9
1451.5 78 8.83176
1452.5 92 9.59166
1453.5 93 9.64365
1454.5 77 8.77496
1455.5 86 9.27362
1456.5 113 10.6301
1457.5 91 9.53939
1458.5 72 8.48528
1459.5 86 9.27362
1460.5 92 9.59166
1461.5 69 8.30662
1462.5 110 10.4881
1463.5 91 9.53939
1464.5 86 9.27362
1465.5 98 9.89949
1466.5 84 9.16515
1467.5 103 10.1489
1468.5 84 9.16515
1469.5 93 9.64365
1470.5 101 10.0499
1471.5 73 8.544
1472.5 71 8.42615
1473.5 80 8.94427
1474.5 81 9
1475.5 88 9.38083
1476.5 82 9.05539
1477.5 80 8.94427
1478.5 86 9.27362
1479.5 90 9.48683
1480.5 77 8.77496
1481.5 80 8.94427
1482.5 118 10.8628
1483.5 75 8.66025
1484.5 91 9.53939
1485.5 85 9.21954
1486.5 95 9.74679
1487.5 78 8.83176
1488.5 90 9.48683
1489.5 85 9.21954
1490.5 87 9.32738
1491.5 94 9.69536
1492.5 80 8.94427
1493.5 70 8.3666
1494.5 87 9.32738
1495.5 82 9.05539
1496.5 87 9.32738
1497.5 98 9.89949
1498.5 88 9.38083
1499.5 86 9.27362
1500.5 106 10.2956
1501.5 97 9.84886
1502.5 81 9
1503.5 82 9.05539
1504.5 83 9.11043
1505.5 99 9.94987
1506.5 75 8.66025
1507.5 86 9.27362
1508.5 79 8.88819
1509.5 94 9.69536
1510.5 97 9.84886
1511.5 104 10.198
1512.5 71 8.42615
1513.5 78 8.83176
1514.5 63 7.93725
1515.5 95 9.74679
1516.5 92 9.59166
1517.5 78 8.83176
1518.5 76 8.7178
1519.5 77 8.77496
1520.5 80 8.94427
1521.5 75 8.66025
1522.5 74 8.60233
1523.5 95 9.74679
1524.5 87 9.32738
1525.5 76 8.7178
1526.5 100 10
1527.5 80 8.94427
1528.5 75 8.66025
1529.5 76 8.7178
1530.5 86 9.27362
1531.5 67 8.18535
1532.5 75 8.66025
1533.5 82 9.05539
1534.5 88 9.38083
1535.5 79 8.88819
1536.5 108 10.3923
1537.5 79 8.88819
1538.5 70 8.3666
1539.5 74 8.60233
1540.5 64 8
1541.5 85 9.21954
1542.5 82 9.05539
1543.5 88 9.38083
1544.5 101 10.0499
1545.5 82 9.05539
1546.5 69 8.30662
1547.5 85 9.21954
1548.5 78 8.83176
1549.5 76 8.7178
1550.5 83 9.11043
1551.5 78 8.83176
1552.5 75 8.66025
1553.5 86 9.27362
1554.5 90 9.48683
1555.5 82 9.05539
1556.5 76 8.7178
1557.5 82 9.05539
1558.5 91 9.53939
1559.5 71 8.42615
1560.5 78 8.83176
1561.5 86 9.27362
1562.5 91 9.53939
1563.5 94 9.69536
1564.5 84 9.16515
1565.5 91 9.53939
1566.5 82 9.05539
1567.5 76 8.7178
1568.5 87 9.32738
1569.5 91 9.53939
1570.5 80 8.94427
1571.5 83 9.11043
1572.5 89 9.43398
1573.5 76 8.7178
1574.5 98 9.89949
1575.5 99 9.94987
1576.5 89 9.43398
1577.5 74 8.60233
1578.5 94 9.69536
1579.5 78 8.83176
1580.5 84 9.16515
1581.5 96 9.79796
1582.5 73 8.544
1583.5 95 9.74679
1584.5 89 9.43398
1585.5 78 8.83176
1586.5 71 8.42615
1587.5 75 8.66025
1588.5 73 8.544
1589.5 82 9.05539
1590.5 76 8.7178
1591.5 84 9.16515
1592.5 83 9.11043
1593.5 76 8.7178
1594.5 109 10.4403
1595.5 89 9.43398
1596.5 89 9.43398
1597.5 74 8.60233
1598.5 71 8.42615
1599.5 82 9.05539
1600.5 78 8.83176
1601.5 83 9.11043
1602.5 87 9.32738
1603.5 78 8.83176
1604.5 74 8.60233
1605.5 74 8.60233
1606.5 65 8.06226
1607.5 91 9.53939
1608.5 89 9.43398
1609.5 83 9.11043
1610.5 92 9.59166
1611.5 93 9.64365
1612.5 81 9
1613.5 68 8.24621
1614.5 92 9.59166
1615.5 79 8.88819
1616.5 89 9.43398
1617.5 85 9.21954
1618.5 61 7.81025
1619.5 79 8.88819
1620.5 87 9.32738
1621.5 70 8.3666
1622.5 83 9.11043
1623.5 73 8.544
1624.5 76 8.7178
1625.5 84 9.16515
1626.5 74 8.60233
1627.5 75 8.66025
1628.5 78 8.83176
1629.5 63 7.93725
1630.5 72 8.48528
1631.5 77 8.77496
1632.5 76 8.7178
1633.5 82 9.05539
1634.5 79 8.88819
1635.5 100 10
1636.5 87 9.32738
1637.5 84 9.16515
1638.5 73 8.544
1639.5 87 9.32738
1640.5 77 8.77496
1641.5 58 7.61577
1642.5 76 8.7178
1643.5 72 8.48528
1644.5 79 8.88819
1645.5 78 8.83176
1646.5 76 8.7178
1647.5 89 9.43398
1648.5 78 8.83176
1649.5 90 9.48683
1650.5 74 8.60233
1651.5 89 9.43398
1652.5 79 8.88819
1653.5 79 8.88819
1654.5 72 8.48528
1655.5 60 7.74597
1656.5 82 9.05539
1657.5 78 8.83176
1658.5 92 9.59166
1659.5 76 8.7178
1660.5 77 8.77496
1661.5 86 9.27362
1662.5 74 8.60233
1663.5 69 8.30662
1664.5 70 8.3666
1665.5 79 8.88819
1666.5 73 8.544
1667.5 69 8.30662
1668.5 80 8.94427
1669.5 83 9.11043
1670.5 88 9.38083
1671.5 65 8.06226
1672.5 83 9.11043
1673.5 80 8.94427
1674.5 82 9.05539
1675.5 72 8.48528
1676.5 96 9.79796
1677.5 82 9.05539
1678.5 79 8.88819
1679.5 68 8.24621
1680.5 80 8.94427
1681.5 87 9.32738
1682.5 85 9.21954
1683.5 72 8.48528
1684.5 77 8.77496
1685.5 80 8.94427
1686.5 70 8.3666
1687.5 78 8.83176
1688.5 79 8.88819
1689.5 73 8.544
1690.5 64 8
1691.5 72 8.48528
1692.5 85 9.21954
1693.5 70 8.3666
1694.5 85 9.21954
1695.5 78 8.83176
1696.5 71 8.42615
1697.5 82 9.05539
1698.5 74 8.60233
1699.5 84 9.16515
1700.5 94 9.69536
1701.5 64 8
1702.5 81 9
1703.5 77 8.77496
1704.5 68 8.24621
1705.5 76 8.7178
1706.5 75 8.66025
1707.5 80 8.94427
1708.5 64 8
1709.5 68 8.24621
1710.5 61 7.81025
1711.5 72 8.48528
1712.5 71 8.42615
1713.5 65 8.06226
1714.5 56 7.48331
1715.5 77 8.77496
1716.5 63 7.93725
1717.5 78 8.83176
1718.5 69 8.30662
1719.5 77 8.77496
1720.5 66 8.12404
1721.5 85 9.21954
1722.5 72 8.48528
1723.5 76 8.7178
1724.5 79 8.88819
1725.5 71 8.42615
1726.5 82 9.05539
1727.5 101 10.0499
1728.5 68 8.24621
1729.5 81 9
1730.5 73 8.544
1731.5 76 8.7178
1732.5 70 8.3666
1733.5 73 8.544
1734.5 73 8.544
1735.5 73 8.544
1736.5 67 8.18535
1737.5 71 8.42615
1738.5 75 8.66025
1739.5 93 9.64365
1740.5 74 8.60233
1741.5 72 8.48528
1742.5 98 9.89949
1743.5 79 8.88819
1744.5 70 8.3666
1745.5 78 8.83176
1746.5 75 8.66025
1747.5 79 8.88819
1748.5 74 8.60233
1749.5 71 8.42615
1750.5 63 7.93725
1751.5 78 8.83176
1752.5 74 8.60233
1753.5 77 8.77496
1754.5 59 7.68115
1755.5 62 7.87401
1756.5 94 9.69536
1757.5 62 7.87401
1758.5 71 8.42615
1759.5 67 8.18535
1760.5 86 9.27362
1761.5 67 8.18535
1762.5 66 8.12404
1763.5 83 9.11043
1764.5 73 8.544
1765.5 75 8.66025
1766.5 77 8.77496
1767.5 80 8.94427
1768.5 89 9.43398
1769.5 77 8.77496
1770.5 71 8.42615
1771.5 71 8.42615
1772.5 74 8.60233
1773.5 61 7.81025
1774.5 68 8.24621
1775.5 71 8.42615
1776.5 76 8.7178
1777.5 82 9.05539
1778.5 73 8.544
1779.5 79 8.88819
1780.5 82 9.05539
1781.5 92 9.59166
1782.5 84 9.16515
1783.5 79 8.88819
1784.5 60 7.74597
1785.5 60 7.74597
1786.5 88 9.38083
1787.5 66 8.12404
1788.5 66 8.12404
1789.5 53 7.28011
1790.5 65 8.06226
1791.5 63 7.93725
1792.5 70 8.3666
1793.5 69 8.30662
1794.5 58 7.61577
1795.5 78 8.83176
1796.5 84 9.16515
1797.5 66 8.12404
1798.5 76 8.7178
1799.5 76 8.7178
1800.5 64 8
1801.5 68 8.24621
1802.5 72 8.48528
1803.5 73 8.544
1804.5 61 7.81025
1805.5 63 7.93725
1806.5 75 8.66025
1807.5 72 8.48528
1808.5 77 8.77496
1809.5 77 8.77496
1810.5 63 7.93725
1811.5 67 8.18535
1812.5 64 8
1813.5 68 8.24621
1814.5 65 8.06226
1815.5 78 8.83176
1816.5 71 8.42615
1817.5 67 8.18535
1818.5 84 9.16515
1819.5 61 7.81025
1820.5 75 8.66025
1821.5 80 8.94427
1822.5 77 8.77496
1823.5 79 8.88819
1824.5 82 9.05539
1825.5 68 8.24621
1826.5 67 8.18535
1827.5 68 8.24621
1828.5 73 8.544
1829.5 72 8.48528
1830.5 64 8
1831.5 79 8.88819
1832.5 80 8.94427
1833.5 68 8.24621
1834.5 74 8.60233
1835.5 76 8.7178
1836.5 86 9.27362
1837.5 71 8.42615
1838.5 61 7.81025
1839.5 59 7.68115
1840.5 67 8.18535
1841.5 79 8.88819
1842.5 69 8.30662
1843.5 65 8.06226
1844.5 89 9.43398
1845.5 83 9.11043
1846.5 74 8.60233
1847.5 68 8.24621
1848.5 77 8.77496
1849.5 74 8.60233
1850.5 74 8.60233
1851.5 74 8.60233
1852.5 74 8.60233
1853.5 68 8.24621
1854.5 79 8.88819
1855.5 80 8.94427
1856.5 87 9.32738
1857.5 66 8.12404
1858.5 69 8.30662
1859.5 57 7.54983
1860.5 63 7.93725
1861.5 73 8.544
1862.5 60 7.74597
1863.5 71 8.42615
1864.5 68 8.24621
1865.5 77 8.77496
1866.5 73 8.544
1867.5 67 8.18535
1868.5 61 7.81025
1869.5 87 9.32738
1870.5 80 8.94427
1871.5 84 9.16515
1872.5 79 8.88819
1873.5 91 9.53939
1874.5 92 9.59166
1875.5 84 9.16515
1876.5 93 9.64365
1877.5 100 10
1878.5 78 8.83176
1879.5 65 8.06226
1880.5 83 9.11043
1881.5 78 8.83176
1882.5 76 8.7178
1883.5 73 8.544
1884.5 76 8.7178
1885.5 80 8.94427
1886.5 77 8.77496
1887.5 75 8.66025
1888.5 76 8.7178
1889.5 78 8.83176
1890.5 94 9.69536
1891.5 64 8
1892.5 68 8.24621
1893.5 79 8.88819
1894.5 75 8.66025
1895.5 75 8.66025
1896.5 78 8.83176
1897.5 66 8.12404
1898.5 65 8.06226
1899.5 59 7.68115
1900.5 77 8.77496
1901.5 64 8
1902.5 85 9.21954
1903.5 71 8.42615
1904.5 81 9
1905.5 76 8.7178
1906.5 60 7.74597
1907.5 69 8.30662
1908.5 65 8.06226
1909.5 59 7.68115
1910.5 84 9.16515
1911.5 51 7.14143
1912.5 71 8.42615
1913.5 69 8.30662
1914.5 85 9.21954
1915.5 67 8.18535
1916.5 87 9.32738
1917.5 72 8.48528
1918.5 72 8.48528
1919.5 59 7.68115
1920.5 75 8.66025
1921.5 69 8.30662
1922.5 58 7.61577
1923.5 69 8.30662
1924.5 87 9.32738
1925.5 68 8.24621
1926.5 78 8.83176
1927.5 52 7.2111
1928.5 64 8
1929.5 74 8.60233
1930.5 84 9.16515
1931.5 76 8.7178
1932.5 71 8.42615
1933.5 75 8.66025
1934.5 73 8.544
1935.5 66 8.12404
1936.5 61 7.81025
1937.5 79 8.88819
1938.5 76 8.7178
1939.5 72 8.48528
1940.5 83 9.11043
1941.5 66 8.12404
1942.5 83 9.11043
1943.5 72 8.48528
1944.5 63 7.93725
1945.5 72 8.48528
1946.5 66 8.12404
1947.5 55 7.4162
1948.5 61 7.81025
1949.5 62 7.87401
1950.5 60 7.74597
1951.5 74 8.60233
1952.5 93 9.64365
1953.5 72 8.48528
1954.5 76 8.7178
1955.5 85 9.21954
1956.5 68 8.24621
1957.5 70 8.3666
1958.5 70 8.3666
1959.5 70 8.3666
1960.5 71 8.42615
1961.5 82 9.05539
1962.5 72 8.48528
1963.5 71 8.42615
1964.5 71 8.42615
1965.5 79 8.88819
1966.5 75 8.66025
1967.5 90 9.48683
1968.5 78 8.83176
1969.5 78 8.83176
1970.5 60 7.74597
1971.5 82 9.05539
1972.5 68 8.24621
1973.5 81 9
1974.5 67 8.18535
1975.5 75 8.66025
1976.5 68 8.24621
1977.5 68 8.24621
1978.5 83 9.11043
1979.5 74 8.60233
1980.5 82 9.05539
1981.5 65 8.06226
1982.5 86 9.27362
1983.5 74 8.60233
1984.5 67 8.18535
1985.5 70 8.3666
1986.5 69 8.30662
1987.5 63 7.93725
1988.5 72 8.48528
1989.5 80 8.94427
1990.5 66 8.12404
1991.5 77 8.77496
1992.5 72 8.48528
1993.5 75 8.66025
1994.5 76 8.7178
1995.5 81 9
1996.5 62 7.87401
1997.5 83 9.11043
1998.5 87 9.32738
1999.5 78 8.83176
2000.5 77 8.77496
2001.5 77 8.77496
2002.5 68 8.24621
2003.5 69 8.30662
2004.5 76 8.7178
2005.5 87 9.32738
2006.5 75 8.66025
2007.5 80 8.94427
2008.5 80 8.94427
2009.5 81 9
2010.5 82 9.05539
2011.5 55 7.4162
2012.5 68 8.24621
2013.5 77 8.77496
2014.5 81 9
2015.5 81 9
2016.5 82 9.05539
2017.5 76 8.7178
2018.5 67 8.18535
2019.5 64 8
2020.5 72 8.48528
2021.5 84 9.16515
2022.5 57 7.54983
2023.5 69 8.30662
2024.5 74 8.60233
2025.5 68 8.24621
2026.5 85 9.21954
2027.5 66 8.12404
2028.5 73 8.544
2029.5 67 8.18535
2030.5 80 8.94427
2031.5 73 8.544
2032.5 58 7.61577
2033.5 75 8.66025
2034.5 67 8.18535
2035.5 63 7.93725
2036.5 56 7.48331
2037.5 61 7.81025
2038.5 77 8.77496
2039.5 81 9
2040.5 68 8.24621
2041.5 71 8.42615
2042.5 80 8.94427
2043.5 86 9.27362
2044.5 67 8.18535
2045.5 76 8.7178
2046.5 76 8.7178
2047.5 72 8.48528
2048.5 76 8.7178
2049.5 67 8.18535
2050.5 69 8.30662
2051.5 54 7.34847
2052.5 80 8.94427
2053.5 56 7.48331
2054.5 58 7.61577
2055.5 70 8.3666
2056.5 76 8.7178
2057.5 70 8.3666
2058.5 80 8.94427
2059.5 87 9.32738
2060.5 66 8.12404
2061.5 71 8.42615
2062.5 78 8.83176
2063.5 85 9.21954
2064.5 69 8.30662
2065.5 84 9.16515
2066.5 78 8.83176
2067.5 75 8.66025
2068.5 72 8.48528
2069.5 67 8.18535
2070.5 60 7.74597
2071.5 84 9.16515
2072.5 73 8.544
2073.5 84 9.16515
2074.5 67 8.18535
2075.5 85 9.21954
2076.5 62 7.87401
2077.5 81 9
2078.5 64 8
2079.5 61 7.81025
2080.5 88 9.38083
2081.5 71 8.42615
2082.5 66 8.12404
2083.5 65 8.06226
2084.5 76 8.7178
2085.5 71 8.42615
2086.5 68 8.24621
2087.5 64 8
2088.5 67 8.18535
2089.5 73 8.544
2090.5 79 8.88819
2091.5 79 8.88819
2092.5 79 8.88819
2093.5 63 7.93725
2094.5 82 9.05539
2095.5 56 7.48331
2096.5 72 8.48528
2097.5 67 8.18535
2098.5 83 9.11043
2099.5 61 7.81025
2100.5 79 8.88819
2101.5 62 7.87401
2102.5 73 8.544
2103.5 72 8.48528
2104.5 68 8.24621
2105.5 86 9.27362
2106.5 73 8.544
2107.5 63 7.93725
2108.5 50 7.07107
2109.5 78 8.83176
2110.5 68 8.24621
2111.5 67 8.18535
2112.5 76 8.7178
2113.5 57 7.54983
2114.5 62 7.87401
2115.5 79 8.88819
2116.5 59 7.68115
2117.5 80 8.94427
2118.5 75 8.66025
2119.5 65 8.06226
2120.5 69 8.30662
2121.5 55 7.4162
2122.5 67 8.18535
2123.5 62 7.87401
2124.5 57 7.54983
2125.5 70 8.3666
2126.5 62 7.87401
2127.5 61 7.81025
2128.5 78 8.83176
2129.5 51 7.14143
2130.5 62 7.87401
2131.5 66 8.12404
2132.5 57 7.54983
2133.5 64 8
2134.5 70 8.3666
2135.5 82 9.05539
2136.5 60 7.74597
2137.5 75 8.66025
2138.5 69 8.30662
2139.5 78 8.83176
2140.5 69 8.30662
2141.5 73 8.544
2142.5 52 7.2111
2143.5 78 8.83176
2144.5 74 8.60233
2145.5 63 7.93725
2146.5 62 7.87401
2147.5 61 7.81025
2148.5 55 7.4162
2149.5 74 8.60233
2150.5 84 9.16515
2151.5 56 7.48331
2152.5 59 7.68115
2153.5 59 7.68115
2154.5 79 8.88819
2155.5 87 9.32738
2156.5 81 9
2157.5 70 8.3666
2158.5 63 7.93725
2159.5 60 7.74597
2160.5 64 8
2161.5 59 7.68115
2162.5 79 8.88819
2163.5 54 7.34847
2164.5 64 8
2165.5 68 8.24621
2166.5 55 7.4162
2167.5 68 8.24621
2168.5 76 8.7178
2169.5 76 8.7178
2170.5 65 8.06226
2171.5 69 8.30662
2172.5 75 8.66025
2173.5 55 7.4162
2174.5 62 7.87401
2175.5 66 8.12404
2176.5 51 7.14143
2177.5 61 7.81025
2178.5 57 7.54983
2179.5 71 8.42615
2180.5 64 8
2181.5 62 7.87401
2182.5 53 7.28011
2183.5 53 7.28011
2184.5 59 7.68115
2185.5 42 6.48074
2186.5 62 7.87401
2187.5 51 7.14143
2188.5 71 8.42615
2189.5 59 7.68115
2190.5 57 7.54983
2191.5 49 7
2192.5 52 7.2111
2193.5 45 6.7082
2194.5 64 8
2195.5 54 7.34847
2196.5 50 7.07107
2197.5 68 8.24621
2198.5 65 8.06226
2199.5 51 7.14143
2200.5 52 7.2111
2201.5 53 7.28011
2202.5 56 7.48331
2203.5 59 7.68115
2204.5 46 6.78233
2205.5 49 7
2206.5 67 8.18535
2207.5 52 7.2111
2208.5 60 7.74597
2209.5 70 8.3666
2210.5 59 7.68115
2211.5 51 7.14143
2212.5 58 7.61577
2213.5 49 7
2214.5 51 7.14143
2215.5 59 7.68115
2216.5 60 7.74597
2217.5 52 7.2111
2218.5 46 6.78233
2219.5 53 7.28011
2220.5 47 6.85565
2221.5 54 7.34847
2222.5 45 6.7082
2223.5 56 7.48331
2224.5 35 5.91608
2225.5 42 6.48074
2226.5 48 6.9282
2227.5 52 7.2111
2228.5 41 6.40312
2229.5 50 7.07107
2230.5 44 6.63325
2231.5 51 7.14143
2232.5 42 6.48074
2233.5 56 7.48331
2234.5 59 7.68115
2235.5 44 6.63325
2236.5 46 6.78233
2237.5 63 7.93725
2238.5 50 7.07107
2239.5 42 6.48074
2240.5 43 6.55744
2241.5 49 7
2242.5 58 7.61577
2243.5 56 7.48331
2244.5 37 6.08276
2245.5 56 7.48331
2246.5 48 6.9282
2247.5 56 7.48331
2248.5 47 6.85565
2249.5 50 7.07107
2250.5 40 6.32456
2251.5 49 7
2252.5 43 6.55744
2253.5 51 7.14143
2254.5 51 7.14143
2255.5 70 8.3666
2256.5 49 7
2257.5 47 6.85565
2258.5 50 7.07107
2259.5 50 7.07107
2260.5 43 6.55744
2261.5 49 7
2262.5 50 7.07107
2263.5 45 6.7082
2264.5 55 7.4162
2265.5 41 6.40312
2266.5 50 7.07107
2267.5 54 7.34847
2268.5 44 6.63325
2269.5 48 6.9282
2270.5 41 6.40312
2271.5 60 7.74597
2272.5 58 7.61577
2273.5 50 7.07107
2274.5 57 7.54983
2275.5 40 6.32456
2276.5 56 7.48331
2277.5 54 7.34847
2278.5 52 7.2111
2279.5 73 8.544
2280.5 46 6.78233
2281.5 46 6.78233
2282.5 44 6.63325
2283.5 47 6.85565
2284.5 42 6.48074
2285.5 62 7.87401
2286.5 38 6.16441
2287.5 54 7.34847
2288.5 39 6.245
2289.5 51 7.14143
2290.5 38 6.16441
2291.5 57 7.54983
2292.5 41 6.40312
2293.5 50 7.07107
2294.5 49 7
2295.5 57 7.54983
2296.5 55 7.4162
2297.5 53 7.28011
2298.5 47 6.85565
2299.5 56 7.48331
2300.5 53 7.28011
2301.5 51 7.14143
2302.5 49 7
2303.5 48 6.9282
2304.5 44 6.63325
2305.5 57 7.54983
2306.5 37 6.08276
2307.5 64 8
2308.5 36 6
2309.5 57 7.54983
2310.5 56 7.48331
2311.5 51 7.14143
2312.5 57 7.54983
2313.5 43 6.55744
2314.5 50 7.07107
2315.5 55 7.4162
2316.5 51 7.14143
2317.5 49 7
2318.5 61 7.81025
2319.5 37 6.08276
2320.5 48 6.9282
2321.5 46 6.78233
2322.5 43 6.55744
2323.5 38 6.16441
2324.5 45 6.7082
2325.5 44 6.63325
2326.5 49 7
2327.5 55 7.4162
2328.5 43 6.55744
2329.5 36 6
2330.5 58 7.61577
2331.5 38 6.16441
2332.5 49 7
2333.5 39 6.245
2334.5 39 6.245
2335.5 61 7.81025
2336.5 49 7
2337.5 45 6.7082
2338.5 48 6.9282
2339.5 54 7.34847
2340.5 42 6.48074
2341.5 50 7.07107
2342.5 38 6.16441
2343.5 43 6.55744
2344.5 56 7.48331
2345.5 43 6.55744
2346.5 52 7.2111
2347.5 42 6.48074
2348.5 52 7.2111
2349.5 28 5.2915
2350.5 58 7.61577
2351.5 49 7
2352.5 49 7
2353.5 39 6.245
2354.5 52 7.2111
2355.5 42 6.48074
2356.5 52 7.2111
2357.5 50 7.07107
2358.5 52 7.2111
2359.5 42 6.48074
2360.5 44 6.63325
2361.5 49 7
2362.5 53 7.28011
2363.5 33 5.74456
2364.5 42 6.48074
2365.5 45 6.7082
2366.5 41 6.40312
2367.5 41 6.40312
2368.5 51 7.14143
2369.5 34 5.83095
2370.5 41 6.40312
2371.5 40 6.32456
2372.5 46 6.78233
2373.5 30 5.47723
2374.5 37 6.08276
2375.5 38 6.16441
2376.5 46 6.78233
2377.5 59 7.68115
2378.5 41 6.40312
2379.5 41 6.40312
2380.5 52 7.2111
2381.5 46 6.78233
2382.5 32 5.65685
2383.5 39 6.245
2384.5 41 6.40312
2385.5 47 6.85565
2386.5 45 6.7082
2387.5 40 6.32456
2388.5 46 6.78233
2389.5 39 6.245
2390.5 37 6.08276
2391.5 39 6.245
2392.5 50 7.07107
2393.5 45 6.7082
2394.5 48 6.9282
2395.5 37 6.08276
2396.5 38 6.16441
2397.5 44 6.63325
2398.5 40 6.32456
2399.5 53 7.28011
2400.5 32 5.65685
2401.5 46 6.78233
2402.5 34 5.83095
2403.5 40 6.32456
2404.5 36 6
2405.5 51 7.14143
2406.5 44 6.63325
2407.5 38 6.16441
2408.5 50 7.07107
2409.5 53 7.28011
2410.5 53 7.28011
2411.5 37 6.08276
2412.5 48 6.9282
2413.5 37 6.08276
2414.5 36 6
2415.5 28 5.2915
2416.5 50 7.07107
2417.5 37 6.08276
2418.5 41 6.40312
2419.5 41 6.40312
2420.5 49 7
2421.5 26 5.09902
2422.5 33 5.74456
2423.5 42 6.48074
2424.5 37 6.08276
2425.5 40 6.32456
2426.5 37 6.08276
2427.5 44 6.63325
2428.5 31 5.56776
2429.5 40 6.32456
2430.5 35 5.91608
2431.5 38 6.16441
2432.5 40 6.32456
2433.5 33 5.74456
2434.5 44 6.63325
2435.5 43 6.55744
2436.5 40 6.32456
2437.5 39 6.245
2438.5 34 5.83095
2439.5 37 6.08276
2440.5 30 5.47723
2441.5 32 5.65685
2442.5 36 6
2443.5 42 6.48074
2444.5 32 5.65685
2445.5 45 6.7082
2446.5 43 6.55744
2447.5 40 6.32456
2448.5 34 5.83095
2449.5 30 5.47723
2450.5 35 5.91608
2451.5 33 5.74456
2452.5 30 5.47723
2453.5 30 5.47723
2454.5 29 5.38516
2455.5 45 6.7082
2456.5 28 5.2915
2457.5 36 6
2458.5 44 6.63325
2459.5 25 5
2460.5 34 5.83095
2461.5 42 6.48074
2462.5 33 5.74456
2463.5 31 5.56776
2464.5 37 6.08276
2465.5 38 6.16441
2466.5 38 6.16441
2467.5 37 6.08276
2468.5 32 5.65685
2469.5 37 6.08276
2470.5 31 5.56776
2471.5 39 6.245
2472.5 49 7
2473.5 33 5.74456
2474.5 29 5.38516
2475.5 32 5.65685
2476.5 29 5.38516
2477.5 38 6.16441
2478.5 40 6.32456
2479.5 36 6
2480.5 45 6.7082
2481.5 32 5.65685
2482.5 35 5.91608
2483.5 29 5.38516
2484.5 33 5.74456
2485.5 34 5.83095
2486.5 37 6.08276
2487.5 31 5.56776
2488.5 27 5.19615
2489.5 32 5.65685
2490.5 33 5.74456
2491.5 39 6.245
2492.5 36 6
2493.5 33 5.74456
2494.5 42 6.48074
2495.5 45 6.7082
2496.5 30 5.47723
2497.5 36 6
2498.5 41 6.40312
2499.5 39 6.245
2500.5 29 5.38516
2501.5 31 5.56776
2502.5 32 5.65685
2503.5 41 6.40312
2504.5 24 4.89898
2505.5 44 6.63325
2506.5 37 6.08276
2507.5 27 5.19615
2508.5 45 6.7082
2509.5 32 5.65685
2510.5 31 5.56776
2511.5 39 6.245
2512.5 49 7
2513.5 31 5.56776
2514.5 35 5.91608
2515.5 33 5.74456
2516.5 38 6.16441
2517.5 35 5.91608
2518.5 31 5.56776
2519.5 30 5.47723
2520.5 38 6.16441
2521.5 41 6.40312
2522.5 38 6.16441
2523.5 36 6
2524.5 38 6.16441
2525.5 36 6
2526.5 24 4.89898
2527.5 19 4.3589
2528.5 36 6
2529.5 41 6.40312
2530.5 31 5.56776
2531.5 21 4.58258
2532.5 36 6
2533.5 41 6.40312
2534.5 40 6.32456
2535.5 35 5.91608
2536.5 32 5.65685
2537.5 26 5.09902
2538.5 31 5.56776
2539.5 33 5.74456
2540.5 21 4.58258
2541.5 31 5.56776
2542.5 38 6.16441
2543.5 22 4.69042
2544.5 31 5.56776
2545.5 32 5.65685
2546.5 38 6.16441
2547.5 31 5.56776
2548.5 30 5.47723
2549.5 32 5.65685
2550.5 18 4.24264
2551.5 45 6.7082
2552.5 37 6.08276
2553.5 26 5.09902
2554.5 41 6.40312
2555.5 35 5.91608
2556.5 28 5.2915
2557.5 29 5.38516
2558.5 30 5.47723
2559.5 37 6.08276
2560.5 29 5.38516
2561.5 30 5.47723
2562.5 43 6.55744
2563.5 37 6.08276
2564.5 28 5.2915
2565.5 39 6.245
2566.5 31 5.56776
2567.5 42 6.48074
2568.5 35 5.91608
2569.5 47 6.85565
2570.5 26 5.09902
2571.5 43 6.55744
2572.5 28 5.2915
2573.5 18 4.24264
2574.5 29 5.38516
2575.5 30 5.47723
2576.5 23 4.79583
2577.5 32 5.65685
2578.5 28 5.2915
2579.5 31 5.56776
2580.5 35 5.91608
2581.5 25 5
2582.5 29 5.38516
2583.5 36 6
2584.5 41 6.40312
2585.5 26 5.09902
2586.5 27 5.19615
2587.5 29 5.38516
2588.5 37 6.08276
2589.5 29 5.38516
2590.5 25 5
2591.5 40 6.32456
2592.5 38 6.16441
2593.5 31 5.56776
2594.5 32 5.65685
2595.5 37 6.08276
2596.5 31 5.56776
2597.5 26 5.09902
2598.5 29 5.38516
2599.5 39 6.245
2600.5 37 6.08276
2601.5 42 6.48074
2602.5 20 4.47214
2603.5 25 5
2604.5 23 4.79583
2605.5 34 5.83095
2606.5 37 6.08276
2607.5 33 5.74456
2608.5 35 5.91608
2609.5 28 5.2915
2610.5 27 5.19615
2611.5 36 6
2612.5 37 6.08276
2613.5 28 5.2915
2614.5 32 5.65685
2615.5 30 5.47723
2616.5 34 5.83095
2617.5 26 5.09902
2618.5 34 5.83095
2619.5 40 6.32456
2620.5 30 5.47723
2621.5 30 5.47723
2622.5 29 5.38516
2623.5 28 5.2915
2624.5 40 6.32456
2625.5 31 5.56776
2626.5 30 5.47723
2627.5 28 5.2915
2628.5 27 5.19615
2629.5 27 5.19615
2630.5 28 5.2915
2631.5 29 5.38516
2632.5 33 5.74456
2633.5 32 5.65685
2634.5 33 5.74456
2635.5 31 5.56776
2636.5 32 5.65685
2637.5 31 5.56776
2638.5 26 5.09902
2639.5 28 5.2915
2640.5 37 6.08276
2641.5 30 5.47723
2642.5 26 5.09902
2643.5 30 5.47723
2644.5 25 5
2645.5 31 5.56776
2646.5 30 5.47723
2647.5 23 4.79583
2648.5 18 4.24264
2649.5 28 5.2915
2650.5 37 6.08276
2651.5 34 5.83095
2652.5 28 5.2915
2653.5 27 5.19615
2654.5 22 4.69042
2655.5 23 4.79583
2656.5 41 6.40312
2657.5 40 6.32456
2658.5 30 5.47723
2659.5 30 5.47723
2660.5 33 5.74456
2661.5 25 5
2662.5 30 5.47723
2663.5 34 5.83095
2664.5 37 6.08276
2665.5 14 3.74166
2666.5 28 5.2915
2667.5 23 4.79583
2668.5 27 5.19615
2669.5 25 5
2670.5 34 5.83095
2671.5 31 5.56776
2672.5 25 5
2673.5 23 4.79583
2674.5 37 6.08276
2675.5 27 5.19615
2676.5 17 4.12311
2677.5 27 5.19615
2678.5 24 4.89898
2679.5 35 5.91608
2680.5 17 4.12311
2681.5 27 5.19615
2682.5 31 5.56776
2683.5 25 5
2684.5 23 4.79583
2685.5 23 4.79583
2686.5 38 6.16441
2687.5 28 5.2915
2688.5 31 5.56776
2689.5 27 5.19615
2690.5 30 5.47723
2691.5 40 6.32456
2692.5 26 5.09902
2693.5 25 5
2694.5 20 4.47214
2695.5 35 5.91608
2696.5 24 4.89898
2697.5 21 4.58258
2698.5 31 5.56776
2699.5 32 5.65685
2700.5 22 4.69042
2701.5 22 4.69042
2702.5 30 5.47723
2703.5 29 5.38516
2704.5 28 5.2915
2705.5 35 5.91608
2706.5 35 5.91608
2707.5 27 5.19615
2708.5 39 6.245
2709.5 32 5.65685
2710.5 41 6.40312
2711.5 41 6.40312
2712.5 47 6.85565
2713.5 36 6
2714.5 48 6.9282
2715.5 62 7.87401
2716.5 48 6.9282
2717.5 49 7
2718.5 49 7
2719.5 72 8.48528
2720.5 68 8.24621
2721.5 63 7.93725
2722.5 67 8.18535
2723.5 85 9.21954
2724.5 68 8.24621
2725.5 65 8.06226
2726.5 73 8.544
2727.5 67 8.18535
2728.5 75 8.66025
2729.5 57 7.54983
2730.5 61 7.81025
2731.5 68 8.24621
2732.5 55 7.4162
2733.5 40 6.32456
2734.5 40 6.32456
2735.5 42 6.48074
2736.5 45 6.7082
2737.5 48 6.9282
2738.5 28 5.2915
2739.5 42 6.48074
2740.5 31 5.56776
2741.5 24 4.89898
2742.5 29 5.38516
2743.5 24 4.89898
2744.5 18 4.24264
2745.5 28 5.2915
2746.5 28 5.2915
2747.5 20 4.47214
2748.5 21 4.58258
2749.5 31 5.56776
2750.5 23 4.79583
2751.5 21 4.58258
2752.5 25 5
2753.5 32 5.65685
2754.5 19 4.3589
2755.5 21 4.58258
2756.5 31 5.56776
2757.5 16 4
2758.5 34 5.83095
2759.5 26 5.09902
2760.5 22 4.69042
2761.5 25 5
2762.5 25 5
2763.5 16 4
2764.5 23 4.79583
2765.5 19 4.3589
2766.5 22 4.69042
2767.5 26 5.09902
2768.5 31 5.56776
2769.5 29 5.38516
2770.5 24 4.89898
2771.5 19 4.3589
2772.5 21 4.58258
2773.5 24 4.89898
2774.5 22 4.69042
2775.5 28 5.2915
2776.5 26 5.09902
2777.5 17 4.12311
2778.5 30 5.47723
2779.5 18 4.24264
2780.5 26 5.09902
2781.5 22 4.69042
2782.5 23 4.79583
2783.5 24 4.89898
2784.5 27 5.19615
2785.5 28 5.2915
2786.5 36 6
2787.5 20 4.47214
2788.5 22 4.69042
2789.5 23 4.79583
2790.5 22 4.69042
2791.5 29 5.38516
2792.5 27 5.19615
2793.5 23 4.79583
2794.5 35 5.91608
2795.5 26 5.09902
2796.5 17 4.12311
2797.5 21 4.58258
2798.5 24 4.89898
2799.5 17 4.12311
2800.5 19 4.3589
2801.5 20 4.47214
2802.5 23 4.79583
2803.5 19 4.3589
2804.5 31 5.56776
2805.5 25 5
2806.5 27 5.19615
2807.5 16 4
2808.5 17 4.12311
2809.5 27 5.19615
2810.5 25 5
2811.5 27 5.19615
2812.5 32 5.65685
2813.5 34 5.83095
2814.5 25 5
2815.5 14 3.74166
2816.5 11 3.31662
2817.5 25 5
2818.5 21 4.58258
2819.5 22 4.69042
2820.5 25 5
2821.5 26 5.09902
2822.5 23 4.79583
2823.5 29 5.38516
2824.5 25 5
2825.5 36 6
2826.5 24 4.89898
2827.5 21 4.58258
2828.5 28 5.2915
2829.5 23 4.79583
2830.5 21 4.58258
2831.5 18 4.24264
2832.5 22 4.69042
2833.5 24 4.89898
2834.5 25 5
2835.5 21 4.58258
2836.5 17 4.12311
2837.5 15 3.87298
2838.5 23 4.79583
2839.5 18 4.24264
2840.5 26 5.09902
2841.5 17 4.12311
2842.5 19 4.3589
2843.5 22 4.69042
2844.5 30 5.47723
2845.5 24 4.89898
2846.5 19 4.3589
2847.5 20 4.47214
2848.5 27 5.19615
2849.5 24 4.89898
2850.5 18 4.24264
2851.5 22 4.69042
2852.5 23 4.79583
2853.5 26 5.09902
2854.5 27 5.19615
2855.5 17 4.12311
2856.5 22 4.69042
2857.5 17 4.12311
2858.5 20 4.47214
2859.5 17 4.12311
2860.5 23 4.79583
2861.5 26 5.09902
2862.5 27 5.19615
2863.5 19 4.3589
2864.5 28 5.2915
2865.5 16 4
2866.5 24 4.89898
2867.5 17 4.12311
2868.5 19 4.3589
2869.5 13 3.60555
2870.5 22 4.69042
2871.5 23 4.79583
2872.5 15 3.87298
2873.5 17 4.12311
2874.5 23 4.79583
2875.5 19 4.3589
2876.5 17 4.12311
2877.5 26 5.09902
2878.5 20 4.47214
2879.5 23 4.79583
2880.5 25 5
2881.5 18 4.24264
2882.5 16 4
2883.5 21 4.58258
2884.5 23 4.79583
2885.5 21 4.58258
2886.5 23 4.79583
2887.5 19 4.3589
2888.5 23 4.79583
2889.5 21 4.58258
2890.5 21 4.58258
2891.5 17 4.12311
2892.5 28 5.2915
2893.5 25 5
2894.5 17 4.12311
2895.5 19 4.3589
2896.5 22 4.69042
2897.5 27 5.19615
2898.5 23 4.79583
2899.5 20 4.47214
2900.5 27 5.19615
2901.5 23 4.79583
2902.5 18 4.24264
2903.5 28 5.2915
2904.5 13 3.60555
2905.5 17 4.12311
2906.5 21 4.58258
2907.5 17 4.12311
2908.5 15 3.87298
2909.5 11 3.31662
2910.5 16 4
2911.5 18 4.24264
2912.5 16 4
2913.5 18 4.24264
2914.5 26 5.09902
2915.5 17 4.12311
2916.5 11 3.31662
2917.5 24 4.89898
2918.5 17 4.12311
2919.5 20 4.47214
2920.5 29 5.38516
2921.5 21 4.58258
2922.5 23 4.79583
2923.5 21 4.58258
2924.5 23 4.79583
2925.5 13 3.60555
2926.5 18 4.24264
2927.5 19 4.3589
2928.5 25 5
2929.5 21 4.58258
2930.5 22 4.69042
2931.5 16 4
2932.5 18 4.24264
2933.5 18 4.24264
2934.5 29 5.38516
2935.5 15 3.87298
2936.5 19 4.3589
2937.5 23 4.79583
2938.5 18 4.24264
2939.5 29 5.38516
2940.5 23 4.79583
2941.5 22 4.69042
2942.5 22 4.69042
2943.5 17 4.12311
2944.5 29 5.38516
2945.5 22 4.69042
2946.5 20 4.47214
2947.5 20 4.47214
2948.5 25 5
2949.5 20 4.47214
2950.5 24 4.89898
2951.5 20 4.47214
2952.5 24 4.89898
2953.5 24 4.89898
2954.5 24 4.89898
2955.5 22 4.69042
2956.5 19 4.3589
2957.5 17 4.12311
2958.5 18 4.24264
2959.5 26 5.09902
2960.5 23 4.79583
2961.5 22 4.69042
2962.5 8 2.82843
2963.5 21 4.58258
2964.5 17 4.12311
2965.5 17 4.12311
2966.5 22 4.69042
2967.5 22 4.69042
2968.5 28 5.2915
2969.5 24 4.89898
2970.5 24 4.89898
2971.5 22 4.69042
2972.5 28 5.2915
2973.5 22 4.69042
2974.5 23 4.79583
2975.5 25 5
2976.5 24 4.89898
2977.5 18 4.24264
2978.5 21 4.58258
2979.5 18 4.24264
2980.5 18 4.24264
2981.5 15 3.87298
2982.5 14 3.74166
2983.5 21 4.58258
2984.5 20 4.47214
2985.5 24 4.89898
2986.5 24 4.89898
2987.5 20 4.47214
2988.5 9 3
2989.5 16 4
2990.5 16 4
2991.5 20 4.47214
2992.5 19 4.3589
2993.5 28 5.2915
2994.5 26 5.09902
2995.5 25 5
2996.5 22 4.69042
2997.5 22 4.69042
2998.5 35 5.91608
2999.5 48 6.9282
3000.5 59 7.68115
3001.5 70 8.3666
3002.5 82 9.05539
3003.5 112 10.583
3004.5 146 12.083
3005.5 166 12.8841
3006.5 185 13.6015
3007.5 244 15.6205
3008.5 261 16.1555
3009.5 253 15.906
3010.5 254 15.9374
3011.5 257 16.0312
3012.5 227 15.0665
3013.5 168 12.9615
3014.5 174 13.1909
3015.5 146 12.083
3016.5 100 10
3017.5 79 8.88819
3018.5 62 7.87401
3019.5 49 7
3020.5 39 6.245
3021.5 25 5
3022.5 23 4.79583
3023.5 25 5
3024.5 20 4.47214
3025.5 16 4
3026.5 27 5.19615
3027.5 20 4.47214
3028.5 25 5
3029.5 19 4.3589
3030.5 13 3.60555
3031.5 27 5.19615
3032.5 14 3.74166
3033.5 8 2.82843
3034.5 20 4.47214
3035.5 33 5.74456
3036.5 25 5
3037.5 20 4.47214
3038.5 19 4.3589
3039.5 18 4.24264
3040.5 20 4.47214
3041.5 23 4.79583
3042.5 16 4
3043.5 23 4.79583
3044.5 25 5
3045.5 19 4.3589
3046.5 23 4.79583
3047.5 17 4.12311
3048.5 13 3.60555
3049.5 16 4
3050.5 14 3.74166
3051.5 23 4.79583
3052.5 25 5
3053.5 21 4.58258
3054.5 25 5
3055.5 19 4.3589
3056.5 23 4.79583
3057.5 21 4.58258
3058.5 22 4.69042
3059.5 29 5.38516
3060.5 15 3.87298
3061.5 28 5.2915
3062.5 17 4.12311
3063.5 15 3.87298
3064.5 24 4.89898
3065.5 22 4.69042
3066.5 22 4.69042
3067.5 14 3.74166
3068.5 16 4
3069.5 22 4.69042
3070.5 19 4.3589
3071.5 20 4.47214
3072.5 25 5
3073.5 10 3.16228
3074.5 18 4.24264
3075.5 17 4.12311
3076.5 22 4.69042
3077.5 27 5.19615
3078.5 21 4.58258
3079.5 20 4.47214
3080.5 16 4
3081.5 20 4.47214
3082.5 17 4.12311
3083.5 21 4.58258
3084.5 14 3.74166
3085.5 19 4.3589
3086.5 16 4
3087.5 24 4.89898
3088.5 14 3.74166
3089.5 21 4.58258
3090.5 13 3.60555
3091.5 20 4.47214
3092.5 21 4.58258
3093.5 17 4.12311
3094.5 25 5
3095.5 15 3.87298
3096.5 18 4.24264
3097.5 23 4.79583
3098.5 23 4.79583
3099.5 23 4.79583
3100.5 21 4.58258
3101.5 21 4.58258
3102.5 25 5
3103.5 30 5.47723
3104.5 34 5.83095
3105.5 23 4.79583
3106.5 35 5.91608
3107.5 47 6.85565
3108.5 53 7.28011
3109.5 49 7
3110.5 80 8.94427
3111.5 109 10.4403
3112.5 151 12.2882
3113.5 233 15.2643
3114.5 307 17.5214
3115.5 455 21.3307
3116.5 611 24.7184
3117.5 805 28.3725
3118.5 938 30.6268
3119.5 1087 32.9697
3120.5 1218 34.8999
3121.5 1453 38.1182
3122.5 1488 38.5746
3123.5 1443 37.9868
3124.5 1361 36.8917
3125.5 1232 35.0999
3126.5 1064 32.619
3127.5 823 28.688
3128.5 619 24.8797
3129.5 531 23.0434
3130.5 344 18.5472
3131.5 208 14.4222
3132.5 134 11.5758
3133.5 107 10.3441
3134.5 67 8.18535
3135.5 39 6.245
3136.5 41 6.40312
3137.5 22 4.69042
3138.5 30 5.47723
3139.5 20 4.47214
3140.5 16 4
3141.5 17 4.12311
3142.5 18 4.24264
3143.5 17 4.12311
3144.5 20 4.47214
3145.5 15 3.87298
3146.5 10 3.16228
3147.5 21 4.58258
3148.5 8 2.82843
3149.5 12 3.4641
3150.5 10 3.16228
3151.5 15 3.87298
3152.5 20 4.47214
3153.5 21 4.58258
3154.5 13 3.60555
3155.5 11 3.31662
3156.5 20 4.47214
3157.5 14 3.74166
3158.5 15 3.87298
3159.5 20 4.47214
3160.5 18 4.24264
3161.5 15 3.87298
3162.5 16 4
3163.5 7 2.64575
3164.5 15 3.87298
3165.5 12 3.4641
3166.5 21 4.58258
3167.5 11 3.31662
3168.5 15 3.87298
3169.5 16 4
3170.5 14 3.74166
3171.5 13 3.60555
3172.5 13 3.60555
3173.5 12 3.4641
3174.5 15 3.87298
3175.5 18 4.24264
3176.5 9 3
3177.5 13 3.60555
3178.5 13 3.60555
3179.5 15 3.87298
3180.5 19 4.3589
3181.5 20 4.47214
3182.5 18 4.24264
3183.5 14 3.74166
3184.5 12 3.4641
3185.5 14 3.74166
3186.5 23 4.79583
3187.5 14 3.74166
3188.5 14 3.74166
3189.5 13 3.60555
3190.5 13 3.60555
3191.5 8 2.82843
3192.5 18 4.24264
3193.5 18 4.24264
3194.5 18 4.24264
3195.5 20 4.47214
3196.5 9 3
3197.5 12 3.4641
3198.5 14 3.74166
3199.5 19 4.3589
3200.5 13 3.60555
3201.5 17 4.12311
3202.5 12 3.4641
3203.5 14 3.74166
3204.5 15 3.87298
3205.5 16 4
3206.5 17 4.12311
3207.5 9 3
3208.5 14 3.74166
3209.5 10 3.16228
3210.5 16 4
3211.5 16 4
3212.5 17 4.12311
3213.5 15 3.87298
3214.5 12 3.4641
3215.5 12 3.4641
3216.5 10 3.16228
3217.5 21 4.58258
3218.5 14 3.74166
3219.5 17 4.12311
3220.5 14 3.74166
3221.5 20 4.47214
3222.5 14 3.74166
3223.5 15 3.87298
3224.5 19 4.3589
3225.5 13 3.60555
3226.5 13 3.60555
3227.5 14 3.74166
3228.5 13 3.60555
3229.5 7 2.64575
3230.5 24 4.89898
3231.5 12 3.4641
3232.5 19 4.3589
3233.5 12 3.4641
3234.5 13 3.60555
3235.5 23 4.79583
3236.5 10 3.16228
3237.5 23 4.79583
3238.5 24 4.89898
3239.5 16 4
3240.5 21 4.58258
3241.5 21 4.58258
3242.5 20 4.47214
3243.5 32 5.65685
3244.5 23 4.79583
3245.5 20 4.47214
3246.5 28 5.2915
3247.5 32 5.65685
3248.5 25 5
3249.5 23 4.79583
3250.5 21 4.58258
3251.5 18 4.24264
3252.5 19 4.3589
3253.5 21 4.58258
3254.5 18 4.24264
3255.5 16 4
3256.5 16 4
3257.5 10 3.16228
3258.5 15 3.87298
3259.5 9 3
3260.5 11 3.31662
3261.5 12 3.4641
3262.5 12 3.4641
3263.5 8 2.82843
3264.5 13 3.60555
3265.5 17 4.12311
3266.5 13 3.60555
3267.5 17 4.12311
3268.5 11 3.31662
3269.5 17 4.12311
3270.5 11 3.31662
3271.5 10 3.16228
3272.5 10 3.16228
3273.5 8 2.82843
3274.5 16 4
3275.5 14 3.74166
3276.5 16 4
3277.5 9 3
3278.5 9 3
3279.5 13 3.60555
3280.5 23 4.79583
3281.5 10 3.16228
3282.5 9 3
3283.5 8 2.82843
3284.5 9 3
3285.5 9 3
3286.5 15 3.87298
3287.5 11 3.31662
3288.5 14 3.74166
3289.5 17 4.12311
3290.5 12 3.4641
3291.5 10 3.16228
3292.5 17 4.12311
3293.5 12 3.4641
3294.5 16 4
3295.5 13 3.60555
3296.5 9 3
3297.5 13 3.60555
3298.5 12 3.4641
3299.5 14 3.74166
3300.5 17 4.12311
3301.5 12 3.4641
3302.5 15 3.87298
3303.5 9 3
3304.5 9 3
3305.5 14 3.74166
3306.5 13 3.60555
3307.5 12 3.4641
3308.5 8 2.82843
3309.5 17 4.12311
3310.5 13 3.60555
3311.5 18 4.24264
3312.5 12 3.4641
3313.5 16 4
3314.5 16 4
3315.5 12 3.4641
3316.5 20 4.47214
3317.5 11 3.31662
3318.5 15 3.87298
3319.5 10 3.16228
3320.5 12 3.4641
3321.5 13 3.60555
3322.5 9 3
3323.5 12 3.4641
3324.5 17 4.12311
3325.5 17 4.12311
3326.5 15 3.87298
3327.5 18 4.24264
3328.5 19 4.3589
3329.5 10 3.16228
3330.5 13 3.60555
3331.5 7 2.64575
3332.5 11 3.31662
3333.5 15 3.87298
3334.5 18 4.24264
3335.5 11 3.31662
3336.5 11 3.31662
3337.5 15 3.87298
3338.5 17 4.12311
3339.5 6 2.44949
3340.5 7 2.64575
3341.5 9 3
3342.5 12 3.4641
3343.5 8 2.82843
3344.5 14 3.74166
3345.5 13 3.60555
3346.5 8 2.82843
3347.5 15 3.87298
3348.5 8 2.82843
3349.5 11 3.31662
3350.5 11 3.31662
3351.5 8 2.82843
3352.5 11 3.31662
3353.5 15 3.87298
3354.5 8 2.82843
3355.5 12 3.4641
3356.5 13 3.60555
3357.5 9 3
3358.5 12 3.4641
3359.5 8 2.82843
3360.5 12 3.4641
3361.5 9 3
3362.5 11 3.31662
3363.5 15 3.87298
3364.5 19 4.3589
3365.5 11 3.31662
3366.5 14 3.74166
3367.5 7 2.64575
3368.5 16 4
3369.5 15 3.87298
3370.5 13 3.60555
3371.5 9 3
3372.5 14 3.74166
3373.5 10 3.16228
3374.5 11 3.31662
3375.5 13 3.60555
3376.5 7 2.64575
3377.5 13 3.60555
3378.5 9 3
3379.5 8 2.82843
3380.5 20 4.47214
3381.5 17 4.12311
3382.5 17 4.12311
3383.5 12 3.4641
3384.5 10 3.16228
3385.5 12 3.4641
3386.5 18 4.24264
3387.5 13 3.60555
3388.5 14 3.74166
3389.5 14 3.74166
3390.5 18 4.24264
3391.5 14 3.74166
3392.5 7 2.64575
3393.5 14 3.74166
3394.5 14 3.74166
3395.5 14 3.74166
3396.5 16 4
3397.5 7 2.64575
3398.5 13 3.60555
3399.5 13 3.60555
3400.5 16 4
3401.5 17 4.12311
3402.5 12 3.4641
3403.5 14 3.74166
3404.5 9 3
3405.5 17 4.12311
3406.5 14 3.74166
3407.5 12 3.4641
3408.5 19 4.3589
3409.5 13 3.60555
3410.5 12 3.4641
3411.5 9 3
3412.5 10 3.16228
3413.5 12 3.4641
3414.5 15 3.87298
3415.5 13 3.60555
3416.5 15 3.87298
3417.5 12 3.4641
3418.5 8 2.82843
3419.5 13 3.60555
3420.5 10 3.16228
3421.5 19 4.3589
3422.5 11 3.31662
3423.5 13 3.60555
3424.5 11 3.31662
3425.5 16 4
3426.5 11 3.31662
3427.5 11 3.31662
3428.5 11 3.31662
3429.5 10 3.16228
3430.5 13 3.60555
3431.5 12 3.4641
3432.5 9 3
3433.5 8 2.82843
3434.5 16 4
3435.5 8 2.82843
3436.5 9 3
3437.5 13 3.60555
3438.5 11 3.31662
3439.5 20 4.47214
3440.5 9 3
3441.5 11 3.31662
3442.5 9 3
3443.5 11 3.31662
3444.5 12 3.4641
3445.5 12 3.4641
3446.5 11 3.31662
3447.5 13 3.60555
3448.5 14 3.74166
3449.5 10 3.16228
3450.5 8 2.82843
3451.5 15 3.87298
3452.5 10 3.16228
3453.5 6 2.44949
3454.5 13 3.60555
3455.5 8 2.82843
3456.5 11 3.31662
3457.5 11 3.31662
3458.5 16 4
3459.5 11 3.31662
3460.5 13 3.60555
3461.5 10 3.16228
3462.5 8 2.82843
3463.5 13 3.60555
3464.5 8 2.82843
3465.5 8 2.82843
3466.5 15 3.87298
3467.5 12 3.4641
3468.5 16 4
3469.5 10 3.16228
3470.5 18 4.24264
3471.5 13 3.60555
3472.5 9 3
3473.5 11 3.31662
3474.5 14 3.74166
3475.5 13 3.60555
3476.5 12 3.4641
3477.5 12 3.4641
3478.5 13 3.60555
3479.5 6 2.44949
3480.5 10 3.16228
3481.5 11 3.31662
3482.5 11 3.31662
3483.5 12 3.4641
3484.5 17 4.12311
3485.5 14 3.74166
3486.5 14 3.74166
3487.5 12 3.4641
3488.5 8 2.82843
3489.5 14 3.74166
3490.5 12 3.4641
3491.5 14 3.74166
3492.5 8 2.82843
3493.5 11 3.31662
3494.5 13 3.60555
3495.5 11 3.31662
3496.5 11 3.31662
3497.5 14 3.74166
3498.5 10 3.16228
3499.5 12 3.4641
3500.5 8 2.82843
3501.5 24 4.89898
3502.5 15 3.87298
3503.5 12 3.4641
3504.5 15 3.87298
3505.5 13 3.60555
3506.5 9 3
3507.5 14 3.74166
3508.5 11 3.31662
3509.5 17 4.12311
3510.5 16 4
3511.5 7 2.64575
3512.5 9 3
3513.5 9 3
3514.5 14 3.74166
3515.5 10 3.16228
3516.5 13 3.60555
3517.5 16 4
3518.5 15 3.87298
3519.5 17 4.12311
3520.5 9 3
3521.5 16 4
3522.5 17 4.12311
3523.5 15 3.87298
3524.5 14 3.74166
3525.5 21 4.58258
3526.5 14 3.74166
3527.5 13 3.60555
3528.5 19 4.3589
3529.5 21 4.58258
3530.5 14 3.74166
3531.5 14 3.74166
3532.5 13 3.60555
3533.5 9 3
3534.5 8 2.82843
3535.5 15 3.87298
3536.5 10 3.16228
3537.5 14 3.74166
3538.5 15 3.87298
3539.5 11 3.31662
3540.5 12 3.4641
3541.5 13 3.60555
3542.5 10 3.16228
3543.5 14 3.74166
3544.5 14 3.74166
3545.5 14 3.74166
3546.5 11 3.31662
3547.5 10 3.16228
3548.5 15 3.87298
3549.5 11 3.31662
3550.5 12 3.4641
3551.5 8 2.82843
3552.5 9 3
3553.5 12 3.4641
3554.5 14 3.74166
3555.5 15 3.87298
3556.5 20 4.47214
3557.5 10 3.16228
3558.5 16 4
3559.5 8 2.82843
3560.5 7 2.64575
3561.5 16 4
3562.5 14 3.74166
3563.5 22 4.69042
3564.5 15 3.87298
3565.5 15 3.87298
3566.5 16 4
3567.5 17 4.12311
3568.5 13 3.60555
3569.5 10 3.16228
3570.5 7 2.64575
3571.5 16 4
3572.5 9 3
3573.5 12 3.4641
3574.5 9 3
3575.5 6 2.44949
3576.5 7 2.64575
3577.5 10 3.16228
3578.5 9 3
3579.5 15 3.87298
3580.5 9 3
3581.5 6 2.44949
3582.5 8 2.82843
3583.5 11 3.31662
3584.5 9 3
3585.5 14 3.74166
3586.5 4 2
3587.5 13 3.60555
3588.5 13 3.60555
3589.5 17 4.12311
3590.5 13 3.60555
3591.5 14 3.74166
3592.5 17 4.12311
3593.5 17 4.12311
3594.5 12 3.4641
3595.5 16 4
3596.5 7 2.64575
3597.5 12 3.4641
3598.5 15 3.87298
3599.5 6 2.44949
3600.5 17 4.12311
3601.5 15 3.87298
3602.5 9 3
3603.5 12 3.4641
3604.5 11 3.31662
3605.5 8 2.82843
3606.5 12 3.4641
3607.5 13 3.60555
3608.5 10 3.16228
3609.5 14 3.74166
3610.5 9 3
3611.5 10 3.16228
3612.5 13 3.60555
3613.5 12 3.4641
3614.5 4 2
3615.5 13 3.60555
3616.5 10 3.16228
3617.5 18 4.24264
3618.5 6 2.44949
3619.5 12 3.4641
3620.5 11 3.31662
3621.5 10 3.16228
3622.5 14 3.74166
3623.5 14 3.74166
3624.5 17 4.12311
3625.5 10 3.16228
3626.5 18 4.24264
3627.5 12 3.4641
3628.5 5 2.23607
3629.5 8 2.82843
3630.5 12 3.4641
3631.5 11 3.31662
3632.5 16 4
3633.5 9 3
3634.5 10 3.16228
3635.5 7 2.64575
3636.5 9 3
3637.5 11 3.31662
3638.5 11 3.31662
3639.5 14 3.74166
3640.5 12 3.4641
3641.5 9 3
3642.5 9 3
3643.5 11 3.31662
3644.5 4 2
3645.5 8 2.82843
3646.5 12 3.4641
3647.5 9 3
3648.5 10 3.16228
3649.5 9 3
3650.5 12 3.4641
3651.5 13 3.60555
3652.5 13 3.60555
3653.5 10 3.16228
3654.5 16 4
3655.5 11 3.31662
3656.5 11 3.31662
3657.5 10 3.16228
3658.5 12 3.4641
3659.5 12 3.4641
3660.5 15 3.87298
3661.5 12 3.4641
3662.5 11 3.31662
3663.5 14 3.74166
3664.5 8 2.82843
3665.5 10 3.16228
3666.5 15 3.87298
3667.5 8 2.82843
3668.5 14 3.74166
3669.5 7 2.64575
3670.5 13 3.60555
3671.5 8 2.82843
3672.5 12 3.4641
3673.5 16 4
3674.5 7 2.64575
3675.5 18 4.24264
3676.5 9 3
3677.5 10 3.16228
3678.5 10 3.16228
3679.5 7 2.64575
3680.5 10 3.16228
3681.5 12 3.4641
3682.5 9 3
3683.5 8 2.82843
3684.5 23 4.79583
3685.5 12 3.4641
3686.5 12 3.4641
3687.5 8 2.82843
3688.5 13 3.60555
3689.5 10 3.16228
3690.5 10 3.16228
3691.5 10 3.16228
3692.5 12 3.4641
3693.5 13 3.60555
3694.5 21 4.58258
3695.5 10 3.16228
3696.5 16 4
3697.5 16 4
3698.5 16 4
3699.5 10 3.16228
3700.5 17 4.12311
3701.5 15 3.87298
3702.5 16 4
3703.5 12 3.4641
3704.5 13 3.60555
3705.5 14 3.74166
3706.5 14 3.74166
3707.5 6 2.44949
3708.5 13 3.60555
3709.5 16 4
3710.5 14 3.74166
3711.5 11 3.31662
3712.5 9 3
3713.5 9 3
3714.5 14 3.74166
3715.5 6 2.44949
3716.5 12 3.4641
3717.5 17 4.12311
3718.5 9 3
3719.5 12 3.4641
3720.5 10 3.16228
3721.5 8 2.82843
3722.5 13 3.60555
3723.5 9 3
3724.5 14 3.74166
3725.5 19 4.3589
3726.5 11 3.31662
3727.5 7 2.64575
3728.5 11 3.31662
3729.5 10 3.16228
3730.5 10 3.16228
3731.5 13 3.60555
3732.5 14 3.74166
3733.5 7 2.64575
3734.5 8 2.82843
3735.5 8 2.82843
3736.5 14 3.74166
3737.5 13 3.60555
3738.5 8 2.82843
3739.5 15 3.87298
3740.5 15 3.87298
3741.5 12 3.4641
3742.5 12 3.4641
3743.5 15 3.87298
3744.5 10 3.16228
3745.5 5 2.23607
3746.5 12 3.4641
3747.5 12 3.4641
3748.5 12 3.4641
3749.5 10 3.16228
3750.5 15 3.87298
3751.5 14 3.74166
3752.5 6 2.44949
3753.5 10 3.16228
3754.5 9 3
3755.5 10 3.16228
3756.5 12 3.4641
3757.5 11 3.31662
3758.5 14 3.74166
3759.5 9 3
3760.5 8 2.82843
3761.5 15 3.87298
3762.5 15 3.87298
3763.5 7 2.64575
3764.5 16 4
3765.5 11 3.31662
3766.5 5 2.23607
3767.5 7 2.64575
3768.5 12 3.4641
3769.5 3 1.73205
3770.5 7 2.64575
3771.5 6 2.44949
3772.5 10 3.16228
3773.5 12 3.4641
3774.5 10 3.16228
3775.5 10 3.16228
3776.5 15 3.87298
3777.5 9 3
3778.5 22 4.69042
3779.5 16 4
3780.5 21 4.58258
3781.5 13 3.60555
3782.5 12 3.4641
3783.5 16 4
3784.5 5 2.23607
3785.5 10 3.16228
3786.5 8 2.82843
3787.5 10 3.16228
3788.5 10 3.16228
3789.5 7 2.64575
3790.5 19 4.3589
3791.5 2 1.41421
3792.5 13 3.60555
3793.5 11 3.31662
3794.5 19 4.3589
3795.5 10 3.16228
3796.5 13 3.60555
3797.5 9 3
3798.5 9 3
3799.5 13 3.60555
3800.5 9 3
3801.5 12 3.4641
3802.5 14 3.74166
3803.5 11 3.31662
3804.5 7 2.64575
3805.5 14 3.74166
3806.5 12 3.4641
3807.5 14 3.74166
3808.5 9 3
3809.5 13 3.60555
3810.5 6 2.44949
3811.5 6 2.44949
3812.5 16 4
3813.5 8 2.82843
3814.5 11 3.31662
3815.5 13 3.60555
3816.5 8 2.82843
3817.5 10 3.16228
3818.5 7 2.64575
3819.5 8 2.82843
3820.5 13 3.60555
3821.5 12 3.4641
3822.5 9 3
3823.5 12 3.4641
3824.5 8 2.82843
3825.5 9 3
3826.5 8 2.82843
3827.5 14 3.74166
3828.5 7 2.64575
3829.5 15 3.87298
3830.5 11 3.31662
3831.5 17 4.12311
3832.5 7 2.64575
3833.5 13 3.60555
3834.5 13 3.60555
3835.5 7 2.64575
3836.5 16 4
3837.5 9 3
3838.5 12 3.4641
3839.5 17 4.12311
3840.5 7 2.64575
3841.5 9 3
3842.5 9 3
3843.5 9 3
3844.5 8 2.82843
3845.5 11 3.31662
3846.5 10 3.16228
3847.5 7 2.64575
3848.5 14 3.74166
3849.5 9 3
3850.5 16 4
3851.5 9 3
3852.5 12 3.4641
3853.5 12 3.4641
3854.5 10 3.16228
3855.5 8 2.82843
3856.5 6 2.44949
3857.5 9 3
3858.5 10 3.16228
3859.5 17 4.12311
3860.5 9 3
3861.5 6 2.44949
3862.5 9 3
3863.5 12 3.4641
3864.5 11 3.31662
3865.5 13 3.60555
3866.5 7 2.64575
3867.5 14 3.74166
3868.5 12 3.4641
3869.5 9 3
3870.5 8 2.82843
3871.5 11 3.31662
3872.5 12 3.4641
3873.5 10 3.16228
3874.5 10 3.16228
3875.5 9 3
3876.5 11 3.31662
3877.5 17 4.12311
3878.5 10 3.16228
3879.5 9 3
3880.5 7 2.64575
3881.5 6 2.44949
3882.5 7 2.64575
3883.5 13 3.60555
3884.5 7 2.64575
3885.5 10 3.16228
3886.5 7 2.64575
3887.5 16 4
3888.5 16 4
3889.5 20 4.47214
3890.5 8 2.82843
3891.5 9 3
3892.5 15 3.87298
3893.5 15 3.87298
3894.5 10 3.16228
3895.5 16 4
3896.5 11 3.31662
3897.5 14 3.74166
3898.5 16 4
3899.5 9 3
3900.5 12 3.4641
3901.5 8 2.82843
3902.5 10 3.16228
3903.5 12 3.4641
3904.5 16 4
3905.5 11 3.31662
3906.5 11 3.31662
3907.5 7 2.64575
3908.5 10 3.16228
3909.5 7 2.64575
3910.5 5 2.23607
3911.5 11 3.31662
3912.5 10 3.16228
3913.5 12 3.4641
3914.5 11 3.31662
3915.5 6 2.44949
3916.5 10 3.16228
3917.5 14 3.74166
3918.5 6 2.44949
3919.5 10 3.16228
3920.5 12 3.4641
3921.5 14 3.74166
3922.5 9 3
3923.5 14 3.74166
3924.5 16 4
3925.5 4 2
3926.5 13 3.60555
3927.5 4 2
3928.5 17 4.12311
3929.5 10 3.16228
3930.5 10 3.16228
3931.5 12 3.4641
3932.5 14 3.74166
3933.5 10 3.16228
3934.5 15 3.87298
3935.5 10 3.16228
3936.5 11 3.31662
3937.5 8 2.82843
3938.5 10 3.16228
3939.5 9 3
3940.5 13 3.60555
3941.5 13 3.60555
3942.5 5 2.23607
3943.5 10 3.16228
3944.5 14 3.74166
3945.5 5 2.23607
3946.5 13 3.60555
3947.5 10 3.16228
3948.5 11 3.31662
3949.5 14 3.74166
3950.5 4 2
3951.5 7 2.64575
3952.5 18 4.24264
3953.5 6 2.44949
3954.5 10 3.16228
3955.5 8 2.82843
3956.5 10 3.16228
3957.5 15 3.87298
3958.5 15 3.87298
3959.5 4 2
3960.5 9 3
3961.5 7 2.64575
3962.5 13 3.60555
3963.5 12 3.4641
3964.5 9 3
3965.5 13 3.60555
3966.5 6 2.44949
3967.5 14 3.74166
3968.5 12 3.4641
3969.5 10 3.16228
3970.5 12 3.4641
3971.5 13 3.60555
3972.5 9 3
3973.5 8 2.82843
3974.5 7 2.64575
3975.5 6 2.44949
3976.5 8 2.82843
3977.5 2 1.41421
3978.5 9 3
3979.5 12 3.4641
3980.5 9 3
3981.5 16 4
3982.5 10 3.16228
3983.5 11 3.31662
3984.5 10 3.16228
3985.5 9 3
3986.5 9 3
3987.5 12 3.4641
3988.5 14 3.74166
3989.5 13 3.60555
3990.5 12 3.4641
3991.5 7 2.64575
3992.5 4 2
3993.5 14 3.74166
3994.5 12 3.4641
3995.5 12 3.4641
3996.5 14 3.74166
3997.5 12 3.4641
3998.5 11 3.31662
3999.5 7 2.64575
4000.5 7 2.64575
4001.5 8 2.82843
4002.5 14 3.74166
4003.5 12 3.4641
4004.5 9 3
4005.5 5 2.23607
4006.5 12 3.4641
4007.5 13 3.60555
4008.5 10 3.16228
4009.5 11 3.31662
4010.5 9 3
4011.5 9 3
4012.5 9 3
4013.5 14 3.74166
4014.5 13 3.60555
4015.5 14 3.74166
4016.5 15 3.87298
4017.5 13 3.60555
4018.5 14 3.74166
4019.5 9 3
4020.5 9 3
4021.5 10 3.16228
4022.5 15 3.87298
4023.5 7 2.64575
4024.5 5 2.23607
4025.5 13 3.60555
4026.5 6 2.44949
4027.5 8 2.82843
4028.5 7 2.64575
4029.5 11 3.31662
4030.5 10 3.16228
4031.5 11 3.31662
4032.5 15 3.87298
4033.5 10 3.16228
4034.5 13 3.60555
4035.5 11 3.31662
4036.5 10 3.16228
4037.5 11 3.31662
4038.5 11 3.31662
4039.5 11 3.31662
4040.5 7 2.64575
4041.5 17 4.12311
4042.5 13 3.60555
4043.5 11 3.31662
4044.5 13 3.60555
4045.5 13 3.60555
4046.5 8 2.82843
4047.5 12 3.4641
4048.5 9 3
4049.5 14 3.74166
4050.5 10 3.16228
4051.5 12 3.4641
4052.5 11 3.31662
4053.5 13 3.60555
4054.5 13 3.60555
4055.5 9 3
4056.5 7 2.64575
4057.5 10 3.16228
4058.5 12 3.4641
4059.5 10 3.16228
4060.5 12 3.4641
4061.5 12 3.4641
4062.5 12 3.4641
4063.5 8 2.82843
4064.5 5 2.23607
4065.5 9 3
4066.5 14 3.74166
4067.5 12 3.4641
4068.5 13 3.60555
4069.5 14 3.74166
4070.5 14 3.74166
4071.5 11 3.31662
4072.5 17 4.12311
4073.5 10 3.16228
4074.5 10 3.16228
4075.5 21 4.58258
4076.5 11 3.31662
4077.5 11 3.31662
4078.5 8 2.82843
4079.5 9 3
4080.5 12 3.4641
4081.5 11 3.31662
4082.5 11 3.31662
4083.5 12 3.4641
4084.5 15 3.87298
4085.5 14 3.74166
4086.5 9 3
4087.5 9 3
4088.5 10 3.16228
4089.5 11 3.31662
4090.5 12 3.4641
4091.5 4 2
4092.5 18 4.24264
4093.5 14 3.74166
4094.5 11 3.31662
4095.5 8 2.82843
4096.5 20 4.47214
4097.5 13 3.60555
4098.5 19 4.3589
4099.5 13 3.60555
4100.5 17 4.12311
4101.5 10 3.16228
4102.5 18 4.24264
4103.5 10 3.16228
4104.5 8 2.82843
4105.5 13 3.60555
4106.5 16 4
4107.5 13 3.60555
4108.5 9 3
4109.5 14 3.74166
4110.5 11 3.31662
4111.5 7 2.64575
4112.5 12 3.4641
4113.5 16 4
4114.5 13 3.60555
4115.5 10 3.16228
4116.5 13 3.60555
4117.5 8 2.82843
4118.5 16 4
4119.5 18 4.24264
4120.5 12 3.4641
4121.5 11 3.31662
4122.5 6 2.44949
4123.5 2 1.41421
4124.5 11 3.31662
4125.5 7 2.64575
4126.5 8 2.82843
4127.5 13 3.60555
4128.5 13 3.60555
4129.5 12 3.4641
4130.5 11 3.31662
4131.5 11 3.31662
4132.5 10 3.16228
4133.5 4 2
4134.5 6 2.44949
4135.5 12 3.4641
4136.5 6 2.44949
4137.5 10 3.16228
4138.5 11 3.31662
4139.5 11 3.31662
4140.5 7 2.64575
4141.5 9 3
4142.5 15 3.87298
4143.5 7 2.64575
4144.5 13 3.60555
4145.5 11 3.31662
4146.5 14 3.74166
4147.5 6 2.44949
4148.5 9 3
4149.5 9 3
4150.5 9 3
4151.5 8 2.82843
4152.5 8 2.82843
4153.5 12 3.4641
4154.5 9 3
4155.5 7 2.64575
4156.5 10 3.16228
4157.5 14 3.74166
4158.5 8 2.82843
4159.5 7 2.64575
4160.5 14 3.74166
4161.5 10 3.16228
4162.5 6 2.44949
4163.5 11 3.31662
4164.5 13 3.60555
4165.5 6 2.44949
4166.5 6 2.44949
4167.5 11 3.31662
4168.5 9 3
4169.5 11 3.31662
4170.5 12 3.4641
4171.5 13 3.60555
4172.5 13 3.60555
4173.5 16 4
4174.5 8 2.82843
4175.5 10 3.16228
4176.5 12 3.4641
4177.5 8 2.82843
4178.5 7 2.64575
4179.5 11 3.31662
4180.5 10 3.16228
4181.5 9 3
4182.5 12 3.4641
4183.5 4 2
4184.5 6 2.44949
4185.5 14 3.74166
4186.5 8 2.82843
4187.5 12 3.4641
4188.5 7 2.64575
4189.5 13 3.60555
4190.5 9 3
4191.5 7 2.64575
4192.5 13 3.60555
4193.5 10 3.16228
4194.5 10 3.16228
4195.5 13 3.60555
4196.5 10 3.16228
4197.5 11 3.31662
4198.5 13 3.60555
4199.5 5 2.23607
4200.5 10 3.16228
4201.5 6 2.44949
4202.5 9 3
4203.5 7 2.64575
4204.5 11 3.31662
4205.5 6 2.44949
4206.5 9 3
4207.5 12 3.4641
4208.5 11 3.31662
4209.5 14 3.74166
4210.5 11 3.31662
4211.5 13 3.60555
4212.5 6 2.44949
4213.5 14 3.74166
4214.5 12 3.4641
4215.5 13 3.60555
4216.5 6 2.44949
4217.5 6 2.44949
4218.5 8 2.82843
4219.5 8 2.82843
4220.5 8 2.82843
4221.5 8 2.82843
4222.5 10 3.16228
4223.5 9 3
4224.5 3 1.73205
4225.5 9 3
4226.5 18 4.24264
4227.5 6 2.44949
4228.5 10 3.16228
4229.5 8 2.82843
4230.5 17 4.12311
4231.5 9 3
4232.5 8 2.82843
4233.5 9 3
4234.5 16 4
4235.5 11 3.31662
4236.5 11 3.31662
4237.5 16 4
4238.5 8 2.82843
4239.5 11 3.31662
4240.5 14 3.74166
4241.5 6 2.44949
4242.5 7 2.64575
4243.5 14 3.74166
4244.5 8 2.82843
4245.5 10 3.16228
4246.5 7 2.64575
4247.5 11 3.31662
4248.5 14 3.74166
4249.5 12 3.4641
4250.5 12 3.4641
4251.5 6 2.44949
4252.5 7 2.64575
4253.5 15 3.87298
4254.5 12 3.4641
4255.5 13 3.60555
4256.5 6 2.44949
4257.5 6 2.44949
4258.5 9 3
4259.5 12 3.4641
4260.5 9 3
4261.5 5 2.23607
4262.5 12 3.4641
4263.5 6 2.44949
4264.5 14 3.74166
4265.5 6 2.44949
4266.5 10 3.16228
4267.5 7 2.64575
4268.5 8 2.82843
4269.5 8 2.82843
4270.5 11 3.31662
4271.5 9 3
4272.5 5 2.23607
4273.5 9 3
4274.5 7 2.64575
4275.5 16 4
4276.5 12 3.4641
4277.5 13 3.60555
4278.5 9 3
4279.5 7 2.64575
4280.5 6 2.44949
4281.5 6 2.44949
4282.5 12 3.4641
4283.5 12 3.4641
4284.5 7 2.64575
4285.5 11 3.31662
4286.5 16 4
4287.5 11 3.31662
4288.5 6 2.44949
4289.5 8 2.82843
4290.5 9 3
4291.5 6 2.44949
4292.5 10 3.16228
4293.5 10 3.16228
4294.5 17 4.12311
4295.5 7 2.64575
4296.5 15 3.87298
4297.5 13 3.60555
4298.5 4 2
4299.5 11 3.31662
4300.5 16 4
4301.5 10 3.16228
4302.5 14 3.74166
4303.5 7 2.64575
4304.5 6 2.44949
4305.5 10 3.16228
4306.5 8 2.82843
4307.5 10 3.16228
4308.5 5 2.23607
4309.5 12 3.4641
4310.5 5 2.23607
4311.5 11 3.31662
4312.5 12 3.4641
4313.5 12 3.4641
4314.5 8 2.82843
4315.5 6 2.44949
4316.5 11 3.31662
4317.5 10 3.16228
4318.5 13 3.60555
4319.5 8 2.82843
4320.5 9 3
4321.5 15 3.87298
4322.5 11 3.31662
4323.5 10 3.16228
4324.5 11 3.31662
4325.5 12 3.4641
4326.5 10 3.16228
4327.5 16 4
4328.5 10 3.16228
4329.5 10 3.16228
4330.5 9 3
4331.5 11 3.31662
4332.5 7 2.64575
4333.5 9 3
4334.5 7 2.64575
4335.5 7 2.64575
4336.5 13 3.60555
4337.5 8 2.82843
4338.5 8 2.82843
4339.5 16 4
4340.5 9 3
4341.5 2 1.41421
4342.5 10 3.16228
4343.5 9 3
4344.5 16 4
4345.5 6 2.44949
4346.5 10 3.16228
4347.5 9 3
4348.5 8 2.82843
4349.5 12 3.4641
4350.5 8 2.82843
4351.5 11 3.31662
4352.5 11 3.31662
4353.5 12 3.4641
4354.5 11 3.31662
4355.5 8 2.82843
4356.5 15 3.87298
4357.5 13 3.60555
4358.5 8 2.82843
4359.5 14 3.74166
4360.5 10 3.16228
4361.5 10 3.16228
4362.5 11 3.31662
4363.5 8 2.82843
4364.5 11 3.31662
4365.5 9 3
4366.5 9 3
4367.5 11 3.31662
4368.5 11 3.31662
4369.5 11 3.31662
4370.5 6 2.44949
4371.5 12 3.4641
4372.5 8 2.82843
4373.5 10 3.16228
4374.5 8 2.82843
4375.5 11 3.31662
4376.5 4 2
4377.5 8 2.82843
4378.5 8 2.82843
4379.5 9 3
4380.5 8 2.82843
4381.5 8 2.82843
4382.5 9 3
4383.5 7 2.64575
4384.5 7 2.64575
4385.5 8 2.82843
4386.5 13 3.60555
4387.5 7 2.64575
4388.5 9 3
4389.5 13 3.60555
4390.5 10 3.16228
4391.5 7 2.64575
4392.5 11 3.31662
4393.5 7 2.64575
4394.5 9 3
4395.5 9 3
4396.5 14 3.74166
4397.5 8 2.82843
4398.5 10 3.16228
4399.5 5 2.23607
4400.5 6 2.44949
4401.5 11 3.31662
4402.5 8 2.82843
4403.5 11 3.31662
4404.5 9 3
4405.5 8 2.82843
4406.5 7 2.64575
4407.5 11 3.31662
4408.5 16 4
4409.5 11 3.31662
4410.5 11 3.31662
4411.5 13 3.60555
4412.5 14 3.74166
4413.5 5 2.23607
4414.5 10 3.16228
4415.5 6 2.44949
4416.5 5 2.23607
4417.5 11 3.31662
4418.5 11 3.31662
4419.5 10 3.16228
4420.5 7 2.64575
4421.5 8 2.82843
4422.5 9 3
4423.5 4 2
4424.5 8 2.82843
4425.5 7 2.64575
4426.5 8 2.82843
4427.5 12 3.4641
4428.5 8 2.82843
4429.5 7 2.64575
4430.5 11 3.31662
4431.5 12 3.4641
4432.5 9 3
4433.5 13 3.60555
4434.5 4 2
4435.5 7 2.64575
4436.5 7 2.64575
4437.5 9 3
4438.5 11 3.31662
4439.5 7 2.64575
4440.5 10 3.16228
4441.5 12 3.4641
4442.5 6 2.44949
4443.5 8 2.82843
4444.5 9 3
4445.5 8 2.82843
4446.5 14 3.74166
4447.5 7 2.64575
4448.5 10 3.16228
4449.5 6 2.44949
4450.5 10 3.16228
4451.5 6 2.44949
4452.5 9 3
4453.5 10 3.16228
4454.5 12 3.4641
4455.5 9 3
4456.5 8 2.82843
4457.5 8 2.82843
4458.5 14 3.74166
4459.5 9 3
4460.5 10 3.16228
4461.5 4 2
4462.5 4 2
4463.5 9 3
4464.5 8 2.82843
4465.5 5 2.23607
4466.5 8 2.82843
4467.5 18 4.24264
4468.5 10 3.16228
4469.5 9 3
4470.5 8 2.82843
4471.5 10 3.16228
4472.5 9 3
4473.5 12 3.4641
4474.5 11 3.31662
4475.5 7 2.64575
4476.5 10 3.16228
4477.5 8 2.82843
4478.5 2 1.41421
4479.5 10 3.16228
4480.5 12 3.4641
4481.5 15 3.87298
4482.5 10 3.16228
4483.5 14 3.74166
4484.5 5 2.23607
4485.5 7 2.64575
4486.5 8 2.82843
4487.5 9 3
4488.5 12 3.4641
4489.5 8 2.82843
4490.5 11 3.31662
4491.5 15 3.87298
4492.5 10 3.16228
4493.5 10 3.16228
4494.5 7 2.64575
4495.5 10 3.16228
4496.5 10 3.16228
4497.5 10 3.16228
4498.5 11 3.31662
4499.5 13 3.60555
4500.5 10 3.16228
4501.5 7 2.64575
4502.5 11 3.31662
4503.5 11 3.31662
4504.5 10 3.16228
4505.5 12 3.4641
4506.5 12 3.4641
4507.5 14 3.74166
4508.5 11 3.31662
4509.5 9 3
4510.5 13 3.60555
4511.5 10 3.16228
4512.5 13 3.60555
4513.5 7 2.64575
4514.5 9 3
4515.5 12 3.4641
4516.5 8 2.82843
4517.5 10 3.16228
4518.5 11 3.31662
4519.5 11 3.31662
4520.5 10 3.16228
4521.5 5 2.23607
4522.5 7 2.64575
4523.5 8 2.82843
4524.5 6 2.44949
4525.5 10 3.16228
4526.5 8 2.82843
4527.5 10 3.16228
4528.5 5 2.23607
4529.5 20 4.47214
4530.5 9 3
4531.5 8 2.82843
4532.5 10 3.16228
4533.5 7 2.64575
4534.5 10 3.16228
4535.5 4 2
4536.5 13 3.60555
4537.5 9 3
4538.5 8 2.82843
4539.5 14 3.74166
4540.5 7 2.64575
4541.5 5 2.23607
4542.5 13 3.60555
4543.5 8 2.82843
4544.5 6 2.44949
4545.5 5 2.23607
4546.5 12 3.4641
4547.5 7 2.64575
4548.5 11 3.31662
4549.5 9 3
4550.5 9 3
4551.5 12 3.4641
4552.5 9 3
4553.5 12 3.4641
4554.5 9 3
4555.5 9 3
4556.5 12 3.4641
4557.5 6 2.44949
4558.5 8 2.82843
4559.5 7 2.64575
4560.5 5 2.23607
4561.5 13 3.60555
4562.5 3 1.73205
4563.5 10 3.16228
4564.5 5 2.23607
4565.5 10 3.16228
4566.5 10 3.16228
4567.5 11 3.31662
4568.5 8 2.82843
4569.5 6 2.44949
4570.5 10 3.16228
4571.5 9 3
4572.5 12 3.4641
4573.5 6 2.44949
4574.5 15 3.87298
4575.5 9 3
4576.5 9 3
4577.5 14 3.74166
4578.5 10 3.16228
4579.5 10 3.16228
4580.5 7 2.64575
4581.5 15 3.87298
4582.5 6 2.44949
4583.5 10 3.16228
4584.5 11 3.31662
4585.5 14 3.74166
4586.5 12 3.4641
4587.5 8 2.82843
4588.5 7 2.64575
4589.5 11 3.31662
4590.5 15 3.87298
4591.5 12 3.4641
4592.5 12 3.4641
4593.5 8 2.82843
4594.5 10 3.16228
4595.5 12 3.4641
4596.5 6 2.44949
4597.5 7 2.64575
4598.5 14 3.74166
4599.5 6 2.44949
4600.5 13 3.60555
4601.5 5 2.23607
4602.5 7 2.64575
4603.5 9 3
4604.5 14 3.74166
4605.5 2 1.41421
4606.5 11 3.31662
4607.5 6 2.44949
4608.5 10 3.16228
4609.5 12 3.4641
4610.5 9 3
4611.5 7 2.64575
4612.5 9 3
4613.5 13 3.60555
4614.5 9 3
4615.5 8 2.82843
4616.5 3 1.73205
4617.5 6 2.44949
4618.5 6 2.44949
4619.5 11 3.31662
4620.5 5 2.23607
4621.5 7 2.64575
4622.5 8 2.82843
4623.5 10 3.16228
4624.5 8 2.82843
4625.5 11 3.31662
4626.5 5 2.23607
4627.5 7 2.64575
4628.5 9 3
4629.5 9 3
4630.5 10 3.16228
4631.5 6 2.44949
4632.5 6 2.44949
4633.5 13 3.60555
4634.5 12 3.4641
4635.5 9 3
4636.5 6 2.44949
4637.5 5 2.23607
4638.5 8 2.82843
4639.5 6 2.44949
4640.5 9 3
4641.5 7 2.64575
4642.5 6 2.44949
4643.5 9 3
4644.5 9 3
4645.5 11 3.31662
4646.5 9 3
4647.5 13 3.60555
4648.5 7 2.64575
4649.5 16 4
4650.5 12 3.4641
4651.5 9 3
4652.5 9 3
4653.5 9 3
4654.5 9 3
4655.5 10 3.16228
4656.5 8 2.82843
4657.5 12 3.4641
4658.5 8 2.82843
4659.5 7 2.64575
4660.5 7 2.64575
4661.5 14 3.74166
4662.5 5 2.23607
4663.5 4 2
4664.5 6 2.44949
4665.5 5 2.23607
4666.5 5 2.23607
4667.5 9 3
4668.5 5 2.23607
4669.5 8 2.82843
4670.5 6 2.44949
4671.5 9 3
4672.5 6 2.44949
4673.5 7 2.64575
4674.5 7 2.64575
4675.5 7 2.64575
4676.5 10 3.16228
4677.5 10 3.16228
4678.5 8 2.82843
4679.5 8 2.82843
4680.5 12 3.4641
4681.5 9 3
4682.5 14 3.74166
4683.5 12 3.4641
4684.5 9 3
4685.5 8 2.82843
4686.5 13 3.60555
4687.5 7 2.64575
4688.5 10 3.16228
4689.5 12 3.4641
4690.5 7 2.64575
4691.5 13 3.60555
4692.5 10 3.16228
4693.5 14 3.74166
4694.5 12 3.4641
4695.5 5 2.23607
4696.5 3 1.73205
4697.5 11 3.31662
4698.5 7 2.64575
4699.5 12 3.4641
4700.5 9 3
4701.5 10 3.16228
4702.5 7 2.64575
4703.5 8 2.82843
4704.5 7 2.64575
4705.5 9 3
4706.5 12 3.4641
4707.5 11 3.31662
4708.5 10 3.16228
4709.5 14 3.74166
4710.5 4 2
4711.5 13 3.60555
4712.5 9 3
4713.5 11 3.31662
4714.5 6 2.44949
4715.5 6 2.44949
4716.5 5 2.23607
4717.5 6 2.44949
4718.5 5 2.23607
4719.5 10 3.16228
4720.5 8 2.82843
4721.5 7 2.64575
4722.5 10 3.16228
4723.5 6 2.44949
4724.5 11 3.31662
4725.5 7 2.64575
4726.5 9 3
4727.5 10 3.16228
4728.5 5 2.23607
4729.5 6 2.44949
4730.5 10 3.16228
4731.5 13 3.60555
4732.5 7 2.64575
4733.5 7 2.64575
4734.5 10 3.16228
4735.5 10 3.16228
4736.5 18 4.24264
4737.5 8 2.82843
4738.5 6 2.44949
4739.5 9 3
4740.5 9 3
4741.5 5 2.23607
4742.5 7 2.64575
4743.5 9 3
4744.5 6 2.44949
4745.5 6 2.44949
4746.5 6 2.44949
4747.5 10 3.16228
4748.5 10 3.16228
4749.5 10 3.16228
4750.5 8 2.82843
4751.5 8 2.82843
4752.5 11 3.31662
4753.5 7 2.64575
4754.5 9 3
4755.5 9 3
4756.5 6 2.44949
4757.5 8 2.82843
4758.5 9 3
4759.5 12 3.4641
4760.5 8 2.82843
4761.5 7 2.64575
4762.5 8 2.82843
4763.5 11 3.31662
4764.5 7 2.64575
4765.5 8 2.82843
4766.5 10 3.16228
4767.5 8 2.82843
4768.5 10 3.16228
4769.5 8 2.82843
4770.5 9 3
4771.5 7 2.64575
4772.5 11 3.31662
4773.5 9 3
4774.5 12 3.4641
4775.5 8 2.82843
4776.5 7 2.64575
4777.5 12 3.4641
4778.5 9 3
4779.5 13 3.60555
4780.5 16 4
4781.5 6 2.44949
4782.5 10 3.16228
4783.5 12 3.4641
4784.5 14 3.74166
4785.5 10 3.16228
4786.5 7 2.64575
4787.5 8 2.82843
4788.5 13 3.60555
4789.5 8 2.82843
4790.5 9 3
4791.5 9 3
4792.5 7 2.64575
4793.5 6 2.44949
4794.5 11 3.31662
4795.5 6 2.44949
4796.5 6 2.44949
4797.5 12 3.4641
4798.5 3 1.73205
4799.5 7 2.64575
4800.5 7 2.64575
4801.5 14 3.74166
4802.5 7 2.64575
4803.5 11 3.31662
4804.5 11 3.31662
4805.5 16 4
4806.5 10 3.16228
4807.5 12 3.4641
4808.5 12 3.4641
4809.5 10 3.16228
4810.5 10 3.16228
4811.5 12 3.4641
4812.5 10 3.16228
4813.5 8 2.82843
4814.5 11 3.31662
4815.5 10 3.16228
4816.5 9 3
4817.5 11 3.31662
4818.5 7 2.64575
4819.5 10 3.16228
4820.5 10 3.16228
4821.5 10 3.16228
4822.5 12 3.4641
4823.5 12 3.4641
4824.5 12 3.4641
4825.5 6 2.44949
4826.5 12 3.4641
4827.5 13 3.60555
4828.5 9 3
4829.5 4 2
4830.5 12 3.4641
4831.5 12 3.4641
4832.5 8 2.82843
4833.5 7 2.64575
4834.5 6 2.44949
4835.5 5 2.23607
4836.5 9 3
4837.5 6 2.44949
4838.5 8 2.82843
4839.5 13 3.60555
4840.5 12 3.4641
4841.5 5 2.23607
4842.5 4 2
4843.5 7 2.64575
4844.5 6 2.44949
4845.5 7 2.64575
4846.5 11 3.31662
4847.5 13 3.60555
4848.5 15 3.87298
4849.5 11 3.31662
4850.5 11 3.31662
4851.5 8 2.82843
4852.5 7 2.64575
4853.5 16 4
4854.5 12 3.4641
4855.5 20 4.47214
4856.5 14 3.74166
4857.5 10 3.16228
4858.5 13 3.60555
4859.5 6 2.44949
4860.5 14 3.74166
4861.5 12 3.4641
4862.5 6 2.44949
4863.5 6 2.44949
4864.5 8 2.82843
4865.5 10 3.16228
4866.5 11 3.31662
4867.5 6 2.44949
4868.5 5 2.23607
4869.5 12 3.4641
4870.5 3 1.73205
4871.5 7 2.64575
4872.5 7 2.64575
4873.5 5 2.23607
4874.5 11 3.31662
4875.5 9 3
4876.5 13 3.60555
4877.5 8 2.82843
4878.5 13 3.60555
4879.5 11 3.31662
4880.5 11 3.31662
4881.5 6 2.44949
4882.5 10 3.16228
4883.5 7 2.64575
4884.5 6 2.44949
4885.5 3 1.73205
4886.5 10 3.16228
4887.5 9 3
4888.5 6 2.44949
4889.5 7 2.64575
4890.5 8 2.82843
4891.5 9 3
4892.5 3 1.73205
4893.5 14 3.74166
4894.5 11 3.31662
4895.5 6 2.44949
4896.5 11 3.31662
4897.5 10 3.16228
4898.5 8 2.82843
4899.5 11 3.31662
4900.5 7 2.64575
4901.5 11 3.31662
4902.5 8 2.82843
4903.5 9 3
4904.5 9 3
4905.5 11 3.31662
4906.5 7 2.64575
4907.5 9 3
4908.5 14 3.74166
4909.5 6 2.44949
4910.5 5 2.23607
4911.5 9 3
4912.5 9 3
4913.5 9 3
4914.5 14 3.74166
4915.5 6 2.44949
4916.5 6 2.44949
4917.5 4 2
4918.5 8 2.82843
4919.5 5 2.23607
4920.5 10 3.16228
4921.5 11 3.31662
4922.5 5 2.23607
4923.5 9 3
4924.5 9 3
4925.5 9 3
4926.5 8 2.82843
4927.5 9 3
4928.5 14 3.74166
4929.5 6 2.44949
4930.5 5 2.23607
4931.5 14 3.74166
4932.5 7 2.64575
4933.5 7 2.64575
4934.5 13 3.60555
4935.5 6 2.44949
4936.5 8 2.82843
4937.5 6 2.44949
4938.5 6 2.44949
4939.5 12 3.4641
4940.5 11 3.31662
4941.5 12 3.4641
4942.5 7 2.64575
4943.5 10 3.16228
4944.5 9 3
4945.5 6 2.44949
4946.5 8 2.82843
4947.5 7 2.64575
4948.5 14 3.74166
4949.5 10 3.16228
4950.5 8 2.82843
4951.5 5 2.23607
4952.5 4 2
4953.5 7 2.64575
4954.5 6 2.44949
4955.5 11 3.31662
4956.5 6 2.44949
4957.5 5 2.23607
4958.5 18 4.24264
4959.5 7 2.64575
4960.5 11 3.31662
4961.5 6 2.44949
4962.5 10 3.16228
4963.5 2 1.41421
4964.5 11 3.31662
4965.5 11 3.31662
4966.5 4 2
4967.5 11 3.31662
4968.5 5 2.23607
4969.5 10 3.16228
4970.5 9 3
4971.5 9 3
4972.5 9 3
4973.5 3 1.73205
4974.5 14 3.74166
4975.5 8 2.82843
4976.5 9 3
4977.5 10 3.16228
4978.5 9 3
4979.5 12 3.4641
4980.5 13 3.60555
4981.5 11 3.31662
4982.5 8 2.82843
4983.5 5 2.23607
4984.5 12 3.4641
4985.5 9 3
4986.5 6 2.44949
4987.5 6 2.44949
4988.5 8 2.82843
4989.5 11 3.31662
4990.5 6 2.44949
4991.5 8 2.82843
4992.5 9 3
4993.5 7 2.64575
4994.5 7 2.64575
4995.5 6 2.44949
4996.5 10 3.16228
4997.5 8 2.82843
4998.5 7 2.64575
4999.5 10 3.16228
5000.5 7 2.64575
5001.5 6 2.44949
5002.5 6 2.44949
5003.5 0 0
5004.5 6 2.44949
5005.5 6 2.44949
5006.5 7 2.64575
5007.5 7 2.64575
5008.5 10 3.16228
5009.5 5 2.23607
5010.5 13 3.60555
5011.5 6 2.44949
5012.5 7 2.64575
5013.5 6 2.44949
5014.5 4 2
5015.5 6 2.44949
5016.5 8 2.82843
5017.5 11 3.31662
5018.5 8 2.82843
5019.5 7 2.64575
5020.5 9 3
5021.5 8 2.82843
5022.5 10 3.16228
5023.5 6 2.44949
5024.5 9 3
5025.5 7 2.64575
5026.5 3 1.73205
5027.5 4 2
5028.5 16 4
5029.5 8 2.82843
5030.5 13 3.60555
5031.5 7 2.64575
5032.5 9 3
5033.5 7 2.64575
5034.5 9 3
5035.5 12 3.4641
5036.5 11 3.31662
5037.5 7 2.64575
5038.5 7 2.64575
5039.5 8 2.82843
5040.5 8 2.82843
5041.5 8 2.82843
5042.5 10 3.16228
5043.5 12 3.4641
5044.5 9 3
5045.5 9 3
5046.5 8 2.82843
5047.5 5 2.23607
5048.5 9 3
5049.5 6 2.44949
5050.5 8 2.82843
5051.5 9 3
5052.5 5 2.23607
5053.5 10 3.16228
5054.5 2 1.41421
5055.5 8 2.82843
5056.5 7 2.64575
5057.5 9 3
5058.5 6 2.44949
5059.5 7 2.64575
5060.5 5 2.23607
5061.5 6 2.44949
5062.5 9 3
5063.5 9 3
5064.5 12 3.4641
5065.5 6 2.44949
5066.5 13 3.60555
5067.5 6 2.44949
5068.5 8 2.82843
5069.5 3 1.73205
5070.5 8 2.82843
5071.5 5 2.23607
5072.5 9 3
5073.5 7 2.64575
5074.5 7 2.64575
5075.5 6 2.44949
5076.5 7 2.64575
5077.5 3 1.73205
5078.5 10 3.16228
5079.5 6 2.44949
5080.5 6 2.44949
5081.5 9 3
5082.5 8 2.82843
5083.5 8 2.82843
5084.5 5 2.23607
5085.5 12 3.4641
5086.5 7 2.64575
5087.5 4 2
5088.5 11 3.31662
5089.5 12 3.4641
5090.5 8 2.82843
5091.5 7 2.64575
5092.5 16 4
5093.5 8 2.82843
5094.5 6 2.44949
5095.5 8 2.82843
5096.5 4 2
5097.5 8 2.82843
5098.5 11 3.31662
5099.5 9 3
5100.5 13 3.60555
5101.5 5 2.23607
5102.5 6 2.44949
5103.5 11 3.31662
5104.5 11 3.31662
5105.5 11 3.31662
5106.5 4 2
5107.5 9 3
5108.5 15 3.87298
5109.5 8 2.82843
5110.5 10 3.16228
5111.5 11 3.31662
5112.5 8 2.82843
5113.5 6 2.44949
5114.5 10 3.16228
5115.5 5 2.23607
5116.5 11 3.31662
5117.5 6 2.44949
5118.5 10 3.16228
5119.5 9 3
5120.5 4 2
5121.5 6 2.44949
5122.5 7 2.64575
5123.5 9 3
5124.5 14 3.74166
5125.5 3 1.73205
5126.5 7 2.64575
5127.5 13 3.60555
5128.5 10 3.16228
5129.5 6 2.44949
5130.5 6 2.44949
5131.5 4 2
5132.5 8 2.82843
5133.5 8 2.82843
5134.5 13 3.60555
5135.5 8 2.82843
5136.5 7 2.64575
5137.5 7 2.64575
5138.5 8 2.82843
5139.5 7 2.64575
5140.5 4 2
5141.5 14 3.74166
5142.5 10 3.16228
5143.5 13 3.60555
5144.5 7 2.64575
5145.5 7 2.64575
5146.5 7 2.64575
5147.5 8 2.82843
5148.5 12 3.4641
5149.5 8 2.82843
5150.5 9 3
5151.5 8 2.82843
5152.5 9 3
5153.5 5 2.23607
5154.5 8 2.82843
5155.5 8 2.82843
5156.5 8 2.82843
5157.5 7 2.64575
5158.5 10 3.16228
5159.5 13 3.60555
5160.5 8 2.82843
5161.5 16 4
5162.5 14 3.74166
5163.5 10 3.16228
5164.5 5 2.23607
5165.5 5 2.23607
5166.5 8 2.82843
5167.5 5 2.23607
5168.5 11 3.31662
5169.5 13 3.60555
5170.5 5 2.23607
5171.5 8 2.82843
5172.5 5 2.23607
5173.5 10 3.16228
5174.5 8 2.82843
5175.5 16 4
5176.5 9 3
5177.5 8 2.82843
5178.5 6 2.44949
5179.5 9 3
5180.5 7 2.64575
5181.5 14 3.74166
5182.5 7 2.64575
5183.5 6 2.44949
5184.5 12 3.4641
5185.5 16 4
5186.5 4 2
5187.5 10 3.16228
5188.5 10 3.16228
5189.5 12 3.4641
5190.5 8 2.82843
5191.5 7 2.64575
5192.5 8 2.82843
5193.5 10 3.16228
5194.5 12 3.4641
5195.5 3 1.73205
5196.5 5 2.23607
5197.5 7 2.64575
5198.5 8 2.82843
5199.5 8 2.82843
5200.5 8 2.82843
5201.5 13 3.60555
5202.5 8 2.82843
5203.5 5 2.23607
5204.5 5 2.23607
5205.5 11 3.31662
5206.5 7 2.64575
5207.5 6 2.44949
5208.5 6 2.44949
5209.5 5 2.23607
5210.5 7 2.64575
5211.5 9 3
5212.5 13 3.60555
5213.5 5 2.23607
5214.5 4 2
5215.5 8 2.82843
5216.5 5 2.23607
5217.5 6 2.44949
5218.5 7 2.64575
5219.5 7 2.64575
5220.5 3 1.73205
5221.5 6 2.44949
5222.5 7 2.64575
5223.5 9 3
5224.5 6 2.44949
5225.5 10 3.16228
5226.5 10 3.16228
5227.5 4 2
5228.5 11 3.31662
5229.5 8 2.82843
5230.5 9 3
5231.5 9 3
5232.5 10 3.16228
5233.5 7 2.64575
5234.5 8 2.82843
5235.5 10 3.16228
5236.5 3 1.73205
5237.5 9 3
5238.5 3 1.73205
5239.5 8 2.82843
5240.5 7 2.64575
5241.5 6 2.44949
5242.5 9 3
5243.5 10 3.16228
5244.5 10 3.16228
5245.5 12 3.4641
5246.5 8 2.82843
5247.5 7 2.64575
5248.5 18 4.24264
5249.5 4 2
5250.5 11 3.31662
5251.5 10 3.16228
5252.5 10 3.16228
5253.5 17 4.12311
5254.5 7 2.64575
5255.5 14 3.74166
5256.5 12 3.4641
5257.5 8 2.82843
5258.5 4 2
5259.5 7 2.64575
5260.5 9 3
5261.5 8 2.82843
5262.5 7 2.64575
5263.5 10 3.16228
5264.5 6 2.44949
5265.5 6 2.44949
5266.5 9 3
5267.5 9 3
5268.5 9 3
5269.5 14 3.74166
5270.5 8 2.82843
5271.5 17 4.12311
5272.5 14 3.74166
5273.5 29 5.38516
5274.5 22 4.69042
5275.5 30 5.47723
5276.5 26 5.09902
5277.5 26 5.09902
5278.5 33 5.74456
5279.5 28 5.2915
5280.5 43 6.55744
5281.5 47 6.85565
5282.5 38 6.16441
5283.5 51 7.14143
5284.5 45 6.7082
5285.5 47 6.85565
5286.5 28 5.2915
5287.5 23 4.79583
5288.5 27 5.19615
5289.5 22 4.69042
5290.5 22 4.69042
5291.5 10 3.16228
5292.5 5 2.23607
5293.5 14 3.74166
5294.5 15 3.87298
5295.5 11 3.31662
5296.5 9 3
5297.5 12 3.4641
5298.5 6 2.44949
5299.5 8 2.82843
5300.5 10 3.16228
5301.5 12 3.4641
5302.5 9 3
5303.5 8 2.82843
5304.5 7 2.64575
5305.5 7 2.64575
5306.5 8 2.82843
5307.5 3 1.73205
5308.5 9 3
5309.5 3 1.73205
5310.5 6 2.44949
5311.5 5 2.23607
5312.5 10 3.16228
5313.5 12 3.4641
5314.5 14 3.74166
5315.5 10 3.16228
5316.5 7 2.64575
5317.5 13 3.60555
5318.5 6 2.44949
5319.5 12 3.4641
5320.5 7 2.64575
5321.5 9 3
5322.5 7 2.64575
5323.5 11 3.31662
5324.5 6 2.44949
5325.5 10 3.16228
5326.5 11 3.31662
5327.5 9 3
5328.5 7 2.64575
5329.5 6 2.44949
5330.5 7 2.64575
5331.5 10 3.16228
5332.5 4 2
5333.5 10 3.16228
5334.5 15 3.87298
5335.5 9 3
5336.5 12 3.4641
5337.5 5 2.23607
5338.5 13 3.60555
5339.5 8 2.82843
5340.5 8 2.82843
5341.5 8 2.82843
5342.5 10 3.16228
5343.5 6 2.44949
5344.5 7 2.64575
5345.5 13 3.60555
5346.5 12 3.4641
5347.5 9 3
5348.5 2 1.41421
5349.5 7 2.64575
5350.5 12 3.4641
5351.5 9 3
5352.5 11 3.31662
5353.5 15 3.87298
5354.5 10 3.16228
5355.5 8 2.82843
5356.5 7 2.64575
5357.5 7 2.64575
5358.5 7 2.64575
5359.5 8 2.82843
5360.5 3 1.73205
5361.5 8 2.82843
5362.5 8 2.82843
5363.5 6 2.44949
5364.5 10 3.16228
5365.5 8 2.82843
5366.5 5 2.23607
5367.5 6 2.44949
5368.5 8 2.82843
5369.5 6 2.44949
5370.5 9 3
5371.5 10 3.16228
5372.5 16 4
5373.5 11 3.31662
5374.5 11 3.31662
5375.5 8 2.82843
5376.5 6 2.44949
5377.5 6 2.44949
5378.5 3 1.73205
5379.5 11 3.31662
5380.5 10 3.16228
5381.5 7 2.64575
5382.5 13 3.60555
5383.5 8 2.82843
5384.5 10 3.16228
5385.5 9 3
5386.5 10 3.16228
5387.5 7 2.64575
5388.5 9 3
5389.5 8 2.82843
5390.5 8 2.82843
5391.5 9 3
5392.5 6 2.44949
5393.5 5 2.23607
5394.5 7 2.64575
5395.5 16 4
5396.5 8 2.82843
5397.5 14 3.74166
5398.5 5 2.23607
5399.5 5 2.23607
5400.5 10 3.16228
5401.5 7 2.64575
5402.5 3 1.73205
5403.5 7 2.64575
5404.5 4 2
5405.5 5 2.23607
5406.5 7 2.64575
5407.5 9 3
5408.5 9 3
5409.5 8 2.82843
5410.5 6 2.44949
5411.5 8 2.82843
5412.5 12 3.4641
5413.5 5 2.23607
5414.5 10 3.16228
5415.5 15 3.87298
5416.5 10 3.16228
5417.5 9 3
5418.5 10 3.16228
5419.5 4 2
5420.5 7 2.64575
5421.5 5 2.23607
5422.5 9 3
5423.5 6 2.44949
5424.5 8 2.82843
5425.5 9 3
5426.5 9 3
5427.5 11 3.31662
5428.5 5 2.23607
5429.5 5 2.23607
5430.5 6 2.44949
5431.5 6 2.44949
5432.5 8 2.82843
5433.5 7 2.64575
5434.5 2 1.41421
5435.5 11 3.31662
5436.5 7 2.64575
5437.5 8 2.82843
5438.5 5 2.23607
5439.5 6 2.44949
5440.5 8 2.82843
5441.5 5 2.23607
5442.5 8 2.82843
5443.5 7 2.64575
5444.5 10 3.16228
5445.5 6 2.44949
5446.5 15 3.87298
5447.5 10 3.16228
5448.5 7 2.64575
5449.5 8 2.82843
5450.5 11 3.31662
5451.5 11 3.31662
5452.5 7 2.64575
5453.5 7 2.64575
5454.5 12 3.4641
5455.5 10 3.16228
5456.5 8 2.82843
5457.5 9 3
5458.5 8 2.82843
5459.5 8 2.82843
5460.5 7 2.64575
5461.5 6 2.44949
5462.5 8 2.82843
5463.5 4 2
5464.5 8 2.82843
5465.5 11 3.31662
5466.5 9 3
5467.5 9 3
5468.5 11 3.31662
5469.5 6 2.44949
5470.5 12 3.4641
5471.5 11 3.31662
5472.5 7 2.64575
5473.5 6 2.44949
5474.5 7 2.64575
5475.5 9 3
5476.5 12 3.4641
5477.5 8 2.82843
5478.5 4 2
5479.5 13 3.60555
5480.5 9 3
5481.5 9 3
5482.5 12 3.4641
5483.5 7 2.64575
5484.5 7 2.64575
5485.5 17 4.12311
5486.5 9 3
5487.5 4 2
5488.5 8 2.82843
5489.5 1 1
5490.5 5 2.23607
5491.5 15 3.87298
5492.5 5 2.23607
5493.5 6 2.44949
5494.5 5 2.23607
5495.5 7 2.64575
5496.5 5 2.23607
5497.5 11 3.31662
5498.5 8 2.82843
5499.5 11 3.31662
5500.5 9 3
5501.5 5 2.23607
5502.5 8 2.82843
5503.5 7 2.64575
5504.5 4 2
5505.5 7 2.64575
5506.5 12 3.4641
5507.5 8 2.82843
5508.5 11 3.31662
5509.5 11 3.31662
5510.5 8 2.82843
5511.5 6 2.44949
5512.5 7 2.64575
5513.5 6 2.44949
5514.5 8 2.82843
5515.5 6 2.44949
5516.5 12 3.4641
5517.5 5 2.23607
5518.5 7 2.64575
5519.5 10 3.16228
5520.5 10 3.16228
5521.5 7 2.64575
5522.5 5 2.23607
5523.5 9 3
5524.5 8 2.82843
5525.5 8 2.82843
5526.5 7 2.64575
5527.5 12 3.4641
5528.5 13 3.60555
5529.5 13 3.60555
5530.5 5 2.23607
5531.5 5 2.23607
5532.5 8 2.82843
5533.5 10 3.16228
5534.5 12 3.4641
5535.5 6 2.44949
5536.5 3 1.73205
5537.5 8 2.82843
5538.5 9 3
5539.5 6 2.44949
5540.5 6 2.44949
5541.5 11 3.31662
5542.5 12 3.4641
5543.5 7 2.64575
5544.5 7 2.64575
5545.5 10 3.16228
5546.5 4 2
5547.5 10 3.16228
5548.5 7 2.64575
5549.5 10 3.16228
5550.5 10 3.16228
5551.5 7 2.64575
5552.5 8 2.82843
5553.5 14 3.74166
5554.5 6 2.44949
5555.5 7 2.64575
5556.5 8 2.82843
5557.5 3 1.73205
5558.5 5 2.23607
5559.5 6 2.44949
5560.5 4 2
5561.5 7 2.64575
5562.5 3 1.73205
5563.5 12 3.4641
5564.5 6 2.44949
5565.5 2 1.41421
5566.5 6 2.44949
5567.5 8 2.82843
5568.5 7 2.64575
5569.5 6 2.44949
5570.5 5 2.23607
5571.5 8 2.82843
5572.5 8 2.82843
5573.5 11 3.31662
5574.5 12 3.4641
5575.5 10 3.16228
5576.5 4 2
5577.5 11 3.31662
5578.5 8 2.82843
5579.5 10 3.16228
5580.5 7 2.64575
5581.5 7 2.64575
5582.5 5 2.23607
5583.5 4 2
5584.5 3 1.73205
5585.5 6 2.44949
5586.5 9 3
5587.5 3 1.73205
5588.5 5 2.23607
5589.5 6 2.44949
5590.5 3 1.73205
5591.5 5 2.23607
5592.5 7 2.64575
5593.5 9 3
5594.5 3 1.73205
5595.5 5 2.23607
5596.5 6 2.44949
5597.5 10 3.16228
5598.5 13 3.60555
5599.5 9 3
5600.5 6 2.44949
5601.5 8 2.82843
5602.5 5 2.23607
5603.5 13 3.60555
5604.5 7 2.64575
5605.5 8 2.82843
5606.5 9 3
5607.5 4 2
5608.5 14 3.74166
5609.5 14 3.74166
5610.5 11 3.31662
5611.5 10 3.16228
5612.5 7 2.64575
5613.5 9 3
5614.5 7 2.64575
5615.5 8 2.82843
5616.5 9 3
5617.5 6 2.44949
5618.5 12 3.4641
5619.5 5 2.23607
5620.5 12 3.4641
5621.5 7 2.64575
5622.5 15 3.87298
5623.5 3 1.73205
5624.5 8 2.82843
5625.5 7 2.64575
5626.5 9 3
5627.5 3 1.73205
5628.5 5 2.23607
5629.5 12 3.4641
5630.5 8 2.82843
5631.5 5 2.23607
5632.5 8 2.82843
5633.5 10 3.16228
5634.5 7 2.64575
5635.5 8 2.82843
5636.5 6 2.44949
5637.5 11 3.31662
5638.5 6 2.44949
5639.5 8 2.82843
5640.5 7 2.64575
5641.5 5 2.23607
5642.5 7 2.64575
5643.5 12 3.4641
5644.5 9 3
5645.5 3 1.73205
5646.5 5 2.23607
5647.5 6 2.44949
5648.5 5 2.23607
5649.5 3 1.73205
5650.5 4 2
5651.5 5 2.23607
5652.5 12 3.4641
5653.5 8 2.82843
5654.5 4 2
5655.5 8 2.82843
5656.5 9 3
5657.5 8 2.82843
5658.5 7 2.64575
5659.5 13 3.60555
5660.5 8 2.82843
5661.5 6 2.44949
5662.5 4 2
5663.5 6 2.44949
5664.5 6 2.44949
5665.5 8 2.82843
5666.5 7 2.64575
5667.5 6 2.44949
5668.5 9 3
5669.5 7 2.64575
5670.5 9 3
5671.5 5 2.23607
5672.5 6 2.44949
5673.5 13 3.60555
5674.5 7 2.64575
5675.5 12 3.4641
5676.5 7 2.64575
5677.5 7 2.64575
5678.5 4 2
5679.5 14 3.74166
5680.5 8 2.82843
5681.5 9 3
5682.5 7 2.64575
5683.5 8 2.82843
5684.5 7 2.64575
5685.5 9 3
5686.5 9 3
5687.5 7 2.64575
5688.5 7 2.64575
5689.5 2 1.41421
5690.5 7 2.64575
5691.5 7 2.64575
5692.5 6 2.44949
5693.5 12 3.4641
5694.5 6 2.44949
5695.5 10 3.16228
5696.5 3 1.73205
5697.5 10 3.16228
5698.5 7 2.64575
5699.5 6 2.44949
5700.5 7 2.64575
5701.5 5 2.23607
5702.5 5 2.23607
5703.5 9 3
5704.5 8 2.82843
5705.5 5 2.23607
5706.5 12 3.4641
5707.5 16 4
5708.5 5 2.23607
5709.5 9 3
5710.5 11 3.31662
5711.5 6 2.44949
5712.5 2 1.41421
5713.5 12 3.4641
5714.5 8 2.82843
5715.5 7 2.64575
5716.5 10 3.16228
5717.5 5 2.23607
5718.5 8 2.82843
5719.5 14 3.74166
5720.5 9 3
5721.5 2 1.41421
5722.5 13 3.60555
5723.5 6 2.44949
5724.5 9 3
5725.5 12 3.4641
5726.5 11 3.31662
5727.5 5 2.23607
5728.5 5 2.23607
5729.5 7 2.64575
5730.5 8 2.82843
5731.5 13 3.60555
5732.5 10 3.16228
5733.5 13 3.60555
5734.5 9 3
5735.5 6 2.44949
5736.5 12 3.4641
5737.5 8 2.82843
5738.5 8 2.82843
5739.5 5 2.23607
5740.5 4 2
5741.5 7 2.64575
5742.5 6 2.44949
5743.5 8 2.82843
5744.5 5 2.23607
5745.5 4 2
5746.5 9 3
5747.5 6 2.44949
5748.5 5 2.23607
5749.5 8 2.82843
5750.5 10 3.16228
5751.5 5 2.23607
5752.5 10 3.16228
5753.5 13 3.60555
5754.5 9 3
5755.5 8 2.82843
5756.5 11 3.31662
5757.5 4 2
5758.5 7 2.64575
5759.5 11 3.31662
5760.5 9 3
5761.5 7 2.64575
5762.5 8 2.82843
5763.5 8 2.82843
5764.5 8 2.82843
5765.5 2 1.41421
5766.5 6 2.44949
5767.5 6 2.44949
5768.5 4 2
5769.5 2 1.41421
5770.5 12 3.4641
5771.5 5 2.23607
5772.5 7 2.64575
5773.5 6 2.44949
5774.5 6 2.44949
5775.5 11 3.31662
5776.5 5 2.23607
5777.5 8 2.82843
5778.5 6 2.44949
5779.5 9 3
5780.5 6 2.44949
5781.5 8 2.82843
5782.5 10 3.16228
5783.5 8 2.82843
5784.5 8 2.82843
5785.5 6 2.44949
5786.5 10 3.16228
5787.5 13 3.60555
5788.5 5 2.23607
5789.5 4 2
5790.5 3 1.73205
5791.5 7 2.64575
5792.5 8 2.82843
5793.5 8 2.82843
5794.5 12 3.4641
5795.5 6 2.44949
5796.5 7 2.64575
5797.5 4 2
5798.5 9 3
5799.5 5 2.23607
5800.5 7 2.64575
5801.5 9 3
5802.5 9 3
5803.5 7 2.64575
5804.5 10 3.16228
5805.5 5 2.23607
5806.5 7 2.64575
5807.5 9 3
5808.5 5 2.23607
5809.5 12 3.4641
5810.5 5 2.23607
5811.5 9 3
5812.5 6 2.44949
5813.5 5 2.23607
5814.5 5 2.23607
5815.5 9 3
5816.5 10 3.16228
5817.5 7 2.64575
5818.5 6 2.44949
5819.5 9 3
5820.5 9 3
5821.5 9 3
5822.5 4 2
5823.5 14 3.74166
5824.5 6 2.44949
5825.5 9 3
5826.5 5 2.23607
5827.5 7 2.64575
5828.5 11 3.31662
5829.5 10 3.16228
5830.5 7 2.64575
5831.5 6 2.44949
5832.5 9 3
5833.5 6 2.44949
5834.5 8 2.82843
5835.5 8 2.82843
5836.5 7 2.64575
5837.5 6 2.44949
5838.5 5 2.23607
5839.5 5 2.23607
5840.5 11 3.31662
5841.5 9 3
5842.5 7 2.64575
5843.5 16 4
5844.5 10 3.16228
5845.5 10 3.16228
5846.5 11 3.31662
5847.5 5 2.23607
5848.5 5 2.23607
5849.5 6 2.44949
5850.5 9 3
5851.5 6 2.44949
5852.5 7 2.64575
5853.5 11 3.31662
5854.5 12 3.4641
5855.5 7 2.64575
5856.5 4 2
5857.5 7 2.64575
5858.5 3 1.73205
5859.5 8 2.82843
5860.5 8 2.82843
5861.5 13 3.60555
5862.5 5 2.23607
5863.5 12 3.4641
5864.5 3 1.73205
5865.5 7 2.64575
5866.5 6 2.44949
5867.5 6 2.44949
5868.5 7 2.64575
5869.5 7 2.64575
5870.5 13 3.60555
5871.5 9 3
5872.5 7 2.64575
5873.5 7 2.64575
5874.5 4 2
5875.5 7 2.64575
5876.5 5 2.23607
5877.5 13 3.60555
5878.5 5 2.23607
5879.5 5 2.23607
5880.5 11 3.31662
5881.5 6 2.44949
5882.5 9 3
5883.5 6 2.44949
5884.5 8 2.82843
5885.5 5 2.23607
5886.5 9 3
5887.5 5 2.23607
5888.5 9 3
5889.5 7 2.64575
5890.5 9 3
5891.5 8 2.82843
5892.5 7 2.64575
5893.5 8 2.82843
5894.5 9 3
5895.5 7 2.64575
5896.5 11 3.31662
5897.5 10 3.16228
5898.5 10 3.16228
5899.5 7 2.64575
5900.5 6 2.44949
5901.5 4 2
5902.5 5 2.23607
5903.5 6 2.44949
5904.5 6 2.44949
5905.5 7 2.64575
5906.5 8 2.82843
5907.5 9 3
5908.5 8 2.82843
5909.5 6 2.44949
5910.5 9 3
5911.5 7 2.64575
5912.5 8 2.82843
5913.5 9 3
5914.5 8 2.82843
5915.5 7 2.64575
5916.5 10 3.16228
5917.5 10 3.16228
5918.5 9 3
5919.5 12 3.4641
5920.5 6 2.44949
5921.5 5 2.23607
5922.5 3 1.73205
5923.5 7 2.64575
5924.5 4 2
5925.5 6 2.44949
5926.5 11 3.31662
5927.5 7 2.64575
5928.5 8 2.82843
5929.5 10 3.16228
5930.5 7 2.64575
5931.5 7 2.64575
5932.5 5 2.23607
5933.5 4 2
5934.5 8 2.82843
5935.5 6 2.44949
5936.5 8 2.82843
5937.5 8 2.82843
5938.5 7 2.64575
5939.5 7 2.64575
5940.5 5 2.23607
5941.5 6 2.44949
5942.5 9 3
5943.5 9 3
5944.5 5 2.23607
5945.5 8 2.82843
5946.5 7 2.64575
5947.5 10 3.16228
5948.5 7 2.64575
5949.5 6 2.44949
5950.5 5 2.23607
5951.5 11 3.31662
5952.5 4 2
5953.5 4 2
5954.5 6 2.44949
5955.5 6 2.44949
5956.5 11 3.31662
5957.5 7 2.64575
5958.5 11 3.31662
5959.5 7 2.64575
5960.5 6 2.44949
5961.5 7 2.64575
5962.5 5 2.23607
5963.5 10 3.16228
5964.5 8 2.82843
5965.5 15 3.87298
5966.5 17 4.12311
5967.5 8 2.82843
5968.5 8 2.82843
5969.5 7 2.64575
5970.5 13 3.60555
5971.5 11 3.31662
5972.5 9 3
5973.5 3 1.73205
5974.5 11 3.31662
5975.5 6 2.44949
5976.5 10 3.16228
5977.5 4 2
5978.5 3 1.73205
5979.5 10 3.16228
5980.5 6 2.44949
5981.5 5 2.23607
5982.5 7 2.64575
5983.5 6 2.44949
5984.5 7 2.64575
5985.5 7 2.64575
5986.5 8 2.82843
5987.5 4 2
5988.5 6 2.44949
5989.5 5 2.23607
5990.5 11 3.31662
5991.5 8 2.82843
5992.5 6 2.44949
5993.5 7 2.64575
5994.5 9 3
5995.5 9 3
5996.5 6 2.44949
5997.5 10 3.16228
5998.5 7 2.64575
5999.5 5 2.23607
6000.5 8 2.82843
6001.5 4 2
6002.5 9 3
6003.5 9 3
6004.5 3 1.73205
6005.5 10 3.16228
6006.5 8 2.82843
6007.5 12 3.4641
6008.5 7 2.64575
6009.5 5 2.23607
6010.5 7 2.64575
6011.5 7 2.64575
6012.5 2 1.41421
6013.5 5 2.23607
6014.5 14 3.74166
6015.5 8 2.82843
6016.5 11 3.31662
6017.5 9 3
6018.5 15 3.87298
6019.5 9 3
6020.5 10 3.16228
6021.5 8 2.82843
6022.5 6 2.44949
6023.5 7 2.64575
6024.5 13 3.60555
6025.5 9 3
6026.5 10 3.16228
6027.5 5 2.23607
6028.5 9 3
6029.5 9 3
6030.5 7 2.64575
6031.5 5 2.23607
6032.5 7 2.64575
6033.5 17 4.12311
6034.5 11 3.31662
6035.5 8 2.82843
6036.5 9 3
6037.5 8 2.82843
6038.5 7 2.64575
6039.5 7 2.64575
6040.5 5 2.23607
6041.5 10 3.16228
6042.5 6 2.44949
6043.5 6 2.44949
6044.5 10 3.16228
6045.5 3 1.73205
6046.5 12 3.4641
6047.5 9 3
6048.5 12 3.4641
6049.5 4 2
6050.5 7 2.64575
6051.5 5 2.23607
6052.5 9 3
6053.5 11 3.31662
6054.5 9 3
6055.5 6 2.44949
6056.5 12 3.4641
6057.5 8 2.82843
6058.5 4 2
6059.5 4 2
6060.5 10 3.16228
6061.5 10 3.16228
6062.5 7 2.64575
6063.5 7 2.64575
6064.5 8 2.82843
6065.5 6 2.44949
6066.5 5 2.23607
6067.5 8 2.82843
6068.5 8 2.82843
6069.5 12 3.4641
6070.5 7 2.64575
6071.5 4 2
6072.5 9 3
6073.5 10 3.16228
6074.5 10 3.16228
6075.5 6 2.44949
6076.5 11 3.31662
6077.5 4 2
6078.5 6 2.44949
6079.5 4 2
6080.5 12 3.4641
6081.5 4 2
6082.5 4 2
6083.5 4 2
6084.5 11 3.31662
6085.5 7 2.64575
6086.5 13 3.60555
6087.5 7 2.64575
6088.5 8 2.82843
6089.5 9 3
6090.5 3 1.73205
6091.5 6 2.44949
6092.5 8 2.82843
6093.5 6 2.44949
6094.5 12 3.4641
6095.5 9 3
6096.5 7 2.64575
6097.5 9 3
6098.5 9 3
6099.5 2 1.41421
6100.5 8 2.82843
6101.5 10 3.16228
6102.5 5 2.23607
6103.5 9 3
6104.5 10 3.16228
6105.5 6 2.44949
6106.5 12 3.4641
6107.5 8 2.82843
6108.5 6 2.44949
6109.5 10 3.16228
6110.5 7 2.64575
6111.5 13 3.60555
6112.5 9 3
6113.5 5 2.23607
6114.5 10 3.16228
6115.5 8 2.82843
6116.5 11 3.31662
6117.5 8 2.82843
6118.5 14 3.74166
6119.5 8 2.82843
6120.5 10 3.16228
6121.5 7 2.64575
6122.5 5 2.23607
6123.5 9 3
6124.5 4 2
6125.5 6 2.44949
6126.5 8 2.82843
6127.5 10 3.16228
6128.5 6 2.44949
6129.5 8 2.82843
6130.5 6 2.44949
6131.5 7 2.64575
6132.5 6 2.44949
6133.5 8 2.82843
6134.5 9 3
6135.5 7 2.64575
6136.5 3 1.73205
6137.5 8 2.82843
6138.5 6 2.44949
6139.5 7 2.64575
6140.5 12 3.4641
6141.5 8 2.82843
6142.5 4 2
6143.5 6 2.44949
6144.5 7 2.64575
6145.5 7 2.64575
6146.5 6 2.44949
6147.5 7 2.64575
6148.5 11 3.31662
6149.5 9 3
6150.5 6 2.44949
6151.5 12 3.4641
6152.5 5 2.23607
6153.5 6 2.44949
6154.5 9 3
6155.5 5 2.23607
6156.5 6 2.44949
6157.5 9 3
6158.5 10 3.16228
6159.5 10 3.16228
6160.5 7 2.64575
6161.5 7 2.64575
6162.5 10 3.16228
6163.5 6 2.44949
6164.5 8 2.82843
6165.5 10 3.16228
6166.5 5 2.23607
6167.5 8 2.82843
6168.5 9 3
6169.5 8 2.82843
6170.5 7 2.64575
6171.5 12 3.4641
6172.5 4 2
6173.5 8 2.82843
6174.5 5 2.23607
6175.5 8 2.82843
6176.5 5 2.23607
6177.5 6 2.44949
6178.5 6 2.44949
6179.5 7 2.64575
6180.5 7 2.64575
6181.5 6 2.44949
6182.5 7 2.64575
6183.5 11 3.31662
6184.5 8 2.82843
6185.5 7 2.64575
6186.5 8 2.82843
6187.5 5 2.23607
6188.5 12 3.4641
6189.5 4 2
6190.5 8 2.82843
6191.5 4 2
6192.5 10 3.16228
6193.5 6 2.44949
6194.5 7 2.64575
6195.5 8 2.82843
6196.5 16 4
6197.5 9 3
6198.5 4 2
6199.5 9 3
6200.5 8 2.82843
6201.5 10 3.16228
6202.5 7 2.64575
6203.5 3 1.73205
6204.5 7 2.64575
6205.5 6 2.44949
6206.5 5 2.23607
6207.5 7 2.64575
6208.5 7 2.64575
6209.5 8 2.82843
6210.5 8 2.82843
6211.5 3 1.73205
6212.5 7 2.64575
6213.5 7 2.64575
6214.5 6 2.44949
6215.5 6 2.44949
6216.5 10 3.16228
6217.5 3 1.73205
6218.5 6 2.44949
6219.5 12 3.4641
6220.5 8 2.82843
6221.5 4 2
6222.5 4 2
6223.5 8 2.82843
6224.5 10 3.16228
6225.5 5 2.23607
6226.5 10 3.16228
6227.5 13 3.60555
6228.5 4 2
6229.5 9 3
6230.5 6 2.44949
6231.5 9 3
6232.5 5 2.23607
6233.5 3 1.73205
6234.5 5 2.23607
6235.5 13 3.60555
6236.5 15 3.87298
6237.5 9 3
6238.5 8 2.82843
6239.5 3 1.73205
6240.5 13 3.60555
6241.5 7 2.64575
6242.5 6 2.44949
6243.5 5 2.23607
6244.5 8 2.82843
6245.5 6 2.44949
6246.5 6 2.44949
6247.5 8 2.82843
6248.5 6 2.44949
6249.5 2 1.41421
6250.5 6 2.44949
6251.5 4 2
6252.5 7 2.64575
6253.5 6 2.44949
6254.5 4 2
6255.5 8 2.82843
6256.5 5 2.23607
6257.5 7 2.64575
6258.5 5 2.23607
6259.5 5 2.23607
6260.5 5 2.23607
6261.5 5 2.23607
6262.5 11 3.31662
6263.5 14 3.74166
6264.5 7 2.64575
6265.5 2 1.41421
6266.5 7 2.64575
6267.5 9 3
6268.5 6 2.44949
6269.5 4 2
6270.5 6 2.44949
6271.5 8 2.82843
6272.5 4 2
6273.5 7 2.64575
6274.5 5 2.23607
6275.5 7 2.64575
6276.5 8 2.82843
6277.5 9 3
6278.5 6 2.44949
6279.5 8 2.82843
6280.5 8 2.82843
6281.5 6 2.44949
6282.5 7 2.64575
6283.5 8 2.82843
6284.5 7 2.64575
6285.5 2 1.41421
6286.5 3 1.73205
6287.5 6 2.44949
6288.5 9 3
6289.5 10 3.16228
6290.5 12 3.4641
6291.5 4 2
6292.5 8 2.82843
6293.5 3 1.73205
6294.5 7 2.64575
6295.5 9 3
6296.5 9 3
6297.5 6 2.44949
6298.5 7 2.64575
6299.5 7 2.64575
6300.5 4 2
6301.5 5 2.23607
6302.5 8 2.82843
6303.5 7 2.64575
6304.5 3 1.73205
6305.5 6 2.44949
6306.5 13 3.60555
6307.5 9 3
6308.5 5 2.23607
6309.5 6 2.44949
6310.5 10 3.16228
6311.5 4 2
6312.5 6 2.44949
6313.5 5 2.23607
6314.5 8 2.82843
6315.5 7 2.64575
6316.5 8 2.82843
6317.5 10 3.16228
6318.5 7 2.64575
6319.5 6 2.44949
6320.5 9 3
6321.5 6 2.44949
6322.5 6 2.44949
6323.5 9 3
6324.5 4 2
6325.5 5 2.23607
6326.5 5 2.23607
6327.5 8 2.82843
6328.5 7 2.64575
6329.5 3 1.73205
6330.5 7 2.64575
6331.5 5 2.23607
6332.5 5 2.23607
6333.5 9 3
6334.5 9 3
6335.5 6 2.44949
6336.5 8 2.82843
6337.5 5 2.23607
6338.5 7 2.64575
6339.5 9 3
6340.5 7 2.64575
6341.5 6 2.44949
6342.5 8 2.82843
6343.5 6 2.44949
6344.5 6 2.44949
6345.5 9 3
6346.5 11 3.31662
6347.5 8 2.82843
6348.5 8 2.82843
6349.5 14 3.74166
6350.5 6 2.44949
6351.5 11 3.31662
6352.5 5 2.23607
6353.5 4 2
6354.5 5 2.23607
6355.5 11 3.31662
6356.5 5 2.23607
6357.5 10 3.16228
6358.5 5 2.23607
6359.5 11 3.31662
6360.5 5 2.23607
6361.5 3 1.73205
6362.5 7 2.64575
6363.5 5 2.23607
6364.5 4 2
6365.5 6 2.44949
6366.5 11 3.31662
6367.5 9 3
6368.5 3 1.73205
6369.5 9 3
6370.5 6 2.44949
6371.5 9 3
6372.5 8 2.82843
6373.5 12 3.4641
6374.5 10 3.16228
6375.5 13 3.60555
6376.5 13 3.60555
6377.5 6 2.44949
6378.5 7 2.64575
6379.5 4 2
6380.5 6 2.44949
6381.5 7 2.64575
6382.5 10 3.16228
6383.5 5 2.23607
6384.5 7 2.64575
6385.5 7 2.64575
6386.5 8 2.82843
6387.5 7 2.64575
6388.5 5 2.23607
6389.5 7 2.64575
6390.5 10 3.16228
6391.5 7 2.64575
6392.5 11 3.31662
6393.5 11 3.31662
6394.5 6 2.44949
6395.5 11 3.31662
6396.5 14 3.74166
6397.5 5 2.23607
6398.5 6 2.44949
6399.5 8 2.82843
6400.5 5 2.23607
6401.5 7 2.64575
6402.5 5 2.23607
6403.5 8 2.82843
6404.5 5 2.23607
6405.5 7 2.64575
6406.5 6 2.44949
6407.5 6 2.44949
6408.5 8 2.82843
6409.5 4 2
6410.5 7 2.64575
6411.5 11 3.31662
6412.5 10 3.16228
6413.5 12 3.4641
6414.5 10 3.16228
6415.5 9 3
6416.5 6 2.44949
6417.5 12 3.4641
6418.5 10 3.16228
6419.5 6 2.44949
6420.5 8 2.82843
6421.5 8 2.82843
6422.5 9 3
6423.5 5 2.23607
6424.5 7 2.64575
6425.5 10 3.16228
6426.5 5 2.23607
6427.5 5 2.23607
6428.5 9 3
6429.5 8 2.82843
6430.5 6 2.44949
6431.5 4 2
6432.5 11 3.31662
6433.5 10 3.16228
6434.5 5 2.23607
6435.5 6 2.44949
6436.5 9 3
6437.5 4 2
6438.5 10 3.16228
6439.5 7 2.64575
6440.5 2 1.41421
6441.5 4 2
6442.5 3 1.73205
6443.5 5 2.23607
6444.5 8 2.82843
6445.5 9 3
6446.5 5 2.23607
6447.5 6 2.44949
6448.5 4 2
6449.5 8 2.82843
6450.5 14 3.74166
6451.5 7 2.64575
6452.5 8 2.82843
6453.5 6 2.44949
6454.5 4 2
6455.5 4 2
6456.5 5 2.23607
6457.5 3 1.73205
6458.5 6 2.44949
6459.5 4 2
6460.5 7 2.64575
6461.5 8 2.82843
6462.5 8 2.82843
6463.5 11 3.31662
6464.5 8 2.82843
6465.5 3 1.73205
6466.5 5 2.23607
6467.5 4 2
6468.5 6 2.44949
6469.5 8 2.82843
6470.5 9 3
6471.5 9 3
6472.5 8 2.82843
6473.5 9 3
6474.5 4 2
6475.5 5 2.23607
6476.5 6 2.44949
6477.5 7 2.64575
6478.5 3 1.73205
6479.5 6 2.44949
6480.5 11 3.31662
6481.5 9 3
6482.5 15 3.87298
6483.5 5 2.23607
6484.5 12 3.4641
6485.5 6 2.44949
6486.5 11 3.31662
6487.5 8 2.82843
6488.5 13 3.60555
6489.5 8 2.82843
6490.5 5 2.23607
6491.5 9 3
6492.5 9 3
6493.5 11 3.31662
6494.5 8 2.82843
6495.5 3 1.73205
6496.5 4 2
6497.5 11 3.31662
6498.5 11 3.31662
6499.5 7 2.64575
6500.5 6 2.44949
6501.5 6 2.44949
6502.5 5 2.23607
6503.5 6 2.44949
6504.5 4 2
6505.5 7 2.64575
6506.5 6 2.44949
6507.5 5 2.23607
6508.5 7 2.64575
6509.5 7 2.64575
6510.5 4 2
6511.5 8 2.82843
6512.5 5 2.23607
6513.5 11 3.31662
6514.5 8 2.82843
6515.5 9 3
6516.5 6 2.44949
6517.5 7 2.64575
6518.5 8 2.82843
6519.5 10 3.16228
6520.5 8 2.82843
6521.5 6 2.44949
6522.5 11 3.31662
6523.5 8 2.82843
6524.5 7 2.64575
6525.5 11 3.31662
6526.5 4 2
6527.5 9 3
6528.5 3 1.73205
6529.5 7 2.64575
6530.5 11 3.31662
6531.5 7 2.64575
6532.5 9 3
6533.5 7 2.64575
6534.5 10 3.16228
6535.5 9 3
6536.5 5 2.23607
6537.5 8 2.82843
6538.5 7 2.64575
6539.5 12 3.4641
6540.5 7 2.64575
6541.5 6 2.44949
6542.5 12 3.4641
6543.5 10 3.16228
6544.5 5 2.23607
6545.5 8 2.82843
6546.5 5 2.23607
6547.5 6 2.44949
6548.5 7 2.64575
6549.5 10 3.16228
6550.5 9 3
6551.5 5 2.23607
6552.5 8 2.82843
6553.5 5 2.23607
6554.5 15 3.87298
6555.5 11 3.31662
6556.5 5 2.23607
6557.5 6 2.44949
6558.5 1 1
6559.5 10 3.16228
6560.5 5 2.23607
6561.5 6 2.44949
6562.5 14 3.74166
6563.5 8 2.82843
6564.5 9 3
6565.5 8 2.82843
6566.5 5 2.23607
6567.5 11 3.31662
6568.5 4 2
6569.5 7 2.64575
6570.5 10 3.16228
6571.5 12 3.4641
6572.5 4 2
6573.5 6 2.44949
6574.5 5 2.23607
6575.5 12 3.4641
6576.5 2 1.41421
6577.5 13 3.60555
6578.5 7 2.64575
6579.5 8 2.82843
6580.5 9 3
6581.5 8 2.82843
6582.5 6 2.44949
6583.5 6 2.44949
6584.5 8 2.82843
6585.5 2 1.41421
6586.5 10 3.16228
6587.5 7 2.64575
6588.5 18 4.24264
6589.5 13 3.60555
6590.5 7 2.64575
6591.5 8 2.82843
6592.5 9 3
6593.5 8 2.82843
6594.5 10 3.16228
6595.5 10 3.16228
6596.5 9 3
6597.5 5 2.23607
6598.5 5 2.23607
6599.5 9 3
6600.5 8 2.82843
6601.5 8 2.82843
6602.5 8 2.82843
6603.5 5 2.23607
6604.5 5 2.23607
6605.5 8 2.82843
6606.5 3 1.73205
6607.5 5 2.23607
6608.5 14 3.74166
6609.5 7 2.64575
6610.5 11 3.31662
6611.5 10 3.16228
6612.5 9 3
6613.5 2 1.41421
6614.5 5 2.23607
6615.5 6 2.44949
6616.5 6 2.44949
6617.5 8 2.82843
6618.5 9 3
6619.5 7 2.64575
6620.5 10 3.16228
6621.5 6 2.44949
6622.5 4 2
6623.5 8 2.82843
6624.5 8 2.82843
6625.5 5 2.23607
6626.5 6 2.44949
6627.5 10 3.16228
6628.5 9 3
6629.5 6 2.44949
6630.5 10 3.16228
6631.5 6 2.44949
6632.5 10 3.16228
6633.5 7 2.64575
6634.5 8 2.82843
6635.5 9 3
6636.5 7 2.64575
6637.5 11 3.31662
6638.5 6 2.44949
6639.5 7 2.64575
6640.5 6 2.44949
6641.5 8 2.82843
6642.5 4 2
6643.5 5 2.23607
6644.5 7 2.64575
6645.5 6 2.44949
6646.5 7 2.64575
6647.5 8 2.82843
6648.5 8 2.82843
6649.5 6 2.44949
6650.5 13 3.60555
6651.5 4 2
6652.5 5 2.23607
6653.5 7 2.64575
6654.5 6 2.44949
6655.5 11 3.31662
6656.5 11 3.31662
6657.5 6 2.44949
6658.5 8 2.82843
6659.5 5 2.23607
6660.5 9 3
6661.5 4 2
6662.5 9 3
6663.5 12 3.4641
6664.5 8 2.82843
6665.5 7 2.64575
6666.5 7 2.64575
6667.5 12 3.4641
6668.5 6 2.44949
6669.5 13 3.60555
6670.5 9 3
6671.5 7 2.64575
6672.5 8 2.82843
6673.5 8 2.82843
6674.5 9 3
6675.5 10 3.16228
6676.5 2 1.41421
6677.5 7 2.64575
6678.5 8 2.82843
6679.5 11 3.31662
6680.5 6 2.44949
6681.5 9 3
6682.5 7 2.64575
6683.5 8 2.82843
6684.5 5 2.23607
6685.5 9 3
6686.5 7 2.64575
6687.5 7 2.64575
6688.5 7 2.64575
6689.5 9 3
6690.5 3 1.73205
6691.5 2 1.41421
6692.5 8 2.82843
6693.5 7 2.64575
6694.5 7 2.64575
6695.5 9 3
6696.5 6 2.44949
6697.5 5 2.23607
6698.5 5 2.23607
6699.5 7 2.64575
6700.5 7 2.64575
6701.5 11 3.31662
6702.5 12 3.4641
6703.5 3 1.73205
6704.5 8 2.82843
6705.5 4 2
6706.5 6 2.44949
6707.5 19 4.3589
6708.5 7 2.64575
6709.5 11 3.31662
6710.5 10 3.16228
6711.5 6 2.44949
6712.5 7 2.64575
6713.5 5 2.23607
6714.5 3 1.73205
6715.5 9 3
6716.5 12 3.4641
6717.5 8 2.82843
6718.5 5 2.23607
6719.5 15 3.87298
6720.5 2 1.41421
6721.5 10 3.16228
6722.5 6 2.44949
6723.5 6 2.44949
6724.5 6 2.44949
6725.5 6 2.44949
6726.5 9 3
6727.5 4 2
6728.5 6 2.44949
6729.5 9 3
6730.5 5 2.23607
6731.5 7 2.64575
6732.5 4 2
6733.5 6 2.44949
6734.5 6 2.44949
6735.5 5 2.23607
6736.5 5 2.23607
6737.5 6 2.44949
6738.5 7 2.64575
6739.5 7 2.64575
6740.5 6 2.44949
6741.5 9 3
6742.5 6 2.44949
6743.5 4 2
6744.5 4 2
6745.5 8 2.82843
6746.5 4 2
6747.5 6 2.44949
6748.5 5 2.23607
6749.5 10 3.16228
6750.5 14 3.74166
6751.5 7 2.64575
6752.5 7 2.64575
6753.5 11 3.31662
6754.5 5 2.23607
6755.5 9 3
6756.5 5 2.23607
6757.5 1 1
6758.5 8 2.82843
6759.5 13 3.60555
6760.5 6 2.44949
6761.5 12 3.4641
6762.5 11 3.31662
6763.5 6 2.44949
6764.5 7 2.64575
6765.5 6 2.44949
6766.5 9 3
6767.5 3 1.73205
6768.5 4 2
6769.5 6 2.44949
6770.5 5 2.23607
6771.5 9 3
6772.5 4 2
6773.5 7 2.64575
6774.5 6 2.44949
6775.5 5 2.23607
6776.5 11 3.31662
6777.5 7 2.64575
6778.5 11 3.31662
6779.5 12 3.4641
6780.5 3 1.73205
6781.5 5 2.23607
6782.5 9 3
6783.5 8 2.82843
6784.5 2 1.41421
6785.5 3 1.73205
6786.5 10 3.16228
6787.5 8 2.82843
6788.5 6 2.44949
6789.5 9 3
6790.5 10 3.16228
6791.5 7 2.64575
6792.5 5 2.23607
6793.5 6 2.44949
6794.5 12 3.4641
6795.5 5 2.23607
6796.5 10 3.16228
6797.5 8 2.82843
6798.5 8 2.82843
6799.5 6 2.44949
6800.5 6 2.44949
6801.5 10 3.16228
6802.5 9 3
6803.5 3 1.73205
6804.5 6 2.44949
6805.5 6 2.44949
6806.5 10 3.16228
6807.5 7 2.64575
6808.5 9 3
6809.5 5 2.23607
6810.5 8 2.82843
6811.5 5 2.23607
6812.5 6 2.44949
6813.5 11 3.31662
6814.5 3 1.73205
6815.5 6 2.44949
6816.5 5 2.23607
6817.5 6 2.44949
6818.5 8 2.82843
6819.5 2 1.41421
6820.5 4 2
6821.5 4 2
6822.5 12 3.4641
6823.5 12 3.4641
6824.5 9 3
6825.5 13 3.60555
6826.5 6 2.44949
6827.5 7 2.64575
6828.5 4 2
6829.5 8 2.82843
6830.5 6 2.44949
6831.5 4 2
6832.5 12 3.4641
6833.5 9 3
6834.5 9 3
6835.5 6 2.44949
6836.5 14 3.74166
6837.5 6 2.44949
6838.5 10 3.16228
6839.5 5 2.23607
6840.5 11 3.31662
6841.5 11 3.31662
6842.5 6 2.44949
6843.5 9 3
6844.5 7 2.64575
6845.5 9 3
6846.5 14 3.74166
6847.5 4 2
6848.5 12 3.4641
6849.5 7 2.64575
6850.5 9 3
6851.5 6 2.44949
6852.5 7 2.64575
6853.5 7 2.64575
6854.5 6 2.44949
6855.5 10 3.16228
6856.5 5 2.23607
6857.5 8 2.82843
6858.5 11 3.31662
6859.5 7 2.64575
6860.5 12 3.4641
6861.5 8 2.82843
6862.5 6 2.44949
6863.5 9 3
6864.5 11 3.31662
6865.5 7 2.64575
6866.5 10 3.16228
6867.5 7 2.64575
6868.5 7 2.64575
6869.5 7 2.64575
6870.5 11 3.31662
6871.5 7 2.64575
6872.5 2 1.41421
6873.5 9 3
6874.5 6 2.44949
6875.5 5 2.23607
6876.5 11 3.31662
6877.5 3 1.73205
6878.5 3 1.73205
6879.5 7 2.64575
6880.5 8 2.82843
6881.5 8 2.82843
6882.5 9 3
6883.5 13 3.60555
6884.5 3 1.73205
6885.5 6 2.44949
6886.5 11 3.31662
6887.5 11 3.31662
6888.5 4 2
6889.5 5 2.23607
6890.5 9 3
6891.5 5 2.23607
6892.5 3 1.73205
6893.5 7 2.64575
6894.5 7 2.64575
6895.5 11 3.31662
6896.5 9 3
6897.5 10 3.16228
6898.5 8 2.82843
6899.5 14 3.74166
6900.5 11 3.31662
6901.5 9 3
6902.5 8 2.82843
6903.5 8 2.82843
6904.5 7 2.64575
6905.5 13 3.60555
6906.5 7 2.64575
6907.5 11 3.31662
6908.5 9 3
6909.5 7 2.64575
6910.5 13 3.60555
6911.5 16 4
6912.5 7 2.64575
6913.5 16 4
6914.5 10 3.16228
6915.5 13 3.60555
6916.5 6 2.44949
6917.5 6 2.44949
6918.5 5 2.23607
6919.5 8 2.82843
6920.5 5 2.23607
6921.5 7 2.64575
6922.5 4 2
6923.5 8 2.82843
6924.5 5 2.23607
6925.5 7 2.64575
6926.5 9 3
6927.5 8 2.82843
6928.5 8 2.82843
6929.5 2 1.41421
6930.5 6 2.44949
6931.5 1 1
6932.5 11 3.31662
6933.5 5 2.23607
6934.5 4 2
6935.5 6 2.44949
6936.5 9 3
6937.5 9 3
6938.5 11 3.31662
6939.5 8 2.82843
6940.5 11 3.31662
6941.5 7 2.64575
6942.5 9 3
6943.5 8 2.82843
6944.5 6 2.44949
6945.5 11 3.31662
6946.5 7 2.64575
6947.5 8 2.82843
6948.5 5 2.23607
6949.5 7 2.64575
6950.5 7 2.64575
6951.5 7 2.64575
6952.5 6 2.44949
6953.5 12 3.4641
6954.5 9 3
6955.5 6 2.44949
6956.5 10 3.16228
6957.5 11 3.31662
6958.5 5 2.23607
6959.5 10 3.16228
6960.5 9 3
6961.5 9 3
6962.5 7 2.64575
6963.5 8 2.82843
6964.5 7 2.64575
6965.5 8 2.82843
6966.5 5 2.23607
6967.5 10 3.16228
6968.5 11 3.31662
6969.5 4 2
6970.5 5 2.23607
6971.5 7 2.64575
6972.5 6 2.44949
6973.5 8 2.82843
6974.5 9 3
6975.5 10 3.16228
6976.5 9 3
6977.5 6 2.44949
6978.5 2 1.41421
6979.5 8 2.82843
6980.5 8 2.82843
6981.5 12 3.4641
6982.5 14 3.74166
6983.5 8 2.82843
6984.5 13 3.60555
6985.5 8 2.82843
6986.5 11 3.31662
6987.5 4 2
6988.5 7 2.64575
6989.5 10 3.16228
6990.5 9 3
6991.5 9 3
6992.5 6 2.44949
6993.5 7 2.64575
6994.5 6 2.44949
6995.5 10 3.16228
6996.5 3 1.73205
6997.5 14 3.74166
6998.5 8 2.82843
6999.5 8 2.82843
7000.5 4 2
7001.5 8 2.82843
7002.5 7 2.64575
7003.5 6 2.44949
7004.5 9 3
7005.5 7 2.64575
7006.5 8 2.82843
7007.5 8 2.82843
7008.5 7 2.64575
7009.5 8 2.82843
7010.5 9 3
7011.5 4 2
7012.5 6 2.44949
7013.5 5 2.23607
7014.5 5 2.23607
7015.5 5 2.23607
7016.5 12 3.4641
7017.5 9 3
7018.5 8 2.82843
7019.5 7 2.64575
7020.5 9 3
7021.5 4 2
7022.5 10 3.16228
7023.5 7 2.64575
7024.5 6 2.44949
7025.5 4 2
7026.5 10 3.16228
7027.5 5 2.23607
7028.5 8 2.82843
7029.5 10 3.16228
7030.5 8 2.82843
7031.5 2 1.41421
7032.5 9 3
7033.5 8 2.82843
7034.5 8 2.82843
7035.5 10 3.16228
7036.5 10 3.16228
7037.5 9 3
7038.5 9 3
7039.5 6 2.44949
7040.5 8 2.82843
7041.5 6 2.44949
7042.5 4 2
7043.5 5 2.23607
7044.5 8 2.82843
7045.5 6 2.44949
7046.5 8 2.82843
7047.5 10 3.16228
7048.5 10 3.16228
7049.5 8 2.82843
7050.5 11 3.31662
7051.5 7 2.64575
7052.5 6 2.44949
7053.5 12 3.4641
7054.5 6 2.44949
7055.5 9 3
7056.5 11 3.31662
7057.5 8 2.82843
7058.5 4 2
7059.5 6 2.44949
7060.5 10 3.16228
7061.5 8 2.82843
7062.5 5 2.23607
7063.5 8 2.82843
7064.5 14 3.74166
7065.5 6 2.44949
7066.5 6 2.44949
7067.5 7 2.64575
7068.5 6 2.44949
7069.5 5 2.23607
7070.5 8 2.82843
7071.5 8 2.82843
7072.5 9 3
7073.5 7 2.64575
7074.5 7 2.64575
7075.5 4 2
7076.5 4 2
7077.5 5 2.23607
7078.5 8 2.82843
7079.5 5 2.23607
7080.5 11 3.31662
7081.5 7 2.64575
7082.5 9 3
7083.5 11 3.31662
7084.5 5 2.23607
7085.5 8 2.82843
7086.5 3 1.73205
7087.5 11 3.31662
7088.5 10 3.16228
7089.5 6 2.44949
7090.5 8 2.82843
7091.5 8 2.82843
7092.5 8 2.82843
7093.5 8 2.82843
7094.5 11 3.31662
7095.5 5 2.23607
7096.5 7 2.64575
7097.5 3 1.73205
7098.5 5 2.23607
7099.5 7 2.64575
7100.5 5 2.23607
7101.5 6 2.44949
7102.5 3 1.73205
7103.5 11 3.31662
7104.5 7 2.64575
7105.5 8 2.82843
7106.5 11 3.31662
7107.5 9 3
7108.5 13 3.60555
7109.5 5 2.23607
7110.5 14 3.74166
7111.5 3 1.73205
7112.5 7 2.64575
7113.5 6 2.44949
7114.5 6 2.44949
7115.5 4 2
7116.5 9 3
7117.5 6 2.44949
7118.5 7 2.64575
7119.5 3 1.73205
7120.5 9 3
7121.5 4 2
7122.5 7 2.64575
7123.5 12 3.4641
7124.5 7 2.64575
7125.5 7 2.64575
7126.5 13 3.60555
7127.5 7 2.64575
7128.5 7 2.64575
7129.5 3 1.73205
7130.5 8 2.82843
7131.5 10 3.16228
7132.5 4 2
7133.5 4 2
7134.5 9 3
7135.5 7 2.64575
7136.5 10 3.16228
7137.5 8 2.82843
7138.5 9 3
7139.5 5 2.23607
7140.5 6 2.44949
7141.5 7 2.64575
7142.5 8 2.82843
7143.5 8 2.82843
7144.5 8 2.82843
7145.5 7 2.64575
7146.5 8 2.82843
7147.5 8 2.82843
7148.5 10 3.16228
7149.5 9 3
7150.5 15 3.87298
7151.5 12 3.4641
7152.5 11 3.31662
7153.5 13 3.60555
7154.5 5 2.23607
7155.5 8 2.82843
7156.5 7 2.64575
7157.5 5 2.23607
7158.5 6 2.44949
7159.5 11 3.31662
7160.5 8 2.82843
7161.5 6 2.44949
7162.5 7 2.64575
7163.5 8 2.82843
7164.5 9 3
7165.5 8 2.82843
7166.5 4 2
7167.5 5 2.23607
7168.5 6 2.44949
7169.5 7 2.64575
7170.5 6 2.44949
7171.5 7 2.64575
7172.5 10 3.16228
7173.5 6 2.44949
7174.5 3 1.73205
7175.5 7 2.64575
7176.5 4 2
7177.5 8 2.82843
7178.5 13 3.60555
7179.5 9 3
7180.5 8 2.82843
7181.5 9 3
7182.5 7 2.64575
7183.5 8 2.82843
7184.5 5 2.23607
7185.5 5 2.23607
7186.5 7 2.64575
7187.5 6 2.44949
7188.5 7 2.64575
7189.5 11 3.31662
7190.5 4 2
7191.5 9 3
7192.5 7 2.64575
7193.5 3 1.73205
7194.5 9 3
7195.5 9 3
7196.5 10 3.16228
7197.5 6 2.44949
7198.5 6 2.44949
7199.5 4 2
7200.5 11 3.31662
7201.5 8 2.82843
7202.5 8 2.82843
7203.5 8 2.82843
7204.5 3 1.73205
7205.5 3 1.73205
7206.5 10 3.16228
7207.5 10 3.16228
7208.5 5 2.23607
7209.5 6 2.44949
7210.5 3 1.73205
7211.5 8 2.82843
7212.5 10 3.16228
7213.5 4 2
7214.5 9 3
7215.5 4 2
7216.5 5 2.23607
7217.5 13 3.60555
7218.5 3 1.73205
7219.5 7 2.64575
7220.5 7 2.64575
7221.5 9 3
7222.5 7 2.64575
7223.5 8 2.82843
7224.5 9 3
7225.5 11 3.31662
7226.5 6 2.44949
7227.5 9 3
7228.5 7 2.64575
7229.5 7 2.64575
7230.5 9 3
7231.5 16 4
7232.5 9 3
7233.5 6 2.44949
7234.5 2 1.41421
7235.5 7 2.64575
7236.5 7 2.64575
7237.5 9 3
7238.5 9 3
7239.5 6 2.44949
7240.5 11 3.31662
7241.5 4 2
7242.5 8 2.82843
7243.5 10 3.16228
7244.5 4 2
7245.5 6 2.44949
7246.5 13 3.60555
7247.5 5 2.23607
7248.5 8 2.82843
7249.5 5 2.23607
7250.5 5 2.23607
7251.5 4 2
7252.5 5 2.23607
7253.5 8 2.82843
7254.5 6 2.44949
7255.5 3 1.73205
7256.5 9 3
7257.5 3 1.73205
7258.5 13 3.60555
7259.5 11 3.31662
7260.5 5 2.23607
7261.5 7 2.64575
7262.5 8 2.82843
7263.5 4 2
7264.5 12 3.4641
7265.5 5 2.23607
7266.5 9 3
7267.5 9 3
7268.5 11 3.31662
7269.5 8 2.82843
7270.5 10 3.16228
7271.5 8 2.82843
7272.5 3 1.73205
7273.5 9 3
7274.5 4 2
7275.5 10 3.16228
7276.5 8 2.82843
7277.5 6 2.44949
7278.5 8 2.82843
7279.5 4 2
7280.5 9 3
7281.5 9 3
7282.5 8 2.82843
7283.5 8 2.82843
7284.5 10 3.16228
7285.5 10 3.16228
7286.5 8 2.82843
7287.5 5 2.23607
7288.5 7 2.64575
7289.5 3 1.73205
7290.5 10 3.16228
7291.5 4 2
7292.5 10 3.16228
7293.5 10 3.16228
7294.5 4 2
7295.5 5 2.23607
7296.5 7 2.64575
7297.5 9 3
7298.5 5 2.23607
7299.5 6 2.44949
7300.5 8 2.82843
7301.5 10 3.16228
7302.5 6 2.44949
7303.5 8 2.82843
7304.5 7 2.64575
7305.5 4 2
7306.5 10 3.16228
7307.5 9 3
7308.5 3 1.73205
7309.5 11 3.31662
7310.5 9 3
7311.5 3 1.73205
7312.5 8 2.82843
7313.5 7 2.64575
7314.5 8 2.82843
7315.5 6 2.44949
7316.5 11 3.31662
7317.5 12 3.4641
7318.5 3 1.73205
7319.5 10 3.16228
7320.5 7 2.64575
7321.5 10 3.16228
7322.5 8 2.82843
7323.5 8 2.82843
7324.5 5 2.23607
7325.5 7 2.64575
7326.5 7 2.64575
7327.5 13 3.60555
7328.5 11 3.31662
7329.5 8 2.82843
7330.5 6 2.44949
7331.5 2 1.41421
7332.5 7 2.64575
7333.5 6 2.44949
7334.5 8 2.82843
7335.5 4 2
7336.5 4 2
7337.5 13 3.60555
7338.5 7 2.64575
7339.5 9 3
7340.5 5 2.23607
7341.5 5 2.23607
7342.5 9 3
7343.5 13 3.60555
7344.5 9 3
7345.5 8 2.82843
7346.5 8 2.82843
7347.5 6 2.44949
7348.5 5 2.23607
7349.5 11 3.31662
7350.5 9 3
7351.5 8 2.82843
7352.5 8 2.82843
7353.5 12 3.4641
7354.5 7 2.64575
7355.5 5 2.23607
7356.5 10 3.16228
7357.5 13 3.60555
7358.5 7 2.64575
7359.5 2 1.41421
7360.5 2 1.41421
7361.5 10 3.16228
7362.5 6 2.44949
7363.5 5 2.23607
7364.5 8 2.82843
7365.5 5 2.23607
7366.5 4 2
7367.5 9 3
7368.5 7 2.64575
7369.5 9 3
7370.5 9 3
7371.5 4 2
7372.5 9 3
7373.5 6 2.44949
7374.5 3 1.73205
7375.5 6 2.44949
7376.5 8 2.82843
7377.5 9 3
7378.5 13 3.60555
7379.5 6 2.44949
7380.5 3 1.73205
7381.5 3 1.73205
7382.5 6 2.44949
7383.5 4 2
7384.5 8 2.82843
7385.5 9 3
7386.5 7 2.64575
7387.5 7 2.64575
7388.5 6 2.44949
7389.5 6 2.44949
7390.5 6 2.44949
7391.5 4 2
7392.5 5 2.23607
7393.5 7 2.64575
7394.5 9 3
7395.5 7 2.64575
7396.5 3 1.73205
7397.5 9 3
7398.5 9 3
7399.5 7 2.64575
7400.5 7 2.64575
7401.5 10 3.16228
7402.5 11 3.31662
7403.5 7 2.64575
7404.5 8 2.82843
7405.5 7 2.64575
7406.5 8 2.82843
7407.5 5 2.23607
7408.5 7 2.64575
7409.5 7 2.64575
7410.5 11 3.31662
7411.5 6 2.44949
7412.5 6 2.44949
7413.5 5 2.23607
7414.5 9 3
7415.5 4 2
7416.5 10 3.16228
7417.5 11 3.31662
7418.5 8 2.82843
7419.5 5 2.23607
7420.5 3 1.73205
7421.5 9 3
7422.5 16 4
7423.5 8 2.82843
7424.5 3 1.73205
7425.5 10 3.16228
7426.5 3 1.73205
7427.5 7 2.64575
7428.5 12 3.4641
7429.5 10 3.16228
7430.5 7 2.64575
7431.5 5 2.23607
7432.5 3 1.73205
7433.5 13 3.60555
7434.5 8 2.82843
7435.5 10 3.16228
7436.5 5 2.23607
7437.5 7 2.64575
7438.5 10 3.16228
7439.5 8 2.82843
7440.5 3 1.73205
7441.5 8 2.82843
7442.5 7 2.64575
7443.5 10 3.16228
7444.5 3 1.73205
7445.5 7 2.64575
7446.5 8 2.82843
7447.5 7 2.64575
7448.5 6 2.44949
7449.5 7 2.64575
7450.5 5 2.23607
7451.5 5 2.23607
7452.5 3 1.73205
7453.5 4 2
7454.5 4 2
7455.5 6 2.44949
7456.5 7 2.64575
7457.5 8 2.82843
7458.5 8 2.82843
7459.5 7 2.64575
7460.5 4 2
7461.5 3 1.73205
7462.5 4 2
7463.5 7 2.64575
7464.5 8 2.82843
7465.5 5 2.23607
7466.5 5 2.23607
7467.5 8 2.82843
7468.5 10 3.16228
7469.5 10 3.16228
7470.5 4 2
7471.5 5 2.23607
7472.5 8 2.82843
7473.5 9 3
7474.5 11 3.31662
7475.5 7 2.64575
7476.5 5 2.23607
7477.5 3 1.73205
7478.5 2 1.41421
7479.5 3 1.73205
7480.5 12 3.4641
7481.5 9 3
7482.5 13 3.60555
7483.5 7 2.64575
7484.5 7 2.64575
7485.5 7 2.64575
7486.5 10 3.16228
7487.5 7 2.64575
7488.5 12 3.4641
7489.5 8 2.82843
7490.5 5 2.23607
7491.5 6 2.44949
7492.5 6 2.44949
7493.5 12 3.4641
7494.5 8 2.82843
7495.5 9 3
7496.5 6 2.44949
7497.5 4 2
7498.5 8 2.82843
7499.5 9 3
7500.5 8 2.82843
7501.5 10 3.16228
7502.5 11 3.31662
7503.5 6 2.44949
7504.5 12 3.4641
7505.5 13 3.60555
7506.5 10 3.16228
7507.5 6 2.44949
7508.5 13 3.60555
7509.5 3 1.73205
7510.5 13 3.60555
7511.5 7 2.64575
7512.5 11 3.31662
7513.5 10 3.16228
7514.5 6 2.44949
7515.5 9 3
7516.5 8 2.82843
7517.5 5 2.23607
7518.5 4 2
7519.5 6 2.44949
7520.5 4 2
7521.5 6 2.44949
7522.5 8 2.82843
7523.5 6 2.44949
7524.5 6 2.44949
7525.5 6 2.44949
7526.5 6 2.44949
7527.5 5 2.23607
7528.5 16 4
7529.5 9 3
7530.5 8 2.82843
7531.5 13 3.60555
7532.5 4 2
7533.5 15 3.87298
7534.5 6 2.44949
7535.5 7 2.64575
7536.5 6 2.44949
7537.5 10 3.16228
7538.5 8 2.82843
7539.5 6 2.44949
7540.5 11 3.31662
7541.5 7 2.64575
7542.5 6 2.44949
7543.5 9 3
7544.5 9 3
7545.5 7 2.64575
7546.5 7 2.64575
7547.5 7 2.64575
7548.5 5 2.23607
7549.5 5 2.23607
7550.5 7 2.64575
7551.5 11 3.31662
7552.5 9 3
7553.5 4 2
7554.5 4 2
7555.5 7 2.64575
7556.5 6 2.44949
7557.5 13 3.60555
7558.5 4 2
7559.5 12 3.4641
7560.5 4 2
7561.5 9 3
7562.5 7 2.64575
7563.5 2 1.41421
7564.5 10 3.16228
7565.5 7 2.64575
7566.5 9 3
7567.5 8 2.82843
7568.5 9 3
7569.5 8 2.82843
7570.5 4 2
7571.5 6 2.44949
7572.5 10 3.16228
7573.5 7 2.64575
7574.5 9 3
7575.5 9 3
7576.5 9 3
7577.5 5 2.23607
7578.5 6 2.44949
7579.5 3 1.73205
7580.5 10 3.16228
7581.5 1 1
7582.5 13 3.60555
7583.5 6 2.44949
7584.5 3 1.73205
7585.5 6 2.44949
7586.5 12 3.4641
7587.5 7 2.64575
7588.5 8 2.82843
7589.5 5 2.23607
7590.5 4 2
7591.5 6 2.44949
7592.5 10 3.16228
7593.5 7 2.64575
7594.5 9 3
7595.5 11 3.31662
7596.5 7 2.64575
7597.5 3 1.73205
7598.5 10 3.16228
7599.5 7 2.64575
7600.5 6 2.44949
7601.5 10 3.16228
7602.5 11 3.31662
7603.5 3 1.73205
7604.5 11 3.31662
7605.5 13 3.60555
7606.5 9 3
7607.5 5 2.23607
7608.5 5 2.23607
7609.5 10 3.16228
7610.5 11 3.31662
7611.5 10 3.16228
7612.5 7 2.64575
7613.5 10 3.16228
7614.5 8 2.82843
7615.5 3 1.73205
7616.5 6 2.44949
7617.5 9 3
7618.5 5 2.23607
7619.5 10 3.16228
7620.5 11 3.31662
7621.5 6 2.44949
7622.5 6 2.44949
7623.5 9 3
7624.5 3 1.73205
7625.5 7 2.64575
7626.5 8 2.82843
7627.5 8 2.82843
7628.5 3 1.73205
7629.5 7 2.64575
7630.5 5 2.23607
7631.5 6 2.44949
7632.5 4 2
7633.5 5 2.23607
7634.5 4 2
7635.5 4 2
7636.5 3 1.73205
7637.5 10 3.16228
7638.5 4 2
7639.5 9 3
7640.5 9 3
7641.5 5 2.23607
7642.5 9 3
7643.5 7 2.64575
7644.5 4 2
7645.5 8 2.82843
7646.5 2 1.41421
7647.5 9 3
7648.5 5 2.23607
7649.5 10 3.16228
7650.5 4 2
7651.5 6 2.44949
7652.5 10 3.16228
7653.5 8 2.82843
7654.5 6 2.44949
7655.5 6 2.44949
7656.5 13 3.60555
7657.5 7 2.64575
7658.5 11 3.31662
7659.5 5 2.23607
7660.5 7 2.64575
7661.5 8 2.82843
7662.5 11 3.31662
7663.5 6 2.44949
7664.5 5 2.23607
7665.5 13 3.60555
7666.5 8 2.82843
7667.5 4 2
7668.5 4 2
7669.5 7 2.64575
7670.5 11 3.31662
7671.5 5 2.23607
7672.5 7 2.64575
7673.5 8 2.82843
7674.5 4 2
7675.5 6 2.44949
7676.5 7 2.64575
7677.5 6 2.44949
7678.5 10 3.16228
7679.5 10 3.16228
7680.5 10 3.16228
7681.5 5 2.23607
7682.5 10 3.16228
7683.5 7 2.64575
7684.5 7 2.64575
7685.5 6 2.44949
7686.5 11 3.31662
7687.5 9 3
7688.5 8 2.82843
7689.5 12 3.4641
7690.5 10 3.16228
7691.5 8 2.82843
7692.5 14 3.74166
7693.5 2 1.41421
7694.5 6 2.44949
7695.5 11 3.31662
7696.5 5 2.23607
7697.5 6 2.44949
7698.5 7 2.64575
7699.5 5 2.23607
7700.5 6 2.44949
7701.5 9 3
7702.5 7 2.64575
7703.5 5 2.23607
7704.5 6 2.44949
7705.5 7 2.64575
7706.5 6 2.44949
7707.5 5 2.23607
7708.5 6 2.44949
7709.5 7 2.64575
7710.5 10 3.16228
7711.5 7 2.64575
7712.5 8 2.82843
7713.5 8 2.82843
7714.5 6 2.44949
7715.5 8 2.82843
7716.5 8 2.82843
7717.5 7 2.64575
7718.5 5 2.23607
7719.5 13 3.60555
7720.5 8 2.82843
7721.5 10 3.16228
7722.5 14 3.74166
7723.5 7 2.64575
7724.5 8 2.82843
7725.5 8 2.82843
7726.5 8 2.82843
7727.5 8 2.82843
7728.5 6 2.44949
7729.5 5 2.23607
7730.5 9 3
7731.5 7 2.64575
7732.5 11 3.31662
7733.5 6 2.44949
7734.5 11 3.31662
7735.5 8 2.82843
7736.5 10 3.16228
7737.5 9 3
7738.5 9 3
7739.5 11 3.31662
7740.5 6 2.44949
7741.5 7 2.64575
7742.5 4 2
7743.5 8 2.82843
7744.5 9 3
7745.5 9 3
7746.5 9 3
7747.5 10 3.16228
7748.5 7 2.64575
7749.5 6 2.44949
7750.5 6 2.44949
7751.5 7 2.64575
7752.5 6 2.44949
7753.5 8 2.82843
7754.5 8 2.82843
7755.5 6 2.44949
7756.5 9 3
7757.5 7 2.64575
7758.5 12 3.4641
7759.5 3 1.73205
7760.5 9 3
7761.5 8 2.82843
7762.5 10 3.16228
7763.5 6 2.44949
7764.5 13 3.60555
7765.5 5 2.23607
7766.5 8 2.82843
7767.5 7 2.64575
7768.5 9 3
7769.5 7 2.64575
7770.5 6 2.44949
7771.5 7 2.64575
7772.5 8 2.82843
7773.5 10 3.16228
7774.5 7 2.64575
7775.5 20 4.47214
7776.5 25 5
7777.5 16 4
7778.5 18 4.24264
7779.5 12 3.4641
7780.5 16 4
7781.5 26 5.09902
7782.5 19 4.3589
7783.5 17 4.12311
7784.5 24 4.89898
7785.5 17 4.12311
7786.5 18 4.24264
7787.5 10 3.16228
7788.5 11 3.31662
7789.5 7 2.64575
7790.5 9 3
7791.5 6 2.44949
7792.5 10 3.16228
7793.5 5 2.23607
7794.5 12 3.4641
7795.5 12 3.4641
7796.5 11 3.31662
7797.5 5 2.23607
7798.5 5 2.23607
7799.5 11 3.31662
7800.5 8 2.82843
7801.5 10 3.16228
7802.5 8 2.82843
7803.5 9 3
7804.5 7 2.64575
7805.5 9 3
7806.5 10 3.16228
7807.5 9 3
7808.5 4 2
7809.5 11 3.31662
7810.5 8 2.82843
7811.5 9 3
7812.5 10 3.16228
7813.5 6 2.44949
7814.5 8 2.82843
7815.5 5 2.23607
7816.5 13 3.60555
7817.5 3 1.73205
7818.5 6 2.44949
7819.5 8 2.82843
7820.5 15 3.87298
7821.5 12 3.4641
7822.5 9 3
7823.5 12 3.4641
7824.5 9 3
7825.5 10 3.16228
7826.5 4 2
7827.5 12 3.4641
7828.5 6 2.44949
7829.5 2 1.41421
7830.5 7 2.64575
7831.5 8 2.82843
7832.5 9 3
7833.5 2 1.41421
7834.5 5 2.23607
7835.5 10 3.16228
7836.5 8 2.82843
7837.5 7 2.64575
7838.5 3 1.73205
7839.5 8 2.82843
7840.5 7 2.64575
7841.5 3 1.73205
7842.5 6 2.44949
7843.5 7 2.64575
7844.5 5 2.23607
7845.5 4 2
7846.5 3 1.73205
7847.5 10 3.16228
7848.5 11 3.31662
7849.5 13 3.60555
7850.5 9 3
7851.5 4 2
7852.5 1 1
7853.5 7 2.64575
7854.5 5 2.23607
7855.5 4 2
7856.5 8 2.82843
7857.5 8 2.82843
7858.5 7 2.64575
7859.5 10 3.16228
7860.5 2 1.41421
7861.5 5 2.23607
7862.5 4 2
7863.5 10 3.16228
7864.5 3 1.73205
7865.5 7 2.64575
7866.5 7 2.64575
7867.5 9 3
7868.5 17 4.12311
7869.5 5 2.23607
7870.5 7 2.64575
7871.5 2 1.41421
7872.5 8 2.82843
7873.5 4 2
7874.5 8 2.82843
7875.5 8 2.82843
7876.5 5 2.23607
7877.5 11 3.31662
7878.5 3 1.73205
7879.5 5 2.23607
7880.5 6 2.44949
7881.5 8 2.82843
7882.5 7 2.64575
7883.5 4 2
7884.5 9 3
7885.5 9 3
7886.5 8 2.82843
7887.5 14 3.74166
7888.5 7 2.64575
7889.5 7 2.64575
7890.5 6 2.44949
7891.5 9 3
7892.5 3 1.73205
7893.5 5 2.23607
7894.5 7 2.64575
7895.5 6 2.44949
7896.5 9 3
7897.5 16 4
7898.5 8 2.82843
7899.5 8 2.82843
7900.5 8 2.82843
7901.5 6 2.44949
7902.5 3 1.73205
7903.5 5 2.23607
7904.5 13 3.60555
7905.5 4 2
7906.5 11 3.31662
7907.5 7 2.64575
7908.5 11 3.31662
7909.5 10 3.16228
7910.5 6 2.44949
7911.5 7 2.64575
7912.5 5 2.23607
7913.5 9 3
7914.5 6 2.44949
7915.5 10 3.16228
7916.5 5 2.23607
7917.5 8 2.82843
7918.5 3 1.73205
7919.5 6 2.44949
7920.5 4 2
7921.5 6 2.44949
7922.5 7 2.64575
7923.5 12 3.4641
7924.5 10 3.16228
7925.5 8 2.82843
7926.5 8 2.82843
7927.5 9 3
7928.5 6 2.44949
7929.5 5 2.23607
7930.5 14 3.74166
7931.5 7 2.64575
7932.5 5 2.23607
7933.5 4 2
7934.5 7 2.64575
7935.5 7 2.64575
7936.5 7 2.64575
7937.5 6 2.44949
7938.5 11 3.31662
7939.5 4 2
7940.5 8 2.82843
7941.5 2 1.41421
7942.5 9 3
7943.5 4 2
7944.5 6 2.44949
7945.5 5 2.23607
7946.5 10 3.16228
7947.5 12 3.4641
7948.5 10 3.16228
7949.5 8 2.82843
7950.5 8 2.82843
7951.5 10 3.16228
7952.5 4 2
7953.5 6 2.44949
7954.5 7 2.64575
7955.5 14 3.74166
7956.5 3 1.73205
7957.5 9 3
7958.5 6 2.44949
7959.5 11 3.31662
7960.5 7 2.64575
7961.5 6 2.44949
7962.5 2 1.41421
7963.5 8 2.82843
7964.5 5 2.23607
7965.5 8 2.82843
7966.5 7 2.64575
7967.5 13 3.60555
7968.5 6 2.44949
7969.5 11 3.31662
7970.5 7 2.64575
7971.5 7 2.64575
7972.5 10 3.16228
7973.5 7 2.64575
7974.5 10 3.16228
7975.5 8 2.82843
7976.5 9 3
7977.5 5 2.23607
7978.5 11 3.31662
7979.5 10 3.16228
7980.5 10 3.16228
7981.5 8 2.82843
7982.5 5 2.23607
7983.5 8 2.82843
7984.5 12 3.4641
7985.5 12 3.4641
7986.5 16 4
7987.5 12 3.4641
7988.5 14 3.74166
7989.5 10 3.16228
7990.5 12 3.4641
7991.5 27 5.19615
7992.5 24 4.89898
7993.5 19 4.3589
7994.5 22 4.69042
7995.5 18 4.24264
7996.5 22 4.69042
7997.5 30 5.47723
7998.5 25 5
7999.5 39 6.245
8000.5 21 4.58258
8001.5 27 5.19615
8002.5 35 5.91608
8003.5 27 5.19615
8004.5 23 4.79583
8005.5 34 5.83095
8006.5 27 5.19615
8007.5 36 6
8008.5 34 5.83095
8009.5 18 4.24264
8010.5 21 4.58258
8011.5 14 3.74166
8012.5 19 4.3589
8013.5 8 2.82843
8014.5 12 3.4641
8015.5 10 3.16228
8016.5 6 2.44949
8017.5 10 3.16228
8018.5 9 3
8019.5 9 3
8020.5 9 3
8021.5 7 2.64575
8022.5 6 2.44949
8023.5 5 2.23607
8024.5 9 3
8025.5 6 2.44949
8026.5 5 2.23607
8027.5 8 2.82843
8028.5 5 2.23607
8029.5 10 3.16228
8030.5 6 2.44949
8031.5 13 3.60555
8032.5 5 2.23607
8033.5 8 2.82843
8034.5 5 2.23607
8035.5 5 2.23607
8036.5 5 2.23607
8037.5 11 3.31662
8038.5 9 3
8039.5 5 2.23607
8040.5 11 3.31662
8041.5 4 2
8042.5 7 2.64575
8043.5 11 3.31662
8044.5 8 2.82843
8045.5 6 2.44949
8046.5 11 3.31662
8047.5 10 3.16228
8048.5 7 2.64575
8049.5 7 2.64575
8050.5 7 2.64575
8051.5 7 2.64575
8052.5 10 3.16228
8053.5 7 2.64575
8054.5 10 3.16228
8055.5 7 2.64575
8056.5 7 2.64575
8057.5 4 2
8058.5 4 2
8059.5 9 3
8060.5 11 3.31662
8061.5 9 3
8062.5 6 2.44949
8063.5 5 2.23607
8064.5 8 2.82843
8065.5 9 3
8066.5 10 3.16228
8067.5 7 2.64575
8068.5 6 2.44949
8069.5 8 2.82843
8070.5 12 3.4641
8071.5 9 3
8072.5 10 3.16228
8073.5 14 3.74166
8074.5 8 2.82843
8075.5 6 2.44949
8076.5 13 3.60555
8077.5 11 3.31662
8078.5 4 2
8079.5 12 3.4641
8080.5 10 3.16228
8081.5 6 2.44949
8082.5 10 3.16228
8083.5 8 2.82843
8084.5 7 2.64575
8085.5 8 2.82843
8086.5 9 3
8087.5 8 2.82843
8088.5 6 2.44949
8089.5 6 2.44949
8090.5 8 2.82843
8091.5 7 2.64575
8092.5 5 2.23607
8093.5 2 1.41421
8094.5 5 2.23607
8095.5 18 4.24264
8096.5 8 2.82843
8097.5 5 2.23607
8098.5 6 2.44949
8099.5 10 3.16228
8100.5 6 2.44949
8101.5 10 3.16228
8102.5 8 2.82843
8103.5 10 3.16228
8104.5 7 2.64575
8105.5 8 2.82843
8106.5 9 3
8107.5 8 2.82843
8108.5 7 2.64575
8109.5 6 2.44949
8110.5 12 3.4641
8111.5 4 2
8112.5 12 3.4641
8113.5 3 1.73205
8114.5 9 3
8115.5 8 2.82843
8116.5 6 2.44949
8117.5 6 2.44949
8118.5 7 2.64575
8119.5 10 3.16228
8120.5 6 2.44949
8121.5 9 3
8122.5 3 1.73205
8123.5 7 2.64575
8124.5 9 3
8125.5 2 1.41421
8126.5 7 2.64575
8127.5 7 2.64575
8128.5 8 2.82843
8129.5 8 2.82843
8130.5 9 3
8131.5 10 3.16228
8132.5 13 3.60555
8133.5 3 1.73205
8134.5 6 2.44949
8135.5 8 2.82843
8136.5 10 3.16228
8137.5 6 2.44949
8138.5 10 3.16228
8139.5 6 2.44949
8140.5 10 3.16228
8141.5 8 2.82843
8142.5 12 3.4641
8143.5 5 2.23607
8144.5 11 3.31662
8145.5 15 3.87298
8146.5 9 3
8147.5 4 2
8148.5 6 2.44949
8149.5 6 2.44949
8150.5 6 2.44949
8151.5 8 2.82843
8152.5 2 1.41421
8153.5 5 2.23607
8154.5 7 2.64575
8155.5 6 2.44949
8156.5 9 3
8157.5 12 3.4641
8158.5 7 2.64575
8159.5 7 2.64575
8160.5 3 1.73205
8161.5 4 2
8162.5 8 2.82843
8163.5 9 3
8164.5 7 2.64575
8165.5 12 3.4641
8166.5 12 3.4641
8167.5 9 3
8168.5 6 2.44949
8169.5 10 3.16228
8170.5 9 3
8171.5 6 2.44949
8172.5 11 3.31662
8173.5 9 3
8174.5 8 2.82843
8175.5 8 2.82843
8176.5 17 4.12311
8177.5 12 3.4641
8178.5 10 3.16228
8179.5 3 1.73205
8180.5 11 3.31662
8181.5 6 2.44949
8182.5 11 3.31662
8183.5 6 2.44949
8184.5 3 1.73205
8185.5 8 2.82843
8186.5 5 2.23607
8187.5 10 3.16228
8188.5 12 3.4641
8189.5 12 3.4641
8190.5 10 3.16228
8191.5 3 1.73205
8192.5 4 2
8193.5 7 2.64575
8194.5 8 2.82843
8195.5 7 2.64575
8196.5 4 2
8197.5 5 2.23607
8198.5 7 2.64575
8199.5 10 3.16228
8200.5 8 2.82843
8201.5 11 3.31662
8202.5 15 3.87298
8203.5 12 3.4641
8204.5 4 2
8205.5 8 2.82843
8206.5 4 2
8207.5 6 2.44949
8208.5 8 2.82843
8209.5 8 2.82843
8210.5 11 3.31662
8211.5 9 3
8212.5 9 3
8213.5 6 2.44949
8214.5 12 3.4641
8215.5 5 2.23607
8216.5 6 2.44949
8217.5 10 3.16228
8218.5 11 3.31662
8219.5 6 2.44949
8220.5 5 2.23607
8221.5 4 2
8222.5 14 3.74166
8223.5 6 2.44949
8224.5 9 3
8225.5 10 3.16228
8226.5 6 2.44949
8227.5 8 2.82843
8228.5 9 3
8229.5 14 3.74166
8230.5 6 2.44949
8231.5 6 2.44949
8232.5 10 3.16228
8233.5 3 1.73205
8234.5 9 3
8235.5 7 2.64575
8236.5 6 2.44949
8237.5 12 3.4641
8238.5 12 3.4641
8239.5 7 2.64575
8240.5 11 3.31662
8241.5 16 4
8242.5 4 2
8243.5 9 3
8244.5 15 3.87298
8245.5 8 2.82843
8246.5 7 2.64575
8247.5 7 2.64575
8248.5 5 2.23607
8249.5 6 2.44949
8250.5 5 2.23607
8251.5 7 2.64575
8252.5 6 2.44949
8253.5 3 1.73205
8254.5 6 2.44949
8255.5 14 3.74166
8256.5 8 2.82843
8257.5 11 3.31662
8258.5 8 2.82843
8259.5 3 1.73205
8260.5 10 3.16228
8261.5 7 2.64575
8262.5 6 2.44949
8263.5 8 2.82843
8264.5 14 3.74166
8265.5 4 2
8266.5 8 2.82843
8267.5 4 2
8268.5 15 3.87298
8269.5 5 2.23607
8270.5 7 2.64575
8271.5 9 3
8272.5 6 2.44949
8273.5 5 2.23607
8274.5 8 2.82843
8275.5 5 2.23607
8276.5 8 2.82843
8277.5 4 2
8278.5 7 2.64575
8279.5 6 2.44949
8280.5 10 3.16228
8281.5 12 3.4641
8282.5 10 3.16228
8283.5 9 3
8284.5 10 3.16228
8285.5 7 2.64575
8286.5 8 2.82843
8287.5 11 3.31662
8288.5 11 3.31662
8289.5 9 3
8290.5 9 3
8291.5 14 3.74166
8292.5 8 2.82843
8293.5 7 2.64575
8294.5 12 3.4641
8295.5 6 2.44949
8296.5 10 3.16228
8297.5 8 2.82843
8298.5 12 3.4641
8299.5 5 2.23607
8300.5 10 3.16228
8301.5 10 3.16228
8302.5 14 3.74166
8303.5 5 2.23607
8304.5 12 3.4641
8305.5 8 2.82843
8306.5 10 3.16228
8307.5 12 3.4641
8308.5 6 2.44949
8309.5 10 3.16228
8310.5 10 3.16228
8311.5 4 2
8312.5 4 2
8313.5 3 1.73205
8314.5 10 3.16228
8315.5 10 3.16228
8316.5 9 3
8317.5 8 2.82843
8318.5 13 3.60555
8319.5 7 2.64575
8320.5 8 2.82843
8321.5 11 3.31662
8322.5 10 3.16228
8323.5 3 1.73205
8324.5 12 3.4641
8325.5 7 2.64575
8326.5 4 2
8327.5 3 1.73205
8328.5 7 2.64575
8329.5 8 2.82843
8330.5 11 3.31662
8331.5 11 3.31662
8332.5 8 2.82843
8333.5 9 3
8334.5 9 3
8335.5 11 3.31662
8336.5 10 3.16228
8337.5 10 3.16228
8338.5 7 2.64575
8339.5 9 3
8340.5 15 3.87298
8341.5 11 3.31662
8342.5 9 3
8343.5 12 3.4641
8344.5 8 2.82843
8345.5 8 2.82843
8346.5 11 3.31662
8347.5 12 3.4641
8348.5 6 2.44949
8349.5 10 3.16228
8350.5 6 2.44949
8351.5 6 2.44949
8352.5 9 3
8353.5 9 3
8354.5 8 2.82843
8355.5 7 2.64575
8356.5 6 2.44949
8357.5 11 3.31662
8358.5 7 2.64575
8359.5 6 2.44949
8360.5 10 3.16228
8361.5 3 1.73205
8362.5 11 3.31662
8363.5 6 2.44949
8364.5 7 2.64575
8365.5 4 2
8366.5 6 2.44949
8367.5 11 3.31662
8368.5 9 3
8369.5 15 3.87298
8370.5 8 2.82843
8371.5 3 1.73205
8372.5 8 2.82843
8373.5 12 3.4641
8374.5 16 4
8375.5 8 2.82843
8376.5 11 3.31662
8377.5 7 2.64575
8378.5 8 2.82843
8379.5 8 2.82843
8380.5 10 3.16228
8381.5 9 3
8382.5 9 3
8383.5 7 2.64575
8384.5 8 2.82843
8385.5 3 1.73205
8386.5 9 3
8387.5 8 2.82843
8388.5 12 3.4641
8389.5 4 2
8390.5 3 1.73205
8391.5 5 2.23607
8392.5 7 2.64575
8393.5 8 2.82843
8394.5 10 3.16228
8395.5 12 3.4641
8396.5 8 2.82843
8397.5 14 3.74166
8398.5 8 2.82843
8399.5 7 2.64575
8400.5 12 3.4641
8401.5 14 3.74166
8402.5 12 3.4641
8403.5 9 3
8404.5 9 3
8405.5 10 3.16228
8406.5 6 2.44949
8407.5 15 3.87298
8408.5 4 2
8409.5 9 3
8410.5 10 3.16228
8411.5 12 3.4641
8412.5 8 2.82843
8413.5 8 2.82843
8414.5 8 2.82843
8415.5 10 3.16228
8416.5 9 3
8417.5 9 3
8418.5 9 3
8419.5 11 3.31662
8420.5 10 3.16228
8421.5 11 3.31662
8422.5 6 2.44949
8423.5 10 3.16228
8424.5 12 3.4641
8425.5 7 2.64575
8426.5 9 3
8427.5 9 3
8428.5 13 3.60555
8429.5 12 3.4641
8430.5 7 2.64575
8431.5 6 2.44949
8432.5 11 3.31662
8433.5 11 3.31662
8434.5 9 3
8435.5 10 3.16228
8436.5 8 2.82843
8437.5 8 2.82843
8438.5 5 2.23607
8439.5 10 3.16228
8440.5 12 3.4641
8441.5 21 4.58258
8442.5 15 3.87298
8443.5 7 2.64575
8444.5 14 3.74166
8445.5 14 3.74166
8446.5 7 2.64575
8447.5 11 3.31662
8448.5 10 3.16228
8449.5 4 2
8450.5 10 3.16228
8451.5 8 2.82843
8452.5 11 3.31662
8453.5 19 4.3589
8454.5 8 2.82843
8455.5 8 2.82843
8456.5 12 3.4641
8457.5 10 3.16228
8458.5 12 3.4641
8459.5 13 3.60555
8460.5 9 3
8461.5 10 3.16228
8462.5 12 3.4641
8463.5 10 3.16228
8464.5 8 2.82843
8465.5 2 1.41421
8466.5 7 2.64575
8467.5 8 2.82843
8468.5 9 3
8469.5 13 3.60555
8470.5 12 3.4641
8471.5 14 3.74166
8472.5 3 1.73205
8473.5 12 3.4641
8474.5 8 2.82843
8475.5 16 4
8476.5 10 3.16228
8477.5 11 3.31662
8478.5 6 2.44949
8479.5 6 2.44949
8480.5 13 3.60555
8481.5 11 3.31662
8482.5 11 3.31662
8483.5 10 3.16228
8484.5 9 3
8485.5 11 3.31662
8486.5 17 4.12311
8487.5 9 3
8488.5 8 2.82843
8489.5 11 3.31662
8490.5 10 3.16228
8491.5 6 2.44949
8492.5 9 3
8493.5 6 2.44949
8494.5 5 2.23607
8495.5 8 2.82843
8496.5 8 2.82843
8497.5 7 2.64575
8498.5 8 2.82843
8499.5 7 2.64575
8500.5 8 2.82843
8501.5 7 2.64575
8502.5 9 3
8503.5 11 3.31662
8504.5 15 3.87298
8505.5 11 3.31662
8506.5 9 3
8507.5 7 2.64575
8508.5 6 2.44949
8509.5 9 3
8510.5 8 2.82843
8511.5 8 2.82843
8512.5 8 2.82843
8513.5 13 3.60555
8514.5 9 3
8515.5 8 2.82843
8516.5 14 3.74166
8517.5 10 3.16228
8518.5 5 2.23607
8519.5 5 2.23607
8520.5 9 3
8521.5 10 3.16228
8522.5 7 2.64575
8523.5 11 3.31662
8524.5 11 3.31662
8525.5 7 2.64575
8526.5 10 3.16228
8527.5 10 3.16228
8528.5 10 3.16228
8529.5 10 3.16228
8530.5 7 2.64575
8531.5 8 2.82843
8532.5 10 3.16228
8533.5 9 3
8534.5 10 3.16228
8535.5 12 3.4641
8536.5 10 3.16228
8537.5 13 3.60555
8538.5 10 3.16228
8539.5 13 3.60555
8540.5 9 3
8541.5 5 2.23607
8542.5 16 4
8543.5 7 2.64575
8544.5 11 3.31662
8545.5 8 2.82843
8546.5 8 2.82843
8547.5 14 3.74166
8548.5 8 2.82843
8549.5 7 2.64575
8550.5 11 3.31662
8551.5 7 2.64575
8552.5 6 2.44949
8553.5 6 2.44949
8554.5 9 3
8555.5 8 2.82843
8556.5 11 3.31662
8557.5 8 2.82843
8558.5 13 3.60555
8559.5 6 2.44949
8560.5 7 2.64575
8561.5 10 3.16228
8562.5 11 3.31662
8563.5 6 2.44949
8564.5 13 3.60555
8565.5 9 3
8566.5 12 3.4641
8567.5 12 3.4641
8568.5 7 2.64575
8569.5 15 3.87298
8570.5 5 2.23607
8571.5 8 2.82843
8572.5 8 2.82843
8573.5 12 3.4641
8574.5 11 3.31662
8575.5 9 3
8576.5 12 3.4641
8577.5 11 3.31662
8578.5 6 2.44949
8579.5 8 2.82843
8580.5 11 3.31662
8581.5 9 3
8582.5 7 2.64575
8583.5 8 2.82843
8584.5 3 1.73205
8585.5 7 2.64575
8586.5 3 1.73205
8587.5 8 2.82843
8588.5 13 3.60555
8589.5 11 3.31662
8590.5 8 2.82843
8591.5 9 3
8592.5 5 2.23607
8593.5 11 3.31662
8594.5 7 2.64575
8595.5 7 2.64575
8596.5 9 3
8597.5 10 3.16228
8598.5 10 3.16228
8599.5 11 3.31662
8600.5 6 2.44949
8601.5 15 3.87298
8602.5 10 3.16228
8603.5 10 3.16228
8604.5 7 2.64575
8605.5 11 3.31662
8606.5 8 2.82843
8607.5 8 2.82843
8608.5 11 3.31662
8609.5 8 2.82843
8610.5 8 2.82843
8611.5 6 2.44949
8612.5 10 3.16228
8613.5 7 2.64575
8614.5 6 2.44949
8615.5 7 2.64575
8616.5 15 3.87298
8617.5 4 2
8618.5 9 3
8619.5 5 2.23607
8620.5 6 2.44949
8621.5 6 2.44949
8622.5 15 3.87298
8623.5 11 3.31662
8624.5 13 3.60555
8625.5 9 3
8626.5 7 2.64575
8627.5 5 2.23607
8628.5 6 2.44949
8629.5 11 3.31662
8630.5 12 3.4641
8631.5 8 2.82843
8632.5 11 3.31662
8633.5 14 3.74166
8634.5 7 2.64575
8635.5 11 3.31662
8636.5 13 3.60555
8637.5 11 3.31662
8638.5 6 2.44949
8639.5 10 3.16228
8640.5 6 2.44949
8641.5 8 2.82843
8642.5 11 3.31662
8643.5 12 3.4641
8644.5 14 3.74166
8645.5 7 2.64575
8646.5 10 3.16228
8647.5 11 3.31662
8648.5 9 3
8649.5 6 2.44949
8650.5 9 3
8651.5 9 3
8652.5 9 3
8653.5 7 2.64575
8654.5 15 3.87298
8655.5 7 2.64575
8656.5 12 3.4641
8657.5 7 2.64575
8658.5 11 3.31662
8659.5 8 2.82843
8660.5 8 2.82843
8661.5 7 2.64575
8662.5 14 3.74166
8663.5 9 3
8664.5 8 2.82843
8665.5 13 3.60555
8666.5 7 2.64575
8667.5 6 2.44949
8668.5 6 2.44949
8669.5 14 3.74166
8670.5 8 2.82843
8671.5 4 2
8672.5 15 3.87298
8673.5 13 3.60555
8674.5 13 3.60555
8675.5 11 3.31662
8676.5 10 3.16228
8677.5 9 3
8678.5 8 2.82843
8679.5 6 2.44949
8680.5 7 2.64575
8681.5 8 2.82843
8682.5 6 2.44949
8683.5 3 1.73205
8684.5 11 3.31662
8685.5 14 3.74166
8686.5 10 3.16228
8687.5 9 3
8688.5 6 2.44949
8689.5 12 3.4641
8690.5 12 3.4641
8691.5 10 3.16228
8692.5 15 3.87298
8693.5 13 3.60555
8694.5 15 3.87298
8695.5 8 2.82843
8696.5 7 2.64575
8697.5 10 3.16228
8698.5 11 3.31662
8699.5 6 2.44949
8700.5 10 3.16228
8701.5 10 3.16228
8702.5 8 2.82843
8703.5 12 3.4641
8704.5 9 3
8705.5 8 2.82843
8706.5 8 2.82843
8707.5 7 2.64575
8708.5 4 2
8709.5 14 3.74166
8710.5 14 3.74166
8711.5 7 2.64575
8712.5 14 3.74166
8713.5 13 3.60555
8714.5 8 2.82843
8715.5 8 2.82843
8716.5 8 2.82843
8717.5 10 3.16228
8718.5 7 2.64575
8719.5 12 3.4641
8720.5 13 3.60555
8721.5 9 3
8722.5 14 3.74166
8723.5 10 3.16228
8724.5 9 3
8725.5 7 2.64575
8726.5 6 2.44949
8727.5 10 3.16228
8728.5 13 3.60555
8729.5 8 2.82843
8730.5 14 3.74166
8731.5 13 3.60555
8732.5 13 3.60555
8733.5 2 1.41421
8734.5 6 2.44949
8735.5 12 3.4641
8736.5 5 2.23607
8737.5 13 3.60555
8738.5 14 3.74166
8739.5 10 3.16228
8740.5 11 3.31662
8741.5 5 2.23607
8742.5 13 3.60555
8743.5 13 3.60555
8744.5 6 2.44949
8745.5 10 3.16228
8746.5 9 3
8747.5 5 2.23607
8748.5 8 2.82843
8749.5 11 3.31662
8750.5 8 2.82843
8751.5 4 2
8752.5 16 4
8753.5 14 3.74166
8754.5 9 3
8755.5 9 3
8756.5 10 3.16228
8757.5 14 3.74166
8758.5 11 3.31662
8759.5 5 2.23607
8760.5 7 2.64575
8761.5 8 2.82843
8762.5 10 3.16228
8763.5 9 3
8764.5 9 3
8765.5 12 3.4641
8766.5 8 2.82843
8767.5 11 3.31662
8768.5 11 3.31662
8769.5 10 3.16228
8770.5 9 3
8771.5 11 3.31662
8772.5 9 3
8773.5 8 2.82843
8774.5 6 2.44949
8775.5 9 3
8776.5 8 2.82843
8777.5 15 3.87298
8778.5 10 3.16228
8779.5 8 2.82843
8780.5 14 3.74166
8781.5 7 2.64575
8782.5 10 3.16228
8783.5 12 3.4641
8784.5 9 3
8785.5 6 2.44949
8786.5 9 3
8787.5 7 2.64575
8788.5 8 2.82843
8789.5 11 3.31662
8790.5 10 3.16228
8791.5 5 2.23607
8792.5 13 3.60555
8793.5 15 3.87298
8794.5 11 3.31662
8795.5 3 1.73205
8796.5 12 3.4641
8797.5 9 3
8798.5 9 3
8799.5 7 2.64575
8800.5 5 2.23607
8801.5 9 3
8802.5 11 3.31662
8803.5 11 3.31662
8804.5 14 3.74166
8805.5 10 3.16228
8806.5 11 3.31662
8807.5 7 2.64575
8808.5 10 3.16228
8809.5 8 2.82843
8810.5 8 2.82843
8811.5 7 2.64575
8812.5 6 2.44949
8813.5 4 2
8814.5 6 2.44949
8815.5 10 3.16228
8816.5 17 4.12311
8817.5 12 3.4641
8818.5 13 3.60555
8819.5 11 3.31662
8820.5 13 3.60555
8821.5 6 2.44949
8822.5 12 3.4641
8823.5 10 3.16228
8824.5 10 3.16228
8825.5 8 2.82843
8826.5 11 3.31662
8827.5 8 2.82843
8828.5 11 3.31662
8829.5 9 3
8830.5 10 3.16228
8831.5 8 2.82843
8832.5 7 2.64575
8833.5 12 3.4641
8834.5 8 2.82843
8835.5 9 3
8836.5 12 3.4641
8837.5 9 3
8838.5 6 2.44949
8839.5 19 4.3589
8840.5 9 3
8841.5 8 2.82843
8842.5 12 3.4641
8843.5 10 3.16228
8844.5 7 2.64575
8845.5 8 2.82843
8846.5 10 3.16228
8847.5 14 3.74166
8848.5 9 3
8849.5 11 3.31662
8850.5 9 3
8851.5 9 3
8852.5 5 2.23607
8853.5 11 3.31662
8854.5 12 3.4641
8855.5 9 3
8856.5 14 3.74166
8857.5 7 2.64575
8858.5 12 3.4641
8859.5 11 3.31662
8860.5 12 3.4641
8861.5 7 2.64575
8862.5 10 3.16228
8863.5 4 2
8864.5 6 2.44949
8865.5 12 3.4641
8866.5 13 3.60555
8867.5 5 2.23607
8868.5 12 3.4641
8869.5 10 3.16228
8870.5 10 3.16228
8871.5 12 3.4641
8872.5 13 3.60555
8873.5 9 3
8874.5 16 4
8875.5 6 2.44949
8876.5 5 2.23607
8877.5 7 2.64575
8878.5 17 4.12311
8879.5 4 2
8880.5 7 2.64575
8881.5 11 3.31662
8882.5 9 3
8883.5 11 3.31662
8884.5 11 3.31662
8885.5 12 3.4641
8886.5 12 3.4641
8887.5 13 3.60555
8888.5 15 3.87298
8889.5 11 3.31662
8890.5 8 2.82843
8891.5 14 3.74166
8892.5 13 3.60555
8893.5 4 2
8894.5 6 2.44949
8895.5 10 3.16228
8896.5 17 4.12311
8897.5 11 3.31662
8898.5 7 2.64575
8899.5 13 3.60555
8900.5 9 3
8901.5 7 2.64575
8902.5 7 2.64575
8903.5 12 3.4641
8904.5 14 3.74166
8905.5 10 3.16228
8906.5 10 3.16228
8907.5 9 3
8908.5 10 3.16228
8909.5 7 2.64575
8910.5 9 3
8911.5 6 2.44949
8912.5 11 3.31662
8913.5 15 3.87298
8914.5 5 2.23607
8915.5 12 3.4641
8916.5 7 2.64575
8917.5 14 3.74166
8918.5 9 3
8919.5 8 2.82843
8920.5 15 3.87298
8921.5 10 3.16228
8922.5 10 3.16228
8923.5 15 3.87298
8924.5 13 3.60555
8925.5 8 2.82843
8926.5 10 3.16228
8927.5 17 4.12311
8928.5 15 3.87298
8929.5 6 2.44949
8930.5 14 3.74166
8931.5 11 3.31662
8932.5 9 3
8933.5 22 4.69042
8934.5 9 3
8935.5 6 2.44949
8936.5 9 3
8937.5 9 3
8938.5 15 3.87298
8939.5 7 2.64575
8940.5 14 3.74166
8941.5 10 3.16228
8942.5 13 3.60555
8943.5 10 3.16228
8944.5 12 3.4641
8945.5 17 4.12311
8946.5 8 2.82843
8947.5 13 3.60555
8948.5 9 3
8949.5 10 3.16228
8950.5 7 2.64575
8951.5 12 3.4641
8952.5 9 3
8953.5 13 3.60555
8954.5 11 3.31662
8955.5 15 3.87298
8956.5 10 3.16228
8957.5 11 3.31662
8958.5 16 4
8959.5 7 2.64575
8960.5 14 3.74166
8961.5 7 2.64575
8962.5 11 3.31662
8963.5 12 3.4641
8964.5 15 3.87298
8965.5 6 2.44949
8966.5 8 2.82843
8967.5 16 4
8968.5 6 2.44949
8969.5 12 3.4641
8970.5 10 3.16228
8971.5 15 3.87298
8972.5 13 3.60555
8973.5 16 4
8974.5 16 4
8975.5 10 3.16228
8976.5 10 3.16228
8977.5 9 3
8978.5 14 3.74166
8979.5 11 3.31662
8980.5 10 3.16228
8981.5 11 3.31662
8982.5 6 2.44949
8983.5 14 3.74166
8984.5 10 3.16228
8985.5 6 2.44949
8986.5 13 3.60555
8987.5 9 3
8988.5 11 3.31662
8989.5 14 3.74166
8990.5 10 3.16228
8991.5 10 3.16228
8992.5 5 2.23607
8993.5 9 3
8994.5 6 2.44949
8995.5 8 2.82843
8996.5 12 3.4641
8997.5 10 3.16228
8998.5 11 3.31662
8999.5 14 3.74166
9000.5 9 3
9001.5 11 3.31662
9002.5 9 3
9003.5 11 3.31662
9004.5 8 2.82843
9005.5 13 3.60555
9006.5 6 2.44949
9007.5 10 3.16228
9008.5 6 2.44949
9009.5 21 4.58258
9010.5 15 3.87298
9011.5 7 2.64575
9012.5 10 3.16228
9013.5 13 3.60555
9014.5 12 3.4641
9015.5 7 2.64575
9016.5 11 3.31662
9017.5 10 3.16228
9018.5 18 4.24264
9019.5 10 3.16228
9020.5 8 2.82843
9021.5 12 3.4641
9022.5 9 3
9023.5 9 3
9024.5 10 3.16228
9025.5 13 3.60555
9026.5 7 2.64575
9027.5 11 3.31662
9028.5 7 2.64575
9029.5 8 2.82843
9030.5 7 2.64575
9031.5 6 2.44949
9032.5 11 3.31662
9033.5 10 3.16228
9034.5 7 2.64575
9035.5 9 3
9036.5 12 3.4641
9037.5 9 3
9038.5 7 2.64575
9039.5 12 3.4641
9040.5 17 4.12311
9041.5 9 3
9042.5 7 2.64575
9043.5 8 2.82843
9044.5 10 3.16228
9045.5 16 4
9046.5 3 1.73205
9047.5 7 2.64575
9048.5 13 3.60555
9049.5 10 3.16228
9050.5 4 2
9051.5 10 3.16228
9052.5 11 3.31662
9053.5 9 3
9054.5 13 3.60555
9055.5 8 2.82843
9056.5 11 3.31662
9057.5 6 2.44949
9058.5 9 3
9059.5 9 3
9060.5 15 3.87298
9061.5 12 3.4641
9062.5 5 2.23607
9063.5 15 3.87298
9064.5 9 3
9065.5 5 2.23607
9066.5 12 3.4641
9067.5 12 3.4641
9068.5 9 3
9069.5 12 3.4641
9070.5 12 3.4641
9071.5 11 3.31662
9072.5 13 3.60555
9073.5 13 3.60555
9074.5 8 2.82843
9075.5 13 3.60555
9076.5 10 3.16228
9077.5 11 3.31662
9078.5 18 4.24264
9079.5 11 3.31662
9080.5 15 3.87298
9081.5 13 3.60555
9082.5 15 3.87298
9083.5 14 3.74166
9084.5 17 4.12311
9085.5 8 2.82843
9086.5 14 3.74166
9087.5 16 4
9088.5 16 4
9089.5 10 3.16228
9090.5 15 3.87298
9091.5 14 3.74166
9092.5 8 2.82843
9093.5 14 3.74166
9094.5 8 2.82843
9095.5 15 3.87298
9096.5 14 3.74166
9097.5 10 3.16228
9098.5 10 3.16228
9099.5 16 4
9100.5 11 3.31662
9101.5 8 2.82843
9102.5 12 3.4641
9103.5 11 3.31662
9104.5 12 3.4641
9105.5 4 2
9106.5 16 4
9107.5 9 3
9108.5 13 3.60555
9109.5 9 3
9110.5 15 3.87298
9111.5 15 3.87298
9112.5 6 2.44949
9113.5 7 2.64575
9114.5 12 3.4641
9115.5 10 3.16228
9116.5 14 3.74166
9117.5 14 3.74166
9118.5 9 3
9119.5 16 4
9120.5 14 3.74166
9121.5 13 3.60555
9122.5 12 3.4641
9123.5 14 3.74166
9124.5 11 3.31662
9125.5 14 3.74166
9126.5 13 3.60555
9127.5 12 3.4641
9128.5 15 3.87298
9129.5 13 3.60555
9130.5 13 3.60555
9131.5 19 4.3589
9132.5 8 2.82843
9133.5 13 3.60555
9134.5 16 4
9135.5 7 2.64575
9136.5 11 3.31662
9137.5 20 4.47214
9138.5 11 3.31662
9139.5 11 3.31662
9140.5 14 3.74166
9141.5 16 4
9142.5 17 4.12311
9143.5 20 4.47214
9144.5 10 3.16228
9145.5 13 3.60555
9146.5 12 3.4641
9147.5 13 3.60555
9148.5 13 3.60555
9149.5 13 3.60555
9150.5 17 4.12311
9151.5 13 3.60555
9152.5 6 2.44949
9153.5 5 2.23607
9154.5 9 3
9155.5 12 3.4641
9156.5 8 2.82843
9157.5 6 2.44949
9158.5 13 3.60555
9159.5 8 2.82843
9160.5 16 4
9161.5 10 3.16228
9162.5 15 3.87298
9163.5 13 3.60555
9164.5 8 2.82843
9165.5 18 4.24264
9166.5 7 2.64575
9167.5 10 3.16228
9168.5 12 3.4641
9169.5 9 3
9170.5 14 3.74166
9171.5 8 2.82843
9172.5 16 4
9173.5 13 3.60555
9174.5 13 3.60555
9175.5 12 3.4641
9176.5 12 3.4641
9177.5 11 3.31662
9178.5 7 2.64575
9179.5 15 3.87298
9180.5 7 2.64575
9181.5 11 3.31662
9182.5 17 4.12311
9183.5 13 3.60555
9184.5 8 2.82843
9185.5 9 3
9186.5 16 4
9187.5 12 3.4641
9188.5 15 3.87298
9189.5 15 3.87298
9190.5 15 3.87298
9191.5 13 3.60555
9192.5 10 3.16228
9193.5 12 3.4641
9194.5 9 3
9195.5 13 3.60555
9196.5 19 4.3589
9197.5 9 3
9198.5 14 3.74166
9199.5 10 3.16228
9200.5 16 4
9201.5 10 3.16228
9202.5 15 3.87298
9203.5 16 4
9204.5 9 3
9205.5 13 3.60555
9206.5 13 3.60555
9207.5 13 3.60555
9208.5 5 2.23607
9209.5 18 4.24264
9210.5 10 3.16228
9211.5 13 3.60555
9212.5 12 3.4641
9213.5 12 3.4641
9214.5 14 3.74166
9215.5 13 3.60555
9216.5 21 4.58258
9217.5 20 4.47214
9218.5 15 3.87298
9219.5 9 3
9220.5 9 3
9221.5 9 3
9222.5 16 4
9223.5 22 4.69042
9224.5 6 2.44949
9225.5 10 3.16228
9226.5 8 2.82843
9227.5 12 3.4641
9228.5 13 3.60555
9229.5 9 3
9230.5 12 3.4641
9231.5 13 3.60555
9232.5 9 3
9233.5 8 2.82843
9234.5 16 4
9235.5 8 2.82843
9236.5 13 3.60555
9237.5 12 3.4641
9238.5 16 4
9239.5 14 3.74166
9240.5 14 3.74166
9241.5 17 4.12311
9242.5 15 3.87298
9243.5 11 3.31662
9244.5 18 4.24264
9245.5 6 2.44949
9246.5 7 2.64575
9247.5 8 2.82843
9248.5 11 3.31662
9249.5 9 3
9250.5 18 4.24264
9251.5 11 3.31662
9252.5 10 3.16228
9253.5 7 2.64575
9254.5 17 4.12311
9255.5 17 4.12311
9256.5 16 4
9257.5 11 3.31662
9258.5 12 3.4641
9259.5 17 4.12311
9260.5 15 3.87298
9261.5 14 3.74166
9262.5 15 3.87298
9263.5 17 4.12311
9264.5 14 3.74166
9265.5 14 3.74166
9266.5 14 3.74166
9267.5 13 3.60555
9268.5 12 3.4641
9269.5 16 4
9270.5 10 3.16228
9271.5 17 4.12311
9272.5 8 2.82843
9273.5 8 2.82843
9274.5 14 3.74166
9275.5 12 3.4641
9276.5 11 3.31662
9277.5 14 3.74166
9278.5 8 2.82843
9279.5 8 2.82843
9280.5 18 4.24264
9281.5 18 4.24264
9282.5 13 3.60555
9283.5 13 3.60555
9284.5 16 4
9285.5 12 3.4641
9286.5 12 3.4641
9287.5 13 3.60555
9288.5 17 4.12311
9289.5 9 3
9290.5 9 3
9291.5 18 4.24264
9292.5 8 2.82843
9293.5 12 3.4641
9294.5 16 4
9295.5 12 3.4641
9296.5 8 2.82843
9297.5 8 2.82843
9298.5 9 3
9299.5 14 3.74166
9300.5 12 3.4641
9301.5 20 4.47214
9302.5 8 2.82843
9303.5 17 4.12311
9304.5 19 4.3589
9305.5 14 3.74166
9306.5 11 3.31662
9307.5 13 3.60555
9308.5 13 3.60555
9309.5 10 3.16228
9310.5 16 4
9311.5 9 3
9312.5 11 3.31662
9313.5 21 4.58258
9314.5 13 3.60555
9315.5 13 3.60555
9316.5 14 3.74166
9317.5 16 4
9318.5 13 3.60555
9319.5 9 3
9320.5 9 3
9321.5 15 3.87298
9322.5 18 4.24264
9323.5 20 4.47214
9324.5 14 3.74166
9325.5 9 3
9326.5 7 2.64575
9327.5 12 3.4641
9328.5 17 4.12311
9329.5 12 3.4641
9330.5 12 3.4641
9331.5 12 3.4641
9332.5 14 3.74166
9333.5 18 4.24264
9334.5 17 4.12311
9335.5 9 3
9336.5 12 3.4641
9337.5 18 4.24264
9338.5 17 4.12311
9339.5 19 4.3589
9340.5 10 3.16228
9341.5 11 3.31662
9342.5 18 4.24264
9343.5 14 3.74166
9344.5 11 3.31662
9345.5 12 3.4641
9346.5 15 3.87298
9347.5 12 3.4641
9348.5 16 4
9349.5 16 4
9350.5 8 2.82843
9351.5 12 3.4641
9352.5 16 4
9353.5 15 3.87298
9354.5 13 3.60555
9355.5 15 3.87298
9356.5 12 3.4641
9357.5 11 3.31662
9358.5 28 5.2915
9359.5 15 3.87298
9360.5 9 3
9361.5 13 3.60555
9362.5 14 3.74166
9363.5 11 3.31662
9364.5 10 3.16228
9365.5 11 3.31662
9366.5 17 4.12311
9367.5 13 3.60555
9368.5 12 3.4641
9369.5 17 4.12311
9370.5 18 4.24264
9371.5 13 3.60555
9372.5 17 4.12311
9373.5 13 3.60555
9374.5 9 3
9375.5 19 4.3589
9376.5 17 4.12311
9377.5 11 3.31662
9378.5 21 4.58258
9379.5 11 3.31662
9380.5 7 2.64575
9381.5 16 4
9382.5 15 3.87298
9383.5 8 2.82843
9384.5 13 3.60555
9385.5 16 4
9386.5 21 4.58258
9387.5 12 3.4641
9388.5 17 4.12311
9389.5 13 3.60555
9390.5 18 4.24264
9391.5 7 2.64575
9392.5 13 3.60555
9393.5 13 3.60555
9394.5 16 4
9395.5 17 4.12311
9396.5 21 4.58258
9397.5 15 3.87298
9398.5 9 3
9399.5 18 4.24264
9400.5 10 3.16228
9401.5 18 4.24264
9402.5 20 4.47214
9403.5 12 3.4641
9404.5 16 4
9405.5 23 4.79583
9406.5 17 4.12311
9407.5 7 2.64575
9408.5 15 3.87298
9409.5 13 3.60555
9410.5 17 4.12311
9411.5 15 3.87298
9412.5 11 3.31662
9413.5 23 4.79583
9414.5 17 4.12311
9415.5 8 2.82843
9416.5 11 3.31662
9417.5 14 3.74166
9418.5 18 4.24264
9419.5 18 4.24264
9420.5 12 3.4641
9421.5 11 3.31662
9422.5 21 4.58258
9423.5 13 3.60555
9424.5 15 3.87298
9425.5 12 3.4641
9426.5 14 3.74166
9427.5 13 3.60555
9428.5 14 3.74166
9429.5 19 4.3589
9430.5 20 4.47214
9431.5 14 3.74166
9432.5 9 3
9433.5 10 3.16228
9434.5 18 4.24264
9435.5 14 3.74166
9436.5 12 3.4641
9437.5 12 3.4641
9438.5 18 4.24264
9439.5 16 4
9440.5 7 2.64575
9441.5 14 3.74166
9442.5 14 3.74166
9443.5 16 4
9444.5 9 3
9445.5 12 3.4641
9446.5 15 3.87298
9447.5 15 3.87298
9448.5 17 4.12311
9449.5 9 3
9450.5 14 3.74166
9451.5 17 4.12311
9452.5 16 4
9453.5 11 3.31662
9454.5 11 3.31662
9455.5 14 3.74166
9456.5 12 3.4641
9457.5 14 3.74166
9458.5 14 3.74166
9459.5 10 3.16228
9460.5 20 4.47214
9461.5 11 3.31662
9462.5 13 3.60555
9463.5 8 2.82843
9464.5 17 4.12311
9465.5 13 3.60555
9466.5 20 4.47214
9467.5 14 3.74166
9468.5 15 3.87298
9469.5 11 3.31662
9470.5 7 2.64575
9471.5 9 3
9472.5 17 4.12311
9473.5 15 3.87298
9474.5 14 3.74166
9475.5 14 3.74166
9476.5 7 2.64575
9477.5 16 4
9478.5 16 4
9479.5 12 3.4641
9480.5 22 4.69042
9481.5 23 4.79583
9482.5 13 3.60555
9483.5 16 4
9484.5 9 3
9485.5 14 3.74166
9486.5 15 3.87298
9487.5 14 3.74166
9488.5 16 4
9489.5 15 3.87298
9490.5 13 3.60555
9491.5 13 3.60555
9492.5 17 4.12311
9493.5 20 4.47214
9494.5 9 3
9495.5 12 3.4641
9496.5 19 4.3589
9497.5 11 3.31662
9498.5 12 3.4641
9499.5 6 2.44949
9500.5 8 2.82843
9501.5 9 3
9502.5 19 4.3589
9503.5 11 3.31662
9504.5 6 2.44949
9505.5 11 3.31662
9506.5 13 3.60555
9507.5 13 3.60555
9508.5 6 2.44949
9509.5 12 3.4641
9510.5 17 4.12311
9511.5 5 2.23607
9512.5 10 3.16228
9513.5 11 3.31662
9514.5 17 4.12311
9515.5 9 3
9516.5 17 4.12311
9517.5 11 3.31662
9518.5 9 3
9519.5 20 4.47214
9520.5 9 3
9521.5 14 3.74166
9522.5 8 2.82843
9523.5 14 3.74166
9524.5 16 4
9525.5 15 3.87298
9526.5 4 2
9527.5 5 2.23607
9528.5 8 2.82843
9529.5 8 2.82843
9530.5 8 2.82843
9531.5 9 3
9532.5 10 3.16228
9533.5 9 3
9534.5 6 2.44949
9535.5 14 3.74166
9536.5 9 3
9537.5 11 3.31662
9538.5 10 3.16228
9539.5 5 2.23607
9540.5 8 2.82843
9541.5 12 3.4641
9542.5 16 4
9543.5 12 3.4641
9544.5 14 3.74166
9545.5 9 3
9546.5 9 3
9547.5 16 4
9548.5 4 2
9549.5 10 3.16228
9550.5 8 2.82843
9551.5 5 2.23607
9552.5 6 2.44949
9553.5 10 3.16228
9554.5 11 3.31662
9555.5 3 1.73205
9556.5 9 3
9557.5 7 2.64575
9558.5 13 3.60555
9559.5 5 2.23607
9560.5 6 2.44949
9561.5 8 2.82843
9562.5 9 3
9563.5 7 2.64575
9564.5 9 3
9565.5 11 3.31662
9566.5 11 3.31662
9567.5 15 3.87298
9568.5 16 4
9569.5 13 3.60555
9570.5 7 2.64575
9571.5 11 3.31662
9572.5 7 2.64575
9573.5 15 3.87298
9574.5 9 3
9575.5 6 2.44949
9576.5 12 3.4641
9577.5 7 2.64575
9578.5 3 1.73205
9579.5 9 3
9580.5 12 3.4641
9581.5 14 3.74166
9582.5 8 2.82843
9583.5 4 2
9584.5 10 3.16228
9585.5 8 2.82843
9586.5 14 3.74166
9587.5 6 2.44949
9588.5 7 2.64575
9589.5 10 3.16228
9590.5 5 2.23607
9591.5 7 2.64575
9592.5 7 2.64575
9593.5 6 2.44949
9594.5 17 4.12311
9595.5 13 3.60555
9596.5 10 3.16228
9597.5 14 3.74166
9598.5 9 3
9599.5 11 3.31662
9600.5 2 1.41421
9601.5 10 3.16228
9602.5 7 2.64575
9603.5 2 1.41421
9604.5 9 3
9605.5 13 3.60555
9606.5 12 3.4641
9607.5 6 2.44949
9608.5 10 3.16228
9609.5 9 3
9610.5 11 3.31662
9611.5 11 3.31662
9612.5 8 2.82843
9613.5 6 2.44949
9614.5 10 3.16228
9615.5 9 3
9616.5 1 1
9617.5 14 3.74166
9618.5 11 3.31662
9619.5 9 3
9620.5 9 3
9621.5 7 2.64575
9622.5 9 3
9623.5 11 3.31662
9624.5 7 2.64575
9625.5 9 3
9626.5 7 2.64575
9627.5 8 2.82843
9628.5 9 3
9629.5 11 3.31662
9630.5 7 2.64575
9631.5 2 1.41421
9632.5 13 3.60555
9633.5 3 1.73205
9634.5 10 3.16228
9635.5 8 2.82843
9636.5 2 1.41421
9637.5 7 2.64575
9638.5 14 3.74166
9639.5 6 2.44949
9640.5 16 4
9641.5 3 1.73205
9642.5 10 3.16228
9643.5 5 2.23607
9644.5 9 3
9645.5 6 2.44949
9646.5 11 3.31662
9647.5 4 2
9648.5 4 2
9649.5 9 3
9650.5 7 2.64575
9651.5 10 3.16228
9652.5 10 3.16228
9653.5 5 2.23607
9654.5 13 3.60555
9655.5 14 3.74166
9656.5 8 2.82843
9657.5 8 2.82843
9658.5 7 2.64575
9659.5 8 2.82843
9660.5 11 3.31662
9661.5 8 2.82843
9662.5 7 2.64575
9663.5 11 3.31662
9664.5 6 2.44949
9665.5 8 2.82843
9666.5 6 2.44949
9667.5 7 2.64575
9668.5 15 3.87298
9669.5 9 3
9670.5 6 2.44949
9671.5 12 3.4641
9672.5 6 2.44949
9673.5 10 3.16228
9674.5 5 2.23607
9675.5 10 3.16228
9676.5 9 3
9677.5 7 2.64575
9678.5 6 2.44949
9679.5 3 1.73205
9680.5 6 2.44949
9681.5 9 3
9682.5 6 2.44949
9683.5 12 3.4641
9684.5 8 2.82843
9685.5 6 2.44949
9686.5 7 2.64575
9687.5 5 2.23607
9688.5 3 1.73205
9689.5 3 1.73205
9690.5 11 3.31662
9691.5 10 3.16228
9692.5 8 2.82843
9693.5 5 2.23607
9694.5 6 2.44949
9695.5 6 2.44949
9696.5 7 2.64575
9697.5 9 3
9698.5 7 2.64575
9699.5 10 3.16228
9700.5 5 2.23607
9701.5 5 2.23607
9702.5 6 2.44949
9703.5 9 3
9704.5 9 3
9705.5 7 2.64575
9706.5 5 2.23607
9707.5 8 2.82843
9708.5 3 1.73205
9709.5 5 2.23607
9710.5 7 2.64575
9711.5 5 2.23607
9712.5 13 3.60555
9713.5 5 2.23607
9714.5 10 3.16228
9715.5 1 1
9716.5 3 1.73205
9717.5 9 3
9718.5 6 2.44949
9719.5 8 2.82843
9720.5 9 3
9721.5 7 2.64575
9722.5 3 1.73205
9723.5 4 2
9724.5 6 2.44949
9725.5 13 3.60555
9726.5 9 3
9727.5 7 2.64575
9728.5 13 3.60555
9729.5 3 1.73205
9730.5 6 2.44949
9731.5 8 2.82843
9732.5 7 2.64575
9733.5 11 3.31662
9734.5 3 1.73205
9735.5 7 2.64575
9736.5 4 2
9737.5 4 2
9738.5 4 2
9739.5 8 2.82843
9740.5 7 2.64575
9741.5 7 2.64575
9742.5 14 3.74166
9743.5 8 2.82843
9744.5 8 2.82843
9745.5 7 2.64575
9746.5 4 2
9747.5 6 2.44949
9748.5 7 2.64575
9749.5 6 2.44949
9750.5 10 3.16228
9751.5 7 2.64575
9752.5 9 3
9753.5 13 3.60555
9754.5 5 2.23607
9755.5 9 3
9756.5 6 2.44949
9757.5 8 2.82843
9758.5 7 2.64575
9759.5 6 2.44949
9760.5 14 3.74166
9761.5 6 2.44949
9762.5 8 2.82843
9763.5 8 2.82843
9764.5 10 3.16228
9765.5 5 2.23607
9766.5 7 2.64575
9767.5 6 2.44949
9768.5 7 2.64575
9769.5 12 3.4641
9770.5 4 2
9771.5 5 2.23607
9772.5 6 2.44949
9773.5 6 2.44949
9774.5 4 2
9775.5 6 2.44949
9776.5 10 3.16228
9777.5 8 2.82843
9778.5 4 2
9779.5 11 3.31662
9780.5 5 2.23607
9781.5 8 2.82843
9782.5 10 3.16228
9783.5 15 3.87298
9784.5 10 3.16228
9785.5 6 2.44949
9786.5 8 2.82843
9787.5 11 3.31662
9788.5 5 2.23607
9789.5 5 2.23607
9790.5 4 2
9791.5 4 2
9792.5 7 2.64575
9793.5 9 3
9794.5 15 3.87298
9795.5 3 1.73205
9796.5 7 2.64575
9797.5 7 2.64575
9798.5 8 2.82843
9799.5 4 2
9800.5 6 2.44949
9801.5 3 1.73205
9802.5 5 2.23607
9803.5 6 2.44949
9804.5 7 2.64575
9805.5 7 2.64575
9806.5 8 2.82843
9807.5 10 3.16228
9808.5 7 2.64575
9809.5 1 1
9810.5 7 2.64575
9811.5 6 2.44949
9812.5 7 2.64575
9813.5 12 3.4641
9814.5 16 4
9815.5 9 3
9816.5 10 3.16228
9817.5 8 2.82843
9818.5 7 2.64575
9819.5 13 3.60555
9820.5 6 2.44949
9821.5 9 3
9822.5 5 2.23607
9823.5 12 3.4641
9824.5 7 2.64575
9825.5 6 2.44949
9826.5 6 2.44949
9827.5 4 2
9828.5 7 2.64575
9829.5 10 3.16228
9830.5 3 1.73205
9831.5 9 3
9832.5 0 0
9833.5 4 2
9834.5 10 3.16228
9835.5 1 1
9836.5 8 2.82843
9837.5 10 3.16228
9838.5 9 3
9839.5 6 2.44949
9840.5 6 2.44949
9841.5 7 2.64575
9842.5 7 2.64575
9843.5 4 2
9844.5 3 1.73205
9845.5 5 2.23607
9846.5 2 1.41421
9847.5 7 2.64575
9848.5 2 1.41421
9849.5 3 1.73205
9850.5 7 2.64575
9851.5 9 3
9852.5 10 3.16228
9853.5 5 2.23607
9854.5 7 2.64575
9855.5 8 2.82843
9856.5 5 2.23607
9857.5 5 2.23607
9858.5 5 2.23607
9859.5 3 1.73205
9860.5 6 2.44949
9861.5 9 3
9862.5 11 3.31662
9863.5 6 2.44949
9864.5 4 2
9865.5 12 3.4641
9866.5 3 1.73205
9867.5 12 3.4641
9868.5 7 2.64575
9869.5 3 1.73205
9870.5 10 3.16228
9871.5 4 2
9872.5 7 2.64575
9873.5 3 1.73205
9874.5 1 1
9875.5 3 1.73205
9876.5 11 3.31662
9877.5 5 2.23607
9878.5 11 3.31662
9879.5 9 3
9880.5 8 2.82843
9881.5 6 2.44949
9882.5 7 2.64575
9883.5 4 2
9884.5 5 2.23607
9885.5 6 2.44949
9886.5 9 3
9887.5 4 2
9888.5 5 2.23607
9889.5 2 1.41421
9890.5 9 3
9891.5 12 3.4641
9892.5 4 2
9893.5 6 2.44949
9894.5 7 2.64575
9895.5 12 3.4641
9896.5 8 2.82843
9897.5 7 2.64575
9898.5 7 2.64575
9899.5 6 2.44949
9900.5 5 2.23607
9901.5 5 2.23607
9902.5 8 2.82843
9903.5 8 2.82843
9904.5 7 2.64575
9905.5 12 3.4641
9906.5 8 2.82843
9907.5 5 2.23607
9908.5 8 2.82843
9909.5 8 2.82843
9910.5 7 2.64575
9911.5 7 2.64575
9912.5 6 2.44949
9913.5 2 1.41421
9914.5 1 1
9915.5 3 1.73205
9916.5 3 1.73205
9917.5 11 3.31662
9918.5 7 2.64575
9919.5 3 1.73205
9920.5 5 2.23607
9921.5 8 2.82843
9922.5 0 0
9923.5 4 2
9924.5 3 1.73205
9925.5 5 2.23607
9926.5 2 1.41421
9927.5 3 1.73205
9928.5 8 2.82843
9929.5 3 1.73205
9930.5 8 2.82843
9931.5 9 3
9932.5 2 1.41421
9933.5 6 2.44949
9934.5 7 2.64575
9935.5 3 1.73205
9936.5 4 2
9937.5 3 1.73205
9938.5 9 3
9939.5 4 2
9940.5 6 2.44949
9941.5 8 2.82843
9942.5 9 3
9943.5 5 2.23607
9944.5 2 1.41421
9945.5 2 1.41421
9946.5 3 1.73205
9947.5 2 1.41421
9948.5 9 3
9949.5 3 1.73205
9950.5 4 2
9951.5 7 2.64575
9952.5 7 2.64575
9953.5 10 3.16228
9954.5 4 2
9955.5 9 3
9956.5 4 2
9957.5 4 2
9958.5 4 2
9959.5 5 2.23607
9960.5 2 1.41421
9961.5 8 2.82843
9962.5 3 1.73205
9963.5 12 3.4641
9964.5 7 2.64575
9965.5 8 2.82843
9966.5 5 2.23607
9967.5 12 3.4641
9968.5 6 2.44949
9969.5 10 3.16228
9970.5 3 1.73205
9971.5 10 3.16228
9972.5 6 2.44949
9973.5 6 2.44949
9974.5 5 2.23607
9975.5 6 2.44949
9976.5 1 1
9977.5 5 2.23607
9978.5 3 1.73205
9979.5 5 2.23607
9980.5 2 1.41421
9981.5 6 2.44949
9982.5 2 1.41421
9983.5 4 2
9984.5 4 2
9985.5 1 1
9986.5 2 1.41421
9987.5 6 2.44949
9988.5 5 2.23607
9989.5 4 2
9990.5 4 2
9991.5 7 2.64575
9992.5 7 2.64575
9993.5 6 2.44949
9994.5 4 2
9995.5 1 1
9996.5 7 2.64575
9997.5 3 1.73205
9998.5 6 2.44949
9999.5 8 2.82843
10000.5 5 2.23607
10001.5 2 1.41421
10002.5 7 2.64575
10003.5 5 2.23607
10004.5 5 2.23607
10005.5 4 2
10006.5 3 1.73205
10007.5 7 2.64575
10008.5 3 1.73205
10009.5 4 2
10010.5 3 1.73205
10011.5 6 2.44949
10012.5 5 2.23607
10013.5 5 2.23607
10014.5 7 2.64575
10015.5 3 1.73205
10016.5 4 2
10017.5 6 2.44949
10018.5 3 1.73205
10019.5 8 2.82843
10020.5 3 1.73205
10021.5 4 2
10022.5 6 2.44949
10023.5 4 2
10024.5 6 2.44949
10025.5 4 2
10026.5 3 1.73205
10027.5 8 2.82843
10028.5 6 2.44949
10029.5 5 2.23607
10030.5 5 2.23607
10031.5 4 2
10032.5 8 2.82843
10033.5 6 2.44949
10034.5 3 1.73205
10035.5 1 1
10036.5 7 2.64575
10037.5 4 2
10038.5 4 2
10039.5 2 1.41421
10040.5 3 1.73205
10041.5 6 2.44949
10042.5 2 1.41421
10043.5 5 2.23607
10044.5 4 2
10045.5 4 2
10046.5 4 2
10047.5 5 2.23607
10048.5 7 2.64575
10049.5 4 2
10050.5 7 2.64575
10051.5 6 2.44949
10052.5 11 3.31662
10053.5 3 1.73205
10054.5 1 1
10055.5 4 2
10056.5 3 1.73205
10057.5 3 1.73205
10058.5 2 1.41421
10059.5 5 2.23607
10060.5 4 2
10061.5 2 1.41421
10062.5 6 2.44949
10063.5 1 1
10064.5 2 1.41421
10065.5 3 1.73205
10066.5 8 2.82843
10067.5 3 1.73205
10068.5 8 2.82843
10069.5 7 2.64575
10070.5 7 2.64575
10071.5 4 2
10072.5 1 1
10073.5 7 2.64575
10074.5 4 2
10075.5 4 2
10076.5 2 1.41421
10077.5 7 2.64575
10078.5 4 2
10079.5 4 2
10080.5 3 1.73205
10081.5 3 1.73205
10082.5 5 2.23607
10083.5 4 2
10084.5 3 1.73205
10085.5 2 1.41421
10086.5 5 2.23607
10087.5 2 1.41421
10088.5 2 1.41421
10089.5 1 1
10090.5 3 1.73205
10091.5 3 1.73205
10092.5 2 1.41421
10093.5 2 1.41421
10094.5 3 1.73205
10095.5 0 0
10096.5 3 1.73205
10097.5 2 1.41421
10098.5 6 2.44949
10099.5 3 1.73205
10100.5 2 1.41421
10101.5 3 1.73205
10102.5 4 2
10103.5 5 2.23607
10104.5 3 1.73205
10105.5 2 1.41421
10106.5 4 2
10107.5 2 1.41421
10108.5 4 2
10109.5 5 2.23607
10110.5 3 1.73205
10111.5 5 2.23607
10112.5 8 2.82843
10113.5 2 1.41421
10114.5 4 2
10115.5 5 2.23607
10116.5 4 2
10117.5 2 1.41421
10118.5 8 2.82843
10119.5 1 1
10120.5 4 2
10121.5 4 2
10122.5 5 2.23607
10123.5 3 1.73205
10124.5 2 1.41421
10125.5 7 2.64575
10126.5 3 1.73205
10127.5 3 1.73205
10128.5 2 1.41421
10129.5 5 2.23607
10130.5 4 2
10131.5 3 1.73205
10132.5 1 1
10133.5 1 1
10134.5 3 1.73205
10135.5 3 1.73205
10136.5 2 1.41421
10137.5 3 1.73205
10138.5 4 2
10139.5 6 2.44949
10140.5 1 1
10141.5 0 0
10142.5 3 1.73205
10143.5 2 1.41421
10144.5 2 1.41421
10145.5 0 0
10146.5 0 0
10147.5 2 1.41421
10148.5 3 1.73205
10149.5 0 0
10150.5 2 1.41421
10151.5 3 1.73205
10152.5 3 1.73205
10153.5 3 1.73205
10154.5 0 0
10155.5 3 1.73205
10156.5 4 2
10157.5 1 1
10158.5 4 2
10159.5 4 2
10160.5 3 1.73205
10161.5 1 1
10162.5 1 1
10163.5 3 1.73205
10164.5 0 0
10165.5 1 1
10166.5 3 1.73205
10167.5 3 1.73205
10168.5 4 2
10169.5 5 2.23607
10170.5 2 1.41421
10171.5 0 0
10172.5 1 1
10173.5 4 2
10174.5 1 1
10175.5 1 1
10176.5 5 2.23607
10177.5 2 1.41421
10178.5 3 1.73205
10179.5 1 1
10180.5 2 1.41421
10181.5 1 1
10182.5 1 1
10183.5 1 1
10184.5 2 1.41421
10185.5 0 0
10186.5 1 1
10187.5 3 1.73205
10188.5 5 2.23607
10189.5 4 2
10190.5 1 1
10191.5 3 1.73205
10192.5 1 1
10193.5 2 1.41421
10194.5 3 1.73205
10195.5 0 0
10196.5 4 2
10197.5 1 1
10198.5 4 2
10199.5 0 0
10200.5 0 0
10201.5 3 1.73205
10202.5 3 1.73205
10203.5 5 2.23607
10204.5 4 2
10205.5 0 0
10206.5 0 0
10207.5 3 1.73205
10208.5 4 2
10209.5 0 0
10210.5 3 1.73205
10211.5 2 1.41421
10212.5 0 0
10213.5 3 1.73205
10214.5 4 2
10215.5 2 1.41421
10216.5 0 0
10217.5 6 2.44949
10218.5 0 0
10219.5 2 1.41421
10220.5 5 2.23607
10221.5 5 2.23607
10222.5 3 1.73205
10223.5 1 1
10224.5 1 1
10225.5 0 0
10226.5 0 0
10227.5 4 2
10228.5 2 1.41421
10229.5 1 1
10230.5 3 1.73205
10231.5 1 1
10232.5 3 1.73205
10233.5 4 2
10234.5 3 1.73205
10235.5 2 1.41421
10236.5 2 1.41421
10237.5 1 1
10238.5 0 0
10239.5 3 1.73205
10240.5 3 1.73205
10241.5 3 1.73205
10242.5 2 1.41421
10243.5 2 1.41421
10244.5 1 1
10245.5 2 1.41421
10246.5 2 1.41421
10247.5 2 1.41421
10248.5 3 1.73205
10249.5 2 1.41421
10250.5 0 0
10251.5 0 0
10252.5 2 1.41421
10253.5 2 1.41421
10254.5 3 1.73205
10255.5 3 1.73205
10256.5 1 1
10257.5 5 2.23607
10258.5 2 1.41421
10259.5 2 1.41421
10260.5 2 1.41421
10261.5 2 1.41421
10262.5 5 2.23607
10263.5 2 1.41421
10264.5 5 2.23607
10265.5 4 2
10266.5 2 1.41421
10267.5 4 2
10268.5 7 2.64575
10269.5 1 1
10270.5 6 2.44949
10271.5 3 1.73205
10272.5 1 1
10273.5 5 2.23607
10274.5 1 1
10275.5 3 1.73205
10276.5 0 0
10277.5 1 1
10278.5 0 0
10279.5 4 2
10280.5 0 0
10281.5 2 1.41421
10282.5 2 1.41421
10283.5 2 1.41421
10284.5 1 1
10285.5 3 1.73205
10286.5 2 1.41421
10287.5 2 1.41421
10288.5 1 1
10289.5 3 1.73205
10290.5 4 2
10291.5 2 1.41421
10292.5 2 1.41421
10293.5 1 1
10294.5 0 0
10295.5 3 1.73205
10296.5 0 0
10297.5 1 1
10298.5 3 1.73205
10299.5 0 0
10300.5 3 1.73205
10301.5 1 1
10302.5 3 1.73205
10303.5 1 1
10304.5 3 1.73205
10305.5 0 0
10306.5 0 0
10307.5 3 1.73205
10308.5 1 1
10309.5 2 1.41421
10310.5 3 1.73205
10311.5 1 1
10312.5 4 2
10313.5 1 1
10314.5 1 1
10315.5 3 1.73205
10316.5 0 0
10317.5 2 1.41421
10318.5 1 1
10319.5 1 1
10320.5 3 1.73205
10321.5 0 0
10322.5 1 1
10323.5 1 1
10324.5 3 1.73205
10325.5 0 0
10326.5 0 0
10327.5 1 1
10328.5 0 0
10329.5 3 1.73205
10330.5 0 0
10331.5 3 1.73205
10332.5 2 1.41421
10333.5 3 1.73205
10334.5 1 1
10335.5 5 2.23607
10336.5 3 1.73205
10337.5 0 0
10338.5 3 1.73205
10339.5 1 1
10340.5 1 1
10341.5 3 1.73205
10342.5 0 0
10343.5 2 1.41421
10344.5 4 2
10345.5 1 1
10346.5 1 1
10347.5 1 1
10348.5 5 2.23607
10349.5 4 2
10350.5 2 1.41421
10351.5 0 0
10352.5 2 1.41421
10353.5 0 0
10354.5 2 1.41421
10355.5 0 0
10356.5 3 1.73205
10357.5 1 1
10358.5 2 1.41421
10359.5 2 1.41421
10360.5 2 1.41421
10361.5 5 2.23607
10362.5 1 1
10363.5 1 1
10364.5 2 1.41421
10365.5 0 0
10366.5 1 1
10367.5 0 0
10368.5 3 1.73205
10369.5 0 0
10370.5 0 0
10371.5 4 2
10372.5 3 1.73205
10373.5 0 0
10374.5 1 1
10375.5 0 0
10376.5 0 0
10377.5 3 1.73205
10378.5 0 0
10379.5 1 1
10380.5 3 1.73205
10381.5 1 1
10382.5 3 1.73205
10383.5 2 1.41421
10384.5 1 1
10385.5 2 1.41421
10386.5 2 1.41421
10387.5 1 1
10388.5 1 1
10389.5 2 1.41421
10390.5 2 1.41421
10391.5 1 1
10392.5 5 2.23607
10393.5 0 0
10394.5 2 1.41421
10395.5 1 1
10396.5 2 1.41421
10397.5 1 1
10398.5 0 0
10399.5 3 1.73205
10400.5 4 2
10401.5 3 1.73205
10402.5 0 0
10403.5 1 1
10404.5 0 0
10405.5 3 1.73205
10406.5 1 1
10407.5 1 1
10408.5 2 1.41421
10409.5 3 1.73205
10410.5 1 1
10411.5 1 1
10412.5 4 2
10413.5 1 1
10414.5 2 1.41421
10415.5 1 1
10416.5 1 1
10417.5 1 1
10418.5 1 1
10419.5 3 1.73205
10420.5 1 1
10421.5 0 0
10422.5 3 1.73205
10423.5 0 0
10424.5 3 1.73205
10425.5 1 1
10426.5 1 1
10427.5 3 1.73205
10428.5 0 0
10429.5 2 1.41421
10430.5 1 1
10431.5 2 1.41421
10432.5 3 1.73205
10433.5 3 1.73205
10434.5 2 1.41421
10435.5 0 0
10436.5 0 0
10437.5 3 1.73205
10438.5 1 1
10439.5 2 1.41421
10440.5 2 1.41421
10441.5 3 1.73205
10442.5 4 2
10443.5 1 1
10444.5 1 1
10445.5 3 1.73205
10446.5 2 1.41421
10447.5 2 1.41421
10448.5 3 1.73205
10449.5 0 0
10450.5 3 1.73205
10451.5 0 0
10452.5 5 2.23607
10453.5 2 1.41421
10454.5 2 1.41421
10455.5 2 1.41421
10456.5 1 1
10457.5 2 1.41421
10458.5 1 1
10459.5 1 1
10460.5 2 1.41421
10461.5 1 1
10462.5 1 1
10463.5 2 1.41421
10464.5 1 1
10465.5 2 1.41421
10466.5 2 1.41421
10467.5 3 1.73205
10468.5 1 1
10469.5 1 1
10470.5 0 0
10471.5 1 1
10472.5 2 1.41421
10473.5 2 1.41421
10474.5 2 1.41421
10475.5 1 1
10476.5 1 1
10477.5 1 1
10478.5 1 1
10479.5 0 0
10480.5 4 2
10481.5 0 0
10482.5 1 1
10483.5 4 2
10484.5 1 1
10485.5 3 1.73205
10486.5 1 1
10487.5 2 1.41421
10488.5 2 1.41421
10489.5 3 1.73205
10490.5 2 1.41421
10491.5 1 1
10492.5 3 1.73205
10493.5 2 1.41421
10494.5 1 1
10495.5 1 1
10496.5 2 1.41421
10497.5 0 0
10498.5 2 1.41421
10499.5 2 1.41421
10500.5 3 1.73205
10501.5 0 0
10502.5 2 1.41421
10503.5 2 1.41421
10504.5 2 1.41421
10505.5 3 1.73205
10506.5 1 1
10507.5 2 1.41421
10508.5 5 2.23607
10509.5 3 1.73205
10510.5 0 0
10511.5 4 2
10512.5 2 1.41421
10513.5 1 1
10514.5 1 1
10515.5 0 0
10516.5 3 1.73205
10517.5 3 1.73205
10518.5 3 1.73205
10519.5 0 0
10520.5 1 1
10521.5 2 1.41421
10522.5 0 0
10523.5 2 1.41421
10524.5 2 1.41421
10525.5 1 1
10526.5 0 0
10527.5 1 1
10528.5 1 1
10529.5 3 1.73205
10530.5 0 0
10531.5 2 1.41421
10532.5 2 1.41421
10533.5 4 2
10534.5 2 1.41421
10535.5 2 1.41421
10536.5 3 1.73205
10537.5 0 0
10538.5 0 0
10539.5 2 1.41421
10540.5 0 0
10541.5 2 1.41421
10542.5 1 1
10543.5 2 1.41421
10544.5 3 1.73205
10545.5 1 1
10546.5 4 2
10547.5 1 1
10548.5 0 0
10549.5 1 1
10550.5 2 1.41421
10551.5 1 1
10552.5 3 1.73205
10553.5 3 1.73205
10554.5 1 1
10555.5 2 1.41421
10556.5 0 0
10557.5 2 1.41421
10558.5 2 1.41421
10559.5 1 1
10560.5 1 1
10561.5 2 1.41421
10562.5 0 0
10563.5 1 1
10564.5 1 1
10565.5 1 1
10566.5 1 1
10567.5 1 1
10568.5 1 1
10569.5 4 2
10570.5 1 1
10571.5 0 0
10572.5 4 2
10573.5 4 2
10574.5 2 1.41421
10575.5 2 1.41421
10576.5 2 1.41421
10577.5 4 2
10578.5 1 1
10579.5 2 1.41421
10580.5 2 1.41421
10581.5 3 1.73205
10582.5 2 1.41421
10583.5 0 0
10584.5 3 1.73205
10585.5 2 1.41421
10586.5 3 1.73205
10587.5 4 2
10588.5 2 1.41421
10589.5 1 1
10590.5 3 1.73205
10591.5 1 1
10592.5 1 1
10593.5 2 1.41421
10594.5 2 1.41421
10595.5 1 1
10596.5 3 1.73205
10597.5 1 1
10598.5 4 2
10599.5 1 1
10600.5 1 1
10601.5 1 1
10602.5 2 1.41421
10603.5 1 1
10604.5 0 0
10605.5 2 1.41421
10606.5 3 1.73205
10607.5 2 1.41421
10608.5 0 0
10609.5 1 1
10610.5 3 1.73205
10611.5 2 1.41421
10612.5 0 0
10613.5 3 1.73205
10614.5 2 1.41421
10615.5 5 2.23607
10616.5 1 1
10617.5 2 1.41421
10618.5 0 0
10619.5 2 1.41421
10620.5 1 1
10621.5 1 1
10622.5 3 1.73205
10623.5 1 1
10624.5 3 1.73205
10625.5 4 2
10626.5 3 1.73205
10627.5 1 1
10628.5 1 1
10629.5 2 1.41421
10630.5 2 1.41421
10631.5 3 1.73205
10632.5 1 1
10633.5 1 1
10634.5 1 1
10635.5 2 1.41421
10636.5 1 1
10637.5 2 1.41421
10638.5 1 1
10639.5 1 1
10640.5 1 1
10641.5 1 1
10642.5 0 0
10643.5 0 0
10644.5 0 0
10645.5 2 1.41421
10646.5 0 0
10647.5 2 1.41421
10648.5 3 1.73205
10649.5 1 1
10650.5 1 1
10651.5 1 1
10652.5 2 1.41421
10653.5 0 0
10654.5 3 1.73205
10655.5 2 1.41421
10656.5 1 1
10657.5 1 1
10658.5 3 1.73205
10659.5 1 1
10660.5 0 0
10661.5 1 1
10662.5 2 1.41421
10663.5 0 0
10664.5 2 1.41421
10665.5 2 1.41421
10666.5 4 2
10667.5 1 1
10668.5 0 0
10669.5 0 0
10670.5 3 1.73205
10671.5 5 2.23607
10672.5 0 0
10673.5 1 1
10674.5 4 2
10675.5 4 2
10676.5 0 0
10677.5 0 0
10678.5 2 1.41421
10679.5 2 1.41421
10680.5 2 1.41421
10681.5 1 1
10682.5 5 2.23607
10683.5 4 2
10684.5 1 1
10685.5 5 2.23607
10686.5 5 2.23607
10687.5 2 1.41421
10688.5 4 2
10689.5 0 0
10690.5 3 1.73205
10691.5 2 1.41421
10692.5 3 1.73205
10693.5 6 2.44949
10694.5 2 1.41421
10695.5 2 1.41421
10696.5 4 2
10697.5 7 2.64575
10698.5 7 2.64575
10699.5 12 3.4641
10700.5 12 3.4641
10701.5 20 4.47214
10702.5 27 5.19615
10703.5 16 4
10704.5 47 6.85565
10705.5 45 6.7082
10706.5 66 8.12404
10707.5 74 8.60233
10708.5 109 10.4403
10709.5 137 11.7047
10710.5 165 12.8452
10711.5 233 15.2643
10712.5 257 16.0312
10713.5 308 17.5499
10714.5 349 18.6815
10715.5 380 19.4936
10716.5 430 20.7364
10717.5 453 21.2838
10718.5 469 21.6564
10719.5 507 22.5167
10720.5 489 22.1133
10721.5 453 21.2838
10722.5 404 20.0998
10723.5 378 19.4422
10724.5 343 18.5203
10725.5 293 17.1172
10726.5 275 16.5831
10727.5 214 14.6287
10728.5 171 13.0767
10729.5 150 12.2474
10730.5 102 10.0995
10731.5 77 8.77496
10732.5 44 6.63325
10733.5 39 6.245
10734.5 21 4.58258
10735.5 18 4.24264
10736.5 3 1.73205
10737.5 9 3
10738.5 9 3
10739.5 4 2
10740.5 4 2
10741.5 5 2.23607
10742.5 0 0
10743.5 4 2
10744.5 2 1.41421
10745.5 1 1
10746.5 4 2
10747.5 5 2.23607
10748.5 1 1
10749.5 2 1.41421
10750.5 3 1.73205
10751.5 3 1.73205
10752.5 1 1
10753.5 1 1
10754.5 3 1.73205
10755.5 1 1
10756.5 2 1.41421
10757.5 1 1
10758.5 0 0
10759.5 0 0
10760.5 3 1.73205
10761.5 1 1
10762.5 3 1.73205
10763.5 3 1.73205
10764.5 3 1.73205
10765.5 2 1.41421
10766.5 3 1.73205
10767.5 4 2
10768.5 1 1
10769.5 0 0
10770.5 1 1
10771.5 1 1
10772.5 1 1
10773.5 2 1.41421
10774.5 0 0
10775.5 0 0
10776.5 2 1.41421
10777.5 1 1
10778.5 0 0
10779.5 0 0
10780.5 0 0
10781.5 4 2
10782.5 1 1
10783.5 1 1
10784.5 2 1.41421
10785.5 2 1.41421
10786.5 0 0
10787.5 1 1
10788.5 0 0
10789.5 0 0
10790.5 1 1
10791.5 0 0
10792.5 1 1
10793.5 3 1.73205
10794.5 0 0
10795.5 1 1
10796.5 1 1
10797.5 2 1.41421
10798.5 4 2
10799.5 1 1
10800.5 0 0
10801.5 3 1.73205
10802.5 1 1
10803.5 0 0
10804.5 1 1
10805.5 0 0
10806.5 1 1
10807.5 0 0
10808.5 1 1
10809.5 1 1
10810.5 1 1
10811.5 1 1
10812.5 0 0
10813.5 1 1
10814.5 1 1
10815.5 0 0
10816.5 0 0
10817.5 1 1
10818.5 0 0
10819.5 2 1.41421
10820.5 1 1
10821.5 3 1.73205
10822.5 0 0
10823.5 0 0
10824.5 1 1
10825.5 0 0
10826.5 0 0
10827.5 0 0
10828.5 1 1
10829.5 0 0
10830.5 0 0
10831.5 3 1.73205
10832.5 2 1.41421
10833.5 1 1
10834.5 2 1.41421
10835.5 0 0
10836.5 1 1
10837.5 1 1
10838.5 0 0
10839.5 1 1
10840.5 1 1
10841.5 0 0
10842.5 1 1
10843.5 0 0
10844.5 1 1
10845.5 0 0
10846.5 0 0
10847.5 1 1
10848.5 1 1
10849.5 0 0
10850.5 2 1.41421
10851.5 1 1
10852.5 3 1.73205
10853.5 2 1.41421
10854.5 0 0
10855.5 0 0
10856.5 1 1
10857.5 1 1
10858.5 0 0
10859.5 0 0
10860.5 0 0
10861.5 0 0
10862.5 2 1.41421
10863.5 0 0
10864.5 0 0
10865.5 0 0
10866.5 0 0
10867.5 0 0
10868.5 0 0
10869.5 0 0
10870.5 1 1
10871.5 0 0
10872.5 0 0
10873.5 0 0
10874.5 1 1
10875.5 0 0
10876.5 2 1.41421
10877.5 1 1
10878.5 0 0
10879.5 2 1.41421
10880.5 1 1
10881.5 0 0
10882.5 1 1
10883.5 1 1
10884.5 1 1
10885.5 1 1
10886.5 0 0
10887.5 1 1
10888.5 1 1
10889.5 0 0
10890.5 1 1
10891.5 1 1
10892.5 0 0
10893.5 1 1
10894.5 0 0
10895.5 1 1
10896.5 0 0
10897.5 0 0
10898.5 0 0
10899.5 1 1
10900.5 0 0
10901.5 1 1
10902.5 0 0
10903.5 1 1
10904.5 0 0
10905.5 0 0
10906.5 1 1
10907.5 0 0
10908.5 2 1.41421
10909.5 1 1
10910.5 2 1.41421
10911.5 1 1
10912.5 0 0
10913.5 0 0
10914.5 0 0
10915.5 0 0
10916.5 0 0
10917.5 0 0
10918.5 0 0
10919.5 0 0
10920.5 0 0
10921.5 0 0
10922.5 1 1
10923.5 1 1
10924.5 0 0
10925.5 0 0
10926.5 0 0
10927.5 0 0
10928.5 0 0
10929.5 0 0
10930.5 0 0
10931.5 0 0
10932.5 1 1
10933.5 0 0
10934.5 0 0
10935.5 1 1
10936.5 1 1
10937.5 2 1.41421
10938.5 0 0
10939.5 0 0
10940.5 2 1.41421
10941.5 1 1
10942.5 2 1.41421
10943.5 0 0
10944.5 0 0
10945.5 1 1
10946.5 0 0
10947.5 1 1
10948.5 1 1
10949.5 0 0
10950.5 0 0
10951.5 0 0
10952.5 2 1.41421
10953.5 0 0
10954.5 0 0
10955.5 0 0
10956.5 0 0
10957.5 0 0
10958.5 0 0
10959.5 1 1
10960.5 2 1.41421
10961.5 1 1
10962.5 0 0
10963.5 1 1
10964.5 1 1
10965.5 0 0
10966.5 0 0
10967.5 0 0
10968.5 0 0
10969.5 0 0
10970.5 0 0
10971.5 2 1.41421
10972.5 1 1
10973.5 0 0
10974.5 1 1
10975.5 0 0
10976.5 0 0
10977.5 1 1
10978.5 1 1
10979.5 2 1.41421
10980.5 0 0
10981.5 0 0
10982.5 0 0
10983.5 0 0
10984.5 2 1.41421
10985.5 1 1
10986.5 0 0
10987.5 0 0
10988.5 3 1.73205
10989.5 1 1
10990.5 3 1.73205
10991.5 2 1.41421
10992.5 1 1
10993.5 2 1.41421
10994.5 2 1.41421
10995.5 0 0
10996.5 2 1.41421
10997.5 2 1.41421
10998.5 2 1.41421
10999.5 2 1.41421
11000.5 2 1.41421
11001.5 0 0
11002.5 4 2
11003.5 6 2.44949
11004.5 2 1.41421
11005.5 1 1
11006.5 1 1
11007.5 2 1.41421
11008.5 0 0
11009.5 4 2
11010.5 4 2
11011.5 5 2.23607
11012.5 4 2
11013.5 1 1
11014.5 1 1
11015.5 4 2
11016.5 0 0
11017.5 0 0
11018.5 1 1
11019.5 3 1.73205
11020.5 2 1.41421
11021.5 0 0
11022.5 2 1.41421
11023.5 1 1
11024.5 2 1.41421
11025.5 0 0
11026.5 0 0
11027.5 0 0
11028.5 0 0
11029.5 2 1.41421
11030.5 0 0
11031.5 1 1
11032.5 3 1.73205
11033.5 1 1
11034.5 1 1
11035.5 2 1.41421
11036.5 0 0
11037.5 0 0
11038.5 0 0
11039.5 0 0
11040.5 0 0
11041.5 0 0
11042.5 0 0
11043.5 1 1
11044.5 1 1
11045.5 0 0
11046.5 0 0
11047.5 1 1
11048.5 1 1
11049.5 1 1
11050.5 1 1
11051.5 1 1
11052.5 0 0
11053.5 0 0
11054.5 2 1.41421
11055.5 0 0
11056.5 1 1
11057.5 0 0
11058.5 1 1
11059.5 0 0
11060.5 0 0
11061.5 1 1
11062.5 0 0
11063.5 2 1.41421
11064.5 0 0
11065.5 1 1
11066.5 0 0
11067.5 0 0
11068.5 1 1
11069.5 2 1.41421
11070.5 0 0
11071.5 0 0
11072.5 2 1.41421
11073.5 0 0
11074.5 0 0
11075.5 1 1
11076.5 0 0
11077.5 0 0
11078.5 2 1.41421
11079.5 1 1
11080.5 2 1.41421
11081.5 0 0
11082.5 0 0
11083.5 1 1
11084.5 0 0
11085.5 0 0
11086.5 0 0
11087.5 0 0
11088.5 0 0
11089.5 0 0
11090.5 2 1.41421
11091.5 1 1
11092.5 0 0
11093.5 1 1
11094.5 3 1.73205
11095.5 2 1.41421
11096.5 1 1
11097.5 0 0
11098.5 1 1
11099.5 2 1.41421
11100.5 0 0
11101.5 1 1
11102.5 1 1
11103.5 2 1.41421
11104.5 0 0
11105.5 0 0
11106.5 2 1.41421
11107.5 0 0
11108.5 0 0
11109.5 1 1
11110.5 0 0
11111.5 0 0
11112.5 0 0
11113.5 0 0
11114.5 0 0
11115.5 0 0
11116.5 0 0
11117.5 0 0
11118.5 1 1
11119.5 0 0
11120.5 2 1.41421
11121.5 2 1.41421
11122.5 3 1.73205
11123.5 1 1
11124.5 1 1
11125.5 1 1
11126.5 0 0
11127.5 1 1
11128.5 2 1.41421
11129.5 0 0
11130.5 2 1.41421
11131.5 1 1
11132.5 0 0
11133.5 0 0
11134.5 0 0
11135.5 0 0
11136.5 1 1
11137.5 1 1
11138.5 0 0
11139.5 1 1
11140.5 0 0
11141.5 1 1
11142.5 0 0
11143.5 0 0
11144.5 0 0
11145.5 0 0
11146.5 2 1.41421
11147.5 0 0
11148.5 1 1
11149.5 0 0
11150.5 0 0
11151.5 1 1
11152.5 1 1
11153.5 0 0
11154.5 1 1
11155.5 0 0
11156.5 3 1.73205
11157.5 0 0
11158.5 0 0
11159.5 1 1
11160.5 0 0
11161.5 0 0
11162.5 1 1
11163.5 0 0
11164.5 1 1
11165.5 0 0
11166.5 0 0
11167.5 0 0
11168.5 2 1.41421
11169.5 0 0
11170.5 1 1
11171.5 0 0
11172.5 2 1.41421
11173.5 0 0
11174.5 0 0
11175.5 2 1.41421
11176.5 1 1
11177.5 1 1
11178.5 0 0
11179.5 1 1
11180.5 3 1.73205
11181.5 1 1
11182.5 0 0
11183.5 0 0
11184.5 0 0
11185.5 1 1
11186.5 0 0
11187.5 1 1
11188.5 3 1.73205
11189.5 1 1
11190.5 0 0
11191.5 0 0
11192.5 1 1
11193.5 1 1
11194.5 1 1
11195.5 0 0
11196.5 1 1
11197.5 1 1
11198.5 2 1.41421
11199.5 0 0
11200.5 2 1.41421
11201.5 0 0
11202.5 0 0
11203.5 1 1
11204.5 1 1
11205.5 0 0
11206.5 1 1
11207.5 0 0
11208.5 1 1
11209.5 1 1
11210.5 1 1
11211.5 0 0
11212.5 1 1
11213.5 0 0
11214.5 2 1.41421
11215.5 0 0
11216.5 1 1
11217.5 2 1.41421
11218.5 1 1
11219.5 5 2.23607
11220.5 0 0
11221.5 0 0
11222.5 0 0
11223.5 1 1
11224.5 0 0
11225.5 0 0
11226.5 2 1.41421
11227.5 0 0
11228.5 1 1
11229.5 1 1
11230.5 0 0
11231.5 2 1.41421
11232.5 0 0
11233.5 1 1
11234.5 1 1
11235.5 0 0
11236.5 1 1
11237.5 1 1
11238.5 0 0
11239.5 0 0
11240.5 0 0
11241.5 1 1
11242.5 0 0
11243.5 0 0
11244.5 0 0
11245.5 0 0
11246.5 1 1
11247.5 1 1
11248.5 2 1.41421
11249.5 2 1.41421
11250.5 0 0
11251.5 0 0
11252.5 0 0
11253.5 0 0
11254.5 0 0
11255.5 1 1
11256.5 1 1
11257.5 1 1
11258.5 2 1.41421
11259.5 0 0
11260.5 0 0
11261.5 1 1
11262.5 0 0
11263.5 1 1
11264.5 0 0
11265.5 0 0
11266.5 1 1
11267.5 0 0
11268.5 2 1.41421
11269.5 0 0
11270.5 1 1
11271.5 0 0
11272.5 1 1
11273.5 0 0
11274.5 1 1
11275.5 1 1
11276.5 1 1
11277.5 1 1
11278.5 1 1
11279.5 1 1
11280.5 2 1.41421
11281.5 1 1
11282.5 3 1.73205
11283.5 1 1
11284.5 0 0
11285.5 0 0
11286.5 3 1.73205
11287.5 0 0
11288.5 1 1
11289.5 0 0
11290.5 0 0
11291.5 0 0
11292.5 0 0
11293.5 0 0
11294.5 0 0
11295.5 0 0
11296.5 2 1.41421
11297.5 0 0
11298.5 1 1
11299.5 1 1
11300.5 0 0
11301.5 0 0
11302.5 1 1
11303.5 2 1.41421
11304.5 1 1
11305.5 0 0
11306.5 1 1
11307.5 1 1
11308.5 2 1.41421
11309.5 1 1
11310.5 0 0
11311.5 0 0
11312.5 1 1
11313.5 0 0
11314.5 0 0
11315.5 3 1.73205
11316.5 1 1
11317.5 3 1.73205
11318.5 1 1
11319.5 1 1
11320.5 1 1
11321.5 1 1
11322.5 1 1
11323.5 0 0
11324.5 0 0
11325.5 0 0
11326.5 1 1
11327.5 0 0
11328.5 2 1.41421
11329.5 0 0
11330.5 0 0
11331.5 0 0
11332.5 0 0
11333.5 1 1
11334.5 0 0
11335.5 0 0
11336.5 0 0
11337.5 0 0
11338.5 0 0
11339.5 1 1
11340.5 0 0
11341.5 1 1
11342.5 0 0
11343.5 1 1
11344.5 1 1
11345.5 1 1
11346.5 1 1
11347.5 1 1
11348.5 0 0
11349.5 1 1
11350.5 1 1
11351.5 0 0
11352.5 0 0
11353.5 0 0
11354.5 1 1
11355.5 1 1
11356.5 0 0
11357.5 0 0
11358.5 1 1
11359.5 0 0
11360.5 1 1
11361.5 1 1
11362.5 1 1
11363.5 1 1
11364.5 1 1
11365.5 0 0
11366.5 1 1
11367.5 0 0
11368.5 5 2.23607
11369.5 1 1
11370.5 0 0
11371.5 0 0
11372.5 3 1.73205
11373.5 0 0
11374.5 1 1
11375.5 0 0
11376.5 0 0
11377.5 0 0
11378.5 0 0
11379.5 1 1
11380.5 0 0
11381.5 0 0
11382.5 0 0
11383.5 1 1
11384.5 0 0
11385.5 0 0
11386.5 1 1
11387.5 0 0
11388.5 0 0
11389.5 0 0
11390.5 3 1.73205
11391.5 1 1
11392.5 0 0
11393.5 1 1
11394.5 0 0
11395.5 3 1.73205
11396.5 3 1.73205
11397.5 1 1
11398.5 1 1
11399.5 2 1.41421
11400.5 2 1.41421
11401.5 1 1
11402.5 3 1.73205
11403.5 1 1
11404.5 1 1
11405.5 0 0
11406.5 1 1
11407.5 1 1
11408.5 2 1.41421
11409.5 0 0
11410.5 0 0
11411.5 0 0
11412.5 3 1.73205
11413.5 0 0
11414.5 0 0
11415.5 0 0
11416.5 0 0
11417.5 0 0
11418.5 0 0
11419.5 0 0
11420.5 0 0
11421.5 1 1
11422.5 1 1
11423.5 0 0
11424.5 1 1
11425.5 0 0
11426.5 0 0
11427.5 2 1.41421
11428.5 0 0
11429.5 1 1
11430.5 2 1.41421
11431.5 1 1
11432.5 3 1.73205
11433.5 1 1
11434.5 1 1
11435.5 0 0
11436.5 0 0
11437.5 0 0
11438.5 1 1
11439.5 0 0
11440.5 0 0
11441.5 1 1
11442.5 0 0
11443.5 0 0
11444.5 1 1
11445.5 1 1
11446.5 1 1
11447.5 1 1
11448.5 1 1
11449.5 0 0
11450.5 0 0
11451.5 1 1
11452.5 0 0
11453.5 1 1
11454.5 1 1
11455.5 0 0
11456.5 1 1
11457.5 0 0
11458.5 0 0
11459.5 1 1
11460.5 1 1
11461.5 0 0
11462.5 0 0
11463.5 0 0
11464.5 1 1
11465.5 0 0
11466.5 0 0
11467.5 1 1
11468.5 1 1
11469.5 0 0
11470.5 0 0
11471.5 3 1.73205
11472.5 1 1
11473.5 0 0
11474.5 1 1
11475.5 1 1
11476.5 4 2
11477.5 1 1
11478.5 0 0
11479.5 1 1
11480.5 0 0
11481.5 0 0
11482.5 1 1
11483.5 0 0
11484.5 0 0
11485.5 0 0
11486.5 2 1.41421
11487.5 3 1.73205
11488.5 1 1
11489.5 0 0
11490.5 2 1.41421
11491.5 1 1
11492.5 0 0
11493.5 0 0
11494.5 2 1.41421
11495.5 0 0
11496.5 0 0
11497.5 1 1
11498.5 0 0
11499.5 2 1.41421
11500.5 1 1
11501.5 2 1.41421
11502.5 0 0
11503.5 4 2
11504.5 2 1.41421
11505.5 0 0
11506.5 0 0
11507.5 1 1
11508.5 1 1
11509.5 0 0
11510.5 1 1
11511.5 2 1.41421
11512.5 0 0
11513.5 0 0
11514.5 2 1.41421
11515.5 1 1
11516.5 0 0
11517.5 1 1
11518.5 1 1
11519.5 1 1
11520.5 2 1.41421
11521.5 0 0
11522.5 0 0
11523.5 1 1
11524.5 0 0
11525.5 1 1
11526.5 2 1.41421
11527.5 0 0
11528.5 1 1
11529.5 0 0
11530.5 0 0
11531.5 0 0
11532.5 2 1.41421
11533.5 0 0
11534.5 1 1
11535.5 0 0
11536.5 1 1
11537.5 0 0
11538.5 1 1
11539.5 2 1.41421
11540.5 1 1
11541.5 1 1
11542.5 2 1.41421
11543.5 2 1.41421
11544.5 1 1
11545.5 0 0
11546.5 0 0
11547.5 0 0
11548.5 1 1
11549.5 1 1
11550.5 0 0
11551.5 2 1.41421
11552.5 0 0
11553.5 1 1
11554.5 1 1
11555.5 1 1
11556.5 1 1
11557.5 0 0
11558.5 1 1
11559.5 0 0
11560.5 1 1
11561.5 0 0
11562.5 0 0
11563.5 1 1
11564.5 0 0
11565.5 1 1
11566.5 2 1.41421
11567.5 0 0
11568.5 0 0
11569.5 1 1
11570.5 2 1.41421
11571.5 2 1.41421
11572.5 0 0
11573.5 0 0
11574.5 1 1
11575.5 1 1
11576.5 0 0
11577.5 0 0
11578.5 0 0
11579.5 2 1.41421
11580.5 0 0
11581.5 1 1
11582.5 0 0
11583.5 1 1
11584.5 1 1
11585.5 1 1
11586.5 1 1
11587.5 5 2.23607
11588.5 1 1
11589.5 0 0
11590.5 0 0
11591.5 0 0
11592.5 0 0
11593.5 0 0
11594.5 0 0
11595.5 1 1
11596.5 1 1
11597.5 2 1.41421
11598.5 0 0
11599.5 0 0
11600.5 0 0
11601.5 0 0
11602.5 0 0
11603.5 0 0
11604.5 1 1
11605.5 0 0
11606.5 0 0
11607.5 0 0
11608.5 1 1
11609.5 0 0
11610.5 0 0
11611.5 0 0
11612.5 2 1.41421
11613.5 0 0
11614.5 0 0
11615.5 2 1.41421
11616.5 1 1
11617.5 1 1
11618.5 0 0
11619.5 2 1.41421
11620.5 0 0
11621.5 1 1
11622.5 0 0
11623.5 0 0
11624.5 1 1
11625.5 1 1
11626.5 0 0
11627.5 0 0
11628.5 0 0
11629.5 0 0
11630.5 0 0
11631.5 1 1
11632.5 1 1
11633.5 3 1.73205
11634.5 0 0
11635.5 0 0
11636.5 0 0
11637.5 0 0
11638.5 1 1
11639.5 1 1
11640.5 1 1
11641.5 1 1
11642.5 1 1
11643.5 2 1.41421
11644.5 0 0
11645.5 2 1.41421
11646.5 1 1
11647.5 0 0
11648.5 0 0
11649.5 1 1
11650.5 3 1.73205
11651.5 0 0
11652.5 0 0
11653.5 1 1
11654.5 2 1.41421
11655.5 1 1
11656.5 0 0
11657.5 1 1
11658.5 2 1.41421
11659.5 1 1
11660.5 0 0
11661.5 2 1.41421
11662.5 1 1
11663.5 1 1
11664.5 1 1
11665.5 0 0
11666.5 1 1
11667.5 1 1
11668.5 1 1
11669.5 1 1
11670.5 0 0
11671.5 1 1
11672.5 1 1
11673.5 3 1.73205
11674.5 0 0
11675.5 0 0
11676.5 1 1
11677.5 3 1.73205
11678.5 0 0
11679.5 0 0
11680.5 0 0
11681.5 1 1
11682.5 0 0
11683.5 1 1
11684.5 0 0
11685.5 0 0
11686.5 0 0
11687.5 1 1
11688.5 0 0
11689.5 2 1.41421
11690.5 0 0
11691.5 1 1
11692.5 0 0
11693.5 0 0
11694.5 1 1
11695.5 0 0
11696.5 0 0
11697.5 2 1.41421
11698.5 0 0
11699.5 2 1.41421
11700.5 0 0
11701.5 1 1
11702.5 0 0
11703.5 0 0
11704.5 0 0
11705.5 1 1
11706.5 2 1.41421
11707.5 0 0
11708.5 1 1
11709.5 1 1
11710.5 1 1
11711.5 2 1.41421
11712.5 1 1
11713.5 1 1
11714.5 1 1
11715.5 0 0
11716.5 0 0
11717.5 3 1.73205
11718.5 0 0
11719.5 1 1
11720.5 0 0
11721.5 0 0
11722.5 0 0
11723.5 0 0
11724.5 0 0
11725.5 3 1.73205
11726.5 1 1
11727.5 2 1.41421
11728.5 0 0
11729.5 2 1.41421
11730.5 2 1.41421
11731.5 1 1
11732.5 0 0
11733.5 2 1.41421
11734.5 3 1.73205
11735.5 1 1
11736.5 1 1
11737.5 2 1.41421
11738.5 1 1
11739.5 2 1.41421
11740.5 1 1
11741.5 0 0
11742.5 0 0
11743.5 0 0
11744.5 1 1
11745.5 1 1
11746.5 1 1
11747.5 0 0
11748.5 0 0
11749.5 0 0
11750.5 0 0
11751.5 0 0
11752.5 2 1.41421
11753.5 0 0
11754.5 1 1
11755.5 0 0
11756.5 1 1
11757.5 1 1
11758.5 1 1
11759.5 0 0
11760.5 1 1
11761.5 2 1.41421
11762.5 1 1
11763.5 0 0
11764.5 1 1
11765.5 0 0
11766.5 0 0
11767.5 0 0
11768.5 2 1.41421
11769.5 0 0
11770.5 1 1
11771.5 0 0
11772.5 2 1.41421
11773.5 0 0
11774.5 0 0
11775.5 0 0
11776.5 0 0
11777.5 0 0
11778.5 1 1
11779.5 0 0
11780.5 0 0
11781.5 1 1
11782.5 2 1.41421
11783.5 0 0
11784.5 0 0
11785.5 0 0
11786.5 1 1
11787.5 0 0
11788.5 1 1
11789.5 1 1
11790.5 2 1.41421
11791.5 0 0
11792.5 0 0
11793.5 2 1.41421
11794.5 1 1
11795.5 0 0
11796.5 1 1
11797.5 2 1.41421
11798.5 0 0
11799.5 0 0
11800.5 0 0
11801.5 0 0
11802.5 2 1.41421
11803.5 1 1
11804.5 0 0
11805.5 0 0
11806.5 0 0
11807.5 1 1
11808.5 2 1.41421
11809.5 2 1.41421
11810.5 0 0
11811.5 3 1.73205
11812.5 0 0
11813.5 1 1
11814.5 2 1.41421
11815.5 0 0
11816.5 1 1
11817.5 3 1.73205
11818.5 1 1
11819.5 0 0
11820.5 0 0
11821.5 1 1
11822.5 2 1.41421
11823.5 0 0
11824.5 1 1
11825.5 1 1
11826.5 2 1.41421
11827.5 1 1
11828.5 2 1.41421
11829.5 1 1
11830.5 2 1.41421
11831.5 0 0
11832.5 1 1
11833.5 1 1
11834.5 0 0
11835.5 1 1
11836.5 0 0
11837.5 1 1
11838.5 3 1.73205
11839.5 1 1
11840.5 4 2
11841.5 1 1
11842.5 1 1
11843.5 1 1
11844.5 0 0
11845.5 0 0
11846.5 1 1
11847.5 0 0
11848.5 1 1
11849.5 0 0
11850.5 0 0
11851.5 1 1
11852.5 0 0
11853.5 2 1.41421
11854.5 0 0
11855.5 0 0
11856.5 0 0
11857.5 1 1
11858.5 0 0
11859.5 0 0
11860.5 0 0
11861.5 0 0
11862.5 2 1.41421
11863.5 0 0
11864.5 0 0
11865.5 0 0
11866.5 0 0
11867.5 1 1
11868.5 2 1.41421
11869.5 1 1
11870.5 0 0
11871.5 0 0
11872.5 1 1
11873.5 0 0
11874.5 1 1
11875.5 0 0
11876.5 0 0
11877.5 0 0
11878.5 0 0
11879.5 1 1
11880.5 1 1
11881.5 0 0
11882.5 3 1.73205
11883.5 2 1.41421
11884.5 0 0
11885.5 1 1
11886.5 2 1.41421
11887.5 1 1
11888.5 1 1
11889.5 0 0
11890.5 2 1.41421
11891.5 3 1.73205
11892.5 1 1
11893.5 0 0
11894.5 4 2
11895.5 1 1
11896.5 2 1.41421
11897.5 2 1.41421
11898.5 0 0
11899.5 0 0
11900.5 0 0
11901.5 0 0
11902.5 0 0
11903.5 1 1
11904.5 3 1.73205
11905.5 1 1
11906.5 0 0
11907.5 2 1.41421
11908.5 0 0
11909.5 1 1
11910.5 0 0
11911.5 1 1
11912.5 0 0
11913.5 0 0
11914.5 2 1.41421
11915.5 0 0
11916.5 2 1.41421
11917.5 1 1
11918.5 0 0
11919.5 0 0
11920.5 0 0
11921.5 1 1
11922.5 3 1.73205
11923.5 1 1
11924.5 2 1.41421
11925.5 1 1
11926.5 1 1
11927.5 2 1.41421
11928.5 0 0
11929.5 2 1.41421
11930.5 1 1
11931.5 0 0
11932.5 0 0
11933.5 1 1
11934.5 0 0
11935.5 0 0
11936.5 0 0
11937.5 2 1.41421
11938.5 0 0
11939.5 1 1
11940.5 2 1.41421
11941.5 2 1.41421
11942.5 1 1
11943.5 1 1
11944.5 1 1
11945.5 1 1
11946.5 1 1
11947.5 2 1.41421
11948.5 0 0
11949.5 2 1.41421
11950.5 1 1
11951.5 1 1
11952.5 2 1.41421
11953.5 0 0
11954.5 0 0
11955.5 0 0
11956.5 1 1
11957.5 1 1
11958.5 0 0
11959.5 1 1
11960.5 0 0
11961.5 0 0
11962.5 2 1.41421
11963.5 0 0
11964.5 2 1.41421
11965.5 1 1
11966.5 1 1
11967.5 1 1
11968.5 0 0
11969.5 1 1
11970.5 0 0
11971.5 0 0
11972.5 0 0
11973.5 0 0
11974.5 1 1
11975.5 1 1
11976.5 1 1
11977.5 3 1.73205
11978.5 0 0
11979.5 0 0
11980.5 0 0
11981.5 1 1
11982.5 1 1
11983.5 1 1
11984.5 2 1.41421
11985.5 0 0
11986.5 0 0
11987.5 1 1
11988.5 2 1.41421
11989.5 2 1.41421
11990.5 0 0
11991.5 0 0
11992.5 0 0
11993.5 1 1
11994.5 0 0
11995.5 1 1
11996.5 0 0
11997.5 1 1
11998.5 1 1
11999.5 0 0
12000.5 2 1.41421
12001.5 1 1
12002.5 1 1
12003.5 1 1
12004.5 0 0
12005.5 0 0
12006.5 1 1
12007.5 0 0
12008.5 0 0
12009.5 1 1
12010.5 0 0
12011.5 1 1
12012.5 0 0
12013.5 1 1
12014.5 0 0
12015.5 0 0
12016.5 3 1.73205
12017.5 2 1.41421
12018.5 2 1.41421
12019.5 0 0
12020.5 0 0
12021.5 1 1
12022.5 1 1
12023.5 0 0
12024.5 0 0
12025.5 1 1
12026.5 1 1
12027.5 0 0
12028.5 1 1
12029.5 0 0
12030.5 1 1
12031.5 0 0
12032.5 2 1.41421
12033.5 0 0
12034.5 1 1
12035.5 2 1.41421
12036.5 0 0
12037.5 2 1.41421
12038.5 0 0
12039.5 1 1
12040.5 1 1
12041.5 1 1
12042.5 0 0
12043.5 1 1
12044.5 0 0
12045.5 0 0
12046.5 0 0
12047.5 1 1
12048.5 0 0
12049.5 2 1.41421
12050.5 0 0
12051.5 1 1
12052.5 0 0
12053.5 0 0
12054.5 0 0
12055.5 1 1
12056.5 0 0
12057.5 1 1
12058.5 0 0
12059.5 1 1
12060.5 3 1.73205
12061.5 2 1.41421
12062.5 0 0
12063.5 0 0
12064.5 0 0
12065.5 2 1.41421
12066.5 1 1
12067.5 0 0
12068.5 2 1.41421
12069.5 3 1.73205
12070.5 1 1
12071.5 2 1.41421
12072.5 0 0
12073.5 0 0
12074.5 1 1
12075.5 0 0
12076.5 2 1.41421
12077.5 2 1.41421
12078.5 0 0
12079.5 0 0
12080.5 1 1
12081.5 0 0
12082.5 0 0
12083.5 0 0
12084.5 1 1
12085.5 1 1
12086.5 1 1
12087.5 1 1
12088.5 1 1
12089.5 0 0
12090.5 0 0
12091.5 0 0
12092.5 1 1
12093.5 0 0
12094.5 1 1
12095.5 2 1.41421
12096.5 0 0
12097.5 1 1
12098.5 0 0
12099.5 1 1
12100.5 1 1
12101.5 0 0
12102.5 3 1.73205
12103.5 1 1
12104.5 0 0
12105.5 0 0
12106.5 0 0
12107.5 1 1
12108.5 0 0
12109.5 3 1.73205
12110.5 0 0
12111.5 0 0
12112.5 0 0
12113.5 1 1
12114.5 0 0
12115.5 1 1
12116.5 1 1
12117.5 0 0
12118.5 0 0
12119.5 1 1
12120.5 0 0
12121.5 1 1
12122.5 0 0
12123.5 1 1
12124.5 1 1
12125.5 0 0
12126.5 2 1.41421
12127.5 0 0
12128.5 0 0
12129.5 1 1
12130.5 1 1
12131.5 0 0
12132.5 0 0
12133.5 0 0
12134.5 0 0
12135.5 2 1.41421
12136.5 0 0
12137.5 2 1.41421
12138.5 1 1
12139.5 1 1
12140.5 1 1
12141.5 1 1
12142.5 0 0
12143.5 0 0
12144.5 0 0
12145.5 0 0
12146.5 4 2
12147.5 1 1
12148.5 2 1.41421
12149.5 0 0
12150.5 1 1
12151.5 1 1
12152.5 0 0
12153.5 2 1.41421
12154.5 2 1.41421
12155.5 0 0
12156.5 2 1.41421
12157.5 0 0
12158.5 1 1
12159.5 1 1
12160.5 2 1.41421
12161.5 2 1.41421
12162.5 0 0
12163.5 1 1
12164.5 0 0
12165.5 1 1
12166.5 1 1
12167.5 0 0
12168.5 1 1
12169.5 0 0
12170.5 1 1
12171.5 1 1
12172.5 1 1
12173.5 0 0
12174.5 2 1.41421
12175.5 1 1
12176.5 1 1
12177.5 0 0
12178.5 1 1
12179.5 0 0
12180.5 0 0
12181.5 0 0
12182.5 0 0
12183.5 0 0
12184.5 1 1
12185.5 1 1
12186.5 1 1
12187.5 0 0
12188.5 1 1
12189.5 2 1.41421
12190.5 0 0
12191.5 1 1
12192.5 0 0
12193.5 0 0
12194.5 1 1
12195.5 0 0
12196.5 3 1.73205
12197.5 3 1.73205
12198.5 1 1
12199.5 1 1
12200.5 1 1
12201.5 0 0
12202.5 1 1
12203.5 2 1.41421
12204.5 1 1
12205.5 1 1
12206.5 1 1
12207.5 2 1.41421
12208.5 0 0
12209.5 0 0
12210.5 0 0
12211.5 0 0
12212.5 1 1
12213.5 1 1
12214.5 0 0
12215.5 2 1.41421
12216.5 0 0
12217.5 1 1
12218.5 0 0
12219.5 1 1
12220.5 1 1
12221.5 2 1.41421
12222.5 1 1
12223.5 2 1.41421
12224.5 1 1
12225.5 0 0
12226.5 0 0
12227.5 1 1
12228.5 0 0
12229.5 0 0
12230.5 0 0
12231.5 1 1
12232.5 0 0
12233.5 0 0
12234.5 0 0
12235.5 1 1
12236.5 0 0
12237.5 2 1.41421
12238.5 1 1
12239.5 0 0
12240.5 3 1.73205
12241.5 3 1.73205
12242.5 1 1
12243.5 2 1.41421
12244.5 1 1
12245.5 1 1
12246.5 1 1
12247.5 1 1
12248.5 0 0
12249.5 0 0
12250.5 0 0
12251.5 1 1
12252.5 0 0
12253.5 0 0
12254.5 1 1
12255.5 0 0
12256.5 1 1
12257.5 0 0
12258.5 1 1
12259.5 1 1
12260.5 1 1
12261.5 1 1
12262.5 0 0
12263.5 0 0
12264.5 2 1.41421
12265.5 2 1.41421
12266.5 1 1
12267.5 1 1
12268.5 0 0
12269.5 1 1
12270.5 2 1.41421
12271.5 0 0
12272.5 0 0
12273.5 2 1.41421
12274.5 1 1
12275.5 1 1
12276.5 2 1.41421
12277.5 4 2
12278.5 0 0
12279.5 3 1.73205
12280.5 0 0
12281.5 1 1
12282.5 0 0
12283.5 0 0
12284.5 1 1
12285.5 0 0
12286.5 1 1
12287.5 0 0
12288.5 1 1
12289.5 0 0
12290.5 0 0
12291.5 1 1
12292.5 4 2
12293.5 0 0
12294.5 1 1
12295.5 0 0
12296.5 1 1
12297.5 1 1
12298.5 0 0
12299.5 1 1
12300.5 0 0
12301.5 1 1
12302.5 0 0
12303.5 1 1
12304.5 1 1
12305.5 0 0
12306.5 0 0
12307.5 1 1
12308.5 0 0
12309.5 1 1
12310.5 1 1
12311.5 1 1
12312.5 2 1.41421
12313.5 0 0
12314.5 1 1
12315.5 1 1
12316.5 3 1.73205
12317.5 2 1.41421
12318.5 3 1.73205
12319.5 1 1
12320.5 0 0
12321.5 1 1
12322.5 2 1.41421
12323.5 3 1.73205
12324.5 2 1.41421
12325.5 0 0
12326.5 0 0
12327.5 0 0
12328.5 2 1.41421
12329.5 1 1
12330.5 0 0
12331.5 1 1
12332.5 0 0
12333.5 0 0
12334.5 0 0
12335.5 2 1.41421
12336.5 0 0
12337.5 2 1.41421
12338.5 0 0
12339.5 1 1
12340.5 1 1
12341.5 1 1
12342.5 2 1.41421
12343.5 0 0
12344.5 1 1
12345.5 0 0
12346.5 0 0
12347.5 1 1
12348.5 1 1
12349.5 1 1
12350.5 0 0
12351.5 0 0
12352.5 1 1
12353.5 2 1.41421
12354.5 0 0
12355.5 0 0
12356.5 1 1
12357.5 1 1
12358.5 0 0
12359.5 0 0
12360.5 0 0
12361.5 1 1
12362.5 1 1
12363.5 0 0
12364.5 1 1
12365.5 0 0
12366.5 1 1
12367.5 0 0
12368.5 0 0
12369.5 1 1
12370.5 0 0
12371.5 0 0
12372.5 1 1
12373.5 1 1
12374.5 2 1.41421
12375.5 2 1.41421
12376.5 1 1
12377.5 1 1
12378.5 1 1
12379.5 1 1
12380.5 2 1.41421
12381.5 0 0
12382.5 1 1
12383.5 0 0
12384.5 0 0
12385.5 1 1
12386.5 1 1
12387.5 1 1
12388.5 0 0
12389.5 0 0
12390.5 0 0
12391.5 0 0
12392.5 0 0
12393.5 1 1
12394.5 1 1
12395.5 0 0
12396.5 1 1
12397.5 0 0
12398.5 1 1
12399.5 2 1.41421
12400.5 1 1
12401.5 0 0
12402.5 2 1.41421
12403.5 0 0
12404.5 0 0
12405.5 0 0
12406.5 0 0
12407.5 1 1
12408.5 0 0
12409.5 3 1.73205
12410.5 0 0
12411.5 0 0
12412.5 0 0
12413.5 0 0
12414.5 1 1
12415.5 1 1
12416.5 1 1
12417.5 0 0
12418.5 0 0
12419.5 0 0
12420.5 1 1
12421.5 1 1
12422.5 3 1.73205
12423.5 1 1
12424.5 0 0
12425.5 0 0
12426.5 0 0
12427.5 0 0
12428.5 3 1.73205
12429.5 1 1
12430.5 0 0
12431.5 1 1
12432.5 0 0
12433.5 0 0
12434.5 1 1
12435.5 1 1
12436.5 2 1.41421
12437.5 0 0
12438.5 3 1.73205
12439.5 0 0
12440.5 0 0
12441.5 0 0
12442.5 0 0
12443.5 3 1.73205
12444.5 0 0
12445.5 0 0
12446.5 1 1
12447.5 0 0
12448.5 1 1
12449.5 1 1
12450.5 0 0
12451.5 0 0
12452.5 4 2
12453.5 0 0
12454.5 2 1.41421
12455.5 1 1
12456.5 1 1
12457.5 1 1
12458.5 0 0
12459.5 0 0
12460.5 1 1
12461.5 0 0
12462.5 0 0
12463.5 1 1
12464.5 0 0
12465.5 3 1.73205
12466.5 1 1
12467.5 0 0
12468.5 1 1
12469.5 0 0
12470.5 0 0
12471.5 0 0
12472.5 2 1.41421
12473.5 0 0
12474.5 0 0
12475.5 0 0
12476.5 0 0
12477.5 1 1
12478.5 1 1
12479.5 0 0
12480.5 0 0
12481.5 1 1
12482.5 1 1
12483.5 1 1
12484.5 2 1.41421
12485.5 0 0
12486.5 1 1
12487.5 1 1
12488.5 1 1
12489.5 0 0
12490.5 1 1
12491.5 1 1
12492.5 2 1.41421
12493.5 1 1
12494.5 0 0
12495.5 1 1
12496.5 2 1.41421
12497.5 1 1
12498.5 1 1
12499.5 0 0
12500.5 1 1
12501.5 1 1
12502.5 0 0
12503.5 1 1
12504.5 1 1
12505.5 0 0
12506.5 2 1.41421
12507.5 0 0
12508.5 1 1
12509.5 0 0
12510.5 1 1
12511.5 0 0
12512.5 0 0
12513.5 1 1
12514.5 0 0
12515.5 0 0
12516.5 3 1.73205
12517.5 5 2.23607
12518.5 0 0
12519.5 0 0
12520.5 0 0
12521.5 1 1
12522.5 0 0
12523.5 0 0
12524.5 0 0
12525.5 2 1.41421
12526.5 0 0
12527.5 2 1.41421
12528.5 0 0
12529.5 0 0
12530.5 2 1.41421
12531.5 1 1
12532.5 1 1
12533.5 1 1
12534.5 1 1
12535.5 0 0
12536.5 2 1.41421
12537.5 1 1
12538.5 1 1
12539.5 0 0
12540.5 0 0
12541.5 2 1.41421
12542.5 2 1.41421
12543.5 0 0
12544.5 0 0
12545.5 0 0
12546.5 1 1
12547.5 0 0
12548.5 2 1.41421
12549.5 0 0
12550.5 0 0
12551.5 0 0
12552.5 1 1
12553.5 0 0
12554.5 3 1.73205
12555.5 2 1.41421
12556.5 1 1
12557.5 0 0
12558.5 0 0
12559.5 0 0
12560.5 4 2
12561.5 0 0
12562.5 0 0
12563.5 1 1
12564.5 1 1
12565.5 1 1
12566.5 2 1.41421
12567.5 0 0
12568.5 0 0
12569.5 0 0
12570.5 0 0
12571.5 1 1
12572.5 2 1.41421
12573.5 1 1
12574.5 2 1.41421
12575.5 0 0
12576.5 0 0
12577.5 0 0
12578.5 0 0
12579.5 1 1
12580.5 0 0
12581.5 1 1
12582.5 0 0
12583.5 0 0
12584.5 0 0
12585.5 1 1
12586.5 0 0
12587.5 0 0
12588.5 1 1
12589.5 0 0
12590.5 0 0
12591.5 2 1.41421
12592.5 3 1.73205
12593.5 0 0
12594.5 4 2
12595.5 1 1
12596.5 0 0
12597.5 2 1.41421
12598.5 0 0
12599.5 0 0
12600.5 1 1
12601.5 1 1
12602.5 0 0
12603.5 1 1
12604.5 1 1
12605.5 0 0
12606.5 1 1
12607.5 0 0
12608.5 0 0
12609.5 0 0
12610.5 1 1
12611.5 0 0
12612.5 0 0
12613.5 1 1
12614.5 1 1
12615.5 0 0
12616.5 0 0
12617.5 0 0
12618.5 1 1
12619.5 0 0
12620.5 0 0
12621.5 1 1
12622.5 0 0
12623.5 1 1
12624.5 2 1.41421
12625.5 1 1
12626.5 0 0
12627.5 1 1
12628.5 0 0
12629.5 2 1.41421
12630.5 0 0
12631.5 0 0
12632.5 0 0
12633.5 0 0
12634.5 0 0
12635.5 0 0
12636.5 0 0
12637.5 1 1
12638.5 0 0
12639.5 1 1
12640.5 1 1
12641.5 0 0
12642.5 0 0
12643.5 0 0
12644.5 0 0
12645.5 0 0
12646.5 0 0
12647.5 0 0
12648.5 1 1
12649.5 1 1
12650.5 2 1.41421
12651.5 0 0
12652.5 1 1
12653.5 0 0
12654.5 0 0
12655.5 0 0
12656.5 0 0
12657.5 0 0
12658.5 0 0
12659.5 0 0
12660.5 0 0
12661.5 3 1.73205
12662.5 0 0
12663.5 0 0
12664.5 0 0
12665.5 2 1.41421
12666.5 1 1
12667.5 1 1
12668.5 0 0
12669.5 0 0
12670.5 0 0
12671.5 1 1
12672.5 0 0
12673.5 1 1
12674.5 1 1
12675.5 0 0
12676.5 0 0
12677.5 0 0
12678.5 0 0
12679.5 0 0
12680.5 1 1
12681.5 2 1.41421
12682.5 2 1.41421
12683.5 0 0
12684.5 0 0
12685.5 0 0
12686.5 0 0
12687.5 0 0
12688.5 1 1
12689.5 0 0
12690.5 0 0
12691.5 2 1.41421
12692.5 0 0
12693.5 0 0
12694.5 1 1
12695.5 0 0
12696.5 0 0
12697.5 0 0
12698.5 0 0
12699.5 0 0
12700.5 1 1
12701.5 1 1
12702.5 0 0
12703.5 0 0
12704.5 0 0
12705.5 0 0
12706.5 0 0
12707.5 1 1
12708.5 0 0
12709.5 0 0
12710.5 0 0
12711.5 0 0
12712.5 0 0
12713.5 0 0
12714.5 1 1
12715.5 1 1
12716.5 0 0
12717.5 0 0
12718.5 0 0
12719.5 1 1
12720.5 0 0
12721.5 0 0
12722.5 2 1.41421
12723.5 1 1
12724.5 1 1
12725.5 0 0
12726.5 0 0
12727.5 0 0
12728.5 0 0
12729.5 1 1
12730.5 1 1
12731.5 0 0
12732.5 1 1
12733.5 1 1
12734.5 2 1.41421
12735.5 3 1.73205
12736.5 0 0
12737.5 1 1
12738.5 0 0
12739.5 1 1
12740.5 0 0
12741.5 0 0
12742.5 0 0
12743.5 1 1
12744.5 1 1
12745.5 1 1
12746.5 0 0
12747.5 0 0
12748.5 2 1.41421
12749.5 1 1
12750.5 0 0
12751.5 1 1
12752.5 0 0
12753.5 0 0
12754.5 0 0
12755.5 0 0
12756.5 1 1
12757.5 0 0
12758.5 1 1
12759.5 0 0
12760.5 1 1
12761.5 1 1
12762.5 0 0
12763.5 0 0
12764.5 0 0
12765.5 0 0
12766.5 1 1
12767.5 1 1
12768.5 0 0
12769.5 1 1
12770.5 0 0
12771.5 1 1
12772.5 0 0
12773.5 0 0
12774.5 1 1
12775.5 2 1.41421
12776.5 1 1
12777.5 0 0
12778.5 0 0
12779.5 1 1
12780.5 0 0
12781.5 1 1
12782.5 1 1
12783.5 1 1
12784.5 1 1
12785.5 0 0
12786.5 1 1
12787.5 0 0
12788.5 1 1
12789.5 0 0
12790.5 0 0
12791.5 2 1.41421
12792.5 0 0
12793.5 0 0
12794.5 0 0
12795.5 0 0
12796.5 0 0
12797.5 1 1
12798.5 1 1
12799.5 0 0
12800.5 0 0
12801.5 1 1
12802.5 0 0
12803.5 1 1
12804.5 1 1
12805.5 0 0
12806.5 1 1
12807.5 0 0
12808.5 0 0
12809.5 0 0
12810.5 0 0
12811.5 0 0
12812.5 1 1
12813.5 1 1
12814.5 0 0
12815.5 0 0
12816.5 0 0
12817.5 1 1
12818.5 0 0
12819.5 0 0
12820.5 0 0
12821.5 1 1
12822.5 2 1.41421
12823.5 0 0
12824.5 2 1.41421
12825.5 2 1.41421
12826.5 0 0
12827.5 0 0
12828.5 1 1
12829.5 0 0
12830.5 1 1
12831.5 0 0
12832.5 0 0
12833.5 3 1.73205
12834.5 0 0
12835.5 2 1.41421
12836.5 2 1.41421
12837.5 0 0
12838.5 1 1
12839.5 0 0
12840.5 3 1.73205
12841.5 0 0
12842.5 0 0
12843.5 0 0
12844.5 0 0
12845.5 1 1
12846.5 1 1
12847.5 0 0
12848.5 1 1
12849.5 1 1
12850.5 1 1
12851.5 0 0
12852.5 0 0
12853.5 0 0
12854.5 1 1
12855.5 0 0
12856.5 0 0
12857.5 0 0
12858.5 0 0
12859.5 0 0
12860.5 0 0
12861.5 1 1
12862.5 1 1
12863.5 2 1.41421
12864.5 0 0
12865.5 3 1.73205
12866.5 0 0
12867.5 1 1
12868.5 0 0
12869.5 0 0
12870.5 0 0
12871.5 1 1
12872.5 0 0
12873.5 0 0
12874.5 0 0
12875.5 0 0
12876.5 1 1
12877.5 0 0
12878.5 1 1
12879.5 0 0
12880.5 0 0
12881.5 1 1
12882.5 3 1.73205
12883.5 0 0
12884.5 0 0
12885.5 0 0
12886.5 0 0
12887.5 0 0
12888.5 0 0
12889.5 2 1.41421
12890.5 0 0
12891.5 1 1
12892.5 0 0
12893.5 1 1
12894.5 0 0
12895.5 0 0
12896.5 1 1
12897.5 2 1.41421
12898.5 0 0
12899.5 0 0
12900.5 0 0
12901.5 0 0
12902.5 1 1
12903.5 0 0
12904.5 2 1.41421
12905.5 0 0
12906.5 1 1
12907.5 0 0
12908.5 1 1
12909.5 0 0
12910.5 1 1
12911.5 0 0
12912.5 0 0
12913.5 2 1.41421
12914.5 1 1
12915.5 2 1.41421
12916.5 0 0
12917.5 1 1
12918.5 1 1
12919.5 0 0
12920.5 1 1
12921.5 0 0
12922.5 0 0
12923.5 0 0
12924.5 1 1
12925.5 0 0
12926.5 1 1
12927.5 0 0
12928.5 0 0
12929.5 1 1
12930.5 2 1.41421
12931.5 1 1
12932.5 1 1
12933.5 0 0
12934.5 0 0
12935.5 1 1
12936.5 0 0
12937.5 1 1
12938.5 0 0
12939.5 0 0
12940.5 0 0
12941.5 0 0
12942.5 0 0
12943.5 3 1.73205
12944.5 1 1
12945.5 0 0
12946.5 0 0
12947.5 0 0
12948.5 1 1
12949.5 2 1.41421
12950.5 0 0
12951.5 0 0
12952.5 0 0
12953.5 0 0
12954.5 1 1
12955.5 0 0
12956.5 3 1.73205
12957.5 0 0
12958.5 0 0
12959.5 1 1
12960.5 0 0
12961.5 1 1
12962.5 0 0
12963.5 2 1.41421
12964.5 0 0
12965.5 0 0
12966.5 0 0
12967.5 0 0
12968.5 2 1.41421
12969.5 0 0
12970.5 1 1
12971.5 0 0
12972.5 1 1
12973.5 0 0
12974.5 0 0
12975.5 0 0
12976.5 0 0
12977.5 0 0
12978.5 0 0
12979.5 0 0
12980.5 0 0
12981.5 1 1
12982.5 1 1
12983.5 1 1
12984.5 0 0
12985.5 0 0
12986.5 0 0
12987.5 1 1
12988.5 0 0
12989.5 0 0
12990.5 0 0
12991.5 0 0
12992.5 0 0
12993.5 0 0
12994.5 1 1
12995.5 0 0
12996.5 1 1
12997.5 2 1.41421
12998.5 1 1
12999.5 0 0
13000.5 0 0
13001.5 0 0
13002.5 1 1
13003.5 0 0
13004.5 0 0
13005.5 1 1
13006.5 0 0
13007.5 1 1
13008.5 0 0
13009.5 1 1
13010.5 1 1
13011.5 1 1
13012.5 0 0
13013.5 0 0
13014.5 2 1.41421
13015.5 0 0
13016.5 1 1
13017.5 1 1
13018.5 1 1
13019.5 1 1
13020.5 0 0
13021.5 0 0
13022.5 0 0
13023.5 0 0
13024.5 0 0
13025.5 0 0
13026.5 0 0
13027.5 2 1.41421
13028.5 0 0
13029.5 0 0
13030.5 1 1
13031.5 1 1
13032.5 3 1.73205
13033.5 1 1
13034.5 1 1
13035.5 1 1
13036.5 0 0
13037.5 1 1
13038.5 0 0
13039.5 0 0
13040.5 0 0
13041.5 0 0
13042.5 0 0
13043.5 1 1
13044.5 0 0
13045.5 0 0
13046.5 0 0
13047.5 0 0
13048.5 0 0
13049.5 1 1
13050.5 1 1
13051.5 1 1
13052.5 0 0
13053.5 0 0
13054.5 1 1
13055.5 0 0
13056.5 0 0
13057.5 0 0
13058.5 1 1
13059.5 0 0
13060.5 1 1
13061.5 0 0
13062.5 0 0
13063.5 0 0
13064.5 0 0
13065.5 0 0
13066.5 2 1.41421
13067.5 0 0
13068.5 0 0
13069.5 1 1
13070.5 0 0
13071.5 1 1
13072.5 1 1
13073.5 1 1
13074.5 0 0
13075.5 1 1
13076.5 0 0
13077.5 0 0
13078.5 0 0
13079.5 0 0
13080.5 0 0
13081.5 0 0
13082.5 0 0
13083.5 3 1.73205
13084.5 0 0
13085.5 1 1
13086.5 0 0
13087.5 2 1.41421
13088.5 0 0
13089.5 1 1
13090.5 0 0
13091.5 0 0
13092.5 1 1
13093.5 0 0
13094.5 0 0
13095.5 0 0
13096.5 1 1
13097.5 0 0
13098.5 0 0
13099.5 0 0
13100.5 3 1.73205
13101.5 0 0
13102.5 0 0
13103.5 0 0
13104.5 0 0
13105.5 0 0
13106.5 0 0
13107.5 0 0
13108.5 0 0
13109.5 0 0
13110.5 1 1
13111.5 0 0
13112.5 1 1
13113.5 1 1
13114.5 1 1
13115.5 1 1
13116.5 2 1.41421
13117.5 0 0
13118.5 0 0
13119.5 0 0
13120.5 0 0
13121.5 0 0
13122.5 1 1
13123.5 1 1
13124.5 0 0
13125.5 0 0
13126.5 0 0
13127.5 1 1
13128.5 0 0
13129.5 1 1
13130.5 0 0
13131.5 1 1
13132.5 0 0
13133.5 0 0
13134.5 1 1
13135.5 2 1.41421
13136.5 0 0
13137.5 0 0
13138.5 0 0
13139.5 1 1
13140.5 0 0
13141.5 0 0
13142.5 1 1
13143.5 1 1
13144.5 0 0
13145.5 0 0
13146.5 1 1
13147.5 1 1
13148.5 0 0
13149.5 0 0
13150.5 0 0
13151.5 1 1
13152.5 0 0
13153.5 1 1
13154.5 0 0
13155.5 2 1.41421
13156.5 0 0
13157.5 0 0
13158.5 1 1
13159.5 0 0
13160.5 0 0
13161.5 0 0
13162.5 0 0
13163.5 2 1.41421
13164.5 0 0
13165.5 1 1
13166.5 1 1
13167.5 0 0
13168.5 1 1
13169.5 1 1
13170.5 0 0
13171.5 0 0
13172.5 0 0
13173.5 0 0
13174.5 0 0
13175.5 0 0
13176.5 0 0
13177.5 0 0
13178.5 0 0
13179.5 0 0
13180.5 0 0
13181.5 0 0
13182.5 1 1
13183.5 0 0
13184.5 0 0
13185.5 0 0
13186.5 0 0
13187.5 1 1
13188.5 0 0
13189.5 0 0
13190.5 1 1
13191.5 0 0
13192.5 0 0
13193.5 0 0
13194.5 0 0
13195.5 0 0
13196.5 0 0
13197.5 0 0
13198.5 0 0
13199.5 0 0
13200.5 1 1
13201.5 0 0
13202.5 0 0
13203.5 0 0
13204.5 0 0
13205.5 0 0
13206.5 0 0
13207.5 0 0
13208.5 1 1
13209.5 0 0
13210.5 0 0
13211.5 0 0
13212.5 1 1
13213.5 2 1.41421
13214.5 0 0
13215.5 0 0
13216.5 0 0
13217.5 1 1
13218.5 0 0
13219.5 0 0
13220.5 0 0
13221.5 0 0
13222.5 0 0
13223.5 1 1
13224.5 0 0
13225.5 0 0
13226.5 0 0
13227.5 0 0
13228.5 0 0
13229.5 1 1
13230.5 0 0
13231.5 0 0
13232.5 2 1.41421
13233.5 0 0
13234.5 0 0
13235.5 0 0
13236.5 1 1
13237.5 0 0
13238.5 0 0
13239.5 0 0
13240.5 0 0
13241.5 0 0
13242.5 0 0
13243.5 0 0
13244.5 0 0
13245.5 1 1
13246.5 0 0
13247.5 0 0
13248.5 0 0
13249.5 0 0
13250.5 1 1
13251.5 0 0
13252.5 0 0
13253.5 0 0
13254.5 0 0
13255.5 0 0
13256.5 0 0
13257.5 0 0
13258.5 0 0
13259.5 0 0
13260.5 0 0
13261.5 0 0
13262.5 0 0
13263.5 0 0
13264.5 0 0
13265.5 0 0
13266.5 0 0
13267.5 0 0
13268.5 0 0
13269.5 0 0
13270.5 0 0
13271.5 1 1
13272.5 0 0
13273.5 0 0
13274.5 0 0
13275.5 0 0
13276.5 1 1
13277.5 1 1
13278.5 0 0
13279.5 1 1
13280.5 0 0
13281.5 0 0
13282.5 0 0
13283.5 0 0
13284.5 1 1
13285.5 0 0
13286.5 0 0
13287.5 0 0
13288.5 1 1
13289.5 0 0
13290.5 0 0
13291.5 0 0
13292.5 0 0
13293.5 0 0
13294.5 0 0
13295.5 0 0
13296.5 0 0
13297.5 0 0
13298.5 0 0
13299.5 0 0
13300.5 1 1
13301.5 1 1
13302.5 0 0
13303.5 0 0
13304.5 0 0
13305.5 0 0
13306.5 0 0
13307.5 0 0
13308.5 0 0
13309.5 0 0
13310.5 0 0
13311.5 0 0
13312.5 0 0
13313.5 1 1
13314.5 0 0
13315.5 0 0
13316.5 0 0
13317.5 0 0
13318.5 0 0
13319.5 0 0
13320.5 0 0
13321.5 0 0
13322.5 0 0
13323.5 0 0
13324.5 0 0
13325.5 0 0
13326.5 0 0
13327.5 0 0
13328.5 0 0
13329.5 0 0
13330.5 0 0
13331.5 0 0
13332.5 0 0
13333.5 0 0
13334.5 0 0
13335.5 0 0
13336.5 0 0
13337.5 0 0
13338.5 3 1.73205
13339.5 0 0
13340.5 1 1
13341.5 0 0
13342.5 0 0
13343.5 0 0
13344.5 0 0
13345.5 0 0
13346.5 0 0
13347.5 0 0
13348.5 0 0
13349.5 0 0
13350.5 0 0
13351.5 0 0
13352.5 0 0
13353.5 0 0
13354.5 0 0
13355.5 0 0
13356.5 0 0
13357.5 0 0
13358.5 0 0
13359.5 0 0
13360.5 0 0
13361.5 0 0
13362.5 0 0
13363.5 1 1
13364.5 0 0
13365.5 0 0
13366.5 0 0
13367.5 0 0
13368.5 0 0
13369.5 0 0
13370.5 0 0
13371.5 0 0
13372.5 1 1
13373.5 1 1
13374.5 0 0
13375.5 0 0
13376.5 0 0
13377.5 0 0
13378.5 0 0
13379.5 1 1
13380.5 0 0
13381.5 0 0
13382.5 1 1
13383.5 0 0
13384.5 1 1
13385.5 1 1
13386.5 1 1
13387.5 0 0
13388.5 1 1
13389.5 0 0
13390.5 0 0
13391.5 0 0
13392.5 1 1
13393.5 0 0
13394.5 0 0
13395.5 2 1.41421
13396.5 0 0
13397.5 1 1
13398.5 0 0
13399.5 2 1.41421
13400.5 1 1
13401.5 0 0
13402.5 0 0
13403.5 0 0
13404.5 1 1
13405.5 0 0
13406.5 0 0
13407.5 0 0
13408.5 0 0
13409.5 0 0
13410.5 0 0
13411.5 0 0
13412.5 1 1
13413.5 0 0
13414.5 0 0
13415.5 1 1
13416.5 0 0
13417.5 1 1
13418.5 0 0
13419.5 0 0
13420.5 0 0
13421.5 0 0
13422.5 0 0
13423.5 0 0
13424.5 0 0
13425.5 1 1
13426.5 0 0
13427.5 0 0
13428.5 0 0
13429.5 0 0
13430.5 0 0
13431.5 1 1
13432.5 0 0
13433.5 0 0
13434.5 0 0
13435.5 0 0
13436.5 0 0
13437.5 0 0
13438.5 1 1
13439.5 2 1.41421
13440.5 1 1
13441.5 0 0
13442.5 0 0
13443.5 0 0
13444.5 0 0
13445.5 0 0
13446.5 0 0
13447.5 0 0
13448.5 0 0
13449.5 0 0
13450.5 0 0
13451.5 0 0
13452.5 0 0
13453.5 0 0
13454.5 0 0
13455.5 0 0
13456.5 1 1
13457.5 0 0
13458.5 1 1
13459.5 1 1
13460.5 0 0
13461.5 2 1.41421
13462.5 0 0
13463.5 0 0
13464.5 0 0
13465.5 0 0
13466.5 0 0
13467.5 0 0
13468.5 0 0
13469.5 0 0
13470.5 0 0
13471.5 0 0
13472.5 0 0
13473.5 0 0
13474.5 0 0
13475.5 0 0
13476.5 0 0
13477.5 0 0
13478.5 0 0
13479.5 0 0
13480.5 1 1
13481.5 1 1
13482.5 0 0
13483.5 0 0
13484.5 0 0
13485.5 0 0
13486.5 1 1
13487.5 0 0
13488.5 0 0
13489.5 1 1
13490.5 0 0
13491.5 0 0
13492.5 0 0
13493.5 0 0
13494.5 0 0
13495.5 0 0
13496.5 0 0
13497.5 0 0
13498.5 0 0
13499.5 0 0
13500.5 1 1
13501.5 0 0
13502.5 0 0
13503.5 0 0
13504.5 0 0
13505.5 0 0
13506.5 0 0
13507.5 1 1
13508.5 0 0
13509.5 0 0
13510.5 1 1
13511.5 0 0
13512.5 0 0
13513.5 1 1
13514.5 0 0
13515.5 0 0
13516.5 0 0
13517.5 0 0
13518.5 0 0
13519.5 0 0
13520.5 0 0
13521.5 0 0
13522.5 0 0
13523.5 0 0
13524.5 0 0
13525.5 0 0
13526.5 0 0
13527.5 0 0
13528.5 0 0
13529.5 0 0
13530.5 0 0
13531.5 2 1.41421
13532.5 0 0
13533.5 1 1
13534.5 0 0
13535.5 0 0
13536.5 0 0
13537.5 0 0
13538.5 0 0
13539.5 0 0
13540.5 0 0
13541.5 0 0
13542.5 0 0
13543.5 0 0
13544.5 1 1
13545.5 0 0
13546.5 0 0
13547.5 0 0
13548.5 0 0
13549.5 0 0
13550.5 0 0
13551.5 0 0
13552.5 0 0
13553.5 0 0
13554.5 0 0
13555.5 0 0
13556.5 0 0
13557.5 0 0
13558.5 1 1
13559.5 0 0
13560.5 0 0
13561.5 0 0
13562.5 0 0
13563.5 0 0
13564.5 0 0
13565.5 0 0
13566.5 0 0
13567.5 0 0
13568.5 0 0
13569.5 0 0
13570.5 0 0
13571.5 0 0
13572.5 0 0
13573.5 0 0
13574.5 0 0
13575.5 0 0
13576.5 0 0
13577.5 0 0
13578.5 0 0
13579.5 0 0
13580.5 1 1
13581.5 0 0
13582.5 0 0
13583.5 0 0
13584.5 0 0
13585.5 1 1
13586.5 2 1.41421
13587.5 1 1
13588.5 0 0
13589.5 0 0
13590.5 0 0
13591.5 0 0
13592.5 0 0
13593.5 0 0
13594.5 0 0
13595.5 0 0
13596.5 0 0
13597.5 0 0
13598.5 0 0
13599.5 0 0
13600.5 0 0
13601.5 0 0
13602.5 0 0
13603.5 0 0
13604.5 1 1
13605.5 0 0
13606.5 0 0
13607.5 0 0
13608.5 1 1
13609.5 2 1.41421
13610.5 0 0
13611.5 1 1
13612.5 0 0
13613.5 0 0
13614.5 0 0
13615.5 1 1
13616.5 0 0
13617.5 0 0
13618.5 0 0
13619.5 0 0
13620.5 0 0
13621.5 0 0
13622.5 0 0
13623.5 0 0
13624.5 0 0
13625.5 0 0
13626.5 0 0
13627.5 1 1
13628.5 0 0
13629.5 0 0
13630.5 1 1
13631.5 1 1
13632.5 0 0
13633.5 0 0
13634.5 1 1
13635.5 0 0
13636.5 0 0
13637.5 0 0
13638.5 0 0
13639.5 1 1
13640.5 0 0
13641.5 0 0
13642.5 0 0
13643.5 0 0
13644.5 0 0
13645.5 1 1
13646.5 0 0
13647.5 1 1
13648.5 0 0
13649.5 1 1
13650.5 0 0
13651.5 0 0
13652.5 0 0
13653.5 0 0
13654.5 0 0
13655.5 0 0
13656.5 0 0
13657.5 0 0
13658.5 0 0
13659.5 0 0
13660.5 0 0
13661.5 0 0
13662.5 0 0
13663.5 0 0
13664.5 0 0
13665.5 0 0
13666.5 0 0
13667.5 1 1
13668.5 0 0
13669.5 0 0
13670.5 0 0
13671.5 0 0
13672.5 0 0
13673.5 0 0
13674.5 0 0
13675.5 0 0
13676.5 1 1
13677.5 0 0
13678.5 0 0
13679.5 1 1
13680.5 0 0
13681.5 0 0
13682.5 0 0
13683.5 1 1
13684.5 0 0
13685.5 0 0
13686.5 0 0
13687.5 0 0
13688.5 0 0
13689.5 0 0
13690.5 0 0
13691.5 0 0
13692.5 0 0
13693.5 1 1
13694.5 0 0
13695.5 1 1
13696.5 0 0
13697.5 1 1
13698.5 0 0
13699.5 2 1.41421
13700.5 0 0
13701.5 1 1
13702.5 1 1
13703.5 1 1
13704.5 1 1
13705.5 1 1
13706.5 2 1.41421
13707.5 2 1.41421
13708.5 2 1.41421
13709.5 3 1.73205
13710.5 4 2
13711.5 6 2.44949
13712.5 3 1.73205
13713.5 2 1.41421
13714.5 7 2.64575
13715.5 4 2
13716.5 10 3.16228
13717.5 8 2.82843
13718.5 17 4.12311
13719.5 12 3.4641
13720.5 14 3.74166
13721.5 14 3.74166
13722.5 21 4.58258
13723.5 21 4.58258
13724.5 16 4
13725.5 17 4.12311
13726.5 26 5.09902
13727.5 21 4.58258
13728.5 18 4.24264
13729.5 16 4
13730.5 16 4
13731.5 11 3.31662
13732.5 6 2.44949
13733.5 6 2.44949
13734.5 12 3.4641
13735.5 10 3.16228
13736.5 7 2.64575
13737.5 3 1.73205
13738.5 7 2.64575
13739.5 0 0
13740.5 1 1
13741.5 1 1
13742.5 1 1
13743.5 1 1
13744.5 0 0
13745.5 0 0
13746.5 2 1.41421
13747.5 0 0
13748.5 0 0
13749.5 0 0
13750.5 0 0
13751.5 0 0
13752.5 0 0
13753.5 0 0
13754.5 0 0
13755.5 0 0
13756.5 0 0
13757.5 1 1
13758.5 0 0
13759.5 0 0
13760.5 0 0
13761.5 0 0
13762.5 0 0
13763.5 2 1.41421
13764.5 2 1.41421
13765.5 0 0
13766.5 0 0
13767.5 0 0
13768.5 0 0
13769.5 0 0
13770.5 0 0
13771.5 0 0
13772.5 0 0
13773.5 0 0
13774.5 1 1
13775.5 0 0
13776.5 0 0
13777.5 0 0
13778.5 1 1
13779.5 0 0
13780.5 1 1
13781.5 1 1
13782.5 0 0
13783.5 1 1
13784.5 0 0
13785.5 1 1
13786.5 0 0
13787.5 0 0
13788.5 0 0
13789.5 1 1
13790.5 0 0
13791.5 0 0
13792.5 1 1
13793.5 0 0
13794.5 0 0
13795.5 0 0
13796.5 0 0
13797.5 0 0
13798.5 0 0
13799.5 1 1
13800.5 1 1
13801.5 0 0
13802.5 0 0
13803.5 0 0
13804.5 0 0
13805.5 0 0
13806.5 0 0
13807.5 0 0
13808.5 0 0
13809.5 0 0
13810.5 0 0
13811.5 0 0
13812.5 0 0
13813.5 0 0
13814.5 0 0
13815.5 0 0
13816.5 1 1
13817.5 0 0
13818.5 1 1
13819.5 0 0
13820.5 0 0
13821.5 0 0
13822.5 0 0
13823.5 0 0
13824.5 0 0
13825.5 0 0
13826.5 1 1
13827.5 0 0
13828.5 1 1
13829.5 1 1
13830.5 2 1.41421
13831.5 0 0
13832.5 0 0
13833.5 0 0
13834.5 1 1
13835.5 3 1.73205
13836.5 2 1.41421
13837.5 1 1
13838.5 1 1
13839.5 2 1.41421
13840.5 2 1.41421
13841.5 3 1.73205
13842.5 1 1
13843.5 0 0
13844.5 2 1.41421
13845.5 2 1.41421
13846.5 0 0
13847.5 0 0
13848.5 0 0
13849.5 0 0
13850.5 0 0
13851.5 0 0
13852.5 1 1
13853.5 0 0
13854.5 0 0
13855.5 0 0
13856.5 0 0
13857.5 0 0
13858.5 1 1
13859.5 0 0
13860.5 0 0
13861.5 0 0
13862.5 0 0
13863.5 0 0
13864.5 0 0
13865.5 0 0
13866.5 1 1
13867.5 0 0
13868.5 0 0
13869.5 0 0
13870.5 0 0
13871.5 0 0
13872.5 1 1
13873.5 0 0
13874.5 1 1
13875.5 0 0
13876.5 0 0
13877.5 0 0
13878.5 0 0
13879.5 0 0
13880.5 0 0
13881.5 0 0
13882.5 0 0
13883.5 0 0
13884.5 1 1
13885.5 0 0
13886.5 0 0
13887.5 0 0
13888.5 0 0
13889.5 0 0
13890.5 0 0
13891.5 0 0
13892.5 1 1
13893.5 0 0
13894.5 0 0
13895.5 0 0
13896.5 0 0
13897.5 0 0
13898.5 0 0
13899.5 0 0
13900.5 0 0
13901.5 0 0
13902.5 0 0
13903.5 0 0
13904.5 0 0
13905.5 2 1.41421
13906.5 2 1.41421
13907.5 0 0
13908.5 2 1.41421
13909.5 2 1.41421
13910.5 0 0
13911.5 3 1.73205
13912.5 2 1.41421
13913.5 4 2
13914.5 0 0
13915.5 2 1.41421
13916.5 3 1.73205
13917.5 2 1.41421
13918.5 2 1.41421
13919.5 2 1.41421
13920.5 1 1
13921.5 5 2.23607
13922.5 1 1
13923.5 2 1.41421
13924.5 1 1
13925.5 3 1.73205
13926.5 2 1.41421
13927.5 0 0
13928.5 0 0
13929.5 2 1.41421
13930.5 1 1
13931.5 2 1.41421
13932.5 0 0
13933.5 1 1
13934.5 0 0
13935.5 1 1
13936.5 0 0
13937.5 0 0
13938.5 1 1
13939.5 0 0
13940.5 0 0
13941.5 0 0
13942.5 0 0
13943.5 0 0
13944.5 1 1
13945.5 0 0
13946.5 0 0
13947.5 0 0
13948.5 0 0
13949.5 0 0
13950.5 0 0
13951.5 0 0
13952.5 0 0
13953.5 0 0
13954.5 0 0
13955.5 0 0
13956.5 0 0
13957.5 0 0
13958.5 0 0
13959.5 0 0
13960.5 0 0
13961.5 0 0
13962.5 0 0
13963.5 0 0
13964.5 0 0
13965.5 0 0
13966.5 1 1
13967.5 0 0
13968.5 0 0
13969.5 0 0
13970.5 0 0
13971.5 0 0
13972.5 0 0
13973.5 0 0
13974.5 0 0
13975.5 0 0
13976.5 1 1
13977.5 0 0
13978.5 0 0
13979.5 0 0
13980.5 0 0
13981.5 0 0
13982.5 0 0
13983.5 0 0
13984.5 1 1
13985.5 0 0
13986.5 0 0
13987.5 0 0
13988.5 0 0
13989.5 0 0
13990.5 1 1
13991.5 0 0
13992.5 0 0
13993.5 0 0
13994.5 0 0
13995.5 1 1
13996.5 0 0
13997.5 0 0
13998.5 0 0
13999.5 0 0
14000.5 0 0
14001.5 0 0
14002.5 0 0
14003.5 0 0
14004.5 0 0
14005.5 0 0
14006.5 0 0
14007.5 0 0
14008.5 0 0
14009.5 0 0
14010.5 0 0
14011.5 0 0
14012.5 0 0
14013.5 0 0
14014.5 0 0
14015.5 0 0
14016.5 0 0
14017.5 0 0
14018.5 0 0
14019.5 0 0
14020.5 0 0
14021.5 0 0
14022.5 0 0
14023.5 0 0
14024.5 0 0
14025.5 0 0
14026.5 1 1
14027.5 0 0
14028.5 0 0
14029.5 0 0
14030.5 1 1
14031.5 0 0
14032.5 0 0
14033.5 1 1
14034.5 0 0
14035.5 0 0
14036.5 0 0
14037.5 1 1
14038.5 1 1
14039.5 0 0
14040.5 0 0
14041.5 0 0
14042.5 1 1
14043.5 0 0
14044.5 0 0
14045.5 0 0
14046.5 0 0
14047.5 0 0
14048.5 0 0
14049.5 0 0
14050.5 0 0
14051.5 0 0
14052.5 0 0
14053.5 0 0
14054.5 0 0
14055.5 0 0
14056.5 0 0
14057.5 0 0
14058.5 0 0
14059.5 1 1
14060.5 0 0
14061.5 0 0
14062.5 0 0
14063.5 0 0
14064.5 0 0
14065.5 0 0
14066.5 0 0
14067.5 0 0
14068.5 1 1
14069.5 0 0
14070.5 0 0
14071.5 0 0
14072.5 0 0
14073.5 0 0
14074.5 0 0
14075.5 0 0
14076.5 0 0
14077.5 0 0
14078.5 0 0
14079.5 0 0
14080.5 0 0
14081.5 0 0
14082.5 1 1
14083.5 0 0
14084.5 0 0
14085.5 0 0
14086.5 0 0
14087.5 0 0
14088.5 0 0
14089.5 0 0
14090.5 0 0
14091.5 0 0
14092.5 0 0
14093.5 0 0
14094.5 2 1.41421
14095.5 0 0
14096.5 0 0
14097.5 0 0
14098.5 0 0
14099.5 0 0
14100.5 1 1
14101.5 0 0
14102.5 0 0
14103.5 0 0
14104.5 0 0
14105.5 0 0
14106.5 0 0
14107.5 1 1
14108.5 0 0
14109.5 0 0
14110.5 0 0
14111.5 0 0
14112.5 0 0
14113.5 1 1
14114.5 1 1
14115.5 0 0
14116.5 0 0
14117.5 0 0
14118.5 0 0
14119.5 0 0
14120.5 0 0
14121.5 0 0
14122.5 0 0
14123.5 0 0
14124.5 0 0
14125.5 0 0
14126.5 0 0
14127.5 0 0
14128.5 0 0
14129.5 0 0
14130.5 0 0
14131.5 0 0
14132.5 0 0
14133.5 0 0
14134.5 0 0
14135.5 0 0
14136.5 0 0
14137.5 0 0
14138.5 0 0
14139.5 0 0
14140.5 0 0
14141.5 0 0
14142.5 0 0
14143.5 0 0
14144.5 0 0
14145.5 0 0
14146.5 0 0
14147.5 0 0
14148.5 0 0
14149.5 0 0
14150.5 0 0
14151.5 0 0
14152.5 0 0
14153.5 1 1
14154.5 0 0
14155.5 0 0
14156.5 1 1
14157.5 0 0
14158.5 0 0
14159.5 0 0
14160.5 0 0
14161.5 0 0
14162.5 0 0
14163.5 0 0
14164.5 1 1
14165.5 0 0
14166.5 0 0
14167.5 0 0
14168.5 0 0
14169.5 0 0
14170.5 0 0
14171.5 0 0
14172.5 0 0
14173.5 0 0
14174.5 0 0
14175.5 1 1
14176.5 0 0
14177.5 0 0
14178.5 0 0
14179.5 0 0
14180.5 0 0
14181.5 0 0
14182.5 0 0
14183.5 0 0
14184.5 0 0
14185.5 0 0
14186.5 0 0
14187.5 0 0
14188.5 0 0
14189.5 0 0
14190.5 0 0
14191.5 0 0
14192.5 0 0
14193.5 0 0
14194.5 0 0
14195.5 0 0
14196.5 0 0
14197.5 0 0
14198.5 0 0
14199.5 0 0
14200.5 0 0
14201.5 0 0
14202.5 0 0
14203.5 0 0
14204.5 0 0
14205.5 0 0
14206.5 0 0
14207.5 0 0
14208.5 0 0
14209.5 0 0
14210.5 0 0
14211.5 0 0
14212.5 0 0
14213.5 0 0
14214.5 0 0
14215.5 0 0
14216.5 0 0
14217.5 0 0
14218.5 0 0
14219.5 0 0
14220.5 0 0
14221.5 1 1
14222.5 0 0
14223.5 0 0
14224.5 0 0
14225.5 0 0
14226.5 0 0
14227.5 0 0
14228.5 0 0
14229.5 0 0
14230.5 0 0
14231.5 0 0
14232.5 0 0
14233.5 0 0
14234.5 0 0
14235.5 0 0
14236.5 0 0
14237.5 0 0
14238.5 0 0
14239.5 0 0
14240.5 0 0
14241.5 0 0
14242.5 0 0
14243.5 0 0
14244.5 0 0
14245.5 0 0
14246.5 0 0
14247.5 0 0
14248.5 0 0
14249.5 0 0
14250.5 0 0
14251.5 0 0
14252.5 0 0
14253.5 0 0
14254.5 0 0
14255.5 0 0
14256.5 0 0
14257.5 0 0
14258.5 1 1
14259.5 0 0
14260.5 0 0
14261.5 1 1
14262.5 0 0
14263.5 0 0
14264.5 0 0
14265.5 0 0
14266.5 0 0
14267.5 0 0
14268.5 0 0
14269.5 0 0
14270.5 0 0
14271.5 0 0
14272.5 0 0
14273.5 0 0
14274.5 0 0
14275.5 0 0
14276.5 0 0
14277.5 0 0
14278.5 0 0
14279.5 1 1
14280.5 1 1
14281.5 1 1
14282.5 0 0
14283.5 0 0
14284.5 0 0
14285.5 0 0
14286.5 0 0
14287.5 0 0
14288.5 0 0
14289.5 0 0
14290.5 0 0
14291.5 0 0
14292.5 0 0
14293.5 0 0
14294.5 0 0
14295.5 0 0
14296.5 0 0
14297.5 0 0
14298.5 0 0
14299.5 0 0
14300.5 0 0
14301.5 0 0
14302.5 0 0
14303.5 0 0
14304.5 1 1
14305.5 0 0
14306.5 0 0
14307.5 1 1
14308.5 0 0
14309.5 0 0
14310.5 0 0
14311.5 0 0
14312.5 0 0
14313.5 0 0
14314.5 0 0
14315.5 0 0
14316.5 0 0
14317.5 0 0
14318.5 0 0
14319.5 0 0
14320.5 0 0
14321.5 0 0
14322.5 0 0
14323.5 0 0
14324.5 0 0
14325.5 0 0
14326.5 0 0
14327.5 0 0
14328.5 0 0
14329.5 0 0
14330.5 0 0
14331.5 0 0
14332.5 0 0
14333.5 0 0
14334.5 0 0
14335.5 0 0
14336.5 0 0
14337.5 0 0
14338.5 0 0
14339.5 0 0
14340.5 0 0
14341.5 0 0
14342.5 0 0
14343.5 0 0
14344.5 0 0
14345.5 0 0
14346.5 0 0
14347.5 0 0
14348.5 1 1
14349.5 0 0
14350.5 0 0
14351.5 0 0
14352.5 0 0
14353.5 0 0
14354.5 0 0
14355.5 0 0
14356.5 0 0
14357.5 1 1
14358.5 0 0
14359.5 0 0
14360.5 0 0
14361.5 0 0
14362.5 0 0
14363.5 0 0
14364.5 0 0
14365.5 0 0
14366.5 0 0
14367.5 1 1
14368.5 0 0
14369.5 0 0
14370.5 0 0
14371.5 0 0
14372.5 0 0
14373.5 0 0
14374.5 0 0
14375.5 0 0
14376.5 0 0
14377.5 0 0
14378.5 0 0
14379.5 0 0
14380.5 0 0
14381.5 0 0
14382.5 0 0
14383.5 0 0
14384.5 0 0
14385.5 0 0
14386.5 1 1
14387.5 0 0
14388.5 0 0
14389.5 0 0
14390.5 0 0
14391.5 0 0
14392.5 0 0
14393.5 0 0
14394.5 0 0
14395.5 0 0
14396.5 0 0
14397.5 0 0
14398.5 0 0
14399.5 0 0
14400.5 0 0
14401.5 0 0
14402.5 0 0
14403.5 1 1
14404.5 0 0
14405.5 0 0
14406.5 0 0
14407.5 0 0
14408.5 1 1
14409.5 0 0
14410.5 0 0
14411.5 0 0
14412.5 0 0
14413.5 0 0
14414.5 0 0
14415.5 0 0
14416.5 0 0
14417.5 0 0
14418.5 0 0
14419.5 0 0
14420.5 0 0
14421.5 0 0
14422.5 0 0
14423.5 0 0
14424.5 0 0
14425.5 0 0
14426.5 0 0
14427.5 0 0
14428.5 0 0
14429.5 1 1
14430.5 0 0
14431.5 0 0
14432.5 0 0
14433.5 0 0
14434.5 0 0
14435.5 0 0
14436.5 0 0
14437.5 0 0
14438.5 0 0
14439.5 0 0
14440.5 0 0
14441.5 0 0
14442.5 0 0
14443.5 1 1
14444.5 0 0
14445.5 0 0
14446.5 0 0
14447.5 0 0
14448.5 0 0
14449.5 0 0
14450.5 0 0
14451.5 0 0
14452.5 0 0
14453.5 0 0
14454.5 0 0
14455.5 0 0
14456.5 0 0
14457.5 0 0
14458.5 0 0
14459.5 0 0
14460.5 0 0
14461.5 0 0
14462.5 0 0
14463.5 0 0
14464.5 0 0
14465.5 0 0
14466.5 0 0
14467.5 0 0
14468.5 0 0
14469.5 0 0
14470.5 1 1
14471.5 0 0
14472.5 0 0
14473.5 1 1
14474.5 0 0
14475.5 0 0
14476.5 0 0
14477.5 1 1
14478.5 0 0
14479.5 0 0
14480.5 0 0
14481.5 0 0
14482.5 0 0
14483.5 0 0
14484.5 0 0
14485.5 0 0
14486.5 0 0
14487.5 0 0
14488.5 0 0
14489.5 0 0
14490.5 0 0
14491.5 0 0
14492.5 0 0
14493.5 0 0
14494.5 0 0
14495.5 0 0
14496.5 0 0
14497.5 0 0
14498.5 0 0
14499.5 0 0
14500.5 0 0
14501.5 0 0
14502.5 0 0
14503.5 0 0
14504.5 1 1
14505.5 0 0
14506.5 0 0
14507.5 0 0
14508.5 0 0
14509.5 0 0
14510.5 0 0
14511.5 0 0
14512.5 0 0
14513.5 1 1
14514.5 1 1
14515.5 1 1
14516.5 1 1
14517.5 0 0
14518.5 0 0
14519.5 1 1
14520.5 0 0
14521.5 1 1
14522.5 0 0
14523.5 1 1
14524.5 1 1
14525.5 0 0
14526.5 2 1.41421
14527.5 0 0
14528.5 0 0
14529.5 1 1
14530.5 0 0
14531.5 0 0
14532.5 0 0
14533.5 0 0
14534.5 0 0
14535.5 0 0
14536.5 0 0
14537.5 0 0
14538.5 0 0
14539.5 0 0
14540.5 0 0
14541.5 0 0
14542.5 0 0
14543.5 0 0
14544.5 0 0
14545.5 0 0
14546.5 0 0
14547.5 0 0
14548.5 0 0
14549.5 1 1
14550.5 2 1.41421
14551.5 0 0
14552.5 0 0
14553.5 0 0
14554.5 0 0
14555.5 0 0
14556.5 0 0
14557.5 0 0
14558.5 0 0
14559.5 0 0
14560.5 0 0
14561.5 0 0
14562.5 1 1
14563.5 0 0
14564.5 0 0
14565.5 0 0
14566.5 0 0
14567.5 0 0
14568.5 0 0
14569.5 1 1
14570.5 0 0
14571.5 0 0
14572.5 0 0
14573.5 1 1
14574.5 0 0
14575.5 0 0
14576.5 0 0
14577.5 0 0
14578.5 0 0
14579.5 0 0
14580.5 0 0
14581.5 0 0
14582.5 0 0
14583.5 0 0
14584.5 0 0
14585.5 1 1
14586.5 0 0
14587.5 0 0
14588.5 0 0
14589.5 0 0
14590.5 0 0
14591.5 0 0
14592.5 0 0
14593.5 0 0
14594.5 0 0
14595.5 0 0
14596.5 0 0
14597.5 0 0
14598.5 1 1
14599.5 0 0
14600.5 0 0
14601.5 0 0
14602.5 0 0
14603.5 0 0
14604.5 0 0
14605.5 0 0
14606.5 0 0
14607.5 0 0
14608.5 0 0
14609.5 0 0
14610.5 0 0
14611.5 0 0
14612.5 0 0
14613.5 0 0
14614.5 0 0
14615.5 1 1
14616.5 0 0
14617.5 0 0
14618.5 0 0
14619.5 0 0
14620.5 0 0
14621.5 0 0
14622.5 0 0
14623.5 0 0
14624.5 0 0
14625.5 0 0
14626.5 0 0
14627.5 0 0
14628.5 0 0
14629.5 1 1
14630.5 0 0
14631.5 0 0
14632.5 0 0
14633.5 0 0
14634.5 0 0
14635.5 1 1
14636.5 0 0
14637.5 0 0
14638.5 0 0
14639.5 0 0
14640.5 0 0
14641.5 1 1
14642.5 0 0
14643.5 0 0
14644.5 0 0
14645.5 0 0
14646.5 0 0
14647.5 0 0
14648.5 0 0
14649.5 0 0
14650.5 0 0
14651.5 0 0
14652.5 0 0
14653.5 0 0
14654.5 1 1
14655.5 0 0
14656.5 0 0
14657.5 0 0
14658.5 0 0
14659.5 0 0
14660.5 1 1
14661.5 0 0
14662.5 0 0
14663.5 0 0
14664.5 0 0
14665.5 0 0
14666.5 0 0
14667.5 0 0
14668.5 0 0
14669.5 0 0
14670.5 0 0
14671.5 0 0
14672.5 0 0
14673.5 0 0
14674.5 0 0
14675.5 0 0
14676.5 0 0
14677.5 0 0
14678.5 0 0
14679.5 0 0
14680.5 0 0
14681.5 0 0
14682.5 0 0
14683.5 0 0
14684.5 0 0
14685.5 0 0
14686.5 0 0
14687.5 0 0
14688.5 1 1
14689.5 0 0
14690.5 0 0
14691.5 0 0
14692.5 0 0
14693.5 0 0
14694.5 0 0
14695.5 0 0
14696.5 0 0
14697.5 1 1
14698.5 0 0
14699.5 0 0
14700.5 0 0
14701.5 0 0
14702.5 0 0
14703.5 0 0
14704.5 0 0
14705.5 0 0
14706.5 0 0
14707.5 0 0
14708.5 0 0
14709.5 0 0
14710.5 0 0
14711.5 0 0
14712.5 0 0
14713.5 0 0
14714.5 0 0
14715.5 0 0
14716.5 0 0
14717.5 0 0
14718.5 0 0
14719.5 0 0
14720.5 0 0
14721.5 0 0
14722.5 0 0
14723.5 0 0
14724.5 0 0
14725.5 0 0
14726.5 0 0
14727.5 0 0
14728.5 0 0
14729.5 0 0
14730.5 0 0
14731.5 0 0
14732.5 0 0
14733.5 0 0
14734.5 0 0
14735.5 0 0
14736.5 0 0
14737.5 0 0
14738.5 0 0
14739.5 0 0
14740.5 0 0
14741.5 0 0
14742.5 0 0
14743.5 0 0
14744.5 0 0
14745.5 0 0
14746.5 0 0
14747.5 0 0
14748.5 0 0
14749.5 0 0
14750.5 0 0
14751.5 0 0
14752.5 0 0
14753.5 0 0
14754.5 0 0
14755.5 0 0
14756.5 0 0
14757.5 0 0
14758.5 0 0
14759.5 0 0
14760.5 0 0
14761.5 1 1
14762.5 0 0
14763.5 0 0
14764.5 0 0
14765.5 0 0
14766.5 0 0
14767.5 0 0
14768.5 0 0
14769.5 0 0
14770.5 0 0
14771.5 0 0
14772.5 0 0
14773.5 0 0
14774.5 0 0
14775.5 0 0
14776.5 0 0
14777.5 0 0
14778.5 0 0
14779.5 0 0
14780.5 0 0
14781.5 0 0
14782.5 0 0
14783.5 0 0
14784.5 0 0
14785.5 0 0
14786.5 0 0
14787.5 0 0
14788.5 0 0
14789.5 0 0
14790.5 0 0
14791.5 0 0
14792.5 0 0
14793.5 0 0
14794.5 0 0
14795.5 0 0
14796.5 0 0
14797.5 0 0
14798.5 0 0
14799.5 0 0
14800.5 0 0
14801.5 0 0
14802.5 1 1
14803.5 0 0
14804.5 0 0
14805.5 1 1
14806.5 0 0
14807.5 0 0
14808.5 0 0
14809.5 0 0
14810.5 0 0
14811.5 0 0
14812.5 0 0
14813.5 0 0
14814.5 0 0
14815.5 1 1
14816.5 0 0
14817.5 1 1
14818.5 0 0
14819.5 0 0
14820.5 0 0
14821.5 0 0
14822.5 0 0
14823.5 0 0
14824.5 0 0
14825.5 0 0
14826.5 0 0
14827.5 0 0
14828.5 0 0
14829.5 0 0
14830.5 0 0
14831.5 0 0
14832.5 0 0
14833.5 0 0
14834.5 0 0
14835.5 0 0
14836.5 0 0
14837.5 0 0
14838.5 0 0
14839.5 0 0
14840.5 0 0
14841.5 1 1
14842.5 0 0
14843.5 0 0
14844.5 0 0
14845.5 0 0
14846.5 0 0
14847.5 0 0
14848.5 0 0
14849.5 0 0
14850.5 0 0
14851.5 0 0
14852.5 0 0
14853.5 0 0
14854.5 0 0
14855.5 0 0
14856.5 0 0
14857.5 0 0
14858.5 0 0
14859.5 0 0
14860.5 1 1
14861.5 0 0
14862.5 2 1.41421
14863.5 0 0
14864.5 0 0
14865.5 0 0
14866.5 0 0
14867.5 0 0
14868.5 1 1
14869.5 0 0
14870.5 0 0
14871.5 0 0
14872.5 0 0
14873.5 0 0
14874.5 0 0
14875.5 0 0
14876.5 0 0
14877.5 0 0
14878.5 0 0
14879.5 0 0
14880.5 0 0
14881.5 0 0
14882.5 0 0
14883.5 1 1
14884.5 0 0
14885.5 0 0
14886.5 0 0
14887.5 0 0
14888.5 0 0
14889.5 0 0
14890.5 0 0
14891.5 0 0
14892.5 0 0
14893.5 0 0
14894.5 0 0
14895.5 0 0
14896.5 1 1
14897.5 0 0
14898.5 0 0
14899.5 0 0
14900.5 0 0
14901.5 0 0
14902.5 0 0
14903.5 0 0
14904.5 0 0
14905.5 0 0
14906.5 0 0
14907.5 0 0
14908.5 0 0
14909.5 0 0
14910.5 0 0
14911.5 0 0
14912.5 0 0
14913.5 0 0
14914.5 0 0
14915.5 0 0
14916.5 0 0
14917.5 0 0
14918.5 0 0
14919.5 0 0
14920.5 0 0
14921.5 0 0
14922.5 0 0
14923.5 0 0
14924.5 1 1
14925.5 0 0
14926.5 0 0
14927.5 0 0
14928.5 0 0
14929.5 0 0
14930.5 1 1
14931.5 0 0
14932.5 0 0
14933.5 0 0
14934.5 0 0
14935.5 0 0
14936.5 0 0
14937.5 0 0
14938.5 1 1
14939.5 0 0
14940.5 0 0
14941.5 0 0
14942.5 0 0
14943.5 0 0
14944.5 0 0
14945.5 0 0
14946.5 0 0
14947.5 0 0
14948.5 0 0
14949.5 0 0
14950.5 0 0
14951.5 0 0
14952.5 0 0
14953.5 0 0
14954.5 0 0
14955.5 0 0
14956.5 0 0
14957.5 0 0
14958.5 0 0
14959.5 0 0
14960.5 0 0
14961.5 0 0
14962.5 0 0
14963.5 0 0
14964.5 0 0
14965.5 0 0
14966.5 0 0
14967.5 0 0
14968.5 0 0
14969.5 1 1
14970.5 0 0
14971.5 0 0
14972.5 0 0
14973.5 0 0
14974.5 0 0
14975.5 0 0
14976.5 0 0
14977.5 0 0
14978.5 0 0
14979.5 0 0
14980.5 0 0
14981.5 0 0
14982.5 0 0
14983.5 0 0
14984.5 0 0
14985.5 0 0
14986.5 0 0
14987.5 0 0
14988.5 0 0
14989.5 0 0
14990.5 0 0
14991.5 0 0
14992.5 0 0
14993.5 0 0
14994.5 0 0
14995.5 0 0
14996.5 0 0
14997.5 1 1
14998.5 0 0
14999.5 0 0
15000.5 0 0
15001.5 0 0
15002.5 0 0
15003.5 0 0
15004.5 0 0
15005.5 0 0
15006.5 0 0
15007.5 1 1
15008.5 0 0
15009.5 0 0
15010.5 1 1
15011.5 0 0
15012.5 0 0
15013.5 0 0
15014.5 0 0
15015.5 0 0
15016.5 0 0
15017.5 0 0
15018.5 0 0
15019.5 1 1
15020.5 1 1
15021.5 0 0
15022.5 0 0
15023.5 0 0
15024.5 0 0
15025.5 0 0
15026.5 0 0
15027.5 0 0
15028.5 1 1
15029.5 0 0
15030.5 0 0
15031.5 0 0
15032.5 0 0
15033.5 0 0
15034.5 0 0
15035.5 0 0
15036.5 0 0
15037.5 1 1
15038.5 0 0
15039.5 0 0
15040.5 0 0
15041.5 0 0
15042.5 0 0
15043.5 0 0
15044.5 0 0
15045.5 0 0
15046.5 0 0
15047.5 1 1
15048.5 0 0
15049.5 0 0
15050.5 0 0
15051.5 0 0
15052.5 0 0
15053.5 0 0
15054.5 0 0
15055.5 0 0
15056.5 0 0
15057.5 0 0
15058.5 0 0
15059.5 0 0
15060.5 0 0
15061.5 0 0
15062.5 0 0
15063.5 0 0
15064.5 0 0
15065.5 0 0
15066.5 0 0
15067.5 0 0
15068.5 0 0
15069.5 0 0
15070.5 0 0
15071.5 0 0
15072.5 0 0
15073.5 0 0
15074.5 0 0
15075.5 0 0
15076.5 0 0
15077.5 0 0
15078.5 0 0
15079.5 1 1
15080.5 0 0
15081.5 0 0
15082.5 0 0
15083.5 0 0
15084.5 0 0
15085.5 0 0
15086.5 0 0
15087.5 0 0
15088.5 0 0
15089.5 0 0
15090.5 0 0
15091.5 0 0
15092.5 0 0
15093.5 0 0
15094.5 0 0
15095.5 0 0
15096.5 0 0
15097.5 0 0
15098.5 0 0
15099.5 0 0
15100.5 0 0
15101.5 0 0
15102.5 0 0
15103.5 0 0
15104.5 0 0
15105.5 0 0
15106.5 0 0
15107.5 0 0
15108.5 0 0
15109.5 0 0
15110.5 0 0
15111.5 1 1
15112.5 0 0
15113.5 0 0
15114.5 0 0
15115.5 0 0
15116.5 0 0
15117.5 0 0
15118.5 0 0
15119.5 0 0
15120.5 0 0
15121.5 0 0
15122.5 0 0
15123.5 0 0
15124.5 0 0
15125.5 0 0
15126.5 0 0
15127.5 0 0
15128.5 1 1
15129.5 0 0
15130.5 0 0
15131.5 0 0
15132.5 0 0
15133.5 1 1
15134.5 0 0
15135.5 0 0
15136.5 0 0
15137.5 0 0
15138.5 0 0
15139.5 0 0
15140.5 0 0
15141.5 0 0
15142.5 0 0
15143.5 0 0
15144.5 0 0
15145.5 0 0
15146.5 0 0
15147.5 0 0
15148.5 0 0
15149.5 0 0
15150.5 0 0
15151.5 0 0
15152.5 0 0
15153.5 0 0
15154.5 0 0
15155.5 0 0
15156.5 0 0
15157.5 0 0
15158.5 0 0
15159.5 0 0
15160.5 1 1
15161.5 0 0
15162.5 0 0
15163.5 0 0
15164.5 0 0
15165.5 0 0
15166.5 0 0
15167.5 1 1
15168.5 0 0
15169.5 0 0
15170.5 0 0
15171.5 0 0
15172.5 0 0
15173.5 0 0
15174.5 1 1
15175.5 0 0
15176.5 0 0
15177.5 1 1
15178.5 0 0
15179.5 0 0
15180.5 0 0
15181.5 0 0
15182.5 0 0
15183.5 0 0
15184.5 0 0
15185.5 0 0
15186.5 0 0
15187.5 1 1
15188.5 0 0
15189.5 0 0
15190.5 0 0
15191.5 0 0
15192.5 0 0
15193.5 2 1.41421
15194.5 0 0
15195.5 0 0
15196.5 1 1
15197.5 0 0
15198.5 0 0
15199.5 0 0
15200.5 1 1
15201.5 0 0
15202.5 1 1
15203.5 0 0
15204.5 0 0
15205.5 2 1.41421
15206.5 0 0
15207.5 0 0
15208.5 2 1.41421
15209.5 1 1
15210.5 1 1
15211.5 0 0
15212.5 1 1
15213.5 0 0
15214.5 0 0
15215.5 0 0
15216.5 0 0
15217.5 0 0
15218.5 0 0
15219.5 0 0
15220.5 0 0
15221.5 0 0
15222.5 1 1
15223.5 0 0
15224.5 0 0
15225.5 0 0
15226.5 0 0
15227.5 0 0
15228.5 0 0
15229.5 0 0
15230.5 0 0
15231.5 1 1
15232.5 0 0
15233.5 0 0
15234.5 1 1
15235.5 0 0
15236.5 0 0
15237.5 0 0
15238.5 0 0
15239.5 0 0
15240.5 0 0
15241.5 0 0
15242.5 0 0
15243.5 0 0
15244.5 0 0
15245.5 0 0
15246.5 0 0
15247.5 0 0
15248.5 0 0
15249.5 0 0
15250.5 0 0
15251.5 0 0
15252.5 0 0
15253.5 0 0
15254.5 0 0
15255.5 0 0
15256.5 0 0
15257.5 0 0
15258.5 0 0
15259.5 1 1
15260.5 0 0
15261.5 0 0
15262.5 0 0
15263.5 0 0
15264.5 0 0
15265.5 0 0
15266.5 0 0
15267.5 0 0
15268.5 0 0
15269.5 0 0
15270.5 0 0
15271.5 0 0
15272.5 0 0
15273.5 0 0
15274.5 0 0
15275.5 0 0
15276.5 1 1
15277.5 0 0
15278.5 0 0
15279.5 0 0
15280.5 0 0
15281.5 0 0
15282.5 0 0
15283.5 0 0
15284.5 0 0
15285.5 0 0
15286.5 0 0
15287.5 0 0
15288.5 1 1
15289.5 0 0
15290.5 0 0
15291.5 0 0
15292.5 0 0
15293.5 1 1
15294.5 0 0
15295.5 0 0
15296.5 0 0
15297.5 0 0
15298.5 0 0
15299.5 0 0
15300.5 0 0
15301.5 0 0
15302.5 0 0
15303.5 0 0
15304.5 0 0
15305.5 1 1
15306.5 0 0
15307.5 0 0
15308.5 0 0
15309.5 0 0
15310.5 0 0
15311.5 0 0
15312.5 1 1
15313.5 1 1
15314.5 1 1
15315.5 1 1
15316.5 1 1
15317.5 1 1
15318.5 1 1
15319.5 0 0
15320.5 0 0
15321.5 1 1
15322.5 0 0
15323.5 1 1
15324.5 0 0
15325.5 0 0
15326.5 0 0
15327.5 1 1
15328.5 0 0
15329.5 0 0
15330.5 0 0
15331.5 0 0
15332.5 0 0
15333.5 0 0
15334.5 0 0
15335.5 0 0
15336.5 0 0
15337.5 0 0
15338.5 0 0
15339.5 0 0
15340.5 0 0
15341.5 0 0
15342.5 0 0
15343.5 0 0
15344.5 0 0
15345.5 1 1
15346.5 0 0
15347.5 0 0
15348.5 0 0
15349.5 0 0
15350.5 0 0
15351.5 0 0
15352.5 0 0
15353.5 0 0
15354.5 0 0
15355.5 0 0
15356.5 0 0
15357.5 0 0
15358.5 0 0
15359.5 0 0
15360.5 0 0
15361.5 0 0
15362.5 0 0
15363.5 0 0
15364.5 0 0
15365.5 0 0
15366.5 0 0
15367.5 0 0
15368.5 1 1
15369.5 0 0
15370.5 0 0
15371.5 0 0
15372.5 0 0
15373.5 0 0
15374.5 1 1
15375.5 0 0
15376.5 0 0
15377.5 1 1
15378.5 0 0
15379.5 0 0
15380.5 0 0
15381.5 0 0
15382.5 0 0
15383.5 0 0
15384.5 0 0
15385.5 0 0
15386.5 0 0
15387.5 0 0
15388.5 0 0
15389.5 0 0
15390.5 0 0
15391.5 0 0
15392.5 0 0
15393.5 0 0
15394.5 0 0
15395.5 0 0
15396.5 0 0
15397.5 0 0
15398.5 0 0
15399.5 1 1
15400.5 0 0
15401.5 1 1
15402.5 0 0
15403.5 0 0
15404.5 0 0
15405.5 0 0
15406.5 0 0
15407.5 0 0
15408.5 0 0
15409.5 0 0
15410.5 0 0
15411.5 0 0
15412.5 0 0
15413.5 0 0
15414.5 0 0
15415.5 0 0
15416.5 0 0
15417.5 0 0
15418.5 0 0
15419.5 1 1
15420.5 0 0
15421.5 0 0
15422.5 0 0
15423.5 0 0
15424.5 1 1
15425.5 0 0
15426.5 0 0
15427.5 0 0
15428.5 0 0
15429.5 0 0
15430.5 0 0
15431.5 1 1
15432.5 0 0
15433.5 1 1
15434.5 1 1
15435.5 0 0
15436.5 0 0
15437.5 0 0
15438.5 0 0
15439.5 0 0
15440.5 0 0
15441.5 0 0
15442.5 0 0
15443.5 0 0
15444.5 0 0
15445.5 0 0
15446.5 0 0
15447.5 0 0
15448.5 0 0
15449.5 0 0
15450.5 1 1
15451.5 0 0
15452.5 0 0
15453.5 1 1
15454.5 0 0
15455.5 0 0
15456.5 0 0
15457.5 0 0
15458.5 0 0
15459.5 0 0
15460.5 0 0
15461.5 1 1
15462.5 0 0
15463.5 0 0
15464.5 0 0
15465.5 0 0
15466.5 0 0
15467.5 0 0
15468.5 0 0
15469.5 0 0
15470.5 0 0
15471.5 0 0
15472.5 0 0
15473.5 0 0
15474.5 0 0
15475.5 0 0
15476.5 0 0
15477.5 0 0
15478.5 1 1
15479.5 0 0
15480.5 0 0
15481.5 0 0
15482.5 0 0
15483.5 0 0
15484.5 0 0
15485.5 0 0
15486.5 0 0
15487.5 0 0
15488.5 0 0
15489.5 0 0
15490.5 0 0
15491.5 0 0
15492.5 0 0
15493.5 0 0
15494.5 0 0
15495.5 0 0
15496.5 1 1
15497.5 0 0
15498.5 0 0
15499.5 0 0
15500.5 0 0
15501.5 0 0
15502.5 1 1
15503.5 0 0
15504.5 0 0
15505.5 0 0
15506.5 0 0
15507.5 0 0
15508.5 0 0
15509.5 0 0
15510.5 0 0
15511.5 0 0
15512.5 0 0
15513.5 0 0
15514.5 0 0
15515.5 0 0
15516.5 0 0
15517.5 0 0
15518.5 0 0
15519.5 0 0
15520.5 0 0
15521.5 0 0
15522.5 0 0
15523.5 0 0
15524.5 0 0
15525.5 0 0
15526.5 0 0
15527.5 0 0
15528.5 0 0
15529.5 0 0
15530.5 0 0
15531.5 0 0
15532.5 0 0
15533.5 0 0
15534.5 0 0
15535.5 0 0
15536.5 0 0
15537.5 0 0
15538.5 0 0
15539.5 0 0
15540.5 0 0
15541.5 0 0
15542.5 0 0
15543.5 0 0
15544.5 0 0
15545.5 0 0
15546.5 0 0
15547.5 0 0
15548.5 0 0
15549.5 0 0
15550.5 0 0
15551.5 0 0
15552.5 0 0
15553.5 0 0
15554.5 0 0
15555.5 0 0
15556.5 0 0
15557.5 0 0
15558.5 1 1
15559.5 0 0
15560.5 0 0
15561.5 0 0
15562.5 0 0
15563.5 0 0
15564.5 0 0
15565.5 0 0
15566.5 0 0
15567.5 0 0
15568.5 0 0
15569.5 0 0
15570.5 0 0
15571.5 0 0
15572.5 0 0
15573.5 0 0
15574.5 0 0
15575.5 0 0
15576.5 0 0
15577.5 0 0
15578.5 0 0
15579.5 0 0
15580.5 0 0
15581.5 0 0
15582.5 0 0
15583.5 0 0
15584.5 0 0
15585.5 0 0
15586.5 0 0
15587.5 1 1
15588.5 0 0
15589.5 0 0
15590.5 0 0
15591.5 0 0
15592.5 0 0
15593.5 1 1
15594.5 0 0
15595.5 0 0
15596.5 0 0
15597.5 0 0
15598.5 0 0
15599.5 0 0
15600.5 2 1.41421
15601.5 0 0
15602.5 1 1
15603.5 0 0
15604.5 1 1
15605.5 0 0
15606.5 0 0
15607.5 0 0
15608.5 1 1
15609.5 0 0
15610.5 0 0
15611.5 0 0
15612.5 1 1
15613.5 0 0
15614.5 1 1
15615.5 0 0
15616.5 1 1
15617.5 0 0
15618.5 0 0
15619.5 0 0
15620.5 0 0
15621.5 0 0
15622.5 0 0
15623.5 0 0
15624.5 0 0
15625.5 0 0
15626.5 0 0
15627.5 0 0
15628.5 0 0
15629.5 0 0
15630.5 0 0
15631.5 0 0
15632.5 0 0
15633.5 1 1
15634.5 0 0
15635.5 1 1
15636.5 0 0
15637.5 0 0
15638.5 0 0
15639.5 0 0
15640.5 0 0
15641.5 0 0
15642.5 0 0
15643.5 0 0
15644.5 0 0
15645.5 0 0
15646.5 0 0
15647.5 0 0
15648.5 0 0
15649.5 0 0
15650.5 0 0
15651.5 0 0
15652.5 0 0
15653.5 0 0
15654.5 0 0
15655.5 0 0
15656.5 0 0
15657.5 0 0
15658.5 0 0
15659.5 0 0
15660.5 0 0
15661.5 0 0
15662.5 0 0
15663.5 0 0
15664.5 0 0
15665.5 0 0
15666.5 0 0
15667.5 0 0
15668.5 0 0
15669.5 0 0
15670.5 0 0
15671.5 0 0
15672.5 0 0
15673.5 0 0
15674.5 0 0
15675.5 0 0
15676.5 0 0
15677.5 1 1
15678.5 0 0
15679.5 0 0
15680.5 0 0
15681.5 0 0
15682.5 0 0
15683.5 0 0
15684.5 0 0
15685.5 0 0
15686.5 0 0
15687.5 0 0
15688.5 0 0
15689.5 0 0
15690.5 0 0
15691.5 0 0
15692.5 0 0
15693.5 0 0
15694.5 0 0
15695.5 0 0
15696.5 0 0
15697.5 0 0
15698.5 0 0
15699.5 0 0
15700.5 0 0
15701.5 0 0
15702.5 0 0
15703.5 0 0
15704.5 0 0
15705.5 0 0
15706.5 0 0
15707.5 0 0
15708.5 0 0
15709.5 0 0
15710.5 0 0
15711.5 0 0
15712.5 0 0
15713.5 0 0
15714.5 0 0
15715.5 0 0
15716.5 0 0
15717.5 0 0
15718.5 0 0
15719.5 1 1
15720.5 0 0
15721.5 0 0
15722.5 0 0
15723.5 0 0
15724.5 0 0
15725.5 0 0
15726.5 0 0
15727.5 0 0
15728.5 0 0
15729.5 0 0
15730.5 0 0
15731.5 0 0
15732.5 1 1
15733.5 0 0
15734.5 1 1
15735.5 0 0
15736.5 0 0
15737.5 0 0
15738.5 0 0
15739.5 0 0
15740.5 0 0
15741.5 0 0
15742.5 1 1
15743.5 0 0
15744.5 0 0
15745.5 0 0
15746.5 0 0
15747.5 0 0
15748.5 0 0
15749.5 0 0
15750.5 0 0
15751.5 0 0
15752.5 0 0
15753.5 0 0
15754.5 0 0
15755.5 0 0
15756.5 1 1
15757.5 0 0
15758.5 0 0
15759.5 0 0
15760.5 0 0
15761.5 0 0
15762.5 0 0
15763.5 0 0
15764.5 0 0
15765.5 0 0
15766.5 0 0
15767.5 0 0
15768.5 1 1
15769.5 0 0
15770.5 1 1
15771.5 0 0
15772.5 0 0
15773.5 1 1
15774.5 0 0
15775.5 0 0
15776.5 0 0
15777.5 0 0
15778.5 1 1
15779.5 0 0
15780.5 0 0
15781.5 0 0
15782.5 0 0
15783.5 1 1
15784.5 0 0
15785.5 0 0
15786.5 1 1
15787.5 0 0
15788.5 0 0
15789.5 0 0
15790.5 0 0
15791.5 0 0
15792.5 1 1
15793.5 0 0
15794.5 0 0
15795.5 0 0
15796.5 0 0
15797.5 0 0
15798.5 0 0
15799.5 0 0
15800.5 0 0
15801.5 0 0
15802.5 0 0
15803.5 0 0
15804.5 0 0
15805.5 0 0
15806.5 0 0
15807.5 0 0
15808.5 0 0
15809.5 0 0
15810.5 0 0
15811.5 0 0
15812.5 0 0
15813.5 0 0
15814.5 1 1
15815.5 0 0
15816.5 0 0
15817.5 2 1.41421
15818.5 0 0
15819.5 0 0
15820.5 0 0
15821.5 0 0
15822.5 0 0
15823.5 0 0
15824.5 0 0
15825.5 0 0
15826.5 0 0
15827.5 0 0
15828.5 0 0
15829.5 0 0
15830.5 0 0
15831.5 0 0
15832.5 0 0
15833.5 0 0
15834.5 1 1
15835.5 0 0
15836.5 0 0
15837.5 0 0
15838.5 0 0
15839.5 0 0
15840.5 1 1
15841.5 0 0
15842.5 0 0
15843.5 0 0
15844.5 1 1
15845.5 0 0
15846.5 1 1
15847.5 0 0
15848.5 0 0
15849.5 0 0
15850.5 0 0
15851.5 0 0
15852.5 0 0
15853.5 0 0
15854.5 0 0
15855.5 0 0
15856.5 0 0
15857.5 0 0
15858.5 0 0
15859.5 0 0
15860.5 0 0
15861.5 0 0
15862.5 0 0
15863.5 0 0
15864.5 0 0
15865.5 0 0
15866.5 0 0
15867.5 0 0
15868.5 0 0
15869.5 0 0
15870.5 0 0
15871.5 0 0
15872.5 0 0
15873.5 0 0
15874.5 0 0
15875.5 0 0
15876.5 0 0
15877.5 0 0
15878.5 0 0
15879.5 0 0
15880.5 0 0
15881.5 0 0
15882.5 0 0
15883.5 0 0
15884.5 0 0
15885.5 0 0
15886.5 0 0
15887.5 0 0
15888.5 0 0
15889.5 0 0
15890.5 0 0
15891.5 0 0
15892.5 0 0
15893.5 1 1
15894.5 0 0
15895.5 0 0
15896.5 0 0
15897.5 0 0
15898.5 0 0
15899.5 1 1
15900.5 0 0
15901.5 0 0
15902.5 0 0
15903.5 1 1
15904.5 1 1
15905.5 0 0
15906.5 0 0
15907.5 0 0
15908.5 1 1
15909.5 0 0
15910.5 0 0
15911.5 0 0
15912.5 0 0
15913.5 0 0
15914.5 0 0
15915.5 0 0
15916.5 0 0
15917.5 1 1
15918.5 0 0
15919.5 0 0
15920.5 0 0
15921.5 1 1
15922.5 0 0
15923.5 0 0
15924.5 0 0
15925.5 0 0
15926.5 0 0
15927.5 0 0
15928.5 0 0
15929.5 2 1.41421
15930.5 0 0
15931.5 0 0
15932.5 0 0
15933.5 0 0
15934.5 0 0
15935.5 0 0
15936.5 0 0
15937.5 0 0
15938.5 0 0
15939.5 0 0
15940.5 0 0
15941.5 0 0
15942.5 0 0
15943.5 0 0
15944.5 0 0
15945.5 0 0
15946.5 0 0
15947.5 0 0
15948.5 0 0
15949.5 0 0
15950.5 1 1
15951.5 0 0
15952.5 0 0
15953.5 0 0
15954.5 0 0
15955.5 0 0
15956.5 0 0
15957.5 0 0
15958.5 0 0
15959.5 0 0
15960.5 1 1
15961.5 0 0
15962.5 0 0
15963.5 0 0
15964.5 0 0
15965.5 0 0
15966.5 0 0
15967.5 0 0
15968.5 0 0
15969.5 0 0
15970.5 0 0
15971.5 0 0
15972.5 0 0
15973.5 0 0
15974.5 0 0
15975.5 0 0
15976.5 0 0
15977.5 0 0
15978.5 0 0
15979.5 0 0
15980.5 0 0
15981.5 0 0
15982.5 0 0
15983.5 0 0
15984.5 0 0
15985.5 0 0
15986.5 0 0
15987.5 0 0
15988.5 0 0
15989.5 0 0
15990.5 0 0
15991.5 0 0
15992.5 0 0
15993.5 0 0
15994.5 0 0
15995.5 0 0
15996.5 0 0
15997.5 0 0
15998.5 0 0
15999.5 0 0
16000.5 0 0
16001.5 0 0
16002.5 1 1
16003.5 0 0
16004.5 0 0
16005.5 0 0
16006.5 0 0
16007.5 0 0
16008.5 0 0
16009.5 0 0
16010.5 0 0
16011.5 0 0
16012.5 0 0
16013.5 0 0
16014.5 0 0
16015.5 0 0
16016.5 1 1
16017.5 0 0
16018.5 0 0
16019.5 0 0
16020.5 0 0
16021.5 0 0
16022.5 0 0
16023.5 0 0
16024.5 0 0
16025.5 0 0
16026.5 0 0
16027.5 1 1
16028.5 0 0
16029.5 0 0
16030.5 0 0
16031.5 0 0
16032.5 0 0
16033.5 0 0
16034.5 0 0
16035.5 0 0
16036.5 0 0
16037.5 0 0
16038.5 0 0
16039.5 0 0
16040.5 0 0
16041.5 0 0
16042.5 0 0
16043.5 0 0
16044.5 0 0
16045.5 0 0
16046.5 0 0
16047.5 0 0
16048.5 0 0
16049.5 0 0
16050.5 0 0
16051.5 0 0
16052.5 0 0
16053.5 0 0
16054.5 0 0
16055.5 0 0
16056.5 0 0
16057.5 0 0
16058.5 0 0
16059.5 0 0
16060.5 0 0
16061.5 0 0
16062.5 0 0
16063.5 0 0
16064.5 0 0
16065.5 0 0
16066.5 0 0
16067.5 0 0
16068.5 0 0
16069.5 0 0
16070.5 0 0
16071.5 0 0
16072.5 0 0
16073.5 0 0
16074.5 0 0
16075.5 0 0
16076.5 0 0
16077.5 0 0
16078.5 0 0
16079.5 0 0
16080.5 0 0
16081.5 0 0
16082.5 0 0
16083.5 0 0
16084.5 0 0
16085.5 0 0
16086.5 0 0
16087.5 0 0
16088.5 0 0
16089.5 0 0
16090.5 0 0
16091.5 1 1
16092.5 0 0
16093.5 0 0
16094.5 0 0
16095.5 0 0
16096.5 1 1
16097.5 0 0
16098.5 0 0
16099.5 0 0
16100.5 0 0
16101.5 0 0
16102.5 0 0
16103.5 0 0
16104.5 0 0
16105.5 0 0
16106.5 0 0
16107.5 0 0
16108.5 0 0
16109.5 0 0
16110.5 0 0
16111.5 0 0
16112.5 0 0
16113.5 0 0
16114.5 0 0
16115.5 0 0
16116.5 0 0
16117.5 0 0
16118.5 0 0
16119.5 0 0
16120.5 0 0
16121.5 0 0
16122.5 0 0
16123.5 1 1
16124.5 0 0
16125.5 0 0
16126.5 0 0
16127.5 0 0
16128.5 0 0
16129.5 0 0
16130.5 0 0
16131.5 0 0
16132.5 0 0
16133.5 1 1
16134.5 0 0
16135.5 0 0
16136.5 0 0
16137.5 0 0
16138.5 0 0
16139.5 0 0
16140.5 0 0
16141.5 0 0
16142.5 0 0
16143.5 0 0
16144.5 0 0
16145.5 0 0
16146.5 0 0
16147.5 0 0
16148.5 0 0
16149.5 0 0
16150.5 0 0
16151.5 0 0
16152.5 0 0
16153.5 0 0
16154.5 0 0
16155.5 0 0
16156.5 0 0
16157.5 0 0
16158.5 0 0
16159.5 0 0
16160.5 0 0
16161.5 0 0
16162.5 1 1
16163.5 0 0
16164.5 0 0
16165.5 0 0
16166.5 0 0
16167.5 0 0
16168.5 0 0
16169.5 1 1
16170.5 0 0
16171.5 0 0
16172.5 0 0
16173.5 0 0
16174.5 0 0
16175.5 0 0
16176.5 0 0
16177.5 0 0
16178.5 1 1
16179.5 0 0
16180.5 0 0
16181.5 0 0
16182.5 0 0
16183.5 0 0
16184.5 0 0
16185.5 0 0
16186.5 0 0
16187.5 0 0
16188.5 0 0
16189.5 0 0
16190.5 0 0
16191.5 0 0
16192.5 0 0
16193.5 0 0
16194.5 0 0
16195.5 0 0
16196.5 0 0
16197.5 0 0
16198.5 0 0
16199.5 0 0
16200.5 0 0
16201.5 0 0
16202.5 0 0
16203.5 0 0
16204.5 0 0
16205.5 0 0
16206.5 0 0
16207.5 0 0
16208.5 0 0
16209.5 0 0
16210.5 0 0
16211.5 0 0
16212.5 0 0
16213.5 0 0
16214.5 0 0
16215.5 0 0
16216.5 0 0
16217.5 0 0
16218.5 0 0
16219.5 1 1
16220.5 0 0
16221.5 0 0
16222.5 0 0
16223.5 0 0
16224.5 0 0
16225.5 0 0
16226.5 0 0
16227.5 0 0
16228.5 0 0
16229.5 0 0
16230.5 0 0
16231.5 0 0
16232.5 0 0
16233.5 0 0
16234.5 0 0
16235.5 0 0
16236.5 0 0
16237.5 0 0
16238.5 0 0
16239.5 0 0
16240.5 0 0
16241.5 0 0
16242.5 0 0
16243.5 0 0
16244.5 0 0
16245.5 0 0
16246.5 0 0
16247.5 0 0
16248.5 0 0
16249.5 0 0
16250.5 0 0
16251.5 0 0
16252.5 0 0
16253.5 0 0
16254.5 0 0
16255.5 0 0
16256.5 0 0
16257.5 1 1
16258.5 0 0
16259.5 0 0
16260.5 0 0
16261.5 0 0
16262.5 0 0
16263.5 0 0
16264.5 0 0
16265.5 0 0
16266.5 0 0
16267.5 0 0
16268.5 0 0
16269.5 0 0
16270.5 0 0
16271.5 0 0
16272.5 0 0
16273.5 0 0
16274.5 0 0
16275.5 0 0
16276.5 0 0
16277.5 0 0
16278.5 0 0
16279.5 0 0
16280.5 0 0
16281.5 0 0
16282.5 1 1
16283.5 0 0
16284.5 0 0
16285.5 0 0
16286.5 0 0
16287.5 0 0
16288.5 0 0
16289.5 0 0
16290.5 0 0
16291.5 0 0
16292.5 0 0
16293.5 0 0
16294.5 0 0
16295.5 1 1
16296.5 0 0
16297.5 0 0
16298.5 0 0
16299.5 0 0
16300.5 0 0
16301.5 0 0
16302.5 0 0
16303.5 0 0
16304.5 0 0
16305.5 0 0
16306.5 0 0
16307.5 0 0
16308.5 0 0
16309.5 0 0
16310.5 0 0
16311.5 0 0
16312.5 0 0
16313.5 0 0
16314.5 0 0
16315.5 0 0
16316.5 0 0
16317.5 0 0
16318.5 0 0
16319.5 0 0
16320.5 0 0
16321.5 0 0
16322.5 0 0
16323.5 0 0
16324.5 0 0
16325.5 0 0
16326.5 0 0
16327.5 0 0
16328.5 0 0
16329.5 0 0
16330.5 0 0
16331.5 0 0
16332.5 0 0
16333.5 0 0
16334.5 1 1
16335.5 0 0
16336.5 0 0
16337.5 0 0
16338.5 0 0
16339.5 0 0
16340.5 0 0
16341.5 0 0
16342.5 0 0
16343.5 0 0
16344.5 0 0
16345.5 0 0
16346.5 0 0
16347.5 0 0
16348.5 0 0
16349.5 0 0
16350.5 0 0
16351.5 0 0
16352.5 0 0
16353.5 1 1
16354.5 0 0
16355.5 1 1
16356.5 0 0
16357.5 0 0
16358.5 0 0
16359.5 0 0
16360.5 0 0
16361.5 0 0
16362.5 0 0
16363.5 0 0
16364.5 0 0
16365.5 0 0
16366.5 0 0
16367.5 0 0
16368.5 0 0
16369.5 0 0
16370.5 0 0
16371.5 0 0
16372.5 0 0
16373.5 0 0
16374.5 0 0
16375.5 0 0
16376.5 0 0
16377.5 0 0
16378.5 0 0
16379.5 0 0
16380.5 0 0
16381.5 0 0
16382.5 0 0
16383.5 0 0
