# param1,param2,param3
-1.3982597337116331,0.35391031345532786,-0.21261326033192948
-2.807639631381245,0.7381822390049413,-0.27830654335009786
-0.5125214009869775,-0.2891849631131059,-0.0842111361765569
