# param1,param2,param3
-1.3982597337116331,0.35391031345532786,-0.21261326033192948
-2.7890613589534947,0.622182935396931,-0.2557225907980746
-0.9460213202189272,-0.03150491109000724,-0.13837891570482252
